# This file uses centimeters as units for non-parametric coordinates.

mtllib Assets Consultorio.mtl
g default
v -6.788536 1.542717 -1.592984
v -6.795790 1.542717 -1.598254
v -6.804755 1.542717 -1.598254
v -6.812008 1.542717 -1.592984
v -6.814779 1.542717 -1.584457
v -6.812008 1.542717 -1.575930
v -6.804755 1.542717 -1.570660
v -6.795790 1.542717 -1.570660
v -6.788536 1.542717 -1.575930
v -6.785765 1.542717 -1.584457
v -6.788536 1.812297 -1.592984
v -6.795790 1.812297 -1.598254
v -6.804755 1.812297 -1.598254
v -6.812008 1.812297 -1.592984
v -6.814779 1.812297 -1.584457
v -6.812008 1.812297 -1.575930
v -6.804755 1.812297 -1.570660
v -6.795790 1.812297 -1.570660
v -6.788536 1.812297 -1.575930
v -6.785765 1.812297 -1.584457
v -6.788404 1.825244 -1.592984
v -6.795320 1.827435 -1.598254
v -6.803866 1.830144 -1.598254
v -6.810781 1.832336 -1.592984
v -6.813421 1.833172 -1.584457
v -6.810781 1.832336 -1.575930
v -6.803866 1.830144 -1.570660
v -6.795320 1.827435 -1.570660
v -6.788404 1.825244 -1.575930
v -6.785763 1.824407 -1.584457
v -6.786239 1.830193 -1.592984
v -6.789651 1.836594 -1.598254
v -6.793869 1.844505 -1.598254
v -6.797284 1.850905 -1.592984
v -6.798586 1.853350 -1.584457
v -6.797284 1.850905 -1.575930
v -6.793869 1.844505 -1.570660
v -6.789651 1.836594 -1.570660
v -6.786239 1.830193 -1.575930
v -6.784935 1.827748 -1.584457
v -6.767834 1.832622 -1.592984
v -6.770534 1.839355 -1.598254
v -6.773869 1.847676 -1.598254
v -6.776570 1.854409 -1.592984
v -6.777600 1.856980 -1.584457
v -6.776570 1.854409 -1.575930
v -6.773869 1.847676 -1.570660
v -6.770534 1.839355 -1.570660
v -6.767834 1.832622 -1.575930
v -6.766802 1.830050 -1.584457
v -6.498112 1.542717 -1.592984
v -6.490858 1.542717 -1.598254
v -6.490858 1.812297 -1.598254
v -6.498112 1.812297 -1.592984
v -6.481893 1.542717 -1.598254
v -6.481893 1.812297 -1.598254
v -6.474639 1.542717 -1.592984
v -6.474639 1.812297 -1.592984
v -6.471870 1.542717 -1.584457
v -6.471870 1.812297 -1.584457
v -6.474639 1.542717 -1.575930
v -6.474639 1.812297 -1.575930
v -6.481893 1.542717 -1.570660
v -6.481893 1.812297 -1.570660
v -6.490858 1.542717 -1.570660
v -6.490858 1.812297 -1.570660
v -6.498112 1.542717 -1.575930
v -6.498112 1.812297 -1.575930
v -6.500884 1.542717 -1.584457
v -6.500884 1.812297 -1.584457
v -6.491328 1.827435 -1.598254
v -6.498244 1.825244 -1.592984
v -6.482782 1.830144 -1.598254
v -6.475868 1.832336 -1.592984
v -6.473226 1.833172 -1.584457
v -6.475868 1.832336 -1.575930
v -6.482782 1.830144 -1.570660
v -6.491328 1.827435 -1.570660
v -6.498244 1.825244 -1.575930
v -6.500884 1.824407 -1.584457
v -6.496996 1.836594 -1.598254
v -6.500409 1.830193 -1.592984
v -6.492778 1.844505 -1.598254
v -6.489365 1.850905 -1.592984
v -6.488061 1.853350 -1.584457
v -6.489365 1.850905 -1.575930
v -6.492778 1.844505 -1.570660
v -6.496996 1.836594 -1.570660
v -6.500409 1.830193 -1.575930
v -6.501714 1.827748 -1.584457
v -6.516114 1.839355 -1.598254
v -6.518815 1.832622 -1.592984
v -6.512778 1.847676 -1.598254
v -6.510080 1.854409 -1.592984
v -6.509049 1.856980 -1.584457
v -6.510080 1.854409 -1.575930
v -6.512778 1.847676 -1.570660
v -6.516114 1.839355 -1.570660
v -6.518815 1.832622 -1.575930
v -6.519846 1.830050 -1.584457
vt 0.681055 0.338220
vt 0.681055 0.349806
vt 0.680631 0.349806
vt 0.680631 0.338220
vt 0.680265 0.349806
vt 0.680265 0.338220
vt 0.679929 0.349806
vt 0.679929 0.338220
vt 0.679606 0.349806
vt 0.679606 0.338220
vt 0.679282 0.349806
vt 0.679282 0.338220
vt 0.678947 0.349806
vt 0.678947 0.338220
vt 0.678580 0.349806
vt 0.678580 0.338220
vt 0.678157 0.349806
vt 0.678157 0.338220
vt 0.677707 0.349806
vt 0.681505 0.338220
vt 0.681055 0.350535
vt 0.680631 0.350535
vt 0.680265 0.350535
vt 0.679929 0.350535
vt 0.679606 0.350535
vt 0.679282 0.350535
vt 0.678947 0.350535
vt 0.678580 0.350535
vt 0.678157 0.350535
vt 0.677707 0.350535
vt 0.681055 0.351046
vt 0.680631 0.351046
vt 0.680265 0.351046
vt 0.679929 0.351046
vt 0.679606 0.351046
vt 0.679282 0.351046
vt 0.678947 0.351046
vt 0.678580 0.351046
vt 0.678157 0.351046
vt 0.677707 0.351046
vt 0.681055 0.351936
vt 0.680631 0.351936
vt 0.680265 0.351936
vt 0.679929 0.351936
vt 0.679606 0.351936
vt 0.679282 0.351936
vt 0.678947 0.351936
vt 0.678580 0.351936
vt 0.678157 0.351936
vt 0.677707 0.351936
vt 0.680631 0.362790
vt 0.681055 0.362790
vt 0.680265 0.362790
vt 0.679929 0.362790
vt 0.679606 0.362790
vt 0.679282 0.362790
vt 0.678947 0.362790
vt 0.678580 0.362790
vt 0.678157 0.362790
vt 0.681505 0.362790
vt 0.681055 0.376506
vt 0.680631 0.376506
vt 0.680631 0.364920
vt 0.681055 0.364920
vt 0.680265 0.376506
vt 0.680265 0.364920
vt 0.679929 0.376506
vt 0.679929 0.364920
vt 0.679606 0.376506
vt 0.679606 0.364920
vt 0.679282 0.376506
vt 0.679282 0.364920
vt 0.678947 0.376506
vt 0.678947 0.364920
vt 0.678580 0.376506
vt 0.678580 0.364920
vt 0.678157 0.376506
vt 0.678157 0.364920
vt 0.677707 0.376506
vt 0.681505 0.364920
vt 0.680631 0.364190
vt 0.681055 0.364190
vt 0.680265 0.364190
vt 0.679929 0.364190
vt 0.679606 0.364190
vt 0.679282 0.364190
vt 0.678947 0.364190
vt 0.678580 0.364190
vt 0.678157 0.364190
vt 0.681505 0.364190
vt 0.680631 0.363680
vt 0.681055 0.363680
vt 0.680265 0.363680
vt 0.679929 0.363680
vt 0.679606 0.363680
vt 0.679282 0.363680
vt 0.678947 0.363680
vt 0.678580 0.363680
vt 0.678157 0.363680
vt 0.681505 0.363680
vt 0.677707 0.362790
vt 0.681505 0.351936
vt 0.681505 0.351046
vt 0.681505 0.350535
vt 0.681505 0.349806
vt 0.677707 0.338220
vt 0.677707 0.363680
vt 0.677707 0.364190
vt 0.677707 0.364920
vt 0.681505 0.376506
vn -0.587733 0.000000 -0.809055
vn -0.587733 0.000000 -0.809055
vn -0.587733 0.000000 -0.809055
vn -0.587733 0.000000 -0.809055
vn 0.000000 0.000000 -1.000000
vn 0.000000 0.000000 -1.000000
vn 0.000000 0.000000 -1.000000
vn 0.000000 0.000000 -1.000000
vn 0.587733 0.000000 -0.809055
vn 0.587733 0.000000 -0.809055
vn 0.587733 0.000000 -0.809055
vn 0.587733 0.000000 -0.809055
vn 0.951106 0.000000 -0.308865
vn 0.951106 0.000000 -0.308865
vn 0.951106 0.000000 -0.308865
vn 0.951106 0.000000 -0.308865
vn 0.951100 0.000000 0.308884
vn 0.951100 0.000000 0.308884
vn 0.951100 0.000000 0.308884
vn 0.951100 0.000000 0.308884
vn 0.587726 0.000000 0.809060
vn 0.587726 0.000000 0.809060
vn 0.587726 0.000000 0.809060
vn 0.587726 0.000000 0.809060
vn 0.000000 0.000000 1.000000
vn 0.000000 0.000000 1.000000
vn 0.000000 0.000000 1.000000
vn 0.000000 0.000000 1.000000
vn -0.587726 0.000000 0.809060
vn -0.587726 0.000000 0.809060
vn -0.587726 0.000000 0.809060
vn -0.587726 0.000000 0.809060
vn -0.950997 0.000000 0.309200
vn -0.950997 0.000000 0.309200
vn -0.950997 0.000000 0.309200
vn -0.950997 0.000000 0.309200
vn -0.951003 0.000000 -0.309181
vn -0.951003 0.000000 -0.309181
vn -0.951003 0.000000 -0.309181
vn -0.951003 0.000000 -0.309181
vn -0.595492 -0.012799 -0.803259
vn -0.595492 -0.012799 -0.803259
vn -0.595492 -0.012799 -0.803259
vn -0.595492 -0.012799 -0.803259
vn 0.000000 0.000000 -1.000000
vn 0.000000 0.000000 -1.000000
vn 0.000000 0.000000 -1.000000
vn 0.000000 0.000000 -1.000000
vn 0.593231 0.033149 -0.804349
vn 0.593231 0.033149 -0.804349
vn 0.593231 0.033149 -0.804349
vn 0.593231 0.033149 -0.804349
vn 0.950603 0.060089 -0.304537
vn 0.950603 0.060089 -0.304537
vn 0.950603 0.060089 -0.304537
vn 0.950603 0.060089 -0.304537
vn 0.950601 0.060056 0.304550
vn 0.950601 0.060056 0.304550
vn 0.950601 0.060056 0.304550
vn 0.950601 0.060056 0.304550
vn 0.593219 0.033150 0.804358
vn 0.593219 0.033150 0.804358
vn 0.593219 0.033150 0.804358
vn 0.593219 0.033150 0.804358
vn 0.000000 0.000000 1.000000
vn 0.000000 0.000000 1.000000
vn 0.000000 0.000000 1.000000
vn 0.000000 0.000000 1.000000
vn -0.595483 -0.012799 0.803266
vn -0.595483 -0.012799 0.803266
vn -0.595483 -0.012799 0.803266
vn -0.595483 -0.012799 0.803266
vn -0.953064 -0.005012 0.302727
vn -0.953064 -0.005012 0.302727
vn -0.953064 -0.005012 0.302727
vn -0.953064 -0.005012 0.302727
vn -0.953067 -0.005012 -0.302718
vn -0.953067 -0.005012 -0.302718
vn -0.953067 -0.005012 -0.302718
vn -0.953067 -0.005012 -0.302718
vn -0.545483 -0.302865 -0.781487
vn -0.545483 -0.302865 -0.781487
vn -0.545483 -0.302865 -0.781487
vn -0.545483 -0.302865 -0.781487
vn 0.000018 0.000000 -1.000000
vn 0.000018 0.000000 -1.000000
vn 0.000018 0.000000 -1.000000
vn 0.000018 0.000000 -1.000000
vn 0.503346 0.359097 -0.785934
vn 0.503346 0.359097 -0.785934
vn 0.503346 0.359097 -0.785934
vn 0.503346 0.359097 -0.785934
vn 0.773122 0.565286 -0.287637
vn 0.773122 0.565286 -0.287637
vn 0.773122 0.565286 -0.287637
vn 0.773122 0.565286 -0.287637
vn 0.773107 0.565305 0.287639
vn 0.773107 0.565305 0.287639
vn 0.773107 0.565305 0.287639
vn 0.773107 0.565305 0.287639
vn 0.503339 0.359099 0.785938
vn 0.503339 0.359099 0.785938
vn 0.503339 0.359099 0.785938
vn 0.503339 0.359099 0.785938
vn 0.000011 0.000000 1.000000
vn 0.000011 0.000000 1.000000
vn 0.000011 0.000000 1.000000
vn 0.000011 0.000000 1.000000
vn -0.545487 -0.302864 0.781484
vn -0.545487 -0.302864 0.781484
vn -0.545487 -0.302864 0.781484
vn -0.545487 -0.302864 0.781484
vn -0.904971 -0.327000 0.272211
vn -0.904971 -0.327000 0.272211
vn -0.904971 -0.327000 0.272211
vn -0.904971 -0.327000 0.272211
vn -0.904981 -0.326984 -0.272197
vn -0.904981 -0.326984 -0.272197
vn -0.904981 -0.326984 -0.272197
vn -0.904981 -0.326984 -0.272197
vn -0.082969 -0.599957 -0.795719
vn -0.082969 -0.599957 -0.795719
vn -0.082969 -0.599957 -0.795719
vn -0.082969 -0.599957 -0.795719
vn 0.000000 0.000000 -1.000000
vn 0.000000 0.000000 -1.000000
vn 0.000000 0.000000 -1.000000
vn 0.000000 0.000000 -1.000000
vn 0.097520 0.594915 -0.797851
vn 0.097520 0.594915 -0.797851
vn 0.097520 0.594915 -0.797851
vn 0.097520 0.594915 -0.797851
vn 0.160907 0.940686 -0.298694
vn 0.160907 0.940686 -0.298694
vn 0.160907 0.940687 -0.298694
vn 0.160907 0.940686 -0.298694
vn 0.160909 0.940680 0.298714
vn 0.160909 0.940680 0.298714
vn 0.160909 0.940680 0.298714
vn 0.160909 0.940680 0.298714
vn 0.097524 0.594915 0.797850
vn 0.097524 0.594915 0.797850
vn 0.097524 0.594915 0.797850
vn 0.097524 0.594915 0.797850
vn 0.000000 0.000000 1.000000
vn 0.000000 0.000000 1.000000
vn 0.000000 0.000000 1.000000
vn 0.000000 0.000000 1.000000
vn -0.082970 -0.599944 0.795728
vn -0.082970 -0.599944 0.795728
vn -0.082970 -0.599944 0.795728
vn -0.082970 -0.599944 0.795728
vn -0.122657 -0.947442 0.295482
vn -0.122657 -0.947442 0.295482
vn -0.122657 -0.947442 0.295482
vn -0.122657 -0.947442 0.295482
vn -0.122657 -0.947449 -0.295459
vn -0.122657 -0.947449 -0.295459
vn -0.122657 -0.947449 -0.295459
vn -0.122657 -0.947449 -0.295459
vn 0.000000 -0.616368 -0.787458
vn 0.000000 -0.616368 -0.787458
vn 0.000000 -0.616368 -0.787458
vn 0.000000 -0.616368 -0.787458
vn 0.000000 0.000000 -1.000000
vn 0.000000 0.000000 -1.000000
vn 0.000000 0.000000 -1.000000
vn 0.000000 0.000000 -1.000000
vn 0.000000 0.854551 -0.519367
vn 0.000000 0.854539 -0.519388
vn 0.000000 0.616355 -0.787469
vn 0.000000 0.616355 -0.787469
vn 0.000000 1.000000 -0.000001
vn 0.000000 1.000000 -0.000001
vn 0.000000 0.854539 -0.519388
vn 0.000000 0.854551 -0.519367
vn 0.000000 0.854542 0.519382
vn 0.000000 0.854530 0.519403
vn 0.000000 1.000000 -0.000001
vn 0.000000 1.000000 -0.000001
vn 0.000000 0.616346 0.787475
vn 0.000000 0.616346 0.787475
vn 0.000000 0.854530 0.519403
vn 0.000000 0.854542 0.519382
vn 0.000000 0.000000 1.000000
vn 0.000000 0.000000 1.000000
vn 0.000000 0.000000 1.000000
vn 0.000000 0.000000 1.000000
vn 0.000000 -0.804590 0.593831
vn 0.000000 -0.804588 0.593834
vn 0.000000 -0.616360 0.787465
vn 0.000000 -0.616359 0.787465
vn 0.000000 -1.000000 0.000001
vn 0.000000 -1.000000 0.000001
vn 0.000000 -0.804588 0.593834
vn 0.000000 -0.804590 0.593831
vn 0.000000 -0.957403 -0.288754
vn 0.000000 -0.957403 -0.288754
vn 0.000000 -1.000000 0.000001
vn 0.000000 -1.000000 0.000001
vn 0.587733 0.000000 -0.809055
vn 0.587733 0.000000 -0.809055
vn 0.587733 0.000000 -0.809055
vn 0.587733 0.000000 -0.809055
vn 0.000000 0.000000 -1.000000
vn 0.000000 0.000000 -1.000000
vn 0.000000 0.000000 -1.000000
vn 0.000000 0.000000 -1.000000
vn -0.587805 0.000000 -0.809003
vn -0.587805 0.000000 -0.809003
vn -0.587805 0.000000 -0.809003
vn -0.587805 0.000000 -0.809003
vn -0.951062 0.000000 -0.309000
vn -0.951062 0.000000 -0.309000
vn -0.951062 0.000000 -0.309000
vn -0.951062 0.000000 -0.309000
vn -0.951056 0.000000 0.309020
vn -0.951056 0.000000 0.309020
vn -0.951056 0.000000 0.309020
vn -0.951056 0.000000 0.309020
vn -0.587798 0.000000 0.809008
vn -0.587798 0.000000 0.809008
vn -0.587798 0.000000 0.809008
vn -0.587798 0.000000 0.809008
vn 0.000000 0.000000 1.000000
vn 0.000000 0.000000 1.000000
vn 0.000000 0.000000 1.000000
vn 0.000000 0.000000 1.000000
vn 0.587726 0.000000 0.809060
vn 0.587726 0.000000 0.809060
vn 0.587726 0.000000 0.809060
vn 0.587726 0.000000 0.809060
vn 0.951041 0.000000 0.309065
vn 0.951041 0.000000 0.309065
vn 0.951041 0.000000 0.309065
vn 0.951041 0.000000 0.309065
vn 0.951047 0.000000 -0.309045
vn 0.951047 0.000000 -0.309045
vn 0.951047 0.000000 -0.309045
vn 0.951047 0.000000 -0.309045
vn 0.595516 -0.012747 -0.803243
vn 0.595516 -0.012747 -0.803243
vn 0.595516 -0.012747 -0.803243
vn 0.595516 -0.012747 -0.803243
vn 0.000000 0.000000 -1.000000
vn 0.000000 0.000000 -1.000000
vn 0.000000 0.000000 -1.000000
vn 0.000000 0.000000 -1.000000
vn -0.593256 0.033131 -0.804331
vn -0.593256 0.033131 -0.804331
vn -0.593256 0.033131 -0.804331
vn -0.593256 0.033131 -0.804331
vn -0.950599 0.060053 -0.304559
vn -0.950599 0.060053 -0.304559
vn -0.950599 0.060053 -0.304559
vn -0.950599 0.060053 -0.304559
vn -0.950593 0.060091 0.304567
vn -0.950593 0.060091 0.304567
vn -0.950593 0.060091 0.304567
vn -0.950593 0.060091 0.304567
vn -0.593244 0.033132 0.804340
vn -0.593244 0.033132 0.804340
vn -0.593244 0.033132 0.804340
vn -0.593244 0.033132 0.804340
vn 0.000000 0.000000 1.000000
vn 0.000000 0.000000 1.000000
vn 0.000000 0.000000 1.000000
vn 0.000000 0.000000 1.000000
vn 0.595505 -0.012773 0.803250
vn 0.595505 -0.012773 0.803250
vn 0.595506 -0.012773 0.803250
vn 0.595505 -0.012773 0.803250
vn 0.953072 -0.005012 0.302703
vn 0.953072 -0.005012 0.302703
vn 0.953072 -0.005012 0.302703
vn 0.953072 -0.005012 0.302703
vn 0.953074 -0.005012 -0.302696
vn 0.953074 -0.005012 -0.302696
vn 0.953074 -0.005012 -0.302696
vn 0.953074 -0.005012 -0.302696
vn 0.545483 -0.302954 -0.781452
vn 0.545483 -0.302954 -0.781452
vn 0.545483 -0.302954 -0.781452
vn 0.545483 -0.302954 -0.781452
vn -0.000014 0.000000 -1.000000
vn -0.000014 0.000000 -1.000000
vn -0.000014 0.000000 -1.000000
vn -0.000014 0.000000 -1.000000
vn -0.503301 0.359083 -0.785969
vn -0.503301 0.359083 -0.785969
vn -0.503301 0.359083 -0.785969
vn -0.503301 0.359083 -0.785969
vn -0.773150 0.565306 -0.287522
vn -0.773150 0.565306 -0.287522
vn -0.773150 0.565306 -0.287522
vn -0.773150 0.565306 -0.287522
vn -0.773144 0.565305 0.287537
vn -0.773145 0.565305 0.287537
vn -0.773144 0.565305 0.287537
vn -0.773145 0.565305 0.287537
vn -0.503297 0.359068 0.785978
vn -0.503297 0.359068 0.785978
vn -0.503297 0.359068 0.785978
vn -0.503297 0.359068 0.785978
vn -0.000014 0.000000 1.000000
vn -0.000014 0.000000 1.000000
vn -0.000014 0.000000 1.000000
vn -0.000014 0.000000 1.000000
vn 0.545485 -0.302914 0.781466
vn 0.545485 -0.302914 0.781466
vn 0.545485 -0.302914 0.781466
vn 0.545485 -0.302914 0.781466
vn 0.904961 -0.327001 0.272243
vn 0.904961 -0.327001 0.272243
vn 0.904961 -0.327001 0.272243
vn 0.904961 -0.327001 0.272243
vn 0.904970 -0.326985 -0.272233
vn 0.904970 -0.326985 -0.272233
vn 0.904970 -0.326985 -0.272233
vn 0.904970 -0.326985 -0.272233
vn 0.082975 -0.599940 -0.795731
vn 0.082975 -0.599940 -0.795731
vn 0.082975 -0.599940 -0.795731
vn 0.082975 -0.599940 -0.795731
vn 0.000000 0.000000 -1.000000
vn 0.000000 0.000000 -1.000000
vn 0.000000 0.000000 -1.000000
vn 0.000000 0.000000 -1.000000
vn -0.097521 0.594877 -0.797879
vn -0.097521 0.594877 -0.797879
vn -0.097521 0.594877 -0.797879
vn -0.097521 0.594877 -0.797879
vn -0.160915 0.940690 -0.298679
vn -0.160915 0.940690 -0.298679
vn -0.160915 0.940690 -0.298679
vn -0.160915 0.940690 -0.298679
vn -0.160922 0.940682 0.298698
vn -0.160922 0.940682 0.298699
vn -0.160922 0.940682 0.298698
vn -0.160922 0.940682 0.298698
vn -0.097522 0.594866 0.797887
vn -0.097522 0.594866 0.797887
vn -0.097522 0.594866 0.797887
vn -0.097522 0.594866 0.797887
vn 0.000000 0.000000 1.000000
vn 0.000000 0.000000 1.000000
vn 0.000000 0.000000 1.000000
vn 0.000000 0.000000 1.000000
vn 0.082972 -0.599940 0.795731
vn 0.082972 -0.599940 0.795731
vn 0.082972 -0.599940 0.795731
vn 0.082972 -0.599940 0.795731
vn 0.122657 -0.947441 0.295484
vn 0.122657 -0.947441 0.295484
vn 0.122657 -0.947441 0.295484
vn 0.122657 -0.947441 0.295484
vn 0.122662 -0.947444 -0.295473
vn 0.122662 -0.947444 -0.295473
vn 0.122662 -0.947444 -0.295473
vn 0.122662 -0.947444 -0.295473
s off
g pCylinder30 Adorno_canicas Adicionales group16
usemtl pCylinder30SG
f 51/1/1 54/2/2 53/3/3 52/4/4
f 52/4/5 53/3/6 56/5/7 55/6/8
f 55/6/9 56/5/10 58/7/11 57/8/12
f 57/8/13 58/7/14 60/9/15 59/10/16
f 59/10/17 60/9/18 62/11/19 61/12/20
f 61/12/21 62/11/22 64/13/23 63/14/24
f 63/14/25 64/13/26 66/15/27 65/16/28
f 65/16/29 66/15/30 68/17/31 67/18/32
f 67/18/33 68/17/34 70/19/35 69/106/36
f 69/20/37 70/105/38 54/2/39 51/1/40
f 54/2/41 72/21/42 71/22/43 53/3/44
f 53/3/45 71/22/46 73/23/47 56/5/48
f 56/5/49 73/23/50 74/24/51 58/7/52
f 58/7/53 74/24/54 75/25/55 60/9/56
f 60/9/57 75/25/58 76/26/59 62/11/60
f 62/11/61 76/26/62 77/27/63 64/13/64
f 64/13/65 77/27/66 78/28/67 66/15/68
f 66/15/69 78/28/70 79/29/71 68/17/72
f 68/17/73 79/29/74 80/30/75 70/19/76
f 70/105/77 80/104/78 72/21/79 54/2/80
f 72/21/81 82/31/82 81/32/83 71/22/84
f 71/22/85 81/32/86 83/33/87 73/23/88
f 73/23/89 83/33/90 84/34/91 74/24/92
f 74/24/93 84/34/94 85/35/95 75/25/96
f 75/25/97 85/35/98 86/36/99 76/26/100
f 76/26/101 86/36/102 87/37/103 77/27/104
f 77/27/105 87/37/106 88/38/107 78/28/108
f 78/28/109 88/38/110 89/39/111 79/29/112
f 79/29/113 89/39/114 90/40/115 80/30/116
f 80/104/117 90/103/118 82/31/119 72/21/120
f 82/31/121 92/41/122 91/42/123 81/32/124
f 81/32/125 91/42/126 93/43/127 83/33/128
f 83/33/129 93/43/130 94/44/131 84/34/132
f 84/34/133 94/44/134 95/45/135 85/35/136
f 85/35/137 95/45/138 96/46/139 86/36/140
f 86/36/141 96/46/142 97/47/143 87/37/144
f 87/37/145 97/47/146 98/48/147 88/38/148
f 88/38/149 98/48/150 99/49/151 89/39/152
f 89/39/153 99/49/154 100/50/155 90/40/156
f 90/103/157 100/102/158 92/41/159 82/31/160
f 42/51/161 91/42/162 92/41/163 41/52/164
f 43/53/165 93/43/166 91/42/167 42/51/168
f 44/54/169 94/44/170 93/43/171 43/53/172
f 45/55/173 95/45/174 94/44/175 44/54/176
f 46/56/177 96/46/178 95/45/179 45/55/180
f 47/57/181 97/47/182 96/46/183 46/56/184
f 48/58/185 98/48/186 97/47/187 47/57/188
f 49/59/189 99/49/190 98/48/191 48/58/192
f 50/101/193 100/50/194 99/49/195 49/59/196
f 41/52/197 92/41/198 100/102/199 50/60/200
f 1/61/201 2/62/202 12/63/203 11/64/204
f 2/62/205 3/65/206 13/66/207 12/63/208
f 3/65/209 4/67/210 14/68/211 13/66/212
f 4/67/213 5/69/214 15/70/215 14/68/216
f 5/69/217 6/71/218 16/72/219 15/70/220
f 6/71/221 7/73/222 17/74/223 16/72/224
f 7/73/225 8/75/226 18/76/227 17/74/228
f 8/75/229 9/77/230 19/78/231 18/76/232
f 9/77/233 10/79/234 20/109/235 19/78/236
f 10/110/237 1/61/238 11/64/239 20/80/240
f 11/64/241 12/63/242 22/81/243 21/82/244
f 12/63/245 13/66/246 23/83/247 22/81/248
f 13/66/249 14/68/250 24/84/251 23/83/252
f 14/68/253 15/70/254 25/85/255 24/84/256
f 15/70/257 16/72/258 26/86/259 25/85/260
f 16/72/261 17/74/262 27/87/263 26/86/264
f 17/74/265 18/76/266 28/88/267 27/87/268
f 18/76/269 19/78/270 29/89/271 28/88/272
f 19/78/273 20/109/274 30/108/275 29/89/276
f 20/80/277 11/64/278 21/82/279 30/90/280
f 21/82/281 22/81/282 32/91/283 31/92/284
f 22/81/285 23/83/286 33/93/287 32/91/288
f 23/83/289 24/84/290 34/94/291 33/93/292
f 24/84/293 25/85/294 35/95/295 34/94/296
f 25/85/297 26/86/298 36/96/299 35/95/300
f 26/86/301 27/87/302 37/97/303 36/96/304
f 27/87/305 28/88/306 38/98/307 37/97/308
f 28/88/309 29/89/310 39/99/311 38/98/312
f 29/89/313 30/108/314 40/107/315 39/99/316
f 30/90/317 21/82/318 31/92/319 40/100/320
f 31/92/321 32/91/322 42/51/323 41/52/324
f 32/91/325 33/93/326 43/53/327 42/51/328
f 33/93/329 34/94/330 44/54/331 43/53/332
f 34/94/333 35/95/334 45/55/335 44/54/336
f 35/95/337 36/96/338 46/56/339 45/55/340
f 36/96/341 37/97/342 47/57/343 46/56/344
f 37/97/345 38/98/346 48/58/347 47/57/348
f 38/98/349 39/99/350 49/59/351 48/58/352
f 39/99/353 40/107/354 50/101/355 49/59/356
f 40/100/357 31/92/358 41/52/359 50/60/360
g default
v -6.688394 1.647849 -1.503648
v -6.692460 1.647849 -1.506601
v -6.697484 1.647849 -1.506601
v -6.701550 1.647849 -1.503648
v -6.703103 1.647849 -1.498869
v -6.701550 1.647849 -1.494090
v -6.697485 1.647849 -1.491136
v -6.692460 1.647849 -1.491136
v -6.688394 1.647849 -1.494090
v -6.686842 1.647849 -1.498869
v -6.683120 1.653049 -1.507480
v -6.690445 1.653049 -1.512802
v -6.699499 1.653049 -1.512802
v -6.706825 1.653049 -1.507480
v -6.709622 1.653049 -1.498869
v -6.706825 1.653049 -1.490257
v -6.699499 1.653049 -1.484935
v -6.690445 1.653049 -1.484935
v -6.683120 1.653049 -1.490257
v -6.680322 1.653049 -1.498869
v -6.680192 1.660562 -1.509607
v -6.689327 1.660562 -1.516244
v -6.700618 1.660562 -1.516244
v -6.709752 1.660562 -1.509607
v -6.713241 1.660562 -1.498869
v -6.709752 1.660562 -1.488130
v -6.700618 1.660562 -1.481494
v -6.689327 1.660562 -1.481494
v -6.680193 1.660562 -1.488130
v -6.676703 1.660562 -1.498869
v -6.680192 1.668902 -1.509607
v -6.689327 1.668902 -1.516244
v -6.700618 1.668902 -1.516244
v -6.709752 1.668902 -1.509607
v -6.713241 1.668902 -1.498869
v -6.709752 1.668902 -1.488130
v -6.700618 1.668902 -1.481494
v -6.689327 1.668902 -1.481494
v -6.680193 1.668902 -1.488130
v -6.676703 1.668902 -1.498869
v -6.683120 1.676416 -1.507480
v -6.690445 1.676416 -1.512802
v -6.699499 1.676416 -1.512802
v -6.706825 1.676416 -1.507480
v -6.709622 1.676416 -1.498869
v -6.706825 1.676416 -1.490257
v -6.699499 1.676416 -1.484935
v -6.690445 1.676416 -1.484935
v -6.683120 1.676416 -1.490257
v -6.680322 1.676416 -1.498869
v -6.688394 1.681615 -1.503648
v -6.692460 1.681615 -1.506601
v -6.697484 1.681615 -1.506601
v -6.701550 1.681615 -1.503648
v -6.703103 1.681615 -1.498869
v -6.701550 1.681615 -1.494090
v -6.697485 1.681615 -1.491136
v -6.692460 1.681615 -1.491136
v -6.688394 1.681615 -1.494090
v -6.686842 1.681615 -1.498869
v -6.694972 1.645993 -1.498869
v -6.694972 1.683471 -1.498869
vt 0.000335 0.012663
vt 0.000128 0.012731
vt 0.786064 0.008553
vt 0.785700 0.008553
vt 0.000000 0.012907
vt 0.782778 0.008553
vt 0.000000 0.013125
vt 0.783095 0.008553
vt 0.000128 0.013301
vt 0.783467 0.008553
vt 0.000335 0.013369
vt 0.783840 0.008553
vt 0.000543 0.013301
vt 0.784215 0.008553
vt 0.000671 0.013125
vt 0.784589 0.008553
vt 0.000671 0.012907
vt 0.784963 0.008553
vt 0.000543 0.012731
vt 0.785333 0.008553
vt 0.786064 0.008912
vt 0.785700 0.008912
vt 0.782778 0.008912
vt 0.783095 0.008912
vt 0.783467 0.008912
vt 0.783840 0.008912
vt 0.784215 0.008912
vt 0.784589 0.008912
vt 0.784963 0.008912
vt 0.785333 0.008912
vt 0.786064 0.009268
vt 0.785700 0.009268
vt 0.782778 0.009268
vt 0.783095 0.009268
vt 0.783467 0.009268
vt 0.783840 0.009268
vt 0.784215 0.009268
vt 0.784589 0.009268
vt 0.784963 0.009268
vt 0.785333 0.009268
vt 0.786064 0.009652
vt 0.785700 0.009652
vt 0.782778 0.009652
vt 0.783095 0.009652
vt 0.783467 0.009652
vt 0.783840 0.009652
vt 0.784215 0.009652
vt 0.784589 0.009652
vt 0.784963 0.009652
vt 0.785333 0.009652
vt 0.258095 0.013217
vt 0.257966 0.013041
vt 0.258095 0.013435
vt 0.257966 0.013611
vt 0.257759 0.013678
vt 0.257552 0.013611
vt 0.257424 0.013435
vt 0.257424 0.013217
vt 0.257552 0.013041
vt 0.257759 0.012973
vt 0.000335 0.013016
vt 0.257759 0.013326
vt 0.785333 0.010079
vt 0.785700 0.010079
vt 0.784963 0.010079
vt 0.784589 0.010079
vt 0.784215 0.010079
vt 0.783840 0.010079
vt 0.783467 0.010079
vt 0.783095 0.010079
vt 0.782778 0.010079
vt 0.786064 0.010079
vt 0.785333 0.008165
vt 0.785700 0.008165
vt 0.784963 0.008165
vt 0.784589 0.008165
vt 0.784215 0.008165
vt 0.783840 0.008165
vt 0.783467 0.008165
vt 0.783095 0.008165
vt 0.786375 0.008165
vt 0.786064 0.008165
vt 0.786375 0.009652
vt 0.786375 0.010079
vt 0.786375 0.009268
vt 0.786375 0.008912
vt 0.786375 0.008553
vt 0.782778 0.008165
vn 0.377685 -0.766235 -0.519844
vn 0.377685 -0.766235 -0.519844
vn 0.377685 -0.766235 -0.519844
vn 0.377685 -0.766235 -0.519844
vn 0.000000 -0.766280 -0.642507
vn 0.000000 -0.766280 -0.642507
vn 0.000000 -0.766280 -0.642507
vn 0.000000 -0.766280 -0.642507
vn -0.377656 -0.766233 -0.519869
vn -0.377655 -0.766233 -0.519869
vn -0.377655 -0.766233 -0.519869
vn -0.377655 -0.766232 -0.519869
vn -0.611127 -0.766227 -0.198544
vn -0.611127 -0.766227 -0.198544
vn -0.611127 -0.766227 -0.198544
vn -0.611127 -0.766227 -0.198544
vn -0.611080 -0.766272 0.198519
vn -0.611080 -0.766272 0.198519
vn -0.611080 -0.766272 0.198519
vn -0.611080 -0.766272 0.198519
vn -0.377663 -0.766247 0.519842
vn -0.377663 -0.766247 0.519842
vn -0.377663 -0.766247 0.519842
vn -0.377663 -0.766247 0.519842
vn 0.000000 -0.766249 0.642543
vn 0.000000 -0.766249 0.642543
vn 0.000000 -0.766249 0.642543
vn 0.000000 -0.766249 0.642543
vn 0.377687 -0.766238 0.519837
vn 0.377687 -0.766238 0.519837
vn 0.377687 -0.766239 0.519838
vn 0.377687 -0.766239 0.519837
vn 0.611079 -0.766260 0.198567
vn 0.611079 -0.766260 0.198567
vn 0.611079 -0.766260 0.198567
vn 0.611079 -0.766260 0.198567
vn 0.611072 -0.766263 -0.198574
vn 0.611072 -0.766263 -0.198574
vn 0.611072 -0.766263 -0.198574
vn 0.611072 -0.766263 -0.198574
vn 0.534386 -0.416460 -0.735522
vn 0.534386 -0.416460 -0.735522
vn 0.534386 -0.416460 -0.735522
vn 0.534386 -0.416460 -0.735522
vn -0.000010 -0.416421 -0.909172
vn -0.000010 -0.416421 -0.909172
vn -0.000010 -0.416421 -0.909172
vn -0.000010 -0.416421 -0.909172
vn -0.534407 -0.416407 -0.735537
vn -0.534407 -0.416406 -0.735537
vn -0.534407 -0.416407 -0.735537
vn -0.534407 -0.416407 -0.735537
vn -0.864685 -0.416414 -0.280925
vn -0.864685 -0.416414 -0.280925
vn -0.864685 -0.416414 -0.280925
vn -0.864685 -0.416414 -0.280925
vn -0.864718 -0.416337 0.280938
vn -0.864718 -0.416337 0.280938
vn -0.864718 -0.416337 0.280938
vn -0.864718 -0.416337 0.280938
vn -0.534396 -0.416436 0.735528
vn -0.534396 -0.416436 0.735528
vn -0.534396 -0.416436 0.735528
vn -0.534396 -0.416436 0.735528
vn 0.000000 -0.416421 0.909172
vn 0.000000 -0.416421 0.909172
vn 0.000000 -0.416421 0.909172
vn 0.000000 -0.416421 0.909172
vn 0.534398 -0.416439 0.735525
vn 0.534398 -0.416439 0.735525
vn 0.534398 -0.416439 0.735525
vn 0.534398 -0.416439 0.735525
vn 0.864676 -0.416395 0.280983
vn 0.864676 -0.416395 0.280983
vn 0.864676 -0.416395 0.280983
vn 0.864676 -0.416395 0.280983
vn 0.864683 -0.416394 -0.280963
vn 0.864683 -0.416394 -0.280963
vn 0.864683 -0.416394 -0.280963
vn 0.864683 -0.416394 -0.280963
vn 0.587782 0.000000 -0.809019
vn 0.587782 0.000000 -0.809019
vn 0.587782 0.000000 -0.809019
vn 0.587782 0.000000 -0.809019
vn 0.000000 0.000000 -1.000000
vn 0.000000 0.000000 -1.000000
vn 0.000000 0.000000 -1.000000
vn 0.000000 0.000000 -1.000000
vn -0.587815 0.000000 -0.808995
vn -0.587815 0.000000 -0.808995
vn -0.587815 0.000000 -0.808995
vn -0.587815 0.000000 -0.808995
vn -0.951051 0.000000 -0.309035
vn -0.951051 0.000000 -0.309035
vn -0.951051 0.000000 -0.309035
vn -0.951051 0.000000 -0.309035
vn -0.951052 0.000000 0.309030
vn -0.951052 0.000000 0.309030
vn -0.951052 0.000000 0.309030
vn -0.951052 0.000000 0.309030
vn -0.587804 0.000000 0.809003
vn -0.587804 0.000000 0.809003
vn -0.587804 0.000000 0.809003
vn -0.587804 0.000000 0.809003
vn 0.000000 0.000000 1.000000
vn 0.000000 0.000000 1.000000
vn 0.000000 0.000000 1.000000
vn 0.000000 0.000000 1.000000
vn 0.587793 0.000000 0.809011
vn 0.587793 0.000000 0.809011
vn 0.587793 0.000000 0.809011
vn 0.587793 0.000000 0.809011
vn 0.951040 0.000000 0.309067
vn 0.951040 0.000000 0.309067
vn 0.951040 0.000000 0.309067
vn 0.951040 0.000000 0.309067
vn 0.951051 0.000000 -0.309035
vn 0.951051 0.000000 -0.309035
vn 0.951051 0.000000 -0.309035
vn 0.951051 0.000000 -0.309035
vn 0.534390 0.416436 -0.735533
vn 0.534390 0.416436 -0.735533
vn 0.534390 0.416436 -0.735533
vn 0.534390 0.416436 -0.735533
vn -0.000010 0.416419 -0.909173
vn -0.000010 0.416419 -0.909173
vn -0.000010 0.416419 -0.909173
vn -0.000010 0.416419 -0.909173
vn -0.534406 0.416417 -0.735532
vn -0.534406 0.416417 -0.735532
vn -0.534406 0.416417 -0.735532
vn -0.534406 0.416417 -0.735532
vn -0.864687 0.416410 -0.280927
vn -0.864687 0.416410 -0.280927
vn -0.864687 0.416410 -0.280927
vn -0.864687 0.416410 -0.280927
vn -0.864720 0.416329 0.280943
vn -0.864720 0.416329 0.280943
vn -0.864720 0.416329 0.280943
vn -0.864720 0.416329 0.280943
vn -0.534399 0.416431 0.735529
vn -0.534399 0.416431 0.735529
vn -0.534399 0.416431 0.735529
vn -0.534399 0.416431 0.735529
vn 0.000000 0.416417 0.909174
vn 0.000000 0.416417 0.909174
vn 0.000000 0.416417 0.909174
vn 0.000000 0.416417 0.909174
vn 0.534404 0.416397 0.735544
vn 0.534405 0.416397 0.735544
vn 0.534405 0.416397 0.735544
vn 0.534405 0.416397 0.735544
vn 0.864678 0.416387 0.280987
vn 0.864678 0.416387 0.280987
vn 0.864678 0.416387 0.280987
vn 0.864678 0.416387 0.280987
vn 0.864684 0.416389 -0.280965
vn 0.864684 0.416389 -0.280965
vn 0.864684 0.416389 -0.280965
vn 0.864684 0.416389 -0.280965
vn 0.377680 0.766253 -0.519822
vn 0.377680 0.766253 -0.519822
vn 0.377680 0.766253 -0.519822
vn 0.377680 0.766253 -0.519822
vn 0.000000 0.766296 -0.642488
vn 0.000000 0.766296 -0.642488
vn 0.000000 0.766296 -0.642488
vn 0.000000 0.766296 -0.642488
vn -0.377647 0.766273 -0.519815
vn -0.377647 0.766273 -0.519815
vn -0.377647 0.766273 -0.519815
vn -0.377647 0.766273 -0.519815
vn -0.611100 0.766247 -0.198549
vn -0.611100 0.766247 -0.198549
vn -0.611100 0.766247 -0.198549
vn -0.611100 0.766247 -0.198549
vn -0.611069 0.766276 0.198535
vn -0.611069 0.766276 0.198535
vn -0.611069 0.766276 0.198535
vn -0.611069 0.766276 0.198535
vn -0.377659 0.766269 0.519813
vn -0.377659 0.766269 0.519813
vn -0.377659 0.766269 0.519813
vn -0.377659 0.766269 0.519813
vn 0.000000 0.766265 0.642525
vn 0.000000 0.766265 0.642525
vn 0.000000 0.766265 0.642525
vn 0.000000 0.766265 0.642525
vn 0.377681 0.766255 0.519817
vn 0.377681 0.766256 0.519817
vn 0.377681 0.766255 0.519817
vn 0.377681 0.766256 0.519817
vn 0.611071 0.766269 0.198554
vn 0.611071 0.766269 0.198554
vn 0.611071 0.766269 0.198554
vn 0.611071 0.766269 0.198554
vn 0.611074 0.766261 -0.198574
vn 0.611074 0.766261 -0.198574
vn 0.611074 0.766261 -0.198574
vn 0.611074 0.766261 -0.198574
vn 0.137159 -0.972392 -0.188790
vn 0.137159 -0.972392 -0.188790
vn 0.137159 -0.972392 -0.188790
vn 0.000000 -0.972388 -0.233370
vn 0.000000 -0.972388 -0.233370
vn 0.000000 -0.972388 -0.233370
vn -0.137181 -0.972383 -0.188820
vn -0.137181 -0.972383 -0.188820
vn -0.137181 -0.972383 -0.188820
vn -0.221921 -0.972394 -0.072124
vn -0.221921 -0.972394 -0.072125
vn -0.221921 -0.972394 -0.072125
vn -0.221940 -0.972389 0.072124
vn -0.221940 -0.972389 0.072124
vn -0.221940 -0.972389 0.072124
vn -0.137172 -0.972392 0.188781
vn -0.137172 -0.972392 0.188781
vn -0.137172 -0.972392 0.188781
vn 0.000000 -0.972383 0.233389
vn 0.000000 -0.972383 0.233389
vn 0.000000 -0.972383 0.233389
vn 0.137181 -0.972383 0.188820
vn 0.137181 -0.972383 0.188820
vn 0.137181 -0.972383 0.188820
vn 0.221931 -0.972394 0.072084
vn 0.221931 -0.972394 0.072084
vn 0.221931 -0.972394 0.072084
vn 0.221921 -0.972396 -0.072084
vn 0.221921 -0.972396 -0.072084
vn 0.221921 -0.972396 -0.072084
vn 0.137181 0.972383 -0.188820
vn 0.137181 0.972383 -0.188820
vn 0.137181 0.972383 -0.188820
vn 0.000000 0.972388 -0.233370
vn 0.000000 0.972388 -0.233370
vn 0.000000 0.972388 -0.233370
vn -0.137181 0.972387 -0.188800
vn -0.137181 0.972387 -0.188800
vn -0.137181 0.972387 -0.188800
vn -0.221920 0.972391 -0.072165
vn -0.221920 0.972391 -0.072165
vn -0.221920 0.972391 -0.072165
vn -0.221940 0.972386 0.072165
vn -0.221940 0.972386 0.072165
vn -0.221940 0.972386 0.072165
vn -0.137172 0.972392 0.188781
vn -0.137172 0.972392 0.188781
vn -0.137172 0.972392 0.188781
vn 0.000000 0.972379 0.233408
vn 0.000000 0.972379 0.233408
vn 0.000000 0.972379 0.233408
vn 0.137159 0.972396 0.188770
vn 0.137159 0.972396 0.188770
vn 0.137159 0.972396 0.188770
vn 0.221930 0.972389 0.072165
vn 0.221930 0.972389 0.072165
vn 0.221930 0.972389 0.072165
vn 0.221921 0.972394 -0.072125
vn 0.221921 0.972394 -0.072124
vn 0.221921 0.972394 -0.072124
s off
g Adorno_canicas Adicionales group16 pSphere2
usemtl pCylinder30SG
f 101/184/361 102/192/362 112/113/363 111/114/364
f 102/192/365 103/191/366 113/197/367 112/113/368
f 103/198/369 104/190/370 114/118/371 113/116/372
f 104/190/373 105/189/374 115/120/375 114/118/376
f 105/189/377 106/188/378 116/122/379 115/120/380
f 106/188/381 107/187/382 117/124/383 116/122/384
f 107/187/385 108/186/386 118/126/387 117/124/388
f 108/186/389 109/185/390 119/128/391 118/126/392
f 109/185/393 110/183/394 120/130/395 119/128/396
f 110/183/397 101/184/398 111/114/399 120/130/400
f 111/114/401 112/113/402 122/131/403 121/132/404
f 112/113/405 113/197/406 123/196/407 122/131/408
f 113/116/409 114/118/410 124/134/411 123/133/412
f 114/118/413 115/120/414 125/135/415 124/134/416
f 115/120/417 116/122/418 126/136/419 125/135/420
f 116/122/421 117/124/422 127/137/423 126/136/424
f 117/124/425 118/126/426 128/138/427 127/137/428
f 118/126/429 119/128/430 129/139/431 128/138/432
f 119/128/433 120/130/434 130/140/435 129/139/436
f 120/130/437 111/114/438 121/132/439 130/140/440
f 121/132/441 122/131/442 132/141/443 131/142/444
f 122/131/445 123/196/446 133/195/447 132/141/448
f 123/133/449 124/134/450 134/144/451 133/143/452
f 124/134/453 125/135/454 135/145/455 134/144/456
f 125/135/457 126/136/458 136/146/459 135/145/460
f 126/136/461 127/137/462 137/147/463 136/146/464
f 127/137/465 128/138/466 138/148/467 137/147/468
f 128/138/469 129/139/470 139/149/471 138/148/472
f 129/139/473 130/140/474 140/150/475 139/149/476
f 130/140/477 121/132/478 131/142/479 140/150/480
f 131/142/481 132/141/482 142/151/483 141/152/484
f 132/141/485 133/195/486 143/193/487 142/151/488
f 133/143/489 134/144/490 144/154/491 143/153/492
f 134/144/493 135/145/494 145/155/495 144/154/496
f 135/145/497 136/146/498 146/156/499 145/155/500
f 136/146/501 137/147/502 147/157/503 146/156/504
f 137/147/505 138/148/506 148/158/507 147/157/508
f 138/148/509 139/149/510 149/159/511 148/158/512
f 139/149/513 140/150/514 150/160/515 149/159/516
f 140/150/517 131/142/518 141/152/519 150/160/520
f 141/152/521 142/151/522 152/182/523 151/174/524
f 142/151/525 143/193/526 153/194/527 152/182/528
f 143/153/529 144/154/530 154/180/531 153/181/532
f 144/154/533 145/155/534 155/179/535 154/180/536
f 145/155/537 146/156/538 156/178/539 155/179/540
f 146/156/541 147/157/542 157/177/543 156/178/544
f 147/157/545 148/158/546 158/176/547 157/177/548
f 148/158/549 149/159/550 159/175/551 158/176/552
f 149/159/553 150/160/554 160/173/555 159/175/556
f 150/160/557 141/152/558 151/174/559 160/173/560
f 102/112/561 101/111/562 161/171/563
f 103/115/564 102/112/565 161/171/566
f 104/117/567 103/115/568 161/171/569
f 105/119/570 104/117/571 161/171/572
f 106/121/573 105/119/574 161/171/575
f 107/123/576 106/121/577 161/171/578
f 108/125/579 107/123/580 161/171/581
f 109/127/582 108/125/583 161/171/584
f 110/129/585 109/127/586 161/171/587
f 101/111/588 110/129/589 161/171/590
f 151/162/591 152/161/592 162/172/593
f 152/161/594 153/163/595 162/172/596
f 153/163/597 154/164/598 162/172/599
f 154/164/600 155/165/601 162/172/602
f 155/165/603 156/166/604 162/172/605
f 156/166/606 157/167/607 162/172/608
f 157/167/609 158/168/610 162/172/611
f 158/168/612 159/169/613 162/172/614
f 159/169/615 160/170/616 162/172/617
f 160/170/618 151/162/619 162/172/620
g default
v -6.697358 1.670802 -1.513562
v -6.698711 1.669721 -1.514398
v -6.700408 1.669001 -1.513848
v -6.701454 1.669065 -1.512236
v -6.701237 1.669874 -1.510506
v -6.699883 1.670955 -1.509670
v -6.698187 1.671674 -1.510220
v -6.697141 1.671611 -1.511831
v -6.790222 1.838696 -1.580419
v -6.791575 1.837615 -1.581254
v -6.793272 1.836896 -1.580705
v -6.794318 1.836959 -1.579093
v -6.794101 1.837768 -1.577363
v -6.792748 1.838849 -1.576527
v -6.791052 1.839569 -1.577076
v -6.790005 1.839505 -1.578688
vt 0.667694 0.255354
vt 0.667776 0.255354
vt 0.667776 0.264043
vt 0.667694 0.264043
vt 0.667858 0.255354
vt 0.667200 0.264043
vt 0.667282 0.255354
vt 0.667282 0.264043
vt 0.667364 0.255354
vt 0.667364 0.264043
vt 0.667447 0.255354
vt 0.667447 0.264043
vt 0.667529 0.255354
vt 0.667529 0.264043
vt 0.667611 0.255354
vt 0.667611 0.264043
vt 0.667200 0.255354
vt 0.667858 0.264043
vn 0.543985 -0.032904 -0.838449
vn 0.543986 -0.032904 -0.838449
vn 0.543985 -0.032904 -0.838449
vn 0.543985 -0.032904 -0.838449
vn -0.112880 -0.420891 -0.900061
vn -0.112880 -0.420891 -0.900061
vn -0.112880 -0.420891 -0.900061
vn -0.112880 -0.420891 -0.900061
vn -0.703700 -0.562157 -0.434495
vn -0.703700 -0.562157 -0.434495
vn -0.703700 -0.562157 -0.434495
vn -0.703700 -0.562157 -0.434495
vn -0.882231 -0.374296 0.285605
vn -0.882231 -0.374296 0.285605
vn -0.882231 -0.374296 0.285605
vn -0.882231 -0.374296 0.285605
vn -0.544048 0.032904 0.838409
vn -0.544048 0.032904 0.838409
vn -0.544048 0.032904 0.838409
vn -0.544048 0.032904 0.838409
vn 0.112896 0.420819 0.900092
vn 0.112896 0.420819 0.900092
vn 0.112896 0.420819 0.900092
vn 0.112896 0.420819 0.900092
vn 0.703616 0.562224 0.434543
vn 0.703616 0.562224 0.434543
vn 0.703616 0.562224 0.434543
vn 0.703616 0.562224 0.434543
vn 0.882276 0.374181 -0.285619
vn 0.882276 0.374181 -0.285619
vn 0.882276 0.374181 -0.285619
vn 0.882276 0.374181 -0.285619
s off
g Adorno_canicas Adicionales group16 pCylinder31
usemtl pCylinder30SG
f 163/199/621 164/200/622 172/201/623 171/202/624
f 164/200/625 165/203/626 173/216/627 172/201/628
f 165/215/629 166/205/630 174/206/631 173/204/632
f 166/205/633 167/207/634 175/208/635 174/206/636
f 167/207/637 168/209/638 176/210/639 175/208/640
f 168/209/641 169/211/642 177/212/643 176/210/644
f 169/211/645 170/213/646 178/214/647 177/212/648
f 170/213/649 163/199/650 171/202/651 178/214/652
g default
v -6.840367 1.530819 -1.388060
v -6.447670 1.530819 -1.388060
v -6.840367 1.547669 -1.388060
v -6.447670 1.547669 -1.388060
v -6.840367 1.547669 -1.612177
v -6.447670 1.547669 -1.612177
v -6.840367 1.530819 -1.612177
v -6.447670 1.530819 -1.612177
vt 0.998894 0.622342
vt 0.682039 0.252937
vt 0.998174 0.639140
vt 0.814299 0.496900
vt 0.998174 0.648727
vt 0.998173 0.612755
vt 0.998894 0.648727
vt 0.672456 0.269735
vt 0.998894 0.595957
vt 0.672453 0.252939
vt 0.998894 0.639140
vt 0.998894 0.612755
vt 0.682042 0.269734
vt 0.823888 0.480105
vt 0.998173 0.595957
vt 0.814301 0.480103
vt 0.998173 0.622342
vt 0.823885 0.496901
vn 0.000000 0.000000 1.000000
vn 0.000000 0.000000 1.000000
vn 0.000000 0.000000 1.000000
vn 0.000000 0.000000 1.000000
vn 0.000000 1.000000 0.000000
vn 0.000000 1.000000 0.000000
vn 0.000000 1.000000 0.000000
vn 0.000000 1.000000 0.000000
vn 0.000000 0.000000 -1.000000
vn 0.000000 0.000000 -1.000000
vn 0.000000 0.000000 -1.000000
vn 0.000000 0.000000 -1.000000
vn 0.000000 -1.000000 0.000000
vn 0.000000 -1.000000 0.000000
vn 0.000000 -1.000000 0.000000
vn 0.000000 -1.000000 0.000000
vn 1.000000 0.000000 0.000000
vn 1.000000 0.000000 0.000000
vn 1.000000 0.000000 0.000000
vn 1.000000 0.000000 0.000000
vn -1.000000 0.000000 0.000000
vn -1.000000 0.000000 0.000000
vn -1.000000 0.000000 0.000000
vn -1.000000 0.000000 0.000000
s off
g Adorno_canicas Adicionales group16 pCube61
usemtl pCylinder30SG
f 179/217/653 180/227/654 182/219/655 181/233/656
f 181/220/657 182/232/658 184/230/659 183/234/660
f 183/222/661 184/231/662 186/225/663 185/228/664
f 185/224/665 186/226/666 180/218/667 179/229/668
f 180/227/669 186/223/670 184/221/671 182/219/672
f 185/228/673 179/217/674 181/233/675 183/222/676
g default
v -8.245277 0.154186 0.031053
v -8.255342 0.154186 0.025242
v -8.266787 0.154186 0.027261
v -8.274256 0.154186 0.036163
v -8.274256 0.154186 0.047785
v -8.266787 0.154186 0.056687
v -8.255343 0.154186 0.058705
v -8.245277 0.154186 0.052895
v -8.241302 0.154186 0.041974
v -8.234244 0.163810 0.021795
v -8.252840 0.163810 0.011058
v -8.273988 0.163810 0.014787
v -8.287791 0.163810 0.031237
v -8.287791 0.163810 0.052711
v -8.273987 0.163810 0.069161
v -8.252840 0.163810 0.072890
v -8.234244 0.163810 0.062153
v -8.226899 0.163810 0.041974
v -8.226872 0.178213 0.015609
v -8.251169 0.178213 0.001581
v -8.278800 0.178213 0.006453
v -8.296836 0.178213 0.027945
v -8.296834 0.178213 0.056002
v -8.278800 0.178213 0.077495
v -8.251170 0.178213 0.082367
v -8.226872 0.178213 0.068339
v -8.217276 0.178213 0.041974
v -8.224282 0.195203 0.013437
v -8.250582 0.195203 -0.001747
v -8.280489 0.195203 0.003526
v -8.300009 0.195203 0.026790
v -8.300009 0.195203 0.057158
v -8.280489 0.195203 0.080422
v -8.250582 0.195203 0.085695
v -8.224282 0.195203 0.070511
v -8.213897 0.195203 0.041974
v -8.226872 0.212192 0.015609
v -8.251169 0.212192 0.001581
v -8.278800 0.212192 0.006453
v -8.296836 0.212192 0.027945
v -8.296834 0.212192 0.056002
v -8.278800 0.212192 0.077495
v -8.251170 0.212192 0.082367
v -8.226872 0.212192 0.068339
v -8.217276 0.212192 0.041974
v -8.258291 0.150807 0.041974
vt 0.005425 0.012328
vt 0.005254 0.012800
vt 0.690025 0.011002
vt 0.689004 0.011002
vt 0.005426 0.013272
vt 0.691014 0.011002
vt 0.005861 0.013524
vt 0.682960 0.011002
vt 0.006355 0.013436
vt 0.683850 0.011002
vt 0.006679 0.013051
vt 0.684838 0.011002
vt 0.006679 0.012549
vt 0.685861 0.011002
vt 0.006355 0.012164
vt 0.686906 0.011002
vt 0.005861 0.012077
vt 0.687959 0.011002
vt 0.690025 0.011842
vt 0.689004 0.011842
vt 0.691014 0.011842
vt 0.682960 0.011842
vt 0.683850 0.011842
vt 0.684838 0.011842
vt 0.685861 0.011842
vt 0.686906 0.011842
vt 0.687959 0.011842
vt 0.690025 0.012515
vt 0.689004 0.012515
vt 0.691014 0.012515
vt 0.682960 0.012515
vt 0.683850 0.012515
vt 0.684838 0.012515
vt 0.685861 0.012515
vt 0.686906 0.012515
vt 0.687959 0.012515
vt 0.690025 0.013179
vt 0.689004 0.013179
vt 0.691014 0.013179
vt 0.682960 0.013179
vt 0.683850 0.013179
vt 0.684838 0.013179
vt 0.685861 0.013179
vt 0.686906 0.013179
vt 0.687959 0.013179
vt 0.005988 0.012800
vt 0.687959 0.010040
vt 0.689004 0.010040
vt 0.686906 0.010040
vt 0.691908 0.010040
vt 0.691014 0.010040
vt 0.690025 0.010040
vt 0.691908 0.012515
vt 0.691908 0.013179
vt 0.691908 0.011842
vt 0.691908 0.011002
vt 0.682960 0.010040
vt 0.685861 0.010040
vt 0.684838 0.010040
vt 0.683850 0.010040
vn 0.289744 -0.814981 -0.501852
vn 0.289744 -0.814981 -0.501852
vn 0.289744 -0.814981 -0.501852
vn 0.289744 -0.814981 -0.501852
vn -0.100630 -0.814975 -0.570692
vn -0.100630 -0.814975 -0.570692
vn -0.100630 -0.814975 -0.570691
vn -0.100630 -0.814975 -0.570692
vn -0.443942 -0.814963 -0.372492
vn -0.443942 -0.814963 -0.372492
vn -0.443942 -0.814963 -0.372492
vn -0.443942 -0.814963 -0.372492
vn -0.579498 -0.814974 0.000000
vn -0.579498 -0.814974 0.000000
vn -0.579498 -0.814974 0.000000
vn -0.579498 -0.814974 0.000000
vn -0.443948 -0.814950 0.372513
vn -0.443948 -0.814950 0.372514
vn -0.443948 -0.814950 0.372514
vn -0.443948 -0.814950 0.372513
vn -0.100631 -0.814990 0.570671
vn -0.100631 -0.814990 0.570671
vn -0.100631 -0.814990 0.570671
vn -0.100631 -0.814990 0.570671
vn 0.289736 -0.814982 0.501854
vn 0.289736 -0.814982 0.501854
vn 0.289736 -0.814982 0.501854
vn 0.289736 -0.814982 0.501854
vn 0.544572 -0.814957 0.198207
vn 0.544572 -0.814957 0.198207
vn 0.544572 -0.814957 0.198207
vn 0.544572 -0.814957 0.198207
vn 0.544572 -0.814958 -0.198207
vn 0.544572 -0.814958 -0.198207
vn 0.544572 -0.814957 -0.198207
vn 0.544572 -0.814957 -0.198207
vn 0.423464 -0.531744 -0.733435
vn 0.423464 -0.531744 -0.733435
vn 0.423464 -0.531744 -0.733435
vn 0.423464 -0.531744 -0.733435
vn -0.147064 -0.531741 -0.834041
vn -0.147064 -0.531741 -0.834041
vn -0.147064 -0.531741 -0.834041
vn -0.147064 -0.531741 -0.834041
vn -0.648742 -0.531781 -0.544374
vn -0.648742 -0.531781 -0.544374
vn -0.648742 -0.531781 -0.544374
vn -0.648742 -0.531781 -0.544374
vn -0.846868 -0.531803 0.000030
vn -0.846868 -0.531803 0.000030
vn -0.846868 -0.531803 0.000030
vn -0.846868 -0.531803 0.000030
vn -0.648762 -0.531755 0.544376
vn -0.648762 -0.531755 0.544376
vn -0.648762 -0.531755 0.544376
vn -0.648762 -0.531755 0.544376
vn -0.147067 -0.531766 0.834024
vn -0.147067 -0.531766 0.834024
vn -0.147067 -0.531766 0.834024
vn -0.147067 -0.531766 0.834024
vn 0.423460 -0.531733 0.733445
vn 0.423460 -0.531733 0.733445
vn 0.423460 -0.531733 0.733445
vn 0.423460 -0.531733 0.733445
vn 0.795816 -0.531769 0.289652
vn 0.795816 -0.531769 0.289652
vn 0.795816 -0.531769 0.289652
vn 0.795816 -0.531769 0.289652
vn 0.795812 -0.531775 -0.289651
vn 0.795812 -0.531775 -0.289651
vn 0.795812 -0.531775 -0.289651
vn 0.795812 -0.531775 -0.289651
vn 0.491490 -0.183780 -0.851271
vn 0.491490 -0.183780 -0.851271
vn 0.491490 -0.183780 -0.851271
vn 0.491490 -0.183780 -0.851271
vn -0.170694 -0.183732 -0.968042
vn -0.170694 -0.183732 -0.968042
vn -0.170694 -0.183732 -0.968042
vn -0.170694 -0.183732 -0.968042
vn -0.753000 -0.183685 -0.631863
vn -0.753000 -0.183685 -0.631863
vn -0.753000 -0.183685 -0.631863
vn -0.753000 -0.183685 -0.631863
vn -0.982997 -0.183621 0.000030
vn -0.982997 -0.183621 0.000030
vn -0.982997 -0.183621 0.000030
vn -0.982997 -0.183621 0.000030
vn -0.753010 -0.183722 0.631840
vn -0.753011 -0.183722 0.631840
vn -0.753010 -0.183722 0.631840
vn -0.753011 -0.183722 0.631840
vn -0.170696 -0.183713 0.968046
vn -0.170696 -0.183713 0.968046
vn -0.170696 -0.183713 0.968046
vn -0.170696 -0.183713 0.968046
vn 0.491483 -0.183774 0.851276
vn 0.491483 -0.183774 0.851276
vn 0.491483 -0.183774 0.851276
vn 0.491483 -0.183774 0.851276
vn 0.923702 -0.183748 0.336171
vn 0.923702 -0.183748 0.336171
vn 0.923702 -0.183748 0.336171
vn 0.923702 -0.183748 0.336171
vn 0.923708 -0.183714 -0.336174
vn 0.923708 -0.183714 -0.336174
vn 0.923708 -0.183714 -0.336174
vn 0.923708 -0.183714 -0.336174
vn 0.491489 0.183780 -0.851272
vn 0.491489 0.183780 -0.851272
vn 0.491489 0.183780 -0.851272
vn 0.491489 0.183780 -0.851272
vn -0.170694 0.183733 -0.968042
vn -0.170694 0.183733 -0.968042
vn -0.170694 0.183733 -0.968042
vn -0.170694 0.183733 -0.968042
vn -0.753001 0.183685 -0.631862
vn -0.753001 0.183685 -0.631862
vn -0.753001 0.183685 -0.631862
vn -0.753001 0.183685 -0.631862
vn -0.982997 0.183621 0.000030
vn -0.982997 0.183621 0.000030
vn -0.982997 0.183621 0.000030
vn -0.982997 0.183621 0.000030
vn -0.753011 0.183723 0.631839
vn -0.753011 0.183723 0.631839
vn -0.753011 0.183723 0.631839
vn -0.753011 0.183723 0.631839
vn -0.170696 0.183713 0.968046
vn -0.170696 0.183713 0.968046
vn -0.170696 0.183713 0.968046
vn -0.170696 0.183713 0.968046
vn 0.491481 0.183787 0.851275
vn 0.491481 0.183787 0.851275
vn 0.491481 0.183787 0.851275
vn 0.491481 0.183787 0.851275
vn 0.923702 0.183748 0.336171
vn 0.923702 0.183748 0.336171
vn 0.923702 0.183748 0.336171
vn 0.923702 0.183748 0.336171
vn 0.923708 0.183714 -0.336174
vn 0.923708 0.183714 -0.336174
vn 0.923708 0.183714 -0.336174
vn 0.923708 0.183714 -0.336174
vn 0.103544 -0.978319 -0.179361
vn 0.103544 -0.978319 -0.179361
vn 0.103544 -0.978319 -0.179361
vn -0.035961 -0.978325 -0.203931
vn -0.035961 -0.978325 -0.203931
vn -0.035961 -0.978325 -0.203931
vn -0.158645 -0.978322 -0.133108
vn -0.158645 -0.978322 -0.133108
vn -0.158645 -0.978322 -0.133108
vn -0.207075 -0.978325 0.000000
vn -0.207075 -0.978325 0.000000
vn -0.207075 -0.978325 0.000000
vn -0.158640 -0.978323 0.133105
vn -0.158640 -0.978323 0.133104
vn -0.158640 -0.978323 0.133105
vn -0.035966 -0.978322 0.203942
vn -0.035966 -0.978322 0.203942
vn -0.035966 -0.978322 0.203942
vn 0.103551 -0.978313 0.179389
vn 0.103551 -0.978313 0.179389
vn 0.103551 -0.978313 0.179389
vn 0.194626 -0.978316 0.070833
vn 0.194626 -0.978316 0.070833
vn 0.194626 -0.978316 0.070833
vn 0.194627 -0.978316 -0.070833
vn 0.194627 -0.978316 -0.070833
vn 0.194627 -0.978316 -0.070833
s off
g Adicionales group16 pSphere1 Silla
usemtl pCylinder30SG
f 187/282/677 188/286/678 197/237/679 196/238/680
f 188/286/681 189/285/682 198/240/683 197/237/684
f 189/285/685 190/284/686 199/290/687 198/240/688
f 190/291/689 191/294/690 200/244/691 199/242/692
f 191/294/693 192/293/694 201/246/695 200/244/696
f 192/293/697 193/292/698 202/248/699 201/246/700
f 193/292/701 194/283/702 203/250/703 202/248/704
f 194/283/705 195/281/706 204/252/707 203/250/708
f 195/281/709 187/282/710 196/238/711 204/252/712
f 196/238/713 197/237/714 206/253/715 205/254/716
f 197/237/717 198/240/718 207/255/719 206/253/720
f 198/240/721 199/290/722 208/289/723 207/255/724
f 199/242/725 200/244/726 209/257/727 208/256/728
f 200/244/729 201/246/730 210/258/731 209/257/732
f 201/246/733 202/248/734 211/259/735 210/258/736
f 202/248/737 203/250/738 212/260/739 211/259/740
f 203/250/741 204/252/742 213/261/743 212/260/744
f 204/252/745 196/238/746 205/254/747 213/261/748
f 205/254/749 206/253/750 215/262/751 214/263/752
f 206/253/753 207/255/754 216/264/755 215/262/756
f 207/255/757 208/289/758 217/287/759 216/264/760
f 208/256/761 209/257/762 218/266/763 217/265/764
f 209/257/765 210/258/766 219/267/767 218/266/768
f 210/258/769 211/259/770 220/268/771 219/267/772
f 211/259/773 212/260/774 221/269/775 220/268/776
f 212/260/777 213/261/778 222/270/779 221/269/780
f 213/261/781 205/254/782 214/263/783 222/270/784
f 214/263/785 215/262/786 224/271/787 223/272/788
f 215/262/789 216/264/790 225/273/791 224/271/792
f 216/264/793 217/287/794 226/288/795 225/273/796
f 217/265/797 218/266/798 227/275/799 226/274/800
f 218/266/801 219/267/802 228/276/803 227/275/804
f 219/267/805 220/268/806 229/277/807 228/276/808
f 220/268/809 221/269/810 230/278/811 229/277/812
f 221/269/813 222/270/814 231/279/815 230/278/816
f 222/270/817 214/263/818 223/272/819 231/279/820
f 188/236/821 187/235/822 232/280/823
f 189/239/824 188/236/825 232/280/826
f 190/241/827 189/239/828 232/280/829
f 191/243/830 190/241/831 232/280/832
f 192/245/833 191/243/834 232/280/835
f 193/247/836 192/245/837 232/280/838
f 194/249/839 193/247/840 232/280/841
f 195/251/842 194/249/843 232/280/844
f 187/235/845 195/251/846 232/280/847
g default
v -8.230780 0.237609 0.020716
v -8.230780 0.221383 0.004489
v -8.230780 0.199217 -0.001450
v -8.230780 0.199217 0.087213
v -8.230780 0.221383 0.081274
v -8.230780 0.237609 0.065047
v -8.230780 0.243548 0.042882
v -8.674339 0.237609 0.020716
v -8.674339 0.221383 0.004489
v -8.674339 0.199217 -0.001450
v -8.674339 0.199217 0.087213
v -8.674339 0.221383 0.081274
v -8.674339 0.237609 0.065047
v -8.674339 0.243548 0.042882
v -8.204206 0.199217 0.042882
vt 0.786145 0.007733
vt 0.786756 0.006965
vt 0.617876 0.429206
vt 0.617876 0.430188
vt 0.786974 0.006008
vt 0.617876 0.428225
vt 0.598905 0.434117
vt 0.783394 0.007744
vt 0.617877 0.433132
vt 0.617877 0.434114
vt 0.784281 0.008165
vt 0.617876 0.432151
vt 0.785262 0.008162
vt 0.617876 0.431170
vt 0.784763 0.006008
vt 0.598904 0.428228
vt 0.598904 0.431173
vt 0.598904 0.430191
vt 0.598904 0.432154
vt 0.598904 0.433136
vt 0.782778 0.006980
vt 0.598904 0.429210
vn -0.000000 0.707108 -0.707105
vn -0.000000 0.707108 -0.707105
vn -0.000000 0.707108 -0.707105
vn -0.000000 0.707108 -0.707105
vn 0.000000 0.258818 -0.965926
vn 0.000000 0.258818 -0.965926
vn 0.000000 0.258818 -0.965926
vn 0.000000 0.258818 -0.965926
vn 0.000000 0.258818 0.965926
vn 0.000000 0.258818 0.965926
vn 0.000000 0.258818 0.965926
vn 0.000000 0.258818 0.965926
vn -0.000000 0.707108 0.707105
vn -0.000000 0.707108 0.707105
vn -0.000000 0.707108 0.707105
vn -0.000000 0.707108 0.707105
vn -0.000000 0.965925 0.258821
vn -0.000000 0.965925 0.258821
vn -0.000000 0.965925 0.258821
vn -0.000000 0.965925 0.258821
vn -0.000000 0.965925 -0.258821
vn -0.000000 0.965925 -0.258821
vn -0.000000 0.965925 -0.258821
vn -0.000000 0.965925 -0.258821
vn 0.857700 0.257075 -0.445268
vn 0.857697 0.445274 -0.257075
vn 0.928595 0.371094 -0.000001
vn 0.849676 0.136462 -0.509342
vn 0.857700 0.257075 -0.445268
vn 0.928595 0.371094 -0.000001
vn 0.857702 0.257064 0.445269
vn 0.849676 0.136462 0.509342
vn 0.928595 0.371094 -0.000001
vn 0.857701 0.445265 0.257075
vn 0.857702 0.257064 0.445269
vn 0.928595 0.371094 -0.000001
vn 0.857699 0.514152 0.000000
vn 0.857701 0.445265 0.257075
vn 0.928595 0.371094 -0.000001
vn 0.857697 0.445274 -0.257075
vn 0.857699 0.514152 0.000000
vn 0.928595 0.371094 -0.000001
s off
g Adicionales group16 Silla pCylinder29
usemtl pCylinder30SG
f 233/312/848 234/316/849 241/297/850 240/298/851
f 234/316/852 235/310/853 242/300/854 241/297/855
f 236/301/856 237/314/857 244/303/858 243/304/859
f 237/314/860 238/313/861 245/306/862 244/303/863
f 238/313/864 239/311/865 246/308/866 245/306/867
f 239/311/868 233/312/869 240/298/870 246/308/871
f 234/296/872 233/295/873 247/309/874
f 235/299/875 234/296/876 247/309/877
f 237/302/878 236/315/879 247/309/880
f 238/305/881 237/302/882 247/309/883
f 239/307/884 238/305/885 247/309/886
f 233/295/887 239/307/888 247/309/889
g default
v -8.623994 0.193247 0.020583
v -8.641068 0.193247 0.003509
v -8.664392 0.193247 -0.002740
v -8.687713 0.193247 0.003509
v -8.704787 0.193247 0.020583
v -8.711036 0.193247 0.043906
v -8.704787 0.193247 0.067229
v -8.687713 0.193247 0.084302
v -8.664392 0.193247 0.090552
v -8.641068 0.193247 0.084302
v -8.623994 0.193247 0.067229
v -8.617745 0.193247 0.043906
v -8.623517 0.576324 0.020307
v -8.640792 0.576324 0.003032
v -8.664392 0.576324 -0.003291
v -8.687990 0.576324 0.003032
v -8.705264 0.576324 0.020307
v -8.711587 0.576324 0.043906
v -8.705264 0.576324 0.067504
v -8.687990 0.576324 0.084779
v -8.664392 0.576324 0.091103
v -8.640792 0.576324 0.084779
v -8.623517 0.576324 0.067504
v -8.617195 0.576324 0.043906
vt 0.668238 0.830842
vt 0.669277 0.830842
vt 0.669277 0.847228
vt 0.668238 0.847228
vt 0.670316 0.830842
vt 0.670316 0.847228
vt 0.671355 0.830842
vt 0.671355 0.847228
vt 0.672394 0.830842
vt 0.672394 0.847228
vt 0.673433 0.830842
vt 0.673433 0.847228
vt 0.674472 0.830842
vt 0.674472 0.847228
vt 0.675511 0.830842
vt 0.675511 0.847228
vt 0.676549 0.830842
vt 0.676549 0.847228
vt 0.677588 0.830842
vt 0.677588 0.847228
vt 0.678627 0.830842
vt 0.678627 0.847228
vt 0.679666 0.830842
vt 0.667200 0.847228
vt 0.667200 0.830842
vt 0.679666 0.847228
vn 0.707106 -0.001391 -0.707106
vn 0.707106 -0.001391 -0.707106
vn 0.707106 -0.001391 -0.707106
vn 0.707106 -0.001391 -0.707106
vn 0.258801 -0.001390 -0.965930
vn 0.258801 -0.001390 -0.965930
vn 0.258801 -0.001390 -0.965930
vn 0.258801 -0.001390 -0.965930
vn -0.258833 -0.001390 -0.965921
vn -0.258833 -0.001390 -0.965921
vn -0.258833 -0.001390 -0.965921
vn -0.258833 -0.001390 -0.965921
vn -0.707106 -0.001391 -0.707106
vn -0.707106 -0.001391 -0.707106
vn -0.707106 -0.001391 -0.707106
vn -0.707106 -0.001391 -0.707106
vn -0.965928 -0.001387 -0.258809
vn -0.965927 -0.001387 -0.258809
vn -0.965928 -0.001387 -0.258809
vn -0.965927 -0.001387 -0.258809
vn -0.965927 -0.001387 0.258810
vn -0.965927 -0.001387 0.258810
vn -0.965927 -0.001387 0.258810
vn -0.965927 -0.001387 0.258810
vn -0.707106 -0.001390 0.707106
vn -0.707106 -0.001390 0.707106
vn -0.707106 -0.001390 0.707106
vn -0.707106 -0.001390 0.707106
vn -0.258834 -0.001389 0.965921
vn -0.258834 -0.001389 0.965921
vn -0.258834 -0.001389 0.965921
vn -0.258833 -0.001389 0.965921
vn 0.258801 -0.001390 0.965930
vn 0.258801 -0.001390 0.965930
vn 0.258801 -0.001390 0.965930
vn 0.258801 -0.001390 0.965930
vn 0.707106 -0.001391 0.707106
vn 0.707106 -0.001391 0.707106
vn 0.707106 -0.001391 0.707106
vn 0.707106 -0.001391 0.707106
vn 0.965927 -0.001389 0.258810
vn 0.965927 -0.001389 0.258810
vn 0.965927 -0.001389 0.258810
vn 0.965927 -0.001389 0.258810
vn 0.965927 -0.001389 -0.258809
vn 0.965927 -0.001389 -0.258809
vn 0.965928 -0.001389 -0.258809
vn 0.965928 -0.001389 -0.258809
s off
g Adicionales group16 Silla pCylinder28
usemtl pCylinder30SG
f 248/317/890 249/318/891 261/319/892 260/320/893
f 249/318/894 250/321/895 262/322/896 261/319/897
f 250/321/898 251/323/899 263/324/900 262/322/901
f 251/323/902 252/325/903 264/326/904 263/324/905
f 252/325/906 253/327/907 265/328/908 264/326/909
f 253/327/910 254/329/911 266/330/912 265/328/913
f 254/329/914 255/331/915 267/332/916 266/330/917
f 255/331/918 256/333/919 268/334/920 267/332/921
f 256/333/922 257/335/923 269/336/924 268/334/925
f 257/335/926 258/337/927 270/338/928 269/336/929
f 258/337/930 259/339/931 271/342/932 270/338/933
f 259/341/934 248/317/935 260/320/936 271/340/937
g default
v -8.574579 0.557378 -0.007947
v -8.612539 0.557378 -0.045906
v -8.664392 0.557378 -0.059800
v -8.716243 0.557378 -0.045906
v -8.754202 0.557378 -0.007947
v -8.768097 0.557378 0.043906
v -8.754202 0.557378 0.095759
v -8.716243 0.557378 0.133718
v -8.664392 0.557378 0.147612
v -8.612539 0.557378 0.133718
v -8.574579 0.557378 0.095759
v -8.560686 0.557378 0.043906
v -8.573520 0.779064 -0.008560
v -8.611925 0.779064 -0.046967
v -8.664392 0.779064 -0.061025
v -8.716857 0.779064 -0.046967
v -8.755264 0.779064 -0.008560
v -8.769321 0.779064 0.043906
v -8.755264 0.779064 0.096371
v -8.716857 0.779064 0.134778
v -8.664392 0.779064 0.148836
v -8.611925 0.779064 0.134778
v -8.573520 0.779064 0.096371
v -8.559461 0.779064 0.043906
v -8.664392 0.557378 0.043906
vt 0.793285 0.349519
vt 0.796468 0.355031
vt 0.587763 0.625958
vt 0.585453 0.625958
vt 0.801977 0.358212
vt 0.590073 0.625958
vt 0.808341 0.358212
vt 0.592382 0.625958
vt 0.813853 0.355032
vt 0.594693 0.625958
vt 0.817034 0.349520
vt 0.597002 0.625958
vt 0.817034 0.343157
vt 0.599312 0.625958
vt 0.813853 0.337646
vt 0.601622 0.625958
vt 0.808344 0.334464
vt 0.603932 0.625958
vt 0.801978 0.334464
vt 0.606242 0.625958
vt 0.796468 0.337645
vt 0.608551 0.625958
vt 0.793287 0.343156
vt 0.583144 0.625958
vt 0.805160 0.346338
vt 0.610861 0.616476
vt 0.585453 0.616476
vt 0.608551 0.616476
vt 0.606242 0.616476
vt 0.603932 0.616476
vt 0.601622 0.616476
vt 0.599312 0.616476
vt 0.597002 0.616476
vt 0.594693 0.616476
vt 0.592382 0.616476
vt 0.590073 0.616476
vt 0.587763 0.616476
vt 0.583143 0.616476
vt 0.610861 0.625958
vn 0.707101 -0.005340 -0.707093
vn 0.707101 -0.005340 -0.707093
vn 0.707101 -0.005340 -0.707093
vn 0.707101 -0.005340 -0.707093
vn 0.258809 -0.005337 -0.965914
vn 0.258809 -0.005337 -0.965914
vn 0.258809 -0.005337 -0.965914
vn 0.258809 -0.005337 -0.965914
vn -0.258822 -0.005338 -0.965910
vn -0.258822 -0.005338 -0.965910
vn -0.258822 -0.005338 -0.965910
vn -0.258822 -0.005338 -0.965910
vn -0.707097 -0.005342 -0.707097
vn -0.707097 -0.005342 -0.707097
vn -0.707097 -0.005342 -0.707097
vn -0.707097 -0.005342 -0.707097
vn -0.965913 -0.005342 -0.258812
vn -0.965913 -0.005342 -0.258812
vn -0.965913 -0.005342 -0.258812
vn -0.965913 -0.005342 -0.258812
vn -0.965913 -0.005343 0.258812
vn -0.965913 -0.005343 0.258812
vn -0.965913 -0.005343 0.258812
vn -0.965913 -0.005343 0.258812
vn -0.707096 -0.005340 0.707098
vn -0.707096 -0.005340 0.707098
vn -0.707096 -0.005340 0.707098
vn -0.707096 -0.005340 0.707098
vn -0.258822 -0.005338 0.965910
vn -0.258822 -0.005338 0.965910
vn -0.258822 -0.005338 0.965910
vn -0.258822 -0.005338 0.965910
vn 0.258810 -0.005337 0.965914
vn 0.258810 -0.005337 0.965914
vn 0.258810 -0.005337 0.965914
vn 0.258810 -0.005337 0.965914
vn 0.707100 -0.005336 0.707093
vn 0.707100 -0.005336 0.707093
vn 0.707100 -0.005336 0.707093
vn 0.707100 -0.005336 0.707093
vn 0.965913 -0.005334 0.258812
vn 0.965913 -0.005334 0.258812
vn 0.965913 -0.005334 0.258812
vn 0.965913 -0.005334 0.258812
vn 0.965913 -0.005334 -0.258812
vn 0.965913 -0.005334 -0.258812
vn 0.965913 -0.005334 -0.258812
vn 0.965913 -0.005334 -0.258812
vn 0.000000 -1.000000 0.000001
vn 0.000000 -1.000000 0.000001
vn 0.000000 -1.000000 -0.000000
vn 0.000000 -1.000000 0.000000
vn 0.000000 -1.000000 0.000001
vn 0.000000 -1.000000 -0.000000
vn 0.000000 -1.000000 0.000000
vn 0.000000 -1.000000 0.000000
vn 0.000000 -1.000000 -0.000000
vn 0.000000 -1.000000 0.000000
vn 0.000000 -1.000000 0.000000
vn 0.000000 -1.000000 -0.000000
vn 0.000000 -1.000000 -0.000001
vn 0.000000 -1.000000 0.000000
vn 0.000000 -1.000000 -0.000000
vn 0.000000 -1.000000 -0.000001
vn 0.000000 -1.000000 -0.000001
vn 0.000000 -1.000000 -0.000000
vn 0.000000 -1.000000 0.000000
vn 0.000000 -1.000000 -0.000001
vn 0.000000 -1.000000 -0.000000
vn 0.000000 -1.000000 0.000000
vn 0.000000 -1.000000 0.000000
vn 0.000000 -1.000000 -0.000000
vn 0.000000 -1.000000 0.000000
vn 0.000000 -1.000000 0.000000
vn 0.000000 -1.000000 -0.000000
vn 0.000000 -1.000000 0.000000
vn 0.000000 -1.000000 0.000000
vn 0.000000 -1.000000 -0.000000
vn 0.000000 -1.000000 0.000000
vn 0.000000 -1.000000 0.000000
vn 0.000000 -1.000000 -0.000000
vn 0.000000 -1.000000 0.000001
vn 0.000000 -1.000000 0.000000
vn 0.000000 -1.000000 -0.000000
s off
g Adicionales group16 Silla pCylinder27
usemtl pCylinder30SG
f 272/369/938 273/379/939 285/345/940 284/346/941
f 273/379/942 274/378/943 286/348/944 285/345/945
f 274/378/946 275/377/947 287/350/948 286/348/949
f 275/377/950 276/376/951 288/352/952 287/350/953
f 276/376/954 277/375/955 289/354/956 288/352/957
f 277/375/958 278/374/959 290/356/960 289/354/961
f 278/374/962 279/373/963 291/358/964 290/356/965
f 279/373/966 280/372/967 292/360/968 291/358/969
f 280/372/970 281/371/971 293/362/972 292/360/973
f 281/371/974 282/370/975 294/364/976 293/362/977
f 282/370/978 283/368/979 295/381/980 294/364/981
f 283/380/982 272/369/983 284/346/984 295/366/985
f 273/344/986 272/343/987 296/367/988
f 274/347/989 273/344/990 296/367/991
f 275/349/992 274/347/993 296/367/994
f 276/351/995 275/349/996 296/367/997
f 277/353/998 276/351/999 296/367/1000
f 278/355/1001 277/353/1002 296/367/1003
f 279/357/1004 278/355/1005 296/367/1006
f 280/359/1007 279/357/1008 296/367/1009
f 281/361/1010 280/359/1011 296/367/1012
f 282/363/1013 281/361/1014 296/367/1015
f 283/365/1016 282/363/1017 296/367/1018
f 272/343/1019 283/365/1020 296/367/1021
g default
v -8.415491 0.770625 -0.099797
v -8.520688 0.770625 -0.204994
v -8.664392 0.770625 -0.243499
v -8.808094 0.770625 -0.204994
v -8.913291 0.770625 -0.099797
v -8.951795 0.770625 0.043906
v -8.913291 0.770625 0.187608
v -8.808094 0.770625 0.292805
v -8.664392 0.770625 0.331310
v -8.520688 0.770625 0.292805
v -8.415491 0.770625 0.187608
v -8.376987 0.770625 0.043906
v -8.392099 0.814558 -0.113303
v -8.507184 0.814558 -0.228387
v -8.664392 0.814558 -0.270511
v -8.821599 0.814558 -0.228387
v -8.936685 0.814558 -0.113303
v -8.978807 0.814558 0.043906
v -8.936685 0.814558 0.201114
v -8.821599 0.814558 0.316199
v -8.664392 0.814558 0.358322
v -8.507184 0.814558 0.316199
v -8.392099 0.814558 0.201114
v -8.349974 0.814558 0.043906
v -8.664392 0.770625 0.043906
vt 0.793285 0.349522
vt 0.796469 0.355031
vt 0.785583 0.895495
vt 0.778919 0.895495
vt 0.801980 0.358212
vt 0.792252 0.895495
vt 0.808343 0.358211
vt 0.798920 0.895495
vt 0.813853 0.355029
vt 0.805587 0.895495
vt 0.817034 0.349517
vt 0.812255 0.895495
vt 0.817034 0.343153
vt 0.818924 0.895495
vt 0.813851 0.337645
vt 0.825592 0.895495
vt 0.808339 0.334463
vt 0.832259 0.895495
vt 0.801975 0.334464
vt 0.838927 0.895495
vt 0.796465 0.337647
vt 0.845592 0.895495
vt 0.793285 0.343157
vt 0.772271 0.895495
vt 0.805159 0.346337
vt 0.852240 0.893310
vt 0.778919 0.893310
vt 0.845592 0.893310
vt 0.838927 0.893310
vt 0.832259 0.893310
vt 0.825592 0.893310
vt 0.818924 0.893310
vt 0.812255 0.893310
vt 0.805587 0.893310
vt 0.798920 0.893310
vt 0.792252 0.893310
vt 0.785583 0.893310
vt 0.772271 0.893310
vt 0.852240 0.895495
vn 0.607979 -0.510613 -0.607978
vn 0.607979 -0.510613 -0.607978
vn 0.607979 -0.510613 -0.607978
vn 0.607979 -0.510613 -0.607978
vn 0.222533 -0.510622 -0.830509
vn 0.222533 -0.510622 -0.830509
vn 0.222533 -0.510622 -0.830509
vn 0.222533 -0.510622 -0.830509
vn -0.222536 -0.510621 -0.830508
vn -0.222536 -0.510621 -0.830508
vn -0.222536 -0.510621 -0.830508
vn -0.222536 -0.510621 -0.830508
vn -0.607969 -0.510632 -0.607971
vn -0.607969 -0.510632 -0.607971
vn -0.607969 -0.510632 -0.607971
vn -0.607969 -0.510632 -0.607971
vn -0.830498 -0.510642 -0.222526
vn -0.830498 -0.510642 -0.222526
vn -0.830498 -0.510642 -0.222526
vn -0.830498 -0.510642 -0.222526
vn -0.830496 -0.510645 0.222526
vn -0.830496 -0.510645 0.222526
vn -0.830496 -0.510645 0.222526
vn -0.830496 -0.510645 0.222526
vn -0.607969 -0.510632 0.607972
vn -0.607969 -0.510632 0.607972
vn -0.607969 -0.510632 0.607971
vn -0.607969 -0.510632 0.607972
vn -0.222536 -0.510623 0.830507
vn -0.222536 -0.510623 0.830507
vn -0.222536 -0.510623 0.830507
vn -0.222536 -0.510623 0.830507
vn 0.222533 -0.510622 0.830509
vn 0.222533 -0.510622 0.830509
vn 0.222533 -0.510622 0.830509
vn 0.222533 -0.510622 0.830509
vn 0.607982 -0.510604 0.607981
vn 0.607982 -0.510604 0.607981
vn 0.607982 -0.510604 0.607981
vn 0.607982 -0.510604 0.607981
vn 0.830513 -0.510612 0.222538
vn 0.830513 -0.510612 0.222538
vn 0.830513 -0.510612 0.222538
vn 0.830513 -0.510612 0.222538
vn 0.830508 -0.510622 -0.222536
vn 0.830508 -0.510622 -0.222536
vn 0.830508 -0.510622 -0.222536
vn 0.830508 -0.510622 -0.222536
vn 0.000000 -1.000000 -0.000000
vn 0.000000 -1.000000 -0.000000
vn 0.000000 -1.000000 -0.000000
vn 0.000000 -1.000000 0.000000
vn 0.000000 -1.000000 -0.000000
vn 0.000000 -1.000000 -0.000000
vn 0.000000 -1.000000 -0.000000
vn 0.000000 -1.000000 0.000000
vn 0.000000 -1.000000 -0.000000
vn 0.000000 -1.000000 -0.000000
vn 0.000000 -1.000000 -0.000000
vn 0.000000 -1.000000 -0.000000
vn 0.000000 -1.000000 -0.000000
vn 0.000000 -1.000000 -0.000000
vn 0.000000 -1.000000 -0.000000
vn 0.000000 -1.000000 0.000000
vn 0.000000 -1.000000 -0.000000
vn 0.000000 -1.000000 -0.000000
vn 0.000000 -1.000000 0.000000
vn 0.000000 -1.000000 0.000000
vn 0.000000 -1.000000 -0.000000
vn 0.000000 -1.000000 0.000000
vn 0.000000 -1.000000 0.000000
vn 0.000000 -1.000000 -0.000000
vn 0.000000 -1.000000 0.000000
vn 0.000000 -1.000000 0.000000
vn 0.000000 -1.000000 -0.000000
vn 0.000000 -1.000000 0.000000
vn 0.000000 -1.000000 0.000000
vn 0.000000 -1.000000 -0.000000
vn 0.000000 -1.000000 0.000000
vn 0.000000 -1.000000 0.000000
vn 0.000000 -1.000000 -0.000000
vn 0.000000 -1.000000 -0.000000
vn 0.000000 -1.000000 0.000000
vn 0.000000 -1.000000 -0.000000
s off
g Adicionales group16 Silla pCylinder26
usemtl pCylinder30SG
f 310/384/1022 309/385/1023 297/408/1024 298/418/1025
f 311/387/1026 310/384/1027 298/418/1028 299/417/1029
f 312/389/1030 311/387/1031 299/417/1032 300/416/1033
f 313/391/1034 312/389/1035 300/416/1036 301/415/1037
f 314/393/1038 313/391/1039 301/415/1040 302/414/1041
f 315/395/1042 314/393/1043 302/414/1044 303/413/1045
f 316/397/1046 315/395/1047 303/413/1048 304/412/1049
f 317/399/1050 316/397/1051 304/412/1052 305/411/1053
f 318/401/1054 317/399/1055 305/411/1056 306/410/1057
f 319/403/1058 318/401/1059 306/410/1060 307/409/1061
f 320/420/1062 319/403/1063 307/409/1064 308/407/1065
f 297/408/1066 309/385/1067 320/405/1068 308/419/1069
f 298/383/1070 297/382/1071 321/406/1072
f 299/386/1073 298/383/1074 321/406/1075
f 300/388/1076 299/386/1077 321/406/1078
f 301/390/1079 300/388/1080 321/406/1081
f 302/392/1082 301/390/1083 321/406/1084
f 303/394/1085 302/392/1086 321/406/1087
f 304/396/1088 303/394/1089 321/406/1090
f 305/398/1091 304/396/1092 321/406/1093
f 306/400/1094 305/398/1095 321/406/1096
f 307/402/1097 306/400/1098 321/406/1099
f 308/404/1100 307/402/1101 321/406/1102
f 297/382/1103 308/404/1104 321/406/1105
g default
v -8.304022 0.810568 -0.164153
v -8.456333 0.810568 -0.316463
v -8.664392 0.810568 -0.372212
v -8.872450 0.810568 -0.316463
v -9.024759 0.810568 -0.164153
v -9.080508 0.810568 0.043906
v -9.024759 0.810568 0.251965
v -8.872450 0.810568 0.404274
v -8.664392 0.810568 0.460023
v -8.456333 0.810568 0.404274
v -8.304022 0.810568 0.251965
v -8.248274 0.810568 0.043906
v -8.270152 0.843231 -0.183708
v -8.436779 0.843231 -0.350333
v -8.664392 0.843231 -0.411321
v -8.892004 0.843231 -0.350333
v -9.058630 0.843231 -0.183708
v -9.119618 0.843231 0.043906
v -9.058630 0.843231 0.271519
v -8.892004 0.843231 0.438144
v -8.664392 0.843231 0.499133
v -8.436779 0.843231 0.438144
v -8.270152 0.843231 0.271519
v -8.209164 0.843231 0.043906
v -8.664392 0.810568 0.043906
vt 0.793287 0.349521
vt 0.796467 0.355032
vt 0.679846 0.480251
vt 0.679846 0.489874
vt 0.801980 0.358213
vt 0.679846 0.470627
vt 0.808343 0.358213
vt 0.679846 0.461004
vt 0.813852 0.355030
vt 0.679846 0.451380
vt 0.817034 0.349519
vt 0.679846 0.441756
vt 0.817034 0.343156
vt 0.679846 0.432132
vt 0.813851 0.337645
vt 0.679846 0.422509
vt 0.808341 0.334463
vt 0.679846 0.412885
vt 0.801978 0.334463
vt 0.679846 0.403262
vt 0.796467 0.337646
vt 0.679846 0.393638
vt 0.793286 0.343158
vt 0.679846 0.499556
vt 0.805161 0.346339
vt 0.677707 0.383957
vt 0.677707 0.489874
vt 0.677707 0.393638
vt 0.677707 0.403262
vt 0.677707 0.412885
vt 0.677707 0.422509
vt 0.677707 0.432132
vt 0.677707 0.441756
vt 0.677707 0.451380
vt 0.677707 0.461004
vt 0.677707 0.470627
vt 0.677707 0.480251
vt 0.677707 0.499556
vt 0.679846 0.383957
vn 0.462485 -0.756447 -0.462489
vn 0.462485 -0.756447 -0.462489
vn 0.462485 -0.756447 -0.462489
vn 0.462485 -0.756447 -0.462489
vn 0.169282 -0.756446 -0.631769
vn 0.169282 -0.756446 -0.631769
vn 0.169282 -0.756446 -0.631769
vn 0.169282 -0.756446 -0.631769
vn -0.169283 -0.756448 -0.631767
vn -0.169283 -0.756448 -0.631767
vn -0.169283 -0.756448 -0.631767
vn -0.169283 -0.756448 -0.631767
vn -0.462487 -0.756447 -0.462487
vn -0.462487 -0.756447 -0.462487
vn -0.462487 -0.756447 -0.462487
vn -0.462487 -0.756447 -0.462487
vn -0.631757 -0.756457 -0.169278
vn -0.631757 -0.756457 -0.169278
vn -0.631757 -0.756457 -0.169278
vn -0.631757 -0.756457 -0.169278
vn -0.631764 -0.756451 0.169280
vn -0.631764 -0.756451 0.169280
vn -0.631764 -0.756451 0.169280
vn -0.631764 -0.756451 0.169280
vn -0.462489 -0.756444 0.462489
vn -0.462489 -0.756444 0.462489
vn -0.462489 -0.756444 0.462489
vn -0.462489 -0.756444 0.462489
vn -0.169283 -0.756446 0.631770
vn -0.169283 -0.756446 0.631770
vn -0.169283 -0.756446 0.631770
vn -0.169283 -0.756446 0.631770
vn 0.169281 -0.756447 0.631768
vn 0.169281 -0.756447 0.631768
vn 0.169281 -0.756447 0.631768
vn 0.169281 -0.756447 0.631768
vn 0.462487 -0.756444 0.462491
vn 0.462487 -0.756444 0.462491
vn 0.462487 -0.756444 0.462491
vn 0.462487 -0.756444 0.462491
vn 0.631762 -0.756454 0.169277
vn 0.631762 -0.756454 0.169277
vn 0.631762 -0.756454 0.169277
vn 0.631762 -0.756454 0.169277
vn 0.631762 -0.756454 -0.169277
vn 0.631762 -0.756454 -0.169277
vn 0.631762 -0.756454 -0.169277
vn 0.631762 -0.756454 -0.169277
vn 0.000000 -1.000000 0.000000
vn 0.000000 -1.000000 0.000000
vn 0.000000 -1.000000 0.000000
vn 0.000000 -1.000000 0.000000
vn 0.000000 -1.000000 0.000000
vn 0.000000 -1.000000 0.000000
vn 0.000000 -1.000000 0.000000
vn 0.000000 -1.000000 0.000000
vn 0.000000 -1.000000 0.000000
vn 0.000000 -1.000000 0.000000
vn 0.000000 -1.000000 0.000000
vn 0.000000 -1.000000 0.000000
vn 0.000000 -1.000000 0.000000
vn 0.000000 -1.000000 0.000000
vn 0.000000 -1.000000 0.000000
vn 0.000000 -1.000000 0.000000
vn 0.000000 -1.000000 0.000000
vn 0.000000 -1.000000 0.000000
vn 0.000000 -1.000000 0.000000
vn 0.000000 -1.000000 0.000000
vn 0.000000 -1.000000 0.000000
vn 0.000000 -1.000000 0.000000
vn 0.000000 -1.000000 0.000000
vn 0.000000 -1.000000 0.000000
vn 0.000000 -1.000000 0.000000
vn 0.000000 -1.000000 0.000000
vn 0.000000 -1.000000 0.000000
vn 0.000000 -1.000000 0.000000
vn 0.000000 -1.000000 0.000000
vn 0.000000 -1.000000 0.000000
vn 0.000000 -1.000000 0.000000
vn 0.000000 -1.000000 0.000000
vn 0.000000 -1.000000 0.000000
vn 0.000000 -1.000000 0.000000
vn 0.000000 -1.000000 0.000000
vn 0.000000 -1.000000 0.000000
s off
g Adicionales group16 Silla pCylinder25
usemtl pCylinder30SG
f 335/423/1106 334/424/1107 322/447/1108 323/457/1109
f 336/426/1110 335/423/1111 323/457/1112 324/456/1113
f 337/428/1114 336/426/1115 324/456/1116 325/455/1117
f 338/430/1118 337/428/1119 325/455/1120 326/454/1121
f 339/432/1122 338/430/1123 326/454/1124 327/453/1125
f 340/434/1126 339/432/1127 327/453/1128 328/452/1129
f 341/436/1130 340/434/1131 328/452/1132 329/451/1133
f 342/438/1134 341/436/1135 329/451/1136 330/450/1137
f 343/440/1138 342/438/1139 330/450/1140 331/449/1141
f 344/442/1142 343/440/1143 331/449/1144 332/448/1145
f 345/459/1146 344/442/1147 332/448/1148 333/446/1149
f 322/447/1150 334/424/1151 345/444/1152 333/458/1153
f 323/422/1154 322/421/1155 346/445/1156
f 324/425/1157 323/422/1158 346/445/1159
f 325/427/1160 324/425/1161 346/445/1162
f 326/429/1163 325/427/1164 346/445/1165
f 327/431/1166 326/429/1167 346/445/1168
f 328/433/1169 327/431/1170 346/445/1171
f 329/435/1172 328/433/1173 346/445/1174
f 330/437/1175 329/435/1176 346/445/1177
f 331/439/1178 330/437/1179 346/445/1180
f 332/441/1181 331/439/1182 346/445/1183
f 333/443/1184 332/441/1185 346/445/1186
f 322/421/1187 333/443/1188 346/445/1189
g default
v -8.170792 1.021611 0.529057
v -8.176353 1.044217 0.529057
v -9.032008 1.021611 0.529057
v -9.037570 1.044217 0.529057
v -9.032008 1.021611 -0.429012
v -9.037570 1.044217 -0.429012
v -8.170792 1.021611 -0.429012
v -8.176353 1.044217 -0.429012
v -9.032442 1.075275 0.050023
v -8.171226 1.018981 0.050023
v -8.171226 1.075275 0.050023
v -8.601834 1.075275 0.529057
v -8.601834 1.018981 0.529057
v -8.601834 1.018981 -0.429012
v -8.601834 1.075275 -0.429012
v -8.595011 1.116601 0.050023
vt 0.977159 0.508637
vt 0.978850 0.508637
vt 0.948104 0.780110
vt 0.977159 0.526974
vt 0.977159 0.545499
vt 0.978850 0.545499
vt 0.966838 0.759555
vt 0.977159 0.449284
vt 0.948104 0.739003
vt 0.978850 0.467620
vt 0.977159 0.467620
vt 0.977159 0.488129
vt 0.929877 0.759555
vt 0.948104 0.759555
vt 0.978850 0.430758
vt 0.977159 0.430758
vt 0.978850 0.488129
vt 0.929877 0.739003
vt 0.978850 0.449284
vt 0.966838 0.739003
vt 0.929877 0.780110
vt 0.978850 0.526974
vt 0.966838 0.780110
vn 0.000000 0.000000 1.000000
vn 0.000000 0.000000 1.000000
vn 0.000000 0.000000 1.000000
vn 0.000000 0.000000 1.000000
vn -0.000000 0.000000 -1.000000
vn -0.000000 0.000000 -1.000000
vn -0.000000 0.000000 -1.000000
vn -0.000000 0.000000 -1.000000
vn 0.997524 0.070329 -0.000000
vn 0.997500 0.070327 0.006973
vn 0.997500 0.070327 0.006973
vn 0.997524 0.070329 -0.000000
vn 0.084677 0.993497 0.076117
vn 0.084923 0.996388 0.000000
vn 0.000753 1.000000 -0.000000
vn -0.000748 0.997159 0.075328
vn 0.997500 0.070327 -0.006973
vn 0.997524 0.070329 -0.000000
vn 0.997524 0.070329 -0.000000
vn 0.997500 0.070327 -0.006973
vn 0.000753 1.000000 -0.000000
vn 0.084923 0.996388 0.000000
vn 0.084677 0.993497 -0.076117
vn -0.000748 0.997159 -0.075328
vn 0.000000 0.000000 1.000000
vn 0.000000 0.000000 1.000000
vn 0.000000 0.000000 1.000000
vn 0.000000 0.000000 1.000000
vn 0.000000 0.000000 -1.000000
vn 0.000000 0.000000 -1.000000
vn -0.000000 0.000000 -1.000000
vn -0.000000 0.000000 -1.000000
vn -0.082615 0.996582 -0.000000
vn 0.000753 1.000000 -0.000000
vn -0.000748 0.997159 -0.075328
vn -0.082388 0.993845 -0.074059
vn -0.000748 0.997159 0.075328
vn 0.000753 1.000000 -0.000000
vn -0.082615 0.996582 -0.000000
vn -0.082388 0.993845 0.074059
s off
g Adicionales group16 Silla pCube59
usemtl pCylinder30SG
f 347/460/1190 348/461/1191 358/481/1192 359/463/1193
f 361/478/1194 354/469/1195 353/470/1196 360/467/1197
f 357/476/1198 348/461/1199 347/460/1200 356/471/1201
f 348/480/1202 357/472/1203 362/473/1204 358/462/1205
f 354/469/1206 357/476/1207 356/471/1208 353/470/1209
f 362/473/1210 357/472/1211 354/477/1212 361/468/1213
f 358/481/1214 350/465/1215 349/464/1216 359/463/1217
f 351/475/1218 352/474/1219 361/478/1220 360/467/1221
f 355/466/1222 362/473/1223 361/468/1224 352/479/1225
f 358/462/1226 362/473/1227 355/466/1228 350/482/1229
g default
v -9.033451 0.996844 0.554841
v -9.201973 0.990077 0.554841
v -9.201973 0.990077 -0.468591
v -9.033451 0.996844 -0.468591
v -9.164307 2.366169 0.429399
v -9.304903 2.359401 0.429399
v -9.304903 2.359401 -0.343148
v -9.164307 2.366169 -0.343148
v -9.192246 1.909727 0.497103
v -9.328116 1.902960 0.497103
v -9.328116 1.902960 -0.410853
v -9.192246 1.909727 -0.410853
v -9.120369 1.453285 0.535065
v -9.307484 1.446518 0.535065
v -9.307484 1.446518 -0.448815
v -9.120369 1.453285 -0.448815
v -9.194179 2.790163 -0.242584
v -9.194179 2.790163 0.328834
v -9.315890 2.784305 -0.242584
v -9.315890 2.784305 0.328834
v -9.175290 2.397706 0.328834
v -9.297000 2.391848 0.328834
v -9.297000 2.391848 -0.242584
v -9.175290 2.397706 -0.242584
v -9.038726 1.225064 0.544953
v -9.254729 1.218297 0.544953
v -9.254729 1.218297 -0.458703
v -9.038726 1.225064 -0.458703
v -9.118125 1.681506 0.516084
v -9.317800 1.674739 0.516084
v -9.317800 1.674739 -0.429834
v -9.118125 1.681506 -0.429834
v -9.140093 2.137948 0.463251
v -9.316509 2.131180 0.463251
v -9.316509 2.131180 -0.377001
v -9.140093 2.137948 -0.377001
v -9.236481 2.382189 0.445263
v -9.229918 2.144594 0.480505
v -9.263106 1.907000 0.515748
v -9.219154 1.669406 0.535509
v -9.214954 1.431812 0.555270
v -9.144994 1.194218 0.565564
v -9.114787 0.956624 0.560961
v -9.114787 0.956624 -0.474711
v -9.144994 1.194218 -0.479314
v -9.214954 1.431812 -0.469020
v -9.219154 1.669406 -0.449259
v -9.263106 1.907000 -0.429498
v -9.229918 2.144594 -0.394255
v -9.236481 2.382189 -0.359013
v -9.238083 2.415495 -0.254318
v -9.257748 2.824070 -0.254318
v -9.257748 2.824070 0.340569
v -9.238083 2.415495 0.340568
vt 0.772271 0.897261
vt 0.613921 0.840078
vt 0.782421 0.901026
vt 0.772271 0.901026
vt 0.604157 0.840500
vt 0.782421 0.904456
vt 0.946368 0.904456
vt 0.956517 0.904456
vt 0.956517 0.901026
vt 0.946368 0.901026
vt 0.946368 0.897261
vt 0.604161 0.796725
vt 0.852590 0.897261
vt 0.876199 0.897261
vt 0.876199 0.901026
vt 0.852590 0.901026
vt 0.665574 0.830840
vt 0.836659 0.901026
vt 0.892129 0.904456
vt 0.836659 0.904456
vt 0.852590 0.904456
vt 0.876199 0.904456
vt 0.892129 0.897261
vt 0.892129 0.901026
vt 0.812298 0.897261
vt 0.654328 0.836588
vt 0.822197 0.901026
vt 0.812298 0.901026
vt 0.916492 0.904456
vt 0.812298 0.904456
vt 0.822197 0.904456
vt 0.906591 0.904456
vt 0.916492 0.897261
vt 0.916492 0.901026
vt 0.906591 0.901026
vt 0.906591 0.897261
vt 0.792524 0.897261
vt 0.634051 0.838846
vt 0.802339 0.901026
vt 0.792524 0.901026
vt 0.936264 0.904456
vt 0.792524 0.904456
vt 0.802339 0.904456
vt 0.926450 0.904456
vt 0.936264 0.897261
vt 0.936264 0.901026
vt 0.926450 0.901026
vt 0.926450 0.897261
vt 0.832137 0.901026
vt 0.832137 0.897261
vt 0.896650 0.904456
vt 0.832137 0.904456
vt 0.896650 0.897261
vt 0.896650 0.901026
vt 0.822197 0.897261
vt 0.664144 0.835141
vt 0.802339 0.897261
vt 0.644315 0.838035
vt 0.782421 0.897261
vt 0.624289 0.839656
vt 0.836659 0.897261
vt 0.604157 0.840500
vt 0.654333 0.800648
vt 0.664148 0.802097
vt 0.634055 0.798386
vt 0.644319 0.799199
vt 0.613927 0.797149
vt 0.624294 0.797573
vt 0.665577 0.806399
vt 0.956517 0.897261
vt 0.682382 0.806401
vt 0.682380 0.830842
vt 0.654328 0.836588
vt 0.664145 0.835141
vt 0.634051 0.838846
vt 0.644314 0.838035
vt 0.613921 0.840078
vt 0.624288 0.839656
vt 0.665573 0.830840
vt 0.772271 0.904456
vt 0.682380 0.830842
vt 0.682382 0.806401
vt 0.654332 0.800648
vt 0.664148 0.802097
vt 0.634055 0.798386
vt 0.644319 0.799199
vt 0.613925 0.797149
vt 0.624293 0.797573
vt 0.665576 0.806399
vt 0.604161 0.796725
vn 0.133085 0.021379 0.990874
vn 0.156189 0.065608 0.985546
vn 0.010946 0.028085 0.999546
vn 0.009003 0.005519 0.999944
vn -0.974308 -0.225221 0.000000
vn -0.974308 -0.225221 0.000000
vn -0.974308 -0.225221 0.000000
vn -0.974308 -0.225221 0.000000
vn 0.009003 0.005519 -0.999944
vn 0.010946 0.028085 -0.999546
vn 0.156189 0.065608 -0.985546
vn 0.133084 0.021379 -0.990874
vn 0.999733 0.023106 0.000000
vn 0.983436 0.181253 0.000000
vn 0.983436 0.181253 0.000000
vn 0.999733 0.023106 0.000000
vn 0.470621 0.882336 0.000000
vn 0.470621 0.882336 0.000000
vn -0.047298 0.998881 0.000000
vn -0.047298 0.998881 0.000000
vn 0.186139 0.008959 0.982483
vn 0.186139 0.008959 0.982483
vn 0.001216 0.000058 0.999999
vn -0.000455 -0.000022 1.000000
vn -0.998844 -0.048077 0.000000
vn -0.998844 -0.048077 0.000000
vn -0.998844 -0.048077 0.000000
vn -0.998844 -0.048077 0.000000
vn 0.186139 0.008959 -0.982483
vn -0.000455 -0.000022 -1.000000
vn 0.001216 0.000058 -0.999999
vn 0.186139 0.008959 -0.982483
vn 0.998844 0.048076 0.000000
vn 0.998844 0.048076 0.000000
vn 0.998844 0.048076 0.000000
vn 0.998844 0.048076 0.000000
vn 0.211155 0.118437 0.970250
vn 0.219159 0.130845 0.966876
vn 0.005784 0.145171 0.989390
vn -0.027329 0.116314 0.992837
vn -0.999998 -0.002163 0.000000
vn -0.999998 -0.002163 0.000000
vn -0.998709 0.050791 0.000000
vn -0.998709 0.050791 0.000000
vn 0.211155 0.118437 -0.970251
vn -0.027329 0.116314 -0.992837
vn 0.005784 0.145170 -0.989390
vn 0.219160 0.130844 -0.966876
vn 0.997110 0.075976 0.000000
vn 0.997110 0.075976 0.000000
vn 0.996546 -0.083042 0.000000
vn 0.996546 -0.083042 0.000000
vn 0.178765 0.090681 0.979704
vn 0.193365 0.105751 0.975411
vn 0.007448 0.089401 0.995968
vn -0.018375 0.057595 0.998171
vn -0.989888 -0.141849 0.000000
vn -0.989888 -0.141849 0.000000
vn -0.998980 -0.045157 0.000000
vn -0.998980 -0.045157 0.000000
vn 0.178765 0.090680 -0.979704
vn -0.018375 0.057595 -0.998171
vn 0.007448 0.089401 -0.995968
vn 0.193364 0.105751 -0.975411
vn 0.983492 0.180955 0.000000
vn 0.983492 0.180955 0.000000
vn 0.989578 0.143998 0.000000
vn 0.989578 0.143998 0.000000
vn -0.046246 0.956324 0.288626
vn -0.045675 0.956352 0.288626
vn 0.285876 0.918650 0.272686
vn 0.285875 0.918650 0.272686
vn -0.971598 0.236637 0.000000
vn -0.971598 0.236637 0.000000
vn -0.971598 0.236637 0.000000
vn -0.971598 0.236637 0.000000
vn 0.285875 0.918651 -0.272684
vn -0.045673 0.956352 -0.288625
vn -0.046243 0.956325 -0.288624
vn 0.285875 0.918651 -0.272684
vn 0.944375 0.328869 0.000000
vn 0.944375 0.328869 0.000000
vn 0.944375 0.328869 0.000000
vn 0.944375 0.328869 0.000000
vn 0.156189 0.065608 0.985546
vn 0.178765 0.090681 0.979704
vn -0.018375 0.057595 0.998171
vn 0.010946 0.028085 0.999546
vn -0.974308 -0.225221 0.000000
vn -0.974308 -0.225221 0.000000
vn -0.989888 -0.141849 0.000000
vn -0.989888 -0.141849 0.000000
vn 0.156189 0.065608 -0.985546
vn 0.010946 0.028085 -0.999546
vn -0.018375 0.057595 -0.998171
vn 0.178765 0.090680 -0.979704
vn 0.983436 0.181253 0.000000
vn 0.983436 0.181253 0.000000
vn 0.983492 0.180955 0.000000
vn 0.983492 0.180955 0.000000
vn 0.193365 0.105751 0.975411
vn 0.211155 0.118437 0.970250
vn -0.027329 0.116314 0.992837
vn 0.007448 0.089401 0.995968
vn -0.998980 -0.045157 0.000000
vn -0.998980 -0.045157 0.000000
vn -0.999998 -0.002163 0.000000
vn -0.999998 -0.002163 0.000000
vn 0.193364 0.105751 -0.975411
vn 0.007448 0.089401 -0.995968
vn -0.027329 0.116314 -0.992837
vn 0.211155 0.118437 -0.970251
vn 0.989578 0.143998 0.000000
vn 0.989578 0.143998 0.000000
vn 0.997110 0.075976 0.000000
vn 0.997110 0.075976 0.000000
vn 0.219159 0.130845 0.966876
vn 0.218885 0.157303 0.962988
vn -0.002379 0.155490 0.987835
vn 0.005784 0.145171 0.989390
vn -0.998709 0.050791 0.000000
vn -0.998709 0.050791 0.000000
vn -0.998709 0.050792 0.000000
vn -0.998709 0.050792 0.000000
vn 0.219160 0.130844 -0.966876
vn 0.005784 0.145170 -0.989390
vn -0.002379 0.155490 -0.987835
vn 0.218886 0.157302 -0.962987
vn 0.996546 -0.083042 0.000000
vn 0.996546 -0.083042 0.000000
vn 0.994419 0.105502 0.000000
vn 0.994419 0.105502 0.000000
vn 0.005784 0.145171 0.989390
vn -0.002379 0.155490 0.987835
vn -0.239000 0.145004 0.960132
vn -0.242431 0.156116 0.957525
vn -0.027329 0.116314 0.992837
vn 0.005784 0.145171 0.989390
vn -0.242431 0.156116 0.957525
vn -0.235389 0.107120 0.965980
vn 0.007448 0.089401 0.995968
vn -0.027329 0.116314 0.992837
vn -0.235389 0.107120 0.965980
vn -0.210339 0.064955 0.975468
vn -0.018375 0.057595 0.998171
vn 0.007448 0.089401 0.995968
vn -0.210339 0.064955 0.975468
vn -0.196939 0.041099 0.979554
vn 0.010946 0.028085 0.999546
vn -0.018375 0.057595 0.998171
vn -0.196939 0.041099 0.979554
vn -0.178282 -0.011293 0.983915
vn 0.009003 0.005519 0.999944
vn 0.010946 0.028085 0.999546
vn -0.178282 -0.011293 0.983915
vn -0.138339 -0.013403 0.990294
vn -0.138339 -0.013404 -0.990294
vn -0.178282 -0.011292 -0.983915
vn 0.010946 0.028085 -0.999546
vn 0.009003 0.005519 -0.999944
vn -0.018375 0.057595 -0.998171
vn 0.010946 0.028085 -0.999546
vn -0.178282 -0.011292 -0.983915
vn -0.196939 0.041099 -0.979554
vn 0.007448 0.089401 -0.995968
vn -0.018375 0.057595 -0.998171
vn -0.196939 0.041099 -0.979554
vn -0.210339 0.064955 -0.975468
vn -0.027329 0.116314 -0.992837
vn 0.007448 0.089401 -0.995968
vn -0.210339 0.064955 -0.975468
vn -0.235389 0.107120 -0.965980
vn 0.005784 0.145170 -0.989390
vn -0.027329 0.116314 -0.992837
vn -0.235389 0.107120 -0.965980
vn -0.242432 0.156116 -0.957525
vn -0.002379 0.155490 -0.987835
vn 0.005784 0.145170 -0.989390
vn -0.242432 0.156116 -0.957525
vn -0.239001 0.145004 -0.960131
vn -0.046243 0.956325 -0.288624
vn -0.045673 0.956352 -0.288625
vn -0.381098 0.883797 -0.271417
vn -0.381098 0.883797 -0.271417
vn 0.001216 0.000058 -0.999999
vn -0.000455 -0.000022 -1.000000
vn -0.191759 -0.009230 -0.981399
vn -0.191759 -0.009230 -0.981399
vn -0.047298 0.998881 0.000000
vn -0.047298 0.998881 0.000000
vn -0.564530 0.825413 0.000000
vn -0.564530 0.825413 0.000000
vn -0.000455 -0.000022 1.000000
vn 0.001216 0.000058 0.999999
vn -0.191758 -0.009230 0.981399
vn -0.191758 -0.009230 0.981399
vn -0.381099 0.883796 0.271418
vn -0.045675 0.956352 0.288626
vn -0.046246 0.956324 0.288626
vn -0.381099 0.883796 0.271418
s off
g Adicionales group16 Silla pCube57
usemtl pCylinder30SG
f 363/483/1230 387/541/1231 404/485/1232 405/486/1233
f 364/487/1234 388/559/1235 389/569/1236 365/572/1237
f 406/491/1238 407/492/1239 390/493/1240 366/552/1241
f 366/494/1242 390/549/1243 387/484/1244 363/544/1245
f 380/495/1246 379/496/1247 414/497/1248 415/498/1249
f 383/543/1250 380/495/1251 415/498/1252 416/500/1253
f 385/571/1254 384/561/1255 382/563/1256 381/564/1257
f 386/505/1258 413/506/1259 414/497/1260 379/496/1261
f 383/499/1262 386/551/1263 379/553/1264 380/554/1265
f 371/507/1266 395/537/1267 400/509/1268 401/510/1269
f 373/568/1270 372/558/1271 396/555/1272 397/565/1273
f 374/515/1274 410/516/1275 411/517/1276 398/518/1277
f 371/540/1278 374/548/1279 398/545/1280 395/508/1281
f 375/519/1282 391/539/1283 402/521/1284 403/522/1285
f 377/570/1286 376/560/1287 392/557/1288 393/567/1289
f 378/527/1290 408/528/1291 409/529/1292 394/530/1293
f 375/542/1294 378/550/1295 394/547/1296 391/520/1297
f 416/500/1298 399/531/1299 367/532/1300 383/543/1301
f 369/566/1302 368/556/1303 384/561/1304 385/571/1305
f 370/535/1306 412/536/1307 413/506/1308 386/505/1309
f 367/538/1310 370/546/1311 386/551/1312 383/499/1313
f 387/541/1314 375/519/1315 403/522/1316 404/485/1317
f 389/569/1318 388/559/1319 376/560/1320 377/570/1321
f 390/493/1322 407/492/1323 408/528/1324 378/527/1325
f 387/484/1326 390/549/1327 378/550/1328 375/542/1329
f 391/539/1330 371/507/1331 401/510/1332 402/521/1333
f 393/567/1334 392/557/1335 372/558/1336 373/568/1337
f 394/530/1338 409/529/1339 410/516/1340 374/515/1341
f 391/520/1342 394/547/1343 374/548/1344 371/540/1345
f 395/537/1346 367/532/1347 399/531/1348 400/509/1349
f 397/565/1350 396/555/1351 368/556/1352 369/566/1353
f 398/518/1354 411/517/1355 412/536/1356 370/535/1357
f 395/508/1358 398/545/1359 370/546/1360 367/538/1361
f 400/509/1362 399/531/1363 368/534/1364 396/513/1365
f 401/510/1366 400/509/1367 396/513/1368 372/512/1369
f 402/521/1370 401/510/1371 372/512/1372 392/525/1373
f 403/522/1374 402/521/1375 392/525/1376 376/524/1377
f 404/485/1378 403/522/1379 376/524/1380 388/488/1381
f 405/486/1382 404/485/1383 388/488/1384 364/562/1385
f 365/490/1386 389/489/1387 407/492/1388 406/491/1389
f 408/528/1390 407/492/1391 389/489/1392 377/523/1393
f 409/529/1394 408/528/1395 377/523/1396 393/526/1397
f 410/516/1398 409/529/1399 393/526/1400 373/511/1401
f 411/517/1402 410/516/1403 373/511/1404 397/514/1405
f 412/536/1406 411/517/1407 397/514/1408 369/533/1409
f 413/506/1410 412/536/1411 369/533/1412 385/501/1413
f 414/497/1414 413/506/1415 385/501/1416 381/504/1417
f 415/498/1418 414/497/1419 381/504/1420 382/503/1421
f 416/500/1422 415/498/1423 382/503/1424 384/502/1425
f 368/534/1426 399/531/1427 416/500/1428 384/502/1429
g default
v -9.177143 2.409589 0.313601
v -9.156439 2.413992 0.313601
v -9.195217 2.781148 0.313601
v -9.174514 2.785552 0.313601
v -9.195217 2.781148 -0.237516
v -9.174514 2.785552 -0.237516
v -9.177143 2.409589 -0.237516
v -9.156439 2.413992 -0.237516
v -9.145800 2.786092 0.038042
v -9.197648 2.781102 0.038042
v -9.179574 2.409543 0.038042
v -9.127727 2.414533 0.038042
v -9.136764 2.600313 0.313601
v -9.188610 2.595322 0.313601
v -9.188610 2.595322 -0.237516
v -9.136764 2.600313 -0.237516
v -9.098558 2.601032 0.038042
vt 0.983971 0.545592
vt 0.982412 0.545592
vt 0.572636 0.804769
vt 0.983971 0.537627
vt 0.983971 0.529629
vt 0.982412 0.529629
vt 0.584510 0.812895
vt 0.983971 0.517811
vt 0.983971 0.497996
vt 0.982412 0.497996
vt 0.982412 0.490020
vt 0.983971 0.490020
vt 0.983971 0.478193
vt 0.982412 0.478193
vt 0.584510 0.804769
vt 0.982412 0.505993
vt 0.983971 0.505993
vt 0.982412 0.517811
vt 0.572636 0.812895
vt 0.982412 0.537627
vt 0.596384 0.804769
vt 0.596384 0.812895
vt 0.572636 0.796726
vt 0.584510 0.796726
vt 0.596384 0.796726
vt 0.982412 0.466373
vt 0.983971 0.466373
vn 0.000001 0.000000 1.000000
vn 0.000001 0.000000 1.000000
vn 0.000000 0.000000 1.000000
vn 0.000000 0.000000 1.000000
vn -0.128407 0.991708 -0.005235
vn -0.128409 0.991721 0.000000
vn -0.128409 0.991721 0.000000
vn -0.128407 0.991708 -0.005235
vn -0.000000 0.000000 -1.000000
vn -0.000000 0.000000 -1.000000
vn -0.000000 0.000000 -1.000000
vn -0.000000 0.000000 -1.000000
vn 0.128391 -0.991724 -0.000000
vn 0.128390 -0.991710 0.005232
vn 0.128390 -0.991710 0.005232
vn 0.128391 -0.991724 -0.000000
vn 0.984453 -0.128972 0.119242
vn 0.991527 -0.129899 0.000000
vn 0.998841 0.048142 0.000000
vn 0.991518 0.048678 0.120506
vn -0.128409 0.991721 0.000000
vn -0.128407 0.991708 0.005235
vn -0.128407 0.991708 0.005235
vn -0.128409 0.991721 0.000000
vn 0.128390 -0.991710 -0.005233
vn 0.128391 -0.991724 -0.000000
vn 0.128391 -0.991724 -0.000000
vn 0.128390 -0.991710 -0.005233
vn 0.998841 0.048142 0.000000
vn 0.991527 -0.129899 0.000000
vn 0.984453 -0.128972 -0.119242
vn 0.991518 0.048678 -0.120506
vn 0.000000 0.000000 1.000000
vn -0.000001 0.000000 1.000000
vn -0.000001 0.000000 1.000000
vn 0.000000 0.000000 1.000000
vn -0.000000 0.000000 -1.000000
vn -0.000000 0.000000 -1.000000
vn -0.000000 0.000000 -1.000000
vn -0.000000 0.000000 -1.000000
vn 0.974656 0.223709 0.000000
vn 0.998841 0.048142 0.000000
vn 0.991518 0.048678 -0.120506
vn 0.967843 0.222146 -0.118029
vn 0.991518 0.048678 0.120506
vn 0.998841 0.048142 0.000000
vn 0.974656 0.223709 0.000000
vn 0.967843 0.222145 0.118029
s off
g Adicionales group16 Silla pCube58
usemtl pCylinder30SG
f 417/573/1430 418/574/1431 429/592/1432 430/576/1433
f 420/578/1434 425/590/1435 426/580/1436 419/577/1437
f 432/582/1438 424/583/1439 423/584/1440 431/581/1441
f 428/586/1442 418/598/1443 417/599/1444 427/585/1445
f 418/595/1446 428/596/1447 433/587/1448 429/575/1449
f 425/590/1450 422/588/1451 421/589/1452 426/580/1453
f 424/583/1454 428/586/1455 427/585/1456 423/584/1457
f 433/587/1458 428/596/1459 424/597/1460 432/593/1461
f 429/592/1462 420/578/1463 419/577/1464 430/576/1465
f 422/588/1466 432/582/1467 431/581/1468 421/589/1469
f 425/579/1470 433/587/1471 432/593/1472 422/594/1473
f 429/575/1474 433/587/1475 425/579/1476 420/591/1477
g default
v -9.169698 0.827122 0.550751
v -8.160896 0.827122 0.550751
v -9.197905 1.026424 0.550751
v -8.160896 1.026424 0.550751
v -9.197905 1.026424 -0.458051
v -8.160896 1.026424 -0.458051
v -9.169698 0.827122 -0.458051
v -8.160896 0.827122 -0.458051
v -8.125974 0.921135 0.585192
v -9.218723 0.921135 0.585192
v -9.218723 0.921135 -0.492491
v -8.125974 0.921135 -0.492491
vt 0.588780 0.930098
vt 0.346734 0.890780
vt 0.633198 0.934446
vt 0.588780 0.934446
vt 0.588780 0.939170
vt 0.633198 0.939170
vt 0.678417 0.939170
vt 0.544931 0.939170
vt 0.544931 0.934446
vt 0.678417 0.934446
vt 0.499086 0.930098
vt 0.544931 0.930098
vt 0.499086 0.934446
vt 0.389883 0.890783
vt 0.678417 0.930098
vt 0.633198 0.930098
vt 0.389886 0.847633
vt 0.346737 0.847630
vt 0.347031 0.891078
vt 0.499086 0.939170
vt 0.389586 0.891080
vt 0.389589 0.847336
vt 0.347034 0.847333
vn 0.000000 -0.343982 0.938976
vn 0.000000 -0.343982 0.938976
vn 0.000000 0.006473 0.999979
vn 0.000000 0.039251 0.999229
vn 0.000000 1.000000 0.000000
vn 0.000000 1.000000 0.000000
vn 0.000000 1.000000 0.000000
vn 0.000000 1.000000 0.000000
vn 0.000000 0.039251 -0.999229
vn 0.000000 0.006473 -0.999979
vn 0.000000 -0.343984 -0.938976
vn 0.000000 -0.343984 -0.938976
vn 0.000000 -1.000000 0.000000
vn 0.000000 -1.000000 0.000000
vn 0.000000 -1.000000 0.000000
vn 0.000000 -1.000000 0.000000
vn 0.937416 -0.348212 0.000000
vn 0.937416 -0.348213 0.000000
vn 0.999991 0.004152 0.000000
vn 0.999991 0.004152 0.000000
vn -0.886679 -0.462385 0.000000
vn -0.886679 -0.462385 0.000000
vn -0.990202 -0.139639 0.000000
vn -0.990202 -0.139639 0.000000
vn 0.000000 0.039251 0.999229
vn 0.000000 0.006473 0.999979
vn 0.000000 0.310893 0.950445
vn 0.000000 0.310893 0.950445
vn -0.990202 -0.139639 0.000000
vn -0.990202 -0.139639 0.000000
vn -0.981006 0.193976 0.000000
vn -0.981006 0.193976 0.000000
vn 0.000000 0.310895 -0.950444
vn 0.000000 0.310895 -0.950444
vn 0.000000 0.006473 -0.999979
vn 0.000000 0.039251 -0.999229
vn 0.999991 0.004152 0.000000
vn 0.999991 0.004152 0.000000
vn 0.949154 0.314813 0.000000
vn 0.949154 0.314813 0.000000
s off
g Adicionales group16 Silla pCube56
usemtl pCylinder30SG
f 434/600/1478 435/615/1479 442/602/1480 443/603/1481
f 436/621/1482 437/620/1483 439/618/1484 438/622/1485
f 444/608/1486 445/612/1487 441/610/1488 440/611/1489
f 440/616/1490 441/613/1491 435/601/1492 434/617/1493
f 435/615/1494 441/614/1495 445/609/1496 442/602/1497
f 440/611/1498 434/600/1499 443/603/1500 444/608/1501
f 443/603/1502 442/602/1503 437/605/1504 436/604/1505
f 444/608/1506 443/603/1507 436/604/1508 438/607/1509
f 438/607/1510 439/619/1511 445/612/1512 444/608/1513
f 442/602/1514 445/609/1515 439/606/1516 437/605/1517
g default
v -9.240848 1.328524 -0.552269
v -8.413704 1.321636 -0.552269
v -9.240848 1.359246 -0.552269
v -8.437787 1.366133 -0.552269
v -9.240848 1.359246 -0.469410
v -8.437787 1.366133 -0.469410
v -9.240848 1.328524 -0.469410
v -8.413704 1.321636 -0.469410
v -8.474091 1.321636 -0.469410
v -8.474091 1.321636 -0.552269
v -8.664616 0.940803 -0.493215
v -8.664616 0.940803 -0.576074
v -8.639914 0.940803 -0.493215
v -8.639914 0.940803 -0.576074
v -9.185794 1.366133 -0.552269
v -9.185794 1.366133 -0.469410
v -9.185794 1.321636 -0.469410
v -9.185794 1.321636 -0.552269
v -8.661379 0.979326 -0.573667
v -8.600994 0.979326 -0.573667
v -8.600994 0.979326 -0.490806
v -8.661379 0.979326 -0.490806
v -9.240847 1.328524 0.639280
v -8.413704 1.321636 0.639280
v -9.240847 1.359246 0.639280
v -8.437786 1.366133 0.639280
v -9.240847 1.359246 0.556421
v -8.437786 1.366133 0.556421
v -9.240847 1.328524 0.556421
v -8.413704 1.321636 0.556421
v -8.474090 1.321636 0.556421
v -8.474090 1.321636 0.639280
v -8.664614 0.940802 0.580226
v -8.664614 0.940802 0.663085
v -8.639913 0.940802 0.580226
v -8.639913 0.940802 0.663085
v -9.185794 1.366133 0.639280
v -9.185794 1.366133 0.556421
v -9.185794 1.321636 0.556421
v -9.185794 1.321636 0.639280
v -8.661378 0.979326 0.660677
v -8.600993 0.979326 0.660677
v -8.600993 0.979326 0.577817
v -8.661378 0.979326 0.577817
vt 0.010931 0.001853
vt 0.010921 0.001853
vt 0.010904 0.001853
vt 0.262797 0.014150
vt 0.010921 0.001879
vt 0.262810 0.014150
vt 0.010931 0.001879
vt 0.010948 0.001879
vt 0.010654 0.001853
vt 0.262810 0.013916
vt 0.010670 0.001879
vt 0.262796 0.013908
vt 0.262796 0.013927
vt 0.011305 0.001853
vt 0.262677 0.013979
vt 0.010515 0.001879
vt 0.262677 0.013987
vt 0.011171 0.001853
vt 0.262689 0.013986
vt 0.011293 0.001879
vt 0.262689 0.013967
vt 0.010532 0.001853
vt 0.010532 0.001879
vt 0.010904 0.001879
vt 0.262810 0.013916
vt 0.010654 0.001879
vt 0.262796 0.014150
vt 0.262808 0.014167
vt 0.262799 0.014167
vt 0.011171 0.001879
vt 0.262689 0.013986
vt 0.010507 0.001879
vt 0.262677 0.013979
vt 0.011305 0.001879
vt 0.010948 0.001853
vt 0.262799 0.014167
vt 0.011293 0.001853
vt 0.010507 0.001853
vt 0.262796 0.013927
vt 0.262689 0.013967
vt 0.262810 0.014150
vt 0.010670 0.001853
vt 0.262796 0.013908
vt 0.262808 0.014167
vt 0.262677 0.013987
vt 0.010515 0.001853
vt 0.000122 0.014142
vt 0.000131 0.014142
vt 0.000134 0.014125
vt 0.000120 0.014125
vt 0.010921 0.001853
vt 0.010921 0.001879
vt 0.010904 0.001879
vt 0.010904 0.001853
vt 0.000131 0.014142
vt 0.000122 0.014142
vt 0.000120 0.014125
vt 0.000134 0.014125
vt 0.010930 0.001879
vt 0.010930 0.001853
vt 0.010948 0.001853
vt 0.010948 0.001879
vt 0.010654 0.001853
vt 0.010670 0.001853
vt 0.010670 0.001879
vt 0.010654 0.001879
vt 0.000120 0.013902
vt 0.000120 0.013883
vt 0.000134 0.013891
vt 0.010507 0.001853
vt 0.010515 0.001853
vt 0.010515 0.001879
vt 0.010507 0.001879
vt 0.000134 0.013891
vt 0.000120 0.013883
vt 0.000120 0.013902
vt 0.011170 0.001853
vt 0.011293 0.001853
vt 0.011293 0.001879
vt 0.011170 0.001879
vt 0.000012 0.013961
vt 0.000012 0.013942
vt 0.010532 0.001879
vt 0.010532 0.001853
vt 0.000012 0.013942
vt 0.000012 0.013961
vt 0.000000 0.013954
vt 0.000000 0.013962
vt -0.000000 0.013962
vt -0.000000 0.013954
vt 0.011305 0.001853
vt 0.011305 0.001879
vn -0.000000 0.000000 -1.000000
vn -0.000000 0.000000 -1.000000
vn -0.000000 0.000000 -1.000000
vn -0.000000 0.000000 -1.000000
vn -0.124142 0.992264 0.000000
vn -0.124142 0.992264 0.000000
vn -0.008576 0.999963 0.000000
vn -0.008576 0.999963 0.000000
vn -0.000001 0.000000 1.000000
vn -0.000001 0.000000 1.000000
vn -0.000000 0.000000 1.000000
vn -0.000000 0.000000 1.000000
vn -0.124142 -0.992264 0.000000
vn -0.124142 -0.992264 0.000000
vn -0.008983 -0.999960 0.000000
vn -0.008983 -0.999960 0.000000
vn 0.879466 0.475962 0.000000
vn 0.879466 0.475962 0.000000
vn 0.879466 0.475962 0.000000
vn 0.879466 0.475962 0.000000
vn -1.000000 0.000000 0.000000
vn -1.000000 0.000000 0.000000
vn -1.000000 0.000000 0.000000
vn -1.000000 0.000000 0.000000
vn 0.000000 0.000000 1.000000
vn 0.000000 0.000000 1.000000
vn 0.000000 0.000000 1.000000
vn 0.000000 -1.000000 0.000000
vn 0.000000 -1.000000 0.000000
vn 0.000000 -1.000000 0.000000
vn 0.000000 -1.000000 0.000000
vn 0.000000 0.000000 -1.000000
vn 0.000000 0.000000 -1.000000
vn 0.000000 0.000000 -1.000000
vn -0.877278 0.479982 0.000000
vn -0.895480 0.445101 0.000000
vn -0.893234 0.449592 0.000000
vn -0.877278 0.479982 0.000000
vn 0.000000 -0.062382 0.998052
vn 0.000000 -0.062386 0.998052
vn 0.000000 -0.062383 0.998052
vn 0.000000 -0.062382 0.998052
vn 0.877275 -0.479988 0.000000
vn 0.860738 -0.509049 0.000000
vn 0.858738 -0.512415 0.000000
vn 0.877275 -0.479988 0.000000
vn 0.000000 0.062387 -0.998052
vn 0.000000 0.062387 -0.998052
vn 0.000000 0.062386 -0.998052
vn 0.000000 0.062387 -0.998052
vn -0.008576 0.999963 0.000000
vn -0.008576 0.999963 0.000000
vn 0.000000 1.000000 0.000000
vn 0.000000 1.000000 0.000000
vn -0.000000 0.000000 1.000000
vn 0.000000 0.000000 1.000000
vn 0.000000 0.000000 1.000000
vn -0.000000 0.000000 1.000000
vn -0.008983 -0.999960 0.000000
vn 0.000000 -1.000000 0.000000
vn 0.000000 -1.000000 0.000000
vn -0.008983 -0.999960 0.000000
vn -0.000000 0.000000 -1.000000
vn 0.000000 0.000000 -1.000000
vn 0.000000 0.000000 -1.000000
vn -0.000000 0.000000 -1.000000
vn 0.000000 0.062387 -0.998052
vn 0.000000 0.062372 -0.998053
vn 0.000000 0.062372 -0.998053
vn 0.000000 0.062386 -0.998052
vn 0.860738 -0.509049 0.000000
vn 0.703484 -0.710711 0.000000
vn 0.703484 -0.710711 0.000000
vn 0.858738 -0.512415 0.000000
vn 0.000000 -0.062386 0.998052
vn 0.000000 -0.062417 0.998050
vn 0.000000 -0.062417 0.998050
vn 0.000000 -0.062383 0.998052
vn -0.895480 0.445101 0.000000
vn -0.996491 0.083696 0.000000
vn -0.996491 0.083695 0.000000
vn -0.893234 0.449592 0.000000
vn -0.000001 0.000000 1.000000
vn -0.000000 0.000000 1.000000
vn -0.000000 0.000000 1.000000
vn -0.000001 0.000000 1.000000
vn -0.124143 0.992264 0.000000
vn -0.008576 0.999963 0.000000
vn -0.008576 0.999963 0.000000
vn -0.124143 0.992264 0.000000
vn 0.000000 0.000000 -1.000000
vn 0.000000 0.000000 -1.000000
vn 0.000000 0.000000 -1.000000
vn 0.000000 0.000000 -1.000000
vn -0.124143 -0.992264 0.000000
vn -0.008983 -0.999960 0.000000
vn -0.008983 -0.999960 0.000000
vn -0.124143 -0.992264 0.000000
vn 0.879460 0.475973 0.000000
vn 0.879460 0.475973 0.000000
vn 0.879460 0.475973 0.000000
vn 0.879460 0.475973 0.000000
vn -1.000000 0.000000 0.000000
vn -1.000000 0.000000 0.000000
vn -1.000000 0.000000 0.000000
vn -1.000000 0.000000 0.000000
vn 0.000000 0.000000 -1.000000
vn 0.000000 0.000000 -1.000000
vn 0.000000 0.000000 -1.000000
vn 0.000000 -1.000000 0.000000
vn 0.000000 -1.000000 0.000000
vn 0.000000 -1.000000 0.000000
vn 0.000000 -1.000000 0.000000
vn 0.000000 0.000000 1.000000
vn 0.000000 0.000000 1.000000
vn 0.000000 0.000000 1.000000
vn -0.877279 0.479982 0.000000
vn -0.877279 0.479982 0.000000
vn -0.893234 0.449592 0.000000
vn -0.895480 0.445101 0.000000
vn 0.000000 -0.062381 -0.998052
vn 0.000000 -0.062381 -0.998052
vn 0.000000 -0.062382 -0.998052
vn 0.000000 -0.062385 -0.998052
vn 0.877275 -0.479988 0.000000
vn 0.877275 -0.479988 0.000000
vn 0.858737 -0.512417 0.000000
vn 0.860737 -0.509050 0.000000
vn 0.000000 0.062386 0.998052
vn 0.000000 0.062386 0.998052
vn 0.000000 0.062385 0.998052
vn 0.000000 0.062386 0.998052
vn -0.008576 0.999963 0.000000
vn 0.000000 1.000000 0.000000
vn 0.000000 1.000000 0.000000
vn -0.008576 0.999963 0.000000
vn 0.000000 0.000000 -1.000000
vn 0.000000 0.000000 -1.000000
vn 0.000000 0.000000 -1.000000
vn 0.000000 0.000000 -1.000000
vn -0.008983 -0.999960 0.000000
vn -0.008983 -0.999960 0.000000
vn 0.000000 -1.000000 0.000000
vn 0.000000 -1.000000 0.000000
vn -0.000000 0.000000 1.000000
vn -0.000000 0.000000 1.000000
vn 0.000000 0.000000 1.000000
vn 0.000000 0.000000 1.000000
vn 0.000000 0.062386 0.998052
vn 0.000000 0.062385 0.998052
vn 0.000000 0.062374 0.998053
vn 0.000000 0.062374 0.998053
vn 0.860737 -0.509050 0.000000
vn 0.858737 -0.512417 0.000000
vn 0.703479 -0.710716 0.000000
vn 0.703479 -0.710716 0.000000
vn 0.000000 -0.062385 -0.998052
vn 0.000000 -0.062382 -0.998052
vn 0.000000 -0.062418 -0.998050
vn 0.000000 -0.062418 -0.998050
vn -0.895480 0.445101 0.000000
vn -0.893234 0.449592 0.000000
vn -0.996492 0.083694 0.000000
vn -0.996492 0.083694 0.000000
s off
g Adicionales group16 Silla polySurface2
usemtl pCylinder30SG
f 446/658/1518 448/666/1519 460/663/1520 463/626/1521
f 448/624/1522 450/627/1523 461/646/1524 460/625/1525
f 450/650/1526 452/651/1527 462/649/1528 461/628/1529
f 452/629/1530 446/623/1531 463/657/1532 462/630/1533
f 447/631/1534 449/664/1535 451/633/1536 453/648/1537
f 452/629/1538 450/627/1539 448/624/1540 446/623/1541
f 454/635/1542 453/634/1543 451/647/1544
f 457/660/1545 459/668/1546 458/638/1547 456/654/1548
f 449/632/1549 447/665/1550 455/661/1551
f 455/640/1552 464/659/1553 467/642/1554 454/652/1555
f 454/635/1556 467/653/1557 466/643/1558 453/634/1559
f 453/648/1560 466/645/1561 465/644/1562 447/631/1563
f 447/665/1564 465/662/1565 464/641/1566 455/661/1567
f 460/625/1568 461/646/1569 451/633/1570 449/664/1571
f 462/649/1572 454/635/1573 451/647/1574 461/628/1575
f 463/657/1576 455/640/1577 454/652/1578 462/630/1579
f 460/663/1580 449/632/1581 455/661/1582 463/626/1583
f 465/662/1584 459/637/1585 457/667/1586 464/641/1587
f 466/645/1588 458/638/1589 459/668/1590 465/644/1591
f 467/653/1592 456/639/1593 458/655/1594 466/643/1595
f 464/659/1596 457/636/1597 456/656/1598 467/642/1599
f 468/669/1600 485/672/1601 482/671/1602 470/670/1603
f 470/673/1604 482/676/1605 483/675/1606 472/674/1607
f 472/677/1608 483/680/1609 484/679/1610 474/678/1611
f 474/681/1612 484/684/1613 485/683/1614 468/682/1615
f 469/685/1616 475/688/1617 473/687/1618 471/686/1619
f 474/681/1620 468/682/1621 470/673/1622 472/674/1623
f 476/689/1624 473/691/1625 475/690/1626
f 479/692/1627 478/695/1628 480/694/1629 481/693/1630
f 471/696/1631 477/698/1632 469/697/1633
f 477/699/1634 476/702/1635 489/701/1636 486/700/1637
f 476/689/1638 475/690/1639 488/704/1640 489/703/1641
f 475/688/1642 469/685/1643 487/706/1644 488/705/1645
f 469/697/1646 477/698/1647 486/708/1648 487/707/1649
f 482/676/1650 471/686/1651 473/687/1652 483/675/1653
f 484/679/1654 483/680/1655 473/691/1656 476/689/1657
f 485/683/1658 484/684/1659 476/702/1660 477/699/1661
f 482/671/1662 485/672/1663 477/698/1664 471/696/1665
f 487/707/1666 486/708/1667 479/710/1668 481/709/1669
f 488/705/1670 487/706/1671 481/693/1672 480/694/1673
f 489/703/1674 488/704/1675 480/712/1676 478/711/1677
f 486/700/1678 489/701/1679 478/714/1680 479/713/1681
g default
v 9.433910 0.169521 1.329802
v 9.511651 0.169521 1.329802
v 9.433910 4.419265 1.329802
v 9.511651 4.419265 1.329802
v 9.433910 4.419265 1.296976
v 9.511651 4.419265 1.296976
v 9.433910 0.169521 1.296976
v 9.511651 0.169521 1.296976
vt 0.981888 0.183625
vt 0.978562 0.183625
vt 0.978562 0.001853
vt 0.981888 0.001853
vt 0.977159 0.001853
vt 0.977159 0.183625
vt 0.983292 0.001853
vt 0.983292 0.183625
vn 0.000000 0.000000 -1.000000
vn 0.000000 0.000000 -1.000000
vn 0.000000 0.000000 -1.000000
vn 0.000000 0.000000 -1.000000
vn 1.000000 0.000000 0.000000
vn 1.000000 0.000000 0.000000
vn 1.000000 0.000000 0.000000
vn 1.000000 0.000000 0.000000
vn -1.000000 0.000000 0.000000
vn -1.000000 0.000000 0.000000
vn -1.000000 0.000000 0.000000
vn -1.000000 0.000000 0.000000
s off
g Adicionales group16 pCube54 Puerta
usemtl pCylinder30SG
f 494/715/1682 495/716/1683 497/717/1684 496/718/1685
f 491/719/1686 497/717/1687 495/716/1688 493/720/1689
f 496/718/1690 490/721/1691 492/722/1692 494/715/1693
g default
v 9.305132 0.182614 4.128176
v 9.363029 0.182614 4.128176
v 9.305132 4.432358 4.128176
v 9.363029 4.432358 4.128176
v 9.305132 4.432358 0.684423
v 9.363029 4.432358 0.684423
v 9.305132 0.182614 0.684423
v 9.363029 0.182614 0.684423
vt 0.417707 0.434700
vt 0.415231 0.434700
vt 0.415231 0.252925
vt 0.417707 0.252925
vt 0.267931 0.252925
vt 0.267931 0.434700
vt 0.565005 0.252925
vt 0.565005 0.434700
vn 0.000000 0.000000 -1.000000
vn 0.000000 0.000000 -1.000000
vn 0.000000 0.000000 -1.000000
vn 0.000000 0.000000 -1.000000
vn 1.000000 0.000000 0.000000
vn 1.000000 0.000000 0.000000
vn 1.000000 0.000000 0.000000
vn 1.000000 0.000000 0.000000
vn -1.000000 0.000000 0.000000
vn -1.000000 0.000000 0.000000
vn -1.000000 0.000000 0.000000
vn -1.000000 0.000000 0.000000
s off
g Adicionales group16 Puerta pCube53
usemtl pCylinder30SG
f 502/723/1694 503/724/1695 505/725/1696 504/726/1697
f 499/727/1698 505/725/1699 503/724/1700 501/728/1701
f 504/726/1702 498/729/1703 500/730/1704 502/723/1705
g default
v 9.222365 0.182614 3.072363
v 9.257993 0.182614 3.072363
v 9.222365 4.432358 3.072363
v 9.257993 4.432358 3.072363
v 9.222365 4.432358 1.323746
v 9.257993 4.432358 1.323746
v 9.222365 0.182614 1.323746
v 9.257993 0.182614 1.323746
vt 0.601671 0.616476
vt 0.600147 0.616476
vt 0.600147 0.434700
vt 0.601671 0.434700
vt 0.525354 0.434700
vt 0.525354 0.616476
vt 0.676464 0.434700
vt 0.676464 0.616476
vn 0.000000 0.000000 -1.000000
vn 0.000000 0.000000 -1.000000
vn 0.000000 0.000000 -1.000000
vn 0.000000 0.000000 -1.000000
vn 1.000000 0.000000 0.000000
vn 1.000000 0.000000 0.000000
vn 1.000000 0.000000 0.000000
vn 1.000000 0.000000 0.000000
vn -1.000000 0.000000 0.000000
vn -1.000000 0.000000 0.000000
vn -1.000000 0.000000 0.000000
vn -1.000000 0.000000 0.000000
s off
g Adicionales group16 Puerta pCube52
usemtl pCylinder30SG
f 510/731/1706 511/732/1707 513/733/1708 512/734/1709
f 507/735/1710 513/733/1711 511/732/1712 509/736/1713
f 512/734/1714 506/737/1715 508/738/1716 510/731/1717
g default
v 9.451664 0.182614 3.072363
v 9.487291 0.182614 3.072363
v 9.451664 4.432358 3.072363
v 9.487291 4.432358 3.072363
v 9.451664 4.432358 1.323746
v 9.487291 4.432358 1.323746
v 9.451664 0.182614 1.323746
v 9.487291 0.182614 1.323746
vt 0.969806 0.589416
vt 0.969806 0.664209
vt 0.788031 0.664209
vt 0.788031 0.589416
vt 0.969806 0.589416
vt 0.969806 0.664210
vt 0.788032 0.664210
vt 0.788032 0.589416
vn 1.000000 0.000000 0.000000
vn 1.000000 0.000000 0.000000
vn 1.000000 0.000000 0.000000
vn 1.000000 0.000000 0.000000
vn -1.000000 0.000000 0.000000
vn -1.000000 0.000000 0.000000
vn -1.000000 0.000000 0.000000
vn -1.000000 0.000000 0.000000
s off
g Adicionales group16 Puerta pCube51
usemtl pCylinder30SG
f 515/739/1718 521/740/1719 519/741/1720 517/742/1721
f 520/743/1722 514/744/1723 516/745/1724 518/746/1725
g default
v -11.468507 0.203243 -7.757597
v -11.292423 0.203243 -7.757597
v -11.468507 5.962485 -7.757597
v -11.292423 5.962485 -7.757597
v -11.468507 5.962485 -7.799768
v -11.292423 5.962485 -7.799768
v -11.468507 0.203243 -7.799768
v -11.292423 0.203243 -7.799768
vt 0.971330 0.905437
vt 0.971330 0.912969
vt 0.724989 0.912969
vt 0.724989 0.905437
vt 0.724989 0.922304
vt 0.724989 0.914772
vt 0.971330 0.914772
vt 0.971330 0.922304
vn 0.000000 0.000000 1.000000
vn 0.000000 0.000000 1.000000
vn 0.000000 0.000000 1.000000
vn 0.000000 0.000000 1.000000
vn 0.000000 0.000000 -1.000000
vn 0.000000 0.000000 -1.000000
vn 0.000000 0.000000 -1.000000
vn 0.000000 0.000000 -1.000000
vn 1.000000 0.000000 0.000000
vn 1.000000 0.000000 0.000000
vn 1.000000 0.000000 0.000000
vn 1.000000 0.000000 0.000000
s off
g Adicionales group16 Decorativo1
usemtl pCylinder30SG
f 522/747/1726 523/748/1727 525/749/1728 524/750/1729
f 526/751/1730 527/752/1731 529/753/1732 528/754/1733
f 523/748/1734 529/753/1735 527/752/1736 525/749/1737
g default
v 8.903036 0.159491 -2.313273
v 8.963488 0.159491 -2.315589
v 8.903036 0.580986 -2.313273
v 8.963488 0.580986 -2.315589
v 8.917880 0.580986 -7.901099
v 8.978333 0.580986 -7.901099
v 8.917880 0.159491 -7.901099
v 8.978333 0.159491 -7.901099
v 9.042859 0.159491 -2.168718
v 9.045227 0.159491 -2.224675
v 9.045227 0.580986 -2.224675
v 9.042859 0.580986 -2.168718
v 9.158357 0.159491 -2.164281
v 9.160725 0.159491 -2.224675
v 9.160725 0.580986 -2.224675
v 9.158357 0.580986 -2.164281
vt 0.174614 0.924495
vt 0.174614 0.921952
vt 0.413652 0.921952
vt 0.413652 0.924495
vt 0.174614 0.903911
vt 0.413652 0.903911
vt 0.413652 0.942535
vt 0.174614 0.942535
vt 0.167879 0.921952
vt 0.167879 0.903911
vt 0.167879 0.924495
vt 0.167879 0.942535
vt 0.162860 0.921952
vt 0.162860 0.903911
vt 0.162860 0.924495
vt 0.162860 0.942535
vn 0.000000 1.000000 -0.000000
vn 0.000000 1.000000 -0.000000
vn 0.000000 1.000000 -0.000000
vn 0.000000 1.000000 -0.000000
vn 0.999996 0.000000 0.002658
vn 0.999996 0.000000 0.002658
vn 0.999996 0.000000 0.002658
vn 0.999996 0.000000 0.002658
vn -0.999996 0.000000 -0.002657
vn -0.999996 0.000000 -0.002657
vn -0.999996 0.000000 -0.002657
vn -0.999996 0.000000 -0.002657
vn 0.743632 0.000000 -0.668590
vn 0.743632 0.000000 -0.668590
vn 0.743632 0.000000 -0.668590
vn 0.743632 0.000000 -0.668590
vn 0.000000 1.000000 0.000000
vn 0.000000 1.000000 0.000000
vn 0.000000 1.000000 0.000000
vn 0.000000 1.000000 0.000000
vn -0.718774 0.000000 0.695244
vn -0.718774 0.000000 0.695244
vn -0.718774 0.000000 0.695244
vn -0.718774 0.000000 0.695244
vn 0.000000 0.000000 -1.000000
vn 0.000000 0.000000 -1.000000
vn 0.000000 0.000000 -1.000000
vn 0.000000 0.000000 -1.000000
vn 0.000000 1.000000 0.000000
vn 0.000000 1.000000 0.000000
vn 0.000000 1.000000 0.000000
vn 0.000000 1.000000 0.000000
vn -0.038388 0.000000 0.999263
vn -0.038388 0.000000 0.999263
vn -0.038388 0.000000 0.999263
vn -0.038388 0.000000 0.999263
s off
g Adicionales group16 Marco_planta
usemtl pCylinder30SG
f 532/755/1738 533/756/1739 535/757/1740 534/758/1741
f 531/759/1742 537/760/1743 535/757/1744 533/756/1745
f 536/761/1746 530/762/1747 532/755/1748 534/758/1749
f 531/759/1750 533/756/1751 540/763/1752 539/764/1753
f 533/756/1754 532/755/1755 541/765/1756 540/763/1757
f 532/755/1758 530/762/1759 538/766/1760 541/765/1761
f 539/764/1762 540/763/1763 544/767/1764 543/768/1765
f 540/763/1766 541/765/1767 545/769/1768 544/767/1769
f 541/765/1770 538/766/1771 542/770/1772 545/769/1773
g default
v 9.050569 4.415794 8.195553
v 9.050569 4.522323 8.195553
v 9.050569 4.522323 -7.904640
v 9.050569 4.415794 -7.904640
vt 0.992223 0.001853
vt 0.992223 0.690485
vt 0.987666 0.690485
vt 0.987666 0.001853
vn -1.000000 0.000000 0.000000
vn -1.000000 0.000000 0.000000
vn -1.000000 0.000000 0.000000
vn -1.000000 0.000000 0.000000
s off
g Adicionales group16 Luze
usemtl pCylinder30SG
f 549/771/1774 546/772/1775 547/773/1776 548/774/1777
g default
v -3.501845 0.541836 -2.908563
v -2.486352 0.541836 -2.908563
v -2.486352 0.589552 -2.908563
v -3.501845 0.541836 -4.264774
v -2.486352 0.589552 -4.264774
v -2.486352 0.541836 -4.264774
v -3.449146 0.589552 -2.908563
v -3.449146 0.589552 -4.264774
v -3.501845 1.086904 -2.908563
v -3.501845 1.086904 -4.264774
v -3.449146 1.040108 -2.908563
v -3.449146 1.040108 -4.264774
v -2.675981 1.040108 -4.264774
v -2.675981 1.040108 -2.908563
v -2.675981 1.086904 -4.264774
v -2.675981 1.086904 -2.908563
vt 0.679518 0.796731
vt 0.566535 0.796724
vt 0.856329 0.890160
vt 0.656208 0.738721
vt 0.831468 0.864666
vt 0.829214 0.866707
vt 0.899762 0.868884
vt 0.525358 0.738713
vt 0.788031 0.864670
vt 0.899762 0.866843
vt 0.585807 0.796725
vt 0.829216 0.885979
vt 0.618878 0.796727
vt 0.796145 0.885982
vt 0.620883 0.738718
vt 0.891652 0.890158
vt 0.858583 0.888158
vt 0.858582 0.868887
vt 0.525354 0.796722
vt 0.891652 0.888156
vt 0.656204 0.796729
vt 0.620880 0.796728
vt 0.856327 0.866847
vt 0.831471 0.887980
vt 0.679522 0.738721
vt 0.796145 0.887984
vt 0.618881 0.738718
vt 0.585811 0.738716
vt 0.566540 0.738715
vt 0.788032 0.866711
vn 0.000000 1.000000 0.000000
vn 0.000000 1.000000 0.000000
vn 0.000000 1.000000 0.000000
vn 0.000000 1.000000 0.000000
vn 0.000000 0.000000 -1.000000
vn 0.000000 0.000000 -1.000000
vn 0.000000 0.000000 -1.000000
vn 0.000000 0.000000 -1.000000
vn 0.000000 0.000000 1.000000
vn 0.000000 0.000000 1.000000
vn 0.000000 0.000000 1.000000
vn 0.000000 0.000000 1.000000
vn -0.000003 0.000000 1.000000
vn -0.000001 0.000000 1.000000
vn -0.000001 0.000000 1.000000
vn -0.000003 0.000000 1.000000
vn 1.000000 0.000000 0.000000
vn 1.000000 0.000000 0.000000
vn 1.000000 0.000000 0.000000
vn 1.000000 0.000000 0.000000
vn -0.000001 0.000000 -1.000000
vn -0.000001 0.000000 -1.000000
vn -0.000001 0.000000 -1.000000
vn -0.000001 0.000000 -1.000000
vn -1.000000 0.000000 0.000000
vn -1.000000 0.000000 0.000000
vn -1.000000 0.000000 0.000000
vn -1.000000 0.000000 0.000000
vn 1.000000 0.000000 0.000000
vn 1.000000 0.000000 0.000000
vn 1.000000 0.000000 0.000000
vn 1.000000 0.000000 0.000000
vn 0.000000 -1.000000 0.000000
vn 0.000000 -1.000000 0.000000
vn 0.000000 -1.000000 0.000000
vn 0.000000 -1.000000 0.000000
vn 0.000000 0.000000 -1.000000
vn 0.000000 0.000000 -1.000000
vn 0.000000 0.000000 -1.000000
vn 0.000000 0.000000 -1.000000
vn 0.000000 1.000000 0.000000
vn 0.000000 1.000000 0.000000
vn 0.000000 1.000000 0.000000
vn 0.000000 1.000000 0.000000
vn -0.000001 0.000000 1.000000
vn 0.000000 0.000000 1.000000
vn 0.000000 0.000000 1.000000
vn -0.000001 0.000000 1.000000
s off
g Adicionales group16 pCube78 Sillon
usemtl pCylinder30SG
f 556/776/1778 552/793/1779 554/782/1780 557/803/1781
f 557/780/1782 554/804/1783 555/783/1784 553/779/1785
f 551/784/1786 552/781/1787 556/792/1788 550/797/1789
f 556/792/1790 560/791/1791 558/777/1792 550/797/1793
f 556/776/1794 557/803/1795 561/802/1796 560/785/1797
f 561/786/1798 557/780/1799 553/779/1800 559/798/1801
f 553/799/1802 550/775/1803 558/795/1804 559/778/1805
f 563/787/1806 562/801/1807 564/789/1808 565/796/1809
f 560/785/1810 561/802/1811 562/801/1812 563/787/1813
f 562/788/1814 561/786/1815 559/798/1816 564/800/1817
f 559/778/1818 558/795/1819 565/796/1820 564/789/1821
f 560/791/1822 563/794/1823 565/790/1824 558/777/1825
g default
v -2.559879 1.013525 -4.119705
v -1.195593 1.013525 -4.119705
v -2.559879 2.055301 -4.231999
v -1.195593 2.055301 -4.231999
v -2.559879 2.039037 -4.477468
v -1.195593 2.039037 -4.477468
v -2.559879 0.997261 -4.414485
v -1.195593 0.997261 -4.414485
v -2.653919 2.114351 -4.423827
v -2.653919 0.977924 -4.352161
v -1.101554 0.977924 -4.352161
v -1.101554 2.114351 -4.423827
v -2.676100 2.135916 -4.348326
v -2.676100 0.981027 -4.274612
v -1.079373 0.981027 -4.274612
v -1.079373 2.135916 -4.348326
v -2.653919 2.123604 -4.270776
v -2.653919 0.991520 -4.199110
v -1.101554 0.991520 -4.199110
v -1.101554 2.123604 -4.270776
v -2.559879 1.534413 -4.143203
v -2.653919 1.530907 -4.234943
v -2.676100 1.526281 -4.311468
v -2.653919 1.521654 -4.387994
v -2.559879 1.518149 -4.445976
v -1.195593 1.518149 -4.445976
v -1.101554 1.521654 -4.387994
v -1.079373 1.526281 -4.311468
v -1.101554 1.530907 -4.234943
v -1.195593 1.534413 -4.143203
v -1.877736 2.055301 -4.186702
v -1.877736 2.123604 -4.270776
v -1.877736 2.135916 -4.348326
v -1.877736 2.114351 -4.423827
v -1.877736 2.039037 -4.477468
v -1.877736 1.518149 -4.445976
v -1.877736 0.997261 -4.414485
v -1.877736 0.946419 -4.352161
v -1.877736 0.945039 -4.274612
v -1.877736 0.963187 -4.199109
v -1.877736 1.013525 -4.074407
v -1.877736 1.534413 -4.070850
vt 0.971905 0.811103
vt 0.612375 0.370021
vt 0.590089 0.370020
vt 0.590089 0.340724
vt 0.971905 0.763076
vt 0.567383 0.370021
vt 0.976708 0.732728
vt 0.976708 0.763076
vt 0.868141 0.808489
vt 0.868141 0.837667
vt 0.987553 0.622944
vt 0.987553 0.811103
vt 0.976708 0.811103
vt 0.976708 0.622944
vt 0.612375 0.399317
vt 0.976708 0.654570
vt 0.976708 0.678649
vt 0.590089 0.399317
vt 0.976708 0.786654
vt 0.983098 0.811103
vt 0.983098 0.786654
vt 0.983098 0.622944
vt 0.983098 0.678649
vt 0.983098 0.654570
vt 0.987553 0.654570
vt 0.868141 0.866844
vt 0.983098 0.763076
vt 0.983098 0.732728
vt 0.890461 0.837667
vt 0.987553 0.763076
vt 0.979888 0.811103
vt 0.979888 0.786654
vt 0.979888 0.622944
vt 0.979888 0.678649
vt 0.979888 0.654570
vt 0.979888 0.763076
vt 0.979888 0.732728
vt 0.983098 0.702389
vt 0.890462 0.866844
vt 0.979888 0.702389
vt 0.976708 0.702389
vt 0.971905 0.702389
vt 0.987553 0.786654
vt 0.845820 0.808489
vt 0.845820 0.837667
vt 0.987553 0.678649
vt 0.845820 0.866844
vt 0.987553 0.732728
vt 0.987553 0.702389
vt 0.890461 0.808489
vt 0.971905 0.786654
vt 0.567383 0.340724
vt 0.971905 0.732728
vt 0.971905 0.678649
vt 0.567383 0.399317
vt 0.612375 0.340724
vt 0.971905 0.622944
vt 0.971905 0.654570
vt 0.976708 0.589407
vt 0.971905 0.589407
vt 0.979888 0.589407
vt 0.983098 0.589407
vt 0.987553 0.589407
vn -0.085902 0.019067 0.996121
vn 0.000000 0.019138 0.999817
vn 0.000000 0.106550 0.994307
vn -0.085420 0.107397 0.990540
vn -0.023335 0.659567 0.751283
vn -0.000000 0.659747 0.751488
vn -0.000000 0.869584 0.493785
vn -0.007060 0.938712 0.344629
vn 0.000000 -0.060347 -0.998177
vn 0.000000 -0.060347 -0.998177
vn 0.000000 -0.060346 -0.998178
vn 0.000000 -0.060346 -0.998178
vn -0.036418 -0.968963 0.244508
vn -0.000000 -0.960270 0.279073
vn 0.000000 -0.938268 0.345908
vn -0.028961 -0.937875 0.345763
vn 0.675504 0.041196 0.736204
vn 0.825349 0.032887 0.563665
vn 0.794981 0.048785 0.604670
vn 0.617292 0.065655 0.783990
vn -0.825349 0.032887 0.563665
vn -0.675505 0.041196 0.736204
vn -0.617293 0.065655 0.783989
vn -0.794981 0.048785 0.604670
vn -0.534894 -0.053325 -0.843235
vn -0.783006 -0.039734 -0.620743
vn -0.765289 -0.039922 -0.642448
vn -0.530128 -0.052316 -0.846302
vn -0.018690 -0.865139 -0.501184
vn -0.000000 -0.865290 -0.501272
vn 0.000000 -0.971959 -0.235149
vn -0.038356 -0.993099 -0.110831
vn 0.765288 -0.039922 -0.642448
vn 0.783006 -0.039734 -0.620744
vn 0.534893 -0.053325 -0.843235
vn 0.530127 -0.052316 -0.846303
vn 0.000000 0.884238 -0.467036
vn 0.000000 0.807882 -0.589344
vn 0.000000 0.580127 -0.814526
vn 0.000000 0.580127 -0.814526
vn -0.783006 -0.039734 -0.620743
vn -0.999990 -0.000262 -0.004488
vn -1.000000 -0.000040 -0.000869
vn -0.765289 -0.039922 -0.642448
vn -0.038356 -0.993099 -0.110831
vn 0.000000 -0.971959 -0.235149
vn -0.000000 -0.995159 0.098274
vn -0.041630 -0.994256 0.098596
vn 1.000000 -0.000040 -0.000869
vn 0.999990 -0.000262 -0.004488
vn 0.783006 -0.039734 -0.620744
vn 0.765288 -0.039922 -0.642448
vn 0.000000 0.998177 -0.060350
vn 0.000000 0.998177 -0.060350
vn 0.000000 0.807882 -0.589344
vn 0.000000 0.884238 -0.467036
vn -0.999990 -0.000262 -0.004488
vn -0.825349 0.032887 0.563665
vn -0.794981 0.048785 0.604670
vn -1.000000 -0.000040 -0.000869
vn -0.041630 -0.994256 0.098596
vn -0.000000 -0.995159 0.098274
vn -0.000000 -0.960270 0.279073
vn -0.036418 -0.968963 0.244508
vn 0.794981 0.048785 0.604670
vn 0.825349 0.032887 0.563665
vn 0.999990 -0.000262 -0.004488
vn 1.000000 -0.000040 -0.000869
vn -0.007060 0.938712 0.344629
vn -0.000000 0.869584 0.493785
vn 0.000000 0.998177 -0.060350
vn 0.000000 0.998177 -0.060350
vn -0.794981 0.048785 0.604670
vn -0.617293 0.065655 0.783989
vn -0.545768 0.093197 0.832737
vn -0.840367 0.051465 0.539569
vn -1.000000 -0.000040 -0.000869
vn -0.794981 0.048785 0.604670
vn -0.840367 0.051465 0.539569
vn -1.000000 0.000000 0.000000
vn -0.765289 -0.039922 -0.642448
vn -1.000000 -0.000040 -0.000869
vn -1.000000 0.000000 0.000000
vn -0.833237 -0.033367 -0.551908
vn -0.530128 -0.052316 -0.846302
vn -0.765289 -0.039922 -0.642448
vn -0.833237 -0.033367 -0.551908
vn -0.525523 -0.051343 -0.849229
vn 0.000000 -0.060349 -0.998177
vn 0.000000 -0.060349 -0.998177
vn 0.000000 -0.060347 -0.998177
vn 0.000000 -0.060347 -0.998177
vn 0.833237 -0.033367 -0.551908
vn 0.765288 -0.039922 -0.642448
vn 0.530127 -0.052316 -0.846303
vn 0.525522 -0.051343 -0.849230
vn 1.000000 0.000000 0.000001
vn 1.000000 -0.000040 -0.000869
vn 0.765288 -0.039922 -0.642448
vn 0.833237 -0.033367 -0.551908
vn 0.840367 0.051465 0.539569
vn 0.794981 0.048785 0.604670
vn 1.000000 -0.000040 -0.000869
vn 1.000000 0.000000 0.000001
vn 0.617292 0.065655 0.783990
vn 0.794981 0.048785 0.604670
vn 0.840367 0.051465 0.539569
vn 0.545768 0.093197 0.832737
vn -0.085420 0.107397 0.990540
vn 0.000000 0.106550 0.994307
vn 0.000000 0.192757 0.981247
vn -0.084317 0.192070 0.977752
vn -0.000000 0.659747 0.751488
vn 0.023335 0.659567 0.751284
vn 0.007060 0.938712 0.344629
vn -0.000000 0.869584 0.493785
vn 0.000000 0.998177 -0.060350
vn -0.000000 0.869584 0.493785
vn 0.007060 0.938712 0.344629
vn 0.000000 0.998177 -0.060350
vn 0.000000 0.807882 -0.589344
vn 0.000000 0.998177 -0.060350
vn 0.000000 0.998177 -0.060350
vn 0.000000 0.884239 -0.467035
vn 0.000000 0.580127 -0.814526
vn 0.000000 0.807882 -0.589344
vn 0.000000 0.884239 -0.467035
vn 0.000000 0.580127 -0.814526
vn 0.000000 -0.060347 -0.998177
vn 0.000000 -0.060349 -0.998177
vn 0.000000 -0.060349 -0.998177
vn 0.000000 -0.060347 -0.998177
vn 0.000000 -0.060346 -0.998178
vn 0.000000 -0.060347 -0.998177
vn 0.000000 -0.060347 -0.998177
vn 0.000000 -0.060346 -0.998178
vn 0.000000 -0.971959 -0.235149
vn -0.000000 -0.865290 -0.501272
vn 0.018690 -0.865139 -0.501184
vn 0.038356 -0.993099 -0.110831
vn -0.000000 -0.995159 0.098274
vn 0.000000 -0.971959 -0.235149
vn 0.038356 -0.993099 -0.110831
vn 0.041630 -0.994256 0.098596
vn -0.000000 -0.960270 0.279073
vn -0.000000 -0.995159 0.098274
vn 0.041630 -0.994256 0.098596
vn 0.036417 -0.968963 0.244508
vn 0.000000 -0.938268 0.345908
vn -0.000000 -0.960270 0.279073
vn 0.036417 -0.968963 0.244508
vn 0.028961 -0.937875 0.345763
vn 0.000000 0.106550 0.994307
vn 0.000000 0.019138 0.999817
vn 0.085902 0.019067 0.996121
vn 0.085420 0.107397 0.990540
vn 0.000000 0.192757 0.981247
vn 0.000000 0.106550 0.994307
vn 0.085420 0.107397 0.990540
vn 0.084317 0.192071 0.977752
s off
g Adicionales group16 Sillon pCube77
usemtl pCylinder30SG
f 566/860/1826 606/806/1827 607/807/1828 586/808/1829
f 568/809/1830 596/857/1831 597/811/1832 582/812/1833
f 590/813/1834 601/814/1835 602/849/1836 572/848/1837
f 583/863/1838 605/818/1839 606/861/1840 566/864/1841
f 567/862/1842 584/820/1843 594/821/1844 595/858/1845
f 583/817/1846 566/805/1847 586/855/1848 587/823/1849
f 572/816/1850 575/824/1851 589/825/1852 590/847/1853
f 572/867/1854 602/815/1855 603/826/1856 575/866/1857
f 592/827/1858 576/828/1859 573/829/1860 591/850/1861
f 574/831/1862 599/832/1863 600/852/1864 570/834/1865
f 575/824/1866 579/835/1867 588/836/1868 589/825/1869
f 575/866/1870 603/826/1871 604/837/1872 579/865/1873
f 593/838/1874 580/839/1875 576/828/1876 592/827/1877
f 578/840/1878 598/841/1879 599/832/1880 574/831/1881
f 579/835/1882 583/817/1883 587/823/1884 588/836/1885
f 579/865/1886 604/837/1887 605/818/1888 583/863/1889
f 594/821/1890 584/820/1891 580/839/1892 593/838/1893
f 582/812/1894 597/811/1895 598/841/1896 578/840/1897
f 587/823/1898 586/855/1899 568/809/1900 582/812/1901
f 588/836/1902 587/823/1903 582/812/1904 578/840/1905
f 589/825/1906 588/836/1907 578/840/1908 574/831/1909
f 590/847/1910 589/825/1911 574/831/1912 570/834/1913
f 570/854/1914 600/833/1915 601/814/1916 590/813/1917
f 577/842/1918 592/827/1919 591/850/1920 571/853/1921
f 581/844/1922 593/838/1923 592/827/1924 577/842/1925
f 585/845/1926 594/821/1927 593/838/1928 581/844/1929
f 595/858/1930 594/821/1931 585/845/1932 569/846/1933
f 586/808/1934 607/807/1935 596/810/1936 568/856/1937
f 596/857/1938 569/846/1939 585/845/1940 597/811/1941
f 598/841/1942 597/811/1943 585/845/1944 581/844/1945
f 599/832/1946 598/841/1947 581/844/1948 577/842/1949
f 600/852/1950 599/832/1951 577/842/1952 571/853/1953
f 601/814/1954 600/833/1955 571/843/1956 591/830/1957
f 602/849/1958 601/814/1959 591/830/1960 573/851/1961
f 603/826/1962 602/815/1963 573/829/1964 576/828/1965
f 604/837/1966 603/826/1967 576/828/1968 580/839/1969
f 605/818/1970 604/837/1971 580/839/1972 584/820/1973
f 606/861/1974 605/818/1975 584/820/1976 567/862/1977
f 607/807/1978 606/806/1979 567/819/1980 595/822/1981
f 596/810/1982 607/807/1983 595/822/1984 569/859/1985
g default
v -2.822387 0.627222 -4.360698
v 3.138176 0.627222 -4.360698
v -2.822387 2.115459 -4.510812
v 3.138176 2.115459 -4.510812
v -2.822387 2.109465 -4.570239
v 3.138176 2.109465 -4.570239
v -2.822387 0.621228 -4.420127
v 3.138176 0.621228 -4.420127
vt 0.797944 0.941736
vt 0.904569 0.589410
vt 0.479011 0.941724
vt 0.733964 0.941734
vt 0.479009 0.939170
vt 0.972842 0.334455
vt 0.415030 0.939167
vt 0.908863 0.334463
vt 0.904546 0.334459
vt 0.840567 0.334465
vt 0.415030 0.941722
vt 0.840590 0.589416
vt 0.797944 0.939181
vt 0.733964 0.939179
vt 0.972865 0.589407
vt 0.908886 0.589413
vn 0.000000 0.100358 0.994951
vn 0.000000 0.100358 0.994951
vn 0.000000 0.100358 0.994951
vn 0.000000 0.100358 0.994951
vn 0.000000 0.994952 -0.100354
vn 0.000000 0.994952 -0.100354
vn 0.000000 0.994952 -0.100354
vn 0.000000 0.994952 -0.100354
vn 0.000000 -0.100357 -0.994952
vn 0.000000 -0.100357 -0.994952
vn 0.000000 -0.100357 -0.994952
vn 0.000000 -0.100357 -0.994952
vn 1.000000 0.000001 0.000000
vn 1.000000 0.000001 0.000000
vn 1.000000 0.000001 0.000000
vn 1.000000 0.000001 0.000000
vn -1.000000 0.000000 0.000000
vn -1.000000 0.000000 0.000000
vn -1.000000 0.000000 0.000000
vn -1.000000 0.000000 0.000000
s off
g Adicionales group16 Sillon pCube76
usemtl pCylinder30SG
f 608/876/1986 609/869/1987 611/879/1988 610/877/1989
f 610/871/1990 611/870/1991 613/872/1992 612/881/1993
f 612/873/1994 613/882/1995 615/883/1996 614/875/1997
f 609/878/1998 615/874/1999 613/872/2000 611/870/2001
f 614/880/2002 608/868/2003 610/871/2004 612/881/2005
g default
v -2.619185 0.672012 -2.710571
v -1.115617 0.672012 -2.710571
v -2.619185 0.978755 -2.710571
v -1.115617 0.978755 -2.710571
v -2.619185 0.978755 -4.302372
v -1.115617 0.978755 -4.302372
v -2.619185 0.672012 -4.302372
v -1.115617 0.672012 -4.302372
v -1.066646 0.821632 -2.658726
v -2.668155 0.821632 -2.658726
v -2.668155 0.821632 -4.354216
v -1.066646 0.821632 -4.354216
v -1.070267 0.910897 -2.662559
v -2.664534 0.910897 -2.662559
v -2.664534 0.910897 -4.350383
v -1.070267 0.910897 -4.350383
v -1.074173 0.724916 -2.666694
v -2.660628 0.724916 -2.666694
v -2.660628 0.724916 -4.346247
v -1.074173 0.724916 -4.346247
v -1.867401 0.666360 -2.681243
v -1.867401 0.721214 -2.635750
v -1.867401 0.821494 -2.627488
v -1.867401 0.914048 -2.631463
v -1.867401 0.984407 -2.681243
v -1.867401 0.984407 -4.331699
v -1.867401 0.914048 -4.381478
v -1.867401 0.821494 -4.385455
v -1.867401 0.721214 -4.377191
v -1.867401 0.666360 -4.331699
v -1.087915 0.666360 -3.506471
v -1.044944 0.721214 -3.506471
v -1.037140 0.821494 -3.506471
v -1.040895 0.914048 -3.506471
v -1.087915 0.984407 -3.506471
v -1.867401 1.045758 -3.506471
v -2.646886 0.984407 -3.506471
v -2.693907 0.914048 -3.506471
v -2.697661 0.821494 -3.506471
v -2.689857 0.721214 -3.506471
v -2.646886 0.666360 -3.506471
vt 0.888808 0.937012
vt 0.855300 0.937012
vt 0.855300 0.933962
vt 0.888808 0.933962
vt 0.888808 0.922304
vt 0.878587 0.808489
vt 0.878587 0.773746
vt 0.924201 0.922304
vt 0.960188 0.933962
vt 0.717493 0.933962
vt 0.717493 0.937012
vt 0.682961 0.937012
vt 0.821788 0.937012
vt 0.786388 0.937012
vt 0.786388 0.933962
vt 0.821788 0.933962
vt 0.924201 0.937012
vt 0.924201 0.933962
vt 0.888808 0.929803
vt 0.855300 0.929803
vt 0.855300 0.925983
vt 0.888808 0.925983
vt 0.924201 0.929803
vt 0.924201 0.925983
vt 0.960188 0.925983
vt 0.717493 0.925983
vt 0.717493 0.929803
vt 0.960188 0.929803
vt 0.821788 0.929803
vt 0.786388 0.929803
vt 0.786388 0.925983
vt 0.821788 0.925983
vt 0.960188 0.922304
vt 0.878587 0.739003
vt 0.845820 0.773746
vt 0.845820 0.808489
vt 0.845820 0.739003
vt 0.750993 0.925983
vt 0.750993 0.929803
vt 0.750993 0.933962
vt 0.750993 0.937012
vt 0.855300 0.922304
vt 0.821788 0.922304
vt 0.786388 0.922304
vt 0.911353 0.773746
vt 0.911353 0.808489
vt 0.750993 0.922304
vt 0.717493 0.922304
vt 0.911353 0.739003
vt 0.682961 0.933962
vt 0.960188 0.937012
vt 0.682961 0.925983
vt 0.682961 0.929803
vt 0.682961 0.922304
vn -0.033669 -0.645654 0.762887
vn 0.000000 -0.646020 0.763320
vn 0.000000 -0.326547 0.945181
vn -0.038965 -0.265781 0.963246
vn -0.044479 0.998126 0.042013
vn 0.000000 0.999115 0.042055
vn -0.000000 1.000000 -0.000000
vn -0.044518 0.999009 -0.000000
vn -0.038965 -0.265787 -0.963244
vn -0.000000 -0.326551 -0.945180
vn -0.000000 -0.646015 -0.763325
vn -0.033669 -0.645648 -0.762892
vn 0.780723 -0.624121 0.030742
vn 0.781092 -0.624416 0.000000
vn 0.950555 -0.310557 0.000000
vn 0.968369 -0.247069 0.034918
vn -0.781095 -0.624413 -0.000000
vn -0.780725 -0.624118 0.030743
vn -0.968369 -0.247066 0.034918
vn -0.950555 -0.310555 -0.000000
vn -0.039115 -0.021787 0.998997
vn 0.000000 -0.022530 0.999746
vn 0.000000 0.312724 0.949844
vn -0.039011 0.259475 0.964962
vn -0.999773 -0.021286 0.000000
vn -0.999180 -0.020534 0.034905
vn -0.969750 0.241583 0.034952
vn -0.954806 0.297230 0.000000
vn -0.039010 0.259479 -0.964960
vn 0.000000 0.312728 -0.949843
vn -0.000000 -0.022532 -0.999746
vn -0.039115 -0.021789 -0.998997
vn 0.999180 -0.020534 0.034905
vn 0.999773 -0.021287 0.000000
vn 0.954805 0.297234 0.000000
vn 0.969749 0.241587 0.034952
vn -0.039011 0.259475 0.964962
vn 0.000000 0.312724 0.949844
vn -0.000000 0.585193 0.810894
vn -0.034938 0.584836 0.810399
vn -0.954806 0.297230 0.000000
vn -0.969750 0.241583 0.034952
vn -0.825874 0.562959 0.031767
vn -0.826291 0.563243 0.000000
vn -0.034937 0.584833 -0.810401
vn 0.000000 0.585190 -0.810896
vn 0.000000 0.312728 -0.949843
vn -0.039010 0.259479 -0.964960
vn 0.969749 0.241587 0.034952
vn 0.954805 0.297234 0.000000
vn 0.826289 0.563247 0.000000
vn 0.825871 0.562963 0.031767
vn -0.038965 -0.265781 0.963246
vn 0.000000 -0.326547 0.945181
vn 0.000000 -0.022530 0.999746
vn -0.039115 -0.021787 0.998997
vn -0.950555 -0.310555 -0.000000
vn -0.968369 -0.247066 0.034918
vn -0.999180 -0.020534 0.034905
vn -0.999773 -0.021286 0.000000
vn -0.039115 -0.021789 -0.998997
vn -0.000000 -0.022532 -0.999746
vn -0.000000 -0.326551 -0.945180
vn -0.038965 -0.265787 -0.963244
vn 0.968369 -0.247069 0.034918
vn 0.950555 -0.310557 0.000000
vn 0.999773 -0.021287 0.000000
vn 0.999180 -0.020534 0.034905
vn 0.000000 -0.646020 0.763320
vn 0.033670 -0.645654 0.762888
vn 0.038965 -0.265780 0.963246
vn 0.000000 -0.326547 0.945181
vn 0.000000 -0.022530 0.999746
vn 0.000000 -0.326547 0.945181
vn 0.038965 -0.265780 0.963246
vn 0.039115 -0.021787 0.998997
vn 0.000000 0.312724 0.949844
vn 0.000000 -0.022530 0.999746
vn 0.039115 -0.021787 0.998997
vn 0.039011 0.259474 0.964962
vn -0.000000 0.585193 0.810894
vn 0.000000 0.312724 0.949844
vn 0.039011 0.259474 0.964962
vn 0.034938 0.584835 0.810399
vn -0.000000 1.000000 -0.000000
vn 0.000000 0.999115 0.042055
vn 0.044479 0.998126 0.042013
vn 0.044518 0.999009 -0.000000
vn 0.000000 0.312728 -0.949843
vn 0.000000 0.585190 -0.810896
vn 0.034937 0.584833 -0.810401
vn 0.039011 0.259479 -0.964961
vn -0.000000 -0.022532 -0.999746
vn 0.000000 0.312728 -0.949843
vn 0.039011 0.259479 -0.964961
vn 0.039115 -0.021789 -0.998997
vn -0.000000 -0.326551 -0.945180
vn -0.000000 -0.022532 -0.999746
vn 0.039115 -0.021789 -0.998997
vn 0.038965 -0.265786 -0.963244
vn -0.000000 -0.646015 -0.763325
vn -0.000000 -0.326551 -0.945180
vn 0.038965 -0.265786 -0.963244
vn 0.033668 -0.645648 -0.762893
vn 0.781092 -0.624416 0.000000
vn 0.780723 -0.624120 -0.030742
vn 0.968369 -0.247069 -0.034918
vn 0.950555 -0.310557 0.000000
vn 0.999773 -0.021287 0.000000
vn 0.950555 -0.310557 0.000000
vn 0.968369 -0.247069 -0.034918
vn 0.999180 -0.020534 -0.034905
vn 0.954805 0.297234 0.000000
vn 0.999773 -0.021287 0.000000
vn 0.999180 -0.020534 -0.034905
vn 0.969749 0.241587 -0.034952
vn 0.826289 0.563247 0.000000
vn 0.954805 0.297234 0.000000
vn 0.969749 0.241587 -0.034952
vn 0.825872 0.562963 -0.031767
vn 0.000000 0.999115 -0.042055
vn -0.000000 1.000000 -0.000000
vn 0.044518 0.999009 -0.000000
vn 0.044479 0.998126 -0.042013
vn -0.044518 0.999009 -0.000000
vn -0.000000 1.000000 -0.000000
vn 0.000000 0.999115 -0.042055
vn -0.044479 0.998126 -0.042013
vn -0.969750 0.241585 -0.034952
vn -0.954806 0.297230 0.000000
vn -0.826291 0.563243 0.000000
vn -0.825875 0.562958 -0.031767
vn -0.999180 -0.020532 -0.034905
vn -0.999773 -0.021286 0.000000
vn -0.954806 0.297230 0.000000
vn -0.969750 0.241585 -0.034952
vn -0.968369 -0.247067 -0.034918
vn -0.950555 -0.310555 -0.000000
vn -0.999773 -0.021286 0.000000
vn -0.999180 -0.020532 -0.034905
vn -0.780726 -0.624117 -0.030743
vn -0.781095 -0.624413 -0.000000
vn -0.950555 -0.310555 -0.000000
vn -0.968369 -0.247067 -0.034918
s off
g Adicionales group16 Sillon pCube75
usemtl pCylinder30SG
f 616/884/2006 636/885/2007 637/886/2008 633/887/2009
f 618/929/2010 640/889/2011 651/890/2012 652/928/2013
f 634/933/2014 644/893/2015 645/894/2016 622/895/2017
f 617/896/2018 646/897/2019 647/898/2020 632/899/2021
f 656/900/2022 616/884/2023 633/887/2024 655/901/2025
f 625/902/2026 638/903/2027 639/904/2028 629/905/2029
f 654/906/2030 625/902/2031 629/905/2032 653/907/2033
f 630/935/2034 642/909/2035 643/910/2036 626/936/2037
f 624/912/2038 648/913/2039 649/914/2040 628/915/2041
f 629/905/2042 639/904/2043 640/925/2044 618/888/2045
f 653/907/2046 629/905/2047 618/888/2048 652/891/2049
f 620/937/2050 641/931/2051 642/909/2052 630/935/2053
f 628/915/2054 649/914/2055 650/927/2056 619/926/2057
f 633/887/2058 637/886/2059 638/903/2060 625/902/2061
f 655/901/2062 633/887/2063 625/902/2064 654/906/2065
f 626/936/2066 643/910/2067 644/893/2068 634/933/2069
f 632/899/2070 647/898/2071 648/913/2072 624/912/2073
f 636/885/2074 617/896/2075 632/899/2076 637/886/2077
f 638/903/2078 637/886/2079 632/899/2080 624/912/2081
f 639/904/2082 638/903/2083 624/912/2084 628/915/2085
f 640/925/2086 639/904/2087 628/915/2088 619/926/2089
f 651/890/2090 640/889/2091 619/919/2092 650/918/2093
f 642/909/2094 641/931/2095 621/930/2096 631/921/2097
f 643/910/2098 642/909/2099 631/921/2100 627/922/2101
f 644/893/2102 643/910/2103 627/922/2104 635/923/2105
f 645/894/2106 644/893/2107 635/923/2108 623/924/2109
f 646/897/2110 623/924/2111 635/923/2112 647/898/2113
f 648/913/2114 647/898/2115 635/923/2116 627/922/2117
f 649/914/2118 648/913/2119 627/922/2120 631/921/2121
f 650/927/2122 649/914/2123 631/921/2124 621/930/2125
f 641/917/2126 651/890/2127 650/918/2128 621/920/2129
f 652/928/2130 651/890/2131 641/917/2132 620/932/2133
f 630/908/2134 653/907/2135 652/891/2136 620/916/2137
f 626/911/2138 654/906/2139 653/907/2140 630/908/2141
f 634/892/2142 655/901/2143 654/906/2144 626/911/2145
f 622/934/2146 656/900/2147 655/901/2148 634/892/2149
g default
v -2.823229 0.574323 -2.690190
v 3.133790 0.574323 -2.690190
v -2.823229 0.668835 -2.690190
v 3.133790 0.668835 -2.690190
v -2.823229 0.668835 -4.429232
v 3.133790 0.668835 -4.429232
v -2.823229 0.574323 -4.429232
v 3.133790 0.574323 -4.429232
v 1.936525 0.668835 -2.690190
v 1.936525 0.668835 -4.429232
v 1.987544 0.574323 -4.429232
v 1.987544 0.574323 -2.690190
v -1.625964 0.668835 -2.690190
v -1.625964 0.668835 -4.429232
v -1.676983 0.574323 -4.429232
v -1.676983 0.574323 -2.690190
v 1.885506 0.574323 -4.429232
v 1.885506 0.574323 -2.690190
v -1.574946 0.574323 -4.429232
v -1.574946 0.574323 -2.690190
v -1.676983 0.203480 -4.429232
v -1.676983 0.203480 -2.690190
v -1.574946 0.203480 -4.429232
v -1.574946 0.203480 -2.690190
v 1.885506 0.203480 -4.429232
v 1.885506 0.203480 -2.690190
v 1.987544 0.203480 -4.429232
v 1.987544 0.203480 -2.690190
vt 0.677915 0.926054
vt 0.624845 0.930097
vt 0.622662 0.926054
vt 0.673873 0.926054
vt 0.622662 0.851671
vt 0.673872 0.851670
vt 0.450919 0.839051
vt 0.673871 0.847627
vt 0.419072 0.930099
vt 0.415030 0.851672
vt 0.419072 0.851672
vt 0.419072 0.926056
vt 0.470283 0.926056
vt 0.470282 0.851671
vt 0.468100 0.847629
vt 0.084002 0.903922
vt 0.620478 0.847628
vt 0.529666 0.839037
vt 0.162752 0.903915
vt 0.472465 0.930098
vt 0.450916 0.823189
vt 0.525299 0.823176
vt 0.604047 0.823162
vt 0.529663 0.823175
vt 0.005255 0.919792
vt 0.088368 0.919784
vt 0.009619 0.919791
vt 0.084003 0.919785
vt 0.525302 0.839038
vt 0.620479 0.930097
vt 0.088367 0.903922
vt 0.468101 0.930098
vt 0.624843 0.847627
vt 0.446554 0.839052
vt 0.604050 0.839024
vt 0.446551 0.823190
vt 0.005254 0.903930
vt 0.162754 0.919777
vt 0.472464 0.847629
vt 0.009619 0.903930
vt 0.419072 0.847631
vt 0.415030 0.926056
vt 0.673873 0.930097
vt 0.677913 0.851669
vn 0.000000 0.000000 1.000000
vn 0.000000 0.000000 1.000000
vn 0.000000 0.000000 1.000000
vn 0.000000 0.000000 1.000000
vn 0.000000 1.000000 0.000000
vn 0.000000 1.000000 0.000000
vn 0.000000 1.000000 0.000000
vn 0.000000 1.000000 0.000000
vn 0.000000 0.000000 -1.000000
vn 0.000000 0.000000 -1.000000
vn 0.000000 0.000000 -1.000000
vn 0.000000 0.000000 -1.000000
vn 1.000000 0.000000 0.000000
vn 1.000000 0.000000 0.000000
vn 1.000000 0.000000 0.000000
vn 1.000000 0.000000 0.000000
vn -1.000000 0.000000 0.000000
vn -1.000000 0.000000 0.000000
vn -1.000000 0.000000 0.000000
vn -1.000000 0.000000 0.000000
vn 0.000000 1.000000 0.000000
vn 0.000000 1.000000 0.000000
vn 0.000000 1.000000 0.000000
vn 0.000000 1.000000 0.000000
vn 0.000000 0.000000 -1.000000
vn 0.000000 0.000000 -1.000000
vn 0.000000 0.000000 -1.000000
vn 0.000000 0.000000 -1.000000
vn 0.000000 0.000000 1.000000
vn 0.000000 0.000000 1.000000
vn 0.000000 0.000000 1.000000
vn 0.000000 0.000000 1.000000
vn 0.000000 0.000000 -1.000000
vn 0.000000 0.000000 -1.000000
vn 0.000000 0.000000 -1.000000
vn 0.000000 0.000000 1.000000
vn 0.000000 0.000000 1.000000
vn 0.000000 0.000000 1.000000
vn 0.000000 0.000000 -1.000000
vn 0.000000 0.000000 -1.000000
vn 0.000000 0.000000 -1.000000
vn 0.000000 0.000000 1.000000
vn 0.000000 0.000000 1.000000
vn 0.000000 0.000000 1.000000
vn 0.000000 1.000000 0.000000
vn 0.000000 1.000000 0.000000
vn 0.000000 1.000000 0.000000
vn 0.000000 1.000000 0.000000
vn 0.000000 0.000000 -1.000000
vn 0.000000 0.000000 -1.000000
vn 0.000000 0.000000 -1.000000
vn 0.000000 0.000000 -1.000000
vn 0.000000 0.000000 1.000000
vn 0.000000 0.000000 1.000000
vn 0.000000 0.000000 1.000000
vn 0.000000 0.000000 1.000000
vn -1.000000 0.000000 0.000000
vn -1.000000 0.000000 0.000000
vn -1.000000 0.000000 0.000000
vn -1.000000 0.000000 0.000000
vn 0.000000 0.000000 -1.000000
vn 0.000000 0.000000 -1.000000
vn 0.000000 0.000000 -1.000000
vn 0.000000 0.000000 -1.000000
vn 1.000000 0.000000 0.000000
vn 1.000000 0.000000 0.000000
vn 1.000000 0.000000 0.000000
vn 1.000000 0.000000 0.000000
vn 0.000000 0.000000 1.000000
vn 0.000000 0.000000 1.000000
vn 0.000000 0.000000 1.000000
vn 0.000000 0.000000 1.000000
vn -1.000000 0.000000 0.000000
vn -1.000000 0.000000 0.000000
vn -1.000000 0.000000 0.000000
vn -1.000000 0.000000 0.000000
vn 0.000000 0.000000 -1.000000
vn 0.000000 0.000000 -1.000000
vn 0.000000 0.000000 -1.000000
vn 0.000000 0.000000 -1.000000
vn 1.000000 0.000000 0.000000
vn 1.000000 0.000000 0.000000
vn 1.000000 0.000000 0.000000
vn 1.000000 0.000000 0.000000
vn 0.000000 0.000000 1.000000
vn 0.000000 0.000000 1.000000
vn 0.000000 0.000000 1.000000
vn 0.000000 0.000000 1.000000
s off
g Adicionales group16 Sillon pCube74
usemtl pCylinder30SG
f 657/980/2150 672/939/2151 669/940/2152 659/941/2153
f 659/941/2154 669/940/2155 670/942/2156 661/943/2157
f 661/943/2158 670/942/2159 671/970/2160 663/945/2161
f 658/979/2162 664/947/2163 662/948/2164 660/949/2165
f 663/981/2166 657/938/2167 659/941/2168 661/943/2169
f 665/950/2170 660/949/2171 662/948/2172 666/951/2173
f 667/952/2174 666/951/2175 662/948/2176 664/978/2177
f 665/950/2178 668/969/2179 658/946/2180 660/949/2181
f 671/970/2182 670/942/2183 675/954/2184
f 669/940/2185 672/939/2186 676/967/2187
f 673/976/2188 666/951/2189 667/952/2190
f 665/950/2191 674/957/2192 668/969/2193
f 669/940/2194 665/950/2195 666/951/2196 670/942/2197
f 675/954/2198 670/942/2199 666/951/2200 673/976/2201
f 669/940/2202 676/967/2203 674/957/2204 665/950/2205
f 672/966/2206 671/944/2207 677/958/2208 678/959/2209
f 671/944/2210 675/971/2211 679/973/2212 677/958/2213
f 675/972/2214 676/955/2215 680/961/2216 679/960/2217
f 676/955/2218 672/966/2219 678/959/2220 680/961/2221
f 674/968/2222 673/956/2223 681/975/2224 682/963/2225
f 673/974/2226 667/977/2227 683/964/2228 681/962/2229
f 667/977/2230 668/953/2231 684/965/2232 683/964/2233
f 668/953/2234 674/968/2235 682/963/2236 684/965/2237
g default
v 0.330405 0.211536 3.168910
v 0.243908 0.211536 3.049858
v 0.116467 0.211536 2.976279
v -0.029884 0.211536 2.960897
v -0.169839 0.211536 3.006371
v -0.279197 0.211536 3.104838
v -0.339052 0.211536 3.239273
v -0.339052 0.211536 3.386429
v -0.279198 0.211536 3.520864
v -0.169839 0.211536 3.619332
v -0.029884 0.211536 3.664805
v 0.116467 0.211536 3.649423
v 0.243908 0.211536 3.575845
v 0.330405 0.211536 3.456793
v 0.361000 0.211536 3.312852
v 0.330405 0.242949 3.168910
v 0.243908 0.242949 3.049858
v 0.116467 0.242949 2.976279
v -0.029884 0.242949 2.960897
v -0.169839 0.242949 3.006371
v -0.279197 0.242949 3.104838
v -0.339052 0.242949 3.239273
v -0.339052 0.242949 3.386429
v -0.279198 0.242949 3.520864
v -0.169839 0.242949 3.619332
v -0.029884 0.242949 3.664805
v 0.116467 0.242949 3.649423
v 0.243908 0.242949 3.575845
v 0.330405 0.242949 3.456793
v 0.361000 0.242949 3.312852
v 0.295469 0.242949 3.184464
v 0.218319 0.242949 3.078278
v 0.104649 0.242949 3.012650
v -0.025887 0.242949 2.998929
v -0.150717 0.242949 3.039490
v -0.248259 0.242949 3.127316
v -0.301645 0.242949 3.247224
v -0.301645 0.242949 3.378478
v -0.248259 0.242949 3.498385
v -0.150717 0.242949 3.586213
v -0.025887 0.242949 3.626773
v 0.104649 0.242949 3.613053
v 0.218319 0.242949 3.547425
v 0.295469 0.242949 3.441238
v 0.322758 0.242949 3.312852
v 0.075798 0.309242 3.283452
v 0.058132 0.309242 3.259136
v 0.032103 0.309242 3.244109
v 0.002212 0.309242 3.240967
v -0.026373 0.309242 3.250255
v -0.048709 0.309242 3.270366
v -0.060933 0.309242 3.297823
v -0.060933 0.309242 3.327878
v -0.048709 0.309242 3.355335
v -0.026373 0.309242 3.375447
v 0.002212 0.309242 3.384735
v 0.032102 0.309242 3.381593
v 0.058132 0.309242 3.366565
v 0.075798 0.309242 3.342250
v 0.082047 0.309242 3.312852
v 0.082208 0.841351 3.281611
v 0.063356 0.841383 3.255862
v 0.035687 0.841431 3.240085
v 0.004067 0.841492 3.236958
v -0.026018 0.841546 3.246928
v -0.049422 0.841585 3.268194
v -0.062193 0.841606 3.297071
v -0.062193 0.841612 3.328630
v -0.049422 0.841585 3.357508
v -0.026018 0.841546 3.378774
v 0.004067 0.841492 3.388744
v 0.035686 0.841431 3.385616
v 0.063356 0.841387 3.369839
v 0.082208 0.841349 3.344091
v 0.088891 0.841337 3.312852
vt 0.602026 0.625961
vt 0.608321 0.625962
vt 0.960248 0.795417
vt 0.958933 0.789162
vt 0.614615 0.625963
vt 0.958903 0.801662
vt 0.620910 0.625963
vt 0.955137 0.806817
vt 0.627204 0.625964
vt 0.949603 0.809992
vt 0.633498 0.625965
vt 0.943259 0.810643
vt 0.639793 0.625966
vt 0.937200 0.808660
vt 0.646087 0.625967
vt 0.932467 0.804391
vt 0.652382 0.625968
vt 0.929877 0.798565
vt 0.658676 0.625969
vt 0.929878 0.792186
vt 0.664970 0.625970
vt 0.932474 0.786355
vt 0.671265 0.625971
vt 0.937220 0.782083
vt 0.677560 0.625972
vt 0.943297 0.780110
vt 0.589438 0.625959
vt 0.949654 0.780782
vt 0.595732 0.625960
vt 0.955187 0.783982
vt 0.958612 0.795413
vt 0.957438 0.789825
vt 0.957411 0.800993
vt 0.954046 0.805598
vt 0.949101 0.808435
vt 0.943434 0.809017
vt 0.938021 0.807245
vt 0.933792 0.803431
vt 0.931477 0.798225
vt 0.931478 0.792526
vt 0.933797 0.787317
vt 0.938037 0.783500
vt 0.943468 0.781737
vt 0.949146 0.782337
vt 0.954090 0.785197
vt 0.981137 0.838309
vt 0.979811 0.838309
vt 0.982461 0.838309
vt 0.983785 0.838309
vt 0.985105 0.838309
vt 0.986425 0.838309
vt 0.987743 0.838309
vt 0.989061 0.838309
vt 0.990380 0.838309
vt 0.991699 0.838309
vt 0.993020 0.838309
vt 0.994342 0.838309
vt 0.995666 0.838309
vt 0.977159 0.838309
vt 0.978485 0.838309
vt 0.981137 0.861070
vt 0.979811 0.861070
vt 0.982461 0.861070
vt 0.983785 0.861070
vt 0.985105 0.861070
vt 0.986425 0.861070
vt 0.987743 0.861070
vt 0.989061 0.861070
vt 0.990380 0.861070
vt 0.991699 0.861070
vt 0.993020 0.861070
vt 0.994342 0.861070
vt 0.995666 0.861070
vt 0.977159 0.861070
vt 0.978485 0.861070
vt 0.947011 0.793036
vt 0.947757 0.794060
vt 0.945917 0.792397
vt 0.944658 0.792260
vt 0.943450 0.792648
vt 0.942504 0.793495
vt 0.941985 0.794653
vt 0.941981 0.795924
vt 0.942494 0.797087
vt 0.943437 0.797943
vt 0.944647 0.798335
vt 0.945911 0.798202
vt 0.947012 0.797567
vt 0.947758 0.796541
vt 0.948022 0.795300
vt 0.595731 0.627303
vt 0.602026 0.627304
vt 0.589437 0.627302
vt 0.583144 0.627301
vt 0.671265 0.627315
vt 0.664970 0.627313
vt 0.658676 0.627313
vt 0.652381 0.627312
vt 0.646087 0.627311
vt 0.639792 0.627310
vt 0.633498 0.627309
vt 0.627204 0.627308
vt 0.620910 0.627307
vt 0.614615 0.627306
vt 0.608321 0.627305
vt 0.996991 0.838309
vt 0.996991 0.861070
vt 0.583143 0.625958
vt 0.677559 0.627316
vn 0.669131 0.000000 -0.743144
vn 0.913546 0.000000 -0.406737
vn 0.913546 0.000000 -0.406737
vn 0.669131 0.000000 -0.743144
vn 0.309018 0.000000 -0.951056
vn 0.669131 0.000000 -0.743144
vn 0.669131 0.000000 -0.743144
vn 0.309018 0.000000 -0.951056
vn -0.104528 0.000000 -0.994522
vn 0.309018 0.000000 -0.951056
vn 0.309018 0.000000 -0.951056
vn -0.104528 0.000000 -0.994522
vn -0.500000 0.000000 -0.866026
vn -0.104528 0.000000 -0.994522
vn -0.104528 0.000000 -0.994522
vn -0.500000 0.000000 -0.866026
vn -0.809017 0.000000 -0.587785
vn -0.500000 0.000000 -0.866026
vn -0.500000 0.000000 -0.866026
vn -0.809017 0.000000 -0.587785
vn -0.978148 0.000000 -0.207912
vn -0.809017 0.000000 -0.587785
vn -0.809017 0.000000 -0.587785
vn -0.978148 0.000000 -0.207912
vn -0.978148 0.000000 0.207912
vn -0.978148 0.000000 -0.207912
vn -0.978148 0.000000 -0.207912
vn -0.978148 0.000000 0.207912
vn -0.809018 0.000000 0.587784
vn -0.978148 0.000000 0.207912
vn -0.978148 0.000000 0.207912
vn -0.809018 0.000000 0.587784
vn -0.500001 0.000000 0.866025
vn -0.809018 0.000000 0.587784
vn -0.809018 0.000000 0.587784
vn -0.500001 0.000000 0.866025
vn -0.104528 0.000000 0.994522
vn -0.500001 0.000000 0.866025
vn -0.500001 0.000000 0.866025
vn -0.104528 0.000000 0.994522
vn 0.309017 0.000000 0.951057
vn -0.104528 0.000000 0.994522
vn -0.104528 0.000000 0.994522
vn 0.309017 0.000000 0.951057
vn 0.669130 0.000000 0.743145
vn 0.309017 0.000000 0.951057
vn 0.309017 0.000000 0.951057
vn 0.669130 0.000000 0.743145
vn 0.913545 0.000000 0.406737
vn 0.669130 0.000000 0.743145
vn 0.669130 0.000000 0.743145
vn 0.913545 0.000000 0.406737
vn 1.000000 0.000000 0.000000
vn 0.913545 0.000000 0.406737
vn 0.913545 0.000000 0.406737
vn 1.000000 0.000000 0.000000
vn 0.913546 0.000000 -0.406737
vn 0.913546 0.000000 -0.406737
vn 1.000000 0.000000 0.000000
vn 1.000000 0.000000 0.000000
vn 0.000000 1.000000 0.000000
vn 0.000000 1.000000 -0.000000
vn 0.132601 0.980113 -0.147631
vn 0.181577 0.980036 -0.080989
vn 0.000000 1.000000 -0.000000
vn 0.000000 1.000000 0.000000
vn 0.060855 0.980226 -0.188290
vn 0.132601 0.980113 -0.147631
vn 0.000000 1.000000 0.000000
vn 0.000000 1.000000 0.000000
vn -0.020936 0.980355 -0.196128
vn 0.060855 0.980226 -0.188290
vn 0.000000 1.000000 0.000000
vn 0.000000 1.000000 -0.000000
vn -0.098559 0.980476 -0.170155
vn -0.020936 0.980355 -0.196128
vn 0.000000 1.000000 -0.000000
vn 0.000000 1.000000 -0.000000
vn -0.158813 0.980570 -0.115153
vn -0.098559 0.980476 -0.170155
vn 0.000000 1.000000 -0.000000
vn 0.000000 1.000000 0.000000
vn -0.191644 0.980622 -0.040668
vn -0.158813 0.980570 -0.115153
vn 0.000000 1.000000 0.000000
vn 0.000000 1.000000 0.000000
vn -0.191644 0.980622 0.040668
vn -0.191644 0.980622 -0.040668
vn 0.000000 1.000000 0.000000
vn 0.000000 1.000000 0.000000
vn -0.158813 0.980570 0.115153
vn -0.191644 0.980622 0.040668
vn 0.000000 1.000000 0.000000
vn 0.000000 1.000000 0.000000
vn -0.098558 0.980476 0.170154
vn -0.158813 0.980570 0.115153
vn 0.000000 1.000000 0.000000
vn 0.000000 1.000000 -0.000000
vn -0.020935 0.980355 0.196128
vn -0.098558 0.980476 0.170154
vn 0.000000 1.000000 -0.000000
vn 0.000000 1.000000 -0.000000
vn 0.060854 0.980226 0.188289
vn -0.020935 0.980355 0.196128
vn 0.000000 1.000000 -0.000000
vn 0.000000 1.000000 -0.000000
vn 0.132600 0.980114 0.147630
vn 0.060854 0.980226 0.188289
vn 0.000000 1.000000 -0.000000
vn 0.000000 1.000000 0.000000
vn 0.181576 0.980036 0.080989
vn 0.132600 0.980114 0.147630
vn 0.000000 1.000000 0.000000
vn 0.000000 1.000000 0.000000
vn 0.198955 0.980009 -0.000000
vn 0.181576 0.980036 0.080989
vn 0.000000 1.000000 0.000000
vn 0.000000 1.000000 0.000000
vn 0.181577 0.980036 -0.080989
vn 0.198955 0.980009 -0.000000
vn 0.181577 0.980036 -0.080989
vn 0.132601 0.980113 -0.147631
vn 0.479967 0.695370 -0.534877
vn 0.657625 0.693812 -0.293520
vn 0.132601 0.980113 -0.147631
vn 0.060855 0.980226 -0.188290
vn 0.219928 0.697628 -0.681870
vn 0.479967 0.695370 -0.534877
vn 0.060855 0.980226 -0.188290
vn -0.020936 0.980355 -0.196128
vn -0.076214 0.700210 -0.709857
vn 0.219928 0.697628 -0.681870
vn -0.020936 0.980355 -0.196128
vn -0.098559 0.980476 -0.170155
vn -0.356962 0.702646 -0.615522
vn -0.076214 0.700210 -0.709857
vn -0.098559 0.980476 -0.170155
vn -0.158813 0.980570 -0.115153
vn -0.574672 0.704543 -0.416378
vn -0.356962 0.702646 -0.615522
vn -0.158813 0.980570 -0.115153
vn -0.191644 0.980622 -0.040668
vn -0.693220 0.705572 -0.147015
vn -0.574672 0.704543 -0.416378
vn -0.191644 0.980622 -0.040668
vn -0.191644 0.980622 0.040668
vn -0.693223 0.705570 0.147015
vn -0.693220 0.705572 -0.147015
vn -0.191644 0.980622 0.040668
vn -0.158813 0.980570 0.115153
vn -0.574675 0.704541 0.416377
vn -0.693223 0.705570 0.147015
vn -0.158813 0.980570 0.115153
vn -0.098558 0.980476 0.170154
vn -0.356956 0.702652 0.615518
vn -0.574675 0.704541 0.416377
vn -0.098558 0.980476 0.170154
vn -0.020935 0.980355 0.196128
vn -0.076215 0.700208 0.709859
vn -0.356956 0.702652 0.615518
vn -0.020935 0.980355 0.196128
vn 0.060854 0.980226 0.188289
vn 0.219929 0.697633 0.681865
vn -0.076215 0.700208 0.709859
vn 0.060854 0.980226 0.188289
vn 0.132600 0.980114 0.147630
vn 0.479968 0.695367 0.534880
vn 0.219929 0.697633 0.681865
vn 0.132600 0.980114 0.147630
vn 0.181576 0.980036 0.080989
vn 0.657614 0.693821 0.293526
vn 0.479968 0.695367 0.534880
vn 0.181576 0.980036 0.080989
vn 0.198955 0.980009 -0.000000
vn 0.720682 0.693266 -0.000000
vn 0.657614 0.693821 0.293526
vn 0.198955 0.980009 -0.000000
vn 0.181577 0.980036 -0.080989
vn 0.657625 0.693812 -0.293520
vn 0.720682 0.693266 -0.000000
vn 0.657625 0.693812 -0.293520
vn 0.479967 0.695370 -0.534877
vn 0.667617 -0.011110 -0.744422
vn 0.913035 -0.012375 -0.407694
vn 0.479967 0.695370 -0.534877
vn 0.219928 0.697628 -0.681870
vn 0.306591 -0.009250 -0.951796
vn 0.667617 -0.011110 -0.744422
vn 0.219928 0.697628 -0.681870
vn -0.076214 0.700210 -0.709857
vn -0.107139 -0.007120 -0.994219
vn 0.306591 -0.009250 -0.951796
vn -0.076214 0.700210 -0.709857
vn -0.356962 0.702646 -0.615522
vn -0.501951 -0.005090 -0.864881
vn -0.107139 -0.007120 -0.994219
vn -0.356962 0.702646 -0.615522
vn -0.574672 0.704543 -0.416378
vn -0.809905 -0.003509 -0.586551
vn -0.501951 -0.005090 -0.864881
vn -0.574672 0.704543 -0.416378
vn -0.693220 0.705572 -0.147015
vn -0.978258 -0.002644 -0.207376
vn -0.809905 -0.003509 -0.586551
vn -0.693220 0.705572 -0.147015
vn -0.693223 0.705570 0.147015
vn -0.978256 -0.002645 0.207386
vn -0.978258 -0.002644 -0.207376
vn -0.693223 0.705570 0.147015
vn -0.574675 0.704541 0.416377
vn -0.809913 -0.003509 0.586539
vn -0.978256 -0.002645 0.207386
vn -0.574675 0.704541 0.416377
vn -0.356956 0.702652 0.615518
vn -0.501945 -0.005090 0.864885
vn -0.809913 -0.003509 0.586539
vn -0.356956 0.702652 0.615518
vn -0.076215 0.700208 0.709859
vn -0.107142 -0.007120 0.994218
vn -0.501945 -0.005090 0.864885
vn -0.076215 0.700208 0.709859
vn 0.219929 0.697633 0.681865
vn 0.306604 -0.009250 0.951792
vn -0.107142 -0.007120 0.994218
vn 0.219929 0.697633 0.681865
vn 0.479968 0.695367 0.534880
vn 0.667613 -0.011109 0.744426
vn 0.306604 -0.009250 0.951792
vn 0.479968 0.695367 0.534880
vn 0.657614 0.693821 0.293526
vn 0.913025 -0.012375 0.407715
vn 0.667613 -0.011109 0.744426
vn 0.657614 0.693821 0.293526
vn 0.720682 0.693266 -0.000000
vn 0.999918 -0.012823 -0.000005
vn 0.913025 -0.012375 0.407715
vn 0.720682 0.693266 -0.000000
vn 0.657625 0.693812 -0.293520
vn 0.913035 -0.012375 -0.407694
vn 0.999918 -0.012823 -0.000005
s off
g Adicionales group16 pCylinder33 Silla1
usemtl pCylinder30SG
f 701/1086/2238 700/1073/2239 685/982/2240 686/983/2241
f 702/1085/2242 701/1086/2243 686/983/2244 687/986/2245
f 703/1084/2246 702/1085/2247 687/986/2248 688/988/2249
f 704/1083/2250 703/1084/2251 688/988/2252 689/990/2253
f 705/1082/2254 704/1083/2255 689/990/2256 690/992/2257
f 706/1081/2258 705/1082/2259 690/992/2260 691/994/2261
f 707/1080/2262 706/1081/2263 691/994/2264 692/996/2265
f 708/1079/2266 707/1080/2267 692/996/2268 693/998/2269
f 709/1078/2270 708/1079/2271 693/998/2272 694/1000/2273
f 710/1077/2274 709/1078/2275 694/1000/2276 695/1002/2277
f 711/1076/2278 710/1077/2279 695/1002/2280 696/1004/2281
f 712/1090/2282 711/1076/2283 696/1004/2284 697/1006/2285
f 713/1074/2286 712/1075/2287 697/1089/2288 698/1008/2289
f 714/1072/2290 713/1074/2291 698/1008/2292 699/1010/2293
f 685/982/2294 700/1073/2295 714/1072/2296 699/1010/2297
f 700/985/2298 701/984/2299 716/1012/2300 715/1013/2301
f 701/984/2302 702/987/2303 717/1014/2304 716/1012/2305
f 702/987/2306 703/989/2307 718/1015/2308 717/1014/2309
f 703/989/2310 704/991/2311 719/1016/2312 718/1015/2313
f 704/991/2314 705/993/2315 720/1017/2316 719/1016/2317
f 705/993/2318 706/995/2319 721/1018/2320 720/1017/2321
f 706/995/2322 707/997/2323 722/1019/2324 721/1018/2325
f 707/997/2326 708/999/2327 723/1020/2328 722/1019/2329
f 708/999/2330 709/1001/2331 724/1021/2332 723/1020/2333
f 709/1001/2334 710/1003/2335 725/1022/2336 724/1021/2337
f 710/1003/2338 711/1005/2339 726/1023/2340 725/1022/2341
f 711/1005/2342 712/1007/2343 727/1024/2344 726/1023/2345
f 712/1007/2346 713/1009/2347 728/1025/2348 727/1024/2349
f 713/1009/2350 714/1011/2351 729/1026/2352 728/1025/2353
f 714/1011/2354 700/985/2355 715/1013/2356 729/1026/2357
f 715/1013/2358 716/1012/2359 731/1071/2360 730/1058/2361
f 716/1012/2362 717/1014/2363 732/1070/2364 731/1071/2365
f 717/1014/2366 718/1015/2367 733/1069/2368 732/1070/2369
f 718/1015/2370 719/1016/2371 734/1068/2372 733/1069/2373
f 719/1016/2374 720/1017/2375 735/1067/2376 734/1068/2377
f 720/1017/2378 721/1018/2379 736/1066/2380 735/1067/2381
f 721/1018/2382 722/1019/2383 737/1065/2384 736/1066/2385
f 722/1019/2386 723/1020/2387 738/1064/2388 737/1065/2389
f 723/1020/2390 724/1021/2391 739/1063/2392 738/1064/2393
f 724/1021/2394 725/1022/2395 740/1062/2396 739/1063/2397
f 725/1022/2398 726/1023/2399 741/1061/2400 740/1062/2401
f 726/1023/2402 727/1024/2403 742/1060/2404 741/1061/2405
f 727/1024/2406 728/1025/2407 743/1059/2408 742/1060/2409
f 728/1025/2410 729/1026/2411 744/1057/2412 743/1059/2413
f 729/1026/2414 715/1013/2415 730/1058/2416 744/1057/2417
f 730/1028/2418 731/1027/2419 746/1042/2420 745/1043/2421
f 731/1027/2422 732/1029/2423 747/1044/2424 746/1042/2425
f 732/1029/2426 733/1030/2427 748/1045/2428 747/1044/2429
f 733/1030/2430 734/1031/2431 749/1046/2432 748/1045/2433
f 734/1031/2434 735/1032/2435 750/1047/2436 749/1046/2437
f 735/1032/2438 736/1033/2439 751/1048/2440 750/1047/2441
f 736/1033/2442 737/1034/2443 752/1049/2444 751/1048/2445
f 737/1034/2446 738/1035/2447 753/1050/2448 752/1049/2449
f 738/1035/2450 739/1036/2451 754/1051/2452 753/1050/2453
f 739/1036/2454 740/1037/2455 755/1052/2456 754/1051/2457
f 740/1037/2458 741/1038/2459 756/1053/2460 755/1052/2461
f 741/1038/2462 742/1039/2463 757/1054/2464 756/1053/2465
f 742/1039/2466 743/1087/2467 758/1088/2468 757/1054/2469
f 743/1040/2470 744/1041/2471 759/1056/2472 758/1055/2473
f 744/1041/2474 730/1028/2475 745/1043/2476 759/1056/2477
g default
v 0.654242 0.838549 3.026035
v 0.422277 0.838549 2.764201
v 0.095202 0.838549 2.640157
v -0.252054 0.838549 2.682321
v -0.539940 0.838549 2.881035
v -0.702503 0.838549 3.190773
v -0.702503 0.838549 3.540579
v -0.539940 0.838549 3.850318
v -0.252055 0.838549 4.049031
v 0.095202 0.838549 4.091196
v 0.422277 0.838549 3.967152
v 0.654241 0.838549 3.705318
v 0.737956 0.838549 3.365677
v 0.852629 1.099583 2.923975
v 0.549552 1.049538 2.585552
v 0.122208 1.025829 2.425225
v -0.331504 1.033888 2.479723
v -0.707644 1.071868 2.736561
v -0.920043 1.131069 3.136900
v -0.920043 1.197928 3.589028
v -0.707644 1.173865 3.998891
v -0.331504 1.173865 4.258522
v 0.122208 1.173865 4.313613
v 0.549552 1.173865 4.151543
v 0.852629 1.229415 3.801954
v 0.962006 1.164499 3.362964
v -0.996433 1.569397 3.763733
v -0.766534 1.569397 4.051063
v -0.359403 1.569397 4.332086
v 0.131691 1.569397 4.391716
v 0.594245 1.569397 4.216292
v 0.922293 1.569397 3.996709
v -0.762600 1.964929 3.801627
v -0.707644 2.034313 3.998891
v -0.331504 2.153187 4.258522
v 0.122208 2.153187 4.313613
v 0.549552 2.034313 4.151543
v 0.695185 1.964929 4.016868
v 0.826663 1.123626 2.935474
v 0.533640 1.076048 2.606253
v 0.118923 1.053566 2.449809
v -0.321743 1.061204 2.503027
v -0.686207 1.097257 2.753306
v -0.890923 1.153648 3.142067
v -0.888349 1.214264 3.578395
v 0.824448 1.245888 3.784094
v 0.931414 1.185594 3.361064
v -0.731277 1.953994 3.784781
v -0.680508 2.025934 3.974852
v -0.318138 2.147930 4.224197
v 0.117445 2.147930 4.277086
v 0.531269 2.027267 4.119911
v 0.672703 1.956357 3.988486
v -0.964235 1.569372 3.745086
v 0.897996 1.571554 3.968611
v 0.500370 1.054283 3.060916
v 0.329227 1.036047 2.853094
v 0.076162 1.027950 2.750860
v -0.195305 1.030668 2.785931
v -0.413725 1.043976 2.947015
v -0.521859 1.058225 3.189094
v -0.502909 0.982205 3.728064
v 0.453085 1.015116 3.763133
v 0.551472 1.076014 3.319212
v -0.347921 1.501233 4.101142
v -0.291511 1.641644 4.192688
v -0.157145 2.058406 4.222196
v -0.022579 2.058226 4.237242
v 0.147770 1.641637 4.247833
v 0.230180 1.498318 4.161077
v -0.523951 1.171546 3.987042
v 0.418506 1.172225 4.053453
v 0.062820 0.944607 3.006395
v 0.037700 0.962757 3.256928
v -0.004521 0.894620 3.746347
v -0.032620 1.067157 4.021664
v -0.046540 1.394971 4.132388
v -0.062500 1.536898 4.221437
v -0.086992 1.953570 4.230039
v -0.091056 2.153044 4.251770
v -0.094970 2.158301 4.287242
v -0.103381 1.555668 4.386928
v -0.094970 1.163795 4.328787
v -0.071020 0.836524 4.071013
vt 0.059513 0.919790
vt 0.076156 0.919790
vt 0.623454 0.941733
vt 0.604113 0.941733
vt 0.092803 0.919790
vt 0.642799 0.941733
vt 0.109464 0.919790
vt 0.662150 0.941733
vt 0.126103 0.919790
vt 0.681494 0.941733
vt 0.142713 0.919790
vt 0.700819 0.941733
vt 0.159344 0.919790
vt 0.415030 0.941733
vt 0.618168 0.410106
vt 0.636124 0.412805
vt 0.619246 0.393254
vt 0.637115 0.393708
vt 0.618668 0.383929
vt 0.619261 0.375321
vt 0.637115 0.374858
vt 0.637121 0.383671
vt 0.618209 0.358553
vt 0.636095 0.355812
vt 0.614665 0.342479
vt 0.565512 0.941733
vt 0.042907 0.919790
vt 0.584791 0.941733
vt 0.652950 0.414489
vt 0.432531 0.941733
vt 0.652942 0.394320
vt 0.652935 0.374172
vt 0.652938 0.383710
vt 0.652927 0.354167
vt 0.548801 0.941733
vt 0.461299 0.941733
vt 0.452149 0.941733
vt 0.481255 0.941733
vt 0.500451 0.941733
vt 0.491260 0.941733
vt 0.520457 0.941733
vt 0.529393 0.941733
vt 0.623454 0.943274
vt 0.604113 0.943274
vt 0.642799 0.943274
vt 0.662150 0.943274
vt 0.681494 0.943274
vt 0.700819 0.943274
vt 0.720117 0.943274
vt 0.584791 0.943274
vt 0.565512 0.943274
vt 0.461299 0.943274
vt 0.452149 0.943274
vt 0.481255 0.943274
vt 0.500451 0.943274
vt 0.491260 0.943274
vt 0.520457 0.943274
vt 0.529393 0.943274
vt 0.432531 0.943274
vt 0.548801 0.943274
vt 0.661723 0.277481
vt 0.652438 0.270875
vt 0.666873 0.287930
vt 0.666123 0.299651
vt 0.659802 0.309380
vt 0.649785 0.314445
vt 0.629125 0.312746
vt 0.641403 0.269380
vt 0.623444 0.275719
vt 0.593896 0.308600
vt 0.601535 0.310658
vt 0.573411 0.306163
vt 0.572367 0.298838
vt 0.577834 0.301686
vt 0.591219 0.289633
vt 0.598115 0.285331
vt 0.617271 0.313695
vt 0.612373 0.278234
vt 0.596388 0.298176
vt 0.602986 0.297048
vt 0.615806 0.295233
vt 0.626206 0.293715
vt 0.645702 0.290923
vt 0.655890 0.289289
vt 0.567674 0.303178
vt 0.567383 0.291371
vt 0.601514 0.252925
vt 0.580458 0.260231
vt 0.614410 0.340725
vt 0.592468 0.340281
vt 0.620700 0.257833
vt 0.632019 0.331604
vt 0.574903 0.269025
vt 0.570906 0.315380
vt 0.584067 0.334256
vt 0.638460 0.252924
vt 0.656707 0.256468
vt 0.651907 0.331130
vt 0.668806 0.321056
vt 0.678720 0.304377
vt 0.679643 0.285161
vt 0.671570 0.267930
vt 0.652920 0.337640
vt 0.677754 0.383793
vt 0.677358 0.374394
vt 0.672679 0.354957
vt 0.670254 0.346323
vt 0.677386 0.394017
vt 0.672787 0.413482
vt 0.042907 0.934808
vt 0.059513 0.934808
vt 0.026268 0.934808
vt 0.142713 0.934808
vt 0.126103 0.934808
vt 0.109464 0.934808
vt 0.092803 0.934808
vt 0.076156 0.934808
vt 0.670920 0.422453
vt 0.652955 0.429919
vt 0.633487 0.433144
vt 0.720117 0.941733
vt 0.415030 0.943274
vt 0.614664 0.426299
vt 0.159344 0.934808
vt 0.026268 0.919790
vt 0.634490 0.335337
vn 0.443027 -0.709694 -0.547778
vn 0.712574 -0.640371 -0.286641
vn 0.704628 -0.643580 -0.298837
vn 0.434104 -0.711336 -0.552770
vn 0.092038 -0.745310 -0.660335
vn 0.443027 -0.709694 -0.547778
vn 0.434104 -0.711336 -0.552770
vn 0.089790 -0.745392 -0.660552
vn -0.272873 -0.732995 -0.623103
vn 0.092038 -0.745310 -0.660335
vn 0.089790 -0.745392 -0.660552
vn -0.266599 -0.733681 -0.625010
vn -0.593096 -0.677813 -0.434519
vn -0.272873 -0.732995 -0.623103
vn -0.266599 -0.733681 -0.625010
vn -0.583575 -0.680397 -0.443283
vn -0.791847 -0.600457 -0.111491
vn -0.593096 -0.677813 -0.434519
vn -0.583575 -0.680397 -0.443283
vn -0.787111 -0.603842 -0.125820
vn -0.821075 -0.470094 0.323803
vn -0.791847 -0.600457 -0.111491
vn -0.787111 -0.603842 -0.125820
vn -0.806030 -0.549050 0.221044
vn -0.674621 -0.386991 0.628589
vn -0.821075 -0.470094 0.323803
vn -0.806030 -0.549050 0.221044
vn -0.634560 -0.548693 0.544307
vn -0.431671 -0.357618 0.828112
vn -0.674621 -0.386991 0.628589
vn -0.634560 -0.548693 0.544307
vn -0.379884 -0.564795 0.732595
vn 0.233514 -0.357289 0.904332
vn -0.111403 -0.371546 0.921707
vn -0.098545 -0.589032 0.802079
vn 0.204315 -0.563634 0.800358
vn 0.505929 -0.397179 0.765692
vn 0.233514 -0.357289 0.904332
vn 0.204315 -0.563634 0.800358
vn 0.502155 -0.539948 0.675497
vn 0.727500 -0.464560 0.504904
vn 0.505929 -0.397179 0.765692
vn 0.502155 -0.539948 0.675497
vn 0.754183 -0.519688 0.401413
vn 0.824047 -0.560817 0.080195
vn 0.727500 -0.464560 0.504904
vn 0.754183 -0.519688 0.401413
vn 0.823197 -0.563961 0.065539
vn 0.704628 -0.643580 -0.298837
vn 0.712574 -0.640371 -0.286641
vn 0.824047 -0.560817 0.080195
vn 0.823197 -0.563961 0.065539
vn -0.821075 -0.470094 0.323803
vn -0.674621 -0.386991 0.628589
vn -0.704360 -0.017360 0.709631
vn -0.855388 -0.102880 0.507668
vn -0.674621 -0.386991 0.628589
vn -0.431671 -0.357618 0.828112
vn -0.447622 0.009732 0.894170
vn -0.704360 -0.017360 0.709631
vn -0.111403 -0.371546 0.921707
vn 0.233514 -0.357289 0.904332
vn 0.233025 0.009979 0.972420
vn -0.120528 0.014483 0.992604
vn 0.233514 -0.357289 0.904332
vn 0.505929 -0.397179 0.765692
vn 0.488093 -0.039779 0.871885
vn 0.233025 0.009979 0.972420
vn 0.505929 -0.397179 0.765692
vn 0.727500 -0.464560 0.504904
vn 0.656922 -0.156654 0.737505
vn 0.488093 -0.039779 0.871885
vn -0.855388 -0.102880 0.507668
vn -0.704360 -0.017360 0.709631
vn -0.659239 0.186813 0.728357
vn -0.841808 0.293896 0.452753
vn -0.704360 -0.017360 0.709631
vn -0.447622 0.009732 0.894170
vn -0.414605 0.149202 0.897687
vn -0.659239 0.186813 0.728357
vn -0.120528 0.014483 0.992604
vn 0.233025 0.009979 0.972420
vn 0.199840 0.149111 0.968416
vn -0.119420 0.147754 0.981788
vn 0.233025 0.009979 0.972420
vn 0.488093 -0.039779 0.871885
vn 0.431653 0.167553 0.886342
vn 0.199840 0.149111 0.968416
vn 0.488093 -0.039779 0.871885
vn 0.656922 -0.156654 0.737505
vn 0.604220 0.230392 0.762783
vn 0.431653 0.167553 0.886342
vn 0.352252 0.701775 -0.619218
vn 0.527037 0.754895 -0.390341
vn 0.524852 0.753717 -0.395527
vn 0.349184 0.701174 -0.621631
vn 0.076429 0.673057 -0.735631
vn 0.352252 0.701775 -0.619218
vn 0.349184 0.701174 -0.621631
vn 0.075575 0.673027 -0.735747
vn -0.223100 0.683106 -0.695408
vn 0.076429 0.673057 -0.735631
vn 0.075575 0.673027 -0.735747
vn -0.220800 0.682856 -0.696388
vn -0.455272 0.726632 -0.514522
vn -0.223100 0.683106 -0.695408
vn -0.220800 0.682856 -0.696388
vn -0.452281 0.725685 -0.518482
vn -0.545775 0.797711 -0.256488
vn -0.455272 0.726632 -0.514522
vn -0.452281 0.725685 -0.518482
vn -0.545658 0.795914 -0.262255
vn -0.564552 0.656697 -0.500030
vn -0.545775 0.797711 -0.256488
vn -0.545658 0.795914 -0.262255
vn -0.561836 0.636658 -0.528211
vn 0.561061 0.818781 -0.121687
vn 0.676068 0.663280 -0.320924
vn 0.689690 0.619248 -0.375312
vn 0.561907 0.817338 -0.127351
vn 0.524852 0.753717 -0.395527
vn 0.527037 0.754895 -0.390341
vn 0.561061 0.818781 -0.121687
vn 0.561907 0.817338 -0.127351
vn -0.050119 0.947016 -0.317251
vn -0.308215 0.550845 -0.775611
vn -0.287061 0.585930 -0.757814
vn -0.065288 0.948016 -0.311453
vn -0.072262 0.966083 -0.247916
vn -0.050119 0.947016 -0.317251
vn -0.065288 0.948016 -0.311453
vn -0.071822 0.966275 -0.247293
vn 0.139291 0.968372 -0.207011
vn 0.017755 0.988903 -0.147496
vn 0.018060 0.988903 -0.147462
vn 0.138666 0.968545 -0.206619
vn 0.169516 0.948155 -0.268823
vn 0.139291 0.968372 -0.207011
vn 0.138666 0.968545 -0.206619
vn 0.171418 0.949167 -0.264003
vn 0.548396 0.618945 -0.562290
vn 0.169516 0.948155 -0.268823
vn 0.171418 0.949167 -0.264003
vn 0.537355 0.632758 -0.557555
vn -0.436412 0.316090 -0.842397
vn -0.564552 0.656697 -0.500030
vn -0.561836 0.636658 -0.528211
vn -0.436867 0.315719 -0.842300
vn 0.676068 0.663280 -0.320924
vn 0.683216 0.339239 -0.646631
vn 0.682748 0.345400 -0.643859
vn 0.689690 0.619248 -0.375312
vn -0.308215 0.550845 -0.775611
vn -0.436412 0.316090 -0.842397
vn -0.436867 0.315719 -0.842300
vn -0.287061 0.585930 -0.757814
vn 0.683216 0.339239 -0.646631
vn 0.548396 0.618945 -0.562290
vn 0.537355 0.632758 -0.557555
vn 0.682748 0.345400 -0.643859
vn -0.221290 0.974989 -0.020667
vn -0.134135 0.989366 0.056235
vn -0.156230 0.981757 0.108381
vn -0.217150 0.976061 -0.012273
vn -0.134135 0.989366 0.056235
vn -0.027392 0.995750 0.087924
vn -0.027339 0.990415 0.135391
vn -0.156230 0.981757 0.108381
vn -0.027392 0.995750 0.087924
vn 0.081769 0.993610 0.077795
vn 0.094659 0.986579 0.133046
vn -0.027339 0.990415 0.135391
vn 0.081769 0.993610 0.077795
vn 0.184416 0.982406 0.029475
vn 0.176831 0.983644 0.034294
vn 0.094659 0.986579 0.133046
vn 0.184416 0.982406 0.029475
vn 0.340874 0.940097 0.004657
vn 0.251146 0.966734 0.048487
vn 0.176831 0.983644 0.034294
vn 0.340874 0.940097 0.004657
vn 0.566554 0.773040 -0.285351
vn 0.348927 0.915507 -0.200244
vn 0.251146 0.966734 0.048487
vn -0.481437 0.787350 -0.385095
vn -0.350030 0.933061 -0.082921
vn -0.290595 0.956636 -0.020052
vn -0.335171 0.914925 -0.224884
vn -0.350030 0.933061 -0.082921
vn -0.221290 0.974989 -0.020667
vn -0.217150 0.976061 -0.012273
vn -0.290595 0.956636 -0.020052
vn 0.588325 0.032115 -0.807986
vn 0.646529 0.248113 -0.721416
vn 0.492267 0.231555 -0.839080
vn 0.458573 0.133464 -0.878578
vn 0.646529 0.248113 -0.721416
vn 0.415104 0.081515 -0.906115
vn 0.345655 0.083515 -0.934638
vn 0.492267 0.231555 -0.839080
vn 0.115297 0.183069 -0.976316
vn -0.196880 0.048794 -0.979213
vn -0.118951 0.058459 -0.991178
vn 0.122426 0.033155 -0.991924
vn -0.196880 0.048794 -0.979213
vn -0.419215 0.170785 -0.891679
vn -0.261925 0.179923 -0.948168
vn -0.118951 0.058459 -0.991178
vn -0.419215 0.170785 -0.891679
vn -0.357565 0.077617 -0.930657
vn -0.254703 0.169485 -0.952051
vn -0.261925 0.179923 -0.948168
vn 0.566554 0.773040 -0.285351
vn 0.570528 0.090860 -0.816236
vn 0.465856 0.368602 -0.804431
vn 0.348927 0.915507 -0.200244
vn -0.352607 0.169050 -0.920375
vn -0.481437 0.787350 -0.385095
vn -0.335171 0.914925 -0.224884
vn -0.298996 0.441303 -0.846081
vn 0.570528 0.090860 -0.816236
vn 0.588325 0.032115 -0.807986
vn 0.458573 0.133464 -0.878578
vn 0.465856 0.368602 -0.804431
vn -0.357565 0.077617 -0.930657
vn -0.352607 0.169050 -0.920375
vn -0.298996 0.441303 -0.846081
vn -0.254703 0.169485 -0.952051
vn 0.110332 0.288785 -0.951015
vn 0.122426 0.033155 -0.991924
vn -0.118951 0.058459 -0.991178
vn -0.261925 0.179923 -0.948168
vn 0.077531 0.337349 -0.938182
vn 0.110332 0.288785 -0.951015
vn -0.261925 0.179923 -0.948168
vn -0.254703 0.169485 -0.952051
vn 0.040057 0.653175 -0.756146
vn 0.077531 0.337349 -0.938182
vn -0.254703 0.169485 -0.952051
vn -0.298996 0.441303 -0.846081
vn -0.011191 0.992288 -0.123450
vn 0.040057 0.653175 -0.756146
vn -0.298996 0.441303 -0.846081
vn -0.335171 0.914925 -0.224884
vn -0.018658 0.997387 0.069799
vn -0.011191 0.992288 -0.123450
vn -0.335171 0.914925 -0.224884
vn -0.290595 0.956636 -0.020052
vn -0.020335 0.998037 0.059238
vn -0.018658 0.997387 0.069799
vn -0.290595 0.956636 -0.020052
vn -0.217150 0.976061 -0.012273
vn 0.176831 0.983644 0.034294
vn 0.251146 0.966734 0.048487
vn -0.018658 0.997387 0.069799
vn -0.020335 0.998037 0.059238
vn 0.251146 0.966734 0.048487
vn 0.348927 0.915507 -0.200244
vn -0.011191 0.992288 -0.123450
vn -0.018658 0.997387 0.069799
vn 0.348927 0.915507 -0.200244
vn 0.465856 0.368602 -0.804431
vn 0.040057 0.653175 -0.756146
vn -0.011191 0.992288 -0.123450
vn 0.465856 0.368602 -0.804431
vn 0.458573 0.133464 -0.878578
vn 0.077531 0.337349 -0.938182
vn 0.040057 0.653175 -0.756146
vn 0.458573 0.133464 -0.878578
vn 0.492267 0.231555 -0.839080
vn 0.110332 0.288785 -0.951015
vn 0.077531 0.337349 -0.938182
vn 0.492267 0.231555 -0.839080
vn 0.345655 0.083515 -0.934638
vn 0.122426 0.033155 -0.991924
vn 0.110332 0.288785 -0.951015
vn 0.415104 0.081515 -0.906115
vn 0.115297 0.183069 -0.976316
vn 0.122426 0.033155 -0.991924
vn 0.345655 0.083515 -0.934638
vn 0.017755 0.988903 -0.147496
vn -0.072262 0.966083 -0.247916
vn -0.071822 0.966275 -0.247293
vn 0.018060 0.988903 -0.147462
vn -0.447622 0.009732 0.894170
vn -0.120528 0.014483 0.992604
vn -0.119420 0.147754 0.981788
vn -0.414605 0.149202 0.897687
vn -0.431671 -0.357618 0.828112
vn -0.111403 -0.371546 0.921707
vn -0.120528 0.014483 0.992604
vn -0.447622 0.009732 0.894170
vn -0.111403 -0.371546 0.921707
vn -0.431671 -0.357618 0.828112
vn -0.379884 -0.564795 0.732595
vn -0.098545 -0.589032 0.802079
vn -0.156230 0.981757 0.108381
vn -0.027339 0.990415 0.135391
vn -0.020335 0.998037 0.059238
vn -0.217150 0.976061 -0.012273
vn -0.027339 0.990415 0.135391
vn 0.094659 0.986579 0.133046
vn 0.176831 0.983644 0.034294
vn -0.020335 0.998037 0.059238
s off
g Adicionales group16 Silla1 pSphere5
usemtl pCylinder30SG
f 774/1207/2478 773/1201/2479 760/1091/2480 761/1092/2481
f 775/1206/2482 774/1207/2483 761/1092/2484 762/1095/2485
f 776/1205/2486 775/1206/2487 762/1095/2488 763/1097/2489
f 777/1204/2490 776/1205/2491 763/1097/2492 764/1099/2493
f 778/1203/2494 777/1204/2495 764/1099/2496 765/1101/2497
f 779/1214/2498 778/1203/2499 765/1101/2500 766/1103/2501
f 780/1106/2502 779/1210/2503 766/1213/2504 767/1105/2505
f 781/1108/2506 780/1106/2507 767/1105/2508 768/1107/2509
f 782/1111/2510 842/1112/2511 843/1109/2512 769/1110/2513
f 783/1114/2514 782/1111/2515 769/1110/2516 770/1113/2517
f 784/1216/2518 783/1114/2519 770/1113/2520 771/1115/2521
f 785/1200/2522 784/1202/2523 771/1215/2524 772/1117/2525
f 760/1091/2526 773/1201/2527 785/1200/2528 772/1117/2529
f 779/1210/2530 780/1106/2531 787/1119/2532 786/1209/2533
f 780/1106/2534 781/1108/2535 788/1121/2536 787/1119/2537
f 842/1112/2538 782/1111/2539 789/1122/2540 841/1123/2541
f 782/1111/2542 783/1114/2543 790/1124/2544 789/1122/2545
f 783/1114/2546 784/1216/2547 791/1193/2548 790/1124/2549
f 786/1209/2550 787/1119/2551 793/1199/2552 792/1208/2553
f 787/1119/2554 788/1121/2555 794/1198/2556 793/1199/2557
f 841/1123/2558 789/1122/2559 795/1195/2560 840/1194/2561
f 789/1122/2562 790/1124/2563 796/1196/2564 795/1195/2565
f 790/1124/2566 791/1193/2567 797/1197/2568 796/1196/2569
f 799/1133/2570 798/1134/2571 773/1094/2572 774/1093/2573
f 800/1135/2574 799/1133/2575 774/1093/2576 775/1096/2577
f 801/1136/2578 800/1135/2579 775/1096/2580 776/1098/2581
f 802/1137/2582 801/1136/2583 776/1098/2584 777/1100/2585
f 803/1138/2586 802/1137/2587 777/1100/2588 778/1102/2589
f 804/1139/2590 803/1138/2591 778/1102/2592 779/1211/2593
f 806/1140/2594 805/1141/2595 784/1116/2596 785/1118/2597
f 773/1094/2598 798/1134/2599 806/1140/2600 785/1118/2601
f 808/1142/2602 807/1143/2603 792/1127/2604 793/1126/2605
f 809/1144/2606 808/1142/2607 793/1126/2608 794/1128/2609
f 810/1145/2610 839/1146/2611 840/1130/2612 795/1129/2613
f 811/1147/2614 810/1145/2615 795/1129/2616 796/1131/2617
f 812/1148/2618 811/1147/2619 796/1131/2620 797/1132/2621
f 813/1149/2622 804/1212/2623 779/1104/2624 786/1120/2625
f 805/1141/2626 814/1150/2627 791/1125/2628 784/1116/2629
f 807/1143/2630 813/1149/2631 786/1120/2632 792/1127/2633
f 814/1150/2634 812/1148/2635 797/1132/2636 791/1125/2637
f 798/1187/2638 799/1192/2639 816/1151/2640 815/1152/2641
f 799/1192/2642 800/1191/2643 817/1153/2644 816/1151/2645
f 800/1191/2646 801/1190/2647 818/1154/2648 817/1153/2649
f 801/1190/2650 802/1189/2651 819/1155/2652 818/1154/2653
f 802/1189/2654 803/1188/2655 820/1156/2656 819/1155/2657
f 803/1188/2658 804/1182/2659 821/1157/2660 820/1156/2661
f 805/1181/2662 806/1186/2663 823/1158/2664 822/1159/2665
f 806/1186/2666 798/1187/2667 815/1152/2668 823/1158/2669
f 807/1180/2670 808/1185/2671 825/1160/2672 824/1161/2673
f 808/1185/2674 809/1184/2675 826/1162/2676 825/1160/2677
f 839/1175/2678 810/1176/2679 827/1163/2680 838/1164/2681
f 810/1176/2682 811/1183/2683 828/1165/2684 827/1163/2685
f 811/1183/2686 812/1178/2687 829/1166/2688 828/1165/2689
f 804/1182/2690 813/1179/2691 830/1167/2692 821/1157/2693
f 814/1177/2694 805/1181/2695 822/1159/2696 831/1168/2697
f 813/1179/2698 807/1180/2699 824/1161/2700 830/1167/2701
f 812/1178/2702 814/1177/2703 831/1168/2704 829/1166/2705
f 837/1169/2706 838/1164/2707 827/1163/2708 828/1165/2709
f 836/1170/2710 837/1169/2711 828/1165/2712 829/1166/2713
f 835/1171/2714 836/1170/2715 829/1166/2716 831/1168/2717
f 834/1172/2718 835/1171/2719 831/1168/2720 822/1159/2721
f 833/1173/2722 834/1172/2723 822/1159/2724 823/1158/2725
f 832/1174/2726 833/1173/2727 823/1158/2728 815/1152/2729
f 819/1155/2730 820/1156/2731 833/1173/2732 832/1174/2733
f 820/1156/2734 821/1157/2735 834/1172/2736 833/1173/2737
f 821/1157/2738 830/1167/2739 835/1171/2740 834/1172/2741
f 830/1167/2742 824/1161/2743 836/1170/2744 835/1171/2745
f 824/1161/2746 825/1160/2747 837/1169/2748 836/1170/2749
f 825/1160/2750 826/1162/2751 838/1164/2752 837/1169/2753
f 809/1184/2754 839/1175/2755 838/1164/2756 826/1162/2757
f 839/1146/2758 809/1144/2759 794/1128/2760 840/1130/2761
f 788/1121/2762 841/1123/2763 840/1194/2764 794/1198/2765
f 781/1108/2766 842/1112/2767 841/1123/2768 788/1121/2769
f 842/1112/2770 781/1108/2771 768/1107/2772 843/1109/2773
f 816/1151/2774 817/1153/2775 832/1174/2776 815/1152/2777
f 817/1153/2778 818/1154/2779 819/1155/2780 832/1174/2781
g default
v 7.166935 1.104326 7.960671
v 7.106394 1.104326 7.916685
v 7.031559 1.104326 7.916685
v 6.971019 1.104326 7.960671
v 6.947894 1.104326 8.031842
v 6.971019 1.104326 8.103014
v 7.031560 1.104326 8.147000
v 7.106394 1.104326 8.147000
v 7.166935 1.104326 8.103016
v 7.190060 1.104326 8.031842
v 7.139718 1.192374 7.980446
v 7.095997 1.192374 7.948679
v 7.041956 1.192374 7.948679
v 6.998235 1.192374 7.980446
v 6.981535 1.192374 8.031842
v 6.998235 1.192374 8.083239
v 7.041956 1.192374 8.115004
v 7.095998 1.192374 8.115004
v 7.139718 1.192374 8.083239
v 7.156418 1.192374 8.031842
v 7.068976 1.104326 8.031842
v 7.068976 1.192374 8.031842
vt 0.004926 0.001840
vt 0.001887 0.002829
vt 0.779388 0.004437
vt 0.778032 0.002571
vt 0.000002 0.005416
vt 0.779389 0.006747
vt 0.000000 0.008615
vt 0.778028 0.008616
vt 0.001880 0.011206
vt 0.775823 0.009328
vt 0.004918 0.012200
vt 0.773629 0.008612
vt 0.007967 0.011214
vt 0.772271 0.006741
vt 0.009854 0.008626
vt 0.772272 0.004431
vt 0.009853 0.005427
vt 0.773633 0.002561
vt 0.007973 0.002832
vt 0.775829 0.001849
vt 0.004921 0.007018
vt 0.775826 0.005587
vt 0.677707 0.505036
vt 0.677707 0.507779
vt 0.677707 0.502297
vt 0.677707 0.499556
vt 0.677707 0.524274
vt 0.677707 0.521536
vt 0.677707 0.518793
vt 0.677707 0.516040
vt 0.677707 0.513286
vt 0.677707 0.510532
vt 0.681729 0.505036
vt 0.681729 0.507779
vt 0.681729 0.502297
vt 0.681729 0.527017
vt 0.681729 0.524274
vt 0.681729 0.521536
vt 0.681729 0.518793
vt 0.681729 0.516040
vt 0.681729 0.513286
vt 0.681729 0.510532
vt 0.681729 0.499556
vt 0.677707 0.527017
vn 0.552446 0.341538 -0.760366
vn 0.552446 0.341538 -0.760366
vn 0.552446 0.341538 -0.760366
vn 0.552446 0.341538 -0.760366
vn 0.000000 0.341521 -0.939874
vn 0.000000 0.341521 -0.939874
vn 0.000000 0.341521 -0.939874
vn 0.000000 0.341521 -0.939874
vn -0.552451 0.341533 -0.760364
vn -0.552451 0.341533 -0.760364
vn -0.552451 0.341533 -0.760364
vn -0.552451 0.341533 -0.760364
vn -0.893869 0.341529 -0.290441
vn -0.893869 0.341529 -0.290441
vn -0.893869 0.341529 -0.290441
vn -0.893869 0.341529 -0.290441
vn -0.893872 0.341524 0.290437
vn -0.893873 0.341524 0.290437
vn -0.893872 0.341524 0.290437
vn -0.893872 0.341524 0.290437
vn -0.552427 0.341543 0.760377
vn -0.552427 0.341543 0.760377
vn -0.552427 0.341543 0.760377
vn -0.552427 0.341543 0.760377
vn 0.000000 0.341536 0.939869
vn 0.000000 0.341536 0.939869
vn 0.000000 0.341536 0.939869
vn 0.000000 0.341536 0.939869
vn 0.552433 0.341539 0.760374
vn 0.552433 0.341539 0.760374
vn 0.552433 0.341540 0.760374
vn 0.552433 0.341540 0.760374
vn 0.893870 0.341540 0.290426
vn 0.893870 0.341540 0.290426
vn 0.893870 0.341540 0.290426
vn 0.893870 0.341540 0.290426
vn 0.893871 0.341530 -0.290432
vn 0.893871 0.341530 -0.290432
vn 0.893871 0.341530 -0.290432
vn 0.893872 0.341530 -0.290432
vn 0.000000 -1.000000 -0.000000
vn 0.000000 -1.000000 0.000000
vn 0.000000 -1.000000 0.000000
vn 0.000000 -1.000000 0.000000
vn 0.000000 -1.000000 -0.000000
vn 0.000000 -1.000000 0.000000
vn 0.000000 -1.000000 0.000000
vn 0.000000 -1.000000 0.000000
vn 0.000000 -1.000000 0.000000
vn 0.000000 -1.000000 0.000000
vn 0.000000 -1.000000 0.000000
vn 0.000000 -1.000000 0.000000
vn 0.000000 -1.000000 0.000000
vn 0.000000 -1.000000 0.000000
vn 0.000000 -1.000000 0.000000
vn 0.000000 -1.000000 -0.000000
vn 0.000000 -1.000000 0.000000
vn 0.000000 -1.000000 0.000000
vn 0.000000 -1.000000 0.000000
vn 0.000000 -1.000000 -0.000000
vn 0.000000 -1.000000 0.000000
vn 0.000000 -1.000000 0.000001
vn 0.000000 -1.000000 0.000000
vn 0.000000 -1.000000 0.000000
vn 0.000000 -1.000000 0.000001
vn 0.000000 -1.000000 0.000001
vn 0.000000 -1.000000 0.000000
vn 0.000000 -1.000000 0.000000
vn 0.000000 -1.000000 0.000001
vn 0.000000 -1.000000 0.000000
vn -0.000002 1.000000 0.000000
vn -0.000001 1.000000 0.000002
vn 0.000000 1.000000 -0.000000
vn -0.000001 1.000000 0.000002
vn 0.000001 1.000000 0.000003
vn 0.000000 1.000000 -0.000000
vn 0.000001 1.000000 0.000003
vn 0.000002 1.000000 0.000001
vn 0.000000 1.000000 -0.000000
vn 0.000002 1.000000 0.000001
vn 0.000003 1.000000 0.000000
vn 0.000000 1.000000 -0.000000
vn 0.000003 1.000000 0.000000
vn 0.000002 1.000000 0.000000
vn 0.000000 1.000000 -0.000000
vn 0.000002 1.000000 0.000000
vn 0.000001 1.000000 -0.000002
vn 0.000000 1.000000 -0.000000
vn 0.000001 1.000000 -0.000002
vn -0.000001 1.000000 -0.000003
vn 0.000000 1.000000 -0.000000
vn -0.000001 1.000000 -0.000003
vn -0.000002 1.000000 -0.000001
vn 0.000000 1.000000 -0.000000
vn -0.000002 1.000000 -0.000001
vn -0.000003 1.000000 0.000000
vn 0.000000 1.000000 -0.000000
vn -0.000003 1.000000 0.000000
vn -0.000002 1.000000 0.000000
vn 0.000000 1.000000 -0.000000
s off
g Adicionales group16 pCylinder32 Decorativo
usemtl pCylinder30SG
f 855/1248/2782 854/1240/2783 844/1250/2784 845/1258/2785
f 856/1247/2786 855/1248/2787 845/1258/2788 846/1257/2789
f 857/1246/2790 856/1247/2791 846/1257/2792 847/1256/2793
f 858/1245/2794 857/1246/2795 847/1256/2796 848/1255/2797
f 859/1244/2798 858/1245/2799 848/1255/2800 849/1254/2801
f 860/1243/2802 859/1244/2803 849/1254/2804 850/1253/2805
f 861/1260/2806 860/1243/2807 850/1253/2808 851/1252/2809
f 862/1241/2810 861/1242/2811 851/1259/2812 852/1251/2813
f 863/1239/2814 862/1241/2815 852/1251/2816 853/1249/2817
f 844/1250/2818 854/1240/2819 863/1239/2820 853/1249/2821
f 845/1218/2822 844/1217/2823 864/1237/2824
f 846/1221/2825 845/1218/2826 864/1237/2827
f 847/1223/2828 846/1221/2829 864/1237/2830
f 848/1225/2831 847/1223/2832 864/1237/2833
f 849/1227/2834 848/1225/2835 864/1237/2836
f 850/1229/2837 849/1227/2838 864/1237/2839
f 851/1231/2840 850/1229/2841 864/1237/2842
f 852/1233/2843 851/1231/2844 864/1237/2845
f 853/1235/2846 852/1233/2847 864/1237/2848
f 844/1217/2849 853/1235/2850 864/1237/2851
f 854/1220/2852 855/1219/2853 865/1238/2854
f 855/1219/2855 856/1222/2856 865/1238/2857
f 856/1222/2858 857/1224/2859 865/1238/2860
f 857/1224/2861 858/1226/2862 865/1238/2863
f 858/1226/2864 859/1228/2865 865/1238/2866
f 859/1228/2867 860/1230/2868 865/1238/2869
f 860/1230/2870 861/1232/2871 865/1238/2872
f 861/1232/2873 862/1234/2874 865/1238/2875
f 862/1234/2876 863/1236/2877 865/1238/2878
f 863/1236/2879 854/1220/2880 865/1238/2881
g default
v 7.109303 1.189261 7.995423
v 7.074296 1.189261 7.980923
v 7.039291 1.189261 7.995423
v 7.024790 1.189261 8.030428
v 7.039291 1.189261 8.065434
v 7.074296 1.189261 8.079935
v 7.109303 1.189261 8.065434
v 7.123802 1.189261 8.030428
v 7.137375 1.247641 7.967351
v 7.074296 1.247641 7.941223
v 7.011220 1.247641 7.967351
v 6.985090 1.247641 8.030428
v 7.011220 1.247641 8.093506
v 7.074296 1.247641 8.119635
v 7.137375 1.247641 8.093506
v 7.163503 1.247641 8.030428
v 7.152954 1.332003 7.951772
v 7.074296 1.332003 7.919191
v 6.995640 1.332003 7.951772
v 6.963059 1.332003 8.030428
v 6.995640 1.332003 8.109084
v 7.074296 1.332003 8.141665
v 7.152954 1.332003 8.109086
v 7.185535 1.332003 8.030428
v 7.152954 1.425637 7.951772
v 7.074296 1.425637 7.919191
v 6.995640 1.425637 7.951772
v 6.963059 1.425637 8.030428
v 6.995640 1.425637 8.109084
v 7.074296 1.425637 8.141665
v 7.152954 1.425637 8.109086
v 7.185535 1.425637 8.030428
v 7.137375 1.509998 7.967351
v 7.074296 1.509998 7.941223
v 7.011220 1.509998 7.967351
v 6.985090 1.509998 8.030428
v 7.011220 1.509998 8.093506
v 7.074296 1.509998 8.119635
v 7.137375 1.509998 8.093506
v 7.163503 1.509998 8.030428
v 7.109303 1.568378 7.995423
v 7.074296 1.568378 7.980923
v 7.039291 1.568378 7.995423
v 7.024790 1.568378 8.030428
v 7.039291 1.568378 8.065434
v 7.074296 1.568378 8.079935
v 7.109303 1.568378 8.065434
v 7.123802 1.568378 8.030428
v 7.074296 1.589214 8.030428
vt 0.985054 0.861070
vt 0.987935 0.861070
vt 0.987935 0.864849
vt 0.985054 0.864849
vt 0.990822 0.861070
vt 0.990822 0.864849
vt 0.993708 0.861070
vt 0.993708 0.864849
vt 0.996575 0.861070
vt 0.996575 0.864849
vt 0.998800 0.861070
vt 0.977159 0.864849
vt 0.979365 0.861070
vt 0.979365 0.864849
vt 0.982192 0.861070
vt 0.982192 0.864849
vt 0.987935 0.869023
vt 0.985054 0.869023
vt 0.990822 0.869023
vt 0.993708 0.869023
vt 0.996575 0.869023
vt 0.977159 0.869023
vt 0.979365 0.869023
vt 0.982192 0.869023
vt 0.987935 0.873136
vt 0.985054 0.873136
vt 0.990822 0.873136
vt 0.993708 0.873136
vt 0.996575 0.873136
vt 0.977159 0.873136
vt 0.979365 0.873136
vt 0.982192 0.873136
vt 0.987935 0.876931
vt 0.985054 0.876931
vt 0.990822 0.876931
vt 0.993708 0.876931
vt 0.996575 0.876931
vt 0.977159 0.876931
vt 0.979365 0.876931
vt 0.982192 0.876931
vt 0.773472 0.013423
vt 0.775171 0.013424
vt 0.772271 0.012222
vt 0.772271 0.010523
vt 0.773472 0.009322
vt 0.775171 0.009322
vt 0.776372 0.010524
vt 0.776372 0.012222
vt 0.774321 0.011373
vt 0.982192 0.880416
vt 0.985054 0.880416
vt 0.979365 0.880416
vt 0.977159 0.880416
vt 0.996575 0.880416
vt 0.993708 0.880416
vt 0.990822 0.880416
vt 0.987935 0.880416
vt 0.998800 0.876931
vt 0.998800 0.880416
vt 0.998800 0.873136
vt 0.998800 0.869023
vt 0.998800 0.864849
vt 0.977159 0.861070
vn 0.324024 -0.531984 -0.782306
vn 0.324024 -0.531984 -0.782306
vn 0.324024 -0.531984 -0.782306
vn 0.324023 -0.531984 -0.782306
vn -0.324040 -0.531981 -0.782301
vn -0.324040 -0.531981 -0.782301
vn -0.324040 -0.531981 -0.782301
vn -0.324039 -0.531981 -0.782301
vn -0.782291 -0.531980 -0.324065
vn -0.782291 -0.531981 -0.324065
vn -0.782291 -0.531980 -0.324065
vn -0.782291 -0.531981 -0.324065
vn -0.782295 -0.531977 0.324061
vn -0.782295 -0.531977 0.324061
vn -0.782295 -0.531977 0.324061
vn -0.782295 -0.531977 0.324061
vn -0.324065 -0.531976 0.782293
vn -0.324065 -0.531976 0.782293
vn -0.324065 -0.531977 0.782293
vn -0.324065 -0.531977 0.782293
vn 0.324049 -0.531978 0.782299
vn 0.324049 -0.531978 0.782299
vn 0.324049 -0.531978 0.782299
vn 0.324049 -0.531978 0.782299
vn 0.782307 -0.531975 0.324033
vn 0.782308 -0.531975 0.324033
vn 0.782307 -0.531975 0.324033
vn 0.782307 -0.531975 0.324033
vn 0.782303 -0.531978 -0.324038
vn 0.782303 -0.531978 -0.324038
vn 0.782303 -0.531978 -0.324038
vn 0.782303 -0.531978 -0.324038
vn 0.372007 -0.234551 -0.898107
vn 0.372007 -0.234551 -0.898107
vn 0.372007 -0.234551 -0.898107
vn 0.372007 -0.234551 -0.898107
vn -0.372017 -0.234554 -0.898102
vn -0.372017 -0.234554 -0.898102
vn -0.372017 -0.234554 -0.898102
vn -0.372017 -0.234554 -0.898102
vn -0.898099 -0.234554 -0.372025
vn -0.898099 -0.234554 -0.372025
vn -0.898099 -0.234554 -0.372025
vn -0.898099 -0.234554 -0.372025
vn -0.898100 -0.234552 0.372025
vn -0.898100 -0.234552 0.372025
vn -0.898100 -0.234552 0.372025
vn -0.898100 -0.234552 0.372025
vn -0.372018 -0.234545 0.898104
vn -0.372018 -0.234545 0.898104
vn -0.372018 -0.234545 0.898104
vn -0.372018 -0.234545 0.898104
vn 0.372000 -0.234552 0.898110
vn 0.372000 -0.234552 0.898110
vn 0.372000 -0.234552 0.898110
vn 0.372000 -0.234552 0.898110
vn 0.898105 -0.234555 0.372010
vn 0.898105 -0.234555 0.372010
vn 0.898105 -0.234555 0.372010
vn 0.898105 -0.234555 0.372010
vn 0.898105 -0.234553 -0.372012
vn 0.898105 -0.234553 -0.372012
vn 0.898105 -0.234553 -0.372012
vn 0.898105 -0.234553 -0.372012
vn 0.382682 0.000000 -0.923880
vn 0.382682 0.000000 -0.923880
vn 0.382682 0.000000 -0.923880
vn 0.382682 0.000000 -0.923880
vn -0.382691 0.000000 -0.923876
vn -0.382691 0.000000 -0.923876
vn -0.382691 0.000000 -0.923876
vn -0.382691 0.000000 -0.923876
vn -0.923876 0.000000 -0.382693
vn -0.923876 0.000000 -0.382693
vn -0.923876 0.000000 -0.382693
vn -0.923876 0.000000 -0.382693
vn -0.923877 0.000000 0.382690
vn -0.923877 0.000000 0.382690
vn -0.923877 0.000000 0.382690
vn -0.923877 0.000000 0.382690
vn -0.382686 0.000000 0.923879
vn -0.382686 0.000000 0.923879
vn -0.382686 0.000000 0.923879
vn -0.382686 0.000000 0.923879
vn 0.382659 0.000000 0.923890
vn 0.382659 0.000000 0.923890
vn 0.382659 0.000000 0.923890
vn 0.382659 0.000000 0.923890
vn 0.923881 0.000000 0.382679
vn 0.923881 0.000000 0.382679
vn 0.923881 0.000000 0.382679
vn 0.923881 0.000000 0.382679
vn 0.923878 0.000000 -0.382688
vn 0.923878 0.000000 -0.382688
vn 0.923878 0.000000 -0.382688
vn 0.923878 0.000000 -0.382688
vn 0.372006 0.234553 -0.898107
vn 0.372006 0.234553 -0.898107
vn 0.372006 0.234553 -0.898107
vn 0.372006 0.234553 -0.898107
vn -0.372017 0.234552 -0.898103
vn -0.372017 0.234552 -0.898103
vn -0.372017 0.234552 -0.898103
vn -0.372017 0.234552 -0.898103
vn -0.898099 0.234554 -0.372025
vn -0.898099 0.234554 -0.372025
vn -0.898099 0.234554 -0.372025
vn -0.898099 0.234554 -0.372025
vn -0.898100 0.234552 0.372025
vn -0.898100 0.234552 0.372025
vn -0.898100 0.234552 0.372025
vn -0.898100 0.234552 0.372025
vn -0.372018 0.234544 0.898105
vn -0.372018 0.234544 0.898105
vn -0.372018 0.234544 0.898105
vn -0.372018 0.234544 0.898105
vn 0.372000 0.234552 0.898110
vn 0.372000 0.234552 0.898110
vn 0.372000 0.234552 0.898110
vn 0.372000 0.234552 0.898110
vn 0.898105 0.234555 0.372010
vn 0.898105 0.234555 0.372010
vn 0.898105 0.234555 0.372010
vn 0.898105 0.234555 0.372010
vn 0.898104 0.234553 -0.372013
vn 0.898104 0.234553 -0.372013
vn 0.898104 0.234553 -0.372013
vn 0.898104 0.234553 -0.372013
vn 0.324024 0.531985 -0.782304
vn 0.324024 0.531985 -0.782304
vn 0.324024 0.531985 -0.782304
vn 0.324024 0.531985 -0.782304
vn -0.324040 0.531983 -0.782300
vn -0.324040 0.531982 -0.782300
vn -0.324040 0.531983 -0.782300
vn -0.324040 0.531982 -0.782300
vn -0.782291 0.531981 -0.324063
vn -0.782291 0.531981 -0.324063
vn -0.782291 0.531981 -0.324063
vn -0.782291 0.531981 -0.324063
vn -0.782293 0.531978 0.324064
vn -0.782293 0.531978 0.324064
vn -0.782293 0.531978 0.324064
vn -0.782292 0.531978 0.324064
vn -0.324066 0.531978 0.782292
vn -0.324066 0.531978 0.782292
vn -0.324066 0.531978 0.782292
vn -0.324066 0.531978 0.782292
vn 0.324050 0.531980 0.782297
vn 0.324050 0.531980 0.782297
vn 0.324050 0.531980 0.782297
vn 0.324050 0.531980 0.782297
vn 0.782302 0.531981 0.324037
vn 0.782302 0.531981 0.324037
vn 0.782302 0.531981 0.324037
vn 0.782302 0.531981 0.324037
vn 0.782304 0.531978 -0.324037
vn 0.782304 0.531978 -0.324037
vn 0.782304 0.531978 -0.324037
vn 0.782304 0.531978 -0.324037
vn 0.158659 0.910023 -0.382995
vn 0.158659 0.910023 -0.382995
vn 0.158659 0.910023 -0.382995
vn -0.158676 0.910014 -0.383010
vn -0.158676 0.910014 -0.383010
vn -0.158676 0.910014 -0.383010
vn -0.382992 0.910025 -0.158655
vn -0.382992 0.910025 -0.158655
vn -0.382992 0.910025 -0.158655
vn -0.382994 0.910025 0.158650
vn -0.382994 0.910025 0.158650
vn -0.382994 0.910025 0.158650
vn -0.158645 0.910023 0.383002
vn -0.158645 0.910023 0.383002
vn -0.158645 0.910023 0.383002
vn 0.158628 0.910032 0.382987
vn 0.158628 0.910032 0.382987
vn 0.158628 0.910032 0.382987
vn 0.382995 0.910028 0.158630
vn 0.382995 0.910028 0.158630
vn 0.382995 0.910028 0.158630
vn 0.382993 0.910028 -0.158635
vn 0.382993 0.910028 -0.158635
vn 0.382993 0.910028 -0.158635
s off
g Adicionales group16 Decorativo pSphere4
usemtl pCylinder30SG
f 866/1261/2882 867/1262/2883 875/1263/2884 874/1264/2885
f 867/1262/2886 868/1265/2887 876/1266/2888 875/1263/2889
f 868/1265/2890 869/1267/2891 877/1268/2892 876/1266/2893
f 869/1267/2894 870/1269/2895 878/1270/2896 877/1268/2897
f 870/1269/2898 871/1271/2899 879/1322/2900 878/1270/2901
f 871/1323/2902 872/1273/2903 880/1274/2904 879/1272/2905
f 872/1273/2906 873/1275/2907 881/1276/2908 880/1274/2909
f 873/1275/2910 866/1261/2911 874/1264/2912 881/1276/2913
f 874/1264/2914 875/1263/2915 883/1277/2916 882/1278/2917
f 875/1263/2918 876/1266/2919 884/1279/2920 883/1277/2921
f 876/1266/2922 877/1268/2923 885/1280/2924 884/1279/2925
f 877/1268/2926 878/1270/2927 886/1281/2928 885/1280/2929
f 878/1270/2930 879/1322/2931 887/1321/2932 886/1281/2933
f 879/1272/2934 880/1274/2935 888/1283/2936 887/1282/2937
f 880/1274/2938 881/1276/2939 889/1284/2940 888/1283/2941
f 881/1276/2942 874/1264/2943 882/1278/2944 889/1284/2945
f 882/1278/2946 883/1277/2947 891/1285/2948 890/1286/2949
f 883/1277/2950 884/1279/2951 892/1287/2952 891/1285/2953
f 884/1279/2954 885/1280/2955 893/1288/2956 892/1287/2957
f 885/1280/2958 886/1281/2959 894/1289/2960 893/1288/2961
f 886/1281/2962 887/1321/2963 895/1320/2964 894/1289/2965
f 887/1282/2966 888/1283/2967 896/1291/2968 895/1290/2969
f 888/1283/2970 889/1284/2971 897/1292/2972 896/1291/2973
f 889/1284/2974 882/1278/2975 890/1286/2976 897/1292/2977
f 890/1286/2978 891/1285/2979 899/1293/2980 898/1294/2981
f 891/1285/2982 892/1287/2983 900/1295/2984 899/1293/2985
f 892/1287/2986 893/1288/2987 901/1296/2988 900/1295/2989
f 893/1288/2990 894/1289/2991 902/1297/2992 901/1296/2993
f 894/1289/2994 895/1320/2995 903/1318/2996 902/1297/2997
f 895/1290/2998 896/1291/2999 904/1299/3000 903/1298/3001
f 896/1291/3002 897/1292/3003 905/1300/3004 904/1299/3005
f 897/1292/3006 890/1286/3007 898/1294/3008 905/1300/3009
f 898/1294/3010 899/1293/3011 907/1317/3012 906/1311/3013
f 899/1293/3014 900/1295/3015 908/1316/3016 907/1317/3017
f 900/1295/3018 901/1296/3019 909/1315/3020 908/1316/3021
f 901/1296/3022 902/1297/3023 910/1314/3024 909/1315/3025
f 902/1297/3026 903/1318/3027 911/1319/3028 910/1314/3029
f 903/1298/3030 904/1299/3031 912/1312/3032 911/1313/3033
f 904/1299/3034 905/1300/3035 913/1310/3036 912/1312/3037
f 905/1300/3038 898/1294/3039 906/1311/3040 913/1310/3041
f 906/1302/3042 907/1301/3043 914/1309/3044
f 907/1301/3045 908/1303/3046 914/1309/3047
f 908/1303/3048 909/1304/3049 914/1309/3050
f 909/1304/3051 910/1305/3052 914/1309/3053
f 910/1305/3054 911/1306/3055 914/1309/3056
f 911/1306/3057 912/1307/3058 914/1309/3059
f 912/1307/3060 913/1308/3061 914/1309/3062
f 913/1308/3063 906/1302/3064 914/1309/3065
g default
v 5.061679 2.106292 7.999101
v 5.076670 2.106292 7.999101
v 5.061679 2.527499 7.999101
v 5.076670 2.527499 7.999101
v 5.061679 2.527499 7.972304
v 5.076670 2.527499 7.972304
v 5.061679 2.106292 7.972304
v 5.076670 2.106292 7.972304
vt 0.788031 0.352482
vt 0.807195 0.588395
vt 0.799686 0.372069
vt 0.789177 0.587753
vt 0.798539 0.372068
vt 0.826358 0.587755
vt 0.798538 0.390084
vt 0.808340 0.587754
vt 0.808340 0.588395
vt 0.799684 0.390084
vt 0.826358 0.588396
vt 0.788032 0.587753
vt 0.789177 0.588394
vt 0.788031 0.588394
vt 0.788033 0.334464
vt 0.789179 0.334465
vt 0.789177 0.352482
vt 0.807195 0.587754
vn 0.000000 0.000000 1.000000
vn 0.000000 0.000000 1.000000
vn 0.000000 0.000000 1.000000
vn 0.000000 0.000000 1.000000
vn 0.000000 1.000000 0.000000
vn 0.000000 1.000000 0.000000
vn 0.000000 1.000000 0.000000
vn 0.000000 1.000000 0.000000
vn 0.000000 0.000000 -1.000000
vn 0.000000 0.000000 -1.000000
vn 0.000000 0.000000 -1.000000
vn 0.000000 0.000000 -1.000000
vn 0.000000 -1.000000 0.000000
vn 0.000000 -1.000000 0.000000
vn 0.000000 -1.000000 0.000000
vn 0.000000 -1.000000 0.000000
vn 1.000000 0.000000 0.000000
vn 1.000000 0.000000 0.000000
vn 1.000000 0.000000 0.000000
vn 1.000000 0.000000 0.000000
vn -1.000000 0.000000 0.000000
vn -1.000000 0.000000 0.000000
vn -1.000000 0.000000 0.000000
vn -1.000000 0.000000 0.000000
s off
g Adicionales group16 pCube73 Boveda
usemtl pCylinder30SG
f 915/1341/3066 916/1325/3067 918/1336/3068 917/1327/3069
f 917/1327/3070 918/1336/3071 920/1337/3072 919/1335/3073
f 919/1329/3074 920/1334/3075 922/1332/3076 921/1331/3077
f 921/1331/3078 922/1332/3079 916/1325/3080 915/1341/3081
f 916/1333/3082 922/1330/3083 920/1328/3084 918/1326/3085
f 921/1340/3086 915/1324/3087 917/1338/3088 919/1339/3089
g default
v 5.026951 2.597984 7.995830
v 5.484466 2.597984 7.995830
v 5.026951 2.038763 7.995830
v 5.484466 2.038763 7.995830
v 5.026951 2.597984 8.011284
v 5.484466 2.597984 8.011284
v 5.026951 2.038763 8.011284
v 5.484466 2.038763 8.011284
vt 0.461528 0.810686
vt 0.441958 0.810684
vt 0.441961 0.786765
vt 0.461529 0.786766
vt 0.462189 0.810686
vt 0.441958 0.811345
vt 0.441299 0.786765
vt 0.461529 0.786105
vt 0.441960 0.786103
vt 0.462190 0.786766
vt 0.441298 0.810684
vt 0.461527 0.811347
vn 0.000000 0.000000 -1.000000
vn 0.000000 0.000000 -1.000000
vn 0.000000 0.000000 -1.000000
vn 0.000000 0.000000 -1.000000
vn 0.000000 1.000000 0.000000
vn 0.000000 1.000000 0.000000
vn 0.000000 1.000000 0.000000
vn 0.000000 1.000000 0.000000
vn 0.000000 -1.000000 0.000000
vn 0.000000 -1.000000 0.000000
vn 0.000000 -1.000000 0.000000
vn 0.000000 -1.000000 0.000000
vn -1.000000 0.000000 0.000000
vn -1.000000 0.000000 0.000000
vn -1.000000 0.000000 0.000000
vn -1.000000 0.000000 0.000000
vn 1.000000 0.000000 0.000000
vn 1.000000 0.000000 0.000000
vn 1.000000 0.000000 0.000000
vn 1.000000 0.000000 0.000000
s off
g Adicionales group16 Boveda pCube72
usemtl pCylinder30SG
f 923/1342/3090 924/1343/3091 926/1344/3092 925/1345/3093
f 924/1343/3094 923/1342/3095 927/1353/3096 928/1347/3097
f 925/1345/3098 926/1344/3099 930/1350/3100 929/1349/3101
f 923/1342/3102 925/1345/3103 929/1351/3104 927/1346/3105
f 926/1344/3106 924/1343/3107 928/1352/3108 930/1348/3109
g default
v 4.980920 1.982500 8.170148
v 5.530497 1.982500 8.170148
v 4.980920 2.654248 8.170148
v 5.530497 2.654248 8.170148
v 4.980920 2.654248 8.008638
v 5.530497 2.654248 8.008638
v 4.980920 1.982500 8.008638
v 5.530497 1.982500 8.008638
vt 0.828955 0.587751
vt 0.805449 0.587753
vt 0.805447 0.559020
vt 0.828953 0.559018
vt 0.798538 0.559021
vt 0.798540 0.587753
vt 0.835862 0.559018
vt 0.835864 0.587750
vn 0.000000 0.000000 -1.000000
vn 0.000000 0.000000 -1.000000
vn 0.000000 0.000000 -1.000000
vn 0.000000 0.000000 -1.000000
vn 1.000000 0.000000 0.000000
vn 1.000000 0.000000 0.000000
vn 1.000000 0.000000 0.000000
vn 1.000000 0.000000 0.000000
vn -1.000000 0.000000 0.000000
vn -1.000000 0.000000 0.000000
vn -1.000000 0.000000 0.000000
vn -1.000000 0.000000 0.000000
s off
g Adicionales group16 Boveda pCube71
usemtl pCylinder30SG
f 935/1354/3110 936/1355/3111 938/1356/3112 937/1357/3113
f 932/1358/3114 938/1356/3115 936/1355/3116 934/1359/3117
f 937/1357/3118 931/1360/3119 933/1361/3120 935/1354/3121
g default
v -0.023975 0.877430 -0.410591
v -0.062722 0.877430 -0.432962
v -0.106783 0.877430 -0.425193
v -0.135542 0.877430 -0.390919
v -0.135542 0.877430 -0.346178
v -0.106783 0.877430 -0.311904
v -0.062722 0.877430 -0.304135
v -0.023975 0.877430 -0.326505
v -0.008672 0.877430 -0.368548
v 0.018502 0.914481 -0.446234
v -0.053093 0.914481 -0.487569
v -0.134508 0.914481 -0.473214
v -0.187648 0.914481 -0.409884
v -0.187648 0.914481 -0.327213
v -0.134508 0.914481 -0.263883
v -0.053093 0.914481 -0.249528
v 0.018502 0.914481 -0.290863
v 0.046777 0.914481 -0.368548
v 0.046884 0.969930 -0.470049
v -0.046659 0.969930 -0.524057
v -0.153033 0.969930 -0.505300
v -0.222464 0.969930 -0.422556
v -0.222464 0.969930 -0.314541
v -0.153033 0.969930 -0.231797
v -0.046659 0.969930 -0.213040
v 0.046884 0.969930 -0.267048
v 0.083828 0.969930 -0.368548
v 0.056851 1.035337 -0.478412
v -0.044400 1.035337 -0.536869
v -0.159538 1.035337 -0.516567
v -0.234690 1.035337 -0.427006
v -0.234690 1.035337 -0.310091
v -0.159538 1.035337 -0.220529
v -0.044400 1.035337 -0.200227
v 0.056851 1.035337 -0.258685
v 0.096838 1.035337 -0.368548
v 0.046884 1.100745 -0.470049
v -0.046659 1.100745 -0.524057
v -0.153033 1.100745 -0.505300
v -0.222464 1.100745 -0.422556
v -0.222464 1.100745 -0.314541
v -0.153033 1.100745 -0.231797
v -0.046659 1.100745 -0.213040
v 0.046884 1.100745 -0.267048
v 0.083828 1.100745 -0.368548
v 0.018502 1.156194 -0.446234
v -0.053093 1.156194 -0.487569
v -0.134508 1.156194 -0.473214
v -0.187648 1.156194 -0.409884
v -0.187648 1.156194 -0.327213
v -0.134508 1.156194 -0.263883
v -0.053093 1.156194 -0.249528
v 0.018502 1.156194 -0.290863
v 0.046777 1.156194 -0.368548
v -0.023975 1.193245 -0.410591
v -0.062722 1.193245 -0.432962
v -0.106783 1.193245 -0.425193
v -0.135542 1.193245 -0.390919
v -0.135542 1.193245 -0.346178
v -0.106783 1.193245 -0.311904
v -0.062722 1.193245 -0.304135
v -0.023975 1.193245 -0.326505
v -0.008672 1.193245 -0.368548
v -0.074080 1.206255 -0.368548
vt 0.814241 0.499600
vt 0.817940 0.499600
vt 0.817940 0.502909
vt 0.814241 0.502909
vt 0.821642 0.499600
vt 0.821642 0.502909
vt 0.825342 0.499600
vt 0.825342 0.502909
vt 0.829025 0.499600
vt 0.829025 0.502909
vt 0.832685 0.499600
vt 0.832685 0.502909
vt 0.835791 0.499600
vt 0.803792 0.502909
vt 0.806898 0.499600
vt 0.806898 0.502909
vt 0.810558 0.499600
vt 0.810558 0.502909
vt 0.817940 0.505883
vt 0.814241 0.505883
vt 0.821642 0.505883
vt 0.825342 0.505883
vt 0.829025 0.505883
vt 0.832685 0.505883
vt 0.803792 0.505883
vt 0.806898 0.505883
vt 0.810558 0.505883
vt 0.817940 0.508758
vt 0.814241 0.508758
vt 0.821642 0.508758
vt 0.825342 0.508758
vt 0.829025 0.508758
vt 0.832685 0.508758
vt 0.803792 0.508758
vt 0.806898 0.508758
vt 0.810558 0.508758
vt 0.817940 0.511633
vt 0.814241 0.511633
vt 0.821642 0.511633
vt 0.825342 0.511633
vt 0.829025 0.511633
vt 0.832685 0.511633
vt 0.803792 0.511633
vt 0.806898 0.511633
vt 0.810558 0.511633
vt 0.817940 0.514608
vt 0.814241 0.514608
vt 0.821642 0.514608
vt 0.825342 0.514608
vt 0.829025 0.514608
vt 0.832685 0.514608
vt 0.803792 0.514608
vt 0.806898 0.514608
vt 0.810558 0.514608
vt 0.582127 0.253261
vt 0.580225 0.252926
vt 0.583376 0.254743
vt 0.583376 0.256677
vt 0.582134 0.258159
vt 0.580226 0.258495
vt 0.578549 0.257529
vt 0.577890 0.255711
vt 0.578549 0.253893
vt 0.580717 0.255710
vt 0.810558 0.517917
vt 0.814241 0.517917
vt 0.806898 0.517917
vt 0.803792 0.517917
vt 0.832685 0.517917
vt 0.829025 0.517917
vt 0.825342 0.517917
vt 0.821642 0.517917
vt 0.817940 0.517917
vt 0.835791 0.517917
vt 0.835791 0.514608
vt 0.835791 0.511633
vt 0.835791 0.508758
vt 0.835791 0.505883
vt 0.835791 0.502909
vt 0.803792 0.499600
vn 0.289748 -0.814975 -0.501859
vn 0.289748 -0.814975 -0.501859
vn 0.289748 -0.814975 -0.501859
vn 0.289748 -0.814975 -0.501859
vn -0.100628 -0.814974 -0.570694
vn -0.100628 -0.814974 -0.570694
vn -0.100628 -0.814974 -0.570694
vn -0.100628 -0.814974 -0.570694
vn -0.443920 -0.814975 -0.372493
vn -0.443920 -0.814975 -0.372493
vn -0.443920 -0.814975 -0.372493
vn -0.443920 -0.814975 -0.372493
vn -0.579497 -0.814975 -0.000001
vn -0.579497 -0.814975 -0.000001
vn -0.579497 -0.814975 -0.000001
vn -0.579497 -0.814975 -0.000001
vn -0.443920 -0.814975 0.372493
vn -0.443920 -0.814975 0.372493
vn -0.443920 -0.814975 0.372493
vn -0.443920 -0.814975 0.372493
vn -0.100629 -0.814974 0.570693
vn -0.100629 -0.814974 0.570693
vn -0.100629 -0.814974 0.570693
vn -0.100629 -0.814974 0.570693
vn 0.289748 -0.814975 0.501858
vn 0.289748 -0.814975 0.501858
vn 0.289748 -0.814975 0.501858
vn 0.289748 -0.814975 0.501858
vn 0.544548 -0.814975 0.198200
vn 0.544548 -0.814975 0.198200
vn 0.544548 -0.814975 0.198200
vn 0.544548 -0.814975 0.198200
vn 0.544549 -0.814975 -0.198200
vn 0.544549 -0.814975 -0.198200
vn 0.544549 -0.814975 -0.198200
vn 0.544549 -0.814975 -0.198200
vn 0.423450 -0.531753 -0.733437
vn 0.423450 -0.531753 -0.733437
vn 0.423450 -0.531753 -0.733437
vn 0.423450 -0.531753 -0.733437
vn -0.147062 -0.531753 -0.834033
vn -0.147062 -0.531753 -0.834033
vn -0.147062 -0.531753 -0.834033
vn -0.147062 -0.531753 -0.834033
vn -0.648762 -0.531753 -0.544377
vn -0.648762 -0.531753 -0.544377
vn -0.648762 -0.531753 -0.544377
vn -0.648763 -0.531753 -0.544377
vn -0.846899 -0.531753 0.000001
vn -0.846899 -0.531753 0.000001
vn -0.846899 -0.531753 0.000001
vn -0.846899 -0.531753 0.000001
vn -0.648763 -0.531753 0.544376
vn -0.648763 -0.531753 0.544376
vn -0.648763 -0.531753 0.544376
vn -0.648763 -0.531753 0.544376
vn -0.147063 -0.531753 0.834033
vn -0.147063 -0.531753 0.834033
vn -0.147063 -0.531753 0.834033
vn -0.147063 -0.531753 0.834033
vn 0.423450 -0.531753 0.733436
vn 0.423450 -0.531753 0.733436
vn 0.423450 -0.531753 0.733436
vn 0.423450 -0.531753 0.733436
vn 0.795825 -0.531753 0.289657
vn 0.795825 -0.531753 0.289657
vn 0.795825 -0.531753 0.289657
vn 0.795825 -0.531753 0.289657
vn 0.795825 -0.531753 -0.289657
vn 0.795825 -0.531753 -0.289657
vn 0.795825 -0.531753 -0.289657
vn 0.795825 -0.531753 -0.289657
vn 0.491488 -0.183735 -0.851282
vn 0.491488 -0.183735 -0.851282
vn 0.491488 -0.183735 -0.851282
vn 0.491488 -0.183735 -0.851282
vn -0.170692 -0.183735 -0.968042
vn -0.170692 -0.183735 -0.968042
vn -0.170692 -0.183735 -0.968042
vn -0.170692 -0.183735 -0.968042
vn -0.753003 -0.183735 -0.631845
vn -0.753003 -0.183735 -0.631845
vn -0.753003 -0.183735 -0.631845
vn -0.753003 -0.183735 -0.631845
vn -0.982976 -0.183734 0.000000
vn -0.982976 -0.183734 0.000000
vn -0.982976 -0.183734 0.000000
vn -0.982976 -0.183734 0.000000
vn -0.753003 -0.183735 0.631845
vn -0.753003 -0.183735 0.631845
vn -0.753003 -0.183735 0.631845
vn -0.753003 -0.183735 0.631845
vn -0.170692 -0.183736 0.968042
vn -0.170692 -0.183736 0.968042
vn -0.170692 -0.183736 0.968042
vn -0.170692 -0.183736 0.968042
vn 0.491488 -0.183736 0.851282
vn 0.491488 -0.183736 0.851282
vn 0.491488 -0.183736 0.851282
vn 0.491488 -0.183736 0.851282
vn 0.923695 -0.183735 0.336198
vn 0.923695 -0.183735 0.336198
vn 0.923695 -0.183735 0.336198
vn 0.923695 -0.183735 0.336198
vn 0.923695 -0.183735 -0.336197
vn 0.923695 -0.183735 -0.336197
vn 0.923695 -0.183735 -0.336197
vn 0.923695 -0.183735 -0.336197
vn 0.491488 0.183735 -0.851282
vn 0.491488 0.183735 -0.851282
vn 0.491488 0.183735 -0.851282
vn 0.491488 0.183735 -0.851282
vn -0.170692 0.183734 -0.968042
vn -0.170692 0.183734 -0.968042
vn -0.170692 0.183734 -0.968042
vn -0.170692 0.183734 -0.968042
vn -0.753003 0.183735 -0.631845
vn -0.753003 0.183735 -0.631845
vn -0.753003 0.183735 -0.631845
vn -0.753003 0.183735 -0.631845
vn -0.982976 0.183734 0.000000
vn -0.982976 0.183734 0.000000
vn -0.982976 0.183734 0.000000
vn -0.982976 0.183734 0.000000
vn -0.753003 0.183735 0.631845
vn -0.753003 0.183735 0.631845
vn -0.753003 0.183735 0.631845
vn -0.753003 0.183735 0.631845
vn -0.170693 0.183735 0.968042
vn -0.170693 0.183735 0.968042
vn -0.170693 0.183735 0.968042
vn -0.170693 0.183735 0.968042
vn 0.491488 0.183735 0.851282
vn 0.491488 0.183735 0.851282
vn 0.491488 0.183735 0.851282
vn 0.491488 0.183735 0.851282
vn 0.923695 0.183735 0.336197
vn 0.923695 0.183735 0.336197
vn 0.923695 0.183735 0.336197
vn 0.923695 0.183735 0.336197
vn 0.923695 0.183735 -0.336198
vn 0.923695 0.183735 -0.336198
vn 0.923695 0.183735 -0.336198
vn 0.923695 0.183735 -0.336198
vn 0.423450 0.531754 -0.733436
vn 0.423450 0.531754 -0.733436
vn 0.423450 0.531754 -0.733436
vn 0.423450 0.531754 -0.733436
vn -0.147062 0.531754 -0.834033
vn -0.147062 0.531754 -0.834033
vn -0.147062 0.531754 -0.834033
vn -0.147062 0.531754 -0.834033
vn -0.648762 0.531754 -0.544377
vn -0.648762 0.531753 -0.544377
vn -0.648762 0.531754 -0.544377
vn -0.648762 0.531754 -0.544377
vn -0.846899 0.531754 0.000000
vn -0.846899 0.531754 0.000000
vn -0.846899 0.531754 0.000000
vn -0.846899 0.531754 0.000000
vn -0.648762 0.531754 0.544376
vn -0.648762 0.531754 0.544376
vn -0.648762 0.531754 0.544376
vn -0.648762 0.531754 0.544376
vn -0.147063 0.531754 0.834033
vn -0.147063 0.531754 0.834033
vn -0.147063 0.531754 0.834033
vn -0.147063 0.531754 0.834033
vn 0.423449 0.531754 0.733436
vn 0.423449 0.531754 0.733436
vn 0.423449 0.531754 0.733436
vn 0.423449 0.531754 0.733436
vn 0.795825 0.531754 0.289657
vn 0.795825 0.531754 0.289657
vn 0.795825 0.531754 0.289657
vn 0.795825 0.531754 0.289657
vn 0.795825 0.531753 -0.289657
vn 0.795825 0.531753 -0.289657
vn 0.795825 0.531753 -0.289657
vn 0.795825 0.531753 -0.289657
vn 0.289749 0.814974 -0.501859
vn 0.289749 0.814974 -0.501859
vn 0.289749 0.814974 -0.501859
vn 0.289749 0.814974 -0.501859
vn -0.100629 0.814974 -0.570694
vn -0.100629 0.814974 -0.570694
vn -0.100629 0.814974 -0.570694
vn -0.100629 0.814974 -0.570694
vn -0.443921 0.814975 -0.372492
vn -0.443921 0.814975 -0.372492
vn -0.443921 0.814975 -0.372492
vn -0.443921 0.814975 -0.372492
vn -0.579497 0.814974 -0.000002
vn -0.579497 0.814974 -0.000002
vn -0.579497 0.814974 -0.000002
vn -0.579497 0.814974 -0.000002
vn -0.443920 0.814974 0.372495
vn -0.443920 0.814974 0.372495
vn -0.443920 0.814974 0.372495
vn -0.443920 0.814974 0.372495
vn -0.100629 0.814976 0.570691
vn -0.100629 0.814976 0.570691
vn -0.100629 0.814976 0.570691
vn -0.100629 0.814976 0.570691
vn 0.289748 0.814974 0.501860
vn 0.289748 0.814974 0.501860
vn 0.289748 0.814974 0.501860
vn 0.289748 0.814974 0.501860
vn 0.544549 0.814975 0.198199
vn 0.544549 0.814975 0.198200
vn 0.544549 0.814975 0.198199
vn 0.544549 0.814975 0.198199
vn 0.544549 0.814974 -0.198200
vn 0.544549 0.814974 -0.198200
vn 0.544549 0.814974 -0.198200
vn 0.544549 0.814974 -0.198200
vn 0.103545 0.978322 -0.179346
vn 0.103545 0.978322 -0.179346
vn 0.103545 0.978322 -0.179346
vn -0.035961 0.978321 -0.203946
vn -0.035961 0.978321 -0.203946
vn -0.035961 0.978321 -0.203946
vn -0.158640 0.978321 -0.133119
vn -0.158640 0.978321 -0.133119
vn -0.158640 0.978321 -0.133119
vn -0.207091 0.978322 0.000005
vn -0.207091 0.978322 0.000005
vn -0.207091 0.978322 0.000005
vn -0.158640 0.978322 0.133114
vn -0.158640 0.978322 0.133114
vn -0.158640 0.978322 0.133114
vn -0.035961 0.978321 0.203948
vn -0.035961 0.978321 0.203948
vn -0.035961 0.978321 0.203948
vn 0.103545 0.978322 0.179347
vn 0.103545 0.978322 0.179347
vn 0.103545 0.978322 0.179347
vn 0.194601 0.978322 0.070829
vn 0.194601 0.978322 0.070829
vn 0.194601 0.978322 0.070829
vn 0.194602 0.978322 -0.070829
vn 0.194602 0.978322 -0.070829
vn 0.194602 0.978322 -0.070829
s off
g Adicionales group16 pSphere3 Centro_de_mesa
usemtl pCylinder30SG
f 939/1362/3122 940/1363/3123 949/1364/3124 948/1365/3125
f 940/1363/3126 941/1366/3127 950/1367/3128 949/1364/3129
f 941/1366/3130 942/1368/3131 951/1369/3132 950/1367/3133
f 942/1368/3134 943/1370/3135 952/1371/3136 951/1369/3137
f 943/1370/3138 944/1372/3139 953/1373/3140 952/1371/3141
f 944/1372/3142 945/1374/3143 954/1440/3144 953/1373/3145
f 945/1441/3146 946/1376/3147 955/1377/3148 954/1375/3149
f 946/1376/3150 947/1378/3151 956/1379/3152 955/1377/3153
f 947/1378/3154 939/1362/3155 948/1365/3156 956/1379/3157
f 948/1365/3158 949/1364/3159 958/1380/3160 957/1381/3161
f 949/1364/3162 950/1367/3163 959/1382/3164 958/1380/3165
f 950/1367/3166 951/1369/3167 960/1383/3168 959/1382/3169
f 951/1369/3170 952/1371/3171 961/1384/3172 960/1383/3173
f 952/1371/3174 953/1373/3175 962/1385/3176 961/1384/3177
f 953/1373/3178 954/1440/3179 963/1439/3180 962/1385/3181
f 954/1375/3182 955/1377/3183 964/1387/3184 963/1386/3185
f 955/1377/3186 956/1379/3187 965/1388/3188 964/1387/3189
f 956/1379/3190 948/1365/3191 957/1381/3192 965/1388/3193
f 957/1381/3194 958/1380/3195 967/1389/3196 966/1390/3197
f 958/1380/3198 959/1382/3199 968/1391/3200 967/1389/3201
f 959/1382/3202 960/1383/3203 969/1392/3204 968/1391/3205
f 960/1383/3206 961/1384/3207 970/1393/3208 969/1392/3209
f 961/1384/3210 962/1385/3211 971/1394/3212 970/1393/3213
f 962/1385/3214 963/1439/3215 972/1438/3216 971/1394/3217
f 963/1386/3218 964/1387/3219 973/1396/3220 972/1395/3221
f 964/1387/3222 965/1388/3223 974/1397/3224 973/1396/3225
f 965/1388/3226 957/1381/3227 966/1390/3228 974/1397/3229
f 966/1390/3230 967/1389/3231 976/1398/3232 975/1399/3233
f 967/1389/3234 968/1391/3235 977/1400/3236 976/1398/3237
f 968/1391/3238 969/1392/3239 978/1401/3240 977/1400/3241
f 969/1392/3242 970/1393/3243 979/1402/3244 978/1401/3245
f 970/1393/3246 971/1394/3247 980/1403/3248 979/1402/3249
f 971/1394/3250 972/1438/3251 981/1437/3252 980/1403/3253
f 972/1395/3254 973/1396/3255 982/1405/3256 981/1404/3257
f 973/1396/3258 974/1397/3259 983/1406/3260 982/1405/3261
f 974/1397/3262 966/1390/3263 975/1399/3264 983/1406/3265
f 975/1399/3266 976/1398/3267 985/1407/3268 984/1408/3269
f 976/1398/3270 977/1400/3271 986/1409/3272 985/1407/3273
f 977/1400/3274 978/1401/3275 987/1410/3276 986/1409/3277
f 978/1401/3278 979/1402/3279 988/1411/3280 987/1410/3281
f 979/1402/3282 980/1403/3283 989/1412/3284 988/1411/3285
f 980/1403/3286 981/1437/3287 990/1436/3288 989/1412/3289
f 981/1404/3290 982/1405/3291 991/1414/3292 990/1413/3293
f 982/1405/3294 983/1406/3295 992/1415/3296 991/1414/3297
f 983/1406/3298 975/1399/3299 984/1408/3300 992/1415/3301
f 984/1408/3302 985/1407/3303 994/1434/3304 993/1427/3305
f 985/1407/3306 986/1409/3307 995/1433/3308 994/1434/3309
f 986/1409/3310 987/1410/3311 996/1432/3312 995/1433/3313
f 987/1410/3314 988/1411/3315 997/1431/3316 996/1432/3317
f 988/1411/3318 989/1412/3319 998/1430/3320 997/1431/3321
f 989/1412/3322 990/1436/3323 999/1435/3324 998/1430/3325
f 990/1413/3326 991/1414/3327 1000/1428/3328 999/1429/3329
f 991/1414/3330 992/1415/3331 1001/1426/3332 1000/1428/3333
f 992/1415/3334 984/1408/3335 993/1427/3336 1001/1426/3337
f 993/1417/3338 994/1416/3339 1002/1425/3340
f 994/1416/3341 995/1418/3342 1002/1425/3343
f 995/1418/3344 996/1419/3345 1002/1425/3346
f 996/1419/3347 997/1420/3348 1002/1425/3349
f 997/1420/3350 998/1421/3351 1002/1425/3352
f 998/1421/3353 999/1422/3354 1002/1425/3355
f 999/1422/3356 1000/1423/3357 1002/1425/3358
f 1000/1423/3359 1001/1424/3360 1002/1425/3361
f 1001/1424/3362 993/1417/3363 1002/1425/3364
g default
v -0.333670 0.884036 -0.108118
v 0.184721 0.884036 -0.108118
v -0.333670 1.005806 -0.108118
v 0.184721 1.005806 -0.108118
v -0.333670 1.005806 -0.626509
v 0.184721 1.005806 -0.626509
v -0.333670 0.884036 -0.626509
v 0.184721 0.884036 -0.626509
v 0.142310 1.005806 -0.585725
v -0.291259 1.005806 -0.585725
v 0.142310 1.005806 -0.148902
v -0.291259 1.005806 -0.148902
v 0.142310 0.886461 -0.148902
v -0.291259 0.886461 -0.148902
v 0.142310 0.886461 -0.585725
v -0.291259 0.886461 -0.585725
vt 0.994584 0.733263
vt 0.994584 0.711090
vt 0.992771 0.712840
vt 0.902954 0.873989
vt 0.882595 0.880943
vt 0.994584 0.711089
vt 0.994584 0.733263
vt 0.999793 0.733263
vt 0.999793 0.733263
vt 0.882595 0.880944
vt 0.992770 0.712835
vt 0.902953 0.873990
vt 0.803792 0.885255
vt 0.987666 0.712840
vt 0.902953 0.868885
vt 0.987666 0.712835
vt 0.902953 0.868884
vt 0.987666 0.731519
vt 0.884408 0.868885
vt 0.822476 0.885256
vt 0.987666 0.731524
vt 0.822477 0.866711
vt 0.884408 0.873990
vt 0.884408 0.868886
vt 0.803793 0.866710
vt 0.992771 0.731524
vt 0.992770 0.731519
vt 0.884409 0.873991
vt 0.882595 0.875736
vt 0.882595 0.875735
vt 0.904768 0.875735
vt 0.904768 0.875733
vt 0.904768 0.880943
vt 0.999793 0.711089
vt 0.999793 0.711090
vt 0.904768 0.880942
vn 0.000000 1.000000 0.000000
vn 0.000000 1.000000 0.000000
vn 0.000000 1.000000 0.000000
vn 0.000000 1.000000 0.000000
vn 0.000000 0.000000 -1.000000
vn 0.000000 0.000000 -1.000000
vn 0.000000 0.000000 -1.000000
vn 0.000000 0.000000 -1.000000
vn 0.000000 0.000000 1.000000
vn 0.000000 0.000000 1.000000
vn 0.000000 0.000000 1.000000
vn 0.000000 0.000000 1.000000
vn 0.000000 1.000000 -0.000000
vn 0.000000 1.000000 -0.000000
vn 0.000000 1.000000 -0.000000
vn 0.000000 1.000000 -0.000000
vn -1.000000 0.000000 0.000000
vn -1.000000 0.000000 0.000000
vn -1.000000 0.000000 0.000000
vn -1.000000 0.000000 0.000000
vn 1.000000 0.000000 0.000000
vn 1.000000 0.000000 0.000000
vn 1.000000 0.000000 0.000000
vn 1.000000 0.000000 0.000000
vn 0.000000 1.000000 0.000000
vn 0.000000 1.000000 0.000000
vn 0.000000 1.000000 -0.000000
vn 0.000000 1.000000 -0.000000
vn 0.000000 1.000000 0.000000
vn 0.000000 1.000000 0.000000
vn 0.000000 1.000000 0.000000
vn 0.000000 1.000000 0.000000
vn 0.000000 1.000000 0.000000
vn 0.000000 1.000000 0.000000
vn 0.000000 1.000000 -0.000000
vn 0.000000 1.000000 -0.000000
vn 0.000000 0.000000 -1.000000
vn 0.000000 0.000000 -1.000000
vn 0.000000 0.000000 -1.000000
vn 0.000000 0.000000 -1.000000
vn -1.000000 0.000000 0.000000
vn -1.000000 0.000000 0.000000
vn -1.000000 0.000000 0.000000
vn -1.000000 0.000000 0.000000
vn 0.000000 0.000000 1.000000
vn 0.000000 0.000000 1.000000
vn 0.000000 0.000000 1.000000
vn 0.000000 0.000000 1.000000
vn 1.000000 0.000000 0.000000
vn 1.000000 0.000000 0.000000
vn 1.000000 0.000000 0.000000
vn 1.000000 0.000000 0.000000
s off
g Adicionales group16 Centro_de_mesa pCube70
usemtl pCylinder30SG
f 1005/1473/3365 1006/1470/3366 1013/1469/3367 1014/1445/3368
f 1009/1446/3369 1007/1471/3370 1008/1472/3371 1010/1474/3372
f 1005/1473/3373 1003/1477/3374 1004/1451/3375 1006/1470/3376
f 1012/1464/3377 1011/1453/3378 1008/1472/3379 1007/1471/3380
f 1009/1475/3381 1003/1450/3382 1005/1442/3383 1007/1447/3384
f 1006/1443/3385 1004/1476/3386 1010/1449/3387 1008/1448/3388
f 1013/1444/3389 1006/1443/3390 1008/1448/3391 1011/1467/3392
f 1016/1454/3393 1015/1466/3394 1017/1463/3395 1018/1461/3396
f 1005/1442/3397 1014/1468/3398 1012/1452/3399 1007/1447/3400
f 1014/1445/3401 1013/1469/3402 1015/1465/3403 1016/1458/3404
f 1013/1444/3405 1011/1467/3406 1017/1462/3407 1015/1455/3408
f 1011/1453/3409 1012/1464/3410 1018/1460/3411 1017/1456/3412
f 1012/1452/3413 1014/1468/3414 1016/1459/3415 1018/1457/3416
g default
v 8.197007 22.256844 6.301227
v 8.254361 22.256844 6.301227
v 8.197007 22.487042 6.301227
v 8.254361 22.487042 6.301227
v 8.197007 22.487042 2.601281
v 8.254361 22.487042 2.601281
v 8.197007 22.256844 2.601281
v 8.254361 22.256844 2.601281
v 8.254361 22.487042 4.114152
v 8.254361 22.256844 5.964868
v 8.197007 22.256844 5.964868
v 8.197008 22.487042 4.114451
v 8.254361 22.256844 5.628510
v 8.197007 22.256844 5.628510
v 8.254361 22.202073 5.292151
v 8.197007 22.202073 5.292151
v 8.254361 22.129379 4.955792
v 8.197007 22.129379 4.955792
v 8.254361 21.962417 4.619433
v 8.197007 21.962417 4.619433
v 8.254361 21.749821 4.283075
v 8.197007 21.749821 4.283075
v 8.254361 21.677805 3.946716
v 8.197007 21.677805 3.946716
v 8.254361 21.749821 3.610357
v 8.197007 21.749821 3.610357
v 8.254361 21.962417 3.273999
v 8.197007 21.962417 3.273999
v 8.254361 22.129379 2.937640
v 8.197007 22.129379 2.937640
vt 0.797878 0.399900
vt 0.984866 0.297319
vt 0.984866 0.312706
vt 0.803331 0.414286
vt 0.838398 0.334462
vt 0.838407 0.399171
vt 0.788033 0.464622
vt 0.788031 0.399901
vt 0.828573 0.492720
vt 0.984874 0.451985
vt 0.838420 0.492718
vt 0.797882 0.543769
vt 0.982421 0.466373
vt 0.788036 0.558156
vt 0.984872 0.437597
vt 0.797881 0.529383
vt 0.984871 0.423020
vt 0.800224 0.514995
vt 0.984871 0.408300
vt 0.803332 0.500608
vt 0.984870 0.392237
vt 0.810474 0.486221
vt 0.984869 0.375216
vt 0.819566 0.471834
vt 0.984869 0.360503
vt 0.822646 0.457447
vt 0.984869 0.345788
vt 0.819566 0.443059
vt 0.984866 0.328768
vt 0.810472 0.428672
vt 0.982413 0.312706
vt 0.982414 0.328768
vt 0.823102 0.348851
vt 0.815962 0.363239
vt 0.982416 0.345789
vt 0.806871 0.377627
vt 0.982416 0.360502
vt 0.803792 0.392014
vt 0.982416 0.375216
vt 0.806874 0.406401
vt 0.982417 0.392237
vt 0.815970 0.420787
vt 0.982418 0.408300
vt 0.823113 0.435173
vt 0.982419 0.423020
vt 0.826225 0.449560
vt 0.982419 0.437597
vt 0.828569 0.463946
vt 0.982420 0.451985
vt 0.828571 0.478333
vt 0.797882 0.558156
vt 0.984875 0.466372
vt 0.828552 0.334463
vt 0.982412 0.297320
vn 0.000000 -0.935107 -0.354365
vn 0.000000 -0.935107 -0.354365
vn 0.000000 -0.916100 -0.400951
vn 0.000000 -0.916100 -0.400951
vn 1.000000 0.000000 0.000000
vn 1.000000 0.000000 0.000000
vn 1.000000 0.000000 0.000000
vn 1.000000 -0.000000 0.000000
vn -1.000000 0.000000 0.000001
vn -1.000000 0.000000 0.000001
vn -1.000000 0.000000 0.000000
vn -1.000000 0.000000 0.000001
vn 1.000000 0.000000 0.000000
vn 1.000000 0.000000 0.000000
vn 1.000000 -0.000000 0.000000
vn 1.000000 0.000000 0.000000
vn 0.000000 -1.000000 0.000000
vn 0.000000 -1.000000 0.000000
vn 0.000000 -1.000000 0.000000
vn 0.000000 -1.000000 0.000000
vn -1.000000 0.000000 0.000000
vn -1.000000 0.000000 -0.000000
vn -1.000000 0.000000 -0.000000
vn -1.000000 0.000000 -0.000000
vn 1.000000 0.000000 0.000000
vn 1.000000 0.000000 0.000000
vn 1.000000 -0.000000 0.000000
vn 0.000000 -0.996702 0.081149
vn 0.000000 -0.996702 0.081149
vn 0.000000 -1.000000 0.000000
vn 0.000000 -1.000000 0.000000
vn -1.000000 0.000000 0.000000
vn -1.000000 -0.000002 -0.000000
vn -1.000000 0.000000 -0.000000
vn 1.000000 0.000000 0.000000
vn 1.000000 -0.000001 0.000000
vn 1.000000 -0.000000 0.000000
vn 0.000000 -0.982518 0.186165
vn 0.000000 -0.982518 0.186165
vn 0.000000 -0.996702 0.081149
vn 0.000000 -0.996702 0.081149
vn -1.000000 0.000000 0.000000
vn -1.000000 -0.000009 -0.000000
vn -1.000000 -0.000002 -0.000000
vn 1.000000 -0.000001 0.000000
vn 1.000000 -0.000006 0.000000
vn 1.000000 -0.000000 0.000000
vn 0.000000 -0.942008 0.335591
vn 0.000000 -0.942008 0.335591
vn 0.000000 -0.982518 0.186165
vn 0.000000 -0.982518 0.186165
vn -1.000000 0.000000 0.000000
vn -1.000000 0.000000 -0.000000
vn -1.000000 -0.000009 -0.000000
vn 1.000000 -0.000006 0.000000
vn 1.000000 0.000000 0.000000
vn 1.000000 -0.000000 0.000000
vn 0.000000 -0.870936 0.491396
vn 0.000000 -0.870936 0.491396
vn 0.000000 -0.942008 0.335591
vn 0.000000 -0.942008 0.335591
vn -1.000000 0.000000 0.000000
vn -1.000000 0.000000 -0.000001
vn -1.000000 0.000000 -0.000000
vn 1.000000 0.000000 0.000000
vn 1.000000 0.000000 0.000000
vn 1.000000 -0.000000 0.000000
vn 0.000000 -0.920967 0.389640
vn 0.000000 -0.920967 0.389640
vn 0.000000 -0.870936 0.491396
vn 0.000000 -0.870936 0.491396
vn -1.000000 0.000000 0.000000
vn -1.000000 0.000000 -0.000000
vn -1.000000 0.000000 -0.000001
vn 1.000000 0.000000 0.000000
vn 1.000000 -0.000000 0.000000
vn 1.000000 -0.000000 0.000000
vn 0.000000 -1.000000 0.000000
vn 0.000000 -1.000000 0.000000
vn 0.000000 -0.920967 0.389640
vn 0.000000 -0.920967 0.389640
vn -1.000000 0.000000 0.000000
vn -1.000000 0.000001 0.000000
vn -1.000000 0.000000 -0.000000
vn 1.000000 -0.000000 0.000000
vn 1.000000 0.000001 0.000000
vn 1.000000 -0.000000 0.000000
vn 0.000000 -0.920968 -0.389638
vn 0.000000 -0.920968 -0.389638
vn 0.000000 -1.000000 0.000000
vn 0.000000 -1.000000 0.000000
vn -1.000000 0.000000 0.000000
vn -1.000000 0.000000 0.000000
vn -1.000000 0.000001 0.000000
vn 1.000000 0.000001 0.000000
vn 1.000000 0.000001 0.000000
vn 1.000000 -0.000000 0.000000
vn 0.000000 -0.870936 -0.491396
vn 0.000000 -0.870936 -0.491396
vn 0.000000 -0.920968 -0.389638
vn 0.000000 -0.920968 -0.389638
vn -1.000000 0.000000 0.000000
vn -1.000000 0.000000 0.000000
vn -1.000000 0.000000 0.000000
vn 1.000000 0.000001 0.000000
vn 1.000000 0.000000 0.000000
vn 1.000000 -0.000000 0.000000
vn 0.000000 -0.916100 -0.400951
vn 0.000000 -0.916100 -0.400951
vn 0.000000 -0.870936 -0.491396
vn 0.000000 -0.870936 -0.491396
vn -1.000000 0.000000 0.000000
vn -1.000000 0.000000 0.000001
vn -1.000000 0.000000 0.000000
s off
g Adicionales group16 pCube66 Techo
usemtl pCylinder30SG
f 1025/1531/3417 1026/1479/3418 1047/1480/3419 1048/1508/3420
f 1047/1510/3421 1026/1530/3422 1024/1482/3423 1027/1483/3424
f 1025/1478/3425 1048/1481/3426 1030/1484/3427 1023/1485/3428
f 1020/1486/3429 1028/1527/3430 1027/1483/3431 1022/1488/3432
f 1029/1526/3433 1028/1487/3434 1020/1529/3435 1019/1490/3436
f 1030/1484/3437 1029/1489/3438 1019/1528/3439 1021/1491/3440
f 1028/1527/3441 1031/1525/3442 1027/1483/3443
f 1032/1524/3444 1031/1492/3445 1028/1487/3446 1029/1526/3447
f 1030/1484/3448 1032/1493/3449 1029/1489/3450
f 1031/1525/3451 1033/1523/3452 1027/1483/3453
f 1034/1522/3454 1033/1494/3455 1031/1492/3456 1032/1524/3457
f 1030/1484/3458 1034/1495/3459 1032/1493/3460
f 1033/1523/3461 1035/1521/3462 1027/1483/3463
f 1036/1520/3464 1035/1496/3465 1033/1494/3466 1034/1522/3467
f 1030/1484/3468 1036/1497/3469 1034/1495/3470
f 1035/1521/3471 1037/1519/3472 1027/1483/3473
f 1038/1518/3474 1037/1498/3475 1035/1496/3476 1036/1520/3477
f 1030/1484/3478 1038/1499/3479 1036/1497/3480
f 1037/1519/3481 1039/1517/3482 1027/1483/3483
f 1040/1516/3484 1039/1500/3485 1037/1498/3486 1038/1518/3487
f 1030/1484/3488 1040/1501/3489 1038/1499/3490
f 1039/1517/3491 1041/1515/3492 1027/1483/3493
f 1042/1514/3494 1041/1502/3495 1039/1500/3496 1040/1516/3497
f 1030/1484/3498 1042/1503/3499 1040/1501/3500
f 1041/1515/3501 1043/1513/3502 1027/1483/3503
f 1044/1512/3504 1043/1504/3505 1041/1502/3506 1042/1514/3507
f 1030/1484/3508 1044/1505/3509 1042/1503/3510
f 1043/1513/3511 1045/1511/3512 1027/1483/3513
f 1046/1509/3514 1045/1506/3515 1043/1504/3516 1044/1512/3517
f 1030/1484/3518 1046/1507/3519 1044/1505/3520
f 1045/1511/3521 1047/1510/3522 1027/1483/3523
f 1048/1508/3524 1047/1480/3525 1045/1506/3526 1046/1509/3527
f 1030/1484/3528 1048/1481/3529 1046/1507/3530
g default
v 8.724558 22.256844 6.301227
v 8.781908 22.256844 6.301227
v 8.724558 22.487042 6.301227
v 8.781908 22.487042 6.301227
v 8.724558 22.487042 2.601281
v 8.781908 22.487042 2.601281
v 8.724558 22.256844 2.601281
v 8.781908 22.256844 2.601281
v 8.781908 22.176131 5.964868
v 8.724558 22.176131 5.964868
v 8.781908 22.002827 5.628510
v 8.724558 22.002827 5.628510
v 8.781908 21.912365 5.292151
v 8.724558 21.912365 5.292151
v 8.781908 21.953868 4.955792
v 8.724558 21.953868 4.955792
v 8.781908 22.094085 4.619433
v 8.724558 22.094085 4.619433
v 8.781908 22.187884 4.283075
v 8.724558 22.187884 4.283075
v 8.781908 22.232384 3.946716
v 8.724558 22.232384 3.946716
v 8.781908 22.256844 3.610357
v 8.724558 22.256844 3.610357
v 8.781908 22.256844 3.273999
v 8.724558 22.256844 3.273999
v 8.781908 22.256844 2.937640
v 8.724558 22.256844 2.937640
vt 0.482700 0.642237
vt 0.798538 0.937013
vt 0.812926 0.937013
vt 0.482696 0.656625
vt 0.928195 0.739005
vt 0.472853 0.642236
vt 0.918342 0.897260
vt 0.946746 0.937012
vt 0.928188 0.897261
vt 0.486120 0.786110
vt 0.961544 0.939464
vt 0.472819 0.800494
vt 0.930561 0.937012
vt 0.493536 0.771724
vt 0.915661 0.937012
vt 0.497408 0.757338
vt 0.901165 0.937012
vt 0.495637 0.742950
vt 0.885577 0.937012
vt 0.489642 0.728562
vt 0.870640 0.937013
vt 0.485634 0.714174
vt 0.856127 0.937013
vt 0.483733 0.699786
vt 0.841702 0.937013
vt 0.482690 0.685399
vt 0.827314 0.937013
vt 0.482693 0.671011
vt 0.798538 0.939466
vt 0.812926 0.939466
vt 0.827314 0.939465
vt 0.841702 0.939465
vt 0.856127 0.939465
vt 0.870640 0.939465
vt 0.885577 0.939465
vt 0.901165 0.939465
vt 0.915661 0.939465
vt 0.930561 0.939464
vt 0.946746 0.939464
vt 0.482665 0.800496
vt 0.918348 0.753390
vt 0.918348 0.767777
vt 0.918347 0.782164
vt 0.917300 0.796551
vt 0.915396 0.810938
vt 0.911383 0.825325
vt 0.905385 0.839711
vt 0.903609 0.854098
vt 0.907478 0.868486
vt 0.914890 0.882873
vt 0.961544 0.937012
vt 0.918348 0.739003
vn 0.000000 -1.000000 0.000000
vn 0.000000 -1.000000 0.000000
vn 0.000000 -1.000000 0.000000
vn 0.000000 -1.000000 0.000000
vn 1.000000 0.000000 0.000000
vn 1.000000 0.000000 0.000000
vn 1.000000 0.000000 0.000000
vn -1.000000 0.000000 0.000000
vn -1.000000 0.000000 0.000000
vn -1.000000 0.000000 0.000000
vn 1.000000 0.000000 0.000000
vn 1.000000 0.000000 0.000000
vn 1.000000 0.000000 0.000000
vn 0.000000 -0.935528 0.353253
vn 0.000000 -0.935528 0.353253
vn 0.000000 -0.972396 0.233337
vn 0.000000 -0.972396 0.233337
vn -1.000000 0.000001 0.000000
vn -1.000000 0.000007 0.000000
vn -1.000000 0.000000 0.000000
vn 1.000000 0.000000 0.000000
vn 1.000000 0.000008 0.000000
vn 1.000000 0.000000 0.000000
vn 0.000000 -0.930994 0.365034
vn 0.000000 -0.930994 0.365034
vn 0.000000 -0.935528 0.353253
vn 0.000000 -0.935528 0.353253
vn -1.000000 0.000001 0.000000
vn -1.000000 -0.000008 0.000000
vn -1.000000 0.000007 0.000000
vn 1.000000 0.000008 0.000000
vn 1.000000 0.000000 0.000000
vn 1.000000 0.000000 0.000000
vn 0.000000 -0.997362 0.072587
vn 0.000000 -0.997362 0.072587
vn 0.000000 -0.930994 0.365034
vn 0.000000 -0.930994 0.365034
vn -1.000000 0.000001 0.000000
vn -1.000000 0.000006 0.000000
vn -1.000000 -0.000008 0.000000
vn 1.000000 0.000000 0.000000
vn 1.000000 0.000000 0.000000
vn 1.000000 0.000000 0.000000
vn 0.000000 -0.965398 -0.260782
vn 0.000000 -0.965398 -0.260782
vn 0.000000 -0.997362 0.072587
vn 0.000000 -0.997362 0.072587
vn -1.000000 0.000001 0.000000
vn -1.000000 0.000001 0.000000
vn -1.000000 0.000006 0.000000
vn 1.000000 0.000000 0.000000
vn 1.000000 0.000000 0.000000
vn 1.000000 0.000000 0.000000
vn 0.000000 -0.944485 -0.328554
vn 0.000000 -0.944485 -0.328554
vn 0.000000 -0.965398 -0.260782
vn 0.000000 -0.965398 -0.260782
vn -1.000000 0.000001 0.000000
vn -1.000000 0.000000 0.000000
vn -1.000000 0.000001 0.000000
vn 1.000000 0.000000 0.000000
vn 1.000000 0.000000 0.000000
vn 1.000000 0.000000 0.000000
vn 0.000000 -0.979515 -0.201371
vn 0.000000 -0.979515 -0.201371
vn 0.000000 -0.944485 -0.328554
vn 0.000000 -0.944485 -0.328554
vn -1.000000 0.000001 0.000000
vn -1.000000 0.000000 0.000000
vn -1.000000 0.000000 0.000000
vn 1.000000 0.000000 0.000000
vn 1.000000 0.000000 0.000000
vn 1.000000 0.000000 0.000000
vn 1.000000 0.000000 0.000000
vn 0.000000 -0.994787 -0.101977
vn 0.000000 -0.994787 -0.101977
vn 0.000000 -0.979515 -0.201371
vn 0.000000 -0.979515 -0.201371
vn -1.000000 0.000000 0.000000
vn -1.000000 0.000000 0.000000
vn -1.000000 0.000000 0.000000
vn -1.000000 0.000001 0.000000
vn 1.000000 0.000000 0.000000
vn 1.000000 0.000000 0.000000
vn 1.000000 0.000000 0.000000
vn 0.000000 -0.999340 -0.036336
vn 0.000000 -0.999340 -0.036336
vn 0.000000 -0.994787 -0.101977
vn 0.000000 -0.994787 -0.101977
vn -1.000000 0.000000 0.000000
vn -1.000000 0.000000 0.000000
vn -1.000000 0.000000 0.000000
vn 1.000000 0.000000 0.000000
vn 1.000000 0.000000 0.000000
vn 1.000000 0.000000 0.000000
vn 0.000000 -1.000000 0.000000
vn 0.000000 -1.000000 0.000000
vn 0.000000 -0.999340 -0.036336
vn 0.000000 -0.999340 -0.036336
vn -1.000000 0.000000 0.000000
vn -1.000000 0.000000 0.000000
vn -1.000000 0.000000 0.000000
vn 1.000000 0.000000 0.000000
vn 1.000000 0.000000 0.000000
vn 1.000000 0.000000 0.000000
vn 0.000000 -1.000000 0.000000
vn 0.000000 -1.000000 0.000000
vn 0.000000 -1.000000 0.000000
vn 0.000000 -1.000000 0.000000
vn -1.000000 0.000000 0.000000
vn -1.000000 0.000000 0.000000
vn -1.000000 0.000000 0.000000
s off
g Adicionales group16 Techo pCube64
usemtl pCylinder30SG
f 1055/1560/3531 1056/1533/3532 1075/1534/3533 1076/1561/3534
f 1075/1572/3535 1056/1583/3536 1054/1536/3537
f 1055/1532/3538 1076/1535/3539 1053/1537/3540
f 1050/1538/3541 1057/1581/3542 1052/1540/3543
f 1058/1570/3544 1057/1539/3545 1050/1582/3546 1049/1542/3547
f 1051/1543/3548 1058/1541/3549 1049/1571/3550
f 1057/1581/3551 1059/1580/3552 1052/1540/3553
f 1060/1569/3554 1059/1544/3555 1057/1539/3556 1058/1570/3557
f 1051/1543/3558 1060/1545/3559 1058/1541/3560
f 1059/1580/3561 1061/1579/3562 1052/1540/3563
f 1062/1568/3564 1061/1546/3565 1059/1544/3566 1060/1569/3567
f 1051/1543/3568 1062/1547/3569 1060/1545/3570
f 1061/1579/3571 1063/1578/3572 1052/1540/3573
f 1064/1567/3574 1063/1548/3575 1061/1546/3576 1062/1568/3577
f 1051/1543/3578 1064/1549/3579 1062/1547/3580
f 1063/1578/3581 1065/1577/3582 1052/1540/3583
f 1066/1566/3584 1065/1550/3585 1063/1548/3586 1064/1567/3587
f 1051/1543/3588 1066/1551/3589 1064/1549/3590
f 1065/1577/3591 1067/1576/3592 1052/1540/3593
f 1068/1565/3594 1067/1552/3595 1065/1550/3596 1066/1566/3597
f 1051/1543/3598 1068/1553/3599 1066/1551/3600
f 1067/1576/3601 1069/1575/3602 1054/1536/3603 1052/1540/3604
f 1070/1564/3605 1069/1554/3606 1067/1552/3607 1068/1565/3608
f 1053/1537/3609 1070/1555/3610 1068/1553/3611 1051/1543/3612
f 1069/1575/3613 1071/1574/3614 1054/1536/3615
f 1072/1563/3616 1071/1556/3617 1069/1554/3618 1070/1564/3619
f 1053/1537/3620 1072/1557/3621 1070/1555/3622
f 1071/1574/3623 1073/1573/3624 1054/1536/3625
f 1074/1562/3626 1073/1558/3627 1071/1556/3628 1072/1563/3629
f 1053/1537/3630 1074/1559/3631 1072/1557/3632
f 1073/1573/3633 1075/1572/3634 1054/1536/3635
f 1076/1561/3636 1075/1534/3637 1073/1558/3638 1074/1562/3639
f 1053/1537/3640 1076/1535/3641 1074/1559/3642
g default
v 8.454955 22.256844 6.301227
v 8.512307 22.256844 6.301227
v 8.454955 22.487042 6.301227
v 8.512307 22.487042 6.301227
v 8.454955 22.487042 2.601281
v 8.512307 22.487042 2.601281
v 8.454955 22.256844 2.601281
v 8.512307 22.256844 2.601281
v 8.512307 22.487042 4.283075
v 8.512307 22.256844 5.964868
v 8.454955 22.256844 5.964868
v 8.454955 22.487042 4.283075
v 8.512307 22.256844 5.628510
v 8.454955 22.256844 5.628510
v 8.512307 22.195640 5.292151
v 8.454955 22.195640 5.292151
v 8.512307 22.070625 4.955792
v 8.454955 22.070625 4.955792
v 8.512307 21.882914 4.619433
v 8.454955 21.882914 4.619433
v 8.512307 21.791328 4.283075
v 8.454955 21.791328 4.283075
v 8.512307 21.882914 3.946716
v 8.454955 21.882914 3.946716
v 8.512307 22.070625 3.610357
v 8.454955 22.070625 3.610357
v 8.512307 22.195640 3.273999
v 8.454955 22.195640 3.273999
v 8.512307 22.256844 2.937640
v 8.454955 22.256844 2.937640
vt 0.441298 0.813328
vt 0.441298 0.843588
vt 0.455685 0.843591
vt 0.455685 0.813327
vt 0.471059 0.627846
vt 0.471055 0.699783
vt 0.513233 0.823169
vt 0.441298 0.823174
vt 0.461205 0.786105
vt 0.592788 0.843608
vt 0.471051 0.786105
vt 0.585168 0.813317
vt 0.607174 0.846063
vt 0.599555 0.823162
vt 0.578399 0.843607
vt 0.570781 0.813318
vt 0.563776 0.843605
vt 0.556393 0.810701
vt 0.548428 0.843602
vt 0.542006 0.805355
vt 0.531952 0.843601
vt 0.527618 0.797328
vt 0.517042 0.843598
vt 0.513231 0.793411
vt 0.502131 0.843597
vt 0.498844 0.797329
vt 0.485655 0.843594
vt 0.484457 0.805360
vt 0.470307 0.843592
vt 0.470071 0.810708
vt 0.455684 0.846044
vt 0.470306 0.846045
vt 0.485655 0.846048
vt 0.502131 0.846050
vt 0.517042 0.846051
vt 0.531952 0.846054
vt 0.548428 0.846056
vt 0.563776 0.846058
vt 0.578401 0.846060
vt 0.592788 0.846061
vt 0.599555 0.813316
vt 0.441298 0.846042
vt 0.461211 0.642235
vt 0.458593 0.656621
vt 0.453245 0.671008
vt 0.445216 0.685396
vt 0.441298 0.699782
vt 0.445215 0.714169
vt 0.453243 0.728557
vt 0.458589 0.742944
vt 0.461206 0.757331
vt 0.461205 0.771718
vt 0.607174 0.843610
vt 0.461212 0.627847
vn 0.000000 -1.000000 0.000000
vn 0.000000 -1.000000 0.000000
vn 0.000000 -0.995887 -0.090607
vn 0.000000 -0.995887 -0.090607
vn 1.000000 0.000000 0.000000
vn 1.000000 0.000000 0.000000
vn 1.000000 0.000000 0.000000
vn 1.000000 -0.000001 0.000000
vn -1.000000 0.000000 0.000000
vn -1.000000 0.000000 0.000000
vn -1.000000 -0.000000 0.000000
vn -1.000000 0.000000 0.000000
vn 1.000000 0.000000 0.000000
vn 1.000000 0.000000 0.000000
vn 1.000000 -0.000001 0.000000
vn 1.000000 0.000000 0.000000
vn 0.000000 -1.000000 0.000000
vn 0.000000 -1.000000 0.000000
vn 0.000000 -1.000000 0.000000
vn 0.000000 -1.000000 0.000000
vn -1.000000 -0.000000 0.000000
vn -1.000000 0.000000 0.000000
vn -1.000000 0.000000 0.000000
vn -1.000000 0.000000 0.000000
vn 1.000000 0.000000 0.000000
vn 1.000000 0.000002 0.000000
vn 1.000000 -0.000001 0.000000
vn 0.000000 -0.995887 0.090606
vn 0.000000 -0.995887 0.090606
vn 0.000000 -1.000000 0.000000
vn 0.000000 -1.000000 0.000000
vn -1.000000 -0.000000 0.000000
vn -1.000000 -0.000002 0.000000
vn -1.000000 0.000000 0.000000
vn 1.000000 0.000002 0.000000
vn 1.000000 0.000006 0.000000
vn 1.000000 -0.000001 0.000000
vn 0.000000 -0.963757 0.266783
vn 0.000000 -0.963757 0.266783
vn 0.000000 -0.995887 0.090606
vn 0.000000 -0.995887 0.090606
vn -1.000000 -0.000000 0.000000
vn -1.000000 -0.000008 0.000000
vn -1.000000 -0.000002 0.000000
vn 1.000000 0.000006 0.000000
vn 1.000000 -0.000005 0.000000
vn 1.000000 -0.000001 0.000000
vn 0.000000 -0.906806 0.421547
vn 0.000000 -0.906806 0.421547
vn 0.000000 -0.963757 0.266783
vn 0.000000 -0.963757 0.266783
vn -1.000000 -0.000000 0.000000
vn -1.000000 0.000000 0.000000
vn -1.000000 -0.000008 0.000000
vn 1.000000 -0.000005 0.000000
vn 1.000000 0.000000 0.000000
vn 1.000000 -0.000001 0.000000
vn 0.000000 -0.923565 0.383443
vn 0.000000 -0.923565 0.383443
vn 0.000000 -0.906806 0.421547
vn 0.000000 -0.906806 0.421547
vn -1.000000 -0.000000 0.000000
vn -1.000000 0.000000 0.000000
vn -1.000000 0.000000 0.000000
vn 1.000000 0.000000 0.000000
vn 1.000000 0.000000 0.000000
vn 1.000000 -0.000001 0.000000
vn 0.000000 -1.000000 -0.000000
vn 0.000000 -1.000000 -0.000000
vn 0.000000 -0.923565 0.383443
vn 0.000000 -0.923565 0.383443
vn -1.000000 -0.000000 0.000000
vn -1.000000 0.000000 0.000000
vn -1.000000 0.000000 0.000000
vn 1.000000 0.000000 0.000000
vn 1.000000 -0.000001 0.000000
vn 1.000000 -0.000001 0.000000
vn 0.000000 -0.923564 -0.383445
vn 0.000000 -0.923564 -0.383445
vn 0.000000 -1.000000 -0.000000
vn 0.000000 -1.000000 -0.000000
vn -1.000000 -0.000000 0.000000
vn -1.000000 -0.000001 0.000000
vn -1.000000 0.000000 0.000000
vn 1.000000 -0.000001 0.000000
vn 1.000000 -0.000001 0.000000
vn 1.000000 -0.000001 0.000000
vn 0.000000 -0.906806 -0.421549
vn 0.000000 -0.906806 -0.421549
vn 0.000000 -0.923564 -0.383445
vn 0.000000 -0.923564 -0.383445
vn -1.000000 -0.000000 0.000000
vn -1.000000 0.000002 0.000000
vn -1.000000 -0.000001 0.000000
vn 1.000000 -0.000001 0.000000
vn 1.000000 0.000000 0.000000
vn 1.000000 -0.000001 0.000000
vn 0.000000 -0.963756 -0.266786
vn 0.000000 -0.963756 -0.266786
vn 0.000000 -0.906806 -0.421549
vn 0.000000 -0.906806 -0.421549
vn -1.000000 -0.000000 0.000000
vn -1.000000 0.000001 0.000000
vn -1.000000 0.000002 0.000000
vn 1.000000 0.000000 0.000000
vn 1.000000 0.000000 0.000000
vn 1.000000 -0.000001 0.000000
vn 0.000000 -0.995887 -0.090607
vn 0.000000 -0.995887 -0.090607
vn 0.000000 -0.963756 -0.266786
vn 0.000000 -0.963756 -0.266786
vn -1.000000 -0.000000 0.000000
vn -1.000000 0.000000 0.000000
vn -1.000000 0.000001 0.000000
s off
g Adicionales group16 Techo pCube65
usemtl pCylinder30SG
f 1083/1625/3643 1084/1585/3644 1105/1586/3645 1106/1614/3646
f 1105/1626/3647 1084/1637/3648 1082/1588/3649 1085/1589/3650
f 1083/1584/3651 1106/1587/3652 1088/1590/3653 1081/1591/3654
f 1078/1592/3655 1086/1635/3656 1085/1589/3657 1080/1594/3658
f 1087/1623/3659 1086/1593/3660 1078/1636/3661 1077/1596/3662
f 1088/1590/3663 1087/1595/3664 1077/1624/3665 1079/1597/3666
f 1086/1635/3667 1089/1634/3668 1085/1589/3669
f 1090/1622/3670 1089/1598/3671 1086/1593/3672 1087/1623/3673
f 1088/1590/3674 1090/1599/3675 1087/1595/3676
f 1089/1634/3677 1091/1633/3678 1085/1589/3679
f 1092/1621/3680 1091/1600/3681 1089/1598/3682 1090/1622/3683
f 1088/1590/3684 1092/1601/3685 1090/1599/3686
f 1091/1633/3687 1093/1632/3688 1085/1589/3689
f 1094/1620/3690 1093/1602/3691 1091/1600/3692 1092/1621/3693
f 1088/1590/3694 1094/1603/3695 1092/1601/3696
f 1093/1632/3697 1095/1631/3698 1085/1589/3699
f 1096/1619/3700 1095/1604/3701 1093/1602/3702 1094/1620/3703
f 1088/1590/3704 1096/1605/3705 1094/1603/3706
f 1095/1631/3707 1097/1630/3708 1085/1589/3709
f 1098/1618/3710 1097/1606/3711 1095/1604/3712 1096/1619/3713
f 1088/1590/3714 1098/1607/3715 1096/1605/3716
f 1097/1630/3717 1099/1629/3718 1085/1589/3719
f 1100/1617/3720 1099/1608/3721 1097/1606/3722 1098/1618/3723
f 1088/1590/3724 1100/1609/3725 1098/1607/3726
f 1099/1629/3727 1101/1628/3728 1085/1589/3729
f 1102/1616/3730 1101/1610/3731 1099/1608/3732 1100/1617/3733
f 1088/1590/3734 1102/1611/3735 1100/1609/3736
f 1101/1628/3737 1103/1627/3738 1085/1589/3739
f 1104/1615/3740 1103/1612/3741 1101/1610/3742 1102/1616/3743
f 1088/1590/3744 1104/1613/3745 1102/1611/3746
f 1103/1627/3747 1105/1626/3748 1085/1589/3749
f 1106/1614/3750 1105/1586/3751 1103/1612/3752 1104/1615/3753
f 1088/1590/3754 1106/1587/3755 1104/1613/3756
g default
v -10.377593 22.205908 2.608113
v 10.127312 22.205908 2.608113
v -10.377593 22.498024 2.608113
v 10.127312 22.498024 2.608113
v -10.377593 22.498024 -3.013476
v 10.127312 22.498024 -3.013476
v -10.377593 22.205908 -3.013476
v 10.127312 22.205908 -3.013476
vt 0.253056 0.891413
vt 0.252948 0.014352
vt 0.252946 0.001853
vt 0.265550 0.891413
vt 0.012605 0.903929
vt 0.000000 0.014380
vt 0.012496 0.014380
vt 0.012604 0.891438
vt 0.012494 0.001886
vt 0.000110 0.891438
vt 0.265442 0.014344
vt 0.253058 0.903900
vn 0.000000 0.000000 1.000000
vn 0.000000 0.000000 1.000000
vn 0.000000 0.000000 1.000000
vn 0.000000 0.000000 1.000000
vn 0.000000 0.000000 -1.000000
vn 0.000000 0.000000 -1.000000
vn 0.000000 0.000000 -1.000000
vn 0.000000 0.000000 -1.000000
vn 0.000000 -1.000000 0.000000
vn 0.000000 -1.000000 0.000000
vn 0.000000 -1.000000 0.000000
vn 0.000000 -1.000000 0.000000
vn 1.000000 0.000000 0.000000
vn 1.000000 0.000000 0.000000
vn 1.000000 0.000000 0.000000
vn 1.000000 0.000000 0.000000
vn -1.000000 0.000000 0.000000
vn -1.000000 0.000000 0.000000
vn -1.000000 0.000000 0.000000
vn -1.000000 0.000000 0.000000
s off
g Adicionales group16 Techo pCube63
usemtl pCylinder30SG
f 1107/1638/3757 1108/1639/3758 1110/1648/3759 1109/1641/3760
f 1111/1647/3761 1112/1643/3762 1114/1644/3763 1113/1645/3764
f 1113/1645/3765 1114/1644/3766 1108/1639/3767 1107/1638/3768
f 1108/1639/3769 1114/1644/3770 1112/1646/3771 1110/1640/3772
f 1113/1645/3773 1107/1638/3774 1109/1649/3775 1111/1642/3776
g default
v -10.377593 22.183492 8.027447
v 10.127312 22.183492 8.027447
v -10.377593 22.493523 8.027447
v 10.127312 22.493523 8.027447
v -10.377593 22.493523 6.258912
v 10.127312 22.493523 6.258912
v -10.377593 22.183492 6.258912
v 10.127312 22.183492 6.258912
vt 0.771891 0.892169
vt 0.771866 0.015117
vt 0.771866 0.001853
vt 0.785152 0.892169
vt 0.696247 0.905440
vt 0.682960 0.015117
vt 0.696220 0.015117
vt 0.696246 0.892169
vt 0.696219 0.001861
vt 0.682985 0.892169
vt 0.785127 0.015117
vt 0.771891 0.905433
vn 0.000000 0.000000 1.000000
vn 0.000000 0.000000 1.000000
vn 0.000000 0.000000 1.000000
vn 0.000000 0.000000 1.000000
vn 0.000000 0.000000 -1.000000
vn 0.000000 0.000000 -1.000000
vn 0.000000 0.000000 -1.000000
vn 0.000000 0.000000 -1.000000
vn 0.000000 -1.000000 0.000000
vn 0.000000 -1.000000 0.000000
vn 0.000000 -1.000000 0.000000
vn 0.000000 -1.000000 0.000000
vn 1.000000 0.000000 0.000000
vn 1.000000 0.000000 0.000000
vn 1.000000 0.000000 0.000000
vn 1.000000 0.000000 0.000000
vn -1.000000 0.000000 0.000000
vn -1.000000 0.000000 0.000000
vn -1.000000 0.000000 0.000000
vn -1.000000 0.000000 0.000000
s off
g Adicionales group16 Techo pCube62
usemtl pCylinder30SG
f 1115/1650/3777 1116/1651/3778 1118/1660/3779 1117/1653/3780
f 1119/1659/3781 1120/1655/3782 1122/1656/3783 1121/1657/3784
f 1121/1657/3785 1122/1656/3786 1116/1651/3787 1115/1650/3788
f 1116/1651/3789 1122/1656/3790 1120/1658/3791 1118/1652/3792
f 1121/1657/3793 1115/1650/3794 1117/1661/3795 1119/1654/3796
g default
v -4.825427 1.313458 -7.784478
v -4.706357 1.313458 -7.784478
v -4.825427 1.647149 -7.784478
v -4.706357 1.647149 -7.784478
v -4.825427 1.647149 -7.794740
v -4.706357 1.647149 -7.794740
v -4.825427 1.313458 -7.794740
v -4.706357 1.313458 -7.794740
vt 0.982851 0.550685
vt 0.982851 0.545592
vt 0.982852 0.570048
vt 0.982852 0.564956
vt 0.982413 0.570048
vt 0.572476 0.332194
vt 0.982413 0.584319
vt 0.982412 0.550685
vt 0.567383 0.317921
vt 0.982412 0.545592
vt 0.572475 0.317921
vt 0.982852 0.584319
vt 0.567383 0.332194
vt 0.982413 0.564956
vt 0.572475 0.317921
vt 0.572476 0.332194
vt 0.567382 0.317921
vt 0.567382 0.332194
vn 0.000000 0.000000 1.000000
vn 0.000000 0.000000 1.000000
vn 0.000000 0.000000 1.000000
vn 0.000000 0.000000 1.000000
vn 0.000000 1.000000 0.000000
vn 0.000000 1.000000 0.000000
vn 0.000000 1.000000 0.000000
vn 0.000000 1.000000 0.000000
vn 0.000000 0.000000 -1.000000
vn 0.000000 0.000000 -1.000000
vn 0.000000 0.000000 -1.000000
vn 0.000000 0.000000 -1.000000
vn 0.000000 -1.000000 0.000000
vn 0.000000 -1.000000 0.000000
vn 0.000000 -1.000000 0.000000
vn 0.000000 -1.000000 0.000000
vn 1.000000 0.000000 0.000000
vn 1.000000 0.000000 0.000000
vn 1.000000 0.000000 0.000000
vn 1.000000 0.000000 0.000000
vn -1.000000 0.000000 0.000000
vn -1.000000 0.000000 0.000000
vn -1.000000 0.000000 0.000000
vn -1.000000 0.000000 0.000000
s off
g Adicionales group16 Soporte_cuadro
usemtl pCylinder30SG
f 1123/1678/3797 1124/1672/3798 1126/1677/3799 1125/1679/3800
f 1125/1665/3801 1126/1664/3802 1128/1666/3803 1127/1675/3804
f 1127/1667/3805 1128/1674/3806 1130/1670/3807 1129/1676/3808
f 1129/1669/3809 1130/1671/3810 1124/1663/3811 1123/1662/3812
f 1124/1673/3813 1130/1668/3814 1128/1666/3815 1126/1664/3816
f 1129/1669/3817 1123/1662/3818 1125/1665/3819 1127/1675/3820
g default
v -7.709994 1.981811 -7.756633
v -3.357037 1.981811 -7.756633
v -7.709994 4.573709 -7.756633
v -3.357037 4.573709 -7.756633
v -7.709994 4.573709 -7.796934
v -3.357037 4.573709 -7.796934
v -7.709994 1.981811 -7.796934
v -3.357037 1.981811 -7.796934
vt 0.680042 0.738685
vt 0.680022 0.627822
vt 0.493840 0.627843
vt 0.999929 0.409769
vt 0.999981 0.112717
vt 1.000000 0.001853
vt 0.998257 0.112716
vt 0.998173 0.595957
vt 0.493833 0.627856
vt 0.998225 0.298905
vt 0.680035 0.738697
vt 0.998276 0.001853
vt 0.999948 0.298905
vt 0.998205 0.409768
vt 0.999897 0.595957
vt 0.493846 0.738706
vt 0.493853 0.738719
vt 0.680029 0.627834
vn 0.000000 0.000000 1.000000
vn 0.000000 0.000000 1.000000
vn 0.000000 0.000000 1.000000
vn 0.000000 0.000000 1.000000
vn 0.000000 1.000000 0.000000
vn 0.000000 1.000000 0.000000
vn 0.000000 1.000000 0.000000
vn 0.000000 1.000000 0.000000
vn 0.000000 0.000000 -1.000000
vn 0.000000 0.000000 -1.000000
vn 0.000000 0.000000 -1.000000
vn 0.000000 0.000000 -1.000000
vn 0.000000 -1.000000 0.000000
vn 0.000000 -1.000000 0.000000
vn 0.000000 -1.000000 0.000000
vn 0.000000 -1.000000 0.000000
vn 1.000000 0.000000 0.000000
vn 1.000000 0.000000 0.000000
vn 1.000000 0.000000 0.000000
vn 1.000000 0.000000 0.000000
vn -1.000000 0.000000 0.000000
vn -1.000000 0.000000 0.000000
vn -1.000000 0.000000 0.000000
vn -1.000000 0.000000 0.000000
s off
g Adicionales group16 Cuadro
usemtl pCylinder30SG
f 1131/1680/3821 1132/1696/3822 1134/1688/3823 1133/1681/3824
f 1133/1689/3825 1134/1686/3826 1136/1684/3827 1135/1692/3828
f 1135/1682/3829 1136/1697/3830 1138/1690/3831 1137/1695/3832
f 1137/1683/3833 1138/1694/3834 1132/1687/3835 1131/1693/3836
f 1132/1691/3837 1138/1685/3838 1136/1684/3839 1134/1686/3840
f 1137/1683/3841 1131/1693/3842 1133/1689/3843 1135/1692/3844
g default
v 2.671854 1.981811 -7.756633
v 7.024811 1.981811 -7.756633
v 2.671854 4.573709 -7.756633
v 7.024811 4.573709 -7.756633
v 2.671854 4.573709 -7.796934
v 7.024811 4.573709 -7.796934
v 2.671854 1.981811 -7.796934
v 7.024811 1.981811 -7.796934
vt 0.994720 0.188045
vt 0.994755 0.001853
vt 0.994664 0.485097
vt 0.994699 0.298908
vt 0.992940 0.485097
vt 0.974236 0.112723
vt 0.992919 0.595957
vt 0.992996 0.188045
vt 0.788060 0.001853
vt 0.993031 0.001853
vt 0.974235 0.001853
vt 0.994643 0.595961
vt 0.788031 0.112723
vt 0.992975 0.298907
vt 0.974236 0.001867
vt 0.974208 0.112723
vt 0.788032 0.001853
vt 0.788032 0.112709
vn 0.000000 0.000000 1.000000
vn 0.000000 0.000000 1.000000
vn 0.000000 0.000000 1.000000
vn 0.000000 0.000000 1.000000
vn 0.000000 1.000000 0.000000
vn 0.000000 1.000000 0.000000
vn 0.000000 1.000000 0.000000
vn 0.000000 1.000000 0.000000
vn 0.000000 0.000000 -1.000000
vn 0.000000 0.000000 -1.000000
vn 0.000000 0.000000 -1.000000
vn 0.000000 0.000000 -1.000000
vn 0.000000 -1.000000 0.000000
vn 0.000000 -1.000000 0.000000
vn 0.000000 -1.000000 0.000000
vn 0.000000 -1.000000 0.000000
vn 1.000000 0.000000 0.000000
vn 1.000000 0.000000 0.000000
vn 1.000000 0.000000 0.000000
vn 1.000000 0.000000 0.000000
vn -1.000000 0.000000 0.000000
vn -1.000000 0.000000 0.000000
vn -1.000000 0.000000 0.000000
vn -1.000000 0.000000 0.000000
s off
g Adicionales group16 Cuadro1
usemtl pCylinder30SG
f 1139/1714/3845 1140/1708/3846 1142/1713/3847 1141/1715/3848
f 1141/1701/3849 1142/1700/3850 1144/1702/3851 1143/1711/3852
f 1143/1703/3853 1144/1710/3854 1146/1706/3855 1145/1712/3856
f 1145/1705/3857 1146/1707/3858 1140/1699/3859 1139/1698/3860
f 1140/1709/3861 1146/1704/3862 1144/1702/3863 1142/1700/3864
f 1145/1705/3865 1139/1698/3866 1141/1701/3867 1143/1711/3868
g default
v -7.711607 2.903044 7.646885
v -7.735868 2.903169 7.656933
v -7.760129 2.903044 7.646885
v -7.770178 2.902740 7.622626
v -7.760129 2.902436 7.598367
v -7.735868 2.902310 7.588318
v -7.711607 2.902436 7.598367
v -7.701558 2.902740 7.622626
v -7.711607 0.245164 7.680153
v -7.735868 0.245289 7.690202
v -7.760129 0.245164 7.680153
v -7.770178 0.244860 7.655894
v -7.760129 0.244556 7.631635
v -7.735868 0.244431 7.621586
v -7.711607 0.244556 7.631635
v -7.701558 0.244860 7.655894
v -7.672389 0.205827 7.719866
v -7.735868 0.206156 7.746158
v -7.799346 0.205827 7.719866
v -7.825641 0.205032 7.656393
v -7.799346 0.204238 7.592919
v -7.735868 0.203909 7.566628
v -7.672389 0.204238 7.592919
v -7.646095 0.205032 7.656393
v -7.600441 0.172677 7.792237
v -7.735867 0.173379 7.848327
v -7.871295 0.172677 7.792237
v -7.927392 0.170982 7.656819
v -7.871295 0.169287 7.521402
v -7.735867 0.168585 7.465310
v -7.600441 0.169287 7.521402
v -7.544344 0.170982 7.656819
v -7.600441 0.156047 7.792445
v -7.735867 0.156749 7.848534
v -7.871295 0.156047 7.792445
v -7.927392 0.154352 7.657027
v -7.871295 0.152657 7.521610
v -7.735867 0.151955 7.465518
v -7.600441 0.152657 7.521610
v -7.544344 0.154352 7.657027
vt 0.980546 0.297319
vt 0.979422 0.297319
vt 0.670715 0.334455
vt 0.669792 0.333882
vt 0.978299 0.297319
vt 0.671798 0.334315
vt 0.977176 0.297319
vt 0.672622 0.332224
vt 0.985038 0.297319
vt 0.671838 0.331422
vt 0.983915 0.297318
vt 0.670750 0.331271
vt 0.982792 0.297319
vt 0.669812 0.331830
vt 0.981669 0.297319
vt 0.669439 0.332853
vt 0.670117 0.337301
vt 0.667550 0.335717
vt 0.673091 0.336920
vt 0.675166 0.330934
vt 0.673097 0.328789
vt 0.670109 0.328430
vt 0.667545 0.330023
vt 0.666543 0.332871
vt 0.637713 0.434508
vt 0.643982 0.434506
vt 0.631443 0.434508
vt 0.675332 0.434500
vt 0.669062 0.434501
vt 0.662792 0.434503
vt 0.656522 0.434504
vt 0.650252 0.434505
vt 0.637712 0.433796
vt 0.643982 0.433795
vt 0.631443 0.433797
vt 0.675332 0.433789
vt 0.669062 0.433790
vt 0.662792 0.433791
vt 0.656522 0.433793
vt 0.650253 0.433794
vt 0.981652 0.183625
vt 0.980528 0.183625
vt 0.982775 0.183625
vt 0.983898 0.183625
vt 0.985022 0.183625
vt 0.986144 0.183625
vt 0.978282 0.183625
vt 0.979405 0.183625
vt 0.661946 0.332804
vt 0.663935 0.338561
vt 0.664012 0.327080
vt 0.669215 0.323922
vt 0.675255 0.324747
vt 0.679409 0.329299
vt 0.675220 0.341018
vt 0.669117 0.341795
vt 0.675110 0.334772
vt 0.679409 0.336382
vt 0.672567 0.333518
vt 0.625172 0.434509
vt 0.625171 0.433798
vt 0.986162 0.297319
vt 0.977159 0.183626
vn 0.382712 0.011563 0.923795
vn 0.382712 0.011563 0.923795
vn 0.382712 0.011563 0.923795
vn 0.382712 0.011563 0.923795
vn -0.382712 0.011563 0.923795
vn -0.382712 0.011563 0.923795
vn -0.382712 0.011563 0.923795
vn -0.382712 0.011563 0.923795
vn -0.923887 0.004789 0.382637
vn -0.923887 0.004789 0.382637
vn -0.923887 0.004789 0.382637
vn -0.923886 0.004789 0.382637
vn -0.923890 -0.004789 -0.382628
vn -0.923890 -0.004789 -0.382628
vn -0.923890 -0.004789 -0.382628
vn -0.923890 -0.004789 -0.382628
vn -0.382651 -0.011563 -0.923821
vn -0.382651 -0.011563 -0.923821
vn -0.382651 -0.011563 -0.923821
vn -0.382651 -0.011563 -0.923821
vn 0.382651 -0.011563 -0.923821
vn 0.382651 -0.011563 -0.923821
vn 0.382651 -0.011563 -0.923821
vn 0.382651 -0.011563 -0.923821
vn 0.923878 -0.004790 -0.382657
vn 0.923878 -0.004790 -0.382657
vn 0.923878 -0.004790 -0.382657
vn 0.923878 -0.004790 -0.382657
vn 0.923874 0.004790 0.382666
vn 0.923874 0.004790 0.382666
vn 0.923874 0.004790 0.382666
vn 0.923874 0.004790 0.382666
vn 0.234855 0.796558 0.557080
vn 0.234855 0.796558 0.557080
vn 0.234855 0.796558 0.557080
vn 0.234855 0.796558 0.557080
vn -0.234859 0.796554 0.557084
vn -0.234859 0.796554 0.557084
vn -0.234859 0.796554 0.557084
vn -0.234859 0.796554 0.557084
vn -0.567005 0.792400 0.224961
vn -0.567005 0.792400 0.224961
vn -0.567005 0.792400 0.224961
vn -0.567005 0.792400 0.224961
vn -0.566997 0.786528 -0.244721
vn -0.566997 0.786528 -0.244720
vn -0.566997 0.786528 -0.244721
vn -0.566997 0.786528 -0.244720
vn -0.234862 0.782354 -0.576855
vn -0.234862 0.782354 -0.576855
vn -0.234862 0.782354 -0.576855
vn -0.234862 0.782354 -0.576855
vn 0.234857 0.782362 -0.576847
vn 0.234857 0.782362 -0.576847
vn 0.234857 0.782362 -0.576847
vn 0.234857 0.782362 -0.576847
vn 0.566996 0.786529 -0.244721
vn 0.566996 0.786529 -0.244721
vn 0.566996 0.786529 -0.244721
vn 0.566996 0.786529 -0.244721
vn 0.567000 0.792404 0.224959
vn 0.567000 0.792404 0.224959
vn 0.567000 0.792404 0.224959
vn 0.567000 0.792404 0.224959
vn 0.130338 0.944077 0.302871
vn 0.130338 0.944077 0.302871
vn 0.130338 0.944077 0.302871
vn 0.130338 0.944077 0.302871
vn -0.130339 0.944076 0.302874
vn -0.130339 0.944076 0.302874
vn -0.130339 0.944076 0.302874
vn -0.130339 0.944076 0.302874
vn -0.314661 0.941771 0.118561
vn -0.314661 0.941771 0.118561
vn -0.314661 0.941771 0.118561
vn -0.314661 0.941771 0.118561
vn -0.314659 0.938508 -0.142096
vn -0.314659 0.938509 -0.142096
vn -0.314659 0.938508 -0.142096
vn -0.314659 0.938508 -0.142096
vn -0.130338 0.936200 -0.326407
vn -0.130338 0.936200 -0.326407
vn -0.130338 0.936200 -0.326407
vn -0.130338 0.936200 -0.326407
vn 0.130338 0.936201 -0.326406
vn 0.130338 0.936201 -0.326406
vn 0.130338 0.936201 -0.326406
vn 0.130338 0.936201 -0.326406
vn 0.314660 0.938508 -0.142095
vn 0.314660 0.938508 -0.142095
vn 0.314660 0.938508 -0.142095
vn 0.314660 0.938508 -0.142095
vn 0.314663 0.941770 0.118561
vn 0.314663 0.941770 0.118561
vn 0.314663 0.941770 0.118561
vn 0.314663 0.941770 0.118561
vn 0.382682 0.011538 0.923808
vn 0.382682 0.011538 0.923808
vn 0.382682 0.011538 0.923808
vn 0.382682 0.011538 0.923808
vn -0.382678 0.011527 0.923810
vn -0.382678 0.011527 0.923810
vn -0.382678 0.011527 0.923810
vn -0.382678 0.011527 0.923810
vn -0.923876 0.004777 0.382662
vn -0.923876 0.004777 0.382662
vn -0.923876 0.004777 0.382662
vn -0.923876 0.004777 0.382662
vn -0.923879 -0.004769 -0.382656
vn -0.923879 -0.004769 -0.382656
vn -0.923879 -0.004769 -0.382656
vn -0.923879 -0.004769 -0.382656
vn -0.382677 -0.011568 -0.923810
vn -0.382677 -0.011568 -0.923810
vn -0.382677 -0.011568 -0.923810
vn -0.382677 -0.011568 -0.923810
vn 0.382682 -0.011566 -0.923808
vn 0.382682 -0.011566 -0.923808
vn 0.382682 -0.011566 -0.923808
vn 0.382682 -0.011566 -0.923808
vn 0.923879 -0.004775 -0.382656
vn 0.923879 -0.004775 -0.382656
vn 0.923879 -0.004775 -0.382656
vn 0.923879 -0.004775 -0.382656
vn 0.923876 0.004772 0.382662
vn 0.923876 0.004772 0.382662
vn 0.923876 0.004772 0.382662
vn 0.923876 0.004772 0.382662
s off
g Adicionales group16 pCylinder37 Lampara
usemtl pCylinder30SG
f 1147/1716/3869 1148/1717/3870 1156/1763/3871 1155/1757/3872
f 1148/1717/3873 1149/1720/3874 1157/1762/3875 1156/1763/3876
f 1149/1720/3877 1150/1722/3878 1158/1778/3879 1157/1762/3880
f 1150/1777/3881 1151/1724/3882 1159/1760/3883 1158/1761/3884
f 1151/1724/3885 1152/1726/3886 1160/1759/3887 1159/1760/3888
f 1152/1726/3889 1153/1728/3890 1161/1758/3891 1160/1759/3892
f 1153/1728/3893 1154/1730/3894 1162/1756/3895 1161/1758/3896
f 1154/1730/3897 1147/1716/3898 1155/1757/3899 1162/1756/3900
f 1155/1719/3901 1156/1718/3902 1164/1732/3903 1163/1733/3904
f 1156/1718/3905 1157/1721/3906 1165/1734/3907 1164/1732/3908
f 1157/1721/3909 1158/1774/3910 1166/1772/3911 1165/1734/3912
f 1158/1723/3913 1159/1725/3914 1167/1736/3915 1166/1735/3916
f 1159/1725/3917 1160/1727/3918 1168/1737/3919 1167/1736/3920
f 1160/1727/3921 1161/1729/3922 1169/1738/3923 1168/1737/3924
f 1161/1729/3925 1162/1731/3926 1170/1739/3927 1169/1738/3928
f 1162/1731/3929 1155/1719/3930 1163/1733/3931 1170/1739/3932
f 1163/1733/3933 1164/1732/3934 1172/1771/3935 1171/1765/3936
f 1164/1732/3937 1165/1734/3938 1173/1770/3939 1172/1771/3940
f 1165/1734/3941 1166/1772/3942 1174/1773/3943 1173/1770/3944
f 1166/1735/3945 1167/1736/3946 1175/1768/3947 1174/1769/3948
f 1167/1736/3949 1168/1737/3950 1176/1767/3951 1175/1768/3952
f 1168/1737/3953 1169/1738/3954 1177/1766/3955 1176/1767/3956
f 1169/1738/3957 1170/1739/3958 1178/1764/3959 1177/1766/3960
f 1170/1739/3961 1163/1733/3962 1171/1765/3963 1178/1764/3964
f 1171/1741/3965 1172/1740/3966 1180/1748/3967 1179/1749/3968
f 1172/1740/3969 1173/1742/3970 1181/1750/3971 1180/1748/3972
f 1173/1742/3973 1174/1775/3974 1182/1776/3975 1181/1750/3976
f 1174/1743/3977 1175/1744/3978 1183/1752/3979 1182/1751/3980
f 1175/1744/3981 1176/1745/3982 1184/1753/3983 1183/1752/3984
f 1176/1745/3985 1177/1746/3986 1185/1754/3987 1184/1753/3988
f 1177/1746/3989 1178/1747/3990 1186/1755/3991 1185/1754/3992
f 1178/1747/3993 1171/1741/3994 1179/1749/3995 1186/1755/3996
g default
v -7.632689 3.489218 7.732327
v -7.719013 3.489218 7.732327
v -7.788851 3.488582 7.681591
v -7.815528 3.487555 7.599498
v -7.788851 3.486528 7.517405
v -7.719013 3.485892 7.466668
v -7.632689 3.485892 7.466668
v -7.598075 3.401232 7.839966
v -7.753627 3.401232 7.839966
v -7.879470 3.400088 7.748542
v -7.927539 3.398236 7.600615
v -7.879470 3.396384 7.452688
v -7.753627 3.395240 7.361265
v -7.598075 3.395240 7.361265
v -7.578866 3.272901 7.900696
v -7.772836 3.272901 7.900696
v -7.929761 3.271474 7.786693
v -7.989701 3.269166 7.602231
v -7.929761 3.266857 7.417769
v -7.772836 3.265430 7.303766
v -7.578866 3.265430 7.303765
v -7.578866 3.129643 7.902490
v -7.772836 3.129643 7.902489
v -7.929761 3.128216 7.788486
v -7.989701 3.125907 7.604023
v -7.929761 3.123598 7.419563
v -7.772836 3.122172 7.305558
v -7.578866 3.122172 7.305558
v -7.598075 2.999833 7.844991
v -7.753627 2.999833 7.844991
v -7.879470 2.998690 7.753566
v -7.927539 2.996837 7.605640
v -7.879470 2.994986 7.457713
v -7.753627 2.993841 7.366289
v -7.598075 2.993841 7.366288
v -7.632689 2.909182 7.739587
v -7.719013 2.909182 7.739587
v -7.788851 2.908546 7.688851
v -7.815528 2.907517 7.606758
v -7.788851 2.906491 7.524665
v -7.719013 2.905855 7.473928
v -7.632689 2.905855 7.473928
v -7.675851 3.519432 7.599099
v -7.675851 2.875641 7.607157
v -7.632689 3.470812 7.723342
v -7.598075 3.388613 7.823832
v -7.632689 3.467716 7.476111
v -7.598075 3.383028 7.377709
v -7.578866 3.268287 7.880741
v -7.578866 3.261315 7.323831
v -7.578866 3.133759 7.882424
v -7.578866 3.126787 7.325514
v -7.598075 3.012045 7.828546
v -7.598075 3.006460 7.382423
v -7.632689 2.927357 7.730144
v -7.632689 2.924262 7.482913
v -7.675851 3.498952 7.599355
v -7.675851 2.896121 7.606900
v -7.834741 3.306193 7.656081
v -7.800110 3.276207 7.704540
v -7.834742 3.304832 7.547471
v -7.800110 3.273644 7.499778
v -7.780786 3.227542 7.734782
v -7.780787 3.224237 7.470764
v -7.780787 3.170837 7.735492
v -7.780787 3.167531 7.471474
v -7.800110 3.121429 7.706477
v -7.800110 3.118865 7.501715
v -7.834742 3.090240 7.658784
v -7.834741 3.088881 7.550174
v -7.877855 3.315411 7.601653
v -7.877855 3.059326 7.604603
v -7.632689 3.480184 7.727917
v -7.598075 3.395038 7.832047
v -7.578866 3.270636 7.890902
v -7.578866 3.131663 7.892642
v -7.598075 3.005827 7.836921
v -7.632689 2.918102 7.734953
v -7.675851 2.885693 7.607031
v -7.632689 2.914889 7.478338
v -7.598075 3.000035 7.374208
v -7.578866 3.124437 7.315353
v -7.578866 3.263410 7.313614
v -7.598075 3.389246 7.369336
v -7.632689 3.476971 7.471303
v -7.675851 3.509380 7.599225
v -7.685416 3.427853 7.705789
v -7.650798 3.359280 7.792702
v -7.631560 3.257654 7.842652
v -7.631560 3.143435 7.844081
v -7.650798 3.040590 7.796692
v -7.685417 2.969863 7.711522
v -7.728566 2.938711 7.606300
v -7.685416 2.967221 7.500466
v -7.650798 3.035793 7.413554
v -7.631560 3.137420 7.363604
v -7.631560 3.251639 7.362175
v -7.650798 3.354484 7.409564
v -7.685417 3.425210 7.494733
v -7.728566 3.451055 7.599954
vt 0.678561 0.574563
vt 0.959584 0.889423
vt 0.963829 0.883798
vt 0.678561 0.580506
vt 0.956024 0.888202
vt 0.957935 0.882729
vt 0.952053 0.888004
vt 0.951887 0.882676
vt 0.948101 0.888717
vt 0.945831 0.883408
vt 0.944607 0.890445
vt 0.939891 0.885038
vt 0.678561 0.562679
vt 0.678561 0.556736
vt 0.965828 0.877436
vt 0.678561 0.586452
vt 0.958713 0.877191
vt 0.951702 0.877430
vt 0.944685 0.877964
vt 0.937539 0.878756
vt 0.678561 0.550790
vt 0.965651 0.870845
vt 0.678561 0.592398
vt 0.958505 0.871638
vt 0.951488 0.872171
vt 0.944476 0.872410
vt 0.937361 0.872165
vt 0.678561 0.544844
vt 0.963299 0.864563
vt 0.678561 0.598344
vt 0.957359 0.866194
vt 0.951303 0.866926
vt 0.945255 0.866873
vt 0.939361 0.865803
vt 0.678561 0.538898
vt 0.958584 0.859157
vt 0.678561 0.604289
vt 0.955090 0.860885
vt 0.951138 0.861597
vt 0.947166 0.861399
vt 0.943606 0.860178
vt 0.678561 0.532953
vt 0.678561 0.568621
vt 0.678561 0.527017
vt 0.545249 0.627834
vt 0.549320 0.627834
vt 0.557984 0.627834
vt 0.562056 0.627834
vt 0.541241 0.627834
vt 0.566063 0.627834
vt 0.537305 0.627834
vt 0.570000 0.627834
vt 0.533304 0.627834
vt 0.574000 0.627834
vt 0.529416 0.627834
vt 0.577888 0.627834
vt 0.553652 0.627834
vt 0.581938 0.627834
vt 0.545249 0.616476
vt 0.549320 0.616476
vt 0.557984 0.616476
vt 0.562056 0.616476
vt 0.541241 0.616476
vt 0.566063 0.616476
vt 0.537305 0.616476
vt 0.570000 0.616476
vt 0.533304 0.616476
vt 0.574000 0.616476
vt 0.529416 0.616476
vt 0.577888 0.616476
vt 0.553652 0.616476
vt 0.581938 0.616476
vt 0.677707 0.532953
vt 0.677707 0.527017
vt 0.677707 0.604289
vt 0.677707 0.568621
vt 0.677707 0.562679
vt 0.677707 0.574563
vt 0.677707 0.538898
vt 0.677707 0.598344
vt 0.677707 0.544844
vt 0.677707 0.592398
vt 0.677707 0.550790
vt 0.677707 0.586452
vt 0.677707 0.556736
vt 0.677707 0.580506
vt 0.941156 0.857647
vt 0.942296 0.893496
vt 0.933959 0.862974
vt 0.929877 0.870908
vt 0.929878 0.879955
vt 0.934222 0.888181
vt 0.960894 0.856106
vt 0.950684 0.855457
vt 0.952506 0.894145
vt 0.962035 0.891954
vt 0.968968 0.861421
vt 0.973312 0.869646
vt 0.973313 0.878693
vt 0.969231 0.886627
vt 0.525354 0.627834
vt 0.525354 0.616476
vt 0.678561 0.610225
vt 0.677707 0.610225
vt 0.678138 0.574563
vt 0.678138 0.580506
vt 0.678138 0.586452
vt 0.678138 0.592398
vt 0.678138 0.598344
vt 0.678138 0.604289
vt 0.678138 0.610225
vt 0.678138 0.527017
vt 0.678138 0.532953
vt 0.678138 0.538898
vt 0.678138 0.544844
vt 0.678138 0.550790
vt 0.678138 0.556736
vt 0.678138 0.562679
vt 0.678138 0.568621
vt 0.549320 0.625622
vt 0.545249 0.625622
vt 0.541241 0.625622
vt 0.537305 0.625622
vt 0.533304 0.625622
vt 0.529416 0.625622
vt 0.525354 0.625622
vt 0.581938 0.625622
vt 0.577888 0.625622
vt 0.574000 0.625622
vt 0.570000 0.625622
vt 0.566063 0.625622
vt 0.562056 0.625622
vt 0.557984 0.625622
vt 0.553652 0.625622
vn 0.095797 0.838264 0.536784
vn -0.170707 0.840078 0.514906
vn -0.254199 0.578365 0.775163
vn 0.058070 0.567836 0.821091
vn -0.170707 0.840078 0.514906
vn -0.446916 0.837565 0.314247
vn -0.665498 0.574626 0.476358
vn -0.254199 0.578365 0.775163
vn -0.446916 0.837565 0.314247
vn -0.552418 0.833502 -0.010432
vn -0.822601 0.568575 -0.007118
vn -0.665498 0.574626 0.476358
vn -0.552418 0.833502 -0.010432
vn -0.446915 0.829438 -0.335112
vn -0.665497 0.562524 -0.490593
vn -0.822601 0.568575 -0.007118
vn -0.446915 0.829438 -0.335112
vn -0.170706 0.826928 -0.535771
vn -0.254198 0.558784 -0.789395
vn -0.665497 0.562524 -0.490593
vn -0.170706 0.826928 -0.535771
vn 0.000000 0.813239 -0.581930
vn 0.000000 0.538834 -0.842412
vn -0.254198 0.558784 -0.789395
vn 0.058070 0.567836 0.821091
vn -0.254199 0.578365 0.775163
vn -0.302711 0.212623 0.929062
vn 0.048287 0.206681 0.977216
vn -0.254199 0.578365 0.775163
vn -0.665498 0.574626 0.476358
vn -0.792510 0.208170 0.573231
vn -0.302711 0.212623 0.929062
vn -0.665498 0.574626 0.476358
vn -0.822601 0.568575 -0.007118
vn -0.979595 0.200965 -0.002514
vn -0.792510 0.208170 0.573231
vn -0.822601 0.568575 -0.007118
vn -0.665497 0.562524 -0.490593
vn -0.792510 0.193757 -0.578261
vn -0.979595 0.200965 -0.002514
vn -0.665497 0.562524 -0.490593
vn -0.254198 0.558784 -0.789395
vn -0.302712 0.189302 -0.934093
vn -0.792510 0.193757 -0.578261
vn -0.254198 0.558784 -0.789395
vn 0.000000 0.538834 -0.842412
vn 0.000000 0.179212 -0.983811
vn -0.302712 0.189302 -0.934093
vn 0.048287 0.206681 0.977216
vn -0.302711 0.212623 0.929062
vn -0.302713 -0.189302 0.934093
vn 0.048285 -0.182153 0.982084
vn -0.302711 0.212623 0.929062
vn -0.792510 0.208170 0.573231
vn -0.792509 -0.193759 0.578262
vn -0.302713 -0.189302 0.934093
vn -0.792510 0.208170 0.573231
vn -0.979595 0.200965 -0.002514
vn -0.979595 -0.200964 0.002514
vn -0.792509 -0.193759 0.578262
vn -0.979595 0.200965 -0.002514
vn -0.792510 0.193757 -0.578261
vn -0.792510 -0.208170 -0.573231
vn -0.979595 -0.200964 0.002514
vn -0.792510 0.193757 -0.578261
vn -0.302712 0.189302 -0.934093
vn -0.302712 -0.212622 -0.929063
vn -0.792510 -0.208170 -0.573231
vn -0.302712 0.189302 -0.934093
vn 0.000000 0.179212 -0.983811
vn 0.000000 -0.203777 -0.979017
vn -0.302712 -0.212622 -0.929063
vn 0.048285 -0.182153 0.982084
vn -0.302713 -0.189302 0.934093
vn -0.254202 -0.558785 0.789393
vn 0.058065 -0.547109 0.835045
vn -0.302713 -0.189302 0.934093
vn -0.792509 -0.193759 0.578262
vn -0.665497 -0.562526 0.490590
vn -0.254202 -0.558785 0.789393
vn -0.792509 -0.193759 0.578262
vn -0.979595 -0.200964 0.002514
vn -0.822599 -0.568577 0.007118
vn -0.665497 -0.562526 0.490590
vn -0.979595 -0.200964 0.002514
vn -0.792510 -0.208170 -0.573231
vn -0.665497 -0.574626 -0.476360
vn -0.822599 -0.568577 0.007118
vn -0.792510 -0.208170 -0.573231
vn -0.302712 -0.212622 -0.929063
vn -0.254200 -0.578364 -0.775163
vn -0.665497 -0.574626 -0.476360
vn -0.302712 -0.212622 -0.929063
vn 0.000000 -0.203777 -0.979017
vn -0.000001 -0.559747 -0.828664
vn -0.254200 -0.578364 -0.775163
vn 0.058065 -0.547109 0.835045
vn -0.254202 -0.558785 0.789393
vn -0.170710 -0.826928 0.535768
vn 0.095795 -0.824569 0.557592
vn -0.254202 -0.558785 0.789393
vn -0.665497 -0.562526 0.490590
vn -0.446916 -0.829437 0.335113
vn -0.170710 -0.826928 0.535768
vn -0.665497 -0.562526 0.490590
vn -0.822599 -0.568577 0.007118
vn -0.552415 -0.833504 0.010435
vn -0.446916 -0.829437 0.335113
vn -0.822599 -0.568577 0.007118
vn -0.665497 -0.574626 -0.476360
vn -0.446918 -0.837564 -0.314246
vn -0.552415 -0.833504 0.010435
vn -0.665497 -0.574626 -0.476360
vn -0.254200 -0.578364 -0.775163
vn -0.170711 -0.840078 -0.514904
vn -0.446918 -0.837564 -0.314246
vn -0.254200 -0.578364 -0.775163
vn -0.000001 -0.559747 -0.828664
vn -0.000003 -0.827548 -0.561395
vn -0.170711 -0.840078 -0.514904
vn -0.170707 0.840078 0.514906
vn 0.095797 0.838264 0.536784
vn 0.044277 0.998941 -0.012504
vn -0.446916 0.837565 0.314247
vn -0.170707 0.840078 0.514906
vn 0.044277 0.998941 -0.012504
vn -0.552418 0.833502 -0.010432
vn -0.446916 0.837565 0.314247
vn 0.044277 0.998941 -0.012504
vn -0.446915 0.829438 -0.335112
vn -0.552418 0.833502 -0.010432
vn 0.044277 0.998941 -0.012504
vn -0.170706 0.826928 -0.535771
vn -0.446915 0.829438 -0.335112
vn 0.044277 0.998941 -0.012504
vn 0.000000 0.813239 -0.581930
vn -0.170706 0.826928 -0.535771
vn 0.044277 0.998941 -0.012504
vn 0.095795 -0.824569 0.557592
vn -0.170710 -0.826928 0.535768
vn 0.044272 -0.998941 0.012508
vn -0.170710 -0.826928 0.535768
vn -0.446916 -0.829437 0.335113
vn 0.044272 -0.998941 0.012508
vn -0.446916 -0.829437 0.335113
vn -0.552415 -0.833504 0.010435
vn 0.044272 -0.998941 0.012508
vn -0.552415 -0.833504 0.010435
vn -0.446918 -0.837564 -0.314246
vn 0.044272 -0.998941 0.012508
vn -0.446918 -0.837564 -0.314246
vn -0.170711 -0.840078 -0.514904
vn 0.044272 -0.998941 0.012508
vn -0.170711 -0.840078 -0.514904
vn -0.000003 -0.827548 -0.561395
vn 0.044272 -0.998941 0.012508
vn 0.962022 0.112615 -0.248661
vn 0.981889 0.140895 -0.126660
vn 0.981234 0.143443 -0.128858
vn 0.960586 0.114763 -0.253189
vn 0.981892 0.143992 0.123102
vn 0.962023 0.118782 0.245770
vn 0.960593 0.121033 0.250225
vn 0.981239 0.146593 0.125224
vn 0.981889 0.140895 -0.126660
vn 0.997606 0.062400 -0.029795
vn 0.997522 0.063486 -0.030311
vn 0.981234 0.143443 -0.128858
vn 0.997607 0.063122 0.028229
vn 0.981892 0.143992 0.123102
vn 0.981239 0.146593 0.125224
vn 0.997523 0.064216 0.028717
vn 0.997606 0.062400 -0.029795
vn 0.997606 -0.063124 -0.028229
vn 0.997523 -0.064220 -0.028717
vn 0.997522 0.063486 -0.030311
vn 0.997606 -0.062401 0.029796
vn 0.997607 0.063122 0.028229
vn 0.997523 0.064216 0.028717
vn 0.997523 -0.063472 0.030310
vn 0.997606 -0.063124 -0.028229
vn 0.981894 -0.143990 -0.123093
vn 0.981238 -0.146599 -0.125224
vn 0.997523 -0.064220 -0.028717
vn 0.981889 -0.140892 0.126662
vn 0.997606 -0.062401 0.029796
vn 0.997523 -0.063472 0.030310
vn 0.981238 -0.143420 0.128848
vn 0.981894 -0.143990 -0.123093
vn 0.962025 -0.118774 -0.245766
vn 0.960595 -0.121014 -0.250226
vn 0.981238 -0.146599 -0.125224
vn 0.962023 -0.112599 0.248663
vn 0.981889 -0.140892 0.126662
vn 0.981238 -0.143420 0.128848
vn 0.960590 -0.114735 0.253184
vn 0.997161 0.075294 -0.000941
vn 0.962022 0.112615 -0.248661
vn 0.960586 0.114763 -0.253189
vn 0.997045 0.076817 -0.000956
vn 0.962023 0.118782 0.245770
vn 0.997161 0.075294 -0.000941
vn 0.997045 0.076817 -0.000956
vn 0.960593 0.121033 0.250225
vn 0.962025 -0.118774 -0.245766
vn 0.997163 -0.075274 0.000938
vn 0.997048 -0.076770 0.000978
vn 0.960595 -0.121014 -0.250226
vn 0.997163 -0.075274 0.000938
vn 0.962023 -0.112599 0.248663
vn 0.960590 -0.114735 0.253184
vn 0.997048 -0.076770 0.000978
vn 0.626761 -0.559306 -0.542538
vn 0.610161 -0.364472 -0.703465
vn 0.609591 -0.379971 -0.695716
vn 0.621849 -0.574026 -0.532727
vn 0.610162 -0.346746 0.712369
vn 0.626759 -0.545552 0.556369
vn 0.621849 -0.560510 0.546929
vn 0.609592 -0.362436 0.705009
vn 0.610161 -0.364472 -0.703465
vn 0.596627 -0.134658 -0.791141
vn 0.596671 -0.143333 -0.789582
vn 0.609591 -0.379971 -0.695716
vn 0.596628 -0.114812 0.794263
vn 0.610162 -0.346746 0.712369
vn 0.609592 -0.362436 0.705009
vn 0.596669 -0.123524 0.792923
vn 0.596627 -0.134658 -0.791141
vn 0.596627 0.114811 -0.794264
vn 0.596670 0.123526 -0.792922
vn 0.596671 -0.143333 -0.789582
vn 0.596629 0.134654 0.791140
vn 0.596628 -0.114812 0.794263
vn 0.596669 -0.123524 0.792923
vn 0.596671 0.143330 0.789582
vn 0.596627 0.114811 -0.794264
vn 0.610162 0.346749 -0.712368
vn 0.609593 0.362440 -0.705006
vn 0.596670 0.123526 -0.792922
vn 0.610163 0.364471 0.703464
vn 0.596629 0.134654 0.791140
vn 0.596671 0.143330 0.789582
vn 0.609592 0.379972 0.695715
vn 0.610162 0.346749 -0.712368
vn 0.610961 0.541463 -0.577533
vn 0.596691 0.541122 -0.592577
vn 0.609593 0.362440 -0.705006
vn 0.610662 0.555584 0.564286
vn 0.610163 0.364471 0.703464
vn 0.609592 0.379972 0.695715
vn 0.596140 0.555340 0.579839
vn 0.699983 -0.714103 0.008941
vn 0.626761 -0.559306 -0.542538
vn 0.621849 -0.574026 -0.532727
vn 0.702827 -0.711305 0.008910
vn 0.626759 -0.545552 0.556369
vn 0.699983 -0.714103 0.008941
vn 0.702827 -0.711305 0.008910
vn 0.621849 -0.560510 0.546929
vn 0.610961 0.541463 -0.577533
vn 0.687777 0.725864 -0.009224
vn 0.693604 0.720302 -0.008901
vn 0.596691 0.541122 -0.592577
vn 0.687777 0.725864 -0.009224
vn 0.610662 0.555584 0.564286
vn 0.596140 0.555340 0.579839
vn 0.693604 0.720302 -0.008901
vn 0.095797 0.838264 0.536784
vn 0.058070 0.567836 0.821091
vn 0.981889 0.140895 -0.126660
vn 0.962022 0.112615 -0.248661
vn 0.058070 0.567836 0.821091
vn 0.048287 0.206681 0.977216
vn 0.997606 0.062400 -0.029795
vn 0.981889 0.140895 -0.126660
vn 0.048287 0.206681 0.977216
vn 0.048285 -0.182153 0.982084
vn 0.997606 -0.063124 -0.028229
vn 0.997606 0.062400 -0.029795
vn 0.048285 -0.182153 0.982084
vn 0.058065 -0.547109 0.835045
vn 0.981894 -0.143990 -0.123093
vn 0.997606 -0.063124 -0.028229
vn 0.058065 -0.547109 0.835045
vn 0.095795 -0.824569 0.557592
vn 0.962025 -0.118774 -0.245766
vn 0.981894 -0.143990 -0.123093
vn 0.095795 -0.824569 0.557592
vn 0.044272 -0.998941 0.012508
vn 0.997163 -0.075274 0.000938
vn 0.962025 -0.118774 -0.245766
vn 0.044272 -0.998941 0.012508
vn 0.963086 -0.110967 0.245259
vn 0.962023 -0.112599 0.248663
vn 0.997163 -0.075274 0.000938
vn 0.963086 -0.110967 0.245259
vn 0.982373 -0.138973 0.125020
vn 0.981889 -0.140892 0.126662
vn 0.962023 -0.112599 0.248663
vn 0.982373 -0.138973 0.125020
vn 0.997668 -0.061591 0.029408
vn 0.997606 -0.062401 0.029796
vn 0.981889 -0.140892 0.126662
vn 0.997668 -0.061591 0.029408
vn 0.997669 0.062296 0.027862
vn 0.997607 0.063122 0.028229
vn 0.997606 -0.062401 0.029796
vn 0.997669 0.062296 0.027862
vn 0.982378 0.142019 0.121512
vn 0.981892 0.143992 0.123102
vn 0.997607 0.063122 0.028229
vn 0.982378 0.142019 0.121512
vn 0.963084 0.117062 0.242417
vn 0.962023 0.118782 0.245770
vn 0.981892 0.143992 0.123102
vn 0.963084 0.117062 0.242417
vn 0.044277 0.998941 -0.012504
vn 0.997161 0.075294 -0.000941
vn 0.962023 0.118782 0.245770
vn 0.044277 0.998941 -0.012504
vn 0.095797 0.838264 0.536784
vn 0.962022 0.112615 -0.248661
vn 0.997161 0.075294 -0.000941
vn 0.633021 -0.570766 -0.522982
vn 0.612353 -0.370028 -0.698644
vn 0.610161 -0.364472 -0.703465
vn 0.626761 -0.559306 -0.542538
vn 0.612353 -0.370028 -0.698644
vn 0.596993 -0.135172 -0.790777
vn 0.596627 -0.134658 -0.791141
vn 0.610161 -0.364472 -0.703465
vn 0.596993 -0.135172 -0.790777
vn 0.596993 0.115332 -0.793913
vn 0.596627 0.114811 -0.794264
vn 0.596627 -0.134658 -0.791141
vn 0.596993 0.115332 -0.793913
vn 0.612353 0.352416 -0.707691
vn 0.610162 0.346749 -0.712368
vn 0.596627 0.114811 -0.794264
vn 0.612353 0.352416 -0.707691
vn 0.623807 0.562193 -0.542959
vn 0.610961 0.541463 -0.577533
vn 0.610162 0.346749 -0.712368
vn 0.623807 0.562193 -0.542959
vn 0.674160 0.738524 -0.009484
vn 0.687777 0.725864 -0.009224
vn 0.610961 0.541463 -0.577533
vn 0.674160 0.738524 -0.009484
vn 0.623670 0.575672 0.528808
vn 0.610662 0.555584 0.564286
vn 0.687777 0.725864 -0.009224
vn 0.623670 0.575672 0.528808
vn 0.612355 0.370024 0.698644
vn 0.610163 0.364471 0.703464
vn 0.610662 0.555584 0.564286
vn 0.612355 0.370024 0.698644
vn 0.596996 0.135168 0.790775
vn 0.596629 0.134654 0.791140
vn 0.610163 0.364471 0.703464
vn 0.596996 0.135168 0.790775
vn 0.596998 -0.115334 0.793909
vn 0.596628 -0.114812 0.794263
vn 0.596629 0.134654 0.791140
vn 0.596998 -0.115334 0.793909
vn 0.612355 -0.352415 0.707690
vn 0.610162 -0.346746 0.712369
vn 0.596628 -0.114812 0.794263
vn 0.612355 -0.352415 0.707690
vn 0.633016 -0.557498 0.537109
vn 0.626759 -0.545552 0.556369
vn 0.610162 -0.346746 0.712369
vn 0.633016 -0.557498 0.537109
vn 0.693403 -0.720493 0.009019
vn 0.699983 -0.714103 0.008941
vn 0.626759 -0.545552 0.556369
vn 0.693403 -0.720493 0.009019
vn 0.633021 -0.570766 -0.522982
vn 0.626761 -0.559306 -0.542538
vn 0.699983 -0.714103 0.008941
s off
g Adicionales group16 Lampara pSphere6
usemtl pCylinder30SG
f 1187/1874/3997 1188/1780/3998 1195/1781/3999 1194/1878/4000
f 1188/1780/4001 1189/1783/4002 1196/1784/4003 1195/1781/4004
f 1189/1783/4005 1190/1785/4006 1197/1786/4007 1196/1784/4008
f 1190/1785/4009 1191/1787/4010 1198/1788/4011 1197/1786/4012
f 1191/1787/4013 1192/1789/4014 1199/1790/4015 1198/1788/4016
f 1192/1789/4017 1193/1866/4018 1200/1870/4019 1199/1790/4020
f 1194/1878/4021 1195/1781/4022 1202/1793/4023 1201/1877/4024
f 1195/1781/4025 1196/1784/4026 1203/1795/4027 1202/1793/4028
f 1196/1784/4029 1197/1786/4030 1204/1796/4031 1203/1795/4032
f 1197/1786/4033 1198/1788/4034 1205/1797/4035 1204/1796/4036
f 1198/1788/4037 1199/1790/4038 1206/1798/4039 1205/1797/4040
f 1199/1790/4041 1200/1870/4042 1207/1869/4043 1206/1798/4044
f 1201/1877/4045 1202/1793/4046 1209/1800/4047 1208/1876/4048
f 1202/1793/4049 1203/1795/4050 1210/1802/4051 1209/1800/4052
f 1203/1795/4053 1204/1796/4054 1211/1803/4055 1210/1802/4056
f 1204/1796/4057 1205/1797/4058 1212/1804/4059 1211/1803/4060
f 1205/1797/4061 1206/1798/4062 1213/1805/4063 1212/1804/4064
f 1206/1798/4065 1207/1869/4066 1214/1868/4067 1213/1805/4068
f 1208/1876/4069 1209/1800/4070 1216/1807/4071 1215/1875/4072
f 1209/1800/4073 1210/1802/4074 1217/1809/4075 1216/1807/4076
f 1210/1802/4077 1211/1803/4078 1218/1810/4079 1217/1809/4080
f 1211/1803/4081 1212/1804/4082 1219/1811/4083 1218/1810/4084
f 1212/1804/4085 1213/1805/4086 1220/1812/4087 1219/1811/4088
f 1213/1805/4089 1214/1868/4090 1221/1867/4091 1220/1812/4092
f 1215/1875/4093 1216/1807/4094 1223/1814/4095 1222/1871/4096
f 1216/1807/4097 1217/1809/4098 1224/1816/4099 1223/1814/4100
f 1217/1809/4101 1218/1810/4102 1225/1817/4103 1224/1816/4104
f 1218/1810/4105 1219/1811/4106 1226/1818/4107 1225/1817/4108
f 1219/1811/4109 1220/1812/4110 1227/1819/4111 1226/1818/4112
f 1220/1812/4113 1221/1867/4114 1228/1865/4115 1227/1819/4116
f 1188/1780/4117 1187/1874/4118 1229/1873/4119
f 1189/1783/4120 1188/1780/4121 1229/1873/4122
f 1190/1785/4123 1189/1783/4124 1229/1873/4125
f 1191/1787/4126 1190/1785/4127 1229/1873/4128
f 1192/1789/4129 1191/1787/4130 1229/1873/4131
f 1193/1866/4132 1192/1789/4133 1229/1873/4134
f 1222/1871/4135 1223/1814/4136 1230/1872/4137
f 1223/1814/4138 1224/1816/4139 1230/1872/4140
f 1224/1816/4141 1225/1817/4142 1230/1872/4143
f 1225/1817/4144 1226/1818/4145 1230/1872/4146
f 1226/1818/4147 1227/1819/4148 1230/1872/4149
f 1227/1819/4150 1228/1865/4151 1230/1872/4152
f 1259/1883/4153 1260/1884/4154 1232/1864/4155 1231/1856/4156
f 1270/1895/4157 1271/1896/4158 1233/1855/4159 1234/1863/4160
f 1260/1884/4161 1261/1885/4162 1235/1862/4163 1232/1864/4164
f 1269/1894/4165 1270/1895/4166 1234/1863/4167 1236/1861/4168
f 1261/1885/4169 1262/1886/4170 1237/1860/4171 1235/1862/4172
f 1268/1893/4173 1269/1894/4174 1236/1861/4175 1238/1859/4176
f 1262/1886/4177 1263/1887/4178 1239/1858/4179 1237/1860/4180
f 1267/1892/4181 1268/1893/4182 1238/1859/4183 1240/1857/4184
f 1263/1887/4185 1264/1888/4186 1241/1853/4187 1239/1858/4188
f 1266/1891/4189 1267/1892/4190 1240/1857/4191 1242/1851/4192
f 1272/1897/4193 1259/1883/4194 1231/1856/4195 1243/1854/4196
f 1271/1896/4197 1272/1897/4198 1243/1854/4199 1233/1855/4200
f 1264/1888/4201 1265/1889/4202 1244/1882/4203 1241/1853/4204
f 1265/1890/4205 1266/1891/4206 1242/1851/4207 1244/1852/4208
f 1273/1898/4209 1274/1899/4210 1246/1837/4211 1245/1838/4212
f 1284/1910/4213 1285/1911/4214 1247/1839/4215 1248/1840/4216
f 1274/1899/4217 1275/1900/4218 1249/1841/4219 1246/1837/4220
f 1283/1909/4221 1284/1910/4222 1248/1840/4223 1250/1842/4224
f 1275/1900/4225 1276/1901/4226 1251/1843/4227 1249/1841/4228
f 1282/1908/4229 1283/1909/4230 1250/1842/4231 1252/1844/4232
f 1276/1901/4233 1277/1902/4234 1253/1845/4235 1251/1843/4236
f 1281/1907/4237 1282/1908/4238 1252/1844/4239 1254/1846/4240
f 1277/1902/4241 1278/1903/4242 1255/1847/4243 1253/1845/4244
f 1280/1906/4245 1281/1907/4246 1254/1846/4247 1256/1848/4248
f 1286/1912/4249 1273/1898/4250 1245/1838/4251 1257/1849/4252
f 1285/1911/4253 1286/1912/4254 1257/1849/4255 1247/1839/4256
f 1278/1903/4257 1279/1904/4258 1258/1880/4259 1255/1847/4260
f 1279/1905/4261 1280/1906/4262 1256/1848/4263 1258/1850/4264
f 1187/1779/4265 1194/1782/4266 1260/1884/4267 1259/1883/4268
f 1194/1782/4269 1201/1794/4270 1261/1885/4271 1260/1884/4272
f 1201/1794/4273 1208/1801/4274 1262/1886/4275 1261/1885/4276
f 1208/1801/4277 1215/1808/4278 1263/1887/4279 1262/1886/4280
f 1215/1808/4281 1222/1815/4282 1264/1888/4283 1263/1887/4284
f 1222/1815/4285 1230/1881/4286 1265/1889/4287 1264/1888/4288
f 1230/1822/4289 1228/1820/4290 1266/1891/4291 1265/1890/4292
f 1228/1820/4293 1221/1813/4294 1267/1892/4295 1266/1891/4296
f 1221/1813/4297 1214/1806/4298 1268/1893/4299 1267/1892/4300
f 1214/1806/4301 1207/1799/4302 1269/1894/4303 1268/1893/4304
f 1207/1799/4305 1200/1792/4306 1270/1895/4307 1269/1894/4308
f 1200/1792/4309 1193/1791/4310 1271/1896/4311 1270/1895/4312
f 1193/1791/4313 1229/1821/4314 1272/1897/4315 1271/1896/4316
f 1229/1821/4317 1187/1779/4318 1259/1883/4319 1272/1897/4320
f 1231/1824/4321 1232/1823/4322 1274/1899/4323 1273/1898/4324
f 1232/1823/4325 1235/1827/4326 1275/1900/4327 1274/1899/4328
f 1235/1827/4329 1237/1829/4330 1276/1901/4331 1275/1900/4332
f 1237/1829/4333 1239/1831/4334 1277/1902/4335 1276/1901/4336
f 1239/1831/4337 1241/1833/4338 1278/1903/4339 1277/1902/4340
f 1241/1833/4341 1244/1879/4342 1279/1904/4343 1278/1903/4344
f 1244/1836/4345 1242/1834/4346 1280/1906/4347 1279/1905/4348
f 1242/1834/4349 1240/1832/4350 1281/1907/4351 1280/1906/4352
f 1240/1832/4353 1238/1830/4354 1282/1908/4355 1281/1907/4356
f 1238/1830/4357 1236/1828/4358 1283/1909/4359 1282/1908/4360
f 1236/1828/4361 1234/1826/4362 1284/1910/4363 1283/1909/4364
f 1234/1826/4365 1233/1825/4366 1285/1911/4367 1284/1910/4368
f 1233/1825/4369 1243/1835/4370 1286/1912/4371 1285/1911/4372
f 1243/1835/4373 1231/1824/4374 1273/1898/4375 1286/1912/4376
g default
v -7.583094 2.957036 7.541776
v -7.628056 2.957036 7.491024
v -7.691453 2.957036 7.466981
v -7.691452 2.957036 7.748234
v -7.628056 2.957036 7.724192
v -7.583094 2.957036 7.673440
v -7.566868 2.957036 7.607608
v -7.491271 3.060738 7.493582
v -7.569146 3.060738 7.405679
v -7.678952 3.060738 7.364036
v -7.678953 3.060738 7.851179
v -7.569147 3.060738 7.809536
v -7.491271 3.060738 7.721632
v -7.463166 3.060738 7.607608
v -7.457661 3.202397 7.475943
v -7.547584 3.202397 7.374441
v -7.674377 3.202397 7.326355
v -7.674377 3.202397 7.888861
v -7.547584 3.202397 7.840774
v -7.457661 3.202397 7.739273
v -7.425209 3.202397 7.607608
v -7.491271 3.344057 7.493582
v -7.569146 3.344057 7.405679
v -7.678952 3.344057 7.364036
v -7.678953 3.344057 7.851179
v -7.569147 3.344057 7.809536
v -7.491271 3.344057 7.721632
v -7.463166 3.344057 7.607608
v -7.583094 3.447758 7.541776
v -7.628056 3.447758 7.491024
v -7.691453 3.447758 7.466981
v -7.691452 3.447758 7.748234
v -7.628056 3.447758 7.724192
v -7.583094 3.447758 7.673440
v -7.566868 3.447758 7.607608
v -7.708528 2.919078 7.607608
v -7.708528 3.485716 7.607608
vt 0.992563 0.927650
vt 0.995380 0.928740
vt 0.993844 0.935516
vt 0.989865 0.932929
vt 0.998375 0.928751
vt 0.998375 0.937475
vt 0.986469 0.918175
vt 0.986734 0.920965
vt 0.980187 0.922877
vt 0.978195 0.918587
vt 0.988056 0.923577
vt 0.982980 0.926600
vt 0.990073 0.925855
vt 0.986247 0.929936
vt 0.990171 0.941058
vt 0.986336 0.937445
vt 0.994087 0.944944
vt 0.974856 0.926788
vt 0.970940 0.922903
vt 0.978691 0.930401
vt 0.982514 0.933923
vt 0.984840 0.944969
vt 0.982048 0.941246
vt 0.986832 0.949260
vt 0.971184 0.932330
vt 0.966652 0.930371
vt 0.975162 0.934917
vt 0.978781 0.937910
vt 0.978293 0.946881
vt 0.976971 0.944269
vt 0.978558 0.949671
vt 0.969647 0.939106
vt 0.966652 0.939095
vt 0.972464 0.940196
vt 0.974955 0.941991
vt 0.994267 0.921178
vt 0.970760 0.946668
vn 0.626113 -0.707106 -0.328608
vn 0.401682 -0.707107 -0.581938
vn 0.401683 -0.707107 -0.581937
vn 0.626112 -0.707106 -0.328609
vn 0.401682 -0.707107 -0.581938
vn 0.254410 -0.696604 -0.670834
vn 0.254410 -0.696604 -0.670834
vn 0.401683 -0.707107 -0.581937
vn 0.254416 -0.696599 0.670837
vn 0.401688 -0.707103 0.581939
vn 0.401688 -0.707103 0.581939
vn 0.254416 -0.696599 0.670837
vn 0.401688 -0.707103 0.581939
vn 0.626112 -0.707106 0.328610
vn 0.626112 -0.707106 0.328610
vn 0.401688 -0.707103 0.581939
vn 0.626112 -0.707106 0.328610
vn 0.707105 -0.707108 -0.000000
vn 0.707105 -0.707108 -0.000000
vn 0.626112 -0.707106 0.328610
vn 0.707105 -0.707108 -0.000000
vn 0.626113 -0.707106 -0.328608
vn 0.626112 -0.707106 -0.328609
vn 0.707105 -0.707108 -0.000000
vn 0.855285 -0.258819 -0.448887
vn 0.548707 -0.258819 -0.794942
vn 0.548706 -0.258819 -0.794943
vn 0.855286 -0.258819 -0.448887
vn 0.548707 -0.258819 -0.794942
vn 0.343177 -0.251783 -0.904895
vn 0.343177 -0.251783 -0.904895
vn 0.548706 -0.258819 -0.794943
vn 0.343181 -0.251785 0.904893
vn 0.548707 -0.258821 0.794942
vn 0.548707 -0.258821 0.794941
vn 0.343182 -0.251785 0.904893
vn 0.548707 -0.258821 0.794942
vn 0.855284 -0.258818 0.448890
vn 0.855284 -0.258818 0.448891
vn 0.548707 -0.258821 0.794941
vn 0.855284 -0.258818 0.448890
vn 0.965926 -0.258819 0.000001
vn 0.965926 -0.258819 0.000001
vn 0.855284 -0.258818 0.448891
vn 0.965926 -0.258819 0.000001
vn 0.855285 -0.258819 -0.448887
vn 0.855286 -0.258819 -0.448887
vn 0.965926 -0.258819 0.000001
vn 0.855285 0.258820 -0.448887
vn 0.548706 0.258819 -0.794943
vn 0.548707 0.258819 -0.794942
vn 0.855285 0.258820 -0.448888
vn 0.548706 0.258819 -0.794943
vn 0.343177 0.251782 -0.904895
vn 0.343177 0.251782 -0.904895
vn 0.548707 0.258819 -0.794942
vn 0.343182 0.251784 0.904893
vn 0.548708 0.258820 0.794941
vn 0.548707 0.258820 0.794942
vn 0.343182 0.251784 0.904893
vn 0.548708 0.258820 0.794941
vn 0.855284 0.258818 0.448891
vn 0.855284 0.258818 0.448890
vn 0.548707 0.258820 0.794942
vn 0.855284 0.258818 0.448891
vn 0.965926 0.258819 0.000001
vn 0.965926 0.258819 0.000001
vn 0.855284 0.258818 0.448890
vn 0.965926 0.258819 0.000001
vn 0.855285 0.258820 -0.448887
vn 0.855285 0.258820 -0.448888
vn 0.965926 0.258819 0.000001
vn 0.626110 0.707108 -0.328608
vn 0.401684 0.707107 -0.581936
vn 0.401683 0.707107 -0.581937
vn 0.626111 0.707109 -0.328607
vn 0.401684 0.707107 -0.581936
vn 0.254413 0.696604 -0.670833
vn 0.254413 0.696604 -0.670833
vn 0.401683 0.707107 -0.581937
vn 0.254413 0.696600 0.670837
vn 0.401687 0.707102 0.581940
vn 0.401687 0.707102 0.581940
vn 0.254412 0.696600 0.670837
vn 0.401687 0.707102 0.581940
vn 0.626113 0.707106 0.328610
vn 0.626113 0.707106 0.328610
vn 0.401687 0.707102 0.581940
vn 0.626113 0.707106 0.328610
vn 0.707104 0.707109 -0.000000
vn 0.707104 0.707109 -0.000000
vn 0.626113 0.707106 0.328610
vn 0.707104 0.707109 -0.000000
vn 0.626110 0.707108 -0.328608
vn 0.626111 0.707109 -0.328607
vn 0.707104 0.707109 -0.000000
vn 0.147024 -0.965927 -0.213001
vn 0.229172 -0.965926 -0.120276
vn 0.187410 -0.982282 0.000001
vn 0.094328 -0.963968 -0.248734
vn 0.147024 -0.965927 -0.213001
vn 0.187410 -0.982282 0.000001
vn 0.147030 -0.965925 0.213004
vn 0.094335 -0.963967 0.248732
vn 0.187410 -0.982282 0.000001
vn 0.229173 -0.965926 0.120282
vn 0.147030 -0.965925 0.213004
vn 0.187410 -0.982282 0.000001
vn 0.258816 -0.965927 0.000003
vn 0.229173 -0.965926 0.120282
vn 0.187410 -0.982282 0.000001
vn 0.229172 -0.965926 -0.120276
vn 0.258816 -0.965927 0.000003
vn 0.187410 -0.982282 0.000001
vn 0.229173 0.965926 -0.120282
vn 0.147028 0.965926 -0.213004
vn 0.187411 0.982282 -0.000002
vn 0.147028 0.965926 -0.213004
vn 0.094333 0.963968 -0.248732
vn 0.187411 0.982282 -0.000002
vn 0.094330 0.963966 0.248738
vn 0.147028 0.965926 0.213003
vn 0.187411 0.982282 -0.000002
vn 0.147028 0.965926 0.213003
vn 0.229175 0.965926 0.120278
vn 0.187411 0.982282 -0.000002
vn 0.229175 0.965926 0.120278
vn 0.258816 0.965927 0.000000
vn 0.187411 0.982282 -0.000002
vn 0.258816 0.965927 0.000000
vn 0.229173 0.965926 -0.120282
vn 0.187411 0.982282 -0.000002
s off
g Adicionales group16 Lampara pSphere7
usemtl pCylinder30SG
f 1287/1913/4377 1288/1914/4378 1295/1915/4379 1294/1916/4380
f 1288/1914/4381 1289/1917/4382 1296/1918/4383 1295/1915/4384
f 1290/1919/4385 1291/1920/4386 1298/1921/4387 1297/1922/4388
f 1291/1920/4389 1292/1923/4390 1299/1924/4391 1298/1921/4392
f 1292/1923/4393 1293/1925/4394 1300/1926/4395 1299/1924/4396
f 1293/1925/4397 1287/1913/4398 1294/1916/4399 1300/1926/4400
f 1294/1916/4401 1295/1915/4402 1302/1927/4403 1301/1928/4404
f 1295/1915/4405 1296/1918/4406 1303/1929/4407 1302/1927/4408
f 1297/1922/4409 1298/1921/4410 1305/1930/4411 1304/1931/4412
f 1298/1921/4413 1299/1924/4414 1306/1932/4415 1305/1930/4416
f 1299/1924/4417 1300/1926/4418 1307/1933/4419 1306/1932/4420
f 1300/1926/4421 1294/1916/4422 1301/1928/4423 1307/1933/4424
f 1301/1928/4425 1302/1927/4426 1309/1934/4427 1308/1935/4428
f 1302/1927/4429 1303/1929/4430 1310/1936/4431 1309/1934/4432
f 1304/1931/4433 1305/1930/4434 1312/1937/4435 1311/1938/4436
f 1305/1930/4437 1306/1932/4438 1313/1939/4439 1312/1937/4440
f 1306/1932/4441 1307/1933/4442 1314/1940/4443 1313/1939/4444
f 1307/1933/4445 1301/1928/4446 1308/1935/4447 1314/1940/4448
f 1308/1935/4449 1309/1934/4450 1316/1941/4451 1315/1942/4452
f 1309/1934/4453 1310/1936/4454 1317/1943/4455 1316/1941/4456
f 1311/1938/4457 1312/1937/4458 1319/1944/4459 1318/1945/4460
f 1312/1937/4461 1313/1939/4462 1320/1946/4463 1319/1944/4464
f 1313/1939/4465 1314/1940/4466 1321/1947/4467 1320/1946/4468
f 1314/1940/4469 1308/1935/4470 1315/1942/4471 1321/1947/4472
f 1288/1914/4473 1287/1913/4474 1322/1948/4475
f 1289/1917/4476 1288/1914/4477 1322/1948/4478
f 1291/1920/4479 1290/1919/4480 1322/1948/4481
f 1292/1923/4482 1291/1920/4483 1322/1948/4484
f 1293/1925/4485 1292/1923/4486 1322/1948/4487
f 1287/1913/4488 1293/1925/4489 1322/1948/4490
f 1315/1942/4491 1316/1941/4492 1323/1949/4493
f 1316/1941/4494 1317/1943/4495 1323/1949/4496
f 1318/1945/4497 1319/1944/4498 1323/1949/4499
f 1319/1944/4500 1320/1946/4501 1323/1949/4502
f 1320/1946/4503 1321/1947/4504 1323/1949/4505
f 1321/1947/4506 1315/1942/4507 1323/1949/4508
g default
v 4.455311 2.111190 8.020666
v 4.432495 2.111190 7.997851
v 4.401327 2.111190 7.989498
v 4.370160 2.111190 7.997851
v 4.347344 2.111190 8.020666
v 4.338993 2.111190 8.051833
v 4.347344 2.111190 8.083001
v 4.370160 2.111190 8.105815
v 4.401327 2.111190 8.114168
v 4.432495 2.111190 8.105815
v 4.455311 2.111190 8.083001
v 4.463662 2.111190 8.051833
v 4.455311 2.525822 8.020666
v 4.432495 2.525822 7.997851
v 4.401327 2.525822 7.989498
v 4.370160 2.525822 7.997851
v 4.347344 2.525822 8.020666
v 4.338993 2.525822 8.051833
v 4.347344 2.525822 8.083001
v 4.370160 2.525822 8.105815
v 4.401327 2.525822 8.114168
v 4.432495 2.525822 8.105815
v 4.455311 2.525822 8.083001
v 4.463662 2.525822 8.051833
vt 0.850498 0.866845
vt 0.851878 0.866845
vt 0.835313 0.884577
vt 0.850495 0.884580
vt 0.836696 0.866843
vt 0.836693 0.884578
vt 0.838077 0.866843
vt 0.838074 0.884578
vt 0.839457 0.866843
vt 0.839454 0.884578
vt 0.840837 0.866844
vt 0.840834 0.884578
vt 0.842217 0.866844
vt 0.842214 0.884579
vt 0.843597 0.866844
vt 0.843594 0.884579
vt 0.844977 0.866844
vt 0.844974 0.884579
vt 0.846358 0.866844
vt 0.846355 0.884579
vt 0.847737 0.866844
vt 0.847734 0.884580
vt 0.849118 0.866845
vt 0.849115 0.884580
vt 0.835317 0.866843
vt 0.851875 0.884580
vn 0.707099 0.000000 -0.707115
vn 0.707099 0.000000 -0.707115
vn 0.707099 0.000000 -0.707115
vn 0.707099 0.000000 -0.707115
vn 0.258853 0.000000 -0.965917
vn 0.258853 0.000000 -0.965917
vn 0.258853 0.000000 -0.965917
vn 0.258853 0.000000 -0.965917
vn -0.258856 0.000000 -0.965916
vn -0.258856 0.000000 -0.965916
vn -0.258856 0.000000 -0.965916
vn -0.258856 0.000000 -0.965916
vn -0.707106 0.000000 -0.707108
vn -0.707106 0.000000 -0.707108
vn -0.707106 0.000000 -0.707108
vn -0.707106 0.000000 -0.707108
vn -0.965925 0.000000 -0.258821
vn -0.965925 0.000000 -0.258821
vn -0.965925 0.000000 -0.258821
vn -0.965925 0.000000 -0.258821
vn -0.965929 0.000000 0.258806
vn -0.965929 0.000000 0.258806
vn -0.965929 0.000000 0.258806
vn -0.965929 0.000000 0.258806
vn -0.707082 0.000000 0.707131
vn -0.707082 0.000000 0.707131
vn -0.707082 0.000000 0.707131
vn -0.707082 0.000000 0.707131
vn -0.258871 0.000000 0.965912
vn -0.258871 0.000000 0.965912
vn -0.258871 0.000000 0.965912
vn -0.258871 0.000000 0.965912
vn 0.258868 0.000000 0.965913
vn 0.258868 0.000000 0.965913
vn 0.258868 0.000000 0.965913
vn 0.258868 0.000000 0.965913
vn 0.707075 0.000000 0.707138
vn 0.707075 0.000000 0.707138
vn 0.707075 0.000000 0.707138
vn 0.707075 0.000000 0.707138
vn 0.965929 0.000000 0.258806
vn 0.965929 0.000000 0.258806
vn 0.965929 0.000000 0.258806
vn 0.965929 0.000000 0.258806
vn 0.965925 0.000000 -0.258821
vn 0.965925 0.000000 -0.258821
vn 0.965925 0.000000 -0.258821
vn 0.965925 0.000000 -0.258821
s off
g Adicionales group16 pCylinder36 group15
usemtl pCylinder30SG
f 1324/1950/4509 1325/1951/4510 1337/1975/4511 1336/1953/4512
f 1325/1974/4513 1326/1954/4514 1338/1955/4515 1337/1952/4516
f 1326/1954/4517 1327/1956/4518 1339/1957/4519 1338/1955/4520
f 1327/1956/4521 1328/1958/4522 1340/1959/4523 1339/1957/4524
f 1328/1958/4525 1329/1960/4526 1341/1961/4527 1340/1959/4528
f 1329/1960/4529 1330/1962/4530 1342/1963/4531 1341/1961/4532
f 1330/1962/4533 1331/1964/4534 1343/1965/4535 1342/1963/4536
f 1331/1964/4537 1332/1966/4538 1344/1967/4539 1343/1965/4540
f 1332/1966/4541 1333/1968/4542 1345/1969/4543 1344/1967/4544
f 1333/1968/4545 1334/1970/4546 1346/1971/4547 1345/1969/4548
f 1334/1970/4549 1335/1972/4550 1347/1973/4551 1346/1971/4552
f 1335/1972/4553 1324/1950/4554 1336/1953/4555 1347/1973/4556
g default
v 4.461464 1.987058 8.017112
v 4.436047 1.987058 7.991697
v 4.401327 1.987058 7.982394
v 4.366607 1.987058 7.991697
v 4.341191 1.987058 8.017112
v 4.331888 1.987058 8.051833
v 4.341191 1.987058 8.086553
v 4.366607 1.987058 8.111970
v 4.401327 1.987058 8.121273
v 4.436047 1.987058 8.111970
v 4.461464 1.987058 8.086553
v 4.470767 1.987058 8.051833
v 4.461464 2.114205 8.017112
v 4.436047 2.114205 7.991697
v 4.401327 2.114205 7.982394
v 4.366607 2.114205 7.991697
v 4.341191 2.114205 8.017112
v 4.331888 2.114205 8.051833
v 4.341191 2.114205 8.086553
v 4.366607 2.114205 8.111970
v 4.401327 2.114205 8.121273
v 4.436047 2.114205 8.111970
v 4.461464 2.114205 8.086553
v 4.470767 2.114205 8.051833
v 4.401327 2.114205 8.051833
vt 0.673605 0.428351
vt 0.675143 0.428351
vt 0.778293 0.009534
vt 0.777524 0.010866
vt 0.658230 0.428349
vt 0.779624 0.008765
vt 0.659768 0.428349
vt 0.781161 0.008765
vt 0.661305 0.428349
vt 0.782493 0.009534
vt 0.662843 0.428350
vt 0.783262 0.010865
vt 0.664380 0.428349
vt 0.783262 0.012402
vt 0.665918 0.428350
vt 0.782494 0.013734
vt 0.667455 0.428350
vt 0.781162 0.014503
vt 0.668992 0.428350
vt 0.779624 0.014503
vt 0.670530 0.428350
vt 0.778293 0.013735
vt 0.672068 0.428351
vt 0.777524 0.012403
vt 0.780393 0.011634
vt 0.656693 0.428349
vt 0.675142 0.433789
vt 0.656693 0.433787
vt 0.672067 0.433789
vt 0.673604 0.433789
vt 0.670529 0.433789
vt 0.668992 0.433789
vt 0.667454 0.433789
vt 0.665917 0.433788
vt 0.664379 0.433788
vt 0.662842 0.433788
vt 0.661305 0.433788
vt 0.659767 0.433788
vt 0.658230 0.433788
vn 0.707088 0.000000 -0.707125
vn 0.707088 0.000000 -0.707125
vn 0.707088 0.000000 -0.707125
vn 0.707088 0.000000 -0.707125
vn 0.258806 0.000000 -0.965929
vn 0.258806 0.000000 -0.965929
vn 0.258806 0.000000 -0.965929
vn 0.258806 0.000000 -0.965929
vn -0.258809 0.000000 -0.965929
vn -0.258809 0.000000 -0.965929
vn -0.258809 0.000000 -0.965929
vn -0.258809 0.000000 -0.965929
vn -0.707088 0.000000 -0.707125
vn -0.707088 0.000000 -0.707125
vn -0.707088 0.000000 -0.707125
vn -0.707088 0.000000 -0.707125
vn -0.965931 0.000000 -0.258801
vn -0.965931 0.000000 -0.258801
vn -0.965931 0.000000 -0.258801
vn -0.965931 0.000000 -0.258801
vn -0.965932 0.000000 0.258795
vn -0.965932 0.000000 0.258795
vn -0.965932 0.000000 0.258795
vn -0.965932 0.000000 0.258795
vn -0.707111 0.000000 0.707102
vn -0.707111 0.000000 0.707102
vn -0.707111 0.000000 0.707102
vn -0.707111 0.000000 0.707102
vn -0.258809 0.000000 0.965929
vn -0.258809 0.000000 0.965929
vn -0.258809 0.000000 0.965929
vn -0.258809 0.000000 0.965929
vn 0.258806 0.000000 0.965929
vn 0.258806 0.000000 0.965929
vn 0.258806 0.000000 0.965929
vn 0.258806 0.000000 0.965929
vn 0.707111 0.000000 0.707102
vn 0.707111 0.000000 0.707102
vn 0.707111 0.000000 0.707102
vn 0.707111 0.000000 0.707102
vn 0.965926 0.000000 0.258818
vn 0.965926 0.000000 0.258818
vn 0.965926 0.000000 0.258818
vn 0.965926 0.000000 0.258818
vn 0.965924 0.000000 -0.258824
vn 0.965924 0.000000 -0.258824
vn 0.965924 0.000000 -0.258824
vn 0.965924 0.000000 -0.258824
vn 0.000000 1.000000 0.000000
vn 0.000000 1.000000 0.000000
vn 0.000000 1.000000 -0.000000
vn 0.000000 1.000000 0.000000
vn 0.000000 1.000000 0.000000
vn 0.000000 1.000000 -0.000000
vn 0.000000 1.000000 0.000000
vn 0.000000 1.000000 0.000000
vn 0.000000 1.000000 -0.000000
vn 0.000000 1.000000 0.000000
vn 0.000000 1.000000 0.000000
vn 0.000000 1.000000 -0.000000
vn 0.000000 1.000000 0.000000
vn 0.000000 1.000000 0.000000
vn 0.000000 1.000000 -0.000000
vn 0.000000 1.000000 0.000000
vn 0.000000 1.000000 0.000000
vn 0.000000 1.000000 -0.000000
vn 0.000000 1.000000 0.000000
vn 0.000000 1.000000 0.000000
vn 0.000000 1.000000 -0.000000
vn 0.000000 1.000000 0.000000
vn 0.000000 1.000000 0.000000
vn 0.000000 1.000000 -0.000000
vn 0.000000 1.000000 0.000000
vn 0.000000 1.000000 -0.000003
vn 0.000000 1.000000 -0.000000
vn 0.000000 1.000000 -0.000003
vn 0.000000 1.000000 -0.000003
vn 0.000000 1.000000 -0.000000
vn 0.000000 1.000000 -0.000003
vn 0.000000 1.000000 0.000000
vn 0.000000 1.000000 -0.000000
vn 0.000000 1.000000 0.000000
vn 0.000000 1.000000 0.000000
vn 0.000000 1.000000 -0.000000
s off
g Adicionales group16 group15 pCylinder35
usemtl pCylinder30SG
f 1348/1976/4557 1349/1977/4558 1361/2002/4559 1360/2005/4560
f 1349/2001/4561 1350/1980/4562 1362/2014/4563 1361/2003/4564
f 1350/1980/4565 1351/1982/4566 1363/2013/4567 1362/2014/4568
f 1351/1982/4569 1352/1984/4570 1364/2012/4571 1363/2013/4572
f 1352/1984/4573 1353/1986/4574 1365/2011/4575 1364/2012/4576
f 1353/1986/4577 1354/1988/4578 1366/2010/4579 1365/2011/4580
f 1354/1988/4581 1355/1990/4582 1367/2009/4583 1366/2010/4584
f 1355/1990/4585 1356/1992/4586 1368/2008/4587 1367/2009/4588
f 1356/1992/4589 1357/1994/4590 1369/2007/4591 1368/2008/4592
f 1357/1994/4593 1358/1996/4594 1370/2006/4595 1369/2007/4596
f 1358/1996/4597 1359/1998/4598 1371/2004/4599 1370/2006/4600
f 1359/1998/4601 1348/1976/4602 1360/2005/4603 1371/2004/4604
f 1360/1979/4605 1361/1978/4606 1372/2000/4607
f 1361/1978/4608 1362/1981/4609 1372/2000/4610
f 1362/1981/4611 1363/1983/4612 1372/2000/4613
f 1363/1983/4614 1364/1985/4615 1372/2000/4616
f 1364/1985/4617 1365/1987/4618 1372/2000/4619
f 1365/1987/4620 1366/1989/4621 1372/2000/4622
f 1366/1989/4623 1367/1991/4624 1372/2000/4625
f 1367/1991/4626 1368/1993/4627 1372/2000/4628
f 1368/1993/4629 1369/1995/4630 1372/2000/4631
f 1369/1995/4632 1370/1997/4633 1372/2000/4634
f 1370/1997/4635 1371/1999/4636 1372/2000/4637
f 1371/1999/4638 1360/1979/4639 1372/2000/4640
g default
v 4.444868 2.113581 8.026695
v 4.426466 2.113581 8.008291
v 4.401327 2.113581 8.001556
v 4.376189 2.113581 8.008291
v 4.357785 2.113581 8.026695
v 4.351050 2.113581 8.051833
v 4.357785 2.113581 8.076971
v 4.376189 2.113581 8.095374
v 4.401327 2.113581 8.102110
v 4.426466 2.113581 8.095374
v 4.444868 2.113581 8.076971
v 4.451605 2.113581 8.051833
v 4.444868 2.507466 8.026695
v 4.426466 2.507466 8.008291
v 4.401327 2.507466 8.001556
v 4.376189 2.507466 8.008291
v 4.357785 2.507466 8.026695
v 4.351050 2.507466 8.051833
v 4.357785 2.507466 8.076971
v 4.376189 2.507466 8.095374
v 4.401327 2.507466 8.102110
v 4.426466 2.507466 8.095374
v 4.444868 2.507466 8.076971
v 4.451605 2.507466 8.051833
v 4.401327 2.507466 8.051833
vt 0.894217 0.825338
vt 0.893104 0.825338
vt 0.783334 0.002410
vt 0.782778 0.003374
vt 0.905349 0.825337
vt 0.784298 0.001853
vt 0.904236 0.825337
vt 0.785412 0.001853
vt 0.903123 0.825337
vt 0.786376 0.002410
vt 0.902009 0.825337
vt 0.786932 0.003374
vt 0.900896 0.825337
vt 0.786932 0.004487
vt 0.899783 0.825337
vt 0.786376 0.005451
vt 0.898670 0.825337
vt 0.785412 0.006008
vt 0.897558 0.825337
vt 0.784298 0.006008
vt 0.896443 0.825338
vt 0.783334 0.005451
vt 0.895330 0.825338
vt 0.782778 0.004487
vt 0.784855 0.003931
vt 0.895329 0.808490
vt 0.894216 0.808490
vt 0.896442 0.808490
vt 0.897555 0.808490
vt 0.898669 0.808489
vt 0.899782 0.808489
vt 0.900895 0.808489
vt 0.902008 0.808489
vt 0.903122 0.808489
vt 0.904235 0.808489
vt 0.905347 0.808489
vt 0.906460 0.808489
vt 0.906462 0.825337
vt 0.893102 0.808490
vn 0.707138 0.000000 -0.707075
vn 0.707138 0.000000 -0.707075
vn 0.707138 0.000000 -0.707075
vn 0.707138 0.000000 -0.707075
vn 0.258767 0.000000 -0.965940
vn 0.258767 0.000000 -0.965940
vn 0.258767 0.000000 -0.965940
vn 0.258767 0.000000 -0.965940
vn -0.258771 0.000000 -0.965939
vn -0.258771 0.000000 -0.965939
vn -0.258771 0.000000 -0.965939
vn -0.258771 0.000000 -0.965939
vn -0.707130 0.000000 -0.707084
vn -0.707130 0.000000 -0.707084
vn -0.707130 0.000000 -0.707084
vn -0.707130 0.000000 -0.707084
vn -0.965926 0.000000 -0.258819
vn -0.965926 0.000000 -0.258819
vn -0.965926 0.000000 -0.258819
vn -0.965926 0.000000 -0.258819
vn -0.965928 0.000000 0.258809
vn -0.965928 0.000000 0.258809
vn -0.965928 0.000000 0.258809
vn -0.965928 0.000000 0.258809
vn -0.707089 0.000000 0.707125
vn -0.707089 0.000000 0.707125
vn -0.707089 0.000000 0.707125
vn -0.707089 0.000000 0.707125
vn -0.258847 0.000000 0.965918
vn -0.258847 0.000000 0.965918
vn -0.258847 0.000000 0.965918
vn -0.258847 0.000000 0.965918
vn 0.258843 0.000000 0.965919
vn 0.258843 0.000000 0.965919
vn 0.258843 0.000000 0.965919
vn 0.258843 0.000000 0.965919
vn 0.707098 0.000000 0.707116
vn 0.707098 0.000000 0.707116
vn 0.707098 0.000000 0.707116
vn 0.707098 0.000000 0.707116
vn 0.965920 0.000000 0.258841
vn 0.965920 0.000000 0.258841
vn 0.965920 0.000000 0.258841
vn 0.965920 0.000000 0.258841
vn 0.965917 0.000000 -0.258851
vn 0.965917 0.000000 -0.258851
vn 0.965917 0.000000 -0.258851
vn 0.965917 0.000000 -0.258851
vn 0.000000 1.000000 0.000000
vn 0.000000 1.000000 0.000000
vn 0.000000 1.000000 -0.000001
vn 0.000000 1.000000 0.000000
vn 0.000000 1.000000 0.000000
vn 0.000000 1.000000 -0.000001
vn 0.000000 1.000000 0.000000
vn 0.000000 1.000000 0.000000
vn 0.000000 1.000000 -0.000001
vn 0.000000 1.000000 0.000000
vn 0.000000 1.000000 -0.000005
vn 0.000000 1.000000 -0.000001
vn 0.000000 1.000000 -0.000005
vn 0.000000 1.000000 -0.000005
vn 0.000000 1.000000 -0.000001
vn 0.000000 1.000000 -0.000005
vn 0.000000 1.000000 0.000000
vn 0.000000 1.000000 -0.000001
vn 0.000000 1.000000 0.000000
vn 0.000000 1.000000 0.000000
vn 0.000000 1.000000 -0.000001
vn 0.000000 1.000000 0.000000
vn 0.000000 1.000000 0.000000
vn 0.000000 1.000000 -0.000001
vn 0.000000 1.000000 0.000000
vn 0.000000 1.000000 0.000000
vn 0.000000 1.000000 -0.000001
vn 0.000000 1.000000 0.000000
vn 0.000000 1.000000 0.000000
vn 0.000000 1.000000 -0.000001
vn 0.000000 1.000000 0.000000
vn 0.000000 1.000000 0.000000
vn 0.000000 1.000000 -0.000001
vn 0.000000 1.000000 0.000000
vn 0.000000 1.000000 0.000000
vn 0.000000 1.000000 -0.000001
s off
g Adicionales group16 group15 pCylinder34
usemtl pCylinder30SG
f 1373/2015/4641 1374/2016/4642 1386/2053/4643 1385/2041/4644
f 1374/2052/4645 1375/2019/4646 1387/2050/4647 1386/2051/4648
f 1375/2019/4649 1376/2021/4650 1388/2049/4651 1387/2050/4652
f 1376/2021/4653 1377/2023/4654 1389/2048/4655 1388/2049/4656
f 1377/2023/4657 1378/2025/4658 1390/2047/4659 1389/2048/4660
f 1378/2025/4661 1379/2027/4662 1391/2046/4663 1390/2047/4664
f 1379/2027/4665 1380/2029/4666 1392/2045/4667 1391/2046/4668
f 1380/2029/4669 1381/2031/4670 1393/2044/4671 1392/2045/4672
f 1381/2031/4673 1382/2033/4674 1394/2043/4675 1393/2044/4676
f 1382/2033/4677 1383/2035/4678 1395/2042/4679 1394/2043/4680
f 1383/2035/4681 1384/2037/4682 1396/2040/4683 1395/2042/4684
f 1384/2037/4685 1373/2015/4686 1385/2041/4687 1396/2040/4688
f 1385/2018/4689 1386/2017/4690 1397/2039/4691
f 1386/2017/4692 1387/2020/4693 1397/2039/4694
f 1387/2020/4695 1388/2022/4696 1397/2039/4697
f 1388/2022/4698 1389/2024/4699 1397/2039/4700
f 1389/2024/4701 1390/2026/4702 1397/2039/4703
f 1390/2026/4704 1391/2028/4705 1397/2039/4706
f 1391/2028/4707 1392/2030/4708 1397/2039/4709
f 1392/2030/4710 1393/2032/4711 1397/2039/4712
f 1393/2032/4713 1394/2034/4714 1397/2039/4715
f 1394/2034/4716 1395/2036/4717 1397/2039/4718
f 1395/2036/4719 1396/2038/4720 1397/2039/4721
f 1396/2038/4722 1385/2018/4723 1397/2039/4724
g default
v 9.514458 4.425153 -2.039328
v 9.514352 4.425153 3.099115
v 9.514452 5.953282 -2.039323
v 9.514343 5.953282 3.099115
v 9.145707 4.425153 3.099111
v 9.145697 5.953282 3.099115
v 9.145815 4.425153 -2.039328
v 9.145806 5.953282 -2.039328
v 9.445957 4.425153 -2.039328
v 9.445756 4.425153 3.099112
v 9.214410 4.425153 -2.039328
v 9.214212 4.425153 3.099111
v 9.445957 4.542527 -2.039328
v 9.445756 4.542527 3.099112
v 9.214212 4.542527 3.099111
v 9.214410 4.542527 -2.039328
vt 0.424464 0.627844
vt 0.424464 0.847630
vt 0.359101 0.847630
vt 0.359101 0.627844
vt 0.267931 0.847630
vt 0.440233 0.627844
vt 0.333292 0.627844
vt 0.333292 0.847630
vt 0.336224 0.627844
vt 0.336224 0.847630
vt 0.356169 0.847630
vt 0.356169 0.627844
vt 0.351148 0.627844
vt 0.351148 0.847630
vt 0.341245 0.847630
vt 0.341245 0.627844
vt 0.440233 0.847630
vt 0.267931 0.627844
vn 1.000000 0.000005 0.000021
vn 1.000000 0.000005 0.000021
vn 1.000000 0.000005 0.000021
vn 1.000000 0.000005 0.000021
vn -1.000000 -0.000006 -0.000021
vn -1.000000 -0.000006 -0.000021
vn -1.000000 -0.000006 -0.000021
vn -1.000000 -0.000006 -0.000021
vn 0.000000 1.000000 0.000000
vn 0.000000 1.000000 0.000000
vn 0.000000 1.000000 0.000000
vn 0.000000 1.000000 0.000000
vn 0.000000 -1.000000 0.000000
vn 0.000000 -1.000000 0.000000
vn 0.000000 -1.000000 0.000000
vn 0.000000 -1.000000 0.000000
vn 0.000000 -1.000000 0.000000
vn 0.000000 -1.000000 0.000000
vn 0.000000 -1.000000 0.000000
vn 0.000000 -1.000000 0.000000
vn 0.000000 -1.000000 0.000000
vn 0.000000 -1.000000 0.000000
vn 0.000000 -1.000000 0.000000
vn 0.000000 -1.000000 0.000000
vn -1.000000 0.000000 -0.000039
vn -1.000000 0.000000 -0.000039
vn -1.000000 0.000000 -0.000039
vn -1.000000 0.000000 -0.000039
vn 1.000000 0.000000 0.000038
vn 1.000000 0.000000 0.000038
vn 1.000000 0.000000 0.000038
vn 1.000000 0.000000 0.000038
s off
g Adicionales group16 Cube_41_5
usemtl pCylinder30SG
f 1400/2054/4725 1401/2055/4726 1399/2056/4727 1398/2057/4728
f 1403/2058/4729 1405/2071/4730 1404/2060/4731 1402/2061/4732
f 1405/2059/4733 1403/2070/4734 1401/2055/4735 1400/2054/4736
f 1408/2062/4737 1409/2063/4738 1402/2061/4739 1404/2060/4740
f 1398/2057/4741 1399/2056/4742 1407/2064/4743 1406/2065/4744
f 1410/2066/4745 1411/2067/4746 1412/2068/4747 1413/2069/4748
f 1406/2065/4749 1407/2064/4750 1411/2067/4751 1410/2066/4752
f 1409/2063/4753 1408/2062/4754 1413/2069/4755 1412/2068/4756
g default
v -2.934425 0.208924 4.841366
v 2.934425 0.208924 4.841366
v -2.934425 0.208924 -4.807573
v 2.934425 0.208924 -4.807573
vt 0.267931 0.252895
vt 0.267972 0.001853
vt 0.680686 0.001896
vt 0.680601 0.252937
vn 0.000000 1.000000 0.000000
vn 0.000000 1.000000 0.000000
vn 0.000000 1.000000 0.000000
vn 0.000000 1.000000 0.000000
s off
g Adicionales group16 Tapete
usemtl pCylinder30SG
f 1414/2072/4757 1415/2073/4758 1417/2074/4759 1416/2075/4760
g default
v -3.717747 1.534959 -7.751938
v -3.764457 1.508123 -7.751938
v -3.811166 1.534959 -7.751938
v -3.831571 1.677960 -7.751938
v -3.693315 1.778346 -7.751938
v -3.685471 1.521985 -7.811242
v -3.764457 1.477842 -7.811242
v -3.843443 1.521985 -7.811242
v -3.855947 1.677960 -7.783608
v -3.668939 1.778346 -7.783608
v -3.633247 1.454377 -7.788590
v -3.764457 1.382231 -7.788590
v -3.895666 1.454377 -7.788590
v -3.895389 1.677960 -7.771511
v -3.629498 1.778346 -7.771511
v -3.633247 1.454377 -7.715286
v -3.764457 1.382231 -7.715286
v -3.895666 1.454377 -7.715286
v -3.895388 1.677960 -7.732365
v -3.629498 1.778346 -7.732364
v -3.685471 1.521986 -7.692633
v -3.764457 1.477843 -7.692633
v -3.843443 1.521986 -7.692633
v -3.855947 1.677960 -7.720266
v -3.668939 1.778346 -7.720266
v -3.866848 1.677960 -7.751938
v -3.658038 1.778346 -7.751938
v -3.656822 1.650299 -7.797410
v -3.685144 1.656779 -7.751938
v -3.656823 1.650299 -7.706464
v -3.610996 1.616530 -7.723834
v -3.610997 1.616531 -7.780041
v -3.910120 1.589005 -7.778306
v -3.865593 1.615904 -7.794603
v -3.838074 1.621065 -7.751938
v -3.865593 1.615903 -7.709273
v -3.910120 1.589004 -7.725569
vt 0.450771 0.640841
vt 0.450771 0.645329
vt 0.447932 0.645329
vt 0.447932 0.640841
vt 0.450771 0.636268
vt 0.447932 0.636268
vt 0.450771 0.631390
vt 0.447932 0.631390
vt 0.450771 0.651606
vt 0.617394 0.254809
vt 0.616352 0.253454
vt 0.447932 0.651606
vt 0.445621 0.645329
vt 0.445621 0.640841
vt 0.445621 0.636268
vt 0.445621 0.631390
vt 0.445621 0.651606
vt 0.614664 0.253972
vt 0.443574 0.645329
vt 0.443574 0.640841
vt 0.443574 0.636268
vt 0.443574 0.631390
vt 0.614664 0.255646
vt 0.443574 0.651606
vt 0.441298 0.645329
vt 0.453869 0.640841
vt 0.453869 0.636268
vt 0.441298 0.631390
vt 0.616350 0.256164
vt 0.441298 0.651926
vt 0.441298 0.627845
vt 0.615885 0.254809
vt 0.443574 0.627845
vt 0.615885 0.254809
vt 0.447932 0.627845
vt 0.445621 0.627845
vt 0.450771 0.627845
vt 0.616351 0.253454
vt 0.617394 0.254809
vt 0.614664 0.253972
vt 0.614665 0.255646
vt 0.616351 0.256164
vt 0.441298 0.658278
vt 0.450771 0.658278
vt 0.443574 0.658278
vt 0.445621 0.658278
vt 0.447932 0.658278
vt 0.453869 0.631390
vt 0.453869 0.627845
vt 0.453869 0.651606
vt 0.453869 0.645329
vt 0.453869 0.658278
vt 0.441298 0.636268
vt 0.441298 0.640841
vn -0.448170 0.793658 -0.411401
vn -0.448170 0.793658 -0.411401
vn -0.448170 0.793658 -0.411401
vn -0.448170 0.793658 -0.411401
vn 0.448167 0.793661 -0.411398
vn 0.448167 0.793661 -0.411398
vn 0.448167 0.793661 -0.411398
vn 0.448167 0.793661 -0.411398
vn 0.823171 0.160310 -0.544692
vn 0.809253 0.268804 -0.522355
vn 0.809253 0.268804 -0.522355
vn 0.820889 0.185348 -0.540174
vn -0.832248 0.112996 -0.542766
vn -0.826601 -0.036125 -0.561628
vn -0.826601 -0.036125 -0.561629
vn -0.831539 0.133617 -0.539156
vn 0.125973 -0.227696 -0.965549
vn 0.125973 -0.227696 -0.965549
vn 0.125973 -0.227696 -0.965549
vn 0.125973 -0.227696 -0.965549
vn -0.125968 -0.227701 -0.965549
vn -0.125968 -0.227701 -0.965549
vn -0.125968 -0.227701 -0.965549
vn -0.125968 -0.227701 -0.965549
vn -0.389703 0.095971 -0.915926
vn -0.408199 0.042049 -0.911924
vn -0.408199 0.042049 -0.911924
vn -0.400561 0.064808 -0.913975
vn 0.377769 0.029034 -0.925445
vn 0.371805 0.063727 -0.926121
vn 0.363178 0.109648 -0.925246
vn 0.363178 0.109648 -0.925246
vn 0.481821 -0.876270 0.000006
vn 0.481821 -0.876270 0.000006
vn 0.481821 -0.876270 0.000006
vn 0.481821 -0.876270 0.000006
vn -0.481823 -0.876268 0.000006
vn -0.481823 -0.876268 0.000006
vn -0.481823 -0.876268 0.000006
vn -0.481823 -0.876268 0.000006
vn -0.999705 -0.024279 0.000002
vn -0.999705 -0.024278 0.000002
vn -0.994286 -0.106750 0.000000
vn -0.994286 -0.106750 0.000000
vn 0.999397 -0.034720 -0.000002
vn 0.993527 0.113596 -0.000002
vn 0.993527 0.113596 -0.000002
vn 0.999397 -0.034721 -0.000002
vn 0.125972 -0.227703 0.965548
vn 0.125972 -0.227703 0.965548
vn 0.125972 -0.227703 0.965548
vn 0.125972 -0.227703 0.965548
vn -0.125972 -0.227704 0.965548
vn -0.125972 -0.227704 0.965548
vn -0.125972 -0.227704 0.965548
vn -0.125972 -0.227704 0.965548
vn -0.400554 0.064807 0.913978
vn -0.408193 0.042048 0.911927
vn -0.408193 0.042048 0.911927
vn -0.389697 0.095967 0.915929
vn 0.377775 0.029031 0.925442
vn 0.363184 0.109644 0.925244
vn 0.363184 0.109644 0.925244
vn 0.371811 0.063723 0.926119
vn -0.448166 0.793667 0.411387
vn -0.448166 0.793667 0.411387
vn -0.448166 0.793667 0.411387
vn -0.448166 0.793667 0.411387
vn 0.448168 0.793666 0.411387
vn 0.448168 0.793666 0.411387
vn 0.448168 0.793666 0.411387
vn 0.448168 0.793666 0.411387
vn 0.820889 0.185345 0.540174
vn 0.809250 0.268808 0.522356
vn 0.809250 0.268808 0.522356
vn 0.823173 0.160304 0.544692
vn -0.831549 0.133615 0.539142
vn -0.826610 -0.036129 0.561614
vn -0.826610 -0.036129 0.561614
vn -0.832258 0.112992 0.542752
vn 0.000002 1.000000 -0.000003
vn -0.000001 1.000000 -0.000003
vn 0.000001 1.000000 -0.000006
vn -0.000001 1.000000 -0.000012
vn 0.000001 1.000000 -0.000007
vn -0.000002 1.000000 -0.000006
vn -0.000003 1.000000 0.000002
vn -0.000004 1.000000 -0.000007
vn -0.000001 1.000000 -0.000003
vn -0.000001 1.000000 -0.000003
vn -0.000004 1.000000 -0.000007
vn 0.000001 1.000000 -0.000006
vn 0.000000 1.000000 -0.000000
vn -0.000001 1.000000 -0.000003
vn 0.000002 1.000000 -0.000003
vn -0.000003 1.000000 0.000002
vn -0.000001 1.000000 -0.000003
vn 0.000000 1.000000 -0.000000
vn 0.000003 1.000000 -0.000006
vn 0.000000 1.000000 0.000000
vn 0.000001 1.000000 -0.000007
vn 0.000001 1.000000 -0.000007
vn 0.000000 1.000000 0.000000
vn -0.000002 1.000000 -0.000006
vn 0.000004 1.000000 -0.000012
vn 0.000001 1.000000 -0.000007
vn -0.000001 1.000000 -0.000012
vn 0.000003 1.000000 -0.000006
vn 0.000001 1.000000 -0.000007
vn 0.000004 1.000000 -0.000012
vn -0.823244 0.230280 -0.518884
vn -0.832248 0.112996 -0.542766
vn -0.831539 0.133617 -0.539156
vn -0.823244 0.230280 -0.518884
vn -0.823253 0.230278 0.518871
vn -0.831549 0.133615 0.539142
vn -0.832258 0.112992 0.542752
vn -0.823253 0.230278 0.518871
vn 0.381734 0.004318 0.924262
vn 0.377775 0.029031 0.925442
vn 0.371811 0.063723 0.926119
vn 0.381734 0.004318 0.924262
vn 0.990717 -0.135944 -0.000002
vn 0.999397 -0.034720 -0.000002
vn 0.999397 -0.034721 -0.000002
vn 0.990717 -0.135944 -0.000002
vn 0.381728 0.004322 -0.924265
vn 0.371805 0.063727 -0.926121
vn 0.377769 0.029034 -0.925445
vn 0.381728 0.004322 -0.924265
vn -0.363350 0.166640 -0.916629
vn -0.389703 0.095971 -0.915926
vn -0.400561 0.064808 -0.913975
vn -0.363350 0.166640 -0.916629
vn 0.820445 -0.058810 -0.568692
vn 0.823171 0.160310 -0.544692
vn 0.820889 0.185348 -0.540174
vn 0.820445 -0.058810 -0.568692
vn 0.820449 -0.058824 0.568685
vn 0.820889 0.185345 0.540174
vn 0.823173 0.160304 0.544692
vn 0.820449 -0.058824 0.568685
vn -0.363346 0.166631 0.916632
vn -0.400554 0.064807 0.913978
vn -0.389697 0.095967 0.915929
vn -0.363346 0.166631 0.916632
vn -0.986564 0.163378 0.000005
vn -0.999705 -0.024278 0.000002
vn -0.999705 -0.024279 0.000002
vn -0.986564 0.163378 0.000005
s off
g Adicionales group16 Decorativo3
usemtl pCylinder30SG
f 1419/2076/4761 1418/2077/4762 1423/2078/4763 1424/2079/4764
f 1420/2080/4765 1419/2076/4766 1424/2079/4767 1425/2081/4768
f 1452/2082/4769 1420/2080/4770 1425/2081/4771 1451/2083/4772
f 1446/2084/4773 1422/2119/4774 1427/2122/4775 1445/2087/4776
f 1424/2079/4777 1423/2078/4778 1428/2088/4779 1429/2089/4780
f 1425/2081/4781 1424/2079/4782 1429/2089/4783 1430/2090/4784
f 1451/2083/4785 1425/2081/4786 1430/2090/4787 1450/2091/4788
f 1449/2092/4789 1445/2087/4790 1427/2122/4791 1432/2121/4792
f 1429/2089/4793 1428/2088/4794 1433/2094/4795 1434/2095/4796
f 1430/2090/4797 1429/2089/4798 1434/2095/4799 1435/2096/4800
f 1454/2097/4801 1450/2091/4802 1430/2090/4803 1435/2096/4804
f 1449/2092/4805 1432/2121/4806 1437/2120/4807 1448/2099/4808
f 1434/2095/4809 1433/2094/4810 1438/2100/4811 1439/2129/4812
f 1435/2096/4813 1434/2095/4814 1439/2129/4815 1440/2128/4816
f 1454/2097/4817 1435/2096/4818 1440/2128/4819 1453/2103/4820
f 1448/2099/4821 1437/2120/4822 1442/2118/4823 1447/2105/4824
f 1439/2101/4825 1438/2126/4826 1418/2077/4827 1419/2076/4828
f 1440/2102/4829 1439/2101/4830 1419/2076/4831 1420/2080/4832
f 1453/2123/4833 1440/2102/4834 1420/2080/4835 1452/2082/4836
f 1447/2125/4837 1442/2127/4838 1422/2119/4839 1446/2084/4840
f 1441/2113/4841 1443/2107/4842 1436/2115/4843
f 1437/2098/4844 1444/2109/4845 1442/2104/4846
f 1426/2117/4847 1431/2116/4848 1443/2107/4849
f 1443/2107/4850 1431/2116/4851 1436/2115/4852
f 1421/2114/4853 1443/2107/4854 1441/2113/4855
f 1426/2117/4856 1443/2107/4857 1421/2114/4858
f 1427/2086/4859 1422/2085/4860 1444/2109/4861
f 1444/2109/4862 1422/2085/4863 1442/2104/4864
f 1432/2093/4865 1444/2109/4866 1437/2098/4867
f 1427/2086/4868 1444/2109/4869 1432/2093/4870
f 1418/2077/4871 1446/2084/4872 1445/2087/4873 1423/2078/4874
f 1438/2126/4875 1447/2125/4876 1446/2084/4877 1418/2077/4878
f 1433/2094/4879 1448/2099/4880 1447/2105/4881 1438/2100/4882
f 1428/2088/4883 1449/2092/4884 1448/2099/4885 1433/2094/4886
f 1423/2078/4887 1445/2087/4888 1449/2092/4889 1428/2088/4890
f 1426/2110/4891 1451/2083/4892 1450/2091/4893 1431/2111/4894
f 1421/2112/4895 1452/2082/4896 1451/2083/4897 1426/2110/4898
f 1441/2124/4899 1453/2123/4900 1452/2082/4901 1421/2112/4902
f 1436/2108/4903 1454/2097/4904 1453/2103/4905 1441/2106/4906
f 1431/2111/4907 1450/2091/4908 1454/2097/4909 1436/2108/4910
g default
v -2.137054 2.847125 7.928695
v -1.691946 2.847125 7.928695
v -2.137054 3.477072 7.928695
v -1.691946 3.477072 7.928695
v -2.137054 3.477072 7.922605
v -1.691946 3.477072 7.922605
v -2.137054 2.847125 7.922605
v -1.691946 2.847125 7.922605
vt 0.996722 0.838046
vt 0.977422 0.838309
vt 0.977422 0.838048
vt 0.996461 0.838046
vt 0.977419 0.811104
vt 0.996458 0.811102
vt 0.977159 0.811104
vt 0.996719 0.811102
vt 0.977162 0.838048
vt 0.996461 0.838307
vn 0.000000 1.000000 0.000000
vn 0.000000 1.000000 0.000000
vn 0.000000 1.000000 0.000000
vn 0.000000 1.000000 0.000000
vn 0.000000 0.000000 -1.000000
vn 0.000000 0.000000 -1.000000
vn 0.000000 0.000000 -1.000000
vn 0.000000 0.000000 -1.000000
vn 1.000000 0.000000 0.000000
vn 1.000000 0.000000 0.000000
vn 1.000000 0.000000 0.000000
vn 1.000000 0.000000 0.000000
vn -1.000000 0.000000 0.000000
vn -1.000000 0.000000 0.000000
vn -1.000000 0.000000 0.000000
vn -1.000000 0.000000 0.000000
s off
g Adicionales group16 pCube80 Cuadro Cuadros
usemtl pCylinder30SG
f 1457/2139/4911 1458/2131/4912 1460/2132/4913 1459/2133/4914
f 1459/2133/4915 1460/2132/4916 1462/2134/4917 1461/2135/4918
f 1456/2136/4919 1462/2134/4920 1460/2132/4921 1458/2138/4922
f 1461/2135/4923 1455/2137/4924 1457/2130/4925 1459/2133/4926
g default
v -2.093639 3.436000 7.915017
v -1.735361 3.436000 7.915017
v -2.093639 2.888197 7.915017
v -1.735361 2.888197 7.915017
vt 0.409341 0.871061
vt 0.394016 0.871061
vt 0.394016 0.847630
vt 0.409340 0.847630
vn 0.000000 0.000000 -1.000000
vn 0.000000 0.000000 -1.000000
vn 0.000000 0.000000 -1.000000
vn 0.000000 0.000000 -1.000000
s off
g Adicionales group16 Cuadro Cuadros pCube81
usemtl pCylinder30SG
f 1463/2140/4927 1464/2141/4928 1466/2142/4929 1465/2143/4930
g default
v -3.295860 2.847125 7.928695
v -2.850751 2.847125 7.928695
v -3.295860 3.477072 7.928695
v -2.850751 3.477072 7.928695
v -3.295860 3.477072 7.922605
v -2.850751 3.477072 7.922605
v -3.295860 2.847125 7.922605
v -2.850751 2.847125 7.922605
vt 0.996722 0.838046
vt 0.977422 0.838309
vt 0.977422 0.838048
vt 0.996461 0.838046
vt 0.977419 0.811104
vt 0.996458 0.811102
vt 0.977159 0.811103
vt 0.996718 0.811101
vt 0.977162 0.838048
vt 0.996461 0.838307
vn 0.000000 1.000000 0.000000
vn 0.000000 1.000000 0.000000
vn 0.000000 1.000000 0.000000
vn 0.000000 1.000000 0.000000
vn 0.000000 0.000000 -1.000000
vn 0.000000 0.000000 -1.000000
vn 0.000000 0.000000 -1.000000
vn 0.000000 0.000000 -1.000000
vn 1.000000 0.000000 0.000000
vn 1.000000 0.000000 0.000000
vn 1.000000 0.000000 0.000000
vn 1.000000 0.000000 0.000000
vn -1.000000 0.000000 0.000000
vn -1.000000 0.000000 0.000000
vn -1.000000 0.000000 0.000000
vn -1.000000 0.000000 0.000000
s off
g Adicionales group16 Cuadros pCube80 Cuadro2
usemtl pCylinder30SG
f 1469/2153/4931 1470/2145/4932 1472/2146/4933 1471/2147/4934
f 1471/2147/4935 1472/2146/4936 1474/2148/4937 1473/2149/4938
f 1468/2150/4939 1474/2148/4940 1472/2146/4941 1470/2152/4942
f 1473/2149/4943 1467/2151/4944 1469/2144/4945 1471/2147/4946
g default
v -3.252445 3.436000 7.915017
v -2.894167 3.436000 7.915017
v -3.252445 2.888197 7.915017
v -2.894167 2.888197 7.915017
vt 0.456623 0.762365
vt 0.441298 0.762366
vt 0.441298 0.738935
vt 0.456622 0.738935
vn 0.000000 0.000000 -1.000000
vn 0.000000 0.000000 -1.000000
vn 0.000000 0.000000 -1.000000
vn 0.000000 0.000000 -1.000000
s off
g Adicionales group16 Cuadros Cuadro2 pCube81
usemtl pCylinder30SG
f 1475/2154/4947 1476/2155/4948 1478/2156/4949 1477/2157/4950
g default
v -4.520021 2.847125 7.928695
v -4.074913 2.847125 7.928695
v -4.520021 3.477072 7.928695
v -4.074913 3.477072 7.928695
v -4.520021 3.477072 7.922605
v -4.074913 3.477072 7.922605
v -4.520021 2.847125 7.922605
v -4.074913 2.847125 7.922605
vt 0.996722 0.838047
vt 0.977423 0.838309
vt 0.977422 0.838049
vt 0.996461 0.838047
vt 0.977419 0.811104
vt 0.996458 0.811102
vt 0.977159 0.811104
vt 0.996718 0.811101
vt 0.977162 0.838049
vt 0.996461 0.838307
vn 0.000000 1.000000 0.000000
vn 0.000000 1.000000 0.000000
vn 0.000000 1.000000 0.000000
vn 0.000000 1.000000 0.000000
vn 0.000000 0.000000 -1.000000
vn 0.000000 0.000000 -1.000000
vn 0.000000 0.000000 -1.000000
vn 0.000000 0.000000 -1.000000
vn 1.000000 0.000000 0.000000
vn 1.000000 0.000000 0.000000
vn 1.000000 0.000000 0.000000
vn 1.000000 0.000000 0.000000
vn -1.000000 0.000000 0.000000
vn -1.000000 0.000000 0.000000
vn -1.000000 0.000000 0.000000
vn -1.000000 0.000000 0.000000
s off
g Adicionales group16 Cuadros pCube80 Cuadro3
usemtl pCylinder30SG
f 1481/2167/4951 1482/2159/4952 1484/2160/4953 1483/2161/4954
f 1483/2161/4955 1484/2160/4956 1486/2162/4957 1485/2163/4958
f 1480/2164/4959 1486/2162/4960 1484/2160/4961 1482/2166/4962
f 1485/2163/4963 1479/2165/4964 1481/2158/4965 1483/2161/4966
g default
v -4.476607 3.436000 7.915017
v -4.118328 3.436000 7.915017
v -4.476607 2.888197 7.915017
v -4.118328 2.888197 7.915017
vt 0.456623 0.785797
vt 0.441298 0.785797
vt 0.441298 0.762366
vt 0.456622 0.762366
vn 0.000000 0.000000 -1.000000
vn 0.000000 0.000000 -1.000000
vn 0.000000 0.000000 -1.000000
vn 0.000000 0.000000 -1.000000
s off
g Adicionales group16 Cuadros Cuadro3 pCube81
usemtl pCylinder30SG
f 1487/2168/4967 1488/2169/4968 1490/2170/4969 1489/2171/4970
g default
v 8.423045 2.559635 7.240933
v 8.420864 2.352301 6.901507
v 8.390490 2.557469 7.243918
v 8.344484 2.347220 6.908510
v 8.460257 2.482222 7.034570
v 8.327030 2.473360 7.046784
v 8.357267 2.521248 7.138647
v 8.441127 2.526826 7.130959
v 8.321416 2.411885 6.976031
v 8.460994 2.421170 6.963234
v 8.408685 2.551034 7.247831
v 8.402548 2.516615 7.140077
v 8.398373 2.470460 7.045825
v 8.396113 2.409208 6.974765
v 8.386853 2.342393 6.910207
vt 0.793429 0.383290
vt 0.793614 0.374048
vt 0.799847 0.374229
vt 0.797390 0.383214
vt 0.793876 0.365814
vt 0.794822 0.357707
vt 0.798524 0.357964
vt 0.800397 0.366114
vt 0.793239 0.393185
vt 0.794936 0.392978
vt 0.791696 0.392879
vt 0.789883 0.382969
vt 0.788031 0.373833
vt 0.788031 0.365699
vt 0.791651 0.357724
vn -0.097858 0.908155 -0.407035
vn -0.106660 0.821751 -0.559776
vn 0.036197 0.816833 -0.575737
vn 0.097545 0.899641 -0.425595
vn -0.114144 0.738225 -0.664827
vn -0.101465 0.719068 -0.687493
vn 0.048129 0.710400 -0.702150
vn 0.030549 0.737981 -0.674129
vn -0.088976 0.939131 -0.331837
vn 0.189241 0.921045 -0.340388
vn -0.397248 0.870494 -0.290575
vn -0.312123 0.865786 -0.391143
vn -0.262972 0.793563 -0.548728
vn -0.264685 0.725177 -0.635657
vn -0.288447 0.706488 -0.646276
s 1
g Adicionales group16 pPlane4 Maceta
usemtl pCylinder30SG
f 1502/2172/4971 1503/2173/4972 1496/2174/4973 1497/2175/4974
f 1504/2176/4975 1505/2177/4976 1494/2178/4977 1499/2179/4978
f 1501/2180/4979 1502/2172/4971 1497/2175/4974 1493/2181/4980
f 1503/2173/4972 1504/2176/4975 1499/2179/4978 1496/2174/4973
f 1491/2182/4981 1498/2183/4982 1502/2172/4971 1501/2180/4979
f 1498/2183/4982 1495/2184/4983 1503/2173/4972 1502/2172/4971
f 1495/2184/4983 1500/2185/4984 1504/2176/4975 1503/2173/4972
f 1500/2185/4984 1492/2186/4985 1505/2177/4976 1504/2176/4975
g default
v 8.431675 3.310196 7.328929
v 8.428751 3.032280 6.873953
v 8.388037 3.307293 7.332931
v 8.326370 3.025469 6.883340
v 8.481555 3.206430 7.052314
v 8.302973 3.194551 7.068686
v 8.343505 3.258741 7.191822
v 8.455911 3.266218 7.181517
v 8.295448 3.112148 6.973846
v 8.482544 3.124593 6.956693
v 8.412427 3.298668 7.338177
v 8.404200 3.252531 7.193739
v 8.398605 3.190664 7.067401
v 8.395576 3.108560 6.972149
v 8.383162 3.018999 6.885615
vt 0.793431 0.383290
vt 0.793615 0.374048
vt 0.799847 0.374229
vt 0.797392 0.383214
vt 0.793876 0.365813
vt 0.794822 0.357706
vt 0.798523 0.357964
vt 0.800396 0.366114
vt 0.793241 0.393185
vt 0.794941 0.392978
vt 0.791699 0.392880
vt 0.789884 0.382970
vt 0.788032 0.373835
vt 0.788032 0.365700
vt 0.791650 0.357724
vn -0.097856 0.908155 -0.407036
vn -0.106662 0.821750 -0.559777
vn 0.036195 0.816833 -0.575737
vn 0.097549 0.899639 -0.425598
vn -0.114147 0.738226 -0.664825
vn -0.101468 0.719070 -0.687490
vn 0.048118 0.710396 -0.702155
vn 0.030541 0.737981 -0.674130
vn -0.088970 0.939131 -0.331841
vn 0.189247 0.921042 -0.340393
vn -0.397252 0.870492 -0.290575
vn -0.312129 0.865785 -0.391141
vn -0.262976 0.793562 -0.548728
vn -0.264684 0.725180 -0.635654
vn -0.288448 0.706500 -0.646263
s 1
g Adicionales group16 Maceta pPlane3
usemtl pCylinder30SG
f 1517/2187/4986 1518/2188/4987 1511/2189/4988 1512/2190/4989
f 1519/2191/4990 1520/2192/4991 1509/2193/4992 1514/2194/4993
f 1516/2195/4994 1517/2187/4986 1512/2190/4989 1508/2196/4995
f 1518/2188/4987 1519/2191/4990 1514/2194/4993 1511/2189/4988
f 1506/2197/4996 1513/2198/4997 1517/2187/4986 1516/2195/4994
f 1513/2198/4997 1510/2199/4998 1518/2188/4987 1517/2187/4986
f 1510/2199/4998 1515/2200/4999 1519/2191/4990 1518/2188/4987
f 1515/2200/4999 1507/2201/5000 1520/2192/4991 1519/2191/4990
g default
v 8.449370 3.993675 7.630073
v 8.444924 3.571033 6.938166
v 8.383009 3.989261 7.636156
v 8.289226 3.560675 6.952441
v 8.525226 3.835872 7.209409
v 8.253647 3.817806 7.234307
v 8.315286 3.915425 7.421566
v 8.486227 3.926796 7.405893
v 8.242203 3.692492 7.090079
v 8.526730 3.711419 7.063993
v 8.420097 3.976144 7.644135
v 8.407588 3.905981 7.424481
v 8.399080 3.811896 7.232352
v 8.394473 3.687037 7.087497
v 8.375595 3.550836 6.955900
vt 0.793435 0.383291
vt 0.793616 0.374047
vt 0.799849 0.374227
vt 0.797395 0.383213
vt 0.793876 0.365814
vt 0.794820 0.357707
vt 0.798522 0.357962
vt 0.800397 0.366113
vt 0.793247 0.393184
vt 0.794945 0.392977
vt 0.791704 0.392880
vt 0.789889 0.382971
vt 0.788033 0.373835
vt 0.788031 0.365700
vt 0.791649 0.357725
vn -0.097854 0.908154 -0.407040
vn -0.106661 0.821751 -0.559776
vn 0.036201 0.816833 -0.575738
vn 0.097555 0.899637 -0.425602
vn -0.114144 0.738228 -0.664823
vn -0.101465 0.719069 -0.687492
vn 0.048115 0.710401 -0.702151
vn 0.030544 0.737984 -0.674127
vn -0.088970 0.939131 -0.331840
vn 0.189259 0.921039 -0.340395
vn -0.397240 0.870498 -0.290574
vn -0.312127 0.865784 -0.391146
vn -0.262977 0.793563 -0.548727
vn -0.264683 0.725181 -0.635653
vn -0.288441 0.706493 -0.646273
s 1
g Adicionales group16 Maceta pPlane2
usemtl pCylinder30SG
f 1532/2202/5001 1533/2203/5002 1526/2204/5003 1527/2205/5004
f 1534/2206/5005 1535/2207/5006 1524/2208/5007 1529/2209/5008
f 1531/2210/5009 1532/2202/5001 1527/2205/5004 1523/2211/5010
f 1533/2203/5002 1534/2206/5005 1529/2209/5008 1526/2204/5003
f 1521/2212/5011 1528/2213/5012 1532/2202/5001 1531/2210/5009
f 1528/2213/5012 1525/2214/5013 1533/2203/5002 1532/2202/5001
f 1525/2214/5013 1530/2215/5014 1534/2206/5005 1533/2203/5002
f 1530/2215/5014 1522/2216/5015 1535/2207/5006 1534/2206/5005
g default
v 8.355903 1.321619 6.920863
v 8.358153 1.319460 6.909588
v 8.349345 1.317629 6.902112
v 8.338285 1.317959 6.905910
v 8.336035 1.320118 6.917184
v 8.344843 1.321948 6.924661
v 8.344917 1.589811 6.883448
v 8.347119 1.588842 6.872001
v 8.338279 1.587760 6.864416
v 8.327239 1.587647 6.868278
v 8.325036 1.588616 6.879725
v 8.333876 1.589698 6.887311
v 8.325479 2.055648 6.827674
v 8.327721 2.053729 6.816354
v 8.318905 2.052049 6.808849
v 8.307851 2.052289 6.812664
v 8.305610 2.054209 6.823984
v 8.314424 2.055889 6.831488
v 8.307221 2.518236 6.745237
v 8.309503 2.515209 6.734171
v 8.300714 2.512833 6.726825
v 8.289644 2.513485 6.730545
v 8.287361 2.516512 6.741612
v 8.296149 2.518888 6.748957
v 8.296128 2.858954 6.623318
v 8.298462 2.854365 6.612814
v 8.289705 2.851008 6.605822
v 8.278615 2.852241 6.609333
v 8.276282 2.856830 6.619837
v 8.285039 2.860187 6.626830
v 8.291699 3.179290 6.352934
v 8.294071 3.168651 6.348689
v 8.285340 3.161495 6.345628
v 8.274235 3.164976 6.346813
v 8.271862 3.175615 6.351058
v 8.280594 3.182772 6.354119
vt 0.364030 0.892760
vt 0.364030 0.893238
vt 0.352284 0.893238
vt 0.352284 0.892760
vt 0.364030 0.893733
vt 0.352284 0.890781
vt 0.364030 0.891284
vt 0.352284 0.891284
vt 0.364030 0.891761
vt 0.352284 0.891761
vt 0.364030 0.892258
vt 0.352284 0.892258
vt 0.332016 0.893238
vt 0.332016 0.892760
vt 0.332016 0.890781
vt 0.332016 0.891284
vt 0.332016 0.891761
vt 0.332016 0.892258
vt 0.311744 0.893238
vt 0.311744 0.892760
vt 0.311744 0.890781
vt 0.311744 0.891284
vt 0.311744 0.891761
vt 0.311744 0.892258
vt 0.296199 0.893238
vt 0.296199 0.892760
vt 0.296199 0.890781
vt 0.296199 0.891284
vt 0.296199 0.891761
vt 0.296199 0.892258
vt 0.278438 0.893238
vt 0.278438 0.892760
vt 0.278438 0.890781
vt 0.278438 0.891284
vt 0.278438 0.891761
vt 0.278438 0.892258
vt 0.296199 0.893733
vt 0.278438 0.893733
vt 0.311744 0.893733
vt 0.332016 0.893733
vt 0.352284 0.893733
vt 0.364030 0.890781
vn 0.980886 0.065727 0.183146
vn 0.980886 0.065727 0.183146
vn 0.980966 0.063904 0.183361
vn 0.980964 0.063964 0.183354
vn 0.654625 -0.078106 -0.751908
vn 0.187056 -0.128239 -0.973943
vn 0.189448 -0.115852 -0.975032
vn 0.654312 -0.068613 -0.753105
vn 0.187056 -0.128239 -0.973943
vn -0.325397 -0.143737 -0.934589
vn -0.325946 -0.132437 -0.936066
vn 0.189448 -0.115852 -0.975032
vn -0.980891 -0.065723 -0.183120
vn -0.980891 -0.065723 -0.183120
vn -0.980966 -0.063965 -0.183342
vn -0.980968 -0.063905 -0.183350
vn -0.654643 0.078061 0.751897
vn -0.192715 0.127816 0.972895
vn -0.189498 0.116021 0.975002
vn -0.654346 0.068380 0.753097
vn -0.192715 0.127816 0.972895
vn 0.325390 0.143703 0.934597
vn 0.325946 0.132274 0.936089
vn -0.189498 0.116021 0.975002
vn 0.980964 0.063964 0.183354
vn 0.980966 0.063904 0.183361
vn 0.980836 0.066971 0.182965
vn 0.980829 0.067116 0.182947
vn 0.654312 -0.068613 -0.753105
vn 0.189448 -0.115852 -0.975032
vn 0.191683 -0.136538 -0.971913
vn 0.654900 -0.085354 -0.750880
vn 0.189448 -0.115852 -0.975032
vn -0.325946 -0.132437 -0.936066
vn -0.325048 -0.152202 -0.933369
vn 0.191683 -0.136538 -0.971913
vn -0.980968 -0.063905 -0.183350
vn -0.980966 -0.063965 -0.183342
vn -0.980830 -0.067124 -0.182941
vn -0.980836 -0.066978 -0.182960
vn -0.654346 0.068380 0.753097
vn -0.189498 0.116021 0.975002
vn -0.188934 0.137335 0.972339
vn -0.654963 0.084943 0.750872
vn -0.189498 0.116021 0.975002
vn 0.325946 0.132274 0.936089
vn 0.325046 0.151989 0.933405
vn -0.188934 0.137335 0.972339
vn 0.980829 0.067116 0.182947
vn 0.980836 0.066971 0.182965
vn 0.980340 0.081425 0.179732
vn 0.980333 0.081630 0.179678
vn 0.654900 -0.085354 -0.750880
vn 0.191683 -0.136538 -0.971913
vn 0.198354 -0.234286 -0.951717
vn 0.658733 -0.162990 -0.734510
vn 0.191683 -0.136538 -0.971913
vn -0.325048 -0.152202 -0.933369
vn -0.322187 -0.244473 -0.914565
vn 0.198354 -0.234286 -0.951717
vn -0.980836 -0.066978 -0.182960
vn -0.980830 -0.067124 -0.182941
vn -0.980337 -0.081608 -0.179663
vn -0.980344 -0.081404 -0.179717
vn -0.654963 0.084943 0.750872
vn -0.188934 0.137335 0.972339
vn -0.190316 0.235856 0.952970
vn -0.658790 0.162453 0.734578
vn -0.188934 0.137335 0.972339
vn 0.325046 0.151989 0.933405
vn 0.322192 0.244212 0.914632
vn -0.190316 0.235856 0.952970
vn 0.980333 0.081630 0.179678
vn 0.980340 0.081425 0.179732
vn 0.978192 0.123631 0.166898
vn 0.978434 0.120122 0.168038
vn 0.658733 -0.162990 -0.734510
vn 0.198354 -0.234286 -0.951717
vn 0.206150 -0.497236 -0.842768
vn 0.654913 -0.366447 -0.660913
vn 0.198354 -0.234286 -0.951717
vn -0.322187 -0.244473 -0.914565
vn -0.305866 -0.484579 -0.819530
vn 0.206150 -0.497236 -0.842768
vn -0.980344 -0.081404 -0.179717
vn -0.980337 -0.081608 -0.179663
vn -0.978439 -0.120028 -0.168076
vn -0.978197 -0.123528 -0.166946
vn -0.658790 0.162453 0.734578
vn -0.190316 0.235856 0.952970
vn -0.189308 0.492876 0.849256
vn -0.654007 0.379478 0.654425
vn -0.190316 0.235856 0.952970
vn 0.322192 0.244212 0.914632
vn 0.304992 0.495063 0.813568
vn -0.189308 0.492876 0.849256
vn 0.978434 0.120122 0.168038
vn 0.978192 0.123631 0.166898
vn 0.976186 0.147517 0.159061
vn 0.976186 0.147517 0.159061
vn 0.654913 -0.366447 -0.660913
vn 0.206150 -0.497236 -0.842768
vn 0.212055 -0.626359 -0.750138
vn 0.636809 -0.490385 -0.594976
vn 0.206150 -0.497236 -0.842768
vn -0.305866 -0.484579 -0.819530
vn -0.286209 -0.618092 -0.732152
vn 0.212055 -0.626359 -0.750138
vn -0.978197 -0.123528 -0.166946
vn -0.978439 -0.120028 -0.168076
vn -0.976178 -0.147487 -0.159136
vn -0.976178 -0.147487 -0.159136
vn -0.654007 0.379478 0.654425
vn -0.189308 0.492876 0.849256
vn -0.169031 0.634593 0.754136
vn -0.637001 0.492116 0.593340
vn -0.189308 0.492876 0.849256
vn 0.304992 0.495063 0.813568
vn 0.286300 0.620645 0.729954
vn -0.169031 0.634593 0.754136
s off
g Adicionales group16 Maceta sweep2
usemtl pCylinder30SG
f 1536/2217/5016 1537/2218/5017 1543/2219/5018 1542/2220/5019
f 1537/2218/5020 1538/2221/5021 1544/2257/5022 1543/2219/5023
f 1538/2258/5024 1539/2223/5025 1545/2224/5026 1544/2222/5027
f 1539/2223/5028 1540/2225/5029 1546/2226/5030 1545/2224/5031
f 1540/2225/5032 1541/2227/5033 1547/2228/5034 1546/2226/5035
f 1541/2227/5036 1536/2217/5037 1542/2220/5038 1547/2228/5039
f 1542/2220/5040 1543/2219/5041 1549/2229/5042 1548/2230/5043
f 1543/2219/5044 1544/2257/5045 1550/2256/5046 1549/2229/5047
f 1544/2222/5048 1545/2224/5049 1551/2232/5050 1550/2231/5051
f 1545/2224/5052 1546/2226/5053 1552/2233/5054 1551/2232/5055
f 1546/2226/5056 1547/2228/5057 1553/2234/5058 1552/2233/5059
f 1547/2228/5060 1542/2220/5061 1548/2230/5062 1553/2234/5063
f 1548/2230/5064 1549/2229/5065 1555/2235/5066 1554/2236/5067
f 1549/2229/5068 1550/2256/5069 1556/2255/5070 1555/2235/5071
f 1550/2231/5072 1551/2232/5073 1557/2238/5074 1556/2237/5075
f 1551/2232/5076 1552/2233/5077 1558/2239/5078 1557/2238/5079
f 1552/2233/5080 1553/2234/5081 1559/2240/5082 1558/2239/5083
f 1553/2234/5084 1548/2230/5085 1554/2236/5086 1559/2240/5087
f 1554/2236/5088 1555/2235/5089 1561/2241/5090 1560/2242/5091
f 1555/2235/5092 1556/2255/5093 1562/2253/5094 1561/2241/5095
f 1556/2237/5096 1557/2238/5097 1563/2244/5098 1562/2243/5099
f 1557/2238/5100 1558/2239/5101 1564/2245/5102 1563/2244/5103
f 1558/2239/5104 1559/2240/5105 1565/2246/5106 1564/2245/5107
f 1559/2240/5108 1554/2236/5109 1560/2242/5110 1565/2246/5111
f 1560/2242/5112 1561/2241/5113 1567/2247/5114 1566/2248/5115
f 1561/2241/5116 1562/2253/5117 1568/2254/5118 1567/2247/5119
f 1562/2243/5120 1563/2244/5121 1569/2250/5122 1568/2249/5123
f 1563/2244/5124 1564/2245/5125 1570/2251/5126 1569/2250/5127
f 1564/2245/5128 1565/2246/5129 1571/2252/5130 1570/2251/5131
f 1565/2246/5132 1560/2242/5133 1566/2248/5134 1571/2252/5135
g default
v 8.344325 1.262825 6.951428
v 8.341689 1.262788 6.969235
v 8.355791 1.262714 6.980420
v 8.372530 1.262677 6.973800
v 8.375166 1.262714 6.955994
v 8.361064 1.262788 6.944808
v 8.345664 1.679200 6.928284
v 8.343033 1.681013 6.945998
v 8.357140 1.682102 6.957126
v 8.373875 1.681377 6.950540
v 8.376505 1.679564 6.932826
v 8.362400 1.678475 6.921698
v 8.347980 2.399711 6.874159
v 8.345345 2.400049 6.891962
v 8.359449 2.400212 6.903146
v 8.376186 2.400035 6.896527
v 8.378821 2.399696 6.878724
v 8.364719 2.399534 6.867540
v 8.350306 3.123159 6.861300
v 8.347665 3.121748 6.879049
v 8.361765 3.120812 6.890199
v 8.378505 3.121285 6.883600
v 8.381145 3.122695 6.865851
v 8.367045 3.123632 6.854700
v 8.352076 3.674028 6.944331
v 8.349429 3.670092 6.961694
v 8.363522 3.667568 6.972602
v 8.380265 3.668981 6.966147
v 8.382914 3.672918 6.948783
v 8.368819 3.675441 6.937875
v 8.353888 4.237794 7.257822
v 8.351205 4.222872 7.267524
v 8.365277 4.213448 7.273619
v 8.382034 4.218944 7.270012
v 8.384717 4.233867 7.260310
v 8.370646 4.243292 7.254215
vt 0.364030 0.892761
vt 0.364030 0.893238
vt 0.352283 0.893238
vt 0.352283 0.892761
vt 0.364029 0.893734
vt 0.352283 0.890780
vt 0.364030 0.891283
vt 0.352283 0.891283
vt 0.364029 0.891760
vt 0.352283 0.891760
vt 0.364029 0.892259
vt 0.352283 0.892259
vt 0.332016 0.893238
vt 0.332016 0.892761
vt 0.332016 0.890781
vt 0.332016 0.891283
vt 0.332016 0.891760
vt 0.332016 0.892259
vt 0.311744 0.893238
vt 0.311744 0.892761
vt 0.311744 0.890781
vt 0.311744 0.891283
vt 0.311744 0.891760
vt 0.311744 0.892259
vt 0.296200 0.893238
vt 0.296200 0.892761
vt 0.296200 0.890781
vt 0.296200 0.891283
vt 0.296200 0.891760
vt 0.296200 0.892259
vt 0.278438 0.893238
vt 0.278438 0.892761
vt 0.278438 0.890781
vt 0.278438 0.891283
vt 0.278438 0.891760
vt 0.278438 0.892259
vt 0.278438 0.893734
vt 0.296200 0.893734
vt 0.311744 0.893733
vt 0.332016 0.893733
vt 0.352283 0.893734
vt 0.364029 0.890781
vn -0.989209 -0.004960 -0.146430
vn -0.989209 -0.004960 -0.146430
vn -0.989220 -0.006790 -0.146276
vn -0.989220 -0.006730 -0.146281
vn -0.620768 0.045476 0.782675
vn -0.143181 0.055351 0.988147
vn -0.146071 0.067622 0.986960
vn -0.620855 0.055021 0.781992
vn -0.143181 0.055351 0.988147
vn 0.367522 0.050401 0.928648
vn 0.367635 0.061785 0.927916
vn -0.146071 0.067622 0.986960
vn 0.989214 0.004961 0.146395
vn 0.989214 0.004961 0.146395
vn 0.989227 0.006729 0.146232
vn 0.989228 0.006789 0.146227
vn 0.620759 -0.045502 -0.782680
vn 0.148844 -0.055362 -0.987310
vn 0.146079 -0.067452 -0.986971
vn 0.620862 -0.055245 -0.781971
vn 0.148844 -0.055362 -0.987310
vn -0.367508 -0.050444 -0.928651
vn -0.367642 -0.061959 -0.927901
vn 0.146079 -0.067452 -0.986971
vn -0.989220 -0.006730 -0.146281
vn -0.989220 -0.006790 -0.146276
vn -0.989207 -0.003693 -0.146477
vn -0.989206 -0.003546 -0.146487
vn -0.620855 0.055021 0.781992
vn -0.146071 0.067622 0.986960
vn -0.147514 0.046654 0.987959
vn -0.620823 0.038150 0.783022
vn -0.146071 0.067622 0.986960
vn 0.367635 0.061785 0.927916
vn 0.367504 0.041849 0.929080
vn -0.147514 0.046654 0.987959
vn 0.989228 0.006789 0.146227
vn 0.989227 0.006729 0.146232
vn 0.989212 0.003548 0.146446
vn 0.989213 0.003695 0.146435
vn 0.620862 -0.055245 -0.781971
vn 0.146079 -0.067452 -0.986971
vn 0.144705 -0.046062 -0.988402
vn 0.620857 -0.038558 -0.782975
vn 0.146079 -0.067452 -0.986971
vn -0.367642 -0.061959 -0.927901
vn -0.367527 -0.042077 -0.929060
vn 0.144705 -0.046062 -0.988402
vn -0.989206 -0.003546 -0.146487
vn -0.989207 -0.003693 -0.146477
vn -0.989210 0.011110 -0.146085
vn -0.989209 0.011321 -0.146071
vn -0.620823 0.038150 0.783022
vn -0.147514 0.046654 0.987959
vn -0.150734 -0.053313 0.987136
vn -0.621953 -0.041261 0.781967
vn -0.147514 0.046654 0.987959
vn 0.367504 0.041849 0.929080
vn 0.367948 -0.052343 0.928372
vn -0.150734 -0.053313 0.987136
vn 0.989213 0.003695 0.146435
vn 0.989212 0.003548 0.146446
vn 0.989209 -0.011319 0.146074
vn 0.989209 -0.011108 0.146087
vn 0.620857 -0.038558 -0.782975
vn 0.144705 -0.046062 -0.988402
vn 0.142580 0.054340 -0.988290
vn 0.621943 0.040731 -0.782003
vn 0.144705 -0.046062 -0.988402
vn -0.367527 -0.042077 -0.929060
vn -0.367947 0.052089 -0.928387
vn 0.142580 0.054340 -0.988290
vn -0.989209 0.011321 -0.146071
vn -0.989210 0.011110 -0.146085
vn -0.988384 0.055029 -0.141663
vn -0.988519 0.051359 -0.142098
vn -0.621953 -0.041261 0.781967
vn -0.150734 -0.053313 0.987136
vn -0.151466 -0.332433 0.930885
vn -0.612260 -0.254785 0.748480
vn -0.150734 -0.053313 0.987136
vn 0.367948 -0.052343 0.928372
vn 0.358316 -0.306688 0.881789
vn -0.151466 -0.332433 0.930885
vn 0.989209 -0.011108 0.146087
vn 0.989209 -0.011319 0.146074
vn 0.988512 -0.051298 0.142167
vn 0.988378 -0.054957 0.141737
vn 0.621943 0.040731 -0.782003
vn 0.142580 0.054340 -0.988290
vn 0.134546 0.326332 -0.935631
vn 0.610933 0.268845 -0.744636
vn 0.142580 0.054340 -0.988290
vn -0.367947 0.052089 -0.928387
vn -0.357615 0.318134 -0.878011
vn 0.134546 0.326332 -0.935631
vn -0.988519 0.051359 -0.142098
vn -0.988384 0.055029 -0.141663
vn -0.987102 0.080039 -0.138646
vn -0.987102 0.080039 -0.138646
vn -0.612260 -0.254785 0.748480
vn -0.151466 -0.332433 0.930885
vn -0.155433 -0.477106 0.864991
vn -0.591418 -0.388380 0.706672
vn -0.151466 -0.332433 0.930885
vn 0.358316 -0.306688 0.881789
vn 0.341007 -0.455157 0.822524
vn -0.155433 -0.477106 0.864991
vn 0.988378 -0.054957 0.141737
vn 0.988512 -0.051298 0.142167
vn 0.987091 -0.080016 0.138738
vn 0.987091 -0.080016 0.138738
vn 0.610933 0.268845 -0.744636
vn 0.134546 0.326332 -0.935631
vn 0.111916 0.482912 -0.868488
vn 0.591500 0.390492 -0.705439
vn 0.134546 0.326332 -0.935631
vn -0.357615 0.318134 -0.878011
vn -0.341088 0.458021 -0.820899
vn 0.111916 0.482912 -0.868488
s off
g Adicionales group16 Maceta sweep1
usemtl pCylinder30SG
f 1572/2259/5136 1573/2260/5137 1579/2261/5138 1578/2262/5139
f 1573/2260/5140 1574/2263/5141 1580/2299/5142 1579/2261/5143
f 1574/2300/5144 1575/2265/5145 1581/2266/5146 1580/2264/5147
f 1575/2265/5148 1576/2267/5149 1582/2268/5150 1581/2266/5151
f 1576/2267/5152 1577/2269/5153 1583/2270/5154 1582/2268/5155
f 1577/2269/5156 1572/2259/5157 1578/2262/5158 1583/2270/5159
f 1578/2262/5160 1579/2261/5161 1585/2271/5162 1584/2272/5163
f 1579/2261/5164 1580/2299/5165 1586/2298/5166 1585/2271/5167
f 1580/2264/5168 1581/2266/5169 1587/2274/5170 1586/2273/5171
f 1581/2266/5172 1582/2268/5173 1588/2275/5174 1587/2274/5175
f 1582/2268/5176 1583/2270/5177 1589/2276/5178 1588/2275/5179
f 1583/2270/5180 1578/2262/5181 1584/2272/5182 1589/2276/5183
f 1584/2272/5184 1585/2271/5185 1591/2277/5186 1590/2278/5187
f 1585/2271/5188 1586/2298/5189 1592/2297/5190 1591/2277/5191
f 1586/2273/5192 1587/2274/5193 1593/2280/5194 1592/2279/5195
f 1587/2274/5196 1588/2275/5197 1594/2281/5198 1593/2280/5199
f 1588/2275/5200 1589/2276/5201 1595/2282/5202 1594/2281/5203
f 1589/2276/5204 1584/2272/5205 1590/2278/5206 1595/2282/5207
f 1590/2278/5208 1591/2277/5209 1597/2283/5210 1596/2284/5211
f 1591/2277/5212 1592/2297/5213 1598/2296/5214 1597/2283/5215
f 1592/2279/5216 1593/2280/5217 1599/2286/5218 1598/2285/5219
f 1593/2280/5220 1594/2281/5221 1600/2287/5222 1599/2286/5223
f 1594/2281/5224 1595/2282/5225 1601/2288/5226 1600/2287/5227
f 1595/2282/5228 1590/2278/5229 1596/2284/5230 1601/2288/5231
f 1596/2284/5232 1597/2283/5233 1603/2289/5234 1602/2290/5235
f 1597/2283/5236 1598/2296/5237 1604/2295/5238 1603/2289/5239
f 1598/2285/5240 1599/2286/5241 1605/2292/5242 1604/2291/5243
f 1599/2286/5244 1600/2287/5245 1606/2293/5246 1605/2292/5247
f 1600/2287/5248 1601/2288/5249 1607/2294/5250 1606/2293/5251
f 1601/2288/5252 1596/2284/5253 1602/2290/5254 1607/2294/5255
g default
v 8.679133 0.137678 6.729544
v 8.534379 0.137678 6.584790
v 8.336641 0.137678 6.531807
v 8.138905 0.137678 6.584790
v 7.994149 0.137678 6.729544
v 7.941165 0.137678 6.927283
v 7.994149 0.137678 7.125021
v 8.138905 0.137678 7.269776
v 8.336641 0.137678 7.322759
v 8.534379 0.137678 7.269776
v 8.679133 0.137678 7.125021
v 8.732119 0.137678 6.927283
v 8.797031 1.378429 6.661477
v 8.602449 1.378429 6.466893
v 8.336641 1.378429 6.395671
v 8.070835 1.378429 6.466893
v 7.876252 1.378429 6.661477
v 7.805029 1.378429 6.927283
v 7.876252 1.378429 7.193089
v 8.070835 1.378429 7.387673
v 8.336641 1.378429 7.458895
v 8.602449 1.378429 7.387673
v 8.797031 1.378429 7.193089
v 8.868253 1.378429 6.927283
v 8.746814 1.378429 6.690471
v 8.573454 1.378429 6.517112
v 8.336641 1.378429 6.453659
v 8.099832 1.378429 6.517112
v 7.926472 1.378429 6.690471
v 7.863018 1.378429 6.927283
v 7.926472 1.378429 7.164095
v 8.099832 1.378429 7.337453
v 8.336641 1.378429 7.400907
v 8.573454 1.378429 7.337453
v 8.746814 1.378429 7.164095
v 8.810265 1.378429 6.927283
v 8.746814 1.304795 6.690471
v 8.573454 1.304795 6.517112
v 8.336641 1.304795 6.453659
v 8.099832 1.304795 6.517112
v 7.926472 1.304795 6.690471
v 7.863018 1.304795 6.927283
v 7.926472 1.304795 7.164095
v 8.099832 1.304795 7.337453
v 8.336641 1.304795 7.400907
v 8.573454 1.304795 7.337453
v 8.746814 1.304795 7.164095
v 8.810265 1.304795 6.927283
v 8.336641 1.304795 6.927283
v 7.935250 0.573553 6.695540
v 8.104897 0.573553 6.525891
v 8.336641 0.573553 6.463795
v 8.568387 0.573553 6.525891
v 8.738033 0.573553 6.695540
v 8.800130 0.573553 6.927283
v 8.738033 0.573553 7.159026
v 8.568387 0.573553 7.328675
v 8.336641 0.573553 7.390770
v 8.104897 0.573553 7.328675
v 7.935250 0.573553 7.159026
v 7.873154 0.573553 6.927283
v 7.878454 1.287969 6.662748
v 8.072107 1.287969 6.469096
v 8.336641 1.287969 6.398214
v 8.601177 1.287969 6.469096
v 8.794828 1.287969 6.662748
v 8.865712 1.287969 6.927283
v 8.794828 1.287969 7.191817
v 8.601177 1.287969 7.385470
v 8.336641 1.287969 7.456352
v 8.072107 1.287969 7.385470
v 7.878454 1.287969 7.191817
v 7.807573 1.287969 6.927283
vt 0.788031 0.770431
vt 0.788031 0.759925
vt 0.808576 0.759925
vt 0.808576 0.770431
vt 0.788031 0.749436
vt 0.808576 0.749436
vt 0.788031 0.739003
vt 0.808576 0.739003
vt 0.788031 0.854241
vt 0.808576 0.854241
vt 0.788031 0.843772
vt 0.808576 0.843772
vt 0.788031 0.833296
vt 0.808576 0.833296
vt 0.788031 0.822811
vt 0.808576 0.822811
vt 0.788031 0.812321
vt 0.808576 0.812321
vt 0.788031 0.801866
vt 0.808576 0.801866
vt 0.788031 0.791407
vt 0.808576 0.791407
vt 0.788031 0.780916
vt 0.808576 0.780916
vt 0.841682 0.770431
vt 0.841682 0.759925
vt 0.977159 0.408881
vt 0.977160 0.397771
vt 0.841682 0.749436
vt 0.977159 0.419802
vt 0.841682 0.739003
vt 0.977159 0.430758
vt 0.841682 0.854241
vt 0.977160 0.308679
vt 0.841682 0.843772
vt 0.977160 0.319942
vt 0.841682 0.833296
vt 0.977160 0.331062
vt 0.841682 0.822811
vt 0.977160 0.342183
vt 0.841682 0.812321
vt 0.977160 0.353305
vt 0.841682 0.801866
vt 0.977160 0.364427
vt 0.841682 0.791407
vt 0.977159 0.375545
vt 0.841682 0.780916
vt 0.977160 0.386658
vt 0.809006 0.890160
vt 0.819493 0.890160
vt 0.798518 0.890160
vt 0.788031 0.890160
vt 0.903392 0.890160
vt 0.892906 0.890160
vt 0.882418 0.890160
vt 0.871931 0.890160
vt 0.861443 0.890160
vt 0.850956 0.890160
vt 0.840468 0.890160
vt 0.829981 0.890160
vt 0.818107 0.539449
vt 0.838055 0.854241
vt 0.838055 0.739003
vt 0.838055 0.749436
vt 0.838055 0.759925
vt 0.838055 0.770431
vt 0.838055 0.780916
vt 0.838055 0.791407
vt 0.838055 0.801866
vt 0.838055 0.812321
vt 0.838055 0.822811
vt 0.838055 0.833296
vt 0.838055 0.843772
vt 0.798539 0.544692
vt 0.798538 0.534205
vt 0.803782 0.553774
vt 0.812863 0.559018
vt 0.823350 0.559018
vt 0.832430 0.553778
vt 0.837675 0.544695
vt 0.837675 0.534209
vt 0.832432 0.525126
vt 0.823352 0.519884
vt 0.812868 0.519882
vt 0.803783 0.525125
vt 0.829981 0.893310
vt 0.819493 0.893310
vt 0.840468 0.893310
vt 0.850956 0.893310
vt 0.861443 0.893310
vt 0.871931 0.893310
vt 0.882418 0.893310
vt 0.892906 0.893310
vt 0.903392 0.893310
vt 0.788031 0.893310
vt 0.798518 0.893310
vt 0.809006 0.893310
vt 0.979557 0.386658
vt 0.979557 0.397771
vt 0.979557 0.375545
vt 0.979558 0.364427
vt 0.979557 0.353305
vt 0.979557 0.342183
vt 0.979557 0.331062
vt 0.979557 0.319942
vt 0.979557 0.308679
vt 0.979559 0.430758
vt 0.979558 0.419802
vt 0.979557 0.408881
vt 0.979558 0.297319
vt 0.977159 0.297319
vt 0.841682 0.864666
vt 0.838055 0.864666
vt 0.808576 0.864666
vt 0.788031 0.864666
vt 0.913883 0.890160
vt 0.913883 0.893310
vn 0.699212 -0.149035 -0.699207
vn 0.699212 -0.149035 -0.699207
vn 0.702906 -0.108891 -0.702898
vn 0.702906 -0.108891 -0.702898
vn 0.255928 -0.149034 -0.955139
vn 0.255928 -0.149034 -0.955139
vn 0.257279 -0.108891 -0.960182
vn 0.257279 -0.108890 -0.960182
vn -0.255929 -0.149034 -0.955138
vn -0.255929 -0.149034 -0.955138
vn -0.257280 -0.108891 -0.960182
vn -0.257280 -0.108891 -0.960182
vn -0.699210 -0.149034 -0.699210
vn -0.699210 -0.149034 -0.699210
vn -0.702903 -0.108891 -0.702902
vn -0.702903 -0.108891 -0.702902
vn -0.955139 -0.149033 -0.255927
vn -0.955139 -0.149033 -0.255927
vn -0.960183 -0.108891 -0.257278
vn -0.960183 -0.108890 -0.257278
vn -0.955139 -0.149034 0.255927
vn -0.955139 -0.149034 0.255927
vn -0.960183 -0.108891 0.257278
vn -0.960183 -0.108891 0.257278
vn -0.699209 -0.149035 0.699210
vn -0.699209 -0.149035 0.699210
vn -0.702903 -0.108892 0.702901
vn -0.702903 -0.108892 0.702901
vn -0.255927 -0.149032 0.955139
vn -0.255927 -0.149032 0.955139
vn -0.257277 -0.108891 0.960183
vn -0.257277 -0.108891 0.960183
vn 0.255926 -0.149033 0.955139
vn 0.255926 -0.149033 0.955139
vn 0.257276 -0.108891 0.960183
vn 0.257276 -0.108891 0.960183
vn 0.699212 -0.149035 0.699207
vn 0.699212 -0.149035 0.699207
vn 0.702906 -0.108892 0.702898
vn 0.702906 -0.108892 0.702898
vn 0.955137 -0.149033 0.255936
vn 0.955137 -0.149033 0.255936
vn 0.960181 -0.108890 0.257286
vn 0.960181 -0.108890 0.257286
vn 0.955137 -0.149033 -0.255936
vn 0.955137 -0.149033 -0.255936
vn 0.960180 -0.108891 -0.257286
vn 0.960180 -0.108891 -0.257286
vn 0.000000 1.000000 0.000000
vn 0.000000 1.000000 0.000000
vn 0.000000 1.000000 0.000000
vn 0.000000 1.000000 0.000000
vn 0.000000 1.000000 0.000002
vn 0.000000 1.000000 0.000002
vn 0.000000 1.000000 0.000002
vn 0.000000 1.000000 0.000002
vn 0.000000 1.000000 0.000001
vn 0.000000 1.000000 0.000001
vn 0.000000 1.000000 0.000001
vn 0.000000 1.000000 0.000001
vn 0.000000 1.000000 0.000000
vn 0.000000 1.000000 0.000000
vn 0.000000 1.000000 0.000000
vn 0.000000 1.000000 0.000000
vn 0.000000 1.000000 0.000000
vn 0.000000 1.000000 0.000000
vn 0.000000 1.000000 0.000000
vn 0.000000 1.000000 0.000000
vn 0.000000 1.000000 -0.000000
vn 0.000000 1.000000 -0.000000
vn 0.000000 1.000000 -0.000000
vn 0.000000 1.000000 -0.000000
vn 0.000000 1.000000 0.000001
vn 0.000000 1.000000 0.000001
vn 0.000000 1.000000 0.000001
vn 0.000000 1.000000 0.000001
vn 0.000000 1.000000 0.000000
vn 0.000000 1.000000 0.000000
vn 0.000000 1.000000 0.000000
vn 0.000000 1.000000 0.000000
vn 0.000000 1.000000 -0.000001
vn 0.000000 1.000000 -0.000001
vn 0.000000 1.000000 -0.000001
vn 0.000000 1.000000 -0.000001
vn 0.000000 1.000000 0.000000
vn 0.000000 1.000000 0.000000
vn 0.000000 1.000000 0.000000
vn 0.000000 1.000000 0.000000
vn 0.000000 1.000000 0.000000
vn 0.000000 1.000000 0.000000
vn 0.000000 1.000000 0.000000
vn 0.000000 1.000000 0.000000
vn 0.000000 1.000000 -0.000000
vn 0.000000 1.000000 -0.000000
vn 0.000000 1.000000 -0.000000
vn 0.000000 1.000000 -0.000000
vn -0.707108 0.000000 0.707106
vn -0.707108 0.000000 0.707106
vn -0.707108 0.000000 0.707106
vn -0.707108 0.000000 0.707106
vn -0.258815 0.000000 0.965927
vn -0.258815 0.000000 0.965927
vn -0.258815 0.000000 0.965927
vn -0.258815 0.000000 0.965927
vn 0.258818 0.000000 0.965926
vn 0.258818 0.000000 0.965926
vn 0.258818 0.000000 0.965926
vn 0.258818 0.000000 0.965926
vn 0.707105 0.000000 0.707108
vn 0.707105 0.000000 0.707108
vn 0.707105 0.000000 0.707108
vn 0.707105 0.000000 0.707108
vn 0.965926 0.000000 0.258818
vn 0.965926 0.000000 0.258818
vn 0.965926 0.000000 0.258818
vn 0.965926 0.000000 0.258818
vn 0.965926 0.000000 -0.258818
vn 0.965926 0.000000 -0.258818
vn 0.965926 0.000000 -0.258818
vn 0.965926 0.000000 -0.258818
vn 0.707101 0.000000 -0.707113
vn 0.707101 0.000000 -0.707113
vn 0.707101 0.000000 -0.707113
vn 0.707101 0.000000 -0.707113
vn 0.258824 0.000000 -0.965925
vn 0.258824 0.000000 -0.965925
vn 0.258824 0.000000 -0.965925
vn 0.258824 0.000000 -0.965925
vn -0.258820 0.000000 -0.965926
vn -0.258820 0.000000 -0.965926
vn -0.258820 0.000000 -0.965926
vn -0.258820 0.000000 -0.965926
vn -0.707103 0.000000 -0.707110
vn -0.707103 0.000000 -0.707110
vn -0.707103 0.000000 -0.707110
vn -0.707103 0.000000 -0.707110
vn -0.965929 0.000000 -0.258808
vn -0.965929 0.000000 -0.258808
vn -0.965929 0.000000 -0.258808
vn -0.965929 0.000000 -0.258808
vn -0.965929 0.000000 0.258808
vn -0.965929 0.000000 0.258808
vn -0.965929 0.000000 0.258808
vn -0.965929 0.000000 0.258808
vn -0.000000 1.000000 -0.000000
vn 0.000000 1.000000 0.000000
vn 0.000000 1.000000 -0.000000
vn -0.000000 1.000000 0.000001
vn -0.000000 1.000000 0.000000
vn 0.000000 1.000000 0.000000
vn 0.000000 1.000000 0.000000
vn -0.000000 1.000000 0.000000
vn 0.000000 1.000000 0.000000
vn 0.000000 1.000000 0.000000
vn 0.000000 1.000000 0.000000
vn 0.000000 1.000000 0.000000
vn 0.000000 1.000000 0.000000
vn 0.000000 1.000000 0.000000
vn 0.000000 1.000000 -0.000000
vn 0.000000 1.000000 0.000000
vn 0.000000 1.000000 -0.000000
vn 0.000000 1.000000 -0.000000
vn 0.000000 1.000000 0.000000
vn 0.000000 1.000000 -0.000000
vn 0.000000 1.000000 -0.000000
vn -0.000000 1.000000 -0.000001
vn 0.000000 1.000000 0.000000
vn -0.000000 1.000000 -0.000000
vn -0.000000 1.000000 -0.000000
vn 0.000000 1.000000 0.000000
vn -0.000000 1.000000 -0.000001
vn -0.000000 1.000000 0.000000
vn 0.000000 1.000000 0.000000
vn -0.000000 1.000000 -0.000000
vn -0.000000 1.000000 0.000000
vn 0.000000 1.000000 0.000000
vn -0.000000 1.000000 0.000000
vn -0.000000 1.000000 0.000001
vn 0.000000 1.000000 0.000000
vn -0.000000 1.000000 0.000000
vn -0.702903 -0.108891 -0.702902
vn -0.702903 -0.108891 -0.702902
vn -0.704788 -0.080943 -0.704786
vn -0.704788 -0.080943 -0.704786
vn -0.257280 -0.108891 -0.960182
vn -0.257280 -0.108891 -0.960182
vn -0.257970 -0.080942 -0.962756
vn -0.257970 -0.080942 -0.962756
vn 0.257279 -0.108890 -0.960182
vn 0.257279 -0.108891 -0.960182
vn 0.257969 -0.080942 -0.962757
vn 0.257969 -0.080942 -0.962757
vn 0.702906 -0.108891 -0.702898
vn 0.702906 -0.108891 -0.702898
vn 0.704791 -0.080942 -0.704782
vn 0.704791 -0.080942 -0.704782
vn 0.960180 -0.108891 -0.257286
vn 0.960180 -0.108891 -0.257286
vn 0.962755 -0.080942 -0.257975
vn 0.962755 -0.080942 -0.257975
vn 0.960181 -0.108890 0.257286
vn 0.960181 -0.108890 0.257286
vn 0.962755 -0.080942 0.257975
vn 0.962755 -0.080942 0.257975
vn 0.702906 -0.108892 0.702898
vn 0.702906 -0.108892 0.702898
vn 0.704791 -0.080944 0.704782
vn 0.704791 -0.080944 0.704782
vn 0.257276 -0.108891 0.960183
vn 0.257276 -0.108891 0.960183
vn 0.257964 -0.080943 0.962758
vn 0.257964 -0.080943 0.962758
vn -0.257277 -0.108891 0.960183
vn -0.257277 -0.108891 0.960183
vn -0.257966 -0.080943 0.962758
vn -0.257966 -0.080943 0.962758
vn -0.702903 -0.108892 0.702901
vn -0.702903 -0.108892 0.702901
vn -0.704788 -0.080943 0.704785
vn -0.704788 -0.080943 0.704786
vn -0.960183 -0.108891 0.257278
vn -0.960183 -0.108891 0.257278
vn -0.962757 -0.080943 0.257968
vn -0.962757 -0.080943 0.257968
vn -0.960183 -0.108890 -0.257278
vn -0.960183 -0.108891 -0.257278
vn -0.962757 -0.080943 -0.257968
vn -0.962757 -0.080943 -0.257968
vn -0.704788 -0.080943 -0.704786
vn -0.704788 -0.080943 -0.704786
vn -0.706847 -0.027146 -0.706846
vn -0.706847 -0.027146 -0.706846
vn -0.257970 -0.080942 -0.962756
vn -0.257970 -0.080942 -0.962756
vn -0.258725 -0.027147 -0.965569
vn -0.258725 -0.027147 -0.965569
vn 0.257969 -0.080942 -0.962757
vn 0.257969 -0.080942 -0.962757
vn 0.258724 -0.027150 -0.965570
vn 0.258724 -0.027150 -0.965570
vn 0.704791 -0.080942 -0.704782
vn 0.704791 -0.080942 -0.704782
vn 0.706850 -0.027146 -0.706842
vn 0.706850 -0.027146 -0.706842
vn 0.962755 -0.080942 -0.257975
vn 0.962755 -0.080942 -0.257975
vn 0.965569 -0.027144 -0.258726
vn 0.965569 -0.027144 -0.258726
vn 0.962755 -0.080942 0.257975
vn 0.962755 -0.080942 0.257975
vn 0.965569 -0.027146 0.258727
vn 0.965569 -0.027146 0.258727
vn 0.704791 -0.080944 0.704782
vn 0.704791 -0.080944 0.704782
vn 0.706851 -0.027152 0.706842
vn 0.706851 -0.027152 0.706842
vn 0.257964 -0.080943 0.962758
vn 0.257964 -0.080943 0.962758
vn 0.258720 -0.027145 0.965571
vn 0.258720 -0.027145 0.965571
vn -0.257966 -0.080943 0.962758
vn -0.257966 -0.080943 0.962758
vn -0.258721 -0.027144 0.965571
vn -0.258721 -0.027144 0.965571
vn -0.704788 -0.080943 0.704786
vn -0.704788 -0.080943 0.704785
vn -0.706848 -0.027146 0.706845
vn -0.706848 -0.027146 0.706845
vn -0.962757 -0.080943 0.257968
vn -0.962757 -0.080943 0.257968
vn -0.965570 -0.027153 0.258724
vn -0.965570 -0.027153 0.258724
vn -0.962757 -0.080943 -0.257968
vn -0.962757 -0.080943 -0.257968
vn -0.965570 -0.027154 -0.258723
vn -0.965570 -0.027154 -0.258723
s off
g Adicionales group16 Maceta pCylinder38
usemtl pCylinder30SG
f 1608/2301/5256 1609/2302/5257 1660/2303/5258 1661/2304/5259
f 1609/2302/5260 1610/2305/5261 1659/2306/5262 1660/2303/5263
f 1610/2305/5264 1611/2307/5265 1658/2308/5266 1659/2306/5267
f 1611/2415/5268 1612/2309/5269 1657/2310/5270 1658/2414/5271
f 1612/2309/5272 1613/2311/5273 1668/2312/5274 1657/2310/5275
f 1613/2311/5276 1614/2313/5277 1667/2314/5278 1668/2312/5279
f 1614/2313/5280 1615/2315/5281 1666/2316/5282 1667/2314/5283
f 1615/2315/5284 1616/2317/5285 1665/2318/5286 1666/2316/5287
f 1616/2317/5288 1617/2319/5289 1664/2320/5290 1665/2318/5291
f 1617/2319/5292 1618/2321/5293 1663/2322/5294 1664/2320/5295
f 1618/2321/5296 1619/2323/5297 1662/2324/5298 1663/2322/5299
f 1619/2323/5300 1608/2301/5301 1661/2304/5302 1662/2324/5303
f 1633/2327/5304 1632/2328/5305 1620/2399/5306 1621/2409/5307
f 1634/2330/5308 1633/2327/5309 1621/2409/5310 1622/2408/5311
f 1635/2332/5312 1634/2330/5313 1622/2408/5314 1623/2407/5315
f 1636/2334/5316 1635/2411/5317 1623/2410/5318 1624/2406/5319
f 1637/2336/5320 1636/2334/5321 1624/2406/5322 1625/2405/5323
f 1638/2338/5324 1637/2336/5325 1625/2405/5326 1626/2404/5327
f 1639/2340/5328 1638/2338/5329 1626/2404/5330 1627/2403/5331
f 1640/2342/5332 1639/2340/5333 1627/2403/5334 1628/2402/5335
f 1641/2344/5336 1640/2342/5337 1628/2402/5338 1629/2401/5339
f 1642/2346/5340 1641/2344/5341 1629/2401/5342 1630/2400/5343
f 1643/2348/5344 1642/2346/5345 1630/2400/5346 1631/2398/5347
f 1620/2399/5348 1632/2328/5349 1643/2348/5350 1631/2398/5351
f 1645/2349/5352 1644/2350/5353 1632/2387/5354 1633/2397/5355
f 1646/2351/5356 1645/2349/5357 1633/2397/5358 1634/2396/5359
f 1647/2352/5360 1646/2351/5361 1634/2396/5362 1635/2395/5363
f 1648/2353/5364 1647/2416/5365 1635/2417/5366 1636/2394/5367
f 1649/2354/5368 1648/2353/5369 1636/2394/5370 1637/2393/5371
f 1650/2355/5372 1649/2354/5373 1637/2393/5374 1638/2392/5375
f 1651/2356/5376 1650/2355/5377 1638/2392/5378 1639/2391/5379
f 1652/2357/5380 1651/2356/5381 1639/2391/5382 1640/2390/5383
f 1653/2358/5384 1652/2357/5385 1640/2390/5386 1641/2389/5387
f 1654/2359/5388 1653/2358/5389 1641/2389/5390 1642/2388/5391
f 1655/2360/5392 1654/2359/5393 1642/2388/5394 1643/2386/5395
f 1632/2387/5396 1644/2350/5397 1655/2360/5398 1643/2386/5399
f 1652/2378/5400 1656/2361/5401 1651/2379/5402
f 1645/2385/5403 1646/2384/5404 1656/2361/5405
f 1656/2361/5406 1646/2384/5407 1647/2383/5408
f 1656/2361/5409 1647/2383/5410 1648/2382/5411
f 1656/2361/5412 1648/2382/5413 1649/2381/5414
f 1656/2361/5415 1649/2381/5416 1650/2380/5417
f 1656/2361/5418 1650/2380/5419 1651/2379/5420
f 1653/2377/5421 1656/2361/5422 1652/2378/5423
f 1654/2376/5424 1656/2361/5425 1653/2377/5426
f 1655/2374/5427 1656/2361/5428 1654/2376/5429
f 1644/2375/5430 1656/2361/5431 1655/2374/5432
f 1645/2385/5433 1656/2361/5434 1644/2375/5435
f 1658/2414/5436 1657/2310/5437 1669/2362/5438 1670/2413/5439
f 1659/2306/5440 1658/2308/5441 1670/2363/5442 1671/2364/5443
f 1660/2303/5444 1659/2306/5445 1671/2364/5446 1672/2365/5447
f 1661/2304/5448 1660/2303/5449 1672/2365/5450 1673/2366/5451
f 1662/2324/5452 1661/2304/5453 1673/2366/5454 1674/2367/5455
f 1663/2322/5456 1662/2324/5457 1674/2367/5458 1675/2368/5459
f 1664/2320/5460 1663/2322/5461 1675/2368/5462 1676/2369/5463
f 1665/2318/5464 1664/2320/5465 1676/2369/5466 1677/2370/5467
f 1666/2316/5468 1665/2318/5469 1677/2370/5470 1678/2371/5471
f 1667/2314/5472 1666/2316/5473 1678/2371/5474 1679/2372/5475
f 1668/2312/5476 1667/2314/5477 1679/2372/5478 1680/2373/5479
f 1657/2310/5480 1668/2312/5481 1680/2373/5482 1669/2362/5483
f 1670/2413/5484 1669/2362/5485 1624/2333/5486 1623/2412/5487
f 1671/2364/5488 1670/2363/5489 1623/2331/5490 1622/2329/5491
f 1672/2365/5492 1671/2364/5493 1622/2329/5494 1621/2326/5495
f 1673/2366/5496 1672/2365/5497 1621/2326/5498 1620/2325/5499
f 1674/2367/5500 1673/2366/5501 1620/2325/5502 1631/2347/5503
f 1675/2368/5504 1674/2367/5505 1631/2347/5506 1630/2345/5507
f 1676/2369/5508 1675/2368/5509 1630/2345/5510 1629/2343/5511
f 1677/2370/5512 1676/2369/5513 1629/2343/5514 1628/2341/5515
f 1678/2371/5516 1677/2370/5517 1628/2341/5518 1627/2339/5519
f 1679/2372/5520 1678/2371/5521 1627/2339/5522 1626/2337/5523
f 1680/2373/5524 1679/2372/5525 1626/2337/5526 1625/2335/5527
f 1669/2362/5528 1680/2373/5529 1625/2335/5530 1624/2333/5531
g default
v 4.173402 3.079274 7.942008
v 4.053254 2.971398 7.924187
v 4.173379 3.079211 7.955785
v 4.053171 2.971180 7.972216
v 4.092276 3.037015 7.920375
v 4.092179 3.036759 7.976757
v 4.129682 3.060158 7.966480
v 4.129742 3.060319 7.930991
v 4.065061 3.008082 7.977924
v 4.065162 3.008350 7.918854
v 4.176036 3.076300 7.948503
v 4.132358 3.057299 7.947735
v 4.094875 3.033950 7.946981
v 4.067759 3.005279 7.946730
v 4.055860 2.968351 7.946850
vt 0.259462 0.011805
vt 0.261369 0.011702
vt 0.261421 0.012984
vt 0.259538 0.012618
vt 0.263077 0.011630
vt 0.264749 0.011579
vt 0.264716 0.012667
vt 0.263088 0.012985
vt 0.257424 0.011916
vt 0.257492 0.012262
vt 0.257463 0.011594
vt 0.259474 0.011071
vt 0.261323 0.010554
vt 0.262986 0.010421
vt 0.264634 0.010611
vn -0.503134 0.864203 0.003194
vn -0.646625 0.762802 0.003034
vn -0.647785 0.748827 -0.140118
vn -0.501297 0.843658 -0.192205
vn -0.855922 0.517103 0.001396
vn -0.948958 0.315400 -0.001255
vn -0.942118 0.312736 -0.120870
vn -0.839019 0.529096 -0.126904
vn -0.430871 0.902413 -0.000538
vn -0.409943 0.869120 -0.276725
vn -0.413751 0.854562 0.313901
vn -0.504414 0.834906 0.220225
vn -0.648363 0.744084 0.161138
vn -0.837014 0.527969 0.143722
vn -0.940180 0.312926 0.134682
s 1
g Adicionales group16 pPlane1 Macetita
usemtl pCylinder30SG
f 1692/2418/5532 1693/2419/5533 1686/2420/5534 1687/2421/5535
f 1694/2422/5536 1695/2423/5537 1684/2424/5538 1689/2425/5539
f 1691/2426/5540 1692/2418/5532 1687/2421/5535 1683/2427/5541
f 1693/2419/5533 1694/2422/5536 1689/2425/5539 1686/2420/5534
f 1681/2428/5542 1688/2429/5543 1692/2418/5532 1691/2426/5540
f 1688/2429/5543 1685/2430/5544 1693/2419/5533 1692/2418/5532
f 1685/2430/5544 1690/2431/5545 1694/2422/5536 1693/2419/5533
f 1690/2431/5545 1682/2432/5546 1695/2423/5537 1694/2422/5536
g default
v 4.023181 2.896546 7.910412
v 3.983481 2.896546 7.893968
v 3.943781 2.896546 7.910412
v 3.927336 2.896546 7.950111
v 3.943781 2.896546 7.989812
v 3.983481 2.896546 8.006256
v 4.023181 2.896546 7.989812
v 4.039625 2.896546 7.950111
v 4.052243 2.937646 7.881348
v 3.983481 2.937646 7.852867
v 3.914718 2.937646 7.881348
v 3.886236 2.937646 7.950111
v 3.914718 2.937646 8.018873
v 3.983481 2.937646 8.047357
v 4.052243 2.937646 8.018873
v 4.080726 2.937646 7.950111
v 4.062881 2.993791 7.870711
v 3.983481 2.993791 7.837822
v 3.904081 2.993791 7.870711
v 3.871192 2.993791 7.950111
v 3.904081 2.993791 8.029512
v 3.983481 2.993791 8.062401
v 4.062881 2.993791 8.029512
v 4.095769 2.993791 7.950111
v 4.056718 2.993791 7.876875
v 3.983481 2.993791 7.846539
v 3.910244 2.993791 7.876875
v 3.879908 2.993791 7.950111
v 3.910244 2.993791 8.023348
v 3.983481 2.993791 8.053685
v 4.056718 2.993791 8.023348
v 4.087053 2.993791 7.950111
v 4.056718 2.981556 7.876875
v 3.983481 2.981556 7.846539
v 3.910244 2.981556 7.876875
v 3.879908 2.981556 7.950111
v 3.910244 2.981556 8.023348
v 3.983481 2.981556 8.053685
v 4.056718 2.981556 8.023348
v 4.087053 2.981556 7.950111
vt 0.658882 0.252936
vt 0.661379 0.252936
vt 0.979634 0.559210
vt 0.979634 0.555778
vt 0.663876 0.252936
vt 0.979634 0.562642
vt 0.666364 0.252936
vt 0.979634 0.566073
vt 0.668834 0.252936
vt 0.979634 0.569499
vt 0.671319 0.252936
vt 0.979634 0.545499
vt 0.653924 0.252936
vt 0.979634 0.548921
vt 0.656394 0.252936
vt 0.979634 0.552347
vt 0.644539 0.332408
vt 0.641068 0.332408
vt 0.648010 0.332408
vt 0.651485 0.332408
vt 0.654917 0.332408
vt 0.630425 0.332408
vt 0.634102 0.332408
vt 0.637604 0.332408
vt 0.644539 0.332756
vt 0.641068 0.332756
vt 0.648010 0.332756
vt 0.651485 0.332756
vt 0.654917 0.332756
vt 0.658453 0.332756
vt 0.634102 0.332756
vt 0.637604 0.332756
vt 0.617718 0.252932
vt 0.688748 0.010039
vt 0.614328 0.252932
vt 0.682961 0.004250
vt 0.685359 0.001853
vt 0.604157 0.252932
vt 0.627889 0.252932
vt 0.691147 0.007642
vt 0.607548 0.252932
vt 0.610938 0.252932
vt 0.688749 0.001853
vt 0.624498 0.252932
vt 0.621108 0.252932
vt 0.691147 0.004251
vt 0.685358 0.010040
vt 0.682960 0.007640
vt 0.624498 0.253456
vt 0.621108 0.253456
vt 0.627889 0.253456
vt 0.604157 0.253456
vt 0.607548 0.253456
vt 0.610938 0.253456
vt 0.614328 0.253456
vt 0.617718 0.253456
vt 0.977159 0.552347
vt 0.977159 0.555778
vt 0.977159 0.548921
vt 0.977159 0.545499
vt 0.977159 0.569499
vt 0.977159 0.566073
vt 0.977159 0.562642
vt 0.977159 0.559210
vt 0.630425 0.332756
vt 0.658453 0.332408
vt 0.631279 0.252932
vt 0.631279 0.253456
vt 0.656394 0.255354
vt 0.658882 0.255354
vt 0.653924 0.255354
vt 0.651439 0.255354
vt 0.668834 0.255354
vt 0.666364 0.255354
vt 0.663876 0.255354
vt 0.661379 0.255354
vt 0.979634 0.572922
vt 0.977159 0.572922
vt 0.651439 0.252936
vt 0.671319 0.255354
vn -0.000000 -0.434974 -0.900443
vn 0.636703 -0.434973 -0.636716
vn 0.499993 -0.707112 -0.499999
vn -0.000000 -0.707110 -0.707104
vn -0.636704 -0.434973 -0.636715
vn -0.000000 -0.434974 -0.900443
vn -0.000000 -0.707110 -0.707104
vn -0.499993 -0.707110 -0.500003
vn -0.900445 -0.434970 -0.000000
vn -0.636704 -0.434973 -0.636715
vn -0.499993 -0.707110 -0.500003
vn -0.707114 -0.707100 -0.000002
vn -0.636717 -0.434971 0.636703
vn -0.900445 -0.434970 -0.000000
vn -0.707114 -0.707100 -0.000002
vn -0.500003 -0.707099 0.500007
vn -0.000000 -0.434972 0.900444
vn -0.636717 -0.434971 0.636703
vn -0.500003 -0.707099 0.500007
vn -0.000001 -0.707101 0.707112
vn 0.636717 -0.434969 0.636705
vn -0.000000 -0.434972 0.900444
vn -0.000001 -0.707101 0.707112
vn 0.500003 -0.707102 0.500003
vn 0.900446 -0.434967 -0.000000
vn 0.636717 -0.434969 0.636705
vn 0.500003 -0.707102 0.500003
vn 0.707109 -0.707105 -0.000002
vn 0.499993 -0.707112 -0.499999
vn 0.636703 -0.434973 -0.636716
vn 0.900446 -0.434967 -0.000000
vn 0.707109 -0.707105 -0.000002
vn 0.000000 -0.258820 -0.965926
vn 0.683008 -0.258818 -0.683017
vn 0.636703 -0.434973 -0.636716
vn -0.000000 -0.434974 -0.900443
vn -0.683009 -0.258821 -0.683015
vn 0.000000 -0.258820 -0.965926
vn -0.000000 -0.434974 -0.900443
vn -0.636704 -0.434973 -0.636715
vn -0.965925 -0.258824 0.000000
vn -0.683009 -0.258821 -0.683015
vn -0.636704 -0.434973 -0.636715
vn -0.900445 -0.434970 -0.000000
vn -0.683013 -0.258827 0.683009
vn -0.965925 -0.258824 0.000000
vn -0.900445 -0.434970 -0.000000
vn -0.636717 -0.434971 0.636703
vn 0.000000 -0.258829 0.965923
vn -0.683013 -0.258827 0.683009
vn -0.636717 -0.434971 0.636703
vn -0.000000 -0.434972 0.900444
vn 0.683013 -0.258819 0.683012
vn 0.000000 -0.258829 0.965923
vn -0.000000 -0.434972 0.900444
vn 0.636717 -0.434969 0.636705
vn 0.965927 -0.258814 0.000000
vn 0.683013 -0.258819 0.683012
vn 0.636717 -0.434969 0.636705
vn 0.900446 -0.434967 -0.000000
vn 0.636703 -0.434973 -0.636716
vn 0.683008 -0.258818 -0.683017
vn 0.965927 -0.258814 0.000000
vn 0.900446 -0.434967 -0.000000
vn 0.000000 1.000000 0.000033
vn 0.000000 1.000000 0.000015
vn 0.000000 1.000000 0.000015
vn 0.000000 1.000000 0.000033
vn 0.000000 1.000000 0.000011
vn 0.000000 1.000000 0.000033
vn 0.000000 1.000000 0.000033
vn 0.000000 1.000000 0.000011
vn 0.000000 1.000000 -0.000004
vn 0.000000 1.000000 0.000011
vn 0.000000 1.000000 0.000011
vn 0.000000 1.000000 -0.000004
vn 0.000000 1.000000 -0.000021
vn 0.000000 1.000000 -0.000004
vn 0.000000 1.000000 -0.000004
vn 0.000000 1.000000 -0.000021
vn 0.000000 1.000000 -0.000033
vn 0.000000 1.000000 -0.000021
vn 0.000000 1.000000 -0.000021
vn 0.000000 1.000000 -0.000033
vn 0.000000 1.000000 -0.000011
vn 0.000000 1.000000 -0.000033
vn 0.000000 1.000000 -0.000033
vn 0.000000 1.000000 -0.000011
vn 0.000000 1.000000 -0.000002
vn 0.000000 1.000000 -0.000011
vn 0.000000 1.000000 -0.000011
vn 0.000000 1.000000 -0.000002
vn 0.000000 1.000000 0.000015
vn 0.000000 1.000000 0.000015
vn 0.000000 1.000000 -0.000002
vn 0.000000 1.000000 -0.000002
vn 0.000000 0.987822 0.155590
vn -0.707109 0.000000 0.707105
vn -0.707109 0.000000 0.707105
vn 0.000000 0.000000 1.000000
vn 0.110019 0.987822 0.110019
vn 0.000000 0.987822 0.155590
vn 0.000000 0.000000 1.000000
vn 0.707109 0.000000 0.707105
vn 1.000000 0.000000 0.000000
vn 0.110019 0.987822 0.110019
vn 0.707109 0.000000 0.707105
vn 1.000000 0.000000 0.000000
vn 0.707112 0.000000 -0.707101
vn 1.000000 0.000000 0.000000
vn 1.000000 0.000000 0.000000
vn 0.707112 0.000000 -0.707101
vn 0.000000 0.000000 -1.000000
vn 0.707112 0.000000 -0.707101
vn 0.707112 0.000000 -0.707101
vn 0.000000 0.000000 -1.000000
vn -0.707112 0.000000 -0.707101
vn 0.000000 0.000000 -1.000000
vn 0.000000 0.000000 -1.000000
vn -0.707112 0.000000 -0.707101
vn -1.000000 0.000000 0.000000
vn -0.707112 0.000000 -0.707101
vn -0.707112 0.000000 -0.707101
vn -1.000000 0.000000 0.000000
vn -0.707109 0.000000 0.707105
vn -0.707109 0.000000 0.707105
vn -1.000000 0.000000 0.000000
vn -1.000000 0.000000 0.000000
vn 0.000000 1.000000 0.000000
vn 0.000000 1.000000 0.000000
vn 0.000000 1.000000 0.000000
vn 0.000000 1.000000 0.000000
vn 0.000000 1.000000 0.000000
vn 0.000000 1.000000 0.000000
vn 0.000000 1.000000 0.000000
vn 0.000000 1.000000 0.000000
vn 0.000000 0.987822 0.155590
vn 0.110019 0.987822 0.110019
vn 0.000000 1.000000 0.000000
vn 0.000000 1.000000 0.000000
s off
g Adicionales group16 Macetita pSphere11
usemtl pCylinder30SG
f 1705/2508/5547 1704/2502/5548 1696/2433/5549 1697/2434/5550
f 1706/2507/5551 1705/2508/5552 1697/2434/5553 1698/2437/5554
f 1707/2506/5555 1706/2507/5556 1698/2437/5557 1699/2439/5558
f 1708/2505/5559 1707/2506/5560 1699/2439/5561 1700/2441/5562
f 1709/2512/5563 1708/2505/5564 1700/2441/5565 1701/2443/5566
f 1710/2503/5567 1709/2504/5568 1701/2511/5569 1702/2445/5570
f 1711/2501/5571 1710/2503/5572 1702/2445/5573 1703/2447/5574
f 1696/2433/5575 1704/2502/5576 1711/2501/5577 1703/2447/5578
f 1713/2496/5579 1712/2490/5580 1704/2436/5581 1705/2435/5582
f 1714/2495/5583 1713/2496/5584 1705/2435/5585 1706/2438/5586
f 1715/2494/5587 1714/2495/5588 1706/2438/5589 1707/2440/5590
f 1716/2493/5591 1715/2494/5592 1707/2440/5593 1708/2442/5594
f 1717/2510/5595 1716/2493/5596 1708/2442/5597 1709/2509/5598
f 1718/2491/5599 1717/2492/5600 1709/2444/5601 1710/2446/5602
f 1719/2489/5603 1718/2491/5604 1710/2446/5605 1711/2448/5606
f 1704/2436/5607 1712/2490/5608 1719/2489/5609 1711/2448/5610
f 1721/2457/5611 1720/2458/5612 1712/2450/5613 1713/2449/5614
f 1722/2459/5615 1721/2457/5616 1713/2449/5617 1714/2451/5618
f 1723/2460/5619 1722/2459/5620 1714/2451/5621 1715/2452/5622
f 1724/2461/5623 1723/2460/5624 1715/2452/5625 1716/2453/5626
f 1725/2462/5627 1724/2461/5628 1716/2453/5629 1717/2498/5630
f 1726/2463/5631 1725/2497/5632 1717/2454/5633 1718/2455/5634
f 1727/2464/5635 1726/2463/5636 1718/2455/5637 1719/2456/5638
f 1712/2450/5639 1720/2458/5640 1727/2464/5641 1719/2456/5642
f 1729/2465/5643 1728/2477/5644 1720/2482/5645 1721/2488/5646
f 1730/2467/5647 1729/2465/5648 1721/2488/5649 1722/2487/5650
f 1731/2474/5651 1730/2467/5652 1722/2487/5653 1723/2486/5654
f 1732/2473/5655 1731/2474/5656 1723/2486/5657 1724/2485/5658
f 1733/2470/5659 1732/2473/5660 1724/2485/5661 1725/2484/5662
f 1734/2471/5663 1733/2499/5664 1725/2500/5665 1726/2483/5666
f 1735/2476/5667 1734/2471/5668 1726/2483/5669 1727/2481/5670
f 1720/2482/5671 1728/2477/5672 1735/2476/5673 1727/2481/5674
f 1728/2466/5675 1731/2468/5676 1732/2469/5677 1735/2472/5678
f 1735/2472/5679 1732/2469/5680 1733/2475/5681 1734/2478/5682
f 1729/2479/5683 1730/2480/5684 1731/2468/5685 1728/2466/5686
g default
v 4.890924 1.232240 8.105284
v 5.890924 1.232240 8.105284
v 4.890924 1.261218 8.105284
v 5.890924 1.261218 8.105284
v 4.890924 1.261218 7.863932
v 5.890924 1.261218 7.863932
v 4.890924 1.232240 7.863932
v 5.890924 1.232240 7.863932
v 5.590924 1.261218 7.863932
v 5.614318 1.232240 7.863932
v 5.614318 1.232240 8.105284
v 5.590924 1.261218 8.105284
v 5.567529 1.232240 7.863932
v 5.567529 1.232240 8.105284
v 5.190924 1.261218 7.863932
v 5.209990 1.232240 7.863932
v 5.209990 1.232240 8.105284
v 5.190924 1.261218 8.105284
v 5.171858 1.232240 7.863932
v 5.171858 1.232240 8.105284
v 5.190924 1.194370 7.987749
v 4.890924 1.194370 7.987749
v 4.890924 1.165393 7.987749
v 5.171858 1.165393 7.987749
v 5.209990 1.165393 7.987749
v 5.567529 1.165393 7.987749
v 5.614318 1.165393 7.987749
v 5.890924 1.165393 7.987749
v 5.890924 1.194370 7.987749
v 5.590924 1.194370 7.987749
v 4.890924 1.216427 7.911983
v 4.890924 1.187449 7.911983
v 5.171858 1.187449 7.911983
v 5.209990 1.187449 7.911983
v 5.567529 1.187449 7.911983
v 5.614318 1.187449 7.911983
v 5.890924 1.187449 7.911983
v 5.890924 1.216427 7.911983
v 5.590924 1.216427 7.911983
v 5.190924 1.216427 7.911983
v 4.890924 1.212595 8.052935
v 4.890924 1.183618 8.052935
v 5.171858 1.183618 8.052935
v 5.209990 1.183618 8.052935
v 5.567529 1.183618 8.052935
v 5.614318 1.183618 8.052935
v 5.890924 1.183618 8.052935
v 5.890924 1.212595 8.052935
v 5.590924 1.212595 8.052935
v 5.190924 1.212595 8.052935
v 5.567529 1.103121 8.105284
v 5.614318 1.103121 8.105284
v 5.567529 1.103121 7.863932
v 5.614318 1.103121 7.863932
v 5.171858 1.103121 8.105284
v 5.209990 1.103121 8.105284
v 5.171858 1.103121 7.863932
v 5.209990 1.103121 7.863932
vt 0.000047 0.001847
vt 0.000125 0.001778
vt 0.000039 0.001634
vt 0.005567 0.014090
vt 0.005472 0.014068
vt 0.005567 0.014068
vt 0.000039 0.001758
vt 0.005472 0.014001
vt 0.110481 0.001853
vt 0.782866 0.014447
vt 0.782800 0.014447
vt 0.000110 0.001794
vt 0.682960 0.014584
vt 0.000047 0.001787
vt 0.005254 0.014068
vt 0.005254 0.014090
vt 0.005348 0.014001
vt 0.005254 0.014001
vt 0.683049 0.014584
vt 0.089386 0.001894
vt 0.099817 0.001868
vt 0.089327 0.001878
vt 0.005348 0.014090
vt 0.005348 0.014068
vt 0.099975 0.001853
vt 0.089310 0.001853
vt 0.000085 0.001778
vt 0.000085 0.001853
vt 0.089386 0.001853
vt 0.000125 0.001778
vt 0.094640 0.001894
vt 0.110324 0.001865
vt 0.094580 0.001878
vt 0.000110 0.001794
vt 0.094564 0.001853
vt 0.000085 0.001778
vt 0.000085 0.001853
vt 0.094640 0.001853
vt 0.000039 0.001807
vt 0.005472 0.014047
vt 0.005472 0.014022
vt 0.005567 0.014022
vt 0.782846 0.014447
vt 0.000047 0.001807
vt 0.000111 0.001838
vt 0.000104 0.001815
vt 0.000104 0.001815
vt 0.094601 0.001873
vt 0.094624 0.001880
vt 0.000111 0.001838
vt 0.683004 0.014584
vt 0.089347 0.001873
vt 0.089371 0.001880
vt 0.000047 0.001833
vt 0.005254 0.014047
vt 0.005254 0.014022
vt 0.005348 0.014022
vt 0.005348 0.014047
vt 0.772293 0.014550
vt 0.772339 0.014550
vt 0.772314 0.014550
vt 0.772293 0.014438
vt 0.772339 0.014438
vt 0.772314 0.014438
vt 0.782800 0.014535
vt 0.782846 0.014535
vt 0.782821 0.014535
vt 0.682983 0.014498
vt 0.683029 0.014498
vt 0.683004 0.014498
vt 0.000039 0.001752
vt 0.683049 0.014498
vt 0.000039 0.001628
vt 0.772359 0.014438
vt 0.772271 0.014550
vt 0.000048 0.001767
vt 0.782778 0.014535
vt 0.000048 0.001640
vt 0.094564 0.001894
vt 0.110365 0.001853
vt 0.110324 0.001853
vt 0.110365 0.001865
vt 0.110440 0.001865
vt 0.110481 0.001865
vt 0.099817 0.001853
vt 0.099858 0.001853
vt 0.089310 0.001894
vt 0.000125 0.001853
vt 0.099934 0.001853
vt 0.099858 0.001868
vt 0.099934 0.001868
vt 0.099975 0.001868
vt 0.000048 0.001628
vt 0.772271 0.014438
vt 0.000048 0.001752
vt 0.682960 0.014498
vt 0.782778 0.014447
vt 0.000047 0.001826
vt 0.000047 0.001783
vt 0.782821 0.014447
vt 0.000039 0.001830
vt 0.005567 0.014047
vt 0.000039 0.001780
vt 0.000048 0.001540
vt 0.000039 0.001853
vt 0.000039 0.001540
vt 0.005472 0.014090
vt 0.000039 0.001760
vt 0.005567 0.014001
vt 0.000048 0.001634
vt 0.000039 0.001640
vt 0.772359 0.014550
vt 0.000047 0.001764
vt 0.782866 0.014535
vt 0.000048 0.001759
vt 0.000039 0.001787
vt 0.000039 0.001808
vt 0.000039 0.001833
vt 0.000048 0.001853
vt 0.000039 0.001853
vt 0.682983 0.014584
vt 0.000048 0.001853
vt 0.683029 0.014584
vt 0.000047 0.001808
vt 0.000039 0.001767
vt 0.000039 0.001853
vt 0.000125 0.001853
vt 0.110440 0.001853
vt 0.000039 0.001764
vt 0.000047 0.001764
vt 0.000039 0.001853
vt 0.000047 0.001853
vt 0.000048 0.001540
vt 0.000039 0.001540
vn 0.000000 0.000000 1.000000
vn 0.000000 0.000000 1.000000
vn 0.000000 0.000000 1.000000
vn 0.000000 0.000000 1.000000
vn 0.000000 0.732708 -0.680543
vn 0.000000 0.732708 -0.680543
vn 0.000000 0.869247 -0.494378
vn 0.000000 0.869247 -0.494378
vn 0.000000 0.000000 -1.000000
vn 0.000000 0.000000 -1.000000
vn 0.000000 0.000000 -1.000000
vn 0.000000 0.000000 -1.000000
vn 0.000000 -0.869247 0.494378
vn 0.000000 -0.869247 0.494378
vn 0.000000 -0.732708 0.680543
vn 0.000000 -0.732708 0.680543
vn 1.000000 0.000000 0.000000
vn 1.000000 0.000000 0.000000
vn 1.000000 0.000000 0.000000
vn 1.000000 0.000000 0.000000
vn -1.000000 0.000000 0.000000
vn -1.000000 0.000000 0.000000
vn -1.000000 0.000000 0.000000
vn -1.000000 0.000000 0.000000
vn 0.000000 0.000000 -1.000000
vn 0.000000 0.000000 -1.000000
vn 0.000000 0.000000 -1.000000
vn 0.000000 0.000000 -1.000000
vn 0.000000 -0.732709 0.680543
vn 0.000000 -0.869247 0.494378
vn 0.000000 -0.869247 0.494378
vn 0.000000 -0.732709 0.680543
vn 0.000000 0.000000 1.000000
vn 0.000000 0.000000 1.000000
vn 0.000000 0.000000 1.000000
vn 0.000000 0.000000 1.000000
vn 0.000000 0.869247 -0.494379
vn 0.000000 0.732708 -0.680543
vn 0.000000 0.732707 -0.680544
vn 0.000000 0.869247 -0.494379
vn 0.000000 0.000000 -1.000000
vn 0.000000 0.000000 -1.000000
vn 0.000000 0.000000 -1.000000
vn 0.000000 -1.000000 0.000000
vn 0.000000 -1.000000 0.000000
vn 0.000000 -1.000000 0.000000
vn 0.000000 -1.000000 0.000000
vn 0.000000 0.000000 1.000000
vn 0.000000 0.000000 1.000000
vn 0.000000 0.000000 1.000000
vn 0.000000 0.000000 -1.000000
vn 0.000000 0.000000 -1.000000
vn 0.000000 0.000000 -1.000000
vn 0.000000 0.000000 -1.000000
vn 0.000000 -0.732709 0.680542
vn 0.000000 -0.869247 0.494378
vn 0.000000 -0.869247 0.494378
vn 0.000000 -0.732709 0.680542
vn 0.000000 0.000000 1.000000
vn 0.000000 0.000000 1.000000
vn 0.000000 0.000000 1.000000
vn 0.000000 0.000000 1.000000
vn 0.000000 0.869247 -0.494378
vn 0.000000 0.732708 -0.680543
vn 0.000000 0.732708 -0.680543
vn 0.000000 0.869247 -0.494379
vn 0.000000 0.000000 -1.000000
vn 0.000000 0.000000 -1.000000
vn 0.000000 0.000000 -1.000000
vn 0.000000 -1.000000 0.000000
vn 0.000000 -1.000000 0.000000
vn 0.000000 -1.000000 0.000000
vn 0.000000 -1.000000 0.000000
vn 0.000000 0.000000 1.000000
vn 0.000000 0.000000 1.000000
vn 0.000000 0.000000 1.000000
vn 0.000000 0.999631 0.027172
vn 0.000000 0.999631 0.027172
vn 0.000000 0.879946 0.475073
vn 0.000000 0.879946 0.475073
vn -1.000000 0.000000 0.000000
vn -1.000000 0.000000 0.000000
vn -1.000000 0.000000 0.000000
vn -1.000000 0.000000 0.000000
vn 0.000000 -0.879947 -0.475072
vn 0.000000 -0.879947 -0.475072
vn 0.000000 -0.999631 -0.027172
vn 0.000000 -0.999631 -0.027172
vn 0.000000 -0.999631 -0.027172
vn 0.000000 -0.999631 -0.027172
vn 0.000000 -0.879947 -0.475072
vn 0.000000 -0.879947 -0.475072
vn 0.000000 -0.999631 -0.027173
vn 0.000000 -0.999631 -0.027173
vn 0.000000 -0.879947 -0.475072
vn 0.000000 -0.879947 -0.475072
vn 1.000000 0.000000 0.000000
vn 1.000000 0.000000 0.000000
vn 1.000000 0.000000 0.000000
vn 1.000000 0.000000 0.000000
vn 0.000000 0.879947 0.475073
vn 0.000000 0.999631 0.027172
vn 0.000000 0.999631 0.027172
vn 0.000000 0.879947 0.475073
vn 0.000000 0.879946 0.475073
vn 0.000000 0.999631 0.027172
vn 0.000000 0.999631 0.027172
vn 0.000000 0.879947 0.475073
vn -1.000000 0.000000 0.000000
vn -1.000000 0.000000 0.000000
vn -1.000000 0.000000 0.000000
vn -1.000000 0.000000 0.000000
vn 0.000000 -0.731486 -0.681856
vn 0.000000 -0.731486 -0.681856
vn 0.000000 -0.879947 -0.475072
vn 0.000000 -0.879947 -0.475072
vn 0.000000 -0.879947 -0.475072
vn 0.000000 -0.879947 -0.475072
vn 0.000000 -0.731487 -0.681855
vn 0.000000 -0.731487 -0.681855
vn 0.000000 -0.879947 -0.475072
vn 0.000000 -0.879947 -0.475072
vn 0.000000 -0.731487 -0.681855
vn 0.000000 -0.731487 -0.681855
vn 1.000000 0.000000 0.000000
vn 1.000000 0.000000 0.000000
vn 1.000000 0.000000 0.000000
vn 1.000000 0.000000 0.000000
vn 0.000000 0.731486 0.681856
vn 0.000000 0.879947 0.475073
vn 0.000000 0.879947 0.475073
vn 0.000000 0.731486 0.681856
vn 0.000000 0.731486 0.681856
vn 0.000000 0.879946 0.475073
vn 0.000000 0.879947 0.475073
vn 0.000000 0.731486 0.681856
vn 0.000000 0.879946 0.475073
vn 0.000000 0.879946 0.475073
vn 0.000000 0.731486 0.681856
vn 0.000000 0.731486 0.681857
vn -1.000000 0.000000 0.000000
vn -1.000000 0.000000 0.000000
vn -1.000000 0.000000 0.000000
vn -1.000000 0.000000 0.000000
vn 0.000000 -0.999631 -0.027172
vn 0.000000 -0.999631 -0.027172
vn 0.000000 -0.869247 0.494378
vn 0.000000 -0.869247 0.494378
vn 0.000000 -0.869247 0.494378
vn 0.000000 -0.869247 0.494378
vn 0.000000 -0.999631 -0.027172
vn 0.000000 -0.999631 -0.027172
vn 0.000000 -0.869247 0.494378
vn 0.000000 -0.869247 0.494378
vn 0.000000 -0.999631 -0.027173
vn 0.000000 -0.999631 -0.027173
vn 1.000000 0.000000 0.000000
vn 1.000000 0.000000 0.000000
vn 1.000000 0.000000 0.000000
vn 1.000000 0.000000 0.000000
vn 0.000000 0.999631 0.027172
vn 0.000000 0.869247 -0.494379
vn 0.000000 0.869247 -0.494379
vn 0.000000 0.999631 0.027172
vn 0.000000 0.999631 0.027172
vn 0.000000 0.869247 -0.494378
vn 0.000000 0.869247 -0.494379
vn 0.000000 0.999631 0.027172
vn 0.000000 0.869247 -0.494378
vn 0.000000 0.869247 -0.494378
vn 0.000000 0.999631 0.027172
vn 0.000000 0.999631 0.027172
vn -1.000000 0.000000 0.000000
vn -1.000000 0.000000 0.000000
vn -1.000000 0.000000 0.000000
vn 0.000000 0.000000 1.000000
vn 0.000000 0.000000 1.000000
vn 0.000000 0.000000 1.000000
vn 0.000000 0.000000 1.000000
vn 0.000000 0.000000 -1.000000
vn 0.000000 0.000000 -1.000000
vn 0.000000 0.000000 -1.000000
vn 0.000000 0.000000 -1.000000
vn 1.000000 -0.000004 0.000000
vn 1.000000 -0.000005 0.000000
vn 1.000000 0.000000 0.000000
vn -1.000000 -0.000009 0.000000
vn -1.000000 0.000000 0.000000
vn -1.000000 -0.000009 0.000000
vn 0.000000 0.000000 1.000000
vn 0.000000 0.000000 1.000000
vn 0.000000 0.000000 1.000000
vn 0.000000 0.000000 1.000000
vn 0.000000 0.000000 -1.000000
vn 0.000000 0.000000 -1.000000
vn 0.000000 0.000000 -1.000000
vn 0.000000 0.000000 -1.000000
vn 1.000000 -0.000008 0.000000
vn 1.000000 -0.000009 0.000000
vn 1.000000 0.000000 0.000000
vn -1.000000 0.000000 0.000000
vn -1.000000 0.000000 0.000000
vn -1.000000 0.000000 0.000000
vn -1.000000 0.000000 0.000000
vn -1.000000 0.000000 0.000000
vn -1.000000 0.000000 0.000000
vn -1.000000 0.000000 0.000000
vn 1.000000 -0.000002 0.000000
vn 1.000000 -0.000005 0.000000
vn 1.000000 -0.000004 0.000000
vn 1.000000 -0.000004 0.000000
vn 1.000000 -0.000002 0.000000
vn 1.000000 0.000005 0.000000
vn 1.000000 0.000000 0.000000
vn 1.000000 -0.000002 0.000000
vn 1.000000 -0.000004 0.000000
vn 1.000000 0.000005 0.000000
vn -1.000000 0.000000 0.000000
vn -1.000000 0.000000 0.000000
vn -1.000000 0.000000 0.000000
vn 1.000000 -0.000006 0.000000
vn 1.000000 -0.000009 0.000000
vn 1.000000 -0.000008 0.000000
vn 1.000000 -0.000010 0.000000
vn 1.000000 -0.000006 0.000000
vn 1.000000 -0.000010 0.000000
vn 1.000000 0.000000 0.000000
vn 1.000000 -0.000006 0.000000
vn 1.000000 0.000000 0.000000
vn 1.000000 0.000000 0.000000
vn -1.000000 -0.000006 0.000000
vn -1.000000 -0.000010 0.000000
vn -1.000000 0.000000 0.000000
vn -1.000000 -0.000009 0.000000
vn -1.000000 -0.000009 0.000000
vn -1.000000 -0.000010 0.000000
vn -1.000000 -0.000006 0.000000
vn -1.000000 -0.000006 0.000000
vn -1.000000 0.000000 0.000000
vn -1.000000 0.000000 0.000000
s off
g Adicionales group16 pCube79 Decorativo2
usemtl pCylinder30SG
f 1755/2605/5687 1753/2515/5688 1738/2618/5689 1736/2616/5690
f 1738/2516/5691 1753/2619/5692 1785/2517/5693 1776/2518/5694
f 1740/2645/5695 1750/2622/5696 1754/2585/5697 1742/2646/5698
f 1777/2523/5699 1778/2577/5700 1755/2589/5701 1736/2609/5702
f 1783/2628/5703 1739/2641/5704 1737/2642/5705 1782/2526/5706
f 1738/2617/5707 1776/2613/5708 1777/2610/5709 1736/2513/5710
f 1744/2627/5711 1741/2631/5712 1743/2638/5713 1745/2637/5714
f 1746/2608/5715 1781/2580/5716 1782/2633/5717 1737/2525/5718
f 1739/2632/5719 1747/2620/5720 1746/2588/5721 1737/2634/5722
f 1784/2536/5723 1747/2535/5724 1739/2528/5725 1783/2527/5726
f 1744/2627/5727 1745/2637/5728 1748/2583/5729
f 1787/2602/5730 1786/2598/5731 1788/2601/5732 1789/2603/5733
f 1747/2620/5734 1749/2607/5735 1746/2588/5736
f 1750/2622/5737 1744/2627/5738 1748/2583/5739 1751/2623/5740
f 1752/2606/5741 1779/2574/5742 1780/2571/5743 1749/2587/5744
f 1747/2620/5745 1753/2515/5746 1752/2590/5747 1749/2607/5748
f 1785/2517/5749 1753/2619/5750 1747/2535/5751 1784/2536/5752
f 1750/2622/5753 1751/2623/5754 1754/2585/5755
f 1791/2594/5756 1790/2592/5757 1792/2640/5758 1793/2595/5759
f 1753/2515/5760 1755/2605/5761 1752/2590/5762
f 1757/2614/5763 1756/2552/5764 1775/2553/5765 1766/2554/5766
f 1757/2551/5767 1766/2615/5768 1767/2611/5769 1758/2556/5770
f 1767/2555/5771 1768/2578/5772 1759/2579/5773 1758/2612/5774
f 1761/2573/5775 1760/2576/5776 1769/2575/5777 1770/2572/5778
f 1763/2563/5779 1762/2582/5780 1771/2581/5781 1772/2635/5782
f 1773/2630/5783 1764/2629/5784 1763/2636/5785 1772/2566/5786
f 1774/2569/5787 1765/2570/5788 1764/2567/5789 1773/2568/5790
f 1775/2553/5791 1756/2552/5792 1765/2570/5793 1774/2569/5794
f 1766/2615/5795 1740/2519/5796 1742/2625/5797 1767/2611/5798
f 1742/2522/5799 1754/2626/5800 1768/2578/5801 1767/2555/5802
f 1770/2572/5803 1769/2575/5804 1751/2586/5805 1748/2624/5806
f 1772/2635/5807 1771/2581/5808 1745/2584/5809 1743/2531/5810
f 1741/2643/5811 1773/2630/5812 1772/2566/5813 1743/2644/5814
f 1744/2529/5815 1774/2569/5816 1773/2568/5817 1741/2530/5818
f 1750/2520/5819 1775/2553/5820 1774/2569/5821 1744/2529/5822
f 1766/2554/5823 1775/2553/5824 1750/2520/5825 1740/2621/5826
f 1776/2613/5827 1757/2551/5828 1758/2556/5829 1777/2610/5830
f 1758/2612/5831 1759/2579/5832 1778/2577/5833 1777/2523/5834
f 1780/2571/5835 1779/2574/5836 1760/2576/5837 1761/2573/5838
f 1782/2633/5839 1781/2580/5840 1762/2582/5841 1763/2563/5842
f 1764/2629/5843 1783/2628/5844 1782/2526/5845 1763/2636/5846
f 1765/2570/5847 1784/2536/5848 1783/2527/5849 1764/2567/5850
f 1756/2552/5851 1785/2517/5852 1784/2536/5853 1765/2570/5854
f 1776/2518/5855 1785/2517/5856 1756/2552/5857 1757/2614/5858
f 1786/2539/5859 1749/2542/5860 1780/2546/5861
f 1746/2533/5862 1749/2597/5863 1786/2598/5864 1787/2602/5865
f 1748/2537/5866 1745/2604/5867 1789/2603/5868 1788/2601/5869
f 1771/2565/5870 1789/2541/5871 1745/2532/5872
f 1790/2548/5873 1755/2514/5874 1778/2524/5875
f 1752/2544/5876 1755/2593/5877 1790/2592/5878 1791/2594/5879
f 1754/2521/5880 1751/2596/5881 1793/2595/5882 1792/2640/5883
f 1769/2561/5884 1793/2550/5885 1751/2543/5886
f 1786/2539/5887 1780/2546/5888 1761/2559/5889 1788/2540/5890
f 1788/2540/5891 1770/2562/5892 1748/2600/5893
f 1787/2538/5894 1789/2541/5895 1771/2565/5896 1762/2564/5897
f 1787/2538/5898 1781/2534/5899 1746/2599/5900
f 1787/2538/5901 1762/2564/5902 1781/2534/5903
f 1788/2540/5904 1761/2559/5905 1770/2562/5906
f 1791/2547/5907 1793/2550/5908 1769/2561/5909 1760/2560/5910
f 1791/2547/5911 1760/2560/5912 1779/2545/5913
f 1791/2547/5914 1779/2545/5915 1752/2591/5916
f 1792/2549/5917 1759/2558/5918 1768/2557/5919
f 1790/2548/5920 1778/2524/5921 1759/2558/5922 1792/2549/5923
f 1792/2549/5924 1768/2557/5925 1754/2639/5926
g default
v 5.426108 1.240843 7.930394
v 5.382003 1.240843 7.912125
v 5.337898 1.240843 7.930394
v 5.319629 1.240843 7.974499
v 5.337898 1.240843 8.018604
v 5.382003 1.240843 8.036873
v 5.426108 1.240843 8.018604
v 5.444377 1.240843 7.974499
v 5.458395 1.286504 7.898107
v 5.382003 1.286504 7.866463
v 5.305611 1.286504 7.898107
v 5.273968 1.286504 7.974499
v 5.305611 1.286504 8.050892
v 5.382003 1.286504 8.082534
v 5.458395 1.286504 8.050891
v 5.490038 1.286504 7.974499
v 5.470213 1.348878 7.886289
v 5.382003 1.348878 7.849751
v 5.293793 1.348878 7.886289
v 5.257255 1.348878 7.974499
v 5.293793 1.348878 8.062709
v 5.382003 1.348878 8.099247
v 5.470213 1.348878 8.062709
v 5.506751 1.348878 7.974499
v 5.458395 1.411252 7.898107
v 5.382003 1.411252 7.866463
v 5.305611 1.411252 7.898107
v 5.273968 1.411252 7.974499
v 5.305611 1.411252 8.050892
v 5.382003 1.411252 8.082534
v 5.458395 1.411252 8.050891
v 5.490038 1.411252 7.974499
v 5.426108 1.456913 7.930394
v 5.382003 1.456913 7.912125
v 5.337898 1.456913 7.930394
v 5.319629 1.456913 7.974499
v 5.337898 1.456913 8.018604
v 5.382003 1.456913 8.036873
v 5.426108 1.456913 8.018604
v 5.444377 1.456913 7.974499
v 5.382003 1.473626 7.974499
vt 0.257490 0.014105
vt 0.257513 0.014105
vt 0.257513 0.014124
vt 0.257490 0.014124
vt 0.257536 0.014105
vt 0.257536 0.014124
vt 0.257559 0.014105
vt 0.257559 0.014124
vt 0.257582 0.014105
vt 0.257582 0.014124
vt 0.257603 0.014105
vt 0.257424 0.014124
vt 0.257444 0.014105
vt 0.257444 0.014124
vt 0.257467 0.014105
vt 0.257467 0.014124
vt 0.257513 0.014148
vt 0.257490 0.014148
vt 0.257536 0.014148
vt 0.257559 0.014148
vt 0.257582 0.014148
vt 0.257424 0.014148
vt 0.257444 0.014148
vt 0.257467 0.014148
vt 0.257513 0.014171
vt 0.257490 0.014171
vt 0.257536 0.014171
vt 0.257559 0.014171
vt 0.257582 0.014171
vt 0.257424 0.014171
vt 0.257444 0.014171
vt 0.257467 0.014171
vt 0.000233 0.001853
vt 0.000243 0.001843
vt 0.000217 0.001853
vt 0.000207 0.001843
vt 0.000207 0.001827
vt 0.000217 0.001817
vt 0.000233 0.001817
vt 0.000243 0.001827
vt 0.000225 0.001835
vt 0.257467 0.014190
vt 0.257490 0.014190
vt 0.257444 0.014190
vt 0.257424 0.014190
vt 0.257582 0.014190
vt 0.257559 0.014190
vt 0.257536 0.014190
vt 0.257513 0.014190
vt 0.257603 0.014190
vt 0.257603 0.014171
vt 0.257603 0.014148
vt 0.257603 0.014124
vt 0.257424 0.014105
vn 0.281093 -0.678597 -0.678596
vn 0.281093 -0.678597 -0.678596
vn 0.281093 -0.678597 -0.678596
vn 0.281093 -0.678597 -0.678596
vn -0.281094 -0.678599 -0.678594
vn -0.281094 -0.678599 -0.678594
vn -0.281094 -0.678599 -0.678594
vn -0.281094 -0.678599 -0.678594
vn -0.678598 -0.678598 -0.281087
vn -0.678598 -0.678598 -0.281087
vn -0.678598 -0.678598 -0.281087
vn -0.678598 -0.678598 -0.281087
vn -0.678602 -0.678595 0.281086
vn -0.678602 -0.678594 0.281086
vn -0.678602 -0.678594 0.281086
vn -0.678602 -0.678594 0.281086
vn -0.281081 -0.678600 0.678598
vn -0.281081 -0.678600 0.678598
vn -0.281081 -0.678600 0.678598
vn -0.281081 -0.678600 0.678598
vn 0.281080 -0.678598 0.678601
vn 0.281080 -0.678598 0.678601
vn 0.281080 -0.678598 0.678601
vn 0.281080 -0.678598 0.678601
vn 0.678604 -0.678593 0.281086
vn 0.678604 -0.678593 0.281086
vn 0.678604 -0.678593 0.281086
vn 0.678604 -0.678593 0.281086
vn 0.678602 -0.678594 -0.281087
vn 0.678602 -0.678594 -0.281087
vn 0.678602 -0.678594 -0.281087
vn 0.678602 -0.678594 -0.281087
vn 0.371475 -0.240299 -0.896807
vn 0.371475 -0.240299 -0.896807
vn 0.371475 -0.240299 -0.896807
vn 0.371475 -0.240299 -0.896807
vn -0.371477 -0.240294 -0.896807
vn -0.371477 -0.240294 -0.896807
vn -0.371477 -0.240294 -0.896807
vn -0.371477 -0.240294 -0.896807
vn -0.896809 -0.240296 -0.371473
vn -0.896809 -0.240296 -0.371473
vn -0.896809 -0.240296 -0.371473
vn -0.896808 -0.240296 -0.371473
vn -0.896810 -0.240295 0.371471
vn -0.896810 -0.240295 0.371471
vn -0.896810 -0.240295 0.371471
vn -0.896810 -0.240295 0.371471
vn -0.371469 -0.240291 0.896812
vn -0.371468 -0.240291 0.896812
vn -0.371468 -0.240291 0.896812
vn -0.371469 -0.240291 0.896812
vn 0.371477 -0.240295 0.896807
vn 0.371477 -0.240295 0.896807
vn 0.371477 -0.240295 0.896807
vn 0.371477 -0.240295 0.896807
vn 0.896808 -0.240298 0.371474
vn 0.896808 -0.240298 0.371474
vn 0.896808 -0.240298 0.371474
vn 0.896808 -0.240298 0.371474
vn 0.896808 -0.240302 -0.371470
vn 0.896808 -0.240302 -0.371470
vn 0.896808 -0.240302 -0.371470
vn 0.896808 -0.240302 -0.371470
vn 0.371476 0.240297 -0.896807
vn 0.371476 0.240297 -0.896807
vn 0.371476 0.240297 -0.896807
vn 0.371476 0.240297 -0.896807
vn -0.371478 0.240294 -0.896807
vn -0.371478 0.240294 -0.896807
vn -0.371478 0.240294 -0.896807
vn -0.371478 0.240294 -0.896807
vn -0.896809 0.240297 -0.371472
vn -0.896809 0.240297 -0.371472
vn -0.896809 0.240297 -0.371472
vn -0.896809 0.240297 -0.371472
vn -0.896810 0.240295 0.371471
vn -0.896810 0.240295 0.371471
vn -0.896810 0.240295 0.371471
vn -0.896810 0.240295 0.371471
vn -0.371469 0.240293 0.896811
vn -0.371469 0.240293 0.896811
vn -0.371469 0.240293 0.896811
vn -0.371469 0.240293 0.896811
vn 0.371477 0.240295 0.896807
vn 0.371477 0.240295 0.896807
vn 0.371477 0.240295 0.896807
vn 0.371477 0.240295 0.896807
vn 0.896808 0.240298 0.371474
vn 0.896808 0.240298 0.371474
vn 0.896808 0.240298 0.371474
vn 0.896808 0.240298 0.371474
vn 0.896809 0.240302 -0.371469
vn 0.896809 0.240302 -0.371469
vn 0.896809 0.240302 -0.371469
vn 0.896809 0.240302 -0.371469
vn 0.281092 0.678600 -0.678594
vn 0.281092 0.678600 -0.678594
vn 0.281092 0.678600 -0.678594
vn 0.281092 0.678600 -0.678594
vn -0.281093 0.678599 -0.678594
vn -0.281093 0.678599 -0.678594
vn -0.281093 0.678599 -0.678594
vn -0.281093 0.678599 -0.678594
vn -0.678598 0.678598 -0.281085
vn -0.678598 0.678598 -0.281085
vn -0.678598 0.678598 -0.281085
vn -0.678598 0.678598 -0.281085
vn -0.678602 0.678595 0.281084
vn -0.678602 0.678595 0.281084
vn -0.678602 0.678595 0.281084
vn -0.678602 0.678595 0.281084
vn -0.281081 0.678598 0.678600
vn -0.281081 0.678598 0.678600
vn -0.281081 0.678598 0.678600
vn -0.281081 0.678598 0.678600
vn 0.281080 0.678598 0.678600
vn 0.281080 0.678598 0.678600
vn 0.281080 0.678598 0.678600
vn 0.281080 0.678598 0.678600
vn 0.678604 0.678593 0.281085
vn 0.678604 0.678593 0.281085
vn 0.678604 0.678593 0.281085
vn 0.678604 0.678593 0.281085
vn 0.678600 0.678596 -0.281086
vn 0.678600 0.678596 -0.281086
vn 0.678600 0.678596 -0.281086
vn 0.678600 0.678596 -0.281086
vn 0.106592 0.960424 -0.257341
vn 0.106592 0.960424 -0.257341
vn 0.106592 0.960424 -0.257341
vn -0.106595 0.960422 -0.257346
vn -0.106595 0.960422 -0.257346
vn -0.106595 0.960422 -0.257346
vn -0.257353 0.960420 -0.106598
vn -0.257353 0.960420 -0.106598
vn -0.257353 0.960420 -0.106598
vn -0.257341 0.960423 0.106598
vn -0.257341 0.960423 0.106598
vn -0.257341 0.960423 0.106598
vn -0.106593 0.960423 0.257343
vn -0.106593 0.960423 0.257343
vn -0.106593 0.960423 0.257343
vn 0.106592 0.960424 0.257341
vn 0.106592 0.960424 0.257341
vn 0.106592 0.960424 0.257341
vn 0.257341 0.960423 0.106598
vn 0.257341 0.960423 0.106598
vn 0.257341 0.960423 0.106598
vn 0.257353 0.960420 -0.106598
vn 0.257353 0.960420 -0.106598
vn 0.257353 0.960420 -0.106598
s off
g Adicionales group16 Decorativo2 pSphere9
usemtl pCylinder30SG
f 1794/2647/5927 1795/2648/5928 1803/2649/5929 1802/2650/5930
f 1795/2648/5931 1796/2651/5932 1804/2652/5933 1803/2649/5934
f 1796/2651/5935 1797/2653/5936 1805/2654/5937 1804/2652/5938
f 1797/2653/5939 1798/2655/5940 1806/2656/5941 1805/2654/5942
f 1798/2655/5943 1799/2657/5944 1807/2699/5945 1806/2656/5946
f 1799/2700/5947 1800/2659/5948 1808/2660/5949 1807/2658/5950
f 1800/2659/5951 1801/2661/5952 1809/2662/5953 1808/2660/5954
f 1801/2661/5955 1794/2647/5956 1802/2650/5957 1809/2662/5958
f 1802/2650/5959 1803/2649/5960 1811/2663/5961 1810/2664/5962
f 1803/2649/5963 1804/2652/5964 1812/2665/5965 1811/2663/5966
f 1804/2652/5967 1805/2654/5968 1813/2666/5969 1812/2665/5970
f 1805/2654/5971 1806/2656/5972 1814/2667/5973 1813/2666/5974
f 1806/2656/5975 1807/2699/5976 1815/2698/5977 1814/2667/5978
f 1807/2658/5979 1808/2660/5980 1816/2669/5981 1815/2668/5982
f 1808/2660/5983 1809/2662/5984 1817/2670/5985 1816/2669/5986
f 1809/2662/5987 1802/2650/5988 1810/2664/5989 1817/2670/5990
f 1810/2664/5991 1811/2663/5992 1819/2671/5993 1818/2672/5994
f 1811/2663/5995 1812/2665/5996 1820/2673/5997 1819/2671/5998
f 1812/2665/5999 1813/2666/6000 1821/2674/6001 1820/2673/6002
f 1813/2666/6003 1814/2667/6004 1822/2675/6005 1821/2674/6006
f 1814/2667/6007 1815/2698/6008 1823/2697/6009 1822/2675/6010
f 1815/2668/6011 1816/2669/6012 1824/2677/6013 1823/2676/6014
f 1816/2669/6015 1817/2670/6016 1825/2678/6017 1824/2677/6018
f 1817/2670/6019 1810/2664/6020 1818/2672/6021 1825/2678/6022
f 1818/2672/6023 1819/2671/6024 1827/2695/6025 1826/2689/6026
f 1819/2671/6027 1820/2673/6028 1828/2694/6029 1827/2695/6030
f 1820/2673/6031 1821/2674/6032 1829/2693/6033 1828/2694/6034
f 1821/2674/6035 1822/2675/6036 1830/2692/6037 1829/2693/6038
f 1822/2675/6039 1823/2697/6040 1831/2696/6041 1830/2692/6042
f 1823/2676/6043 1824/2677/6044 1832/2690/6045 1831/2691/6046
f 1824/2677/6047 1825/2678/6048 1833/2688/6049 1832/2690/6050
f 1825/2678/6051 1818/2672/6052 1826/2689/6053 1833/2688/6054
f 1826/2680/6055 1827/2679/6056 1834/2687/6057
f 1827/2679/6058 1828/2681/6059 1834/2687/6060
f 1828/2681/6061 1829/2682/6062 1834/2687/6063
f 1829/2682/6064 1830/2683/6065 1834/2687/6066
f 1830/2683/6067 1831/2684/6068 1834/2687/6069
f 1831/2684/6070 1832/2685/6071 1834/2687/6072
f 1832/2685/6073 1833/2686/6074 1834/2687/6075
f 1833/2686/6076 1826/2680/6077 1834/2687/6078
g default
v 5.110396 1.238112 7.923047
v 5.058944 1.238112 7.901734
v 5.007492 1.238112 7.923047
v 4.986180 1.238112 7.974499
v 5.007492 1.238112 8.025951
v 5.058944 1.238112 8.047263
v 5.110396 1.238112 8.025951
v 5.131709 1.238112 7.974499
v 5.148062 1.291379 7.885381
v 5.058944 1.291379 7.848467
v 4.969826 1.291379 7.885381
v 4.932912 1.291379 7.974499
v 4.969826 1.291379 8.063617
v 5.058944 1.291379 8.100531
v 5.148062 1.291379 8.063617
v 5.184976 1.291379 7.974499
v 5.161849 1.364144 7.871594
v 5.058944 1.364144 7.828970
v 4.956040 1.364144 7.871594
v 4.913415 1.364144 7.974499
v 4.956040 1.364144 8.077403
v 5.058944 1.364144 8.120028
v 5.161849 1.364144 8.077403
v 5.204473 1.364144 7.974499
v 5.148062 1.436908 7.885381
v 5.058944 1.436908 7.848467
v 4.969826 1.436908 7.885381
v 4.932912 1.436908 7.974499
v 4.969826 1.436908 8.063617
v 5.058944 1.436908 8.100531
v 5.148062 1.436908 8.063617
v 5.184976 1.436908 7.974499
v 5.110396 1.490176 7.923047
v 5.058944 1.490176 7.901734
v 5.007492 1.490176 7.923047
v 4.986180 1.490176 7.974499
v 5.007492 1.490176 8.025951
v 5.058944 1.490176 8.047263
v 5.110396 1.490176 8.025951
v 5.131709 1.490176 7.974499
v 5.058944 1.509673 7.974499
vt 0.257501 0.014005
vt 0.257528 0.014005
vt 0.257528 0.014027
vt 0.257501 0.014027
vt 0.257555 0.014005
vt 0.257555 0.014027
vt 0.257582 0.014005
vt 0.257582 0.014027
vt 0.257609 0.014005
vt 0.257609 0.014027
vt 0.257632 0.014005
vt 0.257424 0.014027
vt 0.257447 0.014005
vt 0.257447 0.014027
vt 0.257474 0.014005
vt 0.257474 0.014027
vt 0.257528 0.014055
vt 0.257501 0.014055
vt 0.257555 0.014055
vt 0.257582 0.014055
vt 0.257609 0.014055
vt 0.257424 0.014055
vt 0.257447 0.014055
vt 0.257474 0.014055
vt 0.257528 0.014082
vt 0.257501 0.014082
vt 0.257555 0.014082
vt 0.257582 0.014082
vt 0.257609 0.014082
vt 0.257424 0.014082
vt 0.257447 0.014082
vt 0.257474 0.014082
vt 0.478115 0.001873
vt 0.478115 0.001855
vt 0.478103 0.001885
vt 0.478085 0.001885
vt 0.478072 0.001873
vt 0.478072 0.001855
vt 0.478085 0.001843
vt 0.478103 0.001843
vt 0.478094 0.001864
vt 0.257474 0.014105
vt 0.257501 0.014105
vt 0.257447 0.014105
vt 0.257424 0.014105
vt 0.257609 0.014105
vt 0.257582 0.014105
vt 0.257555 0.014105
vt 0.257528 0.014105
vt 0.257632 0.014105
vt 0.257632 0.014082
vt 0.257632 0.014055
vt 0.257632 0.014027
vt 0.257424 0.014005
vn 0.281083 -0.678599 -0.678598
vn 0.281083 -0.678599 -0.678598
vn 0.281083 -0.678599 -0.678598
vn 0.281083 -0.678599 -0.678598
vn -0.281083 -0.678601 -0.678597
vn -0.281083 -0.678601 -0.678597
vn -0.281083 -0.678601 -0.678597
vn -0.281083 -0.678601 -0.678597
vn -0.678594 -0.678602 -0.281087
vn -0.678594 -0.678602 -0.281087
vn -0.678594 -0.678602 -0.281087
vn -0.678594 -0.678602 -0.281087
vn -0.678601 -0.678596 0.281083
vn -0.678601 -0.678596 0.281083
vn -0.678601 -0.678596 0.281083
vn -0.678601 -0.678596 0.281083
vn -0.281072 -0.678604 0.678598
vn -0.281072 -0.678604 0.678598
vn -0.281072 -0.678604 0.678598
vn -0.281072 -0.678604 0.678598
vn 0.281074 -0.678600 0.678601
vn 0.281074 -0.678600 0.678601
vn 0.281074 -0.678600 0.678601
vn 0.281074 -0.678600 0.678601
vn 0.678603 -0.678595 0.281084
vn 0.678603 -0.678594 0.281084
vn 0.678603 -0.678595 0.281084
vn 0.678603 -0.678594 0.281084
vn 0.678593 -0.678603 -0.281086
vn 0.678593 -0.678603 -0.281086
vn 0.678593 -0.678603 -0.281086
vn 0.678593 -0.678603 -0.281086
vn 0.371474 -0.240297 -0.896808
vn 0.371474 -0.240297 -0.896808
vn 0.371474 -0.240297 -0.896808
vn 0.371474 -0.240297 -0.896808
vn -0.371473 -0.240297 -0.896808
vn -0.371474 -0.240297 -0.896808
vn -0.371474 -0.240297 -0.896808
vn -0.371474 -0.240297 -0.896808
vn -0.896809 -0.240294 -0.371473
vn -0.896809 -0.240294 -0.371473
vn -0.896809 -0.240294 -0.371473
vn -0.896809 -0.240294 -0.371473
vn -0.896811 -0.240292 0.371471
vn -0.896811 -0.240292 0.371471
vn -0.896811 -0.240292 0.371471
vn -0.896811 -0.240292 0.371471
vn -0.371474 -0.240296 0.896808
vn -0.371474 -0.240296 0.896808
vn -0.371474 -0.240296 0.896808
vn -0.371474 -0.240296 0.896808
vn 0.371474 -0.240296 0.896808
vn 0.371474 -0.240296 0.896808
vn 0.371474 -0.240296 0.896808
vn 0.371474 -0.240296 0.896809
vn 0.896809 -0.240299 0.371470
vn 0.896809 -0.240299 0.371470
vn 0.896809 -0.240299 0.371470
vn 0.896809 -0.240299 0.371470
vn 0.896807 -0.240300 -0.371473
vn 0.896807 -0.240300 -0.371473
vn 0.896807 -0.240300 -0.371473
vn 0.896807 -0.240300 -0.371473
vn 0.371467 0.240298 -0.896811
vn 0.371467 0.240298 -0.896811
vn 0.371467 0.240298 -0.896811
vn 0.371467 0.240298 -0.896811
vn -0.371467 0.240296 -0.896811
vn -0.371467 0.240296 -0.896811
vn -0.371467 0.240296 -0.896811
vn -0.371467 0.240296 -0.896811
vn -0.896810 0.240292 -0.371471
vn -0.896810 0.240292 -0.371471
vn -0.896810 0.240292 -0.371471
vn -0.896810 0.240292 -0.371471
vn -0.896812 0.240290 0.371469
vn -0.896812 0.240290 0.371469
vn -0.896812 0.240290 0.371469
vn -0.896812 0.240290 0.371469
vn -0.371467 0.240295 0.896811
vn -0.371467 0.240295 0.896811
vn -0.371467 0.240296 0.896811
vn -0.371467 0.240295 0.896811
vn 0.371467 0.240295 0.896811
vn 0.371467 0.240295 0.896811
vn 0.371467 0.240295 0.896811
vn 0.371467 0.240295 0.896811
vn 0.896810 0.240297 0.371468
vn 0.896810 0.240297 0.371468
vn 0.896810 0.240297 0.371468
vn 0.896810 0.240297 0.371468
vn 0.896809 0.240299 -0.371471
vn 0.896809 0.240299 -0.371471
vn 0.896809 0.240299 -0.371471
vn 0.896809 0.240299 -0.371471
vn 0.281083 0.678600 -0.678598
vn 0.281083 0.678600 -0.678598
vn 0.281083 0.678600 -0.678598
vn 0.281083 0.678600 -0.678598
vn -0.281082 0.678601 -0.678597
vn -0.281083 0.678601 -0.678597
vn -0.281083 0.678601 -0.678597
vn -0.281083 0.678601 -0.678597
vn -0.678594 0.678602 -0.281086
vn -0.678594 0.678602 -0.281086
vn -0.678594 0.678602 -0.281086
vn -0.678594 0.678602 -0.281086
vn -0.678601 0.678596 0.281083
vn -0.678601 0.678596 0.281083
vn -0.678601 0.678596 0.281083
vn -0.678601 0.678596 0.281083
vn -0.281073 0.678603 0.678598
vn -0.281073 0.678603 0.678598
vn -0.281073 0.678603 0.678598
vn -0.281073 0.678603 0.678598
vn 0.281074 0.678600 0.678601
vn 0.281074 0.678600 0.678601
vn 0.281074 0.678600 0.678601
vn 0.281074 0.678600 0.678601
vn 0.678603 0.678595 0.281083
vn 0.678603 0.678595 0.281083
vn 0.678603 0.678595 0.281083
vn 0.678603 0.678595 0.281083
vn 0.678593 0.678603 -0.281086
vn 0.678593 0.678603 -0.281086
vn 0.678593 0.678603 -0.281086
vn 0.678593 0.678603 -0.281086
vn 0.106591 0.960423 -0.257346
vn 0.106591 0.960423 -0.257346
vn 0.106591 0.960423 -0.257346
vn -0.106591 0.960423 -0.257346
vn -0.106591 0.960423 -0.257346
vn -0.106591 0.960423 -0.257346
vn -0.257342 0.960423 -0.106596
vn -0.257342 0.960423 -0.106596
vn -0.257342 0.960423 -0.106596
vn -0.257342 0.960423 0.106596
vn -0.257342 0.960423 0.106596
vn -0.257342 0.960423 0.106596
vn -0.106605 0.960422 0.257342
vn -0.106605 0.960422 0.257342
vn -0.106605 0.960422 0.257342
vn 0.106605 0.960422 0.257342
vn 0.106605 0.960422 0.257342
vn 0.106605 0.960422 0.257342
vn 0.257342 0.960423 0.106596
vn 0.257342 0.960423 0.106596
vn 0.257342 0.960423 0.106596
vn 0.257342 0.960423 -0.106596
vn 0.257342 0.960423 -0.106596
vn 0.257342 0.960423 -0.106596
s off
g Adicionales group16 Decorativo2 pSphere10
usemtl pCylinder30SG
f 1835/2701/6079 1836/2702/6080 1844/2703/6081 1843/2704/6082
f 1836/2702/6083 1837/2705/6084 1845/2706/6085 1844/2703/6086
f 1837/2705/6087 1838/2707/6088 1846/2708/6089 1845/2706/6090
f 1838/2707/6091 1839/2709/6092 1847/2710/6093 1846/2708/6094
f 1839/2709/6095 1840/2711/6096 1848/2753/6097 1847/2710/6098
f 1840/2754/6099 1841/2713/6100 1849/2714/6101 1848/2712/6102
f 1841/2713/6103 1842/2715/6104 1850/2716/6105 1849/2714/6106
f 1842/2715/6107 1835/2701/6108 1843/2704/6109 1850/2716/6110
f 1843/2704/6111 1844/2703/6112 1852/2717/6113 1851/2718/6114
f 1844/2703/6115 1845/2706/6116 1853/2719/6117 1852/2717/6118
f 1845/2706/6119 1846/2708/6120 1854/2720/6121 1853/2719/6122
f 1846/2708/6123 1847/2710/6124 1855/2721/6125 1854/2720/6126
f 1847/2710/6127 1848/2753/6128 1856/2752/6129 1855/2721/6130
f 1848/2712/6131 1849/2714/6132 1857/2723/6133 1856/2722/6134
f 1849/2714/6135 1850/2716/6136 1858/2724/6137 1857/2723/6138
f 1850/2716/6139 1843/2704/6140 1851/2718/6141 1858/2724/6142
f 1851/2718/6143 1852/2717/6144 1860/2725/6145 1859/2726/6146
f 1852/2717/6147 1853/2719/6148 1861/2727/6149 1860/2725/6150
f 1853/2719/6151 1854/2720/6152 1862/2728/6153 1861/2727/6154
f 1854/2720/6155 1855/2721/6156 1863/2729/6157 1862/2728/6158
f 1855/2721/6159 1856/2752/6160 1864/2751/6161 1863/2729/6162
f 1856/2722/6163 1857/2723/6164 1865/2731/6165 1864/2730/6166
f 1857/2723/6167 1858/2724/6168 1866/2732/6169 1865/2731/6170
f 1858/2724/6171 1851/2718/6172 1859/2726/6173 1866/2732/6174
f 1859/2726/6175 1860/2725/6176 1868/2749/6177 1867/2743/6178
f 1860/2725/6179 1861/2727/6180 1869/2748/6181 1868/2749/6182
f 1861/2727/6183 1862/2728/6184 1870/2747/6185 1869/2748/6186
f 1862/2728/6187 1863/2729/6188 1871/2746/6189 1870/2747/6190
f 1863/2729/6191 1864/2751/6192 1872/2750/6193 1871/2746/6194
f 1864/2730/6195 1865/2731/6196 1873/2744/6197 1872/2745/6198
f 1865/2731/6199 1866/2732/6200 1874/2742/6201 1873/2744/6202
f 1866/2732/6203 1859/2726/6204 1867/2743/6205 1874/2742/6206
f 1867/2734/6207 1868/2733/6208 1875/2741/6209
f 1868/2733/6210 1869/2735/6211 1875/2741/6212
f 1869/2735/6213 1870/2736/6214 1875/2741/6215
f 1870/2736/6216 1871/2737/6217 1875/2741/6218
f 1871/2737/6219 1872/2738/6220 1875/2741/6221
f 1872/2738/6222 1873/2739/6223 1875/2741/6224
f 1873/2739/6225 1874/2740/6226 1875/2741/6227
f 1874/2740/6228 1867/2734/6229 1875/2741/6230
g default
v 5.728533 1.243391 7.934980
v 5.689014 1.243391 7.918611
v 5.649496 1.243391 7.934980
v 5.633127 1.243391 7.974499
v 5.649496 1.243391 8.014018
v 5.689014 1.243391 8.030387
v 5.728533 1.243391 8.014018
v 5.744903 1.243391 7.974499
v 5.757463 1.284304 7.906050
v 5.689014 1.284304 7.877697
v 5.620566 1.284304 7.906050
v 5.592214 1.284304 7.974499
v 5.620566 1.284304 8.042948
v 5.689014 1.284304 8.071300
v 5.757463 1.284304 8.042948
v 5.785816 1.284304 7.974499
v 5.768052 1.340192 7.895461
v 5.689014 1.340192 7.862722
v 5.609977 1.340192 7.895461
v 5.577239 1.340192 7.974499
v 5.609977 1.340192 8.053536
v 5.689014 1.340192 8.086274
v 5.768052 1.340192 8.053536
v 5.800791 1.340192 7.974499
v 5.757463 1.396080 7.906050
v 5.689014 1.396080 7.877697
v 5.620566 1.396080 7.906050
v 5.592214 1.396080 7.974499
v 5.620566 1.396080 8.042948
v 5.689014 1.396080 8.071300
v 5.757463 1.396080 8.042948
v 5.785816 1.396080 7.974499
v 5.728533 1.436993 7.934980
v 5.689014 1.436993 7.918611
v 5.649496 1.436993 7.934980
v 5.633127 1.436993 7.974499
v 5.649496 1.436993 8.014018
v 5.689014 1.436993 8.030387
v 5.728533 1.436993 8.014018
v 5.744903 1.436993 7.974499
v 5.689014 1.451968 7.974499
vt 0.688481 0.014239
vt 0.688502 0.014239
vt 0.688460 0.014239
vt 0.688439 0.014239
vt 0.688419 0.014239
vt 0.688563 0.014239
vt 0.688543 0.014239
vt 0.688522 0.014239
vt 0.688481 0.014221
vt 0.688502 0.014221
vt 0.688460 0.014221
vt 0.688439 0.014221
vt 0.688419 0.014221
vt 0.688563 0.014221
vt 0.688543 0.014221
vt 0.688522 0.014221
vt 0.688481 0.014203
vt 0.688502 0.014203
vt 0.688460 0.014203
vt 0.688439 0.014203
vt 0.688419 0.014203
vt 0.688563 0.014203
vt 0.688543 0.014203
vt 0.688522 0.014203
vt 0.000241 0.001842
vt 0.000241 0.001828
vt 0.000232 0.001851
vt 0.000218 0.001851
vt 0.000208 0.001842
vt 0.000208 0.001828
vt 0.000218 0.001819
vt 0.000232 0.001819
vt 0.000225 0.001835
vt 0.688522 0.014184
vt 0.688502 0.014184
vt 0.688543 0.014184
vt 0.688563 0.014184
vt 0.688419 0.014184
vt 0.688439 0.014184
vt 0.688460 0.014184
vt 0.688481 0.014184
vt 0.688522 0.014259
vt 0.688502 0.014259
vt 0.688543 0.014259
vt 0.688399 0.014259
vt 0.688419 0.014259
vt 0.688439 0.014259
vt 0.688460 0.014259
vt 0.688481 0.014259
vt 0.688399 0.014184
vt 0.688399 0.014203
vt 0.688399 0.014221
vt 0.688399 0.014239
vt 0.688563 0.014259
vn 0.281083 -0.678602 -0.678596
vn 0.281083 -0.678602 -0.678596
vn 0.281083 -0.678602 -0.678596
vn 0.281083 -0.678602 -0.678596
vn -0.281083 -0.678603 -0.678594
vn -0.281083 -0.678603 -0.678594
vn -0.281083 -0.678603 -0.678594
vn -0.281083 -0.678603 -0.678594
vn -0.678599 -0.678599 -0.281083
vn -0.678599 -0.678599 -0.281083
vn -0.678599 -0.678599 -0.281083
vn -0.678599 -0.678599 -0.281083
vn -0.678594 -0.678603 0.281084
vn -0.678594 -0.678603 0.281084
vn -0.678594 -0.678603 0.281084
vn -0.678594 -0.678603 0.281084
vn -0.281085 -0.678598 0.678598
vn -0.281085 -0.678598 0.678598
vn -0.281085 -0.678598 0.678598
vn -0.281085 -0.678598 0.678598
vn 0.281085 -0.678597 0.678600
vn 0.281085 -0.678597 0.678599
vn 0.281085 -0.678597 0.678599
vn 0.281085 -0.678597 0.678599
vn 0.678591 -0.678605 0.281086
vn 0.678591 -0.678605 0.281086
vn 0.678591 -0.678605 0.281086
vn 0.678591 -0.678605 0.281086
vn 0.678598 -0.678598 -0.281085
vn 0.678598 -0.678598 -0.281085
vn 0.678598 -0.678598 -0.281085
vn 0.678598 -0.678598 -0.281085
vn 0.371474 -0.240293 -0.896809
vn 0.371474 -0.240293 -0.896809
vn 0.371474 -0.240293 -0.896809
vn 0.371474 -0.240293 -0.896809
vn -0.371474 -0.240292 -0.896809
vn -0.371474 -0.240292 -0.896809
vn -0.371474 -0.240292 -0.896809
vn -0.371474 -0.240292 -0.896809
vn -0.896810 -0.240297 -0.371469
vn -0.896810 -0.240297 -0.371469
vn -0.896810 -0.240297 -0.371469
vn -0.896810 -0.240297 -0.371469
vn -0.896811 -0.240294 0.371469
vn -0.896811 -0.240294 0.371469
vn -0.896811 -0.240294 0.371469
vn -0.896811 -0.240294 0.371469
vn -0.371458 -0.240288 0.896817
vn -0.371458 -0.240288 0.896817
vn -0.371459 -0.240288 0.896817
vn -0.371459 -0.240288 0.896817
vn 0.371457 -0.240290 0.896817
vn 0.371457 -0.240290 0.896817
vn 0.371457 -0.240290 0.896817
vn 0.371457 -0.240290 0.896817
vn 0.896809 -0.240296 0.371471
vn 0.896809 -0.240296 0.371471
vn 0.896809 -0.240296 0.371471
vn 0.896809 -0.240296 0.371471
vn 0.896810 -0.240293 -0.371472
vn 0.896810 -0.240293 -0.371472
vn 0.896810 -0.240293 -0.371472
vn 0.896810 -0.240293 -0.371472
vn 0.371474 0.240293 -0.896809
vn 0.371474 0.240293 -0.896809
vn 0.371474 0.240293 -0.896809
vn 0.371474 0.240293 -0.896809
vn -0.371474 0.240292 -0.896809
vn -0.371474 0.240292 -0.896809
vn -0.371474 0.240292 -0.896809
vn -0.371474 0.240292 -0.896809
vn -0.896810 0.240297 -0.371469
vn -0.896810 0.240297 -0.371469
vn -0.896810 0.240297 -0.371469
vn -0.896810 0.240297 -0.371469
vn -0.896809 0.240300 0.371469
vn -0.896809 0.240300 0.371469
vn -0.896810 0.240300 0.371469
vn -0.896809 0.240300 0.371469
vn -0.371458 0.240288 0.896817
vn -0.371458 0.240288 0.896817
vn -0.371458 0.240288 0.896817
vn -0.371458 0.240288 0.896817
vn 0.371457 0.240291 0.896816
vn 0.371457 0.240291 0.896816
vn 0.371457 0.240291 0.896816
vn 0.371457 0.240291 0.896817
vn 0.896809 0.240296 0.371472
vn 0.896809 0.240296 0.371472
vn 0.896809 0.240296 0.371472
vn 0.896809 0.240296 0.371472
vn 0.896810 0.240293 -0.371472
vn 0.896810 0.240293 -0.371472
vn 0.896810 0.240293 -0.371472
vn 0.896810 0.240293 -0.371472
vn 0.281083 0.678602 -0.678595
vn 0.281083 0.678602 -0.678595
vn 0.281083 0.678602 -0.678595
vn 0.281083 0.678602 -0.678595
vn -0.281083 0.678604 -0.678593
vn -0.281083 0.678604 -0.678593
vn -0.281083 0.678604 -0.678593
vn -0.281084 0.678604 -0.678593
vn -0.678599 0.678599 -0.281083
vn -0.678599 0.678599 -0.281083
vn -0.678599 0.678599 -0.281083
vn -0.678599 0.678599 -0.281083
vn -0.678594 0.678603 0.281084
vn -0.678594 0.678603 0.281084
vn -0.678594 0.678603 0.281084
vn -0.678594 0.678603 0.281084
vn -0.281085 0.678599 0.678598
vn -0.281085 0.678599 0.678598
vn -0.281085 0.678599 0.678598
vn -0.281085 0.678599 0.678598
vn 0.281085 0.678595 0.678602
vn 0.281085 0.678595 0.678602
vn 0.281085 0.678595 0.678602
vn 0.281085 0.678595 0.678602
vn 0.678591 0.678605 0.281086
vn 0.678591 0.678605 0.281086
vn 0.678591 0.678605 0.281086
vn 0.678591 0.678605 0.281086
vn 0.678598 0.678598 -0.281085
vn 0.678598 0.678598 -0.281085
vn 0.678598 0.678598 -0.281085
vn 0.678598 0.678598 -0.281085
vn 0.106599 0.960421 -0.257348
vn 0.106599 0.960421 -0.257348
vn 0.106599 0.960421 -0.257348
vn -0.106600 0.960421 -0.257348
vn -0.106600 0.960421 -0.257348
vn -0.106600 0.960421 -0.257348
vn -0.257348 0.960421 -0.106600
vn -0.257348 0.960421 -0.106600
vn -0.257348 0.960421 -0.106600
vn -0.257351 0.960420 0.106599
vn -0.257351 0.960420 0.106599
vn -0.257351 0.960420 0.106599
vn -0.106599 0.960422 0.257345
vn -0.106599 0.960422 0.257345
vn -0.106599 0.960422 0.257345
vn 0.106600 0.960420 0.257351
vn 0.106600 0.960420 0.257351
vn 0.106600 0.960420 0.257351
vn 0.257345 0.960423 0.106593
vn 0.257345 0.960423 0.106593
vn 0.257345 0.960423 0.106593
vn 0.257339 0.960424 -0.106596
vn 0.257339 0.960424 -0.106596
vn 0.257339 0.960424 -0.106596
s off
g Adicionales group16 Decorativo2 pSphere8
usemtl pCylinder30SG
f 1876/2797/6231 1877/2803/6232 1885/2755/6233 1884/2756/6234
f 1877/2803/6235 1878/2802/6236 1886/2757/6237 1885/2755/6238
f 1878/2802/6239 1879/2801/6240 1887/2758/6241 1886/2757/6242
f 1879/2801/6243 1880/2800/6244 1888/2759/6245 1887/2758/6246
f 1880/2800/6247 1881/2799/6248 1889/2807/6249 1888/2759/6250
f 1881/2808/6251 1882/2798/6252 1890/2761/6253 1889/2760/6254
f 1882/2798/6255 1883/2796/6256 1891/2762/6257 1890/2761/6258
f 1883/2796/6259 1876/2797/6260 1884/2756/6261 1891/2762/6262
f 1884/2756/6263 1885/2755/6264 1893/2763/6265 1892/2764/6266
f 1885/2755/6267 1886/2757/6268 1894/2765/6269 1893/2763/6270
f 1886/2757/6271 1887/2758/6272 1895/2766/6273 1894/2765/6274
f 1887/2758/6275 1888/2759/6276 1896/2767/6277 1895/2766/6278
f 1888/2759/6279 1889/2807/6280 1897/2806/6281 1896/2767/6282
f 1889/2760/6283 1890/2761/6284 1898/2769/6285 1897/2768/6286
f 1890/2761/6287 1891/2762/6288 1899/2770/6289 1898/2769/6290
f 1891/2762/6291 1884/2756/6292 1892/2764/6293 1899/2770/6294
f 1892/2764/6295 1893/2763/6296 1901/2771/6297 1900/2772/6298
f 1893/2763/6299 1894/2765/6300 1902/2773/6301 1901/2771/6302
f 1894/2765/6303 1895/2766/6304 1903/2774/6305 1902/2773/6306
f 1895/2766/6307 1896/2767/6308 1904/2775/6309 1903/2774/6310
f 1896/2767/6311 1897/2806/6312 1905/2805/6313 1904/2775/6314
f 1897/2768/6315 1898/2769/6316 1906/2777/6317 1905/2776/6318
f 1898/2769/6319 1899/2770/6320 1907/2778/6321 1906/2777/6322
f 1899/2770/6323 1892/2764/6324 1900/2772/6325 1907/2778/6326
f 1900/2772/6327 1901/2771/6328 1909/2795/6329 1908/2789/6330
f 1901/2771/6331 1902/2773/6332 1910/2794/6333 1909/2795/6334
f 1902/2773/6335 1903/2774/6336 1911/2793/6337 1910/2794/6338
f 1903/2774/6339 1904/2775/6340 1912/2792/6341 1911/2793/6342
f 1904/2775/6343 1905/2805/6344 1913/2804/6345 1912/2792/6346
f 1905/2776/6347 1906/2777/6348 1914/2790/6349 1913/2791/6350
f 1906/2777/6351 1907/2778/6352 1915/2788/6353 1914/2790/6354
f 1907/2778/6355 1900/2772/6356 1908/2789/6357 1915/2788/6358
f 1908/2780/6359 1909/2779/6360 1916/2787/6361
f 1909/2779/6362 1910/2781/6363 1916/2787/6364
f 1910/2781/6365 1911/2782/6366 1916/2787/6367
f 1911/2782/6368 1912/2783/6369 1916/2787/6370
f 1912/2783/6371 1913/2784/6372 1916/2787/6373
f 1913/2784/6374 1914/2785/6375 1916/2787/6376
f 1914/2785/6377 1915/2786/6378 1916/2787/6379
f 1915/2786/6380 1908/2780/6381 1916/2787/6382
