# This file uses centimeters as units for non-parametric coordinates.

mtllib Cubiculos.mtl
g default
v 33.101607 0.052203 -3.637177
v 33.101489 0.052203 5.350756
v 33.101620 9.174887 -3.637177
v 33.101498 9.174887 5.350780
v 32.501068 0.052203 5.350756
v 32.501076 9.174887 5.350772
v 32.501186 0.052203 -3.637177
v 32.501198 9.174887 -3.637177
vt 0.202439 0.857396
vt 0.309195 0.857394
vt 0.404877 0.857391
vt 0.106756 0.857397
vt 0.309195 0.852089
vt 0.239855 0.750119
vt 0.202438 0.852091
vt 0.106755 0.852092
vt 0.133100 0.750107
vt 0.404877 0.852086
vt 0.000000 0.852092
vt 0.133090 0.845790
vt 0.239845 0.845801
vt 0.239845 0.845801
vt 0.000000 0.857398
vt 0.133090 0.845790
vt 0.133099 0.750108
vt 0.239855 0.750119
vn 1.000000 -0.000002 0.000004
vn 1.000000 -0.000002 0.000004
vn 1.000000 -0.000002 0.000004
vn 1.000000 -0.000002 0.000004
vn -0.000007 -0.000002 1.000000
vn -0.000007 -0.000002 1.000000
vn -0.000007 -0.000002 1.000000
vn -0.000007 -0.000002 1.000000
vn -1.000000 0.000002 -0.000004
vn -1.000000 0.000002 -0.000004
vn -1.000000 0.000002 -0.000004
vn -1.000000 0.000002 -0.000004
vn 0.000002 0.000000 -1.000000
vn 0.000002 0.000000 -1.000000
vn 0.000002 0.000000 -1.000000
vn 0.000002 0.000000 -1.000000
vn 0.000000 1.000000 0.000000
vn 0.000000 1.000000 0.000000
vn 0.000000 1.000000 0.000000
vn 0.000000 1.000000 0.000000
vn 0.000000 -1.000000 0.000000
vn 0.000000 -1.000000 0.000000
vn 0.000000 -1.000000 0.000000
vn 0.000000 -1.000000 0.000000
s off
g Paredes8 Habitacion_Cubiculos Cubiculos1 Cubiculos2
usemtl lambert2SG
f 3/17/1 4/18/2 2/14/3 1/16/4
f 4/2/5 6/5/6 5/10/7 2/3/8
f 6/13/9 8/12/10 7/9/11 5/6/12
f 8/7/13 3/1/14 1/4/15 7/8/16
f 8/7/17 6/5/18 4/2/19 3/1/20
f 1/4/21 2/15/22 5/11/23 7/8/24
g default
v 32.506200 0.044852 -14.536270
v 32.506200 0.044852 16.354588
v -12.404938 0.044852 -14.536270
v -12.404938 0.044852 16.354588
vt 0.366961 0.000046
vt 0.366911 0.391153
vt 0.000000 0.391108
vt 0.000048 0.000000
vn 0.000000 1.000000 0.000000
vn 0.000000 1.000000 0.000000
vn 0.000000 1.000000 0.000000
vn 0.000000 1.000000 0.000000
s off
g Habitacion_Cubiculos Cubiculos1 Cubiculos2 Piso1
usemtl lambert2SG
f 12/19/25 10/20/26 9/21/27 11/22/28
g default
v -4.603356 0.044852 16.354448
v 32.506199 0.044852 16.354588
v -4.603356 9.082000 16.354448
v 32.506199 9.082000 16.354588
v 32.506199 0.044852 16.766187
v 32.506180 9.082000 16.766187
v -4.603368 0.044852 16.766048
v -4.603368 9.082000 16.766048
vt 0.936235 0.389014
vt 0.936244 0.682344
vt 0.936249 0.778027
vt 0.936231 0.293331
vt 0.941133 0.682344
vt 0.339232 0.654443
vt 0.941124 0.389014
vt 0.941120 0.293331
vt 0.045901 0.654416
vt 0.941138 0.778027
vt 0.941103 0.000000
vt 0.045893 0.750099
vt 0.339224 0.750126
vt 0.339224 0.750126
vt 0.936215 0.000000
vt 0.045893 0.750099
vt 0.045901 0.654416
vt 0.339232 0.654443
vn 0.000004 0.000000 -1.000000
vn 0.000004 0.000000 -1.000000
vn 0.000004 0.000000 -1.000000
vn 0.000004 0.000000 -1.000000
vn 1.000000 0.000000 0.000009
vn 1.000000 0.000000 0.000009
vn 1.000000 0.000000 0.000009
vn 1.000000 0.000000 0.000009
vn -0.000004 0.000000 1.000000
vn -0.000004 0.000000 1.000000
vn -0.000004 0.000000 1.000000
vn -0.000004 0.000000 1.000000
vn -1.000000 -0.000000 -0.000015
vn -1.000000 -0.000000 -0.000015
vn -1.000000 -0.000000 -0.000015
vn -1.000000 -0.000000 -0.000015
vn 0.000000 1.000000 0.000000
vn 0.000000 1.000000 0.000000
vn 0.000000 1.000000 0.000000
vn 0.000000 1.000000 0.000000
vn 0.000000 -1.000000 0.000000
vn 0.000000 -1.000000 0.000000
vn 0.000000 -1.000000 0.000000
vn 0.000000 -1.000000 0.000000
s off
g Habitacion_Cubiculos Cubiculos1 Cubiculos2 Paredes
usemtl lambert2SG
f 15/39/29 16/40/30 14/36/31 13/38/32
f 16/24/33 18/27/34 17/32/35 14/25/36
f 18/35/37 20/34/38 19/31/39 17/28/40
f 20/29/41 15/23/42 13/26/43 19/30/44
f 20/29/45 18/27/46 16/24/47 15/23/48
f 13/26/49 14/37/50 17/33/51 19/30/52
g default
v -12.647050 0.044852 16.374091
v -12.646981 0.044852 3.146014
v -12.647398 9.024626 16.371812
v -12.647334 9.024626 3.143720
v -12.404869 0.044852 3.146018
v -12.405222 9.024626 3.143723
v -12.404938 0.044852 16.374100
v -12.405286 9.024626 16.371820
vt 0.954613 0.095076
vt 0.954595 0.244329
vt 0.954590 0.339404
vt 0.954572 0.488657
vt 0.959484 0.244329
vt 0.829367 0.298520
vt 0.959502 0.095076
vt 0.959519 0.000000
vt 0.734291 0.149267
vt 0.954630 0.000000
vt 0.829361 0.149266
vt 0.959461 0.488659
vt 0.959479 0.339405
vt 0.734286 0.149295
vt 0.734291 0.298549
vt 0.829367 0.149295
vt 0.734286 0.298520
vt 0.829362 0.298549
vn -1.000000 -0.000039 -0.000005
vn -1.000000 -0.000039 -0.000005
vn -1.000000 -0.000039 -0.000005
vn -1.000000 -0.000039 -0.000005
vn 0.000013 -0.000001 -1.000000
vn 0.000013 -0.000001 -1.000000
vn 0.000013 -0.000001 -1.000000
vn 0.000013 -0.000001 -1.000000
vn 1.000000 0.000000 0.000005
vn 1.000000 0.000000 0.000005
vn 1.000000 0.000000 0.000005
vn 1.000000 0.000000 0.000005
vn -0.000013 -0.000001 1.000000
vn -0.000013 -0.000001 1.000000
vn -0.000013 -0.000001 1.000000
vn -0.000013 -0.000001 1.000000
vn 0.000000 1.000000 0.000000
vn 0.000000 1.000000 0.000000
vn 0.000000 1.000000 0.000000
vn 0.000000 1.000000 0.000000
vn 0.000000 -1.000000 0.000000
vn 0.000000 -1.000000 0.000000
vn 0.000000 -1.000000 0.000000
vn 0.000000 -1.000000 0.000000
s off
g Habitacion_Cubiculos Cubiculos1 Cubiculos2 Paredes4
usemtl lambert2SG
f 23/56/53 24/58/54 22/57/55 21/49/56
f 24/42/57 26/45/58 25/53/59 22/43/60
f 26/55/61 28/54/62 27/51/63 25/46/64
f 28/47/65 23/41/66 21/50/67 27/48/68
f 28/47/69 26/45/70 24/42/71 23/41/72
f 21/44/73 22/43/74 25/53/75 27/52/76
g default
v -12.392421 0.012918 16.354236
v -11.736903 0.012918 16.354342
v -12.392421 9.082000 16.354236
v -11.736903 9.082000 16.354342
v -11.736903 0.012918 16.762264
v -11.736903 9.082000 16.762264
v -12.392421 0.012918 16.762158
v -12.392421 9.082000 16.762158
vt 0.963767 0.105461
vt 0.963767 0.115238
vt 0.963750 0.210921
vt 0.963784 0.009778
vt 0.968656 0.115239
vt 0.932224 0.167889
vt 0.968656 0.105462
vt 0.968673 0.009779
vt 0.922447 0.167889
vt 0.968639 0.210922
vt 0.968676 0.000001
vt 0.922448 0.263572
vt 0.932226 0.263572
vt 0.932226 0.263572
vt 0.963787 0.000000
vt 0.922448 0.263572
vt 0.922447 0.167889
vt 0.932224 0.167889
vn 0.000162 0.000000 -1.000000
vn 0.000162 0.000000 -1.000000
vn 0.000162 0.000000 -1.000000
vn 0.000162 0.000000 -1.000000
vn 1.000000 0.000000 0.000006
vn 1.000000 0.000000 0.000006
vn 1.000000 0.000000 0.000006
vn 1.000000 0.000000 0.000006
vn -0.000161 -0.000000 1.000000
vn -0.000161 -0.000000 1.000000
vn -0.000161 -0.000000 1.000000
vn -0.000161 -0.000000 1.000000
vn -1.000000 -0.000000 -0.000006
vn -1.000000 -0.000000 -0.000006
vn -1.000000 -0.000000 -0.000006
vn -1.000000 -0.000000 -0.000006
vn 0.000000 1.000000 0.000000
vn 0.000000 1.000000 0.000000
vn 0.000000 1.000000 0.000000
vn 0.000000 1.000000 0.000000
vn 0.000000 -1.000000 0.000000
vn 0.000000 -1.000000 0.000000
vn 0.000000 -1.000000 0.000000
vn 0.000000 -1.000000 0.000000
s off
g Habitacion_Cubiculos Cubiculos1 Cubiculos2 Paredes5
usemtl lambert2SG
f 31/75/77 32/76/78 30/72/79 29/74/80
f 32/60/81 34/63/82 33/68/83 30/61/84
f 34/71/85 36/70/86 35/67/87 33/64/88
f 36/65/89 31/59/90 29/62/91 35/66/92
f 36/65/93 34/63/94 32/60/95 31/59/96
f 29/62/97 30/73/98 33/69/99 35/66/100
g default
v -12.640878 0.044852 -1.961341
v -12.640810 0.044852 -14.527197
v -12.640878 9.082000 -1.961336
v -12.640810 9.082000 -14.527205
v -12.398698 0.044852 -14.527197
v -12.398698 9.082000 -14.527205
v -12.398765 0.044852 -1.961339
v -12.398761 9.082000 -1.961332
vt 0.954580 0.095443
vt 0.954609 0.244330
vt 0.954627 0.339778
vt 0.954653 0.488665
vt 0.959486 0.244329
vt 0.829562 0.298341
vt 0.959457 0.095442
vt 0.959438 -0.000006
vt 0.734114 0.149460
vt 0.954561 -0.000004
vt 0.829536 0.149458
vt 0.959530 0.488663
vt 0.959503 0.339777
vt 0.734090 0.149474
vt 0.734116 0.298357
vt 0.829559 0.149472
vt 0.734093 0.298343
vt 0.829539 0.298356
vn -1.000000 0.000000 -0.000005
vn -1.000000 0.000000 -0.000005
vn -1.000000 0.000000 -0.000005
vn -1.000000 0.000000 -0.000005
vn 0.000012 -0.000001 -1.000000
vn 0.000012 -0.000001 -1.000000
vn 0.000012 -0.000001 -1.000000
vn 0.000012 -0.000001 -1.000000
vn 1.000000 0.000000 0.000005
vn 1.000000 0.000000 0.000005
vn 1.000000 0.000000 0.000005
vn 1.000000 0.000000 0.000005
vn -0.000013 -0.000001 1.000000
vn -0.000013 -0.000001 1.000000
vn -0.000013 -0.000001 1.000000
vn -0.000013 -0.000001 1.000000
vn 0.000000 1.000000 0.000000
vn 0.000000 1.000000 0.000000
vn 0.000000 1.000000 0.000000
vn 0.000000 1.000000 0.000000
vn 0.000000 -1.000000 0.000000
vn 0.000000 -1.000000 0.000000
vn 0.000000 -1.000000 0.000000
vn 0.000000 -1.000000 0.000000
s off
g Habitacion_Cubiculos Cubiculos1 Cubiculos2 Paredes6
usemtl lambert2SG
f 39/92/101 40/94/102 38/93/103 37/85/104
f 40/78/105 42/81/106 41/89/107 38/79/108
f 42/91/109 44/90/110 43/87/111 41/82/112
f 44/83/113 39/77/114 37/86/115 43/84/116
f 44/83/117 42/81/118 40/78/119 39/77/120
f 37/80/121 38/79/122 41/89/123 43/88/124
g default
v -12.562408 0.044852 -14.938796
v 32.506199 0.044852 -14.938665
v -12.562408 9.082000 -14.938796
v 32.506190 9.082000 -14.938665
v 32.506199 0.044852 -14.527065
v 32.506190 9.082000 -14.527065
v -12.562419 0.044852 -14.527197
v -12.562419 9.082000 -14.527197
vt 0.095684 0.852056
vt 0.487089 0.852093
vt 0.582772 0.852103
vt 0.974178 0.852144
vt 0.487090 0.847205
vt 0.391407 0.558731
vt 0.095684 0.847167
vt 0.000000 0.847159
vt 0.000000 0.654416
vt 0.000000 0.852048
vt 0.000000 0.558733
vt 0.974178 0.847255
vt 0.582772 0.847214
vt 0.000000 0.654417
vt 0.391407 0.654414
vt 0.000000 0.558733
vt 0.391407 0.654414
vt 0.391407 0.558732
vn 0.000003 0.000000 -1.000000
vn 0.000003 0.000000 -1.000000
vn 0.000003 0.000000 -1.000000
vn 0.000003 0.000000 -1.000000
vn 1.000000 0.000000 0.000008
vn 1.000000 0.000000 0.000008
vn 1.000000 0.000000 0.000008
vn 1.000000 0.000000 0.000008
vn -0.000003 0.000000 1.000000
vn -0.000003 0.000000 1.000000
vn -0.000003 0.000000 1.000000
vn -0.000003 0.000000 1.000000
vn -1.000000 0.000000 -0.000008
vn -1.000000 0.000000 -0.000008
vn -1.000000 0.000000 -0.000008
vn -1.000000 0.000000 -0.000008
vn 0.000000 1.000000 0.000000
vn 0.000000 1.000000 0.000000
vn 0.000000 1.000000 0.000000
vn 0.000000 1.000000 0.000000
vn 0.000000 -1.000000 0.000000
vn 0.000000 -1.000000 0.000000
vn 0.000000 -1.000000 0.000000
vn 0.000000 -1.000000 0.000000
s off
g Habitacion_Cubiculos Cubiculos1 Cubiculos2 Paredes7
usemtl lambert2SG
f 47/110/125 48/112/126 46/111/127 45/103/128
f 48/96/129 50/99/130 49/107/131 46/97/132
f 50/109/133 52/108/134 51/105/135 49/100/136
f 52/101/137 47/95/138 45/104/139 51/102/140
f 52/101/141 50/99/142 48/96/143 47/95/144
f 45/98/145 46/97/146 49/107/147 51/106/148
g default
v 22.859725 23.376985 -14.536270
v 22.859725 23.376985 16.354588
v -21.405124 23.376985 -14.536270
v -21.405124 23.376985 16.354588
vt 0.366949 0.000034
vt 0.366922 0.391144
vt 0.000011 0.391119
vt 0.000038 0.000010
vn 0.000000 1.000000 0.000000
vn 0.000000 1.000000 0.000000
vn 0.000000 1.000000 0.000000
vn 0.000000 1.000000 0.000000
s off
g Habitacion_Cubiculos Cubiculos1 Cubiculos2 Piso2
usemtl lambert2SG
f 56/113/149 54/114/150 53/115/151 55/116/152
g default
v 6.172193 23.021846 -10.783570
v 6.172193 23.021846 12.601889
v -4.717593 23.021846 -10.783570
v -4.717593 23.021846 12.601889
v 6.172193 23.195051 12.601889
v 6.172193 23.195051 -10.783570
v -4.717593 23.195051 12.601889
v -4.717593 23.195051 -10.783570
v 5.940432 23.195051 12.456516
v 5.940432 23.195051 -10.638199
v -4.485832 23.195051 12.456516
v -4.485832 23.195051 -10.638199
v 5.940432 23.371643 12.456516
v 5.940432 23.371643 -10.638197
v -4.485832 23.371643 12.456516
v -4.485832 23.371643 -10.638197
vt 0.718544 0.393716
vt 0.718544 0.556148
vt 0.369726 0.556148
vt 0.369726 0.393716
vt 0.721127 0.556148
vt 0.369726 0.558731
vt 0.718544 0.391132
vt 0.367144 0.393716
vt 0.980152 1.000000
vt 0.980179 0.344481
vt 0.977545 0.344481
vt 0.977558 0.000000
vt 0.980173 0.500000
vt 0.977539 0.500000
vt 0.980160 0.844482
vt 0.977526 0.844482
vt 0.980192 0.000000
vt 0.977518 1.000000
vt 0.369726 0.391131
vt 0.721127 0.393716
vt 0.367144 0.556148
vt 0.718544 0.558731
vn 0.000000 1.000000 0.000000
vn 0.000000 1.000000 0.000000
vn 0.000000 1.000000 0.000000
vn 0.000000 1.000000 0.000000
vn -1.000000 0.000000 0.000000
vn -1.000000 0.000000 0.000000
vn -1.000000 0.000000 0.000000
vn -1.000000 0.000000 0.000000
vn 0.000000 0.000000 -1.000000
vn 0.000000 0.000000 -1.000000
vn 0.000000 0.000000 -1.000000
vn 0.000000 0.000000 -1.000000
vn 0.000000 0.000000 1.000000
vn 0.000000 0.000000 1.000000
vn 0.000000 0.000000 1.000000
vn 0.000000 0.000000 1.000000
vn 1.000000 0.000000 0.000000
vn 1.000000 0.000000 0.000000
vn 1.000000 0.000000 0.000000
vn 1.000000 0.000000 0.000000
vn -1.000000 -0.000003 0.000000
vn -1.000000 -0.000003 0.000000
vn -1.000000 -0.000003 0.000000
vn -1.000000 -0.000003 0.000000
vn 0.000000 0.000000 -1.000000
vn 0.000000 0.000000 -1.000000
vn 0.000000 0.000000 -1.000000
vn 0.000000 0.000000 -1.000000
vn 0.000000 -0.000014 1.000000
vn 0.000000 -0.000014 1.000000
vn 0.000000 -0.000014 1.000000
vn 0.000000 -0.000014 1.000000
vn 1.000000 -0.000003 0.000000
vn 1.000000 -0.000003 0.000000
vn 1.000000 -0.000003 0.000000
vn 1.000000 -0.000003 0.000000
s off
g Habitacion_Cubiculos Cubiculos1 Cubiculos2 Piso3
usemtl lambert2SG
f 60/117/153 58/118/154 57/119/155 59/120/156
f 57/119/157 58/118/158 61/138/159 62/122/160
f 58/118/161 60/117/162 63/136/163 61/121/164
f 59/120/165 57/119/166 62/137/167 64/124/168
f 60/117/169 59/120/170 64/135/171 63/123/172
f 66/133/173 65/126/174 69/127/175 70/128/176
f 65/126/177 67/129/178 71/130/179 69/127/180
f 68/131/181 66/125/182 70/134/183 72/132/184
f 67/129/185 68/131/186 72/132/187 71/130/188
g default
v -12.632652 4.329111 3.146947
v -12.632585 4.329111 -1.961331
v -12.632652 9.082000 3.146949
v -12.632585 9.082000 -1.961336
v -12.391525 4.329111 -1.961331
v -12.391525 9.082000 -1.961336
v -12.391593 4.329111 3.146948
v -12.391588 9.082000 3.146951
vt 0.982111 0.032010
vt 0.982120 0.101551
vt 0.982123 0.133559
vt 0.982130 0.203100
vt 0.986988 0.101550
vt 0.867259 0.071371
vt 0.986979 0.032009
vt 0.986975 0.000000
vt 0.835251 0.001829
vt 0.982108 0.000001
vt 0.867262 0.001829
vt 0.986997 0.203100
vt 0.986991 0.133559
vt 0.835253 0.001828
vt 0.835250 0.071369
vt 0.867260 0.001828
vt 0.835253 0.071370
vt 0.867262 0.071369
vn -1.000000 -0.000000 -0.000013
vn -1.000000 -0.000000 -0.000013
vn -1.000000 -0.000000 -0.000013
vn -1.000000 -0.000000 -0.000013
vn 0.000005 -0.000001 -1.000000
vn 0.000005 -0.000001 -1.000000
vn 0.000005 -0.000001 -1.000000
vn 0.000005 -0.000001 -1.000000
vn 1.000000 0.000000 0.000012
vn 1.000000 0.000000 0.000012
vn 1.000000 0.000000 0.000012
vn 1.000000 0.000000 0.000012
vn -0.000005 -0.000001 1.000000
vn -0.000005 -0.000001 1.000000
vn -0.000005 -0.000001 1.000000
vn -0.000005 -0.000001 1.000000
vn 0.000000 1.000000 0.000000
vn 0.000000 1.000000 0.000000
vn 0.000000 1.000000 0.000000
vn 0.000000 1.000000 0.000000
vn 0.000000 -1.000000 0.000000
vn 0.000000 -1.000000 0.000000
vn 0.000000 -1.000000 0.000000
vn 0.000000 -1.000000 0.000000
s off
g Habitacion_Cubiculos Cubiculos1 Cubiculos2 Paredes9
usemtl lambert2SG
f 75/154/189 76/156/190 74/155/191 73/147/192
f 76/140/193 78/143/194 77/151/195 74/141/196
f 78/153/197 80/152/198 79/149/199 77/144/200
f 80/145/201 75/139/202 73/148/203 79/146/204
f 80/145/205 78/143/206 76/140/207 75/139/208
f 73/142/209 74/141/210 77/151/211 79/150/212
g default
v -12.482605 0.050670 0.011428
v -12.482599 0.050670 -1.969142
v -12.482605 4.268806 0.011428
v -12.482599 4.268806 -1.969143
v -12.461097 0.050670 -1.969142
v -12.461097 4.268806 -1.969143
v -12.461104 0.050670 0.011428
v -12.461102 4.268806 0.011429
vt 0.851948 0.217111
vt 0.830661 0.217109
vt 0.830666 0.154192
vt 0.851952 0.154193
vt 0.873555 0.217113
vt 0.852268 0.217111
vt 0.852273 0.154193
vt 0.873559 0.154195
vn -1.000000 -0.000000 -0.000003
vn -1.000000 -0.000000 -0.000003
vn -1.000000 -0.000000 -0.000003
vn -1.000000 -0.000000 -0.000003
vn 1.000000 0.000000 0.000003
vn 1.000000 0.000000 0.000003
vn 1.000000 0.000000 0.000003
vn 1.000000 0.000000 0.000003
vn -0.000023 -0.000000 1.000000
vn -0.000023 -0.000000 1.000000
vn -0.000023 -0.000000 1.000000
vn -0.000023 -0.000000 1.000000
s off
g Habitacion_Cubiculos Cubiculos1 Cubiculos2 Paredes10
usemtl lambert2SG
f 83/157/213 84/158/214 82/159/215 81/160/216
f 86/161/217 88/162/218 87/163/219 85/164/220
f 88/162/221 83/157/222 81/160/223 87/163/224
g default
v -12.583694 0.050670 0.013566
v -12.583688 0.050670 -1.967003
v -12.583694 4.268806 0.013567
v -12.583688 4.268806 -1.967005
v -12.562187 0.050670 -1.967003
v -12.562187 4.268806 -1.967005
v -12.562193 0.050670 0.013566
v -12.562192 4.268806 0.013568
vt 0.851947 0.217111
vt 0.830660 0.217109
vt 0.830666 0.154191
vt 0.851952 0.154193
vt 0.873554 0.217113
vt 0.852268 0.217111
vt 0.852273 0.154193
vt 0.873560 0.154195
vn -1.000000 -0.000000 -0.000003
vn -1.000000 -0.000000 -0.000003
vn -1.000000 -0.000000 -0.000003
vn -1.000000 -0.000000 -0.000003
vn 1.000000 0.000000 0.000003
vn 1.000000 0.000000 0.000003
vn 1.000000 0.000000 0.000003
vn 1.000000 0.000000 0.000003
vn -0.000023 -0.000000 1.000000
vn -0.000023 -0.000000 1.000000
vn -0.000023 -0.000000 1.000000
vn -0.000023 -0.000000 1.000000
s off
g Habitacion_Cubiculos Cubiculos1 Cubiculos2 Paredes11
usemtl lambert2SG
f 91/165/225 92/166/226 90/167/227 89/168/228
f 94/169/229 96/170/230 95/171/231 93/172/232
f 96/170/233 91/165/234 89/168/235 95/171/236
g default
v -12.530632 0.050670 3.098217
v -12.530625 0.050670 -0.145795
v -12.530632 4.268806 3.098218
v -12.530625 4.268806 -0.145798
v -12.509124 0.050670 -0.145795
v -12.509124 4.268806 -0.145798
v -12.509130 0.050670 3.098217
v -12.509130 4.268806 3.098219
vt 0.367143 0.798485
vt 0.367143 0.750097
vt 0.430061 0.750097
vt 0.430061 0.798485
vt 0.367143 0.847193
vt 0.367143 0.798805
vt 0.430061 0.798805
vt 0.430061 0.847193
vn -1.000000 -0.000000 -0.000002
vn -1.000000 -0.000000 -0.000002
vn -1.000000 -0.000000 -0.000002
vn -1.000000 -0.000000 -0.000002
vn 1.000000 0.000000 0.000002
vn 1.000000 0.000000 0.000002
vn 1.000000 0.000000 0.000002
vn 1.000000 0.000000 0.000002
vn -0.000037 -0.000000 1.000000
vn -0.000037 -0.000000 1.000000
vn -0.000037 -0.000000 1.000000
vn -0.000037 -0.000000 1.000000
s off
g Habitacion_Cubiculos Cubiculos1 Cubiculos2 Paredes12
usemtl lambert2SG
f 99/173/237 100/174/238 98/175/239 97/176/240
f 102/177/241 104/178/242 103/179/243 101/180/244
f 104/178/245 99/173/246 97/176/247 103/179/248
g default
v -12.495701 0.050670 0.042288
v -12.495687 0.050670 -0.028086
v -12.495701 4.268806 0.042288
v -12.495687 4.268806 -0.028086
v -12.445937 0.050670 -0.028086
v -12.445937 4.268806 -0.028086
v -12.445951 0.050670 0.042288
v -12.445951 4.268806 0.042288
vt 0.973981 0.062918
vt 0.972932 0.062918
vt 0.972929 0.000000
vt 0.973979 0.000000
vt 0.975773 0.062918
vt 0.974723 0.062918
vt 0.974721 0.000000
vt 0.975770 0.000000
vn -1.000000 0.000000 -0.000195
vn -1.000000 0.000000 -0.000195
vn -1.000000 0.000000 -0.000195
vn -1.000000 0.000000 -0.000195
vn 1.000000 0.000000 0.000187
vn 1.000000 0.000000 0.000187
vn 1.000000 0.000000 0.000187
vn 1.000000 0.000000 0.000187
vn -0.000000 -0.000000 1.000000
vn -0.000000 -0.000000 1.000000
vn -0.000000 -0.000000 1.000000
vn -0.000000 -0.000000 1.000000
s off
g Habitacion_Cubiculos Cubiculos1 Cubiculos2 Paredes13
usemtl lambert2SG
f 107/181/249 108/182/250 106/183/251 105/184/252
f 110/185/253 112/186/254 111/187/255 109/188/256
f 112/186/257 107/181/258 105/184/259 111/187/260
g default
v -4.749795 1.158891 -7.722705
v -4.780615 1.158891 -7.738903
v -4.811432 1.158891 -7.722705
v -4.824198 1.158891 -7.683599
v -4.811432 1.158891 -7.644494
v -4.780615 1.158891 -7.628296
v -4.749795 1.158891 -7.644494
v -4.737031 1.158891 -7.683599
v -4.749795 1.307446 -7.722705
v -4.780615 1.307446 -7.738903
v -4.811432 1.307446 -7.722705
v -4.824198 1.307446 -7.683599
v -4.811432 1.307446 -7.644494
v -4.780615 1.307446 -7.628296
v -4.749795 1.307446 -7.644494
v -4.737031 1.307446 -7.683599
vt 0.837905 0.086805
vt 0.837374 0.086805
vt 0.837374 0.084440
vt 0.837905 0.084440
vt 0.836843 0.086805
vt 0.836843 0.084440
vt 0.836312 0.086805
vt 0.836312 0.084440
vt 0.835781 0.086805
vt 0.835781 0.084440
vt 0.835250 0.086805
vt 0.839497 0.084440
vt 0.838966 0.086805
vt 0.838966 0.084440
vt 0.838436 0.086805
vt 0.838436 0.084440
vt 0.839497 0.086805
vt 0.835250 0.084440
vn 0.465218 0.000000 -0.885196
vn 0.465218 0.000000 -0.885196
vn 0.465218 0.000000 -0.885196
vn 0.465218 0.000000 -0.885196
vn -0.465247 0.000000 -0.885181
vn -0.465247 0.000000 -0.885181
vn -0.465247 0.000000 -0.885181
vn -0.465247 0.000000 -0.885181
vn -0.950632 0.000000 -0.310320
vn -0.950632 0.000000 -0.310320
vn -0.950632 0.000000 -0.310320
vn -0.950632 0.000000 -0.310320
vn -0.950630 0.000000 0.310325
vn -0.950630 0.000000 0.310325
vn -0.950630 0.000000 0.310325
vn -0.950630 0.000000 0.310325
vn -0.465247 0.000000 0.885181
vn -0.465247 0.000000 0.885181
vn -0.465247 0.000000 0.885181
vn -0.465247 0.000000 0.885181
vn 0.465218 0.000000 0.885196
vn 0.465218 0.000000 0.885196
vn 0.465218 0.000000 0.885196
vn 0.465218 0.000000 0.885196
vn 0.950639 0.000000 0.310298
vn 0.950639 0.000000 0.310298
vn 0.950639 0.000000 0.310298
vn 0.950639 0.000000 0.310298
vn 0.950641 0.000000 -0.310293
vn 0.950641 0.000000 -0.310293
vn 0.950641 0.000000 -0.310293
vn 0.950641 0.000000 -0.310293
s off
g Cubiculos1 Cubiculos2 pCylinder2 Escritorio
usemtl lambert2SG
f 113/189/261 114/190/262 122/191/263 121/192/264
f 114/190/265 115/193/266 123/194/267 122/191/268
f 115/193/269 116/195/270 124/196/271 123/194/272
f 116/195/273 117/197/274 125/198/275 124/196/276
f 117/197/277 118/199/278 126/206/279 125/198/280
f 118/205/281 119/201/282 127/202/283 126/200/284
f 119/201/285 120/203/286 128/204/287 127/202/288
f 120/203/289 113/189/290 121/192/291 128/204/292
g default
v -5.106205 0.037328 -7.317474
v -3.365159 0.037328 -7.317474
v -5.106205 1.156776 -7.317474
v -3.365159 1.169453 -7.317474
v -5.106205 1.156776 -7.922080
v -3.365159 1.156776 -7.922080
v -5.106205 0.037328 -7.922080
v -3.365159 0.037328 -7.922080
v -5.106205 1.156776 -7.477406
v -5.106205 0.037328 -7.477406
v -3.365159 0.037328 -7.477406
v -3.365159 1.169453 -7.477406
v -5.106205 1.156776 -7.442823
v -5.106205 0.037328 -7.442823
v -3.365159 0.037328 -7.442823
v -3.365159 1.169453 -7.442823
v -5.077004 0.037328 -7.477406
v -5.077004 0.037328 -7.442823
v -5.077004 1.127575 -7.442823
v -5.077004 1.127575 -7.477406
v -3.394361 0.037328 -7.442823
v -3.394361 1.140252 -7.442823
v -3.394361 0.037328 -7.477406
v -3.394361 1.140252 -7.477406
v -5.106205 0.423265 -7.477406
v -5.077004 0.422666 -7.477406
v -5.077004 0.422365 -7.442823
v -5.106205 0.423154 -7.442823
v -3.365159 0.423154 -7.442823
v -3.394361 0.422365 -7.442823
v -3.394361 0.435343 -7.477406
v -3.365159 0.435942 -7.477406
v -3.365159 0.410477 -7.922080
v -5.106205 0.410477 -7.922080
v -5.106205 0.770589 -7.477406
v -5.077004 0.771753 -7.477406
v -3.394361 0.784430 -7.477406
v -3.365159 0.783266 -7.477406
v -3.365159 0.783626 -7.922080
v -5.106205 0.783626 -7.922080
v -5.106205 0.436052 -7.922080
v -3.365159 0.436052 -7.922080
v -5.106205 0.757552 -7.922080
v -5.077004 0.771452 -7.442823
v -5.106205 0.770229 -7.442823
v -3.365159 0.770229 -7.442823
v -3.394361 0.771452 -7.442823
v -3.365159 0.757552 -7.922080
v -3.365159 0.423154 -7.506806
v -3.365159 0.448729 -7.506806
v -3.365159 0.770229 -7.506806
v -3.365159 0.796304 -7.506806
v -5.106205 0.783626 -7.506806
v -5.106205 0.757552 -7.506806
v -5.106205 0.436052 -7.506806
v -5.106205 0.410477 -7.506806
v -5.106205 0.037328 -7.506806
v -3.394361 0.783626 -7.885026
v -5.077004 0.783626 -7.885026
v -3.394361 0.757552 -7.885026
v -5.077004 0.757552 -7.885026
v -3.394361 0.796304 -7.506806
v -3.394361 0.770229 -7.506806
v -5.077004 0.757552 -7.506806
v -5.077004 0.783626 -7.506806
v -3.394361 0.436052 -7.885026
v -5.077004 0.436052 -7.885026
v -3.394361 0.410477 -7.885026
v -5.077004 0.410477 -7.885026
v -3.394361 0.448729 -7.506806
v -3.394361 0.423154 -7.506806
v -5.077004 0.410477 -7.506806
v -5.077004 0.436052 -7.506806
vt 0.974589 0.184174
vt 0.974589 0.154920
vt 0.972929 0.184174
vt 0.933006 0.327179
vt 0.844429 0.296821
vt 0.868764 0.244982
vt 0.862786 0.244982
vt 0.862786 0.217112
vt 0.849885 0.290494
vt 0.987255 0.321429
vt 0.850270 0.296823
vt 0.868764 0.250592
vt 0.987255 0.358081
vt 0.909554 0.370435
vt 0.932087 0.322423
vt 0.932548 0.327179
vt 0.932087 0.327179
vt 0.932548 0.351450
vt 0.932087 0.356297
vt 0.932087 0.351450
vt 0.982108 0.321429
vt 0.991295 0.306534
vt 0.932087 0.310080
vt 0.932087 0.316565
vt 0.932548 0.310080
vt 0.932548 0.316565
vt 0.933006 0.310080
vt 0.972929 0.142593
vt 0.974589 0.136111
vt 0.829969 0.297931
vt 0.972930 0.203196
vt 0.933006 0.362119
vt 0.932548 0.362119
vt 0.932548 0.368713
vt 0.932087 0.362119
vt 0.932087 0.368713
vt 0.931625 0.368713
vt 0.982108 0.358081
vt 0.908683 0.369915
vt 0.908683 0.336630
vt 0.908683 0.365126
vt 0.991287 0.338439
vt 0.991294 0.311880
vt 0.991295 0.306887
vt 0.909120 0.331327
vt 0.932548 0.322423
vt 0.972929 0.148425
vt 0.933006 0.356297
vt 0.932548 0.356297
vt 0.908679 0.369911
vt 0.909554 0.336630
vt 0.909554 0.365099
vt 0.909116 0.365099
vt 0.909116 0.336630
vt 0.909116 0.331331
vt 0.982108 0.321777
vt 0.909550 0.370440
vt 0.909550 0.336630
vt 0.909550 0.365126
vt 0.909120 0.365126
vt 0.909120 0.336630
vt 0.908679 0.336630
vt 0.908679 0.365099
vt 0.982108 0.352820
vt 0.982108 0.326689
vt 0.909550 0.369915
vt 0.909120 0.369915
vt 0.909554 0.369911
vt 0.909116 0.369911
vt 0.909116 0.331853
vt 0.909554 0.331853
vt 0.909120 0.331849
vt 0.909550 0.331849
vt 0.829969 0.149888
vt 0.733684 0.149885
vt 0.974589 0.203196
vt 0.733684 0.297931
vt 0.931625 0.310080
vt 0.931625 0.316565
vt 0.931625 0.322423
vt 0.931625 0.327179
vt 0.972929 0.190882
vt 0.933006 0.351450
vt 0.933006 0.322423
vt 0.933006 0.316565
vt 0.972929 0.154920
vt 0.972930 0.196714
vt 0.972929 0.136111
vt 0.933006 0.368713
vt 0.931625 0.351450
vt 0.931625 0.356297
vt 0.991286 0.343784
vt 0.931625 0.362119
vt 0.844430 0.290494
vt 0.874276 0.244982
vt 0.874276 0.217113
vt 0.868764 0.217113
vt 0.987255 0.357733
vt 0.987255 0.357733
vt 0.987255 0.352820
vt 0.987255 0.326689
vt 0.909554 0.331331
vt 0.987255 0.321777
vt 0.908679 0.331853
vt 0.909116 0.370435
vt 0.982108 0.357733
vt 0.997173 0.343432
vt 0.997173 0.338440
vt 0.997173 0.311881
vt 0.909120 0.370440
vt 0.908683 0.331849
vt 0.909550 0.331327
vt 0.982108 0.321777
vt 0.862786 0.250591
vt 0.862786 0.250220
vt 0.987255 0.321777
vt 0.850271 0.290494
vt 0.997173 0.306889
vt 0.997173 0.306535
vt 0.997173 0.343786
vt 0.982108 0.357733
vn -0.007281 0.999974 0.000000
vn -0.007281 0.999974 0.000000
vn -0.007281 0.999974 0.000000
vn -0.007281 0.999974 0.000000
vn 0.000000 0.000000 -1.000000
vn 0.000000 0.000000 -1.000000
vn 0.000000 0.000000 -1.000000
vn 0.000000 0.000000 -1.000000
vn 1.000000 0.000000 0.000000
vn 1.000000 0.000000 0.000000
vn 1.000000 0.000000 0.000000
vn -1.000000 0.000000 0.000000
vn -1.000000 0.000000 0.000000
vn -1.000000 0.000000 0.000000
vn -1.000000 0.000000 0.000000
vn -1.000000 0.000000 0.000000
vn -1.000000 0.000000 0.000000
vn 1.000000 0.000000 0.000000
vn 1.000000 0.000000 0.000000
vn 1.000000 0.000000 0.000000
vn -1.000000 0.000000 0.000000
vn -1.000000 0.000000 0.000000
vn -1.000000 0.000000 0.000000
vn -1.000000 0.000000 0.000000
vn 1.000000 0.000000 0.000000
vn 1.000000 0.000000 0.000000
vn 1.000000 0.000000 0.000000
vn 1.000000 0.000000 0.000000
vn -0.007534 0.999972 0.000000
vn -0.007534 0.999972 0.000000
vn -0.007534 0.999972 0.000000
vn -0.007534 0.999972 0.000000
vn 0.000000 0.000000 -1.000000
vn 0.000000 0.000000 -1.000000
vn -0.000000 0.000000 -1.000000
vn -0.000000 0.000000 -1.000000
vn -0.000002 0.000000 1.000000
vn -0.000006 0.000000 1.000000
vn -0.000006 0.000000 1.000000
vn -0.000002 0.000000 1.000000
vn 0.000003 0.000000 -1.000000
vn 0.000003 0.000000 -1.000000
vn 0.000009 0.000000 -1.000000
vn 0.000010 0.000000 -1.000000
vn -0.000012 0.000000 1.000000
vn -0.000002 0.000000 1.000000
vn -0.000002 0.000000 1.000000
vn -0.000012 0.000000 1.000000
vn 0.000005 0.000000 1.000000
vn 0.000010 0.000000 1.000000
vn 0.000010 0.000000 1.000000
vn 0.000005 0.000000 1.000000
vn -1.000000 0.000000 0.000000
vn -1.000000 0.000000 0.000000
vn -1.000000 0.000000 0.000000
vn -1.000000 0.000000 0.000000
vn 0.000000 0.000000 -1.000000
vn -0.000000 0.000000 -1.000000
vn -0.000000 0.000000 -1.000000
vn 0.000000 0.000000 -1.000000
vn -1.000000 0.000000 0.000000
vn -1.000000 0.000000 0.000000
vn -1.000000 0.000000 0.000000
vn 1.000000 0.000000 0.000000
vn 1.000000 0.000000 0.000000
vn 1.000000 0.000000 0.000000
vn 0.000000 0.000000 -1.000000
vn 0.000000 0.000000 -1.000000
vn 0.000000 0.000000 -1.000000
vn 0.000000 0.000000 -1.000000
vn 1.000000 0.000000 0.000000
vn 1.000000 0.000000 0.000000
vn 1.000000 0.000000 0.000000
vn 1.000000 0.000000 0.000000
vn 0.000018 0.000000 1.000000
vn 0.000002 0.000000 1.000000
vn 0.000003 0.000000 1.000000
vn 0.000018 0.000000 1.000000
vn 1.000000 0.000000 0.000000
vn 1.000000 0.000000 0.000000
vn 1.000000 0.000000 0.000000
vn 0.000000 0.000000 -1.000000
vn 0.000000 0.000000 -1.000000
vn 0.000000 0.000000 -1.000000
vn 0.000000 0.000000 -1.000000
vn -1.000000 0.000000 0.000000
vn -1.000000 0.000000 0.000000
vn -1.000000 0.000000 0.000000
vn -1.000000 0.000000 0.000000
vn 1.000000 0.000000 0.000000
vn 0.000000 0.000000 -1.000000
vn 0.000000 0.000000 -1.000000
vn 0.000000 0.000000 -1.000000
vn 0.000000 0.000000 -1.000000
vn -1.000000 0.000000 0.000000
vn -1.000000 0.000000 0.000000
vn 1.000000 0.000000 0.000000
vn 0.000000 0.000000 -1.000000
vn 0.000000 0.000000 -1.000000
vn 0.000000 0.000000 -1.000000
vn 0.000000 0.000000 -1.000000
vn -0.000000 0.000000 1.000000
vn -0.000000 0.000000 1.000000
vn -0.000000 0.000000 1.000000
vn -0.000000 0.000000 1.000000
vn 0.000000 0.000000 -1.000000
vn 0.000000 0.000000 -1.000000
vn 0.000000 0.000000 -1.000000
vn 0.000000 0.000000 -1.000000
vn 1.000000 0.000000 0.000000
vn 1.000000 0.000000 0.000000
vn 1.000000 0.000000 0.000000
vn 1.000000 0.000000 0.000000
vn 1.000000 0.000000 0.000000
vn 1.000000 0.000000 0.000000
vn 1.000000 0.000000 0.000000
vn 1.000000 0.000000 0.000000
vn 1.000000 0.000000 0.000000
vn 1.000000 0.000000 0.000000
vn 1.000000 0.000000 0.000000
vn 1.000000 0.000000 0.000000
vn 1.000000 0.000000 0.000000
vn 1.000000 0.000000 0.000000
vn -0.003640 0.999892 -0.014253
vn -0.003640 0.999892 -0.014253
vn -0.003640 0.999892 -0.014253
vn -0.003640 0.999892 -0.014253
vn -1.000000 0.000000 0.000000
vn -1.000000 0.000000 0.000000
vn -1.000000 0.000000 0.000000
vn -1.000000 0.000000 0.000000
vn -1.000000 0.000000 0.000000
vn -1.000000 0.000000 0.000000
vn -1.000000 0.000000 0.000000
vn -1.000000 0.000000 0.000000
vn -1.000000 0.000000 0.000000
vn -1.000000 0.000000 0.000000
vn -1.000000 0.000000 0.000000
vn -1.000000 0.000000 0.000000
vn -1.000000 0.000000 0.000000
vn -1.000000 0.000000 0.000000
vn -0.002412 0.999990 -0.003802
vn 0.000000 1.000000 0.000001
vn 0.000000 1.000000 0.000001
vn -0.003405 0.999980 -0.005366
vn 0.000000 0.000000 -1.000000
vn 0.000000 0.000000 -1.000000
vn 0.000000 0.000000 -1.000000
vn 0.000000 0.000000 -1.000000
vn -0.020257 0.999285 -0.031930
vn -0.020257 0.999285 -0.031930
vn 0.000000 1.000000 0.000000
vn 0.000000 1.000000 0.000000
vn 0.000000 0.000000 -1.000000
vn 0.000000 0.000000 -1.000000
vn 0.000000 0.000000 -1.000000
vn 0.000000 0.000000 -1.000000
vn -0.002412 0.999990 -0.003802
vn 0.000000 1.000000 0.000000
vn 0.000000 1.000000 0.000000
vn -0.003405 0.999980 -0.005366
vn 0.000000 0.000000 -1.000000
vn 0.000000 0.000000 -1.000000
vn 0.000000 0.000000 -1.000000
vn 0.000000 0.000000 -1.000000
vn -0.020257 0.999285 -0.031930
vn -0.020257 0.999285 -0.031930
vn 0.000000 1.000000 0.000000
vn 0.000000 1.000000 0.000000
vn 0.000000 0.000000 -1.000000
vn 0.000000 0.000000 -1.000000
vn 0.000000 0.000000 -1.000000
vn 0.000000 0.000000 -1.000000
s off
g Cubiculos1 Cubiculos2 Escritorio pCube2
usemtl lambert2SG
f 131/208/293 132/207/294 144/209/295 141/292/296
f 133/303/297 134/212/298 167/213/299 168/214/300
s 1
f 144/209/301 132/207/302 174/288/303
s 2
f 131/208/304 141/292/305 173/253/306
s 3
f 181/215/307 163/323/308 137/217/309
s 4
f 140/218/310 166/320/311 180/321/312
s 5
f 147/222/313 148/223/314 164/221/315 172/252/316
s 6
f 165/225/317 152/226/318 150/224/319 175/255/320
s off
f 147/222/321 150/224/322 152/226/323 148/223/324
s 7
f 141/210/325 147/222/326 172/252/327 173/290/328
s 8
f 137/287/329 163/286/330 164/221/331 148/223/332
s 7
f 150/224/333 144/289/334 174/254/335 175/255/336
s 8
f 166/297/337 140/296/338 152/226/339 165/225/340
s 7
f 141/210/325 144/289/334 150/224/333 147/222/326
s 8
f 140/296/338 137/287/329 148/223/332 152/226/339
f 153/285/341 138/284/342 145/229/343 154/230/344
s 5
f 145/229/345 146/231/346 155/232/347 154/230/348
s 7
f 142/233/349 156/291/350 155/232/351 146/231/352
s 2
f 142/294/353 129/235/354 156/234/355
s 1
f 130/282/356 143/237/357 157/293/358
s 7
f 158/239/359 157/238/360 143/295/361 149/240/362
s 6
f 159/241/363 158/239/364 149/240/365 151/242/366
s 8
f 139/243/367 160/299/368 159/241/369 151/242/370
s 4
f 177/313/371 160/326/372 139/298/373
s off
f 162/315/374 161/314/375 136/248/376 135/249/377
s 3
f 185/250/378 138/228/379 153/325/380 184/324/381
s 4
f 180/304/312 166/219/311 179/305/382
s off
f 187/257/383 186/258/384 188/259/385 189/260/386
s 3
f 182/309/387 163/216/308 181/322/307
f 184/319/381 153/227/380 183/262/388
s 4
f 178/312/389 160/244/372 177/327/371
s off
f 195/264/390 194/265/391 196/266/392 197/267/393
s 3
f 183/262/388 153/227/380 163/216/308 182/309/387
s 8
f 164/221/331 163/286/330 153/285/341 154/230/344
s 5
f 155/232/347 172/252/316 164/221/315 154/230/348
s 7
f 156/291/350 173/290/328 172/252/327 155/232/351
s 2
f 131/208/304 173/253/306 156/234/355 129/235/354
s off
f 132/283/394 131/281/395 129/280/396 130/236/397
s 1
f 174/288/303 132/207/302 130/282/356 157/293/358
s 7
f 175/255/336 174/254/335 157/238/360 158/239/359
s 6
f 159/241/363 165/225/317 175/255/320 158/239/364
s 8
f 160/299/368 166/297/337 165/225/340 159/241/369
s 4
f 179/305/382 166/219/311 160/244/372 178/312/389
s off
f 171/307/398 176/306/399 170/270/400 169/271/401
s 4
f 161/314/402 177/313/371 139/298/373 136/248/403
s off
f 194/265/404 198/272/405 199/273/406 196/266/407
s 4
f 176/306/408 179/305/382 178/312/389 170/270/409
s off
f 186/258/410 190/274/411 191/275/412 188/259/413
s 4
f 140/218/310 180/321/312 167/213/414 134/212/415
s off
f 137/302/416 140/301/417 134/212/418 133/303/419
s 3
f 168/300/420 181/215/307 137/217/309 133/211/421
s off
f 189/260/422 192/276/423 193/277/424 187/257/425
s 3
f 169/271/426 183/262/388 182/309/387 171/307/427
s off
f 197/267/428 200/278/429 201/279/430 195/264/431
s 3
f 135/249/432 185/250/378 184/324/381 162/315/433
s 11
f 176/269/434 171/268/435 189/260/436 188/259/437
s off
f 180/220/438 179/311/439 191/275/440 190/274/441
s 11
f 179/256/442 176/269/434 188/259/437 191/275/443
f 171/268/435 182/310/444 192/276/445 189/260/436
s off
f 182/261/446 181/308/447 193/277/448 192/276/449
s 12
f 161/247/450 162/246/451 197/267/452 196/266/453
s off
f 178/263/454 177/316/455 199/273/456 198/272/457
s 12
f 177/245/458 161/247/450 196/266/453 199/273/459
f 162/246/451 184/317/460 200/278/461 197/267/452
s off
f 184/251/462 183/318/463 201/279/464 200/278/465
g default
v -3.702650 1.158891 -7.722705
v -3.733467 1.158891 -7.738903
v -3.764285 1.158891 -7.722705
v -3.777050 1.158891 -7.683599
v -3.764285 1.158891 -7.644494
v -3.733467 1.158891 -7.628296
v -3.702650 1.158891 -7.644494
v -3.689884 1.158891 -7.683599
v -3.702650 1.307446 -7.722705
v -3.733467 1.307446 -7.738903
v -3.764285 1.307446 -7.722705
v -3.777050 1.307446 -7.683599
v -3.764285 1.307446 -7.644494
v -3.733467 1.307446 -7.628296
v -3.702650 1.307446 -7.644494
v -3.689884 1.307446 -7.683599
vt 0.837905 0.086805
vt 0.837374 0.086805
vt 0.837374 0.084440
vt 0.837905 0.084440
vt 0.836843 0.086805
vt 0.836843 0.084440
vt 0.836312 0.086805
vt 0.836312 0.084440
vt 0.835781 0.086805
vt 0.835781 0.084440
vt 0.835250 0.086805
vt 0.839497 0.084440
vt 0.838966 0.086805
vt 0.838966 0.084440
vt 0.838436 0.086805
vt 0.838436 0.084440
vt 0.839497 0.086805
vt 0.835250 0.084440
vn 0.465247 0.000000 -0.885181
vn 0.465247 0.000000 -0.885181
vn 0.465247 0.000000 -0.885181
vn 0.465247 0.000000 -0.885181
vn -0.465247 0.000000 -0.885181
vn -0.465247 0.000000 -0.885181
vn -0.465247 0.000000 -0.885181
vn -0.465247 0.000000 -0.885181
vn -0.950632 0.000000 -0.310321
vn -0.950632 0.000000 -0.310321
vn -0.950632 0.000000 -0.310321
vn -0.950632 0.000000 -0.310321
vn -0.950630 0.000000 0.310326
vn -0.950630 0.000000 0.310326
vn -0.950630 0.000000 0.310326
vn -0.950630 0.000000 0.310326
vn -0.465247 0.000000 0.885181
vn -0.465247 0.000000 0.885181
vn -0.465247 0.000000 0.885181
vn -0.465247 0.000000 0.885181
vn 0.465247 0.000000 0.885181
vn 0.465247 0.000000 0.885181
vn 0.465247 0.000000 0.885181
vn 0.465247 0.000000 0.885181
vn 0.950630 0.000000 0.310326
vn 0.950630 0.000000 0.310326
vn 0.950630 0.000000 0.310326
vn 0.950630 0.000000 0.310326
vn 0.950632 0.000000 -0.310321
vn 0.950632 0.000000 -0.310321
vn 0.950632 0.000000 -0.310321
vn 0.950632 0.000000 -0.310321
s off
g Cubiculos1 Cubiculos2 Escritorio pCylinder1
usemtl lambert2SG
f 202/328/466 203/329/467 211/330/468 210/331/469
f 203/329/470 204/332/471 212/333/472 211/330/473
f 204/332/474 205/334/475 213/335/476 212/333/477
f 205/334/478 206/336/479 214/337/480 213/335/481
f 206/336/482 207/338/483 215/345/484 214/337/485
f 207/344/486 208/340/487 216/341/488 215/339/489
f 208/340/490 209/342/491 217/343/492 216/341/493
f 209/342/494 202/328/495 210/331/496 217/343/497
g default
v -5.106203 1.299432 -3.220032
v -3.365159 1.299432 -3.220032
v -5.106203 1.393375 -3.220032
v -3.365159 1.393375 -3.220032
v -5.106203 1.393375 -7.915193
v -3.365159 1.393375 -7.915193
v -5.106203 1.299432 -7.915193
v -3.365159 1.299432 -7.915193
vt 0.862786 0.263571
vt 0.893474 0.261995
vt 0.893475 0.263566
vt 0.864357 0.263571
vt 0.893484 0.325447
vt 0.864367 0.325452
vt 0.895056 0.325447
vt 0.864367 0.327023
vt 0.893485 0.327018
vt 0.862796 0.325452
vt 0.895046 0.263566
vt 0.864357 0.261999
vn 0.000000 0.000000 1.000000
vn 0.000000 0.000000 1.000000
vn 0.000000 0.000000 1.000000
vn 0.000000 0.000000 1.000000
vn 0.000000 1.000000 0.000000
vn 0.000000 1.000000 0.000000
vn 0.000000 1.000000 0.000000
vn 0.000000 1.000000 0.000000
vn 0.000000 0.000000 -1.000000
vn 0.000000 0.000000 -1.000000
vn 0.000000 0.000000 -1.000000
vn 0.000000 0.000000 -1.000000
vn 1.000000 0.000000 0.000000
vn 1.000000 0.000000 0.000000
vn 1.000000 0.000000 0.000000
vn 1.000000 0.000000 0.000000
vn -1.000000 0.000000 0.000000
vn -1.000000 0.000000 0.000000
vn -1.000000 0.000000 0.000000
vn -1.000000 0.000000 0.000000
s off
g Cubiculos1 Cubiculos2 Escritorio pCube1
usemtl lambert2SG
f 218/357/498 219/347/499 221/348/500 220/349/501
f 220/349/502 221/348/503 223/350/504 222/351/505
f 222/351/506 223/350/507 225/354/508 224/353/509
f 219/356/510 225/352/511 223/350/512 221/348/513
f 224/355/514 218/346/515 220/349/516 222/351/517
g default
v -5.106203 0.027136 -3.322032
v -3.365159 0.027136 -3.322032
v -5.106203 0.027136 -3.221899
v -3.365159 0.027136 -3.221899
v -5.106203 1.292667 -3.221898
v -3.365159 1.292667 -3.221898
v -5.106203 1.292667 -3.322033
v -3.365159 1.292667 -3.322033
vt 0.835020 0.298527
vt 0.861140 0.298528
vt 0.861139 0.317515
vt 0.835019 0.317514
vt 0.862324 0.298529
vt 0.807715 0.317513
vt 0.833835 0.317514
vt 0.833836 0.298527
vt 0.862323 0.317515
vt 0.807715 0.298526
vn 0.000000 -0.000001 1.000000
vn 0.000000 -0.000001 1.000000
vn 0.000000 -0.000001 1.000000
vn 0.000000 -0.000001 1.000000
vn 1.000000 0.000000 0.000000
vn 1.000000 0.000000 0.000000
vn 1.000000 0.000000 0.000000
vn 1.000000 0.000000 0.000000
vn -1.000000 -0.000000 0.000000
vn -1.000000 -0.000000 0.000000
vn -1.000000 -0.000000 0.000000
vn -1.000000 -0.000000 0.000000
vn 0.000000 -0.000000 -1.000000
vn 0.000000 -0.000000 -1.000000
vn 0.000000 -0.000000 -1.000000
vn 0.000000 -0.000000 -1.000000
s off
g Cubiculos1 Cubiculos2 Escritorio pCube3
usemtl lambert2SG
f 228/358/518 229/359/519 231/360/520 230/361/521
f 227/362/522 233/366/523 231/360/524 229/359/525
f 232/364/526 226/365/527 228/358/528 230/361/529
f 226/365/530 232/364/531 233/363/532 227/367/533
g default
v -6.382298 0.667793 -5.292603
v -5.453054 0.667793 -5.292603
v -6.382298 0.693911 -5.292603
v -5.453054 0.693911 -5.292603
v -6.382298 0.693911 -5.738617
v -5.453054 0.693911 -5.738617
v -6.382298 0.667793 -5.738617
v -5.453054 0.667793 -5.738617
v -5.712201 0.594535 -5.738617
v -5.712201 0.594535 -5.292603
v -6.340637 0.667171 -5.738617
v -6.340637 0.667171 -5.292603
v -5.493413 0.661507 -5.738617
v -5.493413 0.661507 -5.292603
vt 0.862786 0.071761
vt 0.922846 0.310703
vt 0.922447 0.310082
vt 0.869439 0.071370
vt 0.922846 0.310703
vt 0.869439 0.071760
vt 0.922837 0.323942
vt 0.869441 0.085840
vt 0.922448 0.323942
vt 0.862789 0.086230
vt 0.869441 0.081817
vt 0.922931 0.323340
vt 0.922931 0.323340
vt 0.923930 0.320077
vt 0.862788 0.085231
vt 0.862789 0.085841
vt 0.869441 0.085230
vt 0.922838 0.323942
vt 0.862786 0.072382
vt 0.862788 0.081819
vt 0.869439 0.072381
vt 0.923930 0.320077
vt 0.869441 0.086229
vt 0.922447 0.310082
vt 0.922836 0.310082
vt 0.922448 0.323942
vt 0.922836 0.310082
vt 0.862786 0.071371
vn 0.000000 0.000000 1.000000
vn 0.000000 0.000000 1.000000
vn 0.000000 0.000000 1.000000
vn -0.000000 0.000000 -1.000000
vn -0.000000 0.000000 -1.000000
vn 0.000024 0.000000 -1.000000
vn -0.014936 -0.999888 0.000000
vn -0.108677 -0.994077 0.000000
vn -0.108677 -0.994077 0.000000
vn -0.014936 -0.999888 0.000000
vn 1.000000 0.000000 0.000000
vn 1.000000 0.000000 0.000000
vn 1.000000 0.000000 0.000000
vn 1.000000 0.000000 0.000000
vn -1.000000 0.000000 -0.000001
vn -1.000000 0.000000 -0.000001
vn -1.000000 0.000000 -0.000001
vn -1.000000 0.000000 -0.000001
vn -0.006686 -0.999978 0.000000
vn 0.272030 -0.962289 0.000000
vn 0.272030 -0.962289 0.000000
vn -0.006686 -0.999978 0.000000
vn 0.000000 0.000000 1.000000
vn 0.000000 0.000000 1.000000
vn 0.000000 0.000000 1.000000
vn -0.000000 0.000000 -1.000000
vn -0.000001 0.000000 -1.000000
vn -0.000001 0.000000 -1.000000
vn 0.153915 -0.988084 0.000000
vn 0.153915 -0.988084 0.000000
vn 0.000000 0.000000 1.000000
vn -0.000012 0.000000 -1.000000
s 1
g Cubiculos1 Cubiculos2 pCube4 Silla
usemtl lambert2SG
f 234/394/534 245/369/535 236/370/536
s 2
f 238/391/537 244/372/538 240/392/539
s 3
f 240/373/540 244/388/541 245/386/542 234/368/543
s off
f 235/383/544 241/375/545 239/390/546 237/377/547
f 240/373/548 234/368/549 236/395/550 238/371/551
s 3
f 242/378/552 246/384/553 247/382/554 243/387/555
s 1
f 237/393/556 243/381/557 247/380/558
s 2
f 242/389/559 239/376/560 246/379/561
s 3
f 244/388/541 242/378/552 243/387/555 245/386/542
s 1
f 236/370/536 245/369/535 243/381/557 237/393/556
s 2
f 244/372/538 238/391/537 239/376/560 242/389/559
s 3
f 246/384/553 241/375/562 235/383/563 247/382/554
s 1
f 237/393/556 247/380/558 235/374/564
s 2
f 246/379/561 239/376/560 241/385/565
g default
v -6.468882 0.706564 -5.041425
v -5.378114 0.706564 -5.041425
v -6.468882 0.878074 -5.041425
v -5.378113 0.878074 -5.041425
v -6.468882 0.878074 -5.989795
v -5.378114 0.878074 -5.989795
v -6.468882 0.706564 -5.989795
v -5.378114 0.706564 -5.989795
v -5.356432 0.705430 -5.938787
v -5.356432 0.879208 -5.938787
v -6.490562 0.879208 -5.938787
v -6.490562 0.705430 -5.938787
v -5.356432 0.705430 -5.092433
v -5.356432 0.879208 -5.092433
v -6.490562 0.879208 -5.092433
v -6.490562 0.705430 -5.092433
v -5.426859 0.705430 -5.022574
v -5.426859 0.879208 -5.022574
v -5.426859 0.879208 -6.008645
v -5.426859 0.705430 -6.008645
v -6.420135 0.705430 -5.022574
v -6.420135 0.879208 -5.022574
v -6.420135 0.879208 -6.008645
v -6.420135 0.705430 -6.008645
v -5.406779 0.799015 -6.028579
v -6.440216 0.799015 -6.028579
v -6.490932 0.799285 -6.008967
v -6.513490 0.799015 -5.955897
v -6.513490 0.799015 -5.075323
v -6.490932 0.799285 -5.022252
v -6.440216 0.799015 -5.002640
v -5.406779 0.799015 -5.002640
v -5.356063 0.799285 -5.022252
v -5.333506 0.799015 -5.075323
v -5.333506 0.799015 -5.955897
v -5.356063 0.799285 -6.008967
vt 0.868600 0.002677
vt 0.868600 0.003476
vt 0.867375 0.003476
vt 0.867375 0.002677
vt 0.867375 0.064253
vt 0.899826 0.302322
vt 0.867375 0.049737
vt 0.868600 0.049737
vt 0.868600 0.050532
vt 0.868600 0.019334
vt 0.868600 0.020194
vt 0.867375 0.020194
vt 0.867375 0.019334
vt 0.868600 0.001843
vt 0.868600 0.033034
vt 0.868600 0.033879
vt 0.867375 0.033879
vt 0.867375 0.033034
vt 0.867375 0.051400
vt 0.868600 0.051400
vt 0.868600 0.018540
vt 0.867375 0.018540
vt 0.867375 0.034675
vt 0.868600 0.034675
vt 0.870053 0.049737
vt 0.870053 0.034675
vt 0.870053 0.050532
vt 0.870053 0.051400
vt 0.870053 0.064253
vt 0.870053 0.002677
vt 0.870053 0.003476
vt 0.870053 0.018540
vt 0.870053 0.019334
vt 0.870053 0.020194
vt 0.870053 0.033034
vt 0.870053 0.033879
vt 0.868600 0.064253
vt 0.870053 0.001843
vt 0.900554 0.302603
vt 0.915369 0.302601
vt 0.900551 0.287894
vt 0.915367 0.287892
vt 0.916096 0.302319
vt 0.916094 0.288173
vt 0.899500 0.288937
vt 0.867375 0.001843
vt 0.899503 0.301561
vt 0.916418 0.288934
vt 0.916420 0.301558
vt 0.867375 0.050532
vt 0.899824 0.288176
vn -0.363644 -0.001353 0.931537
vn -0.022497 -0.002480 0.999744
vn -0.013810 0.244570 0.969533
vn -0.345304 0.309445 0.886007
vn -0.345304 0.309448 -0.886006
vn -0.013810 0.244570 -0.969533
vn -0.022497 -0.002479 -0.999744
vn -0.363644 -0.001350 -0.931537
vn 0.919043 -0.000634 0.394157
vn 0.999592 -0.002357 0.028449
vn 0.960155 0.278795 0.019390
vn 0.867685 0.330258 0.371553
vn -0.999592 -0.002357 0.028448
vn -0.919046 -0.000626 0.394150
vn -0.867683 0.330270 0.371547
vn -0.960152 0.278804 0.019389
vn 0.999592 -0.002357 -0.028449
vn 0.919040 -0.000630 -0.394163
vn 0.867679 0.330266 -0.371560
vn 0.960155 0.278795 -0.019390
vn -0.919044 -0.000632 -0.394154
vn -0.999592 -0.002357 -0.028448
vn -0.960152 0.278804 -0.019389
vn -0.867682 0.330268 -0.371551
vn 0.052235 0.998635 0.000000
vn 0.000250 1.000000 -0.000266
vn 0.000250 1.000000 0.000266
vn 0.052235 0.998635 0.000000
vn 0.022496 -0.002479 0.999744
vn 0.363647 -0.001352 0.931536
vn 0.345307 0.309442 0.886007
vn 0.013810 0.244570 0.969533
vn -0.000250 1.000000 0.000266
vn -0.000250 1.000000 -0.000266
vn -0.052233 0.998635 0.000000
vn -0.052233 0.998635 0.000000
vn 0.363648 -0.001351 -0.931535
vn 0.022496 -0.002479 -0.999744
vn 0.013810 0.244570 -0.969533
vn 0.345309 0.309445 -0.886005
vn 0.000000 0.998195 -0.060050
vn 0.000000 0.998195 -0.060050
vn 0.000000 0.998195 0.060050
vn 0.000000 0.998195 0.060050
vn -0.014416 -0.211319 -0.977311
vn 0.014416 -0.211319 -0.977311
vn -0.350793 -0.267692 -0.897377
vn -0.880424 -0.286189 -0.378087
vn -0.970205 -0.241448 -0.020129
vn -0.970205 -0.241448 0.020129
vn -0.880427 -0.286182 0.378084
vn -0.350793 -0.267694 0.897376
vn -0.014416 -0.211319 0.977311
vn 0.014416 -0.211319 0.977311
vn 0.350797 -0.267691 0.897376
vn 0.880423 -0.286184 0.378093
vn 0.970207 -0.241441 0.020129
vn 0.970207 -0.241441 -0.020129
vn 0.880422 -0.286182 -0.378096
vn 0.350797 -0.267691 -0.897376
s 1
g Cubiculos1 Cubiculos2 Silla pCube5
usemtl lambert2SG
f 277/396/566 278/397/567 269/398/568 250/399/569
s 2
f 252/445/570 270/402/571 273/403/572 274/404/573
s 3
f 280/405/574 281/406/575 261/407/576 251/408/577
s 4
f 276/409/578 277/396/579 250/399/580 262/441/581
s 3
f 282/410/582 283/411/583 253/412/584 257/413/585
s 4
f 274/404/586 275/415/587 258/414/588 252/445/589
s 3
f 281/406/575 282/410/582 257/413/585 261/407/576
s 7
f 262/440/590 250/446/591 252/401/592 258/442/593
s 4
f 275/415/587 276/432/578 262/400/581 258/414/588
s 1
f 279/416/594 280/405/595 251/408/596 265/417/597
s 7
f 253/438/598 251/439/599 261/443/600 257/444/601
s 2
f 283/411/602 272/419/603 266/418/604 253/412/605
s 1
f 278/397/567 279/416/594 265/417/597 269/398/568
s 7
f 250/446/591 269/436/606 265/437/607 251/439/599
f 252/401/592 250/446/591 251/439/599 253/438/598
f 270/434/608 252/401/592 253/438/598 266/435/609
s 2
f 273/403/572 270/402/571 266/418/604 272/419/603
f 271/420/610 273/403/572 272/419/603 267/421/611
f 274/404/573 273/403/572 271/420/610 254/422/612
s 4
f 254/422/613 259/423/614 275/415/587 274/404/586
f 259/423/614 263/424/615 276/432/578 275/415/587
f 263/433/615 248/425/616 277/396/579 276/409/578
s 1
f 248/425/617 268/426/618 278/397/567 277/396/566
f 268/426/618 264/427/619 279/416/594 278/397/567
f 264/427/619 249/428/620 280/405/595 279/416/594
s 3
f 249/428/621 260/429/622 281/406/575 280/405/574
f 260/429/622 256/430/623 282/410/582 281/406/575
f 256/430/623 255/431/624 283/411/583 282/410/582
s 2
f 267/421/611 272/419/603 283/411/602 255/431/625
g default
v -6.111184 0.711742 -6.007656
v -5.764872 0.711742 -6.007656
v -6.111184 0.871575 -6.007656
v -5.764872 0.871575 -6.007656
v -6.111184 0.871575 -6.032467
v -5.764872 0.871575 -6.032467
v -6.111184 0.711742 -6.032467
v -5.764872 0.711742 -6.032467
v -6.163946 0.794132 -6.050036
v -6.163946 0.794132 -6.025225
v -5.712111 0.794132 -6.025225
v -5.712111 0.794132 -6.050036
v -6.154560 0.832854 -6.045053
v -6.154560 0.832854 -6.020242
v -5.721498 0.832854 -6.020242
v -5.721498 0.832854 -6.045053
v -6.154560 0.752937 -6.045053
v -6.154560 0.752937 -6.020242
v -5.721498 0.752937 -6.020242
v -5.721498 0.752937 -6.045053
vt 0.861181 0.088900
vt 0.866346 0.088900
vt 0.866346 0.089270
vt 0.831448 0.291442
vt 0.837261 0.292051
vt 0.830801 0.292049
vt 0.867214 0.088900
vt 0.860314 0.088900
vt 0.830801 0.293251
vt 0.859089 0.088900
vt 0.859719 0.088900
vt 0.859719 0.089270
vt 0.868438 0.088900
vt 0.837260 0.293252
vt 0.837401 0.292633
vt 0.867808 0.088900
vt 0.831448 0.293893
vt 0.858197 0.088900
vt 0.869330 0.088900
vt 0.869330 0.089270
vt 0.859089 0.089270
vt 0.858197 0.089270
vt 0.860314 0.089270
vt 0.830661 0.292632
vt 0.861181 0.089270
vt 0.868438 0.089270
vt 0.836613 0.293894
vt 0.867214 0.089270
vt 0.867808 0.089270
vt 0.836614 0.291443
vn 0.000000 1.000000 0.000000
vn 0.000000 1.000000 0.000000
vn 0.000000 1.000000 0.000000
vn 0.000000 1.000000 0.000000
vn 0.000000 0.309122 -0.951022
vn 0.000000 0.309122 -0.951022
vn 0.000000 0.178538 -0.983933
vn 0.000000 0.178538 -0.983933
vn 0.808774 0.588119 0.000000
vn 0.845033 0.534714 0.000000
vn 0.665954 0.745993 0.000000
vn 0.665954 0.745993 0.000000
vn -0.845029 0.534720 0.000000
vn -0.808769 0.588127 0.000000
vn -0.665943 0.746003 0.000000
vn -0.665943 0.746003 0.000000
vn -0.858815 -0.512285 0.000000
vn -0.826208 -0.563365 0.000000
vn -1.000000 0.000488 0.000000
vn -1.000000 -0.000569 0.000000
vn 0.826212 -0.563359 0.000000
vn 0.858819 -0.512280 0.000000
vn 1.000000 -0.000569 0.000000
vn 1.000000 0.000488 0.000000
vn 0.000000 -0.000627 -1.000000
vn 0.000000 -0.000627 -1.000000
vn 0.000000 -0.169679 -0.985499
vn 0.000000 -0.169678 -0.985500
vn -0.688639 -0.725104 0.000000
vn -0.688639 -0.725104 0.000000
vn 0.688648 -0.725096 0.000000
vn 0.688648 -0.725096 0.000000
vn 0.000000 -0.292193 -0.956360
vn 0.000000 -0.292193 -0.956360
s off
g Cubiculos1 Cubiculos2 Silla pCube6
usemtl lambert2SG
f 286/447/626 287/448/627 289/449/628 288/471/629
s 1
f 288/450/630 289/476/631 299/451/632 296/452/633
s 2
f 298/453/634 299/474/635 289/449/636 287/448/637
s 3
f 296/469/638 297/454/639 286/447/640 288/471/641
f 300/467/642 301/456/643 293/457/644 292/458/645
s 2
f 302/459/646 303/472/647 295/475/648 294/462/649
s 1
f 292/470/650 295/461/651 303/460/652 300/455/653
s 3
f 292/458/645 293/457/644 297/454/639 296/469/638
s 2
f 294/462/649 295/475/648 299/474/635 298/453/634
s 1
f 296/452/633 299/451/632 295/461/651 292/470/650
s 3
f 290/468/654 284/464/655 301/456/643 300/467/642
s 2
f 285/465/656 291/466/657 303/472/647 302/459/646
s 1
f 300/455/653 303/460/652 291/473/658 290/463/659
g default
v -5.980481 0.735957 -6.039948
v -5.850248 0.782409 -6.045826
v -6.116522 1.129329 -6.032181
v -5.986287 1.204471 -6.013380
v -6.116522 1.129329 -6.063868
v -5.986287 1.204471 -6.082669
v -5.980481 0.735957 -6.077514
v -5.850248 0.782409 -6.077514
v -5.870961 0.869868 -6.077577
v -6.001196 0.823416 -6.077577
v -6.001196 0.823416 -6.045890
v -5.870961 0.869868 -6.032958
v -5.860650 0.836490 -6.081915
v -5.990884 0.790038 -6.081915
v -5.990884 0.790038 -6.048617
v -5.860650 0.836490 -6.044629
v -5.854569 0.807122 -6.048628
v -5.854569 0.807122 -6.080745
v -5.984805 0.760671 -6.080745
v -5.984805 0.760671 -6.043179
vt 0.867375 0.069390
vt 0.830661 0.293894
vt 0.870745 0.064253
vt 0.835744 0.296042
vt 0.869987 0.064253
vt 0.867862 0.064253
vt 0.869987 0.069390
vt 0.867862 0.069390
vt 0.869987 0.069919
vt 0.867862 0.069919
vt 0.867375 0.069919
vt 0.870745 0.069919
vt 0.869987 0.070367
vt 0.867862 0.070367
vt 0.867375 0.070367
vt 0.870745 0.070367
vt 0.870745 0.070744
vt 0.869987 0.070744
vt 0.867862 0.070744
vt 0.867375 0.070744
vt 0.870745 0.069390
vt 0.830661 0.296042
vt 0.835744 0.293894
vt 0.867375 0.064253
vn -0.082961 -0.081490 0.993215
vn -0.082961 -0.081490 0.993215
vn -0.082961 -0.081490 0.993215
vn -0.082961 -0.081490 0.993215
vn -0.067013 -0.010710 -0.997695
vn -0.067013 -0.010710 -0.997695
vn -0.064811 0.000427 -0.997897
vn -0.064709 0.000943 -0.997904
vn 0.945963 0.324275 0.000000
vn 0.946160 0.323699 0.000000
vn 0.945421 0.325853 0.000000
vn 0.945421 0.325853 0.000000
vn -0.938020 -0.346580 0.000000
vn -0.937679 -0.347504 0.000000
vn -0.935717 -0.352751 0.000000
vn -0.935717 -0.352751 0.000000
vn -0.018061 0.050635 -0.998554
vn -0.014923 0.041839 -0.999013
vn -0.968389 -0.249446 0.000000
vn -0.968406 -0.249378 0.000000
vn 0.964919 0.262548 0.000000
vn 0.966874 0.255254 0.000000
vn 0.025607 -0.071784 -0.997091
vn 0.028545 -0.080020 -0.996385
vn -0.981924 -0.189275 0.000000
vn -0.982372 -0.186934 0.000000
vn 0.981858 0.189616 0.000000
vn 0.981719 0.190337 0.000000
vn 0.985054 0.172244 0.000000
vn 0.985054 0.172244 0.000000
vn 0.043531 -0.122039 -0.991570
vn 0.043531 -0.122039 -0.991570
vn -0.985040 -0.172325 0.000000
vn -0.985040 -0.172325 0.000000
s off
g Cubiculos1 Cubiculos2 Silla pCube7
usemtl lambert2SG
f 314/498/660 315/478/661 307/499/662 306/480/663
s 1
f 308/482/664 309/481/665 312/483/666 313/484/667
s 2
f 315/497/668 312/483/669 309/481/670 307/479/671
s 3
f 313/484/672 314/477/673 306/500/674 308/482/675
s 1
f 313/484/667 312/483/666 316/485/676 317/486/677
s 3
f 317/486/678 318/487/679 314/477/673 313/484/672
s 2
f 319/488/680 316/485/681 312/483/669 315/497/668
s 1
f 317/486/677 316/485/676 321/489/682 322/490/683
s 3
f 322/490/684 323/491/685 318/487/679 317/486/678
s 2
f 320/492/686 321/489/687 316/485/681 319/488/680
f 305/493/688 311/494/689 321/489/687 320/492/686
s 1
f 322/490/683 321/489/682 311/494/690 310/495/691
s 3
f 310/495/692 304/496/693 323/491/685 322/490/684
g default
v -6.137409 1.168745 -6.030235
v -6.115512 1.125294 -6.030235
v -5.860499 1.308307 -5.985513
v -5.827885 1.307878 -5.985513
v -5.860499 1.308307 -6.111446
v -5.827885 1.307878 -6.111445
v -6.137409 1.168745 -6.066723
v -6.115512 1.125294 -6.066723
v -5.857527 1.255317 -5.988570
v -5.857527 1.255317 -6.108389
vt 0.972929 0.210292
vt 0.858942 0.083605
vt 0.973366 0.210548
vt 0.975195 0.210548
vt 0.860848 0.083605
vt 0.860109 0.083605
vt 0.860848 0.079124
vt 0.860109 0.079124
vt 0.858741 0.083605
vt 0.862030 0.079124
vt 0.862030 0.083605
vt 0.858197 0.079124
vt 0.858741 0.084331
vt 0.858942 0.079124
vt 0.858197 0.084331
vt 0.858197 0.083605
vt 0.975631 0.210297
vt 0.975195 0.209650
vt 0.973366 0.209650
vt 0.858197 0.083605
vn -0.118555 -0.063806 0.990895
vn -0.125395 -0.064140 0.990031
vn -0.000738 -0.057628 0.998338
vn -0.118553 -0.063813 -0.990895
vn -0.000711 -0.057639 -0.998337
vn -0.125395 -0.064147 -0.990031
vn -0.893006 -0.450045 0.000000
vn -0.893006 -0.450045 0.000000
vn -0.893006 -0.450045 0.000000
vn -0.893006 -0.450045 0.000000
vn 0.584340 -0.811509 0.000000
vn 0.584340 -0.811509 0.000000
vn 0.871029 -0.491231 0.000000
vn 0.871029 -0.491231 0.000000
vn -0.450064 0.892996 0.000000
vn -0.450064 0.892996 0.000000
vn -0.450064 0.892996 0.000000
vn -0.450064 0.892996 0.000000
vn -0.127476 -0.064241 0.989759
vn -0.127476 -0.064241 0.989759
vn 0.450067 -0.892995 0.000000
vn 0.450067 -0.892995 0.000000
vn -0.127476 -0.064248 -0.989759
vn -0.127476 -0.064248 -0.989759
s 1
g Cubiculos1 Cubiculos2 Silla pCube8
usemtl lambert2SG
f 326/501/694 332/519/695 327/503/696
s 2
f 328/517/697 329/504/698 333/518/699
s off
f 330/515/700 331/516/701 325/509/702 324/513/703
s 3
f 332/519/704 333/518/705 329/504/706 327/503/707
s off
f 330/507/708 324/510/709 326/511/710 328/505/711
s 1
f 324/512/712 325/514/713 332/502/695 326/520/694
s 3
f 325/514/714 331/508/715 333/506/705 332/502/704
s 2
f 328/505/697 333/506/699 331/508/716 330/507/717
g default
v -6.086282 1.311047 -5.999342
v -5.613734 1.311047 -5.999342
v -6.086282 1.337396 -5.999342
v -5.613734 1.337396 -5.999342
v -6.086282 1.337396 -6.097425
v -5.613734 1.337396 -6.097425
v -6.086282 1.311047 -6.097425
v -5.613734 1.311047 -6.097425
v -5.648016 1.337396 -6.127422
v -5.648016 1.311047 -6.127422
v -5.648016 1.311047 -5.969346
v -5.648016 1.337396 -5.969346
v -6.051999 1.337396 -6.127422
v -6.051999 1.311047 -6.127422
v -6.051999 1.311047 -5.969346
v -6.051999 1.337396 -5.969346
vt 0.871303 0.088507
vt 0.854287 0.088507
vt 0.863297 0.259023
vt 0.862786 0.259471
vt 0.869840 0.088900
vt 0.863298 0.261381
vt 0.869160 0.088507
vt 0.869840 0.088507
vt 0.860992 0.088507
vt 0.869835 0.259470
vt 0.862455 0.088507
vt 0.862455 0.088900
vt 0.863135 0.088900
vt 0.863135 0.088507
vt 0.869323 0.259023
vt 0.860313 0.088507
vt 0.869160 0.088900
vt 0.869323 0.261381
vt 0.854287 0.088900
vt 0.860313 0.088900
vt 0.860992 0.088900
vt 0.869835 0.260933
vt 0.853607 0.088900
vt 0.862786 0.260934
vt 0.853607 0.088507
vt 0.871303 0.088900
vn -0.658483 0.000000 0.752595
vn -0.068283 0.000000 0.997666
vn -0.068283 0.000000 0.997666
vn -0.658483 0.000000 0.752595
vn 0.000000 1.000000 0.000000
vn 0.000000 1.000000 0.000000
vn 0.000000 1.000000 0.000000
vn 0.000000 1.000000 0.000000
vn -0.658495 0.000000 -0.752585
vn -0.068285 0.000000 -0.997666
vn -0.068285 0.000000 -0.997666
vn -0.658495 0.000000 -0.752585
vn 1.000000 0.000000 0.000000
vn 1.000000 0.000000 0.000000
vn 1.000000 0.000000 0.000000
vn 1.000000 0.000000 0.000000
vn -1.000000 0.000000 0.000000
vn -1.000000 0.000000 0.000000
vn -1.000000 0.000000 0.000000
vn -1.000000 0.000000 0.000000
vn 0.068286 0.000000 -0.997666
vn 0.658509 0.000000 -0.752573
vn 0.658509 0.000000 -0.752573
vn 0.068286 0.000000 -0.997666
vn 0.068283 0.000000 0.997666
vn 0.068283 0.000000 0.997666
vn 0.658496 0.000000 0.752584
vn 0.658496 0.000000 0.752584
vn 0.000000 1.000000 0.000000
vn 0.000000 1.000000 0.000000
vn 0.000000 1.000000 0.000000
vn 0.000000 1.000000 0.000000
s 1
g Cubiculos1 Cubiculos2 Silla pCube9
usemtl lambert2SG
f 334/545/718 348/522/719 349/539/720 336/543/721
s 2
f 338/544/722 336/524/723 349/523/724 346/526/725
s 3
f 338/525/726 346/537/727 347/527/728 340/528/729
s off
f 339/532/730 337/541/731 335/529/732 341/531/733
f 340/528/734 334/521/735 336/546/736 338/525/737
s 3
f 342/533/738 339/532/739 341/531/740 343/534/741
s 1
f 345/540/742 344/536/743 335/529/744 337/541/745
s 2
f 345/535/746 337/530/747 339/542/748 342/538/749
s 3
f 346/537/727 342/533/738 343/534/741 347/527/728
s 1
f 349/539/720 348/522/719 344/536/743 345/540/742
s 2
f 349/523/724 345/535/746 342/538/749 346/526/725
g default
v -6.578106 0.697998 -5.056696
v -6.546798 0.697998 -5.056696
v -6.578106 2.200897 -5.054693
v -6.546798 2.200897 -5.054693
v -6.578106 2.200897 -5.983075
v -6.546798 2.200897 -5.983075
v -6.578106 0.697998 -5.981073
v -6.546798 0.697998 -5.981073
v -6.373686 1.453031 -5.938328
v -6.373686 1.453031 -5.099441
v -6.342379 1.453031 -5.099441
v -6.342379 1.453031 -5.938328
v -6.564250 2.150207 -6.013894
v -6.564250 2.150207 -5.023874
v -6.532942 2.150207 -5.023874
v -6.532942 2.150207 -6.013894
v -6.557561 0.773881 -6.012484
v -6.557561 0.773881 -5.025284
v -6.526253 0.773881 -5.025284
v -6.526253 0.773881 -6.012484
v -6.433244 1.731311 -5.073779
v -6.401936 1.731311 -5.073779
v -6.401936 1.731311 -5.963989
v -6.433244 1.731311 -5.963989
v -6.433951 1.169474 -5.073638
v -6.402643 1.169474 -5.073638
v -6.402643 1.169474 -5.964130
v -6.433951 1.169474 -5.964130
vt 0.932625 0.309296
vt 0.913735 0.366997
vt 0.913735 0.367882
vt 0.932165 0.310080
vt 0.913268 0.381729
vt 0.932165 0.310080
vt 0.913735 0.382614
vt 0.913268 0.382614
vt 0.913735 0.345119
vt 0.932132 0.286826
vt 0.931880 0.294181
vt 0.931496 0.298505
vt 0.918598 0.294183
vt 0.913735 0.356536
vt 0.918983 0.298507
vt 0.913735 0.393075
vt 0.913735 0.397322
vt 0.918598 0.294183
vt 0.918344 0.286828
vt 0.913735 0.404492
vt 0.918601 0.302752
vt 0.931879 0.302750
vt 0.918601 0.302752
vt 0.913735 0.388907
vt 0.917876 0.288001
vt 0.913268 0.346344
vt 0.917876 0.288001
vt 0.913735 0.403267
vt 0.913735 0.352289
vt 0.918983 0.298507
vt 0.913735 0.360704
vt 0.917857 0.309298
vt 0.913735 0.346344
vt 0.913268 0.352289
vt 0.913268 0.356536
vt 0.913268 0.360704
vt 0.913268 0.366997
vt 0.932601 0.287999
vt 0.931880 0.294181
vt 0.932601 0.287999
vt 0.931879 0.302750
vt 0.931496 0.298505
vt 0.932625 0.309296
vt 0.918317 0.310082
vt 0.913735 0.381729
vt 0.913268 0.367882
vt 0.918317 0.310082
vt 0.913268 0.397322
vt 0.913268 0.403267
vt 0.913268 0.388907
vt 0.913268 0.393075
vt 0.917857 0.309298
vt 0.913268 0.404492
vt 0.913735 0.331331
vt 0.913268 0.331331
vt 0.913268 0.345119
vt 0.932132 0.286826
vt 0.918344 0.286828
vn 0.000000 -0.012651 0.999920
vn 0.000000 -0.061003 0.998138
vn 0.000000 0.519507 0.854466
vn 0.000000 0.519507 0.854466
vn 0.000000 1.000000 0.000000
vn 0.000000 1.000000 0.000000
vn 0.000000 1.000000 0.000000
vn 0.000000 1.000000 0.000000
vn 0.000000 0.519507 -0.854466
vn 0.000000 0.519507 -0.854466
vn 0.000000 -0.061004 -0.998138
vn 0.000000 -0.012651 -0.999920
vn 0.000000 -1.000000 0.000000
vn 0.000000 -1.000000 0.000000
vn 0.000000 -1.000000 0.000000
vn 0.000000 -1.000000 0.000000
vn 0.964610 0.263679 0.000000
vn 0.964610 0.263679 0.000000
vn 0.955278 0.295709 0.000000
vn 0.955278 0.295709 0.000000
vn -0.955279 -0.295705 0.000000
vn -0.955279 -0.295705 0.000000
vn -0.964612 -0.263675 0.000000
vn -0.964612 -0.263675 0.000000
vn -0.964012 0.265857 0.000000
vn -0.999999 0.001199 0.000000
vn -0.999999 0.001199 0.000000
vn -0.964012 0.265857 0.000000
vn 0.000000 0.110835 0.993839
vn 0.000000 0.105980 0.994368
vn 0.000000 0.000296 1.000000
vn 0.000000 0.000213 1.000000
vn 0.999999 -0.001203 0.000000
vn 0.999999 -0.001203 0.000000
vn 0.964012 -0.265858 0.000000
vn 0.964012 -0.265858 0.000000
vn 0.000000 0.000213 -1.000000
vn 0.000000 0.000296 -1.000000
vn 0.000000 0.105980 -0.994368
vn 0.000000 0.110835 -0.993839
vn -0.963403 -0.268057 0.000000
vn -0.963403 -0.268057 0.000000
vn 0.000000 -0.109702 0.993965
vn 0.000000 -0.105558 0.994413
vn 0.963403 0.268058 0.000000
vn 0.963403 0.268058 0.000000
vn 0.000000 -0.105558 -0.994413
vn 0.000000 -0.109702 -0.993964
vn -0.965248 0.261337 0.000000
vn -0.965248 0.261337 0.000000
vn -0.956041 0.293235 0.000000
vn -0.956041 0.293235 0.000000
vn 0.000000 -0.382476 0.923965
vn 0.000000 -0.382476 0.923965
vn 0.000000 0.057996 0.998317
vn 0.000000 0.006826 0.999977
vn 0.956041 -0.293234 0.000000
vn 0.965248 -0.261337 0.000000
vn 0.965248 -0.261337 0.000000
vn 0.956041 -0.293234 0.000000
vn 0.000000 0.006827 -0.999977
vn 0.000000 0.057997 -0.998317
vn 0.000000 -0.382472 -0.923967
vn 0.000000 -0.382472 -0.923967
s 1
g Cubiculos1 Cubiculos2 Silla pCube10
usemtl lambert2SG
f 363/583/750 364/548/751 353/549/752 352/592/753
s off
f 354/551/754 352/592/755 353/549/756 355/591/757
s 2
f 354/551/758 355/591/759 365/553/760 362/554/761
s off
f 351/555/762 350/602/763 356/601/764 357/600/765
s 3
f 355/552/766 353/590/767 364/578/768 365/589/769
s 4
f 362/598/770 363/547/771 352/550/772 354/593/773
f 374/557/774 359/558/775 358/561/776 377/564/777
s 1
f 374/580/778 375/575/779 360/560/780 359/581/781
s 3
f 361/588/782 360/576/783 375/559/784 376/585/785
s 2
f 358/597/786 361/562/787 376/563/788 377/594/789
s 4
f 370/568/790 363/547/771 362/598/770 373/567/791
s 1
f 370/582/792 371/577/793 364/548/751 363/583/750
s 3
f 365/589/769 364/578/768 371/569/794 372/587/795
s 2
f 362/554/761 365/553/760 372/570/796 373/596/797
s 4
f 356/565/798 350/556/799 367/584/800 366/571/801
s 1
f 350/602/802 351/555/803 368/579/804 367/572/805
s 3
f 368/573/806 351/604/807 357/603/808 369/586/809
s 2
f 366/595/810 369/574/811 357/566/812 356/599/813
s 4
f 358/561/776 359/558/775 370/568/790 373/567/791
s 1
f 359/581/781 360/560/780 371/577/793 370/582/792
s 3
f 371/569/794 360/576/783 361/588/782 372/587/795
s 2
f 373/596/797 372/570/796 361/562/787 358/597/786
s 4
f 366/571/801 367/584/800 374/557/774 377/564/777
s 1
f 367/572/805 368/579/804 375/575/779 374/580/778
s 3
f 375/559/784 368/573/806 369/586/809 376/585/785
s 2
f 377/594/789 376/563/788 369/574/811 366/595/810
g default
v -5.937709 0.082673 -5.555309
v -5.968007 0.082673 -5.567858
v -5.998306 0.082673 -5.555309
v -6.010855 0.082673 -5.525010
v -5.998306 0.082673 -5.494713
v -5.968007 0.082673 -5.482163
v -5.937709 0.082673 -5.494713
v -5.925159 0.082673 -5.525010
v -5.937709 0.620460 -5.555309
v -5.968007 0.620460 -5.567858
v -5.998306 0.620460 -5.555309
v -6.010855 0.620460 -5.525010
v -5.998306 0.620460 -5.494713
v -5.968007 0.620460 -5.482163
v -5.937709 0.620460 -5.494713
v -5.925159 0.620460 -5.525010
vt 0.861629 0.292942
vt 0.861629 0.293432
vt 0.853608 0.293430
vt 0.853608 0.292941
vt 0.861629 0.293921
vt 0.853608 0.293919
vt 0.861629 0.294410
vt 0.853608 0.290495
vt 0.861630 0.290986
vt 0.853608 0.290984
vt 0.861630 0.291475
vt 0.853608 0.291473
vt 0.861630 0.291964
vt 0.853608 0.291963
vt 0.861629 0.292453
vt 0.853608 0.292452
vt 0.861630 0.290497
vt 0.853607 0.294408
vn 0.382669 0.000000 -0.923886
vn 0.382669 0.000000 -0.923886
vn 0.382669 0.000000 -0.923886
vn 0.382669 0.000000 -0.923886
vn -0.382669 0.000000 -0.923886
vn -0.382669 0.000000 -0.923886
vn -0.382669 0.000000 -0.923886
vn -0.382669 0.000000 -0.923886
vn -0.923888 0.000000 -0.382662
vn -0.923888 0.000000 -0.382662
vn -0.923888 0.000000 -0.382662
vn -0.923888 0.000000 -0.382662
vn -0.923881 0.000000 0.382679
vn -0.923881 0.000000 0.382679
vn -0.923881 0.000000 0.382679
vn -0.923881 0.000000 0.382679
vn -0.382699 0.000000 0.923873
vn -0.382699 0.000000 0.923873
vn -0.382699 0.000000 0.923873
vn -0.382699 0.000000 0.923873
vn 0.382699 0.000000 0.923873
vn 0.382699 0.000000 0.923873
vn 0.382699 0.000000 0.923873
vn 0.382699 0.000000 0.923873
vn 0.923881 0.000000 0.382679
vn 0.923881 0.000000 0.382679
vn 0.923881 0.000000 0.382679
vn 0.923881 0.000000 0.382679
vn 0.923888 0.000000 -0.382662
vn 0.923888 0.000000 -0.382662
vn 0.923888 0.000000 -0.382662
vn 0.923888 0.000000 -0.382662
s off
g Cubiculos1 Cubiculos2 Silla pCylinder4
usemtl lambert2SG
f 378/605/814 379/606/815 387/607/816 386/608/817
f 379/606/818 380/609/819 388/610/820 387/607/821
f 380/609/822 381/611/823 389/622/824 388/610/825
f 381/621/826 382/613/827 390/614/828 389/612/829
f 382/613/830 383/615/831 391/616/832 390/614/833
f 383/615/834 384/617/835 392/618/836 391/616/837
f 384/617/838 385/619/839 393/620/840 392/618/841
f 385/619/842 378/605/843 386/608/844 393/620/845
g default
v -5.964041 0.124931 -5.552523
v -5.964041 0.083097 -5.564095
v -5.964041 0.083097 -5.485075
v -5.964041 0.124931 -5.496647
v -5.964041 0.142259 -5.524585
v -6.454134 0.124931 -5.552523
v -6.454134 0.083097 -5.564095
v -6.454134 0.083097 -5.485075
v -6.454134 0.124931 -5.496647
v -6.454134 0.142259 -5.524585
v -6.477688 0.083097 -5.524585
vt 0.870096 0.087859
vt 0.870096 0.088507
vt 0.862786 0.088506
vt 0.862934 0.254128
vt 0.870096 0.086231
vt 0.870096 0.086878
vt 0.863778 0.254268
vt 0.864122 0.253719
vt 0.870096 0.087369
vt 0.863317 0.254435
vt 0.863472 0.253498
vt 0.862786 0.087368
vt 0.862786 0.087858
vt 0.862786 0.086878
vt 0.862786 0.086230
vt 0.862786 0.253498
vn 0.000000 0.266610 -0.963805
vn 0.000000 0.266610 -0.963805
vn 0.000000 0.266610 -0.963805
vn 0.000000 0.266610 -0.963805
vn 0.000000 0.266610 0.963805
vn 0.000000 0.266610 0.963805
vn 0.000000 0.266610 0.963805
vn 0.000000 0.266610 0.963805
vn 0.000000 0.849812 0.527086
vn 0.000000 0.849812 0.527086
vn 0.000000 0.849812 0.527086
vn 0.000000 0.849812 0.527086
vn 0.000000 0.849812 -0.527086
vn 0.000000 0.849812 -0.527086
vn 0.000000 0.849812 -0.527086
vn 0.000000 0.849812 -0.527086
vn -0.898133 0.278311 -0.340442
vn -0.850459 0.140263 -0.506998
vn -0.969034 0.246927 -0.000001
vn -0.850464 0.140272 0.506985
vn -0.898134 0.278314 0.340438
vn -0.929084 0.369869 0.000000
s off
g Cubiculos1 Cubiculos2 Silla pCylinder5
usemtl lambert2SG
f 394/623/846 395/624/847 400/625/848 399/635/849
f 396/627/850 397/628/851 402/636/852 401/637/853
f 397/628/854 398/631/855 403/634/856 402/636/857
f 398/631/858 394/623/859 399/635/860 403/634/861
s 1
f 399/626/862 400/638/863 404/633/864
f 401/630/865 402/629/866 404/633/864
f 402/629/866 403/632/867 404/633/864
f 403/632/867 399/626/862 404/633/864
g default
v -6.400902 0.043442 -5.533748
v -6.408263 0.043442 -5.539096
v -6.417362 0.043442 -5.539096
v -6.424724 0.043442 -5.533748
v -6.427535 0.043442 -5.525094
v -6.424724 0.043442 -5.516441
v -6.417362 0.043442 -5.511093
v -6.408263 0.043442 -5.511093
v -6.400902 0.043442 -5.516441
v -6.398091 0.043442 -5.525094
v -6.390429 0.050917 -5.541358
v -6.404262 0.050917 -5.551409
v -6.421363 0.050917 -5.551409
v -6.435197 0.050917 -5.541358
v -6.440481 0.050917 -5.525094
v -6.435197 0.050917 -5.508832
v -6.421363 0.050917 -5.498780
v -6.404262 0.050917 -5.498780
v -6.390429 0.050917 -5.508832
v -6.385144 0.050917 -5.525094
v -6.382653 0.062368 -5.547006
v -6.401293 0.062368 -5.560548
v -6.424332 0.062368 -5.560548
v -6.442972 0.062368 -5.547006
v -6.450091 0.062368 -5.525094
v -6.442972 0.062368 -5.503183
v -6.424332 0.062368 -5.489641
v -6.401293 0.062368 -5.489641
v -6.382653 0.062368 -5.503183
v -6.375534 0.062368 -5.525094
v -6.378517 0.076416 -5.550011
v -6.399713 0.076416 -5.565411
v -6.425913 0.076416 -5.565411
v -6.447108 0.076416 -5.550011
v -6.455203 0.076416 -5.525094
v -6.447108 0.076416 -5.500178
v -6.425913 0.076416 -5.484778
v -6.399713 0.076416 -5.484778
v -6.378517 0.076416 -5.500178
v -6.370422 0.076416 -5.525094
v -6.378517 0.091366 -5.550011
v -6.399713 0.091366 -5.565411
v -6.425913 0.091366 -5.565411
v -6.447108 0.091366 -5.550011
v -6.455203 0.091366 -5.525094
v -6.447108 0.091366 -5.500178
v -6.425913 0.091366 -5.484778
v -6.399713 0.091366 -5.484778
v -6.378517 0.091366 -5.500178
v -6.370422 0.091366 -5.525094
v -6.412813 0.040846 -5.525094
vt 0.853607 0.089179
vt 0.853688 0.089290
vt 0.863091 0.252660
vt 0.863091 0.252957
vt 0.853818 0.089332
vt 0.863091 0.252354
vt 0.853948 0.089290
vt 0.863091 0.252045
vt 0.854029 0.089179
vt 0.863091 0.251735
vt 0.854029 0.089042
vt 0.863091 0.251430
vt 0.853948 0.088932
vt 0.863091 0.251134
vt 0.853818 0.088889
vt 0.863091 0.250847
vt 0.853688 0.088932
vt 0.863091 0.253498
vt 0.853607 0.089042
vt 0.863091 0.253244
vt 0.863351 0.252660
vt 0.863351 0.252957
vt 0.863351 0.252354
vt 0.863351 0.252045
vt 0.863351 0.251735
vt 0.863351 0.251430
vt 0.863351 0.251134
vt 0.863351 0.250847
vt 0.863351 0.253498
vt 0.863351 0.253244
vt 0.863547 0.252660
vt 0.863547 0.252957
vt 0.863547 0.252354
vt 0.863547 0.252045
vt 0.863547 0.251735
vt 0.863547 0.251430
vt 0.863547 0.251134
vt 0.863547 0.250847
vt 0.863547 0.253498
vt 0.863547 0.253244
vt 0.863736 0.252660
vt 0.863736 0.252957
vt 0.863736 0.252354
vt 0.863736 0.252045
vt 0.863736 0.251735
vt 0.863736 0.251430
vt 0.863736 0.251134
vt 0.863736 0.250847
vt 0.863736 0.253498
vt 0.863736 0.253244
vt 0.853818 0.089111
vt 0.863547 0.250592
vt 0.863736 0.250592
vt 0.863351 0.250592
vt 0.863091 0.250592
vt 0.862786 0.250592
vt 0.862786 0.253498
vt 0.862786 0.253244
vt 0.862786 0.252957
vt 0.862786 0.250847
vt 0.862786 0.251134
vt 0.862786 0.251430
vt 0.862786 0.251735
vt 0.862786 0.252045
vt 0.862786 0.252354
vt 0.862786 0.252660
vn 0.305012 -0.854818 -0.419825
vn 0.305012 -0.854818 -0.419825
vn 0.305012 -0.854818 -0.419825
vn 0.305012 -0.854818 -0.419825
vn 0.000000 -0.854819 -0.518927
vn 0.000000 -0.854819 -0.518927
vn 0.000000 -0.854819 -0.518927
vn 0.000000 -0.854819 -0.518927
vn -0.305005 -0.854814 -0.419840
vn -0.305005 -0.854814 -0.419840
vn -0.305005 -0.854814 -0.419840
vn -0.305005 -0.854814 -0.419840
vn -0.493550 -0.854808 -0.160348
vn -0.493549 -0.854808 -0.160348
vn -0.493549 -0.854808 -0.160348
vn -0.493550 -0.854808 -0.160348
vn -0.493560 -0.854800 0.160363
vn -0.493560 -0.854800 0.160363
vn -0.493560 -0.854800 0.160363
vn -0.493560 -0.854800 0.160363
vn -0.304996 -0.854823 0.419827
vn -0.304996 -0.854823 0.419827
vn -0.304996 -0.854823 0.419827
vn -0.304996 -0.854823 0.419827
vn 0.000000 -0.854801 0.518957
vn 0.000000 -0.854801 0.518957
vn 0.000000 -0.854801 0.518957
vn 0.000000 -0.854801 0.518957
vn 0.305017 -0.854814 0.419831
vn 0.305017 -0.854814 0.419831
vn 0.305017 -0.854814 0.419831
vn 0.305017 -0.854814 0.419831
vn 0.493560 -0.854800 0.160363
vn 0.493560 -0.854800 0.160363
vn 0.493560 -0.854800 0.160363
vn 0.493560 -0.854800 0.160363
vn 0.493557 -0.854804 -0.160351
vn 0.493557 -0.854804 -0.160351
vn 0.493557 -0.854804 -0.160351
vn 0.493557 -0.854804 -0.160351
vn 0.459442 -0.623735 -0.632352
vn 0.459442 -0.623735 -0.632351
vn 0.459442 -0.623735 -0.632351
vn 0.459442 -0.623735 -0.632351
vn 0.000000 -0.623748 -0.781626
vn 0.000000 -0.623748 -0.781626
vn 0.000000 -0.623748 -0.781626
vn 0.000000 -0.623748 -0.781626
vn -0.459425 -0.623745 -0.632353
vn -0.459425 -0.623745 -0.632353
vn -0.459425 -0.623745 -0.632353
vn -0.459425 -0.623745 -0.632353
vn -0.743349 -0.623784 -0.241508
vn -0.743349 -0.623784 -0.241508
vn -0.743349 -0.623784 -0.241508
vn -0.743349 -0.623784 -0.241508
vn -0.743340 -0.623791 0.241519
vn -0.743340 -0.623790 0.241519
vn -0.743340 -0.623791 0.241519
vn -0.743340 -0.623791 0.241519
vn -0.459403 -0.623792 0.632323
vn -0.459403 -0.623792 0.632323
vn -0.459403 -0.623792 0.632323
vn -0.459403 -0.623792 0.632323
vn 0.000000 -0.623788 0.781594
vn 0.000000 -0.623788 0.781594
vn 0.000000 -0.623788 0.781594
vn 0.000000 -0.623788 0.781594
vn 0.459426 -0.623768 0.632330
vn 0.459426 -0.623768 0.632330
vn 0.459426 -0.623768 0.632330
vn 0.459426 -0.623768 0.632330
vn 0.743310 -0.623820 0.241533
vn 0.743310 -0.623820 0.241533
vn 0.743310 -0.623820 0.241533
vn 0.743310 -0.623820 0.241533
vn 0.743335 -0.623793 -0.241527
vn 0.743335 -0.623793 -0.241527
vn 0.743335 -0.623793 -0.241527
vn 0.743335 -0.623793 -0.241527
vn 0.555455 -0.327131 -0.764497
vn 0.555455 -0.327131 -0.764497
vn 0.555455 -0.327131 -0.764497
vn 0.555455 -0.327131 -0.764497
vn 0.000000 -0.327131 -0.944979
vn 0.000000 -0.327131 -0.944979
vn 0.000000 -0.327131 -0.944979
vn 0.000000 -0.327131 -0.944979
vn -0.555454 -0.327135 -0.764496
vn -0.555454 -0.327135 -0.764496
vn -0.555454 -0.327135 -0.764496
vn -0.555454 -0.327135 -0.764496
vn -0.898751 -0.327072 -0.292011
vn -0.898751 -0.327072 -0.292011
vn -0.898751 -0.327072 -0.292011
vn -0.898751 -0.327072 -0.292011
vn -0.898757 -0.327050 0.292018
vn -0.898757 -0.327050 0.292019
vn -0.898757 -0.327050 0.292018
vn -0.898757 -0.327050 0.292018
vn -0.555464 -0.327084 0.764510
vn -0.555464 -0.327084 0.764510
vn -0.555464 -0.327084 0.764510
vn -0.555464 -0.327084 0.764510
vn 0.000035 -0.327116 0.944984
vn 0.000035 -0.327116 0.944984
vn 0.000035 -0.327116 0.944984
vn 0.000035 -0.327116 0.944984
vn 0.555436 -0.327110 0.764519
vn 0.555436 -0.327110 0.764519
vn 0.555436 -0.327110 0.764519
vn 0.555436 -0.327110 0.764519
vn 0.898745 -0.327085 0.292015
vn 0.898745 -0.327085 0.292015
vn 0.898745 -0.327085 0.292015
vn 0.898745 -0.327085 0.292015
vn 0.898750 -0.327076 -0.292011
vn 0.898750 -0.327076 -0.292011
vn 0.898750 -0.327076 -0.292011
vn 0.898750 -0.327076 -0.292011
vn 0.587792 0.000000 -0.809012
vn 0.587792 0.000000 -0.809012
vn 0.587792 0.000000 -0.809012
vn 0.587792 0.000000 -0.809012
vn 0.000000 0.000000 -1.000000
vn 0.000000 0.000000 -1.000000
vn 0.000000 0.000000 -1.000000
vn 0.000000 0.000000 -1.000000
vn -0.587792 0.000000 -0.809012
vn -0.587792 0.000000 -0.809012
vn -0.587792 0.000000 -0.809012
vn -0.587792 0.000000 -0.809012
vn -0.951061 0.000000 -0.309003
vn -0.951061 0.000000 -0.309003
vn -0.951061 0.000000 -0.309003
vn -0.951061 0.000000 -0.309003
vn -0.951056 0.000000 0.309017
vn -0.951056 0.000000 0.309017
vn -0.951056 0.000000 0.309017
vn -0.951056 0.000000 0.309017
vn -0.587813 0.000000 0.808997
vn -0.587813 0.000000 0.808997
vn -0.587813 0.000000 0.808997
vn -0.587813 0.000000 0.808997
vn 0.000000 0.000000 1.000000
vn 0.000000 0.000000 1.000000
vn 0.000000 0.000000 1.000000
vn 0.000000 0.000000 1.000000
vn 0.587813 0.000000 0.808997
vn 0.587813 0.000000 0.808997
vn 0.587813 0.000000 0.808997
vn 0.587813 0.000000 0.808997
vn 0.951056 0.000000 0.309017
vn 0.951056 0.000000 0.309017
vn 0.951056 0.000000 0.309017
vn 0.951056 0.000000 0.309017
vn 0.951061 0.000000 -0.309003
vn 0.951061 0.000000 -0.309003
vn 0.951061 0.000000 -0.309003
vn 0.951061 0.000000 -0.309003
vn 0.107154 -0.983242 -0.147491
vn 0.107154 -0.983242 -0.147491
vn 0.107154 -0.983242 -0.147491
vn 0.000000 -0.983242 -0.182303
vn 0.000000 -0.983242 -0.182303
vn 0.000000 -0.983242 -0.182303
vn -0.107154 -0.983242 -0.147490
vn -0.107154 -0.983242 -0.147490
vn -0.107154 -0.983242 -0.147490
vn -0.173387 -0.983241 -0.056342
vn -0.173387 -0.983241 -0.056342
vn -0.173387 -0.983241 -0.056342
vn -0.173387 -0.983241 0.056342
vn -0.173387 -0.983241 0.056342
vn -0.173387 -0.983241 0.056342
vn -0.107165 -0.983239 0.147505
vn -0.107165 -0.983239 0.147505
vn -0.107165 -0.983239 0.147505
vn 0.000000 -0.983242 0.182303
vn 0.000000 -0.983242 0.182303
vn 0.000000 -0.983242 0.182303
vn 0.107144 -0.983245 0.147477
vn 0.107144 -0.983245 0.147477
vn 0.107144 -0.983245 0.147477
vn 0.173387 -0.983242 0.056316
vn 0.173387 -0.983242 0.056316
vn 0.173387 -0.983242 0.056316
vn 0.173370 -0.983246 -0.056311
vn 0.173370 -0.983246 -0.056311
vn 0.173370 -0.983246 -0.056311
s off
g Cubiculos1 Cubiculos2 Silla pSphere1
usemtl lambert2SG
f 405/697/868 406/704/869 416/641/870 415/642/871
f 406/704/872 407/703/873 417/644/874 416/641/875
f 407/703/876 408/702/877 418/646/878 417/644/879
f 408/702/880 409/701/881 419/648/882 418/646/883
f 409/701/884 410/700/885 420/650/886 419/648/887
f 410/700/888 411/699/889 421/652/890 420/650/891
f 411/699/892 412/698/893 422/654/894 421/652/895
f 412/698/896 413/694/897 423/693/898 422/654/899
f 413/695/900 414/696/901 424/658/902 423/656/903
f 414/696/904 405/697/905 415/642/906 424/658/907
f 415/642/908 416/641/909 426/659/910 425/660/911
f 416/641/912 417/644/913 427/661/914 426/659/915
f 417/644/916 418/646/917 428/662/918 427/661/919
f 418/646/920 419/648/921 429/663/922 428/662/923
f 419/648/924 420/650/925 430/664/926 429/663/927
f 420/650/928 421/652/929 431/665/930 430/664/931
f 421/652/932 422/654/933 432/666/934 431/665/935
f 422/654/936 423/693/937 433/692/938 432/666/939
f 423/656/940 424/658/941 434/668/942 433/667/943
f 424/658/944 415/642/945 425/660/946 434/668/947
f 425/660/948 426/659/949 436/669/950 435/670/951
f 426/659/952 427/661/953 437/671/954 436/669/955
f 427/661/956 428/662/957 438/672/958 437/671/959
f 428/662/960 429/663/961 439/673/962 438/672/963
f 429/663/964 430/664/965 440/674/966 439/673/967
f 430/664/968 431/665/969 441/675/970 440/674/971
f 431/665/972 432/666/973 442/676/974 441/675/975
f 432/666/976 433/692/977 443/690/978 442/676/979
f 433/667/980 434/668/981 444/678/982 443/677/983
f 434/668/984 425/660/985 435/670/986 444/678/987
f 435/670/988 436/669/989 446/679/990 445/680/991
f 436/669/992 437/671/993 447/681/994 446/679/995
f 437/671/996 438/672/997 448/682/998 447/681/999
f 438/672/1000 439/673/1001 449/683/1002 448/682/1003
f 439/673/1004 440/674/1005 450/684/1006 449/683/1007
f 440/674/1008 441/675/1009 451/685/1010 450/684/1011
f 441/675/1012 442/676/1013 452/686/1014 451/685/1015
f 442/676/1016 443/690/1017 453/691/1018 452/686/1019
f 443/677/1020 444/678/1021 454/688/1022 453/687/1023
f 444/678/1024 435/670/1025 445/680/1026 454/688/1027
f 406/640/1028 405/639/1029 455/689/1030
f 407/643/1031 406/640/1032 455/689/1033
f 408/645/1034 407/643/1035 455/689/1036
f 409/647/1037 408/645/1038 455/689/1039
f 410/649/1040 409/647/1041 455/689/1042
f 411/651/1043 410/649/1044 455/689/1045
f 412/653/1046 411/651/1047 455/689/1048
f 413/655/1049 412/653/1050 455/689/1051
f 414/657/1052 413/655/1053 455/689/1054
f 405/639/1055 414/657/1056 455/689/1057
g default
v -12.431835 4.267702 3.159175
v -12.431835 4.267702 -1.970765
v -12.431835 4.333119 3.159175
v -12.431835 4.333119 -1.970765
v -12.631281 4.333119 3.159175
v -12.631281 4.333119 -1.970765
v -12.631281 4.267702 3.159175
v -12.631281 4.267702 -1.970765
v -12.466707 4.267702 -1.970765
v -12.466707 4.267702 3.159175
v -12.596409 4.267702 -1.970765
v -12.596409 4.267702 3.159175
v -12.596409 4.316702 -1.970765
v -12.596409 4.316702 3.159175
v -12.466707 4.316702 -1.970765
v -12.466707 4.316702 3.159175
vt 0.992262 0.236657
vt 0.992265 0.306534
vt 0.991289 0.306534
vt 0.991286 0.236657
vt 0.997674 0.236657
vt 0.997677 0.306533
vt 0.996701 0.306534
vt 0.996698 0.236657
vt 0.996181 0.306534
vt 0.996178 0.236657
vt 0.992782 0.236657
vt 0.992785 0.306534
vt 0.995447 0.236657
vt 0.995450 0.306534
vt 0.993516 0.306534
vt 0.993513 0.236657
vn 1.000000 0.000000 0.000000
vn 1.000000 0.000000 0.000000
vn 1.000000 0.000000 0.000000
vn 1.000000 0.000000 0.000000
vn -1.000000 0.000000 0.000000
vn -1.000000 0.000000 0.000000
vn -1.000000 0.000000 0.000000
vn -1.000000 0.000000 0.000000
vn 0.000000 -1.000000 0.000000
vn 0.000000 -1.000000 0.000000
vn 0.000000 -1.000000 0.000000
vn 0.000000 -1.000000 0.000000
vn 0.000000 -1.000000 0.000000
vn 0.000000 -1.000000 0.000000
vn 0.000000 -1.000000 0.000000
vn 0.000000 -1.000000 0.000000
vn 0.000000 -1.000000 0.000000
vn 0.000000 -1.000000 0.000000
vn 0.000000 -1.000000 0.000000
vn 0.000000 -1.000000 0.000000
vn 1.000000 0.000000 0.000000
vn 1.000000 0.000000 0.000000
vn 1.000000 0.000000 0.000000
vn 1.000000 0.000000 0.000000
vn -1.000000 0.000000 0.000000
vn -1.000000 0.000000 0.000000
vn -1.000000 0.000000 0.000000
vn -1.000000 0.000000 0.000000
s off
g Cubiculos1 Cubiculos2 Marco_puerta
usemtl lambert2SG
f 456/705/1058 457/706/1059 459/707/1060 458/708/1061
f 460/709/1062 461/710/1063 463/711/1064 462/712/1065
f 462/712/1066 463/711/1067 466/713/1068 467/714/1069
f 465/715/1070 464/716/1071 457/706/1072 456/705/1073
f 469/717/1074 468/718/1075 470/719/1076 471/720/1077
f 467/714/1078 466/713/1079 468/718/1080 469/717/1081
f 464/716/1082 465/715/1083 471/720/1084 470/719/1085
g default
v -0.039752 1.464934 12.965638
v 8.466951 1.464934 12.965638
v -0.039752 5.294541 12.965638
v 8.466951 5.294541 12.965638
v -0.039752 5.294541 12.905177
v 8.466951 5.294541 12.905177
v -0.039752 1.464934 12.906117
v 8.466951 1.464934 12.905177
v 8.398504 5.314483 12.904862
v 8.398504 1.444992 12.904862
v 8.398504 1.444992 12.965951
v 8.398504 5.314483 12.965951
v 0.028694 5.314483 12.904862
v 0.071827 1.464934 12.918140
v 0.071827 1.464934 12.965638
v 0.028694 5.314483 12.965951
v 8.511249 1.577197 12.904862
v -0.084050 1.577197 12.904862
v -0.084050 1.577197 12.965951
v 8.511249 1.577197 12.965951
v 8.511249 5.182277 12.904862
v -0.084050 5.182277 12.904862
v -0.084050 5.182277 12.965951
v 8.511249 5.182277 12.965951
vt 0.238643 0.542393
vt 0.240324 0.544366
vt 0.239304 0.544068
vt 0.899500 0.391109
vt 0.126542 0.544482
vt 0.899500 0.389281
vt 0.736091 0.324786
vt 0.736091 0.325694
vt 0.000677 0.544221
vt 0.734286 0.324786
vt 0.001698 0.544518
vt 0.000016 0.542547
vt 0.365169 0.544385
vt 0.000000 0.488774
vt 0.791803 0.325694
vt 0.001681 0.486801
vt 0.899500 0.333063
vt 0.125882 0.487051
vt 0.127556 0.487058
vt 0.900374 0.331331
vt 0.238651 0.488620
vt 0.240977 0.486946
vt 0.789999 0.324786
vt 0.365177 0.486668
vt 0.366198 0.486965
vt 0.366850 0.542413
vt 0.366189 0.544088
vt 0.900374 0.389281
vt 0.900374 0.391109
vt 0.128223 0.542510
vt 0.128207 0.488737
vt 0.789999 0.325694
vt 0.366858 0.488640
vt 0.900374 0.333063
vt 0.899500 0.331331
vt 0.000660 0.487099
vt 0.734286 0.325694
vt 0.127563 0.544185
vt 0.791803 0.324786
vt 0.239312 0.486946
vn -0.000000 0.000000 1.000000
vn -0.000005 0.000004 1.000000
vn -0.006056 0.005203 0.999968
vn -0.006116 0.005223 -0.999968
vn -0.000005 0.000004 -1.000000
vn -0.007184 0.000085 -0.999974
vn 0.007184 0.000085 0.999974
vn 0.999930 0.011837 0.000000
vn 0.930202 0.367049 0.000000
vn 0.930202 0.367049 0.000000
vn -0.999930 0.011837 0.000000
vn -0.930203 0.367046 0.000000
vn -0.930203 0.367046 0.000000
vn 0.000005 0.000004 -1.000000
vn 0.006116 0.005223 -0.999968
vn 0.000000 0.000000 -1.000000
vn 0.000005 0.000004 1.000000
vn 0.006063 0.005203 0.999968
vn -0.000015 -0.000983 -1.000000
vn 0.006116 -0.005223 -0.999968
vn -0.000842 -0.054342 -0.998522
vn -0.007231 -0.000799 -0.999973
vn -0.000685 -0.054256 -0.998527
vn 0.107074 0.031141 -0.993763
vn -0.930201 -0.367050 0.000000
vn -0.930201 -0.367050 0.000000
vn -0.999931 -0.011749 0.000000
vn 0.000000 -0.002795 0.999996
vn -0.000020 -0.001290 0.999999
vn -0.000000 -0.000017 1.000000
vn 0.007194 -0.000109 0.999974
vn -0.000015 -0.001291 0.999999
vn 0.006086 -0.005203 0.999968
vn 0.930202 -0.367049 0.000000
vn 0.930202 -0.367049 0.000000
vn 0.999930 -0.011837 0.000000
s 1
g Cubiculos1 Cubiculos2 Pantalla_holografica
usemtl lambert2SG
f 494/721/1086 487/722/1087 474/723/1088
s 2
f 476/758/1089 484/725/1090 493/750/1091
s 1
f 495/727/1092 492/728/1093 477/757/1094 475/730/1095
s 2
f 493/726/1091 494/748/1096 474/749/1097 476/724/1098
f 480/731/1099 477/729/1100 492/732/1101
s 1
f 483/733/1102 495/746/1092 475/747/1103
s 2
f 484/725/1090 480/731/1099 492/732/1101 493/750/1091
s 1
f 487/722/1087 494/721/1086 495/746/1092 483/733/1102
s 2
f 488/734/1104 479/756/1105 481/736/1106
f 489/751/1107 488/734/1104 481/736/1106 485/738/1108
f 489/751/1107 485/738/1108 478/739/1109
f 478/755/1110 472/740/1111 490/754/1112 489/737/1107
s 1
f 472/760/1113 486/742/1114 490/741/1115
f 491/753/1116 490/741/1115 486/742/1114 482/744/1117
f 491/753/1116 482/744/1117 473/745/1118
f 473/759/1119 479/735/1120 488/752/1121 491/743/1116
s 2
f 493/750/1091 492/732/1101 488/734/1104 489/751/1107
f 489/737/1107 490/754/1112 494/748/1096 493/726/1091
s 1
f 495/746/1092 494/721/1086 490/741/1115 491/753/1116
f 491/743/1116 488/752/1121 492/728/1093 495/727/1092
g default
v 4.706157 22.789195 1.151310
v 4.980305 22.789195 1.151310
v 4.706157 22.977486 1.151310
v 4.980305 22.977486 1.151310
v 4.706157 22.977486 -2.938215
v 4.980305 22.977486 -2.938215
v 4.706157 22.789195 -2.938215
v 4.980305 22.789195 -2.938215
vt 0.799875 0.331529
vt 0.887071 0.331332
vt 0.738875 0.334331
vt 0.826072 0.335415
vt 0.799874 0.334336
vt 0.874774 0.244983
vt 0.799875 0.331527
vt 0.826072 0.335419
vt 0.871965 0.249071
vt 0.826072 0.331330
vt 0.874773 0.249072
vt 0.738875 0.331523
vt 0.871965 0.244982
vt 0.738876 0.331521
vt 0.874774 0.244983
vt 0.887071 0.335421
vt 0.887071 0.331336
vt 0.874773 0.249072
vt 0.887071 0.335425
vt 0.738875 0.334330
vt 0.871965 0.249071
vt 0.826072 0.331326
vt 0.871965 0.244982
vt 0.799875 0.334338
vn 0.000000 0.000000 1.000000
vn 0.000000 0.000000 1.000000
vn 0.000000 0.000000 1.000000
vn 0.000000 0.000000 1.000000
vn 0.000000 1.000000 0.000000
vn 0.000000 1.000000 0.000000
vn 0.000000 1.000000 0.000000
vn 0.000000 1.000000 0.000000
vn 0.000000 0.000000 -1.000000
vn 0.000000 0.000000 -1.000000
vn 0.000000 0.000000 -1.000000
vn 0.000000 0.000000 -1.000000
vn 0.000000 -1.000000 0.000000
vn 0.000000 -1.000000 0.000000
vn 0.000000 -1.000000 0.000000
vn 0.000000 -1.000000 0.000000
vn 1.000000 0.000000 0.000000
vn 1.000000 0.000000 0.000000
vn 1.000000 0.000000 0.000000
vn 1.000000 0.000000 0.000000
vn -1.000000 0.000000 0.000000
vn -1.000000 0.000000 0.000000
vn -1.000000 0.000000 0.000000
vn -1.000000 0.000000 0.000000
s off
g Cubiculos1 Cubiculos2 pCube30 Lampara
usemtl lambert2SG
f 496/775/1122 497/771/1123 499/781/1124 498/783/1125
f 498/764/1126 499/782/1127 501/777/1128 500/779/1129
f 500/766/1130 501/778/1131 503/769/1132 502/773/1133
f 502/768/1134 503/770/1135 497/762/1136 496/776/1137
f 497/772/1138 503/767/1139 501/765/1140 499/763/1141
f 502/774/1142 496/761/1143 498/784/1144 500/780/1145
g default
v 4.877071 21.696512 0.661968
v 4.868431 21.696512 0.658389
v 4.859791 21.696512 0.661968
v 4.856213 21.696512 0.670608
v 4.859791 21.696512 0.679248
v 4.868431 21.696512 0.682827
v 4.877071 21.696512 0.679248
v 4.880649 21.696512 0.670608
v 4.877071 22.897224 0.661968
v 4.868431 22.897224 0.658389
v 4.859791 22.897224 0.661968
v 4.856213 22.897224 0.670608
v 4.859791 22.897224 0.679248
v 4.868431 22.897224 0.682827
v 4.877071 22.897224 0.679248
v 4.880649 22.897224 0.670608
vt 0.853160 0.089077
vt 0.853160 0.089216
vt 0.835250 0.088099
vt 0.835250 0.089076
vt 0.853160 0.088240
vt 0.835250 0.088239
vt 0.853160 0.088380
vt 0.835250 0.088378
vt 0.853160 0.088519
vt 0.835250 0.088518
vt 0.853160 0.088659
vt 0.835250 0.088657
vt 0.853160 0.088798
vt 0.835250 0.088797
vt 0.853160 0.088938
vt 0.835250 0.088936
vt 0.853160 0.088101
vt 0.835250 0.089215
vn 0.382716 0.000000 -0.923866
vn 0.382716 0.000000 -0.923866
vn 0.382716 0.000000 -0.923866
vn 0.382716 0.000000 -0.923866
vn -0.382716 0.000000 -0.923866
vn -0.382716 0.000000 -0.923866
vn -0.382716 0.000000 -0.923866
vn -0.382716 0.000000 -0.923866
vn -0.923895 0.000000 -0.382647
vn -0.923895 0.000000 -0.382647
vn -0.923895 0.000000 -0.382647
vn -0.923895 0.000000 -0.382647
vn -0.923895 0.000000 0.382647
vn -0.923895 0.000000 0.382647
vn -0.923895 0.000000 0.382647
vn -0.923895 0.000000 0.382647
vn -0.382716 0.000000 0.923866
vn -0.382716 0.000000 0.923866
vn -0.382716 0.000000 0.923866
vn -0.382716 0.000000 0.923866
vn 0.382716 0.000000 0.923866
vn 0.382716 0.000000 0.923866
vn 0.382716 0.000000 0.923866
vn 0.382716 0.000000 0.923866
vn 0.923895 0.000000 0.382647
vn 0.923895 0.000000 0.382647
vn 0.923895 0.000000 0.382647
vn 0.923895 0.000000 0.382647
vn 0.923895 0.000000 -0.382647
vn 0.923895 0.000000 -0.382647
vn 0.923895 0.000000 -0.382647
vn 0.923895 0.000000 -0.382647
s off
g Cubiculos1 Cubiculos2 Lampara pCylinder8
usemtl lambert2SG
f 504/785/1146 505/786/1147 513/802/1148 512/788/1149
f 505/801/1150 506/789/1151 514/790/1152 513/787/1153
f 506/789/1154 507/791/1155 515/792/1156 514/790/1157
f 507/791/1158 508/793/1159 516/794/1160 515/792/1161
f 508/793/1162 509/795/1163 517/796/1164 516/794/1165
f 509/795/1166 510/797/1167 518/798/1168 517/796/1169
f 510/797/1170 511/799/1171 519/800/1172 518/798/1173
f 511/799/1174 504/785/1175 512/788/1176 519/800/1177
g default
v 4.875773 22.734165 0.093442
v 4.845130 22.734165 0.080750
v 4.814488 22.734165 0.093442
v 4.801797 22.734165 0.124084
v 4.814488 22.734165 0.154725
v 4.845130 22.734165 0.167417
v 4.875773 22.734165 0.154725
v 4.888466 22.734165 0.124084
v 4.875773 22.803894 0.093442
v 4.845130 22.803894 0.080750
v 4.814488 22.803894 0.093442
v 4.801797 22.803894 0.124084
v 4.814488 22.803894 0.154725
v 4.845130 22.803894 0.167417
v 4.875773 22.803894 0.154725
v 4.888466 22.803894 0.124084
v 4.845128 22.734165 0.124083
vt 0.873159 0.249422
vt 0.872809 0.249072
vt 0.837229 0.087845
vt 0.836735 0.087845
vt 0.872315 0.249072
vt 0.837724 0.087845
vt 0.871965 0.249421
vt 0.838219 0.087845
vt 0.871965 0.249916
vt 0.838713 0.087845
vt 0.872314 0.250266
vt 0.835250 0.087845
vt 0.872809 0.250266
vt 0.835745 0.087845
vt 0.873159 0.249916
vt 0.836240 0.087845
vt 0.872562 0.249669
vt 0.839208 0.087845
vt 0.839208 0.086805
vt 0.836240 0.086805
vt 0.836734 0.086805
vt 0.835745 0.086805
vt 0.835250 0.086805
vt 0.838713 0.086805
vt 0.838219 0.086805
vt 0.837724 0.086805
vt 0.837229 0.086805
vn 0.382656 0.000000 -0.923891
vn 0.382656 0.000000 -0.923891
vn 0.382656 0.000000 -0.923891
vn 0.382656 0.000000 -0.923891
vn -0.382656 0.000000 -0.923891
vn -0.382656 0.000000 -0.923891
vn -0.382656 0.000000 -0.923891
vn -0.382656 0.000000 -0.923891
vn -0.923901 0.000000 -0.382632
vn -0.923901 0.000000 -0.382632
vn -0.923901 0.000000 -0.382632
vn -0.923901 0.000000 -0.382632
vn -0.923898 0.000000 0.382639
vn -0.923898 0.000000 0.382639
vn -0.923898 0.000000 0.382639
vn -0.923898 0.000000 0.382639
vn -0.382664 0.000000 0.923887
vn -0.382664 0.000000 0.923887
vn -0.382664 0.000000 0.923887
vn -0.382664 0.000000 0.923887
vn 0.382664 0.000000 0.923887
vn 0.382664 0.000000 0.923887
vn 0.382664 0.000000 0.923887
vn 0.382664 0.000000 0.923887
vn 0.923867 0.000000 0.382714
vn 0.923867 0.000000 0.382714
vn 0.923867 0.000000 0.382714
vn 0.923867 0.000000 0.382714
vn 0.923870 0.000000 -0.382708
vn 0.923870 0.000000 -0.382708
vn 0.923870 0.000000 -0.382708
vn 0.923870 0.000000 -0.382708
vn 0.000000 -1.000000 0.000019
vn 0.000000 -1.000000 -0.000000
vn 0.000000 -1.000000 -0.000008
vn 0.000000 -1.000000 0.000008
vn 0.000000 -1.000000 0.000008
vn 0.000000 -1.000000 0.000000
vn 0.000000 -1.000000 -0.000008
vn 0.000000 -1.000000 0.000000
vn 0.000000 -1.000000 -0.000019
s off
g Cubiculos1 Cubiculos2 Lampara pCylinder9
usemtl lambert2SG
f 520/823/1178 521/829/1179 529/805/1180 528/806/1181
f 521/829/1182 522/828/1183 530/808/1184 529/805/1185
f 522/828/1186 523/827/1187 531/810/1188 530/808/1189
f 523/827/1190 524/826/1191 532/812/1192 531/810/1193
f 524/826/1194 525/821/1195 533/820/1196 532/812/1197
f 525/825/1198 526/824/1199 534/816/1200 533/814/1201
f 526/824/1202 527/822/1203 535/818/1204 534/816/1205
f 527/822/1206 520/823/1207 528/806/1208 535/818/1209
s 1
f 524/811/1210 536/819/1211 525/813/1212
f 521/804/1213 520/803/1214 536/819/1211
f 536/819/1211 520/803/1214 527/817/1215
f 536/819/1211 527/817/1215 526/815/1216
f 536/819/1211 526/815/1216 525/813/1212
f 523/809/1217 536/819/1211 524/811/1210
f 522/807/1218 536/819/1211 523/809/1217
f 521/804/1213 536/819/1211 522/807/1218
g default
v 5.078964 21.465569 2.119251
v 5.078964 21.465569 -3.917655
v 5.078964 21.754338 2.119251
v 5.078964 21.754338 -3.917655
v 4.644677 21.754338 2.119251
v 4.644677 21.754338 -3.917655
v 4.644677 21.465569 2.119251
v 4.644677 21.465569 -3.917655
v 4.657538 21.465569 -3.828107
v 5.066101 21.465569 -3.828107
v 4.657538 21.465569 2.029704
v 5.066101 21.465569 2.029704
v 4.661264 21.508837 2.029704
v 5.062373 21.508837 2.029704
v 4.661264 21.508837 -3.828107
v 5.062375 21.508837 -3.828107
vt 0.824333 0.331335
vt 0.734286 0.331329
vt 0.920856 0.331331
vt 0.824332 0.337812
vt 0.822777 0.324791
vt 0.734286 0.337806
vt 0.830810 0.331330
vt 0.824332 0.327022
vt 0.824332 0.331330
vt 0.822777 0.317515
vt 0.734286 0.324775
vt 0.734286 0.317501
vt 0.822470 0.318099
vt 0.822431 0.324231
vt 0.734595 0.324191
vt 0.734635 0.318060
vt 0.927335 0.327024
vt 0.734286 0.327021
vt 0.734286 0.331329
vt 0.822997 0.337620
vt 0.822997 0.331526
vt 0.920856 0.327024
vt 0.830810 0.327023
vt 0.735621 0.337615
vt 0.735622 0.331520
vt 0.927335 0.331331
vn 0.000000 0.000000 -1.000000
vn 0.000000 0.000000 -1.000000
vn 0.000000 0.000000 -1.000000
vn 0.000000 0.000000 -1.000000
vn 0.000000 -1.000000 0.000018
vn 0.000000 -1.000000 0.000005
vn 0.000000 -1.000000 0.000005
vn 0.000000 -1.000000 0.000018
vn 0.000000 0.000000 1.000000
vn 0.000000 0.000000 1.000000
vn 0.000000 0.000000 1.000000
vn 0.000000 0.000000 1.000000
vn 0.000000 -1.000000 -0.000003
vn 0.000000 -1.000000 -0.000003
vn 0.000000 -1.000000 -0.000010
vn 0.000000 -1.000000 -0.000010
vn -1.000000 0.000000 0.000000
vn -1.000000 0.000000 0.000000
vn -1.000000 0.000000 0.000000
vn -1.000000 0.000000 0.000000
vn 0.000000 -1.000000 -0.000000
vn 0.000000 -1.000000 -0.000000
vn 0.000000 -1.000000 -0.000000
vn 0.000000 -1.000000 -0.000000
vn 1.000000 0.000000 0.000000
vn 1.000000 0.000000 0.000000
vn 1.000000 0.000000 0.000000
vn 1.000000 0.000000 0.000000
vn 0.000000 0.000000 -1.000000
vn 0.000000 0.000000 -1.000000
vn 0.000000 0.000000 -1.000000
vn 0.000000 0.000000 -1.000000
vn 0.996313 -0.085796 0.000000
vn 0.996313 -0.085796 0.000000
vn 0.996313 -0.085796 0.000000
vn 0.996313 -0.085796 0.000000
vn 0.000000 0.000000 1.000000
vn 0.000000 0.000000 1.000000
vn 0.000000 0.000000 1.000000
vn 0.000000 0.000000 1.000000
vn -0.996310 -0.085828 -0.000000
vn -0.996310 -0.085828 -0.000000
vn -0.996310 -0.085828 -0.000000
vn -0.996310 -0.085828 -0.000000
s off
g Cubiculos1 Cubiculos2 Lampara pCube29
usemtl lambert2SG
f 538/837/1219 544/852/1220 542/836/1221 540/838/1222
s 1
f 543/833/1223 547/849/1224 548/850/1225 537/830/1226
s off
f 541/832/1227 543/851/1228 537/846/1229 539/855/1230
s 1
f 546/854/1231 545/853/1232 544/835/1233 538/848/1234
s off
f 541/832/1235 542/836/1236 544/852/1237 543/851/1238
s 1
f 547/849/1224 543/833/1223 544/835/1233 545/853/1232
s off
f 550/842/1239 549/843/1240 551/844/1241 552/845/1242
s 1
f 537/830/1226 548/850/1225 546/854/1231 538/848/1234
s off
f 539/831/1243 537/847/1244 538/837/1245 540/838/1246
f 548/839/1247 547/834/1248 549/843/1249 550/842/1250
f 547/834/1251 545/840/1252 551/844/1253 549/843/1254
f 545/840/1255 546/841/1256 552/845/1257 551/844/1258
f 546/841/1259 548/839/1260 550/842/1261 552/845/1262
g default
v -2.524231 21.709715 -6.318795
v 3.512674 21.709715 -6.318795
v -2.524231 21.785021 -6.318795
v 3.512674 21.785021 -6.318795
v -2.524231 21.785021 -9.265878
v 3.512674 21.785021 -9.265878
v -2.524231 21.709715 -9.265878
v 3.512674 21.709715 -9.265878
v 3.423125 21.709715 -9.178594
v 3.423125 21.709715 -6.406079
v -2.434684 21.709715 -9.178594
v -2.434684 21.709715 -6.406079
v -2.434684 21.749455 -9.178594
v -2.434684 21.749455 -6.406079
v 3.423125 21.749455 -9.178594
v 3.423125 21.749455 -6.406079
vt 0.830661 0.000000
vt 0.964878 0.300968
vt 0.964880 0.344927
vt 0.875818 0.000141
vt 0.874511 0.001477
vt 0.875724 0.091166
vt 0.964884 0.434974
vt 0.963750 0.210922
vt 0.964886 0.478932
vt 0.831972 0.001374
vt 0.874426 0.089810
vt 0.831969 0.089945
vt 0.867563 0.071065
vt 0.874077 0.001850
vt 0.873967 0.089466
vt 0.832403 0.089572
vt 0.867573 0.002138
vt 0.832428 0.001720
vt 0.834949 0.002133
vt 0.834940 0.071061
vt 0.963754 0.300968
vt 0.830679 0.091273
vt 0.963756 0.344927
vt 0.963760 0.434974
vt 0.963763 0.478932
vt 0.964874 0.210922
vn 0.000000 0.000000 1.000000
vn 0.000000 0.000000 1.000000
vn 0.000000 0.000000 1.000000
vn 0.000000 0.000000 1.000000
vn 0.000000 -1.000000 0.000017
vn 0.000000 -1.000000 -0.000009
vn 0.000000 -1.000000 -0.000010
vn 0.000000 -1.000000 0.000017
vn -1.000000 0.000000 0.000000
vn -1.000000 0.000000 0.000000
vn -1.000000 0.000000 0.000000
vn -1.000000 0.000000 0.000000
vn 0.000000 -1.000000 0.000017
vn 0.000000 -1.000000 0.000017
vn 1.000000 0.000000 0.000000
vn 1.000000 0.000000 0.000000
vn 1.000000 0.000000 0.000000
vn 1.000000 0.000000 0.000000
vn 0.000000 -1.000000 -0.000010
vn 0.000000 -1.000000 -0.000009
vn 0.000000 0.000000 -1.000000
vn 0.000000 0.000000 -1.000000
vn 0.000000 0.000000 -1.000000
vn 0.000000 0.000000 -1.000000
vn 0.000000 -1.000000 0.000000
vn 0.000000 -1.000000 0.000000
vn 0.000000 -1.000000 0.000000
vn 0.000000 -1.000000 0.000000
vn 1.000000 0.000000 0.000000
vn 1.000000 0.000000 0.000000
vn 1.000000 0.000000 0.000000
vn 1.000000 0.000000 0.000000
vn 0.000000 0.000000 1.000000
vn 0.000000 0.000000 1.000000
vn 0.000000 0.000000 1.000000
vn 0.000000 0.000000 1.000000
vn -1.000000 0.000000 0.000000
vn -1.000000 0.000000 0.000000
vn -1.000000 0.000000 0.000000
vn -1.000000 0.000000 0.000000
vn 0.000000 0.000000 -1.000000
vn 0.000000 0.000000 -1.000000
vn 0.000000 0.000000 -1.000000
vn 0.000000 0.000000 -1.000000
s off
g Cubiculos1 Cubiculos2 pCube11 Lampara_grande
usemtl lambert2SG
f 556/881/1263 555/857/1264 553/876/1265 554/863/1266
s 1
f 553/856/1267 559/859/1268 563/860/1269 564/865/1270
s off
f 555/857/1271 557/858/1272 559/878/1273 553/876/1274
s 1
f 553/856/1267 564/865/1270 562/867/1275 554/877/1276
s off
f 554/880/1277 560/879/1278 558/862/1279 556/864/1280
s 1
f 562/867/1275 561/866/1281 560/861/1282 554/877/1276
s off
f 560/879/1283 559/878/1284 557/858/1285 558/862/1286
s 1
f 561/866/1281 563/860/1269 559/859/1268 560/861/1282
s off
f 566/868/1287 565/875/1288 567/874/1289 568/872/1290
f 564/865/1291 563/860/1292 565/869/1293 566/873/1294
f 563/860/1295 561/866/1296 567/870/1297 565/869/1298
f 561/866/1299 562/867/1300 568/871/1301 567/870/1302
f 562/867/1303 564/865/1304 566/873/1305 568/871/1306
g default
v 3.318917 21.794168 -6.670658
v 3.290593 21.794168 -6.682390
v 3.262269 21.794168 -6.670658
v 3.250538 21.794168 -6.642335
v 3.262269 21.794168 -6.614012
v 3.290593 21.794168 -6.602279
v 3.318917 21.794168 -6.614012
v 3.330648 21.794168 -6.642335
v 3.318917 23.067823 -6.670658
v 3.290593 23.067823 -6.682390
v 3.262269 23.067823 -6.670658
v 3.250538 23.067823 -6.642335
v 3.262269 23.067823 -6.614012
v 3.290593 23.067823 -6.602279
v 3.318917 23.067823 -6.614012
v 3.330648 23.067823 -6.642335
vt 0.858838 0.087186
vt 0.858837 0.087644
vt 0.839840 0.087641
vt 0.839840 0.087184
vt 0.858837 0.088101
vt 0.839840 0.084440
vt 0.858838 0.084900
vt 0.839840 0.084897
vt 0.858838 0.085357
vt 0.839840 0.085355
vt 0.858838 0.085815
vt 0.839840 0.085812
vt 0.858838 0.086272
vt 0.839840 0.086269
vt 0.858838 0.086729
vt 0.839840 0.086727
vt 0.858838 0.084443
vt 0.839840 0.088098
vn 0.382682 0.000000 -0.923880
vn 0.382682 0.000000 -0.923880
vn 0.382682 0.000000 -0.923880
vn 0.382682 0.000000 -0.923880
vn -0.382682 0.000000 -0.923880
vn -0.382682 0.000000 -0.923880
vn -0.382682 0.000000 -0.923880
vn -0.382682 0.000000 -0.923880
vn -0.923896 0.000000 -0.382644
vn -0.923896 0.000000 -0.382644
vn -0.923896 0.000000 -0.382644
vn -0.923896 0.000000 -0.382644
vn -0.923896 0.000000 0.382644
vn -0.923896 0.000000 0.382644
vn -0.923896 0.000000 0.382644
vn -0.923896 0.000000 0.382644
vn -0.382700 0.000000 0.923873
vn -0.382700 0.000000 0.923873
vn -0.382700 0.000000 0.923873
vn -0.382700 0.000000 0.923873
vn 0.382700 0.000000 0.923873
vn 0.382700 0.000000 0.923873
vn 0.382700 0.000000 0.923873
vn 0.382700 0.000000 0.923873
vn 0.923896 0.000000 0.382644
vn 0.923896 0.000000 0.382644
vn 0.923896 0.000000 0.382644
vn 0.923896 0.000000 0.382644
vn 0.923896 0.000000 -0.382644
vn 0.923896 0.000000 -0.382644
vn 0.923896 0.000000 -0.382644
vn 0.923896 0.000000 -0.382644
s off
g Cubiculos1 Cubiculos2 Lampara_grande pCylinder6
usemtl lambert2SG
f 569/882/1307 570/883/1308 578/884/1309 577/885/1310
f 570/883/1311 571/886/1312 579/899/1313 578/884/1314
f 571/898/1315 572/888/1316 580/889/1317 579/887/1318
f 572/888/1319 573/890/1320 581/891/1321 580/889/1322
f 573/890/1323 574/892/1324 582/893/1325 581/891/1326
f 574/892/1327 575/894/1328 583/895/1329 582/893/1330
f 575/894/1331 576/896/1332 584/897/1333 583/895/1334
f 576/896/1335 569/882/1336 577/885/1337 584/897/1338
g default
v -12.363332 23.228074 -8.621443
v -4.430398 23.228074 -8.621443
v -12.363332 23.360523 -8.621443
v -4.430398 23.360523 -8.621443
v -12.363332 23.360523 -8.751593
v -4.430398 23.360523 -8.751593
v -12.363332 23.228074 -8.751593
v -4.430398 23.228074 -8.751593
vt 0.984083 0.203101
vt 0.984100 0.321428
vt 0.982124 0.321429
vt 0.982107 0.203101
vt 0.988000 0.203100
vt 0.988017 0.321428
vt 0.986041 0.321428
vt 0.986024 0.203101
vn 0.000000 0.000000 1.000000
vn 0.000000 0.000000 1.000000
vn 0.000000 0.000000 1.000000
vn 0.000000 0.000000 1.000000
vn 0.000000 0.000000 -1.000000
vn 0.000000 0.000000 -1.000000
vn 0.000000 0.000000 -1.000000
vn 0.000000 0.000000 -1.000000
vn 0.000000 -1.000000 0.000000
vn 0.000000 -1.000000 0.000000
vn 0.000000 -1.000000 0.000000
vn 0.000000 -1.000000 0.000000
s off
g Cubiculos1 Cubiculos2 pCube25 Barrote
usemtl lambert2SG
f 585/900/1339 586/901/1340 588/902/1341 587/903/1342
f 589/904/1343 590/905/1344 592/906/1345 591/907/1346
f 591/907/1347 592/906/1348 586/901/1349 585/900/1350
g default
v 5.905751 23.228074 -8.621443
v 13.838686 23.228074 -8.621443
v 5.905751 23.360523 -8.621443
v 13.838686 23.360523 -8.621443
v 5.905751 23.360523 -8.751593
v 13.838686 23.360523 -8.751593
v 5.905751 23.228074 -8.751593
v 13.838686 23.228074 -8.751593
vt 0.984083 0.203101
vt 0.984100 0.321428
vt 0.982124 0.321429
vt 0.982108 0.203101
vt 0.988000 0.203100
vt 0.988017 0.321428
vt 0.986041 0.321428
vt 0.986024 0.203101
vn 0.000000 0.000000 1.000000
vn 0.000000 0.000000 1.000000
vn 0.000000 0.000000 1.000000
vn 0.000000 0.000000 1.000000
vn 0.000000 0.000000 -1.000000
vn 0.000000 0.000000 -1.000000
vn 0.000000 0.000000 -1.000000
vn 0.000000 0.000000 -1.000000
vn 0.000000 -1.000000 0.000000
vn 0.000000 -1.000000 0.000000
vn 0.000000 -1.000000 0.000000
vn 0.000000 -1.000000 0.000000
s off
g Cubiculos1 Cubiculos2 Barrote pCube27
usemtl lambert2SG
f 593/908/1351 594/909/1352 596/910/1353 595/911/1354
f 597/912/1355 598/913/1356 600/914/1357 599/915/1358
f 599/915/1359 600/914/1360 594/909/1361 593/908/1362
g default
v 5.974893 23.228074 10.476748
v 13.907827 23.228074 10.476748
v 5.974893 23.360523 10.476748
v 13.907827 23.360523 10.476748
v 5.974893 23.360523 10.346598
v 13.907827 23.360523 10.346598
v 5.974893 23.228074 10.346598
v 13.907827 23.228074 10.346598
vt 0.984083 0.203101
vt 0.984100 0.321428
vt 0.982124 0.321429
vt 0.982108 0.203101
vt 0.988000 0.203100
vt 0.988017 0.321428
vt 0.986041 0.321428
vt 0.986024 0.203101
vn 0.000000 0.000000 1.000000
vn 0.000000 0.000000 1.000000
vn 0.000000 0.000000 1.000000
vn 0.000000 0.000000 1.000000
vn 0.000000 0.000000 -1.000000
vn 0.000000 0.000000 -1.000000
vn 0.000000 0.000000 -1.000000
vn 0.000000 0.000000 -1.000000
vn 0.000000 -1.000000 0.000000
vn 0.000000 -1.000000 0.000000
vn 0.000000 -1.000000 0.000000
vn 0.000000 -1.000000 0.000000
s off
g Cubiculos1 Cubiculos2 Barrote pCube28
usemtl lambert2SG
f 601/916/1363 602/917/1364 604/918/1365 603/919/1366
f 605/920/1367 606/921/1368 608/922/1369 607/923/1370
f 607/923/1371 608/922/1372 602/917/1373 601/916/1374
g default
v -12.363332 23.228074 10.619115
v -4.430398 23.228074 10.619115
v -12.363332 23.360523 10.619115
v -4.430398 23.360523 10.619115
v -12.363332 23.360523 10.488966
v -4.430398 23.360523 10.488966
v -12.363332 23.228074 10.488966
v -4.430398 23.228074 10.488966
vt 0.984091 0.203101
vt 0.984092 0.321428
vt 0.982117 0.321428
vt 0.982115 0.203101
vt 0.988008 0.203101
vt 0.988009 0.321428
vt 0.986034 0.321428
vt 0.986032 0.203101
vn 0.000000 0.000000 1.000000
vn 0.000000 0.000000 1.000000
vn 0.000000 0.000000 1.000000
vn 0.000000 0.000000 1.000000
vn 0.000000 0.000000 -1.000000
vn 0.000000 0.000000 -1.000000
vn 0.000000 0.000000 -1.000000
vn 0.000000 0.000000 -1.000000
vn 0.000000 -1.000000 0.000000
vn 0.000000 -1.000000 0.000000
vn 0.000000 -1.000000 0.000000
vn 0.000000 -1.000000 0.000000
s off
g Cubiculos1 Cubiculos2 Barrote pCube26
usemtl lambert2SG
f 609/924/1375 610/925/1376 612/926/1377 611/927/1378
f 613/928/1379 614/929/1380 616/930/1381 615/931/1382
f 615/931/1383 616/930/1384 610/925/1385 609/924/1386
g default
v 13.513487 0.001840 2.804183
v 13.589238 0.001840 2.804183
v 13.513487 4.923294 2.804183
v 13.589238 4.923294 2.804183
v 13.513487 4.923294 -1.057204
v 13.589238 4.923294 -1.057204
v 13.513487 0.001840 -1.057204
v 13.589238 0.001840 -1.057204
v 13.513487 0.004221 -0.995823
v 13.513487 0.004221 2.742803
v 13.513487 4.845062 2.742803
v 13.513487 4.845062 -0.995823
v 13.572579 0.004221 -0.995823
v 13.572579 0.004221 2.742803
v 13.572579 4.845062 2.742803
v 13.572579 4.845062 -0.995823
vt 0.331401 0.546244
vt 0.331401 0.547371
vt 0.257419 0.547371
vt 0.257419 0.546244
vt 0.202683 0.547371
vt 0.202683 0.546244
vt 0.128500 0.547371
vt 0.128500 0.546244
vt 0.128500 0.544380
vt 0.858746 0.083610
vt 0.257419 0.544380
vt 0.202683 0.544380
vt 0.257419 0.545275
vt 0.331401 0.545275
vt 0.202683 0.545275
vt 0.128500 0.545275
vt 0.858192 0.084327
vt 0.858192 0.083610
vt 0.858746 0.084327
vt 0.331401 0.544380
vn 0.000000 0.000000 1.000000
vn 0.000000 0.000000 1.000000
vn 0.000000 0.000000 1.000000
vn 0.000000 0.000000 1.000000
vn 0.000000 1.000000 0.000000
vn 0.000000 1.000000 0.000000
vn 0.000000 1.000000 0.000000
vn 0.000000 1.000000 0.000000
vn 0.000000 0.000000 -1.000000
vn 0.000000 0.000000 -1.000000
vn 0.000000 0.000000 -1.000000
vn 0.000000 0.000000 -1.000000
vn -1.000000 0.000000 0.000000
vn -1.000000 0.000000 0.000000
vn -1.000000 0.000000 0.000000
vn -1.000000 0.000000 0.000000
vn -1.000000 0.000000 0.000000
vn -1.000000 0.000000 0.000000
vn -1.000000 0.000000 0.000000
vn -1.000000 0.000000 0.000000
vn -1.000000 -0.000002 0.000000
vn -1.000000 -0.000002 0.000000
vn -1.000000 -0.000002 0.000000
vn -1.000000 -0.000002 0.000000
vn -1.000000 0.000000 0.000000
vn -1.000000 0.000000 0.000000
vn -1.000000 0.000000 0.000000
vn -1.000000 0.000000 0.000000
vn 0.000000 0.000000 -1.000000
vn 0.000000 0.000000 -1.000000
vn 0.000000 0.000000 -1.000000
vn 0.000000 0.000000 -1.000000
vn 0.000000 -1.000000 0.000000
vn 0.000000 -1.000000 0.000000
vn 0.000000 -1.000000 0.000000
vn 0.000000 -1.000000 0.000000
vn 0.000000 0.000000 1.000000
vn 0.000000 0.000000 1.000000
vn 0.000000 0.000000 1.000000
vn 0.000000 0.000000 1.000000
s off
g Cubiculos1 Cubiculos2 pCube17 Elevador
usemtl lambert2SG
f 617/932/1387 618/933/1388 620/934/1389 619/935/1390
f 619/935/1391 620/934/1392 622/936/1393 621/937/1394
f 621/937/1395 622/936/1396 624/938/1397 623/939/1398
f 629/949/1399 630/941/1400 631/950/1401 632/948/1402
f 617/932/1403 619/935/1404 627/944/1405 626/945/1406
f 619/935/1407 621/937/1408 628/946/1409 627/944/1410
f 621/937/1411 623/939/1412 625/947/1413 628/946/1414
f 626/945/1415 627/944/1416 631/942/1417 630/951/1418
f 627/944/1419 628/946/1420 632/943/1421 631/942/1422
f 628/946/1423 625/947/1424 629/940/1425 632/943/1426
g default
v 13.638297 5.173796 1.882969
v 13.683496 5.173796 1.882969
v 13.638297 5.494786 1.882969
v 13.683496 5.494786 1.882969
v 13.638297 5.494786 -0.009323
v 13.683496 5.494786 -0.009323
v 13.638297 5.173796 -0.009323
v 13.683496 5.173796 -0.009323
vt 0.973131 0.357475
vt 0.793947 0.325468
vt 0.968342 0.329250
vt 0.855185 0.324789
vt 0.968340 0.357475
vt 0.826960 0.324791
vt 0.973128 0.357475
vt 0.822172 0.324792
vt 0.822172 0.325466
vt 0.859973 0.325463
vt 0.973130 0.329250
vt 0.973127 0.329250
vt 0.859973 0.324789
vt 0.793947 0.324794
vt 0.826960 0.325465
vt 0.968340 0.329250
vt 0.855186 0.325463
vt 0.968343 0.357476
vn 0.000000 0.000000 1.000000
vn 0.000000 0.000000 1.000000
vn 0.000000 0.000000 1.000000
vn 0.000000 0.000000 1.000000
vn 0.000000 1.000000 0.000000
vn 0.000000 1.000000 0.000000
vn 0.000000 1.000000 0.000000
vn 0.000000 1.000000 0.000000
vn 0.000000 0.000000 -1.000000
vn 0.000000 0.000000 -1.000000
vn 0.000000 0.000000 -1.000000
vn 0.000000 0.000000 -1.000000
vn 0.000000 -1.000000 0.000000
vn 0.000000 -1.000000 0.000000
vn 0.000000 -1.000000 0.000000
vn 0.000000 -1.000000 0.000000
vn 1.000000 0.000000 0.000000
vn 1.000000 0.000000 0.000000
vn 1.000000 0.000000 0.000000
vn 1.000000 0.000000 0.000000
vn -1.000000 0.000000 0.000000
vn -1.000000 0.000000 0.000000
vn -1.000000 0.000000 0.000000
vn -1.000000 0.000000 0.000000
s off
g Cubiculos1 Cubiculos2 Elevador pCube20
usemtl lambert2SG
f 633/964/1427 634/961/1428 636/968/1429 635/955/1430
f 635/955/1431 636/968/1432 638/966/1433 637/957/1434
f 637/957/1435 638/966/1436 640/960/1437 639/959/1438
f 639/959/1439 640/960/1440 634/953/1441 633/965/1442
f 634/962/1443 640/958/1444 638/956/1445 636/954/1446
f 639/963/1447 633/952/1448 635/969/1449 637/967/1450
g default
v 13.629298 1.841392 -1.583538
v 13.659435 1.841392 -1.583538
v 13.629298 1.841392 -1.262549
v 13.659435 1.841392 -1.262549
v 13.629298 3.122551 -1.262549
v 13.659435 3.122551 -1.262549
v 13.629298 3.122550 -1.583538
v 13.659435 3.122550 -1.583538
vt 0.000953 0.655365
vt 0.734286 0.298999
vt 0.390455 0.557779
vt 0.777293 0.298546
vt 0.000952 0.557781
vt 0.758184 0.298548
vt 0.000953 0.655369
vt 0.753396 0.298548
vt 0.753396 0.298997
vt 0.782081 0.298995
vt 0.390455 0.655369
vt 0.390454 0.655370
vt 0.782081 0.298546
vt 0.734286 0.298549
vt 0.758184 0.298997
vt 0.390454 0.557779
vt 0.777293 0.298996
vt 0.000953 0.557777
vn 0.000000 -1.000000 0.000000
vn 0.000000 -1.000000 0.000000
vn 0.000000 -1.000000 0.000000
vn 0.000000 -1.000000 0.000000
vn 0.000000 0.000000 1.000000
vn 0.000000 0.000000 1.000000
vn 0.000000 0.000000 1.000000
vn 0.000000 0.000000 1.000000
vn 0.000000 1.000000 -0.000001
vn 0.000000 1.000000 -0.000001
vn 0.000000 1.000000 -0.000001
vn 0.000000 1.000000 -0.000001
vn 0.000000 -0.000000 -1.000000
vn 0.000000 -0.000000 -1.000000
vn 0.000000 -0.000000 -1.000000
vn 0.000000 -0.000000 -1.000000
vn 1.000000 0.000000 0.000000
vn 1.000000 0.000000 0.000000
vn 1.000000 0.000000 0.000000
vn 1.000000 0.000000 0.000000
vn -1.000000 0.000000 0.000000
vn -1.000000 0.000000 0.000000
vn -1.000000 0.000000 0.000000
vn -1.000000 0.000000 0.000000
s off
g Cubiculos1 Cubiculos2 Elevador pCube22
usemtl lambert2SG
f 641/982/1451 642/979/1452 644/986/1453 643/973/1454
f 643/973/1455 644/986/1456 646/984/1457 645/975/1458
f 645/975/1459 646/984/1460 648/978/1461 647/977/1462
f 647/977/1463 648/978/1464 642/971/1465 641/983/1466
f 642/980/1467 648/976/1468 646/974/1469 644/972/1470
f 647/981/1471 641/970/1472 643/987/1473 645/985/1474
g default
v 13.629298 2.206524 -2.078134
v 13.659435 2.206524 -2.078134
v 13.629298 2.206524 -1.757146
v 13.659435 2.206524 -1.757146
v 13.629298 2.757419 -1.757146
v 13.659435 2.757419 -1.757146
v 13.629298 2.757419 -2.078134
v 13.659435 2.757419 -2.078134
v 13.629298 2.741875 -1.774049
v 13.629298 2.741875 -2.061231
v 13.629298 2.222068 -1.774049
v 13.629298 2.222068 -2.061231
v 13.637109 2.741875 -2.061231
v 13.637109 2.222068 -2.061231
v 13.637109 2.222068 -1.774049
v 13.637109 2.741875 -1.774049
vt 0.872132 0.250824
vt 0.867640 0.250837
vt 0.867386 0.250600
vt 0.872385 0.250591
vt 0.783242 0.298996
vt 0.835251 0.291443
vt 0.872386 0.259024
vt 0.770237 0.298997
vt 0.843467 0.286654
vt 0.867375 0.259011
vt 0.867631 0.258777
vt 0.872129 0.258783
vt 0.858197 0.079124
vt 0.867729 0.250907
vt 0.872049 0.250899
vt 0.872041 0.258713
vt 0.862481 0.079124
vt 0.867715 0.258701
vt 0.862480 0.071370
vt 0.858197 0.071371
vt 0.762020 0.298998
vt 0.843468 0.291442
vt 0.775025 0.298996
vt 0.835250 0.286655
vt 0.762020 0.299448
vt 0.770237 0.299447
vt 0.775025 0.299446
vt 0.757232 0.299448
vt 0.783242 0.299445
vt 0.757232 0.298999
vn -1.000000 -0.000009 0.000000
vn -1.000000 -0.000010 0.000000
vn -1.000000 -0.000009 0.000000
vn -1.000000 -0.000008 0.000000
vn 0.000000 -1.000000 0.000000
vn 0.000000 -1.000000 0.000000
vn 0.000000 -1.000000 0.000000
vn 0.000000 -1.000000 0.000000
vn 0.000000 1.000000 0.000001
vn 0.000000 1.000000 0.000001
vn 0.000000 1.000000 0.000001
vn 0.000000 1.000000 0.000001
vn -1.000000 0.000010 0.000000
vn -1.000000 0.000010 0.000000
vn -1.000000 0.000009 0.000000
vn -1.000000 0.000009 0.000000
vn -1.000000 0.000000 0.000000
vn -1.000000 0.000000 0.000000
vn -1.000000 0.000000 0.000000
vn -1.000000 0.000000 0.000000
vn 0.000000 0.000000 -1.000000
vn 0.000000 0.000000 -1.000000
vn 0.000000 0.000000 -1.000000
vn 0.000000 0.000000 -1.000000
vn 1.000000 0.000000 0.000000
vn 1.000000 0.000000 0.000000
vn 1.000000 0.000000 0.000000
vn 1.000000 0.000000 0.000000
vn 0.000000 0.000000 1.000000
vn 0.000000 0.000000 1.000000
vn 0.000000 0.000000 1.000000
vn 0.000000 0.000000 1.000000
vn 0.000000 0.000000 1.000000
vn 0.000000 0.000000 1.000000
vn 0.000000 0.000000 1.000000
vn 0.000000 0.000000 1.000000
vn 0.000000 1.000000 0.000000
vn 0.000000 1.000000 0.000000
vn 0.000000 1.000000 0.000000
vn 0.000000 1.000000 0.000000
vn 0.000000 0.000000 -1.000000
vn 0.000000 0.000000 -1.000000
vn 0.000000 0.000000 -1.000000
vn 0.000000 0.000000 -1.000000
vn 0.000000 -1.000000 0.000000
vn 0.000000 -1.000000 0.000000
vn 0.000000 -1.000000 0.000000
vn 0.000000 -1.000000 0.000000
s 1
g Cubiculos1 Cubiculos2 Elevador pCube23
usemtl lambert2SG
f 659/988/1475 660/989/1476 649/990/1477 651/991/1478
s off
f 649/1015/1479 650/1017/1480 652/1008/1481 651/1012/1482
f 653/1013/1483 654/995/1484 656/1010/1485 655/1014/1486
s 1
f 658/998/1487 657/999/1488 653/994/1489 655/997/1490
f 653/994/1489 657/999/1488 659/988/1475 651/991/1478
s off
f 661/1000/1491 662/1007/1492 663/1006/1493 664/1004/1494
s 1
f 660/989/1476 658/998/1487 655/997/1490 649/990/1477
s off
f 655/1014/1495 656/1010/1496 650/992/1497 649/1016/1498
f 654/1009/1499 652/993/1500 650/1011/1501 656/996/1502
f 651/1012/1503 652/1008/1504 654/995/1505 653/1013/1506
f 658/998/1507 660/989/1508 662/1001/1509 661/1005/1510
f 660/989/1511 659/988/1512 663/1002/1513 662/1001/1514
f 659/988/1515 657/999/1516 664/1003/1517 663/1002/1518
f 657/999/1519 658/998/1520 661/1005/1521 664/1003/1522
g default
v 13.621071 5.221612 1.443678
v 13.637079 5.221612 1.443678
v 13.621071 5.446970 1.443678
v 13.637079 5.446970 1.443678
v 13.621071 5.446970 0.429968
v 13.637079 5.446970 0.429968
v 13.621071 5.221612 0.429968
v 13.637079 5.221612 0.429968
vt 0.859789 0.286895
vt 0.859789 0.286656
vt 0.860027 0.290257
vt 0.859788 0.290257
vt 0.844668 0.290493
vt 0.844668 0.290254
vt 0.844429 0.286892
vt 0.844668 0.286892
vt 0.844668 0.286654
vt 0.844429 0.290254
vt 0.859788 0.290495
vt 0.860028 0.286895
vn 0.000000 0.000000 1.000000
vn 0.000000 0.000000 1.000000
vn 0.000000 0.000000 1.000000
vn 0.000000 0.000000 1.000000
vn 0.000000 1.000000 0.000000
vn 0.000000 1.000000 0.000000
vn 0.000000 1.000000 0.000000
vn 0.000000 1.000000 0.000000
vn 0.000000 0.000000 -1.000000
vn 0.000000 0.000000 -1.000000
vn 0.000000 0.000000 -1.000000
vn 0.000000 0.000000 -1.000000
vn 0.000000 -1.000000 0.000000
vn 0.000000 -1.000000 0.000000
vn 0.000000 -1.000000 0.000000
vn 0.000000 -1.000000 0.000000
vn -1.000000 0.000000 0.000000
vn -1.000000 0.000000 0.000000
vn -1.000000 0.000000 0.000000
vn -1.000000 0.000000 0.000000
s off
g Cubiculos1 Cubiculos2 Elevador pCube21
usemtl lambert2SG
f 665/1018/1523 666/1029/1524 668/1020/1525 667/1021/1526
f 667/1021/1527 668/1028/1528 670/1022/1529 669/1023/1530
f 669/1023/1531 670/1027/1532 672/1024/1533 671/1025/1534
f 671/1025/1535 672/1026/1536 666/1019/1537 665/1018/1538
f 671/1025/1539 665/1018/1540 667/1021/1541 669/1023/1542
g default
v 4.164949 -0.090876 13.040462
v 4.151443 -0.090876 13.028759
v 4.133754 -0.090876 13.026215
v 4.117497 -0.090876 13.033639
v 4.107835 -0.090876 13.048674
v 4.107835 -0.090876 13.066544
v 4.169983 -0.090876 13.057609
v 4.164949 1.646808 13.040462
v 4.151443 1.646808 13.028759
v 4.133754 1.646808 13.026215
v 4.117497 1.646808 13.033639
v 4.107835 1.646808 13.048674
v 4.107835 1.646808 13.066544
v 4.169983 1.646808 13.057609
vt 0.862061 0.297088
vt 0.862061 0.297354
vt 0.839840 0.297358
vt 0.839840 0.297091
vt 0.862061 0.297621
vt 0.839840 0.297624
vt 0.862061 0.297888
vt 0.839840 0.297891
vt 0.862061 0.298154
vt 0.839840 0.298157
vt 0.862061 0.298421
vt 0.839840 0.298424
vt 0.862061 0.296821
vt 0.839840 0.296824
vn 0.654856 0.000000 -0.755754
vn 0.654856 0.000000 -0.755754
vn 0.654856 0.000000 -0.755754
vn 0.654856 0.000000 -0.755754
vn 0.142404 0.000000 -0.989809
vn 0.142404 0.000000 -0.989809
vn 0.142404 0.000000 -0.989809
vn 0.142404 0.000000 -0.989809
vn -0.415447 0.000000 -0.909618
vn -0.415447 0.000000 -0.909618
vn -0.415447 0.000000 -0.909618
vn -0.415447 0.000000 -0.909618
vn -0.841245 0.000000 -0.540655
vn -0.841245 0.000000 -0.540655
vn -0.841245 0.000000 -0.540655
vn -0.841245 0.000000 -0.540655
vn -1.000000 0.000000 0.000000
vn -1.000000 0.000000 0.000000
vn -1.000000 0.000000 0.000000
vn -1.000000 0.000000 0.000000
vn 0.959509 0.000000 -0.281678
vn 0.959509 0.000000 -0.281678
vn 0.959509 0.000000 -0.281678
vn 0.959509 0.000000 -0.281678
s off
g Cubiculos1 Cubiculos2 Barrote1 Cableado
usemtl lambert2SG
f 673/1030/1543 674/1031/1544 681/1032/1545 680/1033/1546
f 674/1031/1547 675/1034/1548 682/1035/1549 681/1032/1550
f 675/1034/1551 676/1036/1552 683/1037/1553 682/1035/1554
f 676/1036/1555 677/1038/1556 684/1039/1557 683/1037/1558
f 677/1038/1559 678/1040/1560 685/1041/1561 684/1039/1562
f 679/1042/1563 673/1030/1564 680/1033/1565 686/1043/1566
g default
v -10.268650 6.040367 13.040462
v -10.268650 6.053872 13.028759
v -10.268648 6.071562 13.026215
v -10.268648 6.087818 13.033639
v -10.268650 6.097480 13.048674
v -10.268650 6.097480 13.066544
v -10.268648 6.035333 13.057609
v 25.472065 6.040367 13.040462
v 25.472070 6.053872 13.028759
v 25.472070 6.071562 13.026215
v 25.472065 6.087818 13.033639
v 25.472070 6.097480 13.048674
v 25.472070 6.097480 13.066544
v 25.472065 6.035333 13.057609
vt 0.000000 0.548701
vt 0.000000 0.548434
vt 0.294204 0.548442
vt 0.294204 0.548708
vt 0.000000 0.548168
vt 0.294204 0.548175
vt 0.000000 0.547901
vt 0.294204 0.547909
vt 0.000000 0.547635
vt 0.294204 0.547642
vt 0.000000 0.547368
vt 0.294204 0.547376
vt 0.000000 0.548967
vt 0.294204 0.548975
vn 0.000000 -0.654862 -0.755749
vn 0.000000 -0.654862 -0.755749
vn 0.000000 -0.654861 -0.755749
vn 0.000000 -0.654861 -0.755749
vn 0.000000 -0.142368 -0.989814
vn 0.000000 -0.142368 -0.989814
vn 0.000000 -0.142368 -0.989814
vn 0.000000 -0.142368 -0.989814
vn 0.000000 0.415430 -0.909625
vn 0.000000 0.415430 -0.909625
vn 0.000000 0.415430 -0.909625
vn 0.000000 0.415430 -0.909625
vn 0.000000 0.841255 -0.540638
vn 0.000000 0.841255 -0.540638
vn 0.000000 0.841255 -0.540638
vn 0.000000 0.841255 -0.540638
vn 0.000000 1.000000 0.000000
vn 0.000000 1.000000 0.000000
vn 0.000000 1.000000 0.000000
vn 0.000000 1.000000 0.000000
vn 0.000000 -0.959520 -0.281640
vn 0.000000 -0.959520 -0.281640
vn 0.000000 -0.959520 -0.281640
vn 0.000000 -0.959520 -0.281640
s off
g Cubiculos1 Cubiculos2 Cableado pCylinder13
usemtl lambert2SG
f 687/1044/1567 688/1045/1568 695/1046/1569 694/1047/1570
f 688/1045/1571 689/1048/1572 696/1049/1573 695/1046/1574
f 689/1048/1575 690/1050/1576 697/1051/1577 696/1049/1578
f 690/1050/1579 691/1052/1580 698/1053/1581 697/1051/1582
f 691/1052/1583 692/1054/1584 699/1055/1585 698/1053/1586
f 693/1056/1587 687/1044/1588 694/1047/1589 700/1057/1590
g default
v -12.318132 6.092446 -11.361286
v -12.318132 6.078940 -11.349582
v -12.318130 6.061251 -11.347037
v -12.318130 6.044995 -11.354462
v -12.318132 6.035332 -11.369497
v -12.318132 6.035332 -11.387367
v -12.318130 6.097480 -11.378431
v 13.838701 6.092447 -11.361286
v 13.838701 6.078941 -11.349582
v 13.838701 6.061252 -11.347037
v 13.838701 6.044995 -11.354462
v 13.838701 6.035333 -11.369497
v 13.838701 6.035333 -11.387367
v 13.838701 6.097480 -11.378431
vt 0.408447 0.853830
vt 0.408447 0.853563
vt 0.798603 0.853192
vt 0.798603 0.853459
vt 0.408447 0.853297
vt 0.798603 0.852926
vt 0.408447 0.853030
vt 0.798601 0.852659
vt 0.408447 0.852764
vt 0.798601 0.852393
vt 0.408447 0.852497
vt 0.798601 0.852126
vt 0.408447 0.854096
vt 0.798603 0.853725
vn -0.000000 0.654904 0.755712
vn -0.000000 0.654904 0.755712
vn -0.000000 0.654904 0.755712
vn -0.000000 0.654904 0.755712
vn -0.000000 0.142371 0.989813
vn -0.000000 0.142371 0.989813
vn -0.000000 0.142371 0.989813
vn -0.000000 0.142371 0.989813
vn 0.000000 -0.415424 0.909628
vn 0.000000 -0.415424 0.909628
vn 0.000000 -0.415424 0.909628
vn 0.000000 -0.415424 0.909628
vn 0.000000 -0.841253 0.540642
vn 0.000000 -0.841253 0.540642
vn 0.000000 -0.841253 0.540642
vn 0.000000 -0.841253 0.540642
vn 0.000000 -1.000000 0.000000
vn 0.000000 -1.000000 0.000000
vn 0.000000 -1.000000 0.000000
vn 0.000000 -1.000000 0.000000
vn -0.000000 0.959506 0.281688
vn -0.000000 0.959506 0.281688
vn -0.000000 0.959506 0.281688
vn -0.000000 0.959506 0.281688
s off
g Cubiculos1 Cubiculos2 Cableado pCylinder14
usemtl lambert2SG
f 701/1058/1591 702/1059/1592 709/1060/1593 708/1061/1594
f 702/1059/1595 703/1062/1596 710/1063/1597 709/1060/1598
f 703/1062/1599 704/1064/1600 711/1065/1601 710/1063/1602
f 704/1064/1603 705/1066/1604 712/1067/1605 711/1065/1606
f 705/1066/1607 706/1068/1608 713/1069/1609 712/1067/1610
f 707/1070/1611 701/1058/1612 708/1061/1613 714/1071/1614
g default
v 11.446359 -0.090876 13.073437
v 11.432853 -0.090876 13.061735
v 11.415164 -0.090876 13.059190
v 11.398907 -0.090876 13.066614
v 11.389248 -0.090876 13.081649
v 11.389248 -0.090876 13.099520
v 11.451395 -0.090876 13.090584
v 11.446359 1.646808 13.073437
v 11.432853 1.646808 13.061735
v 11.415164 1.646808 13.059190
v 11.398907 1.646808 13.066614
v 11.389248 1.646808 13.081649
v 11.389248 1.646808 13.099520
v 11.451395 1.646808 13.090584
vt 0.862061 0.297089
vt 0.862061 0.297356
vt 0.839840 0.297356
vt 0.839840 0.297090
vt 0.862061 0.297622
vt 0.839840 0.297623
vt 0.862061 0.297889
vt 0.839840 0.297889
vt 0.862061 0.298155
vt 0.839840 0.298156
vt 0.862061 0.298422
vt 0.839840 0.298423
vt 0.862061 0.296823
vt 0.839840 0.296823
vn 0.654856 0.000000 -0.755754
vn 0.654856 0.000000 -0.755754
vn 0.654856 0.000000 -0.755754
vn 0.654856 0.000000 -0.755754
vn 0.142404 0.000000 -0.989809
vn 0.142404 0.000000 -0.989809
vn 0.142404 0.000000 -0.989809
vn 0.142404 0.000000 -0.989809
vn -0.415447 0.000000 -0.909618
vn -0.415447 0.000000 -0.909618
vn -0.415447 0.000000 -0.909618
vn -0.415447 0.000000 -0.909618
vn -0.841308 0.000000 -0.540556
vn -0.841308 0.000000 -0.540556
vn -0.841308 0.000000 -0.540556
vn -0.841308 0.000000 -0.540556
vn -1.000000 0.000000 0.000000
vn -1.000000 0.000000 0.000000
vn -1.000000 0.000000 0.000000
vn -1.000000 0.000000 0.000000
vn 0.959471 0.000000 -0.281806
vn 0.959471 0.000000 -0.281806
vn 0.959471 0.000000 -0.281806
vn 0.959471 0.000000 -0.281806
s off
g Cubiculos1 Cubiculos2 Cableado Barrote2
usemtl lambert2SG
f 715/1072/1615 716/1073/1616 723/1074/1617 722/1075/1618
f 716/1073/1619 717/1076/1620 724/1077/1621 723/1074/1622
f 717/1076/1623 718/1078/1624 725/1079/1625 724/1077/1626
f 718/1078/1627 719/1080/1628 726/1081/1629 725/1079/1630
f 719/1080/1631 720/1082/1632 727/1083/1633 726/1081/1634
f 721/1084/1635 715/1072/1636 722/1075/1637 728/1085/1638
g default
v 9.167225 -0.262094 13.040462
v 9.153719 -0.262094 13.028759
v 9.136030 -0.262094 13.026215
v 9.119773 -0.262094 13.033639
v 9.110111 -0.262094 13.048674
v 9.110111 -0.262094 13.066544
v 9.172258 -0.262094 13.057609
v 9.167297 4.464447 13.040462
v 9.153754 4.468995 13.028759
v 9.136015 4.474952 13.026215
v 9.119713 4.480427 13.033639
v 9.110023 4.483680 13.048674
v 9.110023 4.483680 13.066544
v 9.172346 4.462752 13.057609
v 9.110111 4.403403 13.066544
v 9.110111 4.403403 13.048674
v 9.119773 4.403403 13.033639
v 9.136030 4.403403 13.026215
v 9.153719 4.403403 13.028758
v 9.167225 4.403403 13.040461
v 9.172258 4.403403 13.057609
v 9.110111 2.788744 13.066544
v 9.110111 2.788744 13.048674
v 9.119773 2.788744 13.033639
v 9.136030 2.788744 13.026215
v 9.153719 2.788744 13.028758
v 9.167225 2.788744 13.040461
v 9.172258 2.788744 13.057609
v 9.183373 4.476228 13.039795
v 9.172928 4.488209 13.026776
v 9.159250 4.503902 13.023945
v 9.146677 4.518323 13.032205
v 9.139205 4.526895 13.048933
v 9.139205 4.526895 13.068814
v 9.187267 4.471762 13.058873
v 9.667993 4.474439 13.040462
v 9.667993 4.487348 13.028759
v 9.667993 4.504256 13.026215
v 9.667993 4.519794 13.033639
v 9.667993 4.529031 13.048674
v 9.667993 4.529031 13.066544
v 9.667993 4.469627 13.057609
v -0.808730 -0.262094 13.040462
v -0.795224 -0.262094 13.028759
v -0.777535 -0.262094 13.026215
v -0.761278 -0.262094 13.033639
v -0.751616 -0.262094 13.048674
v -0.751616 -0.262094 13.066544
v -0.813764 -0.262094 13.057609
v -0.808802 4.464447 13.040462
v -0.795259 4.468995 13.028759
v -0.777520 4.474952 13.026215
v -0.761218 4.480427 13.033639
v -0.751529 4.483680 13.048674
v -0.751529 4.483680 13.066544
v -0.813851 4.462752 13.057609
v -0.751616 4.403403 13.066544
v -0.751616 4.403403 13.048674
v -0.761278 4.403403 13.033639
v -0.777535 4.403403 13.026215
v -0.795224 4.403403 13.028758
v -0.808730 4.403403 13.040461
v -0.813764 4.403403 13.057609
v -0.751616 2.788744 13.066544
v -0.751616 2.788744 13.048674
v -0.761278 2.788744 13.033639
v -0.777535 2.788744 13.026215
v -0.795224 2.788744 13.028758
v -0.808730 2.788744 13.040461
v -0.813764 2.788744 13.057609
v -0.824879 4.476228 13.039795
v -0.814434 4.488209 13.026776
v -0.800756 4.503902 13.023945
v -0.788182 4.518323 13.032205
v -0.780711 4.526895 13.048933
v -0.780711 4.526895 13.068814
v -0.828772 4.471762 13.058873
v -1.309498 4.474439 13.040462
v -1.309498 4.487348 13.028759
v -1.309498 4.504256 13.026215
v -1.309498 4.519794 13.033639
v -1.309498 4.529031 13.048674
v -1.309498 4.529031 13.066544
v -1.309498 4.469627 13.057609
vt 0.973226 0.062918
vt 0.973526 0.062918
vt 0.973526 0.105247
vt 0.973226 0.105247
vt 0.973811 0.062918
vt 0.973811 0.105247
vt 0.974137 0.062918
vt 0.974137 0.105247
vt 0.974367 0.062918
vt 0.974367 0.105247
vt 0.974650 0.062918
vt 0.974650 0.105247
vt 0.972929 0.062918
vt 0.972929 0.105247
vt 0.974367 0.127642
vt 0.974650 0.127642
vt 0.974650 0.128718
vt 0.974367 0.128718
vt 0.974137 0.127642
vt 0.974137 0.128718
vt 0.973811 0.127642
vt 0.973811 0.128718
vt 0.973526 0.127642
vt 0.973526 0.128718
vt 0.973226 0.127642
vt 0.973226 0.128718
vt 0.972929 0.127642
vt 0.972929 0.128718
vt 0.973526 0.129169
vt 0.973226 0.129169
vt 0.973811 0.129169
vt 0.974137 0.129169
vt 0.974367 0.129169
vt 0.974650 0.129169
vt 0.972929 0.129169
vt 0.973526 0.136110
vt 0.973226 0.136110
vt 0.973811 0.136110
vt 0.974137 0.136110
vt 0.974367 0.136110
vt 0.974650 0.136110
vt 0.972929 0.136110
vt 0.807484 0.317119
vt 0.765152 0.317119
vt 0.765152 0.316817
vt 0.807484 0.316817
vt 0.765152 0.316534
vt 0.807484 0.316534
vt 0.765152 0.316206
vt 0.807484 0.316206
vt 0.765152 0.315976
vt 0.807484 0.315976
vt 0.765152 0.315694
vt 0.807484 0.315694
vt 0.807484 0.317415
vt 0.765152 0.317415
vt 0.742755 0.315976
vt 0.741683 0.315976
vt 0.741683 0.315694
vt 0.742755 0.315694
vt 0.742755 0.316206
vt 0.741683 0.316206
vt 0.742755 0.316534
vt 0.741683 0.316534
vt 0.742755 0.316817
vt 0.741683 0.316817
vt 0.742755 0.317119
vt 0.741683 0.317119
vt 0.742755 0.317415
vt 0.741683 0.317415
vt 0.741229 0.317119
vt 0.741229 0.316817
vt 0.741229 0.316534
vt 0.741229 0.316206
vt 0.741229 0.315976
vt 0.741229 0.315694
vt 0.741229 0.317415
vt 0.734286 0.317119
vt 0.734286 0.316817
vt 0.734286 0.316534
vt 0.734286 0.316206
vt 0.734286 0.315976
vt 0.734286 0.315694
vt 0.734286 0.317415
vn 0.654842 -0.000000 -0.755766
vn 0.654842 -0.000000 -0.755766
vn 0.654852 -0.000000 -0.755757
vn 0.654852 -0.000000 -0.755757
vn 0.142326 -0.000000 -0.989820
vn 0.142326 -0.000000 -0.989820
vn 0.142317 -0.000000 -0.989821
vn 0.142317 -0.000000 -0.989821
vn -0.415426 0.000000 -0.909627
vn -0.415426 0.000000 -0.909627
vn -0.415423 0.000000 -0.909628
vn -0.415423 0.000000 -0.909628
vn -0.841247 0.000000 -0.540650
vn -0.841247 0.000000 -0.540650
vn -0.841250 0.000000 -0.540646
vn -0.841250 0.000000 -0.540646
vn -1.000000 0.000000 0.000000
vn -1.000000 0.000000 0.000000
vn -1.000000 0.000000 0.000000
vn -1.000000 0.000000 0.000000
vn 0.959515 0.000000 -0.281658
vn 0.959515 0.000000 -0.281658
vn 0.959514 0.000000 -0.281661
vn 0.959514 0.000000 -0.281661
vn -1.000000 -0.000052 0.000000
vn -1.000000 -0.000052 0.000000
vn -0.999999 -0.001089 0.000000
vn -0.999999 -0.001089 0.000000
vn -0.841242 -0.000037 -0.540659
vn -0.841242 -0.000037 -0.540659
vn -0.840957 -0.000792 -0.541102
vn -0.840957 -0.000792 -0.541102
vn -0.415397 -0.000009 -0.909640
vn -0.415397 -0.000009 -0.909640
vn -0.414953 -0.000212 -0.909843
vn -0.414953 -0.000212 -0.909843
vn 0.142290 -0.000000 -0.989825
vn 0.142290 -0.000000 -0.989825
vn 0.142049 -0.000012 -0.989860
vn 0.142049 -0.000012 -0.989860
vn 0.654851 -0.000020 -0.755758
vn 0.654851 -0.000020 -0.755758
vn 0.654316 -0.000537 -0.756221
vn 0.654316 -0.000537 -0.756221
vn 0.959508 -0.000046 -0.281683
vn 0.959508 -0.000046 -0.281682
vn 0.959380 -0.001274 -0.282113
vn 0.959380 -0.001274 -0.282113
vn 0.406764 -0.526421 -0.746608
vn 0.406764 -0.526421 -0.746608
vn 0.406764 -0.526421 -0.746608
vn 0.406764 -0.526421 -0.746608
vn 0.067696 -0.146747 -0.986855
vn 0.067696 -0.146747 -0.986855
vn 0.067696 -0.146747 -0.986855
vn 0.067696 -0.146747 -0.986855
vn -0.349604 0.212003 -0.912596
vn -0.349604 0.212003 -0.912596
vn -0.349604 0.212003 -0.912596
vn -0.349604 0.212003 -0.912596
vn -0.691170 0.470467 -0.548584
vn -0.691170 0.470467 -0.548584
vn -0.691170 0.470467 -0.548584
vn -0.691170 0.470467 -0.548584
vn -0.828754 0.559613 0.000000
vn -0.828754 0.559613 0.000000
vn -0.828754 0.559613 0.000000
vn -0.828754 0.559613 0.000000
vn 0.540044 -0.797504 -0.268962
vn 0.540044 -0.797504 -0.268962
vn 0.540044 -0.797504 -0.268962
vn 0.540044 -0.797504 -0.268962
vn 0.000012 -0.704696 -0.709509
vn 0.000012 -0.704696 -0.709509
vn 0.000012 -0.704696 -0.709509
vn 0.000012 -0.704696 -0.709509
vn 0.004099 -0.161001 -0.986946
vn 0.004099 -0.161001 -0.986946
vn 0.004099 -0.161001 -0.986946
vn 0.004099 -0.161001 -0.986946
vn 0.002361 0.464575 -0.885531
vn 0.002361 0.464575 -0.885531
vn 0.002361 0.464575 -0.885531
vn 0.002361 0.464575 -0.885531
vn -0.002446 0.872006 -0.489488
vn -0.002446 0.872006 -0.489488
vn -0.002446 0.872006 -0.489488
vn -0.002446 0.872006 -0.489488
vn -0.004039 0.999992 0.000000
vn -0.004039 0.999992 0.000000
vn -0.004039 0.999992 0.000000
vn -0.004039 0.999992 0.000000
vn -0.004091 -0.968828 -0.247700
vn -0.004091 -0.968828 -0.247700
vn -0.004091 -0.968828 -0.247700
vn -0.004091 -0.968828 -0.247700
vn -0.654842 -0.000000 -0.755766
vn -0.654852 -0.000000 -0.755757
vn -0.654852 -0.000000 -0.755757
vn -0.654842 -0.000000 -0.755766
vn -0.142326 -0.000000 -0.989820
vn -0.142317 -0.000000 -0.989821
vn -0.142317 -0.000000 -0.989821
vn -0.142326 -0.000000 -0.989820
vn 0.415426 0.000000 -0.909627
vn 0.415423 0.000000 -0.909628
vn 0.415423 0.000000 -0.909628
vn 0.415426 0.000000 -0.909627
vn 0.841247 0.000000 -0.540650
vn 0.841250 0.000000 -0.540646
vn 0.841250 0.000000 -0.540646
vn 0.841247 0.000000 -0.540650
vn 1.000000 0.000000 0.000000
vn 1.000000 0.000000 0.000000
vn 1.000000 0.000000 0.000000
vn 1.000000 0.000000 0.000000
vn -0.959515 -0.000000 -0.281658
vn -0.959514 -0.000000 -0.281661
vn -0.959514 -0.000000 -0.281661
vn -0.959515 -0.000000 -0.281658
vn 1.000000 -0.000052 0.000000
vn 0.999999 -0.001090 0.000000
vn 0.999999 -0.001090 0.000000
vn 1.000000 -0.000052 0.000000
vn 0.841242 -0.000037 -0.540659
vn 0.840957 -0.000788 -0.541102
vn 0.840957 -0.000788 -0.541102
vn 0.841242 -0.000037 -0.540659
vn 0.415397 -0.000009 -0.909640
vn 0.414953 -0.000210 -0.909843
vn 0.414953 -0.000210 -0.909843
vn 0.415397 -0.000009 -0.909640
vn -0.142291 -0.000000 -0.989825
vn -0.142090 -0.000012 -0.989854
vn -0.142090 -0.000012 -0.989854
vn -0.142291 -0.000000 -0.989825
vn -0.654851 -0.000020 -0.755758
vn -0.654316 -0.000541 -0.756221
vn -0.654316 -0.000541 -0.756221
vn -0.654851 -0.000020 -0.755758
vn -0.959508 -0.000046 -0.281683
vn -0.959380 -0.001274 -0.282113
vn -0.959380 -0.001274 -0.282113
vn -0.959508 -0.000046 -0.281683
vn -0.406779 -0.526406 -0.746610
vn -0.406779 -0.526406 -0.746610
vn -0.406779 -0.526406 -0.746610
vn -0.406779 -0.526406 -0.746610
vn -0.067738 -0.146748 -0.986852
vn -0.067738 -0.146748 -0.986852
vn -0.067738 -0.146748 -0.986852
vn -0.067738 -0.146748 -0.986852
vn 0.349605 0.211997 -0.912597
vn 0.349605 0.211997 -0.912597
vn 0.349605 0.211997 -0.912597
vn 0.349605 0.211997 -0.912597
vn 0.691166 0.470467 -0.548589
vn 0.691166 0.470467 -0.548589
vn 0.691166 0.470467 -0.548589
vn 0.691166 0.470467 -0.548589
vn 0.828754 0.559614 0.000000
vn 0.828754 0.559614 0.000000
vn 0.828754 0.559614 0.000000
vn 0.828754 0.559614 0.000000
vn -0.540043 -0.797503 -0.268966
vn -0.540043 -0.797503 -0.268966
vn -0.540043 -0.797503 -0.268966
vn -0.540043 -0.797503 -0.268966
vn -0.000012 -0.704692 -0.709513
vn -0.000012 -0.704692 -0.709513
vn -0.000012 -0.704692 -0.709513
vn -0.000012 -0.704692 -0.709513
vn -0.004099 -0.161002 -0.986946
vn -0.004099 -0.161002 -0.986946
vn -0.004099 -0.161002 -0.986946
vn -0.004099 -0.161002 -0.986946
vn -0.002362 0.464571 -0.885532
vn -0.002362 0.464571 -0.885532
vn -0.002362 0.464571 -0.885532
vn -0.002362 0.464571 -0.885532
vn 0.002446 0.872003 -0.489494
vn 0.002446 0.872003 -0.489494
vn 0.002446 0.872003 -0.489494
vn 0.002446 0.872003 -0.489494
vn 0.004039 0.999992 0.000000
vn 0.004039 0.999992 0.000000
vn 0.004039 0.999992 0.000000
vn 0.004039 0.999992 0.000000
vn 0.004091 -0.968827 -0.247704
vn 0.004091 -0.968827 -0.247704
vn 0.004091 -0.968827 -0.247704
vn 0.004091 -0.968827 -0.247704
s 1
g Cubiculos1 Cubiculos2 Cableado Barrote3
usemtl lambert2SG
f 729/1086/1639 730/1087/1640 754/1088/1641 755/1089/1642
s 2
f 730/1087/1643 731/1090/1644 753/1091/1645 754/1088/1646
s 3
f 731/1090/1647 732/1092/1648 752/1093/1649 753/1091/1650
s 4
f 732/1092/1651 733/1094/1652 751/1095/1653 752/1093/1654
s 5
f 733/1094/1655 734/1096/1656 750/1097/1657 751/1095/1658
s 6
f 735/1098/1659 729/1086/1660 755/1089/1661 756/1099/1662
s 5
f 744/1100/1663 743/1101/1664 741/1102/1665 740/1103/1666
s 4
f 745/1104/1667 744/1100/1668 740/1103/1669 739/1105/1670
s 3
f 746/1106/1671 745/1104/1672 739/1105/1673 738/1107/1674
s 2
f 747/1108/1675 746/1106/1676 738/1107/1677 737/1109/1678
s 1
f 748/1110/1679 747/1108/1680 737/1109/1681 736/1111/1682
s 6
f 749/1112/1683 748/1110/1684 736/1111/1685 742/1113/1686
s 5
f 751/1095/1658 750/1097/1657 743/1101/1664 744/1100/1663
s 4
f 752/1093/1654 751/1095/1653 744/1100/1668 745/1104/1667
s 3
f 753/1091/1650 752/1093/1649 745/1104/1672 746/1106/1671
s 2
f 754/1088/1646 753/1091/1645 746/1106/1676 747/1108/1675
s 1
f 755/1089/1642 754/1088/1641 747/1108/1680 748/1110/1679
s 6
f 756/1099/1662 755/1089/1661 748/1110/1684 749/1112/1683
s off
f 736/1111/1687 737/1109/1688 758/1114/1689 757/1115/1690
f 737/1109/1691 738/1107/1692 759/1116/1693 758/1114/1694
f 738/1107/1695 739/1105/1696 760/1117/1697 759/1116/1698
f 739/1105/1699 740/1103/1700 761/1118/1701 760/1117/1702
f 740/1103/1703 741/1102/1704 762/1119/1705 761/1118/1706
f 742/1113/1707 736/1111/1708 757/1115/1709 763/1120/1710
f 757/1115/1711 758/1114/1712 765/1121/1713 764/1122/1714
f 758/1114/1715 759/1116/1716 766/1123/1717 765/1121/1718
f 759/1116/1719 760/1117/1720 767/1124/1721 766/1123/1722
f 760/1117/1723 761/1118/1724 768/1125/1725 767/1124/1726
f 761/1118/1727 762/1119/1728 769/1126/1729 768/1125/1730
f 763/1120/1731 757/1115/1732 764/1122/1733 770/1127/1734
s 7
f 771/1128/1735 797/1129/1736 796/1130/1737 772/1131/1738
s 8
f 772/1131/1739 796/1130/1740 795/1132/1741 773/1133/1742
s 9
f 773/1133/1743 795/1132/1744 794/1134/1745 774/1135/1746
s 10
f 774/1135/1747 794/1134/1748 793/1136/1749 775/1137/1750
s 11
f 775/1137/1751 793/1136/1752 792/1138/1753 776/1139/1754
s 12
f 777/1140/1755 798/1141/1756 797/1129/1757 771/1128/1758
s 11
f 786/1142/1759 782/1143/1760 783/1144/1761 785/1145/1762
s 10
f 787/1146/1763 781/1147/1764 782/1143/1765 786/1142/1766
s 9
f 788/1148/1767 780/1149/1768 781/1147/1769 787/1146/1770
s 8
f 789/1150/1771 779/1151/1772 780/1149/1773 788/1148/1774
s 7
f 790/1152/1775 778/1153/1776 779/1151/1777 789/1150/1778
s 12
f 791/1154/1779 784/1155/1780 778/1153/1781 790/1152/1782
s 11
f 793/1136/1752 786/1142/1759 785/1145/1762 792/1138/1753
s 10
f 794/1134/1748 787/1146/1763 786/1142/1766 793/1136/1749
s 9
f 795/1132/1744 788/1148/1767 787/1146/1770 794/1134/1745
s 8
f 796/1130/1740 789/1150/1771 788/1148/1774 795/1132/1741
s 7
f 797/1129/1736 790/1152/1775 789/1150/1778 796/1130/1737
s 12
f 798/1141/1756 791/1154/1779 790/1152/1782 797/1129/1757
s off
f 778/1153/1783 799/1156/1784 800/1157/1785 779/1151/1786
f 779/1151/1787 800/1157/1788 801/1158/1789 780/1149/1790
f 780/1149/1791 801/1158/1792 802/1159/1793 781/1147/1794
f 781/1147/1795 802/1159/1796 803/1160/1797 782/1143/1798
f 782/1143/1799 803/1160/1800 804/1161/1801 783/1144/1802
f 784/1155/1803 805/1162/1804 799/1156/1805 778/1153/1806
f 799/1156/1807 806/1163/1808 807/1164/1809 800/1157/1810
f 800/1157/1811 807/1164/1812 808/1165/1813 801/1158/1814
f 801/1158/1815 808/1165/1816 809/1166/1817 802/1159/1818
f 802/1159/1819 809/1166/1820 810/1167/1821 803/1160/1822
f 803/1160/1823 810/1167/1824 811/1168/1825 804/1161/1826
f 805/1162/1827 812/1169/1828 806/1163/1829 799/1156/1830
g default
v 32.506199 0.044852 -3.680105
v 32.582092 0.044852 -3.680105
v 32.506199 9.162864 -3.680105
v 32.582092 9.162864 -3.680105
v 32.506199 9.162864 -14.536270
v 32.582092 9.162864 -14.536270
v 32.506199 0.044852 -14.536270
v 32.582092 0.044852 -14.536270
vt 0.858197 0.084332
vt 0.858197 0.083605
vt 0.858741 0.083605
vt 0.858741 0.084332
vt 0.858197 0.084332
vt 0.858197 0.083605
vt 0.858741 0.083605
vt 0.858741 0.084332
vn 1.000000 0.000000 0.000000
vn 1.000000 0.000000 0.000000
vn 1.000000 0.000000 0.000000
vn 1.000000 0.000000 0.000000
vn -1.000000 0.000000 0.000000
vn -1.000000 0.000000 0.000000
vn -1.000000 0.000000 0.000000
vn -1.000000 0.000000 0.000000
s off
g Cubiculos1 Cubiculos2 pCube32 Pantalla_holografica1
usemtl lambert2SG
f 814/1170/1831 820/1171/1832 818/1172/1833 816/1173/1834
f 819/1174/1835 813/1175/1836 815/1176/1837 817/1177/1838
g default
v 32.506199 0.044852 16.354589
v 32.582092 0.044852 16.354589
v 32.506199 9.162864 16.354589
v 32.582092 9.162864 16.354589
v 32.506199 9.162864 5.360548
v 32.582092 9.162864 5.360548
v 32.506199 0.044852 5.360548
v 32.582092 0.044852 5.360548
vt 0.858197 0.084332
vt 0.858197 0.083605
vt 0.858741 0.083605
vt 0.858741 0.084332
vt 0.858197 0.084332
vt 0.858197 0.083605
vt 0.858741 0.083605
vt 0.858741 0.084332
vn 1.000000 0.000000 0.000000
vn 1.000000 0.000000 0.000000
vn 1.000000 0.000000 0.000000
vn 1.000000 0.000000 0.000000
vn -1.000000 0.000000 0.000000
vn -1.000000 0.000000 0.000000
vn -1.000000 0.000000 0.000000
vn -1.000000 0.000000 0.000000
s off
g Cubiculos1 Cubiculos2 Pantalla_holografica1 pCube31
usemtl lambert2SG
f 822/1178/1839 828/1179/1840 826/1180/1841 824/1181/1842
f 827/1182/1843 821/1183/1844 823/1184/1845 825/1185/1846
g default
v -9.306427 4.940358 -11.262717
v -9.319465 4.917775 -11.262795
v -9.314936 4.892095 -11.262767
v -9.294962 4.875333 -11.262648
v -9.268885 4.875333 -11.262495
v -9.248909 4.892095 -11.262375
v -9.244382 4.917775 -11.262348
v -9.257420 4.940358 -11.262425
v -9.281923 4.949277 -11.262571
v -9.306612 4.940358 -11.231550
v -9.319649 4.917775 -11.231627
v -9.315121 4.892095 -11.231600
v -9.295147 4.875333 -11.231481
v -9.269070 4.875333 -11.231327
v -9.249094 4.892095 -11.231207
v -9.244566 4.917775 -11.231181
v -9.257605 4.940358 -11.231257
v -9.282109 4.949277 -11.231403
v -9.282109 4.911155 -11.231403
vt 0.868542 0.071209
vt 0.868153 0.071209
vt 0.863036 0.254496
vt 0.862786 0.254794
vt 0.867764 0.071209
vt 0.863419 0.254428
vt 0.867375 0.071209
vt 0.863756 0.254622
vt 0.870487 0.071209
vt 0.863889 0.254988
vt 0.870098 0.071209
vt 0.863756 0.255353
vt 0.869709 0.071209
vt 0.863419 0.255548
vt 0.869320 0.071209
vt 0.863036 0.255480
vt 0.868931 0.071209
vt 0.862786 0.255183
vt 0.863320 0.254988
vt 0.868931 0.070744
vt 0.868542 0.070744
vt 0.869320 0.070744
vt 0.869709 0.070744
vt 0.870098 0.070744
vt 0.870487 0.070744
vt 0.870876 0.070744
vt 0.867764 0.070744
vt 0.868153 0.070744
vt 0.870876 0.071209
vt 0.867375 0.070744
vn -0.866030 0.499966 -0.005119
vn -0.866030 0.499966 -0.005119
vn -0.866030 0.499966 -0.005119
vn -0.866030 0.499966 -0.005119
vn -0.984792 -0.173639 -0.005827
vn -0.984792 -0.173639 -0.005827
vn -0.984792 -0.173639 -0.005827
vn -0.984792 -0.173639 -0.005827
vn -0.642786 -0.766036 -0.003806
vn -0.642786 -0.766036 -0.003806
vn -0.642786 -0.766036 -0.003806
vn -0.642786 -0.766036 -0.003806
vn -0.000000 -1.000000 0.000019
vn -0.000000 -1.000000 0.000019
vn -0.000000 -1.000000 0.000019
vn -0.000000 -1.000000 0.000019
vn 0.642784 -0.766038 0.003824
vn 0.642784 -0.766038 0.003824
vn 0.642784 -0.766038 0.003824
vn 0.642784 -0.766038 0.003824
vn 0.984792 -0.173639 0.005828
vn 0.984792 -0.173639 0.005828
vn 0.984792 -0.173639 0.005828
vn 0.984792 -0.173639 0.005828
vn 0.865989 0.500037 0.005129
vn 0.865989 0.500037 0.005129
vn 0.865989 0.500037 0.005129
vn 0.865989 0.500037 0.005129
vn 0.342027 0.939688 0.002026
vn 0.342027 0.939688 0.002026
vn 0.342027 0.939688 0.002026
vn 0.342027 0.939688 0.002026
vn -0.342027 0.939688 -0.002037
vn -0.342027 0.939688 -0.002037
vn -0.342027 0.939688 -0.002037
vn -0.342027 0.939688 -0.002037
vn -0.005977 0.000004 0.999982
vn -0.005923 0.000015 0.999982
vn -0.005941 -0.000006 0.999982
vn -0.005950 0.000010 0.999982
vn -0.005950 -0.000009 0.999982
vn -0.005922 -0.000031 0.999982
vn -0.005909 -0.000010 0.999982
vn -0.005895 -0.000009 0.999983
vn -0.005936 -0.000021 0.999982
vn -0.006005 0.000000 0.999982
s off
g Cubiculos1 Cubiculos2 pCylinder7 Aviso
usemtl lambert2SG
f 829/1186/1847 830/1187/1848 839/1213/1849 838/1206/1850
f 830/1187/1851 831/1190/1852 840/1212/1853 839/1213/1854
f 831/1190/1855 832/1192/1856 841/1215/1857 840/1212/1858
f 832/1214/1859 833/1194/1860 842/1210/1861 841/1211/1862
f 833/1194/1863 834/1196/1864 843/1209/1865 842/1210/1866
f 834/1196/1867 835/1198/1868 844/1208/1869 843/1209/1870
f 835/1198/1871 836/1200/1872 845/1207/1873 844/1208/1874
f 836/1200/1875 837/1202/1876 846/1205/1877 845/1207/1878
f 837/1202/1879 829/1186/1880 838/1206/1881 846/1205/1882
s 1
f 838/1189/1883 839/1188/1884 847/1204/1885
f 839/1188/1884 840/1191/1886 847/1204/1885
f 840/1191/1886 841/1193/1887 847/1204/1885
f 841/1193/1887 842/1195/1888 847/1204/1885
f 842/1195/1888 843/1197/1889 847/1204/1885
f 843/1197/1889 844/1199/1890 847/1204/1885
f 844/1199/1890 845/1201/1891 847/1204/1885
f 845/1201/1891 846/1203/1892 847/1204/1885
f 846/1203/1892 838/1189/1883 847/1204/1885
g default
v -7.963603 4.187637 -11.244158
v -7.963603 4.187637 -11.267921
v -7.963603 5.063881 -11.244158
v -7.963603 5.063881 -11.267921
v -9.391811 5.063881 -11.244158
v -9.391811 5.063881 -11.267921
v -9.391811 4.187637 -11.244158
v -9.391811 4.187637 -11.267921
vt 0.806071 0.298533
vt 0.841390 0.325820
vt 0.784768 0.311603
vt 0.828320 0.325466
vt 0.806071 0.311603
vt 0.807017 0.325469
vt 0.806071 0.298533
vt 0.862693 0.325463
vt 0.793947 0.325824
vt 0.862693 0.325817
vt 0.784768 0.298533
vt 0.793947 0.325470
vt 0.784768 0.298533
vt 0.841390 0.325465
vt 0.807017 0.325823
vt 0.784768 0.311603
vt 0.828320 0.325821
vt 0.806071 0.311603
vn 1.000000 0.000000 0.000000
vn 1.000000 0.000000 0.000000
vn 1.000000 0.000000 0.000000
vn 1.000000 0.000000 0.000000
vn 0.000000 1.000000 0.000000
vn 0.000000 1.000000 0.000000
vn 0.000000 1.000000 0.000000
vn 0.000000 1.000000 0.000000
vn -1.000000 0.000000 0.000000
vn -1.000000 0.000000 0.000000
vn -1.000000 0.000000 0.000000
vn -1.000000 0.000000 0.000000
vn 0.000000 -1.000000 0.000000
vn 0.000000 -1.000000 0.000000
vn 0.000000 -1.000000 0.000000
vn 0.000000 -1.000000 0.000000
vn 0.000000 0.000000 -1.000000
vn 0.000000 0.000000 -1.000000
vn 0.000000 0.000000 -1.000000
vn 0.000000 0.000000 -1.000000
vn 0.000000 0.000000 1.000000
vn 0.000000 0.000000 1.000000
vn 0.000000 0.000000 1.000000
vn 0.000000 0.000000 1.000000
s off
g Cubiculos1 Cubiculos2 Aviso pCube24
usemtl lambert2SG
f 848/1229/1893 849/1217/1894 851/1232/1895 850/1219/1896
f 850/1219/1897 851/1232/1898 853/1230/1899 852/1221/1900
f 852/1221/1901 853/1230/1902 855/1224/1903 854/1227/1904
f 854/1223/1905 855/1225/1906 849/1217/1907 848/1229/1908
f 849/1226/1909 855/1222/1910 853/1220/1911 851/1218/1912
f 854/1228/1913 848/1216/1914 850/1233/1915 852/1231/1916
g default
v 9.676315 1.402558 13.074301
v 13.044879 1.402558 13.074301
v 9.676315 2.919041 13.074301
v 13.044879 2.919041 13.074301
v 9.676315 2.919041 13.050359
v 13.044879 2.919041 13.050359
v 9.676315 1.402558 13.050961
v 13.044879 1.402558 13.050359
v 13.017775 2.926938 13.050234
v 13.017775 2.926938 13.074425
v 9.703421 2.926938 13.050234
v 9.703421 2.926938 13.074425
v 13.062418 1.447013 13.050234
v 9.658773 1.447013 13.050234
v 9.658773 1.447013 13.074425
v 13.062418 1.447013 13.074425
v 13.062418 2.874586 13.050234
v 9.658773 2.874586 13.050234
v 9.658773 2.874586 13.074425
v 13.062418 2.874586 13.074425
vt 0.898582 0.210372
vt 0.899249 0.209636
vt 0.899249 0.210372
vt 0.899249 0.210822
vt 0.899249 0.210968
vt 0.898582 0.210822
vt 0.898582 0.261995
vt 0.898582 0.261635
vt 0.899249 0.261635
vt 0.899249 0.261995
vt 0.899249 0.260927
vt 0.899249 0.160830
vt 0.877215 0.210822
vt 0.877215 0.261635
vt 0.876554 0.261635
vt 0.876554 0.210822
vt 0.876554 0.210372
vt 0.877215 0.210372
vt 0.877215 0.261995
vt 0.876554 0.159584
vt 0.899249 0.159584
vt 0.898582 0.159584
vt 0.877215 0.159584
vt 0.876554 0.261995
vn -0.000000 0.000000 1.000000
vn -0.000005 0.000004 1.000000
vn -0.005956 0.005182 0.999969
vn -0.006148 0.005234 -0.999967
vn -0.000005 0.000004 -1.000000
vn -0.007184 0.000085 -0.999974
vn 0.007184 0.000085 0.999974
vn 0.999930 0.011836 0.000000
vn 0.930229 0.366980 0.000000
vn 0.930229 0.366980 0.000000
vn -0.999930 0.011837 0.000000
vn -0.930211 0.367026 0.000000
vn -0.930211 0.367026 0.000000
vn 0.000005 0.000004 -1.000000
vn 0.006052 0.005234 -0.999968
vn 0.000000 0.000000 -1.000000
vn 0.000005 0.000004 1.000000
vn 0.005980 0.005182 0.999969
vn -0.007156 -0.000304 -0.999974
vn -0.000002 -0.000221 -1.000000
vn -0.000089 -0.009576 -0.999954
vn -0.000089 -0.009576 -0.999954
vn -0.930202 -0.367048 0.000000
vn -0.930202 -0.367048 0.000000
vn -0.999932 -0.011694 0.000000
vn 0.007158 -0.000149 0.999974
vn 0.000000 -0.000064 1.000000
vn 0.000000 -0.002784 0.999996
vn 0.000000 -0.002784 0.999996
vn 0.930229 -0.366980 0.000000
vn 0.930229 -0.366980 0.000000
vn 0.999930 -0.011836 0.000000
s 1
g Cubiculos1 Cubiculos2 Pantalla_holografica3
usemtl lambert2SG
f 874/1234/1917 867/1235/1918 858/1236/1919
s 2
f 860/1237/1920 866/1238/1921 873/1239/1922
s 1
f 875/1240/1923 872/1241/1924 861/1242/1925 859/1243/1926
s 2
f 873/1239/1922 874/1234/1927 858/1236/1928 860/1237/1929
f 864/1244/1930 861/1242/1931 872/1241/1932
s 1
f 865/1245/1933 875/1255/1923 859/1254/1934
s 2
f 866/1238/1921 864/1244/1930 872/1241/1932 873/1239/1922
s 1
f 867/1235/1918 874/1234/1917 875/1255/1923 865/1245/1933
s 2
f 869/1246/1935 868/1247/1936 863/1248/1937 862/1249/1938
f 862/1249/1939 856/1250/1940 870/1251/1941 869/1246/1935
s 1
f 871/1256/1942 870/1251/1943 856/1250/1944 857/1253/1945
f 857/1257/1946 863/1248/1947 868/1247/1948 871/1252/1942
s 2
f 873/1239/1922 872/1241/1932 868/1247/1936 869/1246/1935
f 869/1246/1935 870/1251/1941 874/1234/1927 873/1239/1922
s 1
f 875/1255/1923 874/1234/1917 870/1251/1943 871/1256/1942
f 871/1252/1942 868/1247/1948 872/1241/1924 875/1240/1923
g default
v 9.676315 3.781174 13.058034
v 13.044879 3.781174 13.058034
v 9.676315 5.297658 13.058034
v 13.044879 5.297658 13.058034
v 9.676315 5.297658 13.034092
v 13.044879 5.297658 13.034092
v 9.676315 3.781174 13.034693
v 13.044879 3.781174 13.034092
v 13.017775 5.305554 13.033967
v 13.017775 5.305554 13.058157
v 9.703421 5.305554 13.033967
v 9.703421 5.305554 13.058157
v 13.062418 3.825630 13.033967
v 9.658773 3.825630 13.033967
v 9.658773 3.825630 13.058157
v 13.062418 3.825630 13.058157
v 13.062418 5.253202 13.033967
v 9.658773 5.253202 13.033967
v 9.658773 5.253202 13.058157
v 13.062418 5.253202 13.058157
vt 0.898582 0.210372
vt 0.899249 0.209636
vt 0.899249 0.210372
vt 0.899249 0.210822
vt 0.899249 0.210968
vt 0.898582 0.210822
vt 0.898582 0.261995
vt 0.898582 0.261635
vt 0.899249 0.261635
vt 0.899249 0.261995
vt 0.899249 0.260927
vt 0.899249 0.160830
vt 0.877215 0.210822
vt 0.877215 0.261635
vt 0.876554 0.261635
vt 0.876554 0.210822
vt 0.876554 0.210372
vt 0.877215 0.210372
vt 0.877215 0.261995
vt 0.876554 0.159584
vt 0.899249 0.159584
vt 0.898582 0.159584
vt 0.877215 0.159584
vt 0.876554 0.261995
vn -0.000000 0.000000 1.000000
vn -0.000005 0.000004 1.000000
vn -0.006148 0.005182 0.999968
vn -0.006244 0.005234 -0.999967
vn -0.000005 0.000004 -1.000000
vn -0.007184 0.000085 -0.999974
vn 0.007184 0.000085 0.999974
vn 0.999930 0.011835 0.000000
vn 0.930217 0.367011 0.000000
vn 0.930217 0.367011 0.000000
vn -0.999930 0.011837 0.000000
vn -0.930199 0.367056 0.000000
vn -0.930199 0.367056 0.000000
vn 0.000005 0.000004 -1.000000
vn 0.006244 0.005234 -0.999967
vn 0.000000 0.000000 -1.000000
vn 0.000005 0.000004 1.000000
vn 0.006172 0.005182 0.999968
vn -0.007156 -0.000304 -0.999974
vn -0.000002 -0.000221 -1.000000
vn -0.000089 -0.009576 -0.999954
vn -0.000089 -0.009576 -0.999954
vn -0.930202 -0.367048 0.000000
vn -0.930202 -0.367048 0.000000
vn -0.999932 -0.011694 0.000000
vn 0.007158 -0.000149 0.999974
vn 0.000000 -0.000064 1.000000
vn 0.000000 -0.002784 0.999996
vn 0.000000 -0.002784 0.999996
vn 0.930223 -0.366996 0.000000
vn 0.930223 -0.366996 0.000000
vn 0.999930 -0.011835 0.000000
s 1
g Cubiculos1 Cubiculos2 Pantalla_holografica4
usemtl lambert2SG
f 894/1258/1949 887/1259/1950 878/1260/1951
s 2
f 880/1261/1952 886/1262/1953 893/1263/1954
s 1
f 895/1264/1955 892/1265/1956 881/1266/1957 879/1267/1958
s 2
f 893/1263/1954 894/1258/1959 878/1260/1960 880/1261/1961
f 884/1268/1962 881/1266/1963 892/1265/1964
s 1
f 885/1269/1965 895/1279/1955 879/1278/1966
s 2
f 886/1262/1953 884/1268/1962 892/1265/1964 893/1263/1954
s 1
f 887/1259/1950 894/1258/1949 895/1279/1955 885/1269/1965
s 2
f 889/1270/1967 888/1271/1968 883/1272/1969 882/1273/1970
f 882/1273/1971 876/1274/1972 890/1275/1973 889/1270/1967
s 1
f 891/1280/1974 890/1275/1975 876/1274/1976 877/1277/1977
f 877/1281/1978 883/1272/1979 888/1271/1980 891/1276/1974
s 2
f 893/1263/1954 892/1265/1964 888/1271/1968 889/1270/1967
f 889/1270/1967 890/1275/1973 894/1258/1959 893/1263/1954
s 1
f 895/1279/1955 894/1258/1949 890/1275/1975 891/1280/1974
f 891/1276/1974 888/1271/1980 892/1265/1956 895/1264/1955
g default
v 13.332822 5.552276 -11.394851
v 13.229987 5.655110 -11.394851
v 13.089513 5.692750 -11.394851
v 12.949039 5.655110 -11.394851
v 12.846208 5.552276 -11.394851
v 12.808564 5.411801 -11.394851
v 12.846208 5.271327 -11.394851
v 12.949039 5.168493 -11.394851
v 13.089513 5.130853 -11.394851
v 13.229987 5.168493 -11.394851
v 13.332822 5.271327 -11.394851
v 13.370466 5.411801 -11.394851
v 13.332822 5.552276 -11.341838
v 13.229987 5.655110 -11.341838
v 13.089513 5.692750 -11.341838
v 12.949039 5.655110 -11.341838
v 12.846208 5.552276 -11.341838
v 12.808564 5.411801 -11.341838
v 12.846208 5.271327 -11.341838
v 12.949039 5.168493 -11.341838
v 13.089513 5.130853 -11.341838
v 13.229987 5.168493 -11.341838
v 13.332822 5.271327 -11.341838
v 13.370466 5.411801 -11.341838
v 13.089513 5.411801 -11.341838
vt 0.221300 0.076739
vt 0.206529 0.076742
vt 0.206528 0.071358
vt 0.221299 0.071355
vt 0.191759 0.076744
vt 0.191758 0.071360
vt 0.176989 0.076746
vt 0.176988 0.071362
vt 0.162219 0.076748
vt 0.162218 0.071364
vt 0.147448 0.076750
vt 0.147448 0.071366
vt 0.132678 0.076753
vt 0.132677 0.071368
vt 0.117908 0.076755
vt 0.117907 0.071371
vt 0.103138 0.076757
vt 0.103137 0.071373
vt 0.265610 0.076733
vt 0.265610 0.071349
vt 0.250840 0.076735
vt 0.250839 0.071351
vt 0.236070 0.076737
vt 0.236069 0.071353
vt 0.673685 0.027568
vt 0.693864 0.047743
vt 0.681073 0.055129
vt 0.701248 0.034951
vt 0.701247 0.020180
vt 0.693861 0.007390
vt 0.681069 0.000005
vt 0.666299 0.000007
vt 0.653507 0.007393
vt 0.646124 0.020185
vt 0.646124 0.034955
vt 0.653511 0.047746
vt 0.666302 0.055130
vt 0.280381 0.076731
vt 0.280380 0.071347
vt 0.693861 0.007390
vn 0.707105 0.707109 0.000000
vn 0.707105 0.707109 0.000000
vn 0.707105 0.707109 0.000000
vn 0.707105 0.707109 0.000000
vn 0.258818 0.965926 0.000000
vn 0.258818 0.965926 0.000000
vn 0.258818 0.965926 0.000000
vn 0.258818 0.965926 0.000000
vn -0.258818 0.965926 0.000000
vn -0.258818 0.965926 0.000000
vn -0.258818 0.965926 0.000000
vn -0.258818 0.965926 0.000000
vn -0.707120 0.707094 0.000000
vn -0.707120 0.707094 0.000000
vn -0.707120 0.707094 0.000000
vn -0.707120 0.707094 0.000000
vn -0.965920 0.258842 0.000000
vn -0.965920 0.258842 0.000000
vn -0.965920 0.258842 0.000000
vn -0.965920 0.258842 0.000000
vn -0.965920 -0.258842 0.000000
vn -0.965920 -0.258842 0.000000
vn -0.965920 -0.258842 0.000000
vn -0.965920 -0.258842 0.000000
vn -0.707120 -0.707094 0.000000
vn -0.707120 -0.707094 0.000000
vn -0.707120 -0.707094 0.000000
vn -0.707120 -0.707094 0.000000
vn -0.258816 -0.965927 0.000000
vn -0.258816 -0.965927 0.000000
vn -0.258816 -0.965927 0.000000
vn -0.258816 -0.965927 0.000000
vn 0.258816 -0.965927 0.000000
vn 0.258816 -0.965927 0.000000
vn 0.258816 -0.965927 0.000000
vn 0.258816 -0.965927 0.000000
vn 0.707105 -0.707109 0.000000
vn 0.707105 -0.707109 0.000000
vn 0.707105 -0.707109 0.000000
vn 0.707105 -0.707109 0.000000
vn 0.965920 -0.258842 0.000000
vn 0.965920 -0.258842 0.000000
vn 0.965920 -0.258842 0.000000
vn 0.965920 -0.258842 0.000000
vn 0.965920 0.258842 0.000000
vn 0.965920 0.258842 0.000000
vn 0.965920 0.258842 0.000000
vn 0.965920 0.258842 0.000000
vn 0.000000 0.000000 1.000000
vn 0.000000 0.000000 1.000000
vn 0.000000 -0.000000 1.000000
vn 0.000000 0.000000 1.000000
vn 0.000000 0.000001 1.000000
vn 0.000000 0.000001 1.000000
vn 0.000000 0.000000 1.000000
vn 0.000000 -0.000002 1.000000
vn 0.000000 -0.000002 1.000000
vn 0.000000 0.000000 1.000000
vn 0.000000 -0.000001 1.000000
vn 0.000000 -0.000001 1.000000
vn 0.000000 0.000000 1.000000
s off
g Cubiculos2 pCylinder17 Camara Accesorios
usemtl lambert3SG
f 896/1282/1981 897/1283/1982 909/1284/1983 908/1285/1984
f 897/1283/1985 898/1286/1986 910/1287/1987 909/1284/1988
f 898/1286/1989 899/1288/1990 911/1289/1991 910/1287/1992
f 899/1288/1993 900/1290/1994 912/1291/1995 911/1289/1996
f 900/1290/1997 901/1292/1998 913/1293/1999 912/1291/2000
f 901/1292/2001 902/1294/2002 914/1295/2003 913/1293/2004
f 902/1294/2005 903/1296/2006 915/1297/2007 914/1295/2008
f 903/1296/2009 904/1298/2010 916/1299/2011 915/1297/2012
f 904/1319/2013 905/1300/2014 917/1301/2015 916/1320/2016
f 905/1300/2017 906/1302/2018 918/1303/2019 917/1301/2020
f 906/1302/2021 907/1304/2022 919/1305/2023 918/1303/2024
f 907/1304/2025 896/1282/2026 908/1285/2027 919/1305/2028
s 1
f 908/1308/2029 909/1318/2030 920/1306/2031
f 909/1318/2030 910/1317/2032 920/1306/2031
f 910/1317/2032 911/1316/2033 920/1306/2031
f 911/1316/2033 912/1315/2034 920/1306/2031
f 912/1315/2034 913/1314/2035 920/1306/2031
f 913/1314/2035 914/1313/2036 920/1306/2031
f 914/1313/2036 915/1312/2037 920/1306/2031
f 915/1312/2037 916/1311/2038 920/1306/2031
f 916/1321/2038 917/1310/2039 920/1306/2031
f 917/1310/2039 918/1309/2040 920/1306/2031
f 918/1309/2040 919/1307/2041 920/1306/2031
f 919/1307/2041 908/1308/2029 920/1306/2031
g default
v 13.338185 5.425920 -11.342278
v 13.326177 5.434645 -11.342278
v 13.311336 5.434645 -11.342278
v 13.299324 5.425920 -11.342278
v 13.294737 5.411801 -11.342278
v 13.299324 5.397683 -11.342278
v 13.311336 5.388958 -11.342278
v 13.326177 5.388958 -11.342278
v 13.338185 5.397683 -11.342278
v 13.342776 5.411801 -11.342278
v 13.338185 5.425920 -11.325460
v 13.326177 5.434645 -11.325460
v 13.311336 5.434645 -11.325460
v 13.299324 5.425920 -11.325460
v 13.294737 5.411801 -11.325460
v 13.299324 5.397683 -11.325460
v 13.311336 5.388958 -11.325460
v 13.326177 5.388958 -11.325460
v 13.338185 5.397683 -11.325460
v 13.342776 5.411801 -11.325460
v 13.318757 5.411801 -11.325460
vt 0.652136 0.001714
vt 0.650629 0.001714
vt 0.458936 0.011960
vt 0.460370 0.012426
vt 0.649121 0.001714
vt 0.458050 0.010740
vt 0.647613 0.001714
vt 0.458050 0.009233
vt 0.646106 0.001714
vt 0.458936 0.008013
vt 0.644598 0.001714
vt 0.460370 0.007547
vt 0.643090 0.001714
vt 0.461804 0.008013
vt 0.656659 0.001714
vt 0.462690 0.009233
vt 0.655152 0.001714
vt 0.462690 0.010740
vt 0.653644 0.001714
vt 0.461804 0.011960
vt 0.460370 0.009987
vt 0.653644 0.000006
vt 0.652136 0.000006
vt 0.655152 0.000006
vt 0.656659 0.000006
vt 0.658166 0.000006
vt 0.644598 0.000005
vt 0.646106 0.000005
vt 0.647613 0.000006
vt 0.649121 0.000006
vt 0.650629 0.000006
vt 0.658166 0.001714
vt 0.643090 0.000005
vn 0.587855 0.808967 0.000000
vn 0.587855 0.808967 0.000000
vn 0.587855 0.808967 0.000000
vn 0.587855 0.808967 0.000000
vn 0.000000 1.000000 0.000000
vn 0.000000 1.000000 0.000000
vn 0.000000 1.000000 0.000000
vn 0.000000 1.000000 0.000000
vn -0.587720 0.809064 0.000000
vn -0.587720 0.809064 0.000000
vn -0.587720 0.809064 0.000000
vn -0.587720 0.809064 0.000000
vn -0.951061 0.309005 0.000000
vn -0.951061 0.309005 0.000000
vn -0.951061 0.309005 0.000000
vn -0.951061 0.309005 0.000000
vn -0.951061 -0.309005 0.000000
vn -0.951061 -0.309005 0.000000
vn -0.951061 -0.309005 0.000000
vn -0.951061 -0.309005 0.000000
vn -0.587720 -0.809064 0.000000
vn -0.587720 -0.809064 0.000000
vn -0.587720 -0.809064 0.000000
vn -0.587720 -0.809064 0.000000
vn 0.000000 -1.000000 0.000000
vn 0.000000 -1.000000 0.000000
vn 0.000000 -1.000000 0.000000
vn 0.000000 -1.000000 0.000000
vn 0.587855 -0.808967 0.000000
vn 0.587855 -0.808967 0.000000
vn 0.587855 -0.808967 0.000000
vn 0.587855 -0.808967 0.000000
vn 0.950976 -0.309265 0.000000
vn 0.950976 -0.309265 0.000000
vn 0.950976 -0.309265 0.000000
vn 0.950976 -0.309265 0.000000
vn 0.950976 0.309265 0.000000
vn 0.950976 0.309265 0.000000
vn 0.950976 0.309265 0.000000
vn 0.950976 0.309265 0.000000
vn 0.000000 0.000000 1.000000
vn 0.000000 0.000000 1.000000
vn 0.000000 -0.000001 1.000000
vn 0.000000 0.000007 1.000000
vn 0.000000 0.000007 1.000000
vn 0.000000 0.000000 1.000000
vn 0.000000 -0.000014 1.000000
vn 0.000000 -0.000014 1.000000
vn 0.000000 0.000000 1.000000
vn 0.000000 0.000000 1.000000
vn 0.000000 0.000000 1.000000
s off
g Cubiculos2 Camara Accesorios pCylinder18
usemtl lambert3SG
f 921/1322/2042 922/1323/2043 932/1352/2044 931/1344/2045
f 922/1323/2046 923/1326/2047 933/1351/2048 932/1352/2049
f 923/1326/2050 924/1328/2051 934/1350/2052 933/1351/2053
f 924/1328/2054 925/1330/2055 935/1349/2056 934/1350/2057
f 925/1330/2058 926/1332/2059 936/1348/2060 935/1349/2061
f 926/1332/2062 927/1334/2063 937/1354/2064 936/1348/2065
f 927/1353/2066 928/1336/2067 938/1346/2068 937/1347/2069
f 928/1336/2070 929/1338/2071 939/1345/2072 938/1346/2073
f 929/1338/2074 930/1340/2075 940/1343/2076 939/1345/2077
f 930/1340/2078 921/1322/2079 931/1344/2080 940/1343/2081
s 1
f 931/1325/2082 932/1324/2083 941/1342/2084
f 932/1324/2083 933/1327/2085 941/1342/2084
f 933/1327/2085 934/1329/2086 941/1342/2084
f 934/1329/2086 935/1331/2087 941/1342/2084
f 935/1331/2087 936/1333/2088 941/1342/2084
f 936/1333/2088 937/1335/2089 941/1342/2084
f 937/1335/2089 938/1337/2090 941/1342/2084
f 938/1337/2090 939/1339/2091 941/1342/2084
f 939/1339/2091 940/1341/2092 941/1342/2084
f 940/1341/2092 931/1325/2082 941/1342/2084
g default
v 13.230994 5.531002 -11.345323
v 13.137111 5.612359 -11.345323
v 13.014140 5.630039 -11.345323
v 12.901132 5.578430 -11.345323
v 12.833964 5.473918 -11.345323
v 12.833964 5.349684 -11.345323
v 12.901132 5.245173 -11.345323
v 13.014140 5.193564 -11.345323
v 13.137111 5.211244 -11.345323
v 13.230994 5.292600 -11.345323
v 13.265997 5.411801 -11.345323
v 13.206143 5.515033 -11.281896
v 13.124837 5.585489 -11.281896
v 13.018341 5.600800 -11.281896
v 12.920475 5.556106 -11.281896
v 12.862305 5.465596 -11.281896
v 12.862305 5.358006 -11.281896
v 12.920475 5.267496 -11.281896
v 13.018341 5.222802 -11.281896
v 13.124837 5.238114 -11.281896
v 13.206143 5.308570 -11.281896
v 13.236456 5.411801 -11.281896
v 13.138255 5.471402 -11.235464
v 13.091313 5.512080 -11.235464
v 13.029826 5.520920 -11.235464
v 12.973324 5.495116 -11.235464
v 12.939740 5.442860 -11.235464
v 12.939740 5.380743 -11.235464
v 12.973324 5.328487 -11.235464
v 13.029826 5.302683 -11.235464
v 13.091313 5.311523 -11.235464
v 13.138255 5.352201 -11.235464
v 13.155759 5.411801 -11.235464
v 13.045516 5.411801 -11.218469
vt 0.599698 0.019669
vt 0.589669 0.019669
vt 0.589669 0.013497
vt 0.599698 0.013497
vt 0.579628 0.019669
vt 0.579628 0.013497
vt 0.569598 0.019669
vt 0.569598 0.013497
vt 0.559620 0.019669
vt 0.559620 0.013497
vt 0.549795 0.019669
vt 0.549795 0.013497
vt 0.540250 0.019669
vt 0.540250 0.013497
vt 0.530853 0.019669
vt 0.638488 0.013497
vt 0.629057 0.019669
vt 0.629057 0.013497
vt 0.619500 0.019669
vt 0.619500 0.013497
vt 0.609673 0.019669
vt 0.609673 0.013497
vt 0.336316 0.023661
vt 0.341657 0.027094
vt 0.333679 0.017886
vt 0.334583 0.011601
vt 0.338740 0.006803
vt 0.344832 0.005015
vt 0.350924 0.006804
vt 0.355082 0.011602
vt 0.355985 0.017887
vt 0.353348 0.023662
vt 0.348007 0.027094
vt 0.344832 0.016283
vt 0.609673 0.003104
vt 0.599698 0.003104
vt 0.619500 0.003104
vt 0.629057 0.003104
vt 0.638488 0.003104
vt 0.540250 0.003104
vt 0.549795 0.003104
vt 0.559620 0.003104
vt 0.569598 0.003104
vt 0.579628 0.003104
vt 0.589669 0.003104
vt 0.530853 0.003104
vt 0.530853 0.013497
vt 0.638488 0.019669
vn 0.597900 0.689973 0.407986
vn 0.597900 0.689973 0.407987
vn 0.597900 0.689973 0.407987
vn 0.597900 0.689973 0.407987
vn 0.129934 0.903697 0.407981
vn 0.129934 0.903697 0.407981
vn 0.129934 0.903697 0.407981
vn 0.129934 0.903697 0.407981
vn -0.379273 0.830493 0.407963
vn -0.379273 0.830493 0.407963
vn -0.379273 0.830493 0.407963
vn -0.379273 0.830493 0.407963
vn -0.768059 0.493616 0.407956
vn -0.768059 0.493616 0.407956
vn -0.768059 0.493616 0.407956
vn -0.768059 0.493616 0.407956
vn -0.913001 0.000000 0.407958
vn -0.913001 0.000000 0.407958
vn -0.913001 0.000000 0.407958
vn -0.913001 0.000000 0.407958
vn -0.768057 -0.493616 0.407961
vn -0.768057 -0.493616 0.407961
vn -0.768057 -0.493616 0.407961
vn -0.768057 -0.493616 0.407961
vn -0.379270 -0.830494 0.407964
vn -0.379270 -0.830494 0.407964
vn -0.379270 -0.830494 0.407964
vn -0.379270 -0.830494 0.407964
vn 0.129929 -0.903699 0.407979
vn 0.129929 -0.903699 0.407979
vn 0.129929 -0.903699 0.407979
vn 0.129929 -0.903699 0.407979
vn 0.597902 -0.689974 0.407982
vn 0.597902 -0.689974 0.407982
vn 0.597902 -0.689974 0.407982
vn 0.597902 -0.689974 0.407982
vn 0.876000 -0.257231 0.407989
vn 0.876001 -0.257231 0.407989
vn 0.876001 -0.257231 0.407989
vn 0.876001 -0.257231 0.407989
vn 0.875999 0.257232 0.407991
vn 0.875999 0.257232 0.407991
vn 0.875999 0.257232 0.407991
vn 0.875999 0.257232 0.407991
vn 0.336789 0.388652 0.857626
vn 0.336789 0.388652 0.857626
vn 0.336789 0.388652 0.857626
vn 0.336789 0.388652 0.857626
vn 0.073187 0.509040 0.857626
vn 0.073187 0.509040 0.857626
vn 0.073187 0.509040 0.857626
vn 0.073187 0.509040 0.857626
vn -0.213636 0.467789 0.857632
vn -0.213636 0.467789 0.857632
vn -0.213636 0.467789 0.857632
vn -0.213636 0.467789 0.857632
vn -0.432622 0.278040 0.857632
vn -0.432622 0.278040 0.857632
vn -0.432622 0.278040 0.857632
vn -0.432622 0.278040 0.857632
vn -0.514257 0.000000 0.857636
vn -0.514257 0.000000 0.857636
vn -0.514257 0.000000 0.857636
vn -0.514257 0.000000 0.857636
vn -0.432621 -0.278036 0.857633
vn -0.432621 -0.278036 0.857633
vn -0.432621 -0.278036 0.857633
vn -0.432621 -0.278036 0.857633
vn -0.213637 -0.467794 0.857629
vn -0.213637 -0.467794 0.857629
vn -0.213637 -0.467794 0.857629
vn -0.213637 -0.467794 0.857629
vn 0.073186 -0.509036 0.857628
vn 0.073186 -0.509036 0.857628
vn 0.073186 -0.509036 0.857628
vn 0.073186 -0.509036 0.857628
vn 0.336789 -0.388652 0.857626
vn 0.336789 -0.388652 0.857626
vn 0.336789 -0.388652 0.857627
vn 0.336789 -0.388652 0.857627
vn 0.493447 -0.144904 0.857621
vn 0.493447 -0.144904 0.857621
vn 0.493447 -0.144904 0.857621
vn 0.493447 -0.144904 0.857621
vn 0.493446 0.144904 0.857621
vn 0.493446 0.144904 0.857621
vn 0.493446 0.144904 0.857621
vn 0.493446 0.144904 0.857621
vn 0.103890 0.119889 0.987337
vn 0.103890 0.119889 0.987337
vn 0.103890 0.119889 0.987337
vn 0.022579 0.157026 0.987336
vn 0.022579 0.157026 0.987336
vn 0.022579 0.157026 0.987336
vn -0.065904 0.144303 0.987337
vn -0.065904 0.144303 0.987337
vn -0.065904 0.144303 0.987337
vn -0.133457 0.085770 0.987336
vn -0.133457 0.085770 0.987336
vn -0.133457 0.085769 0.987336
vn -0.158639 0.000000 0.987337
vn -0.158639 0.000000 0.987337
vn -0.158639 0.000000 0.987337
vn -0.133458 -0.085765 0.987337
vn -0.133458 -0.085765 0.987337
vn -0.133458 -0.085765 0.987337
vn -0.065904 -0.144304 0.987336
vn -0.065904 -0.144304 0.987336
vn -0.065904 -0.144304 0.987336
vn 0.022577 -0.157027 0.987336
vn 0.022577 -0.157027 0.987336
vn 0.022577 -0.157027 0.987336
vn 0.103889 -0.119891 0.987337
vn 0.103889 -0.119891 0.987337
vn 0.103889 -0.119891 0.987337
vn 0.152213 -0.044697 0.987336
vn 0.152213 -0.044697 0.987336
vn 0.152213 -0.044697 0.987336
vn 0.152213 0.044692 0.987337
vn 0.152213 0.044692 0.987337
vn 0.152213 0.044692 0.987337
s off
g Cubiculos2 Camara Accesorios pSphere3
usemtl lambert3SG
f 942/1355/2093 943/1356/2094 954/1357/2095 953/1358/2096
f 943/1356/2097 944/1359/2098 955/1360/2099 954/1357/2100
f 944/1359/2101 945/1361/2102 956/1362/2103 955/1360/2104
f 945/1361/2105 946/1363/2106 957/1364/2107 956/1362/2108
f 946/1363/2109 947/1365/2110 958/1366/2111 957/1364/2112
f 947/1365/2113 948/1367/2114 959/1368/2115 958/1366/2116
f 948/1367/2117 949/1369/2118 960/1401/2119 959/1368/2120
f 949/1402/2121 950/1371/2122 961/1372/2123 960/1370/2124
f 950/1371/2125 951/1373/2126 962/1374/2127 961/1372/2128
f 951/1373/2129 952/1375/2130 963/1376/2131 962/1374/2132
f 952/1375/2133 942/1355/2134 953/1358/2135 963/1376/2136
f 953/1358/2137 954/1357/2138 965/1399/2139 964/1390/2140
f 954/1357/2141 955/1360/2142 966/1398/2143 965/1399/2144
f 955/1360/2145 956/1362/2146 967/1397/2147 966/1398/2148
f 956/1362/2149 957/1364/2150 968/1396/2151 967/1397/2152
f 957/1364/2153 958/1366/2154 969/1395/2155 968/1396/2156
f 958/1366/2157 959/1368/2158 970/1394/2159 969/1395/2160
f 959/1368/2161 960/1401/2162 971/1400/2163 970/1394/2164
f 960/1370/2165 961/1372/2166 972/1392/2167 971/1393/2168
f 961/1372/2169 962/1374/2170 973/1391/2171 972/1392/2172
f 962/1374/2173 963/1376/2174 974/1389/2175 973/1391/2176
f 963/1376/2177 953/1358/2178 964/1390/2179 974/1389/2180
f 964/1378/2181 965/1377/2182 975/1388/2183
f 965/1377/2184 966/1379/2185 975/1388/2186
f 966/1379/2187 967/1380/2188 975/1388/2189
f 967/1380/2190 968/1381/2191 975/1388/2192
f 968/1381/2193 969/1382/2194 975/1388/2195
f 969/1382/2196 970/1383/2197 975/1388/2198
f 970/1383/2199 971/1384/2200 975/1388/2201
f 971/1384/2202 972/1385/2203 975/1388/2204
f 972/1385/2205 973/1386/2206 975/1388/2207
f 973/1386/2208 974/1387/2209 975/1388/2210
f 974/1387/2211 964/1378/2212 975/1388/2213
g default
v 13.303859 5.489242 -11.342964
v 13.298119 5.493416 -11.342964
v 13.291016 5.493416 -11.342964
v 13.285271 5.489242 -11.342964
v 13.283081 5.482490 -11.342964
v 13.285271 5.475737 -11.342964
v 13.291016 5.471564 -11.342964
v 13.298119 5.471564 -11.342964
v 13.303859 5.475737 -11.342964
v 13.306054 5.482490 -11.342964
v 13.303859 5.489242 -11.334921
v 13.298119 5.493416 -11.334921
v 13.291016 5.493416 -11.334921
v 13.285271 5.489242 -11.334921
v 13.283081 5.482490 -11.334921
v 13.285271 5.475737 -11.334921
v 13.291016 5.471564 -11.334921
v 13.298119 5.471564 -11.334921
v 13.303859 5.475737 -11.334921
v 13.306054 5.482490 -11.334921
v 13.294565 5.482490 -11.334921
vt 0.652136 0.001713
vt 0.650629 0.001714
vt 0.458937 0.011961
vt 0.460371 0.012426
vt 0.649120 0.001714
vt 0.458050 0.010741
vt 0.647613 0.001714
vt 0.458050 0.009233
vt 0.646105 0.001714
vt 0.458936 0.008014
vt 0.644598 0.001714
vt 0.460369 0.007547
vt 0.643090 0.001714
vt 0.461803 0.008013
vt 0.656658 0.001713
vt 0.462690 0.009233
vt 0.655151 0.001713
vt 0.462690 0.010740
vt 0.653643 0.001713
vt 0.461805 0.011960
vt 0.460370 0.009987
vt 0.653643 0.000005
vt 0.652136 0.000006
vt 0.655151 0.000005
vt 0.656658 0.000005
vt 0.658166 0.000005
vt 0.644598 0.000006
vt 0.646105 0.000006
vt 0.647613 0.000006
vt 0.649120 0.000006
vt 0.650629 0.000006
vt 0.658167 0.001713
vt 0.643090 0.000006
vn 0.588086 0.808798 0.000000
vn 0.588086 0.808798 0.000000
vn 0.588086 0.808798 0.000000
vn 0.588086 0.808798 0.000000
vn 0.000000 1.000000 0.000000
vn 0.000000 1.000000 0.000000
vn 0.000000 1.000000 0.000000
vn 0.000000 1.000000 0.000000
vn -0.587792 0.809012 0.000000
vn -0.587792 0.809012 0.000000
vn -0.587792 0.809012 0.000000
vn -0.587792 0.809012 0.000000
vn -0.951192 0.308601 0.000000
vn -0.951192 0.308601 0.000000
vn -0.951192 0.308601 0.000000
vn -0.951192 0.308601 0.000000
vn -0.951198 -0.308583 0.000000
vn -0.951198 -0.308583 0.000000
vn -0.951198 -0.308583 0.000000
vn -0.951198 -0.308583 0.000000
vn -0.587765 -0.809032 0.000000
vn -0.587765 -0.809032 0.000000
vn -0.587765 -0.809032 0.000000
vn -0.587765 -0.809032 0.000000
vn 0.000000 -1.000000 0.000000
vn 0.000000 -1.000000 0.000000
vn 0.000000 -1.000000 0.000000
vn 0.000000 -1.000000 0.000000
vn 0.588059 -0.808818 0.000000
vn 0.588059 -0.808818 0.000000
vn 0.588059 -0.808818 0.000000
vn 0.588059 -0.808818 0.000000
vn 0.951019 -0.309132 0.000000
vn 0.951019 -0.309132 0.000000
vn 0.951019 -0.309132 0.000000
vn 0.951019 -0.309132 0.000000
vn 0.951013 0.309150 0.000000
vn 0.951013 0.309150 0.000000
vn 0.951013 0.309150 0.000000
vn 0.951013 0.309150 0.000000
vn 0.000000 0.000030 1.000000
vn 0.000000 0.000045 1.000000
vn 0.000000 -0.000000 1.000000
vn 0.000000 0.000030 1.000000
vn 0.000000 0.000015 1.000000
vn 0.000000 0.000000 1.000000
vn 0.000000 -0.000030 1.000000
vn 0.000000 -0.000045 1.000000
vn 0.000000 -0.000030 1.000000
vn 0.000000 -0.000015 1.000000
vn 0.000000 0.000000 1.000000
s off
g Cubiculos2 Camara Accesorios pCylinder19
usemtl lambert3SG
f 976/1403/2214 977/1404/2215 987/1433/2216 986/1425/2217
f 977/1404/2218 978/1407/2219 988/1432/2220 987/1433/2221
f 978/1407/2222 979/1409/2223 989/1431/2224 988/1432/2225
f 979/1409/2226 980/1411/2227 990/1430/2228 989/1431/2229
f 980/1411/2230 981/1413/2231 991/1429/2232 990/1430/2233
f 981/1413/2234 982/1415/2235 992/1435/2236 991/1429/2237
f 982/1434/2238 983/1417/2239 993/1427/2240 992/1428/2241
f 983/1417/2242 984/1419/2243 994/1426/2244 993/1427/2245
f 984/1419/2246 985/1421/2247 995/1424/2248 994/1426/2249
f 985/1421/2250 976/1403/2251 986/1425/2252 995/1424/2253
s 1
f 986/1406/2254 987/1405/2255 996/1423/2256
f 987/1405/2255 988/1408/2257 996/1423/2256
f 988/1408/2257 989/1410/2258 996/1423/2256
f 989/1410/2258 990/1412/2259 996/1423/2256
f 990/1412/2259 991/1414/2260 996/1423/2256
f 991/1414/2260 992/1416/2261 996/1423/2256
f 992/1416/2261 993/1418/2262 996/1423/2256
f 993/1418/2262 994/1420/2263 996/1423/2256
f 994/1420/2263 995/1422/2264 996/1423/2256
f 995/1422/2264 986/1406/2254 996/1423/2256
g default
v -12.292664 4.580145 4.700192
v -12.310625 6.265716 3.354346
v -12.192505 4.580579 4.699399
v -12.210466 6.266150 3.353552
v -12.190697 4.582190 4.928517
v -12.187579 6.284982 6.252761
v -12.290856 4.581757 4.929311
v -12.287738 6.284549 6.253554
v -12.309077 5.898097 3.348777
v -12.208918 5.898530 3.347983
v -12.185907 5.917466 6.263016
v -12.286065 5.917032 6.263809
v -12.294223 4.680807 4.558345
v -12.194064 4.681241 4.557552
v -12.190027 4.684839 5.069130
v -12.290186 4.684405 5.069923
v -12.310616 6.151670 3.293102
v -12.210457 6.152103 3.292309
v -12.186592 6.171740 6.315408
v -12.286751 6.171306 6.316201
v -12.310166 6.296447 3.429038
v -12.210188 6.296731 3.405260
v -12.288463 6.314304 6.178245
v -12.188123 6.314888 6.200437
v -12.309803 5.976108 3.299678
v -12.209644 5.976542 3.298884
v -12.185866 5.996108 6.311102
v -12.286025 5.995674 6.311896
vt 0.665150 0.144633
vt 0.672721 0.144695
vt 0.332033 0.054676
vt 0.327612 0.060823
vt 0.655140 0.148911
vt 0.332048 0.076945
vt 0.647598 0.144489
vt 0.655176 0.144551
vt 0.764713 0.145449
vt 0.768229 0.145456
vt 0.402670 0.004961
vt 0.401353 0.002701
vt 0.747419 0.145307
vt 0.751431 0.145340
vt 0.388762 0.000242
vt 0.385353 0.002358
vt 0.572904 0.143876
vt 0.572868 0.148236
vt 0.568856 0.148203
vt 0.568892 0.143843
vt 0.759078 0.145403
vt 0.396406 0.000004
vt 0.561244 0.143781
vt 0.561209 0.148140
vt 0.401373 0.128907
vt 0.555611 0.143734
vt 0.887892 0.143703
vt 0.402689 0.126637
vt 0.388783 0.131367
vt 0.647562 0.148849
vt 0.385373 0.129252
vt 0.751395 0.149700
vt 0.672685 0.149055
vt 0.747383 0.149667
vt 0.759043 0.149763
vt 0.552952 0.148073
vt 0.767292 0.149830
vt 0.764677 0.149809
vt 0.396427 0.131603
vt 0.555575 0.148094
vt 0.552087 0.143684
vt 0.888956 0.148048
vt 0.665114 0.148992
vt 0.327619 0.070796
vn -0.001053 -0.815522 -0.578725
vn -0.002432 -0.715927 -0.698170
vn -0.002432 -0.715927 -0.698171
vn -0.001053 -0.815522 -0.578725
vn 0.999959 0.004326 -0.007922
vn 0.999959 0.004330 -0.007922
vn 0.999959 0.004330 -0.007922
vn 0.999959 0.004326 -0.007922
vn 0.008163 -0.807675 0.589572
vn 0.008659 -0.706888 0.707272
vn 0.008659 -0.706888 0.707272
vn 0.008163 -0.807675 0.589571
vn -0.056690 0.898421 -0.435461
vn -0.005379 0.999879 -0.014582
vn -0.006087 0.999774 -0.020344
vn -0.056690 0.898421 -0.435461
vn 0.004384 -0.999966 0.006997
vn 0.004384 -0.999966 0.006997
vn 0.004384 -0.999966 0.006997
vn 0.004384 -0.999966 0.006997
vn -0.002665 -0.696907 -0.717157
vn -0.006814 -0.214487 -0.976703
vn -0.006814 -0.214486 -0.976703
vn -0.002665 -0.696907 -0.717157
vn 0.999959 0.004328 -0.007922
vn 0.999959 0.004328 -0.007922
vn 0.999959 0.004329 -0.007922
vn 0.999576 -0.003268 0.028943
vn 0.008724 -0.687649 0.725991
vn 0.008724 -0.687649 0.725991
vn 0.008624 -0.201775 0.979394
vn -0.008590 0.185460 -0.982614
vn -0.009028 0.473080 -0.880973
vn -0.009028 0.473081 -0.880973
vn -0.008590 0.185458 -0.982615
vn 0.999959 0.004329 -0.007922
vn 0.999960 0.004226 -0.007932
vn 0.999959 0.004325 -0.007922
vn 0.006900 0.198000 0.980178
vn 0.999473 0.012014 0.030141
vn 0.004829 0.484103 0.874998
vn 0.004829 0.484103 0.874998
vn -0.005251 0.999985 0.001675
vn -0.005867 0.999955 0.007450
vn 0.999959 0.004326 -0.007922
vn -0.049772 0.904601 0.423343
vn -0.049772 0.904601 0.423343
vn 0.999959 0.004298 -0.007920
s 1
g Cubiculos2 Accesorios pCube64 Placa_pared Placas_pared
usemtl lambert3SG
f 997/1436/2265 1009/1437/2266 1010/1468/2267 999/1478/2268
s 2
f 999/1439/2269 1010/1438/2270 1011/1441/2271 1001/1479/2272
f 1001/1440/2273 1011/1465/2274 1012/1442/2275 1003/1443/2276
s 4
f 998/1444/2277 1017/1445/2278 1018/1472/2279 1000/1473/2280
s off
f 1003/1443/2281 997/1436/2282 999/1478/2283 1001/1440/2284
s 1
f 1005/1448/2285 1021/1449/2286 1022/1467/2287 1006/1469/2288
s 2
f 1007/1466/2289 1006/1451/2290 1022/1450/2291 1023/1464/2292
f 1008/1452/2293 1007/1453/2294 1023/1454/2292 1024/1455/2295
s 1
f 1009/1437/2266 1005/1448/2285 1006/1469/2288 1010/1468/2267
s 2
f 1010/1438/2270 1006/1451/2290 1007/1466/2289 1011/1441/2271
f 1012/1442/2275 1011/1465/2274 1007/1453/2294 1008/1452/2293
s 1
f 1013/1456/2296 998/1444/2297 1000/1473/2298 1014/1470/2299
s 2
f 1014/1457/2300 1000/1447/2301 1018/1446/2302
f 1016/1458/2303 1015/1459/2304 1002/1475/2305 1004/1461/2306
s 4
f 1017/1445/2278 1019/1462/2307 1020/1477/2308 1018/1472/2279
s 2
f 1015/1474/2304 1014/1457/2300 1018/1446/2302 1020/1463/2309
s 4
f 1019/1476/2307 1004/1461/2310 1002/1475/2311 1020/1471/2308
s 2
f 1015/1474/2304 1020/1463/2309 1002/1460/2312
s 1
f 1021/1449/2286 1013/1456/2296 1014/1470/2299 1022/1467/2287
s 2
f 1023/1464/2292 1022/1450/2291 1014/1457/2300 1015/1474/2304
f 1024/1455/2295 1023/1454/2292 1015/1459/2304 1016/1458/2303
g default
v -12.388346 4.679965 4.705988
v -12.404982 6.230155 3.453335
v -12.294961 4.680369 4.705248
v -12.311597 6.230559 3.452595
v -12.293242 4.681893 4.923018
v -12.290259 6.248117 6.155734
v -12.386628 4.681488 4.923758
v -12.383645 6.247713 6.156474
v -12.403633 5.908797 3.448034
v -12.310247 5.909201 3.447294
v -12.288792 5.926855 6.165187
v -12.382178 5.926451 6.165926
v -12.389820 4.773806 4.571184
v -12.296435 4.774210 4.570444
v -12.292598 4.777613 5.056674
v -12.385983 4.777208 5.057414
v -12.405068 6.145221 3.396124
v -12.311682 6.145624 3.395385
v -12.289432 6.163933 6.214036
v -12.382818 6.163529 6.214776
v -12.294492 4.680784 4.764637
v -12.387877 4.680381 4.765377
v -12.293683 4.681501 4.867009
v -12.387069 4.681096 4.867750
v -12.404311 5.981532 3.402254
v -12.310925 5.981936 3.401514
v -12.288754 6.000179 6.210022
v -12.382141 5.999774 6.210762
vt 0.970714 0.149960
vt 0.970713 0.142810
vt 0.974778 0.142809
vt 0.974779 0.149959
vt 0.974780 0.159439
vt 0.974781 0.166595
vt 0.970716 0.166596
vt 0.970715 0.159440
vt 0.970702 0.057973
vt 0.510660 0.117676
vt 0.970714 0.152545
vt 0.974779 0.152544
vt 0.970704 0.073302
vt 0.970704 0.069561
vt 0.974769 0.069560
vt 0.974769 0.073301
vt 0.970725 0.236100
vt 0.974790 0.236099
vt 0.974791 0.239840
vt 0.970725 0.239841
vt 0.970703 0.062430
vt 0.974768 0.062430
vt 0.970726 0.246971
vt 0.974791 0.246970
vt 0.974792 0.251428
vt 0.506585 0.000006
vt 0.970715 0.157001
vt 0.974780 0.157001
vt 0.506595 0.117677
vt 0.974767 0.057972
vt 0.510650 0.000005
vt 0.970727 0.251429
vn -0.000972 -0.820727 -0.571319
vn -0.002436 -0.715348 -0.698764
vn -0.002436 -0.715348 -0.698764
vn -0.000972 -0.820727 -0.571319
vn 0.008133 -0.813000 0.582207
vn 0.008665 -0.706297 0.707863
vn 0.008665 -0.706297 0.707863
vn 0.008133 -0.813000 0.582207
vn -0.004379 0.999970 -0.006461
vn -0.004379 0.999970 -0.006461
vn -0.004379 0.999970 -0.006461
vn -0.004379 0.999970 -0.006461
vn 0.004382 -0.999966 0.006961
vn 0.004381 -0.999966 0.006963
vn 0.004381 -0.999966 0.006963
vn 0.004382 -0.999966 0.006961
vn -0.002679 -0.695482 -0.718539
vn -0.006805 -0.214486 -0.976703
vn -0.006805 -0.214486 -0.976703
vn -0.002679 -0.695482 -0.718539
vn 0.008732 -0.686199 0.727361
vn 0.008732 -0.686199 0.727361
vn 0.008636 -0.201780 0.979393
vn 0.008636 -0.201779 0.979393
vn -0.008628 0.201223 -0.979507
vn -0.008987 0.558654 -0.829352
vn -0.008987 0.558654 -0.829352
vn -0.008628 0.201221 -0.979508
vn 0.006820 0.213928 0.976826
vn 0.006820 0.213925 0.976826
vn 0.004060 0.569372 0.822070
vn 0.004060 0.569372 0.822070
vn 0.004384 -0.999966 0.006957
vn 0.004384 -0.999966 0.006957
vn 0.004386 -0.999966 0.006953
vn 0.004386 -0.999966 0.006953
s 1
g Cubiculos2 Accesorios Placa_pared Placas_pared pCube65
usemtl lambert3SG
f 1025/1480/2313 1037/1481/2314 1038/1482/2315 1027/1483/2316
s 2
f 1029/1484/2317 1039/1485/2318 1040/1486/2319 1031/1487/2320
s off
f 1030/1510/2321 1028/1489/2322 1026/1508/2323 1032/1505/2324
s 3
f 1046/1490/2325 1025/1480/2326 1027/1483/2327 1045/1491/2328
s 1
f 1033/1492/2329 1049/1493/2330 1050/1494/2331 1034/1495/2332
s 2
f 1036/1496/2333 1035/1497/2334 1051/1498/2335 1052/1499/2336
s 1
f 1037/1481/2314 1033/1492/2329 1034/1495/2332 1038/1482/2315
s 2
f 1040/1486/2319 1039/1485/2318 1035/1497/2334 1036/1496/2333
s 1
f 1041/1500/2337 1026/1488/2338 1028/1509/2339 1042/1501/2340
s 2
f 1044/1502/2341 1043/1503/2342 1030/1504/2343 1032/1511/2344
s 3
f 1048/1506/2345 1046/1490/2325 1045/1491/2328 1047/1507/2346
f 1031/1487/2347 1048/1506/2345 1047/1507/2346 1029/1484/2348
s 1
f 1049/1493/2330 1041/1500/2337 1042/1501/2340 1050/1494/2331
s 2
f 1052/1499/2336 1051/1498/2335 1043/1503/2342 1044/1502/2341
g default
v -12.306041 4.302011 5.028657
v -12.319788 5.355403 6.361928
v -12.204135 4.302843 5.029051
v -12.217882 5.356235 6.362322
v -12.202664 4.122345 5.029393
v -12.199259 3.072281 6.365436
v -12.304570 4.121514 5.029000
v -12.301165 3.071448 6.365042
v -12.318717 5.361277 6.072355
v -12.216811 5.362108 6.072749
v -12.198086 3.065686 6.075878
v -12.299992 3.064855 6.075484
v -12.307259 4.413346 5.108529
v -12.205352 4.414178 5.108923
v -12.202067 4.011162 5.109688
v -12.303973 4.010330 5.109294
v -12.319839 5.404109 6.272334
v -12.217934 5.404941 6.272728
v -12.198514 3.023387 6.275974
v -12.300420 3.022555 6.275581
v -12.319399 5.296439 6.385835
v -12.217641 5.315378 6.386204
v -12.301740 3.130654 6.388787
v -12.199685 3.113378 6.389206
v -12.319268 5.399640 6.134007
v -12.217362 5.400471 6.134401
v -12.198013 3.027488 6.137636
v -12.299920 3.026656 6.137242
vt 0.992513 0.176319
vt 0.992551 0.170354
vt 0.332035 0.054652
vt 0.327611 0.060798
vt 0.996899 0.184204
vt 0.332042 0.076922
vt 0.992426 0.190146
vt 0.992463 0.184176
vt 0.993010 0.097885
vt 0.993014 0.095115
vt 0.402690 0.004963
vt 0.401374 0.002703
vt 0.992923 0.111509
vt 0.992943 0.108348
vt 0.388784 0.000239
vt 0.385374 0.002354
vt 0.992053 0.248988
vt 0.996489 0.249016
vt 0.996469 0.252177
vt 0.992033 0.252149
vt 0.992981 0.102324
vt 0.396427 0.000004
vt 0.991995 0.258173
vt 0.996431 0.258202
vt 0.401348 0.128909
vt 0.991967 0.262611
vt 0.991942 0.000844
vt 0.402665 0.126640
vt 0.996390 0.264706
vt 0.997458 0.095853
vt 0.991936 0.265388
vt 0.996369 0.000005
vt 0.388757 0.131364
vt 0.996861 0.190174
vt 0.385348 0.129248
vt 0.396401 0.131603
vt 0.996403 0.262640
vt 0.997445 0.097913
vt 0.997379 0.108376
vt 0.997417 0.102352
vt 0.996987 0.170382
vt 0.997359 0.111537
vt 0.996949 0.176347
vt 0.327615 0.070772
vn -0.001616 0.582900 -0.812542
vn -0.002974 0.701835 -0.712333
vn -0.002974 0.701835 -0.712333
vn -0.001616 0.582900 -0.812542
vn 0.999959 0.008155 0.003864
vn 0.999959 0.008158 0.003864
vn 0.999959 0.008158 0.003864
vn 0.999959 0.008155 0.003864
vn 0.007909 -0.585414 -0.810696
vn 0.008487 -0.703633 -0.710513
vn 0.008487 -0.703633 -0.710513
vn 0.007909 -0.585414 -0.810696
vn -0.045226 0.431131 0.901155
vn -0.004711 0.009959 0.999939
vn -0.005144 0.014422 0.999883
vn -0.045226 0.431131 0.901155
vn 0.003879 -0.001866 -0.999991
vn 0.003879 -0.001866 -0.999991
vn 0.003879 -0.001866 -0.999991
vn 0.003879 -0.001866 -0.999991
vn -0.003202 0.720723 -0.693215
vn -0.007168 0.977789 -0.209469
vn -0.007168 0.977789 -0.209470
vn -0.003202 0.720723 -0.693215
vn 0.999959 0.008158 0.003863
vn 0.999959 0.008158 0.003863
vn 0.999959 0.008159 0.003865
vn 0.999959 0.008159 0.003865
vn 0.008566 -0.722451 -0.691369
vn 0.008566 -0.722451 -0.691369
vn 0.008781 -0.978344 -0.206800
vn 0.008781 -0.978344 -0.206801
vn -0.008746 0.981648 0.190500
vn -0.009014 0.878534 0.477595
vn -0.009014 0.878534 0.477595
vn -0.008746 0.981648 0.190500
vn 0.999959 0.008159 0.003865
vn 0.999959 0.008204 0.003867
vn 0.999959 0.008158 0.003862
vn 0.007261 -0.981178 0.192968
vn 0.007261 -0.981179 0.192966
vn 0.005310 -0.877469 0.479605
vn 0.005310 -0.877469 0.479605
vn -0.004570 -0.007307 0.999963
vn -0.004930 -0.011778 0.999919
vn 0.999959 0.008159 0.003865
vn 0.999959 0.008158 0.003862
vn -0.038110 -0.428106 0.902925
vn -0.038110 -0.428106 0.902925
vn 0.999959 0.008230 0.003889
s 1
g Cubiculos2 Accesorios Placas_pared pCube64 Placa_pared1
usemtl lambert3SG
f 1053/1512/2349 1065/1513/2350 1066/1552/2351 1055/1554/2352
s 2
f 1055/1515/2353 1066/1514/2354 1067/1517/2355 1057/1555/2356
s 3
f 1057/1516/2357 1067/1545/2358 1068/1518/2359 1059/1519/2360
s 4
f 1054/1520/2361 1073/1521/2362 1074/1541/2363 1056/1549/2364
s off
f 1059/1519/2365 1053/1512/2366 1055/1554/2367 1057/1516/2368
s 1
f 1061/1524/2369 1077/1525/2370 1078/1550/2371 1062/1553/2372
s 2
f 1063/1546/2373 1062/1527/2374 1078/1526/2375 1079/1544/2376
s 3
f 1064/1528/2377 1063/1529/2378 1079/1530/2379 1080/1531/2380
s 1
f 1065/1513/2350 1061/1524/2369 1062/1553/2372 1066/1552/2351
s 2
f 1066/1514/2354 1062/1527/2374 1063/1546/2373 1067/1517/2355
s 3
f 1068/1518/2359 1067/1545/2358 1063/1529/2378 1064/1528/2377
s 1
f 1069/1532/2381 1054/1520/2382 1056/1549/2383 1070/1551/2384
s 2
f 1070/1533/2385 1056/1523/2386 1074/1522/2387
s 3
f 1072/1534/2388 1071/1535/2389 1058/1548/2390 1060/1537/2391
s 4
f 1073/1521/2362 1075/1538/2392 1076/1543/2393 1074/1541/2363
s 2
f 1071/1547/2394 1070/1533/2385 1074/1522/2387 1076/1539/2395
s 4
f 1075/1542/2392 1060/1537/2396 1058/1548/2397 1076/1540/2393
s 2
f 1071/1547/2394 1076/1539/2395 1058/1536/2398
s 1
f 1077/1525/2370 1069/1532/2381 1070/1551/2384 1078/1550/2371
s 2
f 1079/1544/2376 1078/1526/2375 1070/1533/2385 1071/1547/2394
s 3
f 1080/1531/2380 1079/1530/2379 1071/1535/2389 1072/1534/2388
g default
v -12.403261 4.296844 5.107221
v -12.416000 5.277370 6.333468
v -12.308247 4.297619 5.107589
v -12.320986 5.278145 6.333835
v -12.306848 4.126063 5.107909
v -12.303622 3.148651 6.336738
v -12.401863 4.125287 5.107541
v -12.398636 3.147876 6.336370
v -12.415067 5.282845 6.080336
v -12.320052 5.283620 6.080703
v -12.302593 3.142502 6.083621
v -12.397608 3.141727 6.083254
v -12.404412 4.402658 5.181691
v -12.309397 4.403434 5.182058
v -12.306275 4.020387 5.182772
v -12.401289 4.019612 5.182405
v -12.416114 5.322781 6.266791
v -12.321099 5.323556 6.267158
v -12.302993 3.103063 6.270185
v -12.398007 3.102287 6.269818
v -12.307865 4.250834 5.107675
v -12.402879 4.250059 5.107309
v -12.307208 4.170186 5.107826
v -12.402222 4.169411 5.107459
v -12.415581 5.318614 6.137818
v -12.320566 5.319389 6.138186
v -12.302525 3.106886 6.141201
v -12.397541 3.106111 6.140835
vt 0.964666 0.223134
vt 0.964665 0.217502
vt 0.968801 0.217501
vt 0.968802 0.223133
vt 0.968803 0.230601
vt 0.968804 0.236238
vt 0.964668 0.236239
vt 0.964667 0.230602
vt 0.964653 0.150669
vt 0.968789 0.150669
vt 0.964666 0.225171
vt 0.968802 0.225170
vt 0.964655 0.162745
vt 0.964654 0.159798
vt 0.968790 0.159797
vt 0.968791 0.162744
vt 0.964679 0.290993
vt 0.968815 0.290992
vt 0.968815 0.293939
vt 0.964679 0.293940
vt 0.964653 0.154181
vt 0.968789 0.154180
vt 0.964680 0.299557
vt 0.968816 0.299556
vt 0.968817 0.303068
vt 0.964635 0.057972
vt 0.964667 0.228681
vt 0.968803 0.228681
vt 0.968771 0.057971
vt 0.964681 0.303068
vn -0.001530 0.575524 -0.817784
vn -0.002982 0.702418 -0.711758
vn -0.002982 0.702418 -0.711758
vn -0.001530 0.575524 -0.817784
vn 0.007865 -0.578027 -0.815980
vn 0.008486 -0.704229 -0.709922
vn 0.008486 -0.704229 -0.709922
vn 0.007865 -0.578027 -0.815980
vn -0.003881 0.001331 0.999992
vn -0.003881 0.001331 0.999992
vn -0.003881 0.001331 0.999992
vn -0.003881 0.001331 0.999992
vn 0.003881 -0.001835 -0.999991
vn 0.003884 -0.001832 -0.999991
vn 0.003884 -0.001832 -0.999991
vn 0.003881 -0.001835 -0.999991
vn -0.003220 0.722090 -0.691791
vn -0.007170 0.977789 -0.209470
vn -0.007170 0.977789 -0.209469
vn -0.003220 0.722090 -0.691791
vn 0.008570 -0.723830 -0.689925
vn 0.008570 -0.723830 -0.689925
vn 0.008784 -0.978343 -0.206805
vn 0.008784 -0.978343 -0.206804
vn -0.008781 0.978460 0.206249
vn -0.008921 0.826472 0.562907
vn -0.008921 0.826472 0.562907
vn -0.008781 0.978460 0.206249
vn 0.007174 -0.977908 0.208912
vn 0.007174 -0.977908 0.208913
vn 0.004548 -0.824973 0.565154
vn 0.004548 -0.824973 0.565154
vn 0.003877 -0.001835 -0.999991
vn 0.003877 -0.001835 -0.999991
vn 0.003874 -0.001831 -0.999991
vn 0.003874 -0.001831 -0.999991
s 1
g Cubiculos2 Accesorios Placas_pared Placa_pared1 pCube65
usemtl lambert3SG
f 1081/1556/2399 1093/1557/2400 1094/1558/2401 1083/1559/2402
s 2
f 1085/1560/2403 1095/1561/2404 1096/1562/2405 1087/1563/2406
s off
f 1086/1584/2407 1084/1565/2408 1082/1564/2409 1088/1581/2410
s 3
f 1102/1566/2411 1081/1556/2412 1083/1559/2413 1101/1567/2414
s 1
f 1089/1568/2415 1105/1569/2416 1106/1570/2417 1090/1571/2418
s 2
f 1092/1572/2419 1091/1573/2420 1107/1574/2421 1108/1575/2422
s 1
f 1093/1557/2400 1089/1568/2415 1090/1571/2418 1094/1558/2401
s 2
f 1096/1562/2405 1095/1561/2404 1091/1573/2420 1092/1572/2419
s 1
f 1097/1576/2423 1082/1564/2424 1084/1565/2425 1098/1577/2426
s 2
f 1100/1578/2427 1099/1579/2428 1086/1580/2429 1088/1585/2430
s 3
f 1104/1582/2431 1102/1566/2411 1101/1567/2414 1103/1583/2432
f 1087/1563/2433 1104/1582/2431 1103/1583/2432 1085/1560/2434
s 1
f 1105/1569/2416 1097/1576/2423 1098/1577/2426 1106/1570/2417
s 2
f 1108/1575/2422 1107/1574/2421 1099/1579/2428 1100/1578/2427
g default
v -12.317953 3.951338 4.868182
v -12.327513 3.014413 5.608474
v -12.236958 3.951039 4.868849
v -12.246518 3.014114 5.609141
v -12.235914 3.950794 4.742005
v -12.233305 3.011877 4.004110
v -12.316909 3.951094 4.741338
v -12.314299 3.012177 4.003442
v -12.326795 3.217910 5.612595
v -12.245800 3.217611 5.613262
v -12.232515 3.215362 3.999470
v -12.313509 3.215661 3.998803
v -12.318804 3.895212 4.946423
v -12.237810 3.894913 4.947091
v -12.235479 3.894366 4.663874
v -12.316474 3.894665 4.663206
v -12.327561 3.077376 5.642701
v -12.246567 3.077077 5.643368
v -12.232788 3.074745 3.969748
v -12.313784 3.075044 3.969081
v -12.327232 2.997612 5.567038
v -12.246343 2.997331 5.580430
v -12.314703 2.995491 4.045049
v -12.233605 2.995174 4.032991
v -12.327176 3.174585 5.639556
v -12.246182 3.174286 5.640223
v -12.232453 3.171961 3.972628
v -12.313448 3.172261 3.971960
vt 0.992227 0.176227
vt 0.992260 0.170275
vt 0.332032 0.054677
vt 0.327611 0.060824
vt 0.997190 0.184095
vt 0.332048 0.076946
vt 0.992151 0.190024
vt 0.992184 0.184067
vt 0.992662 0.097959
vt 0.992665 0.095195
vt 0.402668 0.004960
vt 0.401352 0.002701
vt 0.992586 0.111554
vt 0.992604 0.108400
vt 0.388761 0.000242
vt 0.385351 0.002358
vt 0.991825 0.248743
vt 0.996831 0.248770
vt 0.996814 0.251924
vt 0.991807 0.251896
vt 0.992637 0.102388
vt 0.396404 0.000004
vt 0.991774 0.257908
vt 0.996780 0.257936
vt 0.401374 0.128907
vt 0.991749 0.262336
vt 0.991715 0.001123
vt 0.402690 0.126637
vt 0.996744 0.264426
vt 0.997679 0.095931
vt 0.991722 0.265107
vt 0.996713 0.000286
vt 0.996756 0.262364
vt 0.396427 0.131603
vt 0.388784 0.131367
vt 0.997157 0.190052
vt 0.385374 0.129253
vt 0.997610 0.108428
vt 0.997267 0.170303
vt 0.997593 0.111582
vt 0.997234 0.176255
vt 0.327618 0.070798
vt 0.997643 0.102416
vt 0.997668 0.097987
vn -0.001798 0.812562 0.582873
vn -0.003147 0.712358 0.701810
vn -0.003147 0.712358 0.701810
vn -0.001798 0.812562 0.582873
vn 0.999959 -0.003667 0.008236
vn 0.999959 -0.003695 0.008237
vn 0.999959 -0.003695 0.008237
vn 0.999959 -0.003667 0.008236
vn 0.007816 0.810678 -0.585440
vn 0.008423 0.710489 -0.703658
vn 0.008423 0.710489 -0.703658
vn 0.007816 0.810678 -0.585440
vn -0.040689 -0.901305 0.431269
vn -0.004470 -0.999938 0.010203
vn -0.004813 -0.999888 0.014149
vn -0.040689 -0.901305 0.431269
vn 0.003709 0.999991 -0.001900
vn 0.003709 0.999991 -0.001900
vn 0.003709 0.999991 -0.001900
vn 0.003709 0.999991 -0.001900
vn -0.003373 0.693240 0.720699
vn -0.007278 0.209501 0.977781
vn -0.007278 0.209500 0.977782
vn -0.003373 0.693239 0.720699
vn 0.999959 -0.003690 0.008237
vn 0.999959 -0.003690 0.008237
vn 0.999959 -0.003688 0.008237
vn 0.998934 0.007675 -0.045516
vn 0.008508 0.691345 -0.722475
vn 0.008508 0.691344 -0.722475
vn 0.008821 0.206770 -0.978350
vn -0.008791 -0.190475 0.981653
vn -0.009005 -0.477578 0.878543
vn -0.009005 -0.477578 0.878543
vn -0.008791 -0.190472 0.981653
vn 0.999959 -0.003697 0.008237
vn 0.999959 -0.003738 0.008272
vn 0.999959 -0.003708 0.008237
vn 0.007369 -0.193000 -0.981171
vn 0.998770 -0.014628 -0.047375
vn 0.005459 -0.479641 -0.877448
vn 0.005459 -0.479640 -0.877448
vn -0.004324 -0.999963 -0.007487
vn -0.004602 -0.999924 -0.011440
vn 0.999959 -0.003708 0.008237
vn -0.033519 -0.903101 -0.428118
vn -0.033519 -0.903101 -0.428118
vn 0.999959 -0.003712 0.008245
s 1
g Cubiculos2 Accesorios Placas_pared pCube64 Placa_pared2
usemtl lambert3SG
f 1109/1586/2435 1121/1587/2436 1122/1624/2437 1111/1626/2438
s 2
f 1111/1589/2439 1122/1588/2440 1123/1591/2441 1113/1627/2442
f 1113/1590/2443 1123/1621/2444 1124/1592/2445 1115/1593/2446
s 4
f 1110/1594/2447 1129/1595/2448 1130/1615/2449 1112/1629/2450
s off
f 1115/1593/2451 1109/1586/2452 1111/1626/2453 1113/1590/2454
s 1
f 1117/1598/2455 1133/1599/2456 1134/1623/2457 1118/1625/2458
s 2
f 1119/1622/2459 1118/1601/2460 1134/1600/2461 1135/1620/2462
f 1120/1602/2463 1119/1603/2464 1135/1604/2462 1136/1605/2465
s 1
f 1121/1587/2436 1117/1598/2455 1118/1625/2458 1122/1624/2437
s 2
f 1122/1588/2440 1118/1601/2460 1119/1622/2459 1123/1591/2441
f 1124/1592/2445 1123/1621/2444 1119/1603/2464 1120/1602/2463
s 1
f 1125/1606/2466 1110/1594/2467 1112/1629/2468 1126/1628/2469
s 2
f 1126/1607/2470 1112/1597/2471 1130/1596/2472
f 1128/1608/2473 1127/1609/2474 1114/1618/2475 1116/1611/2476
s 4
f 1129/1595/2448 1131/1612/2477 1132/1617/2478 1130/1615/2449
s 2
f 1127/1619/2474 1126/1607/2470 1130/1596/2472 1132/1613/2479
s 4
f 1131/1616/2477 1116/1611/2480 1114/1618/2481 1132/1614/2478
s 2
f 1127/1619/2474 1132/1613/2479 1114/1610/2482
s 1
f 1133/1599/2456 1125/1606/2466 1126/1628/2469 1134/1623/2457
s 2
f 1135/1620/2462 1134/1600/2461 1126/1607/2470 1127/1619/2474
f 1136/1605/2465 1135/1604/2462 1127/1609/2474 1128/1608/2473
g default
v -12.395188 3.896149 4.864473
v -12.404049 3.034434 5.553557
v -12.319671 3.895870 4.865095
v -12.328532 3.034155 5.554179
v -12.318678 3.895642 4.744535
v -12.316211 3.032070 4.057694
v -12.394195 3.895921 4.743913
v -12.391729 3.032348 4.057072
v -12.403422 3.212321 5.557399
v -12.327905 3.212042 5.558021
v -12.315518 3.209946 4.053367
v -12.391037 3.210224 4.052745
v -12.395994 3.843818 4.938835
v -12.320476 3.843540 4.939457
v -12.318260 3.843029 4.670274
v -12.393779 3.843308 4.669652
v -12.404139 3.081291 5.585468
v -12.328620 3.081013 5.586090
v -12.315775 3.078838 4.025655
v -12.391292 3.079117 4.025033
v -12.319399 3.895808 4.832217
v -12.394918 3.896087 4.831595
v -12.318933 3.895701 4.775542
v -12.394451 3.895980 4.774920
v -12.403780 3.171926 5.582537
v -12.328261 3.171647 5.583159
v -12.315461 3.169480 4.028340
v -12.390979 3.169760 4.027718
vt 0.964397 0.223041
vt 0.964396 0.217421
vt 0.969064 0.217420
vt 0.969065 0.223041
vt 0.969065 0.230493
vt 0.969066 0.236118
vt 0.964398 0.236118
vt 0.964398 0.230493
vt 0.964389 0.150734
vt 0.969056 0.150733
vt 0.964397 0.225073
vt 0.969065 0.225073
vt 0.964390 0.162783
vt 0.964390 0.159843
vt 0.969058 0.159842
vt 0.969058 0.162783
vt 0.964404 0.290753
vt 0.969072 0.290752
vt 0.969072 0.293693
vt 0.964405 0.293694
vt 0.964389 0.154238
vt 0.969057 0.154237
vt 0.964405 0.299298
vt 0.969073 0.299298
vt 0.969073 0.302802
vt 0.964379 0.058238
vt 0.964397 0.228577
vt 0.969065 0.228576
vt 0.969047 0.058237
vt 0.964405 0.302802
vn -0.001718 0.817805 0.575493
vn -0.003156 0.711786 0.702390
vn -0.003156 0.711786 0.702390
vn -0.001718 0.817805 0.575493
vn 0.007776 0.815968 -0.578045
vn 0.008424 0.709903 -0.704249
vn 0.008424 0.709903 -0.704249
vn 0.007776 0.815968 -0.578045
vn -0.003703 -0.999992 0.001363
vn -0.003703 -0.999992 0.001363
vn -0.003703 -0.999992 0.001363
vn -0.003703 -0.999992 0.001363
vn 0.003712 0.999991 -0.001859
vn 0.003712 0.999991 -0.001846
vn 0.003712 0.999991 -0.001846
vn 0.003712 0.999991 -0.001859
vn -0.003393 0.691819 0.722063
vn -0.007283 0.209494 0.977783
vn -0.007283 0.209496 0.977782
vn -0.003393 0.691819 0.722062
vn 0.008511 0.689904 -0.723850
vn 0.008511 0.689904 -0.723851
vn 0.008824 0.206771 -0.978350
vn 0.008824 0.206774 -0.978349
vn -0.008820 -0.206215 0.978467
vn -0.008884 -0.562871 0.826497
vn -0.008884 -0.562871 0.826497
vn -0.008820 -0.206212 0.978467
vn 0.007284 -0.208938 -0.977902
vn 0.007284 -0.208938 -0.977902
vn 0.004708 -0.565168 -0.824962
vn 0.004708 -0.565168 -0.824962
vn 0.003712 0.999991 -0.001868
vn 0.003712 0.999991 -0.001868
vn 0.003712 0.999991 -0.001870
vn 0.003712 0.999991 -0.001870
s 1
g Cubiculos2 Accesorios Placas_pared Placa_pared2 pCube65
usemtl lambert3SG
f 1137/1630/2483 1149/1631/2484 1150/1632/2485 1139/1633/2486
s 2
f 1141/1634/2487 1151/1635/2488 1152/1636/2489 1143/1637/2490
s off
f 1142/1658/2491 1140/1639/2492 1138/1638/2493 1144/1655/2494
s 3
f 1158/1640/2495 1137/1630/2496 1139/1633/2497 1157/1641/2498
s 1
f 1145/1642/2499 1161/1643/2500 1162/1644/2501 1146/1645/2502
s 2
f 1148/1646/2503 1147/1647/2504 1163/1648/2505 1164/1649/2506
s 1
f 1149/1631/2484 1145/1642/2499 1146/1645/2502 1150/1632/2485
s 2
f 1152/1636/2489 1151/1635/2488 1147/1647/2504 1148/1646/2503
s 1
f 1153/1650/2507 1138/1638/2508 1140/1639/2509 1154/1651/2510
s 2
f 1156/1652/2511 1155/1653/2512 1142/1654/2513 1144/1659/2514
s 3
f 1160/1656/2515 1158/1640/2495 1157/1641/2498 1159/1657/2516
f 1143/1637/2517 1160/1656/2515 1159/1657/2516 1141/1634/2518
s 1
f 1161/1643/2500 1153/1650/2507 1154/1651/2510 1162/1644/2501
s 2
f 1164/1649/2506 1163/1648/2505 1155/1653/2512 1156/1652/2511
g default
v -12.330163 4.220552 4.524997
v -12.336286 3.743983 3.926787
v -12.278286 4.220123 4.524807
v -12.284408 3.743555 3.926597
v -12.277617 4.301367 4.524324
v -12.275945 4.771586 3.921046
v -12.329494 4.301795 4.524514
v -12.327824 4.772015 3.921235
v -12.335827 3.741866 4.057140
v -12.283948 3.741438 4.056950
v -12.275439 4.775080 4.051367
v -12.327318 4.775509 4.051557
v -12.330708 4.170293 4.489248
v -12.278831 4.169865 4.489058
v -12.277338 4.351266 4.487980
v -12.329215 4.351695 4.488171
v -12.336318 3.722222 3.967204
v -12.284440 3.721795 3.967014
v -12.275616 4.793757 3.961224
v -12.327494 4.794185 3.961414
v -12.336107 3.770480 3.915919
v -12.284297 3.761902 3.915774
v -12.328083 4.745322 3.910655
v -12.276138 4.753044 3.910421
v -12.336071 3.724486 4.029459
v -12.284193 3.724058 4.029269
v -12.275400 4.792162 4.023500
v -12.327279 4.792590 4.023690
vt 0.992230 0.176227
vt 0.992263 0.170275
vt 0.332032 0.054677
vt 0.327611 0.060824
vt 0.997193 0.184095
vt 0.332048 0.076946
vt 0.992154 0.190025
vt 0.992187 0.184067
vt 0.992663 0.097959
vt 0.992666 0.095195
vt 0.402669 0.004960
vt 0.401352 0.002701
vt 0.992588 0.111554
vt 0.992605 0.108400
vt 0.388761 0.000242
vt 0.385351 0.002358
vt 0.991829 0.248742
vt 0.996835 0.248770
vt 0.996818 0.251924
vt 0.991811 0.251897
vt 0.992638 0.102388
vt 0.396404 0.000004
vt 0.991778 0.257908
vt 0.996784 0.257935
vt 0.401374 0.128907
vt 0.991754 0.262336
vt 0.991714 0.001123
vt 0.402690 0.126637
vt 0.996749 0.264426
vt 0.997680 0.095931
vt 0.991727 0.265107
vt 0.996713 0.000286
vt 0.388784 0.131367
vt 0.997160 0.190052
vt 0.385374 0.129252
vt 0.396428 0.131603
vt 0.996760 0.262364
vt 0.997611 0.108428
vt 0.997269 0.170303
vt 0.997594 0.111582
vt 0.997236 0.176255
vt 0.327618 0.070798
vt 0.997645 0.102416
vt 0.997669 0.097987
vn -0.001797 -0.579616 0.814888
vn -0.003147 -0.698948 0.715166
vn -0.003147 -0.698948 0.715166
vn -0.001797 -0.579616 0.814888
vn 0.999959 -0.008252 -0.003653
vn 0.999959 -0.008252 -0.003661
vn 0.999959 -0.008252 -0.003661
vn 0.999959 -0.008252 -0.003653
vn 0.007817 0.588682 0.808327
vn 0.008426 0.706491 0.707672
vn 0.008426 0.706491 0.707672
vn 0.007817 0.588682 0.808327
vn -0.040683 -0.434853 -0.899582
vn -0.004477 -0.014208 -0.999889
vn -0.004819 -0.018154 -0.999824
vn -0.040683 -0.434853 -0.899582
vn 0.003710 0.005914 0.999976
vn 0.003710 0.005914 0.999976
vn 0.003710 0.005914 0.999976
vn 0.003710 0.005914 0.999976
vn -0.003373 -0.717912 0.696125
vn -0.007277 -0.976933 0.213421
vn -0.007277 -0.976934 0.213419
vn -0.003373 -0.717912 0.696125
vn 0.999959 -0.008252 -0.003663
vn 0.999959 -0.008252 -0.003663
vn 0.999959 -0.008251 -0.003670
vn 0.998934 0.045548 0.007478
vn 0.008511 0.725232 0.688452
vn 0.008511 0.725232 0.688452
vn 0.008821 0.979170 0.202849
vn -0.008786 -0.982409 -0.186536
vn -0.008998 -0.880454 -0.474047
vn -0.008998 -0.880454 -0.474047
vn -0.008786 -0.982409 -0.186538
vn 0.999959 -0.008250 -0.003668
vn 0.999961 -0.008098 -0.003652
vn 0.999959 -0.008252 -0.003663
vn 0.007369 0.980390 -0.196928
vn 0.998770 0.047318 -0.014821
vn 0.005457 0.875515 -0.483160
vn 0.005457 0.875515 -0.483160
vn -0.004331 0.003480 -0.999985
vn -0.004609 0.007433 -0.999962
vn 0.999959 -0.008252 -0.003663
vn -0.033512 0.424484 -0.904815
vn -0.033512 0.424484 -0.904815
vn 0.999961 -0.008044 -0.003588
s 1
g Cubiculos2 Accesorios Placas_pared pCube64 Placa_pared3
usemtl lambert3SG
f 1165/1660/2519 1177/1661/2520 1178/1698/2521 1167/1700/2522
s 2
f 1167/1663/2523 1178/1662/2524 1179/1665/2525 1169/1701/2526
f 1169/1664/2527 1179/1693/2528 1180/1666/2529 1171/1667/2530
s 4
f 1166/1668/2531 1185/1669/2532 1186/1689/2533 1168/1703/2534
s off
f 1171/1667/2535 1165/1660/2536 1167/1700/2537 1169/1664/2538
s 1
f 1173/1672/2539 1189/1673/2540 1190/1697/2541 1174/1699/2542
s 2
f 1175/1694/2543 1174/1675/2544 1190/1674/2545 1191/1692/2546
f 1176/1676/2547 1175/1677/2548 1191/1678/2546 1192/1679/2549
s 1
f 1177/1661/2520 1173/1672/2539 1174/1699/2542 1178/1698/2521
s 2
f 1178/1662/2524 1174/1675/2544 1175/1694/2543 1179/1665/2525
f 1180/1666/2529 1179/1693/2528 1175/1677/2548 1176/1676/2547
s 1
f 1181/1680/2550 1166/1668/2551 1168/1703/2552 1182/1702/2553
s 2
f 1182/1681/2554 1168/1671/2555 1186/1670/2556
f 1184/1682/2557 1183/1683/2558 1170/1696/2559 1172/1685/2560
s 4
f 1185/1669/2532 1187/1686/2561 1188/1691/2562 1186/1689/2533
s 2
f 1183/1695/2558 1182/1681/2554 1186/1670/2556 1188/1687/2563
s 4
f 1187/1690/2561 1172/1685/2564 1170/1696/2565 1188/1688/2562
s 2
f 1183/1695/2558 1188/1687/2563 1170/1684/2566
s 1
f 1189/1673/2540 1181/1680/2550 1182/1702/2553 1190/1697/2541
s 2
f 1191/1692/2546 1190/1674/2545 1182/1681/2554 1183/1695/2558
f 1192/1679/2549 1191/1678/2546 1183/1683/2558 1184/1682/2557
g default
v -12.379634 4.222785 4.489638
v -12.385309 3.779209 3.939470
v -12.331263 4.222386 4.489461
v -12.336939 3.778810 3.939293
v -12.330628 4.299605 4.489005
v -12.329048 4.737317 3.934116
v -12.378997 4.300005 4.489182
v -12.377418 4.737716 3.934293
v -12.384908 3.777205 4.053418
v -12.336537 3.776806 4.053241
v -12.328604 4.740545 4.048036
v -12.376974 4.740944 4.048213
v -12.380149 4.175021 4.456310
v -12.331780 4.174622 4.456133
v -12.330361 4.347035 4.455116
v -12.378731 4.347434 4.455293
v -12.385367 3.758890 3.969564
v -12.336996 3.758491 3.969387
v -12.328768 4.757958 3.963990
v -12.377138 4.758357 3.964167
v -12.331090 4.243445 4.489336
v -12.379460 4.243844 4.489513
v -12.330791 4.279745 4.489123
v -12.379161 4.280144 4.489300
v -12.385136 3.761000 4.027609
v -12.336766 3.760601 4.027432
v -12.328568 4.756471 4.022054
v -12.376938 4.756870 4.022231
vt 0.964399 0.223041
vt 0.964398 0.217421
vt 0.969066 0.217421
vt 0.969066 0.223041
vt 0.969068 0.230492
vt 0.969068 0.236118
vt 0.964401 0.236118
vt 0.964400 0.230493
vt 0.964388 0.150734
vt 0.969055 0.150733
vt 0.964399 0.225074
vt 0.969067 0.225073
vt 0.964390 0.162784
vt 0.964389 0.159843
vt 0.969057 0.159842
vt 0.969057 0.162783
vt 0.964409 0.290753
vt 0.969076 0.290752
vt 0.969077 0.293693
vt 0.964409 0.293694
vt 0.964388 0.154238
vt 0.969056 0.154237
vt 0.964410 0.299299
vt 0.969078 0.299298
vt 0.969078 0.302802
vt 0.964374 0.058238
vt 0.964400 0.228577
vt 0.969067 0.228576
vt 0.969042 0.058237
vt 0.964410 0.302802
vn -0.001720 -0.572205 0.820109
vn -0.003155 -0.699544 0.714582
vn -0.003155 -0.699544 0.714582
vn -0.001720 -0.572205 0.820109
vn 0.007772 0.581313 0.813643
vn 0.008422 0.707094 0.707070
vn 0.008422 0.707094 0.707070
vn 0.007772 0.581313 0.813643
vn -0.003703 -0.005370 -0.999979
vn -0.003703 -0.005370 -0.999979
vn -0.003703 -0.005370 -0.999979
vn -0.003703 -0.005370 -0.999979
vn 0.003701 0.005866 0.999976
vn 0.003704 0.005877 0.999976
vn 0.003704 0.005877 0.999976
vn 0.003701 0.005866 0.999976
vn -0.003390 -0.719298 0.694693
vn -0.007281 -0.976935 0.213411
vn -0.007281 -0.976935 0.213415
vn -0.003390 -0.719298 0.694693
vn 0.008510 0.726613 0.686994
vn 0.008510 0.726613 0.686994
vn 0.008817 0.979170 0.202852
vn 0.008817 0.979170 0.202852
vn -0.008822 -0.979285 -0.202294
vn -0.008883 -0.828747 -0.559553
vn -0.008883 -0.828747 -0.559553
vn -0.008822 -0.979286 -0.202291
vn 0.007280 0.977056 -0.212860
vn 0.007280 0.977057 -0.212853
vn 0.004710 0.822694 -0.568465
vn 0.004710 0.822694 -0.568465
vn 0.003701 0.005869 0.999976
vn 0.003701 0.005869 0.999976
vn 0.003703 0.005887 0.999976
vn 0.003703 0.005887 0.999976
s 1
g Cubiculos2 Accesorios Placas_pared Placa_pared3 pCube65
usemtl lambert3SG
f 1193/1704/2567 1205/1705/2568 1206/1706/2569 1195/1707/2570
s 2
f 1197/1708/2571 1207/1709/2572 1208/1710/2573 1199/1711/2574
s off
f 1198/1732/2575 1196/1713/2576 1194/1712/2577 1200/1729/2578
s 3
f 1214/1714/2579 1193/1704/2580 1195/1707/2581 1213/1715/2582
s 1
f 1201/1716/2583 1217/1717/2584 1218/1718/2585 1202/1719/2586
s 2
f 1204/1720/2587 1203/1721/2588 1219/1722/2589 1220/1723/2590
s 1
f 1205/1705/2568 1201/1716/2583 1202/1719/2586 1206/1706/2569
s 2
f 1208/1710/2573 1207/1709/2572 1203/1721/2588 1204/1720/2587
s 1
f 1209/1724/2591 1194/1712/2592 1196/1713/2593 1210/1725/2594
s 2
f 1212/1726/2595 1211/1727/2596 1198/1728/2597 1200/1733/2598
s 3
f 1216/1730/2599 1214/1714/2579 1213/1715/2582 1215/1731/2600
f 1199/1711/2601 1216/1730/2599 1215/1731/2600 1197/1708/2602
s 1
f 1217/1717/2584 1209/1724/2591 1210/1725/2594 1218/1718/2585
s 2
f 1220/1723/2590 1219/1722/2589 1211/1727/2596 1212/1726/2595
g default
v -0.162414 4.119081 -11.365542
v -0.157105 3.419835 -11.244028
v 0.383405 4.123195 -11.365940
v 0.388714 3.423950 -11.244425
v -0.158876 3.652917 -11.303104
v 0.386946 3.657031 -11.303501
v -0.160646 3.885999 -11.348305
v 0.385173 3.890113 -11.348703
vt 0.445916 0.094994
vt 0.445916 0.084820
vt 0.469676 0.084820
vt 0.469676 0.094994
vt 0.445916 0.074485
vt 0.445916 0.064018
vt 0.469676 0.064018
vt 0.469676 0.074485
vn 0.000170 0.073751 0.997277
vn 0.000170 0.073751 0.997277
vn 0.000170 0.073751 0.997277
vn 0.000170 0.073751 0.997277
vn -0.001148 0.245679 0.969351
vn -0.001148 0.245679 0.969351
vn -0.001148 0.245679 0.969351
vn -0.001148 0.245679 0.969350
vn -0.000720 0.190377 0.981711
vn -0.000720 0.190377 0.981711
vn -0.000720 0.190377 0.981711
vn -0.000720 0.190377 0.981711
s off
g Cubiculos2 Accesorios pPlane4 Hojas
usemtl lambert3SG
f 1221/1734/2603 1227/1735/2604 1228/1736/2605 1223/1737/2606
f 1225/1738/2607 1222/1739/2608 1224/1740/2609 1226/1741/2610
f 1227/1735/2611 1225/1738/2612 1226/1741/2613 1228/1736/2614
g default
v 0.539623 3.967277 -11.363101
v 0.544429 3.334578 -11.253151
v 1.033499 3.971000 -11.363460
v 1.038303 3.338301 -11.253510
v 0.542826 3.545478 -11.306604
v 1.036700 3.549201 -11.306963
v 0.541223 3.756378 -11.347503
v 1.035097 3.760100 -11.347863
vt 0.445916 0.094994
vt 0.445916 0.084820
vt 0.469676 0.084820
vt 0.469676 0.094994
vt 0.445916 0.074485
vt 0.445916 0.064018
vt 0.469676 0.064018
vt 0.469676 0.074485
vn 0.000171 0.073760 0.997276
vn 0.000171 0.073760 0.997276
vn 0.000171 0.073760 0.997276
vn 0.000171 0.073760 0.997276
vn -0.001148 0.245675 0.969352
vn -0.001148 0.245675 0.969352
vn -0.001148 0.245675 0.969352
vn -0.001148 0.245675 0.969352
vn -0.000719 0.190375 0.981711
vn -0.000719 0.190375 0.981711
vn -0.000719 0.190375 0.981711
vn -0.000719 0.190375 0.981711
s off
g Cubiculos2 Accesorios Hojas pPlane3
usemtl lambert3SG
f 1229/1742/2615 1235/1743/2616 1236/1744/2617 1231/1745/2618
f 1233/1746/2619 1230/1747/2620 1232/1748/2621 1234/1749/2622
f 1235/1743/2623 1233/1746/2624 1234/1749/2625 1236/1744/2626
g default
v 1.157334 4.347471 -11.375913
v 1.164788 3.365582 -11.205282
v 1.923779 4.353249 -11.376472
v 1.931235 3.371359 -11.205841
v 1.162303 3.692879 -11.288236
v 1.928750 3.698656 -11.288793
v 1.159817 4.020175 -11.351709
v 1.926264 4.025952 -11.352266
vt 0.445916 0.094994
vt 0.445916 0.084821
vt 0.469676 0.084821
vt 0.469676 0.094994
vt 0.445916 0.074485
vt 0.445916 0.064018
vt 0.469676 0.064018
vt 0.469676 0.074485
vn 0.000169 0.073755 0.997276
vn 0.000169 0.073755 0.997276
vn 0.000169 0.073755 0.997276
vn 0.000169 0.073755 0.997276
vn -0.001146 0.245673 0.969352
vn -0.001146 0.245673 0.969352
vn -0.001146 0.245673 0.969352
vn -0.001146 0.245673 0.969352
vn -0.000719 0.190378 0.981711
vn -0.000719 0.190378 0.981711
vn -0.000719 0.190378 0.981711
vn -0.000719 0.190378 0.981711
s off
g Cubiculos2 Accesorios Hojas pPlane2
usemtl lambert3SG
f 1237/1750/2627 1243/1751/2628 1244/1752/2629 1239/1753/2630
f 1241/1754/2631 1238/1755/2632 1240/1756/2633 1242/1757/2634
f 1243/1751/2635 1241/1754/2636 1242/1757/2637 1244/1752/2638
g default
v -2.573530 2.866552 -11.375913
v -2.566076 1.884662 -11.205282
v -1.807083 2.872329 -11.376472
v -1.799629 1.890440 -11.205841
v -2.568559 2.211959 -11.288236
v -1.802114 2.217736 -11.288793
v -2.571047 2.539255 -11.351709
v -1.804600 2.545032 -11.352266
vt 0.445916 0.094994
vt 0.445916 0.084820
vt 0.469676 0.084820
vt 0.469676 0.094994
vt 0.445916 0.074485
vt 0.445916 0.064018
vt 0.469676 0.064018
vt 0.469676 0.074485
vn 0.000168 0.073755 0.997276
vn 0.000168 0.073755 0.997276
vn 0.000168 0.073755 0.997276
vn 0.000168 0.073755 0.997276
vn -0.001146 0.245673 0.969352
vn -0.001146 0.245673 0.969352
vn -0.001146 0.245673 0.969352
vn -0.001146 0.245673 0.969352
vn -0.000719 0.190378 0.981710
vn -0.000719 0.190378 0.981711
vn -0.000719 0.190378 0.981711
vn -0.000719 0.190378 0.981710
s off
g Cubiculos2 Accesorios Hojas pPlane1
usemtl lambert3SG
f 1245/1758/2639 1251/1759/2640 1252/1760/2641 1247/1761/2642
f 1249/1762/2643 1246/1763/2644 1248/1764/2645 1250/1765/2646
f 1251/1759/2647 1249/1762/2648 1250/1765/2649 1252/1760/2650
g default
v -2.544016 2.841963 -11.342010
v -2.558364 2.848873 -11.351736
v -2.547559 2.857490 -11.351736
v -2.534086 2.854414 -11.351736
v -2.528089 2.841963 -11.351736
v -2.534086 2.829513 -11.351736
v -2.547559 2.826438 -11.351736
v -2.558364 2.835054 -11.351737
v -2.558364 2.848873 -11.364134
v -2.547559 2.857489 -11.364134
v -2.534086 2.854414 -11.364134
v -2.528089 2.841963 -11.364134
v -2.534086 2.829513 -11.364134
v -2.547559 2.826438 -11.364134
v -2.558364 2.835054 -11.364134
v -2.533011 2.855761 -11.373861
v -2.547942 2.859169 -11.373861
v -2.547942 2.859169 -11.371495
v -2.533011 2.855761 -11.371495
v -2.559915 2.849621 -11.373860
v -2.559915 2.849621 -11.371495
v -2.559915 2.834306 -11.373861
v -2.559915 2.834306 -11.371493
v -2.547942 2.824758 -11.373861
v -2.547942 2.824758 -11.371493
v -2.533011 2.828165 -11.373861
v -2.533011 2.828165 -11.371493
v -2.526366 2.841963 -11.373861
v -2.526366 2.841963 -11.371495
v -2.559915 2.849621 -11.344377
v -2.547942 2.859169 -11.344377
v -2.559915 2.849621 -11.342010
v -2.547942 2.859169 -11.342010
v -2.533011 2.855761 -11.344377
v -2.533011 2.855761 -11.342010
v -2.526366 2.841963 -11.344377
v -2.526366 2.841963 -11.342010
v -2.533011 2.828166 -11.344377
v -2.533011 2.828166 -11.342010
v -2.547942 2.824758 -11.344377
v -2.547942 2.824758 -11.342010
v -2.559915 2.834306 -11.344377
v -2.559915 2.834306 -11.342009
vt 0.357946 0.002535
vt 0.357946 0.001905
vt 0.358050 0.001905
vt 0.358050 0.002535
vt 0.357946 0.001275
vt 0.358050 0.001275
vt 0.357946 0.000642
vt 0.358050 0.000642
vt 0.357946 0.000005
vt 0.358050 0.004434
vt 0.357946 0.003798
vt 0.358050 0.003798
vt 0.357946 0.003165
vt 0.358050 0.003165
vt 0.334371 0.000749
vt 0.359229 0.001905
vt 0.359229 0.001275
vt 0.359333 0.001275
vt 0.334200 0.001498
vt 0.359229 0.002535
vt 0.334850 0.001349
vt 0.359229 0.003165
vt 0.335139 0.000749
vt 0.359229 0.003798
vt 0.334850 0.000148
vt 0.359229 0.000005
vt 0.334200 0.000000
vt 0.359229 0.000642
vt 0.333679 0.000416
vt 0.358377 0.001905
vt 0.358377 0.001275
vt 0.358902 0.001275
vt 0.358902 0.001905
vt 0.358377 0.002535
vt 0.358902 0.002535
vt 0.358377 0.003165
vt 0.358902 0.003165
vt 0.358377 0.003798
vt 0.358902 0.003798
vt 0.358377 0.000005
vt 0.358902 0.004434
vt 0.358377 0.000642
vt 0.358902 0.000642
vt 0.333679 0.001082
vt 0.359333 0.000642
vt 0.359333 0.004434
vt 0.359333 0.003798
vt 0.359333 0.003165
vt 0.359333 0.002535
vt 0.359333 0.001905
vt 0.359229 0.004434
vt 0.359333 0.000005
vt 0.358902 0.000005
vt 0.357946 0.004434
vt 0.358050 0.000005
vt 0.358377 0.004434
vn 0.222573 0.974916 0.000000
vn 0.222573 0.974916 0.000000
vn 0.222573 0.974916 0.000000
vn 0.222573 0.974916 0.000000
vn -0.623666 0.781691 0.000000
vn -0.623666 0.781691 0.000000
vn -0.623666 0.781691 0.000000
vn -0.623666 0.781691 0.000000
vn -1.000000 0.000000 0.000000
vn -1.000000 0.000000 0.000000
vn -1.000000 0.000000 0.000000
vn -1.000000 0.000000 0.000000
vn -0.623580 -0.781759 0.000000
vn -0.623580 -0.781759 0.000000
vn -0.623580 -0.781759 0.000000
vn -0.623580 -0.781759 0.000000
vn 0.222542 -0.974923 0.000000
vn 0.222542 -0.974923 0.000000
vn 0.222542 -0.974923 0.000000
vn 0.222542 -0.974923 0.000000
vn 0.900999 -0.433822 0.000000
vn 0.900999 -0.433822 0.000000
vn 0.900999 -0.433822 0.000000
vn 0.900999 -0.433822 0.000000
vn 0.900975 0.433870 0.000000
vn 0.900975 0.433870 0.000000
vn 0.900975 0.433870 0.000000
vn 0.900975 0.433870 0.000000
vn 0.000045 0.000009 1.000000
vn 0.000000 0.000000 1.000000
vn 0.000026 0.000000 1.000000
vn 0.000053 0.000041 1.000000
vn 0.000131 0.000031 1.000000
vn 0.000105 -0.000010 1.000000
vn 0.000000 0.000000 1.000000
vn 0.000000 0.000000 1.000000
vn -0.623563 0.781773 0.000000
vn -0.623563 0.781773 0.000000
vn -0.623563 0.781773 0.000000
vn -0.623563 0.781773 0.000000
vn 0.222489 0.974935 0.000000
vn 0.222489 0.974935 0.000000
vn 0.222489 0.974935 0.000000
vn 0.222489 0.974935 0.000000
vn 0.900975 0.433870 0.000000
vn 0.900975 0.433870 0.000000
vn 0.900975 0.433870 0.000000
vn 0.900975 0.433870 0.000000
vn 0.900975 -0.433870 0.000000
vn 0.900975 -0.433870 0.000000
vn 0.900975 -0.433870 0.000000
vn 0.900975 -0.433870 0.000000
vn 0.222573 -0.974916 0.000000
vn 0.222573 -0.974916 0.000000
vn 0.222573 -0.974916 0.000000
vn 0.222573 -0.974916 0.000000
vn -0.623677 -0.781682 0.000000
vn -0.623677 -0.781682 0.000000
vn -0.623677 -0.781682 0.000000
vn -0.623677 -0.781682 0.000000
vn -1.000000 0.000000 0.000000
vn -1.000000 0.000000 0.000000
vn -1.000000 0.000000 0.000000
vn -1.000000 0.000000 0.000000
vn -0.623470 0.781848 0.000000
vn -0.623470 0.781848 0.000000
vn -0.623470 0.781848 0.000000
vn -0.623470 0.781848 0.000000
vn 0.222528 0.974926 -0.000019
vn 0.222528 0.974926 -0.000019
vn 0.222528 0.974926 -0.000019
vn 0.222528 0.974926 -0.000019
vn 0.900959 0.433905 0.000000
vn 0.900959 0.433905 0.000000
vn 0.900959 0.433905 0.000000
vn 0.900959 0.433905 0.000000
vn 0.900959 -0.433905 0.000000
vn 0.900959 -0.433905 0.000000
vn 0.900959 -0.433905 0.000000
vn 0.900959 -0.433905 0.000000
vn 0.222510 -0.974930 0.000000
vn 0.222510 -0.974930 0.000000
vn 0.222510 -0.974930 0.000000
vn 0.222510 -0.974930 0.000000
vn -0.623477 -0.781841 0.000000
vn -0.623477 -0.781841 0.000000
vn -0.623477 -0.781841 0.000000
vn -0.623477 -0.781841 0.000000
vn -1.000000 0.000000 0.000000
vn -1.000000 0.000000 0.000000
vn -1.000000 0.000000 0.000000
vn -1.000000 0.000000 0.000000
vn -0.216611 0.949301 0.227832
vn 0.607075 0.761256 0.227924
vn 0.607125 0.761216 0.227924
vn -0.216557 0.949313 0.227832
vn -0.877271 0.422532 0.227734
vn -0.877244 0.422587 0.227734
vn -0.877294 -0.422476 0.227749
vn -0.877279 -0.422508 0.227749
vn -0.216651 -0.949281 0.227879
vn -0.216601 -0.949292 0.227879
vn 0.607042 -0.761268 0.227969
vn 0.607092 -0.761228 0.227969
vn 0.973668 0.000027 0.227972
vn 0.973668 0.000040 0.227972
vn -0.216718 0.949265 -0.227879
vn -0.877300 0.422466 -0.227743
vn -0.877274 0.422521 -0.227743
vn -0.216667 0.949277 -0.227879
vn 0.607027 0.761277 -0.227981
vn 0.607066 0.761246 -0.227981
vn 0.973660 -0.000000 -0.228003
vn 0.973660 -0.000000 -0.228003
vn 0.607035 -0.761274 -0.227970
vn 0.607085 -0.761234 -0.227970
vn -0.216728 -0.949266 -0.227864
vn -0.216661 -0.949282 -0.227864
vn -0.877294 -0.422483 -0.227734
vn -0.877273 -0.422527 -0.227734
s off
g Cubiculos2 Accesorios Hojas pCylinder16
usemtl lambert3SG
f 1268/1766/2651 1269/1767/2652 1270/1768/2653 1271/1769/2654
f 1269/1767/2655 1272/1770/2656 1273/1771/2657 1270/1768/2658
f 1272/1770/2659 1274/1772/2660 1275/1773/2661 1273/1771/2662
f 1274/1772/2663 1276/1774/2664 1277/1820/2665 1275/1773/2666
f 1276/1819/2667 1278/1776/2668 1279/1777/2669 1277/1775/2670
f 1278/1776/2671 1280/1778/2672 1281/1779/2673 1279/1777/2674
f 1280/1778/2675 1268/1766/2676 1271/1769/2677 1281/1779/2678
s 1
f 1253/1780/2679 1287/1786/2680 1285/1784/2681
f 1253/1780/2679 1285/1784/2681 1284/1809/2682
f 1253/1780/2679 1284/1809/2682 1295/1794/2683
f 1253/1780/2679 1295/1794/2683 1293/1792/2684
f 1253/1780/2679 1293/1792/2684 1291/1790/2685
f 1253/1780/2679 1291/1790/2685 1289/1788/2686
f 1253/1780/2679 1289/1788/2686 1287/1786/2680
s off
f 1283/1781/2687 1282/1782/2688 1284/1783/2689 1285/1815/2690
f 1286/1785/2691 1283/1781/2692 1285/1815/2693 1287/1814/2694
f 1288/1787/2695 1286/1785/2696 1287/1814/2697 1289/1813/2698
f 1290/1789/2699 1288/1787/2700 1289/1813/2701 1291/1812/2702
f 1292/1816/2703 1290/1789/2704 1291/1812/2705 1293/1811/2706
f 1294/1793/2707 1292/1791/2708 1293/1817/2709 1295/1810/2710
f 1282/1782/2711 1294/1793/2712 1295/1810/2713 1284/1783/2714
f 1262/1795/2715 1261/1796/2716 1254/1797/2717 1255/1798/2718
f 1263/1799/2719 1262/1795/2720 1255/1798/2721 1256/1800/2722
f 1264/1801/2723 1263/1799/2724 1256/1800/2725 1257/1802/2726
f 1265/1803/2727 1264/1801/2728 1257/1802/2729 1258/1804/2730
f 1266/1821/2731 1265/1803/2732 1258/1804/2733 1259/1806/2734
f 1267/1807/2735 1266/1805/2736 1259/1818/2737 1260/1808/2738
f 1261/1796/2739 1267/1807/2740 1260/1808/2741 1254/1797/2742
s 2
f 1262/1795/2743 1263/1799/2744 1271/1769/2745 1270/1768/2746
f 1261/1796/2747 1262/1795/2743 1270/1768/2746 1273/1771/2748
f 1267/1807/2749 1261/1796/2747 1273/1771/2748 1275/1773/2750
f 1266/1805/2751 1267/1807/2749 1275/1773/2750 1277/1820/2752
f 1265/1803/2753 1266/1821/2751 1277/1775/2752 1279/1777/2754
f 1264/1801/2755 1265/1803/2753 1279/1777/2754 1281/1779/2756
f 1263/1799/2744 1264/1801/2755 1281/1779/2756 1271/1769/2745
s 3
f 1255/1798/2757 1254/1797/2758 1282/1782/2759 1283/1781/2760
f 1256/1800/2761 1255/1798/2757 1283/1781/2760 1286/1785/2762
f 1257/1802/2763 1256/1800/2761 1286/1785/2762 1288/1787/2764
f 1258/1804/2765 1257/1802/2763 1288/1787/2764 1290/1789/2766
f 1259/1806/2767 1258/1804/2765 1290/1789/2766 1292/1816/2768
f 1260/1808/2769 1259/1818/2767 1292/1791/2768 1294/1793/2770
f 1254/1797/2758 1260/1808/2769 1294/1793/2770 1282/1782/2759
g default
v 4.392314 1.217640 -11.332952
v 4.392314 1.217640 -11.387685
v 4.392314 5.181500 -11.332952
v 4.392314 5.181500 -11.387685
v -3.130405 5.181500 -11.332952
v -3.130405 5.181500 -11.387685
v -3.130405 1.217640 -11.332952
v -3.130405 1.217640 -11.387685
v 4.296151 5.106292 -11.332952
v -3.034216 5.106292 -11.332952
v -3.034216 5.106292 -11.387685
v 4.296151 5.106292 -11.387685
v 4.296151 1.292847 -11.332952
v -3.034216 1.292847 -11.332952
v -3.034216 1.292847 -11.387685
v 4.296151 1.292847 -11.387685
v 4.296151 1.292847 -11.381013
v -3.034216 1.292847 -11.381013
v 4.296151 5.106292 -11.381013
v -3.034216 5.106292 -11.381013
vt 0.958265 0.521613
vt 0.599234 0.521613
vt 0.963744 0.319087
vt 0.963694 0.000006
vt 0.327465 0.000024
vt 0.000010 0.000005
vt 0.004195 0.003279
vt 0.000000 0.172586
vt 0.480119 0.521613
vt 0.958569 0.500003
vt 0.327455 0.172566
vt 0.960952 0.172547
vt 0.963820 0.804163
vt 0.963770 0.485082
vt 0.004186 0.169274
vt 0.165995 0.172557
vt 0.000056 0.491668
vt 0.961652 0.319088
vt 0.961678 0.485082
vt 0.961728 0.804164
vt 0.166051 0.491639
vt 0.961602 0.000006
vt 0.961754 0.970158
vt 0.165995 0.172557
vt 0.000000 0.172586
vt 0.953665 0.517910
vt 0.003418 0.517910
vt 0.963846 0.970158
vt 0.958569 0.672545
vt 0.000000 0.172547
vt 0.323277 0.003297
vt 0.323277 0.003297
vt 0.000056 0.491668
vt 0.166051 0.491639
vt 0.958570 0.000006
vt 0.958568 1.000000
vt 0.327465 0.000024
vt 0.323268 0.169292
vt 0.960951 1.000000
vt 0.960952 0.000006
vt 0.000000 0.521613
vt 0.601820 0.517910
vt 0.960951 0.672545
vt 0.960952 0.500003
vt 0.958570 0.172547
vt 0.179300 0.521613
vt 0.478046 0.517910
vt 0.179300 0.517910
vn 0.000003 0.000000 1.000000
vn -0.000002 0.000000 1.000000
vn -0.000002 0.000000 1.000000
vn 0.000004 0.000000 1.000000
vn 0.000000 -1.000000 0.000000
vn 0.000000 -1.000000 0.000000
vn 0.000000 -1.000000 0.000000
vn 0.000000 -1.000000 0.000000
vn 0.000000 0.000000 -1.000000
vn -0.000000 0.000000 -1.000000
vn -0.000004 0.000000 -1.000000
vn 0.000004 0.000000 -1.000000
vn 0.000000 1.000000 0.000000
vn 0.000000 1.000000 0.000000
vn 0.000000 1.000000 0.000000
vn 0.000000 1.000000 0.000000
vn -0.000002 0.000000 1.000000
vn -0.000002 0.000000 1.000000
vn 0.000003 0.000000 1.000000
vn 0.000004 0.000000 1.000000
vn -0.000000 0.000000 -1.000000
vn 0.000000 0.000000 -1.000000
vn 0.000004 0.000000 -1.000000
vn -0.000004 0.000000 -1.000000
vn 0.000000 0.000000 1.000000
vn 0.000000 0.000000 1.000000
vn 0.000000 0.000000 1.000000
vn 0.000000 0.000000 1.000000
vn -1.000000 0.000000 0.000000
vn -1.000000 0.000000 0.000000
vn -1.000000 0.000000 0.000000
vn -1.000000 0.000000 0.000000
vn 1.000000 0.000000 0.000000
vn 1.000000 0.000000 0.000000
vn 1.000000 0.000000 0.000000
vn 1.000000 0.000000 0.000000
vn 0.000000 1.000000 0.000000
vn 0.000000 1.000000 0.000000
vn 0.000000 1.000000 0.000000
vn 0.000000 1.000000 0.000000
vn -1.000000 0.000000 0.000000
vn -1.000000 0.000000 0.000000
vn -1.000000 0.000000 0.000000
vn -1.000000 0.000000 0.000000
vn 0.000000 -1.000000 0.000000
vn 0.000000 -1.000000 0.000000
vn 0.000000 -1.000000 0.000000
vn 0.000000 -1.000000 0.000000
vn 1.000000 0.000000 0.000000
vn 1.000000 0.000000 0.000000
vn 1.000000 0.000000 0.000000
vn 1.000000 0.000000 0.000000
s 1
g Cubiculos2 Accesorios Hojas pCube53
usemtl lambert3SG
f 1308/1863/2771 1309/1847/2772 1302/1822/2773 1296/1823/2774
s off
f 1302/1860/2775 1303/1857/2776 1297/1850/2777 1296/1864/2778
s 2
f 1310/1853/2779 1311/1828/2780 1297/1827/2781 1303/1858/2782
s off
f 1298/1865/2783 1299/1831/2784 1301/1866/2785 1300/1833/2786
s 1
f 1300/1867/2787 1305/1869/2788 1304/1868/2789 1298/1830/2790
s 2
f 1307/1836/2791 1306/1859/2792 1301/1832/2793 1299/1851/2794
s 1
f 1304/1868/2789 1308/1863/2771 1296/1823/2774 1298/1830/2790
s off
f 1313/1838/2795 1312/1846/2796 1314/1845/2797 1315/1842/2798
s 1
f 1309/1848/2772 1305/1869/2788 1300/1867/2787 1302/1862/2773
s off
f 1300/1833/2799 1301/1866/2800 1303/1856/2801 1302/1861/2802
s 2
f 1301/1832/2793 1306/1859/2792 1310/1852/2779 1303/1826/2782
f 1307/1855/2791 1311/1854/2780 1310/1829/2779 1306/1837/2792
f 1311/1828/2780 1307/1836/2791 1299/1851/2794 1297/1827/2781
s off
f 1296/1864/2803 1297/1850/2804 1299/1831/2805 1298/1865/2806
f 1309/1825/2807 1308/1824/2808 1312/1839/2809 1313/1843/2810
f 1308/1824/2811 1304/1835/2812 1314/1840/2813 1312/1839/2814
f 1304/1835/2815 1305/1834/2816 1315/1841/2817 1314/1840/2818
f 1305/1834/2819 1309/1849/2820 1313/1844/2821 1315/1841/2822
g default
v -12.378307 0.049569 15.613624
v -12.227328 0.049569 15.613624
v -12.378307 0.051375 15.702664
v -12.227328 0.051375 15.702664
v -12.378307 9.025780 15.671663
v -12.227328 9.025780 15.671663
v -12.378307 9.023974 15.582621
v -12.227328 9.023974 15.582621
vt 0.285447 0.135809
vt 0.285447 0.142380
vt 0.006067 0.142380
vt 0.006067 0.135809
vt 0.006067 0.152828
vt 0.006067 0.146257
vt 0.285447 0.146257
vt 0.285447 0.152828
vn 0.000000 0.003454 0.999994
vn 0.000000 0.003454 0.999994
vn 0.000000 0.003454 0.999994
vn 0.000000 0.003454 0.999994
vn 0.000000 -0.003455 -0.999994
vn 0.000000 -0.003455 -0.999994
vn 0.000000 -0.003455 -0.999994
vn 0.000000 -0.003455 -0.999994
vn 1.000000 0.000000 0.000000
vn 1.000000 0.000000 0.000000
vn 1.000000 0.000000 0.000000
vn 1.000000 0.000000 0.000000
s off
g Cubiculos2 Accesorios pCube63 Soportes
usemtl lambert3SG
f 1318/1870/2823 1319/1871/2824 1321/1872/2825 1320/1873/2826
f 1322/1874/2827 1323/1875/2828 1317/1876/2829 1316/1877/2830
f 1317/1876/2831 1323/1875/2832 1321/1872/2833 1319/1871/2834
g default
v -12.370694 0.049569 15.856159
v -12.082062 0.049569 15.856159
v -12.370694 0.051375 15.945200
v -12.082062 0.051375 15.945200
v -12.370694 9.025780 15.914198
v -12.082062 9.025780 15.914198
v -12.370694 9.023974 15.825157
v -12.082062 9.023974 15.825157
vt 0.285447 0.042343
vt 0.285447 0.054907
vt 0.006067 0.054907
vt 0.006067 0.042343
vt 0.006067 0.071347
vt 0.006067 0.058783
vt 0.285447 0.058783
vt 0.285447 0.071347
vn 0.000000 0.003455 0.999994
vn 0.000000 0.003455 0.999994
vn 0.000000 0.003455 0.999994
vn 0.000000 0.003455 0.999994
vn 0.000000 -0.003454 -0.999994
vn 0.000000 -0.003454 -0.999994
vn 0.000000 -0.003454 -0.999994
vn 0.000000 -0.003454 -0.999994
vn 1.000000 0.000000 0.000000
vn 1.000000 0.000000 0.000000
vn 1.000000 0.000000 0.000000
vn 1.000000 0.000000 0.000000
s off
g Cubiculos2 Accesorios Soportes pCube62
usemtl lambert3SG
f 1326/1878/2835 1327/1879/2836 1329/1880/2837 1328/1881/2838
f 1330/1882/2839 1331/1883/2840 1325/1884/2841 1324/1885/2842
f 1325/1884/2843 1331/1883/2844 1329/1880/2845 1327/1879/2846
g default
v -12.374584 0.049569 16.120790
v -11.970583 0.049569 16.120790
v -12.374584 0.051375 16.209830
v -11.970583 0.051375 16.209830
v -12.374584 9.025780 16.178829
v -11.970583 9.025780 16.178829
v -12.374584 9.023974 16.089787
v -11.970583 9.023974 16.089787
vt 0.285447 0.003295
vt 0.285447 0.020881
vt 0.006067 0.020881
vt 0.006067 0.003295
vt 0.006067 0.042343
vt 0.006067 0.024757
vt 0.285447 0.024757
vt 0.285447 0.042343
vn 0.000000 0.003454 0.999994
vn 0.000000 0.003454 0.999994
vn 0.000000 0.003454 0.999994
vn 0.000000 0.003454 0.999994
vn 0.000000 -0.003455 -0.999994
vn 0.000000 -0.003455 -0.999994
vn 0.000000 -0.003455 -0.999994
vn 0.000000 -0.003455 -0.999994
vn 1.000000 0.000000 0.000000
vn 1.000000 0.000000 0.000000
vn 1.000000 0.000000 0.000000
vn 1.000000 0.000000 0.000000
s off
g Cubiculos2 Accesorios Soportes pCube61
usemtl lambert3SG
f 1334/1886/2847 1335/1887/2848 1337/1888/2849 1336/1889/2850
f 1338/1890/2851 1339/1891/2852 1333/1892/2853 1332/1893/2854
f 1333/1892/2855 1339/1891/2856 1337/1888/2857 1335/1887/2858
g default
v -12.375418 23.274870 -3.407753
v -4.518114 23.274870 -3.407753
v -12.375418 23.391858 -3.407753
v -4.518114 23.391858 -3.407753
v -12.375418 23.391858 -3.504814
v -4.518114 23.391858 -3.504814
v -12.375418 23.274870 -3.504814
v -4.518114 23.274870 -3.504814
v -6.969766 23.391858 -3.504814
v -6.482440 23.035542 -3.504814
v -6.482440 23.035542 -3.407753
v -6.969766 23.391858 -3.407753
v -11.407986 23.274870 -3.504814
v -11.407986 23.274870 -3.407753
v -8.398939 23.391858 -3.504814
v -9.426154 23.258916 -3.504814
v -9.426154 23.258916 -3.407753
v -8.398959 23.391858 -3.407754
v -7.536390 22.827002 -3.504814
v -7.536390 22.827002 -3.407753
v -5.420793 23.274870 -3.504814
v -5.420793 23.274870 -3.407753
v -6.969766 22.894641 -3.504814
v -6.969766 22.894641 -3.407753
v -8.083411 22.902503 -3.504814
v -8.083411 22.902503 -3.407753
v -8.600518 23.039761 -3.504814
v -8.600518 23.039761 -3.407753
v -5.861704 23.198942 -3.504814
v -5.861704 23.198942 -3.407753
v -9.096675 23.195106 -3.504814
v -9.096675 23.195106 -3.407753
vt 0.952288 0.149805
vt 0.910177 0.149811
vt 0.549362 0.475707
vt 0.957381 0.154029
vt 0.523816 0.299914
vt 0.952289 0.154030
vt 0.544288 0.133688
vt 0.605715 0.154077
vt 0.518753 0.000005
vt 0.600622 0.149853
vt 0.518743 0.106723
vt 0.664482 0.154069
vt 0.692423 0.154065
vt 0.533866 0.219192
vt 0.540980 0.192173
vt 0.549375 0.240406
vt 0.518736 0.168933
vt 0.524519 0.213647
vt 0.823908 0.149822
vt 0.549371 0.302617
vt 0.809300 0.154049
vt 0.540805 0.332987
vt 0.714504 0.154062
vt 0.739344 0.154059
vt 0.524786 0.265069
vt 0.527731 0.240404
vt 0.645007 0.154072
vt 0.544286 0.172980
vt 0.763380 0.154056
vt 0.528071 0.288880
vt 0.786669 0.154052
vt 0.534044 0.311389
vt 0.809299 0.149824
vt 0.786668 0.149828
vt 0.664482 0.149844
vt 0.645007 0.149847
vt 0.763380 0.149831
vt 0.739343 0.149834
vt 0.714503 0.149837
vt 0.692422 0.149840
vt 0.543582 0.347329
vt 0.544272 0.433596
vt 0.527298 0.199306
vt 0.534062 0.177709
vt 0.527145 0.058491
vt 0.523842 0.039299
vt 0.540039 0.155201
vt 0.543328 0.131390
vt 0.540386 0.106725
vt 0.534255 0.085512
vt 0.823908 0.154047
vt 0.910178 0.154036
vt 0.605714 0.149852
vt 0.549380 0.133688
vt 0.600623 0.154078
vt 0.523846 0.000006
vt 0.544270 0.475707
vt 0.957381 0.149804
vt 0.518719 0.342024
vt 0.523811 0.342025
vn 0.000000 0.000000 1.000000
vn 0.000000 0.000001 1.000000
vn 0.000000 0.000000 1.000000
vn -0.000000 0.000000 -1.000000
vn -0.000000 0.000000 -1.000000
vn 0.000000 0.000000 -1.000000
vn 0.000000 -1.000000 0.000000
vn -0.005409 -0.999985 0.000000
vn -0.005409 -0.999985 0.000000
vn 0.000000 -1.000000 0.000000
vn 1.000000 0.000000 0.000000
vn 1.000000 0.000000 0.000000
vn 1.000000 0.000000 0.000000
vn 1.000000 0.000000 0.000000
vn -1.000000 0.000000 0.000000
vn -1.000000 0.000000 0.000000
vn -1.000000 0.000000 0.000000
vn -1.000000 0.000000 0.000000
vn 0.000000 0.000000 -1.000000
vn 0.000000 0.000000 -1.000000
vn 0.000001 0.000000 -1.000000
vn 0.264820 -0.964298 0.000000
vn 0.264820 -0.964298 0.000000
vn 0.219912 -0.975520 0.000000
vn 0.219912 -0.975520 0.000000
vn 0.000000 0.000000 1.000000
vn 0.000000 0.000000 1.000000
vn 0.000000 0.000000 1.000000
vn -0.000000 0.000000 -1.000000
vn -0.000000 0.000000 -1.000000
vn -0.034490 -0.999405 0.000000
vn -0.034490 -0.999405 0.000000
vn 0.000000 0.000000 1.000000
vn 0.000000 0.000001 1.000000
vn 0.000000 0.000000 -1.000000
vn -0.256554 -0.966530 0.000000
vn -0.256554 -0.966530 0.000000
vn 0.000000 0.000001 1.000000
vn 0.000000 0.000000 -1.000000
vn -0.000000 0.000000 -1.000000
vn -0.007060 -0.999975 0.000000
vn -0.007060 -0.999975 0.000000
vn 0.194103 -0.980981 0.000000
vn 0.194103 -0.980981 0.000000
vn 0.000000 0.000000 1.000000
vn 0.000000 0.000000 1.000000
vn 0.000000 0.000000 -1.000000
vn 0.000000 0.000000 -1.000000
vn 0.000000 0.000000 -1.000000
vn 0.056421 -0.998407 0.000000
vn 0.056421 -0.998407 0.000000
vn 0.000000 -1.000000 0.000000
vn 0.000000 -1.000000 0.000000
vn 0.000000 0.000000 1.000000
vn 0.000000 0.000000 1.000000
vn 0.000000 0.000000 1.000000
vn -0.000000 0.000000 -1.000000
vn -0.196057 -0.980592 0.000000
vn -0.196057 -0.980592 0.000000
vn 0.000000 0.000001 1.000000
vn 0.000000 0.000000 -1.000000
vn -0.277437 -0.960744 0.000000
vn -0.277437 -0.960744 0.000000
vn 0.000000 0.000001 1.000000
s 1
g Cubiculos2 Accesorios pCube60 Adornos_techo
usemtl lambert3SG
f 1340/1950/2859 1353/1935/2860 1342/1896/2861
s 2
f 1344/1952/2862 1352/1898/2863 1346/1953/2864
s 3
f 1346/1899/2865 1352/1945/2866 1353/1895/2867 1340/1894/2868
s off
f 1341/1946/2869 1347/1901/2870 1345/1948/2871 1343/1903/2872
f 1346/1899/2873 1340/1894/2874 1342/1951/2875 1344/1897/2876
s 2
f 1348/1904/2877 1368/1938/2878 1349/1943/2879
s 3
f 1350/1933/2880 1349/1906/2881 1368/1905/2882 1369/1928/2883
s 1
f 1351/1909/2884 1350/1907/2885 1369/1908/2886
s 2
f 1352/1898/2863 1344/1952/2862 1354/1910/2887 1355/1911/2888
s 3
f 1353/1895/2867 1352/1945/2866 1355/1944/2889 1356/1912/2890
s 1
f 1357/1913/2891 1342/1896/2861 1353/1935/2860 1356/1934/2892
s 2
f 1355/1911/2888 1354/1910/2887 1370/1936/2893
s 3
f 1356/1912/2890 1355/1944/2889 1370/1914/2894 1371/1926/2895
s 1
f 1357/1913/2891 1356/1934/2892 1371/1915/2896
s 2
f 1354/1910/2887 1348/1904/2877 1362/1942/2897 1358/1941/2898
s 3
f 1359/1931/2899 1358/1917/2900 1362/1916/2901 1363/1932/2902
s 1
f 1357/1913/2891 1359/1918/2903 1363/1919/2904 1351/1909/2884
s 2
f 1348/1904/2877 1345/1902/2905 1347/1949/2906 1360/1939/2907
s 3
f 1361/1929/2908 1360/1920/2909 1347/1901/2910 1341/1946/2911
s 1
f 1351/1909/2884 1361/1921/2912 1341/1900/2913 1343/1947/2914
s 2
f 1348/1904/2877 1349/1943/2879 1362/1942/2897
s 3
f 1363/1932/2902 1362/1916/2901 1349/1906/2881 1350/1933/2880
s 1
f 1351/1909/2884 1363/1919/2904 1350/1907/2885
s 2
f 1364/1940/2915 1354/1910/2887 1358/1941/2898
s 3
f 1365/1930/2916 1364/1922/2917 1358/1917/2900 1359/1931/2899
s 1
f 1357/1913/2891 1365/1923/2918 1359/1918/2903
s 2
f 1366/1937/2919 1354/1910/2887 1364/1940/2915
s 3
f 1367/1927/2920 1366/1924/2921 1364/1922/2917 1365/1930/2916
s 1
f 1357/1913/2891 1367/1925/2922 1365/1923/2918
s 2
f 1348/1904/2877 1360/1939/2907 1368/1938/2878
s 3
f 1369/1928/2883 1368/1905/2882 1360/1920/2909 1361/1929/2908
s 1
f 1351/1909/2884 1369/1908/2886 1361/1921/2912
s 2
f 1370/1936/2893 1354/1910/2887 1366/1937/2919
s 3
f 1371/1926/2895 1370/1914/2894 1366/1924/2921 1367/1927/2920
s 1
f 1357/1913/2891 1371/1915/2896 1367/1925/2922
g default
v -12.375418 23.274870 -2.818311
v -4.518114 23.274870 -2.818311
v -12.375418 23.391858 -2.818311
v -4.518114 23.391858 -2.818311
v -12.375418 23.391858 -2.915371
v -4.518114 23.391858 -2.915371
v -12.375418 23.274870 -2.915371
v -4.518114 23.274870 -2.915371
v -6.482440 23.274870 -2.915371
v -6.482440 23.274870 -2.818311
v -9.405547 23.391858 -2.915371
v -8.446766 22.959651 -2.915371
v -8.446766 22.959651 -2.818311
v -9.405547 23.391858 -2.818311
v -10.411092 22.980639 -2.915371
v -10.411092 22.980639 -2.818311
v -11.407986 23.274870 -2.915371
v -11.407986 23.274870 -2.818311
v -9.426154 22.788425 -2.915371
v -9.426154 22.788425 -2.818311
v -7.536390 23.203953 -2.915371
v -7.536390 23.203953 -2.818311
v -5.700484 23.274870 -2.915371
v -5.700484 23.274870 -2.818311
v -10.859928 23.149650 -2.915371
v -10.859928 23.149650 -2.818311
v -9.892618 22.837905 -2.915371
v -9.892618 22.837905 -2.818311
v -8.959423 22.832323 -2.915371
v -8.959423 22.832323 -2.818311
v -7.948417 23.124004 -2.915371
v -7.948417 23.124004 -2.818311
vt 0.952996 0.154074
vt 0.448547 0.496722
vt 0.361383 0.491643
vt 0.490658 0.491622
vt 0.958088 0.158299
vt 0.491429 0.212750
vt 0.910885 0.158300
vt 0.952996 0.158299
vt 0.148640 0.496770
vt 0.605714 0.158303
vt 0.491448 0.000005
vt 0.600622 0.154078
vt 0.657182 0.158302
vt 0.691219 0.158302
vt 0.234144 0.496756
vt 0.200107 0.496761
vt 0.755470 0.158301
vt 0.778311 0.158301
vt 0.319651 0.510463
vt 0.297958 0.503313
vt 0.842129 0.158300
vt 0.865537 0.158300
vt 0.405156 0.509536
vt 0.382588 0.515753
vt 0.886414 0.158300
vt 0.424692 0.502176
vt 0.801305 0.158301
vt 0.821710 0.158301
vt 0.362284 0.517910
vt 0.341967 0.516002
vt 0.737200 0.158301
vt 0.280022 0.499836
vt 0.503094 0.149324
vt 0.499616 0.131388
vt 0.515787 0.193333
vt 0.510246 0.171017
vt 0.515540 0.233953
vt 0.517696 0.213649
vt 0.501967 0.276058
vt 0.509325 0.256521
vt 0.496536 0.051473
vt 0.496533 0.085511
vt 0.496514 0.299914
vt 0.755469 0.154076
vt 0.737200 0.154076
vt 0.801305 0.154076
vt 0.778311 0.154076
vt 0.842129 0.154075
vt 0.821710 0.154076
vt 0.886414 0.154075
vt 0.865537 0.154075
vt 0.657182 0.154077
vt 0.691219 0.154077
vt 0.910885 0.154075
vt 0.491418 0.342024
vt 0.496510 0.342025
vt 0.490659 0.496715
vt 0.958088 0.154074
vt 0.600622 0.158303
vt 0.496541 0.000006
vt 0.605714 0.154078
vt 0.148639 0.491677
vn 0.000000 0.000000 1.000000
vn 0.000000 0.000000 1.000000
vn -0.000000 0.000000 1.000000
vn 0.000000 0.000000 1.000000
vn 0.000000 0.000000 -1.000000
vn -0.000000 0.000000 -1.000000
vn -0.000000 0.000000 -1.000000
vn 0.000000 0.000000 -1.000000
vn 0.000000 -1.000000 0.000000
vn -0.082346 -0.996604 0.000000
vn -0.082346 -0.996604 0.000000
vn 0.000000 -1.000000 0.000000
vn 1.000000 0.000000 0.000000
vn 1.000000 0.000000 0.000000
vn 1.000000 0.000000 0.000000
vn 1.000000 0.000000 0.000000
vn -1.000000 0.000000 0.000000
vn -1.000000 0.000000 0.000000
vn -1.000000 0.000000 0.000000
vn -1.000000 0.000000 0.000000
vn 0.000000 0.000000 -1.000000
vn 0.000000 0.000000 -1.000000
vn 0.000000 0.000000 -1.000000
vn 0.038599 -0.999255 0.000000
vn 0.038599 -0.999255 0.000000
vn 0.000000 -1.000000 0.000000
vn 0.000000 -1.000000 0.000000
vn 0.000000 0.000000 1.000000
vn 0.000000 0.000000 1.000000
vn 0.000000 0.000000 1.000000
vn 0.000000 0.000000 -1.000000
vn 0.000000 0.000000 -1.000000
vn 0.277199 -0.960813 0.000000
vn 0.277199 -0.960813 0.000000
vn 0.259182 -0.965828 0.000000
vn 0.259182 -0.965828 0.000000
vn 0.000000 0.000000 1.000000
vn -0.000000 0.000000 1.000000
vn -0.000000 0.000000 -1.000000
vn 0.000000 0.000000 -1.000000
vn -0.306744 -0.951792 0.000000
vn -0.306744 -0.951792 0.000000
vn -0.191540 -0.981485 0.000000
vn -0.191540 -0.981485 0.000000
vn 0.000000 0.000000 1.000000
vn 0.000000 0.000000 1.000000
vn -0.000000 0.000000 -1.000000
vn -0.283076 -0.959098 0.000000
vn -0.283076 -0.959098 0.000000
vn 0.000000 0.000000 1.000000
vn 0.000000 0.000000 -1.000000
vn -0.000000 0.000000 -1.000000
vn -0.005981 -0.999982 0.000000
vn -0.005981 -0.999982 0.000000
vn 0.172218 -0.985059 0.000000
vn 0.172218 -0.985059 0.000000
vn 0.000000 0.000000 1.000000
vn -0.000000 0.000000 1.000000
vn 0.000000 0.000000 -1.000000
vn 0.102371 -0.994746 0.000000
vn 0.102371 -0.994746 0.000000
vn -0.000000 0.000000 1.000000
vn 0.000000 0.000000 -1.000000
vn 0.000000 -1.000000 0.000000
vn 0.000000 -1.000000 0.000000
vn 0.000000 0.000000 1.000000
s 1
g Cubiculos2 Accesorios Adornos_techo pCube59
usemtl lambert3SG
f 1372/2010/2923 1389/1955/2924 1385/1956/2925 1374/1957/2926
s 2
f 1376/2008/2927 1382/1959/2928 1388/1996/2929 1378/2009/2930
s 3
f 1378/1961/2931 1388/1960/2932 1389/2007/2933 1372/1954/2934
s off
f 1373/2014/2935 1379/1963/2936 1377/2012/2937 1375/1965/2938
f 1378/1961/2939 1372/1954/2940 1374/2011/2941 1376/1958/2942
s 2
f 1377/1964/2943 1394/1994/2944 1380/1995/2945
s 3
f 1381/2006/2946 1380/1967/2947 1394/1966/2948 1395/2005/2949
s 1
f 1375/2015/2950 1381/1968/2951 1395/1969/2952
s 2
f 1382/1959/2928 1402/1986/2953 1383/1989/2954
s 3
f 1384/2000/2955 1383/1971/2956 1402/1970/2957 1403/1997/2958
s 1
f 1385/1956/2925 1384/1972/2959 1403/1973/2960
s 2
f 1382/1959/2928 1398/1990/2961 1386/1993/2962
s 3
f 1387/2004/2963 1386/1975/2964 1398/1974/2965 1399/2001/2966
s 1
f 1385/1956/2925 1387/1976/2967 1399/1977/2968
s 2
f 1382/1959/2928 1396/1992/2969 1388/1996/2929
s 3
f 1389/2007/2933 1388/1960/2932 1396/1978/2970 1397/2003/2971
s 1
f 1385/1956/2925 1389/1955/2924 1397/1979/2972
s 2
f 1382/1959/2928 1400/1988/2973 1390/1991/2974
s 3
f 1391/2002/2975 1390/1981/2976 1400/1980/2977 1401/1999/2978
s 1
f 1385/1956/2925 1391/1982/2979 1401/1983/2980
s 2
f 1382/1959/2928 1377/1964/2943 1380/1995/2945 1392/1987/2981
s 3
f 1393/1998/2982 1392/1984/2983 1380/1967/2947 1381/2006/2946
s 1
f 1385/1956/2925 1393/1985/2984 1381/1968/2951 1375/2015/2950
s 2
f 1377/1964/2943 1379/2013/2985 1394/1994/2944
s 3
f 1395/2005/2949 1394/1966/2948 1379/1963/2986 1373/2014/2987
s 1
f 1375/2015/2950 1395/1969/2952 1373/1962/2988
s 2
f 1382/1959/2928 1386/1993/2962 1396/1992/2969
s 3
f 1397/2003/2971 1396/1978/2970 1386/1975/2964 1387/2004/2963
s 1
f 1385/1956/2925 1397/1979/2972 1387/1976/2967
s 2
f 1382/1959/2928 1390/1991/2974 1398/1990/2961
s 3
f 1399/2001/2966 1398/1974/2965 1390/1981/2976 1391/2002/2975
s 1
f 1385/1956/2925 1399/1977/2968 1391/1982/2979
s 2
f 1382/1959/2928 1383/1989/2954 1400/1988/2973
s 3
f 1401/1999/2978 1400/1980/2977 1383/1971/2956 1384/2000/2955
s 1
f 1385/1956/2925 1401/1983/2980 1384/1972/2959
s 2
f 1382/1959/2928 1392/1987/2981 1402/1986/2953
s 3
f 1403/1997/2958 1402/1970/2957 1392/1984/2983 1393/1998/2982
s 1
f 1385/1956/2925 1403/1973/2960 1393/1985/2984
g default
v -4.845557 1.445643 -5.254186
v -4.688109 1.445643 -5.254186
v -4.845557 1.462555 -5.254186
v -4.688109 1.462555 -5.254186
v -4.845557 1.462555 -5.456862
v -4.688109 1.462555 -5.456862
v -4.845557 1.445643 -5.456862
v -4.688109 1.445643 -5.456862
vt 0.448950 0.008292
vt 0.456539 0.007556
vt 0.456539 0.008292
vt 0.449686 0.008292
vt 0.456539 0.017114
vt 0.449686 0.017114
vt 0.457276 0.017114
vt 0.449686 0.017850
vt 0.456539 0.017850
vt 0.448950 0.017114
vt 0.457276 0.008292
vt 0.449686 0.007556
vn 0.000000 0.000000 1.000000
vn 0.000000 0.000000 1.000000
vn 0.000000 0.000000 1.000000
vn 0.000000 0.000000 1.000000
vn 0.000000 1.000000 0.000000
vn 0.000000 1.000000 0.000000
vn 0.000000 1.000000 0.000000
vn 0.000000 1.000000 0.000000
vn 0.000000 0.000000 -1.000000
vn 0.000000 0.000000 -1.000000
vn 0.000000 0.000000 -1.000000
vn 0.000000 0.000000 -1.000000
vn 1.000000 0.000000 0.000000
vn 1.000000 0.000000 0.000000
vn 1.000000 0.000000 0.000000
vn 1.000000 0.000000 0.000000
vn -1.000000 0.000000 0.000000
vn -1.000000 0.000000 0.000000
vn -1.000000 0.000000 0.000000
vn -1.000000 0.000000 0.000000
s off
g Cubiculos2 Accesorios pCube44 Teclado Adornos_Escritorio
usemtl lambert3SG
f 1404/2027/2989 1405/2017/2990 1407/2018/2991 1406/2019/2992
f 1406/2019/2993 1407/2018/2994 1409/2020/2995 1408/2021/2996
f 1408/2021/2997 1409/2020/2998 1411/2024/2999 1410/2023/3000
f 1405/2026/3001 1411/2022/3002 1409/2020/3003 1407/2018/3004
f 1410/2025/3005 1404/2016/3006 1406/2019/3007 1408/2021/3008
g default
v -4.650533 1.445643 -5.254186
v -4.493085 1.445643 -5.254186
v -4.650533 1.462555 -5.254186
v -4.493085 1.462555 -5.254186
v -4.650533 1.462555 -5.456862
v -4.493085 1.462555 -5.456862
v -4.650533 1.445643 -5.456862
v -4.493085 1.445643 -5.456862
vt 0.448950 0.008292
vt 0.456539 0.007556
vt 0.456539 0.008292
vt 0.449686 0.008292
vt 0.456539 0.017114
vt 0.449686 0.017114
vt 0.457276 0.017114
vt 0.449686 0.017850
vt 0.456539 0.017850
vt 0.448950 0.017114
vt 0.457276 0.008292
vt 0.449686 0.007556
vn 0.000000 0.000000 1.000000
vn 0.000000 0.000000 1.000000
vn 0.000000 0.000000 1.000000
vn 0.000000 0.000000 1.000000
vn 0.000000 1.000000 0.000000
vn 0.000000 1.000000 0.000000
vn 0.000000 1.000000 0.000000
vn 0.000000 1.000000 0.000000
vn 0.000000 0.000000 -1.000000
vn 0.000000 0.000000 -1.000000
vn 0.000000 0.000000 -1.000000
vn 0.000000 0.000000 -1.000000
vn 1.000000 0.000000 0.000000
vn 1.000000 0.000000 0.000000
vn 1.000000 0.000000 0.000000
vn 1.000000 0.000000 0.000000
vn -1.000000 0.000000 0.000000
vn -1.000000 0.000000 0.000000
vn -1.000000 0.000000 0.000000
vn -1.000000 0.000000 0.000000
s off
g Cubiculos2 Accesorios Teclado Adornos_Escritorio pCube43
usemtl lambert3SG
f 1412/2039/3009 1413/2029/3010 1415/2030/3011 1414/2031/3012
f 1414/2031/3013 1415/2030/3014 1417/2032/3015 1416/2033/3016
f 1416/2033/3017 1417/2032/3018 1419/2036/3019 1418/2035/3020
f 1413/2038/3021 1419/2034/3022 1417/2032/3023 1415/2030/3024
f 1418/2037/3025 1412/2028/3026 1414/2031/3027 1416/2033/3028
g default
v -4.448538 1.445643 -5.018570
v -4.394887 1.445643 -5.018570
v -4.448538 1.462555 -5.018570
v -4.394887 1.462555 -5.018570
v -4.448538 1.462555 -6.184972
v -4.394887 1.462555 -6.184972
v -4.448538 1.445643 -6.184972
v -4.394887 1.445643 -6.184972
vt 0.579328 0.019669
vt 0.580064 0.022741
vt 0.579328 0.022741
vt 0.579328 0.020405
vt 0.528555 0.022741
vt 0.528555 0.020405
vt 0.528555 0.023477
vt 0.527819 0.020405
vt 0.527819 0.022741
vt 0.528555 0.019669
vt 0.579328 0.023477
vt 0.580064 0.020405
vn 0.000000 0.000000 1.000000
vn 0.000000 0.000000 1.000000
vn 0.000000 0.000000 1.000000
vn 0.000000 0.000000 1.000000
vn 0.000000 1.000000 0.000000
vn 0.000000 1.000000 0.000000
vn 0.000000 1.000000 0.000000
vn 0.000000 1.000000 0.000000
vn 0.000000 0.000000 -1.000000
vn 0.000000 0.000000 -1.000000
vn 0.000000 0.000000 -1.000000
vn 0.000000 0.000000 -1.000000
vn 1.000000 0.000000 0.000000
vn 1.000000 0.000000 0.000000
vn 1.000000 0.000000 0.000000
vn 1.000000 0.000000 0.000000
vn -1.000000 0.000000 0.000000
vn -1.000000 0.000000 0.000000
vn -1.000000 0.000000 0.000000
vn -1.000000 0.000000 0.000000
s off
g Cubiculos2 Accesorios Teclado Adornos_Escritorio pCube41
usemtl lambert3SG
f 1420/2051/3029 1421/2041/3030 1423/2042/3031 1422/2043/3032
f 1422/2043/3033 1423/2042/3034 1425/2044/3035 1424/2045/3036
f 1424/2045/3037 1425/2044/3038 1427/2048/3039 1426/2047/3040
f 1421/2050/3041 1427/2046/3042 1425/2044/3043 1423/2042/3044
f 1426/2049/3045 1420/2040/3046 1422/2043/3047 1424/2045/3048
g default
v -4.847032 1.445643 -5.024638
v -4.494880 1.445643 -5.024638
v -4.847032 1.462555 -5.024638
v -4.494880 1.462555 -5.024638
v -4.847032 1.462555 -5.227314
v -4.494880 1.462555 -5.227314
v -4.847032 1.445643 -5.227314
v -4.494880 1.445643 -5.227314
vt 0.891833 0.037096
vt 0.907898 0.036361
vt 0.907898 0.037097
vt 0.892569 0.037096
vt 0.907897 0.045920
vt 0.892569 0.045918
vt 0.908634 0.045920
vt 0.892569 0.046655
vt 0.907897 0.046656
vt 0.891833 0.045918
vt 0.908634 0.037097
vt 0.892570 0.036360
vn 0.000000 0.000000 1.000000
vn 0.000000 0.000000 1.000000
vn 0.000000 0.000000 1.000000
vn 0.000000 0.000000 1.000000
vn 0.000000 1.000000 0.000000
vn 0.000000 1.000000 0.000000
vn 0.000000 1.000000 0.000000
vn 0.000000 1.000000 0.000000
vn 0.000000 0.000000 -1.000000
vn 0.000000 0.000000 -1.000000
vn 0.000000 0.000000 -1.000000
vn 0.000000 0.000000 -1.000000
vn 1.000000 0.000000 0.000000
vn 1.000000 0.000000 0.000000
vn 1.000000 0.000000 0.000000
vn 1.000000 0.000000 0.000000
vn -1.000000 0.000000 0.000000
vn -1.000000 0.000000 0.000000
vn -1.000000 0.000000 0.000000
vn -1.000000 0.000000 0.000000
s off
g Cubiculos2 Accesorios Teclado Adornos_Escritorio pCube42
usemtl lambert3SG
f 1428/2063/3049 1429/2053/3050 1431/2054/3051 1430/2055/3052
f 1430/2055/3053 1431/2054/3054 1433/2056/3055 1432/2057/3056
f 1432/2057/3057 1433/2056/3058 1435/2060/3059 1434/2059/3060
f 1429/2062/3061 1435/2058/3062 1433/2056/3063 1431/2054/3064
f 1434/2061/3065 1428/2052/3066 1430/2055/3067 1432/2057/3068
g default
v -4.852941 1.445643 -5.485103
v -4.493443 1.445643 -5.485103
v -4.852941 1.462555 -5.485103
v -4.493443 1.462555 -5.485103
v -4.852941 1.462555 -6.180531
v -4.493443 1.462555 -6.180531
v -4.852941 1.445643 -6.180531
v -4.493443 1.445643 -6.180531
vt 0.940368 0.000742
vt 0.956752 0.000005
vt 0.956752 0.000742
vt 0.941104 0.000742
vt 0.956752 0.031013
vt 0.941104 0.031013
vt 0.957489 0.031013
vt 0.941104 0.031749
vt 0.956752 0.031749
vt 0.940368 0.031013
vt 0.957489 0.000742
vt 0.941104 0.000005
vn 0.000000 0.000000 1.000000
vn 0.000000 0.000000 1.000000
vn 0.000000 0.000000 1.000000
vn 0.000000 0.000000 1.000000
vn 0.000000 1.000000 0.000000
vn 0.000000 1.000000 0.000000
vn 0.000000 1.000000 0.000000
vn 0.000000 1.000000 0.000000
vn 0.000000 0.000000 -1.000000
vn 0.000000 0.000000 -1.000000
vn 0.000000 0.000000 -1.000000
vn 0.000000 0.000000 -1.000000
vn 1.000000 0.000000 0.000000
vn 1.000000 0.000000 0.000000
vn 1.000000 0.000000 0.000000
vn 1.000000 0.000000 0.000000
vn -1.000000 0.000000 0.000000
vn -1.000000 0.000000 0.000000
vn -1.000000 0.000000 0.000000
vn -1.000000 0.000000 0.000000
s off
g Cubiculos2 Accesorios Teclado Adornos_Escritorio pCube40
usemtl lambert3SG
f 1436/2075/3069 1437/2065/3070 1439/2066/3071 1438/2067/3072
f 1438/2067/3073 1439/2066/3074 1441/2068/3075 1440/2069/3076
f 1440/2069/3077 1441/2068/3078 1443/2072/3079 1442/2071/3080
f 1437/2074/3081 1443/2070/3082 1441/2068/3083 1439/2066/3084
f 1442/2073/3085 1436/2064/3086 1438/2067/3087 1440/2069/3088
g default
v -4.897821 1.417991 -4.959185
v -4.333444 1.417991 -4.959185
v -4.897821 1.444879 -4.959185
v -4.333444 1.444879 -4.959185
v -4.897821 1.444879 -6.237057
v -4.333444 1.444879 -6.237057
v -4.897821 1.417991 -6.237057
v -4.333444 1.417991 -6.237057
vt 0.964644 0.001176
vt 0.990381 0.000009
vt 0.990381 0.001180
vt 0.965814 0.001176
vt 0.990372 0.056804
vt 0.965806 0.056800
vt 0.991543 0.056804
vt 0.965805 0.057971
vt 0.964635 0.056800
vt 0.990372 0.057974
vt 0.991551 0.001180
vt 0.965814 0.000005
vn 0.000000 0.000000 1.000000
vn 0.000000 0.000000 1.000000
vn 0.000000 0.000000 1.000000
vn 0.000000 0.000000 1.000000
vn 0.000000 1.000000 0.000000
vn 0.000000 1.000000 0.000000
vn 0.000000 1.000000 0.000000
vn 0.000000 1.000000 0.000000
vn 0.000000 0.000000 -1.000000
vn 0.000000 0.000000 -1.000000
vn 0.000000 0.000000 -1.000000
vn 0.000000 0.000000 -1.000000
vn 1.000000 0.000000 0.000000
vn 1.000000 0.000000 0.000000
vn 1.000000 0.000000 0.000000
vn 1.000000 0.000000 0.000000
vn -1.000000 0.000000 0.000000
vn -1.000000 0.000000 0.000000
vn -1.000000 0.000000 0.000000
vn -1.000000 0.000000 0.000000
s off
g Cubiculos2 Accesorios Teclado Adornos_Escritorio pCube39
usemtl lambert3SG
f 1444/2087/3089 1445/2077/3090 1447/2078/3091 1446/2079/3092
f 1446/2079/3093 1447/2078/3094 1449/2080/3095 1448/2081/3096
f 1448/2081/3097 1449/2080/3098 1451/2085/3099 1450/2083/3100
f 1445/2086/3101 1451/2082/3102 1449/2080/3103 1447/2078/3104
f 1450/2084/3105 1444/2076/3106 1446/2079/3107 1448/2081/3108
g default
v -4.029704 1.408010 -5.845301
v -4.024465 1.389883 -5.843471
v -3.871557 1.480133 -5.583726
v -3.866318 1.462007 -5.581895
v -3.854327 1.483955 -5.595197
v -3.849088 1.465828 -5.593367
v -4.012473 1.411832 -5.856772
v -4.007235 1.393705 -5.854941
vt 0.941193 0.045420
vt 0.940368 0.045420
vt 0.943851 0.031749
vt 0.351880 0.000005
vt 0.942934 0.031749
vt 0.942109 0.031749
vt 0.942934 0.045420
vt 0.942109 0.045420
vt 0.943851 0.045420
vt 0.940368 0.031749
vt 0.352705 0.000005
vt 0.352705 0.000922
vt 0.941193 0.031749
vt 0.351880 0.000922
vn -0.818575 -0.181526 0.544961
vn -0.818575 -0.181526 0.544961
vn -0.818575 -0.181526 0.544961
vn -0.818575 -0.181526 0.544961
vn 0.503563 0.229641 0.832880
vn 0.503563 0.229641 0.832880
vn 0.503563 0.229641 0.832880
vn 0.503563 0.229641 0.832880
vn 0.818570 0.181544 -0.544963
vn 0.818570 0.181544 -0.544963
vn 0.818570 0.181544 -0.544963
vn 0.818570 0.181544 -0.544963
vn 0.276358 -0.956191 0.096564
vn 0.276358 -0.956191 0.096564
vn 0.276358 -0.956191 0.096564
vn 0.276358 -0.956191 0.096564
vn -0.276358 0.956191 -0.096564
vn -0.276358 0.956191 -0.096564
vn -0.276358 0.956191 -0.096564
vn -0.276358 0.956191 -0.096564
s off
g Cubiculos2 Accesorios Adornos_Escritorio pCube48 Monitor
usemtl lambert3SG
f 1452/2088/3109 1453/2089/3110 1455/2097/3111 1454/2100/3112
f 1454/2091/3113 1455/2098/3114 1457/2099/3115 1456/2101/3116
f 1456/2093/3117 1457/2092/3118 1459/2094/3119 1458/2095/3120
f 1453/2096/3121 1459/2094/3122 1457/2092/3123 1455/2090/3124
f 1458/2095/3125 1452/2088/3126 1454/2100/3127 1456/2093/3128
g default
v -3.895663 1.682846 -5.501360
v -3.868567 1.682846 -5.501360
v -3.895663 2.228273 -5.501360
v -3.868567 2.228273 -5.501360
v -3.895663 2.228273 -5.674732
v -3.868567 2.228273 -5.674732
v -3.895663 1.682846 -5.674732
v -3.868567 1.682846 -5.674732
vt 0.498664 0.062582
vt 0.497485 0.000005
vt 0.445916 0.000010
vt 0.498664 0.038841
vt 0.445918 0.007556
vt 0.498664 0.031294
vt 0.469659 0.007552
vt 0.498664 0.007552
vt 0.497485 0.007552
vt 0.497485 0.062582
vt 0.469658 0.000005
vt 0.497485 0.031294
vt 0.497485 0.038841
vt 0.498664 0.000005
vn 0.000000 0.000000 1.000000
vn 0.000000 0.000000 1.000000
vn 0.000000 0.000000 1.000000
vn 0.000000 0.000000 1.000000
vn 0.000000 1.000000 0.000000
vn 0.000000 1.000000 0.000000
vn 0.000000 1.000000 0.000000
vn 0.000000 1.000000 0.000000
vn 0.000000 0.000000 -1.000000
vn 0.000000 0.000000 -1.000000
vn 0.000000 0.000000 -1.000000
vn 0.000000 0.000000 -1.000000
vn 0.000000 -1.000000 0.000000
vn 0.000000 -1.000000 0.000000
vn 0.000000 -1.000000 0.000000
vn 0.000000 -1.000000 0.000000
vn 1.000000 0.000000 0.000000
vn 1.000000 0.000000 0.000000
vn 1.000000 0.000000 0.000000
vn 1.000000 0.000000 0.000000
s off
g Cubiculos2 Accesorios Adornos_Escritorio Monitor pCube46
usemtl lambert3SG
f 1460/2102/3129 1461/2111/3130 1463/2114/3131 1462/2105/3132
f 1462/2105/3133 1463/2114/3134 1465/2113/3135 1464/2107/3136
f 1464/2107/3137 1465/2113/3138 1467/2110/3139 1466/2109/3140
f 1466/2109/3141 1467/2110/3142 1461/2103/3143 1460/2115/3144
f 1461/2112/3145 1467/2108/3146 1465/2106/3147 1463/2104/3148
g default
v -3.872120 1.399148 -5.572874
v -3.853162 1.399148 -5.572874
v -3.872120 2.170472 -5.572874
v -3.853162 2.170472 -5.572874
v -3.872120 2.170472 -5.603217
v -3.853162 2.170472 -5.603217
v -3.872120 1.399148 -5.603217
v -3.853162 1.399148 -5.603217
vt 0.615997 0.023136
vt 0.615997 0.023961
vt 0.582421 0.019674
vt 0.331966 0.000005
vt 0.582421 0.020995
vt 0.582422 0.021820
vt 0.615996 0.020990
vt 0.615996 0.021815
vt 0.582422 0.023966
vt 0.331966 0.000831
vt 0.330645 0.000831
vt 0.582422 0.023141
vt 0.330645 0.000006
vt 0.615996 0.019669
vn 0.000000 0.000000 1.000000
vn 0.000000 0.000000 1.000000
vn 0.000000 0.000000 1.000000
vn 0.000000 0.000000 1.000000
vn 0.000000 1.000000 0.000000
vn 0.000000 1.000000 0.000000
vn 0.000000 1.000000 0.000000
vn 0.000000 1.000000 0.000000
vn 0.000000 0.000000 -1.000000
vn 0.000000 0.000000 -1.000000
vn 0.000000 0.000000 -1.000000
vn 0.000000 0.000000 -1.000000
vn 1.000000 0.000000 0.000000
vn 1.000000 0.000000 0.000000
vn 1.000000 0.000000 0.000000
vn 1.000000 0.000000 0.000000
vn -1.000000 0.000000 0.000000
vn -1.000000 0.000000 0.000000
vn -1.000000 0.000000 0.000000
vn -1.000000 0.000000 0.000000
s off
g Cubiculos2 Accesorios Adornos_Escritorio Monitor pCube47
usemtl lambert3SG
f 1468/2116/3149 1469/2117/3150 1471/2124/3151 1470/2127/3152
f 1470/2119/3153 1471/2125/3154 1473/2126/3155 1472/2128/3156
f 1472/2121/3157 1473/2120/3158 1475/2122/3159 1474/2123/3160
f 1469/2129/3161 1475/2122/3162 1473/2120/3163 1471/2118/3164
f 1474/2123/3165 1468/2116/3166 1470/2127/3167 1472/2121/3168
g default
v -4.028642 1.682674 -4.853222
v -3.986961 1.682674 -4.853222
v -4.028642 2.714192 -4.853222
v -3.986961 2.714192 -4.853222
v -4.028642 2.714192 -6.322879
v -3.986961 2.714192 -6.322879
v -4.028642 1.682674 -6.322879
v -3.986961 1.682674 -6.322879
v -3.937484 2.714192 -5.832993
v -3.937484 1.682674 -5.832993
v -3.895803 1.682674 -5.832993
v -3.895803 2.714192 -5.832993
v -3.937484 2.714192 -5.343108
v -3.937484 1.682674 -5.343108
v -3.895803 1.682674 -5.343108
v -3.895803 2.714192 -5.343108
vt 0.661135 0.174305
vt 0.800812 0.095867
vt 0.596427 0.219200
vt 0.755845 0.094067
vt 0.734127 0.095867
vt 0.734127 0.094067
vt 0.596427 0.219200
vt 0.691082 0.095867
vt 0.661135 0.174305
vt 0.865561 0.094067
vt 0.822530 0.094067
vt 0.618120 0.174301
vt 0.843856 0.094067
vt 0.618117 0.219202
vt 0.639445 0.174303
vt 0.712801 0.095867
vt 0.618117 0.219202
vt 0.639441 0.219203
vt 0.639441 0.219203
vt 0.712801 0.094067
vt 0.755845 0.095867
vt 0.661131 0.219205
vt 0.596430 0.174299
vt 0.822530 0.095867
vt 0.843856 0.095867
vt 0.639445 0.174303
vt 0.800812 0.094067
vt 0.618120 0.174301
vt 0.691082 0.094067
vt 0.596430 0.174299
vt 0.661131 0.219205
vt 0.646124 0.095867
vt 0.646124 0.094067
vt 0.865561 0.095867
vn 0.000000 0.000000 1.000000
vn 0.000000 0.000000 1.000000
vn 0.000000 0.000000 1.000000
vn 0.000000 0.000000 1.000000
vn 0.000000 1.000000 0.000000
vn 0.000000 1.000000 0.000000
vn 0.000000 1.000000 0.000000
vn 0.000000 1.000000 0.000000
vn 0.000000 0.000000 -1.000000
vn 0.000000 0.000000 -1.000000
vn 0.000000 0.000000 -1.000000
vn 0.000000 0.000000 -1.000000
vn 0.000000 -1.000000 0.000000
vn 0.000000 -1.000000 0.000000
vn 0.000000 -1.000000 0.000000
vn 0.000000 -1.000000 0.000000
vn 0.983124 0.000000 0.182940
vn 0.995700 0.000000 0.092640
vn 0.995700 0.000000 0.092640
vn 0.983124 0.000000 0.182940
vn -0.995700 0.000000 -0.092640
vn -0.983124 0.000000 -0.182940
vn -0.983124 0.000000 -0.182940
vn -0.995700 0.000000 -0.092640
vn -0.983124 0.000000 0.182940
vn -0.995700 0.000000 0.092640
vn -0.995700 0.000000 0.092640
vn -0.983124 0.000000 0.182940
vn 0.000000 -1.000000 0.000000
vn 0.000000 -1.000000 0.000000
vn 0.000000 -1.000000 0.000000
vn 0.000000 -1.000000 0.000000
vn 0.995700 0.000000 -0.092640
vn 0.995700 0.000000 -0.092640
vn 0.983124 0.000000 -0.182940
vn 0.983124 0.000000 -0.182940
vn 0.000000 1.000000 0.000000
vn 0.000000 1.000000 0.000000
vn 0.000000 1.000000 0.000000
vn 0.000000 1.000000 0.000000
s off
g Cubiculos2 Accesorios Adornos_Escritorio Monitor pCube45
usemtl lambert3SG
f 1476/2156/3169 1477/2131/3170 1479/2150/3171 1478/2133/3172
s 1
f 1479/2150/3173 1491/2134/3174 1488/2135/3175 1478/2133/3176
s off
f 1481/2137/3177 1483/2161/3178 1482/2162/3179 1480/2158/3180
s 2
f 1490/2153/3181 1477/2131/3182 1476/2156/3183 1489/2140/3184
s 3
f 1477/2152/3185 1490/2141/3186 1491/2146/3187 1479/2132/3188
s 4
f 1489/2155/3189 1476/2130/3190 1478/2151/3191 1488/2148/3192
f 1482/2159/3193 1485/2157/3194 1484/2143/3195 1480/2136/3196
s 2
f 1483/2163/3197 1486/2154/3198 1485/2142/3199 1482/2139/3200
s 3
f 1487/2147/3201 1486/2144/3202 1483/2138/3203 1481/2160/3204
s 1
f 1487/2145/3205 1481/2137/3206 1480/2158/3207 1484/2149/3208
s 4
f 1485/2157/3194 1489/2155/3189 1488/2148/3192 1484/2143/3195
s 2
f 1486/2154/3198 1490/2153/3181 1489/2140/3184 1485/2142/3199
s 3
f 1491/2146/3187 1490/2141/3186 1486/2144/3202 1487/2147/3201
s 1
f 1491/2134/3174 1487/2145/3205 1484/2149/3208 1488/2135/3175
g default
v -3.888008 2.090619 -5.530572
v -3.897363 2.086724 -5.527200
v -3.900694 2.077322 -5.523388
v -3.896053 2.067920 -5.521366
v -3.886154 2.064025 -5.522321
v -3.876799 2.067920 -5.525693
v -3.873469 2.077322 -5.529505
v -3.878111 2.086724 -5.531526
v -3.875649 1.971340 -5.409637
v -3.886092 1.971342 -5.411876
v -3.891896 1.970804 -5.420824
v -3.889663 1.970037 -5.431238
v -3.880699 1.969496 -5.437020
v -3.870258 1.969493 -5.434781
v -3.864454 1.970032 -5.425833
v -3.866687 1.970799 -5.415418
v -3.873165 1.786879 -5.414444
v -3.883575 1.787677 -5.416688
v -3.889322 1.788571 -5.425644
v -3.887041 1.789037 -5.436066
v -3.878066 1.788804 -5.441849
v -3.867656 1.788007 -5.439605
v -3.861908 1.787113 -5.430649
v -3.864190 1.786647 -5.420227
v -3.877888 1.614263 -5.422263
v -3.888288 1.613535 -5.424576
v -3.894030 1.613390 -5.433580
v -3.891748 1.613916 -5.444000
v -3.882781 1.614803 -5.449730
v -3.872381 1.615530 -5.447417
v -3.866639 1.615676 -5.438413
v -3.868921 1.615150 -5.427993
v -3.797772 1.474095 -5.426214
v -3.801843 1.464574 -5.428827
v -3.804096 1.459585 -5.437996
v -3.803209 1.462048 -5.448349
v -3.799703 1.470522 -5.453822
v -3.795631 1.480042 -5.451208
v -3.793379 1.485032 -5.442039
v -3.794266 1.482568 -5.431686
v -3.626888 1.458495 -5.428083
v -3.626405 1.448166 -5.430751
v -3.626225 1.442744 -5.439950
v -3.626452 1.445406 -5.450290
v -3.626954 1.454590 -5.455714
v -3.627437 1.464919 -5.453044
v -3.627618 1.470342 -5.443846
v -3.627391 1.467680 -5.433507
v -3.453849 1.470103 -5.429727
v -3.453421 1.459772 -5.432396
v -3.453277 1.454348 -5.441593
v -3.453501 1.457010 -5.451933
v -3.453963 1.466197 -5.457357
v -3.454390 1.476528 -5.454688
v -3.454534 1.481952 -5.445491
v -3.454309 1.479290 -5.435151
v -3.335797 1.334732 -5.432541
v -3.345693 1.331517 -5.434947
v -3.351125 1.329939 -5.444005
v -3.348915 1.330921 -5.454406
v -3.340354 1.333889 -5.460059
v -3.330459 1.337103 -5.457652
v -3.325026 1.338681 -5.448595
v -3.327236 1.337700 -5.438193
v -3.332775 1.252438 -5.435393
v -3.342413 1.256435 -5.437663
v -3.347709 1.258737 -5.446647
v -3.345560 1.257996 -5.457080
v -3.337223 1.254645 -5.462854
v -3.327585 1.250648 -5.460584
v -3.322290 1.248344 -5.451600
v -3.324439 1.249086 -5.441166
v -3.397364 1.091325 -5.437442
v -3.407234 1.094709 -5.439720
v -3.412661 1.096663 -5.448708
v -3.410465 1.096043 -5.459140
v -3.401934 1.093212 -5.464907
v -3.392064 1.089829 -5.462629
v -3.386638 1.087875 -5.453641
v -3.388834 1.088495 -5.443208
v -3.436081 0.931478 -5.439352
v -3.446381 0.933110 -5.441651
v -3.452045 0.934097 -5.450650
v -3.449754 0.933865 -5.461078
v -3.440852 0.932546 -5.466826
v -3.430551 0.930914 -5.464527
v -3.424887 0.929925 -5.455527
v -3.427177 0.930159 -5.445100
v -3.451221 0.767787 -5.441285
v -3.461636 0.768253 -5.443598
v -3.467363 0.768601 -5.452604
v -3.465046 0.768628 -5.463029
v -3.456044 0.768316 -5.468766
v -3.445629 0.767849 -5.466453
v -3.439903 0.767501 -5.457446
v -3.442218 0.767475 -5.447021
v -3.454078 0.602984 -5.444015
v -3.464501 0.603105 -5.446335
v -3.470230 0.603390 -5.455342
v -3.467907 0.603672 -5.465762
v -3.458895 0.603786 -5.471490
v -3.448471 0.603665 -5.469171
v -3.442744 0.603380 -5.460162
v -3.445065 0.603098 -5.449742
v -3.456436 0.437488 -5.452405
v -3.466852 0.437980 -5.454705
v -3.472571 0.438839 -5.463683
v -3.470240 0.439559 -5.474080
v -3.461227 0.439721 -5.479805
v -3.450811 0.439229 -5.477505
v -3.445092 0.438371 -5.468527
v -3.447422 0.437650 -5.458130
v -3.465568 0.272775 -5.469521
v -3.475947 0.273925 -5.471753
v -3.481622 0.275565 -5.480650
v -3.479266 0.276733 -5.491001
v -3.470261 0.276743 -5.496741
v -3.459881 0.275593 -5.494509
v -3.454208 0.273953 -5.485612
v -3.456563 0.272786 -5.475262
v -3.477936 0.127450 -5.453641
v -3.488458 0.126355 -5.455100
v -3.494622 0.120259 -5.461335
v -3.492818 0.112734 -5.468694
v -3.484104 0.108188 -5.472867
v -3.473581 0.109284 -5.471409
v -3.467416 0.115379 -5.465173
v -3.469220 0.122904 -5.457813
v -3.471599 0.080248 -5.307368
v -3.482054 0.078165 -5.306734
v -3.488032 0.069325 -5.307154
v -3.486030 0.058908 -5.308381
v -3.477223 0.053013 -5.309696
v -3.466768 0.055097 -5.310330
v -3.460790 0.063936 -5.309911
v -3.462791 0.074353 -5.308684
v -3.453655 0.076952 -5.144767
v -3.464007 0.074841 -5.143212
v -3.469806 0.065953 -5.142022
v -3.467655 0.055494 -5.141896
v -3.458812 0.049590 -5.142906
v -3.448460 0.051701 -5.144461
v -3.442661 0.060589 -5.145650
v -3.444813 0.071048 -5.145777
v -3.423538 0.090623 -4.983525
v -3.433664 0.088610 -4.980793
v -3.439216 0.079828 -4.978326
v -3.436943 0.069421 -4.977568
v -3.428175 0.063486 -4.978964
v -3.418050 0.065499 -4.981695
v -3.412498 0.074281 -4.984163
v -3.414772 0.084688 -4.984920
v -3.376014 0.116574 -4.828381
v -3.385786 0.114755 -4.824478
v -3.390981 0.106169 -4.820826
v -3.388557 0.095847 -4.819564
v -3.379931 0.089832 -4.821432
v -3.370159 0.091651 -4.825334
v -3.364964 0.100237 -4.828986
v -3.367388 0.110561 -4.830248
v -3.319783 0.151406 -4.676409
v -3.329619 0.149547 -4.672690
v -3.334793 0.140974 -4.668975
v -3.332272 0.130712 -4.667441
v -3.323535 0.124769 -4.668985
v -3.313699 0.126628 -4.672704
v -3.308525 0.135200 -4.676419
v -3.311044 0.145462 -4.677954
v -3.294853 0.177623 -4.512816
v -3.305215 0.175160 -4.513584
v -3.310834 0.166078 -4.513655
v -3.308416 0.155698 -4.512988
v -3.299378 0.150100 -4.511973
v -3.289015 0.152563 -4.511206
v -3.283398 0.161646 -4.511135
v -3.285816 0.172026 -4.511802
v -3.353836 0.148958 -4.356295
v -3.362020 0.147662 -4.363032
v -3.365297 0.139837 -4.369517
v -3.361747 0.130064 -4.371952
v -3.353448 0.124069 -4.368910
v -3.345265 0.125364 -4.362173
v -3.341988 0.133190 -4.355687
v -3.345539 0.142963 -4.353252
v -3.461527 0.056798 -4.262233
v -3.467337 0.057529 -4.271163
v -3.467545 0.052320 -4.280484
v -3.462029 0.044224 -4.284734
v -3.454020 0.037983 -4.281425
v -3.448211 0.037252 -4.272494
v -3.448004 0.042461 -4.263174
v -3.453520 0.050557 -4.258923
v -3.871668 2.061023 -5.464082
v -3.868485 2.056723 -5.469192
v -3.873165 2.052553 -5.472728
v -3.882962 2.050954 -5.472620
v -3.892142 2.052863 -5.468931
v -3.895323 2.057163 -5.463821
v -3.890644 2.061334 -5.460285
v -3.880845 2.062932 -5.460392
v -3.368266 1.443989 -5.460557
v -3.372840 1.435687 -5.454253
v -3.373954 1.433205 -5.442437
v -3.370956 1.437998 -5.432032
v -3.365602 1.447256 -5.429131
v -3.361028 1.455557 -5.435436
v -3.359915 1.458040 -5.447252
v -3.362912 1.453248 -5.457657
v -3.335216 1.416080 -5.436384
v -3.332971 1.417423 -5.448016
v -3.338341 1.415276 -5.458204
v -3.348177 1.410895 -5.460979
v -3.356723 1.406848 -5.454717
v -3.358967 1.405504 -5.443085
v -3.353597 1.407652 -5.432898
v -3.343761 1.412031 -5.430122
vt 0.749261 0.078352
vt 0.749261 0.077885
vt 0.752010 0.077885
vt 0.752010 0.078352
vt 0.749261 0.077454
vt 0.752010 0.077454
vt 0.749261 0.077013
vt 0.752010 0.077013
vt 0.749261 0.076546
vt 0.752010 0.076546
vt 0.749261 0.079687
vt 0.752010 0.079687
vt 0.749261 0.079277
vt 0.752010 0.079277
vt 0.749261 0.078845
vt 0.752010 0.078845
vt 0.756214 0.078352
vt 0.756214 0.077885
vt 0.764390 0.077885
vt 0.764390 0.078352
vt 0.756213 0.077454
vt 0.764390 0.077454
vt 0.756214 0.077013
vt 0.764390 0.077013
vt 0.756213 0.076546
vt 0.764390 0.080147
vt 0.756214 0.079687
vt 0.764390 0.079687
vt 0.756213 0.079277
vt 0.764390 0.079277
vt 0.756214 0.078845
vt 0.764390 0.078845
vt 0.772151 0.077885
vt 0.772151 0.078352
vt 0.772151 0.077454
vt 0.772151 0.077013
vt 0.772151 0.080147
vt 0.772151 0.079687
vt 0.772151 0.079277
vt 0.772151 0.078845
vt 0.779067 0.077885
vt 0.779067 0.078352
vt 0.779067 0.077454
vt 0.779067 0.077013
vt 0.779067 0.080147
vt 0.779067 0.079687
vt 0.779067 0.079277
vt 0.779067 0.078845
vt 0.786606 0.077885
vt 0.786606 0.078352
vt 0.786606 0.077454
vt 0.786606 0.077013
vt 0.786606 0.080147
vt 0.786606 0.079687
vt 0.786606 0.079277
vt 0.786606 0.078845
vt 0.794387 0.077885
vt 0.794387 0.078352
vt 0.794387 0.077454
vt 0.794387 0.077013
vt 0.794387 0.080147
vt 0.794387 0.079687
vt 0.794387 0.079277
vt 0.794387 0.078845
vt 0.798326 0.077885
vt 0.798326 0.078352
vt 0.798326 0.077454
vt 0.798326 0.077013
vt 0.798326 0.080147
vt 0.798326 0.079687
vt 0.798326 0.079277
vt 0.798326 0.078845
vt 0.803484 0.078352
vt 0.803484 0.077885
vt 0.807049 0.077885
vt 0.807049 0.078352
vt 0.803484 0.077454
vt 0.807049 0.077454
vt 0.803484 0.077013
vt 0.807049 0.077013
vt 0.803484 0.076546
vt 0.807049 0.080147
vt 0.803484 0.079687
vt 0.807049 0.079687
vt 0.803484 0.079277
vt 0.807049 0.079277
vt 0.803484 0.078845
vt 0.807049 0.078845
vt 0.814843 0.077885
vt 0.814843 0.078352
vt 0.814843 0.077454
vt 0.814843 0.077013
vt 0.814843 0.080147
vt 0.814843 0.079687
vt 0.814843 0.079277
vt 0.814843 0.078845
vt 0.822243 0.077885
vt 0.822243 0.078352
vt 0.822243 0.077454
vt 0.822243 0.077013
vt 0.822243 0.080147
vt 0.822243 0.079687
vt 0.822243 0.079277
vt 0.822243 0.078845
vt 0.829638 0.077885
vt 0.829638 0.078352
vt 0.829638 0.077454
vt 0.829638 0.077013
vt 0.829638 0.080147
vt 0.829638 0.079687
vt 0.829638 0.079277
vt 0.829638 0.078845
vt 0.837041 0.077885
vt 0.837041 0.078352
vt 0.837041 0.077454
vt 0.837041 0.077013
vt 0.837041 0.080147
vt 0.837041 0.079687
vt 0.837041 0.079277
vt 0.837041 0.078845
vt 0.844452 0.077885
vt 0.844452 0.078352
vt 0.844452 0.077454
vt 0.844452 0.077013
vt 0.844452 0.080147
vt 0.844452 0.079687
vt 0.844452 0.079277
vt 0.844452 0.078845
vt 0.851858 0.077885
vt 0.851858 0.078352
vt 0.851858 0.077454
vt 0.851858 0.077013
vt 0.851858 0.080147
vt 0.851858 0.079687
vt 0.851858 0.079277
vt 0.851858 0.078845
vt 0.858584 0.077885
vt 0.858584 0.078352
vt 0.858584 0.077454
vt 0.858584 0.077013
vt 0.858584 0.080147
vt 0.858584 0.079687
vt 0.858584 0.079277
vt 0.858584 0.078845
vt 0.865559 0.077885
vt 0.865559 0.078352
vt 0.865559 0.077454
vt 0.865559 0.077013
vt 0.865559 0.080147
vt 0.865559 0.079687
vt 0.865559 0.079277
vt 0.865559 0.078845
vt 0.872980 0.077885
vt 0.872980 0.078352
vt 0.872980 0.077454
vt 0.872980 0.077013
vt 0.872980 0.080147
vt 0.872980 0.079687
vt 0.872980 0.079277
vt 0.872980 0.078845
vt 0.880429 0.077885
vt 0.880429 0.078352
vt 0.880429 0.077454
vt 0.880429 0.077013
vt 0.880429 0.080147
vt 0.880429 0.079687
vt 0.880429 0.079277
vt 0.880429 0.078845
vt 0.887864 0.077885
vt 0.887864 0.078352
vt 0.887864 0.077454
vt 0.887864 0.077013
vt 0.887864 0.080147
vt 0.887864 0.079687
vt 0.887864 0.079277
vt 0.887864 0.078845
vt 0.895315 0.077885
vt 0.895315 0.078352
vt 0.895315 0.077454
vt 0.895315 0.077013
vt 0.895315 0.080147
vt 0.895315 0.079687
vt 0.895315 0.079277
vt 0.895315 0.078845
vt 0.902586 0.077885
vt 0.902586 0.078352
vt 0.902586 0.077454
vt 0.902586 0.077013
vt 0.902586 0.080147
vt 0.902586 0.079687
vt 0.902586 0.079277
vt 0.902586 0.078845
vt 0.909643 0.077885
vt 0.909643 0.078352
vt 0.909643 0.077454
vt 0.909643 0.077013
vt 0.909643 0.080147
vt 0.909643 0.079687
vt 0.909643 0.079277
vt 0.909643 0.078845
vt 0.916935 0.077885
vt 0.916935 0.078352
vt 0.916935 0.077454
vt 0.916935 0.077013
vt 0.916935 0.080147
vt 0.916935 0.079687
vt 0.916935 0.079277
vt 0.916935 0.078845
vt 0.800039 0.076546
vt 0.800039 0.077013
vt 0.800039 0.077454
vt 0.800039 0.077885
vt 0.800039 0.078352
vt 0.800039 0.078845
vt 0.800039 0.079277
vt 0.800039 0.079687
vt 0.916935 0.076546
vt 0.800039 0.080147
vt 0.803484 0.080147
vt 0.798326 0.076546
vt 0.752010 0.080147
vt 0.756213 0.080147
vt 0.909643 0.076546
vt 0.902586 0.076546
vt 0.895315 0.076546
vt 0.887864 0.076546
vt 0.880429 0.076546
vt 0.872980 0.076546
vt 0.865559 0.076546
vt 0.858584 0.076546
vt 0.851858 0.076546
vt 0.844452 0.076546
vt 0.837041 0.076546
vt 0.829638 0.076546
vt 0.822243 0.076546
vt 0.814843 0.076546
vt 0.807049 0.076546
vt 0.794387 0.076546
vt 0.786606 0.076546
vt 0.779067 0.076546
vt 0.772151 0.076546
vt 0.764390 0.076546
vt 0.749261 0.080147
vn 0.105311 0.930629 0.350484
vn -0.372362 0.853924 0.363538
vn -0.445622 0.599937 0.664451
vn 0.143697 0.706066 0.693414
vn -0.829865 0.494956 0.257571
vn -0.817724 0.355274 0.452889
vn -0.873304 -0.480763 -0.078782
vn -0.670177 -0.725346 -0.157281
vn -0.770237 -0.464807 -0.436681
vn -0.937608 -0.273595 -0.214563
vn -0.039466 -0.963941 -0.263173
vn -0.152723 -0.674647 -0.722168
vn 0.638986 -0.723482 -0.261286
vn 0.570228 -0.532000 -0.625952
vn 0.837683 -0.498938 -0.222143
vn 0.822368 -0.339365 -0.456664
vn 0.873488 0.477505 0.094915
vn 0.531277 0.806599 0.259118
vn 0.666493 0.567633 0.483301
vn 0.928674 0.312963 0.199046
vn 0.174655 0.151324 0.972932
vn -0.519313 0.118530 0.846324
vn -0.565803 -0.025444 0.824148
vn 0.182091 -0.035784 0.982630
vn -0.974073 0.018908 0.225444
vn -0.983416 -0.000644 0.181364
vn -0.825638 -0.088080 -0.557283
vn -0.821557 0.024954 -0.569580
vn -0.191579 -0.126408 -0.973303
vn -0.173828 0.036360 -0.984104
vn 0.565455 -0.088087 -0.820062
vn 0.575163 0.025981 -0.817626
vn 0.992004 0.022465 -0.124188
vn 0.984785 -0.000040 -0.173779
vn 0.778971 0.121267 0.615223
vn 0.821871 -0.025593 0.569098
vn -0.615180 -0.190359 0.765060
vn 0.111009 -0.024524 0.993517
vn -0.959489 -0.240174 0.147300
vn -0.826865 -0.186683 -0.530513
vn -0.243404 -0.036976 -0.969220
vn 0.526879 0.151135 -0.836395
vn 0.956133 0.235689 -0.173953
vn 0.789932 0.164078 0.590834
vn -0.348569 -0.566554 0.746670
vn 0.015850 0.024875 0.999565
vn -0.512502 -0.848781 0.130051
vn -0.453006 -0.707605 -0.542293
vn -0.173007 -0.200260 -0.964346
vn 0.245933 0.443647 -0.861797
vn 0.524907 0.833966 -0.170217
vn 0.411076 0.632943 0.656049
vn -0.001025 -0.619479 0.785013
vn 0.010001 0.120339 0.992682
vn -0.011812 -0.990740 0.135255
vn -0.017193 -0.810138 -0.585987
vn -0.013713 -0.163444 -0.986457
vn -0.002583 0.591678 -0.806170
vn 0.009049 0.989897 -0.141500
vn 0.014346 0.794958 0.606494
vn -0.020441 -0.586394 0.809768
vn 0.019691 0.178573 0.983730
vn -0.047119 -0.988786 0.141709
vn -0.046434 -0.792777 -0.607741
vn -0.017482 -0.109338 -0.993851
vn 0.020301 0.630792 -0.775686
vn 0.042637 0.990409 -0.131425
vn 0.044024 0.816026 0.576336
vn -0.251929 -0.486890 0.836343
vn 0.134096 0.213798 0.967631
vn -0.471490 -0.868357 0.153799
vn -0.384046 -0.681451 -0.623003
vn -0.042903 -0.043888 -0.998115
vn 0.305983 0.600140 -0.739057
vn 0.462977 0.877686 -0.123770
vn 0.406016 0.742905 0.532206
vn 0.200908 -0.019775 0.979411
vn -0.591182 -0.069803 0.803512
vn -0.535593 0.125180 0.835147
vn 0.203605 -0.059706 0.977231
vn -0.983091 -0.052007 0.175579
vn -0.954703 0.237671 0.179040
vn -0.830183 -0.052650 -0.554999
vn -0.780598 0.213081 -0.587591
vn -0.158961 -0.000708 -0.987285
vn -0.130576 0.063758 -0.989386
vn 0.620801 0.050367 -0.782349
vn 0.582682 -0.126257 -0.802833
vn 0.988896 0.035804 -0.144229
vn 0.955067 -0.242240 -0.170784
vn 0.839963 0.040274 0.541146
vn 0.806166 -0.213029 0.552010
vn -0.558594 0.169480 0.811941
vn 0.147106 -0.059895 0.987306
vn -0.938145 0.299743 0.173317
vn -0.785178 0.259465 -0.562293
vn -0.182005 0.070272 -0.980783
vn 0.534396 -0.161997 -0.829565
vn 0.937042 -0.299333 -0.179868
vn 0.773390 -0.256165 0.579868
vn -0.579202 0.086978 0.810531
vn 0.152070 -0.036841 0.987683
vn -0.972127 0.159842 0.171520
vn -0.814012 0.142312 -0.563144
vn -0.189300 0.043388 -0.980960
vn 0.553505 -0.082165 -0.828783
vn 0.970984 -0.159520 -0.178165
vn 0.801380 -0.140259 0.581479
vn -0.579799 0.020342 0.814506
vn 0.162802 -0.022799 0.986395
vn -0.983658 0.051514 0.172517
vn -0.821146 0.053144 -0.568239
vn -0.182497 0.024090 -0.982911
vn 0.567047 -0.019304 -0.823459
vn 0.983296 -0.051417 -0.174603
vn 0.813903 -0.052794 0.578597
vn -0.572544 -0.018558 0.819664
vn 0.171427 -0.035806 0.984546
vn -0.984118 0.009539 0.177261
vn -0.820707 0.032146 -0.570445
vn -0.173878 0.035853 -0.984114
vn 0.576246 0.018360 -0.817070
vn 0.985638 -0.009912 -0.168578
vn 0.816162 -0.032274 0.576922
vn -0.567783 -0.043773 0.822013
vn 0.175757 -0.081896 0.981021
vn -0.983159 0.020145 0.181638
vn -0.819061 0.072433 -0.569115
vn -0.167610 0.081678 -0.982464
vn 0.581729 0.042460 -0.812274
vn 0.985876 -0.021478 -0.166094
vn 0.816025 -0.072663 0.573431
vn -0.556378 0.038866 0.830020
vn 0.179019 -0.011102 0.983783
vn -0.986416 0.062589 0.151873
vn -0.786772 0.041019 -0.615880
vn -0.163667 -0.003601 -0.986509
vn 0.533009 -0.049755 -0.844646
vn 0.973580 -0.074331 -0.215912
vn 0.818332 -0.056876 0.571924
vn -0.632246 0.506433 0.586337
vn 0.240641 0.611268 0.753951
vn -0.995968 0.080603 0.039385
vn -0.795678 -0.371301 -0.478574
vn -0.209209 -0.634327 -0.744218
vn 0.477053 -0.576164 -0.663668
vn 0.939121 -0.226733 -0.258156
vn 0.910210 0.252311 0.328416
vn -0.557953 0.810445 0.178513
vn 0.203902 0.968103 0.145607
vn -0.983163 0.153383 0.099317
vn -0.813388 -0.580393 -0.039296
vn -0.206011 -0.966667 -0.152034
vn 0.507411 -0.841167 -0.187008
vn 0.964598 -0.235219 -0.119260
vn 0.844897 0.534477 0.022001
vn -0.568460 0.820650 0.058198
vn 0.179095 0.982131 -0.057829
vn -0.974370 0.177021 0.138808
vn -0.815041 -0.562544 0.138749
vn -0.193058 -0.979361 0.059842
vn 0.542018 -0.838646 -0.053754
vn 0.968511 -0.207744 -0.137217
vn 0.821667 0.552611 -0.139589
vn -0.573266 0.818478 0.038201
vn 0.154474 0.974960 -0.159974
vn -0.959308 0.186441 0.212056
vn -0.794387 -0.547304 0.263454
vn -0.178450 -0.969976 0.165235
vn 0.544737 -0.838114 -0.028741
vn 0.955014 -0.211505 -0.207879
vn 0.794700 0.546834 -0.263484
vn -0.569390 0.821536 0.029544
vn 0.138911 0.961472 -0.237224
vn -0.939510 0.200867 0.277440
vn -0.764313 -0.532641 0.363482
vn -0.149661 -0.959133 0.240136
vn 0.553979 -0.832221 -0.022698
vn 0.937023 -0.217117 -0.273585
vn 0.766526 0.529391 -0.363571
vn -0.552777 0.833169 -0.016343
vn 0.174959 0.957572 -0.229010
vn -0.956527 0.203499 0.208914
vn -0.776917 -0.549037 0.308155
vn -0.126842 -0.966723 0.222167
vn 0.595279 -0.803509 0.004068
vn 0.960457 -0.179344 -0.212973
vn 0.786893 0.535277 -0.307047
vn -0.515147 0.855989 -0.043668
vn 0.215836 0.976012 0.028572
vn -0.972424 0.212748 -0.095545
vn -0.802542 -0.590491 -0.085123
vn -0.099969 -0.994874 -0.015232
vn 0.642843 -0.763195 0.065469
vn 0.988909 -0.105654 0.104381
vn 0.807305 0.583854 0.085866
vn -0.557667 0.829679 0.025309
vn 0.038075 0.889888 0.454587
vn -0.855048 0.280100 -0.436390
vn -0.614499 -0.466549 -0.636179
vn 0.041235 -0.908756 -0.415285
vn 0.656909 -0.750825 0.068791
vn 0.856254 -0.159073 0.491452
vn 0.595128 0.491062 0.636145
vn -0.613598 0.786673 0.068141
vn -0.120156 0.774363 0.621229
vn -0.764290 0.328372 -0.555007
vn -0.437032 -0.337032 -0.833914
vn 0.158248 -0.788702 -0.594060
vn 0.661298 -0.749796 0.022151
vn 0.748638 -0.247448 0.615070
vn 0.415470 0.364829 0.833237
vn -0.091482 -0.025962 -0.995468
vn -0.789110 -0.186064 -0.585394
vn -0.961627 -0.223890 0.158574
vn -0.545829 -0.154708 0.823490
vn 0.251606 0.041862 0.966924
vn 0.825162 0.230762 0.515613
vn 0.948216 0.284813 -0.140601
vn 0.634898 0.185370 -0.750029
vn 0.982498 0.097717 -0.158586
vn -0.983077 -0.106467 0.149079
s 1
g Cubiculos2 Accesorios Adornos_Escritorio sweep2 Cables
usemtl lambert3SG
f 1492/2164/3209 1493/2165/3210 1690/2166/3211 1691/2167/3212
f 1493/2165/3210 1494/2168/3213 1689/2169/3214 1690/2166/3211
f 1494/2168/3215 1495/2170/3216 1688/2171/3217 1689/2169/3218
f 1495/2170/3216 1496/2172/3219 1687/2173/3220 1688/2171/3217
f 1496/2406/3219 1497/2174/3221 1686/2175/3222 1687/2384/3220
f 1497/2174/3221 1498/2176/3223 1685/2177/3224 1686/2175/3222
f 1498/2176/3225 1499/2178/3226 1684/2179/3227 1685/2177/3228
f 1499/2178/3226 1492/2164/3209 1691/2167/3212 1684/2179/3227
f 1500/2180/3229 1501/2181/3230 1509/2182/3231 1508/2183/3232
f 1501/2181/3230 1502/2184/3233 1510/2185/3234 1509/2182/3231
f 1502/2184/3233 1503/2186/3235 1511/2187/3236 1510/2185/3234
f 1503/2186/3235 1504/2188/3237 1512/2405/3238 1511/2187/3236
f 1504/2385/3237 1505/2190/3239 1513/2191/3240 1512/2189/3238
f 1505/2190/3239 1506/2192/3241 1514/2193/3242 1513/2191/3240
f 1506/2192/3241 1507/2194/3243 1515/2195/3244 1514/2193/3242
f 1507/2194/3243 1500/2180/3229 1508/2183/3232 1515/2195/3244
f 1508/2183/3232 1509/2182/3231 1517/2196/3245 1516/2197/3246
f 1509/2182/3231 1510/2185/3234 1518/2198/3247 1517/2196/3245
f 1510/2185/3234 1511/2187/3236 1519/2199/3248 1518/2198/3247
f 1511/2187/3236 1512/2405/3238 1520/2404/3249 1519/2199/3248
f 1512/2189/3238 1513/2191/3240 1521/2201/3250 1520/2200/3249
f 1513/2191/3240 1514/2193/3242 1522/2202/3251 1521/2201/3250
f 1514/2193/3242 1515/2195/3244 1523/2203/3252 1522/2202/3251
f 1515/2195/3244 1508/2183/3232 1516/2197/3246 1523/2203/3252
f 1516/2197/3246 1517/2196/3245 1525/2204/3253 1524/2205/3254
f 1517/2196/3245 1518/2198/3247 1526/2206/3255 1525/2204/3253
f 1518/2198/3247 1519/2199/3248 1527/2207/3256 1526/2206/3255
f 1519/2199/3248 1520/2404/3249 1528/2403/3257 1527/2207/3256
f 1520/2200/3249 1521/2201/3250 1529/2209/3258 1528/2208/3257
f 1521/2201/3250 1522/2202/3251 1530/2210/3259 1529/2209/3258
f 1522/2202/3251 1523/2203/3252 1531/2211/3260 1530/2210/3259
f 1523/2203/3252 1516/2197/3246 1524/2205/3254 1531/2211/3260
f 1524/2205/3254 1525/2204/3253 1533/2212/3261 1532/2213/3262
f 1525/2204/3253 1526/2206/3255 1534/2214/3263 1533/2212/3261
f 1526/2206/3255 1527/2207/3256 1535/2215/3264 1534/2214/3263
f 1527/2207/3256 1528/2403/3257 1536/2402/3265 1535/2215/3264
f 1528/2208/3257 1529/2209/3258 1537/2217/3266 1536/2216/3265
f 1529/2209/3258 1530/2210/3259 1538/2218/3267 1537/2217/3266
f 1530/2210/3259 1531/2211/3260 1539/2219/3268 1538/2218/3267
f 1531/2211/3260 1524/2205/3254 1532/2213/3262 1539/2219/3268
f 1532/2213/3262 1533/2212/3261 1541/2220/3269 1540/2221/3270
f 1533/2212/3261 1534/2214/3263 1542/2222/3271 1541/2220/3269
f 1534/2214/3263 1535/2215/3264 1543/2223/3272 1542/2222/3271
f 1535/2215/3264 1536/2402/3265 1544/2401/3273 1543/2223/3272
f 1536/2216/3265 1537/2217/3266 1545/2225/3274 1544/2224/3273
f 1537/2217/3266 1538/2218/3267 1546/2226/3275 1545/2225/3274
f 1538/2218/3267 1539/2219/3268 1547/2227/3276 1546/2226/3275
f 1539/2219/3268 1532/2213/3262 1540/2221/3270 1547/2227/3276
f 1540/2221/3270 1541/2220/3269 1695/2228/3277 1696/2229/3278
f 1541/2220/3269 1542/2222/3271 1694/2230/3279 1695/2228/3277
f 1542/2222/3271 1543/2223/3272 1693/2231/3280 1694/2230/3279
f 1543/2223/3272 1544/2401/3273 1692/2383/3281 1693/2231/3280
f 1544/2224/3273 1545/2225/3274 1699/2233/3282 1692/2232/3281
f 1545/2225/3274 1546/2226/3275 1698/2234/3283 1699/2233/3282
f 1546/2226/3275 1547/2227/3276 1697/2235/3284 1698/2234/3283
f 1547/2227/3276 1540/2221/3270 1696/2229/3278 1697/2235/3284
f 1548/2236/3285 1549/2237/3286 1557/2238/3287 1556/2239/3288
f 1549/2237/3286 1550/2240/3289 1558/2241/3290 1557/2238/3287
f 1550/2240/3289 1551/2242/3291 1559/2243/3292 1558/2241/3290
f 1551/2242/3291 1552/2244/3293 1560/2400/3294 1559/2243/3292
f 1552/2382/3293 1553/2246/3295 1561/2247/3296 1560/2245/3294
f 1553/2246/3295 1554/2248/3297 1562/2249/3298 1561/2247/3296
f 1554/2248/3297 1555/2250/3299 1563/2251/3300 1562/2249/3298
f 1555/2250/3299 1548/2236/3285 1556/2239/3288 1563/2251/3300
f 1556/2239/3288 1557/2238/3287 1565/2252/3301 1564/2253/3302
f 1557/2238/3287 1558/2241/3290 1566/2254/3303 1565/2252/3301
f 1558/2241/3290 1559/2243/3292 1567/2255/3304 1566/2254/3303
f 1559/2243/3292 1560/2400/3294 1568/2399/3305 1567/2255/3304
f 1560/2245/3294 1561/2247/3296 1569/2257/3306 1568/2256/3305
f 1561/2247/3296 1562/2249/3298 1570/2258/3307 1569/2257/3306
f 1562/2249/3298 1563/2251/3300 1571/2259/3308 1570/2258/3307
f 1563/2251/3300 1556/2239/3288 1564/2253/3302 1571/2259/3308
f 1564/2253/3302 1565/2252/3301 1573/2260/3309 1572/2261/3310
f 1565/2252/3301 1566/2254/3303 1574/2262/3311 1573/2260/3309
f 1566/2254/3303 1567/2255/3304 1575/2263/3312 1574/2262/3311
f 1567/2255/3304 1568/2399/3305 1576/2398/3313 1575/2263/3312
f 1568/2256/3305 1569/2257/3306 1577/2265/3314 1576/2264/3313
f 1569/2257/3306 1570/2258/3307 1578/2266/3315 1577/2265/3314
f 1570/2258/3307 1571/2259/3308 1579/2267/3316 1578/2266/3315
f 1571/2259/3308 1564/2253/3302 1572/2261/3310 1579/2267/3316
f 1572/2261/3310 1573/2260/3309 1581/2268/3317 1580/2269/3318
f 1573/2260/3309 1574/2262/3311 1582/2270/3319 1581/2268/3317
f 1574/2262/3311 1575/2263/3312 1583/2271/3320 1582/2270/3319
f 1575/2263/3312 1576/2398/3313 1584/2397/3321 1583/2271/3320
f 1576/2264/3313 1577/2265/3314 1585/2273/3322 1584/2272/3321
f 1577/2265/3314 1578/2266/3315 1586/2274/3323 1585/2273/3322
f 1578/2266/3315 1579/2267/3316 1587/2275/3324 1586/2274/3323
f 1579/2267/3316 1572/2261/3310 1580/2269/3318 1587/2275/3324
f 1580/2269/3318 1581/2268/3317 1589/2276/3325 1588/2277/3326
f 1581/2268/3317 1582/2270/3319 1590/2278/3327 1589/2276/3325
f 1582/2270/3319 1583/2271/3320 1591/2279/3328 1590/2278/3327
f 1583/2271/3320 1584/2397/3321 1592/2396/3329 1591/2279/3328
f 1584/2272/3321 1585/2273/3322 1593/2281/3330 1592/2280/3329
f 1585/2273/3322 1586/2274/3323 1594/2282/3331 1593/2281/3330
f 1586/2274/3323 1587/2275/3324 1595/2283/3332 1594/2282/3331
f 1587/2275/3324 1580/2269/3318 1588/2277/3326 1595/2283/3332
f 1588/2277/3326 1589/2276/3325 1597/2284/3333 1596/2285/3334
f 1589/2276/3325 1590/2278/3327 1598/2286/3335 1597/2284/3333
f 1590/2278/3327 1591/2279/3328 1599/2287/3336 1598/2286/3335
f 1591/2279/3328 1592/2396/3329 1600/2395/3337 1599/2287/3336
f 1592/2280/3329 1593/2281/3330 1601/2289/3338 1600/2288/3337
f 1593/2281/3330 1594/2282/3331 1602/2290/3339 1601/2289/3338
f 1594/2282/3331 1595/2283/3332 1603/2291/3340 1602/2290/3339
f 1595/2283/3332 1588/2277/3326 1596/2285/3334 1603/2291/3340
f 1596/2285/3334 1597/2284/3333 1605/2292/3341 1604/2293/3342
f 1597/2284/3333 1598/2286/3335 1606/2294/3343 1605/2292/3341
f 1598/2286/3335 1599/2287/3336 1607/2295/3344 1606/2294/3343
f 1599/2287/3336 1600/2395/3337 1608/2394/3345 1607/2295/3344
f 1600/2288/3337 1601/2289/3338 1609/2297/3346 1608/2296/3345
f 1601/2289/3338 1602/2290/3339 1610/2298/3347 1609/2297/3346
f 1602/2290/3339 1603/2291/3340 1611/2299/3348 1610/2298/3347
f 1603/2291/3340 1596/2285/3334 1604/2293/3342 1611/2299/3348
f 1604/2293/3342 1605/2292/3341 1613/2300/3349 1612/2301/3350
f 1605/2292/3341 1606/2294/3343 1614/2302/3351 1613/2300/3349
f 1606/2294/3343 1607/2295/3344 1615/2303/3352 1614/2302/3351
f 1607/2295/3344 1608/2394/3345 1616/2393/3353 1615/2303/3352
f 1608/2296/3345 1609/2297/3346 1617/2305/3354 1616/2304/3353
f 1609/2297/3346 1610/2298/3347 1618/2306/3355 1617/2305/3354
f 1610/2298/3347 1611/2299/3348 1619/2307/3356 1618/2306/3355
f 1611/2299/3348 1604/2293/3342 1612/2301/3350 1619/2307/3356
f 1612/2301/3350 1613/2300/3349 1621/2308/3357 1620/2309/3358
f 1613/2300/3349 1614/2302/3351 1622/2310/3359 1621/2308/3357
f 1614/2302/3351 1615/2303/3352 1623/2311/3360 1622/2310/3359
f 1615/2303/3352 1616/2393/3353 1624/2392/3361 1623/2311/3360
f 1616/2304/3353 1617/2305/3354 1625/2313/3362 1624/2312/3361
f 1617/2305/3354 1618/2306/3355 1626/2314/3363 1625/2313/3362
f 1618/2306/3355 1619/2307/3356 1627/2315/3364 1626/2314/3363
f 1619/2307/3356 1612/2301/3350 1620/2309/3358 1627/2315/3364
f 1620/2309/3358 1621/2308/3357 1629/2316/3365 1628/2317/3366
f 1621/2308/3357 1622/2310/3359 1630/2318/3367 1629/2316/3365
f 1622/2310/3359 1623/2311/3360 1631/2319/3368 1630/2318/3367
f 1623/2311/3360 1624/2392/3361 1632/2391/3369 1631/2319/3368
f 1624/2312/3361 1625/2313/3362 1633/2321/3370 1632/2320/3369
f 1625/2313/3362 1626/2314/3363 1634/2322/3371 1633/2321/3370
f 1626/2314/3363 1627/2315/3364 1635/2323/3372 1634/2322/3371
f 1627/2315/3364 1620/2309/3358 1628/2317/3366 1635/2323/3372
f 1628/2317/3366 1629/2316/3365 1637/2324/3373 1636/2325/3374
f 1629/2316/3365 1630/2318/3367 1638/2326/3375 1637/2324/3373
f 1630/2318/3367 1631/2319/3368 1639/2327/3376 1638/2326/3375
f 1631/2319/3368 1632/2391/3369 1640/2390/3377 1639/2327/3376
f 1632/2320/3369 1633/2321/3370 1641/2329/3378 1640/2328/3377
f 1633/2321/3370 1634/2322/3371 1642/2330/3379 1641/2329/3378
f 1634/2322/3371 1635/2323/3372 1643/2331/3380 1642/2330/3379
f 1635/2323/3372 1628/2317/3366 1636/2325/3374 1643/2331/3380
f 1636/2325/3374 1637/2324/3373 1645/2332/3381 1644/2333/3382
f 1637/2324/3373 1638/2326/3375 1646/2334/3383 1645/2332/3381
f 1638/2326/3375 1639/2327/3376 1647/2335/3384 1646/2334/3383
f 1639/2327/3376 1640/2390/3377 1648/2389/3385 1647/2335/3384
f 1640/2328/3377 1641/2329/3378 1649/2337/3386 1648/2336/3385
f 1641/2329/3378 1642/2330/3379 1650/2338/3387 1649/2337/3386
f 1642/2330/3379 1643/2331/3380 1651/2339/3388 1650/2338/3387
f 1643/2331/3380 1636/2325/3374 1644/2333/3382 1651/2339/3388
f 1644/2333/3382 1645/2332/3381 1653/2340/3389 1652/2341/3390
f 1645/2332/3381 1646/2334/3383 1654/2342/3391 1653/2340/3389
f 1646/2334/3383 1647/2335/3384 1655/2343/3392 1654/2342/3391
f 1647/2335/3384 1648/2389/3385 1656/2388/3393 1655/2343/3392
f 1648/2336/3385 1649/2337/3386 1657/2345/3394 1656/2344/3393
f 1649/2337/3386 1650/2338/3387 1658/2346/3395 1657/2345/3394
f 1650/2338/3387 1651/2339/3388 1659/2347/3396 1658/2346/3395
f 1651/2339/3388 1644/2333/3382 1652/2341/3390 1659/2347/3396
f 1652/2341/3390 1653/2340/3389 1661/2348/3397 1660/2349/3398
f 1653/2340/3389 1654/2342/3391 1662/2350/3399 1661/2348/3397
f 1654/2342/3391 1655/2343/3392 1663/2351/3400 1662/2350/3399
f 1655/2343/3392 1656/2388/3393 1664/2387/3401 1663/2351/3400
f 1656/2344/3393 1657/2345/3394 1665/2353/3402 1664/2352/3401
f 1657/2345/3394 1658/2346/3395 1666/2354/3403 1665/2353/3402
f 1658/2346/3395 1659/2347/3396 1667/2355/3404 1666/2354/3403
f 1659/2347/3396 1652/2341/3390 1660/2349/3398 1667/2355/3404
f 1660/2349/3398 1661/2348/3397 1669/2356/3405 1668/2357/3406
f 1661/2348/3397 1662/2350/3399 1670/2358/3407 1669/2356/3405
f 1662/2350/3399 1663/2351/3400 1671/2359/3408 1670/2358/3407
f 1663/2351/3400 1664/2387/3401 1672/2386/3409 1671/2359/3408
f 1664/2352/3401 1665/2353/3402 1673/2361/3410 1672/2360/3409
f 1665/2353/3402 1666/2354/3403 1674/2362/3411 1673/2361/3410
f 1666/2354/3403 1667/2355/3404 1675/2363/3412 1674/2362/3411
f 1667/2355/3404 1660/2349/3398 1668/2357/3406 1675/2363/3412
f 1668/2357/3406 1669/2356/3405 1677/2364/3413 1676/2365/3414
f 1669/2356/3405 1670/2358/3407 1678/2366/3415 1677/2364/3413
f 1670/2358/3407 1671/2359/3408 1679/2367/3416 1678/2366/3415
f 1671/2359/3408 1672/2386/3409 1680/2380/3417 1679/2367/3416
f 1672/2360/3409 1673/2361/3410 1681/2369/3418 1680/2368/3417
f 1673/2361/3410 1674/2362/3411 1682/2370/3419 1681/2369/3418
f 1674/2362/3411 1675/2363/3412 1683/2371/3420 1682/2370/3419
f 1675/2363/3412 1668/2357/3406 1676/2365/3414 1683/2371/3420
f 1685/2177/3228 1684/2179/3227 1507/2194/3243 1506/2192/3241
f 1686/2175/3222 1685/2177/3224 1506/2192/3241 1505/2190/3239
f 1687/2384/3220 1686/2175/3222 1505/2190/3239 1504/2385/3237
f 1688/2171/3217 1687/2173/3220 1504/2188/3237 1503/2186/3235
f 1689/2169/3218 1688/2171/3217 1503/2186/3235 1502/2184/3233
f 1690/2166/3211 1689/2169/3214 1502/2184/3233 1501/2181/3230
f 1691/2167/3212 1690/2166/3211 1501/2181/3230 1500/2180/3229
f 1684/2179/3227 1691/2167/3212 1500/2180/3229 1507/2194/3243
f 1693/2231/3280 1692/2383/3281 1703/2372/3421 1704/2373/3422
f 1694/2230/3279 1693/2231/3280 1704/2373/3422 1705/2374/3423
f 1695/2228/3277 1694/2230/3279 1705/2374/3423 1706/2375/3424
f 1696/2229/3278 1695/2228/3277 1706/2375/3424 1707/2376/3425
f 1697/2235/3284 1696/2229/3278 1707/2376/3425 1700/2377/3426
f 1698/2234/3283 1697/2235/3284 1700/2377/3426 1701/2378/3427
f 1699/2233/3282 1698/2234/3283 1701/2378/3427 1702/2379/3428
f 1692/2232/3281 1699/2233/3282 1702/2379/3428 1703/2381/3421
f 1701/2378/3427 1700/2377/3426 1555/2250/3299 1554/2248/3429
f 1702/2379/3428 1701/2378/3427 1554/2248/3429 1553/2246/3295
f 1703/2381/3421 1702/2379/3428 1553/2246/3295 1552/2382/3293
f 1704/2373/3422 1703/2372/3421 1552/2244/3293 1551/2242/3291
f 1705/2374/3423 1704/2373/3422 1551/2242/3291 1550/2240/3430
f 1706/2375/3424 1705/2374/3423 1550/2240/3430 1549/2237/3286
f 1707/2376/3425 1706/2375/3424 1549/2237/3286 1548/2236/3285
f 1700/2377/3426 1707/2376/3425 1548/2236/3285 1555/2250/3299
g default
v -3.885785 1.913097 -5.653899
v -3.876611 1.909259 -5.652561
v -3.872841 1.899993 -5.651779
v -3.876684 1.890727 -5.652009
v -3.885889 1.886888 -5.653118
v -3.895063 1.890727 -5.654455
v -3.898832 1.899993 -5.655238
v -3.894990 1.909259 -5.655008
v -3.866398 1.874088 -5.855725
v -3.857286 1.870411 -5.853692
v -3.853801 1.861893 -5.849696
v -3.857986 1.853522 -5.846075
v -3.867388 1.850203 -5.844952
v -3.876501 1.853880 -5.846984
v -3.879985 1.862398 -5.850982
v -3.875800 1.870769 -5.854602
v -3.874164 1.730200 -6.003400
v -3.865014 1.727524 -6.000267
v -3.861394 1.722623 -5.992294
v -3.865427 1.718369 -5.984150
v -3.874748 1.717254 -5.980605
v -3.883897 1.719930 -5.983737
v -3.887516 1.724830 -5.991710
v -3.883485 1.729084 -5.999855
v -3.869983 1.550865 -6.085210
v -3.861196 1.551621 -6.080427
v -3.857821 1.549041 -6.071336
v -3.861837 1.544638 -6.063263
v -3.870891 1.540990 -6.060937
v -3.879679 1.540234 -6.065722
v -3.883053 1.542814 -6.074813
v -3.879036 1.547217 -6.082886
v -3.725255 1.452597 -6.130375
v -3.723975 1.459139 -6.122876
v -3.723005 1.458412 -6.112915
v -3.722914 1.450843 -6.106328
v -3.723754 1.440865 -6.106974
v -3.725034 1.434323 -6.114474
v -3.726003 1.435050 -6.124435
v -3.726096 1.442619 -6.131022
v -3.529097 1.459275 -6.141641
v -3.529367 1.465817 -6.134038
v -3.529011 1.465091 -6.124036
v -3.528238 1.457522 -6.117495
v -3.527500 1.447543 -6.118246
v -3.527231 1.441000 -6.125849
v -3.527588 1.441726 -6.135850
v -3.528360 1.449296 -6.142392
v -3.332099 1.451285 -6.146159
v -3.328980 1.457186 -6.138667
v -3.328945 1.456521 -6.128655
v -3.332016 1.449679 -6.121988
v -3.336393 1.440669 -6.122571
v -3.339512 1.434768 -6.130063
v -3.339547 1.435433 -6.140075
v -3.336477 1.442275 -6.146743
v -3.323791 1.265953 -6.152058
v -3.317337 1.263322 -6.144839
v -3.317545 1.263277 -6.134807
v -3.324293 1.265845 -6.127838
v -3.333627 1.269521 -6.128015
v -3.340081 1.272152 -6.135234
v -3.339874 1.272196 -6.145266
v -3.333126 1.269629 -6.152235
v -3.397153 1.083074 -6.151330
v -3.390503 1.080975 -6.144115
v -3.390600 1.081234 -6.134084
v -3.397386 1.083698 -6.127115
v -3.406886 1.086924 -6.127289
v -3.413535 1.089023 -6.134505
v -3.413439 1.088764 -6.144536
v -3.406652 1.086300 -6.151505
v -3.441277 0.881920 -6.148024
v -3.434369 0.880968 -6.140810
v -3.434563 0.880796 -6.130779
v -3.441745 0.881506 -6.123808
v -3.451708 0.882682 -6.123980
v -3.458616 0.883635 -6.131195
v -3.458422 0.883806 -6.141226
v -3.451241 0.883096 -6.148197
v -3.452467 0.677313 -6.169856
v -3.445592 0.675868 -6.162692
v -3.445896 0.674004 -6.152837
v -3.453202 0.672814 -6.146064
v -3.463231 0.672994 -6.146340
v -3.470108 0.674439 -6.153503
v -3.469803 0.676303 -6.163358
v -3.462496 0.677493 -6.170132
v -3.454574 0.468209 -6.194376
v -3.447671 0.468244 -6.187093
v -3.447939 0.468509 -6.177065
v -3.455219 0.468850 -6.170168
v -3.465246 0.469066 -6.170441
v -3.472149 0.469031 -6.177725
v -3.471882 0.468766 -6.187751
v -3.464601 0.468426 -6.194649
v -3.465239 0.261696 -6.144825
v -3.458207 0.264222 -6.138127
v -3.458267 0.268466 -6.129035
v -3.465385 0.271943 -6.122875
v -3.475389 0.272615 -6.123255
v -3.482421 0.270088 -6.129953
v -3.482361 0.265844 -6.139045
v -3.475244 0.262367 -6.145205
v -3.478118 0.108967 -5.998913
v -3.470824 0.115219 -5.996019
v -3.470537 0.124388 -5.991953
v -3.477424 0.131103 -5.989099
v -3.487453 0.131430 -5.989126
v -3.494749 0.125178 -5.992022
v -3.495036 0.116009 -5.996087
v -3.488148 0.109294 -5.998942
v -3.474412 0.069284 -5.812984
v -3.467161 0.076216 -5.812780
v -3.466926 0.086218 -5.812011
v -3.473845 0.093431 -5.811126
v -3.483866 0.093629 -5.810643
v -3.491118 0.086697 -5.810847
v -3.491353 0.076695 -5.811617
v -3.484434 0.069482 -5.812502
v -3.461758 0.067032 -5.624699
v -3.454580 0.073985 -5.625601
v -3.454424 0.084010 -5.626010
v -3.461382 0.091234 -5.625685
v -3.471377 0.091425 -5.624816
v -3.478553 0.084471 -5.623914
v -3.478710 0.074446 -5.623506
v -3.471753 0.067223 -5.623831
v -3.441193 0.080648 -5.438324
v -3.434101 0.087548 -5.439989
v -3.434014 0.097529 -5.441014
v -3.440983 0.104745 -5.440799
v -3.450927 0.104968 -5.439470
v -3.458020 0.098068 -5.437805
v -3.458106 0.088087 -5.436780
v -3.451137 0.080871 -5.436994
v -3.410121 0.103158 -5.254820
v -3.403149 0.109970 -5.257203
v -3.403128 0.119904 -5.258618
v -3.410069 0.127140 -5.258237
v -3.419907 0.127439 -5.256283
v -3.426878 0.120627 -5.253899
v -3.426898 0.110693 -5.252484
v -3.419958 0.103457 -5.252865
v -3.368928 0.131612 -5.073891
v -3.362055 0.138356 -5.076716
v -3.362090 0.148251 -5.078382
v -3.369012 0.155500 -5.077912
v -3.378766 0.155858 -5.075583
v -3.385639 0.149114 -5.072758
v -3.385604 0.139219 -5.071092
v -3.378682 0.131969 -5.071562
v -3.325730 0.162371 -4.893868
v -3.318815 0.169146 -4.896506
v -3.318842 0.179047 -4.898136
v -3.325795 0.186273 -4.897804
v -3.335603 0.186593 -4.895704
v -3.342518 0.179817 -4.893068
v -3.342492 0.169916 -4.891437
v -3.335538 0.162690 -4.891769
v -3.296727 0.188012 -4.711160
v -3.289610 0.194972 -4.712422
v -3.289552 0.204951 -4.713467
v -3.296585 0.212104 -4.713682
v -3.306591 0.212241 -4.712942
v -3.313707 0.205281 -4.711679
v -3.313766 0.195301 -4.710634
v -3.306733 0.188148 -4.710419
v -3.303416 0.194141 -4.525054
v -3.296415 0.201156 -4.523483
v -3.296426 0.211168 -4.522821
v -3.303442 0.218313 -4.523457
v -3.313354 0.218406 -4.525018
v -3.320354 0.211391 -4.526590
v -3.320344 0.201379 -4.527252
v -3.313327 0.194234 -4.526616
v -3.357288 0.151823 -4.356988
v -3.351777 0.157586 -4.350897
v -3.352959 0.166613 -4.346680
v -3.360144 0.173617 -4.346806
v -3.369121 0.174495 -4.351202
v -3.374632 0.168732 -4.357293
v -3.373449 0.159704 -4.361511
v -3.366265 0.152701 -4.361384
v -3.451496 0.039297 -4.251737
v -3.448831 0.041640 -4.242351
v -3.452541 0.047633 -4.235209
v -3.460453 0.053764 -4.234494
v -3.467931 0.056442 -4.240626
v -3.470595 0.054098 -4.250011
v -3.466884 0.048106 -4.257154
v -3.458974 0.041975 -4.257868
vt 0.646124 0.088137
vt 0.646124 0.087727
vt 0.655101 0.087727
vt 0.655101 0.088137
vt 0.646124 0.087283
vt 0.655101 0.087283
vt 0.646124 0.086871
vt 0.655101 0.086871
vt 0.646124 0.086447
vt 0.655101 0.086447
vt 0.646124 0.086005
vt 0.655101 0.086005
vt 0.646124 0.085562
vt 0.655101 0.085562
vt 0.646124 0.085119
vt 0.655101 0.088493
vt 0.663836 0.087727
vt 0.663836 0.088137
vt 0.663836 0.087283
vt 0.663836 0.086871
vt 0.663836 0.086447
vt 0.663836 0.086005
vt 0.663836 0.085562
vt 0.663836 0.088493
vt 0.672431 0.087727
vt 0.672431 0.088137
vt 0.672431 0.087283
vt 0.672431 0.086871
vt 0.672431 0.086447
vt 0.672431 0.086005
vt 0.672431 0.085562
vt 0.672431 0.088493
vt 0.680117 0.087727
vt 0.680117 0.088137
vt 0.680117 0.087283
vt 0.680117 0.086871
vt 0.680117 0.086447
vt 0.680117 0.086005
vt 0.680117 0.085562
vt 0.680117 0.088493
vt 0.688914 0.087727
vt 0.688914 0.088137
vt 0.688914 0.087283
vt 0.688914 0.086871
vt 0.688914 0.086447
vt 0.688914 0.086005
vt 0.688914 0.085562
vt 0.688914 0.088493
vt 0.697116 0.087727
vt 0.697116 0.088137
vt 0.697116 0.087283
vt 0.697116 0.086871
vt 0.697116 0.086447
vt 0.697116 0.086005
vt 0.697116 0.085562
vt 0.697116 0.088493
vt 0.704299 0.087727
vt 0.704299 0.088137
vt 0.704299 0.087283
vt 0.704299 0.086871
vt 0.704299 0.086447
vt 0.704299 0.086005
vt 0.704299 0.085562
vt 0.704299 0.088493
vt 0.713158 0.087727
vt 0.713158 0.088137
vt 0.713158 0.087283
vt 0.713158 0.086871
vt 0.713158 0.086447
vt 0.713158 0.086005
vt 0.713158 0.085562
vt 0.713158 0.088493
vt 0.722497 0.087727
vt 0.722497 0.088137
vt 0.722497 0.087283
vt 0.722497 0.086871
vt 0.722497 0.086447
vt 0.722497 0.086005
vt 0.722497 0.085562
vt 0.722497 0.088493
vt 0.731894 0.087727
vt 0.731894 0.088137
vt 0.731894 0.087283
vt 0.731894 0.086871
vt 0.731894 0.086447
vt 0.731894 0.086005
vt 0.731894 0.085562
vt 0.731894 0.088493
vt 0.741239 0.087727
vt 0.741239 0.088137
vt 0.741239 0.087283
vt 0.741239 0.086871
vt 0.741239 0.086447
vt 0.741239 0.086005
vt 0.741239 0.085562
vt 0.741239 0.088493
vt 0.750466 0.087727
vt 0.750466 0.088137
vt 0.750466 0.087283
vt 0.750466 0.086871
vt 0.750466 0.086447
vt 0.750466 0.086005
vt 0.750466 0.085562
vt 0.750466 0.088493
vt 0.759373 0.087727
vt 0.759373 0.088137
vt 0.759373 0.087283
vt 0.759373 0.086871
vt 0.759373 0.086447
vt 0.759373 0.086005
vt 0.759373 0.085562
vt 0.759373 0.088493
vt 0.767668 0.087727
vt 0.767668 0.088137
vt 0.767668 0.087283
vt 0.767668 0.086871
vt 0.767668 0.086447
vt 0.767668 0.086005
vt 0.767668 0.085562
vt 0.767668 0.088493
vt 0.776115 0.087727
vt 0.776115 0.088137
vt 0.776115 0.087283
vt 0.776115 0.086871
vt 0.776115 0.086447
vt 0.776115 0.086005
vt 0.776115 0.085562
vt 0.776115 0.088493
vt 0.784571 0.087727
vt 0.784571 0.088137
vt 0.784571 0.087283
vt 0.784571 0.086871
vt 0.784571 0.086447
vt 0.784571 0.086005
vt 0.784571 0.085562
vt 0.784571 0.088493
vt 0.793020 0.087727
vt 0.793020 0.088137
vt 0.793020 0.087283
vt 0.793020 0.086871
vt 0.793020 0.086447
vt 0.793020 0.086005
vt 0.793020 0.085562
vt 0.793020 0.088493
vt 0.801485 0.087727
vt 0.801485 0.088137
vt 0.801485 0.087283
vt 0.801485 0.086871
vt 0.801485 0.086447
vt 0.801485 0.086005
vt 0.801485 0.085562
vt 0.801485 0.088493
vt 0.809950 0.087727
vt 0.809950 0.088137
vt 0.809950 0.087283
vt 0.809950 0.086871
vt 0.809950 0.086447
vt 0.809950 0.086005
vt 0.809950 0.085562
vt 0.809950 0.088493
vt 0.818364 0.087727
vt 0.818364 0.088137
vt 0.818364 0.087283
vt 0.818364 0.086871
vt 0.818364 0.086447
vt 0.818364 0.086005
vt 0.818364 0.085562
vt 0.818364 0.088493
vt 0.826753 0.087727
vt 0.826753 0.088137
vt 0.826753 0.087283
vt 0.826753 0.086871
vt 0.826753 0.086447
vt 0.826753 0.086005
vt 0.826753 0.085562
vt 0.826753 0.088493
vt 0.834926 0.087727
vt 0.834926 0.088137
vt 0.834926 0.087283
vt 0.834926 0.086871
vt 0.834926 0.086447
vt 0.834926 0.086005
vt 0.834926 0.085562
vt 0.834926 0.088493
vt 0.843160 0.087727
vt 0.843160 0.088137
vt 0.843160 0.087283
vt 0.843160 0.086871
vt 0.843160 0.086447
vt 0.843160 0.086005
vt 0.843160 0.085562
vt 0.843160 0.088493
vt 0.843160 0.085119
vt 0.834926 0.085119
vt 0.826753 0.085119
vt 0.818364 0.085119
vt 0.809950 0.085119
vt 0.801485 0.085119
vt 0.793020 0.085119
vt 0.784571 0.085119
vt 0.776115 0.085119
vt 0.767668 0.085119
vt 0.759373 0.085119
vt 0.750466 0.085119
vt 0.741239 0.085119
vt 0.731894 0.085119
vt 0.722497 0.085119
vt 0.713158 0.085119
vt 0.704299 0.085119
vt 0.697116 0.085119
vt 0.688914 0.085119
vt 0.680117 0.085119
vt 0.672431 0.085119
vt 0.663836 0.085119
vt 0.655101 0.085119
vt 0.646124 0.088493
vn 0.036213 0.981851 -0.186165
vn 0.696019 0.714497 -0.071077
vn 0.705303 0.638268 -0.308483
vn 0.053201 0.887574 -0.457582
vn 0.995248 0.043130 0.087296
vn 0.999090 0.042103 0.006876
vn 0.707032 -0.678836 0.198210
vn 0.724333 -0.602032 0.336003
vn -0.017414 -0.982334 0.186325
vn -0.024413 -0.886105 0.462841
vn -0.727989 -0.682908 0.060581
vn -0.764514 -0.581955 0.277212
vn -0.993721 0.041696 -0.103831
vn -0.992642 0.087275 -0.083937
vn -0.653136 0.729379 -0.203519
vn -0.631102 0.677975 -0.376910
vn 0.697911 0.408308 -0.588392
vn 0.022872 0.574770 -0.817996
vn 0.999686 0.011165 -0.022412
vn 0.705724 -0.411359 0.576834
vn -0.043367 -0.577145 0.815489
vn -0.753371 -0.374596 0.540471
vn -0.997305 0.051831 -0.051931
vn -0.665549 0.437334 -0.604800
vn 0.593610 0.578477 -0.559456
vn -0.071898 0.359132 -0.930513
vn 0.893088 0.404395 0.197129
vn 0.573766 -0.074167 0.815655
vn -0.108236 -0.487080 0.866625
vn -0.689841 -0.576172 0.438344
vn -0.902949 -0.385765 -0.189388
vn -0.669028 -0.035557 -0.742386
vn 0.181258 0.912334 -0.367140
vn -0.072738 0.375150 -0.924106
vn 0.302910 0.857002 0.416885
vn 0.217680 0.258846 0.941071
vn -0.014402 -0.510905 0.859517
vn -0.210495 -0.937091 0.278482
vn -0.295518 -0.866253 -0.402832
vn -0.260637 -0.368495 -0.892345
vn -0.008891 0.951252 -0.308288
vn -0.033766 0.462443 -0.886006
vn 0.021214 0.901553 0.432148
vn 0.040227 0.334450 0.941555
vn 0.036503 -0.449523 0.892523
vn 0.012472 -0.952048 0.305694
vn -0.017880 -0.894205 -0.447300
vn -0.037792 -0.312783 -0.949072
vn 0.034794 0.962989 -0.267286
vn 0.370096 0.379143 -0.848104
vn 0.047982 0.919830 0.389372
vn 0.366690 0.273637 0.889192
vn -0.126847 -0.236712 0.963264
vn -0.024482 -0.942719 0.332688
vn -0.040650 -0.883561 -0.466548
vn -0.106231 -0.124063 -0.986572
vn 0.979633 0.062335 -0.190874
vn 0.935343 -0.161310 -0.314820
vn 0.489908 -0.065400 -0.869318
vn 0.978916 0.049660 0.198133
vn 0.927331 -0.166032 0.335396
vn 0.453134 -0.077990 0.888024
vn -0.400655 0.078298 0.912877
vn -0.949556 -0.011863 0.313374
vn -0.925103 0.184361 0.331959
vn -0.937306 0.008000 -0.348416
vn -0.910020 0.189460 -0.368739
vn -0.349892 0.090733 -0.932386
vn 0.885227 -0.274250 -0.375713
vn 0.360846 -0.120350 -0.924827
vn 0.875645 -0.263372 0.404823
vn 0.335345 -0.093368 0.937457
vn -0.396772 0.130217 0.908634
vn -0.891637 0.276420 0.358575
vn -0.881168 0.265235 -0.391399
vn -0.370451 0.102950 -0.923129
vn 0.926429 -0.109889 -0.360075
vn 0.387739 -0.009955 -0.921715
vn 0.897089 -0.141902 0.418444
vn 0.335486 -0.088480 0.937881
vn -0.411149 0.014732 0.911449
vn -0.921443 0.108182 0.373147
vn -0.915513 0.141577 -0.376553
vn -0.382180 0.094623 -0.919231
vn 0.932584 0.010011 -0.360815
vn 0.403314 0.088739 -0.910749
vn 0.910435 -0.074923 0.406810
vn 0.348299 -0.115545 0.930235
vn -0.412142 -0.088684 0.906793
vn -0.933342 -0.010125 0.358845
vn -0.913253 0.074875 -0.400452
vn -0.359345 0.115683 -0.926007
vn 0.917623 -0.052481 -0.393972
vn 0.393751 -0.065800 -0.916859
vn 0.930157 -0.008331 0.367068
vn 0.378252 0.042749 0.924715
vn -0.418962 0.066387 0.905574
vn -0.946886 0.046671 0.318166
vn -0.894669 -0.000569 -0.446728
vn -0.338566 -0.045227 -0.939855
vn 0.895937 -0.258582 -0.361154
vn 0.356624 -0.462212 -0.811898
vn 0.941951 0.107433 0.318100
vn 0.401580 0.415691 0.816048
vn -0.402258 0.455216 0.794334
vn -0.944834 0.197950 0.260968
vn -0.892535 -0.171295 -0.417179
vn -0.351246 -0.426448 -0.833528
vn 0.879019 -0.419913 -0.225828
vn 0.321828 -0.825092 -0.464381
vn 0.956431 0.243575 0.160968
vn 0.426883 0.776977 0.462685
vn -0.392676 0.800486 0.452800
vn -0.940578 0.307121 0.144879
vn -0.906602 -0.351840 -0.232982
vn -0.386443 -0.796392 -0.465212
vn 0.901493 -0.423825 -0.087653
vn 0.343097 -0.931740 -0.118934
vn 0.939390 0.342827 -0.004053
vn 0.408657 0.908949 0.082524
vn -0.371671 0.920830 0.118042
vn -0.923259 0.375474 0.081318
vn -0.923366 -0.383910 -0.002845
vn -0.399806 -0.912744 -0.083982
vn 0.908833 -0.411547 -0.068202
vn 0.357228 -0.934011 -0.003293
vn 0.929359 0.357169 -0.093394
vn 0.395516 0.916297 -0.062983
vn -0.374564 0.927188 0.004975
vn -0.918780 0.388591 0.069572
vn -0.923261 -0.372707 0.093164
vn -0.396822 -0.915726 0.063071
vn 0.908049 -0.409773 -0.086789
vn 0.361874 -0.931348 0.040475
vn 0.919722 0.356982 -0.163326
vn 0.383525 0.912443 -0.142677
vn -0.379073 0.924612 -0.037379
vn -0.914936 0.393602 0.089277
vn -0.917377 -0.362878 0.163522
vn -0.391518 -0.908915 0.143485
vn 0.902987 -0.412147 -0.121451
vn 0.365588 -0.929007 0.057376
vn 0.908015 0.350740 -0.229107
vn 0.373367 0.905709 -0.200718
vn -0.380692 0.923144 -0.053650
vn -0.908159 0.399792 0.124155
vn -0.907017 -0.353214 0.229262
vn -0.382329 -0.901699 0.201899
vn 0.900373 -0.410909 -0.143117
vn 0.373291 -0.925468 0.064522
vn 0.899694 0.345344 -0.266997
vn 0.370167 0.899003 -0.234029
vn -0.376823 0.924105 -0.063520
vn -0.901935 0.407133 0.144067
vn -0.898935 -0.347211 0.267135
vn -0.371372 -0.898457 0.234217
vn 0.909755 -0.397693 -0.119103
vn 0.386020 -0.920092 0.066482
vn 0.906307 0.351261 -0.234997
vn 0.382273 0.898531 -0.215659
vn -0.366282 0.927784 -0.071093
vn -0.904115 0.411197 0.116157
vn -0.906086 -0.351790 0.235057
vn -0.367951 -0.904872 0.214055
vn 0.928197 -0.371347 -0.023492
vn 0.401004 -0.914422 0.055032
vn 0.923429 0.373602 -0.087756
vn 0.405444 0.908372 -0.102355
vn -0.347838 0.935712 -0.058757
vn -0.910401 0.413246 0.019930
vn -0.926087 -0.367034 0.087463
vn -0.372767 -0.922314 0.101889
vn 0.929509 -0.346671 0.125829
vn 0.423076 -0.905877 -0.019816
vn 0.899463 0.390853 0.195450
vn 0.388797 0.907240 0.160473
vn -0.339354 0.939787 0.040491
vn -0.895560 0.431860 -0.107091
vn -0.914736 -0.354881 -0.193178
vn -0.354271 -0.922012 -0.156162
vn 0.889497 -0.362585 0.278078
vn 0.507950 -0.837736 -0.200464
vn 0.758792 0.295638 0.580372
vn 0.238731 0.783409 0.573827
vn -0.410841 0.870174 0.272041
vn -0.857819 0.476538 -0.192506
vn -0.797445 -0.225321 -0.559743
vn -0.211546 -0.795762 -0.567460
vn 0.853078 -0.397562 0.337940
vn 0.559144 -0.765604 -0.318133
vn 0.627378 0.183818 0.756709
vn 0.103670 0.632463 0.767622
vn -0.480747 0.779189 0.402178
vn -0.840257 0.493650 -0.224229
vn -0.675270 -0.115878 -0.728411
vn -0.088387 -0.639817 -0.763427
s 1
g Cubiculos2 Accesorios Adornos_Escritorio Cables sweep3
usemtl lambert3SG
f 1708/2407/3431 1709/2408/3432 1717/2409/3433 1716/2410/3434
f 1709/2408/3432 1710/2411/3435 1718/2412/3436 1717/2409/3433
f 1710/2411/3435 1711/2413/3437 1719/2414/3438 1718/2412/3436
f 1711/2413/3437 1712/2415/3439 1720/2416/3440 1719/2414/3438
f 1712/2415/3439 1713/2417/3441 1721/2418/3442 1720/2416/3440
f 1713/2417/3441 1714/2419/3443 1722/2420/3444 1721/2418/3442
f 1714/2419/3443 1715/2421/3445 1723/2621/3446 1722/2420/3444
f 1715/2622/3445 1708/2407/3431 1716/2410/3434 1723/2422/3446
f 1716/2410/3434 1717/2409/3433 1725/2423/3447 1724/2424/3448
f 1717/2409/3433 1718/2412/3436 1726/2425/3449 1725/2423/3447
f 1718/2412/3436 1719/2414/3438 1727/2426/3450 1726/2425/3449
f 1719/2414/3438 1720/2416/3440 1728/2427/3451 1727/2426/3450
f 1720/2416/3440 1721/2418/3442 1729/2428/3452 1728/2427/3451
f 1721/2418/3442 1722/2420/3444 1730/2429/3453 1729/2428/3452
f 1722/2420/3444 1723/2621/3446 1731/2620/3454 1730/2429/3453
f 1723/2422/3446 1716/2410/3434 1724/2424/3448 1731/2430/3454
f 1724/2424/3448 1725/2423/3447 1733/2431/3455 1732/2432/3456
f 1725/2423/3447 1726/2425/3449 1734/2433/3457 1733/2431/3455
f 1726/2425/3449 1727/2426/3450 1735/2434/3458 1734/2433/3457
f 1727/2426/3450 1728/2427/3451 1736/2435/3459 1735/2434/3458
f 1728/2427/3451 1729/2428/3452 1737/2436/3460 1736/2435/3459
f 1729/2428/3452 1730/2429/3453 1738/2437/3461 1737/2436/3460
f 1730/2429/3453 1731/2620/3454 1739/2619/3462 1738/2437/3461
f 1731/2430/3454 1724/2424/3448 1732/2432/3456 1739/2438/3462
f 1732/2432/3456 1733/2431/3455 1741/2439/3463 1740/2440/3464
f 1733/2431/3455 1734/2433/3457 1742/2441/3465 1741/2439/3463
f 1734/2433/3457 1735/2434/3458 1743/2442/3466 1742/2441/3465
f 1735/2434/3458 1736/2435/3459 1744/2443/3467 1743/2442/3466
f 1736/2435/3459 1737/2436/3460 1745/2444/3468 1744/2443/3467
f 1737/2436/3460 1738/2437/3461 1746/2445/3469 1745/2444/3468
f 1738/2437/3461 1739/2619/3462 1747/2618/3470 1746/2445/3469
f 1739/2438/3462 1732/2432/3456 1740/2440/3464 1747/2446/3470
f 1740/2440/3464 1741/2439/3463 1749/2447/3471 1748/2448/3472
f 1741/2439/3463 1742/2441/3465 1750/2449/3473 1749/2447/3471
f 1742/2441/3465 1743/2442/3466 1751/2450/3474 1750/2449/3473
f 1743/2442/3466 1744/2443/3467 1752/2451/3475 1751/2450/3474
f 1744/2443/3467 1745/2444/3468 1753/2452/3476 1752/2451/3475
f 1745/2444/3468 1746/2445/3469 1754/2453/3477 1753/2452/3476
f 1746/2445/3469 1747/2618/3470 1755/2617/3478 1754/2453/3477
f 1747/2446/3470 1740/2440/3464 1748/2448/3472 1755/2454/3478
f 1748/2448/3472 1749/2447/3471 1757/2455/3479 1756/2456/3480
f 1749/2447/3471 1750/2449/3473 1758/2457/3481 1757/2455/3479
f 1750/2449/3473 1751/2450/3474 1759/2458/3482 1758/2457/3481
f 1751/2450/3474 1752/2451/3475 1760/2459/3483 1759/2458/3482
f 1752/2451/3475 1753/2452/3476 1761/2460/3484 1760/2459/3483
f 1753/2452/3476 1754/2453/3477 1762/2461/3485 1761/2460/3484
f 1754/2453/3477 1755/2617/3478 1763/2616/3486 1762/2461/3485
f 1755/2454/3478 1748/2448/3472 1756/2456/3480 1763/2462/3486
f 1756/2456/3480 1757/2455/3487 1765/2463/3488 1764/2464/3489
f 1757/2455/3487 1758/2457/3490 1766/2465/3491 1765/2463/3488
f 1758/2457/3490 1759/2458/3482 1767/2466/3492 1766/2465/3491
f 1759/2458/3482 1760/2459/3483 1768/2467/3493 1767/2466/3492
f 1760/2459/3483 1761/2460/3494 1769/2468/3495 1768/2467/3493
f 1761/2460/3494 1762/2461/3496 1770/2469/3497 1769/2468/3495
f 1762/2461/3496 1763/2616/3486 1771/2615/3498 1770/2469/3497
f 1763/2462/3486 1756/2456/3480 1764/2464/3489 1771/2470/3498
f 1764/2464/3489 1765/2463/3488 1773/2471/3499 1772/2472/3500
f 1765/2463/3488 1766/2465/3491 1774/2473/3501 1773/2471/3499
f 1766/2465/3491 1767/2466/3492 1775/2474/3502 1774/2473/3501
f 1767/2466/3492 1768/2467/3493 1776/2475/3503 1775/2474/3502
f 1768/2467/3493 1769/2468/3495 1777/2476/3504 1776/2475/3503
f 1769/2468/3495 1770/2469/3497 1778/2477/3505 1777/2476/3504
f 1770/2469/3497 1771/2615/3498 1779/2614/3506 1778/2477/3505
f 1771/2470/3498 1764/2464/3489 1772/2472/3500 1779/2478/3506
f 1772/2472/3500 1773/2471/3499 1781/2479/3507 1780/2480/3508
f 1773/2471/3499 1774/2473/3501 1782/2481/3509 1781/2479/3507
f 1774/2473/3501 1775/2474/3502 1783/2482/3510 1782/2481/3509
f 1775/2474/3502 1776/2475/3503 1784/2483/3511 1783/2482/3510
f 1776/2475/3503 1777/2476/3504 1785/2484/3512 1784/2483/3511
f 1777/2476/3504 1778/2477/3505 1786/2485/3513 1785/2484/3512
f 1778/2477/3505 1779/2614/3506 1787/2613/3514 1786/2485/3513
f 1779/2478/3506 1772/2472/3500 1780/2480/3508 1787/2486/3514
f 1780/2480/3508 1781/2479/3507 1789/2487/3515 1788/2488/3516
f 1781/2479/3507 1782/2481/3509 1790/2489/3517 1789/2487/3515
f 1782/2481/3509 1783/2482/3510 1791/2490/3518 1790/2489/3517
f 1783/2482/3510 1784/2483/3511 1792/2491/3519 1791/2490/3518
f 1784/2483/3511 1785/2484/3512 1793/2492/3520 1792/2491/3519
f 1785/2484/3512 1786/2485/3513 1794/2493/3521 1793/2492/3520
f 1786/2485/3513 1787/2613/3514 1795/2612/3522 1794/2493/3521
f 1787/2486/3514 1780/2480/3508 1788/2488/3516 1795/2494/3522
f 1788/2488/3516 1789/2487/3515 1797/2495/3523 1796/2496/3524
f 1789/2487/3515 1790/2489/3517 1798/2497/3525 1797/2495/3523
f 1790/2489/3517 1791/2490/3518 1799/2498/3526 1798/2497/3525
f 1791/2490/3518 1792/2491/3519 1800/2499/3527 1799/2498/3526
f 1792/2491/3519 1793/2492/3520 1801/2500/3528 1800/2499/3527
f 1793/2492/3520 1794/2493/3521 1802/2501/3529 1801/2500/3528
f 1794/2493/3521 1795/2612/3522 1803/2611/3530 1802/2501/3529
f 1795/2494/3522 1788/2488/3516 1796/2496/3524 1803/2502/3530
f 1796/2496/3524 1797/2495/3523 1805/2503/3531 1804/2504/3532
f 1797/2495/3523 1798/2497/3525 1806/2505/3533 1805/2503/3531
f 1798/2497/3525 1799/2498/3526 1807/2506/3534 1806/2505/3533
f 1799/2498/3526 1800/2499/3527 1808/2507/3535 1807/2506/3534
f 1800/2499/3527 1801/2500/3528 1809/2508/3536 1808/2507/3535
f 1801/2500/3528 1802/2501/3529 1810/2509/3537 1809/2508/3536
f 1802/2501/3529 1803/2611/3530 1811/2610/3538 1810/2509/3537
f 1803/2502/3530 1796/2496/3524 1804/2504/3532 1811/2510/3538
f 1804/2504/3532 1805/2503/3531 1813/2511/3539 1812/2512/3540
f 1805/2503/3531 1806/2505/3533 1814/2513/3541 1813/2511/3539
f 1806/2505/3533 1807/2506/3534 1815/2514/3542 1814/2513/3541
f 1807/2506/3534 1808/2507/3535 1816/2515/3543 1815/2514/3542
f 1808/2507/3535 1809/2508/3536 1817/2516/3544 1816/2515/3543
f 1809/2508/3536 1810/2509/3537 1818/2517/3545 1817/2516/3544
f 1810/2509/3537 1811/2610/3538 1819/2609/3546 1818/2517/3545
f 1811/2510/3538 1804/2504/3532 1812/2512/3540 1819/2518/3546
f 1812/2512/3540 1813/2511/3539 1821/2519/3547 1820/2520/3548
f 1813/2511/3539 1814/2513/3541 1822/2521/3549 1821/2519/3547
f 1814/2513/3541 1815/2514/3542 1823/2522/3550 1822/2521/3549
f 1815/2514/3542 1816/2515/3543 1824/2523/3551 1823/2522/3550
f 1816/2515/3543 1817/2516/3544 1825/2524/3552 1824/2523/3551
f 1817/2516/3544 1818/2517/3545 1826/2525/3553 1825/2524/3552
f 1818/2517/3545 1819/2609/3546 1827/2608/3554 1826/2525/3553
f 1819/2518/3546 1812/2512/3540 1820/2520/3548 1827/2526/3554
f 1820/2520/3548 1821/2519/3547 1829/2527/3555 1828/2528/3556
f 1821/2519/3547 1822/2521/3549 1830/2529/3557 1829/2527/3555
f 1822/2521/3549 1823/2522/3550 1831/2530/3558 1830/2529/3557
f 1823/2522/3550 1824/2523/3551 1832/2531/3559 1831/2530/3558
f 1824/2523/3551 1825/2524/3552 1833/2532/3560 1832/2531/3559
f 1825/2524/3552 1826/2525/3553 1834/2533/3561 1833/2532/3560
f 1826/2525/3553 1827/2608/3554 1835/2607/3562 1834/2533/3561
f 1827/2526/3554 1820/2520/3548 1828/2528/3556 1835/2534/3562
f 1828/2528/3556 1829/2527/3555 1837/2535/3563 1836/2536/3564
f 1829/2527/3555 1830/2529/3557 1838/2537/3565 1837/2535/3563
f 1830/2529/3557 1831/2530/3558 1839/2538/3566 1838/2537/3565
f 1831/2530/3558 1832/2531/3559 1840/2539/3567 1839/2538/3566
f 1832/2531/3559 1833/2532/3560 1841/2540/3568 1840/2539/3567
f 1833/2532/3560 1834/2533/3561 1842/2541/3569 1841/2540/3568
f 1834/2533/3561 1835/2607/3562 1843/2606/3570 1842/2541/3569
f 1835/2534/3562 1828/2528/3556 1836/2536/3564 1843/2542/3570
f 1836/2536/3564 1837/2535/3563 1845/2543/3571 1844/2544/3572
f 1837/2535/3563 1838/2537/3565 1846/2545/3573 1845/2543/3571
f 1838/2537/3565 1839/2538/3566 1847/2546/3574 1846/2545/3573
f 1839/2538/3566 1840/2539/3567 1848/2547/3575 1847/2546/3574
f 1840/2539/3567 1841/2540/3568 1849/2548/3576 1848/2547/3575
f 1841/2540/3568 1842/2541/3569 1850/2549/3577 1849/2548/3576
f 1842/2541/3569 1843/2606/3570 1851/2605/3578 1850/2549/3577
f 1843/2542/3570 1836/2536/3564 1844/2544/3572 1851/2550/3578
f 1844/2544/3572 1845/2543/3571 1853/2551/3579 1852/2552/3580
f 1845/2543/3571 1846/2545/3573 1854/2553/3581 1853/2551/3579
f 1846/2545/3573 1847/2546/3574 1855/2554/3582 1854/2553/3581
f 1847/2546/3574 1848/2547/3575 1856/2555/3583 1855/2554/3582
f 1848/2547/3575 1849/2548/3576 1857/2556/3584 1856/2555/3583
f 1849/2548/3576 1850/2549/3577 1858/2557/3585 1857/2556/3584
f 1850/2549/3577 1851/2605/3578 1859/2604/3586 1858/2557/3585
f 1851/2550/3578 1844/2544/3572 1852/2552/3580 1859/2558/3586
f 1852/2552/3580 1853/2551/3579 1861/2559/3587 1860/2560/3588
f 1853/2551/3579 1854/2553/3581 1862/2561/3589 1861/2559/3587
f 1854/2553/3581 1855/2554/3582 1863/2562/3590 1862/2561/3589
f 1855/2554/3582 1856/2555/3583 1864/2563/3591 1863/2562/3590
f 1856/2555/3583 1857/2556/3584 1865/2564/3592 1864/2563/3591
f 1857/2556/3584 1858/2557/3585 1866/2565/3593 1865/2564/3592
f 1858/2557/3585 1859/2604/3586 1867/2603/3594 1866/2565/3593
f 1859/2558/3586 1852/2552/3580 1860/2560/3588 1867/2566/3594
f 1860/2560/3588 1861/2559/3587 1869/2567/3595 1868/2568/3596
f 1861/2559/3587 1862/2561/3589 1870/2569/3597 1869/2567/3595
f 1862/2561/3589 1863/2562/3590 1871/2570/3598 1870/2569/3597
f 1863/2562/3590 1864/2563/3591 1872/2571/3599 1871/2570/3598
f 1864/2563/3591 1865/2564/3592 1873/2572/3600 1872/2571/3599
f 1865/2564/3592 1866/2565/3593 1874/2573/3601 1873/2572/3600
f 1866/2565/3593 1867/2603/3594 1875/2602/3602 1874/2573/3601
f 1867/2566/3594 1860/2560/3588 1868/2568/3596 1875/2574/3602
f 1868/2568/3596 1869/2567/3595 1877/2575/3603 1876/2576/3604
f 1869/2567/3595 1870/2569/3597 1878/2577/3605 1877/2575/3603
f 1870/2569/3597 1871/2570/3598 1879/2578/3606 1878/2577/3605
f 1871/2570/3598 1872/2571/3599 1880/2579/3607 1879/2578/3606
f 1872/2571/3599 1873/2572/3600 1881/2580/3608 1880/2579/3607
f 1873/2572/3600 1874/2573/3601 1882/2581/3609 1881/2580/3608
f 1874/2573/3601 1875/2602/3602 1883/2601/3610 1882/2581/3609
f 1875/2574/3602 1868/2568/3596 1876/2576/3604 1883/2582/3610
f 1876/2576/3604 1877/2575/3603 1885/2583/3611 1884/2584/3612
f 1877/2575/3603 1878/2577/3605 1886/2585/3613 1885/2583/3611
f 1878/2577/3605 1879/2578/3606 1887/2586/3614 1886/2585/3613
f 1879/2578/3606 1880/2579/3607 1888/2587/3615 1887/2586/3614
f 1880/2579/3607 1881/2580/3608 1889/2588/3616 1888/2587/3615
f 1881/2580/3608 1882/2581/3609 1890/2589/3617 1889/2588/3616
f 1882/2581/3609 1883/2601/3610 1891/2600/3618 1890/2589/3617
f 1883/2582/3610 1876/2576/3604 1884/2584/3612 1891/2590/3618
f 1884/2584/3612 1885/2583/3611 1893/2591/3619 1892/2592/3620
f 1885/2583/3611 1886/2585/3613 1894/2593/3621 1893/2591/3619
f 1886/2585/3613 1887/2586/3614 1895/2594/3622 1894/2593/3621
f 1887/2586/3614 1888/2587/3615 1896/2595/3623 1895/2594/3622
f 1888/2587/3615 1889/2588/3616 1897/2596/3624 1896/2595/3623
f 1889/2588/3616 1890/2589/3617 1898/2597/3625 1897/2596/3624
f 1890/2589/3617 1891/2600/3618 1899/2599/3626 1898/2597/3625
f 1891/2590/3618 1884/2584/3612 1892/2592/3620 1899/2598/3626
g default
v -5.156613 0.992423 -3.635104
v -5.109663 0.992423 -3.635104
v -5.156613 1.006174 -3.635104
v -5.109663 1.006174 -3.635104
v -5.156613 1.006174 -4.290622
v -5.109663 1.006174 -4.290622
v -5.156613 0.992423 -4.290622
v -5.109663 0.992423 -4.290622
vt 0.934899 0.029936
vt 0.248139 0.078784
vt 0.247540 0.078784
vt 0.247540 0.076741
vt 0.219007 0.078784
vt 0.219007 0.076740
vt 0.218408 0.078784
vt 0.276673 0.076742
vt 0.276673 0.078785
vt 0.934305 0.001402
vt 0.218408 0.076740
vt 0.934301 0.029936
vt 0.934903 0.001402
vt 0.248139 0.076741
vn 0.000000 0.000000 1.000000
vn 0.000000 0.000000 1.000000
vn 0.000000 0.000000 1.000000
vn 0.000000 0.000000 1.000000
vn 0.000000 1.000000 0.000000
vn 0.000000 1.000000 0.000000
vn 0.000000 1.000000 0.000000
vn 0.000000 1.000000 0.000000
vn 0.000000 0.000000 -1.000000
vn 0.000000 0.000000 -1.000000
vn 0.000000 0.000000 -1.000000
vn 0.000000 0.000000 -1.000000
vn 0.000000 -1.000000 0.000000
vn 0.000000 -1.000000 0.000000
vn 0.000000 -1.000000 0.000000
vn 0.000000 -1.000000 0.000000
vn -1.000000 0.000000 0.000000
vn -1.000000 0.000000 0.000000
vn -1.000000 0.000000 0.000000
vn -1.000000 0.000000 0.000000
s off
g Cubiculos2 Accesorios Adornos_Escritorio pCube50 Cajonera
usemtl lambert3SG
f 1900/2636/3627 1901/2624/3628 1903/2625/3629 1902/2626/3630
f 1902/2626/3631 1903/2625/3632 1905/2627/3633 1904/2628/3634
f 1904/2628/3635 1905/2627/3636 1907/2629/3637 1906/2633/3638
f 1906/2630/3639 1907/2631/3640 1901/2624/3641 1900/2636/3642
f 1906/2635/3643 1900/2623/3644 1902/2634/3645 1904/2632/3646
g default
v -5.163026 0.042415 -3.372158
v -4.224718 0.042415 -3.372158
v -5.163026 1.226414 -3.372158
v -4.224718 1.226414 -3.372158
v -5.163026 1.226414 -4.550714
v -4.224718 1.226414 -4.550714
v -5.163026 0.042415 -4.550714
v -4.224718 0.042415 -4.550714
v -5.163026 1.200222 -4.521854
v -5.163026 1.200222 -3.401018
v -5.163026 0.074447 -4.521854
v -5.163026 0.074447 -3.401018
v -5.112268 0.074447 -4.521854
v -5.112268 0.074447 -3.401018
v -5.112268 1.200222 -3.401018
v -5.112268 1.200222 -4.521854
vt 0.940100 0.051546
vt 0.444299 0.051546
vt 0.403452 0.102845
vt 0.837231 0.051307
vt 0.695127 0.091858
vt 0.646124 0.091858
vt 0.940102 0.000008
vt 0.444302 0.000008
vt 0.888769 0.051311
vt 0.403448 0.154383
vt 0.743916 0.091858
vt 0.792919 0.091858
vt 0.837231 0.051307
vt 0.646124 0.094067
vt 0.695127 0.094067
vt 0.743916 0.094067
vt 0.888764 0.051315
vt 0.792919 0.094067
vt 0.888772 0.000009
vt 0.841707 0.094067
vt 0.837239 0.000001
vt 0.938846 0.001402
vt 0.841707 0.091858
vt 0.888773 0.000009
vt 0.837235 0.000005
vt 0.403459 0.000005
vt 0.403455 0.051544
vt 0.890058 0.001400
vt 0.888799 0.051544
vt 0.888801 0.000005
vt 0.444295 0.102847
vt 0.444291 0.154386
vt 0.890055 0.050403
vt 0.938844 0.050406
vn 0.000000 1.000000 0.000000
vn 0.000000 1.000000 0.000000
vn 0.000000 1.000000 0.000000
vn 0.000000 1.000000 0.000000
vn -1.000000 0.000001 0.000000
vn -1.000000 0.000001 0.000000
vn -1.000000 0.000001 0.000000
vn -1.000000 0.000001 0.000000
vn -1.000000 0.000000 0.000000
vn -1.000000 0.000000 0.000000
vn -1.000000 0.000000 0.000000
vn -1.000000 0.000000 0.000000
vn -1.000000 -0.000001 0.000000
vn -1.000000 -0.000001 0.000000
vn 0.000000 0.000000 1.000000
vn 0.000000 0.000000 1.000000
vn 0.000000 0.000000 1.000000
vn 0.000000 0.000000 1.000000
vn 1.000000 0.000000 0.000000
vn 1.000000 0.000000 0.000000
vn 1.000000 0.000000 0.000000
vn 1.000000 0.000000 0.000000
vn 0.000000 0.000000 -1.000000
vn 0.000000 0.000000 -1.000000
vn 0.000000 0.000000 -1.000000
vn 0.000000 0.000000 -1.000000
vn -1.000000 -0.000001 0.000000
vn -1.000000 -0.000001 0.000000
vn 0.000000 1.000000 0.000000
vn 0.000000 1.000000 0.000000
vn 0.000000 1.000000 0.000000
vn 0.000000 1.000000 0.000000
vn 0.000000 0.000000 -1.000000
vn 0.000000 0.000000 -1.000000
vn 0.000000 0.000000 -1.000000
vn 0.000000 0.000000 -1.000000
vn 0.000000 -1.000000 0.000000
vn 0.000000 -1.000000 0.000000
vn 0.000000 -1.000000 0.000000
vn 0.000000 -1.000000 0.000000
vn 0.000000 0.000000 1.000000
vn 0.000000 0.000000 1.000000
vn 0.000000 0.000000 1.000000
vn 0.000000 0.000000 1.000000
s off
g Cubiculos2 Accesorios Adornos_Escritorio Cajonera pCube49
usemtl lambert3SG
f 1910/2663/3647 1911/2638/3648 1913/2667/3649 1912/2639/3650
s 1
f 1916/2669/3651 1917/2670/3652 1910/2637/3653 1912/2665/3654
s off
f 1921/2657/3655 1922/2655/3656 1923/2653/3657 1920/2649/3658
s 1
f 1910/2637/3653 1917/2670/3652 1919/2658/3659 1908/2643/3660
s off
f 1911/2638/3661 1910/2663/3662 1908/2662/3663 1909/2644/3664
f 1913/2640/3665 1911/2661/3666 1909/2660/3667 1915/2645/3668
f 1914/2646/3669 1912/2639/3670 1913/2667/3671 1915/2668/3672
s 1
f 1916/2669/3651 1912/2665/3654 1914/2666/3673 1918/2664/3674
f 1914/2666/3673 1908/2643/3660 1919/2658/3659 1918/2664/3674
s off
f 1918/2648/3675 1919/2659/3676 1921/2656/3677 1920/2654/3678
f 1921/2650/3679 1919/2642/3680 1917/2641/3681 1922/2651/3682
f 1917/2641/3683 1916/2647/3684 1923/2652/3685 1922/2651/3686
f 1920/2654/3687 1923/2652/3688 1916/2647/3689 1918/2648/3690
g default
v -3.885785 1.913097 -5.653899
v -3.876611 1.909259 -5.652561
v -3.872841 1.899993 -5.651779
v -3.876684 1.890727 -5.652009
v -3.885889 1.886888 -5.653118
v -3.895063 1.890727 -5.654455
v -3.898832 1.899993 -5.655238
v -3.894990 1.909259 -5.655008
v -3.866398 1.874088 -5.855725
v -3.857286 1.870411 -5.853692
v -3.853801 1.861893 -5.849696
v -3.857986 1.853522 -5.846075
v -3.867388 1.850203 -5.844952
v -3.876501 1.853880 -5.846984
v -3.879985 1.862398 -5.850982
v -3.875800 1.870769 -5.854602
v -3.874164 1.730200 -6.003400
v -3.865014 1.727524 -6.000267
v -3.861394 1.722623 -5.992294
v -3.865427 1.718369 -5.984150
v -3.874748 1.717254 -5.980605
v -3.883897 1.719930 -5.983737
v -3.887516 1.724830 -5.991710
v -3.883485 1.729084 -5.999855
v -3.869983 1.550865 -6.085210
v -3.861196 1.551621 -6.080427
v -3.857821 1.549041 -6.071336
v -3.861837 1.544638 -6.063263
v -3.870891 1.540990 -6.060937
v -3.879679 1.540234 -6.065722
v -3.883053 1.542814 -6.074813
v -3.879036 1.547217 -6.082886
v -3.725255 1.452597 -6.130375
v -3.723975 1.459139 -6.122876
v -3.723005 1.458412 -6.112915
v -3.722914 1.450843 -6.106328
v -3.723754 1.440865 -6.106974
v -3.725034 1.434323 -6.114474
v -3.726003 1.435050 -6.124435
v -3.726096 1.442619 -6.131022
v -3.529097 1.459275 -6.141641
v -3.529367 1.465817 -6.134038
v -3.529011 1.465091 -6.124036
v -3.528238 1.457522 -6.117495
v -3.527500 1.447543 -6.118246
v -3.527231 1.441000 -6.125849
v -3.527588 1.441726 -6.135850
v -3.528360 1.449296 -6.142392
v -3.332099 1.451285 -6.146159
v -3.328980 1.457186 -6.138667
v -3.328945 1.456521 -6.128655
v -3.332016 1.449679 -6.121988
v -3.336393 1.440669 -6.122571
v -3.339512 1.434768 -6.130063
v -3.339547 1.435433 -6.140075
v -3.336477 1.442275 -6.146743
v -3.323791 1.265953 -6.152058
v -3.317337 1.263322 -6.144839
v -3.317545 1.263277 -6.134807
v -3.324293 1.265845 -6.127838
v -3.333627 1.269521 -6.128015
v -3.340081 1.272152 -6.135234
v -3.339874 1.272196 -6.145266
v -3.333126 1.269629 -6.152235
v -3.397153 1.083074 -6.151330
v -3.390503 1.080975 -6.144115
v -3.390600 1.081234 -6.134084
v -3.397386 1.083698 -6.127115
v -3.406886 1.086924 -6.127289
v -3.413535 1.089023 -6.134505
v -3.413439 1.088764 -6.144536
v -3.406652 1.086300 -6.151505
v -3.441277 0.881920 -6.148024
v -3.434369 0.880968 -6.140810
v -3.434563 0.880796 -6.130779
v -3.441745 0.881506 -6.123808
v -3.451708 0.882682 -6.123980
v -3.458616 0.883635 -6.131195
v -3.458422 0.883806 -6.141226
v -3.451241 0.883096 -6.148197
v -3.452467 0.677313 -6.169856
v -3.445592 0.675868 -6.162692
v -3.445896 0.674004 -6.152837
v -3.453202 0.672814 -6.146064
v -3.463231 0.672994 -6.146340
v -3.470108 0.674439 -6.153503
v -3.469803 0.676303 -6.163358
v -3.462496 0.677493 -6.170132
v -3.454574 0.468209 -6.194376
v -3.447671 0.468244 -6.187093
v -3.447939 0.468509 -6.177065
v -3.455219 0.468850 -6.170168
v -3.465246 0.469066 -6.170441
v -3.472149 0.469031 -6.177725
v -3.471882 0.468766 -6.187751
v -3.464601 0.468426 -6.194649
v -3.465239 0.261696 -6.144825
v -3.458207 0.264222 -6.138127
v -3.458267 0.268466 -6.129035
v -3.465385 0.271943 -6.122875
v -3.475389 0.272615 -6.123255
v -3.482421 0.270088 -6.129953
v -3.482361 0.265844 -6.139045
v -3.475244 0.262367 -6.145205
v -3.478118 0.108967 -5.998913
v -3.470824 0.115219 -5.996019
v -3.470537 0.124388 -5.991953
v -3.477424 0.131103 -5.989099
v -3.487453 0.131430 -5.989126
v -3.494749 0.125178 -5.992022
v -3.495036 0.116009 -5.996087
v -3.488148 0.109294 -5.998942
v -3.474412 0.069284 -5.812984
v -3.467161 0.076216 -5.812780
v -3.466926 0.086218 -5.812011
v -3.473845 0.093431 -5.811126
v -3.483866 0.093629 -5.810643
v -3.491118 0.086697 -5.810847
v -3.491353 0.076695 -5.811617
v -3.484434 0.069482 -5.812502
v -3.461758 0.067032 -5.624699
v -3.454580 0.073985 -5.625601
v -3.454424 0.084010 -5.626010
v -3.461382 0.091234 -5.625685
v -3.471377 0.091425 -5.624816
v -3.478553 0.084471 -5.623914
v -3.478710 0.074446 -5.623506
v -3.471753 0.067223 -5.623831
v -3.441193 0.080648 -5.438324
v -3.434101 0.087548 -5.439989
v -3.434014 0.097529 -5.441014
v -3.440983 0.104745 -5.440799
v -3.450927 0.104968 -5.439470
v -3.458020 0.098068 -5.437805
v -3.458106 0.088087 -5.436780
v -3.451137 0.080871 -5.436994
v -3.410121 0.103158 -5.254820
v -3.403149 0.109970 -5.257203
v -3.403128 0.119904 -5.258618
v -3.410069 0.127140 -5.258237
v -3.419907 0.127439 -5.256283
v -3.426878 0.120627 -5.253899
v -3.426898 0.110693 -5.252484
v -3.419958 0.103457 -5.252865
v -3.368928 0.131612 -5.073891
v -3.362055 0.138356 -5.076716
v -3.362090 0.148251 -5.078382
v -3.369012 0.155500 -5.077912
v -3.378766 0.155858 -5.075583
v -3.385639 0.149114 -5.072758
v -3.385604 0.139219 -5.071092
v -3.378682 0.131969 -5.071562
v -3.325730 0.162371 -4.893868
v -3.318815 0.169146 -4.896506
v -3.318842 0.179047 -4.898136
v -3.325795 0.186273 -4.897804
v -3.335603 0.186593 -4.895704
v -3.342518 0.179817 -4.893068
v -3.342492 0.169916 -4.891437
v -3.335538 0.162690 -4.891769
v -3.296727 0.188012 -4.711160
v -3.289610 0.194972 -4.712422
v -3.289552 0.204951 -4.713467
v -3.296585 0.212104 -4.713682
v -3.306591 0.212241 -4.712942
v -3.313707 0.205281 -4.711679
v -3.313766 0.195301 -4.710634
v -3.306733 0.188148 -4.710419
v -3.303416 0.194141 -4.525054
v -3.296415 0.201156 -4.523483
v -3.296426 0.211168 -4.522821
v -3.303442 0.218313 -4.523457
v -3.313354 0.218406 -4.525018
v -3.320354 0.211391 -4.526590
v -3.320344 0.201379 -4.527252
v -3.313327 0.194234 -4.526616
v -3.357288 0.151823 -4.356988
v -3.351777 0.157586 -4.350897
v -3.352959 0.166613 -4.346680
v -3.360144 0.173617 -4.346806
v -3.369121 0.174495 -4.351202
v -3.374632 0.168732 -4.357293
v -3.373449 0.159704 -4.361511
v -3.366265 0.152701 -4.361384
v -3.451496 0.039297 -4.251737
v -3.448831 0.041640 -4.242351
v -3.452541 0.047633 -4.235209
v -3.460453 0.053764 -4.234494
v -3.467931 0.056442 -4.240626
v -3.470595 0.054098 -4.250011
v -3.466884 0.048106 -4.257154
v -3.458974 0.041975 -4.257868
vt 0.646124 0.090117
vt 0.646124 0.089710
vt 0.655126 0.089710
vt 0.655126 0.090117
vt 0.646124 0.089261
vt 0.655126 0.089261
vt 0.646124 0.088852
vt 0.655126 0.088852
vt 0.646124 0.088493
vt 0.655126 0.091858
vt 0.646124 0.091425
vt 0.655126 0.091425
vt 0.646124 0.090982
vt 0.655126 0.090982
vt 0.646124 0.090535
vt 0.655126 0.090535
vt 0.663883 0.089710
vt 0.663883 0.090117
vt 0.663883 0.089261
vt 0.663883 0.088852
vt 0.663883 0.091858
vt 0.663883 0.091425
vt 0.663883 0.090982
vt 0.663883 0.090535
vt 0.672507 0.089710
vt 0.672507 0.090117
vt 0.672507 0.089261
vt 0.672507 0.088852
vt 0.672507 0.091858
vt 0.672507 0.091425
vt 0.672507 0.090982
vt 0.672507 0.090535
vt 0.680212 0.089710
vt 0.680212 0.090117
vt 0.680212 0.089261
vt 0.680212 0.088852
vt 0.680212 0.091858
vt 0.680212 0.091425
vt 0.680212 0.090982
vt 0.680212 0.090535
vt 0.689034 0.089710
vt 0.689034 0.090117
vt 0.689034 0.089261
vt 0.689034 0.088852
vt 0.689034 0.091858
vt 0.689034 0.091425
vt 0.689034 0.090982
vt 0.689034 0.090535
vt 0.697109 0.089710
vt 0.697109 0.090117
vt 0.697109 0.089261
vt 0.697109 0.088852
vt 0.697416 0.091858
vt 0.697416 0.091425
vt 0.697416 0.090982
vt 0.697416 0.090535
vt 0.704467 0.089710
vt 0.704467 0.090117
vt 0.704467 0.089261
vt 0.704467 0.088852
vt 0.704467 0.091858
vt 0.704467 0.091425
vt 0.704467 0.090982
vt 0.704467 0.090535
vt 0.713349 0.089710
vt 0.713349 0.090117
vt 0.713349 0.089261
vt 0.713349 0.088852
vt 0.713349 0.091858
vt 0.713349 0.091425
vt 0.713349 0.090982
vt 0.713349 0.090535
vt 0.722713 0.089710
vt 0.722713 0.090117
vt 0.722713 0.089261
vt 0.722713 0.088852
vt 0.722713 0.091858
vt 0.722713 0.091425
vt 0.722713 0.090982
vt 0.722713 0.090535
vt 0.732139 0.089710
vt 0.732139 0.090117
vt 0.732139 0.089261
vt 0.732139 0.088852
vt 0.732139 0.091858
vt 0.732139 0.091425
vt 0.732139 0.090982
vt 0.732139 0.090535
vt 0.741512 0.089710
vt 0.741512 0.090117
vt 0.741512 0.089261
vt 0.741512 0.088852
vt 0.741512 0.091858
vt 0.741512 0.091425
vt 0.741512 0.090982
vt 0.741512 0.090535
vt 0.750764 0.089710
vt 0.750764 0.090117
vt 0.750764 0.089261
vt 0.750764 0.088852
vt 0.750764 0.091858
vt 0.750764 0.091425
vt 0.750764 0.090982
vt 0.750764 0.090535
vt 0.759693 0.089710
vt 0.759693 0.090117
vt 0.759693 0.089261
vt 0.759693 0.088852
vt 0.759693 0.091858
vt 0.759693 0.091425
vt 0.759693 0.090982
vt 0.759693 0.090535
vt 0.768011 0.089710
vt 0.768011 0.090117
vt 0.768011 0.089261
vt 0.768011 0.088852
vt 0.768011 0.091858
vt 0.768011 0.091425
vt 0.768011 0.090982
vt 0.768011 0.090535
vt 0.776482 0.089710
vt 0.776482 0.090117
vt 0.776482 0.089261
vt 0.776482 0.088852
vt 0.776482 0.091858
vt 0.776482 0.091425
vt 0.776482 0.090982
vt 0.776482 0.090535
vt 0.784963 0.089710
vt 0.784963 0.090117
vt 0.784963 0.089261
vt 0.784963 0.088852
vt 0.784963 0.091858
vt 0.784963 0.091425
vt 0.784963 0.090982
vt 0.784963 0.090535
vt 0.793438 0.089710
vt 0.793438 0.090117
vt 0.793438 0.089261
vt 0.793438 0.088852
vt 0.793438 0.091858
vt 0.793438 0.091425
vt 0.793438 0.090982
vt 0.793438 0.090535
vt 0.801928 0.089710
vt 0.801928 0.090117
vt 0.801928 0.089261
vt 0.801928 0.088852
vt 0.801928 0.091858
vt 0.801928 0.091425
vt 0.801928 0.090982
vt 0.801928 0.090535
vt 0.810417 0.089710
vt 0.810417 0.090117
vt 0.810417 0.089261
vt 0.810417 0.088852
vt 0.810417 0.091858
vt 0.810417 0.091425
vt 0.810417 0.090982
vt 0.810417 0.090535
vt 0.818852 0.089710
vt 0.818852 0.090117
vt 0.818852 0.089261
vt 0.818852 0.088852
vt 0.818852 0.091858
vt 0.818852 0.091425
vt 0.818852 0.090982
vt 0.818852 0.090535
vt 0.827266 0.089710
vt 0.827266 0.090117
vt 0.827266 0.089261
vt 0.827266 0.088852
vt 0.827266 0.091858
vt 0.827266 0.091425
vt 0.827266 0.090982
vt 0.827266 0.090535
vt 0.835462 0.089710
vt 0.835462 0.090117
vt 0.835462 0.089261
vt 0.835462 0.088852
vt 0.835462 0.091858
vt 0.835462 0.091425
vt 0.835462 0.090982
vt 0.835462 0.090535
vt 0.843726 0.089710
vt 0.843726 0.090117
vt 0.843726 0.089261
vt 0.843726 0.088852
vt 0.843726 0.091858
vt 0.843726 0.091425
vt 0.843726 0.090982
vt 0.843726 0.090535
vt 0.646124 0.091858
vt 0.835462 0.088493
vt 0.843726 0.088493
vt 0.827266 0.088493
vt 0.818852 0.088493
vt 0.810417 0.088493
vt 0.801928 0.088493
vt 0.793438 0.088493
vt 0.784963 0.088493
vt 0.776482 0.088493
vt 0.768011 0.088493
vt 0.759693 0.088493
vt 0.750764 0.088493
vt 0.741512 0.088493
vt 0.732139 0.088493
vt 0.722713 0.088493
vt 0.713349 0.088493
vt 0.704467 0.088493
vt 0.697360 0.088493
vt 0.689034 0.088493
vt 0.680212 0.088493
vt 0.672507 0.088493
vt 0.663883 0.088493
vt 0.655126 0.088493
vn 0.036213 0.981851 -0.186165
vn 0.696019 0.714497 -0.071077
vn 0.705303 0.638268 -0.308483
vn 0.053201 0.887574 -0.457582
vn 0.995248 0.043130 0.087296
vn 0.999090 0.042103 0.006876
vn 0.707032 -0.678836 0.198210
vn 0.724333 -0.602032 0.336003
vn -0.017414 -0.982334 0.186325
vn -0.024413 -0.886105 0.462841
vn -0.727989 -0.682908 0.060581
vn -0.764514 -0.581955 0.277212
vn -0.993721 0.041696 -0.103831
vn -0.992642 0.087275 -0.083937
vn -0.653136 0.729379 -0.203519
vn -0.631102 0.677975 -0.376910
vn 0.697911 0.408308 -0.588392
vn 0.022872 0.574770 -0.817996
vn 0.999686 0.011165 -0.022412
vn 0.705724 -0.411359 0.576834
vn -0.043367 -0.577145 0.815489
vn -0.753371 -0.374596 0.540471
vn -0.997305 0.051831 -0.051931
vn -0.665549 0.437334 -0.604800
vn 0.593610 0.578477 -0.559456
vn -0.071898 0.359132 -0.930513
vn 0.893088 0.404395 0.197129
vn 0.573766 -0.074167 0.815655
vn -0.108236 -0.487080 0.866625
vn -0.689841 -0.576172 0.438344
vn -0.902949 -0.385765 -0.189388
vn -0.669028 -0.035557 -0.742386
vn 0.181258 0.912334 -0.367140
vn -0.072738 0.375150 -0.924106
vn 0.302910 0.857002 0.416885
vn 0.217680 0.258846 0.941071
vn -0.014402 -0.510905 0.859517
vn -0.210495 -0.937091 0.278482
vn -0.295518 -0.866253 -0.402832
vn -0.260637 -0.368495 -0.892345
vn -0.008891 0.951252 -0.308288
vn -0.033766 0.462443 -0.886006
vn 0.021214 0.901553 0.432148
vn 0.040227 0.334450 0.941555
vn 0.036503 -0.449523 0.892523
vn 0.012472 -0.952048 0.305694
vn -0.017880 -0.894205 -0.447300
vn -0.037792 -0.312783 -0.949072
vn 0.034794 0.962989 -0.267286
vn 0.370096 0.379143 -0.848104
vn 0.047982 0.919830 0.389372
vn 0.366690 0.273637 0.889192
vn -0.126847 -0.236712 0.963264
vn -0.024482 -0.942719 0.332688
vn -0.040650 -0.883561 -0.466548
vn -0.106231 -0.124063 -0.986572
vn 0.979633 0.062335 -0.190874
vn 0.935343 -0.161310 -0.314820
vn 0.489908 -0.065400 -0.869318
vn 0.978916 0.049660 0.198133
vn 0.927331 -0.166032 0.335396
vn 0.453134 -0.077990 0.888024
vn -0.400655 0.078298 0.912877
vn -0.949556 -0.011863 0.313374
vn -0.925103 0.184361 0.331959
vn -0.937306 0.008000 -0.348416
vn -0.910020 0.189460 -0.368739
vn -0.349892 0.090733 -0.932386
vn 0.885227 -0.274250 -0.375713
vn 0.360846 -0.120350 -0.924827
vn 0.875645 -0.263372 0.404823
vn 0.335345 -0.093368 0.937457
vn -0.396772 0.130217 0.908634
vn -0.891637 0.276420 0.358575
vn -0.881168 0.265235 -0.391399
vn -0.370451 0.102950 -0.923129
vn 0.926429 -0.109889 -0.360075
vn 0.387739 -0.009955 -0.921715
vn 0.897089 -0.141902 0.418444
vn 0.335486 -0.088480 0.937881
vn -0.411149 0.014732 0.911449
vn -0.921443 0.108182 0.373147
vn -0.915513 0.141577 -0.376553
vn -0.382180 0.094623 -0.919231
vn 0.932584 0.010011 -0.360815
vn 0.403314 0.088739 -0.910749
vn 0.910435 -0.074923 0.406810
vn 0.348299 -0.115545 0.930235
vn -0.412142 -0.088684 0.906793
vn -0.933342 -0.010125 0.358845
vn -0.913253 0.074875 -0.400452
vn -0.359345 0.115683 -0.926007
vn 0.917623 -0.052481 -0.393972
vn 0.393751 -0.065800 -0.916859
vn 0.930157 -0.008331 0.367068
vn 0.378252 0.042749 0.924715
vn -0.418962 0.066387 0.905574
vn -0.946886 0.046671 0.318166
vn -0.894669 -0.000569 -0.446728
vn -0.338566 -0.045227 -0.939855
vn 0.895937 -0.258582 -0.361154
vn 0.356624 -0.462212 -0.811898
vn 0.941951 0.107433 0.318100
vn 0.401580 0.415691 0.816048
vn -0.402258 0.455216 0.794334
vn -0.944834 0.197950 0.260968
vn -0.892535 -0.171295 -0.417179
vn -0.351246 -0.426448 -0.833528
vn 0.879019 -0.419913 -0.225828
vn 0.321828 -0.825092 -0.464381
vn 0.956431 0.243575 0.160968
vn 0.426883 0.776977 0.462685
vn -0.392676 0.800486 0.452800
vn -0.940578 0.307121 0.144879
vn -0.906602 -0.351840 -0.232982
vn -0.386443 -0.796392 -0.465212
vn 0.901493 -0.423825 -0.087653
vn 0.343097 -0.931740 -0.118934
vn 0.939390 0.342827 -0.004053
vn 0.408657 0.908949 0.082524
vn -0.371671 0.920830 0.118042
vn -0.923259 0.375474 0.081318
vn -0.923366 -0.383910 -0.002845
vn -0.399806 -0.912744 -0.083982
vn 0.908833 -0.411547 -0.068202
vn 0.357228 -0.934011 -0.003293
vn 0.929359 0.357169 -0.093394
vn 0.395516 0.916297 -0.062983
vn -0.374564 0.927188 0.004975
vn -0.918780 0.388591 0.069572
vn -0.923261 -0.372707 0.093164
vn -0.396822 -0.915726 0.063071
vn 0.908049 -0.409773 -0.086789
vn 0.361874 -0.931348 0.040475
vn 0.919722 0.356982 -0.163326
vn 0.383525 0.912443 -0.142677
vn -0.379073 0.924612 -0.037379
vn -0.914936 0.393602 0.089277
vn -0.917377 -0.362878 0.163522
vn -0.391518 -0.908915 0.143485
vn 0.902987 -0.412147 -0.121451
vn 0.365588 -0.929007 0.057376
vn 0.908015 0.350740 -0.229107
vn 0.373367 0.905709 -0.200718
vn -0.380692 0.923144 -0.053650
vn -0.908159 0.399792 0.124155
vn -0.907017 -0.353214 0.229262
vn -0.382329 -0.901699 0.201899
vn 0.900373 -0.410909 -0.143117
vn 0.373291 -0.925468 0.064522
vn 0.899694 0.345344 -0.266997
vn 0.370167 0.899003 -0.234029
vn -0.376823 0.924105 -0.063520
vn -0.901935 0.407133 0.144067
vn -0.898935 -0.347211 0.267135
vn -0.371372 -0.898457 0.234217
vn 0.909755 -0.397693 -0.119103
vn 0.386020 -0.920092 0.066482
vn 0.906307 0.351261 -0.234997
vn 0.382273 0.898531 -0.215659
vn -0.366282 0.927784 -0.071093
vn -0.904115 0.411197 0.116157
vn -0.906086 -0.351790 0.235057
vn -0.367951 -0.904872 0.214055
vn 0.928197 -0.371347 -0.023492
vn 0.401004 -0.914422 0.055032
vn 0.923429 0.373602 -0.087756
vn 0.405444 0.908372 -0.102355
vn -0.347838 0.935712 -0.058757
vn -0.910401 0.413246 0.019930
vn -0.926087 -0.367034 0.087463
vn -0.372767 -0.922314 0.101889
vn 0.929509 -0.346671 0.125829
vn 0.423076 -0.905877 -0.019816
vn 0.899463 0.390853 0.195450
vn 0.388797 0.907240 0.160473
vn -0.339354 0.939787 0.040491
vn -0.895560 0.431860 -0.107091
vn -0.914736 -0.354881 -0.193178
vn -0.354271 -0.922012 -0.156162
vn 0.889497 -0.362585 0.278078
vn 0.507950 -0.837736 -0.200464
vn 0.758792 0.295638 0.580372
vn 0.238731 0.783409 0.573827
vn -0.410841 0.870174 0.272041
vn -0.857819 0.476538 -0.192506
vn -0.797445 -0.225321 -0.559743
vn -0.211546 -0.795762 -0.567460
vn 0.853078 -0.397562 0.337940
vn 0.559144 -0.765604 -0.318133
vn 0.627378 0.183818 0.756709
vn 0.103670 0.632463 0.767622
vn -0.480747 0.779189 0.402178
vn -0.840257 0.493650 -0.224229
vn -0.675270 -0.115878 -0.728411
vn -0.088387 -0.639817 -0.763427
s 1
g Cubiculos2 Accesorios Adornos_Escritorio Cajonera sweep4
usemtl lambert3SG
f 1924/2671/3691 1925/2672/3692 1933/2673/3693 1932/2674/3694
f 1925/2672/3692 1926/2675/3695 1934/2676/3696 1933/2673/3693
f 1926/2675/3695 1927/2677/3697 1935/2678/3698 1934/2676/3696
f 1927/2677/3697 1928/2679/3699 1936/2886/3700 1935/2678/3698
f 1928/2863/3699 1929/2681/3701 1937/2682/3702 1936/2680/3700
f 1929/2681/3701 1930/2683/3703 1938/2684/3704 1937/2682/3702
f 1930/2683/3703 1931/2685/3705 1939/2686/3706 1938/2684/3704
f 1931/2685/3705 1924/2671/3691 1932/2674/3694 1939/2686/3706
f 1932/2674/3694 1933/2673/3693 1941/2687/3707 1940/2688/3708
f 1933/2673/3693 1934/2676/3696 1942/2689/3709 1941/2687/3707
f 1934/2676/3696 1935/2678/3698 1943/2690/3710 1942/2689/3709
f 1935/2678/3698 1936/2886/3700 1944/2885/3711 1943/2690/3710
f 1936/2680/3700 1937/2682/3702 1945/2692/3712 1944/2691/3711
f 1937/2682/3702 1938/2684/3704 1946/2693/3713 1945/2692/3712
f 1938/2684/3704 1939/2686/3706 1947/2694/3714 1946/2693/3713
f 1939/2686/3706 1932/2674/3694 1940/2688/3708 1947/2694/3714
f 1940/2688/3708 1941/2687/3707 1949/2695/3715 1948/2696/3716
f 1941/2687/3707 1942/2689/3709 1950/2697/3717 1949/2695/3715
f 1942/2689/3709 1943/2690/3710 1951/2698/3718 1950/2697/3717
f 1943/2690/3710 1944/2885/3711 1952/2884/3719 1951/2698/3718
f 1944/2691/3711 1945/2692/3712 1953/2700/3720 1952/2699/3719
f 1945/2692/3712 1946/2693/3713 1954/2701/3721 1953/2700/3720
f 1946/2693/3713 1947/2694/3714 1955/2702/3722 1954/2701/3721
f 1947/2694/3714 1940/2688/3708 1948/2696/3716 1955/2702/3722
f 1948/2696/3716 1949/2695/3715 1957/2703/3723 1956/2704/3724
f 1949/2695/3715 1950/2697/3717 1958/2705/3725 1957/2703/3723
f 1950/2697/3717 1951/2698/3718 1959/2706/3726 1958/2705/3725
f 1951/2698/3718 1952/2884/3719 1960/2883/3727 1959/2706/3726
f 1952/2699/3719 1953/2700/3720 1961/2708/3728 1960/2707/3727
f 1953/2700/3720 1954/2701/3721 1962/2709/3729 1961/2708/3728
f 1954/2701/3721 1955/2702/3722 1963/2710/3730 1962/2709/3729
f 1955/2702/3722 1948/2696/3716 1956/2704/3724 1963/2710/3730
f 1956/2704/3724 1957/2703/3723 1965/2711/3731 1964/2712/3732
f 1957/2703/3723 1958/2705/3725 1966/2713/3733 1965/2711/3731
f 1958/2705/3725 1959/2706/3726 1967/2714/3734 1966/2713/3733
f 1959/2706/3726 1960/2883/3727 1968/2882/3735 1967/2714/3734
f 1960/2707/3727 1961/2708/3728 1969/2716/3736 1968/2715/3735
f 1961/2708/3728 1962/2709/3729 1970/2717/3737 1969/2716/3736
f 1962/2709/3729 1963/2710/3730 1971/2718/3738 1970/2717/3737
f 1963/2710/3730 1956/2704/3724 1964/2712/3732 1971/2718/3738
f 1964/2712/3732 1965/2711/3731 1973/2719/3739 1972/2720/3740
f 1965/2711/3731 1966/2713/3733 1974/2721/3741 1973/2719/3739
f 1966/2713/3733 1967/2714/3734 1975/2722/3742 1974/2721/3741
f 1967/2714/3734 1968/2882/3735 1976/2881/3743 1975/2722/3742
f 1968/2715/3735 1969/2716/3736 1977/2724/3744 1976/2723/3743
f 1969/2716/3736 1970/2717/3737 1978/2725/3745 1977/2724/3744
f 1970/2717/3737 1971/2718/3738 1979/2726/3746 1978/2725/3745
f 1971/2718/3738 1964/2712/3732 1972/2720/3740 1979/2726/3746
f 1972/2720/3740 1973/2719/3747 1981/2727/3748 1980/2728/3749
f 1973/2719/3747 1974/2721/3750 1982/2729/3751 1981/2727/3748
f 1974/2721/3750 1975/2722/3742 1983/2730/3752 1982/2729/3751
f 1975/2722/3742 1976/2881/3743 1984/2880/3753 1983/2730/3752
f 1976/2723/3743 1977/2724/3754 1985/2732/3755 1984/2731/3753
f 1977/2724/3754 1978/2725/3756 1986/2733/3757 1985/2732/3755
f 1978/2725/3756 1979/2726/3746 1987/2734/3758 1986/2733/3757
f 1979/2726/3746 1972/2720/3740 1980/2728/3749 1987/2734/3758
f 1980/2728/3749 1981/2727/3748 1989/2735/3759 1988/2736/3760
f 1981/2727/3748 1982/2729/3751 1990/2737/3761 1989/2735/3759
f 1982/2729/3751 1983/2730/3752 1991/2738/3762 1990/2737/3761
f 1983/2730/3752 1984/2880/3753 1992/2879/3763 1991/2738/3762
f 1984/2731/3753 1985/2732/3755 1993/2740/3764 1992/2739/3763
f 1985/2732/3755 1986/2733/3757 1994/2741/3765 1993/2740/3764
f 1986/2733/3757 1987/2734/3758 1995/2742/3766 1994/2741/3765
f 1987/2734/3758 1980/2728/3749 1988/2736/3760 1995/2742/3766
f 1988/2736/3760 1989/2735/3759 1997/2743/3767 1996/2744/3768
f 1989/2735/3759 1990/2737/3761 1998/2745/3769 1997/2743/3767
f 1990/2737/3761 1991/2738/3762 1999/2746/3770 1998/2745/3769
f 1991/2738/3762 1992/2879/3763 2000/2878/3771 1999/2746/3770
f 1992/2739/3763 1993/2740/3764 2001/2748/3772 2000/2747/3771
f 1993/2740/3764 1994/2741/3765 2002/2749/3773 2001/2748/3772
f 1994/2741/3765 1995/2742/3766 2003/2750/3774 2002/2749/3773
f 1995/2742/3766 1988/2736/3760 1996/2744/3768 2003/2750/3774
f 1996/2744/3768 1997/2743/3767 2005/2751/3775 2004/2752/3776
f 1997/2743/3767 1998/2745/3769 2006/2753/3777 2005/2751/3775
f 1998/2745/3769 1999/2746/3770 2007/2754/3778 2006/2753/3777
f 1999/2746/3770 2000/2878/3771 2008/2877/3779 2007/2754/3778
f 2000/2747/3771 2001/2748/3772 2009/2756/3780 2008/2755/3779
f 2001/2748/3772 2002/2749/3773 2010/2757/3781 2009/2756/3780
f 2002/2749/3773 2003/2750/3774 2011/2758/3782 2010/2757/3781
f 2003/2750/3774 1996/2744/3768 2004/2752/3776 2011/2758/3782
f 2004/2752/3776 2005/2751/3775 2013/2759/3783 2012/2760/3784
f 2005/2751/3775 2006/2753/3777 2014/2761/3785 2013/2759/3783
f 2006/2753/3777 2007/2754/3778 2015/2762/3786 2014/2761/3785
f 2007/2754/3778 2008/2877/3779 2016/2876/3787 2015/2762/3786
f 2008/2755/3779 2009/2756/3780 2017/2764/3788 2016/2763/3787
f 2009/2756/3780 2010/2757/3781 2018/2765/3789 2017/2764/3788
f 2010/2757/3781 2011/2758/3782 2019/2766/3790 2018/2765/3789
f 2011/2758/3782 2004/2752/3776 2012/2760/3784 2019/2766/3790
f 2012/2760/3784 2013/2759/3783 2021/2767/3791 2020/2768/3792
f 2013/2759/3783 2014/2761/3785 2022/2769/3793 2021/2767/3791
f 2014/2761/3785 2015/2762/3786 2023/2770/3794 2022/2769/3793
f 2015/2762/3786 2016/2876/3787 2024/2875/3795 2023/2770/3794
f 2016/2763/3787 2017/2764/3788 2025/2772/3796 2024/2771/3795
f 2017/2764/3788 2018/2765/3789 2026/2773/3797 2025/2772/3796
f 2018/2765/3789 2019/2766/3790 2027/2774/3798 2026/2773/3797
f 2019/2766/3790 2012/2760/3784 2020/2768/3792 2027/2774/3798
f 2020/2768/3792 2021/2767/3791 2029/2775/3799 2028/2776/3800
f 2021/2767/3791 2022/2769/3793 2030/2777/3801 2029/2775/3799
f 2022/2769/3793 2023/2770/3794 2031/2778/3802 2030/2777/3801
f 2023/2770/3794 2024/2875/3795 2032/2874/3803 2031/2778/3802
f 2024/2771/3795 2025/2772/3796 2033/2780/3804 2032/2779/3803
f 2025/2772/3796 2026/2773/3797 2034/2781/3805 2033/2780/3804
f 2026/2773/3797 2027/2774/3798 2035/2782/3806 2034/2781/3805
f 2027/2774/3798 2020/2768/3792 2028/2776/3800 2035/2782/3806
f 2028/2776/3800 2029/2775/3799 2037/2783/3807 2036/2784/3808
f 2029/2775/3799 2030/2777/3801 2038/2785/3809 2037/2783/3807
f 2030/2777/3801 2031/2778/3802 2039/2786/3810 2038/2785/3809
f 2031/2778/3802 2032/2874/3803 2040/2873/3811 2039/2786/3810
f 2032/2779/3803 2033/2780/3804 2041/2788/3812 2040/2787/3811
f 2033/2780/3804 2034/2781/3805 2042/2789/3813 2041/2788/3812
f 2034/2781/3805 2035/2782/3806 2043/2790/3814 2042/2789/3813
f 2035/2782/3806 2028/2776/3800 2036/2784/3808 2043/2790/3814
f 2036/2784/3808 2037/2783/3807 2045/2791/3815 2044/2792/3816
f 2037/2783/3807 2038/2785/3809 2046/2793/3817 2045/2791/3815
f 2038/2785/3809 2039/2786/3810 2047/2794/3818 2046/2793/3817
f 2039/2786/3810 2040/2873/3811 2048/2872/3819 2047/2794/3818
f 2040/2787/3811 2041/2788/3812 2049/2796/3820 2048/2795/3819
f 2041/2788/3812 2042/2789/3813 2050/2797/3821 2049/2796/3820
f 2042/2789/3813 2043/2790/3814 2051/2798/3822 2050/2797/3821
f 2043/2790/3814 2036/2784/3808 2044/2792/3816 2051/2798/3822
f 2044/2792/3816 2045/2791/3815 2053/2799/3823 2052/2800/3824
f 2045/2791/3815 2046/2793/3817 2054/2801/3825 2053/2799/3823
f 2046/2793/3817 2047/2794/3818 2055/2802/3826 2054/2801/3825
f 2047/2794/3818 2048/2872/3819 2056/2871/3827 2055/2802/3826
f 2048/2795/3819 2049/2796/3820 2057/2804/3828 2056/2803/3827
f 2049/2796/3820 2050/2797/3821 2058/2805/3829 2057/2804/3828
f 2050/2797/3821 2051/2798/3822 2059/2806/3830 2058/2805/3829
f 2051/2798/3822 2044/2792/3816 2052/2800/3824 2059/2806/3830
f 2052/2800/3824 2053/2799/3823 2061/2807/3831 2060/2808/3832
f 2053/2799/3823 2054/2801/3825 2062/2809/3833 2061/2807/3831
f 2054/2801/3825 2055/2802/3826 2063/2810/3834 2062/2809/3833
f 2055/2802/3826 2056/2871/3827 2064/2870/3835 2063/2810/3834
f 2056/2803/3827 2057/2804/3828 2065/2812/3836 2064/2811/3835
f 2057/2804/3828 2058/2805/3829 2066/2813/3837 2065/2812/3836
f 2058/2805/3829 2059/2806/3830 2067/2814/3838 2066/2813/3837
f 2059/2806/3830 2052/2800/3824 2060/2808/3832 2067/2814/3838
f 2060/2808/3832 2061/2807/3831 2069/2815/3839 2068/2816/3840
f 2061/2807/3831 2062/2809/3833 2070/2817/3841 2069/2815/3839
f 2062/2809/3833 2063/2810/3834 2071/2818/3842 2070/2817/3841
f 2063/2810/3834 2064/2870/3835 2072/2869/3843 2071/2818/3842
f 2064/2811/3835 2065/2812/3836 2073/2820/3844 2072/2819/3843
f 2065/2812/3836 2066/2813/3837 2074/2821/3845 2073/2820/3844
f 2066/2813/3837 2067/2814/3838 2075/2822/3846 2074/2821/3845
f 2067/2814/3838 2060/2808/3832 2068/2816/3840 2075/2822/3846
f 2068/2816/3840 2069/2815/3839 2077/2823/3847 2076/2824/3848
f 2069/2815/3839 2070/2817/3841 2078/2825/3849 2077/2823/3847
f 2070/2817/3841 2071/2818/3842 2079/2826/3850 2078/2825/3849
f 2071/2818/3842 2072/2869/3843 2080/2868/3851 2079/2826/3850
f 2072/2819/3843 2073/2820/3844 2081/2828/3852 2080/2827/3851
f 2073/2820/3844 2074/2821/3845 2082/2829/3853 2081/2828/3852
f 2074/2821/3845 2075/2822/3846 2083/2830/3854 2082/2829/3853
f 2075/2822/3846 2068/2816/3840 2076/2824/3848 2083/2830/3854
f 2076/2824/3848 2077/2823/3847 2085/2831/3855 2084/2832/3856
f 2077/2823/3847 2078/2825/3849 2086/2833/3857 2085/2831/3855
f 2078/2825/3849 2079/2826/3850 2087/2834/3858 2086/2833/3857
f 2079/2826/3850 2080/2868/3851 2088/2867/3859 2087/2834/3858
f 2080/2827/3851 2081/2828/3852 2089/2836/3860 2088/2835/3859
f 2081/2828/3852 2082/2829/3853 2090/2837/3861 2089/2836/3860
f 2082/2829/3853 2083/2830/3854 2091/2838/3862 2090/2837/3861
f 2083/2830/3854 2076/2824/3848 2084/2832/3856 2091/2838/3862
f 2084/2832/3856 2085/2831/3855 2093/2839/3863 2092/2840/3864
f 2085/2831/3855 2086/2833/3857 2094/2841/3865 2093/2839/3863
f 2086/2833/3857 2087/2834/3858 2095/2842/3866 2094/2841/3865
f 2087/2834/3858 2088/2867/3859 2096/2866/3867 2095/2842/3866
f 2088/2835/3859 2089/2836/3860 2097/2844/3868 2096/2843/3867
f 2089/2836/3860 2090/2837/3861 2098/2845/3869 2097/2844/3868
f 2090/2837/3861 2091/2838/3862 2099/2846/3870 2098/2845/3869
f 2091/2838/3862 2084/2832/3856 2092/2840/3864 2099/2846/3870
f 2092/2840/3864 2093/2839/3863 2101/2847/3871 2100/2848/3872
f 2093/2839/3863 2094/2841/3865 2102/2849/3873 2101/2847/3871
f 2094/2841/3865 2095/2842/3866 2103/2850/3874 2102/2849/3873
f 2095/2842/3866 2096/2866/3867 2104/2864/3875 2103/2850/3874
f 2096/2843/3867 2097/2844/3868 2105/2852/3876 2104/2851/3875
f 2097/2844/3868 2098/2845/3869 2106/2853/3877 2105/2852/3876
f 2098/2845/3869 2099/2846/3870 2107/2854/3878 2106/2853/3877
f 2099/2846/3870 2092/2840/3864 2100/2848/3872 2107/2854/3878
f 2100/2848/3872 2101/2847/3871 2109/2855/3879 2108/2856/3880
f 2101/2847/3871 2102/2849/3873 2110/2857/3881 2109/2855/3879
f 2102/2849/3873 2103/2850/3874 2111/2858/3882 2110/2857/3881
f 2103/2850/3874 2104/2864/3875 2112/2865/3883 2111/2858/3882
f 2104/2851/3875 2105/2852/3876 2113/2860/3884 2112/2859/3883
f 2105/2852/3876 2106/2853/3877 2114/2861/3885 2113/2860/3884
f 2106/2853/3877 2107/2854/3878 2115/2862/3886 2114/2861/3885
f 2107/2854/3878 2100/2848/3872 2108/2856/3880 2115/2862/3886
g default
v -4.051091 2.522039 -5.179741
v -4.081644 2.519583 -5.005931
v -3.973635 2.716417 -5.167713
v -4.004186 2.713961 -4.993903
v -4.005672 2.669264 -4.994489
v -3.975121 2.671720 -5.168298
v -4.033153 2.581494 -4.998919
v -4.002602 2.583951 -5.172729
vt 0.335293 0.036793
vt 0.335293 0.040230
vt 0.327612 0.040230
vt 0.327612 0.036793
vt 0.335293 0.030839
vt 0.335293 0.032786
vt 0.327612 0.032786
vt 0.327612 0.030839
vn -0.878550 0.454140 -0.148008
vn -0.773828 0.620482 -0.127251
vn -0.773828 0.620482 -0.127251
vn -0.876096 0.459018 -0.147508
vn -0.984382 0.034972 -0.172535
vn -0.962222 0.215745 -0.166084
vn -0.961829 0.217562 -0.165989
vn -0.984382 0.034972 -0.172535
s 1
g Cubiculos2 Accesorios Adornos_Escritorio Postip Hojas1
usemtl lambert3SG
f 2123/2887/3887 2116/2888/3888 2117/2889/3889 2122/2890/3890
f 2118/2891/3891 2121/2892/3892 2120/2893/3893 2119/2894/3894
f 2121/2892/3892 2123/2887/3887 2122/2890/3890 2120/2893/3893
g default
v -3.784620 1.422531 -4.195504
v -3.999245 1.425805 -4.712312
v -3.784617 1.442431 -4.195565
v -3.999247 1.431517 -4.712286
v -4.754453 1.428766 -4.409609
v -4.754452 1.423054 -4.409636
v -4.562046 1.437936 -3.949610
v -4.562047 1.420302 -3.949564
v -4.099229 1.441169 -4.071525
v -4.099232 1.421268 -4.071464
v -4.153425 1.421791 -4.113333
v -4.153424 1.439425 -4.113381
vt 0.746647 0.080306
vt 0.743982 0.064190
vt 0.746647 0.065673
vt 0.697692 0.065674
vt 0.700355 0.064190
vt 0.697692 0.080306
vt 0.722045 0.080306
vt 0.722295 0.080306
vt 0.700376 0.044910
vt 0.722043 0.044910
vt 0.722291 0.044910
vt 0.743958 0.044910
vn -0.011786 0.999797 -0.016314
vn -0.010254 0.999821 -0.015921
vn -0.013527 0.999617 -0.024137
vn -0.000605 -0.999931 -0.011715
vn 0.000976 -0.999978 -0.006502
vn 0.000531 -0.999978 -0.006615
vn -0.010298 0.999821 -0.015853
vn 0.000970 -0.999979 -0.006451
vn 0.001067 -0.999979 -0.006426
vn 0.001067 -0.999979 -0.006426
vn -0.372039 0.004255 -0.928207
vn -0.372039 0.004255 -0.928207
vn -0.372039 0.004255 -0.928207
vn -0.372039 0.004255 -0.928207
vn -0.009961 0.999826 -0.015766
vn -0.009961 0.999826 -0.015766
s 1
g Cubiculos2 Accesorios Adornos_Escritorio Hojas1 pCube52
usemtl lambert3SG
f 2126/2895/3895 2135/2896/3896 2132/2897/3897
s 2
f 2133/2898/3898 2134/2899/3899 2124/2900/3900
s 1
f 2126/2895/3895 2127/2902/3901 2135/2896/3896
s 2
f 2124/2900/3900 2134/2899/3899 2125/2901/3902
f 2125/2901/3902 2134/2899/3899 2131/2903/3903 2129/2904/3904
s off
f 2127/2902/3905 2125/2901/3906 2129/2904/3907 2128/2905/3908
s 1
f 2135/2896/3896 2127/2902/3901 2128/2905/3909 2130/2906/3910
g default
v -4.032776 1.431993 -3.234535
v -3.882113 1.434373 -3.703742
v -4.687217 1.430250 -3.444685
v -4.536553 1.432630 -3.913893
vt 0.894451 0.051544
vt 0.894455 0.072995
vt 0.864535 0.073000
vt 0.864532 0.051548
vn -0.003891 0.999985 0.003823
vn -0.003891 0.999985 0.003823
vn -0.003891 0.999985 0.003823
vn -0.003891 0.999985 0.003823
s off
g Cubiculos2 Accesorios Adornos_Escritorio Hojas1 pCube51
usemtl lambert3SG
f 2136/2907/3911 2137/2908/3912 2139/2909/3913 2138/2910/3914
g default
v -4.207948 1.552549 -7.123338
v -4.245730 1.552549 -7.150788
v -4.292431 1.552549 -7.150788
v -4.330212 1.552549 -7.123338
v -4.344643 1.552549 -7.078922
v -4.330212 1.552549 -7.034508
v -4.292431 1.552549 -7.007058
v -4.245730 1.552549 -7.007058
v -4.207948 1.552549 -7.034508
v -4.193517 1.552549 -7.078922
v -4.216137 1.590331 -7.117387
v -4.248858 1.590331 -7.141160
v -4.289301 1.590331 -7.141160
v -4.322023 1.590331 -7.117387
v -4.334520 1.590331 -7.078922
v -4.322023 1.590331 -7.040458
v -4.289301 1.590331 -7.016686
v -4.248858 1.590331 -7.016686
v -4.216137 1.590331 -7.040458
v -4.203639 1.590331 -7.078922
v -4.238514 1.617989 -7.101130
v -4.257405 1.617989 -7.114855
v -4.280756 1.617989 -7.114856
v -4.299646 1.617989 -7.101130
v -4.306862 1.617989 -7.078922
v -4.299646 1.617989 -7.056715
v -4.280756 1.617989 -7.042990
v -4.257405 1.617989 -7.042990
v -4.238514 1.617989 -7.056715
v -4.231299 1.617989 -7.078922
v -4.269080 1.628112 -7.078922
vt 0.527819 0.036882
vt 0.527819 0.051334
vt 0.529333 0.051334
vt 0.529333 0.052898
vt 0.527819 0.049755
vt 0.529333 0.049755
vt 0.527819 0.048150
vt 0.529333 0.048150
vt 0.527819 0.046518
vt 0.529333 0.046518
vt 0.527819 0.044881
vt 0.529333 0.044881
vt 0.527819 0.043245
vt 0.529333 0.043245
vt 0.527819 0.041612
vt 0.529333 0.041612
vt 0.527819 0.040008
vt 0.529333 0.040008
vt 0.527819 0.038435
vt 0.529333 0.038435
vt 0.458936 0.011960
vt 0.460370 0.012426
vt 0.458050 0.010740
vt 0.458050 0.009233
vt 0.458936 0.008013
vt 0.460370 0.007547
vt 0.461804 0.008013
vt 0.462690 0.009233
vt 0.462690 0.010741
vt 0.461804 0.011960
vt 0.460370 0.009986
vt 0.531270 0.038435
vt 0.531270 0.052898
vt 0.531270 0.040008
vt 0.531270 0.041612
vt 0.531270 0.043245
vt 0.531270 0.044881
vt 0.531270 0.046518
vt 0.531270 0.048150
vt 0.531270 0.049755
vt 0.531270 0.051334
vt 0.529333 0.036882
vt 0.531270 0.036882
vt 0.527819 0.052898
vn 0.569576 0.246938 -0.783967
vn 0.569576 0.246938 -0.783967
vn 0.569576 0.246938 -0.783967
vn 0.569576 0.246938 -0.783967
vn 0.000000 0.246939 -0.969031
vn 0.000000 0.246939 -0.969031
vn 0.000000 0.246939 -0.969031
vn 0.000000 0.246939 -0.969031
vn -0.569570 0.246944 -0.783970
vn -0.569570 0.246944 -0.783970
vn -0.569570 0.246944 -0.783970
vn -0.569570 0.246944 -0.783970
vn -0.921608 0.246941 -0.299432
vn -0.921608 0.246941 -0.299432
vn -0.921608 0.246941 -0.299432
vn -0.921608 0.246941 -0.299432
vn -0.921609 0.246930 0.299436
vn -0.921609 0.246930 0.299436
vn -0.921609 0.246930 0.299436
vn -0.921609 0.246930 0.299436
vn -0.569580 0.246940 0.783964
vn -0.569580 0.246940 0.783964
vn -0.569580 0.246940 0.783964
vn -0.569580 0.246940 0.783964
vn 0.000000 0.246939 0.969031
vn 0.000000 0.246939 0.969031
vn 0.000000 0.246939 0.969031
vn 0.000000 0.246939 0.969031
vn 0.569589 0.246925 0.783962
vn 0.569589 0.246925 0.783962
vn 0.569589 0.246925 0.783962
vn 0.569589 0.246925 0.783962
vn 0.921608 0.246919 0.299450
vn 0.921608 0.246919 0.299450
vn 0.921608 0.246919 0.299450
vn 0.921608 0.246919 0.299450
vn 0.921608 0.246925 -0.299444
vn 0.921608 0.246925 -0.299444
vn 0.921608 0.246925 -0.299444
vn 0.921608 0.246925 -0.299444
vn 0.425910 0.689159 -0.586226
vn 0.425910 0.689159 -0.586226
vn 0.425910 0.689159 -0.586226
vn 0.425910 0.689159 -0.586226
vn 0.000021 0.689159 -0.724610
vn 0.000021 0.689159 -0.724610
vn 0.000021 0.689159 -0.724610
vn 0.000021 0.689159 -0.724610
vn -0.425923 0.689150 -0.586227
vn -0.425922 0.689150 -0.586227
vn -0.425922 0.689150 -0.586227
vn -0.425923 0.689150 -0.586227
vn -0.689154 0.689154 -0.223902
vn -0.689154 0.689154 -0.223902
vn -0.689154 0.689154 -0.223902
vn -0.689154 0.689154 -0.223902
vn -0.689154 0.689154 0.223903
vn -0.689154 0.689154 0.223903
vn -0.689154 0.689154 0.223903
vn -0.689154 0.689154 0.223903
vn -0.425898 0.689155 0.586239
vn -0.425898 0.689155 0.586239
vn -0.425898 0.689156 0.586239
vn -0.425898 0.689155 0.586239
vn 0.000000 0.689154 0.724615
vn 0.000000 0.689154 0.724615
vn 0.000000 0.689154 0.724615
vn 0.000000 0.689154 0.724615
vn 0.425903 0.689160 0.586230
vn 0.425903 0.689160 0.586230
vn 0.425903 0.689160 0.586230
vn 0.425903 0.689160 0.586230
vn 0.689142 0.689163 0.223912
vn 0.689142 0.689163 0.223912
vn 0.689142 0.689163 0.223912
vn 0.689142 0.689163 0.223912
vn 0.689142 0.689164 -0.223912
vn 0.689142 0.689163 -0.223912
vn 0.689142 0.689164 -0.223912
vn 0.689142 0.689163 -0.223912
vn 0.159398 0.962527 -0.219396
vn 0.159398 0.962527 -0.219396
vn 0.159398 0.962527 -0.219396
vn 0.000015 0.962528 -0.271181
vn 0.000015 0.962528 -0.271181
vn 0.000015 0.962528 -0.271181
vn -0.159412 0.962525 -0.219395
vn -0.159412 0.962525 -0.219395
vn -0.159412 0.962525 -0.219395
vn -0.257912 0.962528 -0.083796
vn -0.257912 0.962528 -0.083796
vn -0.257912 0.962528 -0.083796
vn -0.257919 0.962526 0.083799
vn -0.257919 0.962526 0.083799
vn -0.257919 0.962526 0.083799
vn -0.159383 0.962529 0.219396
vn -0.159383 0.962529 0.219396
vn -0.159383 0.962529 0.219396
vn 0.000000 0.962526 0.271189
vn 0.000000 0.962526 0.271189
vn 0.000000 0.962526 0.271189
vn 0.159379 0.962531 0.219390
vn 0.159379 0.962531 0.219390
vn 0.159379 0.962531 0.219390
vn 0.257919 0.962526 0.083799
vn 0.257919 0.962526 0.083799
vn 0.257919 0.962526 0.083799
vn 0.257912 0.962528 -0.083796
vn 0.257912 0.962528 -0.083796
vn 0.257912 0.962528 -0.083796
s off
g Cubiculos2 Accesorios Adornos_Escritorio pSphere2 Holograma
usemtl lambert3SG
f 2140/2954/3915 2141/2912/3916 2151/2913/3917 2150/2914/3918
f 2141/2912/3919 2142/2915/3920 2152/2916/3921 2151/2913/3922
f 2142/2915/3923 2143/2917/3924 2153/2918/3925 2152/2916/3926
f 2143/2917/3927 2144/2919/3928 2154/2920/3929 2153/2918/3930
f 2144/2919/3931 2145/2921/3932 2155/2922/3933 2154/2920/3934
f 2145/2921/3935 2146/2923/3936 2156/2924/3937 2155/2922/3938
f 2146/2923/3939 2147/2925/3940 2157/2926/3941 2156/2924/3942
f 2147/2925/3943 2148/2927/3944 2158/2928/3945 2157/2926/3946
f 2148/2927/3947 2149/2929/3948 2159/2930/3949 2158/2928/3950
f 2149/2929/3951 2140/2911/3952 2150/2952/3953 2159/2930/3954
f 2150/2914/3955 2151/2913/3956 2161/2951/3957 2160/2943/3958
f 2151/2913/3959 2152/2916/3960 2162/2950/3961 2161/2951/3962
f 2152/2916/3963 2153/2918/3964 2163/2949/3965 2162/2950/3966
f 2153/2918/3967 2154/2920/3968 2164/2948/3969 2163/2949/3970
f 2154/2920/3971 2155/2922/3972 2165/2947/3973 2164/2948/3974
f 2155/2922/3975 2156/2924/3976 2166/2946/3977 2165/2947/3978
f 2156/2924/3979 2157/2926/3980 2167/2945/3981 2166/2946/3982
f 2157/2926/3983 2158/2928/3984 2168/2944/3985 2167/2945/3986
f 2158/2928/3987 2159/2930/3988 2169/2942/3989 2168/2944/3990
f 2159/2930/3991 2150/2952/3992 2160/2953/3993 2169/2942/3994
f 2160/2932/3995 2161/2931/3996 2170/2941/3997
f 2161/2931/3998 2162/2933/3999 2170/2941/4000
f 2162/2933/4001 2163/2934/4002 2170/2941/4003
f 2163/2934/4004 2164/2935/4005 2170/2941/4006
f 2164/2935/4007 2165/2936/4008 2170/2941/4009
f 2165/2936/4010 2166/2937/4011 2170/2941/4012
f 2166/2937/4013 2167/2938/4014 2170/2941/4015
f 2167/2938/4016 2168/2939/4017 2170/2941/4018
f 2168/2939/4019 2169/2940/4020 2170/2941/4021
f 2169/2940/4022 2160/2932/4023 2170/2941/4024
g default
v -4.502843 1.681663 -7.508962
v -4.017931 1.671521 -6.663813
v -4.474315 2.484237 -7.515699
v -3.989403 2.474094 -6.670550
vt 0.717770 0.175694
vt 0.760185 0.175700
vt 0.760180 0.210659
vt 0.717764 0.210652
vn -0.866659 0.034983 0.497673
vn -0.866659 0.034983 0.497673
vn -0.866659 0.034983 0.497673
vn -0.866659 0.034983 0.497673
s off
g Cubiculos2 Accesorios Adornos_Escritorio Holograma pCube57
usemtl lambert3SG
f 2171/2955/4025 2172/2956/4026 2174/2957/4027 2173/2958/4028
g default
v -4.571887 1.545142 -6.965521
v -4.170080 1.545142 -6.788254
v -4.571887 1.568299 -6.965521
v -4.170080 1.568299 -6.788254
v -4.394619 1.568299 -7.367328
v -3.992812 1.568299 -7.190061
v -4.394619 1.545142 -7.367328
v -3.992812 1.545142 -7.190061
vt 0.749261 0.045923
vt 0.769385 0.044912
vt 0.769385 0.045920
vt 0.750269 0.045923
vt 0.769389 0.065036
vt 0.750272 0.065039
vt 0.770397 0.065036
vt 0.750272 0.066047
vt 0.769389 0.066044
vt 0.749264 0.065040
vt 0.770393 0.045919
vt 0.750269 0.044915
vn -0.403641 0.000000 0.914917
vn -0.403641 0.000000 0.914917
vn -0.403641 0.000000 0.914917
vn -0.403641 0.000000 0.914917
vn 0.000000 1.000000 -0.000000
vn 0.000000 1.000000 -0.000000
vn 0.000000 1.000000 -0.000000
vn 0.000000 1.000000 -0.000000
vn 0.403641 0.000000 -0.914917
vn 0.403641 0.000000 -0.914917
vn 0.403641 0.000000 -0.914917
vn 0.403641 0.000000 -0.914917
vn 0.914918 0.000000 0.403640
vn 0.914918 0.000000 0.403640
vn 0.914918 0.000000 0.403640
vn 0.914918 0.000000 0.403640
vn -0.914918 0.000000 -0.403640
vn -0.914918 0.000000 -0.403640
vn -0.914918 0.000000 -0.403640
vn -0.914918 0.000000 -0.403640
s off
g Cubiculos2 Accesorios Adornos_Escritorio Holograma pCube56
usemtl lambert3SG
f 2175/2970/4029 2176/2960/4030 2178/2961/4031 2177/2962/4032
f 2177/2962/4033 2178/2961/4034 2180/2963/4035 2179/2964/4036
f 2179/2964/4037 2180/2963/4038 2182/2967/4039 2181/2966/4040
f 2176/2969/4041 2182/2965/4042 2180/2963/4043 2178/2961/4044
f 2181/2968/4045 2175/2959/4046 2177/2962/4047 2179/2964/4048
g default
v -4.375672 1.466844 -6.722512
v -3.927070 1.466844 -6.984468
v -4.375672 1.494236 -6.722512
v -3.927070 1.494236 -6.984468
v -4.637628 1.494236 -7.171113
v -4.189027 1.494236 -7.433070
v -4.637628 1.466844 -7.171113
v -4.189027 1.466844 -7.433070
vt 0.749261 0.045923
vt 0.769385 0.044912
vt 0.769385 0.045920
vt 0.750269 0.045923
vt 0.769389 0.065036
vt 0.750272 0.065039
vt 0.770397 0.065036
vt 0.750272 0.066047
vt 0.769389 0.066044
vt 0.749264 0.065040
vt 0.770393 0.045919
vt 0.750269 0.044915
vn 0.504262 0.000000 0.863551
vn 0.504262 0.000000 0.863551
vn 0.504262 0.000000 0.863551
vn 0.504262 0.000000 0.863551
vn 0.000000 1.000000 -0.000000
vn 0.000000 1.000000 -0.000000
vn 0.000000 1.000000 -0.000000
vn 0.000000 1.000000 -0.000000
vn -0.504263 0.000000 -0.863550
vn -0.504263 0.000000 -0.863550
vn -0.504263 0.000000 -0.863550
vn -0.504263 0.000000 -0.863550
vn 0.863550 0.000000 -0.504263
vn 0.863550 0.000000 -0.504263
vn 0.863550 0.000000 -0.504263
vn 0.863550 0.000000 -0.504263
vn -0.863551 0.000000 0.504261
vn -0.863551 0.000000 0.504261
vn -0.863551 0.000000 0.504261
vn -0.863551 0.000000 0.504261
s off
g Cubiculos2 Accesorios Adornos_Escritorio Holograma pCube55
usemtl lambert3SG
f 2183/2982/4049 2184/2972/4050 2186/2973/4051 2185/2974/4052
f 2185/2974/4053 2186/2973/4054 2188/2975/4055 2187/2976/4056
f 2187/2976/4057 2188/2975/4058 2190/2979/4059 2189/2978/4060
f 2184/2981/4061 2190/2977/4062 2188/2975/4063 2186/2973/4064
f 2189/2980/4065 2183/2971/4066 2185/2974/4067 2187/2976/4068
g default
v -4.610109 1.394173 -6.750032
v -3.954591 1.394173 -6.750032
v -4.610109 1.428738 -6.750032
v -3.954591 1.428738 -6.750032
v -4.610109 1.428738 -7.405550
v -3.954591 1.428738 -7.405550
v -4.610109 1.394173 -7.405550
v -3.954591 1.394173 -7.405550
vt 0.749263 0.045920
vt 0.769388 0.044914
vt 0.769388 0.045922
vt 0.750271 0.045920
vt 0.769386 0.065039
vt 0.750270 0.065037
vt 0.770394 0.065039
vt 0.750270 0.066045
vt 0.769386 0.066047
vt 0.749262 0.065037
vt 0.770396 0.045922
vt 0.750271 0.044912
vn 0.000000 0.000000 1.000000
vn 0.000000 0.000000 1.000000
vn 0.000000 0.000000 1.000000
vn 0.000000 0.000000 1.000000
vn 0.000000 1.000000 0.000000
vn 0.000000 1.000000 0.000000
vn 0.000000 1.000000 0.000000
vn 0.000000 1.000000 0.000000
vn 0.000000 0.000000 -1.000000
vn 0.000000 0.000000 -1.000000
vn 0.000000 0.000000 -1.000000
vn 0.000000 0.000000 -1.000000
vn 1.000000 0.000000 0.000000
vn 1.000000 0.000000 0.000000
vn 1.000000 0.000000 0.000000
vn 1.000000 0.000000 0.000000
vn -1.000000 0.000000 0.000000
vn -1.000000 0.000000 0.000000
vn -1.000000 0.000000 0.000000
vn -1.000000 0.000000 0.000000
s off
g Cubiculos2 Accesorios Adornos_Escritorio Holograma pCube54
usemtl lambert3SG
f 2191/2994/4069 2192/2984/4070 2194/2985/4071 2193/2986/4072
f 2193/2986/4073 2194/2985/4074 2196/2987/4075 2195/2988/4076
f 2195/2988/4077 2196/2987/4078 2198/2991/4079 2197/2990/4080
f 2192/2993/4081 2198/2989/4082 2196/2987/4083 2194/2985/4084
f 2197/2992/4085 2191/2983/4086 2193/2986/4087 2195/2988/4088
g default
v -3.618331 0.314547 -3.310660
v -3.596041 0.314547 -3.310660
v -3.618331 0.970065 -3.310660
v -3.596041 0.970065 -3.310660
v -3.618331 0.970065 -7.312689
v -3.596041 0.970065 -7.312689
v -3.618331 0.314547 -7.312689
v -3.596041 0.314547 -7.312689
vt 0.268176 0.172565
vt 0.269146 0.172565
vt 0.269146 0.346768
vt 0.268176 0.346768
vt 0.297680 0.172565
vt 0.297680 0.346768
vt 0.239642 0.346768
vt 0.239642 0.172565
vn 0.000000 1.000000 0.000000
vn 0.000000 1.000000 0.000000
vn 0.000000 1.000000 0.000000
vn 0.000000 1.000000 0.000000
vn 1.000000 0.000000 0.000000
vn 1.000000 0.000000 0.000000
vn 1.000000 0.000000 0.000000
vn 1.000000 0.000000 0.000000
vn -1.000000 0.000000 0.000000
vn -1.000000 0.000000 0.000000
vn -1.000000 0.000000 0.000000
vn -1.000000 0.000000 0.000000
s off
g Cubiculos2 Accesorios Adornos_Escritorio pCube66
usemtl lambert3SG
f 2201/2995/4089 2202/2996/4090 2204/2997/4091 2203/2998/4092
f 2200/2999/4093 2206/3000/4094 2204/2997/4095 2202/2996/4096
f 2205/3001/4097 2199/3002/4098 2201/2995/4099 2203/2998/4100
g default
v -3.392987 0.037318 -4.301998
v -3.417422 0.037318 -4.323171
v -3.449426 0.037318 -4.327773
v -3.478839 0.037318 -4.314341
v -3.496318 0.037318 -4.287141
v -3.496318 0.037318 -4.254807
v -3.478839 0.037318 -4.227607
v -3.449426 0.037318 -4.214175
v -3.417422 0.037318 -4.218777
v -3.392987 0.037318 -4.239951
v -3.383878 0.037318 -4.270974
v -3.392987 0.060937 -4.301998
v -3.417422 0.060937 -4.323171
v -3.449426 0.060937 -4.327773
v -3.478839 0.060937 -4.314341
v -3.496318 0.060937 -4.287141
v -3.496318 0.060937 -4.254807
v -3.478839 0.060937 -4.227607
v -3.449426 0.060937 -4.214175
v -3.417422 0.060937 -4.218777
v -3.392987 0.060937 -4.239951
v -3.383878 0.060937 -4.270974
v -3.397013 0.060937 -4.299347
v -3.419360 0.060937 -4.318711
v -3.448629 0.060937 -4.322919
v -3.475528 0.060937 -4.310635
v -3.491514 0.060937 -4.285759
v -3.491514 0.060937 -4.256189
v -3.475528 0.060937 -4.231313
v -3.448629 0.060937 -4.219029
v -3.419360 0.060937 -4.223237
v -3.397013 0.060937 -4.242602
v -3.388682 0.060937 -4.270974
v -3.397013 0.041865 -4.299347
v -3.419360 0.041865 -4.318711
v -3.448629 0.041865 -4.322919
v -3.475528 0.041865 -4.310635
v -3.491514 0.041865 -4.285759
v -3.491514 0.041865 -4.256189
v -3.475528 0.041865 -4.231313
v -3.448629 0.041865 -4.219029
v -3.419360 0.041865 -4.223237
v -3.397013 0.041865 -4.242602
v -3.388682 0.041865 -4.270974
vt 0.628675 0.019670
vt 0.630082 0.019670
vt 0.630082 0.020698
vt 0.628675 0.020698
vt 0.631489 0.019670
vt 0.631489 0.020698
vt 0.632897 0.019670
vt 0.632897 0.020698
vt 0.634304 0.019670
vt 0.634304 0.020698
vt 0.620230 0.019669
vt 0.620230 0.020697
vt 0.621637 0.019669
vt 0.621637 0.020697
vt 0.623045 0.019669
vt 0.623045 0.020698
vt 0.624452 0.019670
vt 0.624452 0.020698
vt 0.625860 0.019670
vt 0.625860 0.020698
vt 0.627267 0.019670
vt 0.627267 0.020698
vt 0.528649 0.013402
vt 0.528649 0.012115
vt 0.528649 0.014689
vt 0.528649 0.015976
vt 0.528649 0.003105
vt 0.528649 0.004392
vt 0.528649 0.005679
vt 0.528649 0.006966
vt 0.528649 0.008253
vt 0.528649 0.009541
vt 0.528649 0.010828
vt 0.527819 0.013402
vt 0.527819 0.012115
vt 0.527819 0.014689
vt 0.527819 0.015976
vt 0.527819 0.003105
vt 0.527819 0.004392
vt 0.527819 0.005679
vt 0.527819 0.006966
vt 0.527819 0.008253
vt 0.527819 0.009541
vt 0.527819 0.010828
vt 0.650861 0.004532
vt 0.650327 0.005703
vt 0.650678 0.003258
vt 0.649835 0.002285
vt 0.648600 0.001923
vt 0.647365 0.002286
vt 0.646522 0.003258
vt 0.646339 0.004532
vt 0.646874 0.005703
vt 0.647957 0.006399
vt 0.649244 0.006399
vt 0.651068 0.004562
vt 0.650484 0.005842
vt 0.650868 0.003169
vt 0.649946 0.002105
vt 0.648596 0.001709
vt 0.647245 0.002105
vt 0.646324 0.003169
vt 0.646124 0.004562
vt 0.646708 0.005842
vt 0.647892 0.006603
vt 0.649300 0.006603
vt 0.527819 0.017264
vt 0.528649 0.017264
vt 0.618823 0.020697
vt 0.618823 0.019669
vn 0.654860 0.000000 -0.755750
vn 0.654860 0.000000 -0.755750
vn 0.654860 0.000000 -0.755750
vn 0.654860 0.000000 -0.755750
vn 0.142312 0.000000 -0.989822
vn 0.142312 0.000000 -0.989822
vn 0.142312 0.000000 -0.989822
vn 0.142312 0.000000 -0.989822
vn -0.415406 0.000000 -0.909636
vn -0.415406 0.000000 -0.909636
vn -0.415406 0.000000 -0.909636
vn -0.415406 0.000000 -0.909636
vn -0.841273 0.000000 -0.540610
vn -0.841273 0.000000 -0.540610
vn -0.841273 0.000000 -0.540610
vn -0.841273 0.000000 -0.540610
vn -1.000000 0.000000 0.000000
vn -1.000000 0.000000 0.000000
vn -1.000000 0.000000 0.000000
vn -1.000000 0.000000 0.000000
vn -0.841271 0.000000 0.540614
vn -0.841271 0.000000 0.540614
vn -0.841271 0.000000 0.540614
vn -0.841271 0.000000 0.540614
vn -0.415420 0.000000 0.909630
vn -0.415420 0.000000 0.909630
vn -0.415420 0.000000 0.909630
vn -0.415420 0.000000 0.909630
vn 0.142329 0.000000 0.989819
vn 0.142329 0.000000 0.989819
vn 0.142329 0.000000 0.989819
vn 0.142329 0.000000 0.989819
vn 0.654860 0.000000 0.755750
vn 0.654860 0.000000 0.755750
vn 0.654860 0.000000 0.755750
vn 0.654860 0.000000 0.755750
vn 0.959500 0.000000 0.281708
vn 0.959500 0.000000 0.281708
vn 0.959500 0.000000 0.281708
vn 0.959500 0.000000 0.281708
vn 0.959500 0.000000 -0.281708
vn 0.959500 0.000000 -0.281708
vn 0.959500 0.000000 -0.281708
vn 0.959500 0.000000 -0.281708
vn 0.000000 1.000000 0.000000
vn 0.000000 1.000000 0.000000
vn 0.000000 1.000000 0.000000
vn 0.000000 1.000000 0.000000
vn 0.000000 1.000000 0.000000
vn 0.000000 1.000000 0.000000
vn 0.000000 1.000000 0.000000
vn 0.000000 1.000000 0.000000
vn 0.000000 1.000000 0.000001
vn 0.000000 1.000000 0.000001
vn 0.000000 1.000000 0.000001
vn 0.000000 1.000000 0.000001
vn 0.000000 1.000000 0.000000
vn 0.000000 1.000000 0.000000
vn 0.000000 1.000000 0.000000
vn 0.000000 1.000000 0.000000
vn 0.000000 1.000000 0.000000
vn 0.000000 1.000000 0.000000
vn 0.000000 1.000000 0.000000
vn 0.000000 1.000000 0.000000
vn 0.000000 1.000000 0.000000
vn 0.000000 1.000000 0.000000
vn 0.000000 1.000000 0.000000
vn 0.000000 1.000000 0.000000
vn 0.000000 1.000000 -0.000001
vn 0.000000 1.000000 -0.000001
vn 0.000000 1.000000 -0.000001
vn 0.000000 1.000000 -0.000001
vn 0.000000 1.000000 0.000000
vn 0.000000 1.000000 0.000000
vn 0.000000 1.000000 0.000000
vn 0.000000 1.000000 0.000000
vn 0.000000 1.000000 0.000000
vn 0.000000 1.000000 0.000000
vn 0.000000 1.000000 0.000000
vn 0.000000 1.000000 0.000000
vn 0.000000 1.000000 -0.000000
vn 0.000000 1.000000 -0.000000
vn 0.000000 1.000000 -0.000000
vn 0.000000 1.000000 -0.000000
vn 0.000000 1.000000 0.000000
vn 0.000000 1.000000 0.000000
vn 0.000000 1.000000 0.000000
vn 0.000000 1.000000 0.000000
vn -0.654855 0.000000 0.755755
vn -0.654855 0.000000 0.755755
vn -0.654855 0.000000 0.755755
vn -0.654855 0.000000 0.755755
vn -0.142325 0.000000 0.989820
vn -0.142325 0.000000 0.989820
vn -0.142325 0.000000 0.989820
vn -0.142325 0.000000 0.989820
vn 0.415412 0.000000 0.909633
vn 0.415412 0.000000 0.909633
vn 0.415412 0.000000 0.909633
vn 0.415412 0.000000 0.909633
vn 0.841261 0.000000 0.540629
vn 0.841261 0.000000 0.540629
vn 0.841261 0.000000 0.540629
vn 0.841261 0.000000 0.540629
vn 1.000000 0.000000 0.000000
vn 1.000000 0.000000 0.000000
vn 1.000000 0.000000 0.000000
vn 1.000000 0.000000 0.000000
vn 0.841258 0.000000 -0.540634
vn 0.841258 0.000000 -0.540634
vn 0.841258 0.000000 -0.540634
vn 0.841258 0.000000 -0.540634
vn 0.415412 0.000000 -0.909633
vn 0.415412 0.000000 -0.909633
vn 0.415412 0.000000 -0.909633
vn 0.415412 0.000000 -0.909633
vn -0.142325 0.000000 -0.989820
vn -0.142325 0.000000 -0.989820
vn -0.142325 0.000000 -0.989820
vn -0.142325 0.000000 -0.989820
vn -0.654855 0.000000 -0.755755
vn -0.654855 0.000000 -0.755755
vn -0.654855 0.000000 -0.755755
vn -0.654855 0.000000 -0.755755
vn -0.959494 0.000000 -0.281729
vn -0.959494 0.000000 -0.281729
vn -0.959494 0.000000 -0.281729
vn -0.959494 0.000000 -0.281729
vn -0.959495 0.000000 0.281726
vn -0.959495 0.000000 0.281726
vn -0.959495 0.000000 0.281726
vn -0.959495 0.000000 0.281726
s off
g Cubiculos2 Accesorios Adornos_Escritorio pCylinder15
usemtl lambert3SG
f 2219/3005/4101 2218/3006/4102 2207/3003/4103 2208/3004/4104
f 2220/3008/4105 2219/3005/4106 2208/3004/4107 2209/3007/4108
f 2221/3010/4109 2220/3008/4110 2209/3007/4111 2210/3009/4112
f 2222/3012/4113 2221/3010/4114 2210/3009/4115 2211/3011/4116
f 2223/3014/4117 2222/3071/4118 2211/3072/4119 2212/3013/4120
f 2224/3016/4121 2223/3014/4122 2212/3013/4123 2213/3015/4124
f 2225/3018/4125 2224/3016/4126 2213/3015/4127 2214/3017/4128
f 2226/3020/4129 2225/3018/4130 2214/3017/4131 2215/3019/4132
f 2227/3022/4133 2226/3020/4134 2215/3019/4135 2216/3021/4136
f 2228/3024/4137 2227/3022/4138 2216/3021/4139 2217/3023/4140
f 2207/3003/4141 2218/3006/4142 2228/3024/4143 2217/3023/4144
f 2230/3057/4145 2229/3048/4146 2218/3059/4147 2219/3068/4148
f 2231/3056/4149 2230/3057/4150 2219/3068/4151 2220/3067/4152
f 2232/3055/4153 2231/3056/4154 2220/3067/4155 2221/3066/4156
f 2233/3054/4157 2232/3055/4158 2221/3066/4159 2222/3065/4160
f 2234/3053/4161 2233/3054/4162 2222/3065/4163 2223/3064/4164
f 2235/3052/4165 2234/3053/4166 2223/3064/4167 2224/3063/4168
f 2236/3051/4169 2235/3052/4170 2224/3063/4171 2225/3062/4172
f 2237/3050/4173 2236/3051/4174 2225/3062/4175 2226/3061/4176
f 2238/3049/4177 2237/3050/4178 2226/3061/4179 2227/3060/4180
f 2239/3047/4181 2238/3049/4182 2227/3060/4183 2228/3058/4184
f 2218/3059/4185 2229/3048/4186 2239/3047/4187 2228/3058/4188
f 2241/3036/4189 2240/3037/4190 2229/3026/4191 2230/3025/4192
f 2242/3038/4193 2241/3036/4194 2230/3025/4195 2231/3027/4196
f 2243/3039/4197 2242/3038/4198 2231/3027/4199 2232/3028/4200
f 2244/3069/4201 2243/3039/4202 2232/3028/4203 2233/3070/4204
f 2245/3041/4205 2244/3040/4206 2233/3029/4207 2234/3030/4208
f 2246/3042/4209 2245/3041/4210 2234/3030/4211 2235/3031/4212
f 2247/3043/4213 2246/3042/4214 2235/3031/4215 2236/3032/4216
f 2248/3044/4217 2247/3043/4218 2236/3032/4219 2237/3033/4220
f 2249/3045/4221 2248/3044/4222 2237/3033/4223 2238/3034/4224
f 2250/3046/4225 2249/3045/4226 2238/3034/4227 2239/3035/4228
f 2229/3026/4229 2240/3037/4230 2250/3046/4231 2239/3035/4232
g default
v -4.661540 2.267300 -11.054317
v -4.661905 2.267300 -11.064613
v -4.822835 2.276466 -11.036274
v -4.824079 2.276466 -11.071115
v -4.753828 2.290288 -11.119133
v -4.749342 2.290288 -10.993385
v -4.804786 2.286591 -11.105458
v -4.801142 2.286591 -11.003392
v -4.703908 2.286591 -11.107107
v -4.700405 2.286591 -11.008937
v -4.661722 2.263140 -11.059466
v -4.702156 2.273265 -11.058023
v -4.751585 2.276963 -11.056259
v -4.802964 2.273265 -11.054426
v -4.823456 2.263140 -11.053694
vt 0.380306 0.003374
vt 0.380286 0.003656
vt 0.378508 0.003243
vt 0.378943 0.001081
vt 0.377021 0.000015
vt 0.376360 0.002745
vt 0.374124 0.002226
vt 0.374761 0.000005
vt 0.373119 0.001992
vt 0.373513 0.001176
vt 0.380180 0.003918
vt 0.377946 0.005376
vt 0.375751 0.005487
vt 0.373718 0.004500
vt 0.373114 0.002899
vn 0.165699 0.936860 -0.307955
vn 0.185083 0.982701 -0.006553
vn 0.084483 0.996420 -0.003008
vn 0.050475 0.968662 -0.243201
vn -0.011732 0.973309 -0.229200
vn -0.002899 0.999996 0.000104
vn -0.071495 0.997438 0.002557
vn -0.060303 0.970187 -0.234736
vn -0.171966 0.985084 0.006150
vn -0.173328 0.919841 -0.351922
vn 0.187198 0.936857 0.295392
vn 0.067677 0.968660 0.238993
vn 0.004634 0.973308 0.229454
vn -0.043420 0.970186 0.238438
vn -0.147823 0.919829 0.363405
s 1
g Cubiculos2 Accesorios pPlane9 Plantas
usemtl lambert3SG
f 2251/3073/4233 2261/3074/4234 2262/3075/4235 2260/3076/4236
f 2256/3077/4237 2263/3078/4238 2264/3079/4239 2258/3080/4240
f 2258/3080/4240 2264/3079/4239 2265/3081/4241 2253/3082/4242
f 2260/3076/4236 2262/3075/4235 2263/3078/4238 2256/3077/4237
f 2261/3074/4234 2252/3083/4243 2259/3084/4244 2262/3075/4235
f 2263/3078/4238 2262/3075/4235 2259/3084/4244 2255/3085/4245
f 2264/3079/4239 2263/3078/4238 2255/3085/4245 2257/3086/4246
f 2265/3081/4241 2264/3079/4239 2257/3086/4246 2254/3087/4247
g default
v -5.136024 1.919897 -11.078959
v -5.138440 1.919897 -11.065438
v -4.920747 1.932116 -11.057110
v -4.928928 1.932116 -11.011354
v -5.033981 1.950544 -10.968536
v -5.004462 1.950544 -11.133671
v -4.963730 1.945615 -10.972025
v -4.939769 1.945615 -11.106061
v -5.095656 1.945615 -10.998247
v -5.072611 1.945615 -11.127167
v -5.137232 1.914351 -11.072199
v -5.084134 1.927850 -11.062706
v -5.019221 1.932779 -11.051104
v -4.951750 1.927850 -11.039043
v -4.924837 1.914351 -11.034232
vt 0.380306 0.003373
vt 0.380286 0.003655
vt 0.378508 0.003243
vt 0.378943 0.001080
vt 0.377021 0.000014
vt 0.376360 0.002744
vt 0.374124 0.002226
vt 0.374760 0.000005
vt 0.373118 0.001993
vt 0.373513 0.001176
vt 0.380180 0.003917
vt 0.377946 0.005376
vt 0.375752 0.005487
vt 0.373718 0.004500
vt 0.373114 0.002899
vn -0.226943 0.936856 0.266079
vn -0.182325 0.982699 -0.032564
vn -0.083217 0.996420 -0.014875
vn -0.100640 0.968662 0.227079
vn -0.036882 0.973309 0.226514
vn 0.002857 0.999996 0.000511
vn 0.070426 0.997437 0.012593
vn 0.009427 0.970187 0.242173
vn 0.169395 0.985083 0.030294
vn 0.095203 0.919837 0.380573
vn -0.120689 0.936862 -0.328214
vn -0.015738 0.968662 -0.247884
vn 0.043876 0.973309 -0.225264
vn 0.092745 0.970188 -0.223906
vn 0.221151 0.919841 -0.324014
s 1
g Cubiculos2 Accesorios Plantas pPlane8
usemtl lambert3SG
f 2266/3088/4248 2276/3089/4249 2277/3090/4250 2275/3091/4251
f 2271/3092/4252 2278/3093/4253 2279/3094/4254 2273/3095/4255
f 2273/3095/4255 2279/3094/4254 2280/3096/4256 2268/3097/4257
f 2275/3091/4251 2277/3090/4250 2278/3093/4253 2271/3092/4252
f 2276/3089/4249 2267/3098/4258 2274/3099/4259 2277/3090/4250
f 2278/3093/4253 2277/3090/4250 2274/3099/4259 2270/3100/4260
f 2279/3094/4254 2278/3093/4253 2270/3100/4260 2272/3101/4261
f 2280/3096/4256 2279/3094/4254 2272/3101/4261 2269/3102/4262
g default
v -5.267950 2.246207 -11.098371
v -5.271392 2.246207 -11.079104
v -4.961173 2.263620 -11.067235
v -4.972830 2.263620 -11.002033
v -5.122533 2.289881 -10.941015
v -5.080470 2.289881 -11.176339
v -5.022424 2.282857 -10.945987
v -4.988281 2.282857 -11.136992
v -5.210423 2.282857 -10.983355
v -5.177584 2.282857 -11.167069
v -5.269671 2.238304 -11.088738
v -5.194003 2.257540 -11.075212
v -5.101502 2.264565 -11.058675
v -5.005353 2.257540 -11.041489
v -4.967002 2.238304 -11.034635
vt 0.380306 0.003373
vt 0.380286 0.003655
vt 0.378508 0.003243
vt 0.378943 0.001080
vt 0.377021 0.000014
vt 0.376360 0.002744
vt 0.374124 0.002226
vt 0.374761 0.000005
vt 0.373119 0.001993
vt 0.373513 0.001176
vt 0.380180 0.003917
vt 0.377946 0.005376
vt 0.375752 0.005487
vt 0.373718 0.004500
vt 0.373114 0.002899
vn -0.226925 0.936859 0.266084
vn -0.182316 0.982700 -0.032567
vn -0.083214 0.996421 -0.014871
vn -0.100641 0.968662 0.227081
vn -0.036883 0.973310 0.226513
vn 0.002857 0.999996 0.000510
vn 0.070421 0.997438 0.012589
vn 0.009426 0.970188 0.242171
vn 0.169382 0.985085 0.030292
vn 0.095190 0.919837 0.380576
vn -0.120692 0.936861 -0.328215
vn -0.015734 0.968662 -0.247884
vn 0.043877 0.973309 -0.225266
vn 0.092740 0.970187 -0.223911
vn 0.221140 0.919838 -0.324030
s 1
g Cubiculos2 Accesorios Plantas pPlane7
usemtl lambert3SG
f 2281/3103/4263 2291/3104/4264 2292/3105/4265 2290/3106/4266
f 2286/3107/4267 2293/3108/4268 2294/3109/4269 2288/3110/4270
f 2288/3110/4270 2294/3109/4269 2295/3111/4271 2283/3112/4272
f 2290/3106/4266 2292/3105/4265 2293/3108/4268 2286/3107/4267
f 2291/3104/4264 2282/3113/4273 2289/3114/4274 2292/3105/4265
f 2293/3108/4268 2292/3105/4265 2289/3114/4274 2285/3115/4275
f 2294/3109/4269 2293/3108/4268 2285/3115/4275 2287/3116/4276
f 2295/3111/4271 2294/3109/4269 2287/3116/4276 2284/3117/4277
g default
v -5.557068 2.565593 -11.141277
v -5.562651 2.565593 -11.110037
v -5.059658 2.593827 -11.090793
v -5.078558 2.593827 -10.985073
v -5.321290 2.636407 -10.886136
v -5.253086 2.636407 -11.267693
v -5.158971 2.625017 -10.894198
v -5.103610 2.625017 -11.203898
v -5.463794 2.625017 -10.954787
v -5.410549 2.625017 -11.252665
v -5.559860 2.552779 -11.125657
v -5.437172 2.583969 -11.103726
v -5.287188 2.595359 -11.076915
v -5.131291 2.583969 -11.049048
v -5.069108 2.552779 -11.037933
vt 0.380306 0.003374
vt 0.380286 0.003655
vt 0.378508 0.003243
vt 0.378943 0.001080
vt 0.377021 0.000015
vt 0.376360 0.002744
vt 0.374124 0.002226
vt 0.374761 0.000005
vt 0.373119 0.001993
vt 0.373513 0.001176
vt 0.380180 0.003917
vt 0.377946 0.005376
vt 0.375752 0.005487
vt 0.373718 0.004500
vt 0.373114 0.002899
vn -0.226923 0.936858 0.266088
vn -0.182314 0.982701 -0.032577
vn -0.083213 0.996421 -0.014872
vn -0.100639 0.968661 0.227084
vn -0.036883 0.973309 0.226516
vn 0.002857 0.999996 0.000511
vn 0.070422 0.997438 0.012590
vn 0.009425 0.970187 0.242174
vn 0.169387 0.985084 0.030284
vn 0.095199 0.919837 0.380576
vn -0.120692 0.936860 -0.328218
vn -0.015734 0.968662 -0.247884
vn 0.043878 0.973309 -0.225266
vn 0.092741 0.970187 -0.223912
vn 0.221138 0.919838 -0.324030
s 1
g Cubiculos2 Accesorios Plantas pPlane6
usemtl lambert3SG
f 2296/3118/4278 2306/3119/4279 2307/3120/4280 2305/3121/4281
f 2301/3122/4282 2308/3123/4283 2309/3124/4284 2303/3125/4285
f 2303/3125/4285 2309/3124/4284 2310/3126/4286 2298/3127/4287
f 2305/3121/4281 2307/3120/4280 2308/3123/4283 2301/3122/4282
f 2306/3119/4279 2297/3128/4288 2304/3129/4289 2307/3120/4280
f 2308/3123/4283 2307/3120/4280 2304/3129/4289 2300/3130/4290
f 2309/3124/4284 2308/3123/4283 2300/3130/4290 2302/3131/4291
f 2310/3126/4286 2309/3124/4284 2302/3131/4291 2299/3132/4292
g default
v -4.753019 2.556702 -10.395361
v -4.711289 2.556702 -10.395361
v -4.802760 2.593827 -11.050879
v -4.661549 2.593827 -11.050879
v -4.477323 2.649815 -10.759580
v -4.986986 2.649815 -10.759580
v -4.525316 2.634839 -10.967819
v -4.938993 2.634839 -10.967819
v -4.533210 2.634839 -10.559240
v -4.931099 2.634839 -10.559240
v -4.732154 2.539853 -10.395361
v -4.732154 2.580864 -10.559240
v -4.732154 2.595841 -10.759580
v -4.732154 2.580864 -10.967819
v -4.732154 2.539853 -11.050879
vt 0.380306 0.003373
vt 0.380286 0.003655
vt 0.378508 0.003243
vt 0.378943 0.001080
vt 0.377021 0.000014
vt 0.376360 0.002744
vt 0.374124 0.002226
vt 0.374761 0.000005
vt 0.373119 0.001993
vt 0.373513 0.001176
vt 0.380180 0.003917
vt 0.377946 0.005376
vt 0.375752 0.005487
vt 0.373718 0.004500
vt 0.373114 0.002899
vn 0.301860 0.936860 0.176562
vn 0.000001 0.982701 0.185201
vn 0.000000 0.996421 0.084531
vn 0.241248 0.968662 0.059109
vn 0.229472 0.973309 -0.003552
vn -0.000000 0.999996 -0.002902
vn -0.000000 0.997438 -0.071538
vn 0.236737 0.970187 -0.051892
vn 0.000000 0.985085 -0.172070
vn 0.357897 0.919834 -0.160672
vn -0.301857 0.936861 0.176562
vn -0.241248 0.968662 0.059108
vn -0.229472 0.973309 -0.003553
vn -0.236737 0.970187 -0.051892
vn -0.357897 0.919834 -0.160672
s 1
g Cubiculos2 Accesorios Plantas pPlane5
usemtl lambert3SG
f 2311/3133/4293 2321/3134/4294 2322/3135/4295 2320/3136/4296
f 2316/3137/4297 2323/3138/4298 2324/3139/4299 2318/3140/4300
f 2318/3140/4300 2324/3139/4299 2325/3141/4301 2313/3142/4302
f 2320/3136/4296 2322/3135/4295 2323/3138/4298 2316/3137/4297
f 2321/3134/4294 2312/3143/4303 2319/3144/4304 2322/3135/4295
f 2323/3138/4298 2322/3135/4295 2319/3144/4304 2315/3145/4305
f 2324/3139/4299 2323/3138/4298 2315/3145/4305 2317/3146/4306
f 2325/3141/4301 2324/3139/4299 2317/3146/4306 2314/3147/4307
g default
v -4.894077 1.557045 -11.023587
v -4.891694 1.557126 -11.021324
v -4.886973 1.557160 -11.021119
v -4.882679 1.557126 -11.023094
v -4.881329 1.557044 -11.026090
v -4.883712 1.556962 -11.028352
v -4.888433 1.556928 -11.028556
v -4.892727 1.556962 -11.026583
v -4.893708 1.636697 -11.021714
v -4.891326 1.636291 -11.019461
v -4.886608 1.636122 -11.019261
v -4.882314 1.636291 -11.021230
v -4.880961 1.636697 -11.024217
v -4.883342 1.637103 -11.026470
v -4.888063 1.637271 -11.026669
v -4.892355 1.637103 -11.024700
v -4.892557 1.776913 -11.015850
v -4.890174 1.776762 -11.013587
v -4.885454 1.776700 -11.013385
v -4.881162 1.776762 -11.015358
v -4.879810 1.776913 -11.018353
v -4.882192 1.777063 -11.020614
v -4.886913 1.777126 -11.020819
v -4.891206 1.777063 -11.018845
v -4.890409 1.915744 -11.004910
v -4.888052 1.914299 -11.002781
v -4.883342 1.913700 -11.002632
v -4.879038 1.914299 -11.004551
v -4.877661 1.915744 -11.007414
v -4.880019 1.917188 -11.009544
v -4.884729 1.917787 -11.009692
v -4.889032 1.917188 -11.007773
v -4.880444 2.108539 -10.954174
v -4.878111 2.106593 -10.952159
v -4.873410 2.105787 -10.952057
v -4.869096 2.106593 -10.953928
v -4.867698 2.108539 -10.956677
v -4.870031 2.110485 -10.958693
v -4.874732 2.111291 -10.958794
v -4.879046 2.110485 -10.956922
v -4.866408 2.300517 -10.882693
v -4.864142 2.297582 -10.881038
v -4.859471 2.296367 -10.881085
v -4.855130 2.297582 -10.882808
v -4.853661 2.300517 -10.885196
v -4.855925 2.303452 -10.886853
v -4.860595 2.304668 -10.886807
v -4.864938 2.303452 -10.885084
v -4.849849 2.379435 -10.798378
v -4.847817 2.375083 -10.797903
v -4.843242 2.373281 -10.798439
v -4.838804 2.375083 -10.799673
v -4.837103 2.379435 -10.800881
v -4.839134 2.383786 -10.801355
v -4.843710 2.385589 -10.800818
v -4.848149 2.383786 -10.799586
vt 0.999102 0.000005
vt 0.999263 0.000005
vt 0.999263 0.003400
vt 0.999102 0.003400
vt 0.999468 0.000005
vt 0.998003 0.003400
vt 0.998207 0.000005
vt 0.998207 0.003400
vt 0.998367 0.000005
vt 0.998367 0.003400
vt 0.998528 0.000005
vt 0.998528 0.003400
vt 0.998734 0.000005
vt 0.998734 0.003400
vt 0.998940 0.000005
vt 0.998940 0.003400
vt 0.999263 0.009401
vt 0.999102 0.009401
vt 0.998003 0.009401
vt 0.998207 0.009401
vt 0.998367 0.009401
vt 0.998528 0.009401
vt 0.998734 0.009401
vt 0.998940 0.009401
vt 0.999263 0.015323
vt 0.999102 0.015323
vt 0.998003 0.015323
vt 0.998207 0.015323
vt 0.998367 0.015323
vt 0.998528 0.015323
vt 0.998734 0.015323
vt 0.998940 0.015323
vt 0.999263 0.023846
vt 0.999102 0.023846
vt 0.998003 0.023846
vt 0.998207 0.023846
vt 0.998367 0.023846
vt 0.998528 0.023846
vt 0.998734 0.023846
vt 0.998940 0.023846
vt 0.999263 0.032539
vt 0.999102 0.032539
vt 0.998003 0.032539
vt 0.998207 0.032539
vt 0.998367 0.032539
vt 0.998528 0.032539
vt 0.998734 0.032539
vt 0.998940 0.032539
vt 0.999263 0.037531
vt 0.999102 0.037531
vt 0.998003 0.037531
vt 0.998207 0.037531
vt 0.998367 0.037531
vt 0.998528 0.037531
vt 0.998734 0.037531
vt 0.998940 0.037531
vt 0.999468 0.037531
vt 0.999468 0.032539
vt 0.999468 0.023846
vt 0.999468 0.015323
vt 0.999468 0.009401
vt 0.999468 0.003400
vt 0.998003 0.000005
vn -0.985318 0.000545 0.170728
vn -0.334825 -0.020611 0.942055
vn -0.325936 -0.030982 0.944884
vn -0.979650 -0.000679 0.200712
vn 0.192640 -0.023976 0.980976
vn 0.192547 -0.035723 0.980637
vn 0.666057 -0.020626 0.745616
vn 0.658961 -0.030986 0.751539
vn 0.976729 0.000521 -0.214475
vn 0.982834 -0.000687 -0.184488
vn 0.320594 0.020761 -0.946989
vn 0.330909 0.030911 -0.943156
vn -0.192714 0.023928 -0.980963
vn -0.192534 0.035948 -0.980632
vn -0.655068 0.020774 -0.755284
vn -0.663006 0.030912 -0.747976
vn -0.330319 -0.052656 0.942399
vn -0.982810 0.000614 0.184618
vn 0.192301 -0.061000 0.979438
vn 0.662157 -0.052655 0.747513
vn 0.979685 0.000610 -0.200543
vn 0.325093 0.053199 -0.944185
vn -0.192214 0.061502 -0.979424
vn -0.658048 0.053194 -0.751095
vn -0.348555 -0.158153 0.923849
vn -0.983800 -0.008705 0.179058
vn 0.189389 -0.181788 0.964927
vn 0.672059 -0.158156 0.723411
vn 0.978477 -0.008711 -0.206173
vn 0.343341 0.160466 -0.925401
vn -0.189121 0.190683 -0.963262
vn -0.667966 0.160431 -0.726693
vn -0.374506 -0.258802 0.890375
vn -0.984588 -0.000926 0.174887
vn 0.183476 -0.305056 0.934493
vn 0.683539 -0.258777 0.682502
vn 0.977585 -0.000908 -0.210537
vn 0.365031 0.261650 -0.893472
vn -0.183113 0.310919 -0.932630
vn -0.675878 0.261633 -0.689012
vn -0.474633 -0.395889 0.786127
vn -0.995688 0.033730 0.086416
vn 0.167723 -0.493127 0.853636
vn 0.736862 -0.395807 0.548061
vn 0.954376 0.033773 -0.296692
vn 0.397684 0.425374 -0.812960
vn -0.164548 0.519702 -0.838352
vn -0.675534 0.425380 -0.602250
vn -0.581016 -0.535211 0.613164
vn -0.989345 0.122021 0.079413
vn 0.130056 -0.738140 0.661993
vn 0.769874 -0.535107 0.347785
vn 0.945873 0.122093 -0.300694
vn 0.424148 0.616844 -0.663025
vn -0.130560 0.734933 -0.665453
vn -0.643328 0.616883 -0.453414
s 1
g Cubiculos2 Accesorios Plantas sweep7
usemtl lambert3SG
f 2326/3148/4308 2327/3149/4309 2335/3150/4310 2334/3151/4311
f 2327/3149/4309 2328/3152/4312 2336/3209/4313 2335/3150/4310
f 2328/3210/4312 2329/3154/4314 2337/3155/4315 2336/3153/4313
f 2329/3154/4314 2330/3156/4316 2338/3157/4317 2337/3155/4315
f 2330/3156/4316 2331/3158/4318 2339/3159/4319 2338/3157/4317
f 2331/3158/4318 2332/3160/4320 2340/3161/4321 2339/3159/4319
f 2332/3160/4320 2333/3162/4322 2341/3163/4323 2340/3161/4321
f 2333/3162/4322 2326/3148/4308 2334/3151/4311 2341/3163/4323
f 2334/3151/4311 2335/3150/4310 2343/3164/4324 2342/3165/4325
f 2335/3150/4310 2336/3209/4313 2344/3208/4326 2343/3164/4324
f 2336/3153/4313 2337/3155/4315 2345/3167/4327 2344/3166/4326
f 2337/3155/4315 2338/3157/4317 2346/3168/4328 2345/3167/4327
f 2338/3157/4317 2339/3159/4319 2347/3169/4329 2346/3168/4328
f 2339/3159/4319 2340/3161/4321 2348/3170/4330 2347/3169/4329
f 2340/3161/4321 2341/3163/4323 2349/3171/4331 2348/3170/4330
f 2341/3163/4323 2334/3151/4311 2342/3165/4325 2349/3171/4331
f 2342/3165/4325 2343/3164/4324 2351/3172/4332 2350/3173/4333
f 2343/3164/4324 2344/3208/4326 2352/3207/4334 2351/3172/4332
f 2344/3166/4326 2345/3167/4327 2353/3175/4335 2352/3174/4334
f 2345/3167/4327 2346/3168/4328 2354/3176/4336 2353/3175/4335
f 2346/3168/4328 2347/3169/4329 2355/3177/4337 2354/3176/4336
f 2347/3169/4329 2348/3170/4330 2356/3178/4338 2355/3177/4337
f 2348/3170/4330 2349/3171/4331 2357/3179/4339 2356/3178/4338
f 2349/3171/4331 2342/3165/4325 2350/3173/4333 2357/3179/4339
f 2350/3173/4333 2351/3172/4332 2359/3180/4340 2358/3181/4341
f 2351/3172/4332 2352/3207/4334 2360/3206/4342 2359/3180/4340
f 2352/3174/4334 2353/3175/4335 2361/3183/4343 2360/3182/4342
f 2353/3175/4335 2354/3176/4336 2362/3184/4344 2361/3183/4343
f 2354/3176/4336 2355/3177/4337 2363/3185/4345 2362/3184/4344
f 2355/3177/4337 2356/3178/4338 2364/3186/4346 2363/3185/4345
f 2356/3178/4338 2357/3179/4339 2365/3187/4347 2364/3186/4346
f 2357/3179/4339 2350/3173/4333 2358/3181/4341 2365/3187/4347
f 2358/3181/4341 2359/3180/4340 2367/3188/4348 2366/3189/4349
f 2359/3180/4340 2360/3206/4342 2368/3205/4350 2367/3188/4348
f 2360/3182/4342 2361/3183/4343 2369/3191/4351 2368/3190/4350
f 2361/3183/4343 2362/3184/4344 2370/3192/4352 2369/3191/4351
f 2362/3184/4344 2363/3185/4345 2371/3193/4353 2370/3192/4352
f 2363/3185/4345 2364/3186/4346 2372/3194/4354 2371/3193/4353
f 2364/3186/4346 2365/3187/4347 2373/3195/4355 2372/3194/4354
f 2365/3187/4347 2358/3181/4341 2366/3189/4349 2373/3195/4355
f 2366/3189/4349 2367/3188/4348 2375/3196/4356 2374/3197/4357
f 2367/3188/4348 2368/3205/4350 2376/3204/4358 2375/3196/4356
f 2368/3190/4350 2369/3191/4351 2377/3199/4359 2376/3198/4358
f 2369/3191/4351 2370/3192/4352 2378/3200/4360 2377/3199/4359
f 2370/3192/4352 2371/3193/4353 2379/3201/4361 2378/3200/4360
f 2371/3193/4353 2372/3194/4354 2380/3202/4362 2379/3201/4361
f 2372/3194/4354 2373/3195/4355 2381/3203/4363 2380/3202/4362
f 2373/3195/4355 2366/3189/4349 2374/3197/4357 2381/3203/4363
g default
v -4.909238 1.535819 -11.044270
v -4.913734 1.535950 -11.041544
v -4.916037 1.536005 -11.034345
v -4.914800 1.535950 -11.026889
v -4.910744 1.535819 -11.023545
v -4.906248 1.535688 -11.026268
v -4.903945 1.535634 -11.033467
v -4.905182 1.535688 -11.040922
v -4.912284 1.663235 -11.044490
v -4.916763 1.662586 -11.041764
v -4.919061 1.662316 -11.034565
v -4.917828 1.662586 -11.027109
v -4.913789 1.663235 -11.023765
v -4.909310 1.663885 -11.026490
v -4.907013 1.664154 -11.033689
v -4.908244 1.663885 -11.041146
v -4.921818 1.887532 -11.045182
v -4.926312 1.887291 -11.042458
v -4.928614 1.887192 -11.035259
v -4.927375 1.887291 -11.027803
v -4.923323 1.887532 -11.024457
v -4.918828 1.887773 -11.027182
v -4.916528 1.887873 -11.034381
v -4.917765 1.887773 -11.041836
v -4.939603 2.109614 -11.046475
v -4.943883 2.107303 -11.043734
v -4.946096 2.106345 -11.036529
v -4.944947 2.107303 -11.029080
v -4.941108 2.109614 -11.025750
v -4.936830 2.111925 -11.028489
v -4.934616 2.112882 -11.035695
v -4.935765 2.111925 -11.043144
v -5.022098 2.418020 -11.052468
v -5.026191 2.414907 -11.049713
v -5.028328 2.413618 -11.042503
v -5.027257 2.414907 -11.035060
v -5.023603 2.418020 -11.031743
v -5.019510 2.421133 -11.034497
v -5.017372 2.422422 -11.041708
v -5.018445 2.421133 -11.049151
v -5.138320 2.725118 -11.060911
v -5.141829 2.720424 -11.058115
v -5.143722 2.718479 -11.050886
v -5.142895 2.720424 -11.043459
v -5.139825 2.725118 -11.040186
v -5.136316 2.729813 -11.042982
v -5.134420 2.731758 -11.050211
v -5.135250 2.729813 -11.057638
v -5.275412 2.851359 -11.070871
v -5.276999 2.844399 -11.067935
v -5.278098 2.841516 -11.060648
v -5.278065 2.844399 -11.053280
v -5.276917 2.851360 -11.050146
v -5.275329 2.858321 -11.053082
v -5.274230 2.861204 -11.060368
v -5.274264 2.858321 -11.067736
vt 0.999102 0.000005
vt 0.999263 0.000005
vt 0.999263 0.003400
vt 0.999102 0.003400
vt 0.999468 0.000005
vt 0.998003 0.003400
vt 0.998207 0.000005
vt 0.998207 0.003400
vt 0.998367 0.000005
vt 0.998367 0.003400
vt 0.998528 0.000005
vt 0.998528 0.003400
vt 0.998734 0.000005
vt 0.998734 0.003400
vt 0.998940 0.000005
vt 0.998940 0.003400
vt 0.999263 0.009401
vt 0.999102 0.009401
vt 0.998003 0.009401
vt 0.998207 0.009401
vt 0.998367 0.009401
vt 0.998528 0.009401
vt 0.998734 0.009401
vt 0.998940 0.009401
vt 0.999263 0.015323
vt 0.999102 0.015323
vt 0.998003 0.015323
vt 0.998207 0.015323
vt 0.998367 0.015323
vt 0.998528 0.015323
vt 0.998734 0.015323
vt 0.998940 0.015323
vt 0.999263 0.023846
vt 0.999102 0.023846
vt 0.998003 0.023846
vt 0.998207 0.023846
vt 0.998367 0.023846
vt 0.998528 0.023846
vt 0.998734 0.023846
vt 0.998940 0.023846
vt 0.999263 0.032540
vt 0.999102 0.032540
vt 0.998003 0.032540
vt 0.998207 0.032540
vt 0.998367 0.032540
vt 0.998528 0.032540
vt 0.998734 0.032540
vt 0.998940 0.032540
vt 0.999263 0.037531
vt 0.999102 0.037531
vt 0.998003 0.037531
vt 0.998207 0.037531
vt 0.998367 0.037531
vt 0.998528 0.037531
vt 0.998734 0.037531
vt 0.998940 0.037531
vt 0.999468 0.037531
vt 0.999468 0.032540
vt 0.999468 0.023846
vt 0.999468 0.015323
vt 0.999468 0.009401
vt 0.999468 0.003400
vt 0.998003 0.000005
vn 0.094612 0.000528 -0.995514
vn -0.820691 -0.020623 -0.571000
vn -0.825722 -0.030988 -0.563225
vn 0.064292 -0.000677 -0.997931
vn -0.997082 -0.023980 -0.072469
vn -0.996735 -0.035725 -0.072403
vn -0.894578 -0.020625 0.446436
vn -0.898470 -0.030981 0.437940
vn -0.050229 0.000523 0.998738
vn -0.080614 -0.000680 0.996745
vn 0.828979 0.020767 0.558893
vn 0.822729 0.030912 0.567593
vn 0.997083 0.023934 0.072480
vn 0.996728 0.035951 0.072397
vn 0.901061 0.020768 -0.433195
vn 0.896119 0.030915 -0.442735
vn -0.822155 -0.052656 -0.566823
vn 0.080756 0.000621 -0.996734
vn -0.995519 -0.060991 -0.072258
vn -0.895451 -0.052647 0.442035
vn -0.064242 0.000618 0.997934
vn 0.825237 0.053197 0.562275
vn 0.995486 0.061500 0.072284
vn 0.897845 0.053193 -0.437087
vn -0.799426 -0.158167 -0.579569
vn 0.086320 -0.008722 -0.996229
vn -0.980760 -0.181765 -0.071212
vn -0.874802 -0.158148 0.457941
vn -0.058602 -0.008727 0.998243
vn 0.802225 0.160448 0.575058
vn 0.979069 0.190690 0.071145
vn 0.876915 0.160442 -0.453077
vn -0.760271 -0.258796 -0.595829
vn 0.090578 -0.000914 -0.995889
vn -0.949833 -0.305045 -0.069022
vn -0.838400 -0.258779 0.479707
vn -0.054224 -0.000909 0.998528
vn 0.765761 0.261644 0.587497
vn 0.947933 0.310924 0.068907
vn 0.842625 0.261633 -0.470670
vn -0.633345 -0.395856 -0.664961
vn 0.178908 0.033774 -0.983286
vn -0.867677 -0.493111 -0.063065
vn -0.722754 -0.395855 0.566503
vn 0.034842 0.033796 0.998821
vn 0.679601 0.425381 0.597657
vn 0.852102 0.519698 0.061939
vn 0.758832 0.425365 -0.493192
vn -0.438522 -0.535171 -0.722004
vn 0.183992 0.122047 -0.975321
vn -0.672864 -0.738148 -0.048902
vn -0.538270 -0.535132 0.651075
vn 0.040987 0.122068 0.991675
vn 0.527973 0.616805 0.583777
vn 0.676369 0.734920 0.049177
vn 0.606763 0.616801 -0.501393
s 1
g Cubiculos2 Accesorios Plantas sweep6
usemtl lambert3SG
f 2382/3211/4364 2383/3212/4365 2391/3213/4366 2390/3214/4367
f 2383/3212/4365 2384/3215/4368 2392/3272/4369 2391/3213/4366
f 2384/3273/4368 2385/3217/4370 2393/3218/4371 2392/3216/4369
f 2385/3217/4370 2386/3219/4372 2394/3220/4373 2393/3218/4371
f 2386/3219/4372 2387/3221/4374 2395/3222/4375 2394/3220/4373
f 2387/3221/4374 2388/3223/4376 2396/3224/4377 2395/3222/4375
f 2388/3223/4376 2389/3225/4378 2397/3226/4379 2396/3224/4377
f 2389/3225/4378 2382/3211/4364 2390/3214/4367 2397/3226/4379
f 2390/3214/4367 2391/3213/4366 2399/3227/4380 2398/3228/4381
f 2391/3213/4366 2392/3272/4369 2400/3271/4382 2399/3227/4380
f 2392/3216/4369 2393/3218/4371 2401/3230/4383 2400/3229/4382
f 2393/3218/4371 2394/3220/4373 2402/3231/4384 2401/3230/4383
f 2394/3220/4373 2395/3222/4375 2403/3232/4385 2402/3231/4384
f 2395/3222/4375 2396/3224/4377 2404/3233/4386 2403/3232/4385
f 2396/3224/4377 2397/3226/4379 2405/3234/4387 2404/3233/4386
f 2397/3226/4379 2390/3214/4367 2398/3228/4381 2405/3234/4387
f 2398/3228/4381 2399/3227/4380 2407/3235/4388 2406/3236/4389
f 2399/3227/4380 2400/3271/4382 2408/3270/4390 2407/3235/4388
f 2400/3229/4382 2401/3230/4383 2409/3238/4391 2408/3237/4390
f 2401/3230/4383 2402/3231/4384 2410/3239/4392 2409/3238/4391
f 2402/3231/4384 2403/3232/4385 2411/3240/4393 2410/3239/4392
f 2403/3232/4385 2404/3233/4386 2412/3241/4394 2411/3240/4393
f 2404/3233/4386 2405/3234/4387 2413/3242/4395 2412/3241/4394
f 2405/3234/4387 2398/3228/4381 2406/3236/4389 2413/3242/4395
f 2406/3236/4389 2407/3235/4388 2415/3243/4396 2414/3244/4397
f 2407/3235/4388 2408/3270/4390 2416/3269/4398 2415/3243/4396
f 2408/3237/4390 2409/3238/4391 2417/3246/4399 2416/3245/4398
f 2409/3238/4391 2410/3239/4392 2418/3247/4400 2417/3246/4399
f 2410/3239/4392 2411/3240/4393 2419/3248/4401 2418/3247/4400
f 2411/3240/4393 2412/3241/4394 2420/3249/4402 2419/3248/4401
f 2412/3241/4394 2413/3242/4395 2421/3250/4403 2420/3249/4402
f 2413/3242/4395 2406/3236/4389 2414/3244/4397 2421/3250/4403
f 2414/3244/4397 2415/3243/4396 2423/3251/4404 2422/3252/4405
f 2415/3243/4396 2416/3269/4398 2424/3268/4406 2423/3251/4404
f 2416/3245/4398 2417/3246/4399 2425/3254/4407 2424/3253/4406
f 2417/3246/4399 2418/3247/4400 2426/3255/4408 2425/3254/4407
f 2418/3247/4400 2419/3248/4401 2427/3256/4409 2426/3255/4408
f 2419/3248/4401 2420/3249/4402 2428/3257/4410 2427/3256/4409
f 2420/3249/4402 2421/3250/4403 2429/3258/4411 2428/3257/4410
f 2421/3250/4403 2414/3244/4397 2422/3252/4405 2429/3258/4411
f 2422/3252/4405 2423/3251/4404 2431/3259/4412 2430/3260/4413
f 2423/3251/4404 2424/3268/4406 2432/3267/4414 2431/3259/4412
f 2424/3253/4406 2425/3254/4407 2433/3262/4415 2432/3261/4414
f 2425/3254/4407 2426/3255/4408 2434/3263/4416 2433/3262/4415
f 2426/3255/4408 2427/3256/4409 2435/3264/4417 2434/3263/4416
f 2427/3256/4409 2428/3257/4410 2436/3265/4418 2435/3264/4417
f 2428/3257/4410 2429/3258/4411 2437/3266/4419 2436/3265/4418
f 2429/3258/4411 2422/3252/4405 2430/3260/4413 2437/3266/4419
g default
v -4.890076 1.153343 -11.035730
v -4.882149 1.153585 -11.041358
v -4.878866 1.153686 -11.054942
v -4.882149 1.153585 -11.068525
v -4.890076 1.153343 -11.074153
v -4.898001 1.153100 -11.068525
v -4.901284 1.153000 -11.054942
v -4.898001 1.153100 -11.041358
v -4.884430 1.388937 -11.035730
v -4.876533 1.387735 -11.041358
v -4.873262 1.387237 -11.054942
v -4.876533 1.387735 -11.068525
v -4.884430 1.388937 -11.074153
v -4.892325 1.390138 -11.068525
v -4.895595 1.390636 -11.054942
v -4.892325 1.390138 -11.041358
v -4.866754 1.803664 -11.035730
v -4.858831 1.803219 -11.041358
v -4.855550 1.803034 -11.054942
v -4.858831 1.803219 -11.068525
v -4.866754 1.803664 -11.074153
v -4.874677 1.804109 -11.068525
v -4.877958 1.804294 -11.054942
v -4.874677 1.804109 -11.041358
v -4.833783 2.214295 -11.035730
v -4.826257 2.210021 -11.041358
v -4.823140 2.208251 -11.054942
v -4.826257 2.210021 -11.068525
v -4.833783 2.214295 -11.074153
v -4.841306 2.218568 -11.068525
v -4.844423 2.220338 -11.054942
v -4.841306 2.218568 -11.041358
v -4.680846 2.784541 -11.035730
v -4.673666 2.778785 -11.041358
v -4.670692 2.776401 -11.054942
v -4.673666 2.778785 -11.068525
v -4.680846 2.784541 -11.074153
v -4.688027 2.790296 -11.068525
v -4.691001 2.792680 -11.054942
v -4.688027 2.790296 -11.041358
v -4.465385 3.352369 -11.035730
v -4.459287 3.343688 -11.041358
v -4.456762 3.340092 -11.054942
v -4.459287 3.343688 -11.068525
v -4.465385 3.352368 -11.074153
v -4.471483 3.361049 -11.068525
v -4.474008 3.364645 -11.054942
v -4.471483 3.361049 -11.041358
v -4.211233 3.585790 -11.035730
v -4.208698 3.572919 -11.041358
v -4.207647 3.567587 -11.054942
v -4.208698 3.572919 -11.068525
v -4.211233 3.585790 -11.074153
v -4.213768 3.598661 -11.068525
v -4.214818 3.603991 -11.054942
v -4.213768 3.598661 -11.041358
vt 0.999102 0.000005
vt 0.999263 0.000005
vt 0.999263 0.003400
vt 0.999102 0.003400
vt 0.999468 0.000005
vt 0.998003 0.003400
vt 0.998207 0.000005
vt 0.998207 0.003400
vt 0.998367 0.000005
vt 0.998367 0.003400
vt 0.998528 0.000005
vt 0.998528 0.003400
vt 0.998734 0.000005
vt 0.998734 0.003400
vt 0.998940 0.000005
vt 0.998940 0.003400
vt 0.999263 0.009401
vt 0.999102 0.009401
vt 0.998003 0.009401
vt 0.998207 0.009401
vt 0.998367 0.009401
vt 0.998528 0.009401
vt 0.998734 0.009401
vt 0.998940 0.009401
vt 0.999263 0.015323
vt 0.999102 0.015323
vt 0.998003 0.015323
vt 0.998207 0.015323
vt 0.998367 0.015323
vt 0.998528 0.015323
vt 0.998734 0.015323
vt 0.998940 0.015323
vt 0.999263 0.023846
vt 0.999102 0.023846
vt 0.998003 0.023846
vt 0.998207 0.023846
vt 0.998367 0.023846
vt 0.998528 0.023846
vt 0.998734 0.023846
vt 0.998940 0.023846
vt 0.999263 0.032540
vt 0.999102 0.032540
vt 0.998003 0.032540
vt 0.998207 0.032540
vt 0.998367 0.032540
vt 0.998528 0.032540
vt 0.998734 0.032540
vt 0.998940 0.032540
vt 0.999263 0.037531
vt 0.999102 0.037531
vt 0.998003 0.037531
vt 0.998207 0.037531
vt 0.998367 0.037531
vt 0.998528 0.037531
vt 0.998734 0.037531
vt 0.998940 0.037531
vt 0.999468 0.032540
vt 0.999468 0.037531
vt 0.999468 0.023846
vt 0.999468 0.015323
vt 0.999468 0.009401
vt 0.999468 0.003400
vt 0.998003 0.000005
vn -0.022311 0.000527 0.999751
vn 0.859930 -0.020625 0.509995
vn 0.864401 -0.030985 0.501847
vn 0.008200 -0.000678 0.999966
vn 0.999712 -0.023983 -0.000004
vn 0.999362 -0.035726 -0.000002
vn 0.859902 -0.020626 -0.510043
vn 0.864375 -0.030986 -0.501892
vn -0.022249 0.000527 -0.999752
vn 0.008203 -0.000679 -0.999966
vn -0.867356 0.020768 -0.497255
vn -0.861714 0.030912 -0.506451
vn -0.999714 0.023933 0.000005
vn -0.999354 0.035949 0.000001
vn -0.867368 0.020769 0.497234
vn -0.861716 0.030914 0.506448
vn 0.861088 -0.052653 0.505722
vn -0.008159 0.000620 0.999966
vn 0.998138 -0.060998 0.000001
vn 0.861075 -0.052651 -0.505745
vn -0.008180 0.000620 -0.999966
vn -0.863821 0.053195 -0.500983
vn -0.998107 0.061497 0.000000
vn -0.863831 0.053196 0.500965
vn 0.839342 -0.158157 0.520088
vn -0.013781 -0.008722 0.999867
vn 0.983339 -0.181782 -0.000002
vn 0.839328 -0.158156 -0.520111
vn -0.013802 -0.008722 -0.999867
vn -0.841795 0.160452 -0.515400
vn -0.981652 0.190683 0.000000
vn -0.841812 0.160452 0.515371
vn 0.801454 -0.258787 0.539167
vn -0.018159 -0.000914 0.999835
vn 0.952334 -0.305057 -0.000001
vn 0.801438 -0.258783 -0.539192
vn -0.018154 -0.000912 -0.999835
vn -0.806347 0.261650 -0.530418
vn -0.950436 0.310921 0.000002
vn -0.806375 0.261648 0.530378
vn 0.679861 -0.395844 0.617330
vn -0.107197 0.033783 0.993664
vn 0.869955 -0.493131 0.000001
vn 0.679847 -0.395835 -0.617352
vn -0.107156 0.033785 -0.993668
vn -0.721135 0.425388 -0.546817
vn -0.854350 0.519698 0.000003
vn -0.721156 0.425395 0.546785
vn 0.489688 -0.535162 0.688336
vn -0.112796 0.122107 0.986087
vn 0.674652 -0.738136 -0.000003
vn 0.489658 -0.535152 -0.688366
vn -0.112813 0.122105 -0.986085
vn -0.568852 0.616817 -0.544008
vn -0.678147 0.734926 0.000002
vn -0.568854 0.616835 0.543985
s 1
g Cubiculos2 Accesorios Plantas sweep5
usemtl lambert3SG
f 2438/3274/4420 2439/3275/4421 2447/3276/4422 2446/3277/4423
f 2439/3275/4421 2440/3278/4424 2448/3335/4425 2447/3276/4422
f 2440/3336/4424 2441/3280/4426 2449/3281/4427 2448/3279/4425
f 2441/3280/4426 2442/3282/4428 2450/3283/4429 2449/3281/4427
f 2442/3282/4428 2443/3284/4430 2451/3285/4431 2450/3283/4429
f 2443/3284/4430 2444/3286/4432 2452/3287/4433 2451/3285/4431
f 2444/3286/4432 2445/3288/4434 2453/3289/4435 2452/3287/4433
f 2445/3288/4434 2438/3274/4420 2446/3277/4423 2453/3289/4435
f 2446/3277/4423 2447/3276/4422 2455/3290/4436 2454/3291/4437
f 2447/3276/4422 2448/3335/4425 2456/3334/4438 2455/3290/4436
f 2448/3279/4425 2449/3281/4427 2457/3293/4439 2456/3292/4438
f 2449/3281/4427 2450/3283/4429 2458/3294/4440 2457/3293/4439
f 2450/3283/4429 2451/3285/4431 2459/3295/4441 2458/3294/4440
f 2451/3285/4431 2452/3287/4433 2460/3296/4442 2459/3295/4441
f 2452/3287/4433 2453/3289/4435 2461/3297/4443 2460/3296/4442
f 2453/3289/4435 2446/3277/4423 2454/3291/4437 2461/3297/4443
f 2454/3291/4437 2455/3290/4436 2463/3298/4444 2462/3299/4445
f 2455/3290/4436 2456/3334/4438 2464/3333/4446 2463/3298/4444
f 2456/3292/4438 2457/3293/4439 2465/3301/4447 2464/3300/4446
f 2457/3293/4439 2458/3294/4440 2466/3302/4448 2465/3301/4447
f 2458/3294/4440 2459/3295/4441 2467/3303/4449 2466/3302/4448
f 2459/3295/4441 2460/3296/4442 2468/3304/4450 2467/3303/4449
f 2460/3296/4442 2461/3297/4443 2469/3305/4451 2468/3304/4450
f 2461/3297/4443 2454/3291/4437 2462/3299/4445 2469/3305/4451
f 2462/3299/4445 2463/3298/4444 2471/3306/4452 2470/3307/4453
f 2463/3298/4444 2464/3333/4446 2472/3332/4454 2471/3306/4452
f 2464/3300/4446 2465/3301/4447 2473/3309/4455 2472/3308/4454
f 2465/3301/4447 2466/3302/4448 2474/3310/4456 2473/3309/4455
f 2466/3302/4448 2467/3303/4449 2475/3311/4457 2474/3310/4456
f 2467/3303/4449 2468/3304/4450 2476/3312/4458 2475/3311/4457
f 2468/3304/4450 2469/3305/4451 2477/3313/4459 2476/3312/4458
f 2469/3305/4451 2462/3299/4445 2470/3307/4453 2477/3313/4459
f 2470/3307/4453 2471/3306/4452 2479/3314/4460 2478/3315/4461
f 2471/3306/4452 2472/3332/4454 2480/3330/4462 2479/3314/4460
f 2472/3308/4454 2473/3309/4455 2481/3317/4463 2480/3316/4462
f 2473/3309/4455 2474/3310/4456 2482/3318/4464 2481/3317/4463
f 2474/3310/4456 2475/3311/4457 2483/3319/4465 2482/3318/4464
f 2475/3311/4457 2476/3312/4458 2484/3320/4466 2483/3319/4465
f 2476/3312/4458 2477/3313/4459 2485/3321/4467 2484/3320/4466
f 2477/3313/4459 2470/3307/4453 2478/3315/4461 2485/3321/4467
f 2478/3315/4461 2479/3314/4460 2487/3322/4468 2486/3323/4469
f 2479/3314/4460 2480/3330/4462 2488/3331/4470 2487/3322/4468
f 2480/3316/4462 2481/3317/4463 2489/3325/4471 2488/3324/4470
f 2481/3317/4463 2482/3318/4464 2490/3326/4472 2489/3325/4471
f 2482/3318/4464 2483/3319/4465 2491/3327/4473 2490/3326/4472
f 2483/3319/4465 2484/3320/4466 2492/3328/4474 2491/3327/4473
f 2484/3320/4466 2485/3321/4467 2493/3329/4475 2492/3328/4474
f 2485/3321/4467 2478/3315/4461 2486/3323/4469 2493/3329/4475
g default
v -11.653014 0.048346 -11.116414
v -11.773275 0.048346 -11.236672
v -11.937552 0.048346 -11.280690
v -12.101832 0.048346 -11.236672
v -12.222091 0.048346 -11.116414
v -12.266109 0.048346 -10.952135
v -12.222091 0.048346 -10.787855
v -12.101832 0.048346 -10.667597
v -11.937552 0.048346 -10.623581
v -11.773275 0.048346 -10.667597
v -11.653014 0.048346 -10.787855
v -11.608993 0.048346 -10.952135
v -11.603712 1.521922 -11.144876
v -11.744811 1.521922 -11.285975
v -11.937552 1.521922 -11.337620
v -12.130296 1.521922 -11.285975
v -12.271393 1.521922 -11.144876
v -12.323038 1.521922 -10.952135
v -12.271393 1.521922 -10.759393
v -12.130296 1.521922 -10.618294
v -11.937552 1.521922 -10.566651
v -11.744811 1.521922 -10.618294
v -11.603712 1.521922 -10.759393
v -11.552067 1.521922 -10.952135
v -11.635927 1.521922 -11.126279
v -11.763410 1.521922 -11.253760
v -11.937552 1.521922 -11.300421
v -12.111697 1.521922 -11.253760
v -12.239175 1.521922 -11.126279
v -12.285839 1.521922 -10.952135
v -12.239175 1.521922 -10.777990
v -12.111697 1.521922 -10.650510
v -11.937552 1.521922 -10.603848
v -11.763410 1.521922 -10.650510
v -11.635927 1.521922 -10.777990
v -11.589266 1.521922 -10.952135
v -11.635927 1.442179 -11.126279
v -11.763410 1.442179 -11.253760
v -11.937552 1.442179 -11.300421
v -12.111697 1.442179 -11.253760
v -12.239175 1.442179 -11.126279
v -12.285839 1.442179 -10.952135
v -12.239175 1.442179 -10.777990
v -12.111697 1.442179 -10.650510
v -11.937552 1.442179 -10.603848
v -11.763410 1.442179 -10.650510
v -11.635927 1.442179 -10.777990
v -11.589266 1.442179 -10.952135
v -11.937555 1.442180 -10.952135
v -11.621801 0.981235 -11.134432
v -11.755255 0.981235 -11.267885
v -11.937552 0.981235 -11.316731
v -12.119853 0.981235 -11.267885
v -12.253303 0.981235 -11.134432
v -12.302149 0.981235 -10.952135
v -12.253303 0.981235 -10.769836
v -12.119853 0.981235 -10.636385
v -11.937552 0.981235 -10.587539
v -11.755255 0.981235 -10.636385
v -11.621801 0.981235 -10.769836
v -11.572954 0.981235 -10.952135
vt 0.086124 0.071347
vt 0.094154 0.071347
vt 0.094154 0.135809
vt 0.086124 0.135809
vt 0.102190 0.071347
vt 0.102190 0.135809
vt 0.014102 0.071347
vt 0.014102 0.135809
vt 0.022132 0.071347
vt 0.022132 0.135809
vt 0.030149 0.071347
vt 0.030149 0.135809
vt 0.038149 0.071347
vt 0.038149 0.135809
vt 0.046140 0.071347
vt 0.046140 0.135809
vt 0.054128 0.071347
vt 0.054128 0.135809
vt 0.062117 0.071347
vt 0.062117 0.135809
vt 0.070107 0.071347
vt 0.070107 0.135809
vt 0.078108 0.071347
vt 0.078108 0.135809
vt 0.347744 0.030857
vt 0.354540 0.026933
vt 0.339896 0.030857
vt 0.333100 0.026934
vt 0.329176 0.020138
vt 0.329176 0.012290
vt 0.333100 0.005494
vt 0.339896 0.001570
vt 0.347744 0.001569
vt 0.354540 0.005493
vt 0.358464 0.012289
vt 0.358464 0.020137
vt 0.925200 0.137870
vt 0.925200 0.130022
vt 0.925200 0.145717
vt 0.925200 0.059393
vt 0.925200 0.067241
vt 0.925200 0.075088
vt 0.925200 0.082936
vt 0.925200 0.090784
vt 0.925200 0.098631
vt 0.925200 0.106479
vt 0.925200 0.114327
vt 0.925200 0.122174
vt 0.818507 0.059555
vt 0.086124 0.112942
vt 0.094154 0.112942
vt 0.006067 0.112942
vt 0.014102 0.112942
vt 0.022132 0.112942
vt 0.030149 0.112942
vt 0.038149 0.112942
vt 0.046140 0.112942
vt 0.054128 0.112942
vt 0.062117 0.112942
vt 0.070107 0.112942
vt 0.078108 0.112942
vt 0.822432 0.074198
vt 0.814584 0.074199
vt 0.829228 0.070274
vt 0.833151 0.063478
vt 0.833151 0.055630
vt 0.829226 0.048834
vt 0.822430 0.044911
vt 0.814582 0.044911
vt 0.807786 0.048836
vt 0.803863 0.055632
vt 0.803863 0.063480
vt 0.807787 0.070276
vt 0.928672 0.122174
vt 0.928672 0.130022
vt 0.928672 0.114327
vt 0.928672 0.106479
vt 0.928672 0.098631
vt 0.928672 0.090784
vt 0.928672 0.082936
vt 0.928672 0.075088
vt 0.928672 0.067241
vt 0.928672 0.059393
vt 0.928672 0.145717
vt 0.928672 0.137870
vt 0.360028 0.020556
vt 0.355685 0.028078
vt 0.360028 0.011870
vt 0.355685 0.004348
vt 0.348163 0.000005
vt 0.339477 0.000006
vt 0.331955 0.004349
vt 0.327612 0.011871
vt 0.327612 0.020557
vt 0.331955 0.028079
vt 0.339477 0.032421
vt 0.348163 0.032421
vt 0.928672 0.051545
vt 0.925200 0.051545
vt 0.006067 0.135809
vt 0.102190 0.112942
vt 0.006067 0.071347
vn 0.706609 -0.037291 -0.706621
vn 0.706609 -0.037291 -0.706621
vn 0.706614 -0.037289 -0.706616
vn 0.706614 -0.037289 -0.706616
vn 0.258638 -0.037292 -0.965254
vn 0.258638 -0.037292 -0.965254
vn 0.258634 -0.037291 -0.965255
vn 0.258634 -0.037291 -0.965255
vn -0.258635 -0.037292 -0.965255
vn -0.258635 -0.037292 -0.965255
vn -0.258631 -0.037292 -0.965256
vn -0.258631 -0.037292 -0.965256
vn -0.706615 -0.037290 -0.706615
vn -0.706615 -0.037290 -0.706615
vn -0.706621 -0.037291 -0.706609
vn -0.706620 -0.037291 -0.706609
vn -0.965255 -0.037291 -0.258635
vn -0.965255 -0.037291 -0.258635
vn -0.965255 -0.037290 -0.258636
vn -0.965255 -0.037290 -0.258636
vn -0.965255 -0.037291 0.258635
vn -0.965255 -0.037291 0.258635
vn -0.965255 -0.037289 0.258636
vn -0.965255 -0.037289 0.258636
vn -0.706617 -0.037290 0.706613
vn -0.706617 -0.037290 0.706613
vn -0.706621 -0.037289 0.706609
vn -0.706621 -0.037289 0.706609
vn -0.258629 -0.037291 0.965256
vn -0.258629 -0.037291 0.965256
vn -0.258631 -0.037292 0.965256
vn -0.258631 -0.037292 0.965256
vn 0.258633 -0.037291 0.965256
vn 0.258633 -0.037292 0.965256
vn 0.258634 -0.037291 0.965255
vn 0.258634 -0.037291 0.965255
vn 0.706610 -0.037290 0.706620
vn 0.706610 -0.037290 0.706620
vn 0.706614 -0.037288 0.706616
vn 0.706614 -0.037288 0.706616
vn 0.965253 -0.037289 0.258642
vn 0.965253 -0.037289 0.258642
vn 0.965254 -0.037289 0.258639
vn 0.965254 -0.037289 0.258639
vn 0.965253 -0.037290 -0.258642
vn 0.965253 -0.037290 -0.258642
vn 0.965254 -0.037289 -0.258639
vn 0.965254 -0.037289 -0.258639
vn 0.000000 1.000000 0.000001
vn 0.000000 1.000000 0.000001
vn 0.000000 1.000000 0.000001
vn 0.000000 1.000000 0.000001
vn 0.000000 1.000000 0.000000
vn 0.000000 1.000000 0.000000
vn 0.000000 1.000000 0.000000
vn 0.000000 1.000000 0.000000
vn 0.000000 1.000000 0.000000
vn 0.000000 1.000000 0.000000
vn 0.000000 1.000000 0.000000
vn 0.000000 1.000000 0.000000
vn 0.000000 1.000000 -0.000000
vn 0.000000 1.000000 -0.000000
vn 0.000000 1.000000 -0.000000
vn 0.000000 1.000000 -0.000000
vn 0.000000 1.000000 -0.000001
vn 0.000000 1.000000 -0.000001
vn 0.000000 1.000000 -0.000001
vn 0.000000 1.000000 -0.000001
vn 0.000000 1.000000 -0.000000
vn 0.000000 1.000000 -0.000000
vn 0.000000 1.000000 -0.000000
vn 0.000000 1.000000 -0.000000
vn 0.000000 1.000000 0.000000
vn 0.000000 1.000000 0.000000
vn 0.000000 1.000000 0.000000
vn 0.000000 1.000000 0.000000
vn 0.000000 1.000000 0.000000
vn 0.000000 1.000000 0.000000
vn 0.000000 1.000000 0.000000
vn 0.000000 1.000000 0.000000
vn 0.000000 1.000000 -0.000000
vn 0.000000 1.000000 -0.000000
vn 0.000000 1.000000 -0.000000
vn 0.000000 1.000000 -0.000000
vn 0.000000 1.000000 0.000000
vn 0.000000 1.000000 0.000000
vn 0.000000 1.000000 0.000000
vn 0.000000 1.000000 0.000000
vn 0.000000 1.000000 0.000001
vn 0.000000 1.000000 0.000001
vn 0.000000 1.000000 0.000001
vn 0.000000 1.000000 0.000001
vn 0.000000 1.000000 -0.000001
vn 0.000000 1.000000 -0.000001
vn 0.000000 1.000000 -0.000001
vn 0.000000 1.000000 -0.000001
vn -0.707100 0.000000 0.707114
vn -0.707100 0.000000 0.707114
vn -0.707100 0.000000 0.707114
vn -0.707100 0.000000 0.707114
vn -0.258817 0.000000 0.965926
vn -0.258817 0.000000 0.965926
vn -0.258817 0.000000 0.965926
vn -0.258817 0.000000 0.965926
vn 0.258814 0.000000 0.965927
vn 0.258814 0.000000 0.965927
vn 0.258814 0.000000 0.965927
vn 0.258814 0.000000 0.965927
vn 0.707113 0.000000 0.707101
vn 0.707113 0.000000 0.707101
vn 0.707113 0.000000 0.707101
vn 0.707113 0.000000 0.707101
vn 0.965923 0.000000 0.258829
vn 0.965923 0.000000 0.258829
vn 0.965923 0.000000 0.258829
vn 0.965923 0.000000 0.258829
vn 0.965924 0.000000 -0.258828
vn 0.965924 0.000000 -0.258828
vn 0.965924 0.000000 -0.258828
vn 0.965924 0.000000 -0.258828
vn 0.707113 0.000000 -0.707101
vn 0.707113 0.000000 -0.707101
vn 0.707113 0.000000 -0.707101
vn 0.707113 0.000000 -0.707101
vn 0.258817 0.000000 -0.965926
vn 0.258817 0.000000 -0.965926
vn 0.258817 0.000000 -0.965926
vn 0.258817 0.000000 -0.965926
vn -0.258820 0.000000 -0.965925
vn -0.258820 0.000000 -0.965925
vn -0.258820 0.000000 -0.965925
vn -0.258820 0.000000 -0.965925
vn -0.707100 0.000000 -0.707114
vn -0.707100 0.000000 -0.707114
vn -0.707100 0.000000 -0.707114
vn -0.707100 0.000000 -0.707114
vn -0.965927 0.000000 -0.258815
vn -0.965927 0.000000 -0.258815
vn -0.965927 0.000000 -0.258815
vn -0.965927 0.000000 -0.258815
vn -0.965927 0.000000 0.258816
vn -0.965927 0.000000 0.258816
vn -0.965927 0.000000 0.258816
vn -0.965927 0.000000 0.258816
vn 0.000000 1.000000 0.000000
vn -0.000000 1.000000 -0.000000
vn -0.000000 1.000000 -0.000000
vn 0.000000 1.000000 -0.000000
vn 0.000000 1.000000 0.000000
vn -0.000000 1.000000 0.000000
vn -0.000000 1.000000 0.000000
vn -0.000000 1.000000 0.000000
vn -0.000000 1.000000 -0.000000
vn 0.000000 1.000000 0.000000
vn 0.000000 1.000000 -0.000000
vn 0.000000 1.000000 0.000000
vn 0.000000 1.000000 0.000000
vn 0.706605 -0.037292 -0.706625
vn 0.706605 -0.037292 -0.706625
vn 0.258641 -0.037292 -0.965253
vn 0.258641 -0.037292 -0.965253
vn -0.258637 -0.037291 -0.965254
vn -0.258637 -0.037291 -0.965254
vn -0.706612 -0.037290 -0.706618
vn -0.706612 -0.037290 -0.706618
vn -0.965255 -0.037291 -0.258635
vn -0.965255 -0.037291 -0.258635
vn -0.965255 -0.037291 0.258635
vn -0.965255 -0.037291 0.258635
vn -0.706614 -0.037292 0.706615
vn -0.706614 -0.037292 0.706615
vn -0.258628 -0.037291 0.965257
vn -0.258628 -0.037291 0.965257
vn 0.258632 -0.037292 0.965256
vn 0.258632 -0.037292 0.965256
vn 0.706608 -0.037292 0.706622
vn 0.706608 -0.037292 0.706622
vn 0.965253 -0.037290 0.258644
vn 0.965253 -0.037290 0.258644
vn 0.965253 -0.037290 -0.258644
vn 0.965253 -0.037290 -0.258644
s 1
g Cubiculos2 Accesorios pCylinder20 Macetas
usemtl lambert3SG
f 2543/3386/4476 2544/3387/4477 2507/3339/4478 2506/3340/4479
s 2
f 2544/3387/4480 2545/3437/4481 2508/3342/4482 2507/3339/4483
s 3
f 2545/3388/4484 2546/3389/4485 2509/3344/4486 2508/3436/4487
s 4
f 2546/3389/4488 2547/3390/4489 2510/3346/4490 2509/3344/4491
s 5
f 2547/3390/4492 2548/3391/4493 2511/3348/4494 2510/3346/4495
s 6
f 2548/3391/4496 2549/3392/4497 2512/3350/4498 2511/3348/4499
s 7
f 2549/3392/4500 2550/3393/4501 2513/3352/4502 2512/3350/4503
s 8
f 2550/3393/4504 2551/3394/4505 2514/3354/4506 2513/3352/4507
s 9
f 2551/3394/4508 2552/3395/4509 2515/3356/4510 2514/3354/4511
s 10
f 2552/3395/4512 2553/3396/4513 2516/3358/4514 2515/3356/4515
s 11
f 2553/3396/4516 2554/3397/4517 2517/3360/4518 2516/3358/4519
s 12
f 2554/3397/4520 2543/3386/4521 2506/3340/4522 2517/3360/4523
s off
f 2519/3361/4524 2518/3362/4525 2506/3423/4526 2507/3433/4527
f 2520/3363/4528 2519/3361/4529 2507/3433/4530 2508/3432/4531
f 2521/3364/4532 2520/3363/4533 2508/3432/4534 2509/3431/4535
f 2522/3365/4536 2521/3364/4537 2509/3431/4538 2510/3430/4539
f 2523/3366/4540 2522/3365/4541 2510/3430/4542 2511/3429/4543
f 2524/3367/4544 2523/3366/4545 2511/3429/4546 2512/3428/4547
f 2525/3368/4548 2524/3367/4549 2512/3428/4550 2513/3427/4551
f 2526/3369/4552 2525/3368/4553 2513/3427/4554 2514/3426/4555
f 2527/3370/4556 2526/3369/4557 2514/3426/4558 2515/3425/4559
f 2528/3371/4560 2527/3370/4561 2515/3425/4562 2516/3424/4563
f 2529/3372/4564 2528/3371/4565 2516/3424/4566 2517/3422/4567
f 2506/3423/4568 2518/3362/4569 2529/3372/4570 2517/3422/4571
f 2531/3373/4572 2530/3374/4573 2518/3411/4574 2519/3421/4575
f 2532/3375/4576 2531/3373/4577 2519/3421/4578 2520/3420/4579
f 2533/3376/4580 2532/3435/4581 2520/3434/4582 2521/3419/4583
f 2534/3377/4584 2533/3376/4585 2521/3419/4586 2522/3418/4587
f 2535/3378/4588 2534/3377/4589 2522/3418/4590 2523/3417/4591
f 2536/3379/4592 2535/3378/4593 2523/3417/4594 2524/3416/4595
f 2537/3380/4596 2536/3379/4597 2524/3416/4598 2525/3415/4599
f 2538/3381/4600 2537/3380/4601 2525/3415/4602 2526/3414/4603
f 2539/3382/4604 2538/3381/4605 2526/3414/4606 2527/3413/4607
f 2540/3383/4608 2539/3382/4609 2527/3413/4610 2528/3412/4611
f 2541/3384/4612 2540/3383/4613 2528/3412/4614 2529/3410/4615
f 2518/3411/4616 2530/3374/4617 2541/3384/4618 2529/3410/4619
s 13
f 2538/3402/4620 2542/3385/4621 2537/3403/4622
f 2531/3409/4623 2532/3408/4624 2542/3385/4621
f 2542/3385/4621 2532/3408/4624 2533/3407/4625
f 2542/3385/4621 2533/3407/4625 2534/3406/4626
f 2542/3385/4621 2534/3406/4626 2535/3405/4627
f 2542/3385/4621 2535/3405/4627 2536/3404/4628
f 2542/3385/4621 2536/3404/4628 2537/3403/4622
f 2539/3401/4629 2542/3385/4621 2538/3402/4620
f 2540/3400/4630 2542/3385/4621 2539/3401/4629
f 2541/3398/4631 2542/3385/4621 2540/3400/4630
f 2530/3399/4632 2542/3385/4621 2541/3398/4631
f 2531/3409/4623 2542/3385/4621 2530/3399/4632
s 1
f 2494/3337/4633 2495/3338/4634 2544/3387/4477 2543/3386/4476
s 2
f 2495/3338/4635 2496/3341/4636 2545/3437/4481 2544/3387/4480
s 3
f 2496/3438/4637 2497/3343/4638 2546/3389/4485 2545/3388/4484
s 4
f 2497/3343/4639 2498/3345/4640 2547/3390/4489 2546/3389/4488
s 5
f 2498/3345/4641 2499/3347/4642 2548/3391/4493 2547/3390/4492
s 6
f 2499/3347/4643 2500/3349/4644 2549/3392/4497 2548/3391/4496
s 7
f 2500/3349/4645 2501/3351/4646 2550/3393/4501 2549/3392/4500
s 8
f 2501/3351/4647 2502/3353/4648 2551/3394/4505 2550/3393/4504
s 9
f 2502/3353/4649 2503/3355/4650 2552/3395/4509 2551/3394/4508
s 10
f 2503/3355/4651 2504/3357/4652 2553/3396/4513 2552/3395/4512
s 11
f 2504/3357/4653 2505/3359/4654 2554/3397/4517 2553/3396/4516
s 12
f 2505/3359/4655 2494/3337/4656 2543/3386/4521 2554/3397/4520
g default
v -7.347395 0.040093 -10.739046
v -4.733912 0.040093 -10.739046
v -7.347394 1.682071 -10.739046
v -4.733912 1.682071 -10.739046
v -7.347395 1.682071 -11.394564
v -4.733912 1.682071 -11.394564
v -7.347395 0.040093 -11.394564
v -4.733912 0.040093 -11.394564
v -7.406593 1.682071 -11.323754
v -7.406593 0.040093 -11.323754
v -4.674716 0.040093 -11.323754
v -4.674716 1.682071 -11.323754
v -7.406593 1.682071 -10.809854
v -7.406593 0.040093 -10.809854
v -4.674716 0.040093 -10.809854
v -4.674716 1.682071 -10.809854
v -4.711241 1.682071 -10.809854
v -4.711241 1.682071 -11.323754
v -7.370068 1.682071 -10.809854
v -7.370068 1.682071 -11.323754
v -7.324991 0.028127 -10.749031
v -7.370068 1.571490 -10.809854
v -7.370068 1.571490 -11.323754
v -4.711241 1.571490 -10.809854
v -4.711241 1.571490 -11.323754
vt 0.238520 0.203429
vt 0.238520 0.203429
vt 0.166839 0.203429
vt 0.784229 0.080306
vt 0.524786 0.003105
vt 0.238520 0.316699
vt 0.238520 0.320714
vt 0.643701 0.003087
vt 0.641124 0.000005
vt 0.238520 0.198934
vt 0.238520 0.172561
vt 0.238520 0.176576
vt 0.524789 0.025475
vt 0.527366 0.028557
vt 0.643705 0.025457
vt 0.238520 0.343072
vt 0.238520 0.347088
vt 0.166839 0.347088
vt 0.761859 0.080306
vt 0.899964 0.080306
vt 0.646123 0.080306
vt 0.644225 0.144278
vt 0.784229 0.085119
vt 0.899964 0.085119
vt 0.646123 0.085119
vt 0.166839 0.316699
vt 0.166839 0.320714
vt 0.166839 0.343072
vt 0.641128 0.028539
vt 0.922334 0.085119
vt 0.761859 0.085119
vt 0.642115 0.025457
vt 0.922334 0.080306
vt 0.621856 0.144278
vt 0.526376 0.003105
vt 0.526379 0.025475
vt 0.527362 0.000023
vt 0.642111 0.003088
vt 0.166839 0.198934
vt 0.166839 0.176576
vt 0.166839 0.172561
vt 0.621856 0.028542
vt 0.644225 0.028542
vn 0.407078 -0.000000 0.913393
vn -0.000576 -0.003033 0.999995
vn -0.001893 -0.003042 0.999994
vn 0.000000 1.000000 0.000000
vn 0.000000 1.000000 0.000000
vn 0.000000 1.000000 -0.000000
vn 0.767210 0.000000 0.641396
vn 0.994914 0.000000 0.100727
vn 0.994914 0.000000 0.100727
vn 0.767210 0.000000 0.641396
vn -0.994914 0.000000 0.100729
vn -0.767202 0.000000 0.641406
vn -0.767202 0.000000 0.641406
vn -0.994914 0.000000 0.100729
vn -0.767208 0.000000 -0.641399
vn -0.994914 0.000000 -0.100729
vn -0.994914 0.000000 -0.100729
vn -0.767208 0.000000 -0.641399
vn 0.994914 0.000000 -0.100726
vn 0.994914 0.000000 -0.100726
vn 0.767214 0.000000 -0.641391
vn 0.767214 0.000000 -0.641391
vn 0.000000 1.000000 0.000000
vn 0.000000 1.000000 0.000000
vn 0.000000 1.000000 0.000000
vn 0.000000 1.000000 0.000000
vn 0.000000 1.000000 -0.000000
vn 0.000000 1.000000 0.000000
vn 0.000000 1.000000 0.000000
vn 0.000000 1.000000 0.000000
vn 0.000000 1.000000 0.000000
vn 0.000000 1.000000 0.000000
vn 0.000000 1.000000 0.000000
vn 0.000000 1.000000 0.000000
vn 0.000000 1.000000 0.000000
vn -0.001912 -0.003042 0.999994
vn -0.001912 -0.003042 0.999994
vn 1.000000 0.000000 0.000000
vn 1.000000 0.000000 0.000000
vn 1.000000 0.000000 0.000000
vn 1.000000 0.000000 0.000000
vn 0.000000 0.000000 -1.000000
vn 0.000000 0.000000 -1.000000
vn 0.000000 0.000000 -1.000000
vn 0.000000 0.000000 -1.000000
vn -1.000000 0.000000 0.000000
vn -1.000000 0.000000 0.000000
vn -1.000000 0.000000 0.000000
vn -1.000000 0.000000 0.000000
vn 0.000000 0.000000 1.000000
vn 0.000000 0.000000 1.000000
vn 0.000000 0.000000 1.000000
vn 0.000000 0.000000 1.000000
s 1
g Cubiculos2 Accesorios Macetas pCube68
usemtl lambert3SG
f 2555/3439/4657 2575/3440/4658 2557/3441/4659
s 2
f 2557/3475/4660 2573/3473/4661 2567/3443/4662
s 3
f 2556/3444/4663 2569/3445/4664 2570/3465/4665 2558/3464/4666
s 4
f 2568/3448/4667 2555/3439/4668 2557/3441/4669 2567/3477/4670
f 2561/3449/4671 2564/3450/4672 2563/3478/4673 2559/3479/4674
s 3
f 2566/3466/4675 2565/3454/4676 2562/3455/4677 2560/3456/4678
s 2
f 2563/3451/4679 2574/3474/4680 2559/3452/4681
s 4
f 2564/3450/4672 2568/3448/4667 2567/3477/4670 2563/3478/4673
s 3
f 2570/3465/4665 2569/3445/4664 2565/3454/4676 2566/3466/4675
s 2
f 2567/3443/4662 2573/3473/4661 2574/3474/4680 2563/3451/4679
f 2558/3447/4682 2570/3446/4683 2571/3476/4684
f 2572/3470/4685 2571/3476/4684 2570/3446/4683 2566/3453/4686
f 2560/3467/4687 2572/3470/4685 2566/3453/4686
f 2557/3475/4660 2558/3447/4682 2571/3476/4684 2573/3473/4661
s off
f 2577/3460/4688 2576/3472/4689 2578/3480/4690 2579/3481/4691
s 2
f 2559/3452/4681 2574/3474/4680 2572/3470/4685 2560/3467/4687
s 1
f 2557/3441/4659 2575/3440/4658 2556/3444/4692 2558/3464/4693
s off
f 2574/3457/4694 2573/3442/4695 2576/3461/4696 2577/3469/4697
f 2573/3442/4698 2571/3458/4699 2578/3462/4700 2576/3461/4701
f 2571/3458/4702 2572/3471/4703 2579/3468/4704 2578/3462/4705
f 2572/3459/4706 2574/3457/4707 2577/3469/4708 2579/3463/4709
