# This file uses centimeters as units for non-parametric coordinates.

mtllib Pasillo.mtl
g default
v -3.960235 -3.600347 32.173406
v 2.737479 -3.600347 32.173472
v -3.960235 -3.394547 32.173406
v 2.737479 -3.394547 32.173472
v -3.960234 -3.394547 31.725455
v 2.737480 -3.394547 31.725508
v -3.960234 -3.188746 31.725455
v 2.737480 -3.188746 31.725508
v -3.960232 -3.188746 31.277493
v 2.737482 -3.188746 31.277558
v -3.960232 -2.982946 31.277493
v 2.737482 -2.982946 31.277558
v -3.960230 -2.982946 30.829531
v 2.737483 -2.982946 30.829597
v -3.960230 -2.777146 30.829531
v 2.737483 -2.777146 30.829597
v -3.960229 -2.777146 30.381580
v 2.737486 -2.777146 30.381633
v -3.960229 -2.571346 30.381580
v 2.737486 -2.571346 30.381633
v -3.960227 -2.571346 29.933618
v 2.737487 -2.571346 29.933683
v -3.960227 -2.365545 29.933618
v 2.737487 -2.365545 29.933683
v -3.960225 -2.365545 29.485656
v 2.737488 -2.365545 29.485722
v -3.960225 -2.159745 29.485656
v 2.737488 -2.159745 29.485722
v -3.960223 -2.159745 29.037705
v 2.737490 -2.159745 29.037758
v -3.960223 -1.953945 29.037705
v 2.737490 -1.953945 29.037758
v -3.960222 -1.953945 28.589743
v 2.737492 -1.953945 28.589808
v -3.960222 -1.748145 28.589743
v 2.737492 -1.748145 28.589808
v -3.960221 -1.748145 28.141781
v 2.737494 -1.748145 28.141847
v -3.960221 -1.542344 28.141781
v 2.737494 -1.542344 28.141847
v -3.960218 -1.542344 27.693830
v 2.737495 -1.542344 27.693883
v -3.960218 -1.336544 27.693830
v 2.737495 -1.336544 27.693883
v -3.960217 -1.336544 27.245868
v 2.737497 -1.336544 27.245933
v -3.960217 -1.130744 27.245868
v 2.737497 -1.130744 27.245933
v -3.960216 -1.130744 26.797906
v 2.737498 -1.130744 26.797972
v 2.737480 -3.600347 31.725508
v 2.737482 -3.600347 31.277558
v 2.737483 -3.600347 30.829597
v 2.737486 -3.600347 30.381633
v 2.737487 -3.600347 29.933683
v 2.737488 -3.600347 29.485722
v 2.737490 -3.600347 29.037758
v 2.737492 -3.600347 28.589808
v 2.737494 -3.600347 28.141847
v 2.737495 -3.600347 27.693883
v 2.737497 -3.600347 27.245933
v 2.737498 -3.600347 26.797972
v -3.960234 -3.600347 31.725455
v -3.960232 -3.600347 31.277493
v -3.960230 -3.600347 30.829531
v -3.960229 -3.600347 30.381580
v -3.960227 -3.600347 29.933618
v -3.960225 -3.600347 29.485656
v -3.960223 -3.600347 29.037705
v -3.960222 -3.600347 28.589743
v -3.960221 -3.600347 28.141781
v -3.960218 -3.600347 27.693830
v -3.960217 -3.600347 27.245868
v -3.960216 -3.600347 26.797906
vt -3.166665 -1.500000
vt -3.583332 -1.500000
vt -3.583332 -1.750000
vt -2.749998 -1.250000
vt -3.166665 -1.250000
vt -2.333332 -1.000000
vt -2.749998 -1.000000
vt -1.916665 -0.750000
vt -2.333332 -0.750000
vt -1.499998 -0.500000
vt -1.916665 -0.500000
vt -1.083332 -0.250000
vt -1.499998 -0.250000
vt -0.666665 0.000000
vt -1.083332 0.000000
vt -0.249998 0.250000
vt -0.666665 0.250000
vt 0.166668 0.500000
vt -0.249998 0.500000
vt 0.583335 0.750000
vt 0.166668 0.750000
vt 1.000002 1.000000
vt 0.583335 1.000000
vt 3.583332 -1.750000
vt 3.583332 -1.500000
vt 3.166665 -1.500000
vt 3.166665 -1.250000
vt 2.749998 -1.250000
vt 2.749998 -1.000000
vt 2.333332 -1.000000
vt 2.333332 -0.750000
vt 1.916665 -0.750000
vt 1.916665 -0.500000
vt 1.499998 -0.500000
vt 1.499998 -0.250000
vt 1.083332 -0.250000
vt 1.083332 0.000000
vt 0.666665 0.000000
vt 0.666665 0.250000
vt 0.249998 0.250000
vt 0.249998 0.500000
vt -0.166668 0.500000
vt -0.166668 0.750000
vt -0.583335 0.750000
vt -0.583335 1.000000
vt -1.000002 1.000000
vt 4.005211 -2.000000
vt 4.005211 -1.750000
vt -5.981763 -1.750000
vt -5.981763 -2.000000
vt 4.005211 -3.999998
vt 4.005211 -3.583332
vt -5.981763 -3.583332
vt -5.981763 -3.999998
vt 4.005211 -1.500000
vt -5.981763 -1.500000
vt 4.005211 -3.166665
vt -5.981763 -3.166665
vt 4.005211 -1.250000
vt -5.981763 -1.250000
vt 4.005211 -2.749998
vt -5.981763 -2.749998
vt 4.005211 -1.000000
vt -5.981763 -1.000000
vt 4.005211 -2.333332
vt -5.981763 -2.333332
vt 4.005211 -0.750000
vt -5.981763 -0.750000
vt 4.005211 -1.916665
vt -5.981763 -1.916665
vt 4.005211 -0.500000
vt -5.981763 -0.500000
vt 4.005211 -0.250000
vt -5.981763 -0.250000
vt 4.005211 -1.083332
vt -5.981763 -1.083332
vt 4.005211 0.000000
vt -5.981763 0.000000
vt 4.005211 -0.666665
vt -5.981763 -0.666665
vt 4.005211 0.250000
vt -5.981763 0.250000
vt 4.005211 0.500000
vt -5.981763 0.500000
vt 4.005211 0.166668
vt -5.981763 0.166668
vt 4.005211 0.750000
vt -5.981763 0.750000
vt 4.005211 0.583335
vt -5.981763 0.583335
vt 4.005211 1.000000
vt -5.981763 1.000000
vt -3.583332 -2.000000
vt -3.999998 -1.750000
vt -3.999998 -2.000000
vt -3.166665 -2.000000
vt -2.749998 -2.000000
vt -2.333332 -2.000000
vt -1.916665 -2.000000
vt -1.499998 -2.000000
vt -1.083332 -2.000000
vt -0.666665 -2.000000
vt -0.249998 -2.000000
vt 0.166668 -2.000000
vt 0.583335 -2.000000
vt 1.000002 -2.000000
vt 3.999998 -1.750000
vt 3.583332 -2.000000
vt 3.999998 -2.000000
vt 3.166665 -2.000000
vt 2.749998 -2.000000
vt 2.333332 -2.000000
vt 1.916665 -2.000000
vt 1.499998 -2.000000
vt 1.083332 -2.000000
vt 0.666665 -2.000000
vt 0.249998 -2.000000
vt -0.166668 -2.000000
vt -0.583335 -2.000000
vt -1.000002 -2.000000
vt 5.981763 -2.000000
vt 5.981763 1.000000
vt -4.005211 1.000000
vt -4.005211 -2.000000
vt 4.005211 -1.750000
vt -5.981763 -1.750000
vt 4.005211 -1.750000
vt 4.005211 -3.583332
vt -5.981763 -3.583332
vt 4.005211 -3.583332
vt 4.005211 -1.500000
vt -5.981763 -1.500000
vt 4.005211 -1.500000
vt 4.005211 -3.166665
vt -5.981763 -3.166665
vt 4.005211 -3.166665
vt 4.005211 -1.250000
vt -5.981763 -1.250000
vt 4.005211 -1.250000
vt 4.005211 -2.749998
vt -5.981763 -2.749998
vt 4.005211 -2.749998
vt 4.005211 -1.000000
vt -5.981763 -1.000000
vt 4.005211 -1.000000
vt 4.005211 -2.333332
vt -5.981763 -2.333332
vt 4.005211 -2.333332
vt 4.005211 -0.750000
vt -5.981763 -0.750000
vt 4.005211 -0.750000
vt 4.005211 -1.916665
vt 4.005211 -1.500000
vt -5.981763 -1.500000
vt -5.981763 -1.500000
vt -5.981763 -1.916665
vt 4.005211 -1.916665
vt 4.005211 -0.500000
vt -5.981763 -0.500000
vt 4.005211 -0.500000
vt 4.005211 -1.500000
vt -5.981763 -1.500000
vt 4.005211 -1.500000
vt 4.005211 -0.250000
vt -5.981763 -0.250000
vt 4.005211 -0.250000
vt 4.005211 -1.083332
vt -5.981763 -1.083332
vt 4.005211 -1.083332
vt 4.005211 0.000000
vt -5.981763 0.000000
vt 4.005211 0.000000
vt 4.005211 -0.666665
vt 4.005211 -0.250000
vt -5.981763 -0.250000
vt -5.981763 -0.250000
vt -5.981763 -0.666665
vt 4.005211 -0.666665
vt 4.005211 0.250000
vt -5.981763 0.250000
vt 4.005211 0.250000
vt 4.005211 -0.250000
vt -5.981763 -0.250000
vt 4.005211 -0.250000
vt 4.005211 0.500000
vt -5.981763 0.500000
vt 4.005211 0.500000
vt 4.005211 0.166668
vt -5.981763 0.166668
vt 4.005211 0.166668
vt 4.005211 0.750000
vt -5.981763 0.750000
vt 4.005211 0.750000
vt 4.005211 0.583335
vt 4.005211 1.000000
vt -5.981763 1.000000
vt -5.981763 1.000000
vt -5.981763 0.583335
vt 4.005211 0.583335
vn 1.000000 0.000000 0.000004
vn 1.000000 0.000000 0.000004
vn 1.000000 0.000000 0.000004
vn 1.000000 0.000000 0.000004
vn 1.000000 0.000000 0.000004
vn 1.000000 0.000000 0.000004
vn 1.000000 0.000000 0.000004
vn 1.000000 0.000000 0.000004
vn 1.000000 0.000000 0.000004
vn 1.000000 0.000000 0.000004
vn 1.000000 0.000000 0.000004
vn 1.000000 0.000000 0.000004
vn 1.000000 0.000000 0.000004
vn 1.000000 0.000000 0.000004
vn 1.000000 0.000000 0.000004
vn 1.000000 0.000000 0.000004
vn 1.000000 0.000000 0.000004
vn 1.000000 0.000000 0.000004
vn 1.000000 0.000000 0.000004
vn 1.000000 0.000000 0.000004
vn 1.000000 0.000000 0.000004
vn 1.000000 0.000000 0.000004
vn 1.000000 0.000000 0.000004
vn 1.000000 0.000000 0.000004
vn 1.000000 0.000000 0.000004
vn 1.000000 0.000000 0.000004
vn 1.000000 0.000000 0.000004
vn 1.000000 0.000000 0.000004
vn 1.000000 0.000000 0.000004
vn 1.000000 0.000000 0.000004
vn 1.000000 0.000000 0.000004
vn 1.000000 0.000000 0.000004
vn 1.000000 0.000000 0.000004
vn -1.000000 0.000000 -0.000004
vn -1.000000 0.000000 -0.000004
vn -1.000000 0.000000 -0.000004
vn -1.000000 0.000000 -0.000004
vn -1.000000 0.000000 -0.000004
vn -1.000000 0.000000 -0.000004
vn -1.000000 0.000000 -0.000004
vn -1.000000 0.000000 -0.000004
vn -1.000000 0.000000 -0.000004
vn -1.000000 0.000000 -0.000004
vn -1.000000 0.000000 -0.000004
vn -1.000000 0.000000 -0.000004
vn -1.000000 0.000000 -0.000004
vn -1.000000 0.000000 -0.000004
vn -1.000000 0.000000 -0.000004
vn -1.000000 0.000000 -0.000004
vn -1.000000 0.000000 -0.000004
vn -1.000000 0.000000 -0.000004
vn -1.000000 0.000000 -0.000004
vn -1.000000 0.000000 -0.000004
vn -1.000000 0.000000 -0.000004
vn -1.000000 0.000000 -0.000004
vn -1.000000 0.000000 -0.000004
vn -1.000000 0.000000 -0.000004
vn -1.000000 0.000000 -0.000004
vn -1.000000 0.000000 -0.000004
vn -1.000000 0.000000 -0.000004
vn -1.000000 0.000000 -0.000004
vn -1.000000 0.000000 -0.000004
vn -1.000000 0.000000 -0.000004
vn -1.000000 0.000000 -0.000004
vn -1.000000 0.000000 -0.000004
vn -1.000000 0.000000 -0.000004
vn -0.000010 0.000000 1.000000
vn -0.000010 0.000000 1.000000
vn -0.000010 0.000000 1.000000
vn -0.000010 0.000000 1.000000
vn -0.000010 0.000000 1.000000
vn -0.000010 0.000000 1.000000
vn 0.000000 1.000000 0.000000
vn 0.000000 1.000000 0.000000
vn 0.000000 1.000000 0.000000
vn 0.000000 1.000000 0.000000
vn 0.000000 1.000000 0.000000
vn 0.000000 1.000000 0.000000
vn -0.000010 0.000000 1.000000
vn -0.000010 0.000000 1.000000
vn -0.000010 0.000000 1.000000
vn -0.000010 0.000000 1.000000
vn -0.000010 0.000000 1.000000
vn -0.000010 0.000000 1.000000
vn 0.000000 1.000000 0.000000
vn 0.000000 1.000000 0.000000
vn 0.000000 1.000000 0.000000
vn 0.000000 1.000000 0.000000
vn 0.000000 1.000000 0.000000
vn 0.000000 1.000000 0.000000
vn -0.000010 0.000000 1.000000
vn -0.000010 0.000000 1.000000
vn -0.000010 0.000000 1.000000
vn -0.000010 0.000000 1.000000
vn -0.000010 0.000000 1.000000
vn -0.000010 0.000000 1.000000
vn 0.000000 1.000000 0.000000
vn 0.000000 1.000000 0.000000
vn 0.000000 1.000000 0.000000
vn 0.000000 1.000000 0.000000
vn 0.000000 1.000000 0.000000
vn 0.000000 1.000000 0.000000
vn -0.000010 0.000000 1.000000
vn -0.000010 0.000000 1.000000
vn -0.000010 0.000000 1.000000
vn -0.000010 0.000000 1.000000
vn -0.000010 0.000000 1.000000
vn -0.000010 0.000000 1.000000
vn 0.000000 1.000000 0.000000
vn 0.000000 1.000000 0.000000
vn 0.000000 1.000000 0.000000
vn 0.000000 1.000000 0.000000
vn 0.000000 1.000000 0.000000
vn 0.000000 1.000000 0.000000
vn -0.000010 0.000000 1.000000
vn -0.000010 0.000000 1.000000
vn -0.000010 0.000000 1.000000
vn -0.000010 0.000000 1.000000
vn -0.000010 0.000000 1.000000
vn -0.000010 0.000000 1.000000
vn 0.000000 1.000000 0.000000
vn 0.000000 1.000000 0.000000
vn 0.000000 1.000000 0.000000
vn 0.000000 1.000000 0.000000
vn 0.000000 1.000000 0.000000
vn 0.000000 1.000000 0.000000
vn -0.000010 0.000000 1.000000
vn -0.000010 0.000000 1.000000
vn -0.000010 0.000000 1.000000
vn -0.000010 0.000000 1.000000
vn -0.000010 0.000000 1.000000
vn -0.000010 0.000000 1.000000
vn 0.000000 1.000000 0.000000
vn 0.000000 1.000000 0.000000
vn 0.000000 1.000000 0.000000
vn 0.000000 1.000000 0.000000
vn 0.000000 1.000000 0.000000
vn 0.000000 1.000000 0.000000
vn -0.000010 0.000000 1.000000
vn -0.000010 0.000000 1.000000
vn -0.000010 0.000000 1.000000
vn -0.000010 0.000000 1.000000
vn -0.000010 0.000000 1.000000
vn -0.000010 0.000000 1.000000
vn 0.000000 1.000000 0.000000
vn 0.000000 1.000000 0.000000
vn 0.000000 1.000000 0.000000
vn 0.000000 1.000000 0.000000
vn 0.000000 1.000000 0.000000
vn 0.000000 1.000000 0.000000
vn -0.000010 0.000000 1.000000
vn -0.000010 0.000000 1.000000
vn -0.000010 0.000000 1.000000
vn -0.000010 0.000000 1.000000
vn -0.000010 0.000000 1.000000
vn -0.000010 0.000000 1.000000
vn 0.000000 1.000000 0.000000
vn 0.000000 1.000000 0.000000
vn 0.000000 1.000000 0.000000
vn 0.000000 1.000000 0.000000
vn 0.000000 1.000000 0.000000
vn 0.000000 1.000000 0.000000
vn -0.000010 0.000000 1.000000
vn -0.000010 0.000000 1.000000
vn -0.000010 0.000000 1.000000
vn -0.000010 0.000000 1.000000
vn -0.000010 0.000000 1.000000
vn -0.000010 0.000000 1.000000
vn 0.000000 1.000000 0.000000
vn 0.000000 1.000000 0.000000
vn 0.000000 1.000000 0.000000
vn 0.000000 1.000000 0.000000
vn 0.000000 1.000000 0.000000
vn 0.000000 1.000000 0.000000
vn -0.000010 0.000000 1.000000
vn -0.000010 0.000000 1.000000
vn -0.000010 0.000000 1.000000
vn -0.000010 0.000000 1.000000
vn -0.000010 0.000000 1.000000
vn -0.000010 0.000000 1.000000
vn 0.000000 1.000000 0.000000
vn 0.000000 1.000000 0.000000
vn 0.000000 1.000000 0.000000
vn 0.000000 1.000000 0.000000
vn 0.000000 1.000000 0.000000
vn 0.000000 1.000000 0.000000
vn -0.000010 0.000000 1.000000
vn -0.000010 0.000000 1.000000
vn -0.000010 0.000000 1.000000
vn -0.000010 0.000000 1.000000
vn -0.000010 0.000000 1.000000
vn -0.000010 0.000000 1.000000
vn 0.000000 1.000000 0.000000
vn 0.000000 1.000000 0.000000
vn 0.000000 1.000000 0.000000
vn 0.000000 1.000000 0.000000
vn 0.000000 1.000000 0.000000
vn 0.000000 1.000000 0.000000
vn -0.000010 0.000000 1.000000
vn -0.000010 0.000000 1.000000
vn -0.000010 0.000000 1.000000
vn -0.000010 0.000000 1.000000
vn -0.000010 0.000000 1.000000
vn -0.000010 0.000000 1.000000
vn 0.000000 1.000000 0.000000
vn 0.000000 1.000000 0.000000
vn 0.000000 1.000000 0.000000
vn 0.000000 1.000000 0.000000
vn 0.000000 1.000000 0.000000
vn 0.000000 1.000000 0.000000
vn 1.000000 0.000000 0.000004
vn 1.000000 0.000000 0.000004
vn 1.000000 0.000000 0.000004
vn 1.000000 0.000000 0.000004
vn 1.000000 0.000000 0.000004
vn 1.000000 0.000000 0.000004
vn 1.000000 0.000000 0.000004
vn 1.000000 0.000000 0.000004
vn 1.000000 0.000000 0.000004
vn 1.000000 0.000000 0.000004
vn 1.000000 0.000000 0.000004
vn 1.000000 0.000000 0.000004
vn 1.000000 0.000000 0.000004
vn 1.000000 0.000000 0.000004
vn 1.000000 0.000000 0.000004
vn 1.000000 0.000000 0.000004
vn 1.000000 0.000000 0.000004
vn 1.000000 0.000000 0.000004
vn 1.000000 0.000000 0.000004
vn 1.000000 0.000000 0.000004
vn 1.000000 0.000000 0.000004
vn 1.000000 0.000000 0.000004
vn 1.000000 0.000000 0.000004
vn 1.000000 0.000000 0.000004
vn 1.000000 0.000000 0.000004
vn 1.000000 0.000000 0.000004
vn 1.000000 0.000000 0.000004
vn 1.000000 0.000000 0.000004
vn 1.000000 0.000000 0.000004
vn 1.000000 0.000000 0.000004
vn 1.000000 0.000000 0.000004
vn 1.000000 0.000000 0.000004
vn 1.000000 0.000000 0.000004
vn 1.000000 0.000000 0.000004
vn 1.000000 0.000000 0.000004
vn 1.000000 0.000000 0.000004
vn 1.000000 0.000000 0.000004
vn 1.000000 0.000000 0.000004
vn 1.000000 0.000000 0.000004
vn 1.000000 0.000000 0.000004
vn 1.000000 0.000000 0.000004
vn 1.000000 0.000000 0.000004
vn 1.000000 0.000000 0.000004
vn 1.000000 0.000000 0.000004
vn 1.000000 0.000000 0.000004
vn 1.000000 0.000000 0.000004
vn 1.000000 0.000000 0.000004
vn 1.000000 0.000000 0.000004
vn 1.000000 0.000000 0.000004
vn 1.000000 0.000000 0.000004
vn 1.000000 0.000000 0.000004
vn 1.000000 0.000000 0.000004
vn 1.000000 0.000000 0.000004
vn 1.000000 0.000000 0.000004
vn 1.000000 0.000000 0.000004
vn 1.000000 0.000000 0.000004
vn 1.000000 0.000000 0.000004
vn 1.000000 0.000000 0.000004
vn 1.000000 0.000000 0.000004
vn 1.000000 0.000000 0.000004
vn 1.000000 0.000000 0.000004
vn 1.000000 0.000000 0.000004
vn 1.000000 0.000000 0.000004
vn 1.000000 0.000000 0.000004
vn 1.000000 0.000000 0.000004
vn 1.000000 0.000000 0.000004
vn 1.000000 0.000000 0.000004
vn 1.000000 0.000000 0.000004
vn 1.000000 0.000000 0.000004
vn 1.000000 0.000000 0.000004
vn 1.000000 0.000000 0.000004
vn 1.000000 0.000000 0.000004
vn -1.000000 0.000000 -0.000004
vn -1.000000 0.000000 -0.000004
vn -1.000000 0.000000 -0.000004
vn -1.000000 0.000000 -0.000004
vn -1.000000 0.000000 -0.000004
vn -1.000000 0.000000 -0.000004
vn -1.000000 0.000000 -0.000004
vn -1.000000 0.000000 -0.000004
vn -1.000000 0.000000 -0.000004
vn -1.000000 0.000000 -0.000004
vn -1.000000 0.000000 -0.000004
vn -1.000000 0.000000 -0.000004
vn -1.000000 0.000000 -0.000004
vn -1.000000 0.000000 -0.000004
vn -1.000000 0.000000 -0.000004
vn -1.000000 0.000000 -0.000004
vn -1.000000 0.000000 -0.000004
vn -1.000000 0.000000 -0.000004
vn -1.000000 0.000000 -0.000004
vn -1.000000 0.000000 -0.000004
vn -1.000000 0.000000 -0.000004
vn -1.000000 0.000000 -0.000004
vn -1.000000 0.000000 -0.000004
vn -1.000000 0.000000 -0.000004
vn -1.000000 0.000000 -0.000004
vn -1.000000 0.000000 -0.000004
vn -1.000000 0.000000 -0.000004
vn -1.000000 0.000000 -0.000004
vn -1.000000 0.000000 -0.000004
vn -1.000000 0.000000 -0.000004
vn -1.000000 0.000000 -0.000004
vn -1.000000 0.000000 -0.000004
vn -1.000000 0.000000 -0.000004
vn -1.000000 0.000000 -0.000004
vn -1.000000 0.000000 -0.000004
vn -1.000000 0.000000 -0.000004
vn -1.000000 0.000000 -0.000004
vn -1.000000 0.000000 -0.000004
vn -1.000000 0.000000 -0.000004
vn -1.000000 0.000000 -0.000004
vn -1.000000 0.000000 -0.000004
vn -1.000000 0.000000 -0.000004
vn -1.000000 0.000000 -0.000004
vn -1.000000 0.000000 -0.000004
vn -1.000000 0.000000 -0.000004
vn -1.000000 0.000000 -0.000004
vn -1.000000 0.000000 -0.000004
vn -1.000000 0.000000 -0.000004
vn -1.000000 0.000000 -0.000004
vn -1.000000 0.000000 -0.000004
vn -1.000000 0.000000 -0.000004
vn -1.000000 0.000000 -0.000004
vn -1.000000 0.000000 -0.000004
vn -1.000000 0.000000 -0.000004
vn -1.000000 0.000000 -0.000004
vn -1.000000 0.000000 -0.000004
vn -1.000000 0.000000 -0.000004
vn -1.000000 0.000000 -0.000004
vn -1.000000 0.000000 -0.000004
vn -1.000000 0.000000 -0.000004
vn -1.000000 0.000000 -0.000004
vn -1.000000 0.000000 -0.000004
vn -1.000000 0.000000 -0.000004
vn -1.000000 0.000000 -0.000004
vn -1.000000 0.000000 -0.000004
vn -1.000000 0.000000 -0.000004
vn -1.000000 0.000000 -0.000004
vn -1.000000 0.000000 -0.000004
vn -1.000000 0.000000 -0.000004
vn -1.000000 0.000000 -0.000004
vn -1.000000 0.000000 -0.000004
vn -1.000000 0.000000 -0.000004
vn 0.000010 0.000000 -1.000000
vn 0.000010 0.000000 -1.000000
vn 0.000010 0.000000 -1.000000
vn 0.000010 0.000000 -1.000000
vn 0.000010 0.000000 -1.000000
vn 0.000010 0.000000 -1.000000
s off
g Piso:Stairs_1_ Piso2 Pasillo
usemtl Piso:ProBuilderDefault
f 10/1/1 8/2/2 6/3/3
f 14/4/4 12/5/5 10/1/6
f 18/6/7 16/7/8 14/4/9
f 22/8/10 20/9/11 18/6/12
f 26/10/13 24/11/14 22/8/15
f 30/12/16 28/13/17 26/10/18
f 34/14/19 32/15/20 30/12/21
f 38/16/22 36/17/23 34/14/24
f 42/18/25 40/19/26 38/16/27
f 46/20/28 44/21/29 42/18/30
f 50/22/31 48/23/32 46/20/33
f 5/24/34 7/25/35 9/26/36
f 9/26/37 11/27/38 13/28/39
f 13/28/40 15/29/41 17/30/42
f 17/30/43 19/31/44 21/32/45
f 21/32/46 23/33/47 25/34/48
f 25/34/49 27/35/50 29/36/51
f 29/36/52 31/37/53 33/38/54
f 33/38/55 35/39/56 37/40/57
f 37/40/58 39/41/59 41/42/60
f 41/42/61 43/43/62 45/44/63
f 45/44/64 47/45/65 49/46/66
f 2/47/67 4/48/68 3/49/69
f 3/49/70 1/50/71 2/47/72
f 4/51/73 6/52/74 5/53/75
f 5/53/76 3/54/77 4/51/78
f 6/125/79 8/55/80 7/56/81
f 7/56/82 5/126/83 6/127/84
f 8/128/85 10/57/86 9/58/87
f 9/58/88 7/129/89 8/130/90
f 10/131/91 12/59/92 11/60/93
f 11/60/94 9/132/95 10/133/96
f 12/134/97 14/61/98 13/62/99
f 13/62/100 11/135/101 12/136/102
f 14/137/103 16/63/104 15/64/105
f 15/64/106 13/138/107 14/139/108
f 16/140/109 18/65/110 17/66/111
f 17/66/112 15/141/113 16/142/114
f 18/143/115 20/67/116 19/68/117
f 19/68/118 17/144/119 18/145/120
f 20/146/121 22/69/122 21/70/123
f 21/70/124 19/147/125 20/148/126
f 22/149/127 24/71/128 23/72/129
f 23/72/130 21/150/131 22/151/132
f 24/152/133 26/153/134 25/154/135
f 25/155/136 23/156/137 24/157/138
f 26/158/139 28/73/140 27/74/141
f 27/74/142 25/159/143 26/160/144
f 28/161/145 30/75/146 29/76/147
f 29/76/148 27/162/149 28/163/150
f 30/164/151 32/77/152 31/78/153
f 31/78/154 29/165/155 30/166/156
f 32/167/157 34/79/158 33/80/159
f 33/80/160 31/168/161 32/169/162
f 34/170/163 36/81/164 35/82/165
f 35/82/166 33/171/167 34/172/168
f 36/173/169 38/174/170 37/175/171
f 37/176/172 35/177/173 36/178/174
f 38/179/175 40/83/176 39/84/177
f 39/84/178 37/180/179 38/181/180
f 40/182/181 42/85/182 41/86/183
f 41/86/184 39/183/185 40/184/186
f 42/185/187 44/87/188 43/88/189
f 43/88/190 41/186/191 42/187/192
f 44/188/193 46/89/194 45/90/195
f 45/90/196 43/189/197 44/190/198
f 46/191/199 48/91/200 47/92/201
f 47/92/202 45/192/203 46/193/204
f 48/194/205 50/195/206 49/196/207
f 49/197/208 47/198/209 48/199/210
f 51/93/211 6/3/212 4/94/213
f 4/94/214 2/95/215 51/93/216
f 52/96/217 10/1/218 6/3/219
f 6/3/220 51/93/221 52/96/222
f 53/97/223 14/4/224 10/1/225
f 10/1/226 52/96/227 53/97/228
f 54/98/229 18/6/230 14/4/231
f 14/4/232 53/97/233 54/98/234
f 55/99/235 22/8/236 18/6/237
f 18/6/238 54/98/239 55/99/240
f 56/100/241 26/10/242 22/8/243
f 22/8/244 55/99/245 56/100/246
f 57/101/247 30/12/248 26/10/249
f 26/10/250 56/100/251 57/101/252
f 58/102/253 34/14/254 30/12/255
f 30/12/256 57/101/257 58/102/258
f 59/103/259 38/16/260 34/14/261
f 34/14/262 58/102/263 59/103/264
f 60/104/265 42/18/266 38/16/267
f 38/16/268 59/103/269 60/104/270
f 61/105/271 46/20/272 42/18/273
f 42/18/274 60/104/275 61/105/276
f 62/106/277 50/22/278 46/20/279
f 46/20/280 61/105/281 62/106/282
f 3/107/283 5/24/284 63/108/285
f 63/108/286 1/109/287 3/107/288
f 5/24/289 9/26/290 64/110/291
f 64/110/292 63/108/293 5/24/294
f 9/26/295 13/28/296 65/111/297
f 65/111/298 64/110/299 9/26/300
f 13/28/301 17/30/302 66/112/303
f 66/112/304 65/111/305 13/28/306
f 17/30/307 21/32/308 67/113/309
f 67/113/310 66/112/311 17/30/312
f 21/32/313 25/34/314 68/114/315
f 68/114/316 67/113/317 21/32/318
f 25/34/319 29/36/320 69/115/321
f 69/115/322 68/114/323 25/34/324
f 29/36/325 33/38/326 70/116/327
f 70/116/328 69/115/329 29/36/330
f 33/38/331 37/40/332 71/117/333
f 71/117/334 70/116/335 33/38/336
f 37/40/337 41/42/338 72/118/339
f 72/118/340 71/117/341 37/40/342
f 41/42/343 45/44/344 73/119/345
f 73/119/346 72/118/347 41/42/348
f 45/44/349 49/46/350 74/120/351
f 74/120/352 73/119/353 45/44/354
f 74/121/355 49/122/356 50/123/357
f 50/123/358 62/124/359 74/121/360
g default
v 2.734000 -1.130745 -18.356251
v 2.734000 -1.130745 26.797949
v -3.972450 -1.130745 -18.356251
v -3.972450 -1.130745 26.797949
v -3.972450 -1.130745 -11.905661
v -3.972450 -1.130745 -4.379959
v -11.686741 -1.130744 -11.905802
v -11.686741 -1.130744 -4.380100
vt -4.000000 -8.000000
vt -4.000000 34.000000
vt 6.000000 -8.000000
vt 6.000000 34.000000
vt -5.000000 -4.000000
vt -5.000000 3.000000
vt 7.000000 -4.000000
vt 7.000000 3.000000
vn 0.000000 1.000000 0.000000
vn 0.000000 1.000000 0.000000
vn 0.000000 1.000000 0.000000
vn 0.000000 1.000000 0.000000
vn 0.000000 1.000000 0.000000
vn 0.000000 1.000000 0.000000
vn 0.000000 1.000000 0.000000
vn 0.000000 1.000000 0.000000
s off
g Piso2 Pasillo Piso:Piso
usemtl Piso:ProBuilderDefault
f 78/203/361 76/201/362 75/200/363 77/202/364
f 82/207/365 80/205/366 79/204/367 81/206/368
g default
v -3.972450 -1.130745 11.208989
v -3.972450 -1.130745 18.734689
v -12.017538 -1.130745 11.208989
v -12.017538 -1.130745 18.734689
vt -5.000000 -5.000000
vt -5.000000 2.000000
vt 6.000000 -5.000000
vt 6.000000 2.000000
vn 0.000000 1.000000 0.000000
vn 0.000000 1.000000 0.000000
vn 0.000000 1.000000 0.000000
vn 0.000000 1.000000 0.000000
s off
g Piso2 Pasillo Piso:Plane_27_
usemtl Piso:ProBuilderDefault
f 86/211/369 84/209/370 83/208/371 85/210/372
g default
v 2.734000 -0.307461 -22.656651
v 2.734000 -1.130744 -18.356251
v -3.972450 -0.307461 -22.656651
v -3.972450 -1.130744 -18.356251
v -3.972452 -0.307543 -21.581571
v 2.733998 -0.307543 -21.581573
vt -4.000000 -2.000000
vt -4.000000 2.213635
vt 6.000000 -2.000000
vt 6.000000 2.213635
vt 6.000000 -0.526586
vt -4.000000 -0.526586
vn 0.000000 0.982164 0.188029
vn 0.000000 0.982164 0.188029
vn 0.000000 1.000000 0.000077
vn 0.000000 1.000000 0.000000
vn 0.000000 0.968932 0.247327
vn 0.000000 0.968932 0.247327
s 1
g Piso2 Pasillo Piso:Plane_9_
usemtl Piso:ProBuilderDefault
f 91/216/373 92/217/374 87/212/375 89/214/376
f 90/215/377 88/213/378 92/217/374 91/216/373
g default
v 9.440447 -2.777146 2.103276
v 9.440454 -2.777146 9.596351
v 9.440447 -2.639946 2.103276
v 9.440454 -2.639946 9.596351
v 9.105124 -2.639946 2.103276
v 9.105124 -2.639946 9.596351
v 9.105124 -2.502746 2.103276
v 9.105124 -2.502746 9.596351
v 8.769802 -2.502746 2.103276
v 8.769802 -2.502746 9.596351
v 8.769802 -2.365545 2.103276
v 8.769802 -2.365545 9.596351
v 8.434479 -2.365545 2.103276
v 8.434479 -2.365545 9.596351
v 8.434479 -2.228346 2.103276
v 8.434479 -2.228346 9.596351
v 8.099157 -2.228346 2.103276
v 8.099157 -2.228346 9.596351
v 8.099157 -2.091145 2.103276
v 8.099157 -2.091145 9.596351
v 7.763834 -2.091145 2.103276
v 7.763834 -2.091145 9.596351
v 7.763834 -1.953945 2.103276
v 7.763834 -1.953945 9.596351
v 7.428512 -1.953945 2.103276
v 7.428512 -1.953945 9.596351
v 7.428512 -1.816745 2.103276
v 7.428512 -1.816745 9.596351
v 7.093189 -1.816745 2.103276
v 7.093189 -1.816745 9.596351
v 7.093189 -1.679545 2.103276
v 7.093189 -1.679545 9.596351
v 6.757860 -1.679545 2.103276
v 6.757860 -1.679545 9.596351
v 6.757860 -1.542344 2.103276
v 6.757860 -1.542344 9.596351
v 6.422539 -1.542344 2.103276
v 6.422540 -1.542344 9.596351
v 6.422539 -1.405145 2.103276
v 6.422540 -1.405145 9.596351
v 6.087216 -1.405145 2.103276
v 6.087217 -1.405145 9.596351
v 6.087216 -1.267944 2.103276
v 6.087217 -1.267944 9.596351
v 5.751892 -1.267944 2.103276
v 5.751893 -1.267944 9.596351
v 5.751892 -1.130745 2.103276
v 5.751893 -1.130745 9.596351
v 5.416569 -1.130745 2.103276
v 5.416570 -1.130745 9.596351
v 9.105124 -2.777146 9.596351
v 8.769802 -2.777146 9.596351
v 8.434479 -2.777146 9.596351
v 8.099157 -2.777146 9.596351
v 7.763834 -2.777146 9.596351
v 7.428512 -2.777146 9.596351
v 7.093189 -2.777146 9.596351
v 6.757860 -2.777146 9.596351
v 6.422540 -2.777146 9.596351
v 6.087217 -2.777146 9.596351
v 5.751893 -2.777146 9.596351
v 5.416570 -2.777146 9.596351
v 9.105124 -2.777146 2.103276
v 8.769802 -2.777146 2.103276
v 8.434479 -2.777146 2.103276
v 8.099157 -2.777146 2.103276
v 7.763834 -2.777146 2.103276
v 7.428512 -2.777146 2.103276
v 7.093189 -2.777146 2.103276
v 6.757860 -2.777146 2.103276
v 6.422539 -2.777146 2.103276
v 6.087216 -2.777146 2.103276
v 5.751892 -2.777146 2.103276
v 5.416569 -2.777146 2.103276
vt 2.499999 -1.583334
vt 2.499999 -1.416667
vt 1.999997 -1.416667
vt 1.999997 -1.250000
vt 1.499996 -1.250000
vt 1.499996 -1.083334
vt 0.999995 -1.083334
vt 0.999995 -0.916667
vt 0.499994 -0.916667
vt 0.499994 -0.750000
vt -0.000008 -0.750000
vt -0.000008 -0.583334
vt -0.500009 -0.583334
vt -0.500009 -0.416667
vt -1.000010 -0.416667
vt -1.000010 -0.250001
vt -1.500011 -0.250001
vt -1.500011 -0.083334
vt -2.000012 -0.083334
vt -2.000012 0.083333
vt -2.500014 0.083333
vt -2.500014 0.249999
vt -3.000001 0.249999
vt -1.999997 -1.416667
vt -2.499999 -1.416667
vt -2.499999 -1.583334
vt -1.499996 -1.250000
vt -1.999997 -1.250000
vt -0.999995 -1.083334
vt -1.499996 -1.083334
vt -0.499994 -0.916667
vt -0.999995 -0.916667
vt -0.499994 -0.750000
vt 0.500009 -0.583334
vt 1.000010 -0.416667
vt 0.500009 -0.416667
vt 1.500011 -0.250001
vt 1.000010 -0.250001
vt 2.000012 -0.083334
vt 1.500011 -0.083334
vt 2.500014 0.083333
vt 2.000012 0.083333
vt 3.000015 0.249999
vt 2.500014 0.249999
vt -3.000001 -1.583334
vt -3.000001 -1.750000
vt 3.969652 -1.750000
vt 3.969652 -1.583334
vt 3.000001 2.499999
vt 3.000001 3.000000
vt -3.969652 3.000000
vt -3.969652 2.499999
vt -3.000001 -1.416667
vt 3.969652 -1.416667
vt 3.000001 1.999997
vt -3.969652 1.999997
vt -3.000001 -1.250000
vt 3.969652 -1.250000
vt 3.000001 1.499996
vt -3.969652 1.499996
vt -3.000001 -1.083334
vt 3.969652 -1.083334
vt 3.000001 0.999995
vt -3.969652 0.999995
vt -3.000001 -0.916667
vt 3.969652 -0.916667
vt 3.000001 0.499994
vt -3.969652 0.499994
vt -3.000001 -0.750000
vt 3.969652 -0.750000
vt 3.000001 -0.000008
vt -3.969652 -0.000008
vt -3.000001 -0.583334
vt 3.969652 -0.583334
vt 3.000001 -0.500009
vt -3.969652 -0.500009
vt -3.000001 -0.416667
vt 3.969652 -0.416667
vt 3.000001 -1.000010
vt -3.969652 -1.000010
vt -3.000001 -0.250001
vt 3.969652 -0.250001
vt 3.000001 -1.500011
vt -3.969652 -1.500011
vt -3.000001 -0.083334
vt 3.969652 -0.083334
vt 3.000001 -2.000013
vt -3.969652 -2.000013
vt -3.000001 0.083333
vt 3.969652 0.083333
vt 3.000001 -2.500014
vt -3.969652 -2.500014
vt 3.969652 0.249999
vt 3.000001 -3.000015
vt -3.969652 -3.000015
vt 2.499999 -1.750000
vt 3.000000 -1.750000
vt 3.000000 -1.583334
vt 1.999997 -1.750000
vt 1.499996 -1.750000
vt 0.999995 -1.750000
vt 0.499994 -1.750000
vt -0.000008 -1.750000
vt -0.500009 -1.750000
vt -1.000010 -1.750000
vt -1.500011 -1.750000
vt -2.000012 -1.750000
vt -2.500014 -1.750000
vt -2.499999 -1.750000
vt -1.999997 -1.750000
vt -1.499996 -1.750000
vt -0.999995 -1.750000
vt -0.499994 -1.750000
vt 0.500009 -1.750000
vt 1.000010 -1.750000
vt 1.500011 -1.750000
vt 2.000012 -1.750000
vt 2.500014 -1.750000
vt -3.969652 0.249999
vt -3.969652 -1.750000
vt -0.000008 -0.750000
vt -0.000008 -0.583334
vt -0.000008 -0.750000
vt -3.000001 -1.583334
vt 3.969652 -1.583334
vt 3.969652 -1.583334
vt 3.000001 2.499999
vt -3.969652 2.499999
vt -3.969652 2.499999
vt -3.000001 -1.416667
vt 3.969652 -1.416667
vt 3.969652 -1.416667
vt 3.000001 1.999997
vt -3.969652 1.999997
vt -3.969652 1.999997
vt -3.000001 -1.250000
vt 3.969652 -1.250000
vt 3.969652 -1.250000
vt 3.000001 1.499996
vt -3.969652 1.499996
vt -3.969652 1.499996
vt -3.000001 -1.083334
vt 3.969652 -1.083334
vt 3.969652 -1.083334
vt 3.000001 0.999995
vt -3.969652 0.999995
vt -3.969652 0.999995
vt -3.000001 -0.916667
vt 3.969652 -0.916667
vt 3.969652 -0.916667
vt 3.000001 0.499994
vt -3.969652 0.499994
vt -3.969652 0.499994
vt -3.000001 -0.750000
vt 3.969652 -0.750000
vt 3.969652 -0.750000
vt 3.000001 -0.000008
vt -3.969652 -0.000008
vt -3.969652 -0.000008
vt -3.000001 -0.583334
vt 3.969652 -0.583334
vt 3.969652 -0.583334
vt 3.000001 -0.500009
vt -3.969652 -0.500009
vt -3.969652 -0.500009
vt -3.000001 -0.416667
vt 3.969652 -0.416667
vt 3.969652 -0.416667
vt 3.000001 -1.000010
vt -3.969652 -1.000010
vt -3.969652 -1.000010
vt -3.000001 -0.250001
vt 3.969652 -0.250001
vt 3.969652 -0.250001
vt 3.000001 -1.500011
vt -3.969652 -1.500011
vt -3.969652 -1.500011
vt -3.000001 -0.083334
vt 3.969652 -0.083334
vt 3.969652 -0.083334
vt 3.000001 -2.000013
vt -3.969652 -2.000013
vt -3.969652 -2.000013
vt -3.000001 0.249999
vt -3.000001 0.083333
vt 3.969652 0.083333
vt 3.969652 0.083333
vt -3.000001 0.249999
vt 3.000001 -2.500014
vt -3.969652 -2.500014
vt -3.969652 -2.500014
vt -3.000001 -1.750000
vt -3.000001 -1.583334
vt -3.000001 -1.750000
vt -3.000001 -1.583334
vt -0.000008 -1.750000
vt -0.000008 -1.750000
vt -0.000008 -0.750000
vt -0.000008 -0.750000
vt -0.000008 -1.750000
vt -0.000008 -0.750000
vt 3.000000 -1.750000
vt 3.000000 -1.750000
vt 3.000000 -1.750000
vt 3.000000 -1.750000
vt 3.000015 0.249999
vn 0.000000 0.000000 1.000000
vn 0.000000 0.000000 1.000000
vn 0.000000 0.000000 1.000000
vn 0.000000 0.000000 1.000000
vn 0.000000 0.000000 1.000000
vn 0.000000 0.000000 1.000000
vn 0.000000 0.000000 1.000000
vn 0.000000 0.000000 1.000000
vn 0.000000 0.000000 1.000000
vn 0.000000 0.000000 1.000000
vn 0.000000 0.000000 1.000000
vn 0.000000 0.000000 1.000000
vn 0.000000 0.000000 1.000000
vn 0.000000 0.000000 1.000000
vn 0.000000 0.000000 1.000000
vn 0.000000 0.000000 1.000000
vn 0.000000 0.000000 1.000000
vn 0.000000 0.000000 1.000000
vn 0.000000 0.000000 1.000000
vn 0.000000 0.000000 1.000000
vn 0.000000 0.000000 1.000000
vn 0.000000 0.000000 1.000000
vn 0.000000 0.000000 1.000000
vn 0.000000 0.000000 1.000000
vn 0.000000 0.000000 1.000000
vn 0.000000 0.000000 1.000000
vn 0.000000 0.000000 1.000000
vn 0.000000 0.000000 1.000000
vn 0.000000 0.000000 1.000000
vn 0.000000 0.000000 1.000000
vn 0.000000 0.000000 1.000000
vn 0.000000 0.000000 1.000000
vn 0.000000 0.000000 1.000000
vn -0.000000 0.000000 -1.000000
vn -0.000000 0.000000 -1.000000
vn -0.000000 0.000000 -1.000000
vn -0.000000 0.000000 -1.000000
vn -0.000000 0.000000 -1.000000
vn -0.000000 0.000000 -1.000000
vn -0.000000 0.000000 -1.000000
vn -0.000000 0.000000 -1.000000
vn -0.000000 0.000000 -1.000000
vn -0.000000 0.000000 -1.000000
vn -0.000000 0.000000 -1.000000
vn -0.000000 0.000000 -1.000000
vn -0.000000 0.000000 -1.000000
vn -0.000000 0.000000 -1.000000
vn -0.000000 0.000000 -1.000000
vn -0.000000 0.000000 -1.000000
vn -0.000000 0.000000 -1.000000
vn -0.000000 0.000000 -1.000000
vn -0.000000 0.000000 -1.000000
vn -0.000000 0.000000 -1.000000
vn -0.000000 0.000000 -1.000000
vn -0.000000 0.000000 -1.000000
vn -0.000000 0.000000 -1.000000
vn -0.000000 0.000000 -1.000000
vn -0.000000 0.000000 -1.000000
vn -0.000000 0.000000 -1.000000
vn -0.000000 0.000000 -1.000000
vn -0.000000 0.000000 -1.000000
vn -0.000000 0.000000 -1.000000
vn -0.000000 0.000000 -1.000000
vn -0.000000 0.000000 -1.000000
vn -0.000000 0.000000 -1.000000
vn -0.000000 0.000000 -1.000000
vn 1.000000 0.000000 -0.000000
vn 1.000000 0.000000 -0.000000
vn 1.000000 0.000000 -0.000000
vn 1.000000 0.000000 -0.000000
vn 1.000000 0.000000 -0.000000
vn 1.000000 0.000000 -0.000000
vn 0.000000 1.000000 0.000000
vn 0.000000 1.000000 0.000000
vn 0.000000 1.000000 0.000000
vn 0.000000 1.000000 0.000000
vn 0.000000 1.000000 0.000000
vn 0.000000 1.000000 0.000000
vn 1.000000 0.000000 -0.000000
vn 1.000000 0.000000 -0.000000
vn 1.000000 0.000000 -0.000000
vn 1.000000 0.000000 -0.000000
vn 1.000000 0.000000 -0.000000
vn 1.000000 0.000000 -0.000000
vn 0.000000 1.000000 0.000000
vn 0.000000 1.000000 0.000000
vn 0.000000 1.000000 0.000000
vn 0.000000 1.000000 0.000000
vn 0.000000 1.000000 0.000000
vn 0.000000 1.000000 0.000000
vn 1.000000 0.000000 -0.000000
vn 1.000000 0.000000 -0.000000
vn 1.000000 0.000000 -0.000000
vn 1.000000 0.000000 -0.000000
vn 1.000000 0.000000 -0.000000
vn 1.000000 0.000000 -0.000000
vn 0.000000 1.000000 0.000000
vn 0.000000 1.000000 0.000000
vn 0.000000 1.000000 0.000000
vn 0.000000 1.000000 0.000000
vn 0.000000 1.000000 0.000000
vn 0.000000 1.000000 0.000000
vn 1.000000 0.000000 -0.000000
vn 1.000000 0.000000 -0.000000
vn 1.000000 0.000000 -0.000000
vn 1.000000 0.000000 -0.000000
vn 1.000000 0.000000 -0.000000
vn 1.000000 0.000000 -0.000000
vn 0.000000 1.000000 0.000000
vn 0.000000 1.000000 0.000000
vn 0.000000 1.000000 0.000000
vn 0.000000 1.000000 0.000000
vn 0.000000 1.000000 0.000000
vn 0.000000 1.000000 0.000000
vn 1.000000 0.000000 -0.000000
vn 1.000000 0.000000 -0.000000
vn 1.000000 0.000000 -0.000000
vn 1.000000 0.000000 -0.000000
vn 1.000000 0.000000 -0.000000
vn 1.000000 0.000000 -0.000000
vn 0.000000 1.000000 0.000000
vn 0.000000 1.000000 0.000000
vn 0.000000 1.000000 0.000000
vn 0.000000 1.000000 0.000000
vn 0.000000 1.000000 0.000000
vn 0.000000 1.000000 0.000000
vn 1.000000 0.000000 -0.000000
vn 1.000000 0.000000 -0.000000
vn 1.000000 0.000000 -0.000000
vn 1.000000 0.000000 -0.000000
vn 1.000000 0.000000 -0.000000
vn 1.000000 0.000000 -0.000000
vn 0.000000 1.000000 0.000000
vn 0.000000 1.000000 0.000000
vn 0.000000 1.000000 0.000000
vn 0.000000 1.000000 0.000000
vn 0.000000 1.000000 0.000000
vn 0.000000 1.000000 0.000000
vn 1.000000 0.000000 -0.000000
vn 1.000000 0.000000 -0.000000
vn 1.000000 0.000000 -0.000000
vn 1.000000 0.000000 -0.000000
vn 1.000000 0.000000 -0.000000
vn 1.000000 0.000000 -0.000000
vn 0.000000 1.000000 0.000000
vn 0.000000 1.000000 0.000000
vn 0.000000 1.000000 0.000000
vn 0.000000 1.000000 0.000000
vn 0.000000 1.000000 0.000000
vn 0.000000 1.000000 0.000000
vn 1.000000 0.000000 -0.000000
vn 1.000000 0.000000 -0.000000
vn 1.000000 0.000000 -0.000000
vn 1.000000 0.000000 -0.000000
vn 1.000000 0.000000 -0.000000
vn 1.000000 0.000000 -0.000000
vn 0.000000 1.000000 0.000000
vn 0.000000 1.000000 0.000000
vn 0.000000 1.000000 0.000000
vn 0.000000 1.000000 0.000000
vn 0.000000 1.000000 0.000000
vn 0.000000 1.000000 0.000000
vn 1.000000 0.000000 -0.000000
vn 1.000000 0.000000 -0.000000
vn 1.000000 0.000000 -0.000000
vn 1.000000 0.000000 -0.000000
vn 1.000000 0.000000 -0.000000
vn 1.000000 0.000000 -0.000000
vn 0.000000 1.000000 0.000000
vn 0.000000 1.000000 0.000000
vn 0.000000 1.000000 0.000000
vn 0.000000 1.000000 0.000000
vn 0.000000 1.000000 0.000000
vn 0.000000 1.000000 0.000000
vn 1.000000 0.000000 -0.000000
vn 1.000000 0.000000 -0.000000
vn 1.000000 0.000000 -0.000000
vn 1.000000 0.000000 -0.000000
vn 1.000000 0.000000 -0.000000
vn 1.000000 0.000000 -0.000000
vn 0.000000 1.000000 0.000000
vn 0.000000 1.000000 0.000000
vn 0.000000 1.000000 0.000000
vn 0.000000 1.000000 0.000000
vn 0.000000 1.000000 0.000000
vn 0.000000 1.000000 0.000000
vn 1.000000 0.000000 -0.000000
vn 1.000000 0.000000 -0.000000
vn 1.000000 0.000000 -0.000000
vn 1.000000 0.000000 -0.000000
vn 1.000000 0.000000 -0.000000
vn 1.000000 0.000000 -0.000000
vn 0.000000 1.000000 0.000000
vn 0.000000 1.000000 0.000000
vn 0.000000 1.000000 0.000000
vn 0.000000 1.000000 0.000000
vn 0.000000 1.000000 0.000000
vn 0.000000 1.000000 0.000000
vn 1.000000 0.000000 -0.000000
vn 1.000000 0.000000 -0.000000
vn 1.000000 0.000000 -0.000000
vn 1.000000 0.000000 -0.000000
vn 1.000000 0.000000 -0.000000
vn 1.000000 0.000000 -0.000000
vn 0.000000 1.000000 0.000000
vn 0.000000 1.000000 0.000000
vn 0.000000 1.000000 0.000000
vn 0.000000 1.000000 0.000000
vn 0.000000 1.000000 0.000000
vn 0.000000 1.000000 0.000000
vn 0.000000 0.000000 1.000000
vn 0.000000 0.000000 1.000000
vn 0.000000 0.000000 1.000000
vn 0.000000 0.000000 1.000000
vn 0.000000 0.000000 1.000000
vn 0.000000 0.000000 1.000000
vn 0.000000 0.000000 1.000000
vn 0.000000 0.000000 1.000000
vn 0.000000 0.000000 1.000000
vn 0.000000 0.000000 1.000000
vn 0.000000 0.000000 1.000000
vn 0.000000 0.000000 1.000000
vn 0.000000 0.000000 1.000000
vn 0.000000 0.000000 1.000000
vn 0.000000 0.000000 1.000000
vn 0.000000 0.000000 1.000000
vn 0.000000 0.000000 1.000000
vn 0.000000 0.000000 1.000000
vn 0.000000 0.000000 1.000000
vn 0.000000 0.000000 1.000000
vn 0.000000 0.000000 1.000000
vn 0.000000 0.000000 1.000000
vn 0.000000 0.000000 1.000000
vn 0.000000 0.000000 1.000000
vn 0.000000 0.000000 1.000000
vn 0.000000 0.000000 1.000000
vn 0.000000 0.000000 1.000000
vn 0.000000 0.000000 1.000000
vn 0.000000 0.000000 1.000000
vn 0.000000 0.000000 1.000000
vn 0.000000 0.000000 1.000000
vn 0.000000 0.000000 1.000000
vn 0.000000 0.000000 1.000000
vn 0.000000 0.000000 1.000000
vn 0.000000 0.000000 1.000000
vn 0.000000 0.000000 1.000000
vn 0.000000 0.000000 1.000000
vn 0.000000 0.000000 1.000000
vn 0.000000 0.000000 1.000000
vn 0.000000 0.000000 1.000000
vn 0.000000 0.000000 1.000000
vn 0.000000 0.000000 1.000000
vn 0.000000 0.000000 1.000000
vn 0.000000 0.000000 1.000000
vn 0.000000 0.000000 1.000000
vn 0.000000 0.000000 1.000000
vn 0.000000 0.000000 1.000000
vn 0.000000 0.000000 1.000000
vn 0.000000 0.000000 1.000000
vn 0.000000 0.000000 1.000000
vn 0.000000 0.000000 1.000000
vn 0.000000 0.000000 1.000000
vn 0.000000 0.000000 1.000000
vn 0.000000 0.000000 1.000000
vn 0.000000 0.000000 1.000000
vn 0.000000 0.000000 1.000000
vn 0.000000 0.000000 1.000000
vn 0.000000 0.000000 1.000000
vn 0.000000 0.000000 1.000000
vn 0.000000 0.000000 1.000000
vn 0.000000 0.000000 1.000000
vn 0.000000 0.000000 1.000000
vn 0.000000 0.000000 1.000000
vn 0.000000 0.000000 1.000000
vn 0.000000 0.000000 1.000000
vn 0.000000 0.000000 1.000000
vn 0.000000 0.000000 1.000000
vn 0.000000 0.000000 1.000000
vn 0.000000 0.000000 1.000000
vn 0.000000 0.000000 1.000000
vn 0.000000 0.000000 1.000000
vn 0.000000 0.000000 1.000000
vn -0.000000 0.000000 -1.000000
vn -0.000000 0.000000 -1.000000
vn -0.000000 0.000000 -1.000000
vn -0.000000 0.000000 -1.000000
vn -0.000000 0.000000 -1.000000
vn -0.000000 0.000000 -1.000000
vn -0.000000 0.000000 -1.000000
vn -0.000000 0.000000 -1.000000
vn -0.000000 0.000000 -1.000000
vn -0.000000 0.000000 -1.000000
vn -0.000000 0.000000 -1.000000
vn -0.000000 0.000000 -1.000000
vn -0.000000 0.000000 -1.000000
vn -0.000000 0.000000 -1.000000
vn -0.000000 0.000000 -1.000000
vn -0.000000 0.000000 -1.000000
vn -0.000000 0.000000 -1.000000
vn -0.000000 0.000000 -1.000000
vn -0.000000 0.000000 -1.000000
vn -0.000000 0.000000 -1.000000
vn -0.000000 0.000000 -1.000000
vn -0.000000 0.000000 -1.000000
vn -0.000000 0.000000 -1.000000
vn -0.000000 0.000000 -1.000000
vn -0.000000 0.000000 -1.000000
vn -0.000000 0.000000 -1.000000
vn -0.000000 0.000000 -1.000000
vn -0.000000 0.000000 -1.000000
vn -0.000000 0.000000 -1.000000
vn -0.000000 0.000000 -1.000000
vn -0.000000 0.000000 -1.000000
vn -0.000000 0.000000 -1.000000
vn -0.000000 0.000000 -1.000000
vn -0.000000 0.000000 -1.000000
vn -0.000000 0.000000 -1.000000
vn -0.000000 0.000000 -1.000000
vn -0.000000 0.000000 -1.000000
vn -0.000000 0.000000 -1.000000
vn -0.000000 0.000000 -1.000000
vn -0.000000 0.000000 -1.000000
vn -0.000000 0.000000 -1.000000
vn -0.000000 0.000000 -1.000000
vn -0.000000 0.000000 -1.000000
vn -0.000000 0.000000 -1.000000
vn -0.000000 0.000000 -1.000000
vn -0.000000 0.000000 -1.000000
vn -0.000000 0.000000 -1.000000
vn -0.000000 0.000000 -1.000000
vn -0.000000 0.000000 -1.000000
vn -0.000000 0.000000 -1.000000
vn -0.000000 0.000000 -1.000000
vn -0.000000 0.000000 -1.000000
vn -0.000000 0.000000 -1.000000
vn -0.000000 0.000000 -1.000000
vn -0.000000 0.000000 -1.000000
vn -0.000000 0.000000 -1.000000
vn -0.000000 0.000000 -1.000000
vn -0.000000 0.000000 -1.000000
vn -0.000000 0.000000 -1.000000
vn -0.000000 0.000000 -1.000000
vn -0.000000 0.000000 -1.000000
vn -0.000000 0.000000 -1.000000
vn -0.000000 0.000000 -1.000000
vn -0.000000 0.000000 -1.000000
vn -0.000000 0.000000 -1.000000
vn -0.000000 0.000000 -1.000000
vn -0.000000 0.000000 -1.000000
vn -0.000000 0.000000 -1.000000
vn -0.000000 0.000000 -1.000000
vn -0.000000 0.000000 -1.000000
vn -0.000000 0.000000 -1.000000
vn -0.000000 0.000000 -1.000000
vn -1.000000 0.000000 0.000000
vn -1.000000 0.000000 0.000000
vn -1.000000 0.000000 0.000000
vn -1.000000 0.000000 0.000000
vn -1.000000 0.000000 0.000000
vn -1.000000 0.000000 0.000000
s off
g Piso2 Pasillo Piso:Stairs
usemtl Piso:ProBuilderDefault
f 98/218/379 100/219/380 102/220/381
f 102/220/382 104/221/383 106/222/384
f 106/222/385 108/223/386 110/224/387
f 110/224/388 112/225/389 114/226/390
f 114/226/391 116/227/392 118/228/393
f 118/228/394 120/229/395 122/230/396
f 122/230/397 124/231/398 126/232/399
f 126/232/400 128/233/401 130/234/402
f 130/234/403 132/235/404 134/236/405
f 134/236/406 136/237/407 138/238/408
f 138/238/409 140/239/410 142/240/411
f 101/241/412 99/242/413 97/243/414
f 105/244/415 103/245/416 101/241/417
f 109/246/418 107/247/419 105/244/420
f 113/248/421 111/249/422 109/246/423
f 117/338/424 115/250/425 113/248/426
f 121/251/427 119/339/428 117/340/429
f 125/252/430 123/253/431 121/251/432
f 129/254/433 127/255/434 125/252/435
f 133/256/436 131/257/437 129/254/438
f 137/258/439 135/259/440 133/256/441
f 141/260/442 139/261/443 137/258/444
f 96/262/445 94/263/446 93/264/447
f 93/264/448 95/265/449 96/262/450
f 98/266/451 96/267/452 95/268/453
f 95/268/454 97/269/455 98/266/456
f 100/270/457 98/341/458 97/342/459
f 97/343/460 99/271/461 100/270/462
f 102/272/463 100/344/464 99/345/465
f 99/346/466 101/273/467 102/272/468
f 104/274/469 102/347/470 101/348/471
f 101/349/472 103/275/473 104/274/474
f 106/276/475 104/350/476 103/351/477
f 103/352/478 105/277/479 106/276/480
f 108/278/481 106/353/482 105/354/483
f 105/355/484 107/279/485 108/278/486
f 110/280/487 108/356/488 107/357/489
f 107/358/490 109/281/491 110/280/492
f 112/282/493 110/359/494 109/360/495
f 109/361/496 111/283/497 112/282/498
f 114/284/499 112/362/500 111/363/501
f 111/364/502 113/285/503 114/284/504
f 116/286/505 114/365/506 113/366/507
f 113/367/508 115/287/509 116/286/510
f 118/288/511 116/368/512 115/369/513
f 115/370/514 117/289/515 118/288/516
f 120/290/517 118/371/518 117/372/519
f 117/373/520 119/291/521 120/290/522
f 122/292/523 120/374/524 119/375/525
f 119/376/526 121/293/527 122/292/528
f 124/294/529 122/377/530 121/378/531
f 121/379/532 123/295/533 124/294/534
f 126/296/535 124/380/536 123/381/537
f 123/382/538 125/297/539 126/296/540
f 128/298/541 126/383/542 125/384/543
f 125/385/544 127/299/545 128/298/546
f 130/300/547 128/386/548 127/387/549
f 127/388/550 129/301/551 130/300/552
f 132/302/553 130/389/554 129/390/555
f 129/391/556 131/303/557 132/302/558
f 134/304/559 132/392/560 131/393/561
f 131/394/562 133/305/563 134/304/564
f 136/306/565 134/395/566 133/396/567
f 133/397/568 135/307/569 136/306/570
f 138/308/571 136/398/572 135/399/573
f 135/400/574 137/309/575 138/308/576
f 140/401/577 138/402/578 137/403/579
f 137/404/580 139/310/581 140/405/582
f 142/311/583 140/406/584 139/407/585
f 139/408/586 141/312/587 142/311/588
f 98/218/589 143/313/590 94/314/591
f 94/314/592 96/315/593 98/218/594
f 102/220/595 144/316/596 143/313/597
f 143/313/598 98/218/599 102/220/600
f 106/222/601 145/317/602 144/316/603
f 144/316/604 102/220/605 106/222/606
f 110/224/607 146/318/608 145/317/609
f 145/317/610 106/222/611 110/224/612
f 114/226/613 147/319/614 146/318/615
f 146/318/616 110/224/617 114/226/618
f 118/228/619 148/320/620 147/319/621
f 147/319/622 114/226/623 118/228/624
f 122/230/625 149/321/626 148/320/627
f 148/320/628 118/228/629 122/230/630
f 126/232/631 150/322/632 149/321/633
f 149/321/634 122/230/635 126/232/636
f 130/234/637 151/323/638 150/322/639
f 150/322/640 126/232/641 130/234/642
f 134/236/643 152/324/644 151/323/645
f 151/323/646 130/234/647 134/236/648
f 138/238/649 153/325/650 152/324/651
f 152/324/652 134/236/653 138/238/654
f 142/240/655 154/409/656 153/325/657
f 153/325/658 138/238/659 142/240/660
f 95/410/661 93/411/662 155/326/663
f 155/326/664 97/243/665 95/412/666
f 97/243/667 155/326/668 156/327/669
f 156/327/670 101/241/671 97/243/672
f 101/241/673 156/327/674 157/328/675
f 157/328/676 105/244/677 101/241/678
f 105/244/679 157/328/680 158/329/681
f 158/329/682 109/246/683 105/244/684
f 109/246/685 158/329/686 159/330/687
f 159/330/688 113/248/689 109/246/690
f 113/248/691 159/330/692 160/413/693
f 160/414/694 117/415/695 113/248/696
f 117/416/697 160/417/698 161/331/699
f 161/331/700 121/251/701 117/418/702
f 121/251/703 161/331/704 162/332/705
f 162/332/706 125/252/707 121/251/708
f 125/252/709 162/332/710 163/333/711
f 163/333/712 129/254/713 125/252/714
f 129/254/715 163/333/716 164/334/717
f 164/334/718 133/256/719 129/254/720
f 133/256/721 164/334/722 165/335/723
f 165/335/724 137/258/725 133/256/726
f 137/258/727 165/335/728 166/419/729
f 166/420/730 141/260/731 137/258/732
f 141/336/733 166/337/734 154/421/735
f 154/422/736 142/423/737 141/336/738
g default
v 5.416580 -1.130745 2.070649
v 5.416580 -1.130745 9.596349
v 2.734000 -1.130745 2.070649
v 2.734000 -1.130745 9.596349
vt -1.000000 -5.000000
vt -1.000000 2.000000
vt 3.000000 -5.000000
vt 3.000000 2.000000
vn 0.000000 1.000000 0.000000
vn 0.000000 1.000000 0.000000
vn 0.000000 1.000000 0.000000
vn 0.000000 1.000000 0.000000
s off
g Piso2 Pasillo Piso:Plane_5_
usemtl Piso:ProBuilderDefault
f 170/427/739 168/425/740 167/424/741 169/426/742
g default
v 12.123027 -2.777146 2.070649
v 12.123027 -2.777146 9.596349
v 9.440447 -2.777146 2.070649
v 9.440447 -2.777146 9.596349
vt -3.000000 -4.000000
vt -3.000000 3.000000
vt 1.000000 -4.000000
vt 1.000000 3.000000
vn 0.000000 1.000000 0.000000
vn 0.000000 1.000000 0.000000
vn 0.000000 1.000000 0.000000
vn 0.000000 1.000000 0.000000
s off
g Piso2 Pasillo Piso:Plane_6_
usemtl Piso:ProBuilderDefault
f 174/431/743 172/429/744 171/428/745 173/430/746
g default
v -3.972451 -1.130744 -18.356261
v -3.972519 -1.130744 -11.905661
v -3.972452 4.455355 -18.356261
v -3.972519 4.455355 -11.905661
v -4.307842 -1.130744 -11.905661
v -4.307842 4.455355 -11.905661
v -4.307773 -1.130744 -18.356261
v -4.307774 4.455355 -18.356261
v -4.307772 -0.307461 -22.656651
v -3.972450 -0.307461 -22.656651
v -4.307772 5.278638 -22.656651
v -3.972450 5.278638 -22.656651
v -4.307774 -0.307543 -21.581571
v -3.972452 -0.307543 -21.581571
v -4.307774 5.278556 -21.581571
v -3.972452 5.278556 -21.581571
vt 6.000001 1.000000
vt 0.000004 1.000000
vt 0.000000 -5.785827
vt 6.000001 -5.785827
vt 0.500000 1.000000
vt 0.500000 -5.785827
vt 0.000000 0.500000
vt 6.000002 0.499916
vt 5.999998 0.999916
vt 0.000000 0.999916
vt 0.000000 0.499916
vt 6.000000 0.500000
vt 3.162287 0.499990
vt 3.162288 0.999991
vt 3.000011 -6.785827
vt 3.000010 0.000000
vt 3.000010 -5.785827
vt 3.000010 1.000000
vt 0.000000 0.000000
vt 0.000000 -6.785827
vt 3.162287 0.500000
vt 3.162288 1.000000
vt 0.502707 0.499999
vt 0.502707 0.999999
vt 0.502709 -5.785827
vt 0.502707 1.000000
vt 0.502707 0.500000
vt 0.000004 1.000000
vt 0.000000 -5.785827
vt 6.000001 1.000000
vt 0.000004 1.000000
vt 0.000000 -5.785827
vt 6.000001 -5.785827
vt 0.500000 1.000000
vt 0.000004 1.000000
vt 0.000000 -5.785827
vt 0.500000 -5.785827
vt 0.000004 1.000000
vt 6.000001 1.000000
vt 0.000004 1.000000
vt 0.000000 0.500000
vt 0.000004 1.000000
vt 0.000000 -5.785827
vt 0.000000 0.999916
vt 0.000000 0.499916
vt 0.000004 1.000000
vt 0.000000 0.500000
vt 0.000004 1.000000
vt 0.000000 -5.785827
vt 0.502709 -5.785827
vt 0.502707 1.000000
vt 0.000004 1.000000
vt 0.000000 -5.785827
vt 0.000000 0.999916
vt 0.000000 0.499916
vt 0.502707 1.000000
vn 1.000000 0.000000 0.000011
vn 1.000000 0.000000 0.000011
vn 1.000000 0.000000 0.000011
vn 1.000000 0.000000 0.000011
vn -0.000005 0.000001 1.000000
vn -0.000005 0.000001 1.000000
vn -0.000005 0.000001 1.000000
vn -0.000005 0.000001 1.000000
vn -1.000000 0.000000 -0.000011
vn -1.000000 0.000000 -0.000011
vn -1.000000 0.000000 -0.000011
vn -1.000000 0.000000 -0.000011
vn 0.000005 -0.000000 -1.000000
vn 0.000005 -0.000000 -1.000000
vn 0.000005 -0.000000 -1.000000
vn 0.000005 -0.000000 -1.000000
vn 0.000000 1.000000 0.000000
vn 0.000000 1.000000 0.000000
vn 0.000000 1.000000 0.000000
vn 0.000000 1.000000 0.000000
vn 0.000000 -1.000000 0.000000
vn 0.000000 -1.000000 0.000000
vn 0.000000 -1.000000 0.000000
vn 0.000000 -1.000000 0.000000
vn 0.000000 -0.968938 -0.247304
vn 0.000000 -0.968938 -0.247304
vn 0.000000 -0.968938 -0.247304
vn 0.000000 -0.968938 -0.247304
vn -1.000000 0.000000 -0.000011
vn -1.000000 0.000000 -0.000011
vn -1.000000 0.000000 -0.000011
vn -1.000000 0.000000 -0.000011
vn 1.000000 0.000000 0.000011
vn 1.000000 0.000000 0.000011
vn 1.000000 0.000000 0.000011
vn 1.000000 0.000000 0.000011
vn -0.000002 0.968938 0.247304
vn -0.000002 0.968938 0.247304
vn -0.000002 0.968938 0.247304
vn -0.000002 0.968938 0.247304
vn 0.000000 -1.000000 0.000000
vn 0.000000 -1.000000 0.000000
vn 0.000000 -1.000000 0.000000
vn 0.000000 -1.000000 0.000000
vn -1.000000 0.000000 -0.000011
vn -1.000000 0.000000 -0.000011
vn -1.000000 0.000000 -0.000011
vn -1.000000 0.000000 -0.000011
vn 1.000000 0.000000 0.000011
vn 1.000000 0.000000 0.000011
vn 1.000000 0.000000 0.000011
vn 1.000000 0.000000 0.000011
vn 0.000000 1.000000 0.000000
vn 0.000000 1.000000 0.000000
vn 0.000000 1.000000 0.000000
vn 0.000000 1.000000 0.000000
s off
g Pasillo Piso:Cube_24_ Paredes1
usemtl Piso:ProBuilderDefault
f 177/432/747 178/433/748 176/434/749 175/435/750
f 178/436/751 180/459/752 179/460/753 176/437/754
f 180/461/755 182/462/756 181/463/757 179/464/758
f 185/465/759 186/466/760 184/467/761 183/468/762
f 182/438/763 180/439/764 178/440/765 177/469/766
f 175/470/767 176/441/768 179/442/769 181/443/770
f 187/444/771 188/445/772 175/471/773 181/472/774
f 189/473/775 187/474/776 181/446/777 182/447/778
f 188/448/779 190/449/780 177/450/781 175/451/782
f 190/475/783 189/476/784 182/452/785 177/453/786
f 183/454/787 184/455/788 188/477/789 187/478/790
f 185/479/791 183/480/792 187/456/793 189/457/794
f 184/481/795 186/482/796 190/483/797 188/484/798
f 186/485/799 185/486/800 189/458/801 190/487/802
g default
v 3.069393 -1.130744 -18.356251
v 3.069324 -1.130744 2.070646
v 3.069393 4.455355 -18.356251
v 3.069324 4.455355 2.070646
v 2.734002 -1.130744 2.070644
v 2.734002 4.455355 2.070644
v 2.734071 -1.130744 -18.356251
v 2.734070 4.455355 -18.356261
v 2.734071 -0.307502 -22.659563
v 3.069394 -0.307502 -22.659563
v 2.734071 5.278597 -22.659563
v 3.069393 5.278597 -22.659563
v 2.734070 -0.307543 -21.581561
v 3.069393 -0.307543 -21.581561
v 2.734069 5.278556 -21.581571
v 3.069392 5.278556 -21.581561
vt 19.000000 1.000000
vt 0.000000 1.000000
vt 0.000000 -5.785827
vt 19.000000 -5.785827
vt 0.499999 1.000000
vt 0.500000 -5.785827
vt 0.500001 1.000000
vt 0.000000 0.500000
vt 19.000000 0.499954
vt 19.000000 0.999953
vt 0.000000 0.999953
vt 0.000000 0.499954
vt 19.000000 0.500000
vt 3.162287 0.499990
vt 3.162288 0.999991
vt 3.000011 -6.785827
vt 3.000010 0.000000
vt 3.000010 -5.785827
vt 3.000010 1.000000
vt 0.000000 0.000000
vt 0.000000 -6.785827
vt 3.162287 0.500000
vt 3.162288 1.000000
vt 0.502707 0.499999
vt 0.502707 0.999999
vt 0.502709 -5.785827
vt 0.502707 1.000000
vt 0.502707 0.500000
vt 0.000000 1.000000
vt 0.000000 -5.785827
vt 19.000000 1.000000
vt 0.000000 1.000000
vt 0.000000 -5.785827
vt 19.000000 -5.785827
vt 0.000000 1.000000
vt 0.000000 -5.785827
vt 0.500000 -5.785827
vt 0.000000 1.000000
vt 19.000000 1.000000
vt 0.000000 1.000000
vt 0.000000 0.500000
vt 0.000000 1.000000
vt 0.000000 -5.785827
vt 0.000000 0.999953
vt 0.000000 0.499954
vt 0.000000 1.000000
vt 0.000000 0.500000
vt 0.000000 1.000000
vt 0.000000 -5.785827
vt 0.502709 -5.785827
vt 0.502707 1.000000
vt 0.000000 1.000000
vt 0.000000 -5.785827
vt 0.000000 0.999953
vt 0.000000 0.499954
vt 0.502707 1.000000
vn 1.000000 0.000000 0.000003
vn 1.000000 0.000000 0.000003
vn 1.000000 0.000000 0.000003
vn 1.000000 0.000000 0.000003
vn -0.000005 0.000000 1.000000
vn -0.000005 0.000000 1.000000
vn -0.000005 0.000000 1.000000
vn -0.000005 0.000000 1.000000
vn -1.000000 -0.000000 -0.000003
vn -1.000000 -0.000000 -0.000003
vn -1.000000 -0.000000 -0.000003
vn -1.000000 -0.000000 -0.000003
vn 0.000005 -0.000000 -1.000000
vn 0.000005 -0.000000 -1.000000
vn 0.000005 -0.000000 -1.000000
vn 0.000005 -0.000000 -1.000000
vn 0.000000 1.000000 0.000000
vn 0.000000 1.000000 0.000000
vn 0.000000 1.000000 0.000000
vn 0.000000 1.000000 0.000000
vn 0.000000 -1.000000 0.000000
vn 0.000000 -1.000000 0.000000
vn 0.000000 -1.000000 0.000000
vn 0.000000 -1.000000 0.000000
vn 0.000000 -0.968938 -0.247304
vn 0.000000 -0.968938 -0.247304
vn 0.000000 -0.968938 -0.247304
vn 0.000000 -0.968938 -0.247304
vn -1.000000 -0.000000 -0.000003
vn -1.000000 -0.000000 -0.000003
vn -1.000000 -0.000000 -0.000003
vn -1.000000 -0.000000 -0.000003
vn 1.000000 0.000000 0.000003
vn 1.000000 0.000000 0.000003
vn 1.000000 0.000000 0.000003
vn 1.000000 0.000000 0.000003
vn -0.000002 0.968938 0.247304
vn -0.000002 0.968938 0.247304
vn -0.000002 0.968938 0.247304
vn -0.000002 0.968938 0.247304
vn 0.000000 -1.000000 0.000000
vn 0.000000 -1.000000 0.000000
vn 0.000000 -1.000000 0.000000
vn 0.000000 -1.000000 0.000000
vn -1.000000 -0.000000 -0.000003
vn -1.000000 -0.000000 -0.000003
vn -1.000000 -0.000000 -0.000003
vn -1.000000 -0.000000 -0.000003
vn 1.000000 0.000000 0.000003
vn 1.000000 0.000000 0.000003
vn 1.000000 0.000000 0.000003
vn 1.000000 0.000000 0.000003
vn 0.000000 1.000000 0.000000
vn 0.000000 1.000000 0.000000
vn 0.000000 1.000000 0.000000
vn 0.000000 1.000000 0.000000
s off
g Pasillo Paredes1 Piso:Cube_25_
usemtl Piso:ProBuilderDefault
f 193/488/803 194/489/804 192/490/805 191/491/806
f 194/492/807 196/516/808 195/517/809 192/493/810
f 196/518/811 198/519/812 197/520/813 195/521/814
f 201/494/815 202/522/816 200/523/817 199/524/818
f 198/495/819 196/496/820 194/497/821 193/525/822
f 191/526/823 192/498/824 195/499/825 197/500/826
f 203/501/827 204/502/828 191/527/829 197/528/830
f 205/529/831 203/530/832 197/503/833 198/504/834
f 204/505/835 206/506/836 193/507/837 191/508/838
f 206/531/839 205/532/840 198/509/841 193/510/842
f 199/511/843 200/512/844 204/533/845 203/534/846
f 201/535/847 199/536/848 203/513/849 205/514/850
f 200/537/851 202/538/852 206/539/853 204/540/854
f 202/541/855 201/542/856 205/515/857 206/543/858
g default
v -4.311855 -1.130744 -11.905661
v -11.686741 -1.130744 -11.905802
v -4.311856 4.455355 -11.905661
v -11.686741 4.455355 -11.905802
v -11.686735 -1.130744 -12.443352
v -11.686735 4.455355 -12.443352
v -4.311852 -1.130744 -12.443211
v -4.311852 4.455355 -12.443211
vt 10.996710 1.000000
vt 0.000000 1.000000
vt 0.000004 -5.785827
vt 10.996710 -5.785827
vt 0.500000 1.000000
vt 0.500000 -5.785827
vt 0.000000 0.500000
vt 10.996700 0.499982
vt 10.996710 0.999982
vt 0.000000 0.999982
vt 0.000002 0.499982
vt 10.996700 0.500000
vt 0.000000 1.000000
vt 0.000004 -5.785827
vt 10.996710 1.000000
vt 0.000000 1.000000
vt 0.000004 -5.785827
vt 10.996710 -5.785827
vt 0.500000 1.000000
vt 0.000000 1.000000
vt 0.000004 -5.785827
vt 0.500000 -5.785827
vt 0.000000 1.000000
vt 10.996710 1.000000
vn -0.000019 0.000000 1.000000
vn -0.000019 0.000000 1.000000
vn -0.000019 0.000000 1.000000
vn -0.000019 0.000000 1.000000
vn -1.000000 -0.000000 -0.000010
vn -1.000000 -0.000000 -0.000010
vn -1.000000 -0.000000 -0.000010
vn -1.000000 -0.000000 -0.000010
vn 0.000019 0.000000 -1.000000
vn 0.000019 0.000000 -1.000000
vn 0.000019 0.000000 -1.000000
vn 0.000019 0.000000 -1.000000
vn 1.000000 0.000000 0.000006
vn 1.000000 0.000000 0.000006
vn 1.000000 0.000000 0.000006
vn 1.000000 0.000000 0.000006
vn 0.000000 1.000000 0.000000
vn 0.000000 1.000000 0.000000
vn 0.000000 1.000000 0.000000
vn 0.000000 1.000000 0.000000
vn 0.000000 -1.000000 0.000000
vn 0.000000 -1.000000 0.000000
vn 0.000000 -1.000000 0.000000
vn 0.000000 -1.000000 0.000000
s off
g Pasillo Paredes1 Piso:Cube_27_
usemtl Piso:ProBuilderDefault
f 209/544/859 210/545/860 208/546/861 207/547/862
f 210/548/863 212/556/864 211/557/865 208/549/866
f 212/558/867 214/559/868 213/560/869 211/561/870
f 214/562/871 209/563/872 207/564/873 213/565/874
f 214/550/875 212/551/876 210/552/877 209/566/878
f 207/567/879 208/553/880 211/554/881 213/555/882
g default
v -4.311871 -1.130744 -3.842273
v -11.686756 -1.130744 -3.842416
v -4.311872 4.455355 -3.842273
v -11.686756 4.455355 -3.842416
v -11.686748 -1.130744 -4.379966
v -11.686748 4.455355 -4.379966
v -4.311867 -1.130744 -4.379823
v -4.311867 4.455355 -4.379823
vt 10.996700 1.000000
vt 0.000000 1.000000
vt 0.000001 -5.785827
vt 10.996710 -5.785827
vt 0.500000 1.000000
vt 0.500000 -5.785827
vt 0.000000 0.500000
vt 10.996700 0.499982
vt 10.996700 0.999982
vt 0.000000 0.999982
vt 0.000002 0.499982
vt 10.996700 0.500000
vt 0.000000 1.000000
vt 0.000001 -5.785827
vt 10.996700 1.000000
vt 0.000000 1.000000
vt 0.000001 -5.785827
vt 10.996710 -5.785827
vt 0.500000 1.000000
vt 0.000000 1.000000
vt 0.000001 -5.785827
vt 0.500000 -5.785827
vt 0.000000 1.000000
vt 10.996700 1.000000
vn -0.000019 -0.000000 1.000000
vn -0.000019 -0.000000 1.000000
vn -0.000019 -0.000000 1.000000
vn -0.000019 -0.000000 1.000000
vn -1.000000 -0.000000 -0.000010
vn -1.000000 -0.000000 -0.000010
vn -1.000000 -0.000000 -0.000010
vn -1.000000 -0.000000 -0.000010
vn 0.000019 0.000000 -1.000000
vn 0.000019 0.000000 -1.000000
vn 0.000019 0.000000 -1.000000
vn 0.000019 0.000000 -1.000000
vn 1.000000 0.000000 0.000006
vn 1.000000 0.000000 0.000006
vn 1.000000 0.000000 0.000006
vn 1.000000 0.000000 0.000006
vn 0.000000 1.000000 0.000000
vn 0.000000 1.000000 0.000000
vn 0.000000 1.000000 0.000000
vn 0.000000 1.000000 0.000000
vn 0.000000 -1.000000 0.000000
vn 0.000000 -1.000000 0.000000
vn 0.000000 -1.000000 0.000000
vn 0.000000 -1.000000 0.000000
s off
g Pasillo Paredes1 Piso:Cube_28_
usemtl Piso:ProBuilderDefault
f 217/568/883 218/569/884 216/570/885 215/571/886
f 218/572/887 220/580/888 219/581/889 216/573/890
f 220/582/891 222/583/892 221/584/893 219/585/894
f 222/586/895 217/587/896 215/588/897 221/589/898
f 222/574/899 220/575/900 218/576/901 217/590/902
f 215/591/903 216/577/904 219/578/905 221/579/906
g default
v -4.307763 -1.130744 11.208978
v -4.307709 -1.130744 -4.379965
v -4.307763 4.455355 11.208978
v -4.307709 4.455355 -4.379967
v -3.972386 -1.130744 -4.379959
v -3.972386 4.455355 -4.379962
v -3.972440 -1.130744 11.208989
v -3.972440 4.455355 11.208989
vt 14.500000 1.000000
vt 0.000000 1.000000
vt 0.000002 -5.785827
vt 14.500000 -5.785827
vt 0.500000 1.000000
vt 0.500000 -5.785827
vt 14.500000 1.000000
vt 14.500000 -5.785827
vt 0.000000 0.499968
vt 14.500000 0.500000
vt 0.000000 0.999968
vt 14.500000 0.999968
vt 0.000002 0.500000
vt 14.500000 0.499968
vt 0.000000 1.000000
vt 0.000002 -5.785827
vt 0.000000 1.000000
vt 0.000002 -5.785827
vt 0.500000 1.000000
vt 0.000000 1.000000
vt 0.000002 -5.785827
vt 0.500000 -5.785827
vt 14.500000 1.000000
vt 0.000000 1.000000
vn -1.000000 0.000000 -0.000003
vn -1.000000 0.000000 -0.000003
vn -1.000000 0.000000 -0.000003
vn -1.000000 0.000000 -0.000003
vn 0.000019 -0.000000 -1.000000
vn 0.000019 -0.000000 -1.000000
vn 0.000019 -0.000000 -1.000000
vn 0.000019 -0.000000 -1.000000
vn 1.000000 -0.000000 0.000003
vn 1.000000 -0.000000 0.000003
vn 1.000000 -0.000000 0.000003
vn 1.000000 -0.000000 0.000003
vn -0.000012 0.000000 1.000000
vn -0.000012 0.000000 1.000000
vn -0.000012 0.000000 1.000000
vn -0.000012 0.000000 1.000000
vn 0.000000 1.000000 0.000000
vn 0.000000 1.000000 0.000000
vn 0.000000 1.000000 0.000000
vn 0.000000 1.000000 0.000000
vn 0.000000 -1.000000 0.000000
vn 0.000000 -1.000000 0.000000
vn 0.000000 -1.000000 0.000000
vn 0.000000 -1.000000 0.000000
s off
g Pasillo Paredes1 Piso:Cube_75_
usemtl Piso:ProBuilderDefault
f 225/592/907 226/593/908 224/594/909 223/595/910
f 226/596/911 228/606/912 227/607/913 224/597/914
f 228/598/915 230/608/916 229/609/917 227/599/918
f 230/610/919 225/611/920 223/612/921 229/613/922
f 230/600/923 228/601/924 226/614/925 225/602/926
f 223/603/927 224/615/928 227/604/929 229/605/930
g default
v -4.311852 -1.130744 11.208989
v -12.020180 -1.130744 11.208848
v -4.311854 4.455355 11.208989
v -12.020180 4.455355 11.208848
v -12.020173 -1.130744 10.671298
v -12.020173 4.455355 10.671298
v -4.311849 -1.130744 10.671439
v -4.311850 4.455355 10.671439
vt 11.493900 1.000000
vt 0.000000 1.000000
vt 0.000000 -5.785827
vt 11.493900 -5.785827
vt 0.500000 1.000000
vt 0.500000 -5.785827
vt 0.000000 0.500000
vt 11.493900 0.499987
vt 11.493900 0.999987
vt 0.000000 0.999987
vt 0.000002 0.499987
vt 11.493900 0.500000
vt 0.000000 1.000000
vt 0.000000 -5.785827
vt 11.493900 1.000000
vt 0.000000 1.000000
vt 0.000000 -5.785827
vt 11.493900 -5.785827
vt 0.500000 1.000000
vt 0.000000 1.000000
vt 0.000000 -5.785827
vt 0.500000 -5.785827
vt 0.000000 1.000000
vt 11.493900 1.000000
vn -0.000018 -0.000000 1.000000
vn -0.000018 -0.000000 1.000000
vn -0.000018 -0.000000 1.000000
vn -0.000018 -0.000000 1.000000
vn -1.000000 0.000000 -0.000010
vn -1.000000 0.000000 -0.000010
vn -1.000000 0.000000 -0.000010
vn -1.000000 0.000000 -0.000010
vn 0.000019 0.000000 -1.000000
vn 0.000019 0.000000 -1.000000
vn 0.000019 0.000000 -1.000000
vn 0.000019 0.000000 -1.000000
vn 1.000000 0.000000 0.000006
vn 1.000000 0.000000 0.000006
vn 1.000000 0.000000 0.000006
vn 1.000000 0.000000 0.000006
vn 0.000000 1.000000 0.000000
vn 0.000000 1.000000 0.000000
vn 0.000000 1.000000 0.000000
vn 0.000000 1.000000 0.000000
vn 0.000000 -1.000000 0.000000
vn 0.000000 -1.000000 0.000000
vn 0.000000 -1.000000 0.000000
vn 0.000000 -1.000000 0.000000
s off
g Pasillo Paredes1 Piso:Cube_73_
usemtl Piso:ProBuilderDefault
f 233/616/931 234/617/932 232/618/933 231/619/934
f 234/620/935 236/628/936 235/629/937 232/621/938
f 236/630/939 238/631/940 237/632/941 235/633/942
f 238/634/943 233/635/944 231/636/945 237/637/946
f 238/622/947 236/623/948 234/624/949 233/638/950
f 231/639/951 232/625/952 235/626/953 237/627/954
g default
v -4.307778 -1.130744 19.272239
v -12.020193 -1.130744 19.272099
v -4.307775 4.455355 19.272239
v -12.020193 4.455355 19.272099
v -12.020186 -1.130744 18.734549
v -12.020186 4.455355 18.734549
v -4.307773 -1.130744 18.734689
v -4.307771 4.455355 18.734689
vt 11.500000 1.000000
vt 0.000004 1.000000
vt 0.000000 -5.785827
vt 11.500000 -5.785827
vt 0.500000 1.000000
vt 0.500000 -5.785827
vt 11.500000 1.000000
vt 11.500000 -5.785827
vt 0.000000 0.500000
vt 11.500000 0.499988
vt 11.500000 0.999987
vt 0.000000 0.999987
vt 0.000002 0.499987
vt 11.500000 0.500000
vt 0.000004 1.000000
vt 0.000000 -5.785827
vt 0.000004 1.000000
vt 0.000000 -5.785827
vt 0.500000 1.000000
vt 0.000004 1.000000
vt 0.000000 -5.785827
vt 0.500000 -5.785827
vt 0.000004 1.000000
vt 11.500000 1.000000
vn -0.000018 0.000000 1.000000
vn -0.000018 0.000000 1.000000
vn -0.000018 0.000000 1.000000
vn -0.000018 0.000000 1.000000
vn -1.000000 0.000000 -0.000010
vn -1.000000 0.000000 -0.000010
vn -1.000000 0.000000 -0.000010
vn -1.000000 0.000000 -0.000010
vn 0.000019 -0.000000 -1.000000
vn 0.000019 -0.000000 -1.000000
vn 0.000019 -0.000000 -1.000000
vn 0.000019 -0.000000 -1.000000
vn 1.000000 -0.000000 0.000006
vn 1.000000 -0.000000 0.000006
vn 1.000000 -0.000000 0.000006
vn 1.000000 -0.000000 0.000006
vn 0.000000 1.000000 0.000000
vn 0.000000 1.000000 0.000000
vn 0.000000 1.000000 0.000000
vn 0.000000 1.000000 0.000000
vn 0.000000 -1.000000 0.000000
vn 0.000000 -1.000000 0.000000
vn 0.000000 -1.000000 0.000000
vn 0.000000 -1.000000 0.000000
s off
g Pasillo Paredes1 Piso:Cube_74_
usemtl Piso:ProBuilderDefault
f 241/640/955 242/641/956 240/642/957 239/643/958
f 242/644/959 244/654/960 243/655/961 240/645/962
f 244/646/963 246/656/964 245/657/965 243/647/966
f 246/658/967 241/659/968 239/660/969 245/661/970
f 246/648/971 244/649/972 242/650/973 241/662/974
f 239/663/975 240/651/976 243/652/977 245/653/978
g default
v -3.972449 -1.130744 18.734699
v -3.972558 -1.130744 26.797949
v -3.972450 4.455355 18.734699
v -3.972560 4.455355 26.797959
v -3.972558 -3.337268 31.630041
v -4.307881 -3.337268 31.630028
v -3.972560 2.338285 31.630061
v -4.307882 2.338285 31.630061
v -4.307881 -1.130744 26.797939
v -4.307772 -1.130744 18.734689
v -4.307882 4.455355 26.797959
v -4.307773 4.455355 18.734699
vt 7.500005 1.000000
vt 0.000000 1.000000
vt 0.000011 -5.785827
vt 7.500009 -5.785827
vt 0.500000 1.000000
vt 0.500002 -5.785826
vt 7.499998 -5.785827
vt 0.000000 0.500000
vt 7.500017 0.499936
vt 7.500006 0.999936
vt 7.499997 1.000000
vt 0.000000 0.999936
vt 7.499998 0.500000
vt 5.178312 0.499941
vt 5.178312 0.999941
vt 0.000000 -1.571754
vt 0.000023 -8.357580
vt 4.494576 -5.785827
vt 4.494564 1.000000
vt 4.494553 -8.357580
vt 4.494576 -1.571754
vt 5.178323 1.000000
vt 0.000000 1.000000
vt 0.000011 -5.785827
vt 7.500005 1.000000
vt 0.000000 1.000000
vt 0.000011 -5.785827
vt 0.500000 1.000000
vt 0.000000 1.000000
vt 0.000011 -5.785827
vt 0.500002 -5.785826
vt 0.000000 1.000000
vt 0.000000 0.500000
vt 0.000000 1.000000
vt 0.000000 0.500000
vt 0.000000 1.000000
vt 0.000011 -5.785827
vt 5.178312 0.499941
vt 0.000000 0.999936
vt 0.000000 0.500000
vn 1.000000 0.000000 0.000014
vn 1.000000 0.000000 0.000014
vn 1.000000 0.000000 0.000014
vn 1.000000 0.000000 0.000014
vn -0.000021 -0.000004 1.000000
vn -0.000021 -0.000004 1.000000
vn -0.000021 -0.000004 1.000000
vn -0.000021 -0.000004 1.000000
vn -1.000000 -0.000000 -0.000014
vn -1.000000 -0.000000 -0.000014
vn -1.000000 -0.000000 -0.000014
vn -1.000000 -0.000000 -0.000014
vn 0.000024 0.000001 -1.000000
vn 0.000024 0.000001 -1.000000
vn 0.000024 0.000001 -1.000000
vn 0.000024 0.000001 -1.000000
vn 0.000000 1.000000 0.000000
vn 0.000000 1.000000 0.000000
vn 0.000000 1.000000 0.000000
vn 0.000000 1.000000 0.000000
vn 0.000000 -1.000000 0.000000
vn 0.000000 -1.000000 0.000000
vn 0.000000 -1.000000 0.000000
vn 0.000000 -1.000000 0.000000
vn 0.000008 -0.915946 -0.401301
vn 0.000008 -0.915946 -0.401301
vn 0.000008 -0.915946 -0.401301
vn 0.000008 -0.915946 -0.401301
vn 1.000000 0.000000 0.000014
vn 1.000000 0.000000 0.000014
vn 1.000000 0.000000 0.000014
vn 1.000000 0.000000 0.000014
vn -1.000000 -0.000000 -0.000014
vn -1.000000 -0.000000 -0.000014
vn -1.000000 -0.000000 -0.000014
vn -1.000000 -0.000000 -0.000014
vn 0.000006 0.915946 0.401301
vn 0.000006 0.915946 0.401301
vn 0.000006 0.915946 0.401301
vn 0.000006 0.915946 0.401301
s off
g Pasillo Paredes1 Piso:Cube_29_
usemtl Piso:ProBuilderDefault
f 249/664/979 250/665/980 248/666/981 247/667/982
f 253/668/983 254/686/984 252/687/985 251/669/986
f 257/688/987 258/689/988 256/690/989 255/670/990
f 258/691/991 249/692/992 247/693/993 256/694/994
f 258/671/995 257/672/996 250/673/997 249/695/998
f 247/674/999 248/675/1000 255/696/1001 256/676/1002
f 251/697/1003 252/698/1004 255/677/1005 248/678/1006
f 253/679/1007 251/680/1008 248/681/1009 250/682/1010
f 252/683/1011 254/684/1012 257/699/1013 255/700/1014
f 254/701/1015 253/685/1016 250/702/1017 257/703/1018
g default
v 3.069431 -1.130744 9.596353
v 3.069322 -1.130744 26.797959
v 3.069430 4.455355 9.596353
v 3.069321 4.455355 26.797972
v 3.069322 -3.377442 31.630051
v 2.733999 -3.377442 31.630051
v 3.069321 2.338285 31.630071
v 2.733998 2.338285 31.630061
v 2.733999 -1.130744 26.797949
v 2.734108 -1.130744 9.596345
v 2.733998 4.455355 26.797972
v 2.734107 4.455355 9.596345
vt 16.000010 1.000000
vt 0.000000 1.000000
vt 0.000010 -5.785827
vt 16.000010 -5.785827
vt 0.500000 1.000000
vt 0.500001 -5.785827
vt 0.000000 0.499952
vt 16.000019 0.500000
vt 0.000001 0.999952
vt 16.000000 0.999953
vt 5.178312 0.499941
vt 5.178312 0.999941
vt 0.000000 -1.571754
vt 0.000013 -8.357580
vt 4.494566 -5.785827
vt 4.494556 1.000000
vt 4.494553 -8.357580
vt 4.494566 -1.571754
vt 5.178315 1.000000
vt 0.000000 1.000000
vt 0.000010 -5.785827
vt 16.000010 1.000000
vt 0.000000 1.000000
vt 0.000010 -5.785827
vt 16.000010 -5.785827
vt 0.500000 1.000000
vt 0.000000 1.000000
vt 0.000010 -5.785827
vt 0.500001 -5.785827
vt 16.000010 1.000000
vt 0.000000 1.000000
vt 0.000000 0.499952
vt 16.000019 0.500000
vt 0.000000 1.000000
vt 0.000000 0.499952
vt 0.000000 1.000000
vt 0.000010 -5.785827
vt 5.178312 0.499941
vt 0.000001 0.999952
vt 0.000000 0.499952
vn 1.000000 0.000000 0.000006
vn 1.000000 0.000000 0.000006
vn 1.000000 0.000000 0.000006
vn 1.000000 0.000000 0.000006
vn -0.000021 -0.000003 1.000000
vn -0.000021 -0.000003 1.000000
vn -0.000021 -0.000003 1.000000
vn -0.000021 -0.000003 1.000000
vn -1.000000 -0.000000 -0.000006
vn -1.000000 -0.000000 -0.000006
vn -1.000000 -0.000000 -0.000006
vn -1.000000 -0.000000 -0.000006
vn 0.000025 0.000000 -1.000000
vn 0.000025 0.000000 -1.000000
vn 0.000025 0.000000 -1.000000
vn 0.000025 0.000000 -1.000000
vn 0.000000 1.000000 0.000000
vn 0.000000 1.000000 0.000000
vn 0.000000 1.000000 0.000000
vn 0.000000 1.000000 0.000000
vn 0.000000 -1.000000 0.000000
vn 0.000000 -1.000000 0.000000
vn 0.000000 -1.000000 0.000000
vn 0.000000 -1.000000 0.000000
vn 0.000008 -0.915946 -0.401301
vn 0.000008 -0.915946 -0.401301
vn 0.000008 -0.915946 -0.401301
vn 0.000008 -0.915946 -0.401301
vn 1.000000 0.000000 0.000006
vn 1.000000 0.000000 0.000006
vn 1.000000 0.000000 0.000006
vn 1.000000 0.000000 0.000006
vn -1.000000 -0.000000 -0.000006
vn -1.000000 -0.000000 -0.000006
vn -1.000000 -0.000000 -0.000006
vn -1.000000 -0.000000 -0.000006
vn -0.000004 0.915946 0.401301
vn -0.000004 0.915946 0.401301
vn -0.000004 0.915946 0.401301
vn -0.000004 0.915946 0.401301
s off
g Pasillo Paredes1 Piso:Cube_30_
usemtl Piso:ProBuilderDefault
f 261/704/1019 262/705/1020 260/706/1021 259/707/1022
f 265/708/1023 266/723/1024 264/724/1025 263/709/1026
f 269/725/1027 270/726/1028 268/727/1029 267/728/1030
f 270/729/1031 261/730/1032 259/731/1033 268/732/1034
f 270/710/1035 269/711/1036 262/733/1037 261/712/1038
f 259/713/1039 260/734/1040 267/735/1041 268/736/1042
f 263/737/1043 264/738/1044 267/714/1045 260/715/1046
f 265/716/1047 263/717/1048 260/718/1049 262/719/1050
f 264/720/1051 266/721/1052 269/739/1053 267/740/1054
f 266/741/1055 265/722/1056 262/742/1057 269/743/1058
g default
v 5.754011 -1.130744 2.070665
v 3.069320 -1.130744 2.070649
v 5.754011 4.455355 2.070665
v 3.069320 4.455355 2.070649
v 3.069322 -1.130744 1.533099
v 3.069322 4.455355 1.533099
v 5.754011 -1.130744 1.533115
v 5.754011 4.455355 1.533115
v 12.123027 -2.777146 1.533099
v 12.123027 -2.777146 2.070649
v 12.123020 5.278557 1.533099
v 12.123027 5.278557 2.070649
v 9.440454 -2.784020 1.533115
v 9.440454 -2.784020 2.070665
v 9.440454 5.271682 1.533115
v 9.440454 5.271682 2.070665
vt 4.003148 1.000000
vt 0.000000 1.000000
vt 0.000000 -5.785827
vt 4.003148 -5.785827
vt 0.500000 1.000000
vt 0.500000 -5.785827
vt 0.000000 -8.785827
vt 0.500000 -8.785827
vt 0.000001 0.500000
vt 4.003146 0.499985
vt 4.003148 0.999985
vt 0.000000 0.999985
vt 0.000002 0.499985
vt 4.003147 0.500000
vt 5.852262 0.500000
vt 5.852263 1.000000
vt 5.496863 -6.777476
vt 5.496863 0.008350
vt 5.496863 -8.785827
vt 5.496863 1.000000
vt 0.000000 0.008350
vt 0.000000 -6.777476
vt 5.585596 0.500000
vt 5.585595 1.000000
vt 3.518435 0.500000
vt 3.518436 1.000000
vt 3.518435 -8.785827
vt 3.518435 1.000000
vt 3.518436 0.500000
vt 0.000000 1.000000
vt 0.000000 -5.785827
vt 4.003148 1.000000
vt 0.000000 1.000000
vt 0.000000 -5.785827
vt 4.003148 -5.785827
vt 0.500000 1.000000
vt 0.000000 1.000000
vt 0.000000 1.000000
vt 4.003148 1.000000
vt 0.000000 1.000000
vt 0.000002 0.499985
vt 0.000000 1.000000
vt 0.000000 -8.785827
vt 0.000000 0.999985
vt 0.000002 0.499985
vt 0.000000 1.000000
vt 0.000001 0.500000
vt 0.000000 1.000000
vt 0.000000 -8.785827
vt 3.518435 -8.785827
vt 3.518435 1.000000
vt 0.000000 1.000000
vt 0.000000 -8.785827
vt 0.000000 0.999985
vt 0.000002 0.499985
vt 3.518435 1.000000
vn -0.000006 0.000000 1.000000
vn -0.000006 0.000000 1.000000
vn -0.000006 0.000000 1.000000
vn -0.000006 0.000000 1.000000
vn -1.000000 0.000000 -0.000002
vn -1.000000 0.000000 -0.000002
vn -1.000000 0.000000 -0.000002
vn -1.000000 0.000000 -0.000002
vn 0.000006 0.000000 -1.000000
vn 0.000006 0.000000 -1.000000
vn 0.000006 0.000000 -1.000000
vn 0.000006 0.000000 -1.000000
vn 1.000000 0.000000 -0.000001
vn 1.000000 0.000000 -0.000001
vn 1.000000 0.000000 -0.000001
vn 1.000000 0.000000 -0.000001
vn 0.000000 1.000000 0.000000
vn 0.000000 1.000000 0.000000
vn 0.000000 1.000000 0.000000
vn 0.000000 1.000000 0.000000
vn 0.000000 -1.000000 0.000000
vn 0.000000 -1.000000 0.000000
vn 0.000000 -1.000000 0.000000
vn 0.000000 -1.000000 0.000000
vn -0.409207 -0.912442 0.000000
vn -0.409207 -0.912442 0.000000
vn -0.409207 -0.912442 0.000000
vn -0.409207 -0.912442 0.000000
vn 0.000006 0.000000 -1.000000
vn 0.000006 0.000000 -1.000000
vn 0.000006 0.000000 -1.000000
vn 0.000006 0.000000 -1.000000
vn -0.000006 0.000000 1.000000
vn -0.000006 0.000000 1.000000
vn -0.000006 0.000000 1.000000
vn -0.000006 0.000000 1.000000
vn -0.216203 0.976349 0.000000
vn -0.216203 0.976349 0.000000
vn -0.216203 0.976349 0.000000
vn -0.216203 0.976349 0.000000
vn 0.000000 -1.000000 0.000000
vn 0.000000 -1.000000 0.000000
vn 0.000000 -1.000000 0.000000
vn 0.000000 -1.000000 0.000000
vn 0.000006 0.000000 -1.000000
vn 0.000006 0.000000 -1.000000
vn 0.000006 0.000000 -1.000000
vn 0.000006 0.000000 -1.000000
vn -0.000006 0.000000 1.000000
vn -0.000006 0.000000 1.000000
vn -0.000006 0.000000 1.000000
vn -0.000006 0.000000 1.000000
vn 0.000000 1.000000 0.000000
vn 0.000000 1.000000 0.000000
vn 0.000000 1.000000 0.000000
vn 0.000000 1.000000 0.000000
s off
g Pasillo Paredes1 Piso:Cube_31_
usemtl Piso:ProBuilderDefault
f 273/744/1059 274/745/1060 272/746/1061 271/747/1062
f 274/748/1063 276/773/1064 275/774/1065 272/749/1066
f 276/775/1067 278/776/1068 277/777/1069 275/778/1070
f 281/779/1071 282/780/1072 280/750/1073 279/751/1074
f 278/752/1075 276/753/1076 274/754/1077 273/781/1078
f 271/782/1079 272/755/1080 275/756/1081 277/757/1082
f 283/758/1083 284/759/1084 271/783/1085 277/784/1086
f 285/785/1087 283/786/1088 277/760/1089 278/761/1090
f 284/762/1091 286/763/1092 273/764/1093 271/765/1094
f 286/787/1095 285/788/1096 278/766/1097 273/767/1098
f 279/768/1099 280/769/1100 284/789/1101 283/790/1102
f 281/791/1103 279/792/1104 283/770/1105 285/771/1106
f 280/793/1107 282/794/1108 286/795/1109 284/796/1110
f 282/797/1111 281/798/1112 285/772/1113 286/799/1114
g default
v 5.754006 -1.123870 10.133899
v 3.069315 -1.123870 10.133883
v 5.754006 4.462230 10.133899
v 3.069315 4.462230 10.133883
v 3.069316 -1.123870 9.596333
v 3.069316 4.462230 9.596333
v 5.754005 -1.123870 9.596349
v 5.754005 4.462230 9.596349
v 12.123027 -2.777146 9.596349
v 12.123027 -2.777146 10.133899
v 12.123027 5.278556 9.596349
v 12.123027 5.278556 10.133899
v 9.440447 -2.777146 9.596349
v 9.440447 -2.777146 10.133899
v 9.440447 5.278556 9.596349
v 9.440447 5.278556 10.133899
vt 4.003148 1.000000
vt 0.000000 1.000000
vt 0.000000 -5.785827
vt 4.003148 -5.785827
vt 0.500000 1.000000
vt 0.500000 -5.785827
vt 0.000000 -8.785827
vt 0.500000 -8.785827
vt 0.000001 0.500000
vt 4.003146 0.499985
vt 4.003148 0.999985
vt 0.000000 0.999985
vt 0.000002 0.499985
vt 4.003147 0.500000
vt 5.852262 0.500000
vt 5.852263 1.000000
vt 5.496863 -6.777476
vt 5.496863 0.008350
vt 5.496863 -8.785827
vt 5.496863 1.000000
vt 0.000000 0.008350
vt 0.000000 -6.777476
vt 5.585596 0.500000
vt 5.585595 1.000000
vt 3.499870 0.500000
vt 3.499871 1.000000
vt 3.499871 -8.785827
vt 3.499871 1.000000
vt 3.499871 0.500000
vt 0.000000 1.000000
vt 0.000000 -5.785827
vt 4.003148 1.000000
vt 0.000000 1.000000
vt 0.000000 -5.785827
vt 4.003148 -5.785827
vt 0.500000 1.000000
vt 0.000000 1.000000
vt 0.000000 1.000000
vt 4.003148 1.000000
vt 0.000000 1.000000
vt 0.000002 0.499985
vt 0.000000 1.000000
vt 0.000000 -8.785827
vt 0.000000 0.999985
vt 0.000002 0.499985
vt 0.000000 1.000000
vt 0.000001 0.500000
vt 0.000000 1.000000
vt 0.000000 -8.785827
vt 3.499871 -8.785827
vt 3.499871 1.000000
vt 0.000000 1.000000
vt 0.000000 -8.785827
vt 0.000000 0.999985
vt 0.000002 0.499985
vt 3.499871 1.000000
vn -0.000006 0.000000 1.000000
vn -0.000006 0.000000 1.000000
vn -0.000006 0.000000 1.000000
vn -0.000006 0.000000 1.000000
vn -1.000000 0.000000 -0.000002
vn -1.000000 0.000000 -0.000002
vn -1.000000 0.000000 -0.000002
vn -1.000000 0.000000 -0.000002
vn 0.000006 0.000000 -1.000000
vn 0.000006 0.000000 -1.000000
vn 0.000006 0.000000 -1.000000
vn 0.000006 0.000000 -1.000000
vn 1.000000 -0.000000 -0.000001
vn 1.000000 -0.000000 -0.000001
vn 1.000000 -0.000000 -0.000001
vn 1.000000 -0.000000 -0.000001
vn 0.000000 1.000000 0.000000
vn 0.000000 1.000000 0.000000
vn 0.000000 1.000000 0.000000
vn 0.000000 1.000000 0.000000
vn 0.000000 -1.000000 0.000000
vn 0.000000 -1.000000 0.000000
vn 0.000000 -1.000000 0.000000
vn 0.000000 -1.000000 0.000000
vn -0.409207 -0.912442 0.000000
vn -0.409207 -0.912442 0.000000
vn -0.409207 -0.912442 0.000000
vn -0.409207 -0.912442 0.000000
vn 0.000006 0.000000 -1.000000
vn 0.000006 0.000000 -1.000000
vn 0.000006 0.000000 -1.000000
vn 0.000006 0.000000 -1.000000
vn -0.000006 0.000000 1.000000
vn -0.000006 0.000000 1.000000
vn -0.000006 0.000000 1.000000
vn -0.000006 0.000000 1.000000
vn -0.216203 0.976348 0.000000
vn -0.216203 0.976348 0.000000
vn -0.216203 0.976348 0.000000
vn -0.216203 0.976348 0.000000
vn 0.000000 -1.000000 0.000000
vn 0.000000 -1.000000 0.000000
vn 0.000000 -1.000000 0.000000
vn 0.000000 -1.000000 0.000000
vn 0.000006 0.000000 -1.000000
vn 0.000006 0.000000 -1.000000
vn 0.000006 0.000000 -1.000000
vn 0.000006 0.000000 -1.000000
vn -0.000006 0.000000 1.000000
vn -0.000006 0.000000 1.000000
vn -0.000006 0.000000 1.000000
vn -0.000006 0.000000 1.000000
vn 0.000000 1.000000 0.000000
vn 0.000000 1.000000 0.000000
vn 0.000000 1.000000 0.000000
vn 0.000000 1.000000 0.000000
s off
g Pasillo Paredes1 Piso:Cube_32_
usemtl Piso:ProBuilderDefault
f 289/800/1115 290/801/1116 288/802/1117 287/803/1118
f 290/804/1119 292/829/1120 291/830/1121 288/805/1122
f 292/831/1123 294/832/1124 293/833/1125 291/834/1126
f 297/835/1127 298/836/1128 296/806/1129 295/807/1130
f 294/808/1131 292/809/1132 290/810/1133 289/837/1134
f 287/838/1135 288/811/1136 291/812/1137 293/813/1138
f 299/814/1139 300/815/1140 287/839/1141 293/840/1142
f 301/841/1143 299/842/1144 293/816/1145 294/817/1146
f 300/818/1147 302/819/1148 289/820/1149 287/821/1150
f 302/843/1151 301/844/1152 294/822/1153 289/823/1154
f 295/824/1155 296/825/1156 300/845/1157 299/846/1158
f 297/847/1159 295/848/1160 299/826/1161 301/827/1162
f 296/849/1163 298/850/1164 302/851/1165 300/852/1166
f 298/853/1167 297/854/1168 301/828/1169 302/855/1170
g default
v 2.733998 4.455355 -18.356261
v 2.733998 4.455355 26.844081
v -3.972452 4.455355 -18.356261
v -3.972452 4.455355 26.844081
v -3.972560 2.338285 31.630061
v 2.733890 2.338285 31.630061
vt 6.000000 34.000000
vt -4.000000 34.000000
vt -4.000000 -8.000000
vt 6.000000 -8.000000
vt 0.000000 0.000000
vt 1.000000 0.000000
vt 1.000000 1.000000
vt 0.000000 1.000000
vn 0.000000 1.000000 0.000000
vn 0.000000 1.000000 0.000000
vn 0.000000 1.000000 0.000000
vn 0.000000 1.000000 0.000000
vn 0.000000 0.914522 0.404537
vn 0.000000 0.914522 0.404537
vn 0.000000 0.914522 0.404537
vn 0.000000 0.914522 0.404537
s off
g Pasillo polySurface64 Piso1 Techo
usemtl Piso:ProBuilderDefault
f 306/856/1171 304/857/1172 303/858/1173 305/859/1174
f 304/860/1175 306/861/1176 307/862/1177 308/863/1178
g default
v -3.972519 4.455355 -11.905661
v -3.972519 4.455355 -4.379959
v -11.686881 4.455355 -11.905791
v -11.686881 4.455355 -4.380089
vt 7.000000 3.000000
vt -5.000000 3.000000
vt -5.000000 -4.000000
vt 7.000000 -4.000000
vn 0.000000 1.000000 0.000000
vn 0.000000 1.000000 0.000000
vn 0.000000 1.000000 0.000000
vn 0.000000 1.000000 0.000000
s off
g Pasillo Piso1 Techo polySurface65
usemtl Piso:ProBuilderDefault
f 312/864/1179 310/865/1180 309/866/1181 311/867/1182
g default
v -3.957721 4.455355 11.208848
v -3.957721 4.455355 18.734548
v -12.020180 4.455355 11.208848
v -12.020180 4.455355 18.734548
vt -5.000000 -5.000000
vt -5.000000 2.000000
vt 6.000000 -5.000000
vt 6.000000 2.000000
vn 0.000000 1.000000 0.000000
vn 0.000000 1.000000 0.000000
vn 0.000000 1.000000 0.000000
vn 0.000000 1.000000 0.000000
s off
g Pasillo Techo Plane_27_
usemtl Piso:ProBuilderDefault
f 316/871/1183 314/869/1184 313/868/1185 315/870/1186
g default
v 5.754011 4.455355 2.070665
v 5.754011 4.455355 9.596366
v 2.734002 4.455355 2.070644
v 2.734002 4.455355 9.596344
v 9.440447 5.278556 9.596349
v 9.440447 5.278556 2.070649
v 12.123027 5.278556 9.596349
v 12.123027 5.278556 2.070649
vt -1.000000 -5.000000
vt -1.000000 2.000000
vt 3.000000 -5.000000
vt 3.000000 2.000000
vt 0.000000 0.000000
vt 1.000000 0.000000
vt 1.000000 1.000000
vt 0.000000 1.000000
vt 0.000000 0.000000
vt 1.000000 0.000000
vt 1.000000 1.000000
vt 0.000000 1.000000
vn 0.000000 1.000000 0.000000
vn 0.000000 1.000000 0.000000
vn 0.000000 1.000000 0.000000
vn 0.000000 1.000000 0.000000
vn -0.217938 0.975963 0.000000
vn -0.217938 0.975963 0.000000
vn -0.217938 0.975963 0.000000
vn -0.217938 0.975963 0.000000
vn 0.000000 1.000000 0.000000
vn 0.000000 1.000000 0.000000
vn 0.000000 1.000000 0.000000
vn 0.000000 1.000000 0.000000
s off
g Pasillo Techo Plane_5_
usemtl Piso:ProBuilderDefault
f 320/875/1187 318/873/1188 317/872/1189 319/874/1190
f 317/876/1191 318/877/1192 321/878/1193 322/879/1194
f 322/880/1195 321/881/1196 323/882/1197 324/883/1198
g default
v 2.304632 4.172228 -18.356251
v 2.304632 4.172228 26.844092
v -3.543095 4.172228 -18.356251
v -3.543095 4.172228 26.844092
v -4.236806 4.172228 -11.469240
v -4.236806 4.172228 -4.816381
v -11.777303 4.172228 -11.469240
v -11.777303 4.172228 -4.816381
v -3.543191 2.528310 30.982275
v 2.304536 2.528310 30.982275
vt -4.000000 -8.000000
vt -4.000000 34.000000
vt 6.000000 -8.000000
vt 6.000000 34.000000
vt -5.000000 -4.000000
vt -5.000000 3.000000
vt 7.000000 -4.000000
vt 7.000000 3.000000
vt 0.000000 0.000000
vt 1.000000 0.000000
vt 1.000000 1.000000
vt 0.000000 1.000000
vn 0.000000 1.000000 0.000000
vn 0.000000 1.000000 0.000000
vn 0.000000 1.000000 0.000000
vn 0.000000 1.000000 0.000000
vn 0.000000 1.000000 0.000000
vn 0.000000 1.000000 0.000000
vn 0.000000 1.000000 0.000000
vn 0.000000 1.000000 0.000000
vn 0.000000 0.929354 0.369191
vn 0.000000 0.929353 0.369191
vn 0.000000 0.929354 0.369191
vn 0.000000 0.929353 0.369191
s off
g Pasillo Techo Piso3
usemtl Piso:ProBuilderDefault
f 328/887/1199 326/885/1200 325/884/1201 327/886/1202
f 332/891/1203 330/889/1204 329/888/1205 331/890/1206
f 326/892/1207 328/893/1208 333/894/1209 334/895/1210
g default
v 5.754903 4.172228 2.488629
v 5.754903 4.172228 9.178369
v 3.510324 4.172228 2.488629
v 3.510324 4.172228 9.178369
v 9.440447 4.937855 9.178369
v 9.440447 4.937855 2.488629
v 11.664383 4.937855 9.178369
v 11.664383 4.937855 2.488629
vt -1.000000 -5.000000
vt -1.000000 2.000000
vt 3.000000 -5.000000
vt 3.000000 2.000000
vt 0.000000 0.000000
vt 1.000000 0.000000
vt 1.000000 1.000000
vt 0.000000 1.000000
vt 0.000000 0.000000
vt 1.000000 0.000000
vt 1.000000 1.000000
vt 0.000000 1.000000
vn 0.000000 1.000000 0.000000
vn 0.000000 1.000000 0.000000
vn 0.000000 1.000000 0.000000
vn 0.000000 1.000000 0.000000
vn -0.203395 0.979097 0.000000
vn -0.203395 0.979097 0.000000
vn -0.203395 0.979097 0.000000
vn -0.203395 0.979097 0.000000
vn 0.000000 1.000000 0.000000
vn 0.000000 1.000000 0.000000
vn 0.000000 1.000000 0.000000
vn 0.000000 1.000000 0.000000
s off
g Pasillo Techo Plane_5_1
usemtl Piso:ProBuilderDefault
f 338/899/1211 336/897/1212 335/896/1213 337/898/1214
f 335/900/1215 336/901/1216 339/902/1217 340/903/1218
f 340/904/1219 339/905/1220 341/906/1221 342/907/1222
g default
v -4.676183 4.172228 11.722237
v -4.676183 4.172228 18.310779
v -11.094644 4.172228 11.722237
v -11.094644 4.172228 18.310779
vt -5.000000 -5.000000
vt -5.000000 2.000000
vt 6.000000 -5.000000
vt 6.000000 2.000000
vn 0.000000 1.000000 0.000000
vn 0.000000 1.000000 0.000000
vn 0.000000 1.000000 0.000000
vn 0.000000 1.000000 0.000000
s off
g Pasillo Techo Plane_27_1
usemtl Piso:ProBuilderDefault
f 346/911/1223 344/909/1224 343/908/1225 345/910/1226
g default
v 2.306103 4.995512 -22.656651
v 2.306103 4.995512 -21.581551
v 2.306103 4.172229 -18.356251
v -3.544553 4.995512 -22.656651
v -3.544553 4.995512 -21.581551
v -3.544553 4.172229 -18.356251
vt -4.000000 -1.000000
vt -4.000000 -2.000000
vt -4.000000 2.213635
vt -4.000000 -0.948674
vt 6.000000 -2.000000
vt 6.000000 -1.000000
vt 6.000000 -0.948674
vt 6.000000 2.213635
vn 0.000000 1.000000 0.000000
vn 0.000000 1.000000 0.000000
vn 0.000000 1.000000 0.000000
vn 0.000000 1.000000 0.000000
vn 0.000000 0.968932 0.247327
vn 0.000000 0.968932 0.247327
vn 0.000000 0.968932 0.247327
vn 0.000000 0.968932 0.247327
s off
g Pasillo Techo Plane_9_1
usemtl Piso:ProBuilderDefault
f 348/912/1227 347/913/1228 350/916/1229 351/917/1230
f 352/919/1231 349/914/1232 348/915/1233 351/918/1234
g default
v 2.734071 5.278597 -22.659563
v 2.734071 5.278597 -21.584463
v 2.734071 4.455314 -18.359163
v -3.972379 5.278597 -22.659563
v -3.972379 5.278597 -21.584463
v -3.972379 4.455314 -18.359163
vt -4.000000 -1.000000
vt -4.000000 -2.000000
vt -4.000000 2.213635
vt -4.000000 -0.948674
vt 6.000000 -2.000000
vt 6.000000 -1.000000
vt 6.000000 -0.948674
vt 6.000000 2.213635
vn 0.000000 1.000000 0.000000
vn 0.000000 1.000000 0.000000
vn 0.000000 1.000000 0.000000
vn 0.000000 1.000000 0.000000
vn 0.000000 0.968932 0.247327
vn 0.000000 0.968932 0.247327
vn 0.000000 0.968932 0.247327
vn 0.000000 0.968932 0.247327
s off
g Pasillo Techo Plane_9_
usemtl Piso:ProBuilderDefault
f 354/920/1235 353/921/1236 356/924/1237 357/925/1238
f 358/927/1239 355/922/1240 354/923/1241 357/926/1242
g default
v 2.340189 0.694518 23.395716
v 2.337058 0.689507 23.394664
v 2.332534 0.686726 23.394080
v 2.327512 0.686726 23.394080
v 2.322987 0.689507 23.394664
v 2.319856 0.694518 23.395716
v 2.318739 0.700767 23.397028
v 2.319856 0.707015 23.398341
v 2.322987 0.712026 23.399393
v 2.327512 0.714807 23.399977
v 2.332534 0.714807 23.399977
v 2.337058 0.712026 23.399393
v 2.340189 0.707015 23.398341
v 2.341307 0.700767 23.397028
v 2.340189 0.694834 23.393147
v 2.337058 0.689823 23.392095
v 2.332534 0.687043 23.391512
v 2.327512 0.687043 23.391512
v 2.322987 0.689823 23.392095
v 2.319856 0.694834 23.393149
v 2.318739 0.701083 23.394461
v 2.319856 0.707332 23.395771
v 2.322987 0.712343 23.396825
v 2.327512 0.715123 23.397408
v 2.332534 0.715123 23.397408
v 2.337058 0.712343 23.396823
v 2.340189 0.707332 23.395771
v 2.341307 0.701083 23.394459
v 2.330023 0.701083 23.394459
vt 0.375000 0.312500
vt 0.392857 0.312500
vt 0.410714 0.312500
vt 0.428571 0.312500
vt 0.446429 0.312500
vt 0.464286 0.312500
vt 0.482143 0.312500
vt 0.500000 0.312500
vt 0.517857 0.312500
vt 0.535714 0.312500
vt 0.553571 0.312500
vt 0.571428 0.312500
vt 0.589286 0.312500
vt 0.607143 0.312500
vt 0.625000 0.312500
vt 0.375000 0.688440
vt 0.392857 0.688440
vt 0.410714 0.688440
vt 0.428571 0.688440
vt 0.446429 0.688440
vt 0.464286 0.688440
vt 0.482143 0.688440
vt 0.500000 0.688440
vt 0.517857 0.688440
vt 0.535714 0.688440
vt 0.553571 0.688440
vt 0.571428 0.688440
vt 0.589286 0.688440
vt 0.607143 0.688440
vt 0.625000 0.688440
vt 0.640776 0.775956
vt 0.597420 0.721589
vt 0.534769 0.691418
vt 0.465231 0.691418
vt 0.402580 0.721589
vt 0.359224 0.775956
vt 0.343750 0.843750
vt 0.359224 0.911544
vt 0.402580 0.965911
vt 0.465231 0.996082
vt 0.534769 0.996082
vt 0.597420 0.965911
vt 0.640776 0.911544
vt 0.656250 0.843750
vt 0.500000 0.837500
vn 0.937685 -0.344884 -0.042441
vn 0.719742 -0.689042 -0.084811
vn 0.719743 -0.689041 -0.084810
vn 0.937680 -0.344897 -0.042443
vn 0.284095 -0.951609 -0.117179
vn 0.284112 -0.951604 -0.117179
vn -0.284146 -0.951594 -0.117178
vn -0.284162 -0.951589 -0.117177
vn -0.719604 -0.689182 -0.084841
vn -0.719593 -0.689193 -0.084842
vn -0.937642 -0.344997 -0.042477
vn -0.937642 -0.344999 -0.042477
vn -1.000000 0.000025 -0.000001
vn -1.000000 0.000055 0.000002
vn -0.937605 0.345096 0.042494
vn -0.937608 0.345087 0.042493
vn -0.719379 0.689410 0.084894
vn -0.719371 0.689419 0.084895
vn -0.284387 0.951526 0.117144
vn -0.284378 0.951528 0.117145
vn 0.284769 0.951416 0.117105
vn 0.284782 0.951412 0.117105
vn 0.719518 0.689272 0.084841
vn 0.719526 0.689264 0.084840
vn 0.937631 0.345028 0.042468
vn 0.937634 0.345020 0.042467
vn 1.000000 -0.000003 -0.000000
vn 1.000000 -0.000014 -0.000002
vn 0.000188 0.205504 -0.978656
vn 0.000177 0.205409 -0.978676
vn -0.000107 0.205495 -0.978658
vn 0.000000 0.205373 -0.978684
vn 0.000000 0.205381 -0.978682
vn -0.000706 0.205517 -0.978653
vn -0.000753 0.205597 -0.978637
vn -0.000183 0.205393 -0.978680
vn -0.000178 0.205514 -0.978654
vn 0.000000 0.205610 -0.978634
vn 0.000000 0.205513 -0.978654
vn 0.000000 0.205544 -0.978648
vn 0.000000 0.205506 -0.978656
vn 0.000000 0.205504 -0.978656
vn 0.000000 0.205547 -0.978647
s 1
g Pasillo pCylinder2 Lector Puerta
usemtl initialShadingGroup
f 359/928/1243 360/929/1244 374/944/1245 373/943/1246
f 360/929/1244 361/930/1247 375/945/1248 374/944/1245
f 361/930/1247 362/931/1249 376/946/1250 375/945/1248
f 362/931/1249 363/932/1251 377/947/1252 376/946/1250
f 363/932/1251 364/933/1253 378/948/1254 377/947/1252
f 364/933/1253 365/934/1255 379/949/1256 378/948/1254
f 365/934/1255 366/935/1257 380/950/1258 379/949/1256
f 366/935/1257 367/936/1259 381/951/1260 380/950/1258
f 367/936/1259 368/937/1261 382/952/1262 381/951/1260
f 368/937/1261 369/938/1263 383/953/1264 382/952/1262
f 369/938/1263 370/939/1265 384/954/1266 383/953/1264
f 370/939/1265 371/940/1267 385/955/1268 384/954/1266
f 371/940/1267 372/941/1269 386/956/1270 385/955/1268
f 372/941/1269 359/942/1243 373/957/1246 386/956/1270
s 2
f 373/970/1271 374/969/1272 387/972/1273
f 374/969/1272 375/968/1274 387/972/1273
f 375/968/1274 376/967/1275 387/972/1273
f 376/967/1275 377/966/1276 387/972/1273
f 377/966/1276 378/965/1277 387/972/1273
f 378/965/1277 379/964/1278 387/972/1273
f 379/964/1278 380/963/1279 387/972/1273
f 380/963/1279 381/962/1280 387/972/1273
f 381/962/1280 382/961/1281 387/972/1273
f 382/961/1281 383/960/1282 387/972/1273
f 383/960/1282 384/959/1283 387/972/1273
f 384/959/1283 385/958/1284 387/972/1273
f 385/958/1284 386/971/1285 387/972/1273
f 386/971/1285 373/970/1271 387/972/1273
g default
v 1.964301 0.678031 23.685887
v 2.358826 0.678031 23.685887
v 1.964301 1.630310 23.690386
v 2.358826 1.630310 23.690386
v 1.964301 1.630382 23.664372
v 2.358826 1.630382 23.664372
v 1.964301 0.678104 23.659871
v 2.358826 0.678104 23.659871
vt 0.375000 0.000000
vt 0.625000 0.000000
vt 0.375000 0.250000
vt 0.625000 0.250000
vt 0.375000 0.500000
vt 0.625000 0.500000
vt 0.375000 0.750000
vt 0.625000 0.750000
vt 0.875000 0.000000
vt 0.875000 0.250000
vt 0.125000 0.000000
vt 0.125000 0.250000
vn 0.000000 0.999996 0.002770
vn 0.000000 0.999996 0.002770
vn 0.000000 0.999996 0.002770
vn 0.000000 0.999996 0.002770
vn 0.000000 0.004727 -0.999989
vn 0.000000 0.004727 -0.999989
vn 0.000000 0.004727 -0.999989
vn 0.000000 0.004727 -0.999989
vn 1.000000 -0.000000 0.000000
vn 1.000000 -0.000000 0.000000
vn 1.000000 -0.000000 0.000000
vn 1.000000 -0.000000 0.000000
vn -1.000000 -0.000000 0.000000
vn -1.000000 -0.000000 0.000000
vn -1.000000 -0.000000 0.000000
vn -1.000000 -0.000000 0.000000
s off
g Pasillo Lector Puerta pCube8
usemtl initialShadingGroup
f 390/975/1286 391/976/1287 393/978/1288 392/977/1289
f 392/977/1290 393/978/1291 395/980/1292 394/979/1293
f 389/974/1294 395/981/1295 393/982/1296 391/976/1297
f 394/983/1298 388/973/1299 390/975/1300 392/984/1301
g default
v 2.287172 0.797628 23.419913
v 2.246465 0.762470 23.412531
v 2.187641 0.742958 23.408434
v 2.122352 0.742958 23.408434
v 2.063528 0.762470 23.412531
v 2.022821 0.797628 23.419913
v 2.008293 0.841470 23.429118
v 2.022821 0.885312 23.438323
v 2.063528 0.920470 23.445707
v 2.122352 0.939981 23.449802
v 2.187641 0.939981 23.449802
v 2.246465 0.920470 23.445705
v 2.287172 0.885312 23.438323
v 2.301701 0.841470 23.429118
v 2.287172 0.799847 23.401890
v 2.246465 0.764689 23.394506
v 2.187641 0.745177 23.390411
v 2.122352 0.745177 23.390411
v 2.063528 0.764688 23.394506
v 2.022821 0.799847 23.401890
v 2.008293 0.843689 23.411095
v 2.022821 0.887530 23.420301
v 2.063528 0.922689 23.427683
v 2.122352 0.942200 23.431780
v 2.187641 0.942200 23.431780
v 2.246465 0.922689 23.427683
v 2.287172 0.887530 23.420301
v 2.301701 0.843689 23.411095
v 2.154997 0.843689 23.411095
vt 0.375000 0.312500
vt 0.392857 0.312500
vt 0.410714 0.312500
vt 0.428571 0.312500
vt 0.446429 0.312500
vt 0.464286 0.312500
vt 0.482143 0.312500
vt 0.500000 0.312500
vt 0.517857 0.312500
vt 0.535714 0.312500
vt 0.553571 0.312500
vt 0.571428 0.312500
vt 0.589286 0.312500
vt 0.607143 0.312500
vt 0.625000 0.312500
vt 0.375000 0.688440
vt 0.392857 0.688440
vt 0.410714 0.688440
vt 0.428571 0.688440
vt 0.446429 0.688440
vt 0.464286 0.688440
vt 0.482143 0.688440
vt 0.500000 0.688440
vt 0.517857 0.688440
vt 0.535714 0.688440
vt 0.553571 0.688440
vt 0.571428 0.688440
vt 0.589286 0.688440
vt 0.607143 0.688440
vt 0.625000 0.688440
vt 0.640776 0.775956
vt 0.597420 0.721589
vt 0.534769 0.691418
vt 0.465231 0.691418
vt 0.402580 0.721589
vt 0.359224 0.775956
vt 0.343750 0.843750
vt 0.359224 0.911544
vt 0.402580 0.965911
vt 0.465231 0.996082
vt 0.534769 0.996082
vt 0.597420 0.965911
vt 0.640776 0.911544
vt 0.656250 0.843750
vt 0.500000 0.837500
vn 0.824337 -0.561858 -0.069165
vn 0.488125 -0.866235 -0.106634
vn 0.488123 -0.866236 -0.106634
vn 0.824337 -0.561858 -0.069165
vn 0.158046 -0.980034 -0.120648
vn 0.158047 -0.980033 -0.120648
vn -0.158043 -0.980034 -0.120648
vn -0.158044 -0.980034 -0.120648
vn -0.488101 -0.866248 -0.106637
vn -0.488099 -0.866249 -0.106637
vn -0.824324 -0.561877 -0.069169
vn -0.824325 -0.561876 -0.069169
vn -1.000000 0.000006 0.000001
vn -1.000000 0.000009 0.000001
vn -0.824351 0.561837 0.069163
vn -0.824351 0.561838 0.069164
vn -0.488087 0.866256 0.106637
vn -0.488088 0.866255 0.106637
vn -0.158057 0.980032 0.120647
vn -0.158056 0.980032 0.120648
vn 0.158050 0.980033 0.120649
vn 0.158051 0.980033 0.120649
vn 0.488103 0.866247 0.106640
vn 0.488103 0.866247 0.106640
vn 0.824364 0.561818 0.069164
vn 0.824363 0.561821 0.069164
vn 1.000000 0.000006 0.000002
vn 1.000000 0.000009 0.000002
vn 0.000011 0.205496 -0.978658
vn 0.000022 0.205511 -0.978655
vn -0.000000 0.205489 -0.978659
vn 0.000000 0.205483 -0.978661
vn 0.000000 0.205483 -0.978661
vn 0.000000 0.205510 -0.978655
vn 0.000000 0.205496 -0.978658
vn 0.000000 0.205481 -0.978661
vn -0.000011 0.205483 -0.978661
vn -0.000002 0.205487 -0.978660
vn 0.000038 0.205488 -0.978660
vn -0.000038 0.205488 -0.978660
vn -0.000020 0.205487 -0.978660
vn 0.000000 0.205483 -0.978661
vn 0.000000 0.205481 -0.978661
s 1
g Pasillo Lector Puerta pCylinder1
usemtl initialShadingGroup
f 396/985/1302 397/986/1303 411/1001/1304 410/1000/1305
f 397/986/1303 398/987/1306 412/1002/1307 411/1001/1304
f 398/987/1306 399/988/1308 413/1003/1309 412/1002/1307
f 399/988/1308 400/989/1310 414/1004/1311 413/1003/1309
f 400/989/1310 401/990/1312 415/1005/1313 414/1004/1311
f 401/990/1312 402/991/1314 416/1006/1315 415/1005/1313
f 402/991/1314 403/992/1316 417/1007/1317 416/1006/1315
f 403/992/1316 404/993/1318 418/1008/1319 417/1007/1317
f 404/993/1318 405/994/1320 419/1009/1321 418/1008/1319
f 405/994/1320 406/995/1322 420/1010/1323 419/1009/1321
f 406/995/1322 407/996/1324 421/1011/1325 420/1010/1323
f 407/996/1324 408/997/1326 422/1012/1327 421/1011/1325
f 408/997/1326 409/998/1328 423/1013/1329 422/1012/1327
f 409/998/1328 396/999/1302 410/1014/1305 423/1013/1329
s 2
f 410/1027/1330 411/1026/1331 424/1029/1332
f 411/1026/1331 412/1025/1333 424/1029/1332
f 412/1025/1333 413/1024/1334 424/1029/1332
f 413/1024/1334 414/1023/1335 424/1029/1332
f 414/1023/1335 415/1022/1336 424/1029/1332
f 415/1022/1336 416/1021/1337 424/1029/1332
f 416/1021/1337 417/1020/1338 424/1029/1332
f 417/1020/1338 418/1019/1339 424/1029/1332
f 418/1019/1339 419/1018/1340 424/1029/1332
f 419/1018/1340 420/1017/1341 424/1029/1332
f 420/1017/1341 421/1016/1342 424/1029/1332
f 421/1016/1342 422/1015/1343 424/1029/1332
f 422/1015/1343 423/1028/1344 424/1029/1332
f 423/1028/1344 410/1027/1330 424/1029/1332
g default
v 2.018604 0.986069 23.458704
v 2.300491 0.986069 23.458704
v 2.018604 1.589496 23.586673
v 2.300491 1.589496 23.586673
v 2.018604 1.591777 23.568324
v 2.300491 1.591777 23.568324
v 2.018604 0.988350 23.440355
v 2.300491 0.988350 23.440355
vt 0.375000 0.000000
vt 0.625000 0.000000
vt 0.375000 0.250000
vt 0.625000 0.250000
vt 0.375000 0.500000
vt 0.625000 0.500000
vt 0.375000 0.750000
vt 0.625000 0.750000
vt 0.875000 0.000000
vt 0.875000 0.250000
vt 0.125000 0.000000
vt 0.125000 0.250000
vn 0.000000 0.992361 0.123372
vn 0.000000 0.992361 0.123372
vn 0.000000 0.992361 0.123372
vn 0.000000 0.992361 0.123372
vn 0.000000 0.207457 -0.978244
vn 0.000000 0.207457 -0.978244
vn 0.000000 0.207457 -0.978244
vn 0.000000 0.207457 -0.978244
vn 1.000000 0.000000 0.000000
vn 1.000000 0.000000 0.000000
vn 1.000000 0.000000 0.000000
vn 1.000000 0.000000 0.000000
vn -1.000000 0.000000 0.000000
vn -1.000000 0.000000 0.000000
vn -1.000000 0.000000 0.000000
vn -1.000000 0.000000 0.000000
s off
g Pasillo Lector Puerta pCube6
usemtl initialShadingGroup
f 427/1032/1345 428/1033/1346 430/1035/1347 429/1034/1348
f 429/1034/1349 430/1035/1350 432/1037/1351 431/1036/1352
f 426/1031/1353 432/1038/1354 430/1039/1355 428/1033/1356
f 431/1040/1357 425/1030/1358 427/1032/1359 429/1041/1360
g default
v 1.976118 0.689261 23.681111
v 2.349855 0.689261 23.681111
v 1.976118 1.609523 23.681111
v 2.349855 1.609523 23.681111
v 1.976118 1.618139 23.594796
v 2.349855 1.618139 23.594796
v 1.976118 0.680644 23.392353
v 2.349855 0.680644 23.392353
vt 0.375000 0.000000
vt 0.625000 0.000000
vt 0.375000 0.250000
vt 0.625000 0.250000
vt 0.375000 0.500000
vt 0.625000 0.500000
vt 0.375000 0.750000
vt 0.625000 0.750000
vt 0.375000 1.000000
vt 0.625000 1.000000
vt 0.875000 0.000000
vt 0.875000 0.250000
vt 0.125000 0.000000
vt 0.125000 0.250000
vn 0.000000 0.995054 0.099334
vn 0.000000 0.995054 0.099334
vn 0.000000 0.995054 0.099334
vn 0.000000 0.995054 0.099334
vn 0.000000 0.211075 -0.977470
vn 0.000000 0.211075 -0.977470
vn 0.000000 0.211075 -0.977470
vn 0.000000 0.211075 -0.977470
vn 0.000000 -0.999555 0.029827
vn 0.000000 -0.999555 0.029827
vn 0.000000 -0.999555 0.029827
vn 0.000000 -0.999555 0.029827
vn 1.000000 0.000000 0.000000
vn 1.000000 0.000000 0.000000
vn 1.000000 0.000000 0.000000
vn 1.000000 0.000000 0.000000
vn -1.000000 0.000000 0.000000
vn -1.000000 0.000000 0.000000
vn -1.000000 0.000000 0.000000
vn -1.000000 0.000000 0.000000
s off
g Pasillo Lector Puerta pCube5
usemtl initialShadingGroup
f 435/1044/1361 436/1045/1362 438/1047/1363 437/1046/1364
f 437/1046/1365 438/1047/1366 440/1049/1367 439/1048/1368
f 439/1048/1369 440/1049/1370 434/1051/1371 433/1050/1372
f 434/1043/1373 440/1052/1374 438/1053/1375 436/1045/1376
f 439/1054/1377 433/1042/1378 435/1044/1379 437/1055/1380
g default
v -3.982613 -1.167951 23.992715
v -3.103881 -1.167951 23.992715
v -3.982613 4.460504 23.992715
v -3.103881 4.460504 23.992715
v -3.982613 4.460504 23.714794
v -3.103881 4.460504 23.714794
v -3.982613 -1.167951 23.714794
v -3.103881 -1.167951 23.714794
vt 0.375000 0.000000
vt 0.625000 0.000000
vt 0.375000 0.250000
vt 0.625000 0.250000
vt 0.375000 0.500000
vt 0.625000 0.500000
vt 0.375000 0.750000
vt 0.625000 0.750000
vt 0.875000 0.000000
vt 0.875000 0.250000
vn 0.000000 0.000000 1.000000
vn 0.000000 0.000000 1.000000
vn 0.000000 0.000000 1.000000
vn 0.000000 0.000000 1.000000
vn 0.000000 0.000000 -1.000000
vn 0.000000 0.000000 -1.000000
vn 0.000000 0.000000 -1.000000
vn 0.000000 0.000000 -1.000000
vn 1.000000 0.000000 0.000000
vn 1.000000 0.000000 0.000000
vn 1.000000 0.000000 0.000000
vn 1.000000 0.000000 0.000000
s off
g Pasillo Puerta pCube1 Marco_puerta
usemtl initialShadingGroup
f 441/1056/1381 442/1057/1382 444/1059/1383 443/1058/1384
f 445/1060/1385 446/1061/1386 448/1063/1387 447/1062/1388
f 442/1057/1389 448/1064/1390 446/1065/1391 444/1059/1392
g default
v 1.850561 -1.167951 23.992715
v 2.729293 -1.167951 23.992715
v 1.850561 4.460504 23.992715
v 2.729293 4.460504 23.992715
v 1.850561 4.460504 23.714794
v 2.729293 4.460504 23.714794
v 1.850561 -1.167951 23.714794
v 2.729293 -1.167951 23.714794
vt 0.375000 0.000000
vt 0.625000 0.000000
vt 0.375000 0.250000
vt 0.625000 0.250000
vt 0.375000 0.500000
vt 0.625000 0.500000
vt 0.375000 0.750000
vt 0.625000 0.750000
vt 0.125000 0.000000
vt 0.125000 0.250000
vn 0.000000 0.000000 1.000000
vn 0.000000 0.000000 1.000000
vn 0.000000 0.000000 1.000000
vn 0.000000 0.000000 1.000000
vn 0.000000 0.000000 -1.000000
vn 0.000000 0.000000 -1.000000
vn 0.000000 0.000000 -1.000000
vn 0.000000 0.000000 -1.000000
vn -1.000000 0.000000 0.000000
vn -1.000000 0.000000 0.000000
vn -1.000000 0.000000 0.000000
vn -1.000000 0.000000 0.000000
s off
g Pasillo Puerta Marco_puerta pCube2
usemtl initialShadingGroup
f 449/1066/1393 450/1067/1394 452/1069/1395 451/1068/1396
f 453/1070/1397 454/1071/1398 456/1073/1399 455/1072/1400
f 455/1074/1401 449/1066/1402 451/1068/1403 453/1075/1404
g default
v -3.100268 4.453840 23.894569
v -3.100268 3.196646 23.894569
v 1.868831 4.453840 23.894569
v 1.868831 3.196646 23.894569
v 1.868831 4.453840 23.812939
v 1.868831 3.196646 23.812939
v -3.100268 4.453840 23.812939
v -3.100268 3.196646 23.812939
vt 0.375000 0.000000
vt 0.625000 0.000000
vt 0.375000 0.250000
vt 0.625000 0.250000
vt 0.375000 0.500000
vt 0.625000 0.500000
vt 0.375000 0.750000
vt 0.625000 0.750000
vt 0.875000 0.000000
vt 0.875000 0.250000
vn 0.000000 0.000000 1.000000
vn 0.000000 0.000000 1.000000
vn 0.000000 0.000000 1.000000
vn 0.000000 0.000000 1.000000
vn 0.000000 0.000000 -1.000000
vn 0.000000 0.000000 -1.000000
vn 0.000000 0.000000 -1.000000
vn 0.000000 0.000000 -1.000000
vn 0.000000 -1.000000 0.000000
vn 0.000000 -1.000000 0.000000
vn 0.000000 -1.000000 0.000000
vn 0.000000 -1.000000 0.000000
s off
g Pasillo Puerta Marco_puerta pCube3
usemtl initialShadingGroup
f 457/1076/1405 458/1077/1406 460/1079/1407 459/1078/1408
f 461/1080/1409 462/1081/1410 464/1083/1411 463/1082/1412
f 458/1077/1413 464/1084/1414 462/1085/1415 460/1079/1416
g default
v -3.100268 3.253939 23.963965
v -3.100268 3.178296 23.963965
v 1.868831 3.253939 23.963965
v 1.868831 3.178296 23.963965
v 1.868831 3.253939 23.743543
v 1.868831 3.178296 23.743543
v -3.100268 3.253939 23.743543
v -3.100268 3.178296 23.743543
vt 0.375000 0.000000
vt 0.625000 0.000000
vt 0.375000 0.250000
vt 0.625000 0.250000
vt 0.375000 0.500000
vt 0.625000 0.500000
vt 0.375000 0.750000
vt 0.625000 0.750000
vt 0.875000 0.000000
vt 0.875000 0.250000
vn 0.000000 0.000000 1.000000
vn 0.000000 0.000000 1.000000
vn 0.000000 0.000000 1.000000
vn 0.000000 0.000000 1.000000
vn 0.000000 0.000000 -1.000000
vn 0.000000 0.000000 -1.000000
vn 0.000000 0.000000 -1.000000
vn 0.000000 0.000000 -1.000000
vn 0.000000 -1.000000 0.000000
vn 0.000000 -1.000000 0.000000
vn 0.000000 -1.000000 0.000000
vn 0.000000 -1.000000 0.000000
s off
g Pasillo Puerta Marco_puerta pCube4
usemtl initialShadingGroup
f 465/1086/1417 466/1087/1418 468/1089/1419 467/1088/1420
f 469/1090/1421 470/1091/1422 472/1093/1423 471/1092/1424
f 466/1087/1425 472/1094/1426 470/1095/1427 468/1089/1428
g default
v -3.869840 2.571600 11.062420
v -3.842418 2.571600 11.062420
v -3.869840 3.069967 11.062420
v -3.842418 3.069967 11.062420
v -3.869840 3.069967 8.630710
v -3.842418 3.069967 8.630710
v -3.869840 2.571600 8.630710
v -3.842418 2.571600 8.630710
vt 0.375000 0.000000
vt 0.625000 0.000000
vt 0.375000 0.250000
vt 0.625000 0.250000
vt 0.375000 0.500000
vt 0.625000 0.500000
vt 0.375000 0.750000
vt 0.625000 0.750000
vt 0.375000 1.000000
vt 0.625000 1.000000
vt 0.875000 0.000000
vt 0.875000 0.250000
vn 0.000000 0.000000 1.000000
vn 0.000000 0.000000 1.000000
vn 0.000000 0.000000 1.000000
vn 0.000000 0.000000 1.000000
vn 0.000000 1.000000 0.000000
vn 0.000000 1.000000 0.000000
vn 0.000000 1.000000 0.000000
vn 0.000000 1.000000 0.000000
vn 0.000000 0.000000 -1.000000
vn 0.000000 0.000000 -1.000000
vn 0.000000 0.000000 -1.000000
vn 0.000000 0.000000 -1.000000
vn 0.000000 -1.000000 0.000000
vn 0.000000 -1.000000 0.000000
vn 0.000000 -1.000000 0.000000
vn 0.000000 -1.000000 0.000000
vn 1.000000 0.000000 0.000000
vn 1.000000 0.000000 0.000000
vn 1.000000 0.000000 0.000000
vn 1.000000 0.000000 0.000000
s off
g Pasillo pCube9
usemtl initialShadingGroup
f 473/1096/1429 474/1097/1430 476/1099/1431 475/1098/1432
f 475/1098/1433 476/1099/1434 478/1101/1435 477/1100/1436
f 477/1100/1437 478/1101/1438 480/1103/1439 479/1102/1440
f 479/1102/1441 480/1103/1442 474/1105/1443 473/1104/1444
f 474/1097/1445 480/1106/1446 478/1107/1447 476/1099/1448
g default
v -3.931189 2.609826 10.935626
v -3.874652 2.609826 10.935626
v -3.931189 3.031741 10.935626
v -3.874652 3.031741 10.935626
v -3.931189 3.031741 8.757504
v -3.874652 3.031741 8.757504
v -3.931189 2.609826 8.757504
v -3.874652 2.609826 8.757504
vt 0.375000 0.000000
vt 0.625000 0.000000
vt 0.375000 0.250000
vt 0.625000 0.250000
vt 0.375000 0.500000
vt 0.625000 0.500000
vt 0.375000 0.750000
vt 0.625000 0.750000
vt 0.375000 1.000000
vt 0.625000 1.000000
vn 0.000000 0.000000 1.000000
vn 0.000000 0.000000 1.000000
vn 0.000000 0.000000 1.000000
vn 0.000000 0.000000 1.000000
vn 0.000000 1.000000 0.000000
vn 0.000000 1.000000 0.000000
vn 0.000000 1.000000 0.000000
vn 0.000000 1.000000 0.000000
vn 0.000000 0.000000 -1.000000
vn 0.000000 0.000000 -1.000000
vn 0.000000 0.000000 -1.000000
vn 0.000000 0.000000 -1.000000
vn 0.000000 -1.000000 0.000000
vn 0.000000 -1.000000 0.000000
vn 0.000000 -1.000000 0.000000
vn 0.000000 -1.000000 0.000000
s off
g Pasillo pCube10
usemtl initialShadingGroup
f 481/1108/1449 482/1109/1450 484/1111/1451 483/1110/1452
f 483/1110/1453 484/1111/1454 486/1113/1455 485/1112/1456
f 485/1112/1457 486/1113/1458 488/1115/1459 487/1114/1460
f 487/1114/1461 488/1115/1462 482/1117/1463 481/1116/1464
g default
v -10.917947 -1.092302 12.117311
v -11.081549 -1.092302 11.855045
v -11.305033 -1.092302 11.759048
v -11.528517 -1.092302 11.855045
v -11.692118 -1.092302 12.117311
v -11.752001 -1.092302 12.475574
v -11.692118 -1.092302 12.833838
v -11.528517 -1.092302 13.096105
v -11.305033 -1.092302 13.192101
v -11.081549 -1.092302 13.096105
v -10.917947 -1.092302 12.833838
v -10.858065 -1.092302 12.475574
v -11.207865 0.803379 12.385642
v -11.248933 0.803379 12.319807
v -11.305033 0.803379 12.295709
v -11.361133 0.803379 12.319807
v -11.402200 0.803379 12.385642
v -11.417233 0.803379 12.475574
v -11.402200 0.803379 12.565508
v -11.361133 0.803379 12.631343
v -11.305033 0.803379 12.655440
v -11.248933 0.803379 12.631343
v -11.207865 0.803379 12.565508
v -11.192833 0.803379 12.475574
v -11.224893 0.798147 12.401402
v -11.258765 0.798147 12.347104
v -11.305033 0.798147 12.327229
v -11.351301 0.798147 12.347104
v -11.385173 0.798147 12.401402
v -11.397570 0.798147 12.475574
v -11.385173 0.798147 12.549746
v -11.351301 0.798147 12.604045
v -11.305033 0.798147 12.623919
v -11.258765 0.798147 12.604045
v -11.224893 0.798147 12.549746
v -11.212496 0.798147 12.475574
v -11.200286 0.637244 12.378627
v -11.244557 0.637244 12.307656
v -11.305033 0.637244 12.281677
v -11.365509 0.637244 12.307654
v -11.409780 0.637244 12.378627
v -11.425986 0.637244 12.475574
v -11.409780 0.637244 12.572522
v -11.365508 0.637244 12.643493
v -11.305033 0.637244 12.669470
v -11.244557 0.637244 12.643493
v -11.200286 0.637244 12.572522
v -11.184083 0.637244 12.475574
v -11.305034 0.637244 12.475573
vt 0.375000 0.312500
vt 0.395833 0.312500
vt 0.416667 0.312500
vt 0.437500 0.312500
vt 0.458333 0.312500
vt 0.479167 0.312500
vt 0.500000 0.312500
vt 0.520833 0.312500
vt 0.541667 0.312500
vt 0.562500 0.312500
vt 0.583333 0.312500
vt 0.604167 0.312500
vt 0.625000 0.312500
vt 0.375000 0.688440
vt 0.395833 0.688440
vt 0.416667 0.688440
vt 0.437500 0.688440
vt 0.458333 0.688440
vt 0.479167 0.688440
vt 0.500000 0.688440
vt 0.520833 0.688440
vt 0.541667 0.688440
vt 0.562500 0.688440
vt 0.583333 0.688440
vt 0.604167 0.688440
vt 0.625000 0.688440
vt 0.000000 0.000000
vt 1.000000 0.000000
vt 1.000000 1.000000
vt 0.000000 1.000000
vt 0.000000 0.000000
vt 1.000000 0.000000
vt 1.000000 1.000000
vt 0.000000 1.000000
vt 0.000000 0.000000
vt 1.000000 0.000000
vt 1.000000 1.000000
vt 0.000000 1.000000
vt 0.000000 0.000000
vt 1.000000 0.000000
vt 1.000000 1.000000
vt 0.000000 1.000000
vt 0.000000 0.000000
vt 1.000000 0.000000
vt 1.000000 1.000000
vt 0.000000 1.000000
vt 0.000000 0.000000
vt 1.000000 0.000000
vt 1.000000 1.000000
vt 0.000000 1.000000
vt 0.000000 0.000000
vt 1.000000 0.000000
vt 1.000000 1.000000
vt 0.000000 1.000000
vt 0.000000 0.000000
vt 1.000000 0.000000
vt 1.000000 1.000000
vt 0.000000 1.000000
vt 0.000000 0.000000
vt 1.000000 0.000000
vt 1.000000 1.000000
vt 0.000000 1.000000
vt 0.000000 0.000000
vt 1.000000 0.000000
vt 1.000000 1.000000
vt 0.000000 1.000000
vt 0.000000 0.000000
vt 1.000000 0.000000
vt 1.000000 1.000000
vt 0.000000 1.000000
vt 0.000000 0.000000
vt 1.000000 0.000000
vt 1.000000 1.000000
vt 0.000000 1.000000
vt 0.000000 0.000000
vt 1.000000 0.000000
vt 1.000000 1.000000
vt 0.000000 1.000000
vt 0.000000 0.000000
vt 1.000000 0.000000
vt 1.000000 1.000000
vt 0.000000 1.000000
vt 0.000000 0.000000
vt 1.000000 0.000000
vt 1.000000 1.000000
vt 0.000000 1.000000
vt 0.000000 0.000000
vt 1.000000 0.000000
vt 1.000000 1.000000
vt 0.000000 1.000000
vt 0.000000 0.000000
vt 1.000000 0.000000
vt 1.000000 1.000000
vt 0.000000 1.000000
vt 0.000000 0.000000
vt 1.000000 0.000000
vt 1.000000 1.000000
vt 0.000000 1.000000
vt 0.000000 0.000000
vt 1.000000 0.000000
vt 1.000000 1.000000
vt 0.000000 1.000000
vt 0.000000 0.000000
vt 1.000000 0.000000
vt 1.000000 1.000000
vt 0.000000 1.000000
vt 0.000000 0.000000
vt 1.000000 0.000000
vt 1.000000 1.000000
vt 0.000000 1.000000
vt 0.000000 0.000000
vt 1.000000 0.000000
vt 1.000000 1.000000
vt 0.000000 1.000000
vt 0.000000 0.000000
vt 1.000000 0.000000
vt 1.000000 1.000000
vt 0.000000 1.000000
vt 0.000000 0.000000
vt 1.000000 0.000000
vt 1.000000 1.000000
vt 0.000000 1.000000
vt 0.000000 1.000000
vn 0.831220 0.200521 -0.518522
vn 0.831220 0.200521 -0.518522
vn 0.831220 0.200521 -0.518522
vn 0.831220 0.200521 -0.518522
vn 0.381976 0.251736 -0.889226
vn 0.381976 0.251736 -0.889226
vn 0.381976 0.251736 -0.889226
vn 0.381976 0.251736 -0.889226
vn -0.381976 0.251737 -0.889226
vn -0.381976 0.251737 -0.889226
vn -0.381976 0.251737 -0.889226
vn -0.381976 0.251737 -0.889226
vn -0.831223 0.200521 -0.518517
vn -0.831223 0.200521 -0.518517
vn -0.831223 0.200521 -0.518517
vn -0.831223 0.200521 -0.518517
vn -0.971687 0.171596 -0.162418
vn -0.971687 0.171596 -0.162418
vn -0.971687 0.171596 -0.162418
vn -0.971687 0.171596 -0.162418
vn -0.971687 0.171596 0.162417
vn -0.971687 0.171596 0.162417
vn -0.971687 0.171596 0.162417
vn -0.971687 0.171596 0.162417
vn -0.831226 0.200519 0.518513
vn -0.831226 0.200519 0.518513
vn -0.831226 0.200519 0.518513
vn -0.831226 0.200519 0.518513
vn -0.381961 0.251738 0.889232
vn -0.381961 0.251738 0.889232
vn -0.381961 0.251738 0.889232
vn -0.381961 0.251738 0.889232
vn 0.381961 0.251737 0.889232
vn 0.381961 0.251737 0.889232
vn 0.381961 0.251737 0.889232
vn 0.381961 0.251737 0.889232
vn 0.831223 0.200519 0.518518
vn 0.831223 0.200519 0.518518
vn 0.831223 0.200519 0.518518
vn 0.831223 0.200519 0.518518
vn 0.971688 0.171595 0.162412
vn 0.971688 0.171595 0.162412
vn 0.971688 0.171595 0.162412
vn 0.971688 0.171595 0.162412
vn 0.971688 0.171595 -0.162413
vn 0.971688 0.171595 -0.162413
vn 0.971688 0.171595 -0.162413
vn 0.971688 0.171595 -0.162413
vn -0.223813 0.971293 0.080606
vn -0.130561 0.981354 0.141061
vn -0.130558 0.981354 0.141062
vn -0.223813 0.971293 0.080606
vn 0.000000 0.986504 0.163739
vn 0.000000 0.986504 0.163739
vn 0.130560 0.981354 0.141061
vn 0.130558 0.981354 0.141061
vn 0.223809 0.971294 0.080605
vn 0.223810 0.971294 0.080604
vn 0.257112 0.966382 0.000000
vn 0.257112 0.966382 0.000000
vn 0.223795 0.971298 -0.080603
vn 0.223798 0.971297 -0.080599
vn 0.130552 0.981356 -0.141057
vn 0.130552 0.981356 -0.141057
vn -0.000000 0.986504 -0.163735
vn -0.000000 0.986504 -0.163735
vn -0.130550 0.981356 -0.141055
vn -0.130549 0.981356 -0.141055
vn -0.223800 0.971296 -0.080604
vn -0.223802 0.971296 -0.080601
vn -0.257128 0.966377 0.000000
vn -0.257128 0.966377 0.000000
vn -0.923993 -0.188416 0.332772
vn -0.660517 -0.233283 0.713650
vn -0.660518 -0.233283 0.713649
vn -0.923993 -0.188416 0.332772
vn -0.000012 -0.272386 0.962188
vn -0.000011 -0.272386 0.962188
vn 0.660517 -0.233285 0.713649
vn 0.660517 -0.233285 0.713649
vn 0.923992 -0.188414 0.332776
vn 0.923992 -0.188414 0.332776
vn 0.984762 -0.173905 -0.000000
vn 0.984762 -0.173905 -0.000000
vn 0.923990 -0.188415 -0.332779
vn 0.923990 -0.188415 -0.332780
vn 0.660518 -0.233280 -0.713650
vn 0.660517 -0.233280 -0.713651
vn -0.000000 -0.272387 -0.962188
vn -0.000000 -0.272387 -0.962188
vn -0.660516 -0.233287 -0.713650
vn -0.660517 -0.233287 -0.713649
vn -0.923994 -0.188416 -0.332769
vn -0.923993 -0.188416 -0.332770
vn -0.984763 -0.173902 -0.000000
vn -0.984763 -0.173902 -0.000000
vn 0.000000 1.000000 -0.000001
vn 0.000001 1.000000 0.000001
vn -0.000002 1.000000 0.000000
vn 0.000002 1.000000 0.000001
vn 0.000001 1.000000 0.000001
vn 0.000000 1.000000 0.000001
vn 0.000000 1.000000 0.000000
vn 0.000001 1.000000 0.000001
vn 0.000001 1.000000 0.000002
vn 0.000004 1.000000 -0.000000
vn 0.000002 1.000000 0.000001
vn 0.000002 1.000000 0.000001
vn 0.000002 1.000000 0.000001
s off
g Pasillo pCylinder3 Cono
usemtl initialShadingGroup
f 489/1118/1465 490/1119/1466 502/1132/1467 501/1131/1468
f 490/1119/1469 491/1120/1470 503/1133/1471 502/1132/1472
f 491/1120/1473 492/1121/1474 504/1134/1475 503/1133/1476
f 492/1121/1477 493/1122/1478 505/1135/1479 504/1134/1480
f 493/1122/1481 494/1123/1482 506/1136/1483 505/1135/1484
f 494/1123/1485 495/1124/1486 507/1137/1487 506/1136/1488
f 495/1124/1489 496/1125/1490 508/1138/1491 507/1137/1492
f 496/1125/1493 497/1126/1494 509/1139/1495 508/1138/1496
f 497/1126/1497 498/1127/1498 510/1140/1499 509/1139/1500
f 498/1127/1501 499/1128/1502 511/1141/1503 510/1140/1504
f 499/1128/1505 500/1129/1506 512/1142/1507 511/1141/1508
f 500/1129/1509 489/1130/1510 501/1143/1511 512/1142/1512
s 1
f 501/1144/1513 502/1145/1514 514/1146/1515 513/1147/1516
f 502/1148/1514 503/1149/1517 515/1150/1518 514/1151/1515
f 503/1152/1517 504/1153/1519 516/1154/1520 515/1155/1518
f 504/1156/1519 505/1157/1521 517/1158/1522 516/1159/1520
f 505/1160/1521 506/1161/1523 518/1162/1524 517/1163/1522
f 506/1164/1523 507/1165/1525 519/1166/1526 518/1167/1524
f 507/1168/1525 508/1169/1527 520/1170/1528 519/1171/1526
f 508/1172/1527 509/1173/1529 521/1174/1530 520/1175/1528
f 509/1176/1529 510/1177/1531 522/1178/1532 521/1179/1530
f 510/1180/1531 511/1181/1533 523/1182/1534 522/1183/1532
f 511/1184/1533 512/1185/1535 524/1186/1536 523/1187/1534
f 512/1188/1535 501/1189/1513 513/1190/1516 524/1191/1536
s 2
f 513/1192/1537 514/1193/1538 526/1194/1539 525/1195/1540
f 514/1196/1538 515/1197/1541 527/1198/1542 526/1199/1539
f 515/1200/1541 516/1201/1543 528/1202/1544 527/1203/1542
f 516/1204/1543 517/1205/1545 529/1206/1546 528/1207/1544
f 517/1208/1545 518/1209/1547 530/1210/1548 529/1211/1546
f 518/1212/1547 519/1213/1549 531/1214/1550 530/1215/1548
f 519/1216/1549 520/1217/1551 532/1218/1552 531/1219/1550
f 520/1220/1551 521/1221/1553 533/1222/1554 532/1223/1552
f 521/1224/1553 522/1225/1555 534/1226/1556 533/1227/1554
f 522/1228/1555 523/1229/1557 535/1230/1558 534/1231/1556
f 523/1232/1557 524/1233/1559 536/1234/1560 535/1235/1558
f 524/1236/1559 513/1237/1537 525/1238/1540 536/1239/1560
s 3
f 533/1227/1561 537/1240/1562 532/1223/1563
f 526/1199/1564 527/1203/1565 537/1240/1562
f 537/1240/1562 527/1203/1565 528/1207/1566
f 537/1240/1562 528/1207/1566 529/1211/1567
f 537/1240/1562 529/1211/1567 530/1215/1568
f 537/1240/1562 530/1215/1568 531/1219/1569
f 537/1240/1562 531/1219/1569 532/1223/1563
f 534/1231/1570 537/1240/1562 533/1227/1561
f 535/1235/1571 537/1240/1562 534/1231/1570
f 536/1239/1572 537/1240/1562 535/1235/1571
f 525/1195/1573 537/1240/1562 536/1239/1572
f 526/1199/1564 537/1240/1562 525/1195/1573
g default
v -11.797583 -1.144886 13.301082
v -10.795178 -1.144886 13.301082
v -11.797583 -1.083723 13.301082
v -10.795178 -1.083723 13.301082
v -11.797583 -1.083723 11.694140
v -10.795178 -1.083723 11.694140
v -11.797583 -1.144886 11.694140
v -10.795178 -1.144886 11.694140
v -10.850949 -1.082168 11.653275
v -10.850949 -1.146442 11.653275
v -10.850949 -1.146442 13.341948
v -10.850949 -1.082168 13.341948
v -11.741813 -1.082168 11.653275
v -11.741813 -1.146442 11.653275
v -11.741813 -1.146442 13.341948
v -11.741813 -1.082168 13.341948
v -11.741813 -1.082168 11.771653
v -11.823075 -1.082168 11.771653
v -11.823075 -1.146442 11.771653
v -10.769685 -1.146442 11.771653
v -10.769685 -1.082168 11.771653
v -10.850949 -1.082168 11.771653
v -11.741813 -1.082168 13.223570
v -11.823075 -1.082168 13.223570
v -11.823075 -1.146442 13.223570
v -10.769685 -1.146442 13.223570
v -10.769685 -1.082168 13.223570
v -10.850949 -1.082168 13.223570
vt 0.375000 0.000000
vt 0.625000 0.000000
vt 0.375000 0.250000
vt 0.625000 0.250000
vt 0.375000 0.500000
vt 0.625000 0.500000
vt 0.375000 0.750000
vt 0.625000 0.750000
vt 0.875000 0.000000
vt 0.875000 0.250000
vt 0.125000 0.000000
vt 0.125000 0.250000
vt 0.541667 0.500000
vt 0.541667 0.750000
vt 0.541667 0.000000
vt 0.541667 0.250000
vt 0.458333 0.500000
vt 0.458333 0.750000
vt 0.458333 0.000000
vt 0.458333 0.250000
vt 0.458333 0.416667
vt 0.208333 0.250000
vt 0.375000 0.416667
vt 0.208333 0.000000
vt 0.791667 0.000000
vt 0.625000 0.416667
vt 0.791667 0.250000
vt 0.541667 0.416667
vt 0.458333 0.333333
vt 0.291667 0.250000
vt 0.375000 0.333333
vt 0.291667 0.000000
vt 0.708333 0.000000
vt 0.625000 0.333333
vt 0.708333 0.250000
vt 0.541667 0.333333
vn -0.591053 0.000000 0.806633
vn -0.041625 0.000000 0.999133
vn -0.041625 0.000000 0.999133
vn -0.591053 0.000000 0.806633
vn -0.014271 0.999850 0.009798
vn -0.000608 1.000000 0.000417
vn -0.000060 1.000000 0.000041
vn -0.000520 1.000000 0.000357
vn -0.591053 0.000000 -0.806633
vn -0.041625 0.000000 -0.999133
vn -0.041625 0.000000 -0.999133
vn -0.591053 0.000000 -0.806633
vn 0.949944 0.000000 0.312420
vn 0.999871 0.000000 0.016054
vn 0.999871 0.000000 0.016054
vn 0.949944 0.000000 0.312420
vn -0.999871 0.000000 0.016054
vn -0.949944 0.000000 0.312420
vn -0.949944 0.000000 0.312420
vn -0.999871 0.000000 0.016054
vn 0.041625 0.000000 -0.999133
vn 0.591052 0.000000 -0.806634
vn 0.591052 0.000000 -0.806634
vn 0.041625 0.000000 -0.999133
vn 0.041625 0.000000 0.999133
vn 0.041625 0.000000 0.999133
vn 0.591047 0.000000 0.806637
vn 0.591047 0.000000 0.806637
vn 0.000060 1.000000 0.000041
vn 0.000608 1.000000 0.000417
vn 0.014271 0.999850 0.009797
vn 0.000520 1.000000 0.000357
vn -0.000520 1.000000 -0.000357
vn -0.000060 1.000000 -0.000041
vn -0.000608 1.000000 -0.000417
vn -0.014271 0.999850 -0.009798
vn -0.949945 0.000000 -0.312417
vn -0.999871 0.000000 -0.016054
vn -0.999871 0.000000 -0.016054
vn -0.949945 0.000000 -0.312417
vn 0.999871 0.000000 -0.016054
vn 0.999871 0.000000 -0.016054
vn 0.949945 0.000000 -0.312418
vn 0.949945 0.000000 -0.312418
vn 0.000608 1.000000 -0.000417
vn 0.000060 1.000000 -0.000041
vn 0.000520 1.000000 -0.000357
vn 0.014271 0.999850 -0.009798
s 1
g Pasillo Cono pCube11
usemtl initialShadingGroup
f 538/1241/1574 552/1259/1575 553/1260/1576 540/1243/1577
s 2
f 540/1243/1578 553/1260/1579 560/1269/1580 561/1271/1581
s 3
f 542/1245/1582 550/1257/1583 551/1258/1584 544/1247/1585
s 4
f 539/1242/1586 563/1273/1587 564/1275/1588 541/1244/1589
s 5
f 562/1272/1590 538/1241/1591 540/1243/1592 561/1270/1593
s 3
f 546/1253/1594 543/1246/1595 545/1248/1596 547/1254/1597
s 1
f 549/1256/1598 548/1255/1599 539/1242/1600 541/1244/1601
s 2
f 565/1276/1602 549/1256/1603 541/1244/1604 564/1274/1605
s 3
f 550/1257/1583 546/1253/1594 547/1254/1597 551/1258/1584
s 1
f 553/1260/1576 552/1259/1575 548/1255/1599 549/1256/1598
s 2
f 565/1276/1602 560/1269/1580 553/1260/1579 549/1256/1603
f 555/1263/1606 554/1261/1607 550/1257/1608 542/1245/1609
s 5
f 544/1251/1610 556/1264/1611 555/1262/1612 542/1252/1613
s 4
f 558/1267/1614 557/1265/1615 545/1249/1616 543/1250/1617
s 2
f 546/1253/1618 559/1268/1619 558/1266/1620 543/1246/1621
f 550/1257/1608 554/1261/1607 559/1268/1619 546/1253/1618
f 561/1271/1581 560/1269/1580 554/1261/1607 555/1263/1606
s 5
f 556/1264/1611 562/1272/1590 561/1270/1593 555/1262/1612
s 4
f 564/1275/1588 563/1273/1587 557/1265/1615 558/1267/1614
s 2
f 559/1268/1619 565/1276/1602 564/1274/1605 558/1266/1620
f 559/1268/1619 554/1261/1607 560/1269/1580 565/1276/1602
g default
v -11.558827 -1.135185 15.025219
v -11.583913 -1.135185 15.008561
v -11.609000 -1.135185 15.025219
v -11.619390 -1.135185 15.065432
v -11.609000 -1.135185 15.105646
v -11.583913 -1.135185 15.122304
v -11.558827 -1.135185 15.105646
v -11.548437 -1.135185 15.065432
v -11.558827 1.770186 15.025219
v -11.583913 1.770186 15.008561
v -11.609000 1.770186 15.025219
v -11.619390 1.770186 15.065432
v -11.609000 1.770186 15.105646
v -11.583913 1.770186 15.122304
v -11.558827 1.770186 15.105646
v -11.548437 1.770186 15.065432
v -11.583913 1.770186 15.065432
vt 0.375000 0.312500
vt 0.406250 0.312500
vt 0.437500 0.312500
vt 0.468750 0.312500
vt 0.500000 0.312500
vt 0.531250 0.312500
vt 0.562500 0.312500
vt 0.593750 0.312500
vt 0.625000 0.312500
vt 0.375000 0.688440
vt 0.406250 0.688440
vt 0.437500 0.688440
vt 0.468750 0.688440
vt 0.500000 0.688440
vt 0.531250 0.688440
vt 0.562500 0.688440
vt 0.593750 0.688440
vt 0.625000 0.688440
vt 0.610485 0.733265
vt 0.500000 0.687500
vt 0.389515 0.733265
vt 0.343750 0.843750
vt 0.389515 0.954235
vt 0.500000 1.000000
vt 0.610485 0.954235
vt 0.656250 0.843750
vt 0.500000 0.837500
vn 0.553179 0.000000 -0.833062
vn 0.553179 0.000000 -0.833062
vn 0.553179 0.000000 -0.833062
vn 0.553179 0.000000 -0.833062
vn -0.553160 0.000000 -0.833075
vn -0.553160 0.000000 -0.833075
vn -0.553160 0.000000 -0.833075
vn -0.553160 0.000000 -0.833075
vn -0.968203 0.000000 -0.250166
vn -0.968203 0.000000 -0.250166
vn -0.968203 0.000000 -0.250166
vn -0.968203 0.000000 -0.250166
vn -0.968203 0.000000 0.250166
vn -0.968203 0.000000 0.250166
vn -0.968203 0.000000 0.250166
vn -0.968203 0.000000 0.250166
vn -0.553160 0.000000 0.833075
vn -0.553160 0.000000 0.833075
vn -0.553160 0.000000 0.833075
vn -0.553160 0.000000 0.833075
vn 0.553179 0.000000 0.833062
vn 0.553179 0.000000 0.833062
vn 0.553179 0.000000 0.833062
vn 0.553179 0.000000 0.833062
vn 0.968203 0.000000 0.250166
vn 0.968203 0.000000 0.250166
vn 0.968203 0.000000 0.250166
vn 0.968203 0.000000 0.250166
vn 0.968203 0.000000 -0.250166
vn 0.968203 0.000000 -0.250166
vn 0.968203 0.000000 -0.250166
vn 0.968203 0.000000 -0.250166
vn 0.000000 1.000000 0.000000
vn 0.000000 1.000000 0.000000
vn 0.000000 1.000000 0.000000
vn 0.000000 1.000000 0.000000
vn 0.000000 1.000000 0.000000
vn 0.000000 1.000000 0.000000
vn 0.000000 1.000000 0.000000
vn 0.000000 1.000000 0.000000
vn 0.000000 1.000000 0.000000
s off
g Pasillo pCylinder4
usemtl initialShadingGroup
f 566/1277/1622 567/1278/1623 575/1287/1624 574/1286/1625
f 567/1278/1626 568/1279/1627 576/1288/1628 575/1287/1629
f 568/1279/1630 569/1280/1631 577/1289/1632 576/1288/1633
f 569/1280/1634 570/1281/1635 578/1290/1636 577/1289/1637
f 570/1281/1638 571/1282/1639 579/1291/1640 578/1290/1641
f 571/1282/1642 572/1283/1643 580/1292/1644 579/1291/1645
f 572/1283/1646 573/1284/1647 581/1293/1648 580/1292/1649
f 573/1284/1650 566/1285/1651 574/1294/1652 581/1293/1653
s 1
f 574/1301/1654 575/1300/1655 582/1303/1656
f 575/1300/1655 576/1299/1657 582/1303/1656
f 576/1299/1657 577/1298/1658 582/1303/1656
f 577/1298/1658 578/1297/1659 582/1303/1656
f 578/1297/1659 579/1296/1660 582/1303/1656
f 579/1296/1660 580/1295/1661 582/1303/1656
f 580/1295/1661 581/1302/1662 582/1303/1656
f 581/1302/1662 574/1301/1654 582/1303/1656
g default
v -9.913573 -0.058666 18.571359
v -9.945803 -0.171479 18.441473
v -10.031169 -0.084742 18.662217
v -10.127205 -0.213554 18.610620
v -10.168698 0.016319 18.733077
v -10.225736 -0.137670 18.578040
v -10.300389 0.124102 18.578707
v -10.302992 -0.075265 18.486389
v -10.354021 0.181702 18.268391
v -10.331946 -0.043387 18.223235
v -10.350476 0.195870 18.012941
v -10.328747 -0.031039 17.999513
v -10.333248 0.200827 17.765326
v -10.312640 -0.026444 17.768621
v -10.310059 0.201603 17.523723
v -10.290117 -0.025696 17.534029
v -10.284859 0.200877 17.285574
v -10.265050 -0.026419 17.297157
v -10.260756 0.200694 17.049831
v -10.240537 -0.026602 17.057374
v -10.239978 0.202560 16.815158
v -10.219115 -0.024676 16.815377
v -10.224070 0.207487 16.581040
v -10.202516 -0.019529 16.571011
v -10.213724 0.216028 16.345799
v -10.191760 -0.010664 16.326668
v -10.206867 0.227030 16.106791
v -10.184780 0.000529 16.083481
v -10.200903 0.238789 15.864870
v -10.178833 0.012255 15.842222
v -10.193165 0.249560 15.620734
v -10.171265 0.022798 15.603326
v -10.182024 0.258157 15.376389
v -10.160410 0.031173 15.365270
v -10.167493 0.264473 15.132803
v -10.146249 0.037329 15.127879
v -10.149708 0.268541 14.889900
v -10.128907 0.041296 14.891054
v -10.128820 0.270397 14.647790
v -10.108524 0.043106 14.654796
v -10.105338 0.270357 14.407319
v -10.085445 0.043065 14.418461
v -10.080157 0.269236 14.168200
v -10.060464 0.041953 14.181248
v -10.054217 0.267889 13.930242
v -10.034490 0.040604 13.942981
v -10.028441 0.267157 13.693232
v -10.008442 0.039865 13.703452
v -10.002920 0.267911 13.446933
v -9.982412 0.040635 13.452219
v -9.980727 0.270959 13.201286
v -9.959567 0.043776 13.199288
v -9.963997 0.277016 12.956186
v -9.942183 0.050075 12.944501
v -9.954825 0.286782 12.711523
v -9.932568 0.060323 12.687799
v -9.954234 0.300928 12.467631
v -9.931933 0.075252 12.430493
v -9.959256 0.319358 12.220834
v -9.937045 0.094063 12.178413
v -9.961218 0.337032 11.963806
v -9.938952 0.110804 11.935492
v -9.946641 0.345795 11.699937
v -9.926631 0.118471 11.707518
v -9.886145 0.333692 11.440546
v -9.883078 0.109876 11.414537
v -9.763462 0.293556 11.284455
v -9.799111 0.082149 11.306096
v -9.638984 0.265328 11.232236
v -9.675452 0.054105 11.292579
v -9.467167 0.277216 11.413507
v -9.524257 0.064855 11.432766
vt 0.000000 0.000000
vt 0.000000 0.000000
vt 0.000000 0.000000
vt 0.000000 0.000000
vt 0.000000 0.000000
vt 0.000000 0.000000
vt 0.000000 0.000000
vt 0.000000 0.000000
vt 0.000000 0.000000
vt 0.000000 0.000000
vt 0.000000 0.000000
vt 0.000000 0.000000
vt 0.000000 0.000000
vt 0.000000 0.000000
vt 0.000000 0.000000
vt 0.000000 0.000000
vt 0.000000 0.000000
vt 0.000000 0.000000
vt 0.000000 0.000000
vt 0.000000 0.000000
vt 0.000000 0.000000
vt 0.000000 0.000000
vt 0.000000 0.000000
vt 0.000000 0.000000
vt 0.000000 0.000000
vt 0.000000 0.000000
vt 0.000000 0.000000
vt 0.000000 0.000000
vt 0.000000 0.000000
vt 0.000000 0.000000
vt 0.000000 0.000000
vt 0.000000 0.000000
vt 0.000000 0.000000
vt 0.000000 0.000000
vt 0.000000 0.000000
vt 0.000000 0.000000
vt 0.000000 0.000000
vt 0.000000 0.000000
vt 0.000000 0.000000
vt 0.000000 0.000000
vt 0.000000 0.000000
vt 0.000000 0.000000
vt 0.000000 0.000000
vt 0.000000 0.000000
vt 0.000000 0.000000
vt 0.000000 0.000000
vt 0.000000 0.000000
vt 0.000000 0.000000
vt 0.000000 0.000000
vt 0.000000 0.000000
vt 0.000000 0.000000
vt 0.000000 0.000000
vt 0.000000 0.000000
vt 0.000000 0.000000
vt 0.000000 0.000000
vt 0.000000 0.000000
vt 0.000000 0.000000
vt 0.000000 0.000000
vt 0.000000 0.000000
vt 0.000000 0.000000
vt 0.000000 0.000000
vt 0.000000 0.000000
vt 0.000000 0.000000
vt 0.000000 0.000000
vt 0.000000 0.000000
vt 0.000000 0.000000
vt 0.000000 0.000000
vt 0.000000 0.000000
vt 0.000000 0.000000
vt 0.000000 0.000000
vt 0.000000 0.000000
vt 0.000000 0.000000
vt 0.000000 0.000000
vt 0.000000 0.000000
vt 0.000000 0.000000
vt 0.000000 0.000000
vt 0.000000 0.000000
vt 0.000000 0.000000
vt 0.000000 0.000000
vt 0.000000 0.000000
vt 0.000000 0.000000
vt 0.000000 0.000000
vt 0.000000 0.000000
vt 0.000000 0.000000
vt 0.000000 0.000000
vt 0.000000 0.000000
vt 0.000000 0.000000
vt 0.000000 0.000000
vt 0.000000 0.000000
vt 0.000000 0.000000
vt 0.000000 0.000000
vt 0.000000 0.000000
vt 0.000000 0.000000
vt 0.000000 0.000000
vt 0.000000 0.000000
vt 0.000000 0.000000
vt 0.000000 0.000000
vt 0.000000 0.000000
vt 0.000000 0.000000
vt 0.000000 0.000000
vt 0.000000 0.000000
vt 0.000000 0.000000
vt 0.000000 0.000000
vt 0.000000 0.000000
vt 0.000000 0.000000
vt 0.000000 0.000000
vt 0.000000 0.000000
vt 0.000000 0.000000
vt 0.000000 0.000000
vt 0.000000 0.000000
vt 0.000000 0.000000
vt 0.000000 0.000000
vt 0.000000 0.000000
vt 0.000000 0.000000
vt 0.000000 0.000000
vt 0.000000 0.000000
vt 0.000000 0.000000
vt 0.000000 0.000000
vt 0.000000 0.000000
vt 0.000000 0.000000
vt 0.000000 0.000000
vt 0.000000 0.000000
vt 0.000000 0.000000
vt 0.000000 0.000000
vt 0.000000 0.000000
vt 0.000000 0.000000
vt 0.000000 0.000000
vt 0.000000 0.000000
vt 0.000000 0.000000
vt 0.000000 0.000000
vt 0.000000 0.000000
vt 0.000000 0.000000
vt 0.000000 0.000000
vt 0.000000 0.000000
vt 0.000000 0.000000
vt 0.000000 0.000000
vt 0.000000 0.000000
vt 0.000000 0.000000
vt 0.000000 0.000000
vt 0.000000 0.000000
vn -0.570643 0.664906 -0.481941
vn -0.570642 0.664906 -0.481941
vn -0.091218 0.620287 -0.779053
vn -0.317207 0.667035 -0.674124
vn 0.627667 0.354469 -0.693099
vn 0.617848 0.359403 -0.699352
vn 0.944745 0.147905 -0.292542
vn 0.950271 0.142205 -0.277059
vn 0.994103 0.090505 -0.059735
vn 0.994072 0.090479 -0.060284
vn 0.994685 0.092520 0.045178
vn 0.994691 0.092527 0.045048
vn 0.992361 0.091151 0.083136
vn 0.992346 0.091153 0.083312
vn 0.990783 0.091452 0.099929
vn 0.990773 0.091456 0.100027
vn 0.990471 0.091560 0.102881
vn 0.990475 0.091558 0.102842
vn 0.991286 0.091330 0.094926
vn 0.991296 0.091327 0.094820
vn 0.992693 0.091215 0.079001
vn 0.992698 0.091215 0.078934
vn 0.994072 0.091824 0.058210
vn 0.994067 0.091819 0.058306
vn 0.994865 0.093018 0.039891
vn 0.994860 0.093003 0.040051
vn 0.995105 0.093847 0.030954
vn 0.995104 0.093841 0.031006
vn 0.995072 0.093700 0.032418
vn 0.995075 0.093709 0.032330
vn 0.994787 0.092841 0.042178
vn 0.994791 0.092850 0.042061
vn 0.994233 0.091973 0.055153
vn 0.994236 0.091976 0.055091
vn 0.993489 0.091446 0.067952
vn 0.993489 0.091446 0.067944
vn 0.992589 0.091259 0.080242
vn 0.992586 0.091259 0.080284
vn 0.991606 0.091364 0.091485
vn 0.991599 0.091365 0.091566
vn 0.990732 0.091623 0.100278
vn 0.990724 0.091626 0.100353
vn 0.990156 0.091853 0.105609
vn 0.990152 0.091855 0.105650
vn 0.989957 0.091940 0.107385
vn 0.989957 0.091939 0.107385
vn 0.990209 0.091853 0.105115
vn 0.990214 0.091851 0.105071
vn 0.991068 0.091677 0.096851
vn 0.991076 0.091676 0.096770
vn 0.992532 0.091738 0.080405
vn 0.992535 0.091739 0.080367
vn 0.994148 0.092701 0.055457
vn 0.994142 0.092693 0.055588
vn 0.995154 0.095279 0.024318
vn 0.995148 0.095234 0.024735
vn 0.995108 0.098763 -0.002563
vn 0.995117 0.098682 -0.002074
vn 0.995038 0.099274 -0.006651
vn 0.995029 0.099341 -0.007001
vn 0.995152 0.094114 0.028536
vn 0.995171 0.094285 0.027307
vn 0.990129 0.065296 0.124017
vn 0.990111 0.065226 0.124203
vn 0.923536 -0.003136 0.383499
vn 0.945003 0.010243 0.326902
vn 0.592765 0.023488 0.805033
vn 0.587313 0.025768 0.808950
vn -0.358439 0.256751 0.897552
vn -0.410118 0.262425 0.873462
vn -0.687325 0.277919 0.671078
vn -0.687325 0.277919 0.671078
s 1
g Pasillo sweep1
usemtl initialShadingGroup
f 583/1304/1663 584/1305/1664 586/1306/1665 585/1375/1666
f 585/1376/1666 586/1307/1665 588/1308/1667 587/1377/1668
f 587/1378/1668 588/1309/1667 590/1310/1669 589/1379/1670
f 589/1380/1670 590/1311/1669 592/1312/1671 591/1381/1672
f 591/1382/1672 592/1313/1671 594/1314/1673 593/1383/1674
f 593/1384/1674 594/1315/1673 596/1316/1675 595/1385/1676
f 595/1386/1676 596/1317/1675 598/1318/1677 597/1387/1678
f 597/1388/1678 598/1319/1677 600/1320/1679 599/1389/1680
f 599/1390/1680 600/1321/1679 602/1322/1681 601/1391/1682
f 601/1392/1682 602/1323/1681 604/1324/1683 603/1393/1684
f 603/1394/1684 604/1325/1683 606/1326/1685 605/1395/1686
f 605/1396/1686 606/1327/1685 608/1328/1687 607/1397/1688
f 607/1398/1688 608/1329/1687 610/1330/1689 609/1399/1690
f 609/1400/1690 610/1331/1689 612/1332/1691 611/1401/1692
f 611/1402/1692 612/1333/1691 614/1334/1693 613/1403/1694
f 613/1404/1694 614/1335/1693 616/1336/1695 615/1405/1696
f 615/1406/1696 616/1337/1695 618/1338/1697 617/1407/1698
f 617/1408/1698 618/1339/1697 620/1340/1699 619/1409/1700
f 619/1410/1700 620/1341/1699 622/1342/1701 621/1411/1702
f 621/1412/1702 622/1343/1701 624/1344/1703 623/1413/1704
f 623/1414/1704 624/1345/1703 626/1346/1705 625/1415/1706
f 625/1416/1706 626/1347/1705 628/1348/1707 627/1417/1708
f 627/1418/1708 628/1349/1707 630/1350/1709 629/1419/1710
f 629/1420/1710 630/1351/1709 632/1352/1711 631/1421/1712
f 631/1422/1712 632/1353/1711 634/1354/1713 633/1423/1714
f 633/1424/1714 634/1355/1713 636/1356/1715 635/1425/1716
f 635/1426/1716 636/1357/1715 638/1358/1717 637/1427/1718
f 637/1428/1718 638/1359/1717 640/1360/1719 639/1429/1720
f 639/1430/1720 640/1361/1719 642/1362/1721 641/1431/1722
f 641/1432/1722 642/1363/1721 644/1364/1723 643/1433/1724
f 643/1434/1724 644/1365/1723 646/1366/1725 645/1435/1726
f 645/1436/1726 646/1367/1725 648/1368/1727 647/1437/1728
f 647/1438/1728 648/1369/1727 650/1370/1729 649/1439/1730
f 649/1440/1730 650/1371/1729 652/1372/1731 651/1441/1732
f 651/1442/1732 652/1373/1731 654/1374/1733 653/1443/1734
