# This file uses centimeters as units for non-parametric coordinates.

mtllib Taller.mtl
g default
v 66.319069 8.311666 -19.398821
v 66.319069 8.311666 -46.732262
v 66.319069 41.667252 -19.398821
v 66.319069 41.667252 -46.732262
v 53.667747 41.667252 -19.398819
v 53.667747 41.667252 -46.732262
v 53.667747 8.311666 -19.398819
v 53.667747 8.311666 -46.732262
v 66.319069 8.908213 -46.732262
v 53.667747 8.908213 -46.732262
v 53.667747 8.908213 -19.398819
v 66.319069 8.908213 -19.398821
v 66.319069 41.070705 -46.732262
v 53.667747 41.070705 -46.732262
v 53.667747 41.070705 -19.398819
v 66.319069 41.070705 -19.398821
v 66.319061 41.667252 -46.033497
v 53.667747 41.667252 -46.033497
v 53.667747 41.070702 -46.033497
v 53.667747 8.908213 -46.033497
v 53.667747 8.311666 -46.033497
v 66.319069 41.667252 -20.097582
v 53.667751 41.667252 -20.097582
v 53.667751 41.070702 -20.097582
v 53.667751 8.908213 -20.097582
v 53.667751 8.311666 -20.097582
v 54.311386 41.667252 -19.398821
v 54.311386 41.070702 -19.398821
v 54.311386 8.908213 -19.398821
v 54.311386 8.311666 -19.398821
v 54.311386 8.311666 -46.732262
v 54.311386 8.908213 -46.732262
v 54.311386 41.070702 -46.732262
v 54.311386 41.667252 -46.732262
v 54.311386 41.667252 -46.033497
v 54.311390 41.667252 -20.097584
v 65.675423 41.667252 -19.398819
v 65.675423 41.070702 -19.398819
v 65.675423 8.908213 -19.398819
v 65.675423 8.311666 -19.398819
v 65.675423 8.311666 -46.732262
v 65.675423 8.908213 -46.732262
v 65.675423 41.070702 -46.732262
v 65.675423 41.667252 -46.732262
v 65.675423 41.667252 -46.033501
v 65.675423 41.667252 -20.097584
v 53.667747 8.311666 -32.724781
v 53.667747 8.908213 -32.724781
v 53.667747 41.070702 -32.724781
v 53.667747 41.667252 -32.724781
v 54.311386 41.667252 -32.724781
v 65.675423 41.667252 -32.724785
v 66.319069 41.667252 -32.724781
v 53.667747 8.311666 -33.406300
v 53.667747 8.908213 -33.406300
v 53.667747 41.070702 -33.406300
v 53.667747 41.667252 -33.406300
v 54.311386 41.667252 -33.406296
v 65.675423 41.667252 -33.406300
v 66.319061 41.667252 -33.406300
v 59.627846 41.667252 -46.732262
v 59.627846 41.667252 -46.033501
v 59.627846 41.667252 -33.406300
v 59.627846 41.667252 -32.724785
v 59.627846 41.667252 -20.097584
v 59.627846 41.667252 -19.398819
v 59.627846 41.070702 -19.398819
v 59.627846 8.908213 -19.398819
v 59.627846 8.311666 -19.398819
v 59.627846 8.311666 -46.732262
v 59.627846 8.908213 -46.732262
v 59.627846 41.070702 -46.732262
v 60.358974 41.667252 -46.732262
v 60.358974 41.667252 -46.033497
v 60.358974 41.667252 -33.406300
v 60.358974 41.667252 -32.724781
v 60.358974 41.667252 -20.097584
v 60.358974 41.667252 -19.398819
v 60.358974 41.070702 -19.398819
v 60.358974 8.908213 -19.398819
v 60.358974 8.311666 -19.398819
v 60.358974 8.311666 -46.732262
v 60.358974 8.908213 -46.732262
v 60.358974 41.070702 -46.732262
v 54.167751 8.908213 -33.406300
v 54.167751 41.070702 -33.406300
v 54.167747 41.070702 -46.033501
v 54.167747 8.908213 -46.033501
v 60.358974 8.908213 -19.898819
v 65.675423 8.908213 -19.898819
v 65.675423 41.070702 -19.898819
v 60.358974 41.070702 -19.898819
v 65.675415 8.908213 -46.232265
v 65.675415 41.070702 -46.232265
v 60.358974 8.908213 -46.232262
v 60.358974 41.070702 -46.232262
v 65.675423 41.167248 -46.033501
v 65.675423 41.167248 -33.406300
v 60.358974 41.167248 -46.033497
v 60.358974 41.167248 -33.406300
v 54.167751 41.070702 -20.097582
v 54.167751 8.908213 -20.097582
v 54.167751 41.070702 -32.724785
v 54.167751 8.908213 -32.724785
v 65.675423 41.167248 -32.724785
v 65.675423 41.167248 -20.097584
v 60.358974 41.167248 -32.724781
v 60.358974 41.167248 -20.097584
v 59.627846 41.167248 -46.033501
v 59.627846 41.167248 -33.406300
v 54.311386 41.167248 -46.033497
v 54.311386 41.167248 -33.406296
v 59.627846 41.167248 -32.724785
v 59.627846 41.167248 -20.097584
v 54.311386 41.167248 -32.724781
v 54.311390 41.167248 -20.097584
v 54.311386 8.908213 -19.898821
v 59.627846 8.908213 -19.898819
v 59.627846 41.070702 -19.898819
v 54.311386 41.070702 -19.898821
v 59.627846 8.908213 -46.232265
v 59.627846 41.070702 -46.232265
v 54.311386 8.908213 -46.232262
v 54.311386 41.070702 -46.232262
vt 0.375000 0.000000
vt 0.625000 0.000000
vt 0.375000 0.250000
vt 0.625000 0.250000
vt 0.375000 0.500000
vt 0.625000 0.500000
vt 0.375000 0.750000
vt 0.625000 0.750000
vt 0.875000 0.000000
vt 0.875000 0.250000
vt 0.125000 0.000000
vt 0.125000 0.250000
vt 0.625000 0.083333
vt 0.625000 0.666667
vt 0.875000 0.083333
vt 0.125000 0.083333
vt 0.375000 0.666667
vt 0.375000 0.083333
vt 0.625000 0.166667
vt 0.625000 0.583333
vt 0.875000 0.166667
vt 0.125000 0.166667
vt 0.375000 0.583333
vt 0.375000 0.166667
vt 0.541667 0.250000
vt 0.541667 0.500000
vt 0.541667 0.583333
vt 0.541667 0.666667
vt 0.541667 0.750000
vt 0.458333 0.250000
vt 0.458333 0.500000
vt 0.458333 0.583333
vt 0.458333 0.666667
vt 0.458333 0.750000
vt 0.208333 0.250000
vt 0.375000 0.416667
vt 0.208333 0.166667
vt 0.208333 0.083333
vt 0.208333 0.000000
vt 0.791667 0.000000
vt 0.791667 0.083333
vt 0.791667 0.166667
vt 0.625000 0.416667
vt 0.791667 0.250000
vt 0.541667 0.416667
vt 0.458333 0.416667
vt 0.291667 0.250000
vt 0.375000 0.333333
vt 0.291667 0.166667
vt 0.291667 0.083333
vt 0.291667 0.000000
vt 0.708333 0.000000
vt 0.708333 0.083333
vt 0.708333 0.166667
vt 0.625000 0.333333
vt 0.708333 0.250000
vt 0.541667 0.333333
vt 0.458333 0.333333
vt 0.486111 0.750000
vt 0.486111 0.666667
vt 0.486111 0.583333
vt 0.486111 0.500000
vt 0.486111 0.416667
vt 0.486111 0.333333
vt 0.486111 0.250000
vt 0.513889 0.750000
vt 0.513889 0.666667
vt 0.513889 0.583333
vt 0.513889 0.500000
vt 0.513889 0.416667
vt 0.513889 0.333333
vt 0.513889 0.250000
vt 0.625000 0.388889
vt 0.763889 0.250000
vt 0.541667 0.388889
vt 0.513889 0.388889
vt 0.486111 0.388889
vt 0.458333 0.388889
vt 0.236111 0.250000
vt 0.375000 0.388889
vt 0.236111 0.166667
vt 0.236111 0.083333
vt 0.236111 0.000000
vt 0.763889 0.000000
vt 0.763889 0.083333
vt 0.763889 0.166667
vt 0.625000 0.361111
vt 0.736111 0.250000
vt 0.541667 0.361111
vt 0.513889 0.361111
vt 0.486111 0.361111
vt 0.458333 0.361111
vt 0.263889 0.250000
vt 0.375000 0.361111
vt 0.263889 0.166667
vt 0.263889 0.083333
vt 0.263889 0.000000
vt 0.736111 0.000000
vt 0.736111 0.083333
vt 0.736111 0.166667
vt 0.513889 0.666667
vt 0.513889 0.583333
vt 0.541667 0.583333
vt 0.541667 0.666667
vt 0.263889 0.083333
vt 0.291667 0.083333
vt 0.291667 0.166667
vt 0.263889 0.166667
vt 0.708333 0.166667
vt 0.708333 0.083333
vt 0.736111 0.083333
vt 0.736111 0.166667
vt 0.513889 0.333333
vt 0.541667 0.333333
vt 0.541667 0.361111
vt 0.513889 0.361111
vt 0.458333 0.666667
vt 0.458333 0.583333
vt 0.486111 0.583333
vt 0.486111 0.666667
vt 0.458333 0.333333
vt 0.486111 0.333333
vt 0.486111 0.361111
vt 0.458333 0.361111
vt 0.513889 0.388889
vt 0.541667 0.388889
vt 0.541667 0.416667
vt 0.513889 0.416667
vt 0.458333 0.388889
vt 0.486111 0.388889
vt 0.486111 0.416667
vt 0.458333 0.416667
vt 0.208333 0.083333
vt 0.236111 0.083333
vt 0.236111 0.166667
vt 0.208333 0.166667
vt 0.763889 0.166667
vt 0.763889 0.083333
vt 0.791667 0.083333
vt 0.791667 0.166667
vn 0.000000 1.000000 0.000000
vn 0.000000 1.000000 0.000000
vn 0.000000 1.000000 0.000000
vn 0.000000 1.000000 0.000000
vn -1.000000 0.000000 -0.000005
vn -1.000000 0.000000 0.000000
vn -1.000000 0.000000 -0.000004
vn -1.000000 0.000000 -0.000005
vn 0.000006 0.000000 -1.000000
vn 0.000005 0.000000 -1.000000
vn 0.000000 0.000000 -1.000000
vn 0.000000 0.000000 -1.000000
vn 0.000000 0.000000 1.000000
vn 0.000000 0.000000 1.000000
vn 0.000005 0.000000 1.000000
vn 0.000001 0.000000 1.000000
vn 0.000000 0.000000 -1.000000
vn 0.000000 0.000000 -1.000000
vn 0.000005 0.000000 -1.000000
vn 0.000006 0.000000 -1.000000
vn -1.000000 0.000000 -0.000005
vn -1.000000 0.000000 -0.000004
vn -1.000000 0.000000 0.000000
vn -1.000000 0.000000 -0.000005
vn 0.000000 0.000000 1.000000
vn 0.000002 0.000000 1.000000
vn 0.000000 0.000000 1.000000
vn 0.000000 0.000000 1.000000
vn 0.000000 1.000000 0.000000
vn 0.000000 1.000000 0.000000
vn 0.000000 1.000000 0.000000
vn 0.000000 1.000000 0.000000
vn -1.000000 0.000000 0.000000
vn -1.000000 0.000000 0.000000
vn -1.000000 0.000000 0.000000
vn -1.000000 0.000000 0.000000
vn -1.000000 0.000000 0.000000
vn -1.000000 0.000000 0.000000
vn -1.000000 0.000000 0.000000
vn -1.000000 0.000000 0.000000
vn 0.000000 1.000000 0.000000
vn 0.000000 1.000000 0.000000
vn -1.000000 0.000000 0.000000
vn -1.000000 0.000000 0.000000
vn -1.000000 0.000000 0.000000
vn -1.000000 0.000000 0.000000
vn -1.000000 0.000000 0.000000
vn -1.000000 0.000000 0.000000
vn -1.000000 0.000000 0.000000
vn -1.000000 0.000000 0.000000
vn 0.000006 0.000000 1.000000
vn 0.000005 0.000000 1.000000
vn -0.000000 0.000000 1.000000
vn 0.000002 0.000000 1.000000
vn 0.000006 0.000000 1.000000
vn 0.000005 0.000000 1.000000
vn 0.000002 0.000000 1.000000
vn -0.000000 0.000000 1.000000
vn -0.000007 0.000000 -1.000000
vn 0.000000 0.000000 -1.000000
vn 0.000000 0.000000 -1.000000
vn -0.000008 0.000000 -1.000000
vn -0.000007 0.000000 -1.000000
vn -0.000008 0.000000 -1.000000
vn 0.000000 0.000000 -1.000000
vn 0.000000 0.000000 -1.000000
vn 0.000000 1.000000 0.000000
vn 0.000000 1.000000 0.000000
vn 0.000000 1.000000 0.000000
vn 0.000000 1.000000 0.000000
vn 0.000000 1.000000 0.000000
vn 0.000000 1.000000 0.000000
vn 0.000000 1.000000 0.000000
vn 0.000000 1.000000 0.000000
vn 0.000000 1.000000 0.000000
vn 0.000000 1.000000 0.000000
vn 0.000000 0.000000 1.000000
vn 0.000000 0.000000 1.000000
vn 0.000000 0.000000 1.000000
vn 0.000000 0.000000 1.000000
vn 0.000000 0.000000 1.000000
vn 0.000000 0.000000 1.000000
vn 0.000000 0.000000 1.000000
vn 0.000000 0.000000 1.000000
vn 0.000000 0.000000 -1.000000
vn 0.000000 0.000000 -1.000000
vn -0.000001 0.000000 -1.000000
vn -0.000001 0.000000 -1.000000
vn -0.000001 0.000000 -1.000000
vn -0.000001 0.000000 -1.000000
vn 0.000000 0.000000 -1.000000
vn 0.000000 0.000000 -1.000000
vn 0.000000 1.000000 0.000000
vn 0.000000 1.000000 0.000000
vn 0.000000 1.000000 0.000000
vn 0.000000 1.000000 0.000000
vn 0.000000 1.000000 0.000000
vn 0.000000 1.000000 0.000000
vn 0.000000 1.000000 0.000000
vn 0.000000 1.000000 0.000000
vn -1.000000 0.000000 0.000000
vn -1.000000 0.000000 0.000000
vn -1.000000 0.000000 0.000000
vn -1.000000 0.000000 0.000000
vn -1.000000 0.000000 0.000000
vn -1.000000 0.000000 0.000000
vn -1.000000 0.000000 0.000000
vn -1.000000 0.000000 0.000000
vn 0.000000 1.000000 0.000000
vn 0.000000 1.000000 0.000000
vn 0.000000 1.000000 0.000000
vn 0.000000 1.000000 0.000000
vn 0.000000 1.000000 0.000000
vn 0.000000 1.000000 0.000000
vn 0.000000 1.000000 0.000000
vn 0.000000 1.000000 0.000000
vn 0.000000 1.000000 0.000000
vn 0.000000 1.000000 0.000000
vn 0.000000 1.000000 0.000000
vn 0.000000 1.000000 0.000000
vn 0.000000 1.000000 0.000000
vn 0.000000 1.000000 0.000000
vn 0.000000 1.000000 0.000000
vn 0.000000 1.000000 0.000000
vn 0.000000 1.000000 0.000000
vn 0.000000 1.000000 0.000000
vn 0.000000 1.000000 0.000000
vn 0.000000 1.000000 0.000000
vn 0.000000 1.000000 0.000000
vn 0.000000 1.000000 0.000000
vn 0.000000 1.000000 0.000000
vn 0.000000 1.000000 0.000000
vn -0.000000 0.000000 1.000000
vn -0.000001 0.000000 1.000000
vn -0.000000 0.000000 1.000000
vn -0.000000 0.000000 1.000000
vn -0.000000 0.000000 1.000000
vn -0.000000 0.000000 1.000000
vn -0.000000 0.000000 1.000000
vn -0.000000 0.000000 1.000000
vn 0.000000 0.000000 -1.000000
vn 0.000000 0.000000 -1.000000
vn -0.000001 0.000000 -1.000000
vn -0.000001 0.000000 -1.000000
vn -0.000001 0.000000 -1.000000
vn -0.000001 0.000000 -1.000000
vn 0.000000 0.000000 -1.000000
vn 0.000000 0.000000 -1.000000
vn 0.000000 0.000000 -1.000000
vn 0.000000 0.000000 -1.000000
vn 0.000000 0.000000 -1.000000
vn 0.000000 0.000000 -1.000000
vn 0.000000 -1.000000 0.000000
vn 0.000000 -1.000000 0.000000
vn 0.000000 -1.000000 0.000000
vn 0.000000 -1.000000 0.000000
vn 0.000008 0.000000 1.000000
vn 0.000008 0.000000 1.000000
vn 0.000008 0.000000 1.000000
vn 0.000008 0.000000 1.000000
vn 0.000000 1.000000 0.000000
vn 0.000000 1.000000 0.000000
vn 0.000000 1.000000 0.000000
vn 0.000000 1.000000 0.000000
vn 0.000000 1.000000 0.000000
vn 0.000000 1.000000 0.000000
vn 0.000000 1.000000 0.000000
vn 0.000000 1.000000 0.000000
vn -1.000000 0.000000 0.000000
vn -1.000000 0.000000 0.000000
vn -1.000000 0.000000 0.000000
vn -1.000000 0.000000 0.000000
vn 0.000000 -1.000000 0.000000
vn 0.000000 -1.000000 0.000000
vn 0.000000 -1.000000 0.000000
vn 0.000000 -1.000000 0.000000
vn 1.000000 0.000000 0.000000
vn 1.000000 0.000000 0.000000
vn 1.000000 0.000000 0.000000
vn 1.000000 0.000000 0.000000
vn -1.000000 0.000000 -0.000015
vn -1.000000 0.000000 -0.000015
vn -1.000000 0.000000 -0.000015
vn -1.000000 0.000000 -0.000015
vn 0.000000 1.000000 0.000000
vn 0.000000 1.000000 0.000000
vn 0.000000 1.000000 0.000000
vn 0.000000 1.000000 0.000000
vn 1.000000 0.000000 0.000000
vn 1.000000 0.000000 0.000000
vn 1.000000 0.000000 0.000000
vn 1.000000 0.000000 0.000000
vn 0.000000 -1.000000 0.000000
vn 0.000000 -1.000000 0.000000
vn 0.000000 -1.000000 0.000000
vn 0.000000 -1.000000 0.000000
vn -1.000000 0.000000 0.000000
vn -1.000000 0.000000 0.000000
vn -1.000000 0.000000 0.000000
vn -1.000000 0.000000 0.000000
vn 0.000001 0.000000 1.000000
vn 0.000001 0.000000 1.000000
vn 0.000001 0.000000 1.000000
vn 0.000001 0.000000 1.000000
vn 1.000000 0.000000 0.000000
vn 1.000000 0.000000 0.000000
vn 1.000000 0.000000 0.000000
vn 1.000000 0.000000 0.000000
vn 0.000000 0.000000 -1.000000
vn 0.000000 0.000000 -1.000000
vn 0.000000 0.000000 -1.000000
vn 0.000000 0.000000 -1.000000
vn 0.000000 0.000000 -1.000000
vn 0.000000 0.000000 -1.000000
vn 0.000000 0.000000 -1.000000
vn 0.000000 0.000000 -1.000000
vn 0.000000 -1.000000 0.000000
vn 0.000000 -1.000000 0.000000
vn 0.000000 -1.000000 0.000000
vn 0.000000 -1.000000 0.000000
vn 0.000008 0.000000 1.000000
vn 0.000008 0.000000 1.000000
vn 0.000008 0.000000 1.000000
vn 0.000008 0.000000 1.000000
vn 0.000000 1.000000 0.000000
vn 0.000000 1.000000 0.000000
vn 0.000000 1.000000 0.000000
vn 0.000000 1.000000 0.000000
vn -1.000000 0.000000 0.000000
vn -1.000000 0.000000 0.000000
vn -1.000000 0.000000 0.000000
vn -1.000000 0.000000 0.000000
vn 0.000001 0.000000 1.000000
vn 0.000001 0.000000 1.000000
vn 0.000001 0.000000 1.000000
vn 0.000001 0.000000 1.000000
vn 1.000000 0.000000 0.000000
vn 1.000000 0.000000 0.000000
vn 1.000000 0.000000 0.000000
vn 1.000000 0.000000 0.000000
vn 0.000000 0.000000 -1.000000
vn 0.000000 0.000000 -1.000000
vn 0.000000 0.000000 -1.000000
vn 0.000000 0.000000 -1.000000
vn -1.000000 0.000000 0.000000
vn -1.000000 0.000000 0.000000
vn -1.000000 0.000000 0.000000
vn -1.000000 0.000000 0.000000
vn 0.000001 0.000000 1.000000
vn 0.000001 0.000000 1.000000
vn 0.000001 0.000000 1.000000
vn 0.000001 0.000000 1.000000
vn 1.000000 0.000000 0.000000
vn 1.000000 0.000000 0.000000
vn 1.000000 0.000000 0.000000
vn 1.000000 0.000000 0.000000
vn -0.000001 0.000000 -1.000000
vn -0.000001 0.000000 -1.000000
vn -0.000001 0.000000 -1.000000
vn -0.000001 0.000000 -1.000000
vn -1.000000 0.000000 0.000000
vn -1.000000 0.000000 0.000000
vn -1.000000 0.000000 0.000000
vn -1.000000 0.000000 0.000000
vn 0.000001 0.000000 1.000000
vn 0.000001 0.000000 1.000000
vn 0.000001 0.000000 1.000000
vn 0.000001 0.000000 1.000000
vn 1.000000 0.000000 -0.000000
vn 1.000000 0.000000 -0.000000
vn 1.000000 0.000000 -0.000000
vn 1.000000 0.000000 -0.000000
vn 0.000000 0.000000 -1.000000
vn 0.000000 0.000000 -1.000000
vn 0.000000 0.000000 -1.000000
vn 0.000000 0.000000 -1.000000
vn 0.000000 1.000000 0.000000
vn 0.000000 1.000000 0.000000
vn 0.000000 1.000000 0.000000
vn 0.000000 1.000000 0.000000
vn -1.000000 0.000000 0.000000
vn -1.000000 0.000000 0.000000
vn -1.000000 0.000000 0.000000
vn -1.000000 0.000000 0.000000
vn 0.000000 -1.000000 0.000000
vn 0.000000 -1.000000 0.000000
vn 0.000000 -1.000000 0.000000
vn 0.000000 -1.000000 0.000000
vn 1.000000 0.000000 0.000000
vn 1.000000 0.000000 0.000000
vn 1.000000 0.000000 0.000000
vn 1.000000 0.000000 0.000000
vn -1.000000 0.000000 0.000000
vn -1.000000 0.000000 0.000000
vn -1.000000 0.000000 0.000000
vn -1.000000 0.000000 0.000000
vn 0.000000 1.000000 0.000000
vn 0.000000 1.000000 0.000000
vn 0.000000 1.000000 0.000000
vn 0.000000 1.000000 0.000000
vn 1.000000 0.000000 0.000000
vn 1.000000 0.000000 0.000000
vn 1.000000 0.000000 0.000000
vn 1.000000 0.000000 0.000000
vn 0.000000 -1.000000 0.000000
vn 0.000000 -1.000000 0.000000
vn 0.000000 -1.000000 0.000000
vn 0.000000 -1.000000 0.000000
s 1
g Discos group2
usemtl initialShadingGroup
f 3/3/1 22/30/2 46/58/3 37/48/4
s 2
f 5/5/5 23/31/6 24/32/7 15/23/8
s 3
f 13/19/9 43/54/10 44/56/11 4/4/12
s 4
f 38/49/13 16/24/14 3/3/15 37/47/16
s 3
f 2/2/17 41/52/18 42/53/19 9/13/20
s 2
f 11/17/21 25/33/22 26/34/23 7/7/24
s 4
f 40/51/25 1/1/26 12/18/27 39/50/28
s 3
f 9/13/20 42/53/19 43/54/10 13/19/9
s 2
f 15/23/8 24/32/7 25/33/22 11/17/21
s 4
f 39/50/28 12/18/27 16/24/14 38/49/13
s 1
f 17/25/29 4/4/30 44/55/31 45/57/32
s 2
f 19/27/33 18/26/34 6/6/35 14/20/36
f 20/28/37 19/27/33 14/20/36 10/14/38
f 21/29/39 20/28/37 10/14/38 8/8/40
s 1
f 60/72/41 17/25/29 45/57/32 59/71/42
s 2
f 56/68/43 57/69/44 18/26/34 19/27/33
s off
f 85/101/45 86/102/46 87/103/47 88/104/48
s 2
f 54/66/49 55/67/50 20/28/37 21/29/39
s 4
f 15/22/51 28/37/52 27/35/53 5/12/54
f 11/16/55 29/38/56 28/37/52 15/22/51
f 7/11/57 30/39/58 29/38/56 11/16/55
s 3
f 32/41/59 31/40/60 8/9/61 10/15/62
f 33/42/63 32/41/59 10/15/62 14/21/64
f 34/44/65 33/42/63 14/21/64 6/10/66
s 1
f 35/45/67 34/43/68 6/6/69 18/26/70
f 58/70/71 35/45/67 18/26/70 57/69/72
f 27/36/73 36/46/74 23/31/75 5/5/76
s 4
f 79/95/77 38/49/13 37/47/16 78/93/78
s off
f 89/105/79 90/106/80 91/107/81 92/108/82
s 4
f 81/97/83 40/51/25 39/50/28 80/96/84
s 3
f 42/53/19 41/52/18 82/98/85 83/99/86
s off
f 94/109/87 93/110/88 95/111/89 96/112/90
s 3
f 44/56/11 43/54/10 84/100/91 73/88/92
s 1
f 45/57/32 44/55/31 73/87/93 74/89/94
s off
f 98/113/95 97/114/96 99/115/97 100/116/98
s 1
f 37/48/4 46/58/3 77/92/99 78/94/100
s 2
f 26/34/23 25/33/22 48/60/101 47/59/102
s off
f 102/117/103 101/118/104 103/119/105 104/120/106
s 2
f 24/32/7 23/31/6 50/62/107 49/61/108
s 1
f 36/46/74 51/63/109 50/62/110 23/31/75
s off
f 106/121/111 105/122/112 107/123/113 108/124/114
s 1
f 22/30/2 53/65/115 52/64/116 46/58/3
s 2
f 47/59/102 48/60/101 55/67/50 54/66/49
f 48/60/101 49/61/108 56/68/43 55/67/50
f 49/61/108 50/62/107 57/69/44 56/68/43
s 1
f 51/63/109 58/70/71 57/69/72 50/62/110
f 52/64/116 59/71/42 75/90/117 76/91/118
f 53/65/115 60/72/41 59/71/42 52/64/116
f 62/75/119 61/73/120 34/43/68 35/45/67
s off
f 110/125/121 109/126/122 111/127/123 112/128/124
s 1
f 64/77/125 63/76/126 58/70/71 51/63/109
s off
f 114/129/127 113/130/128 115/131/129 116/132/130
s 1
f 66/80/131 65/78/132 36/46/74 27/36/73
s 4
f 28/37/52 67/81/133 66/79/134 27/35/53
s off
f 117/133/135 118/134/136 119/135/137 120/136/138
s 4
f 30/39/58 69/83/139 68/82/140 29/38/56
s 3
f 71/85/141 70/84/142 31/40/60 32/41/59
s off
f 122/137/143 121/138/144 123/139/145 124/140/146
s 3
f 61/74/147 72/86/148 33/42/63 34/44/65
s 1
f 74/89/94 73/87/93 61/73/120 62/75/119
f 75/90/117 74/89/94 62/75/119 63/76/126
f 76/91/118 75/90/117 63/76/126 64/77/125
f 77/92/99 76/91/118 64/77/125 65/78/132
f 78/94/100 77/92/99 65/78/132 66/80/131
s 4
f 67/81/133 79/95/77 78/93/78 66/79/134
f 68/82/140 80/96/84 79/95/77 67/81/133
f 69/83/139 81/97/83 80/96/84 68/82/140
s 3
f 83/99/86 82/98/85 70/84/142 71/85/141
f 84/100/91 83/99/86 71/85/141 72/86/148
f 73/88/92 84/100/91 72/86/148 61/74/147
s off
f 55/67/149 56/68/150 86/102/151 85/101/152
f 56/68/153 19/27/154 87/103/155 86/102/156
f 19/27/157 20/28/158 88/104/159 87/103/160
f 20/28/161 55/67/162 85/101/163 88/104/164
f 80/96/165 39/50/166 90/106/167 89/105/168
f 39/50/169 38/49/170 91/107/171 90/106/172
f 38/49/173 79/95/174 92/108/175 91/107/176
f 79/95/177 80/96/178 89/105/179 92/108/180
f 43/54/181 42/53/182 93/110/183 94/109/184
f 42/53/185 83/99/186 95/111/187 93/110/188
f 83/99/189 84/100/190 96/112/191 95/111/192
f 84/100/193 43/54/194 94/109/195 96/112/196
f 59/71/197 45/57/198 97/114/199 98/113/200
f 45/57/201 74/89/202 99/115/203 97/114/204
f 74/89/205 75/90/206 100/116/207 99/115/208
f 75/90/209 59/71/210 98/113/211 100/116/212
f 25/33/213 24/32/214 101/118/215 102/117/216
f 24/32/217 49/61/218 103/119/219 101/118/220
f 49/61/221 48/60/222 104/120/223 103/119/224
f 48/60/225 25/33/226 102/117/227 104/120/228
f 46/58/229 52/64/230 105/122/231 106/121/232
f 52/64/233 76/91/234 107/123/235 105/122/236
f 76/91/237 77/92/238 108/124/239 107/123/240
f 77/92/241 46/58/242 106/121/243 108/124/244
f 63/76/245 62/75/246 109/126/247 110/125/248
f 62/75/249 35/45/250 111/127/251 109/126/252
f 35/45/253 58/70/254 112/128/255 111/127/256
f 58/70/257 63/76/258 110/125/259 112/128/260
f 65/78/261 64/77/262 113/130/263 114/129/264
f 64/77/265 51/63/266 115/131/267 113/130/268
f 51/63/269 36/46/270 116/132/271 115/131/272
f 36/46/273 65/78/274 114/129/275 116/132/276
f 29/38/277 68/82/278 118/134/279 117/133/280
f 68/82/281 67/81/282 119/135/283 118/134/284
f 67/81/285 28/37/286 120/136/287 119/135/288
f 28/37/289 29/38/290 117/133/291 120/136/292
f 72/86/293 71/85/294 121/138/295 122/137/296
f 71/85/297 32/41/298 123/139/299 121/138/300
f 32/41/301 33/42/302 124/140/303 123/139/304
f 33/42/305 72/86/306 122/137/307 124/140/308
g default
v -32.585049 97.882904 6.050746
v -3.403937 97.882904 6.050746
v -32.585049 98.121780 6.050746
v -3.403937 98.121780 6.050746
v -32.585049 98.121780 -6.050746
v -3.403937 98.121780 -6.050746
v -32.585049 97.882904 -6.050746
v -3.403937 97.882904 -6.050746
v -32.585049 97.882904 5.504956
v -32.585049 98.121780 5.504956
v -3.403937 98.121780 5.504956
v -3.403937 97.882904 5.504956
v -32.585049 97.882904 -5.504956
v -32.585049 98.121780 -5.504956
v -3.403937 98.121780 -5.504956
v -3.403937 97.882904 -5.504956
v -3.931459 97.882904 6.050746
v -3.931459 98.121780 6.050746
v -3.931459 98.121780 -6.050746
v -3.931459 97.882904 -6.050746
v -3.931459 97.882904 -5.504956
v -3.931459 97.882904 5.504956
v -32.057529 97.882904 6.050746
v -32.057529 98.121780 6.050746
v -32.057529 98.121780 -6.050746
v -32.057529 97.882904 -6.050746
v -32.057529 97.882904 -5.504956
v -32.057529 97.882904 5.504956
v -32.057529 98.096405 -5.504956
v -32.057529 98.096405 5.504956
v -3.931459 98.096405 -5.504956
v -3.931459 98.096405 5.504956
vt 0.375000 0.000000
vt 0.625000 0.000000
vt 0.375000 0.250000
vt 0.625000 0.250000
vt 0.375000 0.500000
vt 0.625000 0.500000
vt 0.375000 0.750000
vt 0.625000 0.750000
vt 0.375000 1.000000
vt 0.625000 1.000000
vt 0.875000 0.000000
vt 0.875000 0.250000
vt 0.125000 0.000000
vt 0.125000 0.250000
vt 0.291667 0.000000
vt 0.375000 0.916667
vt 0.291667 0.250000
vt 0.708333 0.250000
vt 0.625000 0.916667
vt 0.708333 0.000000
vt 0.208333 0.000000
vt 0.375000 0.833333
vt 0.208333 0.250000
vt 0.791667 0.250000
vt 0.625000 0.833333
vt 0.791667 0.000000
vt 0.541667 0.000000
vt 0.541667 1.000000
vt 0.541667 0.250000
vt 0.541667 0.500000
vt 0.541667 0.750000
vt 0.541667 0.833333
vt 0.541667 0.916667
vt 0.458333 0.000000
vt 0.458333 1.000000
vt 0.458333 0.250000
vt 0.458333 0.500000
vt 0.458333 0.750000
vt 0.458333 0.833333
vt 0.458333 0.916667
vt 0.458333 0.916667
vt 0.458333 0.833333
vt 0.541667 0.833333
vt 0.541667 0.916667
vn 0.000000 0.000000 1.000000
vn 0.000000 0.000000 1.000000
vn 0.000000 0.000000 1.000000
vn 0.000000 0.000000 1.000000
vn 0.000000 0.000000 -1.000000
vn 0.000000 0.000000 -1.000000
vn 0.000000 0.000000 -1.000000
vn 0.000000 0.000000 -1.000000
vn 0.000000 -1.000000 0.000000
vn 0.000000 -1.000000 0.000000
vn 0.000000 -1.000000 0.000000
vn 0.000000 -1.000000 0.000000
vn 1.000000 0.000000 0.000000
vn 1.000000 0.000000 0.000000
vn 1.000000 0.000000 0.000000
vn 1.000000 0.000000 0.000000
vn -1.000000 0.000000 0.000000
vn -1.000000 0.000000 0.000000
vn -1.000000 0.000000 0.000000
vn -1.000000 0.000000 0.000000
vn -1.000000 0.000000 0.000000
vn -1.000000 0.000000 0.000000
vn -1.000000 0.000000 0.000000
vn -1.000000 0.000000 0.000000
vn 1.000000 0.000000 0.000000
vn 1.000000 0.000000 0.000000
vn 1.000000 0.000000 0.000000
vn 1.000000 0.000000 0.000000
vn 0.000000 -1.000000 0.000000
vn 0.000000 -1.000000 0.000000
vn 0.000000 -1.000000 0.000000
vn 0.000000 -1.000000 0.000000
vn 0.000000 0.000000 1.000000
vn 0.000000 0.000000 1.000000
vn 0.000000 0.000000 1.000000
vn 0.000000 0.000000 1.000000
vn 0.000000 0.000000 -1.000000
vn 0.000000 0.000000 -1.000000
vn 0.000000 0.000000 -1.000000
vn 0.000000 0.000000 -1.000000
vn 0.000000 -1.000000 0.000000
vn 0.000000 -1.000000 0.000000
vn 0.000000 -1.000000 0.000000
vn 0.000000 -1.000000 0.000000
vn 0.000000 -1.000000 0.000000
vn 0.000000 -1.000000 0.000000
vn 0.000000 -1.000000 0.000000
vn 0.000000 -1.000000 0.000000
vn 0.000000 -1.000000 0.000000
vn 0.000000 -1.000000 0.000000
vn 0.000000 -1.000000 0.000000
vn 0.000000 -1.000000 0.000000
vn 1.000000 0.000000 0.000000
vn 1.000000 0.000000 0.000000
vn 1.000000 0.000000 0.000000
vn 1.000000 0.000000 0.000000
vn 0.000000 0.000000 1.000000
vn 0.000000 0.000000 1.000000
vn 0.000000 0.000000 1.000000
vn 0.000000 0.000000 1.000000
vn -1.000000 0.000000 0.000000
vn -1.000000 0.000000 0.000000
vn -1.000000 0.000000 0.000000
vn -1.000000 0.000000 0.000000
vn 0.000000 0.000000 -1.000000
vn 0.000000 0.000000 -1.000000
vn 0.000000 0.000000 -1.000000
vn 0.000000 0.000000 -1.000000
s 1
g group2 Luz
usemtl initialShadingGroup
f 125/141/309 147/174/310 148/176/311 127/143/312
s 2
f 129/145/313 149/177/314 150/178/315 131/147/316
s 3
f 131/147/317 150/178/318 151/179/319 137/162/320
s 4
f 140/166/321 132/151/322 130/152/323 139/164/324
s 5
f 131/153/325 137/161/326 138/163/327 129/154/328
f 133/155/329 125/141/330 127/143/331 134/157/332
s 4
f 126/142/333 136/160/334 135/158/335 128/144/336
s 3
f 133/156/337 152/180/338 147/175/339 125/149/340
s 5
f 137/161/326 133/155/329 134/157/332 138/163/327
s 4
f 136/160/334 140/166/321 139/164/324 135/158/335
s 3
f 137/162/320 151/179/319 152/180/338 133/156/337
s 1
f 141/167/341 126/142/342 128/144/343 142/169/344
s 2
f 144/171/345 143/170/346 130/146/347 132/148/348
s 3
f 145/172/349 144/171/350 132/148/351 140/165/352
f 146/173/353 145/172/349 140/165/352 136/159/354
f 141/168/355 146/173/353 136/159/354 126/150/356
s 1
f 147/174/310 141/167/341 142/169/344 148/176/311
s 2
f 150/178/315 149/177/314 143/170/346 144/171/345
s 3
f 151/179/319 150/178/318 144/171/350 145/172/349
s off
f 154/181/357 153/182/358 155/183/359 156/184/360
s 3
f 147/175/339 152/180/338 146/173/353 141/168/355
s off
f 152/180/361 151/179/362 153/182/363 154/181/364
f 151/179/365 145/172/366 155/183/367 153/182/368
f 145/172/369 146/173/370 156/184/371 155/183/372
f 146/173/373 152/180/374 154/181/375 156/184/376
g default
v -19.157911 100.180023 46.891525
v -18.559254 100.180023 46.891525
v -19.157911 100.656769 46.891525
v -18.559254 100.656769 46.891525
v -19.157911 100.656769 -53.882408
v -18.559254 100.656769 -53.882408
v -19.157911 100.180023 -53.882408
v -18.559254 100.180023 -53.882408
vt 0.375000 0.000000
vt 0.625000 0.000000
vt 0.375000 0.250000
vt 0.625000 0.250000
vt 0.375000 0.750000
vt 0.625000 0.750000
vt 0.375000 1.000000
vt 0.625000 1.000000
vt 0.875000 0.000000
vt 0.875000 0.250000
vt 0.125000 0.000000
vt 0.125000 0.250000
vn 0.000000 -1.000000 0.000000
vn 0.000000 -1.000000 0.000000
vn 0.000000 -1.000000 0.000000
vn 0.000000 -1.000000 0.000000
vn 1.000000 0.000000 0.000000
vn 1.000000 0.000000 0.000000
vn 1.000000 0.000000 0.000000
vn 1.000000 0.000000 0.000000
vn -1.000000 0.000000 0.000000
vn -1.000000 0.000000 0.000000
vn -1.000000 0.000000 0.000000
vn -1.000000 0.000000 0.000000
s off
g group2 Soporte_techo
usemtl initialShadingGroup
f 163/189/377 164/190/378 158/192/379 157/191/380
f 158/186/381 164/193/382 162/194/383 160/188/384
f 163/195/385 157/185/386 159/187/387 161/196/388
g default
v 44.412483 20.087025 44.702366
v 48.324974 20.087025 44.702366
v 44.412483 20.204531 44.702366
v 48.324974 20.204531 44.702366
v 44.412483 20.204531 38.621033
v 48.324974 20.204531 38.621033
v 44.412483 20.087025 38.621033
v 48.324974 20.087025 38.621033
v 44.412483 20.204531 41.661697
v 44.412483 20.087025 41.661697
v 48.324974 20.087025 41.661697
v 48.324974 20.204531 41.661697
v 43.981991 20.087025 44.702366
v 43.981991 20.204531 44.702366
v 43.981991 20.204531 41.948132
v 43.981991 20.087025 41.948132
vt 0.375000 0.000000
vt 0.625000 0.000000
vt 0.375000 0.250000
vt 0.625000 0.250000
vt 0.375000 0.500000
vt 0.625000 0.500000
vt 0.375000 0.750000
vt 0.625000 0.750000
vt 0.375000 1.000000
vt 0.625000 1.000000
vt 0.875000 0.000000
vt 0.875000 0.250000
vt 0.125000 0.000000
vt 0.125000 0.250000
vt 0.250000 0.250000
vt 0.375000 0.375000
vt 0.250000 0.000000
vt 0.375000 0.875000
vt 0.625000 0.875000
vt 0.750000 0.000000
vt 0.625000 0.375000
vt 0.750000 0.250000
vt 0.375000 0.000000
vt 0.375000 0.250000
vt 0.250000 0.250000
vt 0.250000 0.000000
vn 0.000000 0.000000 1.000000
vn 0.000000 0.000000 1.000000
vn 0.000000 0.000000 1.000000
vn 0.000000 0.000000 1.000000
vn 0.000000 1.000000 0.000000
vn 0.000000 1.000000 0.000000
vn 0.000000 1.000000 0.000000
vn 0.000000 1.000000 0.000000
vn 0.000000 0.000000 -1.000000
vn 0.000000 0.000000 -1.000000
vn 0.000000 0.000000 -1.000000
vn 0.000000 0.000000 -1.000000
vn 0.000000 -1.000000 0.000000
vn 0.000000 -1.000000 0.000000
vn 0.000000 -1.000000 0.000000
vn 0.000000 -1.000000 0.000000
vn 1.000000 0.000000 0.000000
vn 1.000000 0.000000 0.000000
vn 1.000000 0.000000 0.000000
vn 1.000000 0.000000 0.000000
vn -1.000000 0.000000 0.000000
vn -1.000000 0.000000 0.000000
vn -1.000000 0.000000 0.000000
vn -1.000000 0.000000 0.000000
vn -1.000000 0.000000 0.000000
vn -1.000000 0.000000 0.000000
vn -1.000000 0.000000 0.000000
vn -1.000000 0.000000 0.000000
vn 0.000000 -1.000000 0.000000
vn 0.000000 -1.000000 0.000000
vn 1.000000 0.000000 0.000000
vn 1.000000 0.000000 0.000000
vn 0.000000 1.000000 0.000000
vn 0.000000 1.000000 0.000000
vn 0.000000 0.000000 1.000000
vn 0.000000 0.000000 1.000000
vn 0.000000 0.000000 1.000000
vn 0.000000 0.000000 1.000000
vn 0.000000 1.000000 0.000000
vn 0.000000 1.000000 0.000000
vn 0.000000 1.000000 0.000000
vn 0.000000 1.000000 0.000000
vn -0.553945 0.000000 -0.832554
vn -0.553945 0.000000 -0.832554
vn -0.553945 0.000000 -0.832554
vn -0.553945 0.000000 -0.832554
vn 0.000000 -1.000000 0.000000
vn 0.000000 -1.000000 0.000000
vn 0.000000 -1.000000 0.000000
vn 0.000000 -1.000000 0.000000
s off
g group2 Legajo
usemtl initialShadingGroup
f 165/197/389 166/198/390 168/200/391 167/199/392
s 1
f 176/217/393 173/212/394 167/199/395 168/200/396
s off
f 169/201/397 170/202/398 172/204/399 171/203/400
s 2
f 166/206/401 165/205/402 174/214/403 175/215/404
s 3
f 168/200/405 166/198/406 175/216/407 176/218/408
s off
f 177/219/409 178/220/410 179/221/411 180/222/412
f 174/213/413 173/211/414 169/210/415 171/209/416
s 2
f 175/215/404 174/214/403 171/203/417 172/204/418
s 3
f 176/218/408 175/216/407 172/207/419 170/208/420
s 1
f 169/201/421 173/212/394 176/217/393 170/202/422
s off
f 165/197/423 167/199/424 178/220/425 177/219/426
f 167/199/427 173/211/428 179/221/429 178/220/430
f 173/211/431 174/213/432 180/222/433 179/221/434
f 174/213/435 165/197/436 177/219/437 180/222/438
g default
v 67.038574 8.300255 -53.747803
v 67.038574 8.300277 46.920166
v -73.177597 8.300429 -53.747803
v -73.177597 8.300452 46.920166
vt -38.000004 -15.000001
vt -38.000000 13.000000
vt 0.999999 -15.000001
vt 1.000000 13.000000
vn 0.000001 1.000000 -0.000000
vn 0.000001 1.000000 -0.000000
vn 0.000001 1.000000 -0.000000
vn 0.000001 1.000000 -0.000000
s off
g group2 PlaneFBXASC032FBXASC04016FBXASC041 Paredes
usemtl PlaneFBXASC032FBXASC04016FBXASC041SG
f 184/226/439 182/224/440 181/223/441 183/225/442
g default
v -73.177490 8.300278 -55.546185
v 67.038574 8.300278 -55.545395
v -73.177490 43.483093 -55.546185
v 67.038452 43.483093 -55.545395
v 67.038574 8.300278 -53.747757
v 67.038452 43.483093 -53.747753
v -73.177490 8.300278 -53.748543
v -73.177490 43.483093 -53.748543
vt 38.999996 -8.785827
vt 0.000000 -8.785827
vt 39.000008 1.000000
vt 0.000021 1.000000
vt 0.500001 -8.785828
vt 0.000001 -8.785828
vt 0.500000 1.000000
vt 0.000000 1.000000
vt 39.000008 -8.785827
vt 0.000011 -8.785827
vt 39.000000 1.000000
vt 0.000000 1.000000
vt 0.500000 -8.785827
vt 0.000000 -8.785827
vt 0.500000 1.000000
vt 0.000000 1.000000
vt 0.000000 0.999991
vt 38.999985 1.000000
vt 0.000000 0.499991
vt 39.000000 0.500000
vt 38.999996 0.499991
vt 0.000000 0.500000
vt 38.999996 0.999991
vt 0.000000 1.000000
vn 0.000006 -0.000000 -1.000000
vn 0.000006 0.000000 -1.000000
vn 0.000006 0.000000 -1.000000
vn 0.000006 0.000000 -1.000000
vn 1.000000 0.000002 0.000006
vn 1.000000 0.000001 -0.000009
vn 1.000000 0.000001 -0.000025
vn 1.000000 0.000001 -0.000009
vn -0.000006 -0.000000 1.000000
vn -0.000006 -0.000000 1.000000
vn -0.000006 0.000000 1.000000
vn -0.000006 -0.000000 1.000000
vn -1.000000 -0.000001 -0.000006
vn -1.000000 -0.000001 -0.000006
vn -1.000000 -0.000001 -0.000006
vn -1.000000 -0.000001 -0.000006
vn 0.000000 1.000000 0.000000
vn 0.000000 1.000000 0.000000
vn 0.000000 1.000000 0.000000
vn 0.000000 1.000000 0.000000
vn 0.000000 -1.000000 0.000000
vn 0.000000 -1.000000 0.000000
vn 0.000000 -1.000000 0.000000
vn 0.000000 -1.000000 0.000000
s off
g group2 Paredes CubeFBXASC032FBXASC04049FBXASC041
usemtl PlaneFBXASC032FBXASC04016FBXASC041SG
f 185/227/443 187/229/444 188/230/445 186/228/446
f 186/231/447 188/233/448 190/234/449 189/232/450
f 189/235/451 190/237/452 192/238/453 191/236/454
f 191/239/455 192/241/456 187/242/457 185/240/458
f 187/243/459 192/245/460 190/246/461 188/244/462
f 191/247/463 185/249/464 186/250/465 189/248/466
g default
v -73.177490 8.300278 46.919411
v 67.038452 8.300278 46.920200
v -73.177490 43.483093 46.919411
v 67.038452 43.483093 46.920174
v 67.038452 8.300278 48.717842
v 67.038452 43.483093 48.717819
v -73.177490 8.300278 48.717052
v -73.177734 43.483093 48.717052
vt 38.999996 -8.785827
vt 0.000000 -8.785827
vt 38.999996 1.000000
vt 0.000000 1.000000
vt 0.500000 -8.785827
vt 0.000000 -8.785827
vt 0.500007 1.000000
vt 0.000007 1.000000
vt 39.000008 -8.785827
vt 0.000011 -8.785827
vt 39.000000 1.000000
vt 0.000000 1.000000
vt 0.500000 -8.785827
vt 0.000000 -8.785827
vt 0.500000 1.000000
vt 0.000000 1.000000
vt 0.000011 0.999983
vt 39.000008 1.000000
vt 0.000000 0.499983
vt 39.000000 0.500000
vt 38.999996 0.499991
vt 0.000000 0.500000
vt 38.999996 0.999991
vt 0.000000 1.000000
vn 0.000006 0.000000 -1.000000
vn 0.000006 -0.000000 -1.000000
vn 0.000005 -0.000001 -1.000000
vn 0.000006 -0.000000 -1.000000
vn 1.000000 0.000000 0.000006
vn 1.000000 0.000000 0.000012
vn 1.000000 0.000001 0.000017
vn 1.000000 0.000000 0.000012
vn -0.000006 0.000001 1.000000
vn -0.000006 0.000000 1.000000
vn -0.000005 0.000000 1.000000
vn -0.000006 0.000000 1.000000
vn -1.000000 -0.000001 -0.000006
vn -1.000000 -0.000001 -0.000017
vn -1.000000 0.000000 -0.000029
vn -1.000000 -0.000001 -0.000017
vn 0.000000 1.000000 0.000000
vn 0.000000 1.000000 0.000000
vn 0.000000 1.000000 0.000000
vn 0.000000 1.000000 0.000000
vn 0.000000 -1.000000 0.000000
vn 0.000000 -1.000000 0.000000
vn 0.000000 -1.000000 0.000000
vn 0.000000 -1.000000 0.000000
s off
g group2 Paredes CubeFBXASC032FBXASC04050FBXASC041
usemtl PlaneFBXASC032FBXASC04016FBXASC041SG
f 193/251/467 195/253/468 196/254/469 194/252/470
f 194/255/471 196/257/472 198/258/473 197/256/474
f 197/259/475 198/261/476 200/262/477 199/260/478
f 199/263/479 200/265/480 195/266/481 193/264/482
f 195/267/483 200/269/484 198/270/485 196/268/486
f 199/271/487 193/273/488 194/274/489 197/272/490
g default
v 68.836670 8.300278 -53.747772
v 68.836060 8.300278 46.920200
v 68.836670 43.483093 -53.747849
v 68.836182 43.483093 46.920200
v 67.038452 8.300278 46.920197
v 67.038452 43.483093 46.920204
v 67.039062 8.300278 -53.747791
v 67.039062 43.483093 -53.747875
vt 28.000004 -8.785827
vt 0.000001 -8.785827
vt 28.000027 1.000000
vt 0.000000 1.000000
vt 0.500000 -8.785827
vt 0.000000 -8.785827
vt 0.500001 1.000000
vt 0.000001 1.000000
vt 28.000032 -8.785827
vt 0.000023 -8.785827
vt 28.000034 1.000000
vt 0.000000 1.000000
vt 0.500000 -8.785827
vt 0.000000 -8.785827
vt 0.500000 1.000000
vt 0.000000 1.000000
vt 0.000004 0.999987
vt 28.000031 1.000000
vt 0.000000 0.499987
vt 28.000034 0.500000
vt 28.000010 0.499988
vt 0.000000 0.500000
vt 28.000006 0.999988
vt 0.000003 1.000000
vn 1.000000 -0.000000 0.000005
vn 1.000000 -0.000000 0.000005
vn 1.000000 -0.000000 0.000005
vn 1.000000 -0.000000 0.000005
vn -0.000000 -0.000000 1.000000
vn -0.000000 -0.000000 1.000000
vn -0.000000 -0.000000 1.000000
vn -0.000000 -0.000000 1.000000
vn -1.000000 0.000000 -0.000005
vn -1.000000 0.000000 -0.000005
vn -1.000000 0.000000 -0.000005
vn -1.000000 0.000000 -0.000005
vn 0.000013 -0.000002 -1.000000
vn 0.000013 -0.000002 -1.000000
vn 0.000013 -0.000002 -1.000000
vn 0.000013 -0.000002 -1.000000
vn 0.000000 1.000000 0.000000
vn 0.000000 1.000000 0.000000
vn 0.000000 1.000000 0.000000
vn 0.000000 1.000000 0.000000
vn 0.000000 -1.000000 0.000000
vn 0.000000 -1.000000 0.000000
vn 0.000000 -1.000000 0.000000
vn 0.000000 -1.000000 0.000000
s off
g group2 Paredes CubeFBXASC032FBXASC04051FBXASC041
usemtl PlaneFBXASC032FBXASC04016FBXASC041SG
f 201/275/491 203/277/492 204/278/493 202/276/494
f 202/279/495 204/281/496 206/282/497 205/280/498
f 205/283/499 206/285/500 208/286/501 207/284/502
f 207/287/503 208/289/504 203/290/505 201/288/506
f 203/291/507 208/293/508 206/294/509 204/292/510
f 207/295/511 201/297/512 202/298/513 205/296/514
g default
v -73.177414 8.300446 7.372070
v -73.177612 8.300446 46.920200
v -73.177414 43.483276 7.372070
v -73.177612 43.483276 46.920200
v -74.975220 8.300446 46.920197
v -74.975220 43.483276 46.920200
v -74.975060 8.300446 7.372044
v -74.975060 43.483276 7.372044
vt 11.000002 -8.785827
vt 0.000001 -8.785827
vt 11.000002 1.000000
vt 0.000000 1.000000
vt 0.500000 -8.785827
vt 0.000000 -8.785827
vt 0.500001 1.000000
vt 0.000001 1.000000
vt 11.000009 -8.785827
vt 0.000000 -8.785827
vt 11.000010 1.000000
vt 0.000000 1.000000
vt 0.500002 -8.785827
vt 0.000000 -8.785827
vt 0.500002 1.000000
vt 0.000000 1.000000
vt 0.000005 0.999988
vt 11.000007 1.000000
vt 0.000000 0.499986
vt 11.000010 0.500000
vt 11.000009 0.499986
vt 0.000000 0.500000
vt 11.000004 0.999988
vt 0.000003 1.000000
vn 1.000000 0.000000 0.000005
vn 1.000000 -0.000000 0.000005
vn 1.000000 -0.000000 0.000005
vn 1.000000 -0.000000 0.000005
vn -0.000000 -0.000000 1.000000
vn -0.000000 -0.000000 1.000000
vn -0.000000 -0.000000 1.000000
vn -0.000000 -0.000000 1.000000
vn -1.000000 0.000000 -0.000005
vn -1.000000 0.000000 -0.000005
vn -1.000000 0.000000 -0.000005
vn -1.000000 0.000000 -0.000005
vn 0.000015 0.000000 -1.000000
vn 0.000015 0.000000 -1.000000
vn 0.000015 0.000000 -1.000000
vn 0.000015 0.000000 -1.000000
vn 0.000000 1.000000 0.000000
vn 0.000000 1.000000 0.000000
vn 0.000000 1.000000 0.000000
vn 0.000000 1.000000 0.000000
vn 0.000000 -1.000000 0.000000
vn 0.000000 -1.000000 0.000000
vn 0.000000 -1.000000 0.000000
vn 0.000000 -1.000000 0.000000
s off
g group2 Paredes CubeFBXASC032FBXASC04052FBXASC041
usemtl PlaneFBXASC032FBXASC04016FBXASC041SG
f 209/299/515 211/301/516 212/302/517 210/300/518
f 210/303/519 212/305/520 214/306/521 213/304/522
f 213/307/523 214/309/524 216/310/525 215/308/526
f 215/311/527 216/313/528 211/314/529 209/312/530
f 211/315/531 216/317/532 214/318/533 212/316/534
f 215/319/535 209/321/536 210/322/537 213/320/538
g default
v -73.177055 8.300446 -53.747757
v -73.177246 8.300446 -14.199629
v -73.177063 43.483276 -53.747822
v -73.177246 43.483276 -14.199638
v -74.974854 8.300446 -14.199632
v -74.974854 43.483276 -14.199640
v -74.974701 8.300446 -53.747787
v -74.974724 43.483276 -53.747849
vt 11.000001 -8.785827
vt 0.000000 -8.785827
vt 11.000018 1.000000
vt 0.000002 1.000000
vt 0.500004 -8.785827
vt 0.000004 -8.785827
vt 0.500004 1.000000
vt 0.000000 1.000000
vt 11.000026 -8.785827
vt 0.000017 -8.785827
vt 11.000024 1.000000
vt 0.000000 1.000000
vt 0.500002 -8.785827
vt 0.000000 -8.785827
vt 0.500007 1.000000
vt 0.000001 1.000000
vt 0.000005 0.999988
vt 11.000021 1.000000
vt 0.000000 0.499982
vt 11.000024 0.499996
vt 11.000009 0.499986
vt 0.000000 0.500000
vt 11.000004 0.999988
vt 0.000003 1.000000
vn 1.000000 0.000000 0.000005
vn 1.000000 0.000000 0.000005
vn 1.000000 0.000000 0.000005
vn 1.000000 0.000000 0.000005
vn -0.000000 0.000000 1.000000
vn -0.000000 0.000000 1.000000
vn -0.000000 0.000000 1.000000
vn -0.000000 0.000000 1.000000
vn -1.000000 -0.000000 -0.000005
vn -1.000000 -0.000000 -0.000005
vn -1.000000 -0.000000 -0.000005
vn -1.000000 -0.000000 -0.000005
vn 0.000015 -0.000002 -1.000000
vn 0.000015 -0.000002 -1.000000
vn 0.000015 -0.000002 -1.000000
vn 0.000015 -0.000002 -1.000000
vn 0.000000 1.000000 0.000000
vn 0.000000 1.000000 0.000000
vn 0.000000 1.000000 0.000000
vn 0.000000 1.000000 0.000000
vn 0.000000 -1.000000 0.000000
vn 0.000000 -1.000000 0.000000
vn 0.000000 -1.000000 0.000000
vn 0.000000 -1.000000 0.000000
s off
g group2 Paredes CubeFBXASC032FBXASC04053FBXASC041
usemtl PlaneFBXASC032FBXASC04016FBXASC041SG
f 217/323/539 219/325/540 220/326/541 218/324/542
f 218/327/543 220/329/544 222/330/545 221/328/546
f 221/331/547 222/333/548 224/334/549 223/332/550
f 223/335/551 224/337/552 219/338/553 217/336/554
f 219/339/555 224/341/556 222/342/557 220/340/558
f 223/343/559 217/345/560 218/346/561 221/344/562
g default
v -74.975792 33.467422 7.372505
v -74.975281 33.467422 -14.199640
v -74.975784 43.483276 7.372496
v -74.975281 43.483276 -14.199621
v -73.177673 33.467422 -14.199646
v -73.177673 43.483276 -14.199627
v -73.178146 33.467422 7.372473
v -73.178139 43.483276 7.372465
vt 6.000123 -1.785832
vt 0.000000 -1.785832
vt 6.000121 1.000000
vt 0.000006 1.000000
vt 0.500000 -1.785832
vt 0.000000 -1.785832
vt 0.500000 1.000000
vt 0.000000 1.000000
vt 6.000115 -1.785832
vt 0.000000 -1.785832
vt 6.000110 1.000000
vt 0.000002 1.000000
vt 0.500000 -1.785832
vt 0.000000 -1.785832
vt 0.500002 1.000000
vt 0.000002 1.000000
vt 0.000000 1.000000
vt 6.000115 0.999810
vt 0.000004 0.500000
vt 6.000112 0.499809
vt 6.000118 0.500000
vt 0.000003 0.499808
vt 6.000123 1.000000
vt 0.000000 0.999808
vn -1.000000 0.000001 -0.000023
vn -1.000000 0.000000 -0.000023
vn -1.000000 0.000000 -0.000023
vn -1.000000 0.000000 -0.000023
vn -0.000002 0.000002 -1.000000
vn -0.000003 0.000002 -1.000000
vn -0.000003 0.000002 -1.000000
vn -0.000003 0.000002 -1.000000
vn 1.000000 -0.000000 0.000023
vn 1.000000 -0.000000 0.000023
vn 1.000000 -0.000001 0.000023
vn 1.000000 -0.000000 0.000023
vn 0.000018 0.000001 1.000000
vn 0.000018 0.000001 1.000000
vn 0.000018 0.000001 1.000000
vn 0.000018 0.000001 1.000000
vn 0.000000 1.000000 0.000000
vn 0.000000 1.000000 0.000000
vn 0.000000 1.000000 0.000000
vn 0.000000 1.000000 0.000000
vn 0.000000 -1.000000 0.000000
vn 0.000000 -1.000000 0.000000
vn 0.000000 -1.000000 0.000000
vn 0.000000 -1.000000 0.000000
s off
g group2 Paredes CubeFBXASC032FBXASC04082FBXASC041
usemtl PlaneFBXASC032FBXASC04016FBXASC041SG
f 225/347/563 227/349/564 228/350/565 226/348/566
f 226/351/567 228/353/568 230/354/569 229/352/570
f 229/355/571 230/357/572 232/358/573 231/356/574
f 231/359/575 232/361/576 227/362/577 225/360/578
f 227/363/579 232/365/580 230/366/581 228/364/582
f 231/367/583 225/369/584 226/370/585 229/368/586
g default
v 67.038574 100.625183 -53.747803
v 67.038574 100.625206 46.920166
v -73.177597 100.625351 -53.747803
v -73.177597 100.625381 46.920166
vt -38.000004 -15.000001
vt -38.000000 13.000000
vt 0.999999 -15.000001
vt 1.000000 13.000000
vn -0.000001 -1.000000 0.000000
vn -0.000001 -1.000000 0.000000
vn -0.000001 -1.000000 0.000000
vn -0.000001 -1.000000 0.000000
s off
g group2 Paredes PlaneFBXASC032FBXASC04016FBXASC042
usemtl PlaneFBXASC032FBXASC04016FBXASC041SG
f 236/374/587 235/373/588 233/371/589 234/372/590
g default
v 48.492012 33.944248 47.209038
v 48.501152 33.904163 47.209084
v 48.475521 33.872017 47.208946
v 48.434391 33.872017 47.208717
v 48.408756 33.904163 47.208580
v 48.417904 33.944248 47.208633
v 48.454956 33.962101 47.208836
v 48.497204 33.961582 46.266220
v 48.506413 33.923450 46.253845
v 48.480839 33.892883 46.243744
v 48.439705 33.892883 46.243523
v 48.414017 33.923450 46.253342
v 48.423096 33.961582 46.265816
v 48.460117 33.978535 46.271549
v 48.439083 33.872017 46.356621
v 48.480213 33.872017 46.356842
v 48.505844 33.904163 46.356987
v 48.496704 33.944248 46.356934
v 48.459648 33.962101 46.356731
v 48.422596 33.944248 46.356529
v 48.413448 33.904163 46.356476
v 48.497608 33.996826 46.192497
v 48.506927 33.972549 46.160637
v 48.481438 33.953091 46.134911
v 48.440304 33.953091 46.134682
v 48.414528 33.972549 46.160126
v 48.423504 33.996826 46.192093
v 48.460472 34.007629 46.206501
v 48.497887 34.061024 46.142105
v 48.507206 34.036758 46.110237
v 48.481712 34.017292 46.084511
v 48.440582 34.017292 46.084290
v 48.414806 34.036758 46.109734
v 48.423782 34.061024 46.141693
v 48.460751 34.071831 46.156101
v 48.497993 34.124420 46.122406
v 48.507351 34.114502 46.083618
v 48.481892 34.106537 46.052322
v 48.440758 34.106537 46.052101
v 48.414951 34.114502 46.083115
v 48.423889 34.124420 46.122002
v 48.460842 34.128841 46.139492
v 48.461094 34.117111 46.093571
vt 0.375000 0.312500
vt 0.410714 0.312500
vt 0.410714 0.645971
vt 0.375000 0.645971
vt 0.446429 0.312500
vt 0.446429 0.645971
vt 0.482143 0.312500
vt 0.482143 0.645971
vt 0.517857 0.312500
vt 0.517857 0.645971
vt 0.553571 0.312500
vt 0.553571 0.645971
vt 0.589286 0.312500
vt 0.589286 0.645971
vt 0.625000 0.312500
vt 0.625000 0.645971
vt 0.482143 0.688440
vt 0.446429 0.688440
vt 0.410714 0.688440
vt 0.375000 0.688440
vt 0.625000 0.688440
vt 0.589286 0.688440
vt 0.553571 0.688440
vt 0.517857 0.688440
vt 0.597420 0.965911
vt 0.465231 0.996082
vt 0.465231 0.996082
vt 0.597420 0.965911
vt 0.359224 0.911544
vt 0.359224 0.911544
vt 0.359224 0.775956
vt 0.359224 0.775956
vt 0.465231 0.691418
vt 0.465231 0.691418
vt 0.597420 0.721589
vt 0.597420 0.721589
vt 0.656250 0.843750
vt 0.656250 0.843750
vt 0.000000 0.000000
vt 1.000000 0.000000
vt 1.000000 1.000000
vt 0.000000 1.000000
vt 0.000000 0.000000
vt 1.000000 0.000000
vt 1.000000 1.000000
vt 0.000000 1.000000
vt 0.000000 0.000000
vt 1.000000 0.000000
vt 1.000000 1.000000
vt 0.000000 1.000000
vt 0.000000 0.000000
vt 1.000000 0.000000
vt 1.000000 1.000000
vt 0.000000 1.000000
vt 0.000000 0.000000
vt 1.000000 0.000000
vt 1.000000 1.000000
vt 0.000000 1.000000
vt 0.000000 0.000000
vt 1.000000 0.000000
vt 1.000000 1.000000
vt 0.000000 1.000000
vt 0.000000 0.000000
vt 1.000000 0.000000
vt 1.000000 1.000000
vt 0.000000 1.000000
vt 0.000000 0.000000
vt 1.000000 0.000000
vt 1.000000 1.000000
vt 0.000000 1.000000
vt 0.000000 0.000000
vt 1.000000 0.000000
vt 1.000000 1.000000
vt 0.000000 1.000000
vt 0.000000 0.000000
vt 1.000000 0.000000
vt 1.000000 1.000000
vt 0.000000 1.000000
vt 0.000000 0.000000
vt 1.000000 0.000000
vt 1.000000 1.000000
vt 0.000000 1.000000
vt 0.000000 0.000000
vt 1.000000 0.000000
vt 1.000000 1.000000
vt 0.000000 1.000000
vt 0.000000 0.000000
vt 1.000000 0.000000
vt 1.000000 1.000000
vt 0.000000 1.000000
vt 0.000000 0.000000
vt 1.000000 0.000000
vt 1.000000 1.000000
vt 0.000000 1.000000
vt 0.000000 1.000000
vn 0.974977 0.222242 0.005369
vn 0.974977 0.222242 0.005369
vn 0.974977 0.222242 0.005369
vn 0.974977 0.222242 0.005369
vn 0.781858 -0.623442 0.004306
vn 0.781858 -0.623442 0.004306
vn 0.781956 -0.623327 -0.002803
vn 0.782030 -0.623082 -0.014052
vn 0.000000 -1.000000 0.000000
vn 0.000000 -1.000000 0.000000
vn 0.000119 -0.999766 -0.021616
vn 0.000119 -0.999766 -0.021616
vn -0.781789 -0.623528 -0.004305
vn -0.781789 -0.623528 -0.004305
vn -0.781759 -0.623168 -0.022665
vn -0.781809 -0.623414 -0.011416
vn -0.974905 0.222557 -0.005369
vn -0.974905 0.222557 -0.005369
vn -0.974957 0.222390 0.001327
vn -0.974921 0.222519 -0.003812
vn -0.434078 0.900872 -0.002390
vn -0.434078 0.900872 -0.002390
vn -0.434286 0.900607 0.017398
vn -0.434229 0.900747 0.009999
vn 0.433995 0.900912 0.002390
vn 0.433995 0.900912 0.002390
vn 0.434009 0.900787 0.014781
vn 0.433986 0.900646 0.022180
vn 0.000119 -0.999766 -0.021616
vn 0.000119 -0.999766 -0.021616
vn 0.000999 -0.983400 -0.181449
vn 0.000999 -0.983400 -0.181449
vn 0.782030 -0.623082 -0.014052
vn 0.781956 -0.623327 -0.002803
vn 0.778593 -0.617736 -0.110434
vn 0.778593 -0.617736 -0.110434
vn 0.974929 0.222189 0.012059
vn 0.974949 0.222319 0.006924
vn 0.974100 0.221148 0.047139
vn 0.974100 0.221148 0.047139
vn 0.433986 0.900646 0.022180
vn 0.434009 0.900787 0.014781
vn 0.428314 0.886992 0.172605
vn 0.428314 0.886992 0.172605
vn -0.434229 0.900747 0.009999
vn -0.434286 0.900607 0.017398
vn -0.430271 0.886954 0.167870
vn -0.430271 0.886954 0.167870
vn -0.974921 0.222519 -0.003812
vn -0.974957 0.222390 0.001327
vn -0.974514 0.221347 0.036446
vn -0.974514 0.221347 0.036446
vn -0.781809 -0.623414 -0.011416
vn -0.781759 -0.623168 -0.022665
vn -0.777260 -0.617820 -0.119018
vn -0.777260 -0.617820 -0.119018
vn 0.971441 0.209585 0.111251
vn 0.971441 0.209585 0.111251
vn 0.971441 0.209585 0.111251
vn 0.971441 0.209585 0.111251
vn 0.766793 -0.566325 -0.302167
vn 0.766793 -0.566325 -0.302167
vn 0.766793 -0.566325 -0.302167
vn 0.766793 -0.566325 -0.302167
vn 0.002666 -0.875038 -0.484048
vn 0.002666 -0.875038 -0.484048
vn 0.002666 -0.875038 -0.484048
vn 0.002666 -0.875038 -0.484048
vn -0.763347 -0.566400 -0.310633
vn -0.763347 -0.566400 -0.310633
vn -0.763347 -0.566399 -0.310633
vn -0.763347 -0.566399 -0.310633
vn -0.972557 0.209773 0.100641
vn -0.972557 0.209773 0.100641
vn -0.972557 0.209773 0.100641
vn -0.972557 0.209773 0.100641
vn -0.413855 0.826758 0.381046
vn -0.413855 0.826758 0.381046
vn -0.413855 0.826758 0.381046
vn -0.413855 0.826758 0.381046
vn 0.409554 0.826790 0.385595
vn 0.409554 0.826790 0.385595
vn 0.409554 0.826790 0.385595
vn 0.409554 0.826790 0.385595
vn 0.973986 0.137297 0.180281
vn 0.973986 0.137297 0.180281
vn 0.973986 0.137297 0.180281
vn 0.973986 0.137297 0.180281
vn 0.784546 -0.384943 -0.486113
vn 0.784546 -0.384943 -0.486113
vn 0.784546 -0.384943 -0.486113
vn 0.784546 -0.384943 -0.486113
vn 0.004332 -0.617451 -0.786598
vn 0.004332 -0.617451 -0.786598
vn 0.004332 -0.617451 -0.786598
vn 0.004332 -0.617451 -0.786598
vn -0.779076 -0.384996 -0.494791
vn -0.779076 -0.384996 -0.494791
vn -0.779076 -0.384996 -0.494791
vn -0.779076 -0.384996 -0.494791
vn -0.975867 0.137421 0.169702
vn -0.975867 0.137421 0.169702
vn -0.975867 0.137421 0.169702
vn -0.975867 0.137421 0.169702
vn -0.437787 0.556309 0.706302
vn -0.437787 0.556309 0.706302
vn -0.437787 0.556309 0.706302
vn -0.437787 0.556310 0.706302
vn 0.429898 0.556334 0.711112
vn 0.429898 0.556334 0.711112
vn 0.429898 0.556334 0.711112
vn 0.429898 0.556334 0.711112
vn 0.972319 0.071269 0.222523
vn 0.972319 0.071269 0.222523
vn 0.972319 0.071269 0.222523
vn 0.972319 0.071269 0.222523
vn 0.777071 -0.210430 -0.593194
vn 0.777071 -0.210430 -0.593194
vn 0.777071 -0.210430 -0.593194
vn 0.777071 -0.210430 -0.593194
vn 0.005180 -0.339274 -0.940673
vn 0.005180 -0.339274 -0.940673
vn 0.005180 -0.339274 -0.940673
vn 0.005180 -0.339274 -0.940673
vn -0.770421 -0.210458 -0.601797
vn -0.770421 -0.210458 -0.601797
vn -0.770421 -0.210458 -0.601797
vn -0.770421 -0.210458 -0.601797
vn -0.974664 0.071334 0.211996
vn -0.974664 0.071334 0.211996
vn -0.974664 0.071334 0.211996
vn -0.974664 0.071334 0.211996
vn -0.427326 0.261610 0.865421
vn -0.427326 0.261610 0.865421
vn -0.427326 0.261610 0.865421
vn -0.427326 0.261610 0.865421
vn 0.417688 0.261621 0.870110
vn 0.417688 0.261621 0.870110
vn 0.417688 0.261621 0.870110
vn 0.417688 0.261621 0.870110
vn 0.001384 0.968892 -0.247482
vn 0.001363 0.968868 -0.247574
vn 0.001407 0.968882 -0.247518
vn 0.001319 0.968882 -0.247519
vn 0.001307 0.968857 -0.247617
vn 0.001363 0.968868 -0.247574
vn 0.001363 0.968868 -0.247574
vn 0.001307 0.968857 -0.247617
vn 0.001421 0.968857 -0.247616
vn 0.001363 0.968868 -0.247574
vn 0.001421 0.968857 -0.247616
vn 0.001407 0.968882 -0.247518
vn 0.001363 0.968870 -0.247566
vn 0.001363 0.968868 -0.247574
vn 0.001384 0.968892 -0.247482
vn 0.001342 0.968892 -0.247482
vn 0.001363 0.968868 -0.247574
vn 0.001363 0.968870 -0.247566
vn 0.001319 0.968882 -0.247519
vn 0.001363 0.968868 -0.247574
vn 0.001342 0.968892 -0.247482
s off
g group2 Accesorios:pCylinder5 group1
usemtl Accesorios:initialShadingGroup
f 237/375/591 238/376/592 253/377/593 254/378/594
f 238/376/595 239/379/596 252/380/597 253/377/598
f 239/379/599 240/381/600 251/382/601 252/380/602
f 240/381/603 241/383/604 257/384/605 251/382/606
f 241/383/607 242/385/608 256/386/609 257/384/610
f 242/385/611 243/387/612 255/388/613 256/386/614
f 243/387/615 237/389/616 254/390/617 255/388/618
f 252/380/619 251/382/620 247/391/621 246/392/622
f 253/377/623 252/380/624 246/392/625 245/393/626
f 254/378/627 253/377/628 245/393/629 244/394/630
f 255/388/631 254/390/632 244/395/633 250/396/634
f 256/386/635 255/388/636 250/396/637 249/397/638
f 257/384/639 256/386/640 249/397/641 248/398/642
f 251/382/643 257/384/644 248/398/645 247/391/646
f 244/399/647 245/400/648 259/401/649 258/402/650
f 245/400/651 246/403/652 260/404/653 259/401/654
f 246/403/655 247/405/656 261/406/657 260/404/658
f 247/405/659 248/407/660 262/408/661 261/406/662
f 248/407/663 249/409/664 263/410/665 262/408/666
f 249/409/667 250/411/668 264/412/669 263/410/670
f 250/411/671 244/399/672 258/402/673 264/412/674
f 258/413/675 259/414/676 266/415/677 265/416/678
f 259/417/679 260/418/680 267/419/681 266/420/682
f 260/421/683 261/422/684 268/423/685 267/424/686
f 261/425/687 262/426/688 269/427/689 268/428/690
f 262/429/691 263/430/692 270/431/693 269/432/694
f 263/433/695 264/434/696 271/435/697 270/436/698
f 264/437/699 258/438/700 265/439/701 271/440/702
f 265/441/703 266/442/704 273/443/705 272/444/706
f 266/445/707 267/446/708 274/447/709 273/448/710
f 267/449/711 268/450/712 275/451/713 274/452/714
f 268/453/715 269/454/716 276/455/717 275/456/718
f 269/457/719 270/458/720 277/459/721 276/460/722
f 270/461/723 271/462/724 278/463/725 277/464/726
f 271/465/727 265/466/728 272/467/729 278/468/730
f 277/464/731 279/469/732 276/460/733
f 273/448/734 274/452/735 279/469/736
f 279/469/737 274/452/738 275/456/739
f 279/469/740 275/456/741 276/460/742
f 278/468/743 279/469/744 277/464/745
f 272/444/746 279/469/747 278/468/748
f 273/448/749 279/469/750 272/444/751
g default
v 35.854401 20.140688 0.414068
v 35.540165 19.874310 0.414068
v -35.598148 19.874311 0.414068
v -35.912380 20.140688 0.414068
v -36.032410 20.571697 0.414068
v -35.912380 21.002707 0.414068
v -35.598148 21.269083 0.414068
v 35.540165 21.269083 0.414068
v 35.854401 21.002705 0.414068
v 35.974426 20.571697 0.414068
v 35.854401 20.140690 -8.705047
v 35.540165 19.874311 -8.705046
v -35.598148 19.874311 -8.705046
v -35.912380 20.140690 -8.705046
v -36.032410 20.571697 -8.705046
v -35.912380 21.002707 -8.705046
v -35.598148 21.269085 -8.705046
v 35.540165 21.269085 -8.705046
v 35.854401 21.002707 -8.705046
v 35.974426 20.571697 -8.705046
vt 0.375000 0.312500
vt 0.400000 0.312500
vt 0.425000 0.312500
vt 0.450000 0.312500
vt 0.475000 0.312500
vt 0.500000 0.312500
vt 0.525000 0.312500
vt 0.550000 0.312500
vt 0.575000 0.312500
vt 0.600000 0.312500
vt 0.625000 0.312500
vt 0.375000 0.688440
vt 0.400000 0.688440
vt 0.425000 0.688440
vt 0.450000 0.688440
vt 0.475000 0.688440
vt 0.500000 0.688440
vt 0.525000 0.688440
vt 0.550000 0.688440
vt 0.575000 0.688440
vt 0.600000 0.688440
vt 0.625000 0.688440
vn 0.646632 -0.762802 0.000000
vn 0.646632 -0.762802 0.000000
vn 0.646632 -0.762802 0.000000
vn 0.646632 -0.762802 0.000000
vn -0.000000 -1.000000 -0.000000
vn -0.000000 -1.000000 -0.000000
vn -0.000000 -1.000000 -0.000000
vn -0.000000 -1.000000 -0.000000
vn -0.646635 -0.762800 0.000000
vn -0.646635 -0.762800 0.000000
vn -0.646635 -0.762800 0.000000
vn -0.646635 -0.762800 0.000000
vn -0.963341 -0.268279 0.000000
vn -0.963341 -0.268279 0.000000
vn -0.963341 -0.268279 0.000000
vn -0.963341 -0.268279 0.000000
vn -0.963341 0.268279 0.000000
vn -0.963341 0.268279 0.000000
vn -0.963341 0.268279 0.000000
vn -0.963341 0.268279 0.000000
vn -0.646635 0.762800 0.000000
vn -0.646635 0.762800 0.000000
vn -0.646635 0.762800 0.000000
vn -0.646635 0.762800 0.000000
vn 0.000000 1.000000 0.000000
vn 0.000000 1.000000 0.000000
vn 0.000000 1.000000 0.000000
vn 0.000000 1.000000 0.000000
vn 0.646632 0.762802 0.000000
vn 0.646632 0.762802 0.000000
vn 0.646632 0.762802 0.000000
vn 0.646632 0.762802 0.000000
vn 0.963343 0.268272 0.000000
vn 0.963343 0.268272 0.000000
vn 0.963343 0.268272 0.000000
vn 0.963343 0.268272 0.000000
vn 0.963343 -0.268272 0.000000
vn 0.963343 -0.268272 0.000000
vn 0.963343 -0.268272 0.000000
vn 0.963343 -0.268272 0.000000
s off
g group2 pCylinder41 Banda_transporte
usemtl initialShadingGroup
f 280/470/752 281/471/753 291/482/754 290/481/755
f 281/471/756 282/472/757 292/483/758 291/482/759
f 282/472/760 283/473/761 293/484/762 292/483/763
f 283/473/764 284/474/765 294/485/766 293/484/767
f 284/474/768 285/475/769 295/486/770 294/485/771
f 285/475/772 286/476/773 296/487/774 295/486/775
f 286/476/776 287/477/777 297/488/778 296/487/779
f 287/477/780 288/478/781 298/489/782 297/488/783
f 288/478/784 289/479/785 299/490/786 298/489/787
f 289/479/788 280/480/789 290/491/790 299/490/791
g default
v -35.574997 20.162031 0.535437
v 35.574997 20.162031 0.535437
v -35.574997 20.994234 0.535437
v 35.574997 20.994234 0.535437
v -35.574997 20.994234 -8.931267
v 35.574997 20.994234 -8.931267
v -35.574997 20.162031 -8.931267
v 35.574997 20.162031 -8.931267
vt 0.375000 0.000000
vt 0.625000 0.000000
vt 0.375000 0.250000
vt 0.625000 0.250000
vt 0.375000 0.500000
vt 0.625000 0.500000
vt 0.875000 0.000000
vt 0.875000 0.250000
vt 0.125000 0.000000
vt 0.125000 0.250000
vn 0.000000 1.000000 0.000000
vn 0.000000 1.000000 0.000000
vn 0.000000 1.000000 0.000000
vn 0.000000 1.000000 0.000000
vn 1.000000 0.000000 0.000000
vn 1.000000 0.000000 0.000000
vn 1.000000 0.000000 0.000000
vn 1.000000 0.000000 0.000000
vn -1.000000 0.000000 0.000000
vn -1.000000 0.000000 0.000000
vn -1.000000 0.000000 0.000000
vn -1.000000 0.000000 0.000000
s off
g group2 Banda_transporte pCube1
usemtl initialShadingGroup
f 302/494/792 303/495/793 305/497/794 304/496/795
f 301/493/796 307/498/797 305/499/798 303/495/799
f 306/500/800 300/492/801 302/494/802 304/501/803
g default
v -35.602871 20.149437 1.123498
v 35.602871 20.149437 1.123498
v -35.602871 22.063808 1.123498
v 35.602871 22.063808 1.123498
v -35.602871 22.063808 0.538739
v 35.602871 22.063808 0.538739
v -35.602871 20.149437 0.538739
v 35.602871 20.149437 0.538739
v -35.602871 21.677933 1.123498
v -35.602871 21.677933 0.538739
v 35.602871 21.677933 0.538739
v 35.602871 21.677933 1.123498
v -35.602871 21.585121 1.123498
v -35.602871 21.585121 0.538739
v 35.602871 21.585121 0.538739
v 35.602871 21.585121 1.123498
v -35.602871 21.130970 1.123498
v -35.602871 21.130970 0.538739
v 35.602871 21.130970 0.538739
v 35.602871 21.130970 1.123498
v -35.602871 21.038158 1.123498
v -35.602871 21.038158 0.538739
v 35.602871 21.038158 0.538739
v 35.602871 21.038158 1.123498
v -35.602871 20.584007 1.123498
v -35.602871 20.584007 0.538739
v 35.602871 20.584007 0.538739
v 35.602871 20.584007 1.123498
v -35.602871 20.491196 1.123498
v -35.602871 20.491196 0.538739
v 35.602871 20.491196 0.538739
v 35.602871 20.491196 1.123498
v -35.502872 21.585121 1.023499
v -35.502872 21.585121 0.638739
v -35.502872 21.677933 1.023499
v -35.502872 21.677933 0.638739
v 35.502872 21.677933 0.638739
v 35.502872 21.585121 0.638739
v 35.502872 21.585121 1.023499
v 35.502872 21.677933 1.023499
v -35.502872 21.038158 1.023499
v -35.502872 21.038158 0.638739
v -35.502872 21.130970 1.023499
v -35.502872 21.130970 0.638739
v 35.502872 21.130970 0.638739
v 35.502872 21.038158 0.638739
v 35.502872 21.038158 1.023499
v 35.502872 21.130970 1.023499
v -35.502872 20.491196 1.023499
v -35.502872 20.491196 0.638739
v -35.502872 20.584007 1.023499
v -35.502872 20.584007 0.638739
v 35.502872 20.584007 0.638739
v 35.502872 20.491196 0.638739
v 35.502872 20.491196 1.023499
v 35.502872 20.584007 1.023499
vt 0.375000 0.000000
vt 0.625000 0.000000
vt 0.375000 0.250000
vt 0.625000 0.250000
vt 0.375000 0.500000
vt 0.625000 0.500000
vt 0.375000 0.750000
vt 0.625000 0.750000
vt 0.875000 0.000000
vt 0.875000 0.250000
vt 0.125000 0.000000
vt 0.125000 0.250000
vt 0.375000 0.214286
vt 0.125000 0.214286
vt 0.375000 0.535714
vt 0.625000 0.535714
vt 0.875000 0.214286
vt 0.625000 0.214286
vt 0.375000 0.178571
vt 0.125000 0.178571
vt 0.375000 0.571429
vt 0.625000 0.571429
vt 0.875000 0.178571
vt 0.625000 0.178571
vt 0.375000 0.142857
vt 0.125000 0.142857
vt 0.375000 0.607143
vt 0.625000 0.607143
vt 0.875000 0.142857
vt 0.625000 0.142857
vt 0.375000 0.107143
vt 0.125000 0.107143
vt 0.375000 0.642857
vt 0.625000 0.642857
vt 0.875000 0.107143
vt 0.625000 0.107143
vt 0.375000 0.071429
vt 0.125000 0.071429
vt 0.375000 0.678571
vt 0.625000 0.678571
vt 0.875000 0.071429
vt 0.625000 0.071429
vt 0.375000 0.035714
vt 0.125000 0.035714
vt 0.375000 0.714286
vt 0.625000 0.714286
vt 0.875000 0.035714
vt 0.625000 0.035714
vt 0.125000 0.178571
vt 0.375000 0.178571
vt 0.375000 0.214286
vt 0.125000 0.214286
vt 0.375000 0.535714
vt 0.625000 0.535714
vt 0.625000 0.571429
vt 0.375000 0.571429
vt 0.625000 0.178571
vt 0.875000 0.178571
vt 0.875000 0.214286
vt 0.625000 0.214286
vt 0.125000 0.107143
vt 0.375000 0.107143
vt 0.375000 0.142857
vt 0.125000 0.142857
vt 0.375000 0.607143
vt 0.625000 0.607143
vt 0.625000 0.642857
vt 0.375000 0.642857
vt 0.625000 0.107143
vt 0.875000 0.107143
vt 0.875000 0.142857
vt 0.625000 0.142857
vt 0.125000 0.035714
vt 0.375000 0.035714
vt 0.375000 0.071429
vt 0.125000 0.071429
vt 0.375000 0.678571
vt 0.625000 0.678571
vt 0.625000 0.714286
vt 0.375000 0.714286
vt 0.625000 0.035714
vt 0.875000 0.035714
vt 0.875000 0.071429
vt 0.625000 0.071429
vn 0.000000 0.000000 1.000000
vn 0.000000 0.000000 1.000000
vn 0.000000 0.000000 1.000000
vn 0.000000 0.000000 1.000000
vn 0.000000 1.000000 0.000000
vn 0.000000 1.000000 0.000000
vn 0.000000 1.000000 0.000000
vn 0.000000 1.000000 0.000000
vn 0.000000 0.000000 -1.000000
vn 0.000000 0.000000 -1.000000
vn 0.000000 0.000000 -1.000000
vn 0.000000 0.000000 -1.000000
vn 1.000000 0.000000 0.000000
vn 1.000000 0.000000 0.000000
vn 1.000000 0.000000 0.000000
vn 1.000000 0.000000 0.000000
vn -1.000000 0.000000 0.000000
vn -1.000000 0.000000 0.000000
vn -1.000000 0.000000 0.000000
vn -1.000000 0.000000 0.000000
vn -1.000000 0.000000 0.000000
vn -1.000000 0.000000 0.000000
vn -1.000000 0.000000 0.000000
vn -1.000000 0.000000 0.000000
vn 0.000000 0.000000 -1.000000
vn 0.000000 0.000000 -1.000000
vn 0.000000 0.000000 -1.000000
vn 0.000000 0.000000 -1.000000
vn 1.000000 0.000000 0.000000
vn 1.000000 0.000000 0.000000
vn 1.000000 0.000000 0.000000
vn 1.000000 0.000000 0.000000
vn 0.000000 0.000000 1.000000
vn 0.000000 0.000000 1.000000
vn 0.000000 0.000000 1.000000
vn 0.000000 0.000000 1.000000
vn -1.000000 0.000000 0.000000
vn -1.000000 0.000000 0.000000
vn -1.000000 0.000000 0.000000
vn -1.000000 0.000000 0.000000
vn 0.000000 0.000000 -1.000000
vn 0.000000 0.000000 -1.000000
vn 0.000000 0.000000 -1.000000
vn 0.000000 0.000000 -1.000000
vn 1.000000 0.000000 0.000000
vn 1.000000 0.000000 0.000000
vn 1.000000 0.000000 0.000000
vn 1.000000 0.000000 0.000000
vn 0.000000 0.000000 1.000000
vn 0.000000 0.000000 1.000000
vn 0.000000 0.000000 1.000000
vn 0.000000 0.000000 1.000000
vn -1.000000 0.000000 0.000000
vn -1.000000 0.000000 0.000000
vn -1.000000 0.000000 0.000000
vn -1.000000 0.000000 0.000000
vn 0.000000 0.000000 -1.000000
vn 0.000000 0.000000 -1.000000
vn 0.000000 0.000000 -1.000000
vn 0.000000 0.000000 -1.000000
vn 1.000000 0.000000 0.000000
vn 1.000000 0.000000 0.000000
vn 1.000000 0.000000 0.000000
vn 1.000000 0.000000 0.000000
vn 0.000000 0.000000 1.000000
vn 0.000000 0.000000 1.000000
vn 0.000000 0.000000 1.000000
vn 0.000000 0.000000 1.000000
vn -1.000000 0.000000 0.000000
vn -1.000000 0.000000 0.000000
vn -1.000000 0.000000 0.000000
vn -1.000000 0.000000 0.000000
vn 0.000000 0.000000 -1.000000
vn 0.000000 0.000000 -1.000000
vn 0.000000 0.000000 -1.000000
vn 0.000000 0.000000 -1.000000
vn 1.000000 0.000000 0.000000
vn 1.000000 0.000000 0.000000
vn 1.000000 0.000000 0.000000
vn 1.000000 0.000000 0.000000
vn 0.000000 0.000000 1.000000
vn 0.000000 0.000000 1.000000
vn 0.000000 0.000000 1.000000
vn 0.000000 0.000000 1.000000
vn -1.000000 0.000000 0.000000
vn -1.000000 0.000000 0.000000
vn -1.000000 0.000000 0.000000
vn -1.000000 0.000000 0.000000
vn 0.000000 0.000000 -1.000000
vn 0.000000 0.000000 -1.000000
vn 0.000000 0.000000 -1.000000
vn 0.000000 0.000000 -1.000000
vn 1.000000 0.000000 0.000000
vn 1.000000 0.000000 0.000000
vn 1.000000 0.000000 0.000000
vn 1.000000 0.000000 0.000000
vn 0.000000 0.000000 1.000000
vn 0.000000 0.000000 1.000000
vn 0.000000 0.000000 1.000000
vn 0.000000 0.000000 1.000000
vn -1.000000 0.000000 0.000000
vn -1.000000 0.000000 0.000000
vn -1.000000 0.000000 0.000000
vn -1.000000 0.000000 0.000000
vn 0.000000 0.000000 -1.000000
vn 0.000000 0.000000 -1.000000
vn 0.000000 0.000000 -1.000000
vn 0.000000 0.000000 -1.000000
vn 1.000000 0.000000 0.000000
vn 1.000000 0.000000 0.000000
vn 1.000000 0.000000 0.000000
vn 1.000000 0.000000 0.000000
vn 0.000000 0.000000 1.000000
vn 0.000000 0.000000 1.000000
vn 0.000000 0.000000 1.000000
vn 0.000000 0.000000 1.000000
vn 0.000000 1.000000 0.000013
vn 0.000000 1.000000 -0.000013
vn 0.000000 1.000000 -0.000013
vn 0.000000 1.000000 0.000013
vn 0.000000 1.000000 0.000013
vn 0.000000 1.000000 0.000013
vn 0.000000 1.000000 -0.000013
vn 0.000000 1.000000 -0.000013
vn 0.000000 1.000000 0.000014
vn 0.000000 1.000000 -0.000014
vn 0.000000 1.000000 -0.000014
vn 0.000000 1.000000 0.000014
vn 0.000000 1.000000 0.000014
vn 0.000000 1.000000 0.000014
vn 0.000000 1.000000 -0.000014
vn 0.000000 1.000000 -0.000014
vn 0.000000 1.000000 0.000015
vn 0.000000 1.000000 -0.000015
vn 0.000000 1.000000 -0.000015
vn 0.000000 1.000000 0.000015
vn 0.000000 1.000000 0.000015
vn 0.000000 1.000000 0.000015
vn 0.000000 1.000000 -0.000015
vn 0.000000 1.000000 -0.000015
s off
g group2 Banda_transporte pCube5
usemtl initialShadingGroup
f 308/502/804 309/503/805 339/549/806 336/544/807
f 310/504/808 311/505/809 313/507/810 312/506/811
f 337/546/812 338/547/813 315/509/814 314/508/815
f 309/503/816 315/510/817 338/548/818 339/549/819
f 314/512/820 308/502/821 336/544/822 337/545/823
f 317/515/824 316/514/825 310/504/826 312/513/827
f 312/506/828 313/507/829 318/517/830 317/516/831
f 319/519/832 318/518/833 313/511/834 311/505/835
f 316/514/836 319/519/837 311/505/838 310/504/839
f 341/550/840 340/551/841 342/552/842 343/553/843
f 343/554/844 344/555/845 345/556/846 341/557/847
f 346/558/848 345/559/849 344/560/850 347/561/851
f 340/551/852 346/558/853 347/561/854 342/552/855
f 325/527/856 324/526/857 320/520/858 321/521/859
f 321/522/860 322/523/861 326/529/862 325/528/863
f 327/531/864 326/530/865 322/524/866 323/525/867
f 324/526/868 327/531/869 323/525/870 320/520/871
f 349/562/872 348/563/873 350/564/874 351/565/875
f 351/566/876 352/567/877 353/568/878 349/569/879
f 354/570/880 353/571/881 352/572/882 355/573/883
f 348/563/884 354/570/885 355/573/886 350/564/887
f 333/539/888 332/538/889 328/532/890 329/533/891
f 329/534/892 330/535/893 334/541/894 333/540/895
f 335/543/896 334/542/897 330/536/898 331/537/899
f 332/538/900 335/543/901 331/537/902 328/532/903
f 357/574/904 356/575/905 358/576/906 359/577/907
f 359/578/908 360/579/909 361/580/910 357/581/911
f 362/582/912 361/583/913 360/584/914 363/585/915
f 356/575/916 362/582/917 363/585/918 358/576/919
s 1
f 321/521/920 320/520/921 340/551/922 341/550/923
f 322/523/924 321/522/920 341/557/923 345/556/925
f 323/525/926 322/524/924 345/559/925 346/558/927
f 320/520/921 323/525/926 346/558/927 340/551/922
s 2
f 329/533/928 328/532/929 348/563/930 349/562/931
f 330/535/932 329/534/928 349/569/931 353/568/933
f 331/537/934 330/536/932 353/571/933 354/570/935
f 328/532/929 331/537/934 354/570/935 348/563/930
s 3
f 337/545/936 336/544/937 356/575/938 357/574/939
f 338/547/940 337/546/936 357/581/939 361/580/941
f 339/549/942 338/548/940 361/583/941 362/582/943
f 336/544/937 339/549/942 362/582/943 356/575/938
g default
v -35.613853 21.272591 1.168988
v 35.613853 21.272591 1.168988
v -35.613853 21.526207 1.168988
v 35.613853 21.526207 1.168988
v -35.613853 21.526207 0.980497
v 35.613853 21.526207 0.980497
v -35.613853 21.272591 0.980497
v 35.613853 21.272591 0.980497
vt 0.375000 0.000000
vt 0.625000 0.000000
vt 0.375000 0.250000
vt 0.625000 0.250000
vt 0.875000 0.000000
vt 0.875000 0.250000
vt 0.125000 0.000000
vt 0.125000 0.250000
vn 0.000000 0.000000 1.000000
vn 0.000000 0.000000 1.000000
vn 0.000000 0.000000 1.000000
vn 0.000000 0.000000 1.000000
vn 1.000000 0.000000 0.000000
vn 1.000000 0.000000 0.000000
vn 1.000000 0.000000 0.000000
vn 1.000000 0.000000 0.000000
vn -1.000000 0.000000 0.000000
vn -1.000000 0.000000 0.000000
vn -1.000000 0.000000 0.000000
vn -1.000000 0.000000 0.000000
s off
g group2 Banda_transporte pCube7
usemtl initialShadingGroup
f 364/586/944 365/587/945 367/589/946 366/588/947
f 365/587/948 371/590/949 369/591/950 367/589/951
f 370/592/952 364/586/953 366/588/954 368/593/955
g default
v -31.389137 20.090855 1.217024
v -30.389137 20.090855 1.217024
v -31.389137 22.175222 1.217024
v -30.389137 22.175222 1.217024
v -31.389137 22.175222 1.166109
v -30.389137 22.175222 1.166109
v -31.389137 20.090855 1.166109
v -30.389137 20.090855 1.166109
v -31.389137 22.104973 1.217024
v -31.389137 22.104973 1.166109
v -30.389137 22.104973 1.166109
v -30.389137 22.104973 1.217024
v -31.389137 20.161110 1.217024
v -31.389137 20.161110 1.166109
v -30.389137 20.161110 1.166109
v -30.389137 20.161110 1.217024
v -31.389137 22.175222 0.444802
v -30.389137 22.175222 0.444802
v -30.389137 22.104973 0.444802
v -31.389137 22.104973 0.444802
v -31.389137 22.104973 0.494393
v -30.389137 22.104973 0.494393
v -30.389137 22.175222 0.494393
v -31.389137 22.175222 0.494393
v -31.389137 21.900883 0.494393
v -30.389137 21.900883 0.494393
v -31.389137 21.900883 0.444802
v -30.389137 21.900883 0.444802
v -31.389137 20.090855 0.538126
v -30.389137 20.090855 0.538126
v -30.389137 20.161110 0.538126
v -31.389137 20.161110 0.538126
vt 0.375000 0.000000
vt 0.625000 0.000000
vt 0.375000 0.250000
vt 0.625000 0.250000
vt 0.375000 0.500000
vt 0.625000 0.500000
vt 0.375000 0.750000
vt 0.625000 0.750000
vt 0.875000 0.000000
vt 0.875000 0.250000
vt 0.125000 0.000000
vt 0.125000 0.250000
vt 0.375000 0.166667
vt 0.125000 0.166667
vt 0.375000 0.583333
vt 0.625000 0.583333
vt 0.875000 0.166667
vt 0.625000 0.166667
vt 0.375000 0.083333
vt 0.125000 0.083333
vt 0.375000 0.666667
vt 0.625000 0.666667
vt 0.875000 0.083333
vt 0.625000 0.083333
vt 0.375000 0.500000
vt 0.625000 0.500000
vt 0.625000 0.583333
vt 0.375000 0.583333
vt 0.375000 0.583333
vt 0.625000 0.583333
vt 0.625000 0.500000
vt 0.375000 0.500000
vt 0.625000 0.583333
vt 0.375000 0.583333
vt 0.375000 0.583333
vt 0.625000 0.583333
vt 0.375000 0.750000
vt 0.625000 0.750000
vt 0.625000 0.666667
vt 0.375000 0.666667
vn 0.000000 0.000000 1.000000
vn 0.000000 0.000000 1.000000
vn 0.000000 0.000000 1.000000
vn 0.000000 0.000000 1.000000
vn 0.000000 1.000000 0.000000
vn 0.000000 1.000000 0.000000
vn 0.000000 1.000000 0.000000
vn 0.000000 1.000000 0.000000
vn 1.000000 0.000000 0.000000
vn 1.000000 0.000000 0.000000
vn 1.000000 0.000000 0.000000
vn 1.000000 0.000000 0.000000
vn -1.000000 0.000000 0.000000
vn -1.000000 0.000000 0.000000
vn -1.000000 0.000000 0.000000
vn -1.000000 0.000000 0.000000
vn -1.000000 0.000000 0.000000
vn -1.000000 0.000000 0.000000
vn -1.000000 0.000000 0.000000
vn -1.000000 0.000000 0.000000
vn 0.000000 0.000000 -1.000000
vn 0.000000 0.000000 -1.000000
vn 0.000000 0.000000 -1.000000
vn 0.000000 0.000000 -1.000000
vn 1.000000 0.000000 0.000000
vn 1.000000 0.000000 0.000000
vn 1.000000 0.000000 0.000000
vn 1.000000 0.000000 0.000000
vn 0.000000 0.000000 1.000000
vn 0.000000 0.000000 1.000000
vn 0.000000 0.000000 1.000000
vn 0.000000 0.000000 1.000000
vn 0.000000 0.000000 -1.000000
vn 0.000000 0.000000 -1.000000
vn 0.000000 0.000000 -1.000000
vn 0.000000 0.000000 -1.000000
vn 1.000000 0.000000 0.000000
vn 1.000000 0.000000 0.000000
vn 1.000000 0.000000 0.000000
vn 1.000000 0.000000 0.000000
vn -1.000000 0.000000 0.000000
vn -1.000000 0.000000 0.000000
vn -1.000000 0.000000 0.000000
vn -1.000000 0.000000 0.000000
vn 0.000000 1.000000 0.000000
vn 0.000000 1.000000 0.000000
vn 0.000000 1.000000 0.000000
vn 0.000000 1.000000 0.000000
vn 1.000000 0.000000 0.000000
vn 1.000000 0.000000 0.000000
vn 1.000000 0.000000 0.000000
vn 1.000000 0.000000 0.000000
vn -1.000000 0.000000 0.000000
vn -1.000000 0.000000 0.000000
vn -1.000000 0.000000 0.000000
vn -1.000000 0.000000 0.000000
vn 1.000000 0.000000 0.000000
vn 1.000000 0.000000 0.000000
vn 0.000000 1.000000 0.000000
vn 0.000000 1.000000 0.000000
vn -1.000000 0.000000 0.000000
vn -1.000000 0.000000 0.000000
vn -1.000000 0.000000 0.000000
vn -1.000000 0.000000 0.000000
vn -1.000000 0.000000 0.000000
vn -1.000000 0.000000 0.000000
vn 0.000000 0.000000 -1.000000
vn 0.000000 0.000000 -1.000000
vn 0.000000 0.000000 -1.000000
vn 0.000000 0.000000 -1.000000
vn 1.000000 0.000000 0.000000
vn 1.000000 0.000000 0.000000
vn 1.000000 0.000000 0.000000
vn 1.000000 0.000000 0.000000
s 1
g group2 Banda_transporte pCube6
usemtl initialShadingGroup
f 372/594/956 373/595/957 387/617/958 384/612/959
s off
f 374/596/960 375/597/961 377/599/962 376/598/963
s 2
f 373/595/964 379/602/965 386/616/966 387/617/967
s 3
f 378/604/968 372/594/969 384/612/970 385/613/971
f 381/607/972 380/606/973 374/596/974 376/605/975
s off
f 388/618/976 389/619/977 390/620/978 391/621/979
s 2
f 383/611/980 382/610/981 377/603/982 375/597/983
s 1
f 380/606/984 383/611/985 375/597/986 374/596/987
s 3
f 385/613/971 384/612/970 380/606/973 381/607/972
s off
f 381/608/988 382/609/989 386/615/990 385/614/991
s 2
f 387/617/967 386/616/966 382/610/981 383/611/980
s 1
f 384/612/959 387/617/958 383/611/985 380/606/984
s off
f 386/615/992 379/601/993 401/631/994 402/632/995
f 378/600/996 385/614/997 403/633/998 400/630/999
s 4
f 376/598/1000 377/599/1001 394/624/1002 395/625/1003
s 5
f 377/599/1004 382/609/1005 393/623/1006 394/624/1007
s 6
f 381/608/1008 376/598/1009 395/625/1010 392/622/1011
s 5
f 394/624/1007 393/623/1006 390/620/1012 389/619/1013
s 4
f 395/625/1003 394/624/1002 389/619/1014 388/618/1015
s 6
f 392/622/1011 395/625/1010 388/618/1016 391/621/1017
s off
f 392/622/1018 391/621/1019 398/628/1020 396/627/1021
f 391/621/1022 390/620/1023 399/629/1024 398/628/1025
f 390/620/1026 393/623/1027 397/626/1028 399/629/1029
g default
v -13.225569 19.105904 0.419437
v 10.975080 19.105904 0.419437
v -13.225569 19.414421 0.419437
v 10.975080 19.414421 0.419437
v -13.225569 19.414421 0.110919
v 10.975080 19.414421 0.110919
v -13.225569 19.105904 0.110919
v 10.975080 19.105904 0.110919
vt 0.375000 0.000000
vt 0.625000 0.000000
vt 0.375000 0.250000
vt 0.625000 0.250000
vt 0.375000 0.500000
vt 0.625000 0.500000
vt 0.375000 0.750000
vt 0.625000 0.750000
vt 0.375000 1.000000
vt 0.625000 1.000000
vn 0.000000 0.000000 1.000000
vn 0.000000 0.000000 1.000000
vn 0.000000 0.000000 1.000000
vn 0.000000 0.000000 1.000000
vn 0.000000 1.000000 0.000000
vn 0.000000 1.000000 0.000000
vn 0.000000 1.000000 0.000000
vn 0.000000 1.000000 0.000000
vn 0.000000 -1.000000 0.000000
vn 0.000000 -1.000000 0.000000
vn 0.000000 -1.000000 0.000000
vn 0.000000 -1.000000 0.000000
s off
g group2 Banda_transporte pCube3
usemtl initialShadingGroup
f 404/634/1030 405/635/1031 407/637/1032 406/636/1033
f 406/636/1034 407/637/1035 409/639/1036 408/638/1037
f 410/640/1038 411/641/1039 405/643/1040 404/642/1041
g default
v -0.260445 17.619947 0.487915
v 0.260445 17.619947 0.487915
v -0.260445 20.472210 0.487915
v 0.260445 20.472210 0.487915
v -0.260445 20.472210 -0.032974
v 0.260445 20.472210 -0.032974
v -0.260445 17.619947 -0.032974
v 0.260445 17.619947 -0.032974
v -0.194642 8.260716 0.032829
v 0.194642 8.260716 0.032829
v 0.194642 8.260716 0.422112
v -0.194642 8.260716 0.422112
v -0.194642 17.619947 0.032829
v 0.194642 17.619947 0.032829
v 0.194642 17.619947 0.422112
v -0.194642 17.619947 0.422112
vt 0.375000 0.000000
vt 0.625000 0.000000
vt 0.375000 0.250000
vt 0.625000 0.250000
vt 0.375000 0.500000
vt 0.625000 0.500000
vt 0.375000 0.750000
vt 0.625000 0.750000
vt 0.375000 1.000000
vt 0.625000 1.000000
vt 0.875000 0.000000
vt 0.875000 0.250000
vt 0.125000 0.000000
vt 0.125000 0.250000
vt 0.375000 0.750000
vt 0.625000 0.750000
vt 0.625000 1.000000
vt 0.375000 1.000000
vt 0.375000 0.750000
vt 0.625000 0.750000
vt 0.625000 1.000000
vt 0.375000 1.000000
vn 0.000000 0.000000 1.000000
vn 0.000000 0.000000 1.000000
vn 0.000000 0.000000 1.000000
vn 0.000000 0.000000 1.000000
vn 0.000000 0.000000 -1.000000
vn 0.000000 0.000000 -1.000000
vn 0.000000 0.000000 -1.000000
vn 0.000000 0.000000 -1.000000
vn 1.000000 0.000000 0.000000
vn 1.000000 0.000000 0.000000
vn 1.000000 0.000000 0.000000
vn 1.000000 0.000000 0.000000
vn -1.000000 0.000000 0.000000
vn -1.000000 0.000000 0.000000
vn -1.000000 0.000000 0.000000
vn -1.000000 0.000000 0.000000
vn 0.000000 0.000000 -1.000000
vn 0.000000 0.000000 -1.000000
vn 0.000000 0.000000 -1.000000
vn 0.000000 0.000000 -1.000000
vn 1.000000 0.000000 0.000000
vn 1.000000 0.000000 0.000000
vn 1.000000 0.000000 0.000000
vn 1.000000 0.000000 0.000000
vn 0.000000 0.000000 1.000000
vn 0.000000 0.000000 1.000000
vn 0.000000 0.000000 1.000000
vn 0.000000 0.000000 1.000000
vn -1.000000 0.000000 0.000000
vn -1.000000 0.000000 0.000000
vn -1.000000 0.000000 0.000000
vn -1.000000 0.000000 0.000000
vn 0.000000 -1.000000 -0.000004
vn 0.000000 -1.000000 -0.000004
vn 0.000000 -1.000000 -0.000004
vn 0.000000 -1.000000 -0.000004
vn 0.000000 -1.000000 0.000004
vn 0.000000 -1.000000 0.000004
vn 0.000000 -1.000000 0.000004
vn 0.000000 -1.000000 0.000004
s off
g group2 Banda_transporte pCube2
usemtl initialShadingGroup
f 412/644/1042 413/645/1043 415/647/1044 414/646/1045
f 416/648/1046 417/649/1047 419/651/1048 418/650/1049
f 413/645/1050 419/654/1051 417/655/1052 415/647/1053
f 418/656/1054 412/644/1055 414/646/1056 416/657/1057
f 424/662/1058 425/663/1059 421/659/1060 420/658/1061
f 425/663/1062 426/664/1063 422/660/1064 421/659/1065
f 426/664/1066 427/665/1067 423/661/1068 422/660/1069
f 427/665/1070 424/662/1071 420/658/1072 423/661/1073
s 1
f 418/650/1074 419/651/1075 425/663/1076 424/662/1077
f 419/651/1075 413/653/1078 426/664/1079 425/663/1076
f 413/653/1078 412/652/1080 427/665/1081 426/664/1079
f 412/652/1080 418/650/1074 424/662/1077 427/665/1081
g default
v -0.284467 18.994049 0.518223
v 0.284467 18.994049 0.518223
v -0.284467 19.545345 0.518223
v 0.284467 19.545345 0.518223
v -0.284467 19.545345 -0.062577
v 0.284467 19.545345 -0.062577
v -0.284467 18.994049 -0.062577
v 0.284467 18.994049 -0.062577
v 0.094822 19.545345 0.518223
v 0.094822 18.994049 0.518223
v -0.094822 19.545345 0.518223
v -0.094822 18.994049 0.518223
v 0.094822 19.361578 0.518223
v -0.094822 19.361578 0.518223
v -0.284467 19.361578 0.518223
v -0.284467 19.361578 -0.062577
v 0.284467 19.361578 -0.062577
v 0.284467 19.361578 0.518223
v 0.094822 19.177813 0.518223
v -0.094822 19.177813 0.518223
v -0.284467 19.177813 0.518223
v -0.284467 19.177813 -0.062577
v 0.284467 19.177813 -0.062577
v 0.284467 19.177813 0.518223
v -0.252114 18.994049 0.485195
v -0.094822 18.994049 0.485295
v -0.252114 19.545345 0.485195
v -0.094822 19.545345 0.485295
v -0.251308 19.545345 -0.062577
v 0.252114 19.545345 0.485195
v 0.251308 19.545345 -0.062577
v -0.251308 18.994049 -0.062577
v 0.094822 19.545345 0.485295
v 0.094822 18.994049 0.485295
v 0.252114 18.994049 0.485195
v 0.251308 18.994049 -0.062577
vt 0.375000 0.000000
vt 0.625000 0.000000
vt 0.375000 0.250000
vt 0.625000 0.250000
vt 0.625000 0.750000
vt 0.875000 0.250000
vt 0.125000 0.000000
vt 0.125000 0.250000
vt 0.541667 0.250000
vt 0.541667 0.000000
vt 0.458333 0.250000
vt 0.458333 0.000000
vt 0.541667 0.166667
vt 0.458333 0.166667
vt 0.375000 0.166667
vt 0.125000 0.166667
vt 0.875000 0.166667
vt 0.625000 0.166667
vt 0.541667 0.083333
vt 0.458333 0.083333
vt 0.375000 0.083333
vt 0.125000 0.083333
vt 0.625000 0.666667
vt 0.625000 0.083333
vt 0.000000 0.000000
vt 1.000000 0.000000
vt 1.000000 1.000000
vt 0.000000 1.000000
vt 0.000000 0.000000
vt 1.000000 0.000000
vt 1.000000 1.000000
vt 0.000000 1.000000
vt 0.000000 0.000000
vt 1.000000 0.000000
vt 1.000000 1.000000
vt 0.000000 1.000000
vt 0.000000 0.000000
vt 1.000000 0.000000
vt 1.000000 1.000000
vt 0.000000 1.000000
vt 0.000000 0.000000
vt 1.000000 0.000000
vt 1.000000 1.000000
vt 0.000000 1.000000
vt 0.000000 0.000000
vt 1.000000 0.000000
vt 1.000000 1.000000
vt 0.000000 1.000000
vt 0.000000 0.000000
vt 1.000000 0.000000
vt 1.000000 1.000000
vt 0.000000 1.000000
vt 0.000000 0.000000
vt 1.000000 0.000000
vt 1.000000 1.000000
vt 0.000000 1.000000
vt 0.000000 0.000000
vt 1.000000 0.000000
vt 1.000000 1.000000
vt 0.000000 1.000000
vt 0.000000 0.000000
vt 1.000000 0.000000
vt 1.000000 1.000000
vt 0.000000 1.000000
vn 0.000000 0.000000 1.000000
vn 0.000000 0.000000 1.000000
vn 0.000000 0.000000 1.000000
vn 0.000000 0.000000 1.000000
vn -1.000000 0.000000 0.000000
vn -1.000000 0.000000 0.000000
vn -1.000000 0.000000 0.000000
vn -1.000000 0.000000 0.000000
vn 0.000000 0.000000 1.000000
vn 0.000000 0.000000 1.000000
vn 0.000000 0.000000 1.000000
vn 0.000000 0.000000 1.000000
vn 0.000000 0.000000 1.000000
vn 0.000000 0.000000 1.000000
vn 0.000000 0.000000 1.000000
vn 0.000000 0.000000 1.000000
vn 0.000000 0.000000 1.000000
vn 0.000000 0.000000 1.000000
vn -1.000000 0.000000 0.000000
vn -1.000000 0.000000 0.000000
vn -1.000000 0.000000 0.000000
vn -1.000000 0.000000 0.000000
vn 1.000000 0.000000 0.000000
vn 1.000000 0.000000 0.000000
vn 1.000000 0.000000 0.000000
vn 1.000000 0.000000 0.000000
vn 0.000000 0.000000 1.000000
vn 0.000000 0.000000 1.000000
vn 1.000000 0.000000 0.000000
vn 1.000000 0.000000 0.000000
vn 1.000000 0.000000 0.000000
vn 1.000000 0.000000 0.000000
vn 0.000000 -1.000000 0.000000
vn 0.000000 -1.000000 0.000002
vn 0.000000 -1.000000 0.000002
vn 0.000000 -1.000000 0.000000
vn 0.000000 1.000000 0.000000
vn 0.000000 1.000000 0.000005
vn 0.000000 1.000000 0.000005
vn 0.000000 1.000000 -0.000000
vn 0.000000 1.000000 -0.000003
vn 0.000000 1.000000 -0.000003
vn 0.000000 1.000000 -0.000002
vn 0.000000 1.000000 -0.000003
vn 0.000000 1.000000 -0.000003
vn 0.000000 1.000000 -0.000002
vn 0.000000 -1.000000 0.000003
vn 0.000000 -1.000000 0.000003
vn 0.000000 1.000000 0.000000
vn 0.000000 1.000000 0.000000
vn 0.000000 -1.000000 0.000002
vn 0.000000 -1.000000 0.000000
vn 0.000000 -1.000000 0.000000
vn 0.000000 -1.000000 0.000002
vn 0.000000 -1.000000 0.000003
vn 0.000000 -1.000000 0.000003
s 1
g group2 Banda_transporte pCube4
usemtl initialShadingGroup
f 428/666/1082 439/677/1083 447/685/1084 448/686/1085
s off
f 434/672/1086 428/666/1087 448/686/1088 449/687/1089
s 1
f 451/689/1090 446/684/1091 437/675/1092 429/667/1093
f 447/685/1084 439/677/1083 437/675/1092 446/684/1091
f 438/676/1094 441/679/1095 440/678/1096 436/674/1097
f 442/680/1098 441/679/1095 438/676/1094 430/668/1099
s off
f 443/681/1100 442/680/1101 430/668/1102 432/673/1103
f 445/683/1104 444/682/1105 433/671/1106 431/669/1107
s 1
f 436/674/1097 440/678/1096 445/683/1108 431/669/1109
f 448/686/1085 447/685/1084 441/679/1095 442/680/1098
f 445/683/1108 440/678/1096 446/684/1091 451/689/1090
s off
f 451/689/1110 429/667/1111 435/670/1112 450/688/1113
s 4
f 439/690/1114 428/691/1115 452/692/1116 453/693/1117
s 5
f 430/694/1118 438/695/1119 455/696/1120 454/697/1121
f 432/698/1122 430/699/1118 454/700/1121 456/701/1123
f 431/702/1124 433/703/1125 458/704/1126 457/705/1127
s 4
f 428/706/1115 434/707/1128 459/708/1129 452/709/1116
s 5
f 436/710/1130 431/711/1124 457/712/1127 460/713/1131
s 4
f 429/714/1132 437/715/1133 461/716/1134 462/717/1135
s 5
f 438/718/1119 436/719/1130 460/720/1131 455/721/1120
s 4
f 437/722/1133 439/723/1114 453/724/1117 461/725/1134
f 435/726/1136 429/727/1132 462/728/1135 463/729/1137
g default
v 0.078763 19.333534 0.519536
v 0.015148 19.370264 0.519536
v -0.057193 19.357506 0.519536
v -0.104410 19.301233 0.519536
v -0.104410 19.227779 0.519536
v -0.057193 19.171507 0.519536
v 0.015148 19.158752 0.519536
v 0.078763 19.195480 0.519536
v 0.103887 19.264507 0.519536
v 0.078763 19.333534 0.546011
v 0.015148 19.370264 0.546011
v -0.057193 19.357506 0.546011
v -0.104410 19.301233 0.546011
v -0.104410 19.227779 0.546011
v -0.057193 19.171507 0.546011
v 0.015148 19.158752 0.546011
v 0.078763 19.195480 0.546011
v 0.103887 19.264507 0.546011
v 0.064193 19.320808 0.584132
v 0.012307 19.350769 0.584132
v -0.046696 19.340361 0.584132
v -0.085208 19.294464 0.584132
v -0.085208 19.234550 0.584132
v -0.046696 19.188652 0.584132
v 0.012307 19.178251 0.584132
v 0.064193 19.208208 0.584132
v 0.084685 19.264507 0.584132
v 0.064193 19.320808 0.549882
v 0.012307 19.350769 0.549882
v -0.046696 19.340361 0.549882
v -0.085208 19.294464 0.549882
v -0.085208 19.234550 0.549882
v -0.046696 19.188654 0.549882
v 0.012307 19.178251 0.549882
v 0.064193 19.208208 0.549882
v 0.084685 19.264507 0.549882
v 0.050221 19.308605 0.617368
v 0.009582 19.332069 0.617368
v -0.002330 19.264507 0.617368
v -0.036631 19.323917 0.617368
v -0.066794 19.287971 0.617368
v -0.066794 19.241043 0.617368
v -0.036631 19.205097 0.617368
v 0.009582 19.196949 0.617368
v 0.050221 19.220413 0.617368
v 0.066271 19.264507 0.617368
vt 0.375000 0.312500
vt 0.402778 0.312500
vt 0.430556 0.312500
vt 0.458333 0.312500
vt 0.486111 0.312500
vt 0.513889 0.312500
vt 0.541667 0.312500
vt 0.569445 0.312500
vt 0.597222 0.312500
vt 0.625000 0.312500
vt 0.375000 0.688440
vt 0.402778 0.688440
vt 0.430556 0.688440
vt 0.458333 0.688440
vt 0.486111 0.688440
vt 0.513889 0.688440
vt 0.541667 0.688440
vt 0.569445 0.688440
vt 0.597222 0.688440
vt 0.625000 0.688440
vt 0.619694 0.743314
vt 0.527133 0.689874
vt 0.421875 0.708434
vt 0.353173 0.790309
vt 0.353173 0.897191
vt 0.421875 0.979066
vt 0.527133 0.997626
vt 0.619694 0.944186
vt 0.656250 0.843750
vt 0.500000 0.837500
vt 0.619694 0.944186
vt 0.527133 0.997626
vt 0.421875 0.979066
vt 0.353173 0.897191
vt 0.353173 0.790309
vt 0.421875 0.708434
vt 0.527133 0.689874
vt 0.619694 0.743314
vt 0.656250 0.843750
vt 0.619694 0.944186
vt 0.527133 0.997626
vt 0.421875 0.979066
vt 0.353173 0.897191
vt 0.353173 0.790309
vt 0.421875 0.708434
vt 0.527133 0.689874
vt 0.619694 0.743314
vt 0.656250 0.843750
vt 0.619694 0.944186
vt 0.527133 0.997626
vt 0.421875 0.979066
vt 0.353173 0.897191
vt 0.353173 0.790309
vt 0.421875 0.708434
vt 0.527133 0.689874
vt 0.619694 0.743314
vt 0.656250 0.843750
vn 0.500015 0.866017 0.000000
vn 0.500015 0.866017 0.000000
vn 0.500015 0.866017 0.000000
vn 0.500015 0.866017 0.000000
vn -0.173683 0.984802 0.000000
vn -0.173683 0.984802 0.000000
vn -0.173683 0.984802 0.000000
vn -0.173683 0.984802 0.000000
vn -0.766053 0.642777 0.000000
vn -0.766053 0.642777 0.000000
vn -0.766053 0.642777 0.000000
vn -0.766053 0.642777 0.000000
vn -1.000000 0.000000 0.000000
vn -1.000000 0.000000 0.000000
vn -1.000000 0.000000 0.000000
vn -1.000000 0.000000 0.000000
vn -0.766052 -0.642778 0.000000
vn -0.766052 -0.642778 0.000000
vn -0.766052 -0.642778 0.000000
vn -0.766052 -0.642778 0.000000
vn -0.173633 -0.984811 0.000000
vn -0.173633 -0.984811 0.000000
vn -0.173633 -0.984811 0.000000
vn -0.173633 -0.984811 0.000000
vn 0.499996 -0.866028 0.000000
vn 0.499996 -0.866028 0.000000
vn 0.499996 -0.866028 0.000000
vn 0.499996 -0.866028 0.000000
vn 0.939693 -0.342019 0.000000
vn 0.939693 -0.342019 0.000000
vn 0.939693 -0.342019 0.000000
vn 0.939693 -0.342019 0.000000
vn 0.939693 0.342019 0.000000
vn 0.939693 0.342019 0.000000
vn 0.939693 0.342019 0.000000
vn 0.939693 0.342019 0.000000
vn 0.000001 -0.000001 1.000000
vn -0.000002 -0.000001 1.000000
vn -0.000000 -0.000000 1.000000
vn -0.000002 0.000000 1.000000
vn 0.000000 0.000001 1.000000
vn 0.000001 0.000000 1.000000
vn 0.000000 -0.000000 1.000000
vn 0.000000 0.000000 1.000000
vn 0.000000 0.000000 1.000000
vn 0.000000 -0.000001 1.000000
vn 0.500050 0.865997 0.000000
vn 0.500050 0.865997 0.000000
vn 0.500050 0.865997 0.000000
vn 0.500050 0.865997 0.000000
vn -0.173722 0.984795 0.000000
vn -0.173722 0.984795 0.000000
vn -0.173722 0.984795 0.000000
vn -0.173722 0.984795 0.000000
vn -0.766046 0.642785 0.000000
vn -0.766046 0.642785 0.000000
vn -0.766046 0.642785 0.000000
vn -0.766046 0.642785 0.000000
vn -1.000000 0.000001 0.000000
vn -1.000000 0.000001 0.000000
vn -1.000000 0.000001 0.000000
vn -1.000000 0.000001 0.000000
vn -0.766052 -0.642779 0.000000
vn -0.766052 -0.642779 0.000000
vn -0.766052 -0.642779 0.000000
vn -0.766052 -0.642779 0.000000
vn -0.173614 -0.984814 0.000000
vn -0.173614 -0.984814 0.000000
vn -0.173614 -0.984814 0.000000
vn -0.173614 -0.984814 0.000000
vn 0.500002 -0.866024 0.000000
vn 0.500002 -0.866024 0.000000
vn 0.500002 -0.866024 0.000000
vn 0.500002 -0.866024 0.000000
vn 0.939691 -0.342025 0.000000
vn 0.939691 -0.342025 0.000000
vn 0.939691 -0.342025 0.000000
vn 0.939691 -0.342025 0.000000
vn 0.939695 0.342014 0.000000
vn 0.939695 0.342014 0.000000
vn 0.939695 0.342014 0.000000
vn 0.939695 0.342014 0.000000
vn 0.103471 0.179202 0.978356
vn 0.103471 0.179202 0.978356
vn 0.103471 0.179202 0.978356
vn 0.103471 0.179202 0.978356
vn -0.035202 0.199573 0.979251
vn -0.035202 0.199573 0.979251
vn -0.035202 0.199573 0.979251
vn -0.035202 0.199573 0.979251
vn -0.152466 0.127932 0.979994
vn -0.152466 0.127932 0.979994
vn -0.152466 0.127932 0.979994
vn -0.152466 0.127932 0.979994
vn -0.197626 0.000001 0.980278
vn -0.197626 0.000001 0.980277
vn -0.197626 0.000001 0.980278
vn -0.197626 0.000001 0.980278
vn -0.152463 -0.127930 0.979994
vn -0.152463 -0.127930 0.979994
vn -0.152463 -0.127930 0.979994
vn -0.152463 -0.127930 0.979994
vn -0.035181 -0.199544 0.979257
vn -0.035181 -0.199544 0.979257
vn -0.035181 -0.199544 0.979257
vn -0.035181 -0.199544 0.979257
vn 0.103443 -0.179168 0.978365
vn 0.103443 -0.179168 0.978365
vn 0.103443 -0.179168 0.978365
vn 0.103443 -0.179168 0.978365
vn 0.197110 -0.071742 0.977753
vn 0.197110 -0.071742 0.977753
vn 0.197110 -0.071742 0.977753
vn 0.197110 -0.071742 0.977753
vn 0.197125 0.071746 0.977750
vn 0.197125 0.071746 0.977750
vn 0.197125 0.071746 0.977750
vn 0.197125 0.071746 0.977750
vn 0.442142 0.765739 0.467071
vn 0.442142 0.765738 0.467071
vn 0.442142 0.765739 0.467071
vn 0.442142 0.765738 0.467071
vn -0.152866 0.866571 0.475065
vn -0.152866 0.866571 0.475065
vn -0.152866 0.866571 0.475065
vn -0.152866 0.866571 0.475065
vn -0.671213 0.563223 0.481926
vn -0.671213 0.563223 0.481926
vn -0.671213 0.563223 0.481926
vn -0.671213 0.563223 0.481926
vn -0.874712 0.000002 0.484644
vn -0.874712 0.000002 0.484644
vn -0.874712 0.000002 0.484644
vn -0.874712 0.000002 0.484644
vn -0.671211 -0.563207 0.481948
vn -0.671211 -0.563207 0.481948
vn -0.671211 -0.563207 0.481948
vn -0.671211 -0.563207 0.481948
vn -0.152781 -0.866623 0.474998
vn -0.152781 -0.866623 0.474998
vn -0.152781 -0.866623 0.474998
vn -0.152781 -0.866623 0.474998
vn 0.442119 -0.765751 0.467072
vn 0.442119 -0.765751 0.467072
vn 0.442119 -0.765751 0.467072
vn 0.442119 -0.765751 0.467072
vn 0.833486 -0.303372 0.461808
vn 0.833486 -0.303372 0.461808
vn 0.833486 -0.303372 0.461808
vn 0.833486 -0.303372 0.461808
vn 0.833507 0.303361 0.461777
vn 0.833507 0.303361 0.461777
vn 0.833507 0.303361 0.461777
vn 0.833507 0.303361 0.461777
s off
g group2 Banda_transporte pCylinder2
usemtl initialShadingGroup
f 464/730/1138 465/731/1139 474/741/1140 473/740/1141
f 465/731/1142 466/732/1143 475/742/1144 474/741/1145
f 466/732/1146 467/733/1147 476/743/1148 475/742/1149
f 467/733/1150 468/734/1151 477/744/1152 476/743/1153
f 468/734/1154 469/735/1155 478/745/1156 477/744/1157
f 469/735/1158 470/736/1159 479/746/1160 478/745/1161
f 470/736/1162 471/737/1163 480/747/1164 479/746/1165
f 471/737/1166 472/738/1167 481/748/1168 480/747/1169
f 472/738/1170 464/739/1171 473/749/1172 481/748/1173
s 1
f 500/778/1174 501/779/1175 502/759/1176
f 501/779/1175 503/780/1177 502/759/1176
f 503/780/1177 504/781/1178 502/759/1176
f 504/781/1178 505/782/1179 502/759/1176
f 505/782/1179 506/783/1180 502/759/1176
f 506/783/1180 507/784/1181 502/759/1176
f 507/784/1181 508/785/1182 502/759/1176
f 508/785/1182 509/786/1183 502/759/1176
f 509/786/1183 500/778/1174 502/759/1176
s off
f 491/769/1184 492/770/1185 483/761/1186 482/760/1187
f 492/770/1188 493/771/1189 484/762/1190 483/761/1191
f 493/771/1192 494/772/1193 485/763/1194 484/762/1195
f 494/772/1196 495/773/1197 486/764/1198 485/763/1199
f 495/773/1200 496/774/1201 487/765/1202 486/764/1203
f 496/774/1204 497/775/1205 488/766/1206 487/765/1207
f 497/775/1208 498/776/1209 489/767/1210 488/766/1211
f 498/776/1212 499/777/1213 490/768/1214 489/767/1215
f 499/777/1216 491/769/1217 482/760/1218 490/768/1219
f 473/757/1220 474/756/1221 492/770/1222 491/769/1223
f 474/756/1224 475/755/1225 493/771/1226 492/770/1227
f 475/755/1228 476/754/1229 494/772/1230 493/771/1231
f 476/754/1232 477/753/1233 495/773/1234 494/772/1235
f 477/753/1236 478/752/1237 496/774/1238 495/773/1239
f 478/752/1240 479/751/1241 497/775/1242 496/774/1243
f 479/751/1244 480/750/1245 498/776/1246 497/775/1247
f 480/750/1248 481/758/1249 499/777/1250 498/776/1251
f 481/758/1252 473/757/1253 491/769/1254 499/777/1255
f 482/760/1256 483/761/1257 501/779/1258 500/778/1259
f 483/761/1260 484/762/1261 503/780/1262 501/779/1263
f 484/762/1264 485/763/1265 504/781/1266 503/780/1267
f 485/763/1268 486/764/1269 505/782/1270 504/781/1271
f 486/764/1272 487/765/1273 506/783/1274 505/782/1275
f 487/765/1276 488/766/1277 507/784/1278 506/783/1279
f 488/766/1280 489/767/1281 508/785/1282 507/784/1283
f 489/767/1284 490/768/1285 509/786/1286 508/785/1287
f 490/768/1288 482/760/1289 500/778/1290 509/786/1291
g default
v -13.704346 17.826431 0.216600
v -13.704346 17.875010 0.196478
v -13.704346 17.923588 0.216600
v -13.704346 17.943710 0.265178
v -13.704346 17.923588 0.313756
v -13.704346 17.875010 0.333878
v -13.704346 17.826431 0.313756
v -13.704346 17.806311 0.265178
v 8.094765 17.826431 0.216600
v 8.094765 17.875010 0.196478
v 8.094765 17.923588 0.216600
v 8.094765 17.943710 0.265178
v 8.094765 17.923588 0.313756
v 8.094765 17.875010 0.333878
v 8.094765 17.826431 0.313756
v 8.094765 17.806311 0.265178
v -13.704346 17.875010 0.265178
v 8.094765 17.875010 0.265178
vt 0.610485 0.045765
vt 0.500000 0.000000
vt 0.389515 0.045765
vt 0.343750 0.156250
vt 0.389515 0.266735
vt 0.500000 0.312500
vt 0.610485 0.266735
vt 0.656250 0.156250
vt 0.375000 0.312500
vt 0.406250 0.312500
vt 0.437500 0.312500
vt 0.468750 0.312500
vt 0.500000 0.312500
vt 0.531250 0.312500
vt 0.562500 0.312500
vt 0.593750 0.312500
vt 0.625000 0.312500
vt 0.375000 0.688440
vt 0.406250 0.688440
vt 0.437500 0.688440
vt 0.468750 0.688440
vt 0.500000 0.688440
vt 0.531250 0.688440
vt 0.562500 0.688440
vt 0.593750 0.688440
vt 0.625000 0.688440
vt 0.610485 0.733265
vt 0.500000 0.687500
vt 0.389515 0.733265
vt 0.343750 0.843750
vt 0.389515 0.954235
vt 0.500000 1.000000
vt 0.610485 0.954235
vt 0.656250 0.843750
vt 0.500000 0.150000
vt 0.500000 0.837500
vn 0.000000 -0.382684 -0.923879
vn 0.000000 -0.382684 -0.923879
vn 0.000000 -0.382684 -0.923879
vn 0.000000 -0.382684 -0.923879
vn 0.000000 0.382684 -0.923879
vn 0.000000 0.382684 -0.923879
vn 0.000000 0.382684 -0.923879
vn 0.000000 0.382684 -0.923879
vn 0.000000 0.923872 -0.382701
vn 0.000000 0.923872 -0.382701
vn 0.000000 0.923872 -0.382701
vn 0.000000 0.923872 -0.382701
vn 0.000000 0.923872 0.382701
vn 0.000000 0.923872 0.382701
vn 0.000000 0.923872 0.382701
vn 0.000000 0.923872 0.382701
vn 0.000000 0.382684 0.923879
vn 0.000000 0.382684 0.923879
vn 0.000000 0.382684 0.923879
vn 0.000000 0.382684 0.923879
vn 0.000000 -0.382684 0.923879
vn 0.000000 -0.382684 0.923879
vn 0.000000 -0.382684 0.923879
vn 0.000000 -0.382684 0.923879
vn 0.000000 -0.923891 0.382655
vn 0.000000 -0.923891 0.382655
vn 0.000000 -0.923891 0.382655
vn 0.000000 -0.923891 0.382655
vn 0.000000 -0.923891 -0.382655
vn 0.000000 -0.923891 -0.382655
vn 0.000000 -0.923891 -0.382655
vn 0.000000 -0.923891 -0.382655
vn -1.000000 0.000000 0.000000
vn -1.000000 0.000000 0.000000
vn -1.000000 0.000000 0.000000
vn -1.000000 0.000000 0.000000
vn -1.000000 0.000000 0.000000
vn -1.000000 -0.000018 0.000000
vn -1.000000 0.000000 0.000000
vn -1.000000 0.000018 0.000000
vn -1.000000 0.000000 0.000000
vn 1.000000 0.000000 0.000000
vn 1.000000 0.000000 0.000000
vn 1.000000 0.000002 0.000000
vn 1.000000 0.000000 0.000000
vn 1.000000 0.000000 0.000000
vn 1.000000 -0.000009 0.000000
vn 1.000000 0.000009 0.000000
vn 1.000000 0.000018 0.000000
vn 1.000000 0.000000 0.000000
s off
g group2 Banda_transporte pCylinder1
usemtl initialShadingGroup
f 510/795/1292 511/796/1293 519/805/1294 518/804/1295
f 511/796/1296 512/797/1297 520/806/1298 519/805/1299
f 512/797/1300 513/798/1301 521/807/1302 520/806/1303
f 513/798/1304 514/799/1305 522/808/1306 521/807/1307
f 514/799/1308 515/800/1309 523/809/1310 522/808/1311
f 515/800/1312 516/801/1313 524/810/1314 523/809/1315
f 516/801/1316 517/802/1317 525/811/1318 524/810/1319
f 517/802/1320 510/803/1321 518/812/1322 525/811/1323
s 1
f 511/788/1324 510/787/1325 526/821/1326
f 512/789/1327 511/788/1324 526/821/1326
f 513/790/1328 512/789/1327 526/821/1326
f 514/791/1329 513/790/1328 526/821/1326
f 515/792/1330 514/791/1329 526/821/1326
f 516/793/1331 515/792/1330 526/821/1326
f 517/794/1332 516/793/1331 526/821/1326
f 510/787/1325 517/794/1332 526/821/1326
s 2
f 518/819/1333 519/818/1334 527/822/1335
f 519/818/1334 520/817/1336 527/822/1335
f 520/817/1336 521/816/1337 527/822/1335
f 521/816/1337 522/815/1338 527/822/1335
f 522/815/1338 523/814/1339 527/822/1335
f 523/814/1339 524/813/1340 527/822/1335
f 524/813/1340 525/820/1341 527/822/1335
f 525/820/1341 518/819/1333 527/822/1335
g default
v -1.042705 20.864191 1.115878
v -1.114340 20.905550 1.115878
v -1.195800 20.891186 1.115878
v -1.248971 20.827822 1.115878
v -1.248971 20.745104 1.115878
v -1.195800 20.681738 1.115878
v -1.114340 20.667376 1.115878
v -1.042705 20.708735 1.115878
v -1.014413 20.786463 1.115878
v -1.248971 20.827824 1.160396
v -1.195800 20.891186 1.160396
v -1.114340 20.905548 1.160396
v -1.042705 20.864189 1.160396
v -1.014413 20.786465 1.160396
v -1.042705 20.708733 1.160396
v -1.114340 20.667377 1.160396
v -1.195800 20.681740 1.160396
v -1.248971 20.745102 1.160396
v -1.073672 20.834394 1.308159
v -1.117846 20.859896 1.308159
v -1.130794 20.786463 1.305925
v -1.168078 20.851040 1.308159
v -1.200866 20.811968 1.308159
v -1.200866 20.760960 1.308159
v -1.168078 20.721884 1.308159
v -1.117846 20.713028 1.308159
v -1.073672 20.738531 1.308159
v -1.056227 20.786463 1.308159
v -1.202838 20.812687 1.205656
v -1.169127 20.852859 1.205656
v -1.117481 20.861965 1.205656
v -1.072064 20.835743 1.205656
v -1.054127 20.786465 1.205656
v -1.072065 20.737183 1.205656
v -1.117481 20.710960 1.205656
v -1.169127 20.720066 1.205656
v -1.202838 20.760242 1.205656
vt 0.375000 0.312500
vt 0.402778 0.312500
vt 0.430556 0.312500
vt 0.458333 0.312500
vt 0.486111 0.312500
vt 0.513889 0.312500
vt 0.541667 0.312500
vt 0.569445 0.312500
vt 0.597222 0.312500
vt 0.625000 0.312500
vt 0.375000 0.688440
vt 0.402778 0.688440
vt 0.430556 0.688440
vt 0.458333 0.688440
vt 0.486111 0.688440
vt 0.513889 0.688440
vt 0.541667 0.688440
vt 0.569445 0.688440
vt 0.597222 0.688440
vt 0.625000 0.688440
vt 0.619694 0.743314
vt 0.527133 0.689874
vt 0.421875 0.708434
vt 0.353173 0.790309
vt 0.353173 0.897191
vt 0.421875 0.979066
vt 0.527133 0.997626
vt 0.619694 0.944186
vt 0.656250 0.843750
vt 0.500000 0.837500
vt 0.458333 0.500470
vt 0.430556 0.500470
vt 0.402778 0.500470
vt 0.625000 0.500470
vt 0.375000 0.500470
vt 0.597222 0.500470
vt 0.569445 0.500470
vt 0.541667 0.500470
vt 0.513889 0.500470
vt 0.486111 0.500470
vt 0.430556 0.500470
vt 0.458333 0.500470
vt 0.402778 0.500470
vt 0.375000 0.500470
vt 0.597222 0.500470
vt 0.625000 0.500470
vt 0.569445 0.500470
vt 0.541667 0.500470
vt 0.513889 0.500470
vt 0.486111 0.500470
vn 0.500006 0.866022 0.000032
vn 0.500006 0.866022 0.000032
vn 0.500006 0.866022 0.000032
vn 0.500006 0.866022 0.000032
vn -0.173644 0.984809 0.000032
vn -0.173644 0.984809 0.000032
vn -0.173644 0.984809 0.000032
vn -0.173644 0.984809 0.000032
vn -0.766031 0.642804 0.000000
vn -0.766031 0.642804 0.000000
vn -0.766031 0.642804 0.000000
vn -0.766031 0.642804 0.000000
vn -1.000000 0.000000 0.000000
vn -1.000000 0.000000 0.000000
vn -1.000000 0.000000 0.000000
vn -1.000000 0.000000 0.000000
vn -0.766035 -0.642798 0.000000
vn -0.766035 -0.642798 0.000000
vn -0.766035 -0.642798 0.000000
vn -0.766035 -0.642798 0.000000
vn -0.173632 -0.984811 0.000032
vn -0.173632 -0.984811 0.000032
vn -0.173632 -0.984811 0.000032
vn -0.173632 -0.984811 0.000032
vn 0.499988 -0.866032 0.000000
vn 0.499988 -0.866032 0.000000
vn 0.499988 -0.866032 0.000000
vn 0.499988 -0.866032 0.000000
vn 0.939691 -0.342023 0.000000
vn 0.939692 -0.342023 0.000000
vn 0.939691 -0.342023 0.000000
vn 0.939691 -0.342023 0.000000
vn 0.939686 0.342039 0.000000
vn 0.939686 0.342039 0.000000
vn 0.939686 0.342039 0.000000
vn 0.939686 0.342039 0.000000
vn -0.022937 -0.019246 0.999552
vn -0.005203 -0.029488 0.999552
vn 0.000000 0.000000 1.000000
vn 0.014971 -0.025926 0.999552
vn 0.028141 -0.010239 0.999552
vn 0.028139 0.010236 0.999552
vn 0.014966 0.025928 0.999552
vn -0.005199 0.029489 0.999552
vn -0.022933 0.019246 0.999552
vn -0.029943 -0.000001 0.999552
vn -0.765883 0.642692 0.019246
vn -0.765883 0.642692 0.019246
vn -0.765883 0.642692 0.019246
vn -0.765883 0.642692 0.019246
vn -0.173594 0.984629 0.019252
vn -0.173594 0.984629 0.019252
vn -0.173594 0.984629 0.019252
vn -0.173594 0.984629 0.019252
vn 0.499893 0.865874 0.019249
vn 0.499893 0.865874 0.019249
vn 0.499893 0.865874 0.019249
vn 0.499893 0.865874 0.019249
vn 0.939515 0.341966 0.019244
vn 0.939515 0.341966 0.019244
vn 0.939516 0.341966 0.019244
vn 0.939515 0.341966 0.019244
vn 0.939520 -0.341955 0.019236
vn 0.939520 -0.341955 0.019236
vn 0.939520 -0.341955 0.019236
vn 0.939520 -0.341955 0.019236
vn 0.499907 -0.865865 0.019254
vn 0.499907 -0.865865 0.019254
vn 0.499907 -0.865865 0.019254
vn 0.499907 -0.865865 0.019254
vn -0.173594 -0.984630 0.019233
vn -0.173594 -0.984630 0.019233
vn -0.173594 -0.984630 0.019233
vn -0.173594 -0.984630 0.019233
vn -0.765916 -0.642653 0.019228
vn -0.765916 -0.642653 0.019228
vn -0.765916 -0.642653 0.019228
vn -0.765916 -0.642653 0.019228
vn -0.999815 -0.000007 0.019239
vn -0.999815 -0.000007 0.019239
vn -0.999815 -0.000007 0.019239
vn -0.999815 -0.000007 0.019239
vn -0.358101 0.597770 0.717241
vn -0.642307 0.229226 0.731367
vn -0.639905 0.236203 0.731252
vn -0.341688 0.608246 0.716440
vn 0.111772 0.711917 0.693312
vn 0.135173 0.709002 0.692131
vn 0.562876 0.484495 0.669653
vn 0.573739 0.472383 0.669087
vn 0.751657 -0.000005 0.659555
vn 0.751657 -0.000002 0.659555
vn 0.562875 -0.484486 0.669660
vn 0.573750 -0.472361 0.669094
vn 0.111761 -0.711909 0.693322
vn 0.135158 -0.708996 0.692140
vn -0.358097 -0.597753 0.717258
vn -0.341686 -0.608228 0.716456
vn -0.642301 -0.229229 0.731371
vn -0.639905 -0.236188 0.731257
s off
g group2 Banda_transporte pCylinder4
usemtl initialShadingGroup
f 528/823/1342 529/824/1343 539/855/1344 540/857/1345
f 529/824/1346 530/825/1347 538/854/1348 539/855/1349
f 530/825/1350 531/826/1351 537/853/1352 538/854/1353
f 531/826/1354 532/827/1355 545/862/1356 537/853/1357
f 532/827/1358 533/828/1359 544/861/1360 545/862/1361
f 533/828/1362 534/829/1363 543/860/1364 544/861/1365
f 534/829/1366 535/830/1367 542/859/1368 543/860/1369
f 535/830/1370 536/831/1371 541/858/1372 542/859/1373
f 536/831/1374 528/832/1375 540/856/1376 541/858/1377
s 1
f 546/850/1378 547/849/1379 548/852/1380
f 547/849/1379 549/848/1381 548/852/1380
f 549/848/1381 550/847/1382 548/852/1380
f 550/847/1382 551/846/1383 548/852/1380
f 551/846/1383 552/845/1384 548/852/1380
f 552/845/1384 553/844/1385 548/852/1380
f 553/844/1385 554/843/1386 548/852/1380
f 554/843/1386 555/851/1387 548/852/1380
f 555/851/1387 546/850/1378 548/852/1380
s off
f 557/863/1388 556/864/1389 550/836/1390 549/835/1391
f 558/865/1392 557/863/1393 549/835/1394 547/834/1395
f 559/866/1396 558/865/1397 547/834/1398 546/833/1399
f 560/867/1400 559/868/1401 546/842/1402 555/841/1403
f 561/869/1404 560/867/1405 555/841/1406 554/840/1407
f 562/870/1408 561/869/1409 554/840/1410 553/839/1411
f 563/871/1412 562/870/1413 553/839/1414 552/838/1415
f 564/872/1416 563/871/1417 552/838/1418 551/837/1419
f 556/864/1420 564/872/1421 551/837/1422 550/836/1423
s 2
f 538/854/1424 537/853/1425 556/864/1426 557/863/1427
f 539/855/1428 538/854/1424 557/863/1427 558/865/1429
f 540/857/1430 539/855/1428 558/865/1429 559/866/1431
f 541/858/1432 540/856/1430 559/868/1431 560/867/1433
f 542/859/1434 541/858/1432 560/867/1433 561/869/1435
f 543/860/1436 542/859/1434 561/869/1435 562/870/1437
f 544/861/1438 543/860/1436 562/870/1437 563/871/1439
f 545/862/1440 544/861/1438 563/871/1439 564/872/1441
f 537/853/1425 545/862/1440 564/872/1441 556/864/1426
g default
v -1.246876 21.395502 1.305324
v -0.582776 21.395502 1.305324
v -1.246876 22.059603 1.305324
v -0.582776 22.059603 1.305324
v -1.246876 22.059603 1.221482
v -0.582776 22.059603 1.221482
v -1.246876 21.395502 1.221482
v -0.582776 21.395502 1.221482
v -0.619162 22.087946 1.305324
v -0.619162 22.087946 1.221482
v -0.619162 21.367157 1.221482
v -0.619162 21.367157 1.305324
v -1.210490 22.087946 1.305324
v -1.210490 22.087946 1.221482
v -1.210490 21.367157 1.221482
v -1.210490 21.367157 1.305324
v -0.554432 22.022238 1.305324
v -0.619162 22.022238 1.307040
v -1.210490 22.022238 1.307040
v -1.275220 22.022238 1.305324
v -1.275220 22.022238 1.221482
v -0.554432 22.022238 1.221482
v -0.554432 21.432865 1.305324
v -0.619162 21.432865 1.307040
v -1.210490 21.432865 1.307040
v -1.275220 21.432865 1.305324
v -1.275220 21.432865 1.221482
v -0.554432 21.432865 1.221482
v -0.472213 21.727552 1.221482
v -0.472213 21.727552 1.305324
v -0.551710 21.727552 1.307040
v -1.277942 21.727552 1.307040
v -1.357439 21.727552 1.305324
v -1.357439 21.727552 1.221482
v -0.490497 21.874893 1.221482
v -0.490497 21.874893 1.305324
v -0.566711 21.874893 1.307040
v -1.262941 21.874893 1.307040
v -1.339155 21.874893 1.305324
v -1.339155 21.874893 1.221482
v -0.490497 21.580210 1.221482
v -0.490497 21.580210 1.305324
v -0.566711 21.580210 1.307040
v -1.262941 21.580210 1.307040
v -1.339155 21.580210 1.305324
v -1.339155 21.580210 1.221482
vt 0.375000 0.000000
vt 0.625000 0.000000
vt 0.375000 0.250000
vt 0.625000 0.250000
vt 0.375000 0.500000
vt 0.625000 0.500000
vt 0.375000 0.750000
vt 0.625000 0.750000
vt 0.375000 1.000000
vt 0.625000 1.000000
vt 0.875000 0.000000
vt 0.875000 0.250000
vt 0.125000 0.000000
vt 0.125000 0.250000
vt 0.541667 0.250000
vt 0.541667 0.500000
vt 0.541667 0.750000
vt 0.541667 0.000000
vt 0.541667 1.000000
vt 0.458333 0.250000
vt 0.458333 0.500000
vt 0.458333 0.750000
vt 0.458333 0.000000
vt 0.458333 1.000000
vt 0.625000 0.166667
vt 0.541667 0.166667
vt 0.458333 0.166667
vt 0.375000 0.166667
vt 0.125000 0.166667
vt 0.875000 0.166667
vt 0.625000 0.083333
vt 0.541667 0.083333
vt 0.458333 0.083333
vt 0.375000 0.083333
vt 0.125000 0.083333
vt 0.875000 0.083333
vt 0.875000 0.125000
vt 0.625000 0.125000
vt 0.541667 0.125000
vt 0.458333 0.125000
vt 0.375000 0.125000
vt 0.125000 0.125000
vt 0.875000 0.145833
vt 0.625000 0.145833
vt 0.541667 0.145833
vt 0.458333 0.145833
vt 0.375000 0.145833
vt 0.125000 0.145833
vt 0.875000 0.104167
vt 0.625000 0.104167
vt 0.541667 0.104167
vt 0.458333 0.104167
vt 0.375000 0.104167
vt 0.125000 0.104167
vn -0.023429 -0.023082 0.999459
vn -0.000810 -0.026001 0.999662
vn -0.001541 -0.006964 0.999975
vn -0.024252 -0.010925 0.999646
vn -0.614520 0.788901 0.000000
vn -0.045107 0.998982 0.000000
vn -0.045107 0.998982 0.000000
vn -0.614520 0.788901 0.000000
vn -0.614546 -0.788881 0.000000
vn -0.045110 -0.998982 0.000000
vn -0.045110 -0.998982 0.000000
vn -0.614546 -0.788881 0.000000
vn 0.796692 -0.604385 0.000000
vn 0.796692 -0.604385 0.000000
vn 0.894572 -0.446924 0.000000
vn 0.894572 -0.446924 0.000000
vn -0.796693 -0.604385 0.000000
vn -0.796693 -0.604385 0.000000
vn -0.894572 -0.446923 0.000000
vn -0.894572 -0.446923 0.000000
vn 0.045107 0.998982 0.000000
vn 0.614519 0.788902 0.000000
vn 0.614519 0.788902 0.000000
vn 0.045107 0.998982 0.000000
vn 0.045110 -0.998982 0.000000
vn 0.045110 -0.998982 0.000000
vn 0.614546 -0.788881 0.000000
vn 0.614546 -0.788881 0.000000
vn 0.001541 -0.006964 0.999975
vn 0.000810 -0.026001 0.999662
vn 0.023429 -0.023082 0.999459
vn 0.024252 -0.010925 0.999646
vn 0.000810 0.026000 0.999662
vn 0.001541 0.006964 0.999975
vn 0.024252 0.010925 0.999646
vn 0.023429 0.023082 0.999459
vn -0.000810 0.026000 0.999662
vn -0.001541 0.006964 0.999975
vn -0.024252 0.010925 0.999646
vn -0.023429 0.023082 0.999459
vn -0.894574 0.446919 0.000000
vn -0.894574 0.446919 0.000000
vn -0.796708 0.604365 0.000000
vn -0.796708 0.604365 0.000000
vn 0.894574 0.446920 0.000000
vn 0.894574 0.446920 0.000000
vn 0.796707 0.604365 0.000000
vn 0.796707 0.604365 0.000000
vn 0.002603 -0.000709 0.999996
vn 0.022917 -0.005217 0.999724
vn -0.002603 -0.000709 0.999996
vn -0.022918 -0.005217 0.999724
vn -0.963213 -0.268740 0.000000
vn -0.963213 -0.268740 0.000000
vn 0.963213 -0.268741 0.000000
vn 0.963213 -0.268741 0.000000
vn 1.000000 0.000000 0.000000
vn 1.000000 0.000000 0.000000
vn 0.963212 0.268742 0.000000
vn 0.963212 0.268742 0.000000
vn 0.002603 0.000709 0.999996
vn 0.002442 0.000000 0.999997
vn 0.022035 0.000000 0.999757
vn 0.022918 0.005217 0.999724
vn -0.002603 0.000709 0.999996
vn -0.002442 0.000000 0.999997
vn -0.022035 0.000000 0.999757
vn -0.022918 0.005217 0.999724
vn -1.000000 0.000000 0.000000
vn -1.000000 0.000000 0.000000
vn -0.963212 0.268742 0.000000
vn -0.963212 0.268742 0.000000
s 1
g group2 Banda_transporte pCube8
usemtl initialShadingGroup
f 565/873/1442 580/895/1443 589/905/1444 590/906/1445
s 2
f 567/875/1446 577/892/1447 578/893/1448 569/877/1449
s 3
f 571/879/1450 579/894/1451 580/896/1452 565/881/1453
s 4
f 566/874/1454 572/883/1455 592/908/1456 587/903/1457
s 5
f 571/885/1458 565/873/1459 590/906/1460 591/907/1461
s 2
f 573/887/1462 568/876/1463 570/878/1464 574/888/1465
s 3
f 576/891/1466 575/889/1467 572/880/1468 566/882/1469
s 1
f 588/904/1470 576/890/1471 566/874/1472 587/903/1473
s 2
f 577/892/1447 573/887/1462 574/888/1465 578/893/1448
s 3
f 580/896/1452 579/894/1451 575/889/1467 576/891/1466
s 1
f 589/905/1444 580/895/1443 576/890/1471 588/904/1470
f 573/887/1474 582/898/1475 581/897/1476 568/876/1477
f 577/892/1478 583/899/1479 582/898/1475 573/887/1474
f 584/900/1480 583/899/1479 577/892/1478 567/875/1481
s 5
f 585/901/1482 584/900/1483 567/875/1484 569/886/1485
s 4
f 581/897/1486 586/902/1487 570/884/1488 568/876/1489
s 1
f 607/923/1490 588/904/1470 587/903/1473 606/922/1491
f 608/924/1492 589/905/1444 588/904/1470 607/923/1490
f 590/906/1445 589/905/1444 608/924/1492 609/925/1493
s 5
f 591/907/1461 590/906/1460 609/925/1494 610/926/1495
s 4
f 587/903/1457 592/908/1456 605/921/1496 606/922/1497
f 594/910/1498 593/909/1499 599/915/1500 600/916/1501
s 1
f 601/917/1502 595/911/1503 594/910/1504 600/916/1505
f 602/918/1506 596/912/1507 595/911/1503 601/917/1502
f 597/913/1508 596/912/1507 602/918/1506 603/919/1509
s 5
f 598/914/1510 597/913/1511 603/919/1512 604/920/1513
s 4
f 600/916/1501 599/915/1500 586/902/1487 581/897/1486
s 1
f 582/898/1475 601/917/1502 600/916/1505 581/897/1476
f 583/899/1479 602/918/1506 601/917/1502 582/898/1475
f 603/919/1509 602/918/1506 583/899/1479 584/900/1480
s 5
f 604/920/1513 603/919/1512 584/900/1483 585/901/1482
s 4
f 606/922/1497 605/921/1496 593/909/1499 594/910/1498
s 1
f 595/911/1503 607/923/1490 606/922/1491 594/910/1504
f 596/912/1507 608/924/1492 607/923/1490 595/911/1503
f 609/925/1493 608/924/1492 596/912/1507 597/913/1508
s 5
f 610/926/1495 609/925/1494 597/913/1511 598/914/1510
g default
v -15.037291 20.886173 1.145236
v -15.106551 20.914864 1.145236
v -15.175812 20.886173 1.145236
v -15.204501 20.816914 1.145236
v -15.175812 20.747652 1.145236
v -15.106551 20.718964 1.145236
v -15.037291 20.747652 1.145236
v -15.008602 20.816914 1.145236
v -15.037291 20.886173 1.172288
v -15.106551 20.914864 1.172288
v -15.175812 20.886173 1.172288
v -15.204501 20.816914 1.172288
v -15.175812 20.747652 1.172288
v -15.106551 20.718964 1.172288
v -15.037291 20.747652 1.172288
v -15.008602 20.816914 1.172288
v -15.106551 20.816914 1.172288
vt 0.375000 0.312500
vt 0.406250 0.312500
vt 0.437500 0.312500
vt 0.468750 0.312500
vt 0.500000 0.312500
vt 0.531250 0.312500
vt 0.562500 0.312500
vt 0.593750 0.312500
vt 0.625000 0.312500
vt 0.375000 0.688440
vt 0.406250 0.688440
vt 0.437500 0.688440
vt 0.468750 0.688440
vt 0.500000 0.688440
vt 0.531250 0.688440
vt 0.562500 0.688440
vt 0.593750 0.688440
vt 0.625000 0.688440
vt 0.610485 0.733265
vt 0.500000 0.687500
vt 0.389515 0.733265
vt 0.343750 0.843750
vt 0.389515 0.954235
vt 0.500000 1.000000
vt 0.610485 0.954235
vt 0.656250 0.843750
vt 0.500000 0.837500
vn 0.382705 0.923871 0.000000
vn 0.382705 0.923871 0.000000
vn 0.382705 0.923871 0.000000
vn 0.382705 0.923871 0.000000
vn -0.382705 0.923871 0.000000
vn -0.382705 0.923871 0.000000
vn -0.382705 0.923871 0.000000
vn -0.382705 0.923871 0.000000
vn -0.923875 0.382695 0.000000
vn -0.923875 0.382695 0.000000
vn -0.923875 0.382695 0.000000
vn -0.923875 0.382695 0.000000
vn -0.923879 -0.382686 0.000000
vn -0.923879 -0.382686 0.000000
vn -0.923879 -0.382686 0.000000
vn -0.923879 -0.382686 0.000000
vn -0.382677 -0.923882 0.000000
vn -0.382677 -0.923882 0.000000
vn -0.382677 -0.923882 0.000000
vn -0.382677 -0.923882 0.000000
vn 0.382683 -0.923880 0.000000
vn 0.382683 -0.923880 0.000000
vn 0.382683 -0.923880 0.000000
vn 0.382683 -0.923880 0.000000
vn 0.923879 -0.382686 0.000000
vn 0.923879 -0.382686 0.000000
vn 0.923879 -0.382686 0.000000
vn 0.923879 -0.382686 0.000000
vn 0.923875 0.382695 0.000000
vn 0.923875 0.382695 0.000000
vn 0.923875 0.382695 0.000000
vn 0.923875 0.382695 0.000000
vn 0.000000 0.000000 1.000000
vn 0.000001 0.000000 1.000000
vn 0.000000 0.000000 1.000000
vn 0.000001 0.000000 1.000000
vn 0.000000 0.000000 1.000000
vn 0.000000 0.000000 1.000000
vn -0.000001 0.000000 1.000000
vn -0.000001 0.000000 1.000000
vn 0.000000 0.000000 1.000000
s off
g group2 Banda_transporte pCylinder5
usemtl initialShadingGroup
f 611/927/1514 612/928/1515 620/937/1516 619/936/1517
f 612/928/1518 613/929/1519 621/938/1520 620/937/1521
f 613/929/1522 614/930/1523 622/939/1524 621/938/1525
f 614/930/1526 615/931/1527 623/940/1528 622/939/1529
f 615/931/1530 616/932/1531 624/941/1532 623/940/1533
f 616/932/1534 617/933/1535 625/942/1536 624/941/1537
f 617/933/1538 618/934/1539 626/943/1540 625/942/1541
f 618/934/1542 611/935/1543 619/944/1544 626/943/1545
s 1
f 619/951/1546 620/950/1547 627/953/1548
f 620/950/1547 621/949/1549 627/953/1548
f 621/949/1549 622/948/1550 627/953/1548
f 622/948/1550 623/947/1551 627/953/1548
f 623/947/1551 624/946/1552 627/953/1548
f 624/946/1552 625/945/1553 627/953/1548
f 625/945/1553 626/952/1554 627/953/1548
f 626/952/1554 619/951/1546 627/953/1548
g default
v -0.851715 21.802250 1.255487
v -0.909930 21.768639 1.255488
v -0.976128 21.780312 1.255488
v -1.019337 21.831806 1.255487
v -1.019337 21.899025 1.255487
v -0.976128 21.950520 1.255487
v -0.909930 21.962193 1.255487
v -0.851715 21.928581 1.255487
v -0.828725 21.865416 1.255487
v -0.851715 21.802250 1.119157
v -0.909930 21.768639 1.119157
v -0.976128 21.780312 1.119157
v -1.019337 21.831806 1.119157
v -1.019337 21.899025 1.119157
v -0.976128 21.950520 1.119157
v -0.909930 21.962193 1.119157
v -0.851715 21.928581 1.119157
v -0.828725 21.865416 1.119157
vt 0.375000 0.312500
vt 0.402778 0.312500
vt 0.430556 0.312500
vt 0.458333 0.312500
vt 0.486111 0.312500
vt 0.513889 0.312500
vt 0.541667 0.312500
vt 0.569445 0.312500
vt 0.597222 0.312500
vt 0.625000 0.312500
vt 0.375000 0.688440
vt 0.402778 0.688440
vt 0.430556 0.688440
vt 0.458333 0.688440
vt 0.486111 0.688440
vt 0.513889 0.688440
vt 0.541667 0.688440
vt 0.569445 0.688440
vt 0.597222 0.688440
vt 0.625000 0.688440
vn 0.500013 -0.866018 0.000000
vn 0.500013 -0.866018 0.000000
vn 0.500013 -0.866018 0.000000
vn 0.500013 -0.866018 0.000000
vn -0.173653 -0.984807 0.000000
vn -0.173653 -0.984807 0.000000
vn -0.173653 -0.984807 0.000000
vn -0.173653 -0.984807 0.000000
vn -0.766051 -0.642780 0.000000
vn -0.766050 -0.642780 0.000000
vn -0.766051 -0.642780 0.000000
vn -0.766051 -0.642780 0.000000
vn -1.000000 0.000000 0.000000
vn -1.000000 0.000000 0.000000
vn -1.000000 0.000000 0.000000
vn -1.000000 0.000000 0.000000
vn -0.766051 0.642780 0.000000
vn -0.766051 0.642780 0.000000
vn -0.766051 0.642780 0.000000
vn -0.766051 0.642780 0.000000
vn -0.173653 0.984807 0.000000
vn -0.173653 0.984807 0.000000
vn -0.173653 0.984807 0.000000
vn -0.173653 0.984807 0.000000
vn 0.500014 0.866017 0.000000
vn 0.500014 0.866017 0.000000
vn 0.500014 0.866017 0.000000
vn 0.500014 0.866017 0.000000
vn 0.939692 0.342023 0.000000
vn 0.939692 0.342023 0.000000
vn 0.939692 0.342023 0.000000
vn 0.939692 0.342023 0.000000
vn 0.939692 -0.342021 0.000000
vn 0.939692 -0.342021 0.000000
vn 0.939692 -0.342021 0.000000
vn 0.939692 -0.342021 0.000000
s off
g group2 Banda_transporte pCylinder3
usemtl initialShadingGroup
f 628/954/1555 629/955/1556 638/965/1557 637/964/1558
f 629/955/1559 630/956/1560 639/966/1561 638/965/1562
f 630/956/1563 631/957/1564 640/967/1565 639/966/1566
f 631/957/1567 632/958/1568 641/968/1569 640/967/1570
f 632/958/1571 633/959/1572 642/969/1573 641/968/1574
f 633/959/1575 634/960/1576 643/970/1577 642/969/1578
f 634/960/1579 635/961/1580 644/971/1581 643/970/1582
f 635/961/1583 636/962/1584 645/972/1585 644/971/1586
f 636/962/1587 628/963/1588 637/973/1589 645/972/1590
g default
v -5.771877 8.201890 -18.055275
v 5.771877 8.201890 -18.055275
v -4.890899 39.505768 -18.841137
v 4.890899 39.505768 -18.841137
v -4.890899 39.505768 -27.566826
v 4.890899 39.505768 -27.566826
v -5.771877 8.201890 -28.352686
v 5.771877 8.201890 -28.352686
v -5.771880 38.110970 -18.055275
v -5.771880 38.110970 -28.352686
v 5.771874 38.110970 -28.352686
v 5.771874 38.110970 -18.055275
v -5.771879 22.411943 -18.055275
v -5.771879 22.411943 -28.352686
v 5.771876 22.411943 -28.352686
v 5.771876 22.411943 -18.055275
v -5.771877 22.270210 -18.055275
v -5.771877 22.270210 -28.352686
v 5.771876 22.270210 -28.352686
v 5.771876 22.270210 -18.055275
v -5.571877 22.270212 -18.255276
v -5.571877 22.270212 -28.152687
v -5.571878 22.411945 -18.255276
v -5.571878 22.411945 -28.152687
v 5.571874 22.411942 -28.152687
v 5.571876 22.270208 -28.152687
v 5.571876 22.270208 -18.255276
v 5.571874 22.411942 -18.255276
v -5.771877 8.949930 -18.055275
v -5.771877 8.949930 -28.352686
v 5.771876 8.949930 -28.352686
v 5.771876 8.949930 -18.055275
v -5.771877 8.842577 -18.055275
v -5.771877 8.842577 -28.352686
v 5.771877 8.842577 -28.352686
v 5.771877 8.842577 -18.055275
v -5.671878 8.842577 -18.155277
v -5.671878 8.842577 -28.252686
v -5.671878 8.949930 -18.155277
v -5.671878 8.949930 -28.252686
v 5.671875 8.949928 -28.252686
v 5.671876 8.842577 -28.252686
v 5.671876 8.842577 -18.155277
v 5.671875 8.949928 -18.155277
v -5.771879 27.511387 -18.055275
v -5.771879 27.511387 -28.352686
v 5.771874 27.511387 -28.352686
v 5.771874 27.511387 -18.055275
v -5.771879 27.370974 -18.055275
v -5.771879 27.370974 -28.352686
v 5.771874 27.370974 -28.352686
v 5.771874 27.370974 -18.055275
v -5.671879 27.370974 -18.155277
v -5.671879 27.370974 -28.252686
v -5.671879 27.511387 -18.155277
v -5.671879 27.511387 -28.252686
v 5.671874 27.511387 -28.252686
v 5.671874 27.370974 -28.252686
v 5.671874 27.370974 -18.155277
v 5.671874 27.511387 -18.155277
v -5.771879 27.911386 -18.455276
v -5.771879 27.911386 -27.952688
v -5.771880 37.710979 -18.455276
v -5.771880 37.710979 -27.952688
v 5.771874 27.911386 -27.952688
v 5.771874 27.911386 -18.455276
v 5.771874 37.710979 -27.952688
v 5.771874 37.710979 -18.455276
v -5.771877 9.249930 -18.355272
v -5.771877 9.249930 -28.052689
v -5.771877 21.970211 -18.355272
v -5.771877 21.970211 -28.052689
v 5.771876 9.249930 -28.052689
v 5.771876 9.249930 -18.355272
v 5.771876 21.970211 -28.052689
v 5.771876 21.970211 -18.355272
v 5.471875 9.249930 -18.055275
v -5.471877 9.249930 -18.055275
v 5.471875 21.970211 -18.055275
v -5.471877 21.970211 -18.055275
v -5.871877 9.249930 -18.355272
v -5.871877 9.249930 -28.052689
v -5.871877 21.970211 -18.355272
v -5.871877 21.970211 -28.052689
v 5.871876 9.249930 -28.052689
v 5.871876 9.249930 -18.355272
v 5.871876 21.970211 -28.052689
v 5.871876 21.970211 -18.355272
v 5.471875 9.249930 -17.955273
v -5.471877 9.249930 -17.955273
v 5.471875 21.970211 -17.955273
v -5.471877 21.970211 -17.955273
vt 0.375000 0.000000
vt 0.625000 0.000000
vt 0.375000 0.250000
vt 0.625000 0.250000
vt 0.375000 0.500000
vt 0.625000 0.500000
vt 0.375000 0.750000
vt 0.625000 0.750000
vt 0.375000 1.000000
vt 0.625000 1.000000
vt 0.875000 0.000000
vt 0.875000 0.250000
vt 0.125000 0.000000
vt 0.125000 0.250000
vt 0.375000 0.242167
vt 0.125000 0.242167
vt 0.375000 0.507833
vt 0.625000 0.507833
vt 0.875000 0.242167
vt 0.625000 0.242167
vt 0.375000 0.161444
vt 0.125000 0.161444
vt 0.375000 0.588556
vt 0.625000 0.588556
vt 0.875000 0.161444
vt 0.625000 0.161444
vt 0.375000 0.080722
vt 0.125000 0.080722
vt 0.375000 0.669278
vt 0.625000 0.669278
vt 0.875000 0.080722
vt 0.625000 0.080722
vt 0.125000 0.080722
vt 0.375000 0.080722
vt 0.375000 0.161444
vt 0.125000 0.161444
vt 0.375000 0.588556
vt 0.625000 0.588556
vt 0.625000 0.669278
vt 0.375000 0.669278
vt 0.625000 0.080722
vt 0.875000 0.080722
vt 0.875000 0.161444
vt 0.625000 0.161444
vt 0.375000 0.053815
vt 0.125000 0.053815
vt 0.375000 0.696185
vt 0.625000 0.696185
vt 0.875000 0.053815
vt 0.625000 0.053815
vt 0.375000 0.026907
vt 0.125000 0.026907
vt 0.375000 0.723093
vt 0.625000 0.723093
vt 0.875000 0.026907
vt 0.625000 0.026907
vt 0.125000 0.026907
vt 0.375000 0.026907
vt 0.375000 0.053815
vt 0.125000 0.053815
vt 0.375000 0.696185
vt 0.625000 0.696185
vt 0.625000 0.723093
vt 0.375000 0.723093
vt 0.625000 0.026907
vt 0.875000 0.026907
vt 0.875000 0.053815
vt 0.625000 0.053815
vt 0.375000 0.215259
vt 0.125000 0.215259
vt 0.375000 0.534741
vt 0.625000 0.534741
vt 0.875000 0.215259
vt 0.625000 0.215259
vt 0.375000 0.188352
vt 0.125000 0.188352
vt 0.375000 0.561648
vt 0.625000 0.561648
vt 0.875000 0.188352
vt 0.625000 0.188352
vt 0.125000 0.188352
vt 0.375000 0.188352
vt 0.375000 0.215259
vt 0.125000 0.215259
vt 0.375000 0.534741
vt 0.625000 0.534741
vt 0.625000 0.561648
vt 0.375000 0.561648
vt 0.625000 0.188352
vt 0.875000 0.188352
vt 0.875000 0.215259
vt 0.625000 0.215259
vt 0.125000 0.215259
vt 0.375000 0.215259
vt 0.375000 0.242167
vt 0.125000 0.242167
vt 0.625000 0.215259
vt 0.875000 0.215259
vt 0.875000 0.242167
vt 0.625000 0.242167
vt 0.000000 0.000000
vt 1.000000 0.000000
vt 1.000000 1.000000
vt 0.000000 1.000000
vt 0.000000 0.000000
vt 1.000000 0.000000
vt 1.000000 1.000000
vt 0.000000 1.000000
vt 0.000000 0.000000
vt 1.000000 0.000000
vt 1.000000 1.000000
vt 0.000000 1.000000
vt 0.000000 0.000000
vt 1.000000 0.000000
vt 1.000000 1.000000
vt 0.000000 1.000000
vt 0.125000 0.053815
vt 0.375000 0.053815
vt 0.375000 0.080722
vt 0.125000 0.080722
vt 0.625000 0.053815
vt 0.875000 0.053815
vt 0.875000 0.080722
vt 0.625000 0.080722
vt 0.375000 0.053815
vt 0.625000 0.053815
vt 0.625000 0.080722
vt 0.375000 0.080722
vt 0.125000 0.053815
vt 0.375000 0.053815
vt 0.375000 0.080722
vt 0.125000 0.080722
vt 0.625000 0.053815
vt 0.875000 0.053815
vt 0.875000 0.080722
vt 0.625000 0.080722
vt 0.375000 0.053815
vt 0.625000 0.053815
vt 0.625000 0.080722
vt 0.375000 0.080722
vt 0.125000 0.053815
vt 0.375000 0.053815
vt 0.375000 0.053815
vt 0.375000 0.080722
vt 0.375000 0.080722
vt 0.125000 0.080722
vt 0.125000 0.080722
vt 0.125000 0.053815
vt 0.625000 0.053815
vt 0.875000 0.053815
vt 0.875000 0.053815
vt 0.875000 0.080722
vt 0.875000 0.080722
vt 0.625000 0.080722
vt 0.625000 0.080722
vt 0.625000 0.053815
vt 0.625000 0.053815
vt 0.375000 0.053815
vt 0.625000 0.080722
vt 0.625000 0.053815
vt 0.375000 0.080722
vt 0.625000 0.080722
vt 0.375000 0.053815
vt 0.375000 0.080722
vn 0.000000 0.000000 1.000000
vn 0.000000 0.000000 1.000000
vn 0.000000 0.000000 1.000000
vn 0.000000 0.000000 1.000000
vn 0.000000 1.000000 0.000000
vn 0.000000 1.000000 0.000000
vn 0.000000 1.000000 0.000000
vn 0.000000 1.000000 0.000000
vn 0.000000 0.000000 -1.000000
vn 0.000000 0.000000 -1.000000
vn 0.000000 0.000000 -1.000000
vn 0.000000 0.000000 -1.000000
vn 0.000000 -1.000000 0.000000
vn 0.000000 -1.000000 0.000000
vn 0.000000 -1.000000 0.000000
vn 0.000000 -1.000000 0.000000
vn 1.000000 0.000000 0.000000
vn 1.000000 0.000000 0.000000
vn 1.000000 0.000000 0.000000
vn 1.000000 0.000000 0.000000
vn -1.000000 0.000000 0.000000
vn -1.000000 0.000000 0.000000
vn -1.000000 0.000000 0.000000
vn -1.000000 0.000000 0.000000
vn -0.845474 0.534017 0.000000
vn -0.845474 0.534017 0.000000
vn -0.845474 0.534017 0.000000
vn -0.845474 0.534017 0.000000
vn 0.000000 0.490871 -0.871233
vn 0.000000 0.490871 -0.871232
vn 0.000000 0.042958 -0.999077
vn 0.000000 0.042958 -0.999077
vn 0.845475 0.534015 0.000000
vn 0.845475 0.534015 0.000000
vn 0.845475 0.534015 0.000000
vn 0.845475 0.534015 0.000000
vn 0.000000 0.042958 0.999077
vn 0.000000 0.042958 0.999077
vn 0.000000 0.490872 0.871232
vn 0.000000 0.490872 0.871232
vn -1.000000 0.000000 0.000000
vn -1.000000 0.000000 0.000000
vn -1.000000 0.000000 0.000000
vn -1.000000 0.000000 0.000000
vn 0.000000 0.000000 -1.000000
vn 0.000000 0.000000 -1.000000
vn 0.000000 0.000000 -1.000000
vn 0.000000 0.000000 -1.000000
vn 1.000000 0.000000 0.000000
vn 1.000000 0.000000 0.000000
vn 1.000000 0.000000 0.000000
vn 1.000000 0.000000 0.000000
vn 0.000000 0.000000 1.000000
vn 0.000000 0.000000 1.000000
vn 0.000000 0.000000 1.000000
vn 0.000000 0.000000 1.000000
vn -1.000000 -0.000008 0.000000
vn -1.000000 -0.000008 0.000000
vn -1.000000 -0.000008 0.000000
vn -1.000000 -0.000008 0.000000
vn 0.000000 0.000000 -1.000000
vn 0.000000 0.000000 -1.000000
vn 0.000000 0.000000 -1.000000
vn 0.000000 0.000000 -1.000000
vn 1.000000 0.000014 0.000000
vn 1.000000 0.000014 0.000000
vn 1.000000 0.000014 0.000000
vn 1.000000 0.000014 0.000000
vn 0.000000 0.000000 1.000000
vn 0.000000 0.000000 1.000000
vn 0.000000 0.000000 1.000000
vn 0.000000 0.000000 1.000000
vn -0.000004 1.000000 -0.000006
vn -0.000004 1.000000 0.000005
vn -0.000004 1.000000 0.000005
vn -0.000004 1.000000 -0.000006
vn 0.000004 -1.000000 -0.000001
vn 0.000004 -1.000000 -0.000000
vn 0.000004 -1.000000 -0.000000
vn 0.000004 -1.000000 -0.000001
vn 0.000004 -1.000000 -0.000000
vn 0.000004 -1.000000 -0.000000
vn -0.000004 1.000000 -0.000006
vn -0.000004 1.000000 -0.000006
vn -0.000004 1.000000 0.000005
vn -0.000004 1.000000 0.000005
vn 0.000004 -1.000000 -0.000001
vn 0.000004 -1.000000 -0.000001
vn -1.000000 0.000000 0.000000
vn -1.000000 0.000000 0.000000
vn -1.000000 0.000000 0.000000
vn -1.000000 0.000000 0.000000
vn 0.000000 0.000000 -1.000000
vn 0.000000 0.000000 -1.000000
vn 0.000000 0.000000 -1.000000
vn 0.000000 0.000000 -1.000000
vn 1.000000 0.000000 0.000000
vn 1.000000 0.000000 0.000000
vn 1.000000 0.000000 0.000000
vn 1.000000 0.000000 0.000000
vn 0.000000 0.000000 1.000000
vn 0.000000 0.000000 1.000000
vn 0.000000 0.000000 1.000000
vn 0.000000 0.000000 1.000000
vn -1.000000 0.000000 0.000000
vn -1.000000 0.000000 0.000000
vn -1.000000 0.000000 0.000000
vn -1.000000 0.000000 0.000000
vn 0.000000 0.000000 -1.000000
vn 0.000000 0.000000 -1.000000
vn 0.000000 0.000000 -1.000000
vn 0.000000 0.000000 -1.000000
vn 1.000000 0.000007 0.000000
vn 1.000000 0.000007 0.000000
vn 1.000000 0.000007 0.000000
vn 1.000000 0.000007 0.000000
vn 0.000000 0.000000 1.000000
vn 0.000000 0.000000 1.000000
vn 0.000000 0.000000 1.000000
vn 0.000000 0.000000 1.000000
vn 0.000000 1.000000 0.000002
vn 0.000000 1.000000 -0.000004
vn 0.000000 1.000000 -0.000004
vn 0.000000 1.000000 0.000002
vn -0.000000 -1.000000 0.000000
vn -0.000000 -1.000000 -0.000001
vn -0.000000 -1.000000 -0.000001
vn -0.000000 -1.000000 0.000000
vn 0.000009 -1.000000 -0.000001
vn 0.000009 -1.000000 -0.000001
vn 0.000000 1.000000 0.000002
vn 0.000000 1.000000 0.000002
vn 0.000000 1.000000 -0.000004
vn 0.000000 1.000000 -0.000004
vn 0.000009 -1.000000 0.000000
vn 0.000009 -1.000000 0.000000
vn 0.000000 0.000000 -1.000000
vn 0.000000 0.000000 -1.000000
vn 0.000000 0.000000 1.000000
vn 0.000000 0.000000 1.000000
vn -1.000000 0.000000 0.000000
vn -1.000000 0.000000 0.000000
vn -1.000000 0.000000 0.000000
vn -1.000000 0.000000 0.000000
vn 0.000000 0.000000 -1.000000
vn 0.000000 0.000000 -1.000000
vn 0.000000 0.000000 -1.000000
vn 0.000000 0.000000 -1.000000
vn 1.000000 0.000000 0.000000
vn 1.000000 0.000000 0.000000
vn 1.000000 0.000000 0.000000
vn 1.000000 0.000000 0.000000
vn 0.000000 0.000000 1.000000
vn 0.000000 0.000000 1.000000
vn 0.000000 0.000000 1.000000
vn 0.000000 0.000000 1.000000
vn 0.000000 1.000000 0.000000
vn 0.000000 1.000000 -0.000006
vn 0.000000 1.000000 -0.000006
vn 0.000000 1.000000 0.000000
vn 0.000000 -1.000000 0.000013
vn 0.000000 -1.000000 -0.000019
vn 0.000000 -1.000000 -0.000019
vn 0.000000 -1.000000 0.000013
vn 0.000000 -1.000000 -0.000019
vn 0.000000 -1.000000 -0.000019
vn 0.000000 1.000000 0.000000
vn 0.000000 1.000000 0.000000
vn 0.000000 1.000000 -0.000006
vn 0.000000 1.000000 -0.000006
vn 0.000000 -1.000000 0.000013
vn 0.000000 -1.000000 0.000013
vn -1.000000 -0.000000 0.000000
vn -1.000000 -0.000000 -0.000000
vn -1.000000 -0.000000 -0.000000
vn -1.000000 -0.000000 0.000000
vn -1.000000 -0.000000 -0.000000
vn -1.000000 -0.000000 -0.000000
vn -1.000000 -0.000000 0.000000
vn -1.000000 -0.000000 0.000000
vn 1.000000 0.000000 0.000000
vn 1.000000 0.000000 0.000000
vn 1.000000 0.000000 0.000000
vn 1.000000 0.000000 0.000000
vn 1.000000 -0.000000 0.000000
vn 1.000000 -0.000000 0.000000
vn 1.000000 -0.000000 0.000000
vn 1.000000 -0.000000 0.000000
vn 0.000000 1.000000 0.000000
vn 0.000000 1.000000 0.000000
vn 0.000000 1.000000 0.000000
vn 0.000000 1.000000 0.000000
vn 0.000000 0.000000 -1.000000
vn 0.000000 0.000000 -1.000000
vn 0.000000 0.000000 -1.000000
vn 0.000000 0.000000 -1.000000
vn 0.000000 -1.000000 0.000000
vn 0.000000 -1.000000 0.000000
vn 0.000000 -1.000000 0.000000
vn 0.000000 -1.000000 0.000000
vn 0.000000 0.000000 1.000000
vn 0.000000 0.000000 1.000000
vn 0.000000 0.000000 1.000000
vn 0.000000 0.000000 1.000000
vn -1.000000 0.000000 0.000000
vn -1.000000 0.000000 0.000000
vn -1.000000 0.000000 0.000000
vn -1.000000 0.000000 0.000000
vn -1.000000 -0.000000 0.000000
vn -1.000000 -0.000000 0.000000
vn -1.000000 -0.000000 0.000000
vn -1.000000 -0.000000 0.000000
vn 1.000000 0.000000 0.000000
vn 1.000000 0.000000 0.000000
vn 1.000000 0.000000 0.000000
vn 1.000000 0.000000 0.000000
vn 1.000000 -0.000000 0.000000
vn 1.000000 -0.000000 0.000000
vn 1.000000 -0.000000 0.000000
vn 1.000000 -0.000000 0.000000
vn 0.000001 0.000000 1.000000
vn -0.000001 0.000000 1.000000
vn -0.000001 0.000000 1.000000
vn 0.000001 0.000000 1.000000
vn -0.000001 0.000000 1.000000
vn -0.000001 0.000000 1.000000
vn 0.000001 0.000000 1.000000
vn 0.000001 0.000000 1.000000
vn 0.000000 -1.000000 0.000000
vn 0.000000 -1.000000 0.000000
vn 0.000000 -1.000000 0.000000
vn 0.000000 -1.000000 0.000000
vn 0.000000 0.000000 1.000000
vn 0.000000 0.000000 1.000000
vn 0.000000 0.000000 1.000000
vn 0.000000 0.000000 1.000000
vn 0.000000 1.000000 0.000000
vn 0.000000 1.000000 0.000000
vn 0.000000 1.000000 0.000000
vn 0.000000 1.000000 0.000000
vn 0.000000 0.000000 -1.000000
vn 0.000000 0.000000 -1.000000
vn 0.000000 0.000000 -1.000000
vn 0.000000 0.000000 -1.000000
vn 0.000000 -1.000000 0.000000
vn 0.000000 -1.000000 0.000000
vn 0.000000 -1.000000 0.000000
vn 0.000000 -1.000000 0.000000
vn 0.000000 0.000000 -1.000000
vn 0.000000 0.000000 -1.000000
vn 0.000000 0.000000 -1.000000
vn 0.000000 0.000000 -1.000000
vn 0.000000 1.000000 0.000000
vn 0.000000 1.000000 0.000000
vn 0.000000 1.000000 0.000000
vn 0.000000 1.000000 0.000000
vn 0.000000 0.000000 1.000000
vn 0.000000 0.000000 1.000000
vn 0.000000 0.000000 1.000000
vn 0.000000 0.000000 1.000000
vn 0.000000 -1.000000 0.000000
vn 0.000000 -1.000000 0.000000
vn 0.000000 -1.000000 0.000000
vn 0.000000 -1.000000 0.000000
vn 1.000000 0.000000 0.000000
vn 1.000000 0.000000 0.000000
vn 1.000000 0.000000 0.000000
vn 1.000000 0.000000 0.000000
vn 0.000000 1.000000 0.000000
vn 0.000000 1.000000 0.000000
vn 0.000000 1.000000 0.000000
vn 0.000000 1.000000 0.000000
vn -1.000000 0.000000 0.000000
vn -1.000000 0.000000 0.000000
vn -1.000000 0.000000 0.000000
vn -1.000000 0.000000 0.000000
s off
g group2 pCube9 Maquina_impresion
usemtl initialShadingGroup
f 646/974/1591 647/975/1592 681/1029/1593 678/1024/1594
f 648/976/1595 649/977/1596 651/979/1597 650/978/1598
f 679/1026/1599 680/1027/1600 653/981/1601 652/980/1602
f 652/980/1603 653/981/1604 647/983/1605 646/982/1606
f 647/975/1607 653/984/1608 680/1028/1609 681/1029/1610
f 652/986/1611 646/974/1612 678/1024/1613 679/1025/1614
f 655/989/1615 654/988/1616 648/976/1617 650/987/1618
s 1
f 650/978/1619 651/979/1620 656/991/1621 655/990/1622
s off
f 657/993/1623 656/992/1624 651/985/1625 649/977/1626
s 2
f 654/988/1627 657/993/1628 649/977/1629 648/976/1630
s off
f 659/995/1631 658/994/1632 694/1048/1633 695/1049/1634
f 695/1050/1635 696/1051/1636 660/997/1637 659/996/1638
f 661/999/1639 660/998/1640 696/1052/1641 697/1053/1642
f 658/994/1643 661/999/1644 697/1053/1645 694/1048/1646
f 667/1006/1647 666/1007/1648 668/1008/1649 669/1009/1650
f 669/1010/1651 670/1011/1652 671/1012/1653 667/1013/1654
f 672/1014/1655 671/1015/1656 670/1016/1657 673/1017/1658
f 666/1007/1659 672/1014/1660 673/1017/1661 668/1008/1662
s 3
f 663/1001/1663 662/1000/1664 666/1007/1665 667/1006/1666
s 4
f 658/994/1667 659/995/1668 669/1009/1669 668/1008/1670
f 659/996/1668 660/997/1671 670/1011/1672 669/1010/1669
s 3
f 664/1003/1673 663/1002/1663 667/1013/1666 671/1012/1674
f 665/1005/1675 664/1004/1673 671/1015/1674 672/1014/1676
s 4
f 660/998/1671 661/999/1677 673/1017/1678 670/1016/1672
s 3
f 662/1000/1664 665/1005/1675 672/1014/1676 666/1007/1665
s 4
f 661/999/1677 658/994/1667 668/1008/1670 673/1017/1678
s off
f 727/1102/1679 726/1103/1680 728/1104/1681 729/1105/1682
f 663/1002/1683 664/1003/1684 676/1021/1685 675/1020/1686
f 731/1106/1687 730/1107/1688 732/1108/1689 733/1109/1690
f 735/1110/1691 734/1111/1692 736/1112/1693 737/1113/1694
f 683/1030/1695 682/1031/1696 684/1032/1697 685/1033/1698
f 685/1034/1699 686/1035/1700 687/1036/1701 683/1037/1702
f 688/1038/1703 687/1039/1704 686/1040/1705 689/1041/1706
f 682/1031/1707 688/1038/1708 689/1041/1709 684/1032/1710
s 5
f 679/1025/1711 678/1024/1712 682/1031/1713 683/1030/1714
s 6
f 674/1018/1715 675/1019/1716 685/1033/1717 684/1032/1718
f 675/1020/1716 676/1021/1719 686/1035/1720 685/1034/1717
s 5
f 680/1027/1721 679/1026/1711 683/1037/1714 687/1036/1722
f 681/1029/1723 680/1028/1721 687/1039/1722 688/1038/1724
s 6
f 676/1022/1719 677/1023/1725 689/1041/1726 686/1040/1720
s 5
f 678/1024/1712 681/1029/1723 688/1038/1724 682/1031/1713
s 6
f 677/1023/1725 674/1018/1715 684/1032/1718 689/1041/1726
s 1
f 655/990/1622 656/991/1621 692/1045/1727 691/1044/1728
s 2
f 690/1042/1729 693/1047/1730 657/993/1628 654/988/1627
s off
f 699/1054/1731 698/1055/1732 700/1056/1733 701/1057/1734
f 701/1058/1735 702/1059/1736 703/1060/1737 699/1061/1738
f 704/1062/1739 703/1063/1740 702/1064/1741 705/1065/1742
f 698/1055/1743 704/1062/1744 705/1065/1745 700/1056/1746
s 7
f 695/1049/1747 694/1048/1748 698/1055/1749 699/1054/1750
s 8
f 690/1042/1751 691/1043/1752 701/1057/1753 700/1056/1754
f 691/1044/1752 692/1045/1755 702/1059/1756 701/1058/1753
s 7
f 696/1051/1757 695/1050/1747 699/1061/1750 703/1060/1758
f 697/1053/1759 696/1052/1757 703/1063/1758 704/1062/1760
s 8
f 692/1046/1755 693/1047/1761 705/1065/1762 702/1064/1756
s 7
f 694/1048/1748 697/1053/1759 704/1062/1760 698/1055/1749
s 8
f 693/1047/1761 690/1042/1751 700/1056/1754 705/1065/1762
s 9
f 691/1043/1763 690/1042/1764 706/1067/1765 707/1066/1766
f 690/1042/1764 654/988/1767 708/1068/1768 706/1067/1765
f 654/988/1767 655/989/1769 709/1069/1770 708/1068/1768
f 655/989/1769 691/1043/1763 707/1066/1766 709/1069/1770
s 10
f 693/1047/1771 692/1046/1772 710/1071/1773 711/1070/1774
f 692/1046/1772 656/992/1775 712/1072/1776 710/1071/1773
f 656/992/1775 657/993/1777 713/1073/1778 712/1072/1776
f 657/993/1777 693/1047/1771 711/1070/1774 713/1073/1778
s off
f 707/1074/1779 706/1075/1780 711/1076/1781 710/1077/1782
f 706/1078/1783 708/1079/1784 713/1080/1785 711/1081/1786
f 708/1082/1787 709/1083/1788 712/1084/1789 713/1085/1790
f 709/1086/1791 707/1087/1792 710/1088/1793 712/1089/1794
s 11
f 675/1019/1795 674/1018/1796 714/1091/1797 715/1090/1798
f 674/1018/1796 662/1000/1799 716/1092/1800 714/1091/1797
f 662/1000/1799 663/1001/1801 717/1093/1802 716/1092/1800
f 663/1001/1801 675/1019/1795 715/1090/1798 717/1093/1802
s 12
f 677/1023/1803 676/1022/1804 718/1095/1805 719/1094/1806
f 676/1022/1804 664/1004/1807 720/1096/1808 718/1095/1805
f 664/1004/1807 665/1005/1809 721/1097/1810 720/1096/1808
f 665/1005/1809 677/1023/1803 719/1094/1806 721/1097/1810
s 13
f 674/1018/1811 677/1023/1812 722/1099/1813 723/1098/1814
f 677/1023/1812 665/1005/1815 724/1100/1816 722/1099/1813
f 665/1005/1815 662/1000/1817 725/1101/1818 724/1100/1816
f 662/1000/1817 674/1018/1811 723/1098/1814 725/1101/1818
s off
f 715/1114/1819 714/1115/1820 726/1103/1821 727/1102/1822
f 714/1116/1823 716/1117/1824 728/1104/1825 726/1103/1826
f 716/1118/1827 717/1119/1828 729/1105/1829 728/1104/1830
f 717/1120/1831 715/1121/1832 727/1102/1833 729/1105/1834
f 719/1122/1835 718/1123/1836 730/1107/1837 731/1106/1838
f 718/1124/1839 720/1125/1840 732/1108/1841 730/1107/1842
f 720/1126/1843 721/1127/1844 733/1109/1845 732/1108/1846
f 721/1128/1847 719/1129/1848 731/1106/1849 733/1109/1850
f 723/1098/1851 722/1099/1852 734/1130/1853 735/1131/1854
f 722/1099/1855 724/1100/1856 736/1132/1857 734/1133/1858
f 724/1100/1859 725/1101/1860 737/1134/1861 736/1135/1862
f 725/1101/1863 723/1098/1864 735/1136/1865 737/1137/1866
g default
v -0.134093 33.419170 -21.371065
v 0.134093 33.419170 -21.371065
v -0.134093 34.419170 -21.371065
v 0.134093 34.419170 -21.371065
v -0.134093 34.419170 -22.371065
v 0.134093 34.419170 -22.371065
v -0.134093 33.419170 -22.371065
v 0.134093 33.419170 -22.371065
v -0.134093 33.919170 -21.205404
v -0.134093 33.919170 -22.536726
v 0.134093 33.919170 -22.536726
v 0.134093 33.919170 -21.205404
v -0.134093 34.480038 -22.037731
v -0.134093 33.919170 -22.092953
v -0.134093 33.358303 -22.037731
v 0.134093 33.358303 -22.037731
v 0.134093 33.919170 -22.092953
v 0.134093 34.480038 -22.037731
v -0.134093 34.480038 -21.704399
v -0.134093 33.919170 -21.649178
v -0.134093 33.358303 -21.704399
v 0.134093 33.358303 -21.704399
v 0.134093 33.919170 -21.649178
v 0.134093 34.480038 -21.704399
vt 0.375000 0.000000
vt 0.625000 0.000000
vt 0.375000 0.250000
vt 0.625000 0.250000
vt 0.375000 0.500000
vt 0.625000 0.500000
vt 0.375000 0.750000
vt 0.625000 0.750000
vt 0.375000 1.000000
vt 0.625000 1.000000
vt 0.875000 0.000000
vt 0.875000 0.250000
vt 0.125000 0.000000
vt 0.125000 0.250000
vt 0.375000 0.125000
vt 0.125000 0.125000
vt 0.375000 0.625000
vt 0.625000 0.625000
vt 0.875000 0.125000
vt 0.625000 0.125000
vt 0.208333 0.250000
vt 0.375000 0.416667
vt 0.208333 0.125000
vt 0.208333 0.000000
vt 0.375000 0.833333
vt 0.625000 0.833333
vt 0.791667 0.000000
vt 0.791667 0.125000
vt 0.625000 0.416667
vt 0.791667 0.250000
vt 0.291667 0.250000
vt 0.375000 0.333333
vt 0.291667 0.125000
vt 0.291667 0.000000
vt 0.375000 0.916667
vt 0.625000 0.916667
vt 0.708333 0.000000
vt 0.708333 0.125000
vt 0.625000 0.333333
vt 0.708333 0.250000
vn 0.000000 -0.314509 0.949255
vn 0.000000 -0.314509 0.949255
vn 0.000000 0.000000 1.000000
vn 0.000000 0.000000 1.000000
vn 0.000000 0.983735 0.179624
vn 0.000000 0.983735 0.179624
vn 0.000000 0.995858 0.090919
vn 0.000000 0.995858 0.090919
vn 0.000000 0.000000 -1.000000
vn 0.000000 0.000000 -1.000000
vn 0.000000 -0.314509 -0.949255
vn 0.000000 -0.314509 -0.949255
vn 0.000000 -0.995858 0.090924
vn 0.000000 -0.995858 0.090924
vn 0.000000 -0.983734 0.179634
vn 0.000000 -0.983734 0.179634
vn 1.000000 0.000000 0.000000
vn 1.000000 0.000000 0.000000
vn 1.000000 -0.000000 0.000000
vn 1.000000 -0.000000 0.000000
vn -1.000000 0.000000 0.000000
vn -1.000000 0.000000 0.000000
vn -1.000000 0.000000 0.000000
vn -1.000000 0.000000 0.000000
vn -1.000000 -0.000000 0.000000
vn -1.000000 -0.000000 0.000000
vn 0.000000 0.314507 -0.949255
vn 0.000000 0.314507 -0.949255
vn 1.000000 -0.000000 0.000000
vn 1.000000 -0.000000 0.000000
vn 0.000000 0.314507 0.949255
vn 0.000000 0.314507 0.949255
vn -1.000000 -0.000000 0.000000
vn -1.000000 -0.000000 0.000000
vn -1.000000 -0.000000 0.000000
vn -1.000000 -0.000000 0.000000
vn -1.000000 0.000000 0.000000
vn -1.000000 0.000000 0.000000
vn 0.000000 -0.983734 -0.179634
vn 0.000000 -0.983734 -0.179634
vn 0.000000 -0.995858 -0.090924
vn 0.000000 -0.995858 -0.090924
vn 1.000000 -0.000000 0.000000
vn 1.000000 0.000000 0.000000
vn 1.000000 0.000000 0.000000
vn 1.000000 -0.000000 0.000000
vn 1.000000 -0.000000 0.000000
vn 1.000000 -0.000000 0.000000
vn 0.000000 0.995858 -0.090919
vn 0.000000 0.995858 -0.090919
vn 0.000000 0.983735 -0.179624
vn 0.000000 0.983735 -0.179624
s 1
g group2 Maquina_impresion pCube20
usemtl initialShadingGroup
f 738/1138/1867 739/1139/1868 749/1157/1869 746/1152/1870
s 2
f 740/1140/1871 741/1141/1872 761/1176/1873 756/1169/1874
s 3
f 747/1154/1875 748/1155/1876 745/1145/1877 744/1144/1878
s 4
f 758/1172/1879 759/1173/1880 739/1147/1881 738/1146/1882
s 5
f 739/1139/1883 759/1174/1884 760/1175/1885 749/1157/1886
s 6
f 758/1171/1887 738/1138/1888 746/1152/1889 757/1170/1890
f 757/1170/1890 746/1152/1889 740/1140/1891 756/1168/1892
s 3
f 742/1142/1893 743/1143/1894 748/1155/1876 747/1154/1875
s 5
f 749/1157/1886 760/1175/1885 761/1177/1895 741/1141/1896
s 1
f 746/1152/1870 749/1157/1869 741/1141/1897 740/1140/1898
s 6
f 747/1153/1899 751/1160/1900 750/1158/1901 742/1151/1902
f 744/1150/1903 752/1161/1904 751/1160/1900 747/1153/1899
s 4
f 744/1144/1905 745/1145/1906 753/1163/1907 752/1162/1908
s 5
f 754/1165/1909 753/1164/1910 745/1148/1911 748/1156/1912
f 755/1167/1913 754/1165/1909 748/1156/1912 743/1149/1914
s 2
f 750/1159/1915 755/1166/1916 743/1143/1917 742/1142/1918
s 6
f 751/1160/1900 757/1170/1890 756/1168/1892 750/1158/1901
f 752/1161/1904 758/1171/1887 757/1170/1890 751/1160/1900
s 4
f 752/1162/1908 753/1163/1907 759/1173/1880 758/1172/1879
s 5
f 760/1175/1885 759/1174/1884 753/1164/1910 754/1165/1909
f 761/1177/1895 760/1175/1885 754/1165/1909 755/1167/1913
s 2
f 756/1169/1874 761/1176/1873 755/1166/1916 750/1159/1915
g default
v -3.678194 24.887293 -16.478527
v -3.870843 24.961990 -16.506596
v -4.063492 24.887293 -16.478527
v -4.143291 24.706955 -16.410763
v -4.063492 24.526617 -16.342997
v -3.870843 24.451918 -16.314928
v -3.678194 24.526617 -16.342997
v -3.598396 24.706955 -16.410763
v -3.755906 25.006214 -15.941120
v -3.870843 25.050781 -15.957867
v -3.985780 25.006214 -15.941120
v -4.033389 24.898623 -15.900691
v -3.985780 24.791031 -15.860261
v -3.870843 24.746466 -15.843513
v -3.755906 24.791031 -15.860261
v -3.708298 24.898623 -15.900691
v -3.870843 24.898623 -15.900691
v -3.598396 24.802790 -16.155725
v -3.678194 24.622452 -16.087961
v -3.870843 24.547752 -16.059893
v -4.063492 24.622452 -16.087961
v -4.143291 24.802790 -16.155725
v -4.063492 24.983126 -16.223492
v -3.870843 25.057825 -16.251560
v -3.678194 24.983126 -16.223492
v -3.650928 24.816456 -16.124752
v -3.714631 24.672491 -16.070654
v -3.868424 24.612860 -16.048246
v -4.022217 24.672491 -16.070654
v -4.085920 24.816456 -16.124752
v -4.022217 24.960421 -16.178848
v -3.868424 25.020052 -16.201256
v -3.714631 24.960421 -16.178848
vt 0.375000 0.312500
vt 0.406250 0.312500
vt 0.437500 0.312500
vt 0.468750 0.312500
vt 0.500000 0.312500
vt 0.531250 0.312500
vt 0.562500 0.312500
vt 0.593750 0.312500
vt 0.625000 0.312500
vt 0.375000 0.688440
vt 0.406250 0.688440
vt 0.437500 0.688440
vt 0.468750 0.688440
vt 0.500000 0.688440
vt 0.531250 0.688440
vt 0.562500 0.688440
vt 0.593750 0.688440
vt 0.625000 0.688440
vt 0.610485 0.733265
vt 0.500000 0.687500
vt 0.389515 0.733265
vt 0.343750 0.843750
vt 0.389515 0.954235
vt 0.500000 1.000000
vt 0.610485 0.954235
vt 0.656250 0.843750
vt 0.500000 0.837500
vt 0.593750 0.500470
vt 0.562500 0.500470
vt 0.531250 0.500470
vt 0.500000 0.500470
vt 0.468750 0.500470
vt 0.437500 0.500470
vt 0.406250 0.500470
vt 0.625000 0.500470
vt 0.375000 0.500470
vt 0.593750 0.594455
vt 0.562500 0.594455
vt 0.531250 0.594455
vt 0.500000 0.594455
vt 0.468750 0.594455
vt 0.437500 0.594455
vt 0.406250 0.594455
vt 0.625000 0.594455
vt 0.375000 0.594455
vn 0.382685 0.864835 -0.324982
vn 0.382685 0.864835 -0.324982
vn 0.380302 0.898644 -0.218656
vn 0.380135 0.899609 -0.214944
vn -0.382684 0.864835 -0.324983
vn -0.382684 0.864835 -0.324983
vn -0.380164 0.899440 -0.215599
vn -0.379818 0.901330 -0.208191
vn -0.923877 0.358232 -0.134611
vn -0.923877 0.358232 -0.134611
vn -0.917067 0.398222 -0.020170
vn -0.916255 0.400367 -0.013505
vn -0.923881 -0.358225 0.134607
vn -0.923881 -0.358225 0.134607
vn -0.916339 -0.310444 0.252880
vn -0.916077 -0.309575 0.254885
vn -0.382688 -0.864834 0.324982
vn -0.382688 -0.864833 0.324982
vn -0.379447 -0.811844 0.443768
vn -0.379642 -0.813682 0.440220
vn 0.382688 -0.864834 0.324982
vn 0.382688 -0.864834 0.324982
vn 0.379602 -0.813298 0.440963
vn 0.379967 -0.816828 0.434071
vn 0.923882 -0.358223 0.134607
vn 0.923882 -0.358223 0.134607
vn 0.917213 -0.313449 0.245906
vn 0.917954 -0.316142 0.239612
vn 0.923879 0.358229 -0.134611
vn 0.923879 0.358229 -0.134611
vn 0.917898 0.395870 -0.027395
vn 0.918116 0.395221 -0.029381
vn 0.000000 0.351752 0.936093
vn 0.000000 0.351753 0.936093
vn 0.000000 0.351755 0.936092
vn 0.000000 0.351753 0.936093
vn 0.000000 0.351748 0.936095
vn 0.000000 0.351757 0.936091
vn 0.000000 0.351772 0.936086
vn 0.000000 0.351757 0.936091
vn 0.000000 0.351746 0.936095
vn 0.841929 -0.181618 0.508105
vn 0.840292 -0.179611 0.511518
vn 0.348234 -0.641147 0.683859
vn 0.347460 -0.637848 0.687329
vn -0.347607 -0.638482 0.686666
vn -0.347204 -0.636769 0.688459
vn -0.838296 -0.177181 0.515622
vn -0.838831 -0.177828 0.514529
vn -0.838548 0.472789 0.270755
vn -0.840253 0.472038 0.266748
vn -0.347863 0.932746 0.094740
vn -0.348621 0.932930 0.090030
vn 0.348485 0.932899 0.090871
vn 0.348861 0.932984 0.088521
vn 0.842175 0.471176 0.262174
vn 0.841678 0.471402 0.263359
vn 0.902480 -0.274662 0.331800
vn 0.902480 -0.274662 0.331800
vn 0.374566 -0.774452 0.509828
vn 0.374566 -0.774452 0.509828
vn -0.375138 -0.778311 0.503491
vn -0.375138 -0.778311 0.503491
vn -0.905883 -0.282153 0.315858
vn -0.905883 -0.282153 0.315858
vn -0.904807 0.421935 0.057403
vn -0.904807 0.421935 0.057403
vn -0.374042 0.919639 -0.119818
vn -0.374042 0.919639 -0.119818
vn 0.373435 0.920804 -0.112542
vn 0.373435 0.920804 -0.112542
vn 0.901317 0.426743 0.074285
vn 0.901317 0.426743 0.074285
s 1
g group2 Maquina_impresion pCylinder7
usemtl initialShadingGroup
f 762/1178/1919 763/1179/1920 785/1211/1921 786/1213/1922
s 2
f 763/1179/1923 764/1180/1924 784/1210/1925 785/1211/1926
s 3
f 764/1180/1927 765/1181/1928 783/1209/1929 784/1210/1930
s 4
f 765/1181/1931 766/1182/1932 782/1208/1933 783/1209/1934
s 5
f 766/1182/1935 767/1183/1936 781/1207/1937 782/1208/1938
s 6
f 767/1183/1939 768/1184/1940 780/1206/1941 781/1207/1942
s 7
f 768/1184/1943 769/1185/1944 779/1205/1945 780/1206/1946
s 8
f 769/1185/1947 762/1186/1948 786/1212/1949 779/1205/1950
s 9
f 770/1202/1951 771/1201/1952 778/1204/1953
f 771/1201/1952 772/1200/1954 778/1204/1953
f 772/1200/1954 773/1199/1955 778/1204/1953
f 773/1199/1955 774/1198/1956 778/1204/1953
f 774/1198/1956 775/1197/1957 778/1204/1953
f 775/1197/1957 776/1196/1958 778/1204/1953
f 776/1196/1958 777/1203/1959 778/1204/1953
f 777/1203/1959 770/1202/1951 778/1204/1953
s 7
f 780/1206/1946 779/1205/1945 787/1214/1960 788/1215/1961
s 6
f 781/1207/1942 780/1206/1941 788/1215/1962 789/1216/1963
s 5
f 782/1208/1938 781/1207/1937 789/1216/1964 790/1217/1965
s 4
f 783/1209/1934 782/1208/1933 790/1217/1966 791/1218/1967
s 3
f 784/1210/1930 783/1209/1929 791/1218/1968 792/1219/1969
s 2
f 785/1211/1926 784/1210/1925 792/1219/1970 793/1220/1971
s 1
f 786/1213/1922 785/1211/1921 793/1220/1972 794/1222/1973
s 8
f 779/1205/1950 786/1212/1949 794/1221/1974 787/1214/1975
s 7
f 788/1215/1961 787/1214/1960 777/1194/1976 776/1193/1977
s 6
f 789/1216/1963 788/1215/1962 776/1193/1978 775/1192/1979
s 5
f 790/1217/1965 789/1216/1964 775/1192/1980 774/1191/1981
s 4
f 791/1218/1967 790/1217/1966 774/1191/1982 773/1190/1983
s 3
f 792/1219/1969 791/1218/1968 773/1190/1984 772/1189/1985
s 2
f 793/1220/1971 792/1219/1970 772/1189/1986 771/1188/1987
s 1
f 794/1222/1973 793/1220/1972 771/1188/1988 770/1187/1989
s 8
f 787/1214/1975 794/1221/1974 770/1195/1990 777/1194/1991
g default
v -4.436657 36.220711 -18.420780
v -4.520250 36.201630 -18.420866
v -4.587287 36.255089 -18.420624
v -4.587287 36.340832 -18.420237
v -4.520250 36.394291 -18.419994
v -4.436657 36.375214 -18.420080
v -4.399454 36.297962 -18.420429
v -4.436657 36.241047 -22.915091
v -4.520250 36.221966 -22.915176
v -4.587287 36.275425 -22.914934
v -4.587287 36.361168 -22.914545
v -4.520250 36.414627 -22.914305
v -4.436657 36.395550 -22.914391
v -4.399454 36.318298 -22.914740
v -4.498263 36.297962 -18.420429
v -4.498263 36.318298 -22.914740
vt 0.597420 0.034089
vt 0.465231 0.003918
vt 0.359224 0.088456
vt 0.359224 0.224044
vt 0.465231 0.308582
vt 0.597420 0.278411
vt 0.656250 0.156250
vt 0.375000 0.312500
vt 0.410714 0.312500
vt 0.446429 0.312500
vt 0.482143 0.312500
vt 0.517857 0.312500
vt 0.553571 0.312500
vt 0.589286 0.312500
vt 0.625000 0.312500
vt 0.375000 0.688440
vt 0.410714 0.688440
vt 0.446429 0.688440
vt 0.482143 0.688440
vt 0.517857 0.688440
vt 0.553571 0.688440
vt 0.589286 0.688440
vt 0.625000 0.688440
vt 0.597420 0.721589
vt 0.465231 0.691418
vt 0.359224 0.775956
vt 0.359224 0.911544
vt 0.465231 0.996082
vt 0.597420 0.965911
vt 0.656250 0.843750
vt 0.500000 0.150000
vt 0.500000 0.837500
vn 0.222539 -0.974914 -0.004411
vn 0.222539 -0.974914 -0.004411
vn 0.222539 -0.974914 -0.004411
vn 0.222539 -0.974914 -0.004411
vn -0.623486 -0.781826 -0.003538
vn -0.623487 -0.781826 -0.003538
vn -0.623486 -0.781826 -0.003538
vn -0.623487 -0.781826 -0.003538
vn -1.000000 0.000000 0.000000
vn -1.000000 0.000000 0.000000
vn -1.000000 0.000000 0.000000
vn -1.000000 0.000000 0.000000
vn -0.623489 0.781824 0.003538
vn -0.623489 0.781824 0.003538
vn -0.623489 0.781824 0.003538
vn -0.623489 0.781824 0.003538
vn 0.222496 0.974924 0.004412
vn 0.222496 0.974924 0.004412
vn 0.222496 0.974924 0.004412
vn 0.222496 0.974924 0.004412
vn 0.900969 0.433878 0.001963
vn 0.900969 0.433878 0.001963
vn 0.900969 0.433878 0.001963
vn 0.900969 0.433878 0.001963
vn 0.900969 -0.433878 -0.001963
vn 0.900969 -0.433878 -0.001963
vn 0.900969 -0.433878 -0.001963
vn 0.900969 -0.433878 -0.001963
vn -0.000000 -0.004535 0.999990
vn 0.000016 -0.004540 0.999990
vn -0.000011 -0.004526 0.999990
vn -0.000008 -0.004525 0.999990
vn -0.000023 -0.004516 0.999990
vn -0.000047 -0.004516 0.999990
vn -0.000016 -0.004517 0.999990
vn 0.000000 -0.004531 0.999990
vn 0.000000 0.004539 -0.999990
vn 0.000000 0.004535 -0.999990
vn -0.000002 0.004528 -0.999990
vn -0.000008 0.004536 -0.999990
vn -0.000008 0.004525 -0.999990
vn 0.000000 0.004513 -0.999990
vn 0.000000 0.004517 -0.999990
vn 0.000000 0.004531 -0.999990
s off
g group2 Maquina_impresion pCylinder14
usemtl initialShadingGroup
f 795/1230/1992 796/1231/1993 803/1239/1994 802/1238/1995
f 796/1231/1996 797/1232/1997 804/1240/1998 803/1239/1999
f 797/1232/2000 798/1233/2001 805/1241/2002 804/1240/2003
f 798/1233/2004 799/1234/2005 806/1242/2006 805/1241/2007
f 799/1234/2008 800/1235/2009 807/1243/2010 806/1242/2011
f 800/1235/2012 801/1236/2013 808/1244/2014 807/1243/2015
f 801/1236/2016 795/1237/2017 802/1245/2018 808/1244/2019
s 1
f 796/1224/2020 795/1223/2021 809/1253/2022
f 797/1225/2023 796/1224/2020 809/1253/2022
f 798/1226/2024 797/1225/2023 809/1253/2022
f 799/1227/2025 798/1226/2024 809/1253/2022
f 800/1228/2026 799/1227/2025 809/1253/2022
f 801/1229/2027 800/1228/2026 809/1253/2022
f 795/1223/2021 801/1229/2027 809/1253/2022
s 2
f 802/1251/2028 803/1250/2029 810/1254/2030
f 803/1250/2029 804/1249/2031 810/1254/2030
f 804/1249/2031 805/1248/2032 810/1254/2030
f 805/1248/2032 806/1247/2033 810/1254/2030
f 806/1247/2033 807/1246/2034 810/1254/2030
f 807/1246/2034 808/1252/2035 810/1254/2030
f 808/1252/2035 802/1251/2028 810/1254/2030
g default
v 0.076810 36.275650 -21.861286
v 0.029339 36.241158 -21.861286
v -0.029339 36.241158 -21.861286
v -0.076810 36.275650 -21.861286
v -0.094943 36.331455 -21.861286
v -0.076810 36.387260 -21.861284
v -0.029339 36.421749 -21.861284
v 0.029339 36.421749 -21.861284
v 0.076810 36.387260 -21.861284
v 0.094943 36.331455 -21.861286
v 0.076810 36.275650 -27.948072
v 0.029339 36.241158 -27.948072
v -0.029339 36.241158 -27.948072
v -0.076810 36.275650 -27.948072
v -0.094943 36.331455 -27.948072
v -0.076810 36.387260 -27.948072
v -0.029339 36.421749 -27.948071
v 0.029339 36.421749 -27.948071
v 0.076810 36.387260 -27.948072
v 0.094943 36.331455 -27.948072
vt 0.375000 0.312500
vt 0.400000 0.312500
vt 0.425000 0.312500
vt 0.450000 0.312500
vt 0.475000 0.312500
vt 0.500000 0.312500
vt 0.525000 0.312500
vt 0.550000 0.312500
vt 0.575000 0.312500
vt 0.600000 0.312500
vt 0.625000 0.312500
vt 0.375000 0.688440
vt 0.400000 0.688440
vt 0.425000 0.688440
vt 0.450000 0.688440
vt 0.475000 0.688440
vt 0.500000 0.688440
vt 0.525000 0.688440
vt 0.550000 0.688440
vt 0.575000 0.688440
vt 0.600000 0.688440
vt 0.625000 0.688440
vn 0.587813 -0.808997 0.000000
vn 0.587813 -0.808997 0.000000
vn 0.587813 -0.808997 0.000000
vn 0.587813 -0.808997 0.000000
vn 0.000000 -1.000000 0.000000
vn 0.000000 -1.000000 0.000000
vn 0.000000 -1.000000 0.000000
vn 0.000000 -1.000000 0.000000
vn -0.587814 -0.808996 0.000000
vn -0.587814 -0.808996 0.000000
vn -0.587814 -0.808996 0.000000
vn -0.587814 -0.808996 0.000000
vn -0.951055 -0.309021 0.000000
vn -0.951055 -0.309021 0.000000
vn -0.951055 -0.309021 0.000000
vn -0.951055 -0.309021 0.000000
vn -0.951055 0.309021 0.000000
vn -0.951055 0.309021 0.000000
vn -0.951055 0.309021 0.000000
vn -0.951055 0.309021 0.000000
vn -0.587771 0.809028 0.000000
vn -0.587771 0.809028 0.000000
vn -0.587771 0.809028 0.000000
vn -0.587771 0.809028 0.000000
vn 0.000000 1.000000 0.000000
vn 0.000000 1.000000 0.000000
vn 0.000000 1.000000 0.000000
vn 0.000000 1.000000 0.000000
vn 0.587771 0.809028 0.000000
vn 0.587771 0.809028 0.000000
vn 0.587771 0.809028 0.000000
vn 0.587771 0.809028 0.000000
vn 0.951055 0.309021 0.000000
vn 0.951055 0.309021 0.000000
vn 0.951055 0.309021 0.000000
vn 0.951055 0.309021 0.000000
vn 0.951055 -0.309021 0.000000
vn 0.951055 -0.309021 0.000000
vn 0.951055 -0.309021 0.000000
vn 0.951055 -0.309021 0.000000
s off
g group2 Maquina_impresion pCylinder15
usemtl initialShadingGroup
f 811/1255/2036 812/1256/2037 822/1267/2038 821/1266/2039
f 812/1256/2040 813/1257/2041 823/1268/2042 822/1267/2043
f 813/1257/2044 814/1258/2045 824/1269/2046 823/1268/2047
f 814/1258/2048 815/1259/2049 825/1270/2050 824/1269/2051
f 815/1259/2052 816/1260/2053 826/1271/2054 825/1270/2055
f 816/1260/2056 817/1261/2057 827/1272/2058 826/1271/2059
f 817/1261/2060 818/1262/2061 828/1273/2062 827/1272/2063
f 818/1262/2064 819/1263/2065 829/1274/2066 828/1273/2067
f 819/1263/2068 820/1264/2069 830/1275/2070 829/1274/2071
f 820/1264/2072 811/1265/2073 821/1276/2074 830/1275/2075
g default
v 0.854872 28.301994 -23.148117
v -0.000000 28.301994 -23.502216
v -0.854872 28.301994 -23.148117
v -1.208972 28.301994 -22.293245
v -0.854872 28.301994 -21.438374
v -0.000000 28.301994 -21.084272
v 0.854872 28.301994 -21.438374
v 1.208972 28.301994 -22.293245
v 0.707107 31.362696 -23.000353
v 0.000000 31.362696 -23.293245
v -0.707107 31.362696 -23.000353
v -1.000000 31.362696 -22.293245
v -0.707107 31.362696 -21.586138
v 0.000000 31.362696 -21.293245
v 0.707107 31.362696 -21.586138
v 1.000000 31.362696 -22.293245
v 0.000000 31.362696 -22.293245
v -1.000000 29.666540 -22.293245
v -0.707107 29.666540 -23.000353
v 0.000000 29.666540 -23.293245
v 0.707107 29.666540 -23.000353
v 1.000000 29.666540 -22.293245
v 0.707107 29.666540 -21.586138
v 0.000000 29.666540 -21.293245
v -0.707107 29.666540 -21.586138
v -1.066365 28.874384 -22.293245
v -0.754034 28.874384 -23.047279
v -0.000000 28.874384 -23.359610
v 0.754034 28.874384 -23.047279
v 1.066365 28.874384 -22.293245
v 0.754034 28.874384 -21.539211
v -0.000000 28.874384 -21.226881
v -0.754034 28.874384 -21.539211
vt 0.375000 0.312500
vt 0.406250 0.312500
vt 0.437500 0.312500
vt 0.468750 0.312500
vt 0.500000 0.312500
vt 0.531250 0.312500
vt 0.562500 0.312500
vt 0.593750 0.312500
vt 0.625000 0.312500
vt 0.375000 0.688440
vt 0.406250 0.688440
vt 0.437500 0.688440
vt 0.468750 0.688440
vt 0.500000 0.688440
vt 0.531250 0.688440
vt 0.562500 0.688440
vt 0.593750 0.688440
vt 0.625000 0.688440
vt 0.610485 0.733265
vt 0.500000 0.687500
vt 0.389515 0.733265
vt 0.343750 0.843750
vt 0.389515 0.954235
vt 0.500000 1.000000
vt 0.610485 0.954235
vt 0.656250 0.843750
vt 0.500000 0.837500
vt 0.468750 0.563127
vt 0.437500 0.563127
vt 0.406250 0.563127
vt 0.625000 0.563127
vt 0.375000 0.563127
vt 0.593750 0.563127
vt 0.562500 0.563127
vt 0.531250 0.563127
vt 0.500000 0.563127
vt 0.468750 0.437813
vt 0.437500 0.437813
vt 0.406250 0.437813
vt 0.625000 0.437813
vt 0.375000 0.437813
vt 0.593750 0.437813
vt 0.562500 0.437813
vt 0.531250 0.437813
vt 0.500000 0.437813
vn 0.372930 0.224312 -0.900337
vn 0.372930 0.224312 -0.900337
vn 0.378556 0.146446 -0.913919
vn 0.378556 0.146446 -0.913919
vn -0.372930 0.224312 -0.900337
vn -0.372930 0.224312 -0.900337
vn -0.378557 0.146446 -0.913919
vn -0.378557 0.146446 -0.913919
vn -0.900337 0.224312 -0.372932
vn -0.900336 0.224312 -0.372932
vn -0.913919 0.146447 -0.378558
vn -0.913919 0.146446 -0.378558
vn -0.900336 0.224312 0.372933
vn -0.900336 0.224312 0.372933
vn -0.913919 0.146446 0.378558
vn -0.913919 0.146446 0.378558
vn -0.372932 0.224313 0.900336
vn -0.372932 0.224313 0.900336
vn -0.378557 0.146447 0.913919
vn -0.378557 0.146447 0.913919
vn 0.372932 0.224313 0.900336
vn 0.372931 0.224313 0.900336
vn 0.378557 0.146447 0.913919
vn 0.378557 0.146447 0.913919
vn 0.900336 0.224312 0.372933
vn 0.900336 0.224312 0.372933
vn 0.913919 0.146447 0.378558
vn 0.913919 0.146447 0.378558
vn 0.900336 0.224313 -0.372933
vn 0.900336 0.224313 -0.372933
vn 0.913919 0.146447 -0.378558
vn 0.913919 0.146447 -0.378558
vn 0.000000 1.000000 0.000003
vn 0.000000 1.000000 0.000000
vn 0.000000 1.000000 -0.000001
vn 0.000000 1.000000 0.000000
vn 0.000000 1.000000 -0.000003
vn 0.000000 1.000000 -0.000003
vn 0.000000 1.000000 0.000000
vn 0.000000 1.000000 -0.000003
vn 0.000000 1.000000 -0.000000
vn -0.923579 0.025527 -0.382559
vn -0.923579 0.025527 -0.382559
vn -0.923880 0.000000 -0.382684
vn -0.923880 0.000000 -0.382684
vn -0.382558 0.025527 -0.923579
vn -0.382558 0.025527 -0.923579
vn -0.382683 0.000000 -0.923880
vn -0.382683 0.000000 -0.923880
vn 0.382558 0.025527 -0.923579
vn 0.382558 0.025527 -0.923579
vn 0.382683 0.000000 -0.923880
vn 0.382683 0.000000 -0.923880
vn 0.923579 0.025527 -0.382559
vn 0.923578 0.025527 -0.382559
vn 0.923880 0.000000 -0.382684
vn 0.923880 0.000000 -0.382684
vn 0.923579 0.025527 0.382559
vn 0.923579 0.025527 0.382559
vn 0.923880 0.000000 0.382684
vn 0.923880 0.000000 0.382684
vn 0.382558 0.025527 0.923579
vn 0.382558 0.025527 0.923579
vn 0.382683 0.000000 0.923880
vn 0.382683 0.000000 0.923880
vn -0.382558 0.025527 0.923579
vn -0.382558 0.025527 0.923579
vn -0.382683 0.000000 0.923880
vn -0.382683 0.000000 0.923880
vn -0.923579 0.025527 0.382559
vn -0.923578 0.025527 0.382559
vn -0.923880 0.000000 0.382684
vn -0.923880 0.000000 0.382684
s 1
g group2 Maquina_impresion pCylinder21
usemtl initialShadingGroup
f 831/1277/2076 832/1278/2077 858/1315/2078 859/1317/2079
s 2
f 832/1278/2080 833/1279/2081 857/1314/2082 858/1315/2083
s 3
f 833/1279/2084 834/1280/2085 856/1313/2086 857/1314/2087
s 4
f 834/1280/2088 835/1281/2089 863/1321/2090 856/1313/2091
s 5
f 835/1281/2092 836/1282/2093 862/1320/2094 863/1321/2095
s 6
f 836/1282/2096 837/1283/2097 861/1319/2098 862/1320/2099
s 7
f 837/1283/2100 838/1284/2101 860/1318/2102 861/1319/2103
s 8
f 838/1284/2104 831/1285/2105 859/1316/2106 860/1318/2107
s 9
f 839/1301/2108 840/1300/2109 847/1303/2110
f 840/1300/2109 841/1299/2111 847/1303/2110
f 841/1299/2111 842/1298/2112 847/1303/2110
f 842/1298/2112 843/1297/2113 847/1303/2110
f 843/1297/2113 844/1296/2114 847/1303/2110
f 844/1296/2114 845/1295/2115 847/1303/2110
f 845/1295/2115 846/1302/2116 847/1303/2110
f 846/1302/2116 839/1301/2108 847/1303/2110
s 3
f 849/1305/2117 848/1304/2118 842/1289/2119 841/1288/2120
s 2
f 850/1306/2121 849/1305/2122 841/1288/2123 840/1287/2124
s 1
f 851/1308/2125 850/1306/2126 840/1287/2127 839/1286/2128
s 8
f 852/1309/2129 851/1307/2130 839/1294/2131 846/1293/2132
s 7
f 853/1310/2133 852/1309/2134 846/1293/2135 845/1292/2136
s 6
f 854/1311/2137 853/1310/2138 845/1292/2139 844/1291/2140
s 5
f 855/1312/2141 854/1311/2142 844/1291/2143 843/1290/2144
s 4
f 848/1304/2145 855/1312/2146 843/1290/2147 842/1289/2148
s 3
f 857/1314/2087 856/1313/2086 848/1304/2118 849/1305/2117
s 2
f 858/1315/2083 857/1314/2082 849/1305/2122 850/1306/2121
s 1
f 859/1317/2079 858/1315/2078 850/1306/2126 851/1308/2125
s 8
f 860/1318/2107 859/1316/2106 851/1307/2130 852/1309/2129
s 7
f 861/1319/2103 860/1318/2102 852/1309/2134 853/1310/2133
s 6
f 862/1320/2099 861/1319/2098 853/1310/2138 854/1311/2137
s 5
f 863/1321/2095 862/1320/2094 854/1311/2142 855/1312/2141
s 4
f 856/1313/2091 863/1321/2090 855/1312/2146 848/1304/2145
g default
v -3.697316 26.405661 -17.070599
v -3.838903 26.501066 -17.109066
v -4.013915 26.501066 -17.109066
v -4.155502 26.405661 -17.070599
v -4.209584 26.251289 -17.008356
v -4.155502 26.096920 -16.946114
v -4.013915 26.001514 -16.907644
v -3.838904 26.001514 -16.907644
v -3.697316 26.096920 -16.946112
v -3.643235 26.251289 -17.008356
v -3.697316 26.617445 -16.545338
v -3.838903 26.712851 -16.583807
v -4.013915 26.712851 -16.583807
v -4.155502 26.617445 -16.545338
v -4.209583 26.463076 -16.483095
v -4.155502 26.308704 -16.420853
v -4.013915 26.213299 -16.382383
v -3.838903 26.213299 -16.382383
v -3.697316 26.308704 -16.420853
v -3.643235 26.463076 -16.483095
v -3.926409 26.463076 -16.483095
v -3.697316 26.511553 -16.807968
v -3.643235 26.357183 -16.745726
v -3.697316 26.202812 -16.683483
v -3.838904 26.107407 -16.645014
v -4.013915 26.107407 -16.645014
v -4.155502 26.202812 -16.683483
v -4.209584 26.357182 -16.745726
v -4.155502 26.511553 -16.807968
v -4.013915 26.606958 -16.846436
v -3.838903 26.606958 -16.846436
v -3.555131 26.410130 -16.614410
v -3.626039 26.207729 -16.532803
v -3.811678 26.082642 -16.482367
v -4.041140 26.082642 -16.482367
v -4.226779 26.207729 -16.532803
v -4.297687 26.410130 -16.614410
v -4.226779 26.612528 -16.696018
v -4.041140 26.737617 -16.746454
v -3.811678 26.737617 -16.746454
v -3.626039 26.612528 -16.696018
vt 0.375000 0.312500
vt 0.400000 0.312500
vt 0.425000 0.312500
vt 0.450000 0.312500
vt 0.475000 0.312500
vt 0.500000 0.312500
vt 0.525000 0.312500
vt 0.550000 0.312500
vt 0.575000 0.312500
vt 0.600000 0.312500
vt 0.625000 0.312500
vt 0.375000 0.688440
vt 0.400000 0.688440
vt 0.425000 0.688440
vt 0.450000 0.688440
vt 0.475000 0.688440
vt 0.500000 0.688440
vt 0.525000 0.688440
vt 0.550000 0.688440
vt 0.575000 0.688440
vt 0.600000 0.688440
vt 0.625000 0.688440
vt 0.626409 0.751909
vt 0.548284 0.695147
vt 0.451716 0.695147
vt 0.373591 0.751909
vt 0.343750 0.843750
vt 0.373591 0.935591
vt 0.451716 0.992353
vt 0.548284 0.992353
vt 0.626409 0.935591
vt 0.656250 0.843750
vt 0.500000 0.837500
vt 0.625000 0.500470
vt 0.375000 0.500470
vt 0.600000 0.500470
vt 0.575000 0.500470
vt 0.550000 0.500470
vt 0.525000 0.500470
vt 0.500000 0.500470
vt 0.475000 0.500470
vt 0.450000 0.500470
vt 0.425000 0.500470
vt 0.400000 0.500470
vt 0.600000 0.594455
vt 0.575000 0.594455
vt 0.550000 0.594455
vt 0.525000 0.594455
vt 0.500000 0.594455
vt 0.475000 0.594455
vt 0.450000 0.594455
vt 0.425000 0.594455
vt 0.400000 0.594455
vt 0.625000 0.594455
vt 0.375000 0.594455
vn 0.587786 0.750322 -0.302529
vn 0.587786 0.750322 -0.302529
vn 0.572761 0.647146 -0.503137
vn 0.572761 0.647146 -0.503137
vn 0.000000 0.927451 -0.373946
vn 0.000000 0.927451 -0.373946
vn 0.000000 0.819745 -0.572729
vn 0.000000 0.819745 -0.572729
vn -0.587782 0.750324 -0.302532
vn -0.587782 0.750325 -0.302532
vn -0.572759 0.647148 -0.503137
vn -0.572759 0.647148 -0.503137
vn -0.951057 0.286596 -0.115555
vn -0.951057 0.286596 -0.115555
vn -0.926750 0.195270 -0.320942
vn -0.926750 0.195270 -0.320942
vn -0.951055 -0.286600 0.115559
vn -0.951056 -0.286600 0.115559
vn -0.926749 -0.363278 -0.095738
vn -0.926749 -0.363277 -0.095737
vn -0.587788 -0.750321 0.302528
vn -0.587788 -0.750321 0.302528
vn -0.572765 -0.815147 0.086461
vn -0.572765 -0.815147 0.086464
vn 0.000000 -0.927451 0.373946
vn 0.000000 -0.927451 0.373946
vn 0.000000 -0.987749 0.156053
vn 0.000000 -0.987749 0.156053
vn 0.587781 -0.750326 0.302531
vn 0.587781 -0.750326 0.302531
vn 0.572760 -0.815150 0.086466
vn 0.572760 -0.815150 0.086463
vn 0.951057 -0.286595 0.115557
vn 0.951057 -0.286595 0.115557
vn 0.926750 -0.363276 -0.095736
vn 0.926750 -0.363276 -0.095736
vn 0.951057 0.286597 -0.115556
vn 0.951057 0.286597 -0.115556
vn 0.926751 0.195270 -0.320940
vn 0.926751 0.195269 -0.320941
vn 0.000000 0.373953 0.927448
vn 0.000000 0.373958 0.927446
vn 0.000001 0.373954 0.927447
vn 0.000000 0.373959 0.927445
vn 0.000000 0.373955 0.927447
vn 0.000000 0.373951 0.927448
vn -0.000005 0.373954 0.927447
vn -0.000005 0.373953 0.927448
vn 0.000010 0.373952 0.927448
vn 0.000010 0.373953 0.927448
vn 0.000000 0.373950 0.927449
vn 0.951056 0.286596 -0.115563
vn 0.951056 0.286597 -0.115560
vn 0.951057 -0.286597 0.115557
vn 0.951057 -0.286596 0.115558
vn 0.587784 -0.750323 0.302531
vn 0.587784 -0.750323 0.302533
vn 0.000000 -0.927454 0.373938
vn 0.000000 -0.927454 0.373938
vn -0.587786 -0.750321 0.302533
vn -0.587786 -0.750322 0.302531
vn -0.951056 -0.286596 0.115561
vn -0.951057 -0.286596 0.115562
vn -0.951056 0.286599 -0.115559
vn -0.951056 0.286599 -0.115560
vn -0.587781 0.750326 -0.302530
vn -0.587781 0.750326 -0.302531
vn 0.000000 0.927450 -0.373948
vn 0.000000 0.927450 -0.373948
vn 0.587783 0.750325 -0.302529
vn 0.587783 0.750325 -0.302529
vn 0.818474 -0.056190 0.571789
vn 0.818474 -0.056190 0.571789
vn 0.505844 -0.455277 0.732696
vn 0.505844 -0.455277 0.732696
vn 0.000000 -0.607723 0.794149
vn 0.000000 -0.607723 0.794149
vn -0.505844 -0.455272 0.732700
vn -0.505844 -0.455272 0.732700
vn -0.818470 -0.056193 0.571795
vn -0.818470 -0.056193 0.571795
vn -0.818471 0.437096 0.372899
vn -0.818470 0.437096 0.372899
vn -0.505843 0.836173 0.211987
vn -0.505843 0.836173 0.211987
vn 0.000000 0.988605 0.150536
vn 0.000000 0.988605 0.150536
vn 0.505843 0.836171 0.211994
vn 0.505843 0.836171 0.211994
vn 0.818474 0.437096 0.372891
vn 0.818474 0.437096 0.372891
s 1
g group2 Maquina_impresion pCylinder6
usemtl initialShadingGroup
f 864/1322/2149 865/1323/2150 894/1365/2151 885/1356/2152
s 2
f 865/1323/2153 866/1324/2154 893/1364/2155 894/1365/2156
s 3
f 866/1324/2157 867/1325/2158 892/1363/2159 893/1364/2160
s 4
f 867/1325/2161 868/1326/2162 891/1362/2163 892/1363/2164
s 5
f 868/1326/2165 869/1327/2166 890/1361/2167 891/1362/2168
s 6
f 869/1327/2169 870/1328/2170 889/1360/2171 890/1361/2172
s 7
f 870/1328/2173 871/1329/2174 888/1359/2175 889/1360/2176
s 8
f 871/1329/2177 872/1330/2178 887/1358/2179 888/1359/2180
s 9
f 872/1330/2181 873/1331/2182 886/1357/2183 887/1358/2184
s 10
f 873/1331/2185 864/1332/2186 885/1355/2187 886/1357/2188
s 11
f 874/1352/2189 875/1351/2190 884/1354/2191
f 875/1351/2190 876/1350/2192 884/1354/2191
f 876/1350/2192 877/1349/2193 884/1354/2191
f 877/1349/2193 878/1348/2194 884/1354/2191
f 878/1348/2194 879/1347/2195 884/1354/2191
f 879/1347/2195 880/1346/2196 884/1354/2191
f 880/1346/2196 881/1345/2197 884/1354/2191
f 881/1345/2197 882/1344/2198 884/1354/2191
f 882/1344/2198 883/1353/2199 884/1354/2191
f 883/1353/2199 874/1352/2189 884/1354/2191
s 10
f 886/1357/2188 885/1355/2187 904/1375/2200 895/1366/2201
s 9
f 887/1358/2184 886/1357/2183 895/1366/2202 896/1367/2203
s 8
f 888/1359/2180 887/1358/2179 896/1367/2204 897/1368/2205
s 7
f 889/1360/2176 888/1359/2175 897/1368/2206 898/1369/2207
s 6
f 890/1361/2172 889/1360/2171 898/1369/2208 899/1370/2209
s 5
f 891/1362/2168 890/1361/2167 899/1370/2210 900/1371/2211
s 4
f 892/1363/2164 891/1362/2163 900/1371/2212 901/1372/2213
s 3
f 893/1364/2160 892/1363/2159 901/1372/2214 902/1373/2215
s 2
f 894/1365/2156 893/1364/2155 902/1373/2216 903/1374/2217
s 1
f 885/1356/2152 894/1365/2151 903/1374/2218 904/1376/2219
s 9
f 896/1367/2203 895/1366/2202 883/1342/2220 882/1341/2221
s 8
f 897/1368/2205 896/1367/2204 882/1341/2222 881/1340/2223
s 7
f 898/1369/2207 897/1368/2206 881/1340/2224 880/1339/2225
s 6
f 899/1370/2209 898/1369/2208 880/1339/2226 879/1338/2227
s 5
f 900/1371/2211 899/1370/2210 879/1338/2228 878/1337/2229
s 4
f 901/1372/2213 900/1371/2212 878/1337/2230 877/1336/2231
s 3
f 902/1373/2215 901/1372/2214 877/1336/2232 876/1335/2233
s 2
f 903/1374/2217 902/1373/2216 876/1335/2234 875/1334/2235
s 1
f 904/1376/2219 903/1374/2218 875/1334/2236 874/1333/2237
s 10
f 895/1366/2201 904/1375/2200 874/1343/2238 883/1342/2239
g default
v -1.841505 28.197565 -19.522224
v 1.841505 28.197565 -19.522224
v -1.841505 28.297716 -19.522224
v 1.841505 28.297716 -19.522224
v -1.841505 28.297716 -25.961313
v 1.841505 28.297716 -25.961313
v -1.841505 28.197565 -25.961313
v 1.841505 28.197565 -25.961313
vt 0.375000 0.000000
vt 0.625000 0.000000
vt 0.375000 0.250000
vt 0.625000 0.250000
vt 0.375000 0.500000
vt 0.625000 0.500000
vt 0.375000 0.750000
vt 0.625000 0.750000
vt 0.875000 0.000000
vt 0.875000 0.250000
vt 0.125000 0.000000
vt 0.125000 0.250000
vn 0.000000 0.000000 1.000000
vn 0.000000 0.000000 1.000000
vn 0.000000 0.000000 1.000000
vn 0.000000 0.000000 1.000000
vn 0.000000 1.000000 0.000000
vn 0.000000 1.000000 0.000000
vn 0.000000 1.000000 0.000000
vn 0.000000 1.000000 0.000000
vn 0.000000 0.000000 -1.000000
vn 0.000000 0.000000 -1.000000
vn 0.000000 0.000000 -1.000000
vn 0.000000 0.000000 -1.000000
vn 1.000000 0.000000 0.000000
vn 1.000000 0.000000 0.000000
vn 1.000000 0.000000 0.000000
vn 1.000000 0.000000 0.000000
vn -1.000000 0.000000 0.000000
vn -1.000000 0.000000 0.000000
vn -1.000000 0.000000 0.000000
vn -1.000000 0.000000 0.000000
s off
g group2 Maquina_impresion pCube22
usemtl initialShadingGroup
f 905/1377/2240 906/1378/2241 908/1380/2242 907/1379/2243
f 907/1379/2244 908/1380/2245 910/1382/2246 909/1381/2247
f 909/1381/2248 910/1382/2249 912/1384/2250 911/1383/2251
f 906/1378/2252 912/1385/2253 910/1386/2254 908/1380/2255
f 911/1387/2256 905/1377/2257 907/1379/2258 909/1388/2259
g default
v -4.091181 29.324629 -17.941259
v 4.091181 29.324629 -17.941259
v -4.091181 35.843723 -17.941259
v 4.091181 35.843723 -17.941259
v -4.091181 35.843723 -17.991867
v 4.091181 35.843723 -17.991867
v -4.091181 29.324629 -17.991867
v 4.091181 29.324629 -17.991867
vt 0.375000 0.000000
vt 0.625000 0.000000
vt 0.375000 0.250000
vt 0.625000 0.250000
vt 0.375000 0.500000
vt 0.625000 0.500000
vt 0.375000 0.750000
vt 0.625000 0.750000
vt 0.375000 1.000000
vt 0.625000 1.000000
vt 0.875000 0.000000
vt 0.875000 0.250000
vt 0.125000 0.000000
vt 0.125000 0.250000
vn 0.000000 0.000000 1.000000
vn 0.000000 0.000000 1.000000
vn 0.000000 0.000000 1.000000
vn 0.000000 0.000000 1.000000
vn 0.000000 1.000000 0.000000
vn 0.000000 1.000000 0.000000
vn 0.000000 1.000000 0.000000
vn 0.000000 1.000000 0.000000
vn 0.000000 -1.000000 0.000000
vn 0.000000 -1.000000 0.000000
vn 0.000000 -1.000000 0.000000
vn 0.000000 -1.000000 0.000000
vn 1.000000 0.000000 0.000000
vn 1.000000 0.000000 0.000000
vn 1.000000 0.000000 0.000000
vn 1.000000 0.000000 0.000000
vn -1.000000 0.000000 0.000000
vn -1.000000 0.000000 0.000000
vn -1.000000 0.000000 0.000000
vn -1.000000 0.000000 0.000000
s off
g group2 Maquina_impresion pCube14
usemtl initialShadingGroup
f 913/1389/2260 914/1390/2261 916/1392/2262 915/1391/2263
f 915/1391/2264 916/1392/2265 918/1394/2266 917/1393/2267
f 919/1395/2268 920/1396/2269 914/1398/2270 913/1397/2271
f 914/1390/2272 920/1399/2273 918/1400/2274 916/1392/2275
f 919/1401/2276 913/1389/2277 915/1391/2278 917/1402/2279
g default
v -4.693621 26.880459 -17.393660
v -4.832246 26.909958 -17.405104
v -4.943416 26.827307 -17.373035
v -4.943416 26.694746 -17.321600
v -4.832246 26.612095 -17.289532
v -4.693621 26.641592 -17.300976
v -4.631927 26.761026 -17.347319
v -4.693621 26.916931 -17.299664
v -4.832246 26.946428 -17.311110
v -4.943416 26.863777 -17.279039
v -4.943416 26.731216 -17.227606
v -4.832246 26.648565 -17.195536
v -4.693621 26.678062 -17.206982
v -4.631927 26.797497 -17.253323
v -4.795785 26.797497 -17.253323
vt 0.375000 0.312500
vt 0.410714 0.312500
vt 0.446429 0.312500
vt 0.482143 0.312500
vt 0.517857 0.312500
vt 0.553571 0.312500
vt 0.589286 0.312500
vt 0.625000 0.312500
vt 0.375000 0.688440
vt 0.410714 0.688440
vt 0.446429 0.688440
vt 0.482143 0.688440
vt 0.517857 0.688440
vt 0.553571 0.688440
vt 0.589286 0.688440
vt 0.625000 0.688440
vt 0.597420 0.721589
vt 0.465231 0.691418
vt 0.359224 0.775956
vt 0.359224 0.911544
vt 0.465231 0.996082
vt 0.597420 0.965911
vt 0.656250 0.843750
vt 0.500000 0.837500
vn 0.222527 0.908903 -0.352671
vn 0.222527 0.908903 -0.352671
vn 0.222527 0.908903 -0.352671
vn 0.222527 0.908903 -0.352671
vn -0.623488 0.728897 -0.282792
vn -0.623488 0.728897 -0.282792
vn -0.623488 0.728897 -0.282792
vn -0.623488 0.728897 -0.282792
vn -1.000000 0.000002 0.000000
vn -1.000000 0.000002 0.000000
vn -1.000000 0.000002 0.000000
vn -1.000000 0.000002 0.000000
vn -0.623486 -0.728887 0.282822
vn -0.623486 -0.728887 0.282822
vn -0.623486 -0.728887 0.282822
vn -0.623486 -0.728887 0.282822
vn 0.222507 -0.908907 0.352672
vn 0.222507 -0.908907 0.352672
vn 0.222507 -0.908907 0.352672
vn 0.222507 -0.908907 0.352672
vn 0.900967 -0.404504 0.156954
vn 0.900968 -0.404504 0.156954
vn 0.900967 -0.404504 0.156954
vn 0.900967 -0.404504 0.156954
vn 0.900968 0.404506 -0.156945
vn 0.900968 0.404506 -0.156945
vn 0.900968 0.404506 -0.156945
vn 0.900968 0.404506 -0.156945
vn 0.000000 0.361739 0.932279
vn 0.000000 0.361737 0.932280
vn 0.000002 0.361735 0.932281
vn 0.000006 0.361734 0.932281
vn 0.000006 0.361731 0.932283
vn 0.000000 0.361735 0.932281
vn 0.000000 0.361732 0.932282
vn 0.000000 0.361737 0.932280
s off
g group2 Maquina_impresion pCylinder9
usemtl initialShadingGroup
f 921/1403/2280 922/1404/2281 929/1412/2282 928/1411/2283
f 922/1404/2284 923/1405/2285 930/1413/2286 929/1412/2287
f 923/1405/2288 924/1406/2289 931/1414/2290 930/1413/2291
f 924/1406/2292 925/1407/2293 932/1415/2294 931/1414/2295
f 925/1407/2296 926/1408/2297 933/1416/2298 932/1415/2299
f 926/1408/2300 927/1409/2301 934/1417/2302 933/1416/2303
f 927/1409/2304 921/1410/2305 928/1418/2306 934/1417/2307
s 1
f 928/1424/2308 929/1423/2309 935/1426/2310
f 929/1423/2309 930/1422/2311 935/1426/2310
f 930/1422/2311 931/1421/2312 935/1426/2310
f 931/1421/2312 932/1420/2313 935/1426/2310
f 932/1420/2313 933/1419/2314 935/1426/2310
f 933/1419/2314 934/1425/2315 935/1426/2310
f 934/1425/2315 928/1424/2308 935/1426/2310
g default
v -4.880657 28.544176 -17.987720
v 4.880657 28.544176 -17.987720
v -4.880657 36.624176 -17.987720
v 4.880657 36.624176 -17.987720
v -4.880657 36.624176 -18.058136
v 4.880657 36.624176 -18.058136
v -4.880657 28.544176 -18.058136
v 4.880657 28.544176 -18.058136
vt 0.375000 0.000000
vt 0.625000 0.000000
vt 0.375000 0.250000
vt 0.625000 0.250000
vt 0.375000 0.500000
vt 0.625000 0.500000
vt 0.375000 0.750000
vt 0.625000 0.750000
vt 0.375000 1.000000
vt 0.625000 1.000000
vt 0.875000 0.000000
vt 0.875000 0.250000
vt 0.125000 0.000000
vt 0.125000 0.250000
vn 0.000000 0.000000 1.000000
vn 0.000000 0.000000 1.000000
vn 0.000000 0.000000 1.000000
vn 0.000000 0.000000 1.000000
vn 0.000000 1.000000 0.000000
vn 0.000000 1.000000 0.000000
vn 0.000000 1.000000 0.000000
vn 0.000000 1.000000 0.000000
vn 0.000000 -1.000000 0.000000
vn 0.000000 -1.000000 0.000000
vn 0.000000 -1.000000 0.000000
vn 0.000000 -1.000000 0.000000
vn 1.000000 0.000000 0.000000
vn 1.000000 0.000000 0.000000
vn 1.000000 0.000000 0.000000
vn 1.000000 0.000000 0.000000
vn -1.000000 0.000000 0.000000
vn -1.000000 0.000000 0.000000
vn -1.000000 0.000000 0.000000
vn -1.000000 0.000000 0.000000
s off
g group2 Maquina_impresion pCube10
usemtl initialShadingGroup
f 936/1427/2316 937/1428/2317 939/1430/2318 938/1429/2319
f 938/1429/2320 939/1430/2321 941/1432/2322 940/1431/2323
f 942/1433/2324 943/1434/2325 937/1436/2326 936/1435/2327
f 937/1428/2328 943/1437/2329 941/1438/2330 939/1430/2331
f 942/1439/2332 936/1427/2333 938/1429/2334 940/1440/2335
g default
v -1.210540 28.417845 -27.360447
v -1.361987 28.417845 -27.423178
v -1.513434 28.417845 -27.360447
v -1.576165 28.417845 -27.209000
v -1.513434 28.417845 -27.057552
v -1.361987 28.417845 -26.994822
v -1.210540 28.417845 -27.057552
v -1.147809 28.417845 -27.209000
v -1.544989 34.448109 -19.075897
v -1.696436 34.510681 -19.075897
v -1.847883 34.448109 -19.075897
v -1.910615 34.297031 -19.075897
v -1.847883 34.145950 -19.075897
v -1.696436 34.083374 -19.075897
v -1.544989 34.145950 -19.075897
v -1.482258 34.297031 -19.075897
v -1.671069 33.189194 -27.317818
v -1.529212 33.203518 -27.374243
v -1.387355 33.189194 -27.317818
v -1.328596 33.154610 -27.181599
v -1.387355 33.120029 -27.045382
v -1.529212 33.105709 -26.988955
v -1.671069 33.120029 -27.045382
v -1.729828 33.154610 -27.181599
v -1.732258 33.939724 -26.884136
v -1.673239 34.057316 -26.975100
v -1.530753 34.106018 -27.012779
v -1.388268 34.057316 -26.975100
v -1.329249 33.939724 -26.884136
v -1.388268 33.822132 -26.793175
v -1.530753 33.773430 -26.755497
v -1.673239 33.822132 -26.793175
v -1.721092 34.236187 -26.231735
v -1.662085 34.383701 -26.265936
v -1.519631 34.444801 -26.280102
v -1.377177 34.383701 -26.265936
v -1.318171 34.236187 -26.231735
v -1.377177 34.088669 -26.197540
v -1.519631 34.027569 -26.183372
v -1.662085 34.088669 -26.197540
vt 0.375000 0.312500
vt 0.406250 0.312500
vt 0.437500 0.312500
vt 0.468750 0.312500
vt 0.500000 0.312500
vt 0.531250 0.312500
vt 0.562500 0.312500
vt 0.593750 0.312500
vt 0.625000 0.312500
vt 0.375000 0.688440
vt 0.406250 0.688440
vt 0.437500 0.688440
vt 0.468750 0.688440
vt 0.500000 0.688440
vt 0.531250 0.688440
vt 0.562500 0.688440
vt 0.593750 0.688440
vt 0.625000 0.688440
vt 0.437500 0.500470
vt 0.406250 0.500470
vt 0.625000 0.500470
vt 0.375000 0.500470
vt 0.593750 0.500470
vt 0.562500 0.500470
vt 0.531250 0.500470
vt 0.500000 0.500470
vt 0.468750 0.500470
vt 0.468750 0.594455
vt 0.437500 0.594455
vt 0.406250 0.594455
vt 0.625000 0.594455
vt 0.375000 0.594455
vt 0.593750 0.594455
vt 0.562500 0.594455
vt 0.531250 0.594455
vt 0.500000 0.594455
vt 0.468750 0.641447
vt 0.437500 0.641447
vt 0.406250 0.641447
vt 0.625000 0.641447
vt 0.375000 0.641447
vt 0.593750 0.641447
vt 0.562500 0.641447
vt 0.531250 0.641447
vt 0.500000 0.641447
vn 0.377240 0.022450 -0.925843
vn 0.377240 0.022450 -0.925843
vn 0.377692 0.077235 -0.922704
vn 0.377698 0.072968 -0.923049
vn -0.376227 -0.003911 -0.926519
vn -0.376227 -0.003911 -0.926519
vn -0.377262 0.052232 -0.924632
vn -0.377266 0.052681 -0.924606
vn -0.919696 -0.027226 -0.391685
vn -0.919696 -0.027226 -0.391685
vn -0.920623 -0.003201 -0.390438
vn -0.920694 -0.000516 -0.390285
vn -0.922114 -0.032028 0.385590
vn -0.922114 -0.032028 0.385590
vn -0.921788 -0.045934 0.384965
vn -0.921714 -0.048313 0.384850
vn -0.376970 -0.014821 0.926107
vn -0.376970 -0.014821 0.926107
vn -0.376760 -0.051837 0.924859
vn -0.376707 -0.055849 0.924648
vn 0.375860 0.011991 0.926599
vn 0.375860 0.011991 0.926599
vn 0.376085 -0.030532 0.926082
vn 0.376087 -0.029491 0.926115
vn 0.919268 0.033183 0.392232
vn 0.919268 0.033183 0.392232
vn 0.920243 0.008357 0.391259
vn 0.920158 0.011275 0.391386
vn 0.922175 0.037518 -0.384949
vn 0.922175 0.037518 -0.384949
vn 0.921757 0.054935 -0.383858
vn 0.921826 0.052692 -0.384005
vn -0.400129 0.597566 -0.694846
vn -0.401718 0.619098 -0.674789
vn 0.400762 0.614028 -0.679970
vn 0.399475 0.596635 -0.696022
vn 0.930852 0.249238 -0.267200
vn 0.929556 0.231352 -0.287057
vn 0.933172 -0.255918 0.252382
vn 0.931769 -0.234671 0.277014
vn 0.404399 -0.618569 0.673672
vn 0.402611 -0.593119 0.697219
vn -0.401760 -0.592013 0.698648
vn -0.403169 -0.611942 0.680427
vn -0.929758 -0.230390 0.287175
vn -0.931090 -0.249310 0.266302
vn -0.931372 0.235234 -0.277869
vn -0.932747 0.255178 -0.254692
vn -0.927358 0.372230 -0.038114
vn -0.927371 0.372169 -0.038373
vn -0.391221 0.918757 -0.053216
vn -0.391266 0.918700 -0.053868
vn 0.390976 0.919655 -0.037045
vn 0.390987 0.919644 -0.037200
vn 0.926787 0.375586 0.000752
vn 0.926764 0.375644 0.001020
vn 0.927286 -0.372742 0.034716
vn 0.927270 -0.372806 0.034432
vn 0.390669 -0.919406 0.045503
vn 0.390628 -0.919452 0.044916
vn -0.390319 -0.920246 0.028256
vn -0.390329 -0.920237 0.028393
vn -0.926520 -0.376211 -0.005206
vn -0.926551 -0.376139 -0.004866
vn -0.926742 0.374688 -0.027517
vn -0.926742 0.374688 -0.027517
vn -0.388535 0.921256 -0.018125
vn -0.388535 0.921256 -0.018125
vn 0.387818 0.921736 0.000942
vn 0.387818 0.921736 0.000942
vn 0.925118 0.379248 0.018092
vn 0.925118 0.379248 0.018092
vn 0.926702 -0.374989 0.024645
vn 0.926702 -0.374989 0.024645
vn 0.388498 -0.921298 0.016731
vn 0.388498 -0.921298 0.016731
vn -0.387761 -0.921757 -0.002555
vn -0.387761 -0.921757 -0.002555
vn -0.924941 -0.379521 -0.021175
vn -0.924941 -0.379521 -0.021175
s 1
g group2 Maquina_impresion pCylinder20
usemtl initialShadingGroup
f 944/1441/2336 945/1442/2337 961/1460/2338 962/1462/2339
s 2
f 945/1442/2340 946/1443/2341 960/1459/2342 961/1460/2343
s 3
f 946/1443/2344 947/1444/2345 967/1467/2346 960/1459/2347
s 4
f 947/1444/2348 948/1445/2349 966/1466/2350 967/1467/2351
s 5
f 948/1445/2352 949/1446/2353 965/1465/2354 966/1466/2355
s 6
f 949/1446/2356 950/1447/2357 964/1464/2358 965/1465/2359
s 7
f 950/1447/2360 951/1448/2361 963/1463/2362 964/1464/2363
s 8
f 951/1448/2364 944/1449/2365 962/1461/2366 963/1463/2367
s 2
f 961/1460/2343 960/1459/2342 969/1469/2368 970/1470/2369
s 1
f 962/1462/2339 961/1460/2338 970/1470/2370 971/1472/2371
s 8
f 963/1463/2367 962/1461/2366 971/1471/2372 972/1473/2373
s 7
f 964/1464/2363 963/1463/2362 972/1473/2374 973/1474/2375
s 6
f 965/1465/2359 964/1464/2358 973/1474/2376 974/1475/2377
s 5
f 966/1466/2355 965/1465/2354 974/1475/2378 975/1476/2379
s 4
f 967/1467/2351 966/1466/2350 975/1476/2380 968/1468/2381
s 3
f 960/1459/2347 967/1467/2346 968/1468/2382 969/1469/2383
f 969/1469/2383 968/1468/2382 976/1477/2384 977/1478/2385
s 2
f 970/1470/2369 969/1469/2368 977/1478/2386 978/1479/2387
s 1
f 971/1472/2371 970/1470/2370 978/1479/2388 979/1481/2389
s 8
f 972/1473/2373 971/1471/2372 979/1480/2390 980/1482/2391
s 7
f 973/1474/2375 972/1473/2374 980/1482/2392 981/1483/2393
s 6
f 974/1475/2377 973/1474/2376 981/1483/2394 982/1484/2395
s 5
f 975/1476/2379 974/1475/2378 982/1484/2396 983/1485/2397
s 4
f 968/1468/2381 975/1476/2380 983/1485/2398 976/1477/2399
s 3
f 977/1478/2385 976/1477/2384 955/1453/2400 954/1452/2401
s 2
f 978/1479/2387 977/1478/2386 954/1452/2402 953/1451/2403
s 1
f 979/1481/2389 978/1479/2388 953/1451/2404 952/1450/2405
s 8
f 980/1482/2391 979/1480/2390 952/1458/2406 959/1457/2407
s 7
f 981/1483/2393 980/1482/2392 959/1457/2408 958/1456/2409
s 6
f 982/1484/2395 981/1483/2394 958/1456/2410 957/1455/2411
s 5
f 983/1485/2397 982/1484/2396 957/1455/2412 956/1454/2413
s 4
f 976/1477/2399 983/1485/2398 956/1454/2414 955/1453/2415
g default
v -14.288890 27.886446 -18.416517
v -14.180347 27.886446 -18.416517
v -14.288890 37.697155 -18.416517
v -14.180347 37.697155 -18.416517
v -14.288890 37.697155 -27.986866
v -14.180347 37.697155 -27.986866
v -14.288890 27.886446 -27.986866
v -14.180347 27.886446 -27.986866
vt 0.375000 0.000000
vt 0.625000 0.000000
vt 0.375000 0.250000
vt 0.625000 0.250000
vt 0.875000 0.000000
vt 0.875000 0.250000
vt 0.125000 0.000000
vt 0.125000 0.250000
vn 1.000000 0.000000 0.000000
vn 1.000000 0.000000 0.000000
vn 1.000000 0.000000 0.000000
vn 1.000000 0.000000 0.000000
vn -1.000000 0.000000 0.000000
vn -1.000000 0.000000 0.000000
vn -1.000000 0.000000 0.000000
vn -1.000000 0.000000 0.000000
s off
g group2 Maquina_impresion pCube15
usemtl initialShadingGroup
f 985/1487/2416 991/1490/2417 989/1491/2418 987/1489/2419
f 990/1492/2420 984/1486/2421 986/1488/2422 988/1493/2423
g default
v 0.076810 36.415920 -21.805212
v 0.029339 36.415920 -21.770723
v -0.029339 36.415920 -21.770723
v -0.076810 36.415920 -21.805212
v -0.094943 36.415920 -21.861019
v -0.076810 36.415920 -21.916824
v -0.029339 36.415920 -21.951313
v 0.029339 36.415920 -21.951313
v 0.076810 36.415920 -21.916824
v 0.094943 36.415920 -21.861019
v 0.076810 34.294582 -21.805212
v 0.029339 34.294582 -21.770723
v -0.029339 34.294582 -21.770723
v -0.076810 34.294582 -21.805212
v -0.094943 34.294582 -21.861019
v -0.076810 34.294582 -21.916824
v -0.029339 34.294582 -21.951313
v 0.029339 34.294582 -21.951313
v 0.076810 34.294582 -21.916824
v 0.094943 34.294582 -21.861019
vt 0.375000 0.312500
vt 0.400000 0.312500
vt 0.425000 0.312500
vt 0.450000 0.312500
vt 0.475000 0.312500
vt 0.500000 0.312500
vt 0.525000 0.312500
vt 0.550000 0.312500
vt 0.575000 0.312500
vt 0.600000 0.312500
vt 0.625000 0.312500
vt 0.375000 0.688440
vt 0.400000 0.688440
vt 0.425000 0.688440
vt 0.450000 0.688440
vt 0.475000 0.688440
vt 0.500000 0.688440
vt 0.525000 0.688440
vt 0.550000 0.688440
vt 0.575000 0.688440
vt 0.600000 0.688440
vt 0.625000 0.688440
vn 0.587771 0.000000 0.809028
vn 0.587771 0.000000 0.809028
vn 0.587771 0.000000 0.809028
vn 0.587771 0.000000 0.809028
vn 0.000000 0.000000 1.000000
vn 0.000000 0.000000 1.000000
vn 0.000000 0.000000 1.000000
vn 0.000000 0.000000 1.000000
vn -0.587771 0.000000 0.809028
vn -0.587771 0.000000 0.809028
vn -0.587771 0.000000 0.809028
vn -0.587771 0.000000 0.809028
vn -0.951058 0.000000 0.309012
vn -0.951058 0.000000 0.309012
vn -0.951058 0.000000 0.309012
vn -0.951058 0.000000 0.309012
vn -0.951055 0.000000 -0.309021
vn -0.951055 0.000000 -0.309021
vn -0.951055 0.000000 -0.309021
vn -0.951055 0.000000 -0.309021
vn -0.587771 0.000000 -0.809028
vn -0.587771 0.000000 -0.809028
vn -0.587771 0.000000 -0.809028
vn -0.587771 0.000000 -0.809028
vn 0.000000 0.000000 -1.000000
vn 0.000000 0.000000 -1.000000
vn 0.000000 0.000000 -1.000000
vn 0.000000 0.000000 -1.000000
vn 0.587771 0.000000 -0.809028
vn 0.587771 0.000000 -0.809028
vn 0.587771 0.000000 -0.809028
vn 0.587771 0.000000 -0.809028
vn 0.951055 0.000000 -0.309021
vn 0.951055 0.000000 -0.309021
vn 0.951055 0.000000 -0.309021
vn 0.951055 0.000000 -0.309021
vn 0.951058 0.000000 0.309012
vn 0.951058 0.000000 0.309012
vn 0.951058 0.000000 0.309012
vn 0.951058 0.000000 0.309012
s off
g group2 Maquina_impresion pCylinder16
usemtl initialShadingGroup
f 992/1494/2424 993/1495/2425 1003/1506/2426 1002/1505/2427
f 993/1495/2428 994/1496/2429 1004/1507/2430 1003/1506/2431
f 994/1496/2432 995/1497/2433 1005/1508/2434 1004/1507/2435
f 995/1497/2436 996/1498/2437 1006/1509/2438 1005/1508/2439
f 996/1498/2440 997/1499/2441 1007/1510/2442 1006/1509/2443
f 997/1499/2444 998/1500/2445 1008/1511/2446 1007/1510/2447
f 998/1500/2448 999/1501/2449 1009/1512/2450 1008/1511/2451
f 999/1501/2452 1000/1502/2453 1010/1513/2454 1009/1512/2455
f 1000/1502/2456 1001/1503/2457 1011/1514/2458 1010/1513/2459
f 1001/1503/2460 992/1504/2461 1002/1515/2462 1011/1514/2463
g default
v -5.112965 22.761738 -16.124847
v 5.360966 22.761738 -16.124847
v -5.112965 27.107878 -17.456322
v 5.360966 27.107878 -17.456322
v -5.112965 27.107878 -18.192760
v 5.360966 27.107878 -18.192760
v -5.112965 22.761738 -18.192760
v 5.360966 22.761738 -18.192760
v 5.360966 23.638325 -16.124847
v -5.112965 23.638325 -16.124847
v -5.112965 23.638325 -18.192760
v 5.360966 23.638325 -18.192760
vt 0.375000 0.000000
vt 0.625000 0.000000
vt 0.375000 0.250000
vt 0.625000 0.250000
vt 0.375000 0.500000
vt 0.625000 0.500000
vt 0.375000 0.750000
vt 0.625000 0.750000
vt 0.375000 1.000000
vt 0.625000 1.000000
vt 0.875000 0.000000
vt 0.875000 0.250000
vt 0.125000 0.000000
vt 0.125000 0.250000
vt 0.625000 0.034000
vt 0.375000 0.034000
vt 0.125000 0.034000
vt 0.375000 0.716000
vt 0.625000 0.716000
vt 0.875000 0.034000
vn 0.000000 0.000000 1.000000
vn 0.000000 0.000000 1.000000
vn 0.000000 0.292920 0.956137
vn 0.000000 0.292920 0.956137
vn 0.000000 1.000000 0.000000
vn 0.000000 1.000000 0.000000
vn 0.000000 1.000000 0.000000
vn 0.000000 1.000000 0.000000
vn 0.000000 0.000000 -1.000000
vn 0.000000 0.000000 -1.000000
vn 0.000000 0.000000 -1.000000
vn 0.000000 0.000000 -1.000000
vn 0.000000 -1.000000 0.000000
vn 0.000000 -1.000000 0.000000
vn 0.000000 -1.000000 0.000000
vn 0.000000 -1.000000 0.000000
vn 1.000000 0.000000 0.000000
vn 1.000000 0.000000 0.000000
vn 1.000000 0.000000 0.000000
vn 1.000000 0.000000 0.000000
vn -1.000000 0.000000 0.000000
vn -1.000000 0.000000 0.000000
vn -1.000000 -0.000000 0.000000
vn -1.000000 -0.000000 0.000000
vn 0.000000 0.358283 0.933613
vn 0.000000 0.358283 0.933613
vn -1.000000 -0.000000 0.000000
vn -1.000000 -0.000000 0.000000
vn 0.000000 0.000000 -1.000000
vn 0.000000 0.000000 -1.000000
vn 1.000000 0.000000 0.000000
vn 1.000000 0.000000 0.000000
s 1
g group2 Maquina_impresion pCube11
usemtl initialShadingGroup
f 1012/1516/2464 1013/1517/2465 1020/1530/2466 1021/1531/2467
s off
f 1014/1518/2468 1015/1519/2469 1017/1521/2470 1016/1520/2471
s 2
f 1022/1533/2472 1023/1534/2473 1019/1523/2474 1018/1522/2475
s off
f 1018/1522/2476 1019/1523/2477 1013/1525/2478 1012/1524/2479
s 3
f 1013/1517/2480 1019/1526/2481 1023/1535/2482 1020/1530/2483
s 4
f 1018/1528/2484 1012/1516/2485 1021/1531/2486 1022/1532/2487
s 1
f 1021/1531/2467 1020/1530/2466 1015/1519/2488 1014/1518/2489
s 4
f 1022/1532/2487 1021/1531/2486 1014/1518/2490 1016/1529/2491
s 2
f 1016/1520/2492 1017/1521/2493 1023/1534/2473 1022/1533/2472
s 3
f 1020/1530/2483 1023/1535/2482 1017/1527/2494 1015/1519/2495
g default
v -4.446231 36.362370 -27.685650
v -4.476686 36.384499 -27.685650
v -4.514329 36.384499 -27.685650
v -4.544784 36.362370 -27.685650
v -4.556417 36.326569 -27.685650
v -4.544784 36.290768 -27.685648
v -4.514330 36.268642 -27.685648
v -4.476686 36.268642 -27.685648
v -4.446231 36.290768 -27.685648
v -4.434599 36.326569 -27.685650
v -4.446231 36.362370 -22.820890
v -4.476686 36.384499 -22.820890
v -4.514329 36.384499 -22.820890
v -4.544784 36.362370 -22.820890
v -4.556417 36.326569 -22.820889
v -4.544784 36.290768 -22.820889
v -4.514330 36.268642 -22.820889
v -4.476686 36.268642 -22.820889
v -4.446231 36.290768 -22.820889
v -4.434599 36.326569 -22.820889
vt 0.375000 0.312500
vt 0.400000 0.312500
vt 0.425000 0.312500
vt 0.450000 0.312500
vt 0.475000 0.312500
vt 0.500000 0.312500
vt 0.525000 0.312500
vt 0.550000 0.312500
vt 0.575000 0.312500
vt 0.600000 0.312500
vt 0.625000 0.312500
vt 0.375000 0.688440
vt 0.400000 0.688440
vt 0.425000 0.688440
vt 0.450000 0.688440
vt 0.475000 0.688440
vt 0.500000 0.688440
vt 0.525000 0.688440
vt 0.550000 0.688440
vt 0.575000 0.688440
vt 0.600000 0.688440
vt 0.625000 0.688440
vn 0.587836 0.808980 0.000000
vn 0.587836 0.808980 0.000000
vn 0.587836 0.808980 0.000000
vn 0.587836 0.808980 0.000000
vn 0.000000 1.000000 0.000000
vn 0.000000 1.000000 0.000000
vn 0.000000 1.000000 0.000000
vn 0.000000 1.000000 0.000000
vn -0.587826 0.808987 0.000000
vn -0.587826 0.808987 0.000000
vn -0.587826 0.808987 0.000000
vn -0.587826 0.808987 0.000000
vn -0.951059 0.309008 0.000000
vn -0.951059 0.309008 0.000000
vn -0.951059 0.309008 0.000000
vn -0.951059 0.309008 0.000000
vn -0.951059 -0.309008 0.000000
vn -0.951059 -0.309008 0.000000
vn -0.951059 -0.309008 0.000000
vn -0.951059 -0.309008 0.000000
vn -0.587765 -0.809032 0.000000
vn -0.587765 -0.809032 0.000000
vn -0.587765 -0.809032 0.000000
vn -0.587765 -0.809032 0.000000
vn 0.000000 -1.000000 0.000000
vn 0.000000 -1.000000 0.000000
vn 0.000000 -1.000000 0.000000
vn 0.000000 -1.000000 0.000000
vn 0.587770 -0.809028 0.000000
vn 0.587770 -0.809028 0.000000
vn 0.587770 -0.809028 0.000000
vn 0.587770 -0.809028 0.000000
vn 0.951056 -0.309018 0.000000
vn 0.951056 -0.309018 0.000000
vn 0.951056 -0.309018 0.000000
vn 0.951056 -0.309018 0.000000
vn 0.951056 0.309018 0.000000
vn 0.951056 0.309018 0.000000
vn 0.951056 0.309018 0.000000
vn 0.951056 0.309018 0.000000
s off
g group2 Maquina_impresion pCylinder13
usemtl initialShadingGroup
f 1024/1536/2496 1025/1537/2497 1035/1548/2498 1034/1547/2499
f 1025/1537/2500 1026/1538/2501 1036/1549/2502 1035/1548/2503
f 1026/1538/2504 1027/1539/2505 1037/1550/2506 1036/1549/2507
f 1027/1539/2508 1028/1540/2509 1038/1551/2510 1037/1550/2511
f 1028/1540/2512 1029/1541/2513 1039/1552/2514 1038/1551/2515
f 1029/1541/2516 1030/1542/2517 1040/1553/2518 1039/1552/2519
f 1030/1542/2520 1031/1543/2521 1041/1554/2522 1040/1553/2523
f 1031/1543/2524 1032/1544/2525 1042/1555/2526 1041/1554/2527
f 1032/1544/2528 1033/1545/2529 1043/1556/2530 1042/1555/2531
f 1033/1545/2532 1024/1546/2533 1034/1557/2534 1043/1556/2535
g default
v -1.287714 34.001781 -18.467911
v -1.501121 33.816864 -18.467911
v -1.780627 33.776676 -18.467911
v -2.037488 33.893986 -18.467909
v -2.190154 34.131535 -18.467911
v -2.190154 34.413914 -18.467909
v -2.037488 34.651463 -18.467911
v -1.780627 34.768772 -18.467909
v -1.501121 34.728584 -18.467909
v -1.287714 34.543667 -18.467911
v -1.208158 34.272724 -18.467911
v -1.426495 34.093174 -19.206495
v -1.567919 33.970627 -19.206495
v -1.753146 33.943996 -19.206495
v -1.923367 34.021736 -19.206495
v -2.024538 34.179157 -19.206495
v -2.024538 34.366287 -19.206495
v -1.923367 34.523712 -19.206495
v -1.753146 34.601452 -19.206495
v -1.567919 34.574821 -19.206495
v -1.426495 34.452274 -19.206495
v -1.373774 34.272724 -19.206495
v -1.474116 34.123775 -19.206495
v -1.591435 34.022121 -19.206495
v -1.745090 34.000027 -19.206495
v -1.886297 34.064514 -19.206495
v -1.970223 34.195110 -19.206495
v -1.970223 34.350338 -19.206495
v -1.886297 34.480934 -19.206495
v -1.745090 34.545422 -19.206495
v -1.591435 34.523327 -19.206495
v -1.474117 34.421673 -19.206495
v -1.430382 34.272724 -19.206495
v -1.474118 34.123779 -19.048046
v -1.591436 34.022121 -19.048046
v -1.745090 34.000023 -19.048046
v -1.886297 34.064514 -19.048046
v -1.970223 34.195110 -19.048046
v -1.970223 34.350338 -19.048046
v -1.886295 34.480930 -19.048046
v -1.745088 34.545422 -19.048046
v -1.591435 34.523335 -19.048046
v -1.474117 34.421673 -19.048046
v -1.430382 34.272724 -19.048046
v -1.923367 34.523712 -18.710922
v -2.024538 34.366287 -18.710922
v -2.024538 34.179157 -18.710922
v -1.923367 34.021736 -18.710922
v -1.753146 33.943996 -18.710922
v -1.567919 33.970627 -18.710922
v -1.426495 34.093174 -18.710922
v -1.373774 34.272724 -18.710922
v -1.426495 34.452274 -18.710922
v -1.567919 34.574818 -18.710922
v -1.753146 34.601452 -18.710922
v -1.952796 34.556656 -18.574671
v -2.067246 34.378571 -18.574671
v -2.067246 34.166878 -18.574671
v -1.952796 33.988789 -18.574671
v -1.760233 33.900848 -18.574671
v -1.550694 33.930977 -18.574671
v -1.390707 34.069603 -18.574671
v -1.331066 34.272724 -18.574671
v -1.390707 34.475842 -18.574671
v -1.550694 34.614471 -18.574671
v -1.760233 34.644600 -18.574671
vt 0.375000 0.312500
vt 0.397727 0.312500
vt 0.420455 0.312500
vt 0.443182 0.312500
vt 0.465909 0.312500
vt 0.488636 0.312500
vt 0.511364 0.312500
vt 0.534091 0.312500
vt 0.556818 0.312500
vt 0.579545 0.312500
vt 0.602273 0.312500
vt 0.625000 0.312500
vt 0.375000 0.688440
vt 0.397727 0.688440
vt 0.420455 0.688440
vt 0.443182 0.688440
vt 0.465909 0.688440
vt 0.488636 0.688440
vt 0.511364 0.688440
vt 0.534091 0.688440
vt 0.556818 0.688440
vt 0.579545 0.688440
vt 0.602273 0.688440
vt 0.625000 0.688440
vt 0.000000 0.000000
vt 1.000000 0.000000
vt 1.000000 1.000000
vt 0.000000 1.000000
vt 0.000000 0.000000
vt 1.000000 0.000000
vt 1.000000 1.000000
vt 0.000000 1.000000
vt 0.000000 0.000000
vt 1.000000 0.000000
vt 1.000000 1.000000
vt 0.000000 1.000000
vt 0.000000 0.000000
vt 1.000000 0.000000
vt 1.000000 1.000000
vt 0.000000 1.000000
vt 0.000000 0.000000
vt 1.000000 0.000000
vt 1.000000 1.000000
vt 0.000000 1.000000
vt 0.000000 0.000000
vt 1.000000 0.000000
vt 1.000000 1.000000
vt 0.000000 1.000000
vt 0.000000 0.000000
vt 1.000000 0.000000
vt 1.000000 1.000000
vt 0.000000 1.000000
vt 0.000000 0.000000
vt 1.000000 0.000000
vt 1.000000 1.000000
vt 0.000000 1.000000
vt 0.000000 0.000000
vt 1.000000 0.000000
vt 1.000000 1.000000
vt 0.000000 1.000000
vt 0.000000 0.000000
vt 1.000000 0.000000
vt 1.000000 1.000000
vt 0.000000 1.000000
vt 0.000000 0.000000
vt 1.000000 0.000000
vt 1.000000 1.000000
vt 0.000000 1.000000
vt 0.000000 0.000000
vt 1.000000 0.000000
vt 1.000000 1.000000
vt 0.000000 1.000000
vt 0.000000 0.000000
vt 1.000000 0.000000
vt 1.000000 1.000000
vt 0.000000 1.000000
vt 0.000000 0.000000
vt 1.000000 0.000000
vt 1.000000 1.000000
vt 0.000000 1.000000
vt 0.000000 0.000000
vt 1.000000 0.000000
vt 1.000000 1.000000
vt 0.000000 1.000000
vt 0.000000 0.000000
vt 1.000000 0.000000
vt 1.000000 1.000000
vt 0.000000 1.000000
vt 0.000000 0.000000
vt 1.000000 0.000000
vt 1.000000 1.000000
vt 0.000000 1.000000
vt 0.000000 0.000000
vt 1.000000 0.000000
vt 1.000000 1.000000
vt 0.000000 1.000000
vt 0.000000 0.000000
vt 1.000000 0.000000
vt 1.000000 1.000000
vt 0.000000 1.000000
vt 0.000000 0.000000
vt 1.000000 0.000000
vt 1.000000 1.000000
vt 0.000000 1.000000
vt 0.000000 0.000000
vt 1.000000 0.000000
vt 1.000000 1.000000
vt 0.000000 1.000000
vt 0.000000 0.000000
vt 1.000000 0.000000
vt 1.000000 1.000000
vt 0.000000 1.000000
vt 0.511364 0.563127
vt 0.488636 0.563127
vt 0.465909 0.563127
vt 0.443182 0.563127
vt 0.420455 0.563127
vt 0.397727 0.563127
vt 0.625000 0.563127
vt 0.375000 0.563127
vt 0.602273 0.563127
vt 0.579545 0.563127
vt 0.556818 0.563127
vt 0.534091 0.563127
vt 0.511364 0.437813
vt 0.488636 0.437813
vt 0.465909 0.437813
vt 0.443182 0.437813
vt 0.420455 0.437813
vt 0.397727 0.437813
vt 0.625000 0.437813
vt 0.375000 0.437813
vt 0.602273 0.437813
vt 0.579545 0.437813
vt 0.556818 0.437813
vt 0.534091 0.437813
vn 0.437920 -0.505394 -0.743507
vn 0.437920 -0.505394 -0.743507
vn 0.526206 -0.607282 -0.595244
vn 0.527172 -0.608397 -0.593248
vn 0.094593 -0.657898 -0.747143
vn 0.094593 -0.657898 -0.747143
vn 0.113886 -0.792095 -0.599679
vn 0.114163 -0.794021 -0.597074
vn -0.274311 -0.600644 -0.750986
vn -0.274311 -0.600644 -0.750987
vn -0.331092 -0.724976 -0.603977
vn -0.331840 -0.726613 -0.601594
vn -0.552696 -0.355207 -0.753893
vn -0.552696 -0.355207 -0.753893
vn -0.668643 -0.429721 -0.606841
vn -0.669547 -0.430303 -0.605430
vn -0.655776 0.000003 -0.754956
vn -0.655776 0.000003 -0.754956
vn -0.794424 0.000002 -0.607364
vn -0.794425 0.000002 -0.607362
vn -0.552693 0.355202 -0.753898
vn -0.552693 0.355202 -0.753898
vn -0.669548 0.430300 -0.605432
vn -0.668643 0.429719 -0.606843
vn -0.274307 0.600632 -0.750997
vn -0.274307 0.600632 -0.750997
vn -0.331841 0.726611 -0.601597
vn -0.331094 0.724974 -0.603978
vn 0.094592 0.657904 -0.747138
vn 0.094592 0.657904 -0.747138
vn 0.114166 0.794027 -0.597066
vn 0.113889 0.792101 -0.599671
vn 0.437914 0.505386 -0.743517
vn 0.437914 0.505385 -0.743517
vn 0.527168 0.608389 -0.593260
vn 0.526201 0.607273 -0.595258
vn 0.643940 0.189079 -0.741343
vn 0.643940 0.189079 -0.741343
vn 0.773696 0.227180 -0.591426
vn 0.773170 0.227025 -0.592172
vn 0.643936 -0.189076 -0.741348
vn 0.643936 -0.189076 -0.741348
vn 0.773167 -0.227022 -0.592177
vn 0.773694 -0.227177 -0.591429
vn 0.000000 0.000000 -1.000000
vn -0.000003 0.000000 -1.000000
vn -0.000003 0.000000 -1.000000
vn 0.000000 0.000000 -1.000000
vn -0.000003 0.000000 -1.000000
vn -0.000003 0.000000 -1.000000
vn -0.000003 0.000000 -1.000000
vn -0.000003 0.000000 -1.000000
vn -0.000003 0.000000 -1.000000
vn -0.000003 0.000000 -1.000000
vn -0.000003 0.000000 -1.000000
vn -0.000003 0.000000 -1.000000
vn -0.000006 0.000000 -1.000000
vn -0.000006 0.000000 -1.000000
vn -0.000003 0.000000 -1.000000
vn -0.000003 0.000000 -1.000000
vn -0.000003 0.000000 -1.000000
vn -0.000003 0.000000 -1.000000
vn -0.000003 0.000000 -1.000000
vn -0.000003 0.000000 -1.000000
vn 0.000000 0.000000 -1.000000
vn 0.000000 0.000000 -1.000000
vn -0.654857 0.755753 -0.000025
vn -0.654857 0.755753 -0.000025
vn -0.654857 0.755753 -0.000025
vn -0.654857 0.755753 -0.000025
vn -0.142343 0.989817 0.000009
vn -0.142343 0.989817 0.000009
vn -0.142343 0.989817 0.000009
vn -0.142343 0.989817 0.000009
vn 0.415428 0.909626 0.000019
vn 0.415428 0.909626 0.000019
vn 0.415428 0.909626 0.000019
vn 0.415428 0.909626 0.000019
vn 0.841261 0.540629 0.000000
vn 0.841261 0.540629 0.000000
vn 0.841261 0.540629 0.000000
vn 0.841261 0.540629 0.000000
vn 1.000000 0.000000 -0.000004
vn 1.000000 0.000000 -0.000004
vn 1.000000 0.000000 -0.000004
vn 1.000000 0.000000 -0.000004
vn 0.841257 -0.540636 -0.000011
vn 0.841257 -0.540636 -0.000011
vn 0.841257 -0.540636 -0.000011
vn 0.841257 -0.540636 -0.000011
vn 0.415426 -0.909627 -0.000006
vn 0.415426 -0.909627 -0.000006
vn 0.415426 -0.909627 -0.000006
vn 0.415426 -0.909627 -0.000006
vn -0.142307 -0.989823 0.000012
vn -0.142307 -0.989823 0.000012
vn -0.142307 -0.989823 0.000012
vn -0.142307 -0.989823 0.000012
vn -0.654864 -0.755747 -0.000005
vn -0.654864 -0.755747 -0.000005
vn -0.654864 -0.755747 -0.000005
vn -0.654864 -0.755747 -0.000005
vn -0.959493 -0.281732 -0.000003
vn -0.959493 -0.281732 -0.000003
vn -0.959493 -0.281732 -0.000003
vn -0.959493 -0.281732 -0.000003
vn -0.959492 0.281735 -0.000005
vn -0.959492 0.281735 -0.000005
vn -0.959492 0.281735 -0.000005
vn -0.959492 0.281735 -0.000005
vn -0.838967 0.539174 -0.073660
vn -0.838981 0.539183 -0.073437
vn -0.841253 0.540642 0.000000
vn -0.841253 0.540642 0.000000
vn -0.997274 0.000000 -0.073786
vn -0.997274 0.000000 -0.073787
vn -1.000000 0.000000 0.000000
vn -1.000000 0.000000 0.000000
vn -0.838975 -0.539191 -0.073438
vn -0.838962 -0.539182 -0.073662
vn -0.841246 -0.540652 0.000000
vn -0.841246 -0.540652 0.000000
vn -0.414325 -0.907219 -0.072720
vn -0.414314 -0.907194 -0.073093
vn -0.415426 -0.909627 0.000000
vn -0.415426 -0.909627 0.000000
vn 0.141942 -0.987263 -0.071861
vn 0.141938 -0.987234 -0.072264
vn 0.142309 -0.989822 0.000000
vn 0.142309 -0.989822 0.000000
vn 0.653206 -0.753832 -0.071132
vn 0.653192 -0.753815 -0.071437
vn 0.654868 -0.755743 0.000000
vn 0.654868 -0.755743 0.000000
vn 0.957087 -0.281026 -0.070769
vn 0.957079 -0.281024 -0.070883
vn 0.959493 -0.281733 0.000000
vn 0.959493 -0.281733 0.000000
vn 0.957079 0.281026 -0.070881
vn 0.957087 0.281028 -0.070768
vn 0.959493 0.281734 0.000000
vn 0.959493 0.281734 0.000000
vn 0.653188 0.753818 -0.071438
vn 0.653203 0.753834 -0.071133
vn 0.654862 0.755749 0.000005
vn 0.654862 0.755748 0.000005
vn 0.141947 0.987233 -0.072261
vn 0.141952 0.987262 -0.071859
vn 0.142319 0.989821 0.000000
vn 0.142319 0.989821 0.000000
vn -0.414314 0.907195 -0.073087
vn -0.414326 0.907219 -0.072713
vn -0.415426 0.909627 0.000000
vn -0.415426 0.909627 0.000000
s 1
g group2 Maquina_impresion pCylinder19
usemtl initialShadingGroup
f 1044/1558/2536 1045/1559/2537 1104/1687/2538 1105/1689/2539
s 2
f 1045/1559/2540 1046/1560/2541 1103/1686/2542 1104/1687/2543
s 3
f 1046/1560/2544 1047/1561/2545 1102/1685/2546 1103/1686/2547
s 4
f 1047/1561/2548 1048/1562/2549 1101/1684/2550 1102/1685/2551
s 5
f 1048/1562/2552 1049/1563/2553 1100/1683/2554 1101/1684/2555
s 6
f 1049/1563/2556 1050/1564/2557 1099/1682/2558 1100/1683/2559
s 7
f 1050/1564/2560 1051/1565/2561 1109/1693/2562 1099/1682/2563
s 8
f 1051/1565/2564 1052/1566/2565 1108/1692/2566 1109/1693/2567
s 9
f 1052/1566/2568 1053/1567/2569 1107/1691/2570 1108/1692/2571
s 10
f 1053/1567/2572 1054/1568/2573 1106/1690/2574 1107/1691/2575
s 11
f 1054/1568/2576 1044/1569/2577 1105/1688/2578 1106/1690/2579
s 12
f 1055/1582/2580 1056/1583/2581 1067/1584/2582 1066/1585/2583
f 1056/1586/2581 1057/1587/2584 1068/1588/2585 1067/1589/2582
f 1057/1590/2584 1058/1591/2586 1069/1592/2587 1068/1593/2585
f 1058/1594/2586 1059/1595/2588 1070/1596/2589 1069/1597/2587
f 1059/1598/2588 1060/1599/2590 1071/1600/2591 1070/1601/2589
f 1060/1602/2590 1061/1603/2592 1072/1604/2593 1071/1605/2591
f 1061/1606/2592 1062/1607/2594 1073/1608/2595 1072/1609/2593
f 1062/1610/2594 1063/1611/2596 1074/1612/2597 1073/1613/2595
f 1063/1614/2596 1064/1615/2598 1075/1616/2599 1074/1617/2597
f 1064/1618/2598 1065/1619/2600 1076/1620/2601 1075/1621/2599
f 1065/1622/2600 1055/1623/2580 1066/1624/2583 1076/1625/2601
s off
f 1066/1626/2602 1067/1627/2603 1078/1628/2604 1077/1629/2605
f 1067/1630/2606 1068/1631/2607 1079/1632/2608 1078/1633/2609
f 1068/1634/2610 1069/1635/2611 1080/1636/2612 1079/1637/2613
f 1069/1638/2614 1070/1639/2615 1081/1640/2616 1080/1641/2617
f 1070/1642/2618 1071/1643/2619 1082/1644/2620 1081/1645/2621
f 1071/1646/2622 1072/1647/2623 1083/1648/2624 1082/1649/2625
f 1072/1650/2626 1073/1651/2627 1084/1652/2628 1083/1653/2629
f 1073/1654/2630 1074/1655/2631 1085/1656/2632 1084/1657/2633
f 1074/1658/2634 1075/1659/2635 1086/1660/2636 1085/1661/2637
f 1075/1662/2638 1076/1663/2639 1087/1664/2640 1086/1665/2641
f 1076/1666/2642 1066/1667/2643 1077/1668/2644 1087/1669/2645
s 6
f 1089/1671/2646 1088/1670/2647 1061/1576/2648 1060/1575/2649
s 5
f 1090/1672/2650 1089/1671/2651 1060/1575/2652 1059/1574/2653
s 4
f 1091/1673/2654 1090/1672/2655 1059/1574/2656 1058/1573/2657
s 3
f 1092/1674/2658 1091/1673/2659 1058/1573/2660 1057/1572/2661
s 2
f 1093/1675/2662 1092/1674/2663 1057/1572/2664 1056/1571/2665
s 1
f 1094/1677/2666 1093/1675/2667 1056/1571/2668 1055/1570/2669
s 11
f 1095/1678/2670 1094/1676/2671 1055/1581/2672 1065/1580/2673
s 10
f 1096/1679/2674 1095/1678/2675 1065/1580/2676 1064/1579/2677
s 9
f 1097/1680/2678 1096/1679/2679 1064/1579/2680 1063/1578/2681
s 8
f 1098/1681/2682 1097/1680/2683 1063/1578/2684 1062/1577/2685
s 7
f 1088/1670/2686 1098/1681/2687 1062/1577/2688 1061/1576/2689
s 6
f 1100/1683/2559 1099/1682/2558 1088/1670/2647 1089/1671/2646
s 5
f 1101/1684/2555 1100/1683/2554 1089/1671/2651 1090/1672/2650
s 4
f 1102/1685/2551 1101/1684/2550 1090/1672/2655 1091/1673/2654
s 3
f 1103/1686/2547 1102/1685/2546 1091/1673/2659 1092/1674/2658
s 2
f 1104/1687/2543 1103/1686/2542 1092/1674/2663 1093/1675/2662
s 1
f 1105/1689/2539 1104/1687/2538 1093/1675/2667 1094/1677/2666
s 11
f 1106/1690/2579 1105/1688/2578 1094/1676/2671 1095/1678/2670
s 10
f 1107/1691/2575 1106/1690/2574 1095/1678/2675 1096/1679/2674
s 9
f 1108/1692/2571 1107/1691/2570 1096/1679/2679 1097/1680/2678
s 8
f 1109/1693/2567 1108/1692/2566 1097/1680/2683 1098/1681/2682
s 7
f 1099/1682/2563 1109/1693/2562 1098/1681/2687 1088/1670/2686
g default
v -3.808080 24.721525 -16.546627
v -3.869314 24.734549 -16.551701
v -3.918421 24.698059 -16.537485
v -3.918421 24.639534 -16.514685
v -3.869314 24.603045 -16.500471
v -3.808080 24.616068 -16.505543
v -3.780828 24.668797 -16.526085
v -3.808080 24.767275 -16.429193
v -3.869314 24.780298 -16.434265
v -3.918421 24.743809 -16.420052
v -3.918421 24.685284 -16.397251
v -3.869314 24.648794 -16.383036
v -3.808080 24.661818 -16.388109
v -3.780828 24.714546 -16.408651
vt 0.375000 0.312500
vt 0.410714 0.312500
vt 0.446429 0.312500
vt 0.482143 0.312500
vt 0.517857 0.312500
vt 0.553571 0.312500
vt 0.589286 0.312500
vt 0.625000 0.312500
vt 0.375000 0.688440
vt 0.410714 0.688440
vt 0.446429 0.688440
vt 0.482143 0.688440
vt 0.517857 0.688440
vt 0.553571 0.688440
vt 0.589286 0.688440
vt 0.625000 0.688440
vn 0.222519 0.908428 -0.353897
vn 0.222519 0.908428 -0.353897
vn 0.222519 0.908428 -0.353897
vn 0.222519 0.908428 -0.353897
vn -0.623489 0.728501 -0.283809
vn -0.623489 0.728501 -0.283809
vn -0.623489 0.728501 -0.283809
vn -0.623489 0.728501 -0.283809
vn -1.000000 0.000000 0.000000
vn -1.000000 0.000000 0.000000
vn -1.000000 0.000000 0.000000
vn -1.000000 0.000000 0.000000
vn -0.623475 -0.728512 0.283813
vn -0.623475 -0.728512 0.283813
vn -0.623475 -0.728512 0.283813
vn -0.623475 -0.728512 0.283813
vn 0.222526 -0.908427 0.353897
vn 0.222526 -0.908427 0.353897
vn 0.222526 -0.908427 0.353897
vn 0.222526 -0.908427 0.353897
vn 0.900970 -0.404286 0.157501
vn 0.900970 -0.404286 0.157501
vn 0.900970 -0.404286 0.157501
vn 0.900970 -0.404286 0.157501
vn 0.900970 0.404286 -0.157501
vn 0.900970 0.404286 -0.157501
vn 0.900970 0.404286 -0.157501
vn 0.900970 0.404286 -0.157501
s off
g group2 Maquina_impresion pCylinder8
usemtl initialShadingGroup
f 1110/1694/2690 1111/1695/2691 1118/1703/2692 1117/1702/2693
f 1111/1695/2694 1112/1696/2695 1119/1704/2696 1118/1703/2697
f 1112/1696/2698 1113/1697/2699 1120/1705/2700 1119/1704/2701
f 1113/1697/2702 1114/1698/2703 1121/1706/2704 1120/1705/2705
f 1114/1698/2706 1115/1699/2707 1122/1707/2708 1121/1706/2709
f 1115/1699/2710 1116/1700/2711 1123/1708/2712 1122/1707/2713
f 1116/1700/2714 1110/1701/2715 1117/1709/2716 1123/1708/2717
g default
v 0.076810 33.379810 -21.805212
v 0.029339 33.379810 -21.770723
v -0.029339 33.379810 -21.770723
v -0.076810 33.379810 -21.805212
v -0.094943 33.379810 -21.861019
v -0.076810 33.379810 -21.916824
v -0.029339 33.379810 -21.951313
v 0.029339 33.379810 -21.951313
v 0.076810 33.379810 -21.916824
v 0.094943 33.379810 -21.861019
v 0.006930 32.859894 -21.855984
v 0.002647 32.859894 -21.852873
v -0.002647 32.859894 -21.852873
v -0.006930 32.859894 -21.855984
v -0.008566 32.859894 -21.861019
v -0.006930 32.859894 -21.866053
v -0.002647 32.859894 -21.869164
v 0.002647 32.859894 -21.869164
v 0.006930 32.859894 -21.866053
v 0.008566 32.859894 -21.861019
v -0.076810 33.021706 -21.805212
v -0.029339 33.021706 -21.770723
v 0.029339 33.021706 -21.770723
v 0.076810 33.021706 -21.805212
v 0.094943 33.021706 -21.861019
v 0.076810 33.021706 -21.916824
v 0.029339 33.021706 -21.951313
v -0.029339 33.021706 -21.951313
v -0.076810 33.021706 -21.916824
v -0.094943 33.021706 -21.861019
vt 0.375000 0.312500
vt 0.400000 0.312500
vt 0.425000 0.312500
vt 0.450000 0.312500
vt 0.475000 0.312500
vt 0.500000 0.312500
vt 0.525000 0.312500
vt 0.550000 0.312500
vt 0.575000 0.312500
vt 0.600000 0.312500
vt 0.625000 0.312500
vt 0.375000 0.688440
vt 0.400000 0.688440
vt 0.425000 0.688440
vt 0.450000 0.688440
vt 0.475000 0.688440
vt 0.500000 0.688440
vt 0.525000 0.688440
vt 0.550000 0.688440
vt 0.575000 0.688440
vt 0.600000 0.688440
vt 0.625000 0.688440
vt 0.450000 0.500470
vt 0.425000 0.500470
vt 0.400000 0.500470
vt 0.625000 0.500470
vt 0.375000 0.500470
vt 0.600000 0.500470
vt 0.575000 0.500470
vt 0.550000 0.500470
vt 0.525000 0.500470
vt 0.500000 0.500470
vt 0.475000 0.500470
vn 0.587771 0.000000 0.809027
vn 0.587771 0.000000 0.809027
vn 0.585255 -0.092315 0.805577
vn 0.585255 -0.092315 0.805577
vn 0.000000 0.000000 1.000000
vn 0.000000 0.000000 1.000000
vn 0.000000 -0.092315 0.995730
vn 0.000000 -0.092315 0.995730
vn -0.587771 0.000000 0.809027
vn -0.587771 0.000000 0.809027
vn -0.585255 -0.092315 0.805577
vn -0.585255 -0.092316 0.805577
vn -0.951058 0.000000 0.309013
vn -0.951058 0.000000 0.309013
vn -0.946996 -0.092315 0.307697
vn -0.946996 -0.092314 0.307697
vn -0.951056 0.000000 -0.309019
vn -0.951056 0.000000 -0.309019
vn -0.946992 -0.092312 -0.307707
vn -0.946992 -0.092312 -0.307707
vn -0.587771 0.000000 -0.809027
vn -0.587771 0.000000 -0.809027
vn -0.585266 -0.092314 -0.805569
vn -0.585266 -0.092314 -0.805569
vn 0.000000 0.000000 -1.000000
vn 0.000000 0.000000 -1.000000
vn 0.000000 -0.092315 -0.995730
vn 0.000000 -0.092315 -0.995730
vn 0.587771 0.000000 -0.809027
vn 0.587771 0.000000 -0.809027
vn 0.585267 -0.092315 -0.805568
vn 0.585267 -0.092315 -0.805568
vn 0.951056 0.000000 -0.309019
vn 0.951056 0.000000 -0.309019
vn 0.946992 -0.092312 -0.307707
vn 0.946992 -0.092312 -0.307707
vn 0.951058 0.000000 0.309013
vn 0.951058 0.000000 0.309013
vn 0.946996 -0.092314 0.307697
vn 0.946996 -0.092315 0.307697
vn -0.524063 -0.452707 0.721398
vn -0.524063 -0.452707 0.721398
vn 0.000000 -0.452689 0.891669
vn 0.000000 -0.452689 0.891669
vn 0.524063 -0.452707 0.721398
vn 0.524063 -0.452707 0.721398
vn 0.848029 -0.452675 0.275557
vn 0.848029 -0.452675 0.275557
vn 0.848016 -0.452686 -0.275580
vn 0.848016 -0.452686 -0.275580
vn 0.524126 -0.452691 -0.721362
vn 0.524126 -0.452691 -0.721362
vn 0.000000 -0.452689 -0.891669
vn 0.000000 -0.452689 -0.891669
vn -0.524122 -0.452687 -0.721367
vn -0.524122 -0.452687 -0.721367
vn -0.848016 -0.452686 -0.275580
vn -0.848016 -0.452686 -0.275580
vn -0.848029 -0.452675 0.275557
vn -0.848029 -0.452675 0.275557
s 1
g group2 Maquina_impresion pCylinder18
usemtl initialShadingGroup
f 1124/1710/2718 1125/1711/2719 1146/1734/2720 1147/1736/2721
s 2
f 1125/1711/2722 1126/1712/2723 1145/1733/2724 1146/1734/2725
s 3
f 1126/1712/2726 1127/1713/2727 1144/1732/2728 1145/1733/2729
s 4
f 1127/1713/2730 1128/1714/2731 1153/1742/2732 1144/1732/2733
s 5
f 1128/1714/2734 1129/1715/2735 1152/1741/2736 1153/1742/2737
s 6
f 1129/1715/2738 1130/1716/2739 1151/1740/2740 1152/1741/2741
s 7
f 1130/1716/2742 1131/1717/2743 1150/1739/2744 1151/1740/2745
s 8
f 1131/1717/2746 1132/1718/2747 1149/1738/2748 1150/1739/2749
s 9
f 1132/1718/2750 1133/1719/2751 1148/1737/2752 1149/1738/2753
s 10
f 1133/1719/2754 1124/1720/2755 1147/1735/2756 1148/1737/2757
s 3
f 1145/1733/2729 1144/1732/2728 1137/1724/2758 1136/1723/2759
s 2
f 1146/1734/2725 1145/1733/2724 1136/1723/2760 1135/1722/2761
s 1
f 1147/1736/2721 1146/1734/2720 1135/1722/2762 1134/1721/2763
s 10
f 1148/1737/2757 1147/1735/2756 1134/1731/2764 1143/1730/2765
s 9
f 1149/1738/2753 1148/1737/2752 1143/1730/2766 1142/1729/2767
s 8
f 1150/1739/2749 1149/1738/2748 1142/1729/2768 1141/1728/2769
s 7
f 1151/1740/2745 1150/1739/2744 1141/1728/2770 1140/1727/2771
s 6
f 1152/1741/2741 1151/1740/2740 1140/1727/2772 1139/1726/2773
s 5
f 1153/1742/2737 1152/1741/2736 1139/1726/2774 1138/1725/2775
s 4
f 1144/1732/2733 1153/1742/2732 1138/1725/2776 1137/1724/2777
g default
v -2.887507 23.984766 -16.224619
v 4.065192 23.984766 -16.224619
v -2.887507 25.371248 -16.759434
v 4.065192 25.371248 -16.759434
v -2.887507 25.352236 -16.808720
v 4.065192 25.352236 -16.808720
v -2.887507 23.965755 -16.273903
v 4.065192 23.965755 -16.273903
vt 0.375000 0.000000
vt 0.625000 0.000000
vt 0.375000 0.250000
vt 0.625000 0.250000
vt 0.375000 0.500000
vt 0.625000 0.500000
vt 0.375000 0.750000
vt 0.625000 0.750000
vt 0.375000 1.000000
vt 0.625000 1.000000
vt 0.875000 0.000000
vt 0.875000 0.250000
vt 0.125000 0.000000
vt 0.125000 0.250000
vn 0.000000 0.359889 0.932995
vn 0.000000 0.359889 0.932995
vn 0.000000 0.359889 0.932995
vn 0.000000 0.359889 0.932995
vn 0.000000 0.932989 -0.359906
vn 0.000000 0.932989 -0.359906
vn 0.000000 0.932989 -0.359906
vn 0.000000 0.932989 -0.359906
vn 0.000000 -0.932998 0.359882
vn 0.000000 -0.932998 0.359882
vn 0.000000 -0.932998 0.359882
vn 0.000000 -0.932998 0.359882
vn 1.000000 -0.000003 0.000000
vn 1.000000 -0.000003 0.000000
vn 1.000000 -0.000003 0.000000
vn 1.000000 -0.000003 0.000000
vn -1.000000 0.000000 0.000000
vn -1.000000 0.000000 0.000000
vn -1.000000 0.000000 0.000000
vn -1.000000 0.000000 0.000000
s off
g group2 Maquina_impresion pCube13
usemtl initialShadingGroup
f 1154/1743/2778 1155/1744/2779 1157/1746/2780 1156/1745/2781
f 1156/1745/2782 1157/1746/2783 1159/1748/2784 1158/1747/2785
f 1160/1749/2786 1161/1750/2787 1155/1752/2788 1154/1751/2789
f 1155/1744/2790 1161/1753/2791 1159/1754/2792 1157/1746/2793
f 1160/1755/2794 1154/1743/2795 1156/1745/2796 1158/1756/2797
g default
v -0.122538 34.329212 -21.604307
v -0.122538 34.241177 -21.624401
v -0.122538 34.170574 -21.568098
v -0.122538 34.170574 -21.477797
v -0.122538 34.241177 -21.421495
v -0.122538 34.329212 -21.441589
v -0.122538 34.368393 -21.522947
v -0.160256 34.329212 -21.604307
v -0.160256 34.241177 -21.624401
v -0.160256 34.170574 -21.568098
v -0.160256 34.170574 -21.477797
v -0.160256 34.241177 -21.421495
v -0.160256 34.329212 -21.441589
v -0.160256 34.368393 -21.522947
v -0.160256 34.264332 -21.522947
vt 0.375000 0.312500
vt 0.410714 0.312500
vt 0.446429 0.312500
vt 0.482143 0.312500
vt 0.517857 0.312500
vt 0.553571 0.312500
vt 0.589286 0.312500
vt 0.625000 0.312500
vt 0.375000 0.688440
vt 0.410714 0.688440
vt 0.446429 0.688440
vt 0.482143 0.688440
vt 0.517857 0.688440
vt 0.553571 0.688440
vt 0.589286 0.688440
vt 0.625000 0.688440
vt 0.597420 0.721589
vt 0.465231 0.691418
vt 0.359224 0.775956
vt 0.359224 0.911544
vt 0.465231 0.996082
vt 0.597420 0.965911
vt 0.656250 0.843750
vt 0.500000 0.837500
vn 0.000000 0.222525 -0.974927
vn 0.000000 0.222525 -0.974927
vn 0.000000 0.222525 -0.974927
vn 0.000000 0.222525 -0.974927
vn 0.000000 -0.623491 -0.781830
vn 0.000000 -0.623491 -0.781830
vn 0.000000 -0.623491 -0.781830
vn 0.000000 -0.623491 -0.781830
vn 0.000000 -1.000000 0.000000
vn 0.000000 -1.000000 0.000000
vn 0.000000 -1.000000 0.000000
vn 0.000000 -1.000000 0.000000
vn 0.000000 -0.623478 0.781841
vn 0.000000 -0.623478 0.781841
vn 0.000000 -0.623478 0.781841
vn 0.000000 -0.623478 0.781841
vn 0.000000 0.222525 0.974927
vn 0.000000 0.222525 0.974927
vn 0.000000 0.222525 0.974927
vn 0.000000 0.222525 0.974927
vn 0.000000 0.900960 0.433902
vn 0.000000 0.900960 0.433902
vn 0.000000 0.900960 0.433902
vn 0.000000 0.900960 0.433902
vn 0.000000 0.900964 -0.433894
vn 0.000000 0.900964 -0.433894
vn 0.000000 0.900964 -0.433894
vn 0.000000 0.900964 -0.433894
vn -1.000000 0.000000 -0.000000
vn -1.000000 -0.000000 -0.000000
vn -1.000000 -0.000000 0.000000
vn -1.000000 -0.000000 -0.000000
vn -1.000000 -0.000000 0.000000
vn -1.000000 -0.000000 0.000000
vn -1.000000 0.000000 0.000000
vn -1.000000 0.000000 -0.000000
s off
g group2 Maquina_impresion pCylinder17
usemtl initialShadingGroup
f 1162/1757/2798 1163/1758/2799 1170/1766/2800 1169/1765/2801
f 1163/1758/2802 1164/1759/2803 1171/1767/2804 1170/1766/2805
f 1164/1759/2806 1165/1760/2807 1172/1768/2808 1171/1767/2809
f 1165/1760/2810 1166/1761/2811 1173/1769/2812 1172/1768/2813
f 1166/1761/2814 1167/1762/2815 1174/1770/2816 1173/1769/2817
f 1167/1762/2818 1168/1763/2819 1175/1771/2820 1174/1770/2821
f 1168/1763/2822 1162/1764/2823 1169/1772/2824 1175/1771/2825
s 1
f 1169/1778/2826 1170/1777/2827 1176/1780/2828
f 1170/1777/2827 1171/1776/2829 1176/1780/2828
f 1171/1776/2829 1172/1775/2830 1176/1780/2828
f 1172/1775/2830 1173/1774/2831 1176/1780/2828
f 1173/1774/2831 1174/1773/2832 1176/1780/2828
f 1174/1773/2832 1175/1779/2833 1176/1780/2828
f 1175/1779/2833 1169/1778/2826 1176/1780/2828
g default
v -2.887507 25.623428 -16.861721
v 4.065192 25.623428 -16.861721
v -2.887507 26.556423 -17.221611
v 4.065192 26.556423 -17.221611
v -2.887507 26.537413 -17.270897
v 4.065192 26.537413 -17.270897
v -2.887507 25.604418 -16.911007
v 4.065192 25.604418 -16.911007
vt 0.375000 0.000000
vt 0.625000 0.000000
vt 0.375000 0.250000
vt 0.625000 0.250000
vt 0.375000 0.500000
vt 0.625000 0.500000
vt 0.375000 0.750000
vt 0.625000 0.750000
vt 0.375000 1.000000
vt 0.625000 1.000000
vt 0.875000 0.000000
vt 0.875000 0.250000
vt 0.125000 0.000000
vt 0.125000 0.250000
vn 0.000000 0.359890 0.932995
vn 0.000000 0.359890 0.932995
vn 0.000000 0.359890 0.932995
vn 0.000000 0.359890 0.932995
vn 0.000000 0.933003 -0.359870
vn 0.000000 0.933003 -0.359870
vn 0.000000 0.933003 -0.359870
vn 0.000000 0.933003 -0.359870
vn 0.000000 -0.933003 0.359870
vn 0.000000 -0.933003 0.359870
vn 0.000000 -0.933003 0.359870
vn 0.000000 -0.933003 0.359870
vn 1.000000 0.000000 0.000000
vn 1.000000 0.000000 0.000000
vn 1.000000 0.000000 0.000000
vn 1.000000 0.000000 0.000000
vn -1.000000 0.000000 0.000000
vn -1.000000 0.000000 0.000000
vn -1.000000 0.000000 0.000000
vn -1.000000 0.000000 0.000000
s off
g group2 Maquina_impresion pCube12
usemtl initialShadingGroup
f 1177/1781/2834 1178/1782/2835 1180/1784/2836 1179/1783/2837
f 1179/1783/2838 1180/1784/2839 1182/1786/2840 1181/1785/2841
f 1183/1787/2842 1184/1788/2843 1178/1790/2844 1177/1789/2845
f 1178/1782/2846 1184/1791/2847 1182/1792/2848 1180/1784/2849
f 1183/1793/2850 1177/1781/2851 1179/1783/2852 1181/1794/2853
g default
v -5.121080 27.912455 -19.015224
v 5.121080 27.912455 -19.015224
v -5.121080 28.012606 -19.015224
v 5.121080 28.012606 -19.015224
v -5.121080 28.012606 -26.468313
v 5.121080 28.012606 -26.468313
v -5.121080 27.912455 -26.468313
v 5.121080 27.912455 -26.468313
vt 0.375000 0.000000
vt 0.625000 0.000000
vt 0.375000 0.250000
vt 0.625000 0.250000
vt 0.375000 0.500000
vt 0.625000 0.500000
vt 0.375000 0.750000
vt 0.625000 0.750000
vt 0.875000 0.000000
vt 0.875000 0.250000
vt 0.125000 0.000000
vt 0.125000 0.250000
vn 0.000000 0.000000 1.000000
vn 0.000000 0.000000 1.000000
vn 0.000000 0.000000 1.000000
vn 0.000000 0.000000 1.000000
vn 0.000000 1.000000 0.000000
vn 0.000000 1.000000 0.000000
vn 0.000000 1.000000 0.000000
vn 0.000000 1.000000 0.000000
vn 0.000000 0.000000 -1.000000
vn 0.000000 0.000000 -1.000000
vn 0.000000 0.000000 -1.000000
vn 0.000000 0.000000 -1.000000
vn 1.000000 0.000000 0.000000
vn 1.000000 0.000000 0.000000
vn 1.000000 0.000000 0.000000
vn 1.000000 0.000000 0.000000
vn -1.000000 0.000000 0.000000
vn -1.000000 0.000000 0.000000
vn -1.000000 0.000000 0.000000
vn -1.000000 0.000000 0.000000
s off
g group2 Maquina_impresion pCube21
usemtl initialShadingGroup
f 1185/1795/2854 1186/1796/2855 1188/1798/2856 1187/1797/2857
f 1187/1797/2858 1188/1798/2859 1190/1800/2860 1189/1799/2861
f 1189/1799/2862 1190/1800/2863 1192/1802/2864 1191/1801/2865
f 1186/1796/2866 1192/1803/2867 1190/1804/2868 1188/1798/2869
f 1191/1805/2870 1185/1795/2871 1187/1797/2872 1189/1806/2873
g default
v -5.123286 28.237673 -27.826187
v 5.123286 28.237673 -27.826187
v -5.123286 37.380112 -27.826187
v 5.123286 37.380112 -27.826187
v -5.123286 37.380112 -27.905336
v 5.123286 37.380112 -27.905336
v -5.123286 28.237673 -27.905336
v 5.123286 28.237673 -27.905336
vt 0.375000 0.000000
vt 0.625000 0.000000
vt 0.375000 0.250000
vt 0.625000 0.250000
vt 0.375000 0.500000
vt 0.625000 0.500000
vt 0.875000 0.000000
vt 0.875000 0.250000
vt 0.125000 0.000000
vt 0.125000 0.250000
vn 0.000000 0.000000 1.000000
vn 0.000000 0.000000 1.000000
vn 0.000000 0.000000 1.000000
vn 0.000000 0.000000 1.000000
vn 0.000000 1.000000 0.000000
vn 0.000000 1.000000 0.000000
vn 0.000000 1.000000 0.000000
vn 0.000000 1.000000 0.000000
vn 1.000000 0.000000 0.000000
vn 1.000000 0.000000 0.000000
vn 1.000000 0.000000 0.000000
vn 1.000000 0.000000 0.000000
vn -1.000000 0.000000 0.000000
vn -1.000000 0.000000 0.000000
vn -1.000000 0.000000 0.000000
vn -1.000000 0.000000 0.000000
s off
g group2 Maquina_impresion pCube16
usemtl initialShadingGroup
f 1193/1807/2874 1194/1808/2875 1196/1810/2876 1195/1809/2877
f 1195/1809/2878 1196/1810/2879 1198/1812/2880 1197/1811/2881
f 1194/1808/2882 1200/1813/2883 1198/1814/2884 1196/1810/2885
f 1199/1815/2886 1193/1807/2887 1195/1809/2888 1197/1816/2889
g default
v -5.010592 36.005650 -27.792257
v 5.010592 36.005650 -27.792257
v -5.010592 36.658764 -27.792257
v 5.010592 36.658764 -27.792257
v -5.010592 36.658764 -27.867847
v 5.010592 36.658764 -27.867847
v -5.010592 36.005650 -27.867847
v 5.010592 36.005650 -27.867847
v -5.010592 36.441059 -27.792257
v -5.010592 36.441059 -27.867847
v 5.010592 36.441059 -27.867847
v 5.010592 36.441059 -27.792257
v -5.010592 36.223354 -27.792257
v -5.010592 36.223354 -27.867847
v 5.010592 36.223354 -27.867847
v 5.010592 36.223354 -27.792257
v 4.411521 36.658764 -27.792257
v 4.411521 36.658764 -27.867847
v 4.411521 36.005650 -27.792257
v 4.593838 36.223354 -27.792257
v 4.593838 36.441059 -27.792257
v -4.411521 36.658764 -27.792257
v -4.411521 36.658764 -27.867847
v -4.411521 36.005650 -27.792257
v -4.593838 36.223354 -27.792257
v -4.593838 36.441059 -27.792257
v -4.593838 36.223354 -27.830381
v -4.593838 36.441059 -27.830381
v 4.593838 36.223354 -27.830381
v 4.593838 36.441059 -27.830381
v -4.662760 36.332207 -27.830381
v -4.662760 36.332207 -27.792257
v -5.010592 36.332207 -27.792257
v -5.010592 36.332207 -27.867847
v 5.010592 36.332207 -27.867847
v 5.010592 36.332207 -27.792257
v 4.662759 36.332207 -27.792257
v 4.662759 36.332207 -27.830381
vt 0.375000 0.000000
vt 0.625000 0.000000
vt 0.375000 0.250000
vt 0.625000 0.250000
vt 0.375000 0.500000
vt 0.625000 0.500000
vt 0.875000 0.000000
vt 0.875000 0.250000
vt 0.125000 0.000000
vt 0.125000 0.250000
vt 0.375000 0.166667
vt 0.125000 0.166667
vt 0.875000 0.166667
vt 0.625000 0.166667
vt 0.375000 0.083333
vt 0.125000 0.083333
vt 0.875000 0.083333
vt 0.625000 0.083333
vt 0.541667 0.250000
vt 0.541667 0.500000
vt 0.541667 0.000000
vt 0.541667 0.083333
vt 0.541667 0.166667
vt 0.458333 0.250000
vt 0.458333 0.500000
vt 0.458333 0.000000
vt 0.458333 0.083333
vt 0.458333 0.166667
vt 0.458333 0.166667
vt 0.458333 0.083333
vt 0.541667 0.083333
vt 0.541667 0.166667
vt 0.458333 0.125000
vt 0.458333 0.125000
vt 0.375000 0.125000
vt 0.125000 0.125000
vt 0.875000 0.125000
vt 0.625000 0.125000
vt 0.541667 0.125000
vt 0.541667 0.125000
vn 0.000000 0.000000 1.000000
vn 0.000000 0.000000 1.000000
vn 0.000000 0.000000 1.000000
vn 0.000000 0.000000 1.000000
vn 0.000000 1.000000 0.000000
vn 0.000000 1.000000 0.000000
vn 0.000000 1.000000 0.000000
vn 0.000000 1.000000 0.000000
vn 1.000000 0.000000 0.000000
vn 1.000000 0.000000 0.000000
vn 1.000000 0.000000 0.000000
vn 1.000000 0.000000 0.000000
vn -1.000000 0.000000 0.000000
vn -1.000000 0.000000 0.000000
vn -1.000000 0.000000 0.000000
vn -1.000000 0.000000 0.000000
vn -1.000000 0.000000 0.000000
vn -1.000000 0.000000 0.000000
vn -1.000000 0.000000 0.000000
vn -1.000000 0.000000 0.000000
vn 1.000000 0.000000 0.000000
vn 1.000000 0.000000 0.000000
vn 1.000000 0.000000 0.000000
vn 1.000000 0.000000 0.000000
vn 0.000000 0.000000 1.000000
vn 0.000000 0.000000 1.000000
vn 0.000000 0.000000 1.000000
vn 0.000000 0.000000 1.000000
vn -1.000000 0.000000 0.000000
vn -1.000000 0.000000 0.000000
vn 1.000000 0.000000 0.000000
vn 1.000000 0.000000 0.000000
vn 0.000000 0.000000 1.000000
vn 0.000000 0.000000 1.000000
vn 0.000000 1.000000 0.000000
vn 0.000000 1.000000 0.000000
vn 0.000000 1.000000 0.000000
vn 0.000000 1.000000 0.000000
vn 0.000000 0.000000 1.000000
vn 0.000000 0.000000 1.000000
vn 0.000000 0.000000 1.000000
vn 0.000000 0.000000 1.000000
vn 0.000000 0.000000 1.000000
vn 0.000000 0.000000 1.000000
vn 0.000000 0.000000 1.000000
vn 0.000000 0.000000 1.000000
vn 0.000000 0.000000 1.000000
vn 0.000000 0.000000 1.000000
vn 1.000000 0.000000 0.000000
vn 0.844885 0.534949 0.000000
vn 0.844885 0.534949 0.000000
vn 1.000000 0.000000 0.000000
vn 0.000000 1.000000 0.000000
vn 0.000000 1.000000 0.000000
vn 0.000000 1.000000 0.000000
vn 0.000000 1.000000 0.000000
vn -0.844883 0.534951 0.000000
vn -1.000000 0.000000 0.000000
vn -1.000000 0.000000 0.000000
vn -0.844883 0.534951 0.000000
vn 0.000000 -1.000000 0.000000
vn 0.000000 -1.000000 0.000000
vn 0.000000 -1.000000 0.000000
vn 0.000000 -1.000000 0.000000
vn 0.844885 -0.534949 0.000000
vn 0.844885 -0.534949 0.000000
vn -0.844883 -0.534951 0.000000
vn -0.844883 -0.534951 0.000000
s 1
g group2 Maquina_impresion pCube19
usemtl initialShadingGroup
f 1201/1817/2890 1224/1842/2891 1225/1843/2892 1213/1831/2893
s 2
f 1203/1819/2894 1222/1840/2895 1223/1841/2896 1205/1821/2897
s 3
f 1202/1818/2898 1208/1823/2899 1215/1833/2900 1216/1834/2901
s 4
f 1207/1825/2902 1201/1817/2903 1213/1831/2904 1214/1832/2905
f 1210/1828/2906 1209/1827/2907 1203/1819/2908 1205/1826/2909
s 3
f 1212/1830/2910 1211/1829/2911 1206/1824/2912 1204/1820/2913
s 1
f 1209/1827/2914 1226/1844/2915 1222/1840/2916 1203/1819/2917
s 4
f 1214/1832/2905 1213/1831/2904 1233/1851/2918 1234/1852/2919
s 3
f 1216/1834/2901 1215/1833/2900 1235/1853/2920 1236/1854/2921
s 1
f 1213/1831/2893 1225/1843/2892 1232/1850/2922 1233/1851/2923
s 2
f 1217/1835/2924 1204/1820/2925 1206/1822/2926 1218/1836/2927
s 1
f 1220/1838/2928 1219/1837/2929 1202/1818/2930 1216/1834/2931
f 1237/1855/2932 1220/1838/2928 1216/1834/2931 1236/1854/2933
f 1217/1835/2934 1221/1839/2935 1212/1830/2936 1204/1820/2937
s 2
f 1222/1840/2895 1217/1835/2924 1218/1836/2927 1223/1841/2896
s 1
f 1225/1843/2892 1224/1842/2891 1219/1837/2929 1220/1838/2928
f 1222/1840/2916 1226/1844/2915 1221/1839/2935 1217/1835/2934
s 8
f 1232/1850/2938 1225/1843/2939 1227/1846/2940 1231/1849/2941
s off
f 1225/1843/2942 1220/1838/2943 1229/1847/2944 1227/1846/2945
s 9
f 1220/1838/2946 1237/1855/2947 1238/1856/2948 1229/1847/2949
s off
f 1221/1839/2950 1226/1844/2951 1228/1845/2952 1230/1848/2953
s 8
f 1226/1844/2954 1232/1850/2938 1231/1849/2941 1228/1845/2955
s 1
f 1233/1851/2923 1232/1850/2922 1226/1844/2915 1209/1827/2914
s 4
f 1234/1852/2919 1233/1851/2918 1209/1827/2907 1210/1828/2906
s 3
f 1236/1854/2921 1235/1853/2920 1211/1829/2911 1212/1830/2910
s 1
f 1221/1839/2935 1237/1855/2932 1236/1854/2933 1212/1830/2936
s 9
f 1238/1856/2948 1237/1855/2947 1221/1839/2956 1230/1848/2957
g default
v -4.420390 36.397484 -27.828819
v -4.491283 36.426849 -27.828819
v -4.562177 36.397484 -27.828819
v -4.591542 36.326588 -27.828819
v -4.562177 36.255695 -27.828817
v -4.491283 36.226330 -27.828819
v -4.420390 36.255695 -27.828819
v -4.391025 36.326588 -27.828819
v -4.420390 36.397484 -27.628302
v -4.491283 36.426849 -27.628302
v -4.562177 36.397484 -27.628302
v -4.591542 36.326588 -27.628302
v -4.562177 36.255695 -27.628302
v -4.491283 36.226330 -27.628302
v -4.420390 36.255695 -27.628302
v -4.391025 36.326588 -27.628302
v -4.491283 36.326588 -27.628302
vt 0.375000 0.312500
vt 0.406250 0.312500
vt 0.437500 0.312500
vt 0.468750 0.312500
vt 0.500000 0.312500
vt 0.531250 0.312500
vt 0.562500 0.312500
vt 0.593750 0.312500
vt 0.625000 0.312500
vt 0.375000 0.688440
vt 0.406250 0.688440
vt 0.437500 0.688440
vt 0.468750 0.688440
vt 0.500000 0.688440
vt 0.531250 0.688440
vt 0.562500 0.688440
vt 0.593750 0.688440
vt 0.625000 0.688440
vt 0.610485 0.733265
vt 0.500000 0.687500
vt 0.389515 0.733265
vt 0.343750 0.843750
vt 0.389515 0.954235
vt 0.500000 1.000000
vt 0.610485 0.954235
vt 0.656250 0.843750
vt 0.500000 0.837500
vn 0.382689 0.923877 0.000000
vn 0.382689 0.923877 0.000000
vn 0.382689 0.923877 0.000000
vn 0.382689 0.923877 0.000000
vn -0.382687 0.923878 0.000000
vn -0.382687 0.923878 0.000000
vn -0.382687 0.923878 0.000000
vn -0.382687 0.923878 0.000000
vn -0.923883 0.382674 0.000000
vn -0.923883 0.382674 0.000000
vn -0.923883 0.382674 0.000000
vn -0.923883 0.382674 0.000000
vn -0.923878 -0.382688 0.000000
vn -0.923878 -0.382688 0.000000
vn -0.923878 -0.382688 0.000000
vn -0.923878 -0.382688 0.000000
vn -0.382689 -0.923877 0.000000
vn -0.382689 -0.923877 0.000000
vn -0.382689 -0.923877 0.000000
vn -0.382689 -0.923877 0.000000
vn 0.382689 -0.923877 0.000000
vn 0.382689 -0.923877 0.000000
vn 0.382689 -0.923877 0.000000
vn 0.382689 -0.923877 0.000000
vn 0.923878 -0.382688 0.000000
vn 0.923878 -0.382688 0.000000
vn 0.923878 -0.382688 0.000000
vn 0.923878 -0.382688 0.000000
vn 0.923883 0.382674 0.000000
vn 0.923883 0.382674 0.000000
vn 0.923883 0.382674 0.000000
vn 0.923883 0.382674 0.000000
vn 0.000034 0.000000 1.000000
vn -0.000000 0.000000 1.000000
vn -0.000004 0.000000 1.000000
vn -0.000034 0.000000 1.000000
vn 0.000000 0.000000 1.000000
vn -0.000017 0.000000 1.000000
vn -0.000017 0.000000 1.000000
vn 0.000000 0.000000 1.000000
vn 0.000000 0.000000 1.000000
s off
g group2 Maquina_impresion pCylinder12
usemtl initialShadingGroup
f 1239/1857/2958 1240/1858/2959 1248/1867/2960 1247/1866/2961
f 1240/1858/2962 1241/1859/2963 1249/1868/2964 1248/1867/2965
f 1241/1859/2966 1242/1860/2967 1250/1869/2968 1249/1868/2969
f 1242/1860/2970 1243/1861/2971 1251/1870/2972 1250/1869/2973
f 1243/1861/2974 1244/1862/2975 1252/1871/2976 1251/1870/2977
f 1244/1862/2978 1245/1863/2979 1253/1872/2980 1252/1871/2981
f 1245/1863/2982 1246/1864/2983 1254/1873/2984 1253/1872/2985
f 1246/1864/2986 1239/1865/2987 1247/1874/2988 1254/1873/2989
s 1
f 1247/1881/2990 1248/1880/2991 1255/1883/2992
f 1248/1880/2991 1249/1879/2993 1255/1883/2992
f 1249/1879/2993 1250/1878/2994 1255/1883/2992
f 1250/1878/2994 1251/1877/2995 1255/1883/2992
f 1251/1877/2995 1252/1876/2996 1255/1883/2992
f 1252/1876/2996 1253/1875/2997 1255/1883/2992
f 1253/1875/2997 1254/1882/2998 1255/1883/2992
f 1254/1882/2998 1247/1881/2990 1255/1883/2992
g default
v -3.950094 28.900850 -27.673058
v -3.794621 28.900850 -27.673058
v -3.950094 35.135181 -27.673058
v -3.794621 35.135181 -27.673058
v -3.950094 35.135181 -27.704229
v -3.794621 35.135181 -27.704229
v -3.950094 28.900850 -27.704229
v -3.794621 28.900850 -27.704229
vt 0.375000 0.000000
vt 0.625000 0.000000
vt 0.375000 0.250000
vt 0.625000 0.250000
vt 0.375000 0.500000
vt 0.625000 0.500000
vt 0.875000 0.000000
vt 0.875000 0.250000
vt 0.125000 0.000000
vt 0.125000 0.250000
vn 0.000000 0.000000 1.000000
vn 0.000000 0.000000 1.000000
vn 0.000000 0.000000 1.000000
vn 0.000000 0.000000 1.000000
vn 0.000000 1.000000 0.000000
vn 0.000000 1.000000 0.000000
vn 0.000000 1.000000 0.000000
vn 0.000000 1.000000 0.000000
vn 1.000000 0.000000 0.000000
vn 1.000000 0.000000 0.000000
vn 1.000000 0.000000 0.000000
vn 1.000000 0.000000 0.000000
vn -1.000000 0.000000 0.000000
vn -1.000000 0.000000 0.000000
vn -1.000000 0.000000 0.000000
vn -1.000000 0.000000 0.000000
s off
g group2 Maquina_impresion pCube18
usemtl initialShadingGroup
f 1256/1884/2999 1257/1885/3000 1259/1887/3001 1258/1886/3002
f 1258/1886/3003 1259/1887/3004 1261/1889/3005 1260/1888/3006
f 1257/1885/3007 1263/1890/3008 1261/1891/3009 1259/1887/3010
f 1262/1892/3011 1256/1884/3012 1258/1886/3013 1260/1893/3014
g default
v -0.587840 27.874023 -27.043425
v 0.587840 27.874023 -27.043425
v -0.282792 32.846279 -27.665266
v 0.282792 32.846279 -27.665266
v -0.282792 32.846279 -27.744415
v 0.282792 32.846279 -27.744415
v -0.587840 27.874023 -27.744415
v 0.587840 27.874023 -27.744415
v 0.282792 28.946398 -27.744415
v 0.282792 28.946398 -27.622869
v -0.282792 28.946398 -27.622869
v -0.282792 28.946398 -27.744415
v 0.363139 28.403805 -27.744415
v 0.363139 28.403805 -27.439240
v -0.363139 28.403805 -27.439240
v -0.363139 28.403805 -27.744415
vt 0.375000 0.000000
vt 0.625000 0.000000
vt 0.375000 0.250000
vt 0.625000 0.250000
vt 0.875000 0.000000
vt 0.875000 0.250000
vt 0.125000 0.000000
vt 0.125000 0.250000
vt 0.875000 0.166667
vt 0.625000 0.166667
vt 0.375000 0.166667
vt 0.125000 0.166667
vt 0.875000 0.083333
vt 0.625000 0.083333
vt 0.375000 0.083333
vt 0.125000 0.083333
vn 0.000000 0.598528 0.801102
vn 0.000000 0.598528 0.801102
vn 0.000000 0.518582 0.855028
vn 0.000000 0.518582 0.855028
vn 0.920616 0.390470 0.000000
vn 0.920616 0.390470 0.000000
vn 0.946616 0.322363 0.000000
vn 0.938155 0.346215 0.000000
vn -0.920616 0.390470 0.000000
vn -0.920616 0.390470 0.000000
vn -0.938155 0.346215 0.000000
vn -0.946616 0.322363 0.000000
vn 0.999235 0.039100 0.000000
vn 0.999429 0.033786 0.000000
vn 1.000000 -0.000000 0.000000
vn 1.000000 -0.000000 0.000000
vn 0.000000 0.059076 0.998254
vn 0.000000 0.059076 0.998254
vn 0.000000 0.010871 0.999941
vn 0.000000 0.010871 0.999941
vn -0.999429 0.033786 0.000000
vn -0.999235 0.039100 0.000000
vn -1.000000 -0.000000 0.000000
vn -1.000000 -0.000000 0.000000
s 1
g group2 Maquina_impresion pCube17
usemtl initialShadingGroup
f 1264/1894/3015 1265/1895/3016 1277/1907/3017 1278/1908/3018
s 2
f 1265/1895/3019 1271/1898/3020 1276/1906/3021 1277/1907/3022
s 3
f 1270/1900/3023 1264/1894/3024 1278/1908/3025 1279/1909/3026
s 2
f 1273/1903/3027 1272/1902/3028 1269/1899/3029 1267/1897/3030
s 1
f 1274/1904/3031 1273/1903/3032 1267/1897/3033 1266/1896/3034
s 3
f 1275/1905/3035 1274/1904/3036 1266/1896/3037 1268/1901/3038
s 2
f 1277/1907/3022 1276/1906/3021 1272/1902/3028 1273/1903/3027
s 1
f 1278/1908/3018 1277/1907/3017 1273/1903/3032 1274/1904/3031
s 3
f 1279/1909/3026 1278/1908/3025 1274/1904/3036 1275/1905/3035
g default
v 0.147409 32.544331 -27.668375
v 0.058153 32.609180 -27.668375
v -0.052173 32.609180 -27.668375
v -0.141429 32.544331 -27.668375
v -0.175522 32.439404 -27.668375
v -0.141429 32.334476 -27.668375
v -0.052173 32.269630 -27.668375
v 0.058153 32.269630 -27.668375
v 0.147409 32.334476 -27.668375
v 0.181502 32.439404 -27.668375
v 0.147409 32.544331 -27.644945
v 0.058153 32.609177 -27.644945
v -0.052173 32.609177 -27.644945
v -0.141429 32.544331 -27.644945
v -0.175522 32.439404 -27.644945
v -0.141429 32.334480 -27.644945
v -0.052173 32.269630 -27.644945
v 0.058153 32.269630 -27.644943
v 0.147409 32.334480 -27.644945
v 0.181502 32.439404 -27.644945
v 0.002990 32.439404 -27.644945
vt 0.375000 0.312500
vt 0.400000 0.312500
vt 0.425000 0.312500
vt 0.450000 0.312500
vt 0.475000 0.312500
vt 0.500000 0.312500
vt 0.525000 0.312500
vt 0.550000 0.312500
vt 0.575000 0.312500
vt 0.600000 0.312500
vt 0.625000 0.312500
vt 0.375000 0.688440
vt 0.400000 0.688440
vt 0.425000 0.688440
vt 0.450000 0.688440
vt 0.475000 0.688440
vt 0.500000 0.688440
vt 0.525000 0.688440
vt 0.550000 0.688440
vt 0.575000 0.688440
vt 0.600000 0.688440
vt 0.625000 0.688440
vt 0.626409 0.751909
vt 0.548284 0.695147
vt 0.451716 0.695147
vt 0.373591 0.751909
vt 0.343750 0.843750
vt 0.373591 0.935591
vt 0.451716 0.992353
vt 0.548284 0.992353
vt 0.626409 0.935591
vt 0.656250 0.843750
vt 0.500000 0.837500
vn 0.587769 0.809029 0.000092
vn 0.587769 0.809029 0.000092
vn 0.587769 0.809029 0.000092
vn 0.587769 0.809029 0.000092
vn 0.000000 1.000000 0.000184
vn 0.000000 1.000000 0.000184
vn 0.000000 1.000000 0.000184
vn 0.000000 1.000000 0.000184
vn -0.587769 0.809029 0.000092
vn -0.587769 0.809029 0.000092
vn -0.587769 0.809029 0.000092
vn -0.587769 0.809029 0.000092
vn -0.951054 0.309026 0.000000
vn -0.951054 0.309026 0.000000
vn -0.951054 0.309026 0.000000
vn -0.951054 0.309026 0.000000
vn -0.951053 -0.309027 0.000000
vn -0.951053 -0.309027 0.000000
vn -0.951053 -0.309027 0.000000
vn -0.951053 -0.309027 0.000000
vn -0.587800 -0.809007 0.000000
vn -0.587800 -0.809007 0.000000
vn -0.587800 -0.809007 0.000000
vn -0.587800 -0.809007 0.000000
vn 0.000000 -1.000000 0.000000
vn 0.000000 -1.000000 0.000000
vn 0.000000 -1.000000 0.000000
vn 0.000000 -1.000000 0.000000
vn 0.587814 -0.808996 0.000000
vn 0.587814 -0.808996 0.000000
vn 0.587814 -0.808996 0.000000
vn 0.587814 -0.808996 0.000000
vn 0.951058 -0.309013 0.000000
vn 0.951058 -0.309013 0.000000
vn 0.951058 -0.309013 0.000000
vn 0.951058 -0.309013 0.000000
vn 0.951054 0.309026 0.000000
vn 0.951054 0.309026 0.000000
vn 0.951054 0.309026 0.000000
vn 0.951054 0.309026 0.000000
vn 0.000013 0.000000 1.000000
vn 0.000013 0.000000 1.000000
vn 0.000003 0.000002 1.000000
vn 0.000000 0.000000 1.000000
vn 0.000000 0.000000 1.000000
vn 0.000000 0.000000 1.000000
vn 0.000000 0.000000 1.000000
vn 0.000000 0.000003 1.000000
vn 0.000000 0.000010 1.000000
vn 0.000000 0.000007 1.000000
vn 0.000000 0.000000 1.000000
s off
g group2 Maquina_impresion pCylinder11
usemtl initialShadingGroup
f 1280/1910/3039 1281/1911/3040 1291/1922/3041 1290/1921/3042
f 1281/1911/3043 1282/1912/3044 1292/1923/3045 1291/1922/3046
f 1282/1912/3047 1283/1913/3048 1293/1924/3049 1292/1923/3050
f 1283/1913/3051 1284/1914/3052 1294/1925/3053 1293/1924/3054
f 1284/1914/3055 1285/1915/3056 1295/1926/3057 1294/1925/3058
f 1285/1915/3059 1286/1916/3060 1296/1927/3061 1295/1926/3062
f 1286/1916/3063 1287/1917/3064 1297/1928/3065 1296/1927/3066
f 1287/1917/3067 1288/1918/3068 1298/1929/3069 1297/1928/3070
f 1288/1918/3071 1289/1919/3072 1299/1930/3073 1298/1929/3074
f 1289/1919/3075 1280/1920/3076 1290/1931/3077 1299/1930/3078
s 1
f 1290/1940/3079 1291/1939/3080 1300/1942/3081
f 1291/1939/3080 1292/1938/3082 1300/1942/3081
f 1292/1938/3082 1293/1937/3083 1300/1942/3081
f 1293/1937/3083 1294/1936/3084 1300/1942/3081
f 1294/1936/3084 1295/1935/3085 1300/1942/3081
f 1295/1935/3085 1296/1934/3086 1300/1942/3081
f 1296/1934/3086 1297/1933/3087 1300/1942/3081
f 1297/1933/3087 1298/1932/3088 1300/1942/3081
f 1298/1932/3088 1299/1941/3089 1300/1942/3081
f 1299/1941/3089 1290/1940/3079 1300/1942/3081
g default
v -0.974640 27.885437 -27.474339
v -1.188048 27.885437 -27.659256
v -1.467553 27.885437 -27.699446
v -1.724414 27.885437 -27.582136
v -1.877080 27.885437 -27.344585
v -1.877080 27.885437 -27.062208
v -1.724414 27.885437 -26.824657
v -1.467553 27.885437 -26.707350
v -1.188048 27.885437 -26.747538
v -0.974640 27.885437 -26.932455
v -0.895085 27.885437 -27.203398
v -1.113421 28.624023 -27.382948
v -1.254846 28.624023 -27.505493
v -1.440072 28.624023 -27.532125
v -1.610293 28.624023 -27.454386
v -1.711464 28.624023 -27.296963
v -1.711464 28.624023 -27.109831
v -1.610293 28.624023 -26.952408
v -1.440072 28.624023 -26.874668
v -1.254846 28.624023 -26.901300
v -1.113421 28.624023 -27.023846
v -1.060700 28.624023 -27.203398
v -1.161043 28.624023 -27.352345
v -1.278361 28.624023 -27.454000
v -1.432016 28.624023 -27.476095
v -1.573223 28.624023 -27.411606
v -1.657149 28.624023 -27.281012
v -1.657149 28.624023 -27.125782
v -1.573223 28.624023 -26.995188
v -1.432016 28.624023 -26.930700
v -1.278361 28.624023 -26.952793
v -1.161043 28.624023 -27.054449
v -1.117308 28.624023 -27.203398
v -1.161044 28.465574 -27.352343
v -1.278362 28.465574 -27.454000
v -1.432016 28.465574 -27.476097
v -1.573223 28.465574 -27.411608
v -1.657149 28.465574 -27.281012
v -1.657149 28.465574 -27.125782
v -1.573221 28.465574 -26.995192
v -1.432014 28.465574 -26.930700
v -1.278361 28.465574 -26.952787
v -1.161043 28.465574 -27.054449
v -1.117308 28.465574 -27.203398
v -1.610293 28.128448 -26.952408
v -1.711464 28.128448 -27.109831
v -1.711464 28.128448 -27.296963
v -1.610293 28.128448 -27.454386
v -1.440072 28.128448 -27.532125
v -1.254846 28.128448 -27.505493
v -1.113421 28.128448 -27.382948
v -1.060700 28.128448 -27.203398
v -1.113421 28.128448 -27.023846
v -1.254846 28.128448 -26.901300
v -1.440072 28.128448 -26.874668
v -1.639722 27.992199 -26.919464
v -1.754172 27.992199 -27.097551
v -1.754172 27.992199 -27.309242
v -1.639722 27.992199 -27.487329
v -1.447159 27.992199 -27.575272
v -1.237620 27.992199 -27.545145
v -1.077633 27.992199 -27.406517
v -1.017992 27.992199 -27.203398
v -1.077633 27.992199 -27.000277
v -1.237620 27.992199 -26.861649
v -1.447159 27.992199 -26.831522
vt 0.375000 0.312500
vt 0.397727 0.312500
vt 0.420455 0.312500
vt 0.443182 0.312500
vt 0.465909 0.312500
vt 0.488636 0.312500
vt 0.511364 0.312500
vt 0.534091 0.312500
vt 0.556818 0.312500
vt 0.579545 0.312500
vt 0.602273 0.312500
vt 0.625000 0.312500
vt 0.375000 0.688440
vt 0.397727 0.688440
vt 0.420455 0.688440
vt 0.443182 0.688440
vt 0.465909 0.688440
vt 0.488636 0.688440
vt 0.511364 0.688440
vt 0.534091 0.688440
vt 0.556818 0.688440
vt 0.579545 0.688440
vt 0.602273 0.688440
vt 0.625000 0.688440
vt 0.000000 0.000000
vt 1.000000 0.000000
vt 1.000000 1.000000
vt 0.000000 1.000000
vt 0.000000 0.000000
vt 1.000000 0.000000
vt 1.000000 1.000000
vt 0.000000 1.000000
vt 0.000000 0.000000
vt 1.000000 0.000000
vt 1.000000 1.000000
vt 0.000000 1.000000
vt 0.000000 0.000000
vt 1.000000 0.000000
vt 1.000000 1.000000
vt 0.000000 1.000000
vt 0.000000 0.000000
vt 1.000000 0.000000
vt 1.000000 1.000000
vt 0.000000 1.000000
vt 0.000000 0.000000
vt 1.000000 0.000000
vt 1.000000 1.000000
vt 0.000000 1.000000
vt 0.000000 0.000000
vt 1.000000 0.000000
vt 1.000000 1.000000
vt 0.000000 1.000000
vt 0.000000 0.000000
vt 1.000000 0.000000
vt 1.000000 1.000000
vt 0.000000 1.000000
vt 0.000000 0.000000
vt 1.000000 0.000000
vt 1.000000 1.000000
vt 0.000000 1.000000
vt 0.000000 0.000000
vt 1.000000 0.000000
vt 1.000000 1.000000
vt 0.000000 1.000000
vt 0.000000 0.000000
vt 1.000000 0.000000
vt 1.000000 1.000000
vt 0.000000 1.000000
vt 0.000000 0.000000
vt 1.000000 0.000000
vt 1.000000 1.000000
vt 0.000000 1.000000
vt 0.000000 0.000000
vt 1.000000 0.000000
vt 1.000000 1.000000
vt 0.000000 1.000000
vt 0.000000 0.000000
vt 1.000000 0.000000
vt 1.000000 1.000000
vt 0.000000 1.000000
vt 0.000000 0.000000
vt 1.000000 0.000000
vt 1.000000 1.000000
vt 0.000000 1.000000
vt 0.000000 0.000000
vt 1.000000 0.000000
vt 1.000000 1.000000
vt 0.000000 1.000000
vt 0.000000 0.000000
vt 1.000000 0.000000
vt 1.000000 1.000000
vt 0.000000 1.000000
vt 0.000000 0.000000
vt 1.000000 0.000000
vt 1.000000 1.000000
vt 0.000000 1.000000
vt 0.000000 0.000000
vt 1.000000 0.000000
vt 1.000000 1.000000
vt 0.000000 1.000000
vt 0.000000 0.000000
vt 1.000000 0.000000
vt 1.000000 1.000000
vt 0.000000 1.000000
vt 0.000000 0.000000
vt 1.000000 0.000000
vt 1.000000 1.000000
vt 0.000000 1.000000
vt 0.000000 0.000000
vt 1.000000 0.000000
vt 1.000000 1.000000
vt 0.000000 1.000000
vt 0.511364 0.563127
vt 0.488636 0.563127
vt 0.465909 0.563127
vt 0.443182 0.563127
vt 0.420455 0.563127
vt 0.397727 0.563127
vt 0.625000 0.563127
vt 0.375000 0.563127
vt 0.602273 0.563127
vt 0.579545 0.563127
vt 0.556818 0.563127
vt 0.534091 0.563127
vt 0.511364 0.437813
vt 0.488636 0.437813
vt 0.465909 0.437813
vt 0.443182 0.437813
vt 0.420455 0.437813
vt 0.397727 0.437813
vt 0.625000 0.437813
vt 0.375000 0.437813
vt 0.602273 0.437813
vt 0.579545 0.437813
vt 0.556818 0.437813
vt 0.534091 0.437813
vn 0.437914 0.743513 -0.505391
vn 0.437914 0.743513 -0.505391
vn 0.526200 0.595255 -0.607277
vn 0.527166 0.593259 -0.608392
vn 0.094605 0.747131 -0.657910
vn 0.094605 0.747131 -0.657910
vn 0.113898 0.599669 -0.792102
vn 0.114175 0.597065 -0.794026
vn -0.274315 0.750986 -0.600642
vn -0.274315 0.750986 -0.600642
vn -0.331099 0.603977 -0.724972
vn -0.331847 0.601595 -0.726609
vn -0.552710 0.753884 -0.355205
vn -0.552710 0.753884 -0.355205
vn -0.668650 0.606835 -0.429719
vn -0.669556 0.605422 -0.430301
vn -0.655776 0.754956 0.000000
vn -0.655776 0.754956 0.000000
vn -0.794420 0.607369 0.000000
vn -0.794420 0.607369 0.000000
vn -0.552709 0.753882 0.355210
vn -0.552709 0.753882 0.355210
vn -0.669558 0.605420 0.430301
vn -0.668653 0.606832 0.429719
vn -0.274312 0.750986 0.600644
vn -0.274312 0.750986 0.600644
vn -0.331843 0.601595 0.726611
vn -0.331095 0.603977 0.724974
vn 0.094594 0.747130 0.657912
vn 0.094594 0.747130 0.657912
vn 0.114161 0.597064 0.794029
vn 0.113884 0.599667 0.792104
vn 0.437921 0.743513 0.505385
vn 0.437921 0.743513 0.505385
vn 0.527175 0.593257 0.608386
vn 0.526209 0.595253 0.607271
vn 0.643950 0.741334 0.189082
vn 0.643950 0.741334 0.189082
vn 0.773699 0.591421 0.227179
vn 0.773173 0.592169 0.227025
vn 0.643951 0.741336 -0.189072
vn 0.643951 0.741336 -0.189072
vn 0.773175 0.592168 -0.227017
vn 0.773701 0.591421 -0.227172
vn 0.000000 1.000000 -0.000013
vn 0.000000 1.000000 -0.000006
vn 0.000000 1.000000 -0.000006
vn 0.000000 1.000000 -0.000013
vn 0.000000 1.000000 -0.000003
vn 0.000000 1.000000 -0.000003
vn 0.000000 1.000000 -0.000003
vn 0.000000 1.000000 -0.000003
vn 0.000000 1.000000 0.000000
vn 0.000000 1.000000 0.000000
vn 0.000000 1.000000 0.000006
vn 0.000000 1.000000 0.000006
vn 0.000000 1.000000 0.000000
vn 0.000000 1.000000 -0.000000
vn 0.000000 1.000000 0.000006
vn 0.000000 1.000000 0.000006
vn 0.000000 1.000000 0.000026
vn 0.000000 1.000000 0.000026
vn 0.000000 1.000000 0.000013
vn 0.000000 1.000000 0.000013
vn 0.000000 1.000000 -0.000006
vn 0.000000 1.000000 -0.000006
vn -0.654861 0.000009 0.755749
vn -0.654861 0.000009 0.755749
vn -0.654861 0.000009 0.755749
vn -0.654861 0.000009 0.755749
vn -0.142334 -0.000005 0.989819
vn -0.142334 -0.000005 0.989819
vn -0.142334 -0.000005 0.989819
vn -0.142334 -0.000005 0.989819
vn 0.415440 -0.000011 0.909621
vn 0.415440 -0.000011 0.909621
vn 0.415440 -0.000011 0.909621
vn 0.415440 -0.000011 0.909621
vn 0.841252 -0.000001 0.540644
vn 0.841251 -0.000001 0.540644
vn 0.841252 -0.000001 0.540644
vn 0.841252 -0.000001 0.540644
vn 1.000000 0.000004 0.000000
vn 1.000000 0.000004 0.000000
vn 1.000000 0.000004 0.000000
vn 1.000000 0.000004 0.000000
vn 0.841247 0.000013 -0.540650
vn 0.841247 0.000013 -0.540650
vn 0.841247 0.000013 -0.540650
vn 0.841247 0.000013 -0.540650
vn 0.415437 0.000015 -0.909622
vn 0.415438 0.000015 -0.909622
vn 0.415437 0.000015 -0.909622
vn 0.415438 0.000015 -0.909622
vn -0.142294 -0.000018 -0.989824
vn -0.142294 -0.000018 -0.989824
vn -0.142294 -0.000018 -0.989824
vn -0.142294 -0.000018 -0.989824
vn -0.654871 -0.000012 -0.755741
vn -0.654871 -0.000012 -0.755741
vn -0.654871 -0.000012 -0.755741
vn -0.654871 -0.000012 -0.755741
vn -0.959492 0.000002 -0.281736
vn -0.959492 0.000002 -0.281736
vn -0.959492 0.000002 -0.281736
vn -0.959492 0.000002 -0.281736
vn -0.959493 0.000006 0.281733
vn -0.959493 0.000006 0.281733
vn -0.959493 0.000006 0.281733
vn -0.959493 0.000006 0.281733
vn -0.838965 0.073660 0.539177
vn -0.838979 0.073436 0.539186
vn -0.841249 0.000000 0.540648
vn -0.841249 0.000000 0.540648
vn -0.997274 0.073787 0.000000
vn -0.997274 0.073787 0.000000
vn -1.000000 0.000000 0.000000
vn -1.000000 0.000000 0.000000
vn -0.838979 0.073435 -0.539186
vn -0.838965 0.073659 -0.539177
vn -0.841251 0.000000 -0.540645
vn -0.841251 0.000000 -0.540645
vn -0.414326 0.072716 -0.907219
vn -0.414314 0.073090 -0.907194
vn -0.415423 0.000000 -0.909628
vn -0.415423 0.000000 -0.909628
vn 0.141949 0.071858 -0.987262
vn 0.141945 0.072261 -0.987234
vn 0.142315 0.000000 -0.989822
vn 0.142315 0.000000 -0.989822
vn 0.653205 0.071134 -0.753833
vn 0.653191 0.071438 -0.753816
vn 0.654866 0.000000 -0.755745
vn 0.654866 0.000000 -0.755745
vn 0.957087 0.070768 -0.281026
vn 0.957080 0.070881 -0.281024
vn 0.959493 0.000000 -0.281734
vn 0.959493 0.000000 -0.281734
vn 0.957080 0.070881 0.281024
vn 0.957087 0.070768 0.281026
vn 0.959493 0.000000 0.281732
vn 0.959493 0.000000 0.281732
vn 0.653189 0.071439 0.753818
vn 0.653203 0.071134 0.753834
vn 0.654860 0.000000 0.755750
vn 0.654860 0.000000 0.755750
vn 0.141941 0.072260 0.987234
vn 0.141945 0.071858 0.987263
vn 0.142315 0.000000 0.989822
vn 0.142315 0.000000 0.989822
vn -0.414313 0.073091 0.907195
vn -0.414325 0.072717 0.907219
vn -0.415423 0.000000 0.909628
vn -0.415423 0.000000 0.909628
s 1
g group2 Maquina_impresion pCylinder10
usemtl initialShadingGroup
f 1301/1943/3090 1302/1944/3091 1361/2072/3092 1362/2074/3093
s 2
f 1302/1944/3094 1303/1945/3095 1360/2071/3096 1361/2072/3097
s 3
f 1303/1945/3098 1304/1946/3099 1359/2070/3100 1360/2071/3101
s 4
f 1304/1946/3102 1305/1947/3103 1358/2069/3104 1359/2070/3105
s 5
f 1305/1947/3106 1306/1948/3107 1357/2068/3108 1358/2069/3109
s 6
f 1306/1948/3110 1307/1949/3111 1356/2067/3112 1357/2068/3113
s 7
f 1307/1949/3114 1308/1950/3115 1366/2078/3116 1356/2067/3117
s 8
f 1308/1950/3118 1309/1951/3119 1365/2077/3120 1366/2078/3121
s 9
f 1309/1951/3122 1310/1952/3123 1364/2076/3124 1365/2077/3125
s 10
f 1310/1952/3126 1311/1953/3127 1363/2075/3128 1364/2076/3129
s 11
f 1311/1953/3130 1301/1954/3131 1362/2073/3132 1363/2075/3133
s 12
f 1312/1967/3134 1313/1968/3135 1324/1969/3136 1323/1970/3137
f 1313/1971/3135 1314/1972/3138 1325/1973/3139 1324/1974/3136
f 1314/1975/3138 1315/1976/3140 1326/1977/3141 1325/1978/3139
f 1315/1979/3140 1316/1980/3142 1327/1981/3143 1326/1982/3141
f 1316/1983/3142 1317/1984/3144 1328/1985/3145 1327/1986/3143
f 1317/1987/3144 1318/1988/3146 1329/1989/3147 1328/1990/3145
f 1318/1991/3146 1319/1992/3148 1330/1993/3149 1329/1994/3147
f 1319/1995/3148 1320/1996/3150 1331/1997/3151 1330/1998/3149
f 1320/1999/3150 1321/2000/3152 1332/2001/3153 1331/2002/3151
f 1321/2003/3152 1322/2004/3154 1333/2005/3155 1332/2006/3153
f 1322/2007/3154 1312/2008/3134 1323/2009/3137 1333/2010/3155
s off
f 1323/2011/3156 1324/2012/3157 1335/2013/3158 1334/2014/3159
f 1324/2015/3160 1325/2016/3161 1336/2017/3162 1335/2018/3163
f 1325/2019/3164 1326/2020/3165 1337/2021/3166 1336/2022/3167
f 1326/2023/3168 1327/2024/3169 1338/2025/3170 1337/2026/3171
f 1327/2027/3172 1328/2028/3173 1339/2029/3174 1338/2030/3175
f 1328/2031/3176 1329/2032/3177 1340/2033/3178 1339/2034/3179
f 1329/2035/3180 1330/2036/3181 1341/2037/3182 1340/2038/3183
f 1330/2039/3184 1331/2040/3185 1342/2041/3186 1341/2042/3187
f 1331/2043/3188 1332/2044/3189 1343/2045/3190 1342/2046/3191
f 1332/2047/3192 1333/2048/3193 1344/2049/3194 1343/2050/3195
f 1333/2051/3196 1323/2052/3197 1334/2053/3198 1344/2054/3199
s 6
f 1346/2056/3200 1345/2055/3201 1318/1961/3202 1317/1960/3203
s 5
f 1347/2057/3204 1346/2056/3205 1317/1960/3206 1316/1959/3207
s 4
f 1348/2058/3208 1347/2057/3209 1316/1959/3210 1315/1958/3211
s 3
f 1349/2059/3212 1348/2058/3213 1315/1958/3214 1314/1957/3215
s 2
f 1350/2060/3216 1349/2059/3217 1314/1957/3218 1313/1956/3219
s 1
f 1351/2062/3220 1350/2060/3221 1313/1956/3222 1312/1955/3223
s 11
f 1352/2063/3224 1351/2061/3225 1312/1966/3226 1322/1965/3227
s 10
f 1353/2064/3228 1352/2063/3229 1322/1965/3230 1321/1964/3231
s 9
f 1354/2065/3232 1353/2064/3233 1321/1964/3234 1320/1963/3235
s 8
f 1355/2066/3236 1354/2065/3237 1320/1963/3238 1319/1962/3239
s 7
f 1345/2055/3240 1355/2066/3241 1319/1962/3242 1318/1961/3243
s 6
f 1357/2068/3113 1356/2067/3112 1345/2055/3201 1346/2056/3200
s 5
f 1358/2069/3109 1357/2068/3108 1346/2056/3205 1347/2057/3204
s 4
f 1359/2070/3105 1358/2069/3104 1347/2057/3209 1348/2058/3208
s 3
f 1360/2071/3101 1359/2070/3100 1348/2058/3213 1349/2059/3212
s 2
f 1361/2072/3097 1360/2071/3096 1349/2059/3217 1350/2060/3216
s 1
f 1362/2074/3093 1361/2072/3092 1350/2060/3221 1351/2062/3220
s 11
f 1363/2075/3133 1362/2073/3132 1351/2061/3225 1352/2063/3224
s 10
f 1364/2076/3129 1363/2075/3128 1352/2063/3229 1353/2064/3228
s 9
f 1365/2077/3125 1364/2076/3124 1353/2064/3233 1354/2065/3232
s 8
f 1366/2078/3121 1365/2077/3120 1354/2065/3237 1355/2066/3236
s 7
f 1356/2067/3117 1366/2078/3116 1355/2066/3241 1345/2055/3240
g default
v -56.527405 8.129384 -43.767590
v -48.364136 8.129384 -43.767590
v -56.527405 22.649229 -43.767590
v -48.364136 22.649229 -43.767590
v -56.527405 22.649229 -52.275696
v -48.364136 22.649229 -52.275696
v -56.527405 8.129384 -52.275696
v -48.364136 8.129384 -52.275696
v -56.527405 22.649229 -51.773193
v -56.527405 8.129384 -51.773193
v -48.364136 8.129384 -51.773193
v -48.364136 22.649229 -51.773193
v -56.527405 22.649229 -44.270088
v -56.527405 8.129384 -44.270088
v -48.364136 8.129384 -44.270088
v -48.364136 22.649229 -44.270088
v -55.996696 22.649229 -51.773193
v -55.996696 22.649229 -44.270088
v -55.996696 22.649229 -43.767590
v -55.996696 8.129384 -43.767590
v -55.996696 8.129384 -52.275696
v -55.996696 22.649229 -52.275696
v -48.894844 22.649229 -51.773193
v -48.894844 22.649229 -44.270088
v -48.894844 22.649229 -43.767590
v -48.894844 8.129384 -43.767590
v -48.894844 8.129384 -52.275696
v -48.894844 22.649229 -52.275696
v -48.894844 18.315441 -44.270088
v -55.996696 18.315441 -44.270088
v -48.894844 18.315441 -51.773197
v -55.996696 18.315441 -51.773197
vt 0.375000 0.000000
vt 0.625000 0.000000
vt 0.375000 0.250000
vt 0.625000 0.250000
vt 0.375000 0.500000
vt 0.625000 0.500000
vt 0.375000 0.750000
vt 0.625000 0.750000
vt 0.875000 0.000000
vt 0.875000 0.250000
vt 0.125000 0.000000
vt 0.125000 0.250000
vt 0.208333 0.250000
vt 0.375000 0.416667
vt 0.208333 0.000000
vt 0.791667 0.000000
vt 0.625000 0.416667
vt 0.791667 0.250000
vt 0.291667 0.250000
vt 0.375000 0.333333
vt 0.291667 0.000000
vt 0.708333 0.000000
vt 0.625000 0.333333
vt 0.708333 0.250000
vt 0.458333 0.416667
vt 0.458333 0.333333
vt 0.458333 0.250000
vt 0.458333 0.000000
vt 0.458333 0.750000
vt 0.458333 0.500000
vt 0.541667 0.416667
vt 0.541667 0.333333
vt 0.541667 0.250000
vt 0.541667 0.000000
vt 0.541667 0.750000
vt 0.541667 0.500000
vt 0.458333 0.333333
vt 0.541667 0.333333
vt 0.541667 0.416667
vt 0.458333 0.416667
vn 0.000000 0.000000 1.000000
vn 0.000000 0.000000 1.000000
vn 0.000000 0.000000 1.000000
vn 0.000000 0.000000 1.000000
vn 0.000000 1.000000 0.000000
vn 0.000000 1.000000 0.000000
vn 0.000000 1.000000 0.000000
vn 0.000000 1.000000 0.000000
vn 0.000000 0.000000 -1.000000
vn 0.000000 0.000000 -1.000000
vn 0.000000 0.000000 -1.000000
vn 0.000000 0.000000 -1.000000
vn 1.000000 0.000000 0.000000
vn 1.000000 0.000000 0.000000
vn 1.000000 0.000000 0.000000
vn 1.000000 0.000000 0.000000
vn -1.000000 0.000000 0.000000
vn -1.000000 0.000000 0.000000
vn -1.000000 0.000000 0.000000
vn -1.000000 0.000000 0.000000
vn -1.000000 0.000000 0.000000
vn -1.000000 0.000000 0.000000
vn -1.000000 0.000000 0.000000
vn -1.000000 0.000000 0.000000
vn 1.000000 0.000000 0.000000
vn 1.000000 0.000000 0.000000
vn 1.000000 0.000000 0.000000
vn 1.000000 0.000000 0.000000
vn 0.000000 1.000000 0.000000
vn 0.000000 1.000000 0.000000
vn 0.000000 1.000000 0.000000
vn 0.000000 1.000000 0.000000
vn 0.000000 1.000000 0.000000
vn 0.000000 1.000000 0.000000
vn 0.000000 1.000000 0.000000
vn 0.000000 1.000000 0.000000
vn 0.000000 1.000000 0.000000
vn 0.000000 1.000000 0.000000
vn 0.000000 0.000000 1.000000
vn 0.000000 0.000000 1.000000
vn 0.000000 0.000000 1.000000
vn 0.000000 0.000000 1.000000
vn 0.000000 0.000000 -1.000000
vn 0.000000 0.000000 -1.000000
vn 0.000000 0.000000 -1.000000
vn 0.000000 0.000000 -1.000000
vn 0.000000 1.000000 0.000000
vn 0.000000 1.000000 0.000000
vn 0.000000 1.000000 0.000000
vn 0.000000 1.000000 0.000000
vn 0.000000 1.000000 0.000000
vn 0.000000 1.000000 0.000000
vn 0.000000 0.000000 -1.000000
vn 0.000000 0.000000 -1.000000
vn 0.000000 0.000000 -1.000000
vn 0.000000 0.000000 -1.000000
vn -1.000000 0.000000 0.000000
vn -1.000000 0.000000 0.000000
vn -1.000000 0.000000 0.000000
vn -1.000000 0.000000 0.000000
vn 0.000000 -0.000001 1.000000
vn 0.000000 -0.000001 1.000000
vn 0.000000 -0.000001 1.000000
vn 0.000000 -0.000001 1.000000
vn 1.000000 -0.000000 0.000000
vn 1.000000 -0.000000 0.000000
vn 1.000000 -0.000000 0.000000
vn 1.000000 -0.000000 0.000000
s 1
g group2 pCube44 Botes
usemtl initialShadingGroup
f 1392/2112/3244 1368/2080/3245 1370/2082/3246 1391/2111/3247
s 2
f 1391/2111/3248 1370/2082/3249 1382/2101/3250 1390/2110/3251
s 3
f 1394/2114/3252 1372/2084/3253 1374/2086/3254 1393/2113/3255
s 4
f 1368/2080/3256 1381/2100/3257 1382/2102/3258 1370/2082/3259
s 5
f 1380/2099/3260 1367/2079/3261 1369/2081/3262 1379/2097/3263
f 1373/2089/3264 1376/2093/3265 1375/2091/3266 1371/2090/3267
s 4
f 1378/2096/3268 1377/2094/3269 1374/2087/3270 1372/2088/3271
s 2
f 1394/2114/3272 1389/2109/3273 1378/2095/3274 1372/2084/3275
s 5
f 1376/2093/3265 1380/2099/3260 1379/2097/3263 1375/2091/3266
s 4
f 1382/2102/3258 1381/2100/3257 1377/2094/3269 1378/2096/3268
s 2
f 1390/2110/3251 1382/2101/3250 1378/2095/3274 1389/2109/3273
f 1379/2098/3276 1384/2104/3277 1383/2103/3278 1375/2092/3279
f 1369/2081/3280 1385/2105/3281 1384/2104/3277 1379/2098/3276
s 1
f 1367/2079/3282 1386/2106/3283 1385/2105/3284 1369/2081/3285
s 3
f 1371/2083/3286 1388/2108/3287 1387/2107/3288 1373/2085/3289
s 2
f 1375/2092/3279 1383/2103/3278 1388/2108/3290 1371/2083/3291
s off
f 1396/2115/3292 1395/2116/3293 1397/2117/3294 1398/2118/3295
s 2
f 1385/2105/3281 1391/2111/3248 1390/2110/3251 1384/2104/3277
s 1
f 1386/2106/3283 1392/2112/3244 1391/2111/3247 1385/2105/3284
s 3
f 1388/2108/3287 1394/2114/3252 1393/2113/3255 1387/2107/3288
s 2
f 1388/2108/3290 1383/2103/3278 1389/2109/3273 1394/2114/3272
s off
f 1384/2104/3296 1390/2110/3297 1395/2116/3298 1396/2115/3299
f 1390/2110/3300 1389/2109/3301 1397/2117/3302 1395/2116/3303
f 1389/2109/3304 1383/2103/3305 1398/2118/3306 1397/2117/3307
f 1383/2103/3308 1384/2104/3309 1396/2115/3310 1398/2118/3311
g default
v -70.289368 8.287710 -43.767590
v -58.872589 8.287710 -43.767590
v -70.289368 15.728979 -43.767590
v -58.872589 15.728979 -43.767590
v -70.289368 15.728979 -52.275696
v -58.872589 15.728979 -52.275696
v -70.289368 8.287710 -52.275696
v -58.872589 8.287710 -52.275696
v -70.289368 15.728979 -51.773193
v -70.289368 8.287710 -51.773193
v -58.872589 8.287710 -51.773193
v -58.872589 15.728979 -51.773193
v -70.289368 15.728979 -44.270088
v -70.289368 8.287710 -44.270088
v -58.872589 8.287710 -44.270088
v -58.872589 15.728979 -44.270088
v -69.808960 15.728979 -51.773193
v -69.808960 15.728979 -44.270088
v -69.808960 15.728979 -43.767590
v -69.808960 8.287710 -43.767590
v -69.808960 8.287710 -52.275696
v -69.808960 15.728979 -52.275696
v -59.352993 15.728979 -51.773193
v -59.352993 15.728979 -44.270088
v -59.352993 15.728979 -43.767590
v -59.352993 8.287710 -43.767590
v -59.352993 8.287710 -52.275696
v -59.352993 15.728979 -52.275696
v -59.352993 13.507957 -44.270088
v -69.808960 13.507957 -44.270088
v -59.352993 13.507957 -51.773197
v -69.808960 13.507957 -51.773197
vt 0.375000 0.000000
vt 0.625000 0.000000
vt 0.375000 0.250000
vt 0.625000 0.250000
vt 0.375000 0.500000
vt 0.625000 0.500000
vt 0.375000 0.750000
vt 0.625000 0.750000
vt 0.875000 0.000000
vt 0.875000 0.250000
vt 0.125000 0.000000
vt 0.125000 0.250000
vt 0.208333 0.250000
vt 0.375000 0.416667
vt 0.208333 0.000000
vt 0.791667 0.000000
vt 0.625000 0.416667
vt 0.791667 0.250000
vt 0.291667 0.250000
vt 0.375000 0.333333
vt 0.291667 0.000000
vt 0.708333 0.000000
vt 0.625000 0.333333
vt 0.708333 0.250000
vt 0.458333 0.416667
vt 0.458333 0.333333
vt 0.458333 0.250000
vt 0.458333 0.000000
vt 0.458333 0.750000
vt 0.458333 0.500000
vt 0.541667 0.416667
vt 0.541667 0.333333
vt 0.541667 0.250000
vt 0.541667 0.000000
vt 0.541667 0.750000
vt 0.541667 0.500000
vt 0.458333 0.333333
vt 0.541667 0.333333
vt 0.541667 0.416667
vt 0.458333 0.416667
vn 0.000000 0.000000 1.000000
vn 0.000000 0.000000 1.000000
vn 0.000000 0.000000 1.000000
vn 0.000000 0.000000 1.000000
vn 0.000000 1.000000 0.000000
vn 0.000000 1.000000 0.000000
vn 0.000000 1.000000 0.000000
vn 0.000000 1.000000 0.000000
vn 0.000000 0.000000 -1.000000
vn 0.000000 0.000000 -1.000000
vn 0.000000 0.000000 -1.000000
vn 0.000000 0.000000 -1.000000
vn 1.000000 0.000000 0.000000
vn 1.000000 0.000000 0.000000
vn 1.000000 0.000000 0.000000
vn 1.000000 0.000000 0.000000
vn -1.000000 0.000000 0.000000
vn -1.000000 0.000000 0.000000
vn -1.000000 0.000000 0.000000
vn -1.000000 0.000000 0.000000
vn -1.000000 0.000000 0.000000
vn -1.000000 0.000000 0.000000
vn -1.000000 0.000000 0.000000
vn -1.000000 0.000000 0.000000
vn 1.000000 0.000000 0.000000
vn 1.000000 0.000000 0.000000
vn 1.000000 0.000000 0.000000
vn 1.000000 0.000000 0.000000
vn 0.000000 1.000000 0.000000
vn 0.000000 1.000000 0.000000
vn 0.000000 1.000000 0.000000
vn 0.000000 1.000000 0.000000
vn 0.000000 1.000000 0.000000
vn 0.000000 1.000000 0.000000
vn 0.000000 1.000000 0.000000
vn 0.000000 1.000000 0.000000
vn 0.000000 1.000000 0.000000
vn 0.000000 1.000000 0.000000
vn 0.000000 0.000000 1.000000
vn 0.000000 0.000000 1.000000
vn 0.000000 0.000000 1.000000
vn 0.000000 0.000000 1.000000
vn 0.000000 0.000000 -1.000000
vn 0.000000 0.000000 -1.000000
vn 0.000000 0.000000 -1.000000
vn 0.000000 0.000000 -1.000000
vn 0.000000 1.000000 0.000000
vn 0.000000 1.000000 0.000000
vn 0.000000 1.000000 0.000000
vn 0.000000 1.000000 0.000000
vn 0.000000 1.000000 0.000000
vn 0.000000 1.000000 0.000000
vn 0.000000 0.000000 -1.000000
vn 0.000000 0.000000 -1.000000
vn 0.000000 0.000000 -1.000000
vn 0.000000 0.000000 -1.000000
vn -1.000000 0.000000 0.000000
vn -1.000000 0.000000 0.000000
vn -1.000000 0.000000 0.000000
vn -1.000000 0.000000 0.000000
vn 0.000000 -0.000002 1.000000
vn 0.000000 -0.000002 1.000000
vn 0.000000 -0.000002 1.000000
vn 0.000000 -0.000002 1.000000
vn 1.000000 0.000001 0.000000
vn 1.000000 0.000001 0.000000
vn 1.000000 0.000001 0.000000
vn 1.000000 0.000001 0.000000
s 1
g group2 Botes pCube43
usemtl initialShadingGroup
f 1424/2152/3312 1400/2120/3313 1402/2122/3314 1423/2151/3315
s 2
f 1423/2151/3316 1402/2122/3317 1414/2141/3318 1422/2150/3319
s 3
f 1426/2154/3320 1404/2124/3321 1406/2126/3322 1425/2153/3323
s 4
f 1400/2120/3324 1413/2140/3325 1414/2142/3326 1402/2122/3327
s 5
f 1412/2139/3328 1399/2119/3329 1401/2121/3330 1411/2137/3331
f 1405/2129/3332 1408/2133/3333 1407/2131/3334 1403/2130/3335
s 4
f 1410/2136/3336 1409/2134/3337 1406/2127/3338 1404/2128/3339
s 2
f 1426/2154/3340 1421/2149/3341 1410/2135/3342 1404/2124/3343
s 5
f 1408/2133/3333 1412/2139/3328 1411/2137/3331 1407/2131/3334
s 4
f 1414/2142/3326 1413/2140/3325 1409/2134/3337 1410/2136/3336
s 2
f 1422/2150/3319 1414/2141/3318 1410/2135/3342 1421/2149/3341
f 1411/2138/3344 1416/2144/3345 1415/2143/3346 1407/2132/3347
f 1401/2121/3348 1417/2145/3349 1416/2144/3345 1411/2138/3344
s 1
f 1399/2119/3350 1418/2146/3351 1417/2145/3352 1401/2121/3353
s 3
f 1403/2123/3354 1420/2148/3355 1419/2147/3356 1405/2125/3357
s 2
f 1407/2132/3347 1415/2143/3346 1420/2148/3358 1403/2123/3359
s off
f 1428/2155/3360 1427/2156/3361 1429/2157/3362 1430/2158/3363
s 2
f 1417/2145/3349 1423/2151/3316 1422/2150/3319 1416/2144/3345
s 1
f 1418/2146/3351 1424/2152/3312 1423/2151/3315 1417/2145/3352
s 3
f 1420/2148/3355 1426/2154/3320 1425/2153/3323 1419/2147/3356
s 2
f 1420/2148/3358 1415/2143/3346 1421/2149/3341 1426/2154/3340
s off
f 1416/2144/3364 1422/2150/3365 1427/2156/3366 1428/2155/3367
f 1422/2150/3368 1421/2149/3369 1429/2157/3370 1427/2156/3371
f 1421/2149/3372 1415/2143/3373 1430/2158/3374 1429/2157/3375
f 1415/2143/3376 1416/2144/3377 1428/2155/3378 1430/2158/3379
g default
v -39.375462 8.172590 1.079441
v -35.373184 8.172590 1.079441
v -39.375462 17.182001 1.079441
v -35.373184 17.182001 1.079441
v -39.375462 17.182001 -7.929970
v -35.373184 17.182001 -7.929970
v -39.375462 8.172590 -7.929970
v -35.373184 8.172590 -7.929970
v -39.175449 17.182001 0.879442
v -35.573185 17.182001 0.879442
v -35.573185 17.182001 -7.729970
v -39.175449 17.182001 -7.729970
v -39.175449 16.638767 0.879442
v -35.573185 16.638767 0.879442
v -35.573185 16.638767 -7.729970
v -39.175449 16.638767 -7.729970
v -39.375462 15.657068 -7.929970
v -39.375462 15.657068 1.079441
v -35.373184 15.657068 1.079441
v -35.373184 15.657068 -7.929970
v -39.478302 8.455929 -8.091796
v -39.478302 8.455929 1.241267
v -39.478302 15.421588 1.241267
v -39.478302 15.421588 -8.091796
v -35.270344 8.455929 1.241267
v -35.270344 15.421588 1.241267
v -35.270344 8.455929 -8.091796
v -35.270344 15.421588 -8.091796
vt 0.375000 0.000000
vt 0.625000 0.000000
vt 0.375000 0.250000
vt 0.625000 0.250000
vt 0.375000 0.500000
vt 0.625000 0.500000
vt 0.375000 0.750000
vt 0.625000 0.750000
vt 0.375000 1.000000
vt 0.625000 1.000000
vt 0.875000 0.000000
vt 0.875000 0.250000
vt 0.125000 0.000000
vt 0.125000 0.250000
vt 0.375000 0.250000
vt 0.625000 0.250000
vt 0.625000 0.500000
vt 0.375000 0.500000
vt 0.375000 0.250000
vt 0.625000 0.250000
vt 0.625000 0.500000
vt 0.375000 0.500000
vt 0.125000 0.125000
vt 0.375000 0.625000
vt 0.375000 0.125000
vt 0.625000 0.125000
vt 0.625000 0.625000
vt 0.875000 0.125000
vt 0.125000 0.000000
vt 0.375000 0.000000
vt 0.375000 0.125000
vt 0.125000 0.125000
vt 0.625000 0.000000
vt 0.625000 0.125000
vt 0.875000 0.000000
vt 0.875000 0.125000
vt 0.375000 0.625000
vt 0.625000 0.625000
vt 0.625000 0.750000
vt 0.375000 0.750000
vn 0.000000 0.000000 1.000000
vn 0.000000 0.000000 1.000000
vn 0.000000 0.000000 1.000000
vn 0.000000 0.000000 1.000000
vn 0.000000 1.000000 0.000000
vn 0.000000 1.000000 0.000000
vn 0.000000 1.000000 0.000000
vn 0.000000 1.000000 0.000000
vn 0.000000 0.000000 -1.000000
vn 0.000000 0.000000 -1.000000
vn 0.000000 0.000000 -1.000000
vn 0.000000 0.000000 -1.000000
vn 0.000000 -1.000000 0.000000
vn 0.000000 -1.000000 0.000000
vn 0.000000 -1.000000 0.000000
vn 0.000000 -1.000000 0.000000
vn 1.000000 0.000000 0.000000
vn 1.000000 0.000000 0.000000
vn 1.000000 0.000000 0.000000
vn 1.000000 0.000000 0.000000
vn -1.000000 0.000000 0.000000
vn -1.000000 0.000000 0.000000
vn -1.000000 0.000000 0.000000
vn -1.000000 0.000000 0.000000
vn 0.000000 1.000000 0.000001
vn 0.000000 1.000000 0.000001
vn 0.000000 1.000000 0.000001
vn 0.000000 1.000000 0.000001
vn 0.000000 1.000000 0.000001
vn 0.000000 1.000000 0.000001
vn 0.000000 1.000000 0.000001
vn 0.000000 1.000000 0.000001
vn 0.000000 0.000000 -1.000000
vn 0.000000 0.000000 -1.000000
vn 0.000000 0.000000 -1.000000
vn 0.000000 0.000000 -1.000000
vn -1.000000 0.000000 0.000000
vn -1.000000 0.000000 0.000000
vn -1.000000 0.000000 0.000000
vn -1.000000 0.000000 0.000000
vn 0.000000 0.000000 1.000000
vn 0.000000 0.000000 1.000000
vn 0.000000 0.000000 1.000000
vn 0.000000 0.000000 1.000000
vn 1.000000 0.000000 0.000000
vn 1.000000 0.000000 0.000000
vn 1.000000 0.000000 0.000000
vn 1.000000 0.000000 0.000000
vn -1.000000 0.000000 0.000000
vn -1.000000 0.000000 0.000000
vn -1.000000 0.000000 0.000000
vn -1.000000 0.000000 0.000000
vn 0.000000 0.000000 1.000000
vn 0.000000 0.000000 1.000000
vn 0.000000 0.000000 1.000000
vn 0.000000 0.000000 1.000000
vn 1.000000 0.000000 0.000000
vn 1.000000 0.000000 0.000000
vn 1.000000 0.000000 0.000000
vn 1.000000 0.000000 0.000000
vn 0.000000 0.000000 -1.000000
vn 0.000000 0.000000 -1.000000
vn 0.000000 0.000000 -1.000000
vn 0.000000 0.000000 -1.000000
vn -0.939996 -0.341185 0.000000
vn -0.939996 -0.341185 0.000000
vn -0.939996 -0.341185 0.000000
vn -0.939996 -0.341185 0.000000
vn -0.916418 0.400222 0.000000
vn -0.916418 0.400222 0.000000
vn -0.916418 0.400222 0.000000
vn -0.916418 0.400222 0.000000
vn 0.000000 -0.495949 0.868351
vn 0.000000 -0.495949 0.868351
vn 0.000000 -0.495949 0.868351
vn 0.000000 -0.495949 0.868351
vn 0.000000 0.566368 0.824152
vn 0.000000 0.566368 0.824152
vn 0.000000 0.566368 0.824152
vn 0.000000 0.566368 0.824152
vn 0.940001 -0.341172 0.000000
vn 0.940001 -0.341172 0.000000
vn 0.940001 -0.341172 0.000000
vn 0.940001 -0.341172 0.000000
vn 0.916420 0.400218 0.000000
vn 0.916420 0.400218 0.000000
vn 0.916420 0.400218 0.000000
vn 0.916420 0.400218 0.000000
vn 0.000000 0.566369 -0.824152
vn 0.000000 0.566369 -0.824152
vn 0.000000 0.566369 -0.824152
vn 0.000000 0.566369 -0.824152
vn 0.000000 -0.495950 -0.868351
vn 0.000000 -0.495950 -0.868351
vn 0.000000 -0.495950 -0.868351
vn 0.000000 -0.495950 -0.868351
s off
g group2 Botes pCube40
usemtl initialShadingGroup
f 1448/2183/3380 1449/2184/3381 1434/2162/3382 1433/2161/3383
f 1443/2177/3384 1444/2178/3385 1445/2179/3386 1446/2180/3387
f 1435/2163/3388 1436/2164/3389 1450/2185/3390 1447/2182/3391
f 1437/2165/3392 1438/2166/3393 1432/2168/3394 1431/2167/3395
f 1449/2184/3396 1450/2186/3397 1436/2170/3398 1434/2162/3399
f 1447/2181/3400 1448/2183/3401 1433/2161/3402 1435/2172/3403
s 1
f 1433/2161/3404 1434/2162/3405 1440/2174/3406 1439/2173/3407
f 1434/2162/3405 1436/2164/3408 1441/2175/3409 1440/2174/3406
f 1436/2164/3408 1435/2163/3410 1442/2176/3411 1441/2175/3409
f 1435/2163/3410 1433/2161/3404 1439/2173/3407 1442/2176/3411
s off
f 1439/2173/3412 1440/2174/3413 1444/2178/3414 1443/2177/3415
f 1440/2174/3416 1441/2175/3417 1445/2179/3418 1444/2178/3419
f 1441/2175/3420 1442/2176/3421 1446/2180/3422 1445/2179/3423
f 1442/2176/3424 1439/2173/3425 1443/2177/3426 1446/2180/3427
f 1451/2187/3428 1452/2188/3429 1453/2189/3430 1454/2190/3431
f 1452/2188/3432 1455/2191/3433 1456/2192/3434 1453/2189/3435
f 1455/2191/3436 1457/2193/3437 1458/2194/3438 1456/2192/3439
f 1454/2195/3440 1458/2196/3441 1457/2197/3442 1451/2198/3443
f 1437/2171/3444 1431/2159/3445 1452/2188/3446 1451/2187/3447
f 1448/2183/3448 1447/2181/3449 1454/2190/3450 1453/2189/3451
f 1431/2159/3452 1432/2160/3453 1455/2191/3454 1452/2188/3455
f 1449/2184/3456 1448/2183/3457 1453/2189/3458 1456/2192/3459
f 1432/2160/3460 1438/2169/3461 1457/2193/3462 1455/2191/3463
f 1450/2186/3464 1449/2184/3465 1456/2192/3466 1458/2194/3467
f 1447/2182/3468 1450/2185/3469 1458/2196/3470 1454/2195/3471
f 1438/2166/3472 1437/2165/3473 1451/2198/3474 1457/2197/3475
g default
v -3.932468 8.426139 14.674606
v 3.932468 8.426139 14.674606
v -3.992855 34.878933 14.674606
v 3.992855 34.878933 14.674606
v -3.992855 34.878933 14.448587
v 3.992855 34.878933 14.448587
v -3.932468 8.337216 14.448587
v 3.932468 8.337216 14.448587
v -4.798839 33.717300 14.674606
v -4.798839 33.717300 14.448587
v 4.798839 33.717300 14.448587
v 4.798839 33.717300 14.674606
v -3.932468 16.716539 14.674606
v -3.932468 16.716539 14.448587
v 3.932468 16.716539 14.448587
v 3.932468 16.716539 14.674606
v 4.798839 21.128843 14.674606
v -4.798839 21.128843 14.674606
v -4.798839 21.128843 14.448587
v 4.798839 21.128843 14.448587
v -3.932468 8.639009 14.674606
v -3.932468 8.529455 14.448587
v 3.932468 8.529455 14.448587
v 3.932468 8.639009 14.674606
v -3.932468 8.529455 11.042427
v 3.932468 8.529455 11.042427
v 3.932468 8.337216 11.042427
v -3.932468 8.337216 11.042427
vt 0.375000 0.000000
vt 0.625000 0.000000
vt 0.375000 0.250000
vt 0.625000 0.250000
vt 0.375000 0.500000
vt 0.625000 0.500000
vt 0.375000 0.750000
vt 0.625000 0.750000
vt 0.875000 0.000000
vt 0.875000 0.250000
vt 0.125000 0.000000
vt 0.125000 0.250000
vt 0.375000 0.239169
vt 0.125000 0.239169
vt 0.375000 0.510831
vt 0.625000 0.510831
vt 0.875000 0.239169
vt 0.625000 0.239169
vt 0.375000 0.080656
vt 0.125000 0.080656
vt 0.375000 0.669344
vt 0.625000 0.669344
vt 0.875000 0.080656
vt 0.625000 0.080656
vt 0.625000 0.121796
vt 0.375000 0.121796
vt 0.125000 0.121796
vt 0.375000 0.628204
vt 0.625000 0.628204
vt 0.875000 0.121796
vt 0.375000 0.004008
vt 0.125000 0.004008
vt 0.375000 0.745992
vt 0.625000 0.745992
vt 0.875000 0.004008
vt 0.625000 0.004008
vt 0.375000 0.745992
vt 0.625000 0.745992
vt 0.625000 0.750000
vt 0.375000 0.750000
vn 0.000000 0.000000 1.000000
vn 0.000000 0.000000 1.000000
vn 0.000000 0.000000 1.000000
vn 0.000000 0.000000 1.000000
vn 0.000000 1.000000 0.000000
vn 0.000000 1.000000 0.000000
vn 0.000000 1.000000 0.000000
vn 0.000000 1.000000 0.000000
vn 0.000000 0.000000 -1.000000
vn 0.000000 0.000000 -1.000000
vn 0.000000 0.000000 -1.000000
vn 0.000000 0.000000 -1.000000
vn 1.000000 0.000000 0.000000
vn 1.000000 0.000000 0.000000
vn 1.000000 0.000000 0.000001
vn 1.000000 0.000000 0.000001
vn -1.000000 0.000000 0.000000
vn -1.000000 0.000000 0.000000
vn -1.000000 0.000000 0.000001
vn -1.000000 0.000000 0.000001
vn -0.998287 0.058516 0.000000
vn -0.998287 0.058516 0.000000
vn -0.821603 0.570060 0.000000
vn -0.821603 0.570060 0.000000
vn 0.000000 0.000000 -1.000000
vn 0.000000 0.000000 -1.000000
vn 0.000000 0.000000 -1.000000
vn 0.000000 0.000000 -1.000000
vn 0.998287 0.058516 0.000000
vn 0.998287 0.058516 0.000000
vn 0.821603 0.570060 0.000000
vn 0.821603 0.570060 0.000000
vn 0.000000 0.000000 1.000000
vn 0.000000 0.000000 1.000000
vn 0.000000 0.000000 1.000000
vn 0.000000 0.000000 1.000000
vn -0.997624 -0.068899 0.000000
vn -0.997624 -0.068899 0.000000
vn -0.998704 -0.050895 0.000000
vn -0.998704 -0.050895 0.000000
vn 0.000000 0.000000 -1.000000
vn 0.000000 0.000000 -1.000000
vn 0.000000 0.000000 -1.000000
vn 0.000000 0.000000 -1.000000
vn 0.997624 -0.068899 0.000000
vn 0.997624 -0.068899 0.000000
vn 0.998704 -0.050895 0.000000
vn 0.998704 -0.050895 0.000000
vn 0.000000 0.000000 1.000000
vn 0.000000 0.000000 1.000000
vn 0.000000 0.000000 1.000000
vn 0.000000 0.000000 1.000000
vn 0.000000 0.000000 -1.000000
vn 0.000000 0.000000 -1.000000
vn 0.000000 1.000000 0.000000
vn 0.000000 1.000000 0.000000
vn 0.000000 1.000000 0.000000
vn 0.000000 1.000000 0.000000
vn 1.000000 0.000000 0.000000
vn 1.000000 0.000000 0.000000
vn 1.000000 0.000000 0.000000
vn 1.000000 0.000000 0.000000
vn -1.000000 0.000000 0.000000
vn -1.000000 0.000000 0.000000
vn -1.000000 0.000000 0.000000
vn -1.000000 0.000000 0.000000
s 1
g group2 pCube26 Pantalla_holografica
usemtl initialShadingGroup
f 1459/2199/3476 1460/2200/3477 1482/2234/3478 1479/2229/3479
s off
f 1461/2201/3480 1462/2202/3481 1464/2204/3482 1463/2203/3483
f 1483/2235/3484 1484/2236/3485 1485/2237/3486 1486/2238/3487
s 2
f 1460/2200/3488 1466/2207/3489 1481/2233/3490 1482/2234/3491
s 3
f 1465/2209/3492 1459/2199/3493 1479/2229/3494 1480/2230/3495
f 1468/2212/3496 1467/2211/3497 1461/2201/3498 1463/2210/3499
s 5
f 1463/2203/3500 1464/2204/3501 1469/2214/3502 1468/2213/3503
s 2
f 1470/2216/3504 1469/2215/3505 1464/2208/3506 1462/2202/3507
s 1
f 1467/2211/3508 1470/2216/3509 1462/2202/3510 1461/2201/3511
s 3
f 1472/2218/3512 1471/2217/3513 1476/2224/3514 1477/2225/3515
s 5
f 1477/2226/3516 1478/2227/3517 1473/2220/3518 1472/2219/3519
s 2
f 1474/2222/3520 1473/2221/3521 1478/2228/3522 1475/2223/3523
s 1
f 1471/2217/3524 1474/2222/3525 1475/2223/3526 1476/2224/3527
f 1476/2224/3527 1475/2223/3526 1470/2216/3509 1467/2211/3508
s 3
f 1477/2225/3515 1476/2224/3514 1467/2211/3497 1468/2212/3496
s 5
f 1468/2213/3503 1469/2214/3502 1478/2227/3517 1477/2226/3516
s 2
f 1475/2223/3523 1478/2228/3522 1469/2215/3505 1470/2216/3504
s 3
f 1480/2230/3495 1479/2229/3494 1471/2217/3513 1472/2218/3512
s 5
f 1472/2219/3519 1473/2220/3518 1481/2232/3528 1480/2231/3529
s 2
f 1482/2234/3491 1481/2233/3490 1473/2221/3521 1474/2222/3520
s 1
f 1479/2229/3479 1482/2234/3478 1474/2222/3525 1471/2217/3524
s off
f 1480/2231/3530 1481/2232/3531 1484/2236/3532 1483/2235/3533
f 1481/2232/3534 1466/2206/3535 1485/2237/3536 1484/2236/3537
f 1465/2205/3538 1480/2231/3539 1483/2235/3540 1486/2238/3541
g default
v -3.727708 22.295868 14.796545
v 3.889532 22.295868 14.796545
v -3.727708 32.875023 14.796545
v 3.889532 32.875023 14.796545
v -3.727708 32.875023 14.673158
v 3.889532 32.875023 14.673158
v -3.727708 22.295868 14.673158
v 3.889532 22.295868 14.673158
vt 0.375000 0.000000
vt 0.625000 0.000000
vt 0.375000 0.250000
vt 0.625000 0.250000
vt 0.375000 0.500000
vt 0.625000 0.500000
vt 0.875000 0.000000
vt 0.875000 0.250000
vt 0.125000 0.000000
vt 0.125000 0.250000
vn 0.000000 0.000000 1.000000
vn 0.000000 0.000000 1.000000
vn 0.000000 0.000000 1.000000
vn 0.000000 0.000000 1.000000
vn 0.000000 1.000000 0.000000
vn 0.000000 1.000000 0.000000
vn 0.000000 1.000000 0.000000
vn 0.000000 1.000000 0.000000
vn 1.000000 0.000000 0.000000
vn 1.000000 0.000000 0.000000
vn 1.000000 0.000000 0.000000
vn 1.000000 0.000000 0.000000
vn -1.000000 0.000000 0.000000
vn -1.000000 0.000000 0.000000
vn -1.000000 0.000000 0.000000
vn -1.000000 0.000000 0.000000
s off
g group2 Pantalla_holografica pCube27
usemtl initialShadingGroup
f 1487/2239/3542 1488/2240/3543 1490/2242/3544 1489/2241/3545
f 1489/2241/3546 1490/2242/3547 1492/2244/3548 1491/2243/3549
f 1488/2240/3550 1494/2245/3551 1492/2246/3552 1490/2242/3553
f 1493/2247/3554 1487/2239/3555 1489/2241/3556 1491/2248/3557
g default
v 26.853550 19.602282 46.908749
v 52.299923 19.602282 47.025848
v 26.853550 19.914062 46.908749
v 52.299923 19.914062 47.025848
v 26.900967 19.914062 36.604641
v 52.347340 19.914062 36.721741
v 26.900967 19.602282 36.604641
v 52.347340 19.602282 36.721741
vt 0.375000 0.000000
vt 0.625000 0.000000
vt 0.375000 0.250000
vt 0.625000 0.250000
vt 0.375000 0.500000
vt 0.625000 0.500000
vt 0.375000 0.750000
vt 0.625000 0.750000
vt 0.375000 1.000000
vt 0.625000 1.000000
vt 0.875000 0.000000
vt 0.875000 0.250000
vt 0.125000 0.000000
vt 0.125000 0.250000
vn 0.000000 1.000000 0.000000
vn 0.000000 1.000000 0.000000
vn 0.000000 1.000000 0.000000
vn 0.000000 1.000000 0.000000
vn 0.004602 0.000000 -0.999990
vn 0.004602 0.000000 -0.999990
vn 0.004602 0.000000 -0.999990
vn 0.004602 0.000000 -0.999990
vn 0.000000 -1.000000 -0.000000
vn 0.000000 -1.000000 -0.000000
vn 0.000000 -1.000000 -0.000000
vn 0.000000 -1.000000 -0.000000
vn 0.999990 0.000000 0.004602
vn 0.999990 0.000000 0.004602
vn 0.999990 0.000000 0.004602
vn 0.999990 0.000000 0.004602
vn -0.999990 0.000000 -0.004602
vn -0.999990 0.000000 -0.004602
vn -0.999990 0.000000 -0.004602
vn -0.999990 0.000000 -0.004602
s off
g group2 pCube30 Escritorio
usemtl initialShadingGroup
f 1497/2251/3558 1498/2252/3559 1500/2254/3560 1499/2253/3561
f 1499/2253/3562 1500/2254/3563 1502/2256/3564 1501/2255/3565
f 1501/2255/3566 1502/2256/3567 1496/2258/3568 1495/2257/3569
f 1496/2250/3570 1502/2259/3571 1500/2260/3572 1498/2252/3573
f 1501/2261/3574 1495/2249/3575 1497/2251/3576 1499/2262/3577
g default
v 43.049274 8.945274 46.946167
v 52.234287 8.945274 46.988434
v 43.049274 19.325102 46.946167
v 52.234287 19.325102 46.988434
v 43.096691 19.325102 36.642059
v 52.281704 19.325102 36.684326
v 43.096691 8.945274 36.642059
v 52.281704 8.945274 36.684326
v 52.234287 10.105987 46.988434
v 52.281704 10.105987 36.684326
v 43.096691 10.105987 36.642059
v 43.049274 10.105987 46.946167
v 52.234287 10.311145 46.988434
v 52.281704 10.311145 36.684326
v 43.096691 10.311145 36.642059
v 43.049274 10.311145 46.946167
v 52.234287 13.071652 46.988434
v 52.281704 13.071652 36.684326
v 43.096691 13.071652 36.642059
v 43.049274 13.071652 46.946167
v 52.234287 13.276810 46.988434
v 52.281704 13.276810 36.684326
v 43.096691 13.276810 36.642059
v 43.049274 13.276810 46.946167
v 52.234287 16.037317 46.988434
v 52.281704 16.037317 36.684326
v 43.096691 16.037317 36.642059
v 43.049274 16.037317 46.946167
v 52.234287 16.242476 46.988434
v 52.281704 16.242476 36.684326
v 43.096691 16.242476 36.642059
v 43.049274 16.242476 46.946167
v 43.196697 19.225101 36.642521
v 52.181702 19.225101 36.683861
v 52.181702 16.342474 36.683861
v 43.196697 16.342474 36.642521
v 52.181702 12.971652 36.683861
v 43.196697 12.971652 36.642521
v 52.181702 10.411145 36.683861
v 43.196697 10.411145 36.642521
v 52.181702 15.937318 36.683861
v 43.196697 15.937318 36.642521
v 52.181702 13.376810 36.683861
v 43.196697 13.376810 36.642521
v 43.197201 19.225101 36.533104
v 52.182205 19.225101 36.574448
v 52.182205 16.342474 36.574448
v 43.197201 16.342474 36.533104
v 52.182205 12.971652 36.574448
v 43.197201 12.971652 36.533104
v 52.182205 10.411145 36.574448
v 43.197201 10.411145 36.533104
v 52.182205 15.937318 36.574448
v 43.197201 15.937318 36.533104
v 52.182205 13.376810 36.574448
v 43.197201 13.376810 36.533104
vt 0.375000 0.000000
vt 0.625000 0.000000
vt 0.375000 0.250000
vt 0.625000 0.250000
vt 0.375000 0.500000
vt 0.625000 0.500000
vt 0.375000 0.750000
vt 0.625000 0.750000
vt 0.375000 1.000000
vt 0.625000 1.000000
vt 0.875000 0.000000
vt 0.875000 0.250000
vt 0.125000 0.000000
vt 0.125000 0.250000
vt 0.625000 0.035714
vt 0.625000 0.714286
vt 0.875000 0.035714
vt 0.125000 0.035714
vt 0.375000 0.714286
vt 0.375000 0.035714
vt 0.625000 0.071429
vt 0.625000 0.678571
vt 0.875000 0.071429
vt 0.125000 0.071429
vt 0.375000 0.678571
vt 0.375000 0.071429
vt 0.625000 0.107143
vt 0.625000 0.642857
vt 0.875000 0.107143
vt 0.125000 0.107143
vt 0.375000 0.642857
vt 0.375000 0.107143
vt 0.625000 0.142857
vt 0.625000 0.607143
vt 0.875000 0.142857
vt 0.125000 0.142857
vt 0.375000 0.607143
vt 0.375000 0.142857
vt 0.625000 0.178571
vt 0.625000 0.571429
vt 0.875000 0.178571
vt 0.125000 0.178571
vt 0.375000 0.571429
vt 0.375000 0.178571
vt 0.625000 0.214286
vt 0.625000 0.535714
vt 0.875000 0.214286
vt 0.125000 0.214286
vt 0.375000 0.535714
vt 0.375000 0.214286
vt 0.375000 0.500000
vt 0.625000 0.500000
vt 0.625000 0.535714
vt 0.375000 0.535714
vt 0.375000 0.642857
vt 0.625000 0.642857
vt 0.625000 0.678571
vt 0.375000 0.678571
vt 0.375000 0.571429
vt 0.625000 0.571429
vt 0.625000 0.607143
vt 0.375000 0.607143
vt 0.375000 0.500000
vt 0.625000 0.500000
vt 0.625000 0.535714
vt 0.375000 0.535714
vt 0.375000 0.642857
vt 0.625000 0.642857
vt 0.625000 0.678571
vt 0.375000 0.678571
vt 0.375000 0.571429
vt 0.625000 0.571429
vt 0.625000 0.607143
vt 0.375000 0.607143
vn 0.000000 1.000000 -0.000000
vn 0.000000 1.000000 -0.000000
vn 0.000000 1.000000 -0.000000
vn 0.000000 1.000000 -0.000000
vn 0.004601 0.000000 -0.999990
vn 0.004601 0.000000 -0.999990
vn 0.004601 0.000000 -0.999990
vn 0.004601 0.000000 -0.999990
vn 0.000000 -1.000000 0.000000
vn 0.000000 -1.000000 0.000000
vn 0.000000 -1.000000 0.000000
vn 0.000000 -1.000000 0.000000
vn 0.999989 0.000000 0.004602
vn 0.999989 0.000000 0.004602
vn 0.999989 0.000000 0.004602
vn 0.999989 0.000000 0.004602
vn -0.999990 0.000000 -0.004602
vn -0.999990 0.000000 -0.004602
vn -0.999990 0.000000 -0.004602
vn -0.999990 0.000000 -0.004602
vn 0.999989 0.000000 0.004602
vn 0.999989 0.000000 0.004602
vn 0.999990 0.000000 0.004602
vn 0.999990 0.000000 0.004602
vn 0.004601 0.000000 -0.999989
vn 0.004601 0.000000 -0.999989
vn 0.004601 0.000000 -0.999990
vn 0.004601 0.000000 -0.999990
vn -0.999989 0.000000 -0.004602
vn -0.999989 0.000000 -0.004602
vn -0.999990 0.000000 -0.004602
vn -0.999990 0.000000 -0.004602
vn 0.999989 0.000000 0.004602
vn 0.999989 0.000000 0.004602
vn 0.004603 -0.000004 -0.999989
vn 0.004603 -0.000004 -0.999990
vn -0.999990 0.000000 -0.004602
vn -0.999990 0.000000 -0.004602
vn 0.999990 0.000000 0.004602
vn 0.999990 0.000000 0.004602
vn 0.004602 0.000000 -0.999990
vn 0.004602 0.000000 -0.999990
vn 0.004602 0.000000 -0.999990
vn 0.004602 0.000000 -0.999990
vn -0.999989 0.000000 -0.004602
vn -0.999989 0.000000 -0.004602
vn 0.999990 0.000000 0.004602
vn 0.999990 0.000000 0.004602
vn 0.004604 -0.000004 -0.999989
vn 0.004603 -0.000004 -0.999989
vn 0.004603 0.000004 -0.999989
vn 0.004604 0.000004 -0.999989
vn -0.999989 0.000000 -0.004602
vn -0.999989 0.000000 -0.004602
vn 0.999989 0.000000 0.004602
vn 0.999989 0.000000 0.004602
vn 0.004601 0.000000 -0.999989
vn 0.004601 0.000000 -0.999989
vn 0.004601 0.000000 -0.999989
vn 0.004601 0.000000 -0.999989
vn -0.999990 0.000000 -0.004602
vn -0.999990 0.000000 -0.004602
vn 0.004602 -0.000004 -0.999989
vn 0.004605 -0.000004 -0.999989
vn 0.004602 0.000004 -0.999990
vn 0.004603 0.000004 -0.999989
vn 0.004605 0.000015 -0.999989
vn 0.004617 0.000015 -0.999989
vn 0.004617 0.000015 -0.999989
vn 0.004605 0.000015 -0.999989
vn 0.004617 -0.000014 -0.999989
vn 0.004605 -0.000014 -0.999989
vn 0.004608 0.000015 -0.999989
vn 0.004609 0.000015 -0.999989
vn 0.004608 -0.000015 -0.999989
vn 0.004609 -0.000015 -0.999989
vn 0.004605 0.000015 -0.999989
vn 0.004609 0.000015 -0.999989
vn 0.004605 -0.000015 -0.999989
vn 0.004609 -0.000015 -0.999989
vn 0.000000 1.000000 0.000007
vn 0.000000 1.000000 0.000007
vn 0.000000 1.000000 0.000007
vn 0.000000 1.000000 0.000007
vn 0.999989 0.000000 0.004602
vn 0.999989 0.000000 0.004602
vn 0.999989 0.000000 0.004602
vn 0.999989 0.000000 0.004602
vn 0.000000 -1.000000 0.000005
vn 0.000000 -1.000000 0.000005
vn 0.000000 -1.000000 0.000005
vn 0.000000 -1.000000 0.000005
vn -0.999989 0.000000 -0.004602
vn -0.999989 0.000000 -0.004602
vn -0.999989 0.000000 -0.004602
vn -0.999989 0.000000 -0.004602
vn 0.000000 1.000000 0.000001
vn 0.000000 1.000000 0.000001
vn 0.000000 1.000000 0.000001
vn 0.000000 1.000000 0.000001
vn 0.999989 0.000000 0.004602
vn 0.999989 0.000000 0.004602
vn 0.999989 0.000000 0.004602
vn 0.999989 0.000000 0.004602
vn 0.000000 -1.000000 0.000001
vn 0.000000 -1.000000 0.000001
vn 0.000000 -1.000000 0.000001
vn 0.000000 -1.000000 0.000001
vn -0.999990 0.000000 -0.004602
vn -0.999990 0.000000 -0.004602
vn -0.999990 0.000000 -0.004602
vn -0.999990 0.000000 -0.004602
vn 0.000000 1.000000 -0.000001
vn 0.000000 1.000000 -0.000001
vn 0.000000 1.000000 -0.000001
vn 0.000000 1.000000 -0.000001
vn 0.999989 0.000000 0.004602
vn 0.999989 0.000000 0.004602
vn 0.999989 0.000000 0.004602
vn 0.999989 0.000000 0.004602
vn 0.000000 -1.000000 -0.000001
vn 0.000000 -1.000000 -0.000001
vn 0.000000 -1.000000 -0.000001
vn 0.000000 -1.000000 -0.000001
vn -0.999990 0.000000 -0.004602
vn -0.999990 0.000000 -0.004602
vn -0.999990 0.000000 -0.004602
vn -0.999990 0.000000 -0.004602
s off
g group2 Escritorio pCube32
usemtl initialShadingGroup
f 1505/2265/3578 1506/2266/3579 1508/2268/3580 1507/2267/3581
f 1547/2325/3582 1548/2326/3583 1549/2327/3584 1550/2328/3585
f 1509/2269/3586 1510/2270/3587 1504/2272/3588 1503/2271/3589
s 1
f 1531/2307/3590 1532/2309/3591 1508/2274/3592 1506/2266/3593
s 2
f 1533/2310/3594 1534/2312/3595 1505/2265/3596 1507/2276/3597
s 1
f 1504/2264/3598 1510/2273/3599 1512/2279/3600 1511/2277/3601
s 4
f 1513/2281/3602 1512/2278/3603 1510/2270/3604 1509/2269/3605
s 2
f 1509/2275/3606 1503/2263/3607 1514/2282/3608 1513/2280/3609
s 1
f 1511/2277/3601 1512/2279/3600 1516/2285/3610 1515/2283/3611
s 4
f 1517/2287/3612 1516/2284/3613 1512/2278/3603 1513/2281/3602
s 2
f 1513/2280/3609 1514/2282/3608 1518/2288/3614 1517/2286/3615
s 1
f 1515/2283/3611 1516/2285/3610 1520/2291/3616 1519/2289/3617
s off
f 1552/2329/3618 1551/2330/3619 1553/2331/3620 1554/2332/3621
s 2
f 1517/2286/3615 1518/2288/3614 1522/2294/3622 1521/2292/3623
s 1
f 1519/2289/3617 1520/2291/3616 1524/2297/3624 1523/2295/3625
s 4
f 1525/2299/3626 1524/2296/3627 1520/2290/3628 1521/2293/3629
s 2
f 1521/2292/3623 1522/2294/3622 1526/2300/3630 1525/2298/3631
s 1
f 1523/2295/3625 1524/2297/3624 1528/2303/3632 1527/2301/3633
s off
f 1556/2333/3634 1555/2334/3635 1557/2335/3636 1558/2336/3637
s 2
f 1525/2298/3631 1526/2300/3630 1530/2306/3638 1529/2304/3639
s 1
f 1527/2301/3633 1528/2303/3632 1532/2309/3591 1531/2307/3590
s 4
f 1533/2311/3640 1532/2308/3641 1528/2302/3642 1529/2305/3643
s 2
f 1529/2304/3639 1530/2306/3638 1534/2312/3595 1533/2310/3594
s 4
f 1507/2267/3644 1508/2268/3645 1536/2314/3646 1535/2313/3647
f 1508/2268/3645 1532/2308/3641 1537/2315/3648 1536/2314/3646
f 1532/2308/3641 1533/2311/3640 1538/2316/3649 1537/2315/3648
f 1533/2311/3640 1507/2267/3644 1535/2313/3647 1538/2316/3649
f 1521/2293/3629 1520/2290/3628 1539/2318/3650 1540/2317/3651
f 1520/2290/3628 1516/2284/3613 1541/2319/3652 1539/2318/3650
f 1516/2284/3613 1517/2287/3612 1542/2320/3653 1541/2319/3652
f 1517/2287/3612 1521/2293/3629 1540/2317/3651 1542/2320/3653
f 1529/2305/3643 1528/2302/3642 1543/2322/3654 1544/2321/3655
f 1528/2302/3642 1524/2296/3627 1545/2323/3656 1543/2322/3654
f 1524/2296/3627 1525/2299/3626 1546/2324/3657 1545/2323/3656
f 1525/2299/3626 1529/2305/3643 1544/2321/3655 1546/2324/3657
s off
f 1535/2313/3658 1536/2314/3659 1548/2326/3660 1547/2325/3661
f 1536/2314/3662 1537/2315/3663 1549/2327/3664 1548/2326/3665
f 1537/2315/3666 1538/2316/3667 1550/2328/3668 1549/2327/3669
f 1538/2316/3670 1535/2313/3671 1547/2325/3672 1550/2328/3673
f 1540/2317/3674 1539/2318/3675 1551/2330/3676 1552/2329/3677
f 1539/2318/3678 1541/2319/3679 1553/2331/3680 1551/2330/3681
f 1541/2319/3682 1542/2320/3683 1554/2332/3684 1553/2331/3685
f 1542/2320/3686 1540/2317/3687 1552/2329/3688 1554/2332/3689
f 1544/2321/3690 1543/2322/3691 1555/2334/3692 1556/2333/3693
f 1543/2322/3694 1545/2323/3695 1557/2335/3696 1555/2334/3697
f 1545/2323/3698 1546/2324/3699 1558/2336/3700 1557/2335/3701
f 1546/2324/3702 1544/2321/3703 1556/2333/3704 1558/2336/3705
g default
v 26.837675 8.945274 46.966591
v 27.145458 8.945274 46.968006
v 26.837675 19.325102 46.966591
v 27.145458 19.325102 46.968006
v 26.885092 19.325102 36.662483
v 27.192875 19.325102 36.663898
v 26.885092 8.945274 36.662483
v 27.192875 8.945274 36.663898
vt 0.375000 0.000000
vt 0.625000 0.000000
vt 0.375000 0.250000
vt 0.625000 0.250000
vt 0.375000 0.500000
vt 0.625000 0.500000
vt 0.375000 0.750000
vt 0.625000 0.750000
vt 0.375000 1.000000
vt 0.625000 1.000000
vt 0.875000 0.000000
vt 0.875000 0.250000
vt 0.125000 0.000000
vt 0.125000 0.250000
vn 0.000000 1.000000 0.000000
vn 0.000000 1.000000 0.000000
vn 0.000000 1.000000 0.000000
vn 0.000000 1.000000 0.000000
vn 0.004595 0.000000 -0.999989
vn 0.004595 0.000000 -0.999989
vn 0.004595 0.000000 -0.999989
vn 0.004595 0.000000 -0.999989
vn 0.000000 -1.000000 -0.000000
vn 0.000000 -1.000000 -0.000000
vn 0.000000 -1.000000 -0.000000
vn 0.000000 -1.000000 -0.000000
vn 0.999989 0.000000 0.004602
vn 0.999989 0.000000 0.004602
vn 0.999989 0.000000 0.004602
vn 0.999989 0.000000 0.004602
vn -0.999989 0.000000 -0.004602
vn -0.999989 0.000000 -0.004602
vn -0.999989 0.000000 -0.004602
vn -0.999989 0.000000 -0.004602
s off
g group2 Escritorio pCube31
usemtl initialShadingGroup
f 1561/2339/3706 1562/2340/3707 1564/2342/3708 1563/2341/3709
f 1563/2341/3710 1564/2342/3711 1566/2344/3712 1565/2343/3713
f 1565/2343/3714 1566/2344/3715 1560/2346/3716 1559/2345/3717
f 1560/2338/3718 1566/2347/3719 1564/2348/3720 1562/2340/3721
f 1565/2349/3722 1559/2337/3723 1561/2339/3724 1563/2350/3725
g default
v 51.994274 8.308805 36.975346
v 52.210571 8.308805 36.975346
v 51.950382 8.949761 37.015900
v 52.254463 8.949761 37.015900
v 51.950382 8.949761 36.734921
v 52.254463 8.949761 36.734921
v 51.994274 8.308805 36.775478
v 52.210571 8.308805 36.775478
v 51.990124 8.629283 36.771645
v 51.990124 8.629283 36.979179
v 52.214722 8.629283 36.979179
v 52.214722 8.629283 36.771645
vt 0.375000 0.000000
vt 0.625000 0.000000
vt 0.375000 0.250000
vt 0.625000 0.250000
vt 0.375000 0.500000
vt 0.625000 0.500000
vt 0.375000 0.750000
vt 0.625000 0.750000
vt 0.875000 0.000000
vt 0.875000 0.250000
vt 0.125000 0.000000
vt 0.125000 0.250000
vt 0.125000 0.125000
vt 0.375000 0.625000
vt 0.375000 0.125000
vt 0.625000 0.125000
vt 0.625000 0.625000
vt 0.875000 0.125000
vn 0.000000 -0.069859 0.997557
vn 0.000000 -0.069859 0.997557
vn 0.000000 -0.113835 0.993500
vn 0.000000 -0.113835 0.993500
vn 0.000000 -0.113846 -0.993499
vn 0.000000 -0.113846 -0.993499
vn 0.000000 -0.069865 -0.997556
vn 0.000000 -0.069865 -0.997556
vn 0.997153 -0.075403 0.000000
vn 0.997153 -0.075404 0.000000
vn 0.992399 -0.123059 0.000000
vn 0.992399 -0.123059 0.000000
vn -0.997152 -0.075415 0.000000
vn -0.997152 -0.075415 0.000000
vn -0.992398 -0.123073 0.000000
vn -0.992398 -0.123073 0.000000
vn -0.999916 -0.012951 0.000000
vn -0.999916 -0.012951 0.000000
vn 0.000000 -0.011962 0.999929
vn 0.000000 -0.011962 0.999929
vn 0.999916 -0.012944 0.000000
vn 0.999916 -0.012944 0.000000
vn 0.000000 -0.011962 -0.999929
vn 0.000000 -0.011962 -0.999929
s 1
g group2 Escritorio pCube33
usemtl initialShadingGroup
f 1576/2365/3726 1577/2366/3727 1570/2354/3728 1569/2353/3729
s 2
f 1571/2355/3730 1572/2356/3731 1578/2367/3732 1575/2364/3733
s 3
f 1577/2366/3734 1578/2368/3735 1572/2360/3736 1570/2354/3737
s 4
f 1575/2363/3738 1576/2365/3739 1569/2353/3740 1571/2362/3741
f 1573/2361/3742 1567/2351/3743 1576/2365/3739 1575/2363/3738
s 1
f 1567/2351/3744 1568/2352/3745 1577/2366/3727 1576/2365/3726
s 3
f 1568/2352/3746 1574/2359/3747 1578/2368/3735 1577/2366/3734
s 2
f 1575/2364/3733 1578/2367/3732 1574/2358/3748 1573/2357/3749
g default
v 45.082695 17.646112 36.650566
v 50.258266 17.646112 36.650566
v 45.082695 17.846298 36.650566
v 50.258266 17.846298 36.650566
v 45.082695 17.846298 36.128479
v 50.258266 17.846298 36.128479
v 45.082695 17.646112 36.128479
v 50.258266 17.646112 36.128479
v 50.258266 17.846298 36.312096
v 45.082695 17.846298 36.312096
v 45.082695 17.646112 36.312096
v 50.258266 17.646112 36.312096
v 50.093510 17.846298 36.128479
v 50.093510 17.646112 36.128479
v 50.093510 17.646112 36.312096
v 50.093510 17.646112 36.650566
v 50.093510 17.846298 36.650566
v 50.093510 17.846298 36.312096
v 45.247452 17.846298 36.128479
v 45.247452 17.646112 36.128479
v 45.247452 17.646112 36.312096
v 45.247452 17.646112 36.650566
v 45.247452 17.846298 36.650566
v 45.247452 17.846298 36.312096
vt 0.375000 0.000000
vt 0.625000 0.000000
vt 0.375000 0.250000
vt 0.625000 0.250000
vt 0.375000 0.500000
vt 0.625000 0.500000
vt 0.375000 0.750000
vt 0.625000 0.750000
vt 0.375000 1.000000
vt 0.625000 1.000000
vt 0.875000 0.000000
vt 0.875000 0.250000
vt 0.125000 0.000000
vt 0.125000 0.250000
vt 0.625000 0.375000
vt 0.750000 0.250000
vt 0.250000 0.250000
vt 0.375000 0.375000
vt 0.250000 0.000000
vt 0.375000 0.875000
vt 0.625000 0.875000
vt 0.750000 0.000000
vt 0.541667 0.500000
vt 0.541667 0.750000
vt 0.541667 0.875000
vt 0.541667 1.000000
vt 0.541667 0.250000
vt 0.541667 0.375000
vt 0.458333 0.500000
vt 0.458333 0.750000
vt 0.458333 0.875000
vt 0.458333 1.000000
vt 0.458333 0.250000
vt 0.458333 0.375000
vn 0.000000 1.000000 0.000000
vn 0.000000 1.000000 0.000000
vn 0.000000 1.000000 0.000000
vn 0.000000 1.000000 0.000000
vn 0.000000 0.000000 -1.000000
vn 0.000000 0.000000 -1.000000
vn 0.000000 0.000000 -1.000000
vn 0.000000 0.000000 -1.000000
vn 0.000000 -1.000000 0.000000
vn 0.000000 -1.000000 0.000000
vn 0.000000 -1.000000 0.000000
vn 0.000000 -1.000000 0.000000
vn 1.000000 0.000000 0.000000
vn 1.000000 0.000000 0.000000
vn 1.000000 0.000000 0.000000
vn 1.000000 0.000000 0.000000
vn -1.000000 0.000000 0.000000
vn -1.000000 0.000000 0.000000
vn -1.000000 0.000000 0.000000
vn -1.000000 0.000000 0.000000
vn 0.000000 1.000000 0.000000
vn 0.000000 1.000000 0.000000
vn -1.000000 0.000000 0.000000
vn -1.000000 0.000000 0.000000
vn 0.000000 -1.000000 0.000000
vn 0.000000 -1.000000 0.000000
vn 1.000000 0.000000 0.000000
vn 1.000000 0.000000 0.000000
vn 0.000000 0.000000 -1.000000
vn 0.000000 0.000000 -1.000000
vn 0.000000 0.000000 -1.000000
vn 0.000000 0.000000 -1.000000
vn 0.000000 -1.000000 0.000000
vn 0.000000 -1.000000 0.000000
vn 0.000000 -1.000000 0.000000
vn 0.000000 -1.000000 0.000000
vn 0.000000 -1.000000 0.000000
vn 0.000000 -1.000000 0.000000
vn 0.000000 1.000000 0.000000
vn 0.000000 1.000000 0.000000
vn 0.000000 1.000000 0.000000
vn 0.000000 1.000000 0.000000
vn 0.000000 1.000000 0.000000
vn 0.000000 1.000000 0.000000
vn 1.000000 0.000000 0.000000
vn 1.000000 0.000000 0.000000
vn 1.000000 0.000000 0.000000
vn 1.000000 0.000000 0.000000
vn 0.000000 0.000000 1.000000
vn 0.000000 0.000000 1.000000
vn 0.000000 0.000000 1.000000
vn 0.000000 0.000000 1.000000
vn -1.000000 0.000000 0.000000
vn -1.000000 0.000000 0.000000
vn -1.000000 0.000000 0.000000
vn -1.000000 0.000000 0.000000
s 1
g group2 Escritorio pCube34
usemtl initialShadingGroup
f 1581/2371/3750 1601/2401/3751 1602/2402/3752 1588/2386/3753
s 2
f 1583/2373/3754 1597/2397/3755 1598/2398/3756 1585/2375/3757
s 3
f 1600/2400/3758 1579/2377/3759 1589/2388/3760 1599/2399/3761
s 4
f 1590/2390/3762 1587/2384/3763 1582/2372/3764 1580/2370/3765
s 5
f 1579/2369/3766 1581/2371/3767 1588/2385/3768 1589/2387/3769
s 1
f 1588/2386/3753 1602/2402/3752 1597/2397/3770 1583/2373/3771
s 5
f 1589/2387/3769 1588/2385/3768 1583/2382/3772 1585/2381/3773
s 3
f 1599/2399/3761 1589/2388/3760 1585/2375/3774 1598/2398/3775
s 4
f 1584/2380/3776 1587/2384/3763 1590/2390/3762 1586/2379/3777
s 2
f 1591/2391/3778 1584/2374/3779 1586/2376/3780 1592/2392/3781
s 3
f 1590/2389/3782 1593/2393/3783 1592/2392/3784 1586/2376/3785
f 1580/2378/3786 1594/2394/3787 1593/2393/3783 1590/2389/3782
s 1
f 1596/2396/3788 1595/2395/3789 1582/2372/3790 1587/2383/3791
f 1591/2391/3792 1596/2396/3788 1587/2383/3791 1584/2374/3793
s 2
f 1597/2397/3755 1591/2391/3778 1592/2392/3781 1598/2398/3756
s 3
f 1593/2393/3783 1599/2399/3761 1598/2398/3775 1592/2392/3784
s 1
f 1597/2397/3770 1602/2402/3752 1596/2396/3788 1591/2391/3792
s off
f 1600/2400/3794 1599/2399/3795 1602/2402/3796 1601/2401/3797
f 1596/2396/3798 1602/2402/3799 1599/2399/3800 1593/2393/3801
f 1593/2393/3802 1594/2394/3803 1595/2395/3804 1596/2396/3805
g default
v 26.955980 17.752426 46.021935
v 43.212231 17.752426 46.096741
v 26.955980 10.264755 46.021935
v 43.212231 10.264755 46.096741
vt 0.375000 0.250000
vt 0.625000 0.250000
vt 0.375000 0.500000
vt 0.625000 0.500000
vn 0.004602 0.000000 -0.999990
vn 0.004602 0.000000 -0.999990
vn 0.004602 0.000000 -0.999990
vn 0.004602 0.000000 -0.999990
s off
g group2 Escritorio pCube35
usemtl initialShadingGroup
f 1603/2403/3806 1604/2404/3807 1606/2406/3808 1605/2405/3809
g default
v 51.846741 19.317261 36.956642
v 51.711781 19.317261 36.878723
v 51.558311 19.317261 36.905785
v 51.458138 19.317261 37.025162
v 51.458138 19.317261 37.181004
v 51.558311 19.317261 37.300377
v 51.711781 19.317261 37.327438
v 51.846741 19.317261 37.249523
v 51.900040 19.317261 37.103081
v 51.846741 19.609804 36.956642
v 51.711781 19.609804 36.878723
v 51.558311 19.609804 36.905785
v 51.458138 19.609804 37.025162
v 51.458138 19.609804 37.181004
v 51.558311 19.609804 37.300377
v 51.711781 19.609804 37.327438
v 51.846741 19.609804 37.249523
v 51.900040 19.609804 37.103081
vt 0.375000 0.312500
vt 0.402778 0.312500
vt 0.430556 0.312500
vt 0.458333 0.312500
vt 0.486111 0.312500
vt 0.513889 0.312500
vt 0.541667 0.312500
vt 0.569445 0.312500
vt 0.597222 0.312500
vt 0.625000 0.312500
vt 0.375000 0.688440
vt 0.402778 0.688440
vt 0.430556 0.688440
vt 0.458333 0.688440
vt 0.486111 0.688440
vt 0.513889 0.688440
vt 0.541667 0.688440
vt 0.569445 0.688440
vt 0.597222 0.688440
vt 0.625000 0.688440
vn 0.500000 0.000000 -0.866026
vn 0.500000 0.000000 -0.866026
vn 0.500000 0.000000 -0.866026
vn 0.500000 0.000000 -0.866026
vn -0.173648 0.000000 -0.984808
vn -0.173648 0.000000 -0.984808
vn -0.173648 0.000000 -0.984808
vn -0.173648 0.000000 -0.984808
vn -0.766026 0.000000 -0.642809
vn -0.766026 0.000000 -0.642809
vn -0.766026 0.000000 -0.642809
vn -0.766026 0.000000 -0.642809
vn -1.000000 0.000000 0.000000
vn -1.000000 0.000000 0.000000
vn -1.000000 0.000000 0.000000
vn -1.000000 0.000000 0.000000
vn -0.766018 0.000000 0.642820
vn -0.766018 0.000000 0.642820
vn -0.766018 0.000000 0.642820
vn -0.766018 0.000000 0.642820
vn -0.173648 0.000000 0.984808
vn -0.173648 0.000000 0.984808
vn -0.173648 0.000000 0.984808
vn -0.173648 0.000000 0.984808
vn 0.499984 0.000000 0.866035
vn 0.499984 0.000000 0.866035
vn 0.499984 0.000000 0.866035
vn 0.499984 0.000000 0.866035
vn 0.939697 0.000000 0.342008
vn 0.939697 0.000000 0.342008
vn 0.939697 0.000000 0.342008
vn 0.939697 0.000000 0.342008
vn 0.939692 0.000000 -0.342022
vn 0.939692 0.000000 -0.342022
vn 0.939692 0.000000 -0.342022
vn 0.939692 0.000000 -0.342022
s off
g group2 Escritorio pCylinder40
usemtl initialShadingGroup
f 1607/2407/3810 1608/2408/3811 1617/2418/3812 1616/2417/3813
f 1608/2408/3814 1609/2409/3815 1618/2419/3816 1617/2418/3817
f 1609/2409/3818 1610/2410/3819 1619/2420/3820 1618/2419/3821
f 1610/2410/3822 1611/2411/3823 1620/2421/3824 1619/2420/3825
f 1611/2411/3826 1612/2412/3827 1621/2422/3828 1620/2421/3829
f 1612/2412/3830 1613/2413/3831 1622/2423/3832 1621/2422/3833
f 1613/2413/3834 1614/2414/3835 1623/2424/3836 1622/2423/3837
f 1614/2414/3838 1615/2415/3839 1624/2425/3840 1623/2424/3841
f 1615/2415/3842 1607/2416/3843 1616/2426/3844 1624/2425/3845
g default
v 25.630264 22.998247 46.763515
v 53.316719 22.998247 46.763515
v 25.630264 37.892975 46.763515
v 53.316719 37.892975 46.763515
v 25.630264 37.892975 46.434464
v 53.316719 37.892975 46.434464
v 25.630264 22.998247 46.434464
v 53.316719 22.998247 46.434464
v 52.740044 37.892975 46.763515
v 52.740044 37.892975 46.434464
v 52.740044 22.998247 46.434464
v 52.740044 22.998247 46.763515
v 26.206938 37.892975 46.763515
v 26.206938 37.892975 46.434464
v 26.206938 22.998247 46.434464
v 26.206938 22.998247 46.763515
v 53.316719 23.389544 46.763515
v 53.316719 23.389544 46.434464
v 52.740044 23.389544 46.434464
v 26.206938 23.389544 46.434464
v 25.630264 23.389544 46.434464
v 25.630264 23.389544 46.763515
v 53.316719 37.501675 46.763515
v 53.316719 37.501675 46.434464
v 52.740044 37.501675 46.434464
v 26.206938 37.501675 46.434464
v 25.630264 37.501675 46.434464
v 25.630264 37.501675 46.763515
v 26.206938 37.501675 46.723461
v 26.206938 23.389544 46.723461
v 52.740044 37.501675 46.723461
v 52.740044 23.389544 46.723461
vt 0.375000 0.000000
vt 0.625000 0.000000
vt 0.375000 0.250000
vt 0.625000 0.250000
vt 0.375000 0.500000
vt 0.625000 0.500000
vt 0.375000 0.750000
vt 0.625000 0.750000
vt 0.375000 1.000000
vt 0.625000 1.000000
vt 0.875000 0.000000
vt 0.875000 0.250000
vt 0.125000 0.000000
vt 0.125000 0.250000
vt 0.541667 0.250000
vt 0.541667 0.500000
vt 0.541667 0.750000
vt 0.541667 1.000000
vt 0.458333 0.250000
vt 0.458333 0.500000
vt 0.458333 0.750000
vt 0.458333 1.000000
vt 0.625000 0.083333
vt 0.625000 0.666667
vt 0.875000 0.083333
vt 0.541667 0.666667
vt 0.458333 0.666667
vt 0.125000 0.083333
vt 0.375000 0.666667
vt 0.375000 0.083333
vt 0.625000 0.166667
vt 0.625000 0.583333
vt 0.875000 0.166667
vt 0.541667 0.583333
vt 0.458333 0.583333
vt 0.125000 0.166667
vt 0.375000 0.583333
vt 0.375000 0.166667
vt 0.458333 0.666667
vt 0.458333 0.583333
vt 0.541667 0.583333
vt 0.541667 0.666667
vn 0.000000 1.000000 0.000000
vn 0.000000 1.000000 0.000000
vn 0.000000 1.000000 0.000000
vn 0.000000 1.000000 0.000000
vn 0.000000 0.000000 -1.000000
vn 0.000000 0.000000 -1.000000
vn 0.000000 0.000000 -1.000000
vn 0.000000 0.000000 -1.000000
vn 0.000000 -1.000000 0.000000
vn 0.000000 -1.000000 0.000000
vn 0.000000 -1.000000 0.000000
vn 0.000000 -1.000000 0.000000
vn 1.000000 0.000000 0.000000
vn 1.000000 0.000000 0.000000
vn 1.000000 0.000000 0.000000
vn 1.000000 0.000000 0.000000
vn -1.000000 0.000000 0.000000
vn -1.000000 0.000000 0.000000
vn -1.000000 0.000000 0.000000
vn -1.000000 0.000000 0.000000
vn 0.000000 1.000000 0.000000
vn 0.000000 1.000000 0.000000
vn 0.000000 1.000000 0.000000
vn 0.000000 1.000000 0.000000
vn 0.000000 0.000000 -1.000000
vn 0.000000 0.000000 -1.000000
vn 0.000000 0.000000 -1.000000
vn 0.000000 0.000000 -1.000000
vn 0.000000 -1.000000 0.000000
vn 0.000000 -1.000000 0.000000
vn 0.000000 -1.000000 0.000000
vn 0.000000 -1.000000 0.000000
vn 1.000000 0.000000 0.000000
vn 1.000000 0.000000 0.000000
vn 1.000000 0.000000 0.000000
vn 1.000000 0.000000 0.000000
vn 0.000000 0.000000 -1.000000
vn 0.000000 0.000000 -1.000000
vn 0.000000 0.000000 -1.000000
vn 0.000000 0.000000 -1.000000
vn 0.000000 0.000000 -1.000000
vn 0.000000 0.000000 -1.000000
vn 0.000000 0.000000 -1.000000
vn 0.000000 0.000000 -1.000000
vn -1.000000 0.000000 0.000000
vn -1.000000 0.000000 0.000000
vn -1.000000 0.000000 0.000000
vn -1.000000 0.000000 0.000000
vn 0.000000 0.000000 -1.000000
vn 0.000000 0.000000 -1.000000
vn 0.000000 0.000000 -1.000000
vn 0.000000 0.000000 -1.000000
vn 1.000000 0.000000 0.000000
vn 1.000000 0.000000 0.000000
vn 1.000000 0.000000 0.000000
vn 1.000000 0.000000 0.000000
vn 0.000000 -1.000000 0.000000
vn 0.000000 -1.000000 0.000000
vn 0.000000 -1.000000 0.000000
vn 0.000000 -1.000000 0.000000
vn -1.000000 0.000000 0.000000
vn -1.000000 0.000000 0.000000
vn -1.000000 0.000000 0.000000
vn -1.000000 0.000000 0.000000
vn 0.000000 1.000000 0.000000
vn 0.000000 1.000000 0.000000
vn 0.000000 1.000000 0.000000
vn 0.000000 1.000000 0.000000
s 1
g group2 pCube28 Pizarron_herramientas
usemtl initialShadingGroup
f 1627/2429/3846 1637/2445/3847 1638/2446/3848 1629/2431/3849
s 2
f 1629/2431/3850 1638/2446/3851 1650/2461/3852 1651/2463/3853
s 3
f 1631/2433/3854 1639/2447/3855 1640/2448/3856 1625/2435/3857
s 4
f 1647/2457/3858 1648/2459/3859 1630/2438/3860 1628/2430/3861
s 5
f 1651/2462/3862 1652/2464/3863 1627/2429/3864 1629/2440/3865
s 1
f 1633/2441/3866 1628/2430/3867 1630/2432/3868 1634/2442/3869
s 2
f 1649/2460/3870 1634/2442/3871 1630/2432/3872 1648/2458/3873
s 3
f 1636/2444/3874 1635/2443/3875 1632/2434/3876 1626/2436/3877
s 1
f 1637/2445/3847 1633/2441/3866 1634/2442/3869 1638/2446/3848
s 2
f 1650/2461/3852 1638/2446/3851 1634/2442/3871 1649/2460/3870
s 3
f 1640/2448/3856 1639/2447/3855 1635/2443/3875 1636/2444/3874
s 4
f 1626/2428/3878 1632/2437/3879 1642/2451/3880 1641/2449/3881
s 2
f 1635/2443/3882 1643/2452/3883 1642/2450/3884 1632/2434/3885
f 1639/2447/3886 1644/2453/3887 1643/2452/3883 1635/2443/3882
f 1645/2455/3888 1644/2453/3887 1639/2447/3886 1631/2433/3889
s 5
f 1631/2439/3890 1625/2427/3891 1646/2456/3892 1645/2454/3893
s 4
f 1641/2449/3881 1642/2451/3880 1648/2459/3859 1647/2457/3858
s 2
f 1643/2452/3883 1649/2460/3870 1648/2458/3873 1642/2450/3884
s off
f 1654/2465/3894 1653/2466/3895 1655/2467/3896 1656/2468/3897
s 2
f 1651/2463/3853 1650/2461/3852 1644/2453/3887 1645/2455/3888
s 5
f 1645/2454/3893 1646/2456/3892 1652/2464/3863 1651/2462/3862
s off
f 1644/2453/3898 1650/2461/3899 1653/2466/3900 1654/2465/3901
f 1650/2461/3902 1649/2460/3903 1655/2467/3904 1653/2466/3905
f 1649/2460/3906 1643/2452/3907 1656/2468/3908 1655/2467/3909
f 1643/2452/3910 1644/2453/3911 1654/2465/3912 1656/2468/3913
g default
v 48.770699 34.024437 46.438530
v 48.993362 33.767464 46.439751
v 49.041752 33.430904 46.440018
v 48.900501 33.121613 46.439240
v 48.614468 32.937782 46.437660
v 48.274448 32.937782 46.435791
v 47.988415 33.121613 46.434219
v 47.847164 33.430904 46.433434
v 47.895557 33.767464 46.433708
v 48.118217 34.024437 46.434929
v 48.444458 34.120228 46.436729
v 48.771778 34.024437 46.242577
v 48.994438 33.767464 46.243797
v 49.042831 33.430904 46.244072
v 48.901581 33.121613 46.243286
v 48.615547 32.937782 46.241714
v 48.275528 32.937782 46.239845
v 47.989494 33.121613 46.238266
v 47.848244 33.430904 46.237488
v 47.896633 33.767464 46.237755
v 48.119297 34.024437 46.238976
v 48.445538 34.120228 46.240776
v 48.725468 33.942841 46.438278
v 48.917259 33.728191 46.439335
v 48.958939 33.447060 46.439560
v 48.837273 33.188705 46.438889
v 48.590897 33.035152 46.437538
v 48.298019 33.035152 46.435921
v 48.051643 33.188705 46.434570
v 47.929977 33.447060 46.433891
v 47.971657 33.728191 46.434124
v 48.163448 33.942841 46.435181
v 48.444458 34.022858 46.436729
v 48.726547 33.942841 46.242325
v 48.918339 33.728191 46.243382
v 48.960018 33.447060 46.243614
v 48.838352 33.188705 46.242935
v 48.591976 33.035152 46.241585
v 48.299099 33.035152 46.239967
v 48.052719 33.188705 46.238617
v 47.931057 33.447060 46.237946
v 47.972736 33.728191 46.238171
v 48.164528 33.942841 46.239227
v 48.445538 34.022858 46.240776
vt 0.375000 0.312500
vt 0.397727 0.312500
vt 0.397727 0.688440
vt 0.375000 0.688440
vt 0.420455 0.312500
vt 0.420455 0.688440
vt 0.443182 0.312500
vt 0.443182 0.688440
vt 0.465909 0.312500
vt 0.465909 0.688440
vt 0.488636 0.312500
vt 0.488636 0.688440
vt 0.511364 0.312500
vt 0.511364 0.688440
vt 0.534091 0.312500
vt 0.534091 0.688440
vt 0.556818 0.312500
vt 0.556818 0.688440
vt 0.579545 0.312500
vt 0.579545 0.688440
vt 0.602273 0.312500
vt 0.602273 0.688440
vt 0.625000 0.312500
vt 0.625000 0.688440
vt 0.000000 0.000000
vt 1.000000 0.000000
vt 1.000000 1.000000
vt 0.000000 1.000000
vt 0.000000 0.000000
vt 1.000000 0.000000
vt 1.000000 1.000000
vt 0.500000 1.000000
vt 0.000000 0.000000
vt 1.000000 0.000000
vt 0.500000 1.000000
vt 0.000000 0.000000
vt 1.000000 0.000000
vt 0.500000 1.000000
vt 0.000000 0.000000
vt 1.000000 0.000000
vt 0.500000 1.000000
vt 0.000000 0.000000
vt 1.000000 0.000000
vt 0.000000 1.000000
vt 0.000000 0.000000
vt 1.000000 0.000000
vt 1.000000 1.000000
vt 0.000000 1.000000
vt 0.000000 0.000000
vt 1.000000 0.000000
vt 1.000000 1.000000
vt 0.000000 1.000000
vt 0.000000 0.000000
vt 1.000000 0.000000
vt 1.000000 1.000000
vt 0.000000 1.000000
vt 0.000000 0.000000
vt 1.000000 0.000000
vt 1.000000 1.000000
vt 0.000000 1.000000
vt 0.000000 0.000000
vt 1.000000 0.000000
vt 1.000000 1.000000
vt 0.000000 1.000000
vt 0.000000 0.000000
vt 1.000000 0.000000
vt 1.000000 1.000000
vt 0.000000 1.000000
vt 0.000000 0.000000
vt 1.000000 0.000000
vt 0.500000 1.000000
vt 0.000000 1.000000
vt 0.000000 0.000000
vt 1.000000 0.000000
vt 0.500000 1.000000
vt 0.000000 0.000000
vt 1.000000 0.000000
vt 0.500000 1.000000
vt 0.000000 0.000000
vt 1.000000 0.000000
vt 0.500000 1.000000
vt 0.000000 0.000000
vt 1.000000 0.000000
vt 1.000000 1.000000
vt 0.000000 0.000000
vt 1.000000 0.000000
vt 1.000000 1.000000
vt 0.000000 1.000000
vt 0.000000 0.000000
vt 1.000000 0.000000
vt 1.000000 1.000000
vt 0.000000 1.000000
vt 0.000000 0.000000
vt 1.000000 0.000000
vt 1.000000 1.000000
vt 0.000000 1.000000
vt 0.000000 0.000000
vt 1.000000 0.000000
vt 1.000000 1.000000
vt 0.000000 1.000000
vt 0.000000 0.000000
vt 1.000000 0.000000
vt 1.000000 1.000000
vt 0.000000 1.000000
vn 0.755745 0.654852 0.004160
vn 0.755745 0.654852 0.004160
vn 0.755745 0.654852 0.004160
vn 0.755745 0.654852 0.004160
vn 0.989805 0.142324 0.005451
vn 0.989805 0.142324 0.005451
vn 0.989805 0.142324 0.005451
vn 0.989805 0.142324 0.005451
vn 0.909618 -0.415415 0.005009
vn 0.909618 -0.415415 0.005009
vn 0.909618 -0.415415 0.005009
vn 0.909618 -0.415415 0.005009
vn 0.540645 -0.841246 0.002977
vn 0.540645 -0.841246 0.002977
vn 0.540645 -0.841246 0.002977
vn 0.540645 -0.841246 0.002977
vn 0.000000 -1.000000 0.000000
vn 0.000000 -1.000000 0.000000
vn 0.000000 -1.000000 0.000000
vn 0.000000 -1.000000 0.000000
vn -0.540645 -0.841246 -0.002977
vn -0.540645 -0.841246 -0.002977
vn -0.540645 -0.841246 -0.002977
vn -0.540645 -0.841246 -0.002977
vn -0.909618 -0.415415 -0.005009
vn -0.909618 -0.415415 -0.005009
vn -0.909618 -0.415415 -0.005009
vn -0.909618 -0.415415 -0.005009
vn -0.989805 0.142324 -0.005451
vn -0.989805 0.142324 -0.005451
vn -0.989805 0.142324 -0.005451
vn -0.989805 0.142324 -0.005451
vn -0.755741 0.654858 -0.004162
vn -0.755741 0.654858 -0.004162
vn -0.755741 0.654858 -0.004162
vn -0.755741 0.654858 -0.004162
vn -0.281731 0.959492 -0.001551
vn -0.281731 0.959492 -0.001551
vn -0.281731 0.959492 -0.001551
vn -0.281731 0.959492 -0.001551
vn 0.281731 0.959492 0.001551
vn 0.281731 0.959492 0.001551
vn 0.281731 0.959492 0.001551
vn 0.281731 0.959492 0.001551
vn -0.005507 -0.000054 0.999985
vn -0.005507 -0.000054 0.999985
vn -0.005507 -0.000054 0.999985
vn -0.005507 -0.000054 0.999985
vn -0.005507 0.000000 0.999985
vn -0.005507 0.000000 0.999985
vn -0.005507 0.000000 0.999985
vn -0.005507 0.000000 0.999985
vn -0.005507 0.000000 0.999985
vn -0.005507 0.000000 0.999985
vn -0.005507 0.000000 0.999985
vn -0.005507 0.000000 0.999985
vn -0.005507 0.000016 0.999985
vn -0.005507 0.000016 0.999985
vn -0.005507 0.000016 0.999985
vn -0.005507 0.000016 0.999985
vn -0.005507 0.000047 0.999985
vn -0.005507 0.000047 0.999985
vn -0.005507 0.000047 0.999985
vn -0.005507 0.000047 0.999985
vn -0.005507 -0.000016 0.999985
vn -0.005507 -0.000016 0.999985
vn -0.005507 -0.000016 0.999985
vn -0.005507 -0.000016 0.999985
vn -0.005507 -0.000018 0.999985
vn -0.005507 -0.000018 0.999985
vn -0.005507 -0.000018 0.999985
vn -0.005507 -0.000018 0.999985
vn -0.005507 -0.000019 0.999985
vn -0.005507 -0.000019 0.999985
vn -0.005507 -0.000019 0.999985
vn -0.005507 -0.000019 0.999985
vn -0.005507 -0.000054 0.999985
vn -0.005507 -0.000054 0.999985
vn -0.005507 -0.000054 0.999985
vn -0.005507 -0.000054 0.999985
vn -0.005507 0.000000 0.999985
vn -0.005507 0.000000 0.999985
vn -0.005507 0.000000 0.999985
vn -0.005507 0.000000 0.999985
vn -0.005507 -0.000016 0.999985
vn -0.005507 -0.000016 0.999985
vn -0.005507 -0.000016 0.999985
vn -0.005507 -0.000016 0.999985
vn 0.005507 0.000036 -0.999985
vn 0.005507 0.000036 -0.999985
vn 0.005507 0.000036 -0.999985
vn 0.005507 0.000036 -0.999985
vn 0.005507 0.000000 -0.999985
vn 0.005507 0.000000 -0.999985
vn 0.005507 0.000000 -0.999985
vn 0.005507 0.000000 -0.999985
vn 0.005507 -0.000018 -0.999985
vn 0.005507 -0.000018 -0.999985
vn 0.005507 -0.000018 -0.999985
vn 0.005507 -0.000018 -0.999985
vn 0.005507 -0.000016 -0.999985
vn 0.005507 -0.000016 -0.999985
vn 0.005507 -0.000016 -0.999985
vn 0.005507 -0.000016 -0.999985
vn 0.005507 -0.000047 -0.999985
vn 0.005507 -0.000047 -0.999985
vn 0.005507 -0.000047 -0.999985
vn 0.005507 -0.000047 -0.999985
vn 0.005507 -0.000016 -0.999985
vn 0.005507 -0.000016 -0.999985
vn 0.005507 -0.000016 -0.999985
vn 0.005507 -0.000016 -0.999985
vn 0.005507 0.000000 -0.999985
vn 0.005507 0.000000 -0.999985
vn 0.005507 0.000000 -0.999985
vn 0.005507 0.000000 -0.999985
vn 0.005507 0.000000 -0.999985
vn 0.005507 0.000000 -0.999985
vn 0.005507 0.000000 -0.999985
vn 0.005507 0.000000 -0.999985
vn 0.005507 0.000072 -0.999985
vn 0.005507 0.000072 -0.999985
vn 0.005507 0.000072 -0.999985
vn 0.005507 0.000072 -0.999985
vn 0.005507 0.000033 -0.999985
vn 0.005507 0.000033 -0.999985
vn 0.005507 0.000033 -0.999985
vn 0.005507 0.000033 -0.999985
vn 0.005507 0.000066 -0.999985
vn 0.005507 0.000066 -0.999985
vn 0.005507 0.000066 -0.999985
vn 0.005507 0.000066 -0.999985
vn -0.904688 0.426046 -0.004982
vn -0.904688 0.426046 -0.004982
vn -0.904688 0.426046 -0.004982
vn -0.904688 0.426046 -0.004982
vn -0.528909 0.848674 -0.002913
vn -0.528909 0.848674 -0.002913
vn -0.528909 0.848674 -0.002913
vn -0.528909 0.848674 -0.002913
vn 0.000000 1.000000 0.000000
vn 0.000000 1.000000 0.000000
vn 0.000000 1.000000 0.000000
vn 0.000000 1.000000 0.000000
vn -0.989172 -0.146659 -0.005447
vn -0.989172 -0.146659 -0.005447
vn -0.989172 -0.146659 -0.005447
vn -0.989172 -0.146659 -0.005447
vn -0.745678 -0.666294 -0.004106
vn -0.745678 -0.666294 -0.004106
vn -0.745678 -0.666294 -0.004106
vn -0.745678 -0.666294 -0.004106
vn -0.273863 -0.961768 -0.001508
vn -0.273863 -0.961768 -0.001508
vn -0.273863 -0.961768 -0.001508
vn -0.273863 -0.961768 -0.001508
vn 0.273863 -0.961768 0.001508
vn 0.273863 -0.961768 0.001508
vn 0.273863 -0.961768 0.001508
vn 0.273863 -0.961768 0.001508
vn 0.745678 -0.666294 0.004106
vn 0.745678 -0.666294 0.004106
vn 0.745678 -0.666294 0.004106
vn 0.745678 -0.666294 0.004106
vn 0.989172 -0.146659 0.005447
vn 0.989172 -0.146659 0.005447
vn 0.989172 -0.146659 0.005447
vn 0.989172 -0.146659 0.005447
vn 0.904688 0.426046 0.004982
vn 0.904688 0.426046 0.004982
vn 0.904688 0.426046 0.004982
vn 0.904688 0.426046 0.004982
vn 0.528909 0.848674 0.002913
vn 0.528909 0.848674 0.002913
vn 0.528909 0.848674 0.002913
vn 0.528909 0.848674 0.002913
s off
g group2 Pizarron_herramientas Accesorios:CintapCylinder8
usemtl Accesorios:initialShadingGroup
f 1657/2469/3914 1658/2470/3915 1669/2471/3916 1668/2472/3917
f 1658/2470/3918 1659/2473/3919 1670/2474/3920 1669/2471/3921
f 1659/2473/3922 1660/2475/3923 1671/2476/3924 1670/2474/3925
f 1660/2475/3926 1661/2477/3927 1672/2478/3928 1671/2476/3929
f 1661/2477/3930 1662/2479/3931 1673/2480/3932 1672/2478/3933
f 1662/2479/3934 1663/2481/3935 1674/2482/3936 1673/2480/3937
f 1663/2481/3938 1664/2483/3939 1675/2484/3940 1674/2482/3941
f 1664/2483/3942 1665/2485/3943 1676/2486/3944 1675/2484/3945
f 1665/2485/3946 1666/2487/3947 1677/2488/3948 1676/2486/3949
f 1666/2487/3950 1667/2489/3951 1678/2490/3952 1677/2488/3953
f 1667/2489/3954 1657/2491/3955 1668/2492/3956 1678/2490/3957
f 1658/2493/3958 1657/2494/3959 1679/2495/3960 1680/2496/3961
f 1659/2497/3962 1658/2498/3963 1680/2499/3964 1681/2500/3965
f 1660/2501/3966 1659/2502/3967 1681/2500/3968 1682/2503/3969
f 1661/2504/3970 1660/2505/3971 1682/2503/3972 1683/2506/3973
f 1662/2507/3974 1661/2508/3975 1683/2506/3976 1684/2509/3977
f 1663/2510/3978 1662/2511/3979 1684/2509/3980 1685/2512/3981
f 1664/2513/3982 1663/2514/3983 1685/2515/3984 1686/2516/3985
f 1665/2517/3986 1664/2518/3987 1686/2519/3988 1687/2520/3989
f 1666/2521/3990 1665/2522/3991 1687/2523/3992 1688/2524/3993
f 1667/2525/3994 1666/2526/3995 1688/2527/3996 1689/2528/3997
f 1657/2529/3998 1667/2530/3999 1689/2531/4000 1679/2532/4001
f 1668/2533/4002 1669/2534/4003 1691/2535/4004 1690/2536/4005
f 1669/2537/4006 1670/2538/4007 1692/2539/4008 1691/2540/4009
f 1670/2541/4010 1671/2542/4011 1693/2543/4012 1692/2539/4013
f 1671/2544/4014 1672/2545/4015 1694/2546/4016 1693/2543/4017
f 1672/2547/4018 1673/2548/4019 1695/2549/4020 1694/2546/4021
f 1673/2550/4022 1674/2551/4023 1696/2552/4024 1695/2549/4025
f 1674/2553/4026 1675/2554/4027 1697/2555/4028 1696/2556/4029
f 1675/2557/4030 1676/2558/4031 1698/2559/4032 1697/2560/4033
f 1676/2561/4034 1677/2562/4035 1699/2563/4036 1698/2564/4037
f 1677/2565/4038 1678/2566/4039 1700/2567/4040 1699/2568/4041
f 1678/2569/4042 1668/2570/4043 1690/2571/4044 1700/2572/4045
f 1682/2503/4046 1681/2500/4047 1692/2539/4048 1693/2543/4049
f 1683/2506/4050 1682/2503/4051 1693/2543/4052 1694/2546/4053
f 1684/2509/4054 1683/2506/4055 1694/2546/4056 1695/2549/4057
f 1681/2500/4058 1680/2499/4059 1691/2540/4060 1692/2539/4061
f 1680/2496/4062 1679/2495/4063 1690/2536/4064 1691/2535/4065
f 1679/2532/4066 1689/2531/4067 1700/2572/4068 1690/2571/4069
f 1689/2528/4070 1688/2527/4071 1699/2568/4072 1700/2567/4073
f 1688/2524/4074 1687/2523/4075 1698/2564/4076 1699/2563/4077
f 1687/2520/4078 1686/2519/4079 1697/2560/4080 1698/2559/4081
f 1686/2516/4082 1685/2515/4083 1696/2556/4084 1697/2555/4085
f 1685/2512/4086 1684/2509/4087 1695/2549/4088 1696/2552/4089
g default
v 48.882660 34.198750 46.636917
v 49.182480 33.852737 46.638565
v 49.247635 33.399551 46.638924
v 49.057446 32.983078 46.637878
v 48.672287 32.735554 46.635757
v 48.214447 32.735554 46.633232
v 47.829292 32.983078 46.631119
v 47.639103 33.399551 46.630066
v 47.704258 33.852737 46.630424
v 48.004078 34.198750 46.632072
v 48.443371 34.327740 46.634499
v 48.884113 34.198750 46.373062
v 49.183933 33.852737 46.374718
v 49.249088 33.399551 46.375069
v 49.058899 32.983078 46.374023
v 48.673740 32.735554 46.371902
v 48.215900 32.735554 46.369385
v 47.830746 32.983078 46.367264
v 47.640556 33.399551 46.366219
v 47.705711 33.852737 46.366577
v 48.005531 34.198750 46.368225
v 48.444820 34.327740 46.370644
v 48.821754 34.088882 46.636581
v 49.080006 33.799850 46.638000
v 49.136127 33.421307 46.638309
v 48.972309 33.073425 46.637405
v 48.640549 32.866665 46.635582
v 48.246189 32.866665 46.633408
v 47.914433 33.073425 46.631580
v 47.750610 33.421307 46.630680
v 47.806732 33.799850 46.630989
v 48.064983 34.088882 46.632416
v 48.443371 34.196629 46.634499
v 48.823208 34.088882 46.372726
v 49.081459 33.799850 46.374153
v 49.137581 33.421307 46.374462
v 48.973763 33.073425 46.373558
v 48.642002 32.866665 46.371735
v 48.247643 32.866665 46.369560
v 47.915886 33.073425 46.367733
v 47.752064 33.421307 46.366833
v 47.808186 33.799850 46.367134
v 48.066437 34.088882 46.368561
v 48.444820 34.196629 46.370644
vt 0.375000 0.312500
vt 0.397727 0.312500
vt 0.397727 0.688440
vt 0.375000 0.688440
vt 0.420455 0.312500
vt 0.420455 0.688440
vt 0.443182 0.312500
vt 0.443182 0.688440
vt 0.465909 0.312500
vt 0.465909 0.688440
vt 0.488636 0.312500
vt 0.488636 0.688440
vt 0.511364 0.312500
vt 0.511364 0.688440
vt 0.534091 0.312500
vt 0.534091 0.688440
vt 0.556818 0.312500
vt 0.556818 0.688440
vt 0.579545 0.312500
vt 0.579545 0.688440
vt 0.602273 0.312500
vt 0.602273 0.688440
vt 0.625000 0.312500
vt 0.625000 0.688440
vt 0.000000 0.000000
vt 1.000000 0.000000
vt 1.000000 1.000000
vt 0.000000 1.000000
vt 0.000000 0.000000
vt 1.000000 0.000000
vt 1.000000 1.000000
vt 0.500000 1.000000
vt 0.000000 0.000000
vt 1.000000 0.000000
vt 0.500000 1.000000
vt 0.000000 0.000000
vt 1.000000 0.000000
vt 0.500000 1.000000
vt 0.000000 0.000000
vt 1.000000 0.000000
vt 0.500000 1.000000
vt 0.000000 0.000000
vt 1.000000 0.000000
vt 0.000000 1.000000
vt 0.000000 0.000000
vt 1.000000 0.000000
vt 1.000000 1.000000
vt 0.000000 1.000000
vt 0.000000 0.000000
vt 1.000000 0.000000
vt 1.000000 1.000000
vt 0.000000 1.000000
vt 0.000000 0.000000
vt 1.000000 0.000000
vt 1.000000 1.000000
vt 0.000000 1.000000
vt 0.000000 0.000000
vt 1.000000 0.000000
vt 1.000000 1.000000
vt 0.000000 1.000000
vt 0.000000 0.000000
vt 1.000000 0.000000
vt 1.000000 1.000000
vt 0.000000 1.000000
vt 0.000000 0.000000
vt 1.000000 0.000000
vt 1.000000 1.000000
vt 0.000000 1.000000
vt 0.000000 0.000000
vt 1.000000 0.000000
vt 0.500000 1.000000
vt 0.000000 1.000000
vt 0.000000 0.000000
vt 1.000000 0.000000
vt 0.500000 1.000000
vt 0.000000 0.000000
vt 1.000000 0.000000
vt 0.500000 1.000000
vt 0.000000 0.000000
vt 1.000000 0.000000
vt 0.500000 1.000000
vt 0.000000 0.000000
vt 1.000000 0.000000
vt 1.000000 1.000000
vt 0.000000 0.000000
vt 1.000000 0.000000
vt 1.000000 1.000000
vt 0.000000 1.000000
vt 0.000000 0.000000
vt 1.000000 0.000000
vt 1.000000 1.000000
vt 0.000000 1.000000
vt 0.000000 0.000000
vt 1.000000 0.000000
vt 1.000000 1.000000
vt 0.000000 1.000000
vt 0.000000 0.000000
vt 1.000000 0.000000
vt 1.000000 1.000000
vt 0.000000 1.000000
vt 0.000000 0.000000
vt 1.000000 0.000000
vt 1.000000 1.000000
vt 0.000000 1.000000
vn 0.755740 0.654858 0.004159
vn 0.755740 0.654858 0.004159
vn 0.755740 0.654859 0.004159
vn 0.755740 0.654858 0.004159
vn 0.989807 0.142308 0.005451
vn 0.989807 0.142308 0.005451
vn 0.989807 0.142308 0.005451
vn 0.989807 0.142308 0.005451
vn 0.909621 -0.415410 0.005009
vn 0.909621 -0.415410 0.005009
vn 0.909621 -0.415410 0.005009
vn 0.909621 -0.415410 0.005009
vn 0.540623 -0.841260 0.002977
vn 0.540623 -0.841260 0.002977
vn 0.540623 -0.841260 0.002977
vn 0.540623 -0.841260 0.002977
vn 0.000000 -1.000000 0.000000
vn 0.000000 -1.000000 0.000000
vn 0.000000 -1.000000 0.000000
vn 0.000000 -1.000000 0.000000
vn -0.540637 -0.841251 -0.002977
vn -0.540637 -0.841251 -0.002977
vn -0.540637 -0.841251 -0.002977
vn -0.540637 -0.841251 -0.002977
vn -0.909621 -0.415410 -0.005009
vn -0.909621 -0.415410 -0.005009
vn -0.909621 -0.415410 -0.005009
vn -0.909621 -0.415410 -0.005009
vn -0.989807 0.142308 -0.005451
vn -0.989807 0.142308 -0.005451
vn -0.989807 0.142308 -0.005451
vn -0.989807 0.142308 -0.005451
vn -0.755736 0.654863 -0.004162
vn -0.755736 0.654863 -0.004162
vn -0.755736 0.654863 -0.004162
vn -0.755736 0.654863 -0.004162
vn -0.281731 0.959492 -0.001551
vn -0.281731 0.959492 -0.001551
vn -0.281731 0.959492 -0.001551
vn -0.281731 0.959492 -0.001551
vn 0.281731 0.959492 0.001551
vn 0.281731 0.959492 0.001551
vn 0.281731 0.959492 0.001551
vn 0.281731 0.959492 0.001551
vn -0.005507 0.000040 0.999985
vn -0.005507 0.000040 0.999985
vn -0.005507 0.000040 0.999985
vn -0.005507 0.000040 0.999985
vn -0.005507 0.000000 0.999985
vn -0.005507 0.000000 0.999985
vn -0.005507 0.000000 0.999985
vn -0.005507 0.000000 0.999985
vn -0.005507 -0.000020 0.999985
vn -0.005507 -0.000020 0.999985
vn -0.005507 -0.000020 0.999985
vn -0.005507 -0.000020 0.999985
vn -0.005507 0.000009 0.999985
vn -0.005507 0.000009 0.999985
vn -0.005507 0.000009 0.999985
vn -0.005507 0.000009 0.999985
vn -0.005507 -0.000077 0.999985
vn -0.005507 -0.000077 0.999985
vn -0.005507 -0.000077 0.999985
vn -0.005507 -0.000077 0.999985
vn -0.005507 -0.000036 0.999985
vn -0.005507 -0.000036 0.999985
vn -0.005507 -0.000036 0.999985
vn -0.005507 -0.000036 0.999985
vn -0.005507 -0.000020 0.999985
vn -0.005507 -0.000020 0.999985
vn -0.005507 -0.000020 0.999985
vn -0.005507 -0.000020 0.999985
vn -0.005507 0.000000 0.999985
vn -0.005507 0.000000 0.999985
vn -0.005507 0.000000 0.999985
vn -0.005507 0.000000 0.999985
vn -0.005507 0.000010 0.999985
vn -0.005507 0.000010 0.999985
vn -0.005507 0.000010 0.999985
vn -0.005507 0.000010 0.999985
vn -0.005507 0.000000 0.999985
vn -0.005507 0.000000 0.999985
vn -0.005507 0.000000 0.999985
vn -0.005507 0.000000 0.999985
vn -0.005507 -0.000009 0.999985
vn -0.005507 -0.000009 0.999985
vn -0.005507 -0.000009 0.999985
vn -0.005507 -0.000009 0.999985
vn 0.005507 0.000010 -0.999985
vn 0.005507 0.000010 -0.999985
vn 0.005507 0.000010 -0.999985
vn 0.005507 0.000010 -0.999985
vn 0.005507 0.000021 -0.999985
vn 0.005507 0.000021 -0.999985
vn 0.005507 0.000021 -0.999985
vn 0.005507 0.000021 -0.999985
vn 0.005507 -0.000020 -0.999985
vn 0.005507 -0.000020 -0.999985
vn 0.005507 -0.000020 -0.999985
vn 0.005507 -0.000020 -0.999985
vn 0.005507 0.000027 -0.999985
vn 0.005507 0.000027 -0.999985
vn 0.005507 0.000027 -0.999985
vn 0.005507 0.000027 -0.999985
vn 0.005507 -0.000056 -0.999985
vn 0.005507 -0.000056 -0.999985
vn 0.005507 -0.000056 -0.999985
vn 0.005507 -0.000056 -0.999985
vn 0.005507 -0.000032 -0.999985
vn 0.005507 -0.000032 -0.999985
vn 0.005507 -0.000032 -0.999985
vn 0.005507 -0.000032 -0.999985
vn 0.005507 -0.000010 -0.999985
vn 0.005507 -0.000010 -0.999985
vn 0.005507 -0.000010 -0.999985
vn 0.005507 -0.000010 -0.999985
vn 0.005507 0.000021 -0.999985
vn 0.005507 0.000021 -0.999985
vn 0.005507 0.000021 -0.999985
vn 0.005507 0.000021 -0.999985
vn 0.005507 -0.000020 -0.999985
vn 0.005507 -0.000020 -0.999985
vn 0.005507 -0.000020 -0.999985
vn 0.005507 -0.000020 -0.999985
vn 0.005507 -0.000009 -0.999985
vn 0.005507 -0.000009 -0.999985
vn 0.005507 -0.000009 -0.999985
vn 0.005507 -0.000009 -0.999985
vn 0.005507 0.000000 -0.999985
vn 0.005507 0.000000 -0.999985
vn 0.005507 0.000000 -0.999985
vn 0.005507 0.000000 -0.999985
vn -0.904688 0.426045 -0.004982
vn -0.904688 0.426045 -0.004982
vn -0.904688 0.426045 -0.004982
vn -0.904688 0.426045 -0.004982
vn -0.528905 0.848676 -0.002913
vn -0.528905 0.848676 -0.002913
vn -0.528905 0.848676 -0.002913
vn -0.528905 0.848676 -0.002913
vn 0.000000 1.000000 0.000000
vn 0.000000 1.000000 0.000000
vn 0.000000 1.000000 0.000000
vn 0.000000 1.000000 0.000000
vn -0.989172 -0.146659 -0.005447
vn -0.989172 -0.146659 -0.005447
vn -0.989172 -0.146659 -0.005447
vn -0.989172 -0.146659 -0.005447
vn -0.745685 -0.666286 -0.004106
vn -0.745685 -0.666286 -0.004106
vn -0.745685 -0.666286 -0.004106
vn -0.745685 -0.666286 -0.004106
vn -0.273855 -0.961770 -0.001508
vn -0.273855 -0.961770 -0.001508
vn -0.273855 -0.961770 -0.001508
vn -0.273855 -0.961770 -0.001508
vn 0.273855 -0.961770 0.001508
vn 0.273855 -0.961770 0.001508
vn 0.273855 -0.961770 0.001508
vn 0.273855 -0.961770 0.001508
vn 0.745685 -0.666286 0.004106
vn 0.745685 -0.666286 0.004106
vn 0.745685 -0.666286 0.004106
vn 0.745685 -0.666286 0.004106
vn 0.989172 -0.146659 0.005447
vn 0.989172 -0.146659 0.005447
vn 0.989172 -0.146659 0.005447
vn 0.989172 -0.146659 0.005447
vn 0.904685 0.426053 0.004982
vn 0.904685 0.426053 0.004982
vn 0.904685 0.426053 0.004982
vn 0.904685 0.426053 0.004982
vn 0.528905 0.848676 0.002913
vn 0.528905 0.848676 0.002913
vn 0.528905 0.848676 0.002913
vn 0.528905 0.848676 0.002913
s off
g group2 Pizarron_herramientas Accesorios:pCylinder6Cinta
usemtl Accesorios:initialShadingGroup
f 1701/2573/4090 1702/2574/4091 1713/2575/4092 1712/2576/4093
f 1702/2574/4094 1703/2577/4095 1714/2578/4096 1713/2575/4097
f 1703/2577/4098 1704/2579/4099 1715/2580/4100 1714/2578/4101
f 1704/2579/4102 1705/2581/4103 1716/2582/4104 1715/2580/4105
f 1705/2581/4106 1706/2583/4107 1717/2584/4108 1716/2582/4109
f 1706/2583/4110 1707/2585/4111 1718/2586/4112 1717/2584/4113
f 1707/2585/4114 1708/2587/4115 1719/2588/4116 1718/2586/4117
f 1708/2587/4118 1709/2589/4119 1720/2590/4120 1719/2588/4121
f 1709/2589/4122 1710/2591/4123 1721/2592/4124 1720/2590/4125
f 1710/2591/4126 1711/2593/4127 1722/2594/4128 1721/2592/4129
f 1711/2593/4130 1701/2595/4131 1712/2596/4132 1722/2594/4133
f 1702/2597/4134 1701/2598/4135 1723/2599/4136 1724/2600/4137
f 1703/2601/4138 1702/2602/4139 1724/2603/4140 1725/2604/4141
f 1704/2605/4142 1703/2606/4143 1725/2604/4144 1726/2607/4145
f 1705/2608/4146 1704/2609/4147 1726/2607/4148 1727/2610/4149
f 1706/2611/4150 1705/2612/4151 1727/2610/4152 1728/2613/4153
f 1707/2614/4154 1706/2615/4155 1728/2613/4156 1729/2616/4157
f 1708/2617/4158 1707/2618/4159 1729/2619/4160 1730/2620/4161
f 1709/2621/4162 1708/2622/4163 1730/2623/4164 1731/2624/4165
f 1710/2625/4166 1709/2626/4167 1731/2627/4168 1732/2628/4169
f 1711/2629/4170 1710/2630/4171 1732/2631/4172 1733/2632/4173
f 1701/2633/4174 1711/2634/4175 1733/2635/4176 1723/2636/4177
f 1712/2637/4178 1713/2638/4179 1735/2639/4180 1734/2640/4181
f 1713/2641/4182 1714/2642/4183 1736/2643/4184 1735/2644/4185
f 1714/2645/4186 1715/2646/4187 1737/2647/4188 1736/2643/4189
f 1715/2648/4190 1716/2649/4191 1738/2650/4192 1737/2647/4193
f 1716/2651/4194 1717/2652/4195 1739/2653/4196 1738/2650/4197
f 1717/2654/4198 1718/2655/4199 1740/2656/4200 1739/2653/4201
f 1718/2657/4202 1719/2658/4203 1741/2659/4204 1740/2660/4205
f 1719/2661/4206 1720/2662/4207 1742/2663/4208 1741/2664/4209
f 1720/2665/4210 1721/2666/4211 1743/2667/4212 1742/2668/4213
f 1721/2669/4214 1722/2670/4215 1744/2671/4216 1743/2672/4217
f 1722/2673/4218 1712/2674/4219 1734/2675/4220 1744/2676/4221
f 1726/2607/4222 1725/2604/4223 1736/2643/4224 1737/2647/4225
f 1727/2610/4226 1726/2607/4227 1737/2647/4228 1738/2650/4229
f 1728/2613/4230 1727/2610/4231 1738/2650/4232 1739/2653/4233
f 1725/2604/4234 1724/2603/4235 1735/2644/4236 1736/2643/4237
f 1724/2600/4238 1723/2599/4239 1734/2640/4240 1735/2639/4241
f 1723/2636/4242 1733/2635/4243 1744/2676/4244 1734/2675/4245
f 1733/2632/4246 1732/2631/4247 1743/2672/4248 1744/2671/4249
f 1732/2628/4250 1731/2627/4251 1742/2668/4252 1743/2667/4253
f 1731/2624/4254 1730/2623/4255 1741/2664/4256 1742/2663/4257
f 1730/2620/4258 1729/2619/4259 1740/2660/4260 1741/2659/4261
f 1729/2616/4262 1728/2613/4263 1739/2653/4264 1740/2656/4265
g default
v 48.557690 24.724764 46.585251
v 48.561718 24.724764 46.366913
v 48.302315 24.724194 46.580532
v 48.306343 24.724194 46.362206
v 48.668598 24.865242 46.612465
v 48.189857 24.864172 46.603638
v 48.194809 24.864172 46.334976
v 48.673553 24.865242 46.343803
v 48.629044 26.955629 46.586563
v 48.220993 26.954716 46.579033
v 48.225021 26.954716 46.360695
v 48.633068 26.955629 46.368229
v 48.577881 26.955513 46.538757
v 48.273884 26.954830 46.533142
v 48.276184 26.954830 46.408508
v 48.580181 26.955513 46.414124
v 48.188686 25.386787 46.603615
v 48.667431 25.387857 46.612442
v 48.672386 25.387857 46.343781
v 48.193642 25.386787 46.334953
v 48.187519 25.909405 46.603596
v 48.666264 25.910475 46.612423
v 48.671219 25.910475 46.343754
v 48.192474 25.909405 46.334927
v 48.186352 26.432018 46.603577
v 48.665092 26.433090 46.612404
v 48.670052 26.433090 46.343735
v 48.191307 26.432018 46.334908
v 48.326885 27.071438 46.534126
v 48.524357 27.071880 46.537766
v 48.526653 27.071880 46.413132
v 48.329185 27.071438 46.409492
v 48.415897 26.955154 46.629547
v 48.414974 26.432531 46.665520
v 48.416142 25.909920 46.665535
v 48.417309 25.387302 46.665554
v 48.418476 24.864685 46.665581
v 48.423969 24.724468 46.629692
v 48.429729 24.724468 46.317558
v 48.425564 24.864685 46.281502
v 48.424397 25.387302 46.281479
v 48.423225 25.909920 46.281456
v 48.422058 26.432531 46.281433
v 48.421658 26.955154 46.317413
v 48.422523 26.955158 46.384426
v 48.424419 27.071650 46.384460
v 48.421135 27.071650 46.562637
v 48.419239 26.955158 46.562607
v 48.338749 28.344248 46.534348
v 48.418884 28.344427 46.562599
v 48.506805 28.344624 46.537445
v 48.509106 28.344624 46.412811
v 48.422169 28.344427 46.384426
v 48.341049 28.344248 46.409714
v 48.559711 28.982786 46.545700
v 48.562279 28.982786 46.406498
v 48.417645 28.982464 46.402657
v 48.416424 28.982466 46.544243
v 48.416912 28.414713 46.572983
v 48.673050 28.415283 46.547791
v 48.282730 28.982166 46.540588
v 48.285297 28.982166 46.401394
v 48.174488 28.414164 46.399345
v 48.171921 28.414164 46.538551
v 48.675621 28.415283 46.408585
v 48.419121 28.414707 46.373940
v 48.416260 28.929527 46.558403
v 48.660480 28.930073 46.547562
v 48.663048 28.930073 46.408360
v 48.417992 28.929523 46.388496
v 48.184761 28.929003 46.399536
v 48.182194 28.929003 46.538738
v 48.143108 28.684456 46.398773
v 48.140541 28.684456 46.537968
v 48.415836 28.685070 46.565311
v 48.703224 28.685715 46.548355
v 48.705791 28.685715 46.409149
v 48.417572 28.685066 46.381573
vt 0.375000 0.000000
vt 0.625000 0.000000
vt 0.625000 0.008714
vt 0.375000 0.008714
vt 0.375000 0.250000
vt 0.625000 0.250000
vt 0.625000 0.380058
vt 0.375000 0.380058
vt 0.375000 0.741286
vt 0.625000 0.741286
vt 0.625000 0.750000
vt 0.375000 0.750000
vt 0.375000 0.869942
vt 0.625000 0.869942
vt 0.625000 1.000000
vt 0.375000 1.000000
vt 0.755058 0.000000
vt 0.755058 0.008714
vt 0.244942 0.000000
vt 0.244942 0.008714
vt 0.244942 0.106142
vt 0.375000 0.106142
vt 0.375000 0.138618
vt 0.244942 0.138618
vt 0.375000 0.611382
vt 0.625000 0.611382
vt 0.625000 0.643858
vt 0.375000 0.643858
vt 0.625000 0.106142
vt 0.755058 0.106142
vt 0.755058 0.138618
vt 0.625000 0.138618
vt 0.244942 0.247836
vt 0.375000 0.247836
vt 0.244942 0.250000
vt 0.375000 0.500000
vt 0.625000 0.500000
vt 0.625000 0.502164
vt 0.375000 0.502164
vt 0.625000 0.247836
vt 0.755058 0.247836
vt 0.755058 0.250000
vt 0.244942 0.138618
vt 0.375000 0.138618
vt 0.375000 0.611382
vt 0.625000 0.611382
vt 0.755058 0.138618
vt 0.625000 0.138618
vt 0.375000 0.041190
vt 0.244942 0.041190
vt 0.625000 0.041190
vt 0.755058 0.041190
vt 0.375000 0.708810
vt 0.625000 0.708810
vt 0.375000 0.073666
vt 0.244942 0.073666
vt 0.625000 0.073666
vt 0.755058 0.073666
vt 0.375000 0.676334
vt 0.625000 0.676334
vt 0.375000 0.146012
vt 0.244942 0.146012
vt 0.625000 0.146012
vt 0.755058 0.146012
vt 0.375000 0.603988
vt 0.625000 0.603988
vt 0.125000 0.106142
vt 0.125000 0.138618
vt 0.125000 0.073666
vt 0.125000 0.041190
vt 0.125000 0.008714
vt 0.125000 0.000000
vt 0.875000 0.000000
vt 0.875000 0.008714
vt 0.875000 0.041190
vt 0.875000 0.073666
vt 0.875000 0.106142
vt 0.875000 0.138618
vt 0.875000 0.138618
vt 0.875000 0.146012
vt 0.875000 0.247836
vt 0.875000 0.250000
vt 0.125000 0.247836
vt 0.125000 0.250000
vt 0.125000 0.138618
vt 0.125000 0.146012
vt 0.244942 0.226796
vt 0.125000 0.226796
vt 0.375000 0.226796
vt 0.625000 0.226796
vt 0.755058 0.226796
vt 0.875000 0.226796
vt 0.375000 0.523204
vt 0.625000 0.523204
vt 0.375000 0.226796
vt 0.244942 0.226796
vt 0.375000 0.523204
vt 0.625000 0.523204
vt 0.755058 0.226796
vt 0.625000 0.226796
vt 0.875000 0.226796
vt 0.125000 0.226796
vt 0.244942 0.237846
vt 0.375000 0.237846
vt 0.625000 0.237846
vt 0.755058 0.237846
vt 0.875000 0.237846
vt 0.625000 0.512154
vt 0.375000 0.512154
vt 0.125000 0.237846
vn 0.783434 -0.621308 0.014449
vn 0.783434 -0.621308 0.014449
vn 0.783434 -0.621308 0.014449
vn 0.783434 -0.621308 0.014449
vn -0.002224 0.999998 -0.000041
vn -0.002224 0.999998 -0.000041
vn -0.002235 0.999997 -0.000041
vn -0.002235 0.999997 -0.000041
vn -0.989231 -0.145220 -0.018248
vn -0.989231 -0.145222 -0.018248
vn -0.780647 -0.624806 -0.014400
vn -0.780647 -0.624806 -0.014400
vn 0.002235 -0.999997 0.000041
vn 0.002235 -0.999997 0.000041
vn 0.002235 -0.999997 0.000041
vn 0.002235 -0.999997 0.000041
vn 0.269848 -0.296639 -0.916072
vn 0.022499 -0.314556 -0.948972
vn 0.017662 -0.054726 -0.998345
vn 0.247937 -0.034693 -0.968155
vn -0.012512 -0.314591 0.949145
vn 0.235866 -0.296681 0.925391
vn 0.212046 -0.034699 0.976644
vn -0.019169 -0.054732 0.998317
vn -0.018653 0.031784 0.999321
vn 0.205377 0.030788 0.978199
vn 0.202546 0.064603 0.977139
vn -0.018244 0.066347 0.997630
vn -0.997698 0.065261 -0.018404
vn -0.997698 0.065261 -0.018404
vn -0.999398 0.029388 -0.018436
vn -0.999398 0.029388 -0.018436
vn 0.241328 0.030782 -0.969955
vn 0.018215 0.031781 -0.999329
vn 0.018562 0.066340 -0.997624
vn 0.238455 0.064589 -0.969003
vn 0.999257 0.033858 0.018433
vn 0.999257 0.033859 0.018433
vn 0.997397 0.069727 0.018399
vn 0.997397 0.069727 0.018399
vn -0.018385 0.041178 0.998983
vn 0.050950 0.026748 0.998343
vn 0.023444 0.171667 0.984876
vn -0.018543 0.172717 0.984797
vn -0.467321 0.884046 -0.008621
vn -0.467321 0.884046 -0.008621
vn -0.902185 0.431029 -0.016642
vn -0.902185 0.431029 -0.016642
vn 0.087337 0.026648 -0.995822
vn 0.018510 0.041157 -0.998981
vn 0.017794 0.172669 -0.984819
vn 0.059453 0.171312 -0.983421
vn 0.900252 0.435052 0.016607
vn 0.900252 0.435052 0.016607
vn 0.463374 0.886122 0.008548
vn 0.463374 0.886122 0.008548
vn -0.002233 0.999997 -0.000041
vn -0.002233 0.999997 -0.000041
vn -0.002216 0.999998 -0.000041
vn -0.002214 0.999998 -0.000041
vn -0.002250 0.999998 -0.000041
vn -0.002247 0.999998 -0.000041
vn -0.002250 0.999998 -0.000041
vn -0.002252 0.999998 -0.000041
vn -0.002214 0.999998 -0.000041
vn -0.002233 0.999997 -0.000041
vn -0.002233 0.999997 -0.000041
vn -0.002212 0.999998 -0.000041
vn -0.002216 0.999998 -0.000041
vn -0.002214 0.999998 -0.000041
vn -0.002212 0.999998 -0.000041
vn -0.002214 0.999998 -0.000041
vn -0.019169 -0.054732 0.998317
vn 0.212046 -0.034699 0.976644
vn 0.207710 0.000504 0.978190
vn -0.018444 0.000000 0.999830
vn 0.989870 -0.140800 0.018260
vn 0.989869 -0.140802 0.018260
vn 0.999828 0.002235 0.018443
vn 0.999828 0.002235 0.018443
vn 0.247937 -0.034693 -0.968155
vn 0.017662 -0.054726 -0.998345
vn 0.018444 0.000000 -0.999830
vn 0.243663 0.000505 -0.969860
vn -0.999828 -0.002235 -0.018443
vn -0.999828 -0.002235 -0.018443
vn -0.989231 -0.145222 -0.018248
vn -0.989231 -0.145220 -0.018248
vn -0.018444 0.000000 0.999830
vn 0.207710 0.000504 0.978190
vn 0.207710 0.000504 0.978190
vn -0.018444 0.000000 0.999830
vn 0.999828 0.002235 0.018443
vn 0.999828 0.002235 0.018443
vn 0.999828 0.002235 0.018443
vn 0.999828 0.002235 0.018443
vn 0.243663 0.000505 -0.969860
vn 0.018444 0.000000 -0.999830
vn 0.018444 0.000000 -0.999830
vn 0.243663 0.000505 -0.969860
vn -0.999828 -0.002235 -0.018443
vn -0.999828 -0.002235 -0.018443
vn -0.999828 -0.002235 -0.018443
vn -0.999828 -0.002235 -0.018443
vn -0.018444 0.000000 0.999830
vn 0.207710 0.000504 0.978190
vn 0.205377 0.030788 0.978199
vn -0.018653 0.031784 0.999321
vn 0.999828 0.002235 0.018443
vn 0.999828 0.002235 0.018443
vn 0.999257 0.033859 0.018433
vn 0.999257 0.033858 0.018433
vn 0.243663 0.000505 -0.969860
vn 0.018444 0.000000 -0.999830
vn 0.018215 0.031781 -0.999329
vn 0.241328 0.030782 -0.969955
vn -0.999398 0.029388 -0.018436
vn -0.999398 0.029388 -0.018436
vn -0.999828 -0.002235 -0.018443
vn -0.999828 -0.002235 -0.018443
vn -0.021006 0.048801 0.998588
vn 0.182651 0.044491 0.982171
vn 0.243719 0.007869 0.969814
vn -0.018263 0.006947 0.999809
vn 0.908326 0.417927 0.016755
vn 0.908326 0.417927 0.016755
vn 0.998523 0.051107 0.018420
vn 0.998523 0.051107 0.018420
vn 0.218785 0.044511 -0.974757
vn 0.015837 0.048811 -0.998682
vn 0.018624 0.006949 -0.999802
vn 0.279364 0.007873 -0.960153
vn -0.998742 0.046642 -0.018423
vn -0.998742 0.046642 -0.018423
vn -0.910185 0.413862 -0.016790
vn -0.910185 0.413862 -0.016790
vn -0.259153 0.030222 0.965363
vn -0.018653 0.031784 0.999321
vn -0.018244 0.066347 0.997630
vn -0.256229 0.064554 0.964458
vn -0.261510 -0.000545 0.965201
vn -0.018444 0.000000 0.999830
vn -0.018653 0.031784 0.999321
vn -0.259153 0.030222 0.965363
vn -0.261511 -0.000545 0.965200
vn -0.018444 0.000000 0.999830
vn -0.018444 0.000000 0.999830
vn -0.261510 -0.000545 0.965201
vn -0.265921 -0.037807 0.963253
vn -0.019169 -0.054732 0.998317
vn -0.018444 0.000000 0.999830
vn -0.261511 -0.000545 0.965200
vn -0.286668 -0.311407 0.906006
vn -0.012512 -0.314591 0.949145
vn -0.019169 -0.054732 0.998317
vn -0.265921 -0.037807 0.963253
vn 0.002235 -0.999997 0.000041
vn 0.002235 -0.999997 0.000041
vn 0.002235 -0.999997 0.000041
vn 0.002235 -0.999997 0.000041
vn 0.017662 -0.054726 -0.998345
vn 0.022499 -0.314556 -0.948972
vn -0.253075 -0.311381 -0.915967
vn -0.230233 -0.037804 -0.972401
vn 0.018444 0.000000 -0.999830
vn 0.017662 -0.054726 -0.998345
vn -0.230233 -0.037804 -0.972401
vn -0.225755 -0.000545 -0.974184
vn 0.018444 0.000000 -0.999830
vn 0.018444 0.000000 -0.999830
vn -0.225755 -0.000545 -0.974184
vn -0.225755 -0.000545 -0.974184
vn 0.018215 0.031781 -0.999329
vn 0.018444 0.000000 -0.999830
vn -0.225755 -0.000545 -0.974184
vn -0.223388 0.030222 -0.974261
vn 0.018562 0.066340 -0.997624
vn 0.018215 0.031781 -0.999329
vn -0.223388 0.030222 -0.974261
vn -0.220494 0.064553 -0.973250
vn -0.002233 0.999997 -0.000041
vn -0.002233 0.999997 -0.000041
vn -0.002250 0.999998 -0.000041
vn -0.002252 0.999998 -0.000041
vn 0.018624 0.006949 -0.999802
vn 0.015837 0.048811 -0.998682
vn -0.199065 0.051137 -0.978651
vn -0.264284 0.007881 -0.964413
vn 0.017794 0.172669 -0.984819
vn 0.018510 0.041157 -0.998981
vn -0.054367 0.027011 -0.998156
vn -0.026721 0.173786 -0.984421
vn -0.002235 0.999997 -0.000041
vn -0.002235 0.999997 -0.000041
vn -0.002247 0.999997 -0.000041
vn -0.002247 0.999997 -0.000041
vn -0.090706 0.026940 0.995513
vn -0.018385 0.041178 0.998983
vn -0.018543 0.172717 0.984797
vn -0.062675 0.173493 0.982839
vn -0.234987 0.051137 0.970653
vn -0.021006 0.048801 0.998588
vn -0.018263 0.006947 0.999809
vn -0.299627 0.007881 0.954024
vn -0.002247 0.999998 -0.000041
vn -0.002233 0.999997 -0.000041
vn -0.002233 0.999997 -0.000041
vn -0.002250 0.999998 -0.000041
vn -0.299627 0.007881 0.954024
vn -0.018263 0.006947 0.999809
vn -0.018364 0.001693 0.999830
vn -0.309577 0.001103 0.950874
vn -0.018263 0.006947 0.999809
vn 0.243719 0.007869 0.969814
vn 0.253203 0.002109 0.967411
vn -0.018364 0.001693 0.999830
vn 0.998523 0.051107 0.018420
vn 0.998523 0.051107 0.018420
vn 0.999735 0.013791 0.018442
vn 0.999735 0.013791 0.018442
vn 0.279364 0.007873 -0.960153
vn 0.018624 0.006949 -0.999802
vn 0.018523 0.001694 -0.999827
vn 0.288753 0.002110 -0.957401
vn -0.274346 0.001103 -0.961630
vn 0.018523 0.001694 -0.999827
vn 0.018624 0.006949 -0.999802
vn -0.264284 0.007881 -0.964413
vn -0.999786 0.009321 -0.018443
vn -0.999786 0.009321 -0.018443
vn -0.998742 0.046642 -0.018423
vn -0.998742 0.046642 -0.018423
vn 0.138755 -0.300526 0.943627
vn 0.138755 -0.300526 0.943627
vn 0.138755 -0.300526 0.943627
vn 0.138755 -0.300526 0.943627
vn -0.386667 -0.922192 -0.007132
vn -0.386667 -0.922192 -0.007132
vn -0.386667 -0.922192 -0.007132
vn -0.386667 -0.922192 -0.007132
vn 0.172942 -0.298459 -0.938623
vn 0.172942 -0.298459 -0.938623
vn 0.172942 -0.298459 -0.938623
vn 0.172942 -0.298459 -0.938623
vn 0.390772 -0.920459 0.007208
vn 0.390772 -0.920459 0.007208
vn 0.390772 -0.920459 0.007208
vn 0.390772 -0.920459 0.007208
vn -0.145238 -0.315238 -0.937833
vn -0.145238 -0.315238 -0.937833
vn -0.145238 -0.315238 -0.937833
vn -0.145238 -0.315238 -0.937833
vn -0.179150 -0.312912 0.932733
vn -0.179150 -0.312912 0.932733
vn -0.179150 -0.312912 0.932733
vn -0.179150 -0.312912 0.932733
vn -0.018624 0.014111 0.999727
vn 0.065762 0.014143 0.997735
vn 0.050950 0.026748 0.998343
vn -0.018385 0.041178 0.998983
vn 0.999532 0.024413 0.018438
vn 0.999532 0.024413 0.018438
vn 0.900252 0.435052 0.016607
vn 0.900252 0.435052 0.016607
vn 0.102038 0.014132 -0.994680
vn 0.018216 0.014110 -0.999735
vn 0.018510 0.041157 -0.998981
vn 0.087337 0.026648 -0.995822
vn -0.054367 0.027011 -0.998156
vn 0.018510 0.041157 -0.998981
vn 0.018216 0.014110 -0.999735
vn -0.069771 0.013756 -0.997468
vn -0.902185 0.431029 -0.016642
vn -0.902185 0.431029 -0.016642
vn -0.999631 0.019944 -0.018440
vn -0.999631 0.019944 -0.018440
vn -0.105989 0.013748 0.994272
vn -0.018624 0.014111 0.999727
vn -0.018385 0.041178 0.998983
vn -0.090706 0.026940 0.995513
vn -0.999631 0.019944 -0.018440
vn -0.999631 0.019944 -0.018440
vn -0.993156 -0.115347 -0.018320
vn -0.993156 -0.115347 -0.018320
vn -0.117915 0.008087 0.992991
vn -0.018317 0.008580 0.999795
vn -0.018624 0.014111 0.999727
vn -0.105989 0.013748 0.994272
vn -0.018317 0.008580 0.999795
vn 0.077291 0.008971 0.996968
vn 0.065762 0.014143 0.997735
vn -0.018624 0.014111 0.999727
vn 0.993662 -0.110905 0.018330
vn 0.993662 -0.110905 0.018330
vn 0.999532 0.024413 0.018438
vn 0.999532 0.024413 0.018438
vn 0.113467 0.009033 -0.993501
vn 0.018613 0.008593 -0.999790
vn 0.018216 0.014110 -0.999735
vn 0.102038 0.014132 -0.994680
vn -0.069771 0.013756 -0.997468
vn 0.018216 0.014110 -0.999735
vn 0.018613 0.008593 -0.999790
vn -0.081807 0.008043 -0.996616
s off
g group2 Pizarron_herramientas Accesorios:LlavepCube36
usemtl Accesorios:initialShadingGroup
f 1745/2677/4266 1746/2678/4267 1752/2679/4268 1749/2680/4269
f 1799/2681/4270 1800/2682/4271 1801/2683/4272 1802/2684/4273
f 1750/2685/4274 1751/2686/4275 1748/2687/4276 1747/2688/4277
f 1782/2689/4278 1783/2690/4279 1746/2691/4280 1745/2692/4281
f 1746/2678/4282 1783/2693/4283 1784/2694/4284 1752/2679/4285
f 1782/2695/4286 1745/2677/4287 1749/2680/4288 1781/2696/4289
f 1778/2697/4290 1770/2698/4291 1753/2699/4292 1777/2700/4293
f 1754/2701/4294 1755/2702/4295 1772/2703/4296 1769/2704/4297
f 1771/2705/4298 1787/2706/4299 1788/2707/4300 1756/2708/4301
f 1770/2698/4302 1771/2705/4303 1756/2708/4304 1753/2699/4305
f 1811/2709/4306 1812/2710/4307 1799/2681/4308 1802/2711/4309
f 1805/2712/4310 1806/2713/4311 1815/2714/4312 1816/2715/4313
f 1813/2716/4314 1814/2717/4315 1801/2718/4316 1800/2682/4317
f 1812/2710/4318 1813/2716/4319 1800/2682/4320 1799/2681/4321
f 1792/2719/4322 1777/2700/4323 1753/2699/4324 1757/2720/4325
f 1755/2702/4326 1754/2701/4327 1758/2721/4328 1759/2722/4329
f 1756/2708/4330 1788/2707/4331 1789/2723/4332 1760/2724/4333
f 1753/2699/4334 1756/2708/4335 1760/2724/4336 1757/2720/4337
f 1781/2696/4338 1749/2680/4339 1762/2725/4340 1780/2726/4341
f 1749/2680/4342 1752/2679/4343 1763/2727/4344 1762/2725/4345
f 1752/2679/4346 1784/2694/4347 1785/2728/4348 1763/2727/4349
f 1761/2729/4350 1764/2730/4351 1751/2686/4352 1750/2685/4353
f 1780/2726/4354 1762/2725/4355 1766/2731/4356 1779/2732/4357
f 1762/2725/4358 1763/2727/4359 1767/2733/4360 1766/2731/4361
f 1763/2727/4362 1785/2728/4363 1786/2734/4364 1767/2733/4365
f 1765/2735/4366 1768/2736/4367 1764/2730/4368 1761/2729/4369
f 1779/2732/4370 1766/2731/4371 1770/2698/4372 1778/2697/4373
f 1766/2731/4374 1767/2733/4375 1771/2705/4376 1770/2698/4377
f 1767/2733/4378 1786/2734/4379 1787/2706/4380 1771/2705/4381
f 1769/2704/4382 1772/2703/4383 1768/2736/4384 1765/2735/4385
f 1792/2719/4386 1757/2720/4387 1774/2737/4388 1791/2738/4389
f 1757/2720/4390 1760/2724/4391 1775/2739/4392 1774/2737/4393
f 1760/2724/4394 1789/2723/4395 1790/2740/4396 1775/2739/4397
f 1773/2741/4398 1776/2742/4399 1759/2722/4400 1758/2721/4401
f 1769/2743/4402 1778/2697/4403 1777/2700/4404 1754/2744/4405
f 1765/2745/4406 1779/2732/4407 1778/2697/4408 1769/2743/4409
f 1761/2746/4410 1780/2726/4411 1779/2732/4412 1765/2745/4413
f 1750/2747/4414 1781/2696/4415 1780/2726/4416 1761/2746/4417
f 1747/2748/4418 1782/2695/4419 1781/2696/4420 1750/2747/4421
f 1747/2688/4422 1748/2687/4423 1783/2690/4424 1782/2689/4425
f 1784/2694/4426 1783/2693/4427 1748/2749/4428 1751/2750/4429
f 1785/2728/4430 1784/2694/4431 1751/2750/4432 1764/2751/4433
f 1786/2734/4434 1785/2728/4435 1764/2751/4436 1768/2752/4437
f 1787/2706/4438 1786/2734/4439 1768/2752/4440 1772/2753/4441
f 1788/2707/4442 1787/2706/4443 1772/2753/4444 1755/2754/4445
f 1789/2723/4446 1788/2707/4447 1755/2754/4448 1759/2755/4449
f 1790/2740/4450 1789/2723/4451 1759/2755/4452 1776/2756/4453
f 1801/2718/4454 1814/2717/4455 1815/2757/4456 1806/2758/4457
f 1802/2684/4458 1801/2683/4459 1806/2713/4460 1805/2712/4461
f 1816/2759/4462 1811/2709/4463 1802/2711/4464 1805/2760/4465
f 1758/2761/4466 1792/2719/4467 1791/2738/4468 1773/2762/4469
f 1754/2744/4470 1777/2700/4471 1792/2719/4472 1758/2761/4473
f 1773/2762/4474 1791/2738/4475 1794/2763/4476 1793/2764/4477
f 1791/2738/4478 1774/2737/4479 1795/2765/4480 1794/2763/4481
f 1774/2737/4482 1775/2739/4483 1796/2766/4484 1795/2765/4485
f 1775/2739/4486 1790/2740/4487 1797/2767/4488 1796/2766/4489
f 1798/2768/4490 1797/2767/4491 1790/2740/4492 1776/2756/4493
f 1793/2769/4494 1798/2770/4495 1776/2742/4496 1773/2741/4497
f 1794/2763/4498 1795/2765/4499 1804/2771/4500 1803/2772/4501
f 1798/2770/4502 1793/2769/4503 1808/2773/4504 1807/2774/4505
f 1796/2766/4506 1797/2767/4507 1810/2775/4508 1809/2776/4509
f 1795/2765/4510 1796/2766/4511 1809/2776/4512 1804/2771/4513
f 1797/2767/4514 1798/2768/4515 1807/2777/4516 1810/2775/4517
f 1793/2764/4518 1794/2763/4519 1803/2772/4520 1808/2778/4521
f 1819/2779/4522 1820/2780/4523 1812/2710/4524 1811/2709/4525
f 1820/2780/4526 1821/2781/4527 1813/2716/4528 1812/2710/4529
f 1821/2781/4530 1822/2782/4531 1814/2717/4532 1813/2716/4533
f 1815/2757/4534 1814/2717/4535 1822/2782/4536 1817/2783/4537
f 1816/2715/4538 1815/2714/4539 1817/2784/4540 1818/2785/4541
f 1818/2786/4542 1819/2779/4543 1811/2709/4544 1816/2759/4545
f 1818/2785/4546 1817/2784/4547 1807/2774/4548 1808/2773/4549
f 1808/2778/4550 1803/2772/4551 1819/2779/4552 1818/2786/4553
f 1803/2772/4554 1804/2771/4555 1820/2780/4556 1819/2779/4557
f 1804/2771/4558 1809/2776/4559 1821/2781/4560 1820/2780/4561
f 1809/2776/4562 1810/2775/4563 1822/2782/4564 1821/2781/4565
f 1817/2783/4566 1822/2782/4567 1810/2775/4568 1807/2777/4569
g default
v 31.353565 24.935434 46.327774
v 31.351856 24.935434 46.638252
v 31.354572 25.957220 46.145073
v 31.351856 25.957220 46.638252
v 37.113220 25.957220 46.176788
v 37.110504 25.957220 46.669960
v 37.112213 24.935434 46.359482
v 37.110504 24.935434 46.669960
vt 0.375000 0.000000
vt 0.625000 0.000000
vt 0.625000 0.250000
vt 0.375000 0.250000
vt 0.625000 0.500000
vt 0.375000 0.500000
vt 0.625000 0.750000
vt 0.375000 0.750000
vt 0.125000 0.000000
vt 0.125000 0.250000
vn -0.999985 0.000000 -0.005506
vn -0.999985 0.000000 -0.005506
vn -0.999985 0.000000 -0.005506
vn -0.999985 0.000000 -0.005506
vn 0.000000 1.000000 0.000000
vn 0.000000 1.000000 0.000000
vn 0.000000 1.000000 0.000000
vn 0.000000 1.000000 0.000000
vn 0.999985 0.000000 0.005507
vn 0.999985 0.000000 0.005507
vn 0.999985 0.000000 0.005507
vn 0.999985 0.000000 0.005507
vn 0.005421 -0.176014 -0.984373
vn 0.005421 -0.176014 -0.984373
vn 0.005421 -0.176014 -0.984373
vn 0.005421 -0.176014 -0.984373
s off
g group2 Pizarron_herramientas Accesorios:pCube35
usemtl Accesorios:initialShadingGroup
f 1823/2787/4570 1824/2788/4571 1826/2789/4572 1825/2790/4573
f 1825/2790/4574 1826/2789/4575 1828/2791/4576 1827/2792/4577
f 1827/2792/4578 1828/2791/4579 1830/2793/4580 1829/2794/4581
f 1829/2795/4582 1823/2787/4583 1825/2790/4584 1827/2796/4585
g default
v 36.860497 26.589167 46.473232
v 36.888103 26.589167 46.407600
v 36.861221 26.589167 46.341679
v 36.795597 26.589167 46.314072
v 36.729668 26.589167 46.340954
v 36.702057 26.589167 46.406582
v 36.728947 26.589167 46.472507
v 36.794571 26.589167 46.500122
v 36.860497 27.205360 46.473232
v 36.888103 27.205360 46.407600
v 36.861221 27.205360 46.341679
v 36.795597 27.205360 46.314072
v 36.729668 27.205360 46.340954
v 36.702057 27.205360 46.406582
v 36.728947 27.205360 46.472507
v 36.794571 27.205360 46.500122
v 36.795082 26.589167 46.407089
v 36.795597 26.642263 46.314072
v 36.861221 26.642263 46.341679
v 36.888103 26.642263 46.407600
v 36.860497 26.642263 46.473232
v 36.794571 26.642263 46.500122
v 36.728947 26.642263 46.472507
v 36.702057 26.642263 46.406582
v 36.729668 26.642263 46.340954
v 36.869900 26.587177 46.482742
v 36.901474 26.587177 46.407681
v 36.901474 26.618776 46.407681
v 36.869900 26.618776 46.482742
v 36.870728 26.587177 46.332283
v 36.870728 26.618776 46.332283
v 36.795670 26.587177 46.300697
v 36.795670 26.618776 46.300697
v 36.720268 26.587177 46.331455
v 36.720268 26.618776 46.331455
v 36.688690 26.587177 46.406509
v 36.688690 26.618776 46.406509
v 36.719437 26.587177 46.481907
v 36.719437 26.618776 46.481907
v 36.794498 26.587177 46.513489
v 36.794498 26.618776 46.513489
v 36.795082 27.205360 46.407089
v 36.795597 27.143356 46.314072
v 36.861221 27.143356 46.341679
v 36.888103 27.143356 46.407600
v 36.860497 27.143356 46.473232
v 36.794571 27.143356 46.500122
v 36.728947 27.143356 46.472507
v 36.702057 27.143356 46.406582
v 36.729668 27.143356 46.340954
v 36.795525 26.677986 46.327339
v 36.851791 26.677986 46.351002
v 36.795525 27.107634 46.327339
v 36.851791 27.107634 46.351002
v 36.874840 26.677986 46.407532
v 36.874840 27.107634 46.407532
v 36.851170 26.677986 46.463810
v 36.851170 27.107634 46.463810
v 36.794647 26.677986 46.486855
v 36.794647 27.107634 46.486855
v 36.738377 26.677986 46.463184
v 36.738377 27.107634 46.463184
v 36.715321 26.677986 46.406654
v 36.715321 27.107634 46.406654
v 36.738998 26.677986 46.350384
v 36.738998 27.107634 46.350384
vt 0.375000 0.312500
vt 0.406250 0.312500
vt 0.406250 0.329355
vt 0.375000 0.329355
vt 0.437500 0.312500
vt 0.437500 0.329355
vt 0.468750 0.312500
vt 0.468750 0.329355
vt 0.500000 0.312500
vt 0.500000 0.329355
vt 0.531250 0.312500
vt 0.531250 0.329355
vt 0.562500 0.312500
vt 0.562500 0.329355
vt 0.593750 0.312500
vt 0.593750 0.329355
vt 0.625000 0.312500
vt 0.625000 0.329355
vt 0.500000 0.000000
vt 0.610485 0.045765
vt 0.500000 0.150000
vt 0.389515 0.045765
vt 0.343750 0.156250
vt 0.389515 0.266735
vt 0.500000 0.312500
vt 0.610485 0.266735
vt 0.656250 0.156250
vt 0.437500 0.329355
vt 0.468750 0.329355
vt 0.468750 0.648899
vt 0.437500 0.648899
vt 0.406250 0.329355
vt 0.406250 0.648899
vt 0.375000 0.329355
vt 0.375000 0.648899
vt 0.593750 0.329355
vt 0.625000 0.329355
vt 0.625000 0.648899
vt 0.593750 0.648899
vt 0.562500 0.329355
vt 0.562500 0.648899
vt 0.531250 0.329355
vt 0.531250 0.648899
vt 0.500000 0.329355
vt 0.500000 0.648899
vt 0.375000 0.312500
vt 0.406250 0.312500
vt 0.406250 0.329355
vt 0.375000 0.329355
vt 0.437500 0.312500
vt 0.437500 0.329355
vt 0.468750 0.312500
vt 0.468750 0.329355
vt 0.500000 0.312500
vt 0.500000 0.329355
vt 0.531250 0.312500
vt 0.531250 0.329355
vt 0.562500 0.312500
vt 0.562500 0.329355
vt 0.593750 0.312500
vt 0.593750 0.329355
vt 0.625000 0.312500
vt 0.625000 0.329355
vt 0.562500 0.688440
vt 0.468750 0.688440
vt 0.531250 0.688440
vt 0.406250 0.688440
vt 0.437500 0.688440
vt 0.468750 0.688440
vt 0.500000 0.688440
vt 0.593750 0.688440
vt 0.375000 0.688440
vt 0.437500 0.648899
vt 0.468750 0.648899
vt 0.406250 0.648899
vt 0.375000 0.648899
vt 0.593750 0.648899
vt 0.625000 0.648899
vt 0.625000 0.688440
vt 0.562500 0.648899
vt 0.531250 0.648899
vt 0.500000 0.648899
vn 0.921764 0.000000 0.387751
vn 0.921764 0.000000 0.387751
vn 0.921764 0.000000 0.387751
vn 0.921764 0.000000 0.387751
vn 0.925971 0.000000 -0.377595
vn 0.925971 0.000000 -0.377595
vn 0.925971 0.000000 -0.377595
vn 0.925971 0.000000 -0.377595
vn 0.387911 0.000000 -0.921697
vn 0.387911 0.000000 -0.921697
vn 0.387911 0.000000 -0.921697
vn 0.387911 0.000000 -0.921697
vn -0.377737 0.000000 -0.925913
vn -0.377737 0.000000 -0.925913
vn -0.377737 0.000000 -0.925913
vn -0.377737 0.000000 -0.925913
vn -0.921744 0.000000 -0.387800
vn -0.921744 0.000000 -0.387800
vn -0.921744 0.000000 -0.387800
vn -0.921744 0.000000 -0.387800
vn -0.925969 0.000000 0.377601
vn -0.925969 0.000000 0.377601
vn -0.925969 0.000000 0.377601
vn -0.925969 0.000000 0.377601
vn -0.387851 0.000000 0.921722
vn -0.387851 0.000000 0.921722
vn -0.387851 0.000000 0.921722
vn -0.387851 0.000000 0.921722
vn 0.377677 0.000000 0.925937
vn 0.377677 0.000000 0.925937
vn 0.377677 0.000000 0.925937
vn 0.377677 0.000000 0.925937
vn 0.000000 -1.000000 0.000000
vn 0.000000 -1.000000 0.000000
vn 0.000000 -1.000000 0.000000
vn 0.000000 -1.000000 0.000000
vn 0.000000 -1.000000 0.000000
vn 0.000000 -1.000000 0.000000
vn 0.000000 -1.000000 0.000000
vn 0.000000 -1.000000 0.000000
vn 0.000000 -1.000000 0.000000
vn 0.000000 -1.000000 0.000000
vn 0.000000 -1.000000 0.000000
vn 0.000000 -1.000000 0.000000
vn 0.000000 -1.000000 0.000000
vn 0.000000 -1.000000 0.000000
vn 0.000000 -1.000000 0.000000
vn 0.000000 -1.000000 0.000000
vn 0.000000 -1.000000 0.000000
vn 0.000000 -1.000000 0.000000
vn 0.000000 -1.000000 0.000000
vn 0.000000 -1.000000 0.000000
vn 0.000000 -1.000000 0.000000
vn 0.000000 -1.000000 0.000000
vn 0.000000 -1.000000 0.000000
vn 0.000000 -1.000000 0.000000
vn 0.387706 0.000000 -0.921783
vn 0.387706 0.000000 -0.921783
vn 0.387706 0.000000 -0.921783
vn 0.387706 0.000000 -0.921783
vn 0.925989 0.000000 -0.377551
vn 0.925989 0.000000 -0.377551
vn 0.925989 0.000000 -0.377551
vn 0.925989 0.000000 -0.377551
vn 0.921775 0.000000 0.387726
vn 0.921775 0.000000 0.387726
vn 0.921775 0.000000 0.387726
vn 0.921775 0.000000 0.387726
vn 0.377599 0.000000 0.925969
vn 0.377599 0.000000 0.925969
vn 0.377599 0.000000 0.925969
vn 0.377599 0.000000 0.925969
vn -0.387788 0.000000 0.921749
vn -0.387788 0.000000 0.921749
vn -0.387788 0.000000 0.921749
vn -0.387788 0.000000 0.921749
vn -0.925961 0.000000 0.377619
vn -0.925961 0.000000 0.377619
vn -0.925961 0.000000 0.377619
vn -0.925961 0.000000 0.377619
vn -0.921746 0.000000 -0.387794
vn -0.921746 0.000000 -0.387794
vn -0.921746 0.000000 -0.387794
vn -0.921746 0.000000 -0.387794
vn -0.377545 0.000000 -0.925991
vn -0.377545 0.000000 -0.925991
vn -0.377545 0.000000 -0.925991
vn -0.377545 0.000000 -0.925991
vn -0.146708 -0.987253 -0.061712
vn -0.146708 -0.987253 -0.061712
vn -0.146708 -0.987253 -0.061712
vn -0.146708 -0.987253 -0.061712
vn 0.815861 0.465396 0.343187
vn 0.815861 0.465396 0.343187
vn 0.815861 0.465396 0.343187
vn 0.815861 0.465396 0.343187
vn -0.147392 -0.987251 0.060099
vn -0.147392 -0.987251 0.060099
vn -0.147392 -0.987251 0.060099
vn -0.147392 -0.987251 0.060099
vn 0.819602 0.465364 -0.334199
vn 0.819602 0.465364 -0.334199
vn 0.819602 0.465364 -0.334199
vn 0.819602 0.465364 -0.334199
vn -0.061726 -0.987253 0.146705
vn -0.061726 -0.987253 0.146705
vn -0.061726 -0.987253 0.146705
vn -0.061726 -0.987253 0.146705
vn 0.343258 0.465389 -0.815835
vn 0.343258 0.465389 -0.815835
vn 0.343258 0.465389 -0.815835
vn 0.343258 0.465389 -0.815835
vn 0.060104 -0.987254 0.147369
vn 0.060104 -0.987254 0.147369
vn 0.060104 -0.987254 0.147369
vn 0.060104 -0.987254 0.147369
vn -0.334255 0.465405 -0.819556
vn -0.334255 0.465405 -0.819556
vn -0.334255 0.465405 -0.819556
vn -0.334255 0.465405 -0.819556
vn 0.146702 -0.987253 0.061720
vn 0.146702 -0.987253 0.061720
vn 0.146702 -0.987253 0.061720
vn 0.146702 -0.987253 0.061720
vn -0.815835 0.465403 -0.343239
vn -0.815835 0.465403 -0.343239
vn -0.815835 0.465403 -0.343239
vn -0.815835 0.465403 -0.343239
vn 0.147360 -0.987256 -0.060093
vn 0.147360 -0.987256 -0.060093
vn 0.147360 -0.987256 -0.060093
vn 0.147360 -0.987256 -0.060093
vn -0.819555 0.465435 0.334215
vn -0.819555 0.465435 0.334215
vn -0.819555 0.465435 0.334215
vn -0.819555 0.465435 0.334215
vn 0.061724 -0.987254 -0.146698
vn 0.061724 -0.987254 -0.146698
vn 0.061724 -0.987254 -0.146698
vn 0.061724 -0.987254 -0.146698
vn -0.343261 0.465405 0.815825
vn -0.343261 0.465405 0.815825
vn -0.343261 0.465405 0.815825
vn -0.343261 0.465405 0.815825
vn -0.060106 -0.987253 -0.147376
vn -0.060106 -0.987253 -0.147376
vn -0.060106 -0.987253 -0.147376
vn -0.060106 -0.987253 -0.147376
vn 0.334252 0.465389 0.819566
vn 0.334253 0.465389 0.819566
vn 0.334253 0.465389 0.819566
vn 0.334252 0.465389 0.819566
vn 0.000000 1.000000 0.000000
vn 0.000000 1.000000 0.000000
vn 0.000000 1.000000 0.000000
vn 0.000000 1.000000 0.000000
vn 0.000000 1.000000 0.000000
vn 0.000000 1.000000 0.000000
vn 0.000000 1.000000 0.000000
vn 0.000000 1.000000 0.000000
vn 0.000000 1.000000 0.000000
vn 0.000000 1.000000 0.000000
vn 0.000000 1.000000 0.000000
vn 0.000000 1.000000 0.000000
vn 0.000000 1.000000 0.000000
vn 0.000000 1.000000 0.000000
vn 0.000000 1.000000 0.000000
vn 0.000000 1.000000 0.000000
vn 0.000000 1.000000 0.000000
vn 0.000000 1.000000 0.000000
vn 0.000000 1.000000 0.000000
vn 0.000000 1.000000 0.000000
vn 0.000000 1.000000 0.000000
vn 0.000000 1.000000 0.000000
vn 0.000000 1.000000 0.000000
vn 0.000000 1.000000 0.000000
vn 0.387706 0.000000 -0.921783
vn 0.387706 0.000000 -0.921783
vn 0.387706 0.000000 -0.921783
vn 0.387706 0.000000 -0.921783
vn 0.925989 0.000000 -0.377551
vn 0.925989 0.000000 -0.377551
vn 0.925989 0.000000 -0.377551
vn 0.925989 0.000000 -0.377551
vn 0.921775 0.000000 0.387726
vn 0.921775 0.000000 0.387726
vn 0.921775 0.000000 0.387726
vn 0.921775 0.000000 0.387726
vn 0.377599 0.000000 0.925969
vn 0.377599 0.000000 0.925969
vn 0.377599 0.000000 0.925969
vn 0.377599 0.000000 0.925969
vn -0.387788 0.000000 0.921749
vn -0.387788 0.000000 0.921749
vn -0.387788 0.000000 0.921749
vn -0.387788 0.000000 0.921749
vn -0.925961 0.000000 0.377619
vn -0.925961 0.000000 0.377619
vn -0.925961 0.000000 0.377619
vn -0.925961 0.000000 0.377619
vn -0.921746 0.000000 -0.387794
vn -0.921746 0.000000 -0.387794
vn -0.921746 0.000000 -0.387794
vn -0.921746 0.000000 -0.387794
vn -0.377545 0.000000 -0.925991
vn -0.377545 0.000000 -0.925991
vn -0.377545 0.000000 -0.925991
vn -0.377545 0.000000 -0.925991
vn 0.366728 0.324482 -0.871907
vn 0.366728 0.324482 -0.871907
vn 0.366728 0.324482 -0.871907
vn 0.366728 0.324482 -0.871907
vn 0.366729 -0.324477 -0.871909
vn 0.366729 -0.324477 -0.871909
vn 0.366729 -0.324477 -0.871909
vn 0.366729 -0.324477 -0.871909
vn 0.875886 0.324479 -0.357122
vn 0.875887 0.324479 -0.357122
vn 0.875887 0.324479 -0.357122
vn 0.875886 0.324479 -0.357122
vn 0.875888 -0.324475 -0.357123
vn 0.875888 -0.324475 -0.357123
vn 0.875888 -0.324475 -0.357123
vn 0.875888 -0.324475 -0.357123
vn 0.871903 0.324472 0.366748
vn 0.871903 0.324472 0.366748
vn 0.871903 0.324472 0.366748
vn 0.871903 0.324472 0.366748
vn 0.871904 -0.324468 0.366749
vn 0.871904 -0.324468 0.366749
vn 0.871904 -0.324468 0.366749
vn 0.871904 -0.324468 0.366749
vn 0.357169 0.324473 0.875870
vn 0.357169 0.324473 0.875870
vn 0.357169 0.324473 0.875870
vn 0.357169 0.324473 0.875870
vn 0.357169 -0.324469 0.875871
vn 0.357169 -0.324469 0.875871
vn 0.357169 -0.324469 0.875871
vn 0.357169 -0.324469 0.875871
vn -0.366808 0.324464 0.871880
vn -0.366808 0.324464 0.871880
vn -0.366808 0.324464 0.871880
vn -0.366808 0.324464 0.871880
vn -0.366809 -0.324460 0.871881
vn -0.366809 -0.324459 0.871882
vn -0.366809 -0.324459 0.871882
vn -0.366809 -0.324459 0.871882
vn -0.875868 0.324454 0.357190
vn -0.875868 0.324454 0.357190
vn -0.875868 0.324454 0.357190
vn -0.875868 0.324454 0.357190
vn -0.875869 -0.324450 0.357190
vn -0.875869 -0.324450 0.357190
vn -0.875869 -0.324450 0.357190
vn -0.875869 -0.324450 0.357190
vn -0.871879 0.324461 -0.366814
vn -0.871879 0.324461 -0.366814
vn -0.871879 0.324461 -0.366814
vn -0.871879 0.324461 -0.366814
vn -0.871880 -0.324457 -0.366814
vn -0.871880 -0.324457 -0.366814
vn -0.871880 -0.324457 -0.366815
vn -0.871880 -0.324457 -0.366814
vn -0.357118 0.324472 -0.875891
vn -0.357118 0.324472 -0.875891
vn -0.357118 0.324472 -0.875891
vn -0.357118 0.324472 -0.875891
vn -0.357118 -0.324468 -0.875892
vn -0.357118 -0.324468 -0.875892
vn -0.357118 -0.324468 -0.875892
vn -0.357118 -0.324468 -0.875892
s off
g group2 Pizarron_herramientas Accesorios:pCylinder9group1
usemtl Accesorios:initialShadingGroup
f 1856/2797/4586 1857/2798/4587 1858/2799/4588 1859/2800/4589
f 1857/2798/4590 1860/2801/4591 1861/2802/4592 1858/2799/4593
f 1860/2801/4594 1862/2803/4595 1863/2804/4596 1861/2802/4597
f 1862/2803/4598 1864/2805/4599 1865/2806/4600 1863/2804/4601
f 1864/2805/4602 1866/2807/4603 1867/2808/4604 1865/2806/4605
f 1866/2807/4606 1868/2809/4607 1869/2810/4608 1867/2808/4609
f 1868/2809/4610 1870/2811/4611 1871/2812/4612 1869/2810/4613
f 1870/2811/4614 1856/2813/4615 1859/2814/4616 1871/2812/4617
f 1832/2815/4618 1831/2816/4619 1847/2817/4620
f 1833/2818/4621 1832/2815/4622 1847/2817/4623
f 1834/2819/4624 1833/2818/4625 1847/2817/4626
f 1835/2820/4627 1834/2819/4628 1847/2817/4629
f 1836/2821/4630 1835/2820/4631 1847/2817/4632
f 1837/2822/4633 1836/2821/4634 1847/2817/4635
f 1838/2823/4636 1837/2822/4637 1847/2817/4638
f 1831/2816/4639 1838/2823/4640 1847/2817/4641
f 1882/2824/4642 1881/2825/4643 1883/2826/4644 1884/2827/4645
f 1885/2828/4646 1882/2824/4647 1884/2827/4648 1886/2829/4649
f 1887/2830/4650 1885/2828/4651 1886/2829/4652 1888/2831/4653
f 1889/2832/4654 1887/2833/4655 1888/2834/4656 1890/2835/4657
f 1891/2836/4658 1889/2832/4659 1890/2835/4660 1892/2837/4661
f 1893/2838/4662 1891/2836/4663 1892/2837/4664 1894/2839/4665
f 1895/2840/4666 1893/2838/4667 1894/2839/4668 1896/2841/4669
f 1881/2825/4670 1895/2840/4671 1896/2841/4672 1883/2826/4673
f 1831/2842/4674 1832/2843/4675 1857/2798/4676 1856/2797/4677
f 1850/2844/4678 1851/2845/4679 1859/2800/4680 1858/2799/4681
f 1832/2843/4682 1833/2846/4683 1860/2801/4684 1857/2798/4685
f 1849/2847/4686 1850/2844/4687 1858/2799/4688 1861/2802/4689
f 1833/2846/4690 1834/2848/4691 1862/2803/4692 1860/2801/4693
f 1848/2849/4694 1849/2847/4695 1861/2802/4696 1863/2804/4697
f 1834/2848/4698 1835/2850/4699 1864/2805/4700 1862/2803/4701
f 1855/2851/4702 1848/2849/4703 1863/2804/4704 1865/2806/4705
f 1835/2850/4706 1836/2852/4707 1866/2807/4708 1864/2805/4709
f 1854/2853/4710 1855/2851/4711 1865/2806/4712 1867/2808/4713
f 1836/2852/4714 1837/2854/4715 1868/2809/4716 1866/2807/4717
f 1853/2855/4718 1854/2853/4719 1867/2808/4720 1869/2810/4721
f 1837/2854/4722 1838/2856/4723 1870/2811/4724 1868/2809/4725
f 1852/2857/4726 1853/2855/4727 1869/2810/4728 1871/2812/4729
f 1838/2856/4730 1831/2858/4731 1856/2813/4732 1870/2811/4733
f 1851/2859/4734 1852/2857/4735 1871/2812/4736 1859/2814/4737
f 1845/2860/4738 1872/2861/4739 1844/2862/4740
f 1840/2863/4741 1841/2864/4742 1872/2861/4743
f 1872/2861/4744 1841/2864/4745 1842/2865/4746
f 1872/2861/4747 1842/2865/4748 1843/2866/4749
f 1872/2861/4750 1843/2866/4751 1844/2862/4752
f 1846/2867/4753 1872/2861/4754 1845/2860/4755
f 1839/2868/4756 1872/2861/4757 1846/2867/4758
f 1840/2863/4759 1872/2861/4760 1839/2868/4761
f 1874/2869/4762 1873/2870/4763 1842/2865/4764 1841/2864/4765
f 1875/2871/4766 1874/2869/4767 1841/2864/4768 1840/2863/4769
f 1876/2872/4770 1875/2871/4771 1840/2863/4772 1839/2868/4773
f 1877/2873/4774 1876/2874/4775 1839/2875/4776 1846/2867/4777
f 1878/2876/4778 1877/2873/4779 1846/2867/4780 1845/2860/4781
f 1879/2877/4782 1878/2876/4783 1845/2860/4784 1844/2862/4785
f 1880/2878/4786 1879/2877/4787 1844/2862/4788 1843/2866/4789
f 1873/2870/4790 1880/2878/4791 1843/2866/4792 1842/2865/4793
f 1849/2847/4794 1848/2849/4795 1881/2825/4796 1882/2824/4797
f 1873/2870/4798 1874/2869/4799 1884/2827/4800 1883/2826/4801
f 1850/2844/4802 1849/2847/4803 1882/2824/4804 1885/2828/4805
f 1874/2869/4806 1875/2871/4807 1886/2829/4808 1884/2827/4809
f 1851/2845/4810 1850/2844/4811 1885/2828/4812 1887/2830/4813
f 1875/2871/4814 1876/2872/4815 1888/2831/4816 1886/2829/4817
f 1852/2857/4818 1851/2859/4819 1887/2833/4820 1889/2832/4821
f 1876/2874/4822 1877/2873/4823 1890/2835/4824 1888/2834/4825
f 1853/2855/4826 1852/2857/4827 1889/2832/4828 1891/2836/4829
f 1877/2873/4830 1878/2876/4831 1892/2837/4832 1890/2835/4833
f 1854/2853/4834 1853/2855/4835 1891/2836/4836 1893/2838/4837
f 1878/2876/4838 1879/2877/4839 1894/2839/4840 1892/2837/4841
f 1855/2851/4842 1854/2853/4843 1893/2838/4844 1895/2840/4845
f 1879/2877/4846 1880/2878/4847 1896/2841/4848 1894/2839/4849
f 1848/2849/4850 1855/2851/4851 1895/2840/4852 1881/2825/4853
f 1880/2878/4854 1873/2870/4855 1883/2826/4856 1896/2841/4857
g default
v 36.300888 26.589167 46.470150
v 36.328495 26.589167 46.404526
v 36.301613 26.589167 46.338596
v 36.235985 26.589167 46.310989
v 36.170059 26.589167 46.337872
v 36.142448 26.589167 46.403496
v 36.169334 26.589167 46.469425
v 36.234959 26.589167 46.497040
v 36.300888 27.205368 46.470139
v 36.328503 27.205368 46.404526
v 36.301613 27.205368 46.338608
v 36.235985 27.205368 46.310997
v 36.170055 27.205368 46.337891
v 36.142437 27.205368 46.403496
v 36.169331 27.205368 46.469414
v 36.234959 27.205368 46.497040
v 36.235474 26.589167 46.404007
v 36.235985 26.642263 46.310989
v 36.301613 26.642263 46.338596
v 36.328495 26.642263 46.404526
v 36.300888 26.642263 46.470150
v 36.234959 26.642263 46.497040
v 36.169334 26.642263 46.469425
v 36.142448 26.642263 46.403496
v 36.170059 26.642263 46.337872
v 36.310291 26.587175 46.479664
v 36.341866 26.587175 46.404594
v 36.341866 26.618778 46.404594
v 36.310291 26.618778 46.479664
v 36.311119 26.587175 46.329197
v 36.311119 26.618778 46.329197
v 36.236057 26.587175 46.297623
v 36.236057 26.618778 46.297623
v 36.160652 26.587175 46.328369
v 36.160652 26.618778 46.328369
v 36.129074 26.587175 46.403419
v 36.129074 26.618778 46.403419
v 36.159824 26.587175 46.478836
v 36.159824 26.618778 46.478836
v 36.234886 26.587175 46.510406
v 36.234886 26.618778 46.510406
v 36.235474 27.205360 46.404007
v 36.235985 27.143349 46.310997
v 36.301613 27.143349 46.338608
v 36.328503 27.143349 46.404526
v 36.300888 27.143349 46.470139
v 36.234959 27.143349 46.497040
v 36.169331 27.143349 46.469414
v 36.142437 27.143349 46.403496
v 36.170055 27.143349 46.337891
vt 0.375000 0.312500
vt 0.406250 0.312500
vt 0.406250 0.329355
vt 0.375000 0.329355
vt 0.437500 0.312500
vt 0.437500 0.329355
vt 0.468750 0.312500
vt 0.468750 0.329355
vt 0.500000 0.312500
vt 0.500000 0.329355
vt 0.531250 0.312500
vt 0.531250 0.329355
vt 0.562500 0.312500
vt 0.562500 0.329355
vt 0.593750 0.312500
vt 0.593750 0.329355
vt 0.625000 0.312500
vt 0.625000 0.329355
vt 0.500000 0.000000
vt 0.610485 0.045765
vt 0.500000 0.150000
vt 0.389515 0.045765
vt 0.343750 0.156250
vt 0.389515 0.266735
vt 0.500000 0.312500
vt 0.610485 0.266735
vt 0.656250 0.156250
vt 0.375000 0.312500
vt 0.406250 0.312500
vt 0.406250 0.329355
vt 0.375000 0.329355
vt 0.437500 0.312500
vt 0.437500 0.329355
vt 0.468750 0.312500
vt 0.468750 0.329355
vt 0.500000 0.312500
vt 0.500000 0.329355
vt 0.531250 0.312500
vt 0.531250 0.329355
vt 0.562500 0.312500
vt 0.562500 0.329355
vt 0.593750 0.312500
vt 0.593750 0.329355
vt 0.625000 0.312500
vt 0.625000 0.329355
vt 0.562500 0.688440
vt 0.468750 0.688440
vt 0.531250 0.688440
vt 0.406250 0.688440
vt 0.437500 0.688440
vt 0.468750 0.688440
vt 0.500000 0.688440
vt 0.593750 0.688440
vt 0.375000 0.688440
vt 0.437500 0.648899
vt 0.468750 0.648899
vt 0.406250 0.648899
vt 0.375000 0.648899
vt 0.593750 0.648899
vt 0.625000 0.648899
vt 0.625000 0.688440
vt 0.562500 0.648899
vt 0.531250 0.648899
vt 0.500000 0.648899
vn 0.921782 0.000000 0.387708
vn 0.921782 0.000000 0.387708
vn 0.921782 0.000000 0.387708
vn 0.921782 0.000000 0.387708
vn 0.925982 0.000000 -0.377568
vn 0.925982 0.000000 -0.377568
vn 0.925982 0.000000 -0.377568
vn 0.925982 0.000000 -0.377568
vn 0.387767 0.000000 -0.921758
vn 0.387767 0.000000 -0.921758
vn 0.387767 0.000000 -0.921758
vn 0.387767 0.000000 -0.921758
vn -0.377579 0.000000 -0.925978
vn -0.377579 0.000000 -0.925978
vn -0.377579 0.000000 -0.925978
vn -0.377579 0.000000 -0.925978
vn -0.921761 0.000000 -0.387758
vn -0.921761 0.000000 -0.387758
vn -0.921761 0.000000 -0.387758
vn -0.921761 0.000000 -0.387758
vn -0.925997 0.000000 0.377531
vn -0.925997 0.000000 0.377531
vn -0.925997 0.000000 0.377531
vn -0.925997 0.000000 0.377531
vn -0.387646 0.000000 0.921808
vn -0.387646 0.000000 0.921808
vn -0.387646 0.000000 0.921808
vn -0.387646 0.000000 0.921808
vn 0.377483 0.000000 0.926016
vn 0.377483 0.000000 0.926016
vn 0.377483 0.000000 0.926016
vn 0.377483 0.000000 0.926016
vn 0.000000 -1.000000 0.000000
vn -0.000015 -1.000000 -0.000000
vn 0.000004 -1.000000 0.000000
vn 0.000000 -1.000000 0.000000
vn 0.000000 -1.000000 0.000000
vn 0.000004 -1.000000 0.000000
vn 0.000000 -1.000000 0.000000
vn 0.000000 -1.000000 0.000000
vn 0.000004 -1.000000 0.000000
vn 0.000000 -1.000000 0.000000
vn 0.000000 -1.000000 0.000000
vn 0.000004 -1.000000 0.000000
vn 0.000000 -1.000000 0.000000
vn 0.000000 -1.000000 0.000000
vn 0.000004 -1.000000 0.000000
vn 0.000031 -1.000000 0.000000
vn 0.000000 -1.000000 0.000000
vn 0.000004 -1.000000 0.000000
vn 0.000015 -1.000000 0.000000
vn 0.000031 -1.000000 0.000000
vn 0.000004 -1.000000 0.000000
vn -0.000015 -1.000000 -0.000000
vn 0.000015 -1.000000 0.000000
vn 0.000004 -1.000000 0.000000
vn -0.146577 -0.987273 -0.061699
vn -0.146577 -0.987273 -0.061700
vn -0.146577 -0.987273 -0.061700
vn -0.146577 -0.987273 -0.061699
vn 0.815751 0.465602 0.343169
vn 0.815751 0.465602 0.343169
vn 0.815751 0.465602 0.343169
vn 0.815751 0.465602 0.343169
vn -0.147312 -0.987262 0.060108
vn -0.147312 -0.987262 0.060108
vn -0.147312 -0.987262 0.060108
vn -0.147312 -0.987262 0.060108
vn 0.819541 0.465461 -0.334213
vn 0.819541 0.465461 -0.334213
vn 0.819541 0.465461 -0.334213
vn 0.819541 0.465461 -0.334213
vn -0.061757 -0.987252 0.146697
vn -0.061757 -0.987252 0.146697
vn -0.061757 -0.987252 0.146697
vn -0.061757 -0.987252 0.146697
vn 0.343156 0.465569 -0.815775
vn 0.343156 0.465569 -0.815775
vn 0.343156 0.465569 -0.815775
vn 0.343156 0.465569 -0.815775
vn 0.060110 -0.987254 0.147362
vn 0.060110 -0.987254 0.147362
vn 0.060110 -0.987254 0.147362
vn 0.060110 -0.987254 0.147362
vn -0.334154 0.465604 -0.819484
vn -0.334154 0.465604 -0.819484
vn -0.334154 0.465604 -0.819484
vn -0.334154 0.465604 -0.819484
vn 0.146708 -0.987252 0.061720
vn 0.146708 -0.987252 0.061720
vn 0.146708 -0.987252 0.061720
vn 0.146708 -0.987252 0.061720
vn -0.815749 0.465561 -0.343229
vn -0.815749 0.465561 -0.343229
vn -0.815749 0.465561 -0.343229
vn -0.815749 0.465561 -0.343229
vn 0.147241 -0.987274 -0.060085
vn 0.147241 -0.987274 -0.060085
vn 0.147241 -0.987274 -0.060085
vn 0.147241 -0.987274 -0.060085
vn -0.819463 0.465635 0.334161
vn -0.819463 0.465635 0.334161
vn -0.819463 0.465635 0.334161
vn -0.819463 0.465635 0.334161
vn 0.061720 -0.987250 -0.146726
vn 0.061720 -0.987250 -0.146726
vn 0.061720 -0.987250 -0.146726
vn 0.061720 -0.987250 -0.146726
vn -0.343176 0.465427 0.815848
vn -0.343176 0.465426 0.815849
vn -0.343176 0.465427 0.815848
vn -0.343176 0.465427 0.815848
vn -0.060085 -0.987256 -0.147362
vn -0.060085 -0.987256 -0.147362
vn -0.060085 -0.987256 -0.147362
vn -0.060085 -0.987256 -0.147362
vn 0.334162 0.465515 0.819531
vn 0.334162 0.465515 0.819531
vn 0.334162 0.465515 0.819531
vn 0.334162 0.465515 0.819531
vn 0.000076 1.000000 -0.000054
vn 0.000008 1.000000 0.000000
vn 0.000122 1.000000 0.000001
vn -0.000122 1.000000 -0.000001
vn -0.000061 1.000000 0.000054
vn 0.000008 1.000000 0.000000
vn 0.000008 1.000000 0.000000
vn -0.000061 1.000000 0.000054
vn 0.000031 1.000000 0.000077
vn 0.000008 1.000000 0.000000
vn 0.000031 1.000000 0.000077
vn 0.000092 1.000000 0.000055
vn 0.000008 1.000000 0.000000
vn 0.000092 1.000000 0.000055
vn 0.000122 1.000000 0.000001
vn 0.000000 1.000000 -0.000077
vn 0.000008 1.000000 0.000000
vn 0.000076 1.000000 -0.000054
vn -0.000076 1.000000 -0.000054
vn 0.000008 1.000000 0.000000
vn 0.000000 1.000000 -0.000077
vn -0.000122 1.000000 -0.000001
vn 0.000008 1.000000 0.000000
vn -0.000076 1.000000 -0.000054
vn 0.387820 0.000000 -0.921735
vn 0.387820 0.000000 -0.921735
vn 0.387820 0.000000 -0.921735
vn 0.387820 0.000000 -0.921735
vn 0.925906 0.000000 -0.377755
vn 0.925906 0.000000 -0.377755
vn 0.925906 0.000000 -0.377755
vn 0.925906 0.000000 -0.377755
vn 0.921702 0.000000 0.387899
vn 0.921702 0.000000 0.387899
vn 0.921702 0.000000 0.387899
vn 0.921702 0.000000 0.387899
vn 0.377763 0.000000 0.925902
vn 0.377763 0.000000 0.925902
vn 0.377763 0.000000 0.925902
vn 0.377763 0.000000 0.925902
vn -0.387929 0.000000 0.921689
vn -0.387929 0.000000 0.921689
vn -0.387929 0.000000 0.921689
vn -0.387929 0.000000 0.921689
vn -0.925910 0.000000 0.377743
vn -0.925910 0.000000 0.377743
vn -0.925910 0.000000 0.377743
vn -0.925910 0.000000 0.377743
vn -0.921682 0.000000 -0.387947
vn -0.921682 0.000000 -0.387947
vn -0.921682 0.000000 -0.387947
vn -0.921682 0.000000 -0.387947
vn -0.377638 0.000000 -0.925953
vn -0.377638 0.000000 -0.925953
vn -0.377638 0.000000 -0.925953
vn -0.377638 0.000000 -0.925953
vn 0.387764 0.000017 -0.921759
vn 0.387764 0.000017 -0.921759
vn 0.387764 0.000017 -0.921759
vn 0.387764 0.000017 -0.921759
vn -0.377596 0.000021 -0.925971
vn -0.377596 0.000021 -0.925971
vn -0.377596 0.000021 -0.925971
vn -0.377596 0.000021 -0.925971
vn -0.921706 -0.000006 -0.387889
vn -0.921706 -0.000006 -0.387889
vn -0.921706 -0.000006 -0.387889
vn -0.921706 -0.000006 -0.387889
vn -0.925932 -0.000002 0.377691
vn -0.925932 -0.000002 0.377691
vn -0.925932 -0.000002 0.377691
vn -0.925932 -0.000002 0.377691
vn -0.387884 0.000023 0.921708
vn -0.387884 0.000023 0.921708
vn -0.387884 0.000023 0.921708
vn -0.387884 0.000023 0.921708
vn 0.377702 0.000021 0.925927
vn 0.377703 0.000021 0.925927
vn 0.377702 0.000021 0.925927
vn 0.377702 0.000021 0.925927
vn 0.921731 -0.000003 0.387830
vn 0.921731 -0.000003 0.387830
vn 0.921731 -0.000003 0.387831
vn 0.921731 -0.000003 0.387830
vn 0.925937 -0.000003 -0.377679
vn 0.925937 -0.000003 -0.377679
vn 0.925937 -0.000003 -0.377679
vn 0.925937 -0.000003 -0.377679
s off
g group2 Pizarron_herramientas Accesorios:group2pCylinder9
usemtl Accesorios:initialShadingGroup
f 1922/2879/4858 1923/2880/4859 1924/2881/4860 1925/2882/4861
f 1923/2880/4862 1926/2883/4863 1927/2884/4864 1924/2881/4865
f 1926/2883/4866 1928/2885/4867 1929/2886/4868 1927/2884/4869
f 1928/2885/4870 1930/2887/4871 1931/2888/4872 1929/2886/4873
f 1930/2887/4874 1932/2889/4875 1933/2890/4876 1931/2888/4877
f 1932/2889/4878 1934/2891/4879 1935/2892/4880 1933/2890/4881
f 1934/2891/4882 1936/2893/4883 1937/2894/4884 1935/2892/4885
f 1936/2893/4886 1922/2895/4887 1925/2896/4888 1937/2894/4889
f 1898/2897/4890 1897/2898/4891 1913/2899/4892
f 1899/2900/4893 1898/2897/4894 1913/2899/4895
f 1900/2901/4896 1899/2900/4897 1913/2899/4898
f 1901/2902/4899 1900/2901/4900 1913/2899/4901
f 1902/2903/4902 1901/2902/4903 1913/2899/4904
f 1903/2904/4905 1902/2903/4906 1913/2899/4907
f 1904/2905/4908 1903/2904/4909 1913/2899/4910
f 1897/2898/4911 1904/2905/4912 1913/2899/4913
f 1897/2906/4914 1898/2907/4915 1923/2880/4916 1922/2879/4917
f 1916/2908/4918 1917/2909/4919 1925/2882/4920 1924/2881/4921
f 1898/2907/4922 1899/2910/4923 1926/2883/4924 1923/2880/4925
f 1915/2911/4926 1916/2908/4927 1924/2881/4928 1927/2884/4929
f 1899/2910/4930 1900/2912/4931 1928/2885/4932 1926/2883/4933
f 1914/2913/4934 1915/2911/4935 1927/2884/4936 1929/2886/4937
f 1900/2912/4938 1901/2914/4939 1930/2887/4940 1928/2885/4941
f 1921/2915/4942 1914/2913/4943 1929/2886/4944 1931/2888/4945
f 1901/2914/4946 1902/2916/4947 1932/2889/4948 1930/2887/4949
f 1920/2917/4950 1921/2915/4951 1931/2888/4952 1933/2890/4953
f 1902/2916/4954 1903/2918/4955 1934/2891/4956 1932/2889/4957
f 1919/2919/4958 1920/2917/4959 1933/2890/4960 1935/2892/4961
f 1903/2918/4962 1904/2920/4963 1936/2893/4964 1934/2891/4965
f 1918/2921/4966 1919/2919/4967 1935/2892/4968 1937/2894/4969
f 1904/2920/4970 1897/2922/4971 1922/2895/4972 1936/2893/4973
f 1917/2923/4974 1918/2921/4975 1937/2894/4976 1925/2896/4977
f 1911/2924/4978 1938/2925/4979 1910/2926/4980
f 1906/2927/4981 1907/2928/4982 1938/2925/4983
f 1938/2925/4984 1907/2928/4985 1908/2929/4986
f 1938/2925/4987 1908/2929/4988 1909/2930/4989
f 1938/2925/4990 1909/2930/4991 1910/2926/4992
f 1912/2931/4993 1938/2925/4994 1911/2924/4995
f 1905/2932/4996 1938/2925/4997 1912/2931/4998
f 1906/2927/4999 1938/2925/5000 1905/2932/5001
f 1940/2933/5002 1939/2934/5003 1908/2929/5004 1907/2928/5005
f 1941/2935/5006 1940/2933/5007 1907/2928/5008 1906/2927/5009
f 1942/2936/5010 1941/2935/5011 1906/2927/5012 1905/2932/5013
f 1943/2937/5014 1942/2938/5015 1905/2939/5016 1912/2931/5017
f 1944/2940/5018 1943/2937/5019 1912/2931/5020 1911/2924/5021
f 1945/2941/5022 1944/2940/5023 1911/2924/5024 1910/2926/5025
f 1946/2942/5026 1945/2941/5027 1910/2926/5028 1909/2930/5029
f 1939/2934/5030 1946/2942/5031 1909/2930/5032 1908/2929/5033
f 1915/2911/5034 1914/2913/5035 1939/2934/5036 1940/2933/5037
f 1914/2913/5038 1921/2915/5039 1946/2942/5040 1939/2934/5041
f 1921/2915/5042 1920/2917/5043 1945/2941/5044 1946/2942/5045
f 1920/2917/5046 1919/2919/5047 1944/2940/5048 1945/2941/5049
f 1919/2919/5050 1918/2921/5051 1943/2937/5052 1944/2940/5053
f 1918/2921/5054 1917/2923/5055 1942/2938/5056 1943/2937/5057
f 1917/2909/5058 1916/2908/5059 1941/2935/5060 1942/2936/5061
f 1916/2908/5062 1915/2911/5063 1940/2933/5064 1941/2935/5065
g default
v 36.812889 26.629139 46.427727
v 36.821079 26.629139 46.408264
v 36.813103 26.629139 46.388702
v 36.793633 26.629139 46.380508
v 36.774075 26.629139 46.388489
v 36.765884 26.629139 46.407955
v 36.773861 26.629139 46.427513
v 36.793327 26.629139 46.435707
v 36.793633 25.797985 46.380508
v 36.813103 25.797985 46.388702
v 36.821079 25.797985 46.408264
v 36.812889 25.797985 46.427727
v 36.793327 25.797985 46.435707
v 36.773861 25.797985 46.427513
v 36.765884 25.797985 46.407955
v 36.774075 25.797985 46.388489
v 36.793480 25.730995 46.408104
vt 0.437500 0.329355
vt 0.468750 0.329355
vt 0.468750 0.688440
vt 0.437500 0.688440
vt 0.406250 0.329355
vt 0.406250 0.688440
vt 0.375000 0.329355
vt 0.375000 0.688440
vt 0.593750 0.329355
vt 0.625000 0.329355
vt 0.625000 0.688440
vt 0.593750 0.688440
vt 0.562500 0.329355
vt 0.562500 0.688440
vt 0.531250 0.329355
vt 0.531250 0.688440
vt 0.500000 0.329355
vt 0.500000 0.688440
vt 0.500000 0.329355
vn 0.387837 0.000000 -0.921728
vn 0.387837 0.000000 -0.921728
vn 0.387837 0.000000 -0.921728
vn 0.387837 0.000000 -0.921728
vn 0.925975 0.000000 -0.377585
vn 0.925975 0.000000 -0.377585
vn 0.925975 0.000000 -0.377585
vn 0.925975 0.000000 -0.377585
vn 0.921737 0.000000 0.387816
vn 0.921737 0.000000 0.387816
vn 0.921737 0.000000 0.387816
vn 0.921737 0.000000 0.387816
vn 0.377681 0.000000 0.925936
vn 0.377681 0.000000 0.925936
vn 0.377681 0.000000 0.925936
vn 0.377681 0.000000 0.925936
vn -0.387856 0.000000 0.921720
vn -0.387856 0.000000 0.921720
vn -0.387856 0.000000 0.921720
vn -0.387856 0.000000 0.921720
vn -0.925952 0.000000 0.377641
vn -0.925952 0.000000 0.377641
vn -0.925952 0.000000 0.377641
vn -0.925952 0.000000 0.377641
vn -0.921761 0.000000 -0.387760
vn -0.921761 0.000000 -0.387760
vn -0.921761 0.000000 -0.387760
vn -0.921761 0.000000 -0.387760
vn -0.377545 0.000000 -0.925991
vn -0.377545 0.000000 -0.925991
vn -0.377545 0.000000 -0.925991
vn -0.377545 0.000000 -0.925991
vn -0.924601 -0.380904 -0.005102
vn -0.000000 -1.000000 0.000038
vn -0.657403 -0.380883 0.650192
vn 0.657385 -0.380911 -0.650194
vn 0.924601 -0.380904 0.005082
vn -0.000000 -1.000000 0.000038
vn -0.000000 -1.000000 0.000038
vn 0.924601 -0.380904 0.005082
vn 0.650202 -0.380883 0.657393
vn -0.000000 -1.000000 0.000038
vn 0.650202 -0.380883 0.657393
vn -0.005092 -0.380904 0.924601
vn -0.000000 -1.000000 0.000038
vn -0.005092 -0.380904 0.924601
vn -0.657403 -0.380883 0.650192
vn -0.650184 -0.380911 -0.657395
vn -0.000000 -1.000000 0.000038
vn -0.924601 -0.380904 -0.005102
vn 0.005092 -0.380904 -0.924601
vn -0.000000 -1.000000 0.000038
vn -0.650184 -0.380911 -0.657395
vn 0.657385 -0.380911 -0.650194
vn -0.000000 -1.000000 0.000038
vn 0.005092 -0.380904 -0.924601
s off
g group2 Pizarron_herramientas Accesorios:group1pCylinder10
usemtl Accesorios:initialShadingGroup
f 1956/2943/5066 1955/2944/5067 1950/2945/5068 1949/2946/5069
f 1957/2947/5070 1956/2943/5071 1949/2946/5072 1948/2948/5073
f 1958/2949/5074 1957/2947/5075 1948/2948/5076 1947/2950/5077
f 1959/2951/5078 1958/2952/5079 1947/2953/5080 1954/2954/5081
f 1960/2955/5082 1959/2951/5083 1954/2954/5084 1953/2956/5085
f 1961/2957/5086 1960/2955/5087 1953/2956/5088 1952/2958/5089
f 1962/2959/5090 1961/2957/5091 1952/2958/5092 1951/2960/5093
f 1955/2944/5094 1962/2959/5095 1951/2960/5096 1950/2945/5097
f 1961/2957/5098 1963/2961/5099 1960/2955/5100
f 1956/2943/5101 1957/2947/5102 1963/2961/5103
f 1963/2961/5104 1957/2947/5105 1958/2952/5106
f 1963/2961/5107 1958/2952/5108 1959/2951/5109
f 1963/2961/5110 1959/2951/5111 1960/2955/5112
f 1962/2959/5113 1963/2961/5114 1961/2957/5115
f 1955/2944/5116 1963/2961/5117 1962/2959/5118
f 1956/2943/5119 1963/2961/5120 1955/2944/5121
g default
v 36.253277 26.629139 46.424644
v 36.261467 26.629139 46.405182
v 36.253490 26.629139 46.385612
v 36.234020 26.629139 46.377426
v 36.214462 26.629139 46.385399
v 36.206272 26.629139 46.404873
v 36.214249 26.629139 46.424431
v 36.233719 26.629139 46.432625
v 36.234020 25.797985 46.377426
v 36.253490 25.797985 46.385612
v 36.261467 25.797985 46.405182
v 36.253277 25.797985 46.424644
v 36.233719 25.797985 46.432625
v 36.214249 25.797985 46.424431
v 36.206272 25.797985 46.404873
v 36.214462 25.797985 46.385399
v 36.233868 25.730995 46.405029
vt 0.437500 0.329355
vt 0.468750 0.329355
vt 0.468750 0.688440
vt 0.437500 0.688440
vt 0.406250 0.329355
vt 0.406250 0.688440
vt 0.375000 0.329355
vt 0.375000 0.688440
vt 0.593750 0.329355
vt 0.625000 0.329355
vt 0.625000 0.688440
vt 0.593750 0.688440
vt 0.562500 0.329355
vt 0.562500 0.688440
vt 0.531250 0.329355
vt 0.531250 0.688440
vt 0.500000 0.329355
vt 0.500000 0.688440
vt 0.500000 0.329355
vn 0.387653 0.000000 -0.921806
vn 0.387653 0.000000 -0.921806
vn 0.387653 0.000000 -0.921806
vn 0.387653 0.000000 -0.921806
vn 0.925960 0.000000 -0.377623
vn 0.925960 0.000000 -0.377623
vn 0.925960 0.000000 -0.377623
vn 0.925960 0.000000 -0.377623
vn 0.921711 0.000000 0.387877
vn 0.921711 0.000000 0.387877
vn 0.921711 0.000000 0.387877
vn 0.921711 0.000000 0.387877
vn 0.377709 0.000000 0.925924
vn 0.377709 0.000000 0.925924
vn 0.377709 0.000000 0.925924
vn 0.377709 0.000000 0.925924
vn -0.387854 0.000000 0.921721
vn -0.387854 0.000000 0.921721
vn -0.387854 0.000000 0.921721
vn -0.387854 0.000000 0.921721
vn -0.925986 0.000000 0.377558
vn -0.925986 0.000000 0.377558
vn -0.925986 0.000000 0.377558
vn -0.925986 0.000000 0.377558
vn -0.921805 0.000000 -0.387653
vn -0.921805 0.000000 -0.387653
vn -0.921805 0.000000 -0.387653
vn -0.921805 0.000000 -0.387653
vn -0.377485 0.000000 -0.926016
vn -0.377485 0.000000 -0.926016
vn -0.377485 0.000000 -0.926016
vn -0.377485 0.000000 -0.926016
vn -0.924581 -0.380951 -0.005087
vn 0.000033 -1.000000 0.000001
vn -0.657405 -0.380805 0.650235
vn 0.657373 -0.380894 -0.650216
vn 0.924581 -0.380951 0.005078
vn 0.000033 -1.000000 0.000001
vn 0.000033 -1.000000 0.000001
vn 0.924581 -0.380951 0.005078
vn 0.650180 -0.380890 0.657411
vn 0.000033 -1.000000 0.000001
vn 0.650180 -0.380890 0.657411
vn -0.005092 -0.380896 0.924604
vn 0.000033 -1.000000 0.000001
vn -0.005092 -0.380896 0.924604
vn -0.657405 -0.380805 0.650235
vn -0.650133 -0.380978 -0.657406
vn 0.000033 -1.000000 0.000001
vn -0.924581 -0.380951 -0.005087
vn 0.005088 -0.380896 -0.924604
vn 0.000033 -1.000000 0.000001
vn -0.650133 -0.380978 -0.657406
vn 0.657373 -0.380894 -0.650216
vn 0.000033 -1.000000 0.000001
vn 0.005088 -0.380896 -0.924604
s off
g group2 Pizarron_herramientas Accesorios:pCylinder10group2
usemtl Accesorios:initialShadingGroup
f 1973/2962/5122 1972/2963/5123 1967/2964/5124 1966/2965/5125
f 1974/2966/5126 1973/2962/5127 1966/2965/5128 1965/2967/5129
f 1975/2968/5130 1974/2966/5131 1965/2967/5132 1964/2969/5133
f 1976/2970/5134 1975/2971/5135 1964/2972/5136 1971/2973/5137
f 1977/2974/5138 1976/2970/5139 1971/2973/5140 1970/2975/5141
f 1978/2976/5142 1977/2974/5143 1970/2975/5144 1969/2977/5145
f 1979/2978/5146 1978/2976/5147 1969/2977/5148 1968/2979/5149
f 1972/2963/5150 1979/2978/5151 1968/2979/5152 1967/2964/5153
f 1978/2976/5154 1980/2980/5155 1977/2974/5156
f 1973/2962/5157 1974/2966/5158 1980/2980/5159
f 1980/2980/5160 1974/2966/5161 1975/2971/5162
f 1980/2980/5163 1975/2971/5164 1976/2970/5165
f 1980/2980/5166 1976/2970/5167 1977/2974/5168
f 1979/2978/5169 1980/2980/5170 1978/2976/5171
f 1972/2963/5172 1980/2980/5173 1979/2978/5174
f 1973/2962/5175 1980/2980/5176 1972/2963/5177
g default
v 34.503223 30.201351 46.750954
v 34.547638 30.196644 46.732811
v 34.566238 30.194212 46.688400
v 34.548126 30.195488 46.643738
v 34.503918 30.199718 46.624992
v 34.459503 30.204430 46.643135
v 34.440903 30.206860 46.687546
v 34.459011 30.205584 46.732208
v 34.534153 30.507660 46.747154
v 34.578598 30.503197 46.729004
v 34.597206 30.500866 46.684593
v 34.579086 30.502041 46.639931
v 34.534847 30.506023 46.621189
v 34.490410 30.510489 46.639336
v 34.471798 30.512814 46.683746
v 34.489922 30.511642 46.728409
v 34.581158 30.924545 46.742008
v 34.625557 30.919685 46.723862
v 34.644154 30.917194 46.679451
v 34.626045 30.918531 46.634789
v 34.581852 30.922913 46.616043
v 34.537453 30.927773 46.634186
v 34.518856 30.930265 46.678593
v 34.536961 30.928928 46.723251
v 34.618256 31.342524 46.736786
v 34.662754 31.338724 46.718628
v 34.681389 31.336676 46.674217
v 34.663246 31.337570 46.629562
v 34.618950 31.340889 46.610825
v 34.574455 31.344688 46.628983
v 34.555817 31.346737 46.673397
v 34.573963 31.345840 46.718048
v 34.649876 31.760923 46.731537
v 34.694405 31.757549 46.713371
v 34.713055 31.755672 46.668961
v 34.694897 31.756393 46.624306
v 34.650570 31.759289 46.605576
v 34.606041 31.762661 46.623734
v 34.587395 31.764538 46.668152
v 34.605549 31.763817 46.712799
v 34.669174 32.312004 46.724495
v 34.713764 32.313934 46.706268
v 34.732437 32.314255 46.661823
v 34.714256 32.312778 46.617195
v 34.669868 32.310368 46.598534
v 34.625282 32.308434 46.616760
v 34.606613 32.308109 46.661201
v 34.624794 32.309589 46.705833
v 34.574356 32.854202 46.716942
v 34.616882 32.867531 46.698555
v 34.634697 32.872574 46.654045
v 34.617371 32.866379 46.609482
v 34.575050 32.852570 46.590977
v 34.532528 32.839237 46.609367
v 34.514709 32.834190 46.653877
v 34.532036 32.840393 46.698441
v 34.370171 33.433319 46.708305
v 34.408890 33.455276 46.689785
v 34.425129 33.463890 46.645218
v 34.409378 33.454121 46.600716
v 34.370861 33.431690 46.582340
v 34.332146 33.409737 46.600861
v 34.315903 33.401123 46.645432
v 34.331654 33.410892 46.689934
v 33.984200 33.910583 46.699993
v 34.015915 33.941711 46.681313
v 34.029259 33.954132 46.636681
v 34.016407 33.940559 46.592247
v 33.984894 33.908951 46.574028
v 33.953171 33.877819 46.592709
v 33.939831 33.865402 46.637341
v 33.952682 33.878975 46.681778
v 33.661495 34.181324 46.694702
v 33.684753 34.219128 46.675892
v 33.694592 34.234306 46.631203
v 33.685246 34.217972 46.586823
v 33.662186 34.179688 46.568741
v 33.638927 34.141884 46.587551
v 33.629089 34.126705 46.632240
v 33.638439 34.143036 46.676624
v 33.273457 34.344166 46.690456
v 33.284794 34.387024 46.671513
v 33.289692 34.404297 46.626770
v 33.285286 34.385868 46.582443
v 33.274147 34.342533 46.564491
v 33.262810 34.299679 46.583435
v 33.257912 34.282402 46.628174
v 33.262318 34.300835 46.672508
v 32.735203 34.357498 46.687317
v 32.723663 34.400242 46.668247
v 32.719086 34.417473 46.623459
v 32.724152 34.399086 46.579182
v 32.735897 34.355862 46.561356
v 32.747440 34.313114 46.580421
v 32.752018 34.295887 46.625217
v 32.746948 34.314270 46.669495
v 32.377682 34.206974 46.687302
v 32.355919 34.245533 46.668232
v 32.347115 34.261028 46.623436
v 32.356411 34.244377 46.579163
v 32.378372 34.205341 46.561333
v 32.400131 34.166779 46.580410
v 32.408943 34.151283 46.625198
v 32.399643 34.167934 46.669479
v 32.068562 33.973289 46.688629
v 32.036236 34.003578 46.669609
v 32.023048 34.015648 46.624836
v 32.036728 34.002422 46.580536
v 32.069256 33.971657 46.562664
v 32.101578 33.941368 46.581692
v 32.114765 33.929302 46.626461
v 32.101089 33.942524 46.670757
v 31.892355 33.632950 46.692074
v 31.848873 33.641884 46.673264
v 31.831066 33.645111 46.628586
v 31.849365 33.640732 46.584198
v 31.893049 33.631313 46.566109
v 31.936531 33.622379 46.584915
v 31.954338 33.619156 46.629597
v 31.936039 33.623535 46.673985
v 31.861874 33.092197 46.698914
v 31.818295 33.083260 46.680344
v 31.800446 33.079075 46.635757
v 31.818783 33.082104 46.591274
v 31.862568 33.090561 46.572960
v 31.906147 33.099503 46.591530
v 31.923996 33.103687 46.636116
v 31.905655 33.100658 46.680599
v 32.033531 32.515366 46.707344
v 31.993368 32.496090 46.688923
v 31.976934 32.487625 46.644398
v 31.993858 32.494934 46.599850
v 32.034225 32.513733 46.581379
v 32.074387 32.533012 46.599800
v 32.090820 32.541473 46.644329
v 32.073898 32.534164 46.688869
v 32.453487 31.980873 46.716587
v 32.428116 31.944103 46.698479
v 32.417805 31.928392 46.654076
v 32.428604 31.942947 46.609406
v 32.454182 31.979240 46.590630
v 32.479561 32.016010 46.608742
v 32.489868 32.031723 46.653133
v 32.479069 32.017166 46.697807
v 32.813232 31.843315 46.720356
v 32.806305 31.799095 46.702438
v 32.803642 31.780304 46.658123
v 32.806797 31.797939 46.613369
v 32.813927 31.841679 46.594391
v 32.820850 31.885899 46.612305
v 32.823517 31.904692 46.656624
v 32.820358 31.887054 46.701378
v 33.200249 31.842098 46.722500
v 33.206539 31.797756 46.704659
v 33.209351 31.778912 46.660378
v 33.207031 31.796600 46.615593
v 33.200943 31.840466 46.596539
v 33.194649 31.884806 46.614380
v 33.191841 31.903652 46.658665
v 33.194157 31.885962 46.703449
v 33.575035 31.941189 46.723278
v 33.590553 31.899170 46.705460
v 33.597183 31.881287 46.661179
v 33.591045 31.898016 46.616386
v 33.575729 31.939556 46.597317
v 33.560207 31.981575 46.615135
v 33.553574 31.999458 46.659412
v 33.559715 31.982731 46.704208
v 33.998505 32.200768 46.711918
v 34.027439 32.167160 46.693020
v 34.035526 32.150185 46.648624
v 34.018024 32.159794 46.604748
v 33.985188 32.190353 46.587082
v 33.956253 32.223965 46.605980
v 33.948166 32.240936 46.650375
v 33.965668 32.231327 46.694256
v 34.279732 32.871193 46.714935
v 34.322567 32.865208 46.693642
v 34.337883 32.862602 46.648003
v 34.316708 32.864902 46.604759
v 34.271446 32.870766 46.589233
v 34.228607 32.876751 46.610527
v 34.213295 32.879356 46.656166
v 34.234467 32.877056 46.699413
v 34.300293 33.463737 46.707359
v 34.342857 33.470940 46.685898
v 34.358078 33.472984 46.640205
v 34.337036 33.468674 46.597038
v 34.292065 33.460533 46.581699
v 34.249504 33.453331 46.603165
v 34.234283 33.451286 46.648865
v 34.255325 33.455597 46.692024
v 34.170948 33.818428 46.702053
v 34.208805 33.838959 46.680386
v 34.222366 33.845703 46.634621
v 34.203682 33.834713 46.591560
v 34.163708 33.812424 46.576431
v 34.125847 33.791893 46.598091
v 34.112289 33.785149 46.643860
v 34.130970 33.796139 46.686920
v 33.922615 34.101063 46.697021
v 33.951408 34.132957 46.675156
v 33.961769 34.143707 46.629318
v 33.947632 34.127022 46.586357
v 33.917278 34.092670 46.571438
v 33.888489 34.060776 46.593300
v 33.878120 34.050026 46.639137
v 33.892262 34.066711 46.682102
v 33.472366 34.433380 46.690231
v 33.487621 34.473446 46.668190
v 33.493210 34.487080 46.622288
v 33.485863 34.466297 46.579414
v 33.469872 34.423267 46.564686
v 33.454613 34.383198 46.586731
v 33.449024 34.369560 46.632626
v 33.456379 34.390350 46.675503
v 33.004261 34.551586 46.686119
v 33.009918 34.594040 46.663994
v 33.012119 34.608521 46.618061
v 33.009583 34.586536 46.575233
v 33.003792 34.540970 46.560593
v 32.998138 34.498512 46.582722
v 32.995934 34.484039 46.628647
v 32.998470 34.506020 46.671478
v 32.626862 34.531502 46.684303
v 32.616924 34.573128 46.662102
v 32.613632 34.587307 46.616146
v 32.618908 34.565742 46.573349
v 32.629669 34.521065 46.558792
v 32.639603 34.479439 46.580986
v 32.642899 34.465256 46.626953
v 32.637619 34.486820 46.669743
v 32.266396 34.414223 46.683838
v 32.248264 34.452980 46.661629
v 32.242081 34.466152 46.615669
v 32.251469 34.446026 46.572876
v 32.270927 34.404388 46.558327
v 32.289059 34.365631 46.580536
v 32.295246 34.352459 46.626495
v 32.285858 34.372589 46.669289
v 31.918781 34.101803 46.685978
v 31.880554 34.121193 46.663906
v 31.867287 34.127537 46.617996
v 31.886745 34.117119 46.575138
v 31.927536 34.096043 46.560440
v 31.965761 34.076653 46.582500
v 31.979031 34.070309 46.628418
v 31.959572 34.080730 46.671272
v 31.826683 33.639709 46.691460
v 31.784023 33.644665 46.669556
v 31.769192 33.645920 46.623703
v 31.790873 33.642735 46.580761
v 31.836369 33.636982 46.565887
v 31.879025 33.632027 46.587795
v 31.893858 33.630772 46.633648
v 31.872177 33.633957 46.676590
v 31.772194 33.187843 46.697018
v 31.729244 33.189037 46.675163
v 31.714308 33.188965 46.629326
v 31.736135 33.187664 46.586365
v 31.781944 33.185902 46.571434
v 31.824894 33.184708 46.593296
v 31.839832 33.184784 46.639137
v 31.818003 33.186081 46.682098
v 31.783953 32.732521 46.702991
v 31.741081 32.729206 46.681194
v 31.726173 32.727539 46.635376
v 31.747963 32.728504 46.592384
v 31.793682 32.731529 46.577396
v 31.836552 32.734848 46.599194
v 31.851461 32.736511 46.645012
v 31.829674 32.735550 46.688004
v 31.823856 32.278999 46.709091
v 31.781061 32.274780 46.687305
v 31.766180 32.272797 46.641495
v 31.787931 32.274216 46.598492
v 31.833572 32.278202 46.583496
v 31.876369 32.282425 46.605278
v 31.891251 32.284409 46.651093
v 31.869501 32.282990 46.694092
v 31.858578 31.871517 46.714569
v 31.815742 31.867765 46.692772
v 31.800844 31.865948 46.646957
v 31.822617 31.867130 46.603962
v 31.868301 31.870617 46.588974
v 31.911140 31.874367 46.610764
v 31.926033 31.876186 46.656578
v 31.904264 31.875004 46.699577
v 31.891407 31.463814 46.720036
v 31.848576 31.459988 46.698242
v 31.833683 31.458145 46.652431
v 31.855450 31.459364 46.609436
v 31.901131 31.462929 46.594440
v 31.943962 31.466755 46.616230
v 31.958855 31.468596 46.662048
v 31.937088 31.467377 46.705044
v 31.926357 31.056326 46.725517
v 31.883532 31.052422 46.703720
v 31.868641 31.050549 46.657909
v 31.890408 31.051807 46.614906
v 31.936077 31.055458 46.599915
v 31.978903 31.059364 46.621708
v 31.993795 31.061235 46.667519
v 31.972029 31.059977 46.710518
v 31.954987 30.648499 46.730961
v 31.912064 30.646069 46.709145
v 31.897137 30.644718 46.663330
v 31.918953 30.645237 46.620338
v 31.964729 30.647324 46.605366
v 32.007652 30.649755 46.627178
v 32.022579 30.651108 46.673000
v 32.000763 30.650587 46.715984
v 31.963245 30.239841 46.736309
v 31.920269 30.239721 46.714462
v 31.905323 30.239183 46.668633
v 31.927164 30.238544 46.625660
v 31.973000 30.238178 46.610714
v 32.015976 30.238297 46.632561
v 32.030922 30.238834 46.678387
v 32.009079 30.239471 46.721363
v 31.977230 29.830769 46.741688
v 31.934525 29.825663 46.719910
v 31.919674 29.823370 46.674103
v 31.941380 29.825228 46.631096
v 31.986927 29.830151 46.616085
v 32.029633 29.835255 46.637863
v 32.044483 29.837549 46.683670
v 32.022778 29.835690 46.726677
v 32.091877 29.439121 46.747398
v 32.054314 29.417925 46.725857
v 32.041279 29.409956 46.680138
v 32.060406 29.419884 46.637009
v 32.100491 29.441887 46.621750
v 32.138054 29.463081 46.643288
v 32.151089 29.471050 46.689011
v 32.131962 29.461128 46.732136
v 32.440571 29.094481 46.753784
v 32.419807 29.056503 46.732559
v 32.412697 29.042618 46.686943
v 32.423401 29.060957 46.643669
v 32.445652 29.100777 46.628075
v 32.466415 29.138756 46.649300
v 32.473526 29.152641 46.694916
v 32.462822 29.134304 46.738194
v 32.893715 28.897148 46.758842
v 32.878876 28.856453 46.737682
v 32.873848 28.841608 46.692093
v 32.881588 28.861309 46.648781
v 32.897552 28.904016 46.633110
v 32.912392 28.944710 46.654270
v 32.917416 28.959557 46.699863
v 32.909679 28.939854 46.743176
v 33.398838 28.746571 46.763580
v 33.386868 28.704926 46.742447
v 33.382854 28.689743 46.696861
v 33.389153 28.709923 46.653534
v 33.402069 28.753635 46.637840
v 33.414043 28.795280 46.658974
v 33.418053 28.810459 46.704556
v 33.411755 28.790283 46.747883
vt 0.000000 0.000000
vt 0.002355 0.000000
vt 0.002355 0.015043
vt 0.000000 0.015043
vt 0.004711 0.000000
vt 0.004711 0.015043
vt 0.007066 0.000000
vt 0.007066 0.015043
vt 0.009421 0.000000
vt 0.009421 0.015043
vt 0.011777 0.000000
vt 0.011777 0.015043
vt 0.014132 0.000000
vt 0.014132 0.015043
vt 0.016488 0.000000
vt 0.016488 0.015043
vt 0.018843 0.000000
vt 0.018843 0.015043
vt 0.002355 0.035541
vt 0.000000 0.035541
vt 0.004711 0.035541
vt 0.007066 0.035541
vt 0.009421 0.035541
vt 0.011777 0.035541
vt 0.014132 0.035541
vt 0.016488 0.035541
vt 0.018843 0.035541
vt 0.002355 0.056044
vt 0.000000 0.056044
vt 0.004711 0.056044
vt 0.007066 0.056044
vt 0.009421 0.056044
vt 0.011777 0.056044
vt 0.014132 0.056044
vt 0.016488 0.056044
vt 0.018843 0.056044
vt 0.002355 0.076546
vt 0.000000 0.076546
vt 0.004711 0.076546
vt 0.007066 0.076546
vt 0.009421 0.076546
vt 0.011777 0.076546
vt 0.014132 0.076546
vt 0.016488 0.076546
vt 0.018843 0.076546
vt 0.002355 0.103489
vt 0.000000 0.103489
vt 0.004711 0.103489
vt 0.007066 0.103489
vt 0.009421 0.103489
vt 0.011777 0.103489
vt 0.014132 0.103489
vt 0.016488 0.103489
vt 0.018843 0.103489
vt 0.002355 0.130385
vt 0.000000 0.130385
vt 0.004711 0.130385
vt 0.007066 0.130385
vt 0.009421 0.130385
vt 0.011777 0.130385
vt 0.014132 0.130385
vt 0.016488 0.130385
vt 0.018843 0.130385
vt 0.002355 0.160389
vt 0.000000 0.160389
vt 0.004711 0.160389
vt 0.007066 0.160389
vt 0.009421 0.160389
vt 0.011777 0.160389
vt 0.014132 0.160389
vt 0.016488 0.160389
vt 0.018843 0.160389
vt 0.002355 0.190381
vt 0.000000 0.190381
vt 0.004711 0.190381
vt 0.007066 0.190381
vt 0.009421 0.190381
vt 0.011777 0.190381
vt 0.014132 0.190381
vt 0.016488 0.190381
vt 0.018843 0.190381
vt 0.002355 0.210963
vt 0.000000 0.210963
vt 0.004711 0.210963
vt 0.007066 0.210963
vt 0.009421 0.210963
vt 0.011777 0.210963
vt 0.014132 0.210963
vt 0.016488 0.210963
vt 0.018843 0.210963
vt 0.002355 0.231524
vt 0.000000 0.231524
vt 0.004711 0.231524
vt 0.007066 0.231524
vt 0.009421 0.231524
vt 0.011777 0.231524
vt 0.014132 0.231524
vt 0.016488 0.231524
vt 0.018843 0.231524
vt 0.002355 0.257830
vt 0.000000 0.257830
vt 0.004711 0.257830
vt 0.007066 0.257830
vt 0.009421 0.257830
vt 0.011777 0.257830
vt 0.014132 0.257830
vt 0.016488 0.257830
vt 0.018843 0.257830
vt 0.002355 0.276783
vt 0.000000 0.276783
vt 0.004711 0.276783
vt 0.007066 0.276783
vt 0.009421 0.276783
vt 0.011777 0.276783
vt 0.014132 0.276783
vt 0.016488 0.276783
vt 0.018843 0.276783
vt 0.002355 0.295716
vt 0.000000 0.295716
vt 0.004711 0.295716
vt 0.007066 0.295716
vt 0.009421 0.295716
vt 0.011777 0.295716
vt 0.014132 0.295716
vt 0.016488 0.295716
vt 0.018843 0.295716
vt 0.002355 0.314441
vt 0.000000 0.314441
vt 0.004711 0.314441
vt 0.007066 0.314441
vt 0.009421 0.314441
vt 0.011777 0.314441
vt 0.014132 0.314441
vt 0.016488 0.314441
vt 0.018843 0.314441
vt 0.002355 0.340905
vt 0.000000 0.340905
vt 0.004711 0.340905
vt 0.007066 0.340905
vt 0.009421 0.340905
vt 0.011777 0.340905
vt 0.014132 0.340905
vt 0.016488 0.340905
vt 0.018843 0.340905
vt 0.002355 0.370312
vt 0.000000 0.370312
vt 0.004711 0.370312
vt 0.007066 0.370312
vt 0.009421 0.370312
vt 0.011777 0.370312
vt 0.014132 0.370312
vt 0.016488 0.370312
vt 0.018843 0.370312
vt 0.002355 0.403525
vt 0.000000 0.403525
vt 0.004711 0.403525
vt 0.007066 0.403525
vt 0.009421 0.403525
vt 0.011777 0.403525
vt 0.014132 0.403525
vt 0.016488 0.403525
vt 0.018843 0.403525
vt 0.002355 0.422344
vt 0.000000 0.422344
vt 0.004711 0.422344
vt 0.007066 0.422344
vt 0.009421 0.422344
vt 0.011777 0.422344
vt 0.014132 0.422344
vt 0.016488 0.422344
vt 0.018843 0.422344
vt 0.002355 0.441253
vt 0.000000 0.441253
vt 0.004711 0.441253
vt 0.007066 0.441253
vt 0.009421 0.441253
vt 0.011777 0.441253
vt 0.014132 0.441253
vt 0.016488 0.441253
vt 0.018843 0.441253
vt 0.002355 0.460193
vt 0.000000 0.460193
vt 0.004711 0.460193
vt 0.007066 0.460193
vt 0.009421 0.460193
vt 0.011777 0.460193
vt 0.014132 0.460193
vt 0.016488 0.460193
vt 0.018843 0.460193
vt 0.002355 0.484467
vt 0.000000 0.484467
vt 0.004711 0.484467
vt 0.007066 0.484467
vt 0.009421 0.484467
vt 0.011777 0.484467
vt 0.014132 0.484467
vt 0.016488 0.484467
vt 0.018843 0.484467
vt 0.002355 0.519988
vt 0.000000 0.519988
vt 0.004711 0.519988
vt 0.007066 0.519988
vt 0.009421 0.519988
vt 0.011777 0.519988
vt 0.014132 0.519988
vt 0.016488 0.519988
vt 0.018843 0.519988
vt 0.002355 0.548958
vt 0.000000 0.548958
vt 0.004711 0.548958
vt 0.007066 0.548958
vt 0.009421 0.548958
vt 0.011777 0.548958
vt 0.014132 0.548958
vt 0.016488 0.548958
vt 0.018843 0.548958
vt 0.002355 0.567405
vt 0.000000 0.567405
vt 0.004711 0.567405
vt 0.007066 0.567405
vt 0.009421 0.567405
vt 0.011777 0.567405
vt 0.014132 0.567405
vt 0.016488 0.567405
vt 0.018843 0.567405
vt 0.002355 0.585789
vt 0.000000 0.585789
vt 0.004711 0.585789
vt 0.007066 0.585789
vt 0.009421 0.585789
vt 0.011777 0.585789
vt 0.014132 0.585789
vt 0.016488 0.585789
vt 0.018843 0.585789
vt 0.002355 0.613132
vt 0.000000 0.613132
vt 0.004711 0.613132
vt 0.007066 0.613132
vt 0.009421 0.613132
vt 0.011777 0.613132
vt 0.014132 0.613132
vt 0.016488 0.613132
vt 0.018843 0.613132
vt 0.002355 0.636721
vt 0.000000 0.636721
vt 0.004711 0.636721
vt 0.007066 0.636721
vt 0.009421 0.636721
vt 0.011777 0.636721
vt 0.014132 0.636721
vt 0.016488 0.636721
vt 0.018843 0.636721
vt 0.002355 0.655186
vt 0.000000 0.655186
vt 0.004711 0.655186
vt 0.007066 0.655186
vt 0.009421 0.655186
vt 0.011777 0.655186
vt 0.014132 0.655186
vt 0.016488 0.655186
vt 0.018843 0.655186
vt 0.002355 0.673706
vt 0.000000 0.673706
vt 0.004711 0.673706
vt 0.007066 0.673706
vt 0.009421 0.673706
vt 0.011777 0.673706
vt 0.014132 0.673706
vt 0.016488 0.673706
vt 0.018843 0.673706
vt 0.002355 0.696541
vt 0.000000 0.696541
vt 0.004711 0.696541
vt 0.007066 0.696541
vt 0.009421 0.696541
vt 0.011777 0.696541
vt 0.014132 0.696541
vt 0.016488 0.696541
vt 0.018843 0.696541
vt 0.002355 0.719563
vt 0.000000 0.719563
vt 0.004711 0.719563
vt 0.007066 0.719563
vt 0.009421 0.719563
vt 0.011777 0.719563
vt 0.014132 0.719563
vt 0.016488 0.719563
vt 0.018843 0.719563
vt 0.002355 0.741802
vt 0.000000 0.741802
vt 0.004711 0.741802
vt 0.007066 0.741802
vt 0.009421 0.741802
vt 0.011777 0.741802
vt 0.014132 0.741802
vt 0.016488 0.741802
vt 0.018843 0.741802
vt 0.002355 0.764057
vt 0.000000 0.764057
vt 0.004711 0.764057
vt 0.007066 0.764057
vt 0.009421 0.764057
vt 0.011777 0.764057
vt 0.014132 0.764057
vt 0.016488 0.764057
vt 0.018843 0.764057
vt 0.002355 0.786303
vt 0.000000 0.786303
vt 0.004711 0.786303
vt 0.007066 0.786303
vt 0.009421 0.786303
vt 0.011777 0.786303
vt 0.014132 0.786303
vt 0.016488 0.786303
vt 0.018843 0.786303
vt 0.002355 0.806286
vt 0.000000 0.806286
vt 0.004711 0.806286
vt 0.007066 0.806286
vt 0.009421 0.806286
vt 0.011777 0.806286
vt 0.014132 0.806286
vt 0.016488 0.806286
vt 0.018843 0.806286
vt 0.002355 0.826271
vt 0.000000 0.826271
vt 0.004711 0.826271
vt 0.007066 0.826271
vt 0.009421 0.826271
vt 0.011777 0.826271
vt 0.014132 0.826271
vt 0.016488 0.826271
vt 0.018843 0.826271
vt 0.002355 0.846255
vt 0.000000 0.846255
vt 0.004711 0.846255
vt 0.007066 0.846255
vt 0.009421 0.846255
vt 0.011777 0.846255
vt 0.014132 0.846255
vt 0.016488 0.846255
vt 0.018843 0.846255
vt 0.002355 0.866231
vt 0.000000 0.866231
vt 0.004711 0.866231
vt 0.007066 0.866231
vt 0.009421 0.866231
vt 0.011777 0.866231
vt 0.014132 0.866231
vt 0.016488 0.866231
vt 0.018843 0.866231
vt 0.002355 0.886203
vt 0.000000 0.886203
vt 0.004711 0.886203
vt 0.007066 0.886203
vt 0.009421 0.886203
vt 0.011777 0.886203
vt 0.014132 0.886203
vt 0.016488 0.886203
vt 0.018843 0.886203
vt 0.002355 0.906203
vt 0.000000 0.906203
vt 0.004711 0.906203
vt 0.007066 0.906203
vt 0.009421 0.906203
vt 0.011777 0.906203
vt 0.014132 0.906203
vt 0.016488 0.906203
vt 0.018843 0.906203
vt 0.002355 0.926142
vt 0.000000 0.926142
vt 0.004711 0.926142
vt 0.007066 0.926142
vt 0.009421 0.926142
vt 0.011777 0.926142
vt 0.014132 0.926142
vt 0.016488 0.926142
vt 0.018843 0.926142
vt 0.002355 0.950098
vt 0.000000 0.950098
vt 0.004711 0.950098
vt 0.007066 0.950098
vt 0.009421 0.950098
vt 0.011777 0.950098
vt 0.014132 0.950098
vt 0.016488 0.950098
vt 0.018843 0.950098
vt 0.002355 0.974247
vt 0.000000 0.974247
vt 0.004711 0.974247
vt 0.007066 0.974247
vt 0.009421 0.974247
vt 0.011777 0.974247
vt 0.014132 0.974247
vt 0.016488 0.974247
vt 0.018843 0.974247
vt 0.002355 1.000000
vt 0.000000 1.000000
vt 0.004711 1.000000
vt 0.007066 1.000000
vt 0.009421 1.000000
vt 0.011777 1.000000
vt 0.014132 1.000000
vt 0.016488 1.000000
vt 0.018843 1.000000
vn 0.375635 -0.026432 0.926391
vn 0.375635 -0.026432 0.926391
vn 0.375635 -0.026432 0.926391
vn 0.375635 -0.026432 0.926391
vn 0.699712 -0.061824 0.711745
vn 0.994925 -0.100386 0.006781
vn 0.994227 -0.107075 0.006864
vn 0.698204 -0.066421 0.712811
vn 0.994925 -0.100386 0.006781
vn 0.707498 -0.080161 -0.702155
vn 0.706002 -0.084784 -0.703117
vn 0.994227 -0.107075 0.006864
vn 0.707498 -0.080161 -0.702155
vn 0.005673 -0.012984 -0.999900
vn 0.003633 -0.012750 -0.999912
vn 0.706002 -0.084784 -0.703117
vn 0.005673 -0.012984 -0.999900
vn -0.699543 0.061808 -0.711912
vn -0.700090 0.066646 -0.710938
vn 0.003633 -0.012750 -0.999912
vn -0.699543 0.061808 -0.711912
vn -0.994925 0.100391 -0.006780
vn -0.994231 0.107041 -0.006863
vn -0.700090 0.066646 -0.710938
vn -0.994925 0.100391 -0.006780
vn -0.707331 0.080149 0.702324
vn -0.707866 0.084960 0.701219
vn -0.994231 0.107041 -0.006863
vn -0.707331 0.080149 0.702324
vn -0.005339 0.012951 0.999902
vn -0.007379 0.013185 0.999886
vn -0.707866 0.084960 0.701219
vn -0.007379 0.013185 0.999886
vn 0.698204 -0.066421 0.712811
vn 0.701179 -0.061809 0.710301
vn -0.002463 0.012674 0.999917
vn 0.698204 -0.066421 0.712811
vn 0.994227 -0.107075 0.006864
vn 0.994950 -0.100142 0.006778
vn 0.701179 -0.061809 0.710301
vn 0.994227 -0.107075 0.006864
vn 0.706002 -0.084784 -0.703117
vn 0.708950 -0.080108 -0.700695
vn 0.994950 -0.100142 0.006778
vn 0.706002 -0.084784 -0.703117
vn 0.003633 -0.012750 -0.999912
vn 0.008549 -0.013261 -0.999876
vn 0.708950 -0.080108 -0.700695
vn 0.003633 -0.012750 -0.999912
vn -0.700090 0.066646 -0.710938
vn -0.698119 0.061478 -0.713337
vn 0.008549 -0.013261 -0.999876
vn -0.700090 0.066646 -0.710938
vn -0.994231 0.107041 -0.006863
vn -0.994950 0.100145 -0.006778
vn -0.698119 0.061478 -0.713337
vn -0.994231 0.107041 -0.006863
vn -0.707866 0.084960 0.701219
vn -0.705923 0.079856 0.703772
vn -0.994950 0.100145 -0.006778
vn -0.707866 0.084960 0.701219
vn -0.007379 0.013185 0.999886
vn -0.002463 0.012674 0.999917
vn -0.705923 0.079856 0.703772
vn -0.002463 0.012674 0.999917
vn 0.701179 -0.061809 0.710301
vn 0.701820 -0.048775 0.710683
vn -0.003549 0.012802 0.999912
vn 0.701179 -0.061809 0.710301
vn 0.994950 -0.100142 0.006778
vn 0.996626 -0.081812 0.006549
vn 0.701820 -0.048775 0.710683
vn 0.994950 -0.100142 0.006778
vn 0.708950 -0.080108 -0.700695
vn 0.709596 -0.067088 -0.701407
vn 0.996626 -0.081812 0.006549
vn 0.708950 -0.080108 -0.700695
vn 0.008549 -0.013261 -0.999876
vn 0.007463 -0.013133 -0.999886
vn 0.709596 -0.067088 -0.701407
vn 0.008549 -0.013261 -0.999876
vn -0.698119 0.061478 -0.713337
vn -0.699853 0.048575 -0.712633
vn 0.007463 -0.013133 -0.999886
vn -0.698119 0.061478 -0.713337
vn -0.994950 0.100145 -0.006778
vn -0.996628 0.081795 -0.006549
vn -0.699853 0.048575 -0.712633
vn -0.994950 0.100145 -0.006778
vn -0.705923 0.079856 0.703772
vn -0.707651 0.066939 0.703384
vn -0.996628 0.081795 -0.006549
vn -0.705923 0.079856 0.703772
vn -0.002463 0.012674 0.999917
vn -0.003549 0.012802 0.999912
vn -0.707651 0.066939 0.703384
vn -0.003549 0.012802 0.999912
vn 0.701820 -0.048775 0.710683
vn 0.705941 -0.027951 0.707719
vn 0.001148 0.012737 0.999918
vn 0.701820 -0.048775 0.710683
vn 0.996626 -0.081812 0.006549
vn 0.998618 -0.052188 0.006176
vn 0.705941 -0.027951 0.707719
vn 0.996626 -0.081812 0.006549
vn 0.709596 -0.067088 -0.701407
vn 0.713688 -0.046193 -0.698939
vn 0.998618 -0.052188 0.006176
vn 0.709596 -0.067088 -0.701407
vn 0.007463 -0.013133 -0.999886
vn 0.012160 -0.013197 -0.999839
vn 0.713688 -0.046193 -0.698939
vn 0.007463 -0.013133 -0.999886
vn -0.699853 0.048575 -0.712633
vn -0.699255 0.027824 -0.714331
vn 0.012160 -0.013197 -0.999839
vn -0.699853 0.048575 -0.712633
vn -0.996628 0.081795 -0.006549
vn -0.998599 0.052564 -0.006181
vn -0.699255 0.027824 -0.714331
vn -0.996628 0.081795 -0.006549
vn -0.707651 0.066939 0.703384
vn -0.707074 0.046239 0.705626
vn -0.998599 0.052564 -0.006181
vn -0.707651 0.066939 0.703384
vn -0.003549 0.012802 0.999912
vn 0.001148 0.012737 0.999918
vn -0.707074 0.046239 0.705626
vn 0.001148 0.012737 0.999918
vn 0.705941 -0.027951 0.707719
vn 0.715795 0.059294 0.695788
vn 0.022868 0.015602 0.999617
vn 0.705941 -0.027951 0.707719
vn 0.998618 -0.052188 0.006176
vn 0.997581 0.069358 0.004594
vn 0.715795 0.059294 0.695788
vn 0.998618 -0.052188 0.006176
vn 0.713688 -0.046193 -0.698939
vn 0.723422 0.041333 -0.689168
vn 0.997581 0.069358 0.004594
vn 0.713688 -0.046193 -0.698939
vn 0.012160 -0.013197 -0.999839
vn 0.033875 -0.010323 -0.999373
vn 0.723422 0.041333 -0.689168
vn 0.012160 -0.013197 -0.999839
vn -0.699255 0.027824 -0.714331
vn -0.687294 -0.056606 -0.724171
vn 0.033875 -0.010323 -0.999373
vn -0.699255 0.027824 -0.714331
vn -0.998599 0.052564 -0.006181
vn -0.997639 -0.068515 -0.004605
vn -0.687294 -0.056606 -0.724171
vn -0.998599 0.052564 -0.006181
vn -0.707074 0.046239 0.705626
vn -0.695234 -0.037906 0.717783
vn -0.997639 -0.068515 -0.004605
vn -0.707074 0.046239 0.705626
vn 0.001148 0.012737 0.999918
vn 0.022868 0.015602 0.999617
vn -0.695234 -0.037906 0.717783
vn 0.022868 0.015602 0.999617
vn 0.715795 0.059294 0.695788
vn 0.692315 0.194959 0.694760
vn 0.017263 0.018009 0.999689
vn 0.715795 0.059294 0.695788
vn 0.997581 0.069358 0.004594
vn 0.965812 0.259235 0.001956
vn 0.692315 0.194959 0.694760
vn 0.997581 0.069358 0.004594
vn 0.723422 0.041333 -0.689168
vn 0.699951 0.176976 -0.691917
vn 0.965812 0.259235 0.001956
vn 0.723422 0.041333 -0.689168
vn 0.033875 -0.010323 -0.999373
vn 0.028272 -0.007919 -0.999569
vn 0.699951 0.176976 -0.691917
vn 0.033875 -0.010323 -0.999373
vn -0.687294 -0.056606 -0.724171
vn -0.670052 -0.188705 -0.717928
vn 0.028272 -0.007919 -0.999569
vn -0.687294 -0.056606 -0.724171
vn -0.997639 -0.068515 -0.004605
vn -0.966642 -0.256122 -0.002001
vn -0.670052 -0.188705 -0.717928
vn -0.997639 -0.068515 -0.004605
vn -0.695234 -0.037906 0.717783
vn -0.677942 -0.170120 0.715160
vn -0.966642 -0.256122 -0.002001
vn -0.695234 -0.037906 0.717783
vn 0.022868 0.015602 0.999617
vn 0.017263 0.018009 0.999689
vn -0.677942 -0.170120 0.715160
vn 0.017263 0.018009 0.999689
vn 0.692315 0.194959 0.694760
vn 0.631320 0.364200 0.684685
vn 0.033729 0.034440 0.998837
vn 0.692315 0.194959 0.694760
vn 0.965812 0.259235 0.001956
vn 0.872410 0.488772 -0.001535
vn 0.631320 0.364200 0.684685
vn 0.965812 0.259235 0.001956
vn 0.699951 0.176976 -0.691917
vn 0.638874 0.346412 -0.686906
vn 0.872410 0.488772 -0.001535
vn 0.699951 0.176976 -0.691917
vn 0.028272 -0.007919 -0.999569
vn 0.044731 0.008531 -0.998963
vn 0.638874 0.346412 -0.686906
vn 0.028272 -0.007919 -0.999569
vn -0.670052 -0.188705 -0.717928
vn -0.592072 -0.341987 -0.729723
vn 0.044731 0.008531 -0.998963
vn -0.670052 -0.188705 -0.717928
vn -0.966642 -0.256122 -0.002001
vn -0.873631 -0.486587 0.001499
vn -0.592072 -0.341987 -0.729723
vn -0.966642 -0.256122 -0.002001
vn -0.677942 -0.170120 0.715160
vn -0.600120 -0.323033 0.731783
vn -0.873631 -0.486587 0.001499
vn -0.677942 -0.170120 0.715160
vn 0.017263 0.018009 0.999689
vn 0.033729 0.034440 0.998837
vn -0.600120 -0.323033 0.731783
vn 0.033729 0.034440 0.998837
vn 0.631320 0.364200 0.684685
vn 0.520633 0.506072 0.687628
vn 0.015030 0.032342 0.999364
vn 0.631320 0.364200 0.684685
vn 0.872410 0.488772 -0.001535
vn 0.725636 0.688062 -0.004927
vn 0.520633 0.506072 0.687628
vn 0.872410 0.488772 -0.001535
vn 0.638874 0.346412 -0.686906
vn 0.528246 0.488144 -0.694746
vn 0.725636 0.688062 -0.004927
vn 0.638874 0.346412 -0.686906
vn 0.044731 0.008531 -0.998963
vn 0.026037 0.006416 -0.999640
vn 0.528246 0.488144 -0.694746
vn 0.044731 0.008531 -0.998963
vn -0.592072 -0.341987 -0.729723
vn -0.500433 -0.486843 -0.715927
vn 0.026037 0.006416 -0.999640
vn -0.592072 -0.341987 -0.729723
vn -0.873631 -0.486587 0.001499
vn -0.726312 -0.687348 0.004914
vn -0.500433 -0.486843 -0.715927
vn -0.873631 -0.486587 0.001499
vn -0.600120 -0.323033 0.731783
vn -0.508356 -0.468184 0.722757
vn -0.726312 -0.687348 0.004914
vn -0.600120 -0.323033 0.731783
vn 0.033729 0.034440 0.998837
vn 0.015030 0.032342 0.999364
vn -0.508356 -0.468184 0.722757
vn 0.015030 0.032342 0.999364
vn 0.520633 0.506072 0.687628
vn 0.374763 0.630278 0.679928
vn 0.016422 0.049103 0.998659
vn 0.520633 0.506072 0.687628
vn 0.725636 0.688062 -0.004927
vn 0.520110 0.854060 -0.008212
vn 0.374763 0.630278 0.679928
vn 0.725636 0.688062 -0.004927
vn 0.528246 0.488144 -0.694746
vn 0.382317 0.612487 -0.691877
vn 0.520110 0.854060 -0.008212
vn 0.528246 0.488144 -0.694746
vn 0.026037 0.006416 -0.999640
vn 0.027425 0.023191 -0.999355
vn 0.382317 0.612487 -0.691877
vn 0.026037 0.006416 -0.999640
vn -0.500433 -0.486843 -0.715927
vn -0.353288 -0.594050 -0.722698
vn 0.027425 0.023191 -0.999355
vn -0.500433 -0.486843 -0.715927
vn -0.726312 -0.687348 0.004914
vn -0.521666 -0.853110 0.008190
vn -0.353288 -0.594050 -0.722698
vn -0.726312 -0.687348 0.004914
vn -0.508356 -0.468184 0.722757
vn -0.361308 -0.575159 0.733927
vn -0.521666 -0.853110 0.008190
vn -0.508356 -0.468184 0.722757
vn 0.015030 0.032342 0.999364
vn 0.016422 0.049103 0.998659
vn -0.361308 -0.575159 0.733927
vn 0.016422 0.049103 0.998659
vn 0.374763 0.630278 0.679928
vn 0.132715 0.732648 0.667543
vn 0.002396 0.067001 0.997750
vn 0.374763 0.630278 0.679928
vn 0.520110 0.854060 -0.008212
vn 0.186993 0.982291 -0.011709
vn 0.132715 0.732648 0.667543
vn 0.520110 0.854060 -0.008212
vn 0.382317 0.612487 -0.691877
vn 0.140162 0.715110 -0.684815
vn 0.186993 0.982291 -0.011709
vn 0.382317 0.612487 -0.691877
vn 0.027425 0.023191 -0.999355
vn 0.013392 0.041105 -0.999065
vn 0.140162 0.715110 -0.684815
vn 0.027425 0.023191 -0.999355
vn -0.353288 -0.594050 -0.722698
vn -0.124758 -0.679984 -0.722535
vn 0.013392 0.041105 -0.999065
vn -0.353288 -0.594050 -0.722698
vn -0.521666 -0.853110 0.008190
vn -0.187294 -0.982234 0.011706
vn -0.124758 -0.679984 -0.722535
vn -0.521666 -0.853110 0.008190
vn -0.361308 -0.575159 0.733927
vn -0.132804 -0.661036 0.738509
vn -0.187294 -0.982234 0.011706
vn -0.361308 -0.575159 0.733927
vn 0.016422 0.049103 0.998659
vn 0.002396 0.067001 0.997750
vn -0.132804 -0.661036 0.738509
vn 0.002396 0.067001 0.997750
vn 0.132715 0.732648 0.667543
vn -0.114871 0.738903 0.663948
vn -0.010839 0.074952 0.997128
vn 0.132715 0.732648 0.667543
vn 0.186993 0.982291 -0.011709
vn -0.154353 0.987921 -0.013662
vn -0.114871 0.738903 0.663948
vn 0.186993 0.982291 -0.011709
vn 0.140162 0.715110 -0.684815
vn -0.107447 0.721420 -0.684111
vn -0.154353 0.987921 -0.013662
vn 0.140162 0.715110 -0.684815
vn 0.013392 0.041105 -0.999065
vn 0.000152 0.049066 -0.998796
vn -0.107447 0.721420 -0.684111
vn 0.013392 0.041105 -0.999065
vn -0.124758 -0.679984 -0.722535
vn 0.106982 -0.678488 -0.726780
vn 0.000152 0.049066 -0.998796
vn -0.124758 -0.679984 -0.722535
vn -0.187294 -0.982234 0.011706
vn 0.148688 -0.988790 0.013642
vn 0.106982 -0.678488 -0.726780
vn -0.187294 -0.982234 0.011706
vn -0.132804 -0.661036 0.738509
vn 0.098876 -0.659398 0.745264
vn 0.148688 -0.988790 0.013642
vn -0.132804 -0.661036 0.738509
vn 0.002396 0.067001 0.997750
vn -0.010839 0.074952 0.997128
vn 0.098876 -0.659398 0.745264
vn -0.010839 0.074952 0.997128
vn -0.114871 0.738903 0.663948
vn -0.366719 0.637834 0.677263
vn -0.024246 0.044654 0.998708
vn -0.114871 0.738903 0.663948
vn -0.154353 0.987921 -0.013662
vn -0.499580 0.866155 -0.013984
vn -0.366719 0.637834 0.677263
vn -0.154353 0.987921 -0.013662
vn -0.107447 0.721420 -0.684111
vn -0.359148 0.620004 -0.697572
vn -0.499580 0.866155 -0.013984
vn -0.107447 0.721420 -0.684111
vn 0.000152 0.049066 -0.998796
vn -0.013241 0.018736 -0.999737
vn -0.359148 0.620004 -0.697572
vn 0.000152 0.049066 -0.998796
vn 0.106982 -0.678488 -0.726780
vn 0.347931 -0.606894 -0.714580
vn -0.013241 0.018736 -0.999737
vn 0.106982 -0.678488 -0.726780
vn 0.148688 -0.988790 0.013642
vn 0.498962 -0.866511 0.013985
vn 0.347931 -0.606894 -0.714580
vn 0.148688 -0.988790 0.013642
vn 0.098876 -0.659398 0.745264
vn 0.339955 -0.588109 0.733865
vn 0.498962 -0.866511 0.013985
vn 0.098876 -0.659398 0.745264
vn -0.010839 0.074952 0.997128
vn -0.024246 0.044654 0.998708
vn 0.339955 -0.588109 0.733865
vn -0.024246 0.044654 0.998708
vn -0.366719 0.637834 0.677263
vn -0.569666 0.483935 0.664295
vn -0.056647 0.051355 0.997073
vn -0.366719 0.637834 0.677263
vn -0.499580 0.866155 -0.013984
vn -0.764098 0.644978 -0.012572
vn -0.569666 0.483935 0.664295
vn -0.499580 0.866155 -0.013984
vn -0.359148 0.620004 -0.697572
vn -0.562247 0.466464 -0.682854
vn -0.764098 0.644978 -0.012572
vn -0.359148 0.620004 -0.697572
vn -0.013241 0.018736 -0.999737
vn -0.045657 0.025472 -0.998632
vn -0.562247 0.466464 -0.682854
vn -0.013241 0.018736 -0.999737
vn 0.347931 -0.606894 -0.714580
vn 0.518132 -0.447081 -0.729148
vn -0.045657 0.025472 -0.998632
vn 0.347931 -0.606894 -0.714580
vn 0.498962 -0.866511 0.013985
vn 0.762640 -0.646701 0.012587
vn 0.518132 -0.447081 -0.729148
vn 0.498962 -0.866511 0.013985
vn 0.339955 -0.588109 0.733865
vn 0.510008 -0.427948 0.746158
vn 0.762640 -0.646701 0.012587
vn 0.339955 -0.588109 0.733865
vn -0.024246 0.044654 0.998708
vn -0.056647 0.051355 0.997073
vn 0.510008 -0.427948 0.746158
vn -0.056647 0.051355 0.997073
vn -0.569666 0.483935 0.664295
vn -0.722325 0.178916 0.668008
vn -0.061309 0.029582 0.997680
vn -0.569666 0.483935 0.664295
vn -0.764098 0.644978 -0.012572
vn -0.973685 0.227746 -0.008316
vn -0.722325 0.178916 0.668008
vn -0.764098 0.644978 -0.012572
vn -0.562247 0.466464 -0.682854
vn -0.714900 0.161430 -0.680337
vn -0.973685 0.227746 -0.008316
vn -0.562247 0.466464 -0.682854
vn -0.045657 0.025472 -0.998632
vn -0.050315 0.003691 -0.998727
vn -0.714900 0.161430 -0.680337
vn -0.045657 0.025472 -0.998632
vn 0.518132 -0.447081 -0.729148
vn 0.667385 -0.163548 -0.726532
vn -0.050315 0.003691 -0.998727
vn 0.518132 -0.447081 -0.729148
vn 0.762640 -0.646701 0.012587
vn 0.973558 -0.228287 0.008322
vn 0.667385 -0.163548 -0.726532
vn 0.762640 -0.646701 0.012587
vn 0.510008 -0.427948 0.746158
vn 0.659321 -0.144557 0.737834
vn 0.973558 -0.228287 0.008322
vn 0.510008 -0.427948 0.746158
vn -0.056647 0.051355 0.997073
vn -0.061309 0.029582 0.997680
vn 0.659321 -0.144557 0.737834
vn -0.061309 0.029582 0.997680
vn -0.722325 0.178916 0.668008
vn -0.728139 -0.082516 0.680444
vn -0.051635 0.010573 0.998610
vn -0.722325 0.178916 0.668008
vn -0.973685 0.227746 -0.008316
vn -0.991700 -0.128514 -0.003794
vn -0.728139 -0.082516 0.680444
vn -0.973685 0.227746 -0.008316
vn -0.714900 0.161430 -0.680337
vn -0.720614 -0.100238 -0.686053
vn -0.991700 -0.128514 -0.003794
vn -0.714900 0.161430 -0.680337
vn -0.050315 0.003691 -0.998727
vn -0.040633 -0.015334 -0.999057
vn -0.720614 -0.100238 -0.686053
vn -0.050315 0.003691 -0.998727
vn 0.667385 -0.163548 -0.726532
vn 0.682689 0.076414 -0.726703
vn -0.040633 -0.015334 -0.999057
vn 0.667385 -0.163548 -0.726532
vn 0.973558 -0.228287 0.008322
vn 0.992476 0.122378 0.003878
vn 0.682689 0.076414 -0.726703
vn 0.973558 -0.228287 0.008322
vn 0.659321 -0.144557 0.737834
vn 0.674656 0.095330 0.731950
vn 0.992476 0.122378 0.003878
vn 0.659321 -0.144557 0.737834
vn -0.061309 0.029582 0.997680
vn -0.051635 0.010573 0.998610
vn 0.674656 0.095330 0.731950
vn -0.051635 0.010573 0.998610
vn -0.728139 -0.082516 0.680444
vn -0.651421 -0.337961 0.679289
vn -0.050314 -0.013345 0.998644
vn -0.728139 -0.082516 0.680444
vn -0.991700 -0.128514 -0.003794
vn -0.882247 -0.470785 0.001247
vn -0.651421 -0.337961 0.679289
vn -0.991700 -0.128514 -0.003794
vn -0.720614 -0.100238 -0.686053
vn -0.643949 -0.355556 -0.677428
vn -0.882247 -0.470785 0.001247
vn -0.720614 -0.100238 -0.686053
vn -0.040633 -0.015334 -0.999057
vn -0.039316 -0.039245 -0.998456
vn -0.643949 -0.355556 -0.677428
vn -0.040633 -0.015334 -0.999057
vn 0.682689 0.076414 -0.726703
vn 0.607849 0.310152 -0.730976
vn -0.039316 -0.039245 -0.998456
vn 0.682689 0.076414 -0.726703
vn 0.992476 0.122378 0.003878
vn 0.883402 0.468614 -0.001212
vn 0.607849 0.310152 -0.730976
vn 0.992476 0.122378 0.003878
vn 0.674656 0.095330 0.731950
vn 0.599807 0.329090 0.729336
vn 0.883402 0.468614 -0.001212
vn 0.674656 0.095330 0.731950
vn -0.051635 0.010573 0.998610
vn -0.050314 -0.013345 0.998644
vn 0.599807 0.329090 0.729336
vn -0.050314 -0.013345 0.998644
vn -0.651421 -0.337961 0.679289
vn -0.488101 -0.556352 0.672481
vn -0.055365 -0.043340 0.997525
vn -0.651421 -0.337961 0.679289
vn -0.882247 -0.470785 0.001247
vn -0.649277 -0.760526 0.006288
vn -0.488101 -0.556352 0.672481
vn -0.882247 -0.470785 0.001247
vn -0.643949 -0.355556 -0.677428
vn -0.480746 -0.573674 -0.663160
vn -0.649277 -0.760526 0.006288
vn -0.643949 -0.355556 -0.677428
vn -0.039316 -0.039245 -0.998456
vn -0.044384 -0.069201 -0.996615
vn -0.480746 -0.573674 -0.663160
vn -0.039316 -0.039245 -0.998456
vn 0.607849 0.310152 -0.730976
vn 0.442255 0.495750 -0.747424
vn -0.044384 -0.069201 -0.996615
vn 0.607849 0.310152 -0.730976
vn 0.883402 0.468614 -0.001212
vn 0.656660 0.754162 -0.006164
vn 0.442255 0.495750 -0.747424
vn 0.883402 0.468614 -0.001212
vn 0.599807 0.329090 0.729336
vn 0.434069 0.515029 0.739141
vn 0.656660 0.754162 -0.006164
vn 0.599807 0.329090 0.729336
vn -0.050314 -0.013345 0.998644
vn -0.055365 -0.043340 0.997525
vn 0.434069 0.515029 0.739141
vn -0.055365 -0.043340 0.997525
vn -0.488101 -0.556352 0.672481
vn -0.139497 -0.712705 0.687453
vn -0.016725 -0.038690 0.999111
vn -0.488101 -0.556352 0.672481
vn -0.649277 -0.760526 0.006288
vn -0.184043 -0.982848 0.011733
vn -0.139497 -0.712705 0.687453
vn -0.649277 -0.760526 0.006288
vn -0.480746 -0.573674 -0.663160
vn -0.132020 -0.730312 -0.670235
vn -0.184043 -0.982848 0.011733
vn -0.480746 -0.573674 -0.663160
vn -0.044384 -0.069201 -0.996615
vn -0.005728 -0.064589 -0.997896
vn -0.132020 -0.730312 -0.670235
vn -0.044384 -0.069201 -0.996615
vn 0.442255 0.495750 -0.747424
vn 0.127136 0.660793 -0.739722
vn -0.005728 -0.064589 -0.997896
vn 0.442255 0.495750 -0.747424
vn 0.656660 0.754162 -0.006164
vn 0.181085 0.983397 -0.011756
vn 0.127136 0.660793 -0.739722
vn 0.656660 0.754162 -0.006164
vn 0.434069 0.515029 0.739141
vn 0.119078 0.679771 0.723693
vn 0.181085 0.983397 -0.011756
vn 0.434069 0.515029 0.739141
vn -0.055365 -0.043340 0.997525
vn -0.016725 -0.038690 0.999111
vn 0.119078 0.679771 0.723693
vn -0.016725 -0.038690 0.999111
vn -0.139497 -0.712705 0.687453
vn 0.088056 -0.711224 0.697428
vn -0.001237 -0.024661 0.999695
vn -0.139497 -0.712705 0.687453
vn -0.184043 -0.982848 0.011733
vn 0.126740 -0.991843 0.013561
vn 0.088056 -0.711224 0.697428
vn -0.184043 -0.982848 0.011733
vn -0.132020 -0.730312 -0.670235
vn 0.095629 -0.729059 -0.677738
vn 0.126740 -0.991843 0.013561
vn -0.132020 -0.730312 -0.670235
vn -0.005728 -0.064589 -0.997896
vn 0.009768 -0.050577 -0.998672
vn 0.095629 -0.729059 -0.677738
vn -0.005728 -0.064589 -0.997896
vn 0.127136 0.660793 -0.739722
vn -0.084262 0.672999 -0.734828
vn 0.009768 -0.050577 -0.998672
vn 0.127136 0.660793 -0.739722
vn 0.181085 0.983397 -0.011756
vn -0.128117 0.991666 -0.013566
vn -0.084262 0.672999 -0.734828
vn 0.181085 0.983397 -0.011756
vn 0.119078 0.679771 0.723693
vn -0.092252 0.691816 0.716157
vn -0.128117 0.991666 -0.013566
vn 0.119078 0.679771 0.723693
vn -0.016725 -0.038690 0.999111
vn -0.001237 -0.024661 0.999695
vn -0.092252 0.691816 0.716157
vn -0.001237 -0.024661 0.999695
vn 0.088056 -0.711224 0.697428
vn 0.302953 -0.652851 0.694266
vn 0.027982 -0.026441 0.999259
vn 0.088056 -0.711224 0.697428
vn 0.126740 -0.991843 0.013561
vn 0.408105 -0.912739 0.018919
vn 0.302953 -0.652851 0.694266
vn 0.126740 -0.991843 0.013561
vn 0.095629 -0.729059 -0.677738
vn 0.295069 -0.678157 -0.673081
vn 0.408105 -0.912739 0.018919
vn 0.095629 -0.729059 -0.677738
vn 0.009768 -0.050577 -0.998672
vn 0.011934 -0.050919 -0.998631
vn 0.295069 -0.678157 -0.673081
vn 0.009768 -0.050577 -0.998672
vn -0.084262 0.672999 -0.734828
vn -0.284646 0.617991 -0.732846
vn 0.011934 -0.050919 -0.998631
vn -0.084262 0.672999 -0.734828
vn -0.128117 0.991666 -0.013566
vn -0.408834 0.912545 -0.010812
vn -0.284646 0.617991 -0.732846
vn -0.128117 0.991666 -0.013566
vn -0.092252 0.691816 0.716157
vn -0.274352 0.635735 0.721507
vn -0.408834 0.912545 -0.010812
vn -0.092252 0.691816 0.716157
vn -0.001237 -0.024661 0.999695
vn 0.027982 -0.026441 0.999259
vn -0.274352 0.635735 0.721507
vn 0.027982 -0.026441 0.999259
vn 0.302953 -0.652851 0.694266
vn 0.627216 -0.451334 0.634742
vn 0.103250 -0.053861 0.993196
vn 0.302953 -0.652851 0.694266
vn 0.408105 -0.912739 0.018919
vn 0.793146 -0.607811 -0.038541
vn 0.627216 -0.451334 0.634742
vn 0.408105 -0.912739 0.018919
vn 0.295069 -0.678157 -0.673081
vn 0.568858 -0.451308 -0.687548
vn 0.793146 -0.607811 -0.038541
vn 0.295069 -0.678157 -0.673081
vn 0.011934 -0.050919 -0.998631
vn 0.045580 -0.041711 -0.998090
vn 0.568858 -0.451308 -0.687548
vn 0.011934 -0.050919 -0.998631
vn -0.284646 0.617991 -0.732846
vn -0.543852 0.407017 -0.733868
vn 0.045580 -0.041711 -0.998090
vn -0.284646 0.617991 -0.732846
vn -0.408834 0.912545 -0.010812
vn -0.803368 0.594817 0.028163
vn -0.543852 0.407017 -0.733868
vn -0.408834 0.912545 -0.010812
vn -0.274352 0.635735 0.721507
vn -0.512749 0.385779 0.766983
vn -0.803368 0.594817 0.028163
vn -0.274352 0.635735 0.721507
vn 0.027982 -0.026441 0.999259
vn 0.103250 -0.053861 0.993196
vn -0.512749 0.385779 0.766983
vn 0.103250 -0.053861 0.993196
vn 0.627216 -0.451334 0.634742
vn 0.756200 -0.177170 0.629899
vn 0.102087 -0.022341 0.994525
vn 0.627216 -0.451334 0.634742
vn 0.793146 -0.607811 -0.038541
vn 0.970757 -0.232342 -0.060403
vn 0.756200 -0.177170 0.629899
vn 0.793146 -0.607811 -0.038541
vn 0.568858 -0.451308 -0.687548
vn 0.680736 -0.172005 -0.712049
vn 0.970757 -0.232342 -0.060403
vn 0.568858 -0.451308 -0.687548
vn 0.045580 -0.041711 -0.998090
vn 0.000129 -0.011189 -0.999937
vn 0.680736 -0.172005 -0.712049
vn 0.045580 -0.041711 -0.998090
vn -0.543852 0.407017 -0.733868
vn -0.712655 0.166754 -0.681408
vn 0.000129 -0.011189 -0.999937
vn -0.543852 0.407017 -0.733868
vn -0.803368 0.594817 0.028163
vn -0.969994 0.232950 0.069608
vn -0.712655 0.166754 -0.681408
vn -0.803368 0.594817 0.028163
vn -0.512749 0.385779 0.766983
vn -0.625953 0.150892 0.765124
vn -0.969994 0.232950 0.069608
vn -0.512749 0.385779 0.766983
vn 0.103250 -0.053861 0.993196
vn 0.102087 -0.022341 0.994525
vn -0.625953 0.150892 0.765124
vn 0.102087 -0.022341 0.994525
vn 0.756200 -0.177170 0.629899
vn 0.769192 0.098538 0.631375
vn 0.118555 0.026793 0.992586
vn 0.756200 -0.177170 0.629899
vn 0.970757 -0.232342 -0.060403
vn 0.991173 0.115948 -0.064280
vn 0.769192 0.098538 0.631375
vn 0.970757 -0.232342 -0.060403
vn 0.680736 -0.172005 -0.712049
vn 0.683099 0.069697 -0.726992
vn 0.991173 0.115948 -0.064280
vn 0.680736 -0.172005 -0.712049
vn 0.000129 -0.011189 -0.999937
vn -0.012843 -0.015393 -0.999799
vn 0.683099 0.069697 -0.726992
vn 0.000129 -0.011189 -0.999937
vn -0.712655 0.166754 -0.681408
vn -0.723504 -0.090519 -0.684359
vn -0.012843 -0.015393 -0.999799
vn -0.712655 0.166754 -0.681408
vn -0.969994 0.232950 0.069608
vn -0.991402 -0.109299 0.071938
vn -0.723504 -0.090519 -0.684359
vn -0.969994 0.232950 0.069608
vn -0.625953 0.150892 0.765124
vn -0.622650 -0.059584 0.780229
vn -0.991402 -0.109299 0.071938
vn -0.625953 0.150892 0.765124
vn 0.102087 -0.022341 0.994525
vn 0.118555 0.026793 0.992586
vn -0.622650 -0.059584 0.780229
vn 0.118555 0.026793 0.992586
vn 0.769192 0.098538 0.631375
vn 0.666428 0.404013 0.626615
vn 0.101034 0.077365 0.991870
vn 0.769192 0.098538 0.631375
vn 0.991173 0.115948 -0.064280
vn 0.859936 0.505578 -0.070004
vn 0.666428 0.404013 0.626615
vn 0.991173 0.115948 -0.064280
vn 0.683099 0.069697 -0.726992
vn 0.592557 0.338824 -0.730804
vn 0.859936 0.505578 -0.070004
vn 0.683099 0.069697 -0.726992
vn -0.012843 -0.015393 -0.999799
vn -0.011419 -0.021608 -0.999701
vn 0.592557 0.338824 -0.730804
vn -0.012843 -0.015393 -0.999799
vn -0.723504 -0.090519 -0.684359
vn -0.625754 -0.383145 -0.679434
vn -0.011419 -0.021608 -0.999701
vn -0.723504 -0.090519 -0.684359
vn -0.991402 -0.109299 0.071938
vn -0.856785 -0.509777 0.077763
vn -0.625754 -0.383145 -0.679434
vn -0.991402 -0.109299 0.071938
vn -0.622650 -0.059584 0.780229
vn -0.539942 -0.307868 0.783377
vn -0.856785 -0.509777 0.077763
vn -0.622650 -0.059584 0.780229
vn 0.118555 0.026793 0.992586
vn 0.101034 0.077365 0.991870
vn -0.539942 -0.307868 0.783377
vn 0.101034 0.077365 0.991870
vn 0.666428 0.404013 0.626615
vn 0.507942 0.589491 0.628089
vn 0.064368 0.091746 0.993700
vn 0.666428 0.404013 0.626615
vn 0.859936 0.505578 -0.070004
vn 0.659091 0.748344 -0.074707
vn 0.507942 0.589491 0.628089
vn 0.859936 0.505578 -0.070004
vn 0.592557 0.338824 -0.730804
vn 0.451936 0.499360 -0.739184
vn 0.659091 0.748344 -0.074707
vn 0.592557 0.338824 -0.730804
vn -0.011419 -0.021608 -0.999701
vn -0.021065 -0.043602 -0.998827
vn 0.451936 0.499360 -0.739184
vn -0.011419 -0.021608 -0.999701
vn -0.625754 -0.383145 -0.679434
vn -0.490323 -0.569210 -0.659987
vn -0.021065 -0.043602 -0.998827
vn -0.625754 -0.383145 -0.679434
vn -0.856785 -0.509777 0.077763
vn -0.660004 -0.747077 0.079183
vn -0.490323 -0.569210 -0.659987
vn -0.856785 -0.509777 0.077763
vn -0.539942 -0.307868 0.783377
vn -0.428268 -0.471442 0.770927
vn -0.660004 -0.747077 0.079183
vn -0.539942 -0.307868 0.783377
vn 0.101034 0.077365 0.991870
vn 0.064368 0.091746 0.993700
vn -0.428268 -0.471442 0.770927
vn 0.064368 0.091746 0.993700
vn 0.507942 0.589491 0.628089
vn 0.338259 0.707005 0.621067
vn 0.053002 0.123540 0.990923
vn 0.507942 0.589491 0.628089
vn 0.659091 0.748344 -0.074707
vn 0.435647 0.896778 -0.077472
vn 0.338259 0.707005 0.621067
vn 0.659091 0.748344 -0.074707
vn 0.451936 0.499360 -0.739184
vn 0.305340 0.604293 -0.735933
vn 0.435647 0.896778 -0.077472
vn 0.451936 0.499360 -0.739184
vn -0.021065 -0.043602 -0.998827
vn 0.000835 -0.030913 -0.999522
vn 0.305340 0.604293 -0.735933
vn -0.021065 -0.043602 -0.998827
vn -0.490323 -0.569210 -0.659987
vn -0.319648 -0.665177 -0.674807
vn 0.000835 -0.030913 -0.999522
vn -0.490323 -0.569210 -0.659987
vn -0.660004 -0.747077 0.079183
vn -0.443910 -0.892020 0.085118
vn -0.319648 -0.665177 -0.674807
vn -0.660004 -0.747077 0.079183
vn -0.428268 -0.471442 0.770927
vn -0.278326 -0.548316 0.788596
vn -0.443910 -0.892020 0.085118
vn -0.428268 -0.471442 0.770927
vn 0.064368 0.091746 0.993700
vn 0.053002 0.123540 0.990923
vn -0.278326 -0.548316 0.788596
vn 0.053002 0.123540 0.990923
vn 0.338259 0.707005 0.621067
vn 0.084808 0.777212 0.623498
vn 0.006163 0.125880 0.992026
vn 0.338259 0.707005 0.621067
vn 0.435647 0.896778 -0.077472
vn 0.114880 0.990067 -0.081059
vn 0.084808 0.777212 0.623498
vn 0.435647 0.896778 -0.077472
vn 0.305340 0.604293 -0.735933
vn 0.081166 0.664433 -0.742927
vn 0.114880 0.990067 -0.081059
vn 0.305340 0.604293 -0.735933
vn 0.000835 -0.030913 -0.999522
vn 0.000549 -0.042859 -0.999081
vn 0.081166 0.664433 -0.742927
vn 0.000835 -0.030913 -0.999522
vn -0.319648 -0.665177 -0.674807
vn -0.082668 -0.741838 -0.665464
vn 0.000549 -0.042859 -0.999081
vn -0.319648 -0.665177 -0.674807
vn -0.443910 -0.892020 0.085118
vn -0.116596 -0.989356 0.087064
vn -0.082668 -0.741838 -0.665464
vn -0.443910 -0.892020 0.085118
vn -0.278326 -0.548316 0.788596
vn -0.078272 -0.616027 0.783827
vn -0.116596 -0.989356 0.087064
vn -0.278326 -0.548316 0.788596
vn 0.053002 0.123540 0.990923
vn 0.006163 0.125880 0.992026
vn -0.078272 -0.616027 0.783827
vn 0.006163 0.125880 0.992026
vn 0.084808 0.777212 0.623498
vn -0.144539 0.768629 0.623152
vn -0.023888 0.121939 0.992250
vn 0.084808 0.777212 0.623498
vn 0.114880 0.990067 -0.081059
vn -0.182758 0.979678 -0.082644
vn -0.144539 0.768629 0.623152
vn 0.114880 0.990067 -0.081059
vn 0.081166 0.664433 -0.742927
vn -0.119071 0.656532 -0.744841
vn -0.182758 0.979678 -0.082644
vn 0.081166 0.664433 -0.742927
vn 0.000549 -0.042859 -0.999081
vn 0.013464 -0.045686 -0.998865
vn -0.119071 0.656532 -0.744841
vn 0.000549 -0.042859 -0.999081
vn -0.082668 -0.741838 -0.665464
vn 0.139763 -0.736539 -0.661798
vn 0.013464 -0.045686 -0.998865
vn -0.082668 -0.741838 -0.665464
vn -0.116596 -0.989356 0.087064
vn 0.181802 -0.979376 0.088152
vn 0.139763 -0.736539 -0.661798
vn -0.116596 -0.989356 0.087064
vn -0.078272 -0.616027 0.783827
vn 0.112492 -0.612419 0.782489
vn 0.181802 -0.979376 0.088152
vn -0.078272 -0.616027 0.783827
vn 0.006163 0.125880 0.992026
vn -0.023888 0.121939 0.992250
vn 0.112492 -0.612419 0.782489
vn -0.023888 0.121939 0.992250
vn -0.144539 0.768629 0.623152
vn -0.414037 0.678369 0.606951
vn -0.080263 0.125476 0.988845
vn -0.144539 0.768629 0.623152
vn -0.182758 0.979678 -0.082644
vn -0.518188 0.851473 -0.080470
vn -0.414037 0.678369 0.606951
vn -0.182758 0.979678 -0.082644
vn -0.119071 0.656532 -0.744841
vn -0.359465 0.581935 -0.729477
vn -0.518188 0.851473 -0.080470
vn -0.119071 0.656532 -0.744841
vn 0.013464 -0.045686 -0.998865
vn 0.006306 -0.024761 -0.999674
vn -0.359465 0.581935 -0.729477
vn 0.013464 -0.045686 -0.998865
vn 0.139763 -0.736539 -0.661798
vn 0.381118 -0.638234 -0.668884
vn 0.006306 -0.024761 -0.999674
vn 0.139763 -0.736539 -0.661798
vn 0.181802 -0.979376 0.088152
vn 0.513858 -0.853228 0.089174
vn 0.381118 -0.638234 -0.668884
vn 0.181802 -0.979376 0.088152
vn 0.112492 -0.612419 0.782489
vn 0.315767 -0.525325 0.790143
vn 0.513858 -0.853228 0.089174
vn 0.112492 -0.612419 0.782489
vn -0.023888 0.121939 0.992250
vn -0.080263 0.125476 0.988845
vn 0.315767 -0.525325 0.790143
vn -0.080263 0.125476 0.988845
vn -0.414037 0.678369 0.606951
vn -0.688444 0.400680 0.604566
vn -0.139392 0.094054 0.985761
vn -0.414037 0.678369 0.606951
vn -0.518188 0.851473 -0.080470
vn -0.866369 0.493374 -0.077379
vn -0.688444 0.400680 0.604566
vn -0.518188 0.851473 -0.080470
vn -0.359465 0.581935 -0.729477
vn -0.602665 0.339399 -0.722221
vn -0.866369 0.493374 -0.077379
vn -0.359465 0.581935 -0.729477
vn 0.006306 -0.024761 -0.999674
vn -0.005015 -0.001919 -0.999986
vn -0.602665 0.339399 -0.722221
vn 0.006306 -0.024761 -0.999674
vn 0.381118 -0.638234 -0.668884
vn 0.626508 -0.358027 -0.692318
vn -0.005015 -0.001919 -0.999986
vn 0.381118 -0.638234 -0.668884
vn 0.513858 -0.853228 0.089174
vn 0.868623 -0.487197 0.090182
vn 0.626508 -0.358027 -0.692318
vn 0.513858 -0.853228 0.089174
vn 0.315767 -0.525325 0.790143
vn 0.518506 -0.282001 0.807234
vn 0.868623 -0.487197 0.090182
vn 0.315767 -0.525325 0.790143
vn -0.080263 0.125476 0.988845
vn -0.139392 0.094054 0.985761
vn 0.518506 -0.282001 0.807234
vn -0.139392 0.094054 0.985761
vn -0.688444 0.400680 0.604566
vn -0.759215 0.130840 0.637553
vn -0.090853 0.027369 0.995488
vn -0.688444 0.400680 0.604566
vn -0.866369 0.493374 -0.077379
vn -0.984267 0.158714 -0.077642
vn -0.759215 0.130840 0.637553
vn -0.866369 0.493374 -0.077379
vn -0.602665 0.339399 -0.722221
vn -0.653699 0.096991 -0.750513
vn -0.984267 0.158714 -0.077642
vn -0.602665 0.339399 -0.722221
vn -0.005015 -0.001919 -0.999986
vn 0.063769 -0.021504 -0.997733
vn -0.653699 0.096991 -0.750513
vn -0.005015 -0.001919 -0.999986
vn 0.626508 -0.358027 -0.692318
vn 0.748364 -0.126190 -0.651174
vn 0.063769 -0.021504 -0.997733
vn 0.626508 -0.358027 -0.692318
vn 0.868623 -0.487197 0.090182
vn 0.984777 -0.154573 0.079504
vn 0.748364 -0.126190 -0.651174
vn 0.868623 -0.487197 0.090182
vn 0.518506 -0.282001 0.807234
vn 0.638697 -0.091733 0.763971
vn 0.984777 -0.154573 0.079504
vn 0.518506 -0.282001 0.807234
vn -0.139392 0.094054 0.985761
vn -0.090853 0.027369 0.995488
vn 0.638697 -0.091733 0.763971
vn -0.090853 0.027369 0.995488
vn -0.759215 0.130840 0.637553
vn -0.766953 0.044085 0.640187
vn -0.096808 0.017392 0.995151
vn -0.759215 0.130840 0.637553
vn -0.984267 0.158714 -0.077642
vn -0.996020 0.045494 -0.076650
vn -0.766953 0.044085 0.640187
vn -0.984267 0.158714 -0.077642
vn -0.653699 0.096991 -0.750513
vn -0.660454 0.021485 -0.750559
vn -0.996020 0.045494 -0.076650
vn -0.653699 0.096991 -0.750513
vn 0.063769 -0.021504 -0.997733
vn 0.057716 -0.015223 -0.998217
vn -0.660454 0.021485 -0.750559
vn 0.063769 -0.021504 -0.997733
vn 0.748364 -0.126190 -0.651174
vn 0.750166 -0.043923 -0.659789
vn 0.057716 -0.015223 -0.998217
vn 0.748364 -0.126190 -0.651174
vn 0.984777 -0.154573 0.079504
vn 0.995756 -0.046382 0.079493
vn 0.750166 -0.043923 -0.659789
vn 0.984777 -0.154573 0.079504
vn 0.638697 -0.091733 0.763971
vn 0.637819 -0.020363 0.769917
vn 0.995756 -0.046382 0.079493
vn 0.638697 -0.091733 0.763971
vn -0.090853 0.027369 0.995488
vn -0.096808 0.017392 0.995151
vn 0.637819 -0.020363 0.769917
vn -0.096808 0.017392 0.995151
vn -0.766953 0.044085 0.640187
vn -0.762352 -0.034645 0.646235
vn -0.086084 0.008477 0.996252
vn -0.766953 0.044085 0.640187
vn -0.996020 0.045494 -0.076650
vn -0.995447 -0.057509 -0.076012
vn -0.762352 -0.034645 0.646235
vn -0.996020 0.045494 -0.076650
vn -0.660454 0.021485 -0.750559
vn -0.654362 -0.047106 -0.754713
vn -0.995447 -0.057509 -0.076012
vn -0.660454 0.021485 -0.750559
vn 0.057716 -0.015223 -0.998217
vn 0.068557 -0.009213 -0.997605
vn -0.654362 -0.047106 -0.754713
vn 0.057716 -0.015223 -0.998217
vn 0.750166 -0.043923 -0.659789
vn 0.754850 0.034342 -0.654998
vn 0.068557 -0.009213 -0.997605
vn 0.750166 -0.043923 -0.659789
vn 0.995756 -0.046382 0.079493
vn 0.995337 0.057732 0.077273
vn 0.754850 0.034342 -0.654998
vn 0.995756 -0.046382 0.079493
vn 0.637819 -0.020363 0.769917
vn 0.644236 0.046896 0.763388
vn 0.995337 0.057732 0.077273
vn 0.637819 -0.020363 0.769917
vn -0.096808 0.017392 0.995151
vn -0.086084 0.008477 0.996252
vn 0.644236 0.046896 0.763388
vn -0.086084 0.008477 0.996252
vn -0.762352 -0.034645 0.646235
vn -0.756850 -0.056839 0.651112
vn -0.076990 0.006732 0.997009
vn -0.762352 -0.034645 0.646235
vn -0.995447 -0.057509 -0.076012
vn -0.993274 -0.087107 -0.076281
vn -0.756850 -0.056839 0.651112
vn -0.995447 -0.057509 -0.076012
vn -0.654362 -0.047106 -0.754713
vn -0.647727 -0.066342 -0.758978
vn -0.993274 -0.087107 -0.076281
vn -0.654362 -0.047106 -0.754713
vn 0.068557 -0.009213 -0.997605
vn 0.077311 -0.006705 -0.996984
vn -0.647727 -0.066342 -0.758978
vn 0.068557 -0.009213 -0.997605
vn 0.754850 0.034342 -0.654998
vn 0.756987 0.056862 -0.650951
vn 0.077311 -0.006705 -0.996984
vn 0.754850 0.034342 -0.654998
vn 0.995337 0.057732 0.077273
vn 0.993275 0.087124 0.076257
vn 0.756987 0.056862 -0.650951
vn 0.995337 0.057732 0.077273
vn 0.644236 0.046896 0.763388
vn 0.647912 0.066363 0.758819
vn 0.993275 0.087124 0.076257
vn 0.644236 0.046896 0.763388
vn -0.086084 0.008477 0.996252
vn -0.076990 0.006732 0.997009
vn 0.647912 0.066363 0.758819
vn -0.076990 0.006732 0.997009
vn -0.756850 -0.056839 0.651112
vn -0.756861 -0.053971 0.651344
vn -0.076506 0.007047 0.997044
vn -0.756850 -0.056839 0.651112
vn -0.993274 -0.087107 -0.076281
vn -0.993589 -0.083357 -0.076371
vn -0.756861 -0.053971 0.651344
vn -0.993274 -0.087107 -0.076281
vn -0.647727 -0.066342 -0.758978
vn -0.647627 -0.063857 -0.759277
vn -0.993589 -0.083357 -0.076371
vn -0.647727 -0.066342 -0.758978
vn 0.077311 -0.006705 -0.996984
vn 0.077835 -0.006933 -0.996942
vn -0.647627 -0.063857 -0.759277
vn 0.077311 -0.006705 -0.996984
vn 0.756987 0.056862 -0.650951
vn 0.757430 0.054030 -0.650677
vn 0.077835 -0.006933 -0.996942
vn 0.756987 0.056862 -0.650951
vn 0.993275 0.087124 0.076257
vn 0.993596 0.083359 0.076274
vn 0.757430 0.054030 -0.650677
vn 0.993275 0.087124 0.076257
vn 0.647912 0.066363 0.758819
vn 0.648395 0.063914 0.758616
vn 0.993596 0.083359 0.076274
vn 0.647912 0.066363 0.758819
vn -0.076990 0.006732 0.997009
vn -0.076506 0.007047 0.997044
vn 0.648395 0.063914 0.758616
vn -0.076506 0.007047 0.997044
vn -0.756861 -0.053971 0.651344
vn -0.757412 -0.054239 0.650681
vn -0.077837 0.006913 0.996942
vn -0.756861 -0.053971 0.651344
vn -0.993589 -0.083357 -0.076371
vn -0.993573 -0.083635 -0.076271
vn -0.757412 -0.054239 0.650681
vn -0.993589 -0.083357 -0.076371
vn -0.647627 -0.063857 -0.759277
vn -0.648380 -0.064096 -0.758614
vn -0.993573 -0.083635 -0.076271
vn -0.647627 -0.063857 -0.759277
vn 0.077835 -0.006933 -0.996942
vn 0.076499 -0.007027 -0.997045
vn -0.648380 -0.064096 -0.758614
vn 0.077835 -0.006933 -0.996942
vn 0.757430 0.054030 -0.650677
vn 0.756839 0.054183 -0.651351
vn 0.076499 -0.007027 -0.997045
vn 0.757430 0.054030 -0.650677
vn 0.993596 0.083359 0.076274
vn 0.993566 0.083637 0.076367
vn 0.756839 0.054183 -0.651351
vn 0.993596 0.083359 0.076274
vn 0.648395 0.063914 0.758616
vn 0.647607 0.064040 0.759279
vn 0.993566 0.083637 0.076367
vn 0.648395 0.063914 0.758616
vn -0.076506 0.007047 0.997044
vn -0.077837 0.006913 0.996942
vn 0.647607 0.064040 0.759279
vn -0.077837 0.006913 0.996942
vn -0.757412 -0.054239 0.650681
vn -0.756499 -0.050269 0.652060
vn -0.074969 0.007498 0.997158
vn -0.757412 -0.054239 0.650681
vn -0.993573 -0.083635 -0.076271
vn -0.993967 -0.078548 -0.076545
vn -0.756499 -0.050269 0.652060
vn -0.993573 -0.083635 -0.076271
vn -0.648380 -0.064096 -0.758614
vn -0.646993 -0.060651 -0.760080
vn -0.993967 -0.078548 -0.076545
vn -0.648380 -0.064096 -0.758614
vn 0.076499 -0.007027 -0.997045
vn 0.079434 -0.007178 -0.996814
vn -0.646993 -0.060651 -0.760080
vn 0.076499 -0.007027 -0.997045
vn 0.756839 0.054183 -0.651351
vn 0.758411 0.050419 -0.649824
vn 0.079434 -0.007178 -0.996814
vn 0.756839 0.054183 -0.651351
vn 0.993566 0.083637 0.076367
vn 0.993994 0.078519 0.076222
vn 0.758411 0.050419 -0.649824
vn 0.993566 0.083637 0.076367
vn 0.647607 0.064040 0.759279
vn 0.649574 0.060792 0.757865
vn 0.993994 0.078519 0.076222
vn 0.647607 0.064040 0.759279
vn -0.077837 0.006913 0.996942
vn -0.074969 0.007498 0.997158
vn 0.649574 0.060792 0.757865
vn -0.074969 0.007498 0.997158
vn -0.756499 -0.050269 0.652060
vn -0.755935 -0.025518 0.654149
vn -0.070318 0.009974 0.997475
vn -0.756499 -0.050269 0.652060
vn -0.993967 -0.078548 -0.076545
vn -0.995943 -0.046015 -0.077329
vn -0.755935 -0.025518 0.654149
vn -0.993967 -0.078548 -0.076545
vn -0.646993 -0.060651 -0.760080
vn -0.645503 -0.039262 -0.762748
vn -0.995943 -0.046015 -0.077329
vn -0.646993 -0.060651 -0.760080
vn 0.079434 -0.007178 -0.996814
vn 0.084359 -0.009392 -0.996391
vn -0.645503 -0.039262 -0.762748
vn 0.079434 -0.007178 -0.996814
vn 0.758411 0.050419 -0.649824
vn 0.761944 0.025854 -0.647127
vn 0.084359 -0.009392 -0.996391
vn 0.758411 0.050419 -0.649824
vn 0.993994 0.078519 0.076222
vn 0.996022 0.046005 0.076315
vn 0.761944 0.025854 -0.647127
vn 0.993994 0.078519 0.076222
vn 0.649574 0.060792 0.757865
vn 0.653614 0.039498 0.755797
vn 0.996022 0.046005 0.076315
vn 0.649574 0.060792 0.757865
vn -0.074969 0.007498 0.997158
vn -0.070318 0.009974 0.997475
vn 0.653614 0.039498 0.755797
vn -0.070318 0.009974 0.997475
vn -0.755935 -0.025518 0.654149
vn -0.760848 -0.012306 0.648813
vn -0.079858 0.010814 0.996748
vn -0.755935 -0.025518 0.654149
vn -0.995943 -0.046015 -0.077329
vn -0.996646 -0.028264 -0.076795
vn -0.760848 -0.012306 0.648813
vn -0.995943 -0.046015 -0.077329
vn -0.645503 -0.039262 -0.762748
vn -0.651827 -0.027785 -0.757858
vn -0.996646 -0.028264 -0.076795
vn -0.645503 -0.039262 -0.762748
vn 0.084359 -0.009392 -0.996391
vn 0.075093 -0.011130 -0.997114
vn -0.651827 -0.027785 -0.757858
vn 0.084359 -0.009392 -0.996391
vn 0.761944 0.025854 -0.647127
vn 0.758823 0.011950 -0.651188
vn 0.075093 -0.011130 -0.997114
vn 0.761944 0.025854 -0.647127
vn 0.996022 0.046005 0.076315
vn 0.996629 0.027934 0.077142
vn 0.758823 0.011950 -0.651188
vn 0.996022 0.046005 0.076315
vn 0.653614 0.039498 0.755797
vn 0.649086 0.027494 0.760218
vn 0.996629 0.027934 0.077142
vn 0.653614 0.039498 0.755797
vn -0.070318 0.009974 0.997475
vn -0.079858 0.010814 0.996748
vn 0.649086 0.027494 0.760218
vn -0.079858 0.010814 0.996748
vn -0.760848 -0.012306 0.648813
vn -0.766076 -0.115933 0.632208
vn -0.111999 -0.006225 0.993689
vn -0.760848 -0.012306 0.648813
vn -0.996646 -0.028264 -0.076795
vn -0.984396 -0.160380 -0.072408
vn -0.766076 -0.115933 0.632208
vn -0.996646 -0.028264 -0.076795
vn -0.651827 -0.027785 -0.757858
vn -0.663378 -0.118544 -0.738835
vn -0.984396 -0.160380 -0.072408
vn -0.651827 -0.027785 -0.757858
vn 0.075093 -0.011130 -0.997114
vn 0.041476 -0.009173 -0.999097
vn -0.663378 -0.118544 -0.738835
vn 0.075093 -0.011130 -0.997114
vn 0.758823 0.011950 -0.651188
vn 0.736405 0.107052 -0.668017
vn 0.041476 -0.009173 -0.999097
vn 0.758823 0.011950 -0.651188
vn 0.996629 0.027934 0.077142
vn 0.984528 0.157106 0.077611
vn 0.736405 0.107052 -0.668017
vn 0.996629 0.027934 0.077142
vn 0.649086 0.027494 0.760218
vn 0.623062 0.108853 0.774561
vn 0.984528 0.157106 0.077611
vn 0.649086 0.027494 0.760218
vn -0.079858 0.010814 0.996748
vn -0.111999 -0.006225 0.993689
vn 0.623062 0.108853 0.774561
vn -0.111999 -0.006225 0.993689
vn -0.766076 -0.115933 0.632208
vn -0.668788 -0.411424 0.619236
vn -0.125350 -0.065196 0.989968
vn -0.766076 -0.115933 0.632208
vn -0.984396 -0.160380 -0.072408
vn -0.844503 -0.531664 -0.064403
vn -0.668788 -0.411424 0.619236
vn -0.984396 -0.160380 -0.072408
vn -0.663378 -0.118544 -0.738835
vn -0.583760 -0.380394 -0.717304
vn -0.844503 -0.531664 -0.064403
vn -0.663378 -0.118544 -0.738835
vn 0.041476 -0.009173 -0.999097
vn 0.007219 -0.014426 -0.999870
vn -0.583760 -0.380394 -0.717304
vn 0.041476 -0.009173 -0.999097
vn 0.736405 0.107052 -0.668017
vn 0.617838 0.376560 -0.690274
vn 0.007219 -0.014426 -0.999870
vn 0.736405 0.107052 -0.668017
vn 0.984528 0.157106 0.077611
vn 0.843443 0.531993 0.074750
vn 0.617838 0.376560 -0.690274
vn 0.984528 0.157106 0.077611
vn 0.623062 0.108853 0.774561
vn 0.515037 0.335823 0.788644
vn 0.843443 0.531993 0.074750
vn 0.623062 0.108853 0.774561
vn -0.111999 -0.006225 0.993689
vn -0.125350 -0.065196 0.989968
vn 0.515037 0.335823 0.788644
vn -0.125350 -0.065196 0.989968
vn -0.668788 -0.411424 0.619236
vn -0.441641 -0.636391 0.632424
vn -0.078514 -0.086627 0.993142
vn -0.668788 -0.411424 0.619236
vn -0.844503 -0.531664 -0.064403
vn -0.558173 -0.827537 -0.060216
vn -0.441641 -0.636391 0.632424
vn -0.844503 -0.531664 -0.064403
vn -0.583760 -0.380394 -0.717304
vn -0.382098 -0.575575 -0.722990
vn -0.558173 -0.827537 -0.060216
vn -0.583760 -0.380394 -0.717304
vn 0.007219 -0.014426 -0.999870
vn 0.013435 0.007243 -0.999884
vn -0.382098 -0.575575 -0.722990
vn 0.007219 -0.014426 -0.999870
vn 0.617838 0.376560 -0.690274
vn 0.413817 0.602256 -0.682673
vn 0.013435 0.007243 -0.999884
vn 0.617838 0.376560 -0.690274
vn 0.843443 0.531993 0.074750
vn 0.557052 0.827733 0.067469
vn 0.413817 0.602256 -0.682673
vn 0.843443 0.531993 0.074750
vn 0.515037 0.335823 0.788644
vn 0.344433 0.531245 0.774044
vn 0.557052 0.827733 0.067469
vn 0.515037 0.335823 0.788644
vn -0.125350 -0.065196 0.989968
vn -0.078514 -0.086627 0.993142
vn 0.344433 0.531245 0.774044
vn -0.078514 -0.086627 0.993142
vn -0.441641 -0.636391 0.632424
vn -0.264444 -0.709013 0.653736
vn -0.035766 -0.070369 0.996880
vn -0.441641 -0.636391 0.632424
vn -0.558173 -0.827537 -0.060216
vn -0.340616 -0.938260 -0.060409
vn -0.264444 -0.709013 0.653736
vn -0.558173 -0.827537 -0.060216
vn -0.382098 -0.575575 -0.722990
vn -0.222804 -0.633781 -0.740729
vn -0.340616 -0.938260 -0.060409
vn -0.382098 -0.575575 -0.722990
vn 0.013435 0.007243 -0.999884
vn 0.024327 0.039004 -0.998943
vn -0.222804 -0.633781 -0.740729
vn 0.013435 0.007243 -0.999884
vn 0.413817 0.602256 -0.682673
vn 0.258956 0.695552 -0.670186
vn 0.024327 0.039004 -0.998943
vn 0.413817 0.602256 -0.682673
vn 0.557052 0.827733 0.067469
vn 0.339406 0.938541 0.062801
vn 0.258956 0.695552 -0.670186
vn 0.557052 0.827733 0.067469
vn 0.344433 0.531245 0.774044
vn 0.215648 0.616171 0.757515
vn 0.339406 0.938541 0.062801
vn 0.344433 0.531245 0.774044
vn -0.078514 -0.086627 0.993142
vn -0.035766 -0.070369 0.996880
vn 0.215648 0.616171 0.757515
vn -0.035766 -0.070369 0.996880
vn -0.264444 -0.709013 0.653736
vn -0.220195 -0.717444 0.660900
vn -0.026826 -0.058487 0.997928
vn -0.264444 -0.709013 0.653736
vn -0.340616 -0.938260 -0.060409
vn -0.284810 -0.956652 -0.060829
vn -0.220195 -0.717444 0.660900
vn -0.340616 -0.938260 -0.060409
vn -0.222804 -0.633781 -0.740729
vn -0.183478 -0.638636 -0.747315
vn -0.284810 -0.956652 -0.060829
vn -0.222804 -0.633781 -0.740729
vn 0.024327 0.039004 -0.998943
vn 0.025306 0.053640 -0.998240
vn -0.183478 -0.638636 -0.747315
vn 0.024327 0.039004 -0.998943
vn 0.258956 0.695552 -0.670186
vn 0.219324 0.715406 -0.663393
vn 0.025306 0.053640 -0.998240
vn 0.258956 0.695552 -0.670186
vn 0.339406 0.938541 0.062801
vn 0.284395 0.956752 0.061194
vn 0.219324 0.715406 -0.663393
vn 0.339406 0.938541 0.062801
vn 0.215648 0.616171 0.757515
vn 0.182419 0.635944 0.749866
vn 0.284395 0.956752 0.061194
vn 0.215648 0.616171 0.757515
vn -0.035766 -0.070369 0.996880
vn -0.026826 -0.058487 0.997928
vn 0.182419 0.635944 0.749866
s off
g group2 Pizarron_herramientas Accesorios:sweep1
usemtl Accesorios:initialShadingGroup
f 1981/2981/5178 1982/2982/5179 1990/2983/5180 1989/2984/5181
f 1982/2982/5182 1983/2985/5183 1991/2986/5184 1990/2983/5185
f 1983/2985/5186 1984/2987/5187 1992/2988/5188 1991/2986/5189
f 1984/2987/5190 1985/2989/5191 1993/2990/5192 1992/2988/5193
f 1985/2989/5194 1986/2991/5195 1994/2992/5196 1993/2990/5197
f 1986/2991/5198 1987/2993/5199 1995/2994/5200 1994/2992/5201
f 1987/2993/5202 1988/2995/5203 1996/2996/5204 1995/2994/5205
f 1988/2995/5206 1981/2997/5207 1989/2998/5208 1996/2996/5209
f 1989/2984/5210 1990/2983/5211 1998/2999/5212 1997/3000/5213
f 1990/2983/5214 1991/2986/5215 1999/3001/5216 1998/2999/5217
f 1991/2986/5218 1992/2988/5219 2000/3002/5220 1999/3001/5221
f 1992/2988/5222 1993/2990/5223 2001/3003/5224 2000/3002/5225
f 1993/2990/5226 1994/2992/5227 2002/3004/5228 2001/3003/5229
f 1994/2992/5230 1995/2994/5231 2003/3005/5232 2002/3004/5233
f 1995/2994/5234 1996/2996/5235 2004/3006/5236 2003/3005/5237
f 1996/2996/5238 1989/2998/5239 1997/3007/5240 2004/3006/5241
f 1997/3000/5242 1998/2999/5243 2006/3008/5244 2005/3009/5245
f 1998/2999/5246 1999/3001/5247 2007/3010/5248 2006/3008/5249
f 1999/3001/5250 2000/3002/5251 2008/3011/5252 2007/3010/5253
f 2000/3002/5254 2001/3003/5255 2009/3012/5256 2008/3011/5257
f 2001/3003/5258 2002/3004/5259 2010/3013/5260 2009/3012/5261
f 2002/3004/5262 2003/3005/5263 2011/3014/5264 2010/3013/5265
f 2003/3005/5266 2004/3006/5267 2012/3015/5268 2011/3014/5269
f 2004/3006/5270 1997/3007/5271 2005/3016/5272 2012/3015/5273
f 2005/3009/5274 2006/3008/5275 2014/3017/5276 2013/3018/5277
f 2006/3008/5278 2007/3010/5279 2015/3019/5280 2014/3017/5281
f 2007/3010/5282 2008/3011/5283 2016/3020/5284 2015/3019/5285
f 2008/3011/5286 2009/3012/5287 2017/3021/5288 2016/3020/5289
f 2009/3012/5290 2010/3013/5291 2018/3022/5292 2017/3021/5293
f 2010/3013/5294 2011/3014/5295 2019/3023/5296 2018/3022/5297
f 2011/3014/5298 2012/3015/5299 2020/3024/5300 2019/3023/5301
f 2012/3015/5302 2005/3016/5303 2013/3025/5304 2020/3024/5305
f 2013/3018/5306 2014/3017/5307 2022/3026/5308 2021/3027/5309
f 2014/3017/5310 2015/3019/5311 2023/3028/5312 2022/3026/5313
f 2015/3019/5314 2016/3020/5315 2024/3029/5316 2023/3028/5317
f 2016/3020/5318 2017/3021/5319 2025/3030/5320 2024/3029/5321
f 2017/3021/5322 2018/3022/5323 2026/3031/5324 2025/3030/5325
f 2018/3022/5326 2019/3023/5327 2027/3032/5328 2026/3031/5329
f 2019/3023/5330 2020/3024/5331 2028/3033/5332 2027/3032/5333
f 2020/3024/5334 2013/3025/5335 2021/3034/5336 2028/3033/5337
f 2021/3027/5338 2022/3026/5339 2030/3035/5340 2029/3036/5341
f 2022/3026/5342 2023/3028/5343 2031/3037/5344 2030/3035/5345
f 2023/3028/5346 2024/3029/5347 2032/3038/5348 2031/3037/5349
f 2024/3029/5350 2025/3030/5351 2033/3039/5352 2032/3038/5353
f 2025/3030/5354 2026/3031/5355 2034/3040/5356 2033/3039/5357
f 2026/3031/5358 2027/3032/5359 2035/3041/5360 2034/3040/5361
f 2027/3032/5362 2028/3033/5363 2036/3042/5364 2035/3041/5365
f 2028/3033/5366 2021/3034/5367 2029/3043/5368 2036/3042/5369
f 2029/3036/5370 2030/3035/5371 2038/3044/5372 2037/3045/5373
f 2030/3035/5374 2031/3037/5375 2039/3046/5376 2038/3044/5377
f 2031/3037/5378 2032/3038/5379 2040/3047/5380 2039/3046/5381
f 2032/3038/5382 2033/3039/5383 2041/3048/5384 2040/3047/5385
f 2033/3039/5386 2034/3040/5387 2042/3049/5388 2041/3048/5389
f 2034/3040/5390 2035/3041/5391 2043/3050/5392 2042/3049/5393
f 2035/3041/5394 2036/3042/5395 2044/3051/5396 2043/3050/5397
f 2036/3042/5398 2029/3043/5399 2037/3052/5400 2044/3051/5401
f 2037/3045/5402 2038/3044/5403 2046/3053/5404 2045/3054/5405
f 2038/3044/5406 2039/3046/5407 2047/3055/5408 2046/3053/5409
f 2039/3046/5410 2040/3047/5411 2048/3056/5412 2047/3055/5413
f 2040/3047/5414 2041/3048/5415 2049/3057/5416 2048/3056/5417
f 2041/3048/5418 2042/3049/5419 2050/3058/5420 2049/3057/5421
f 2042/3049/5422 2043/3050/5423 2051/3059/5424 2050/3058/5425
f 2043/3050/5426 2044/3051/5427 2052/3060/5428 2051/3059/5429
f 2044/3051/5430 2037/3052/5431 2045/3061/5432 2052/3060/5433
f 2045/3054/5434 2046/3053/5435 2054/3062/5436 2053/3063/5437
f 2046/3053/5438 2047/3055/5439 2055/3064/5440 2054/3062/5441
f 2047/3055/5442 2048/3056/5443 2056/3065/5444 2055/3064/5445
f 2048/3056/5446 2049/3057/5447 2057/3066/5448 2056/3065/5449
f 2049/3057/5450 2050/3058/5451 2058/3067/5452 2057/3066/5453
f 2050/3058/5454 2051/3059/5455 2059/3068/5456 2058/3067/5457
f 2051/3059/5458 2052/3060/5459 2060/3069/5460 2059/3068/5461
f 2052/3060/5462 2045/3061/5463 2053/3070/5464 2060/3069/5465
f 2053/3063/5466 2054/3062/5467 2062/3071/5468 2061/3072/5469
f 2054/3062/5470 2055/3064/5471 2063/3073/5472 2062/3071/5473
f 2055/3064/5474 2056/3065/5475 2064/3074/5476 2063/3073/5477
f 2056/3065/5478 2057/3066/5479 2065/3075/5480 2064/3074/5481
f 2057/3066/5482 2058/3067/5483 2066/3076/5484 2065/3075/5485
f 2058/3067/5486 2059/3068/5487 2067/3077/5488 2066/3076/5489
f 2059/3068/5490 2060/3069/5491 2068/3078/5492 2067/3077/5493
f 2060/3069/5494 2053/3070/5495 2061/3079/5496 2068/3078/5497
f 2061/3072/5498 2062/3071/5499 2070/3080/5500 2069/3081/5501
f 2062/3071/5502 2063/3073/5503 2071/3082/5504 2070/3080/5505
f 2063/3073/5506 2064/3074/5507 2072/3083/5508 2071/3082/5509
f 2064/3074/5510 2065/3075/5511 2073/3084/5512 2072/3083/5513
f 2065/3075/5514 2066/3076/5515 2074/3085/5516 2073/3084/5517
f 2066/3076/5518 2067/3077/5519 2075/3086/5520 2074/3085/5521
f 2067/3077/5522 2068/3078/5523 2076/3087/5524 2075/3086/5525
f 2068/3078/5526 2061/3079/5527 2069/3088/5528 2076/3087/5529
f 2069/3081/5530 2070/3080/5531 2078/3089/5532 2077/3090/5533
f 2070/3080/5534 2071/3082/5535 2079/3091/5536 2078/3089/5537
f 2071/3082/5538 2072/3083/5539 2080/3092/5540 2079/3091/5541
f 2072/3083/5542 2073/3084/5543 2081/3093/5544 2080/3092/5545
f 2073/3084/5546 2074/3085/5547 2082/3094/5548 2081/3093/5549
f 2074/3085/5550 2075/3086/5551 2083/3095/5552 2082/3094/5553
f 2075/3086/5554 2076/3087/5555 2084/3096/5556 2083/3095/5557
f 2076/3087/5558 2069/3088/5559 2077/3097/5560 2084/3096/5561
f 2077/3090/5562 2078/3089/5563 2086/3098/5564 2085/3099/5565
f 2078/3089/5566 2079/3091/5567 2087/3100/5568 2086/3098/5569
f 2079/3091/5570 2080/3092/5571 2088/3101/5572 2087/3100/5573
f 2080/3092/5574 2081/3093/5575 2089/3102/5576 2088/3101/5577
f 2081/3093/5578 2082/3094/5579 2090/3103/5580 2089/3102/5581
f 2082/3094/5582 2083/3095/5583 2091/3104/5584 2090/3103/5585
f 2083/3095/5586 2084/3096/5587 2092/3105/5588 2091/3104/5589
f 2084/3096/5590 2077/3097/5591 2085/3106/5592 2092/3105/5593
f 2085/3099/5594 2086/3098/5595 2094/3107/5596 2093/3108/5597
f 2086/3098/5598 2087/3100/5599 2095/3109/5600 2094/3107/5601
f 2087/3100/5602 2088/3101/5603 2096/3110/5604 2095/3109/5605
f 2088/3101/5606 2089/3102/5607 2097/3111/5608 2096/3110/5609
f 2089/3102/5610 2090/3103/5611 2098/3112/5612 2097/3111/5613
f 2090/3103/5614 2091/3104/5615 2099/3113/5616 2098/3112/5617
f 2091/3104/5618 2092/3105/5619 2100/3114/5620 2099/3113/5621
f 2092/3105/5622 2085/3106/5623 2093/3115/5624 2100/3114/5625
f 2093/3108/5626 2094/3107/5627 2102/3116/5628 2101/3117/5629
f 2094/3107/5630 2095/3109/5631 2103/3118/5632 2102/3116/5633
f 2095/3109/5634 2096/3110/5635 2104/3119/5636 2103/3118/5637
f 2096/3110/5638 2097/3111/5639 2105/3120/5640 2104/3119/5641
f 2097/3111/5642 2098/3112/5643 2106/3121/5644 2105/3120/5645
f 2098/3112/5646 2099/3113/5647 2107/3122/5648 2106/3121/5649
f 2099/3113/5650 2100/3114/5651 2108/3123/5652 2107/3122/5653
f 2100/3114/5654 2093/3115/5655 2101/3124/5656 2108/3123/5657
f 2101/3117/5658 2102/3116/5659 2110/3125/5660 2109/3126/5661
f 2102/3116/5662 2103/3118/5663 2111/3127/5664 2110/3125/5665
f 2103/3118/5666 2104/3119/5667 2112/3128/5668 2111/3127/5669
f 2104/3119/5670 2105/3120/5671 2113/3129/5672 2112/3128/5673
f 2105/3120/5674 2106/3121/5675 2114/3130/5676 2113/3129/5677
f 2106/3121/5678 2107/3122/5679 2115/3131/5680 2114/3130/5681
f 2107/3122/5682 2108/3123/5683 2116/3132/5684 2115/3131/5685
f 2108/3123/5686 2101/3124/5687 2109/3133/5688 2116/3132/5689
f 2109/3126/5690 2110/3125/5691 2118/3134/5692 2117/3135/5693
f 2110/3125/5694 2111/3127/5695 2119/3136/5696 2118/3134/5697
f 2111/3127/5698 2112/3128/5699 2120/3137/5700 2119/3136/5701
f 2112/3128/5702 2113/3129/5703 2121/3138/5704 2120/3137/5705
f 2113/3129/5706 2114/3130/5707 2122/3139/5708 2121/3138/5709
f 2114/3130/5710 2115/3131/5711 2123/3140/5712 2122/3139/5713
f 2115/3131/5714 2116/3132/5715 2124/3141/5716 2123/3140/5717
f 2116/3132/5718 2109/3133/5719 2117/3142/5720 2124/3141/5721
f 2117/3135/5722 2118/3134/5723 2126/3143/5724 2125/3144/5725
f 2118/3134/5726 2119/3136/5727 2127/3145/5728 2126/3143/5729
f 2119/3136/5730 2120/3137/5731 2128/3146/5732 2127/3145/5733
f 2120/3137/5734 2121/3138/5735 2129/3147/5736 2128/3146/5737
f 2121/3138/5738 2122/3139/5739 2130/3148/5740 2129/3147/5741
f 2122/3139/5742 2123/3140/5743 2131/3149/5744 2130/3148/5745
f 2123/3140/5746 2124/3141/5747 2132/3150/5748 2131/3149/5749
f 2124/3141/5750 2117/3142/5751 2125/3151/5752 2132/3150/5753
f 2125/3144/5754 2126/3143/5755 2134/3152/5756 2133/3153/5757
f 2126/3143/5758 2127/3145/5759 2135/3154/5760 2134/3152/5761
f 2127/3145/5762 2128/3146/5763 2136/3155/5764 2135/3154/5765
f 2128/3146/5766 2129/3147/5767 2137/3156/5768 2136/3155/5769
f 2129/3147/5770 2130/3148/5771 2138/3157/5772 2137/3156/5773
f 2130/3148/5774 2131/3149/5775 2139/3158/5776 2138/3157/5777
f 2131/3149/5778 2132/3150/5779 2140/3159/5780 2139/3158/5781
f 2132/3150/5782 2125/3151/5783 2133/3160/5784 2140/3159/5785
f 2133/3153/5786 2134/3152/5787 2142/3161/5788 2141/3162/5789
f 2134/3152/5790 2135/3154/5791 2143/3163/5792 2142/3161/5793
f 2135/3154/5794 2136/3155/5795 2144/3164/5796 2143/3163/5797
f 2136/3155/5798 2137/3156/5799 2145/3165/5800 2144/3164/5801
f 2137/3156/5802 2138/3157/5803 2146/3166/5804 2145/3165/5805
f 2138/3157/5806 2139/3158/5807 2147/3167/5808 2146/3166/5809
f 2139/3158/5810 2140/3159/5811 2148/3168/5812 2147/3167/5813
f 2140/3159/5814 2133/3160/5815 2141/3169/5816 2148/3168/5817
f 2141/3162/5818 2142/3161/5819 2150/3170/5820 2149/3171/5821
f 2142/3161/5822 2143/3163/5823 2151/3172/5824 2150/3170/5825
f 2143/3163/5826 2144/3164/5827 2152/3173/5828 2151/3172/5829
f 2144/3164/5830 2145/3165/5831 2153/3174/5832 2152/3173/5833
f 2145/3165/5834 2146/3166/5835 2154/3175/5836 2153/3174/5837
f 2146/3166/5838 2147/3167/5839 2155/3176/5840 2154/3175/5841
f 2147/3167/5842 2148/3168/5843 2156/3177/5844 2155/3176/5845
f 2148/3168/5846 2141/3169/5847 2149/3178/5848 2156/3177/5849
f 2149/3171/5850 2150/3170/5851 2158/3179/5852 2157/3180/5853
f 2150/3170/5854 2151/3172/5855 2159/3181/5856 2158/3179/5857
f 2151/3172/5858 2152/3173/5859 2160/3182/5860 2159/3181/5861
f 2152/3173/5862 2153/3174/5863 2161/3183/5864 2160/3182/5865
f 2153/3174/5866 2154/3175/5867 2162/3184/5868 2161/3183/5869
f 2154/3175/5870 2155/3176/5871 2163/3185/5872 2162/3184/5873
f 2155/3176/5874 2156/3177/5875 2164/3186/5876 2163/3185/5877
f 2156/3177/5878 2149/3178/5879 2157/3187/5880 2164/3186/5881
f 2157/3180/5882 2158/3179/5883 2166/3188/5884 2165/3189/5885
f 2158/3179/5886 2159/3181/5887 2167/3190/5888 2166/3188/5889
f 2159/3181/5890 2160/3182/5891 2168/3191/5892 2167/3190/5893
f 2160/3182/5894 2161/3183/5895 2169/3192/5896 2168/3191/5897
f 2161/3183/5898 2162/3184/5899 2170/3193/5900 2169/3192/5901
f 2162/3184/5902 2163/3185/5903 2171/3194/5904 2170/3193/5905
f 2163/3185/5906 2164/3186/5907 2172/3195/5908 2171/3194/5909
f 2164/3186/5910 2157/3187/5911 2165/3196/5912 2172/3195/5913
f 2165/3189/5914 2166/3188/5915 2174/3197/5916 2173/3198/5917
f 2166/3188/5918 2167/3190/5919 2175/3199/5920 2174/3197/5921
f 2167/3190/5922 2168/3191/5923 2176/3200/5924 2175/3199/5925
f 2168/3191/5926 2169/3192/5927 2177/3201/5928 2176/3200/5929
f 2169/3192/5930 2170/3193/5931 2178/3202/5932 2177/3201/5933
f 2170/3193/5934 2171/3194/5935 2179/3203/5936 2178/3202/5937
f 2171/3194/5938 2172/3195/5939 2180/3204/5940 2179/3203/5941
f 2172/3195/5942 2165/3196/5943 2173/3205/5944 2180/3204/5945
f 2173/3198/5946 2174/3197/5947 2182/3206/5948 2181/3207/5949
f 2174/3197/5950 2175/3199/5951 2183/3208/5952 2182/3206/5953
f 2175/3199/5954 2176/3200/5955 2184/3209/5956 2183/3208/5957
f 2176/3200/5958 2177/3201/5959 2185/3210/5960 2184/3209/5961
f 2177/3201/5962 2178/3202/5963 2186/3211/5964 2185/3210/5965
f 2178/3202/5966 2179/3203/5967 2187/3212/5968 2186/3211/5969
f 2179/3203/5970 2180/3204/5971 2188/3213/5972 2187/3212/5973
f 2180/3204/5974 2173/3205/5975 2181/3214/5976 2188/3213/5977
f 2181/3207/5978 2182/3206/5979 2190/3215/5980 2189/3216/5981
f 2182/3206/5982 2183/3208/5983 2191/3217/5984 2190/3215/5985
f 2183/3208/5986 2184/3209/5987 2192/3218/5988 2191/3217/5989
f 2184/3209/5990 2185/3210/5991 2193/3219/5992 2192/3218/5993
f 2185/3210/5994 2186/3211/5995 2194/3220/5996 2193/3219/5997
f 2186/3211/5998 2187/3212/5999 2195/3221/6000 2194/3220/6001
f 2187/3212/6002 2188/3213/6003 2196/3222/6004 2195/3221/6005
f 2188/3213/6006 2181/3214/6007 2189/3223/6008 2196/3222/6009
f 2189/3216/6010 2190/3215/6011 2198/3224/6012 2197/3225/6013
f 2190/3215/6014 2191/3217/6015 2199/3226/6016 2198/3224/6017
f 2191/3217/6018 2192/3218/6019 2200/3227/6020 2199/3226/6021
f 2192/3218/6022 2193/3219/6023 2201/3228/6024 2200/3227/6025
f 2193/3219/6026 2194/3220/6027 2202/3229/6028 2201/3228/6029
f 2194/3220/6030 2195/3221/6031 2203/3230/6032 2202/3229/6033
f 2195/3221/6034 2196/3222/6035 2204/3231/6036 2203/3230/6037
f 2196/3222/6038 2189/3223/6039 2197/3232/6040 2204/3231/6041
f 2197/3225/6042 2198/3224/6043 2206/3233/6044 2205/3234/6045
f 2198/3224/6046 2199/3226/6047 2207/3235/6048 2206/3233/6049
f 2199/3226/6050 2200/3227/6051 2208/3236/6052 2207/3235/6053
f 2200/3227/6054 2201/3228/6055 2209/3237/6056 2208/3236/6057
f 2201/3228/6058 2202/3229/6059 2210/3238/6060 2209/3237/6061
f 2202/3229/6062 2203/3230/6063 2211/3239/6064 2210/3238/6065
f 2203/3230/6066 2204/3231/6067 2212/3240/6068 2211/3239/6069
f 2204/3231/6070 2197/3232/6071 2205/3241/6072 2212/3240/6073
f 2205/3234/6074 2206/3233/6075 2214/3242/6076 2213/3243/6077
f 2206/3233/6078 2207/3235/6079 2215/3244/6080 2214/3242/6081
f 2207/3235/6082 2208/3236/6083 2216/3245/6084 2215/3244/6085
f 2208/3236/6086 2209/3237/6087 2217/3246/6088 2216/3245/6089
f 2209/3237/6090 2210/3238/6091 2218/3247/6092 2217/3246/6093
f 2210/3238/6094 2211/3239/6095 2219/3248/6096 2218/3247/6097
f 2211/3239/6098 2212/3240/6099 2220/3249/6100 2219/3248/6101
f 2212/3240/6102 2205/3241/6103 2213/3250/6104 2220/3249/6105
f 2213/3243/6106 2214/3242/6107 2222/3251/6108 2221/3252/6109
f 2214/3242/6110 2215/3244/6111 2223/3253/6112 2222/3251/6113
f 2215/3244/6114 2216/3245/6115 2224/3254/6116 2223/3253/6117
f 2216/3245/6118 2217/3246/6119 2225/3255/6120 2224/3254/6121
f 2217/3246/6122 2218/3247/6123 2226/3256/6124 2225/3255/6125
f 2218/3247/6126 2219/3248/6127 2227/3257/6128 2226/3256/6129
f 2219/3248/6130 2220/3249/6131 2228/3258/6132 2227/3257/6133
f 2220/3249/6134 2213/3250/6135 2221/3259/6136 2228/3258/6137
f 2221/3252/6138 2222/3251/6139 2230/3260/6140 2229/3261/6141
f 2222/3251/6142 2223/3253/6143 2231/3262/6144 2230/3260/6145
f 2223/3253/6146 2224/3254/6147 2232/3263/6148 2231/3262/6149
f 2224/3254/6150 2225/3255/6151 2233/3264/6152 2232/3263/6153
f 2225/3255/6154 2226/3256/6155 2234/3265/6156 2233/3264/6157
f 2226/3256/6158 2227/3257/6159 2235/3266/6160 2234/3265/6161
f 2227/3257/6162 2228/3258/6163 2236/3267/6164 2235/3266/6165
f 2228/3258/6166 2221/3259/6167 2229/3268/6168 2236/3267/6169
f 2229/3261/6170 2230/3260/6171 2238/3269/6172 2237/3270/6173
f 2230/3260/6174 2231/3262/6175 2239/3271/6176 2238/3269/6177
f 2231/3262/6178 2232/3263/6179 2240/3272/6180 2239/3271/6181
f 2232/3263/6182 2233/3264/6183 2241/3273/6184 2240/3272/6185
f 2233/3264/6186 2234/3265/6187 2242/3274/6188 2241/3273/6189
f 2234/3265/6190 2235/3266/6191 2243/3275/6192 2242/3274/6193
f 2235/3266/6194 2236/3267/6195 2244/3276/6196 2243/3275/6197
f 2236/3267/6198 2229/3268/6199 2237/3277/6200 2244/3276/6201
f 2237/3270/6202 2238/3269/6203 2246/3278/6204 2245/3279/6205
f 2238/3269/6206 2239/3271/6207 2247/3280/6208 2246/3278/6209
f 2239/3271/6210 2240/3272/6211 2248/3281/6212 2247/3280/6213
f 2240/3272/6214 2241/3273/6215 2249/3282/6216 2248/3281/6217
f 2241/3273/6218 2242/3274/6219 2250/3283/6220 2249/3282/6221
f 2242/3274/6222 2243/3275/6223 2251/3284/6224 2250/3283/6225
f 2243/3275/6226 2244/3276/6227 2252/3285/6228 2251/3284/6229
f 2244/3276/6230 2237/3277/6231 2245/3286/6232 2252/3285/6233
f 2245/3279/6234 2246/3278/6235 2254/3287/6236 2253/3288/6237
f 2246/3278/6238 2247/3280/6239 2255/3289/6240 2254/3287/6241
f 2247/3280/6242 2248/3281/6243 2256/3290/6244 2255/3289/6245
f 2248/3281/6246 2249/3282/6247 2257/3291/6248 2256/3290/6249
f 2249/3282/6250 2250/3283/6251 2258/3292/6252 2257/3291/6253
f 2250/3283/6254 2251/3284/6255 2259/3293/6256 2258/3292/6257
f 2251/3284/6258 2252/3285/6259 2260/3294/6260 2259/3293/6261
f 2252/3285/6262 2245/3286/6263 2253/3295/6264 2260/3294/6265
f 2253/3288/6266 2254/3287/6267 2262/3296/6268 2261/3297/6269
f 2254/3287/6270 2255/3289/6271 2263/3298/6272 2262/3296/6273
f 2255/3289/6274 2256/3290/6275 2264/3299/6276 2263/3298/6277
f 2256/3290/6278 2257/3291/6279 2265/3300/6280 2264/3299/6281
f 2257/3291/6282 2258/3292/6283 2266/3301/6284 2265/3300/6285
f 2258/3292/6286 2259/3293/6287 2267/3302/6288 2266/3301/6289
f 2259/3293/6290 2260/3294/6291 2268/3303/6292 2267/3302/6293
f 2260/3294/6294 2253/3295/6295 2261/3304/6296 2268/3303/6297
f 2261/3297/6298 2262/3296/6299 2270/3305/6300 2269/3306/6301
f 2262/3296/6302 2263/3298/6303 2271/3307/6304 2270/3305/6305
f 2263/3298/6306 2264/3299/6307 2272/3308/6308 2271/3307/6309
f 2264/3299/6310 2265/3300/6311 2273/3309/6312 2272/3308/6313
f 2265/3300/6314 2266/3301/6315 2274/3310/6316 2273/3309/6317
f 2266/3301/6318 2267/3302/6319 2275/3311/6320 2274/3310/6321
f 2267/3302/6322 2268/3303/6323 2276/3312/6324 2275/3311/6325
f 2268/3303/6326 2261/3304/6327 2269/3313/6328 2276/3312/6329
f 2269/3306/6330 2270/3305/6331 2278/3314/6332 2277/3315/6333
f 2270/3305/6334 2271/3307/6335 2279/3316/6336 2278/3314/6337
f 2271/3307/6338 2272/3308/6339 2280/3317/6340 2279/3316/6341
f 2272/3308/6342 2273/3309/6343 2281/3318/6344 2280/3317/6345
f 2273/3309/6346 2274/3310/6347 2282/3319/6348 2281/3318/6349
f 2274/3310/6350 2275/3311/6351 2283/3320/6352 2282/3319/6353
f 2275/3311/6354 2276/3312/6355 2284/3321/6356 2283/3320/6357
f 2276/3312/6358 2269/3313/6359 2277/3322/6360 2284/3321/6361
f 2277/3315/6362 2278/3314/6363 2286/3323/6364 2285/3324/6365
f 2278/3314/6366 2279/3316/6367 2287/3325/6368 2286/3323/6369
f 2279/3316/6370 2280/3317/6371 2288/3326/6372 2287/3325/6373
f 2280/3317/6374 2281/3318/6375 2289/3327/6376 2288/3326/6377
f 2281/3318/6378 2282/3319/6379 2290/3328/6380 2289/3327/6381
f 2282/3319/6382 2283/3320/6383 2291/3329/6384 2290/3328/6385
f 2283/3320/6386 2284/3321/6387 2292/3330/6388 2291/3329/6389
f 2284/3321/6390 2277/3322/6391 2285/3331/6392 2292/3330/6393
f 2285/3324/6394 2286/3323/6395 2294/3332/6396 2293/3333/6397
f 2286/3323/6398 2287/3325/6399 2295/3334/6400 2294/3332/6401
f 2287/3325/6402 2288/3326/6403 2296/3335/6404 2295/3334/6405
f 2288/3326/6406 2289/3327/6407 2297/3336/6408 2296/3335/6409
f 2289/3327/6410 2290/3328/6411 2298/3337/6412 2297/3336/6413
f 2290/3328/6414 2291/3329/6415 2299/3338/6416 2298/3337/6417
f 2291/3329/6418 2292/3330/6419 2300/3339/6420 2299/3338/6421
f 2292/3330/6422 2285/3331/6423 2293/3340/6424 2300/3339/6425
f 2293/3333/6426 2294/3332/6427 2302/3341/6428 2301/3342/6429
f 2294/3332/6430 2295/3334/6431 2303/3343/6432 2302/3341/6433
f 2295/3334/6434 2296/3335/6435 2304/3344/6436 2303/3343/6437
f 2296/3335/6438 2297/3336/6439 2305/3345/6440 2304/3344/6441
f 2297/3336/6442 2298/3337/6443 2306/3346/6444 2305/3345/6445
f 2298/3337/6446 2299/3338/6447 2307/3347/6448 2306/3346/6449
f 2299/3338/6450 2300/3339/6451 2308/3348/6452 2307/3347/6453
f 2300/3339/6454 2293/3340/6455 2301/3349/6456 2308/3348/6457
f 2301/3342/6458 2302/3341/6459 2310/3350/6460 2309/3351/6461
f 2302/3341/6462 2303/3343/6463 2311/3352/6464 2310/3350/6465
f 2303/3343/6466 2304/3344/6467 2312/3353/6468 2311/3352/6469
f 2304/3344/6470 2305/3345/6471 2313/3354/6472 2312/3353/6473
f 2305/3345/6474 2306/3346/6475 2314/3355/6476 2313/3354/6477
f 2306/3346/6478 2307/3347/6479 2315/3356/6480 2314/3355/6481
f 2307/3347/6482 2308/3348/6483 2316/3357/6484 2315/3356/6485
f 2308/3348/6486 2301/3349/6487 2309/3358/6488 2316/3357/6489
f 2309/3351/6490 2310/3350/6491 2318/3359/6492 2317/3360/6493
f 2310/3350/6494 2311/3352/6495 2319/3361/6496 2318/3359/6497
f 2311/3352/6498 2312/3353/6499 2320/3362/6500 2319/3361/6501
f 2312/3353/6502 2313/3354/6503 2321/3363/6504 2320/3362/6505
f 2313/3354/6506 2314/3355/6507 2322/3364/6508 2321/3363/6509
f 2314/3355/6510 2315/3356/6511 2323/3365/6512 2322/3364/6513
f 2315/3356/6514 2316/3357/6515 2324/3366/6516 2323/3365/6517
f 2316/3357/6518 2309/3358/6519 2317/3367/6520 2324/3366/6521
f 2317/3360/6522 2318/3359/6523 2326/3368/6524 2325/3369/6525
f 2318/3359/6526 2319/3361/6527 2327/3370/6528 2326/3368/6529
f 2319/3361/6530 2320/3362/6531 2328/3371/6532 2327/3370/6533
f 2320/3362/6534 2321/3363/6535 2329/3372/6536 2328/3371/6537
f 2321/3363/6538 2322/3364/6539 2330/3373/6540 2329/3372/6541
f 2322/3364/6542 2323/3365/6543 2331/3374/6544 2330/3373/6545
f 2323/3365/6546 2324/3366/6547 2332/3375/6548 2331/3374/6549
f 2324/3366/6550 2317/3367/6551 2325/3376/6552 2332/3375/6553
f 2325/3369/6554 2326/3368/6555 2334/3377/6556 2333/3378/6557
f 2326/3368/6558 2327/3370/6559 2335/3379/6560 2334/3377/6561
f 2327/3370/6562 2328/3371/6563 2336/3380/6564 2335/3379/6565
f 2328/3371/6566 2329/3372/6567 2337/3381/6568 2336/3380/6569
f 2329/3372/6570 2330/3373/6571 2338/3382/6572 2337/3381/6573
f 2330/3373/6574 2331/3374/6575 2339/3383/6576 2338/3382/6577
f 2331/3374/6578 2332/3375/6579 2340/3384/6580 2339/3383/6581
f 2332/3375/6582 2325/3376/6583 2333/3385/6584 2340/3384/6585
g default
v 48.327732 28.176531 46.362171
v 48.326752 28.127005 46.351135
v 48.283726 28.176531 46.442390
v 48.281902 28.127005 46.434280
v 48.289116 28.127005 46.695137
v 48.290695 28.176531 46.694389
v 48.515400 28.176531 46.347412
v 48.515865 28.127005 46.336258
v 48.563648 28.176531 46.420380
v 48.565109 28.127005 46.411995
v 48.572327 28.127005 46.672867
v 48.570618 28.176531 46.672379
vt 0.465231 0.996082
vt 0.465231 0.996082
vt 0.597420 0.965911
vt 0.597420 0.965911
vt 0.465231 0.996082
vt 0.597420 0.965911
vt 0.465231 0.996082
vt 0.597420 0.965911
vt 0.597420 0.965911
vt 0.465231 0.996082
vt 0.597420 0.965911
vt 0.465231 0.996082
vn -0.076494 0.218338 -0.972871
vn -0.076494 0.218338 -0.972871
vn -0.076494 0.218338 -0.972871
vn -0.076494 0.218338 -0.972871
vn -0.872487 0.116460 -0.474556
vn -0.872487 0.116460 -0.474556
vn -0.872487 0.116460 -0.474556
vn -0.872487 0.116460 -0.474556
vn -0.999098 0.032244 0.027645
vn -0.999098 0.032244 0.027645
vn -0.999098 0.032244 0.027645
vn -0.999098 0.032244 0.027645
vn 0.829895 0.123404 -0.544101
vn 0.829895 0.123404 -0.544101
vn 0.829895 0.123404 -0.544100
vn 0.829895 0.123404 -0.544101
vn 0.999033 0.034192 -0.027628
vn 0.999033 0.034192 -0.027628
vn 0.999033 0.034192 -0.027628
vn 0.999033 0.034192 -0.027628
s off
g group2 Pizarron_herramientas Accesorios:Llave1
usemtl Accesorios:initialShadingGroup
f 2348/3386/6586 2342/3387/6587 2341/3388/6588 2347/3389/6589
f 2341/3388/6590 2342/3387/6591 2344/3390/6592 2343/3391/6593
f 2343/3391/6594 2344/3390/6595 2345/3392/6596 2346/3393/6597
f 2347/3389/6598 2349/3394/6599 2350/3395/6600 2348/3386/6601
f 2349/3394/6602 2352/3396/6603 2351/3397/6604 2350/3395/6605
g default
v 48.428776 28.624214 46.371449
v 48.431572 28.624214 46.219864
v 48.499207 28.693132 46.372742
v 48.501999 28.693132 46.221169
v 48.430298 28.763573 46.371468
v 48.433090 28.763573 46.219894
v 48.359867 28.694653 46.370174
v 48.362663 28.694653 46.218605
vt 0.375000 0.000000
vt 0.625000 0.000000
vt 0.625000 0.250000
vt 0.375000 0.250000
vt 0.625000 0.500000
vt 0.375000 0.500000
vt 0.625000 0.750000
vt 0.375000 0.750000
vt 0.625000 1.000000
vt 0.375000 1.000000
vt 0.875000 0.000000
vt 0.875000 0.250000
vn 0.699223 -0.714787 0.012878
vn 0.699223 -0.714787 0.012878
vn 0.699223 -0.714787 0.012878
vn 0.699223 -0.714787 0.012878
vn 0.714667 0.699340 0.013184
vn 0.714667 0.699340 0.013184
vn 0.714667 0.699340 0.013184
vn 0.714667 0.699340 0.013184
vn -0.699221 0.714789 -0.012899
vn -0.699221 0.714789 -0.012899
vn -0.699221 0.714789 -0.012899
vn -0.699221 0.714789 -0.012899
vn -0.714667 -0.699340 -0.013184
vn -0.714667 -0.699340 -0.013184
vn -0.714667 -0.699340 -0.013184
vn -0.714667 -0.699340 -0.013184
vn 0.018444 0.000000 -0.999830
vn 0.018444 0.000000 -0.999830
vn 0.018444 0.000000 -0.999830
vn 0.018444 0.000000 -0.999830
s off
g group2 Pizarron_herramientas Accesorios:LlavepCube38
usemtl Accesorios:initialShadingGroup
f 2353/3398/6606 2354/3399/6607 2356/3400/6608 2355/3401/6609
f 2355/3401/6610 2356/3400/6611 2358/3402/6612 2357/3403/6613
f 2357/3403/6614 2358/3402/6615 2360/3404/6616 2359/3405/6617
f 2359/3405/6618 2360/3404/6619 2354/3406/6620 2353/3407/6621
f 2354/3399/6622 2360/3408/6623 2358/3409/6624 2356/3400/6625
g default
v 48.315479 28.584324 46.369682
v 48.271614 28.689579 46.368874
v 48.315010 28.795033 46.369667
v 48.420250 28.838907 46.371613
v 48.525684 28.795506 46.373554
v 48.569550 28.690247 46.374367
v 48.526157 28.584793 46.373566
v 48.420914 28.540920 46.371624
v 48.315876 28.584324 46.348289
v 48.272007 28.689579 46.347481
v 48.315403 28.795033 46.348289
v 48.420643 28.838907 46.350220
v 48.526081 28.795506 46.352177
v 48.569946 28.690247 46.352974
v 48.526550 28.584793 46.352173
v 48.421307 28.540920 46.350239
v 48.420975 28.689915 46.350227
vt 0.375000 0.312500
vt 0.406250 0.312500
vt 0.406250 0.688440
vt 0.375000 0.688440
vt 0.437500 0.312500
vt 0.437500 0.688440
vt 0.468750 0.312500
vt 0.468750 0.688440
vt 0.500000 0.312500
vt 0.500000 0.688440
vt 0.531250 0.312500
vt 0.531250 0.688440
vt 0.562500 0.312500
vt 0.562500 0.688440
vt 0.593750 0.312500
vt 0.593750 0.688440
vt 0.625000 0.312500
vt 0.625000 0.688440
vt 0.610485 0.954235
vt 0.500000 1.000000
vt 0.500000 0.837500
vt 0.389515 0.954235
vt 0.343750 0.843750
vt 0.389515 0.733265
vt 0.500000 0.687500
vt 0.610485 0.733265
vt 0.656250 0.843750
vn -0.922856 -0.384768 -0.017021
vn -0.922856 -0.384768 -0.017021
vn -0.922856 -0.384768 -0.017021
vn -0.922857 -0.384768 -0.017021
vn -0.924587 0.380590 -0.017056
vn -0.924587 0.380590 -0.017056
vn -0.924587 0.380590 -0.017056
vn -0.924587 0.380590 -0.017056
vn -0.384742 0.922997 -0.007097
vn -0.384742 0.922997 -0.007097
vn -0.384742 0.922997 -0.007097
vn -0.384742 0.922997 -0.007097
vn 0.380612 0.924708 0.007021
vn 0.380612 0.924708 0.007021
vn 0.380613 0.924708 0.007021
vn 0.380612 0.924708 0.007021
vn 0.922876 0.384720 0.017024
vn 0.922876 0.384720 0.017024
vn 0.922876 0.384720 0.017024
vn 0.922876 0.384720 0.017024
vn 0.924576 -0.380615 0.017056
vn 0.924576 -0.380615 0.017056
vn 0.924576 -0.380615 0.017056
vn 0.924576 -0.380615 0.017056
vn 0.384650 -0.923035 0.007095
vn 0.384650 -0.923035 0.007095
vn 0.384650 -0.923035 0.007095
vn 0.384650 -0.923035 0.007095
vn -0.380575 -0.924724 -0.007021
vn -0.380575 -0.924724 -0.007021
vn -0.380575 -0.924724 -0.007021
vn -0.380575 -0.924724 -0.007021
vn 0.018444 0.000000 -0.999830
vn 0.018444 0.000000 -0.999830
vn 0.018443 0.000018 -0.999830
vn 0.018444 0.000000 -0.999830
vn 0.018421 0.000000 -0.999830
vn 0.018443 0.000018 -0.999830
vn 0.018421 0.000000 -0.999830
vn 0.018444 0.000000 -0.999830
vn 0.018443 0.000018 -0.999830
vn 0.018444 0.000000 -0.999830
vn 0.018466 0.000024 -0.999830
vn 0.018443 0.000018 -0.999830
vn 0.018466 0.000024 -0.999830
vn 0.018443 0.000071 -0.999830
vn 0.018443 0.000018 -0.999830
vn 0.018443 0.000071 -0.999830
vn 0.018443 0.000048 -0.999830
vn 0.018443 0.000018 -0.999830
vn 0.018443 0.000048 -0.999830
vn 0.018444 0.000000 -0.999830
vn 0.018443 0.000018 -0.999830
vn 0.018444 0.000000 -0.999830
vn 0.018444 0.000000 -0.999830
vn 0.018443 0.000018 -0.999830
s off
g group2 Pizarron_herramientas Accesorios:LlavepCylinder7
usemtl Accesorios:initialShadingGroup
f 2361/3410/6626 2362/3411/6627 2370/3412/6628 2369/3413/6629
f 2362/3411/6630 2363/3414/6631 2371/3415/6632 2370/3412/6633
f 2363/3414/6634 2364/3416/6635 2372/3417/6636 2371/3415/6637
f 2364/3416/6638 2365/3418/6639 2373/3419/6640 2372/3417/6641
f 2365/3418/6642 2366/3420/6643 2374/3421/6644 2373/3419/6645
f 2366/3420/6646 2367/3422/6647 2375/3423/6648 2374/3421/6649
f 2367/3422/6650 2368/3424/6651 2376/3425/6652 2375/3423/6653
f 2368/3424/6654 2361/3426/6655 2369/3427/6656 2376/3425/6657
f 2369/3428/6658 2370/3429/6659 2377/3430/6660
f 2370/3429/6661 2371/3431/6662 2377/3430/6663
f 2371/3431/6664 2372/3432/6665 2377/3430/6666
f 2372/3432/6667 2373/3433/6668 2377/3430/6669
f 2373/3433/6670 2374/3434/6671 2377/3430/6672
f 2374/3434/6673 2375/3435/6674 2377/3430/6675
f 2375/3435/6676 2376/3436/6677 2377/3430/6678
f 2376/3436/6679 2369/3428/6680 2377/3430/6681
g default
v 48.601669 28.495068 46.414841
v 48.602497 28.495068 46.370010
v 48.600830 28.871124 46.414825
v 48.601658 28.871124 46.370003
v 48.224834 28.870281 46.407887
v 48.225666 28.870281 46.363064
v 48.225677 28.494228 46.407898
v 48.226501 28.494228 46.363075
vt 0.375000 0.000000
vt 0.625000 0.000000
vt 0.625000 0.250000
vt 0.375000 0.250000
vt 0.625000 0.500000
vt 0.375000 0.500000
vt 0.625000 0.750000
vt 0.375000 0.750000
vt 0.625000 1.000000
vt 0.375000 1.000000
vt 0.875000 0.000000
vt 0.875000 0.250000
vn 0.999828 0.002235 0.018443
vn 0.999828 0.002235 0.018443
vn 0.999828 0.002235 0.018443
vn 0.999828 0.002235 0.018443
vn -0.002235 0.999997 -0.000041
vn -0.002235 0.999997 -0.000041
vn -0.002235 0.999997 -0.000041
vn -0.002235 0.999997 -0.000041
vn -0.999828 -0.002235 -0.018443
vn -0.999828 -0.002235 -0.018443
vn -0.999828 -0.002235 -0.018443
vn -0.999828 -0.002235 -0.018443
vn 0.002235 -0.999997 0.000041
vn 0.002235 -0.999997 0.000041
vn 0.002235 -0.999997 0.000041
vn 0.002235 -0.999997 0.000041
vn 0.018444 0.000000 -0.999830
vn 0.018444 0.000000 -0.999830
vn 0.018444 0.000000 -0.999830
vn 0.018444 0.000000 -0.999830
s off
g group2 Pizarron_herramientas Accesorios:pCube37Llave
usemtl Accesorios:initialShadingGroup
f 2378/3437/6682 2379/3438/6683 2381/3439/6684 2380/3440/6685
f 2380/3440/6686 2381/3439/6687 2383/3441/6688 2382/3442/6689
f 2382/3442/6690 2383/3441/6691 2385/3443/6692 2384/3444/6693
f 2384/3444/6694 2385/3443/6695 2379/3445/6696 2378/3446/6697
f 2379/3438/6698 2385/3447/6699 2383/3448/6700 2381/3439/6701
g default
v 47.755222 28.599276 46.458263
v 47.677441 28.581524 46.458260
v 47.615067 28.631266 46.458260
v 47.615067 28.711046 46.458260
v 47.677441 28.760788 46.458260
v 47.755222 28.743036 46.458260
v 47.789837 28.671156 46.458260
v 47.755222 28.599276 46.274387
v 47.677441 28.581524 46.274384
v 47.615067 28.631266 46.274387
v 47.615067 28.711046 46.274387
v 47.677441 28.760788 46.274384
v 47.755222 28.743036 46.274384
v 47.789837 28.671156 46.274387
v 47.697899 28.671156 46.458260
v 47.697899 28.671156 46.274387
vt 0.597420 0.034089
vt 0.465231 0.003918
vt 0.359224 0.088456
vt 0.359224 0.224044
vt 0.465231 0.308582
vt 0.597420 0.278411
vt 0.656250 0.156250
vt 0.375000 0.312500
vt 0.410714 0.312500
vt 0.446429 0.312500
vt 0.482143 0.312500
vt 0.517857 0.312500
vt 0.553571 0.312500
vt 0.589286 0.312500
vt 0.625000 0.312500
vt 0.375000 0.688440
vt 0.410714 0.688440
vt 0.446429 0.688440
vt 0.482143 0.688440
vt 0.517857 0.688440
vt 0.553571 0.688440
vt 0.589286 0.688440
vt 0.625000 0.688440
vt 0.597420 0.721589
vt 0.465231 0.691418
vt 0.359224 0.775956
vt 0.359224 0.911544
vt 0.465231 0.996082
vt 0.597420 0.965911
vt 0.656250 0.843750
vt 0.500000 0.150000
vt 0.500000 0.837500
vn 0.222504 -0.974932 0.000000
vn 0.222504 -0.974932 0.000000
vn 0.222504 -0.974932 0.000000
vn 0.222504 -0.974932 0.000000
vn -0.623503 -0.781821 0.000000
vn -0.623503 -0.781821 0.000000
vn -0.623503 -0.781821 0.000000
vn -0.623503 -0.781821 0.000000
vn -1.000000 0.000000 0.000000
vn -1.000000 0.000000 0.000000
vn -1.000000 0.000000 0.000000
vn -1.000000 0.000000 0.000000
vn -0.623503 0.781821 0.000000
vn -0.623503 0.781821 0.000000
vn -0.623503 0.781821 0.000000
vn -0.623503 0.781821 0.000000
vn 0.222504 0.974932 0.000000
vn 0.222504 0.974932 0.000000
vn 0.222504 0.974932 0.000000
vn 0.222504 0.974932 0.000000
vn 0.900976 0.433870 0.000000
vn 0.900976 0.433870 0.000000
vn 0.900976 0.433870 0.000000
vn 0.900976 0.433870 0.000000
vn 0.900972 -0.433876 0.000000
vn 0.900972 -0.433876 0.000000
vn 0.900972 -0.433876 0.000000
vn 0.900972 -0.433876 0.000000
vn 0.000018 0.000006 1.000000
vn 0.000000 0.000032 1.000000
vn 0.000005 0.000009 1.000000
vn 0.000018 0.000000 1.000000
vn 0.000000 0.000000 1.000000
vn 0.000000 0.000000 1.000000
vn 0.000000 0.000000 1.000000
vn 0.000000 0.000027 1.000000
vn 0.000072 0.000017 -1.000000
vn 0.000000 0.000040 -1.000000
vn -0.000015 -0.000009 -1.000000
vn -0.000072 0.000024 -1.000000
vn -0.000054 -0.000024 -1.000000
vn -0.000054 -0.000046 -1.000000
vn 0.000000 -0.000049 -1.000000
vn 0.000000 -0.000027 -1.000000
s off
g group2 Pizarron_herramientas pCylinder42
usemtl initialShadingGroup
f 2386/3456/6702 2387/3457/6703 2394/3465/6704 2393/3464/6705
f 2387/3457/6706 2388/3458/6707 2395/3466/6708 2394/3465/6709
f 2388/3458/6710 2389/3459/6711 2396/3467/6712 2395/3466/6713
f 2389/3459/6714 2390/3460/6715 2397/3468/6716 2396/3467/6717
f 2390/3460/6718 2391/3461/6719 2398/3469/6720 2397/3468/6721
f 2391/3461/6722 2392/3462/6723 2399/3470/6724 2398/3469/6725
f 2392/3462/6726 2386/3463/6727 2393/3471/6728 2399/3470/6729
s 1
f 2387/3450/6730 2386/3449/6731 2400/3479/6732
f 2388/3451/6733 2387/3450/6730 2400/3479/6732
f 2389/3452/6734 2388/3451/6733 2400/3479/6732
f 2390/3453/6735 2389/3452/6734 2400/3479/6732
f 2391/3454/6736 2390/3453/6735 2400/3479/6732
f 2392/3455/6737 2391/3454/6736 2400/3479/6732
f 2386/3449/6731 2392/3455/6737 2400/3479/6732
s 2
f 2393/3477/6738 2394/3476/6739 2401/3480/6740
f 2394/3476/6739 2395/3475/6741 2401/3480/6740
f 2395/3475/6741 2396/3474/6742 2401/3480/6740
f 2396/3474/6742 2397/3473/6743 2401/3480/6740
f 2397/3473/6743 2398/3472/6744 2401/3480/6740
f 2398/3472/6744 2399/3478/6745 2401/3480/6740
f 2399/3478/6745 2393/3477/6738 2401/3480/6740
g default
v 49.189865 28.624214 46.394642
v 49.192917 28.624214 46.196686
v 49.260300 28.693132 46.395035
v 49.263351 28.693132 46.197075
v 49.191383 28.763573 46.394653
v 49.194435 28.763573 46.196693
v 49.120953 28.694653 46.394268
v 49.124001 28.694653 46.196304
v 49.245674 28.637005 46.394955
v 49.249935 28.637005 46.196999
v 49.138622 28.750782 46.196388
v 49.134365 28.750782 46.394344
v 49.133141 28.638231 46.394341
v 49.137398 28.638231 46.196384
v 49.193676 28.693893 46.196690
v 49.251160 28.749552 46.197002
v 49.246906 28.749552 46.394966
vt 0.375000 0.000000
vt 0.625000 0.000000
vt 0.625000 0.250000
vt 0.375000 0.250000
vt 0.625000 0.500000
vt 0.375000 0.500000
vt 0.625000 0.750000
vt 0.375000 0.750000
vt 0.625000 1.000000
vt 0.375000 1.000000
vt 0.875000 0.000000
vt 0.875000 0.250000
vt 0.375000 0.125000
vt 0.625000 0.125000
vt 0.625000 0.625000
vt 0.875000 0.125000
vt 0.375000 0.625000
vt 0.375000 0.875000
vt 0.625000 0.875000
vt 0.750000 0.000000
vt 0.750000 0.125000
vt 0.625000 0.375000
vt 0.750000 0.250000
vt 0.375000 0.375000
vn 0.696505 -0.717436 0.012864
vn 0.701947 -0.712111 0.012965
vn 0.970005 -0.242423 0.017918
vn 0.970005 -0.242423 0.017918
vn 0.714667 0.699340 0.013184
vn 0.714667 0.699340 0.013184
vn 0.717269 0.696670 0.013229
vn 0.712068 0.701988 0.013133
vn -0.699221 0.714789 -0.012899
vn -0.699221 0.714789 -0.012899
vn -0.696551 0.717392 -0.012852
vn -0.702004 0.712055 -0.012953
vn -0.717309 -0.696630 -0.013234
vn -0.712082 -0.701973 -0.013137
vn -0.714667 -0.699340 -0.013184
vn -0.714667 -0.699340 -0.013184
vn 0.005540 -0.000015 -0.999985
vn 0.005506 -0.000015 -0.999985
vn 0.005472 -0.000015 -0.999985
vn 0.018444 0.000000 -0.999830
vn 0.221087 -0.975246 0.004080
vn 0.221087 -0.975246 0.004080
vn 0.018444 0.000000 -0.999830
vn 0.005540 -0.000015 -0.999985
vn -0.699221 0.714789 -0.012899
vn -0.699221 0.714789 -0.012899
vn -0.714667 -0.699340 -0.013184
vn -0.714667 -0.699340 -0.013184
vn 0.018444 0.000000 -0.999830
vn 0.005472 -0.000015 -0.999985
vn 0.018444 0.000000 -0.999830
vn 0.714667 0.699340 0.013184
vn 0.714667 0.699340 0.013184
s 1
g group2 Pizarron_herramientas LlavepCube38
usemtl Accesorios:initialShadingGroup
f 2410/3493/6746 2411/3494/6747 2405/3483/6748 2404/3484/6749
s 2
f 2404/3484/6750 2405/3483/6751 2417/3502/6752 2418/3504/6753
s 3
f 2406/3486/6754 2407/3485/6755 2412/3495/6756 2413/3497/6757
s 4
f 2414/3498/6758 2415/3499/6759 2403/3489/6760 2402/3490/6761
s 5
f 2411/3494/6762 2416/3501/6763 2417/3503/6764 2405/3483/6765
s 1
f 2402/3481/6766 2403/3482/6767 2411/3494/6747 2410/3493/6746
s 5
f 2403/3482/6768 2415/3500/6769 2416/3501/6763 2411/3494/6762
s 3
f 2413/3497/6757 2412/3495/6756 2409/3487/6770 2408/3488/6771
s 4
f 2408/3488/6772 2409/3487/6773 2415/3499/6759 2414/3498/6758
s 5
f 2416/3501/6763 2415/3500/6769 2409/3491/6774 2412/3496/6775
f 2417/3503/6764 2416/3501/6763 2412/3496/6775 2407/3492/6776
s 2
f 2418/3504/6753 2417/3502/6752 2407/3485/6777 2406/3486/6778
g default
v -15.269120 22.998249 46.763515
v 12.417337 22.998249 46.763515
v -15.269120 37.892975 46.763515
v 12.417337 37.892975 46.763515
v -15.269120 37.892975 46.434456
v 12.417337 37.892975 46.434456
v -15.269120 22.998249 46.434456
v 12.417337 22.998249 46.434456
vt 0.375000 0.000000
vt 0.625000 0.000000
vt 0.375000 0.250000
vt 0.625000 0.250000
vt 0.375000 0.500000
vt 0.625000 0.500000
vt 0.375000 0.750000
vt 0.625000 0.750000
vt 0.375000 1.000000
vt 0.625000 1.000000
vt 0.875000 0.000000
vt 0.875000 0.250000
vt 0.125000 0.000000
vt 0.125000 0.250000
vn 0.000000 1.000000 0.000000
vn 0.000000 1.000000 0.000000
vn 0.000000 1.000000 0.000000
vn 0.000000 1.000000 0.000000
vn 0.000000 0.000000 -1.000000
vn 0.000000 0.000000 -1.000000
vn 0.000000 0.000000 -1.000000
vn 0.000000 0.000000 -1.000000
vn 0.000000 -1.000000 0.000000
vn 0.000000 -1.000000 0.000000
vn 0.000000 -1.000000 0.000000
vn 0.000000 -1.000000 0.000000
vn 1.000000 0.000000 0.000000
vn 1.000000 0.000000 0.000000
vn 1.000000 0.000000 0.000000
vn 1.000000 0.000000 0.000000
vn -1.000000 0.000000 0.000000
vn -1.000000 0.000000 0.000000
vn -1.000000 0.000000 0.000000
vn -1.000000 0.000000 0.000000
s off
g group2 pCube38 Pantalla_holografica1
usemtl initialShadingGroup
f 2421/3507/6779 2422/3508/6780 2424/3510/6781 2423/3509/6782
f 2423/3509/6783 2424/3510/6784 2426/3512/6785 2425/3511/6786
f 2425/3511/6787 2426/3512/6788 2420/3514/6789 2419/3513/6790
f 2420/3506/6791 2426/3515/6792 2424/3516/6793 2422/3508/6794
f 2425/3517/6795 2419/3505/6796 2421/3507/6797 2423/3518/6798
g default
v -56.721394 22.998249 46.763515
v -29.034937 22.998249 46.763515
v -56.721394 37.892975 46.763515
v -29.034937 37.892975 46.763515
v -56.721394 37.892975 46.434456
v -29.034937 37.892975 46.434456
v -56.721394 22.998249 46.434456
v -29.034937 22.998249 46.434456
vt 0.375000 0.000000
vt 0.625000 0.000000
vt 0.375000 0.250000
vt 0.625000 0.250000
vt 0.375000 0.500000
vt 0.625000 0.500000
vt 0.375000 0.750000
vt 0.625000 0.750000
vt 0.375000 1.000000
vt 0.625000 1.000000
vt 0.875000 0.000000
vt 0.875000 0.250000
vt 0.125000 0.000000
vt 0.125000 0.250000
vn 0.000000 1.000000 0.000000
vn 0.000000 1.000000 0.000000
vn 0.000000 1.000000 0.000000
vn 0.000000 1.000000 0.000000
vn 0.000000 0.000000 -1.000000
vn 0.000000 0.000000 -1.000000
vn 0.000000 0.000000 -1.000000
vn 0.000000 0.000000 -1.000000
vn 0.000000 -1.000000 0.000000
vn 0.000000 -1.000000 0.000000
vn 0.000000 -1.000000 0.000000
vn 0.000000 -1.000000 0.000000
vn 1.000000 0.000000 0.000000
vn 1.000000 0.000000 0.000000
vn 1.000000 0.000000 0.000000
vn 1.000000 0.000000 0.000000
vn -1.000000 0.000000 0.000000
vn -1.000000 0.000000 0.000000
vn -1.000000 0.000000 0.000000
vn -1.000000 0.000000 0.000000
s off
g group2 Pantalla_holografica1 pCube39
usemtl initialShadingGroup
f 2429/3521/6799 2430/3522/6800 2432/3524/6801 2431/3523/6802
f 2431/3523/6803 2432/3524/6804 2434/3526/6805 2433/3525/6806
f 2433/3525/6807 2434/3526/6808 2428/3528/6809 2427/3527/6810
f 2428/3520/6811 2434/3529/6812 2432/3530/6813 2430/3522/6814
f 2433/3531/6815 2427/3519/6816 2429/3521/6817 2431/3532/6818
g default
v 17.546717 8.899028 19.378366
v 17.407085 8.930898 19.378366
v 17.295111 8.841600 19.378366
v 17.295111 8.698379 19.378366
v 17.407085 8.609081 19.378366
v 17.546717 8.640951 19.378366
v 17.608858 8.769990 19.378366
v 17.546717 8.899028 47.504105
v 17.407085 8.930898 47.504105
v 17.295111 8.841600 47.504105
v 17.295111 8.698379 47.504105
v 17.407085 8.609081 47.504105
v 17.546717 8.640951 47.504101
v 17.608858 8.769989 47.504105
vt 0.375000 0.312500
vt 0.410714 0.312500
vt 0.446429 0.312500
vt 0.482143 0.312500
vt 0.517857 0.312500
vt 0.553571 0.312500
vt 0.589286 0.312500
vt 0.625000 0.312500
vt 0.375000 0.688440
vt 0.410714 0.688440
vt 0.446429 0.688440
vt 0.482143 0.688440
vt 0.517857 0.688440
vt 0.553571 0.688440
vt 0.589286 0.688440
vt 0.625000 0.688440
vn 0.222520 0.974928 0.000000
vn 0.222520 0.974928 0.000000
vn 0.222520 0.974928 0.000000
vn 0.222520 0.974928 0.000000
vn -0.623490 0.781831 0.000000
vn -0.623490 0.781831 0.000000
vn -0.623490 0.781831 0.000000
vn -0.623490 0.781831 0.000000
vn -1.000000 0.000000 0.000000
vn -1.000000 0.000000 0.000000
vn -1.000000 0.000000 0.000000
vn -1.000000 0.000000 0.000000
vn -0.623490 -0.781831 0.000000
vn -0.623490 -0.781831 0.000000
vn -0.623490 -0.781831 0.000000
vn -0.623490 -0.781831 0.000000
vn 0.222522 -0.974928 0.000000
vn 0.222522 -0.974928 0.000000
vn 0.222522 -0.974928 0.000000
vn 0.222522 -0.974928 0.000000
vn 0.900966 -0.433889 -0.000000
vn 0.900966 -0.433889 -0.000000
vn 0.900966 -0.433889 -0.000000
vn 0.900967 -0.433889 -0.000000
vn 0.900969 0.433883 0.000000
vn 0.900969 0.433883 0.000000
vn 0.900969 0.433883 0.000000
vn 0.900970 0.433883 0.000000
s off
g group2 pCylinder43 Cables
usemtl initialShadingGroup
f 2435/3533/6819 2436/3534/6820 2443/3542/6821 2442/3541/6822
f 2436/3534/6823 2437/3535/6824 2444/3543/6825 2443/3542/6826
f 2437/3535/6827 2438/3536/6828 2445/3544/6829 2444/3543/6830
f 2438/3536/6831 2439/3537/6832 2446/3545/6833 2445/3544/6834
f 2439/3537/6835 2440/3538/6836 2447/3546/6837 2446/3545/6838
f 2440/3538/6839 2441/3539/6840 2448/3547/6841 2447/3546/6842
f 2441/3539/6843 2435/3540/6844 2442/3548/6845 2448/3547/6846
g default
v 15.386304 8.758294 18.516945
v 15.229251 8.693210 18.522070
v 15.164230 8.536080 18.525311
v 15.229330 8.378951 18.524767
v 15.386415 8.313867 18.520758
v 15.543467 8.378951 18.515631
v 15.608487 8.536080 18.512392
v 15.543388 8.693210 18.512936
v 15.037646 8.763160 20.575314
v 14.917763 8.697659 20.473995
v 14.868509 8.540353 20.432081
v 14.918737 8.383390 20.474125
v 15.039025 8.318717 20.575495
v 15.158909 8.384218 20.676813
v 15.208162 8.541524 20.718727
v 15.157933 8.698486 20.676685
v 13.092734 8.777382 21.148825
v 13.091072 8.712173 20.991749
v 13.090694 8.554989 20.926785
v 13.091823 8.397904 20.991983
v 13.093797 8.332939 21.149157
v 13.095458 8.398148 21.306232
v 13.095836 8.555332 21.371199
v 13.094707 8.712417 21.305998
v 10.990438 8.785767 21.172958
v 10.988206 8.720559 21.015888
v 10.986412 8.563377 20.950939
v 10.986108 8.406297 21.016155
v 10.987472 8.341332 21.173336
v 10.989704 8.406540 21.330404
v 10.991498 8.563722 21.395353
v 10.991802 8.720802 21.330137
v 8.906675 8.799972 21.196793
v 8.904445 8.734764 21.039722
v 8.902656 8.577582 20.974773
v 8.902357 8.420502 21.039989
v 8.903724 8.355537 21.197170
v 8.905954 8.420745 21.354239
v 8.907743 8.577927 21.419189
v 8.908041 8.735007 21.353971
v 6.826967 8.824184 21.220438
v 6.823717 8.758992 21.063381
v 6.819401 8.601848 20.998459
v 6.816546 8.444804 21.063705
v 6.816825 8.379856 21.220898
v 6.820075 8.445048 21.377954
v 6.824391 8.602193 21.442875
v 6.827246 8.759236 21.377630
v 4.742664 8.887704 21.243576
v 4.739902 8.822502 21.086514
v 4.736796 8.665335 21.021580
v 4.735166 8.508268 21.086811
v 4.735965 8.443310 21.243998
v 4.738727 8.508512 21.401060
v 4.741832 8.665679 21.465994
v 4.743463 8.822745 21.400763
v 2.644232 8.875566 21.270393
v 2.642828 8.810365 21.113312
v 2.644434 8.653202 21.048313
v 2.648110 8.496140 21.113472
v 2.651702 8.431184 21.270620
v 2.653105 8.496385 21.427702
v 2.651499 8.653548 21.492701
v 2.647824 8.810610 21.427542
v 0.550543 8.834987 21.305696
v 0.549177 8.769787 21.148615
v 0.551272 8.612633 21.083609
v 0.555600 8.455584 21.148756
v 0.559626 8.390635 21.305899
v 0.560992 8.455835 21.462980
v 0.558897 8.612989 21.527987
v 0.554569 8.770040 21.462837
v -1.541063 8.792833 21.340811
v -1.542305 8.727636 21.183725
v -1.540330 8.570479 21.118721
v -1.536294 8.413424 21.183874
v -1.532561 8.348471 21.341021
v -1.531319 8.413668 21.498104
v -1.533294 8.570825 21.563110
v -1.537330 8.727880 21.497955
v -3.509835 8.766733 21.361439
v -3.510476 8.701544 21.204348
v -3.509686 8.544371 21.139357
v -3.507928 8.387284 21.204536
v -3.506231 8.322304 21.361708
v -3.505590 8.387493 21.518799
v -3.506380 8.544665 21.583790
v -3.508138 8.701752 21.518608
v -5.456342 8.751807 21.605413
v -5.512736 8.686163 21.458996
v -5.534995 8.528802 21.398417
v -5.510082 8.371904 21.459166
v -5.452589 8.307379 21.605654
v -5.396195 8.373024 21.752071
v -5.373936 8.530384 21.812649
v -5.398850 8.687282 21.751902
v -6.440234 8.740787 23.181421
v -6.595447 8.674203 23.161337
v -6.658467 8.516455 23.152866
v -6.592378 8.359948 23.160975
v -6.435894 8.296363 23.180912
v -6.280682 8.362947 23.200998
v -6.217662 8.520695 23.209467
v -6.283751 8.677201 23.201359
v -6.536007 8.739041 25.149797
v -6.692489 8.672438 25.147514
v -6.756048 8.514681 25.146601
v -6.689452 8.358183 25.147594
v -6.531712 8.294618 25.149912
v -6.375231 8.361220 25.152197
v -6.311672 8.518977 25.153109
v -6.378268 8.675476 25.152115
v -6.550964 8.740038 26.926004
v -6.707462 8.673435 26.925470
v -6.771028 8.515679 26.925371
v -6.704427 8.359180 26.925760
v -6.546671 8.295614 26.926414
v -6.390174 8.362217 26.926947
v -6.326608 8.519973 26.927048
v -6.393209 8.676472 26.926657
v -6.552491 8.741955 28.703501
v -6.708990 8.675353 28.703829
v -6.772556 8.517597 28.704123
v -6.705955 8.361098 28.704212
v -6.548199 8.297531 28.704041
v -6.391700 8.364133 28.703712
v -6.328133 8.521889 28.703419
v -6.394735 8.678388 28.703329
v -6.546522 8.744327 30.480522
v -6.703019 8.677726 30.481386
v -6.766584 8.519970 30.481922
v -6.699983 8.363471 30.481817
v -6.542229 8.299903 30.481131
v -6.385732 8.366504 30.480267
v -6.322166 8.524260 30.479729
v -6.388767 8.680758 30.479836
v -6.535583 8.746937 32.257515
v -6.692079 8.680336 32.258755
v -6.755643 8.522581 32.259453
v -6.689043 8.366081 32.259205
v -6.531291 8.302513 32.258156
v -6.374796 8.369114 32.256916
v -6.311231 8.526869 32.256218
v -6.377831 8.683369 32.256466
v -6.521047 8.749638 34.034550
v -6.677539 8.683038 34.036064
v -6.741103 8.525283 34.036877
v -6.674504 8.368783 34.036514
v -6.516754 8.305215 34.035187
v -6.360261 8.371815 34.033676
v -6.296698 8.529570 34.032864
v -6.363297 8.686069 34.033226
v -6.503791 8.752279 35.811508
v -6.660282 8.685680 35.813221
v -6.723845 8.527925 35.814106
v -6.657247 8.371426 35.813641
v -6.499499 8.307857 35.812099
v -6.343009 8.374456 35.810387
v -6.279445 8.532211 35.809502
v -6.346044 8.688711 35.809967
v -6.484528 8.754618 37.588772
v -6.641017 8.688019 37.590607
v -6.704580 8.530264 37.591503
v -6.637982 8.373764 37.590931
v -6.480237 8.310195 37.589230
v -6.323747 8.376794 37.587395
v -6.260184 8.534549 37.586498
v -6.326782 8.691049 37.587070
v -6.464318 8.755890 39.366032
v -6.620808 8.689290 39.367817
v -6.684372 8.531535 39.368549
v -6.617777 8.375035 39.367798
v -6.460032 8.311466 39.366005
v -6.303543 8.378065 39.364220
v -6.239977 8.535820 39.363487
v -6.306573 8.692321 39.364239
v -6.444103 8.751321 41.145229
v -6.600600 8.684724 41.146381
v -6.664181 8.526976 41.145645
v -6.597602 8.370482 41.143452
v -6.439864 8.306915 41.141083
v -6.283367 8.373512 41.139931
v -6.219786 8.531260 41.140667
v -6.286365 8.687754 41.142860
v -6.424059 8.732982 42.921673
v -6.580557 8.666386 42.922749
v -6.644141 8.508638 42.921829
v -6.577564 8.352147 42.919460
v -6.419826 8.288581 42.917019
v -6.263329 8.355177 42.915943
v -6.199745 8.512924 42.916862
v -6.266322 8.669415 42.919231
v -6.400893 8.729388 44.959122
v -6.557379 8.662789 44.961197
v -6.620936 8.505035 44.962601
v -6.554334 8.348537 44.962513
v -6.396585 8.284968 44.960983
v -6.240099 8.351567 44.958908
v -6.176542 8.509321 44.957504
v -6.243145 8.665819 44.957592
v -6.377547 8.735914 47.003204
v -6.534045 8.669318 47.004280
v -6.597629 8.511572 47.003365
v -6.531052 8.355081 47.000992
v -6.373314 8.291514 46.998554
v -6.216816 8.358110 46.997478
v -6.153233 8.515857 46.998394
v -6.219810 8.672349 47.000767
vt 0.000000 0.000000
vt 0.003517 0.000000
vt 0.007033 0.000000
vt 0.010550 0.000000
vt 0.014066 0.000000
vt 0.017583 0.000000
vt 0.021099 0.000000
vt 0.024616 0.000000
vt 0.028132 0.000000
vt 0.000000 0.043164
vt 0.003517 0.043164
vt 0.007033 0.043164
vt 0.010550 0.043164
vt 0.014066 0.043164
vt 0.017583 0.043164
vt 0.021099 0.043164
vt 0.024616 0.043164
vt 0.028132 0.043164
vt 0.000000 0.085089
vt 0.003517 0.085089
vt 0.007033 0.085089
vt 0.010550 0.085089
vt 0.014066 0.085089
vt 0.017583 0.085089
vt 0.021099 0.085089
vt 0.024616 0.085089
vt 0.028132 0.085089
vt 0.000000 0.128558
vt 0.003517 0.128558
vt 0.007033 0.128558
vt 0.010550 0.128558
vt 0.014066 0.128558
vt 0.017583 0.128558
vt 0.021099 0.128558
vt 0.024616 0.128558
vt 0.028132 0.128558
vt 0.000000 0.171644
vt 0.003517 0.171644
vt 0.007033 0.171644
vt 0.010550 0.171644
vt 0.014066 0.171644
vt 0.017583 0.171644
vt 0.021099 0.171644
vt 0.024616 0.171644
vt 0.028132 0.171644
vt 0.000000 0.214649
vt 0.003517 0.214649
vt 0.007033 0.214649
vt 0.010550 0.214649
vt 0.014066 0.214649
vt 0.017583 0.214649
vt 0.021099 0.214649
vt 0.024616 0.214649
vt 0.028132 0.214649
vt 0.000000 0.257766
vt 0.003517 0.257766
vt 0.007033 0.257766
vt 0.010550 0.257766
vt 0.014066 0.257766
vt 0.017583 0.257766
vt 0.021099 0.257766
vt 0.024616 0.257766
vt 0.028132 0.257766
vt 0.000000 0.301156
vt 0.003517 0.301156
vt 0.007033 0.301156
vt 0.010550 0.301156
vt 0.014066 0.301156
vt 0.017583 0.301156
vt 0.021099 0.301156
vt 0.024616 0.301156
vt 0.028132 0.301156
vt 0.000000 0.344458
vt 0.003517 0.344458
vt 0.007033 0.344458
vt 0.010550 0.344458
vt 0.014066 0.344458
vt 0.017583 0.344458
vt 0.021099 0.344458
vt 0.024616 0.344458
vt 0.028132 0.344458
vt 0.000000 0.387718
vt 0.003517 0.387718
vt 0.007033 0.387718
vt 0.010550 0.387718
vt 0.014066 0.387718
vt 0.017583 0.387718
vt 0.021099 0.387718
vt 0.024616 0.387718
vt 0.028132 0.387718
vt 0.000000 0.428429
vt 0.003517 0.428429
vt 0.007033 0.428429
vt 0.010550 0.428429
vt 0.014066 0.428429
vt 0.017583 0.428429
vt 0.021099 0.428429
vt 0.024616 0.428429
vt 0.028132 0.428429
vt 0.000000 0.468990
vt 0.003517 0.468990
vt 0.007033 0.468990
vt 0.010550 0.468990
vt 0.014066 0.468990
vt 0.017583 0.468990
vt 0.021099 0.468990
vt 0.024616 0.468990
vt 0.028132 0.468990
vt 0.000000 0.507404
vt 0.003517 0.507404
vt 0.007033 0.507404
vt 0.010550 0.507404
vt 0.014066 0.507404
vt 0.017583 0.507404
vt 0.021099 0.507404
vt 0.024616 0.507404
vt 0.028132 0.507404
vt 0.000000 0.548149
vt 0.003517 0.548149
vt 0.007033 0.548149
vt 0.010550 0.548149
vt 0.014066 0.548149
vt 0.017583 0.548149
vt 0.021099 0.548149
vt 0.024616 0.548149
vt 0.028132 0.548149
vt 0.000000 0.584874
vt 0.003517 0.584874
vt 0.007033 0.584874
vt 0.010550 0.584874
vt 0.014066 0.584874
vt 0.017583 0.584874
vt 0.021099 0.584874
vt 0.024616 0.584874
vt 0.028132 0.584874
vt 0.000000 0.621624
vt 0.003517 0.621624
vt 0.007033 0.621624
vt 0.010550 0.621624
vt 0.014066 0.621624
vt 0.017583 0.621624
vt 0.021099 0.621624
vt 0.024616 0.621624
vt 0.028132 0.621624
vt 0.000000 0.658365
vt 0.003517 0.658365
vt 0.007033 0.658365
vt 0.010550 0.658365
vt 0.014066 0.658365
vt 0.017583 0.658365
vt 0.021099 0.658365
vt 0.024616 0.658365
vt 0.028132 0.658365
vt 0.000000 0.695106
vt 0.003517 0.695106
vt 0.007033 0.695106
vt 0.010550 0.695106
vt 0.014066 0.695106
vt 0.017583 0.695106
vt 0.021099 0.695106
vt 0.024616 0.695106
vt 0.028132 0.695106
vt 0.000000 0.731849
vt 0.003517 0.731849
vt 0.007033 0.731849
vt 0.010550 0.731849
vt 0.014066 0.731849
vt 0.017583 0.731849
vt 0.021099 0.731849
vt 0.024616 0.731849
vt 0.028132 0.731849
vt 0.000000 0.768590
vt 0.003517 0.768590
vt 0.007033 0.768590
vt 0.010550 0.768590
vt 0.014066 0.768590
vt 0.017583 0.768590
vt 0.021099 0.768590
vt 0.024616 0.768590
vt 0.028132 0.768590
vt 0.000000 0.805338
vt 0.003517 0.805338
vt 0.007033 0.805338
vt 0.010550 0.805338
vt 0.014066 0.805338
vt 0.017583 0.805338
vt 0.021099 0.805338
vt 0.024616 0.805338
vt 0.028132 0.805338
vt 0.000000 0.842086
vt 0.003517 0.842086
vt 0.007033 0.842086
vt 0.010550 0.842086
vt 0.014066 0.842086
vt 0.017583 0.842086
vt 0.021099 0.842086
vt 0.024616 0.842086
vt 0.028132 0.842086
vt 0.000000 0.878874
vt 0.003517 0.878874
vt 0.007033 0.878874
vt 0.010550 0.878874
vt 0.014066 0.878874
vt 0.017583 0.878874
vt 0.021099 0.878874
vt 0.024616 0.878874
vt 0.028132 0.878874
vt 0.000000 0.915607
vt 0.003517 0.915607
vt 0.007033 0.915607
vt 0.010550 0.915607
vt 0.014066 0.915607
vt 0.017583 0.915607
vt 0.021099 0.915607
vt 0.024616 0.915607
vt 0.028132 0.915607
vt 0.000000 0.957735
vt 0.003517 0.957735
vt 0.007033 0.957735
vt 0.010550 0.957735
vt 0.014066 0.957735
vt 0.017583 0.957735
vt 0.021099 0.957735
vt 0.024616 0.957735
vt 0.028132 0.957735
vt 0.000000 1.000000
vt 0.003517 1.000000
vt 0.007033 1.000000
vt 0.010550 1.000000
vt 0.014066 1.000000
vt 0.017583 1.000000
vt 0.021099 1.000000
vt 0.024616 1.000000
vt 0.028132 1.000000
vn 0.061826 0.998035 0.010148
vn -0.700078 0.704990 -0.113492
vn -0.457446 0.792940 -0.402479
vn 0.101807 0.990883 0.088237
vn -0.987853 -0.000881 -0.155386
vn -0.987853 -0.001757 -0.155384
vn -0.699902 -0.705707 -0.110070
vn -0.461170 -0.794992 -0.394094
vn 0.062886 -0.997907 0.015041
vn 0.097094 -0.990671 0.095627
vn 0.753845 -0.642849 0.135877
vn 0.570549 -0.649370 0.502785
vn 0.984219 0.003981 0.176913
vn 0.753857 0.001345 0.657037
vn 0.750601 0.647380 0.132277
vn 0.572022 0.650860 0.499171
vn -0.092526 0.708938 -0.699175
vn 0.017514 0.999177 0.036592
vn -0.270451 -0.003437 -0.962728
vn -0.138504 -0.000906 -0.990361
vn -0.100325 -0.710917 -0.696084
vn 0.007836 -0.999089 0.041941
vn 0.112068 -0.670553 0.733348
vn 0.151577 0.001176 0.988445
vn 0.117863 0.672837 0.730341
vn -0.004300 0.706346 -0.707854
vn 0.005386 0.999985 -0.000833
vn -0.011463 -0.001190 -0.999934
vn -0.011911 -0.707856 -0.706257
vn -0.005384 -0.999985 0.000845
vn 0.004295 -0.706755 0.707445
vn 0.011461 0.000357 0.999934
vn 0.011915 0.707432 0.706681
vn -0.001557 0.706183 -0.708028
vn 0.009219 0.999957 -0.000872
vn -0.011419 -0.001488 -0.999934
vn -0.014590 -0.707991 -0.706070
vn -0.009224 -0.999957 0.000890
vn 0.001538 -0.706887 0.707325
vn 0.011402 0.000059 0.999935
vn 0.014587 0.707266 0.706797
vn 0.006892 0.705241 -0.708934
vn 0.021049 0.999778 -0.000982
vn -0.011296 -0.003134 -0.999931
vn -0.022849 -0.708699 -0.705141
vn -0.021048 -0.999778 0.001044
vn -0.006963 -0.707569 0.706610
vn 0.011206 -0.001583 0.999936
vn 0.022830 0.706309 0.707536
vn 0.000287 0.708744 -0.705466
vn 0.012284 0.999924 -0.001146
vn -0.011906 0.003970 -0.999921
vn -0.017152 -0.705090 -0.708911
vn -0.012299 -0.999924 0.000673
vn -0.000196 -0.704247 0.709955
vn 0.011992 0.005487 0.999913
vn 0.017131 0.710053 0.703940
vn -0.019374 0.707220 -0.706728
vn -0.012600 0.999920 -0.001129
vn -0.014824 0.001165 -0.999889
vn -0.001582 -0.706376 -0.707835
vn 0.012603 -0.999921 0.000045
vn 0.019391 -0.705830 0.708116
vn 0.014794 0.002697 0.999887
vn 0.001538 0.708846 0.705361
vn -0.025864 0.706468 -0.707273
vn -0.019771 0.999804 -0.000459
vn -0.016809 -0.000681 -0.999859
vn 0.002094 -0.707480 -0.706731
vn 0.019772 -0.999804 0.000478
vn 0.025864 -0.706344 0.707396
vn 0.016804 0.000908 0.999858
vn -0.002098 0.707583 0.706627
vn -0.021583 0.706439 -0.707444
vn -0.016802 0.999859 0.000318
vn -0.013699 -0.001658 -0.999905
vn 0.002214 -0.708405 -0.705802
vn 0.016823 -0.999858 0.001340
vn 0.021587 -0.706529 0.707354
vn 0.013728 -0.000181 0.999906
vn -0.002169 0.706658 0.707552
vn -0.057021 0.694432 -0.717295
vn -0.012887 0.999766 -0.017403
vn -0.068591 -0.001907 -0.997643
vn -0.042304 -0.697007 -0.715815
vn 0.008190 -0.999836 -0.016143
vn 0.053521 -0.711950 0.700188
vn 0.066003 0.000364 0.997819
vn 0.038565 0.712908 0.700196
vn -0.412400 0.646696 -0.641647
vn -0.089134 0.992438 -0.084387
vn -0.518130 -0.004534 -0.855290
vn -0.401172 -0.653852 -0.641513
vn -0.071493 -0.993885 -0.084148
vn 0.342029 -0.761937 0.549971
vn 0.533073 0.005357 0.846052
vn 0.328039 0.768405 0.549494
vn -0.725622 0.648485 -0.230086
vn -0.074674 0.996613 -0.034444
vn -0.955246 -0.008987 -0.295675
vn -0.712878 -0.662212 -0.230825
vn -0.054931 -0.997860 -0.035462
vn 0.669918 -0.717382 0.191240
vn 0.959173 0.008890 0.282680
vn 0.655887 0.730003 0.192114
vn -0.717004 0.696747 -0.021199
vn -0.015813 0.999875 -0.000375
vn -0.999510 -0.009826 -0.029717
vn -0.703242 -0.710638 -0.021072
vn 0.003517 -0.999994 -0.000202
vn 0.710784 -0.703104 0.020747
vn 0.999522 0.009528 0.029399
vn 0.697202 0.716578 0.020630
vn -0.714457 0.699668 -0.003889
vn -0.010729 0.999942 -0.000871
vn -0.999942 -0.009725 -0.004631
vn -0.700746 -0.713406 -0.002667
vn 0.008588 -0.999963 0.000859
vn 0.713336 -0.700811 0.003882
vn 0.999943 0.009600 0.004630
vn 0.699730 0.714403 0.002659
vn -0.714212 0.699930 0.000048
vn -0.010251 0.999947 -0.001194
vn -0.999952 -0.009688 0.001261
vn -0.700529 -0.713622 0.001736
vn 0.009064 -0.999958 0.001195
vn 0.713594 -0.700560 -0.000047
vn 0.999953 0.009627 -0.001262
vn 0.699960 0.714180 -0.001737
vn -0.714097 0.700042 0.002416
vn -0.010051 0.999949 -0.001354
vn -0.999942 -0.009669 0.004770
vn -0.700427 -0.713711 0.004332
vn 0.009265 -0.999956 0.001358
vn 0.713694 -0.700454 -0.002413
vn 0.999942 0.009636 -0.004771
vn 0.700046 0.714085 -0.004331
vn -0.714028 0.700105 0.004072
vn -0.009944 0.999950 -0.001423
vn -0.999928 -0.009653 0.007182
vn -0.700367 -0.713757 0.006087
vn 0.009376 -0.999955 0.001427
vn 0.713744 -0.700395 -0.004069
vn 0.999928 0.009645 -0.007182
vn 0.700085 0.714034 -0.006085
vn -0.713977 0.700149 0.005334
vn -0.009874 0.999950 -0.001415
vn -0.999913 -0.009638 0.008959
vn -0.700327 -0.713784 0.007338
vn 0.009445 -0.999954 0.001419
vn 0.713773 -0.700357 -0.005332
vn 0.999913 0.009653 -0.008959
vn 0.700104 0.714003 -0.007336
vn -0.713930 0.700188 0.006354
vn -0.009815 0.999951 -0.001301
vn -0.999901 -0.009617 0.010287
vn -0.700300 -0.713802 0.008196
vn 0.009500 -0.999954 0.001304
vn 0.713799 -0.700322 -0.006353
vn 0.999900 0.009668 -0.010287
vn 0.700114 0.713984 -0.008194
vn -0.713849 0.700262 0.007216
vn -0.009727 0.999952 -0.000908
vn -0.999893 -0.009555 0.011114
vn -0.700285 -0.713812 0.008501
vn 0.009579 -0.999954 0.000909
vn 0.713861 -0.700250 -0.007216
vn 0.999891 0.009729 -0.011114
vn 0.700123 0.713972 -0.008500
vn -0.713589 0.700510 0.008760
vn -0.009626 0.999953 0.001036
vn -0.999894 -0.009148 0.011358
vn -0.700463 -0.713651 0.007303
vn 0.009636 -0.999953 -0.001033
vn 0.714083 -0.700006 -0.008763
vn 0.999884 0.010137 -0.011355
vn 0.699970 0.714135 -0.007294
vn -0.713271 0.700776 0.012591
vn -0.009548 0.999933 0.006553
vn -0.999900 -0.008603 0.011263
vn -0.700778 -0.713371 0.003338
vn 0.009588 -0.999933 -0.006550
vn 0.714320 -0.699705 -0.012597
vn 0.999880 0.010682 -0.011255
vn 0.699750 0.714381 -0.003320
vn -0.714420 0.699612 0.012117
vn -0.009600 0.999937 0.005854
vn -0.999877 -0.010874 0.011271
vn -0.699646 -0.714480 0.003821
vn 0.009551 -0.999937 -0.005858
vn 0.713178 -0.700879 -0.012108
vn 0.999901 0.008413 -0.011275
vn 0.700864 0.713285 -0.003839
vn -0.714144 0.699957 0.007635
vn -0.009661 0.999953 -0.000606
vn -0.999883 -0.010249 0.011400
vn -0.699891 -0.714199 0.008489
vn 0.009636 -0.999953 0.000611
vn 0.713534 -0.700579 -0.007628
vn 0.999894 0.009038 -0.011403
vn 0.700491 0.713611 -0.008495
vn -0.712064 0.702090 0.005889
vn -0.009607 0.999949 -0.003084
vn -0.999916 -0.006107 0.011441
vn -0.701912 -0.712189 0.010303
vn 0.009747 -0.999948 0.003100
vn 0.715635 -0.698449 -0.005932
vn 0.999848 0.013178 -0.011460
vn 0.698413 0.715622 -0.010264
s 1
g group2 Cables sweep3
usemtl initialShadingGroup
f 2449/3549/6847 2450/3550/6848 2458/3559/6849 2457/3558/6850
f 2450/3550/6848 2451/3551/6851 2459/3560/6852 2458/3559/6849
f 2451/3551/6851 2452/3552/6853 2460/3561/6854 2459/3560/6852
f 2452/3552/6853 2453/3553/6855 2461/3562/6856 2460/3561/6854
f 2453/3553/6855 2454/3554/6857 2462/3563/6858 2461/3562/6856
f 2454/3554/6857 2455/3555/6859 2463/3564/6860 2462/3563/6858
f 2455/3555/6859 2456/3556/6861 2464/3565/6862 2463/3564/6860
f 2456/3556/6861 2449/3557/6847 2457/3566/6850 2464/3565/6862
f 2457/3558/6850 2458/3559/6849 2466/3568/6863 2465/3567/6864
f 2458/3559/6849 2459/3560/6865 2467/3569/6866 2466/3568/6863
f 2459/3560/6865 2460/3561/6854 2468/3570/6867 2467/3569/6866
f 2460/3561/6854 2461/3562/6856 2469/3571/6868 2468/3570/6867
f 2461/3562/6856 2462/3563/6858 2470/3572/6869 2469/3571/6868
f 2462/3563/6858 2463/3564/6860 2471/3573/6870 2470/3572/6869
f 2463/3564/6860 2464/3565/6862 2472/3574/6871 2471/3573/6870
f 2464/3565/6862 2457/3566/6850 2465/3575/6864 2472/3574/6871
f 2465/3567/6864 2466/3568/6863 2474/3577/6872 2473/3576/6873
f 2466/3568/6863 2467/3569/6866 2475/3578/6874 2474/3577/6872
f 2467/3569/6866 2468/3570/6867 2476/3579/6875 2475/3578/6874
f 2468/3570/6867 2469/3571/6868 2477/3580/6876 2476/3579/6875
f 2469/3571/6868 2470/3572/6869 2478/3581/6877 2477/3580/6876
f 2470/3572/6869 2471/3573/6870 2479/3582/6878 2478/3581/6877
f 2471/3573/6870 2472/3574/6871 2480/3583/6879 2479/3582/6878
f 2472/3574/6871 2465/3575/6864 2473/3584/6873 2480/3583/6879
f 2473/3576/6873 2474/3577/6872 2482/3586/6880 2481/3585/6881
f 2474/3577/6872 2475/3578/6874 2483/3587/6882 2482/3586/6880
f 2475/3578/6874 2476/3579/6875 2484/3588/6883 2483/3587/6882
f 2476/3579/6875 2477/3580/6876 2485/3589/6884 2484/3588/6883
f 2477/3580/6876 2478/3581/6877 2486/3590/6885 2485/3589/6884
f 2478/3581/6877 2479/3582/6878 2487/3591/6886 2486/3590/6885
f 2479/3582/6878 2480/3583/6879 2488/3592/6887 2487/3591/6886
f 2480/3583/6879 2473/3584/6873 2481/3593/6881 2488/3592/6887
f 2481/3585/6881 2482/3586/6880 2490/3595/6888 2489/3594/6889
f 2482/3586/6880 2483/3587/6882 2491/3596/6890 2490/3595/6888
f 2483/3587/6882 2484/3588/6883 2492/3597/6891 2491/3596/6890
f 2484/3588/6883 2485/3589/6884 2493/3598/6892 2492/3597/6891
f 2485/3589/6884 2486/3590/6885 2494/3599/6893 2493/3598/6892
f 2486/3590/6885 2487/3591/6886 2495/3600/6894 2494/3599/6893
f 2487/3591/6886 2488/3592/6887 2496/3601/6895 2495/3600/6894
f 2488/3592/6887 2481/3593/6881 2489/3602/6889 2496/3601/6895
f 2489/3594/6889 2490/3595/6888 2498/3604/6896 2497/3603/6897
f 2490/3595/6888 2491/3596/6890 2499/3605/6898 2498/3604/6896
f 2491/3596/6890 2492/3597/6891 2500/3606/6899 2499/3605/6898
f 2492/3597/6891 2493/3598/6892 2501/3607/6900 2500/3606/6899
f 2493/3598/6892 2494/3599/6893 2502/3608/6901 2501/3607/6900
f 2494/3599/6893 2495/3600/6894 2503/3609/6902 2502/3608/6901
f 2495/3600/6894 2496/3601/6895 2504/3610/6903 2503/3609/6902
f 2496/3601/6895 2489/3602/6889 2497/3611/6897 2504/3610/6903
f 2497/3603/6897 2498/3604/6896 2506/3613/6904 2505/3612/6905
f 2498/3604/6896 2499/3605/6898 2507/3614/6906 2506/3613/6904
f 2499/3605/6898 2500/3606/6899 2508/3615/6907 2507/3614/6906
f 2500/3606/6899 2501/3607/6900 2509/3616/6908 2508/3615/6907
f 2501/3607/6900 2502/3608/6901 2510/3617/6909 2509/3616/6908
f 2502/3608/6901 2503/3609/6902 2511/3618/6910 2510/3617/6909
f 2503/3609/6902 2504/3610/6903 2512/3619/6911 2511/3618/6910
f 2504/3610/6903 2497/3611/6897 2505/3620/6905 2512/3619/6911
f 2505/3612/6905 2506/3613/6904 2514/3622/6912 2513/3621/6913
f 2506/3613/6904 2507/3614/6906 2515/3623/6914 2514/3622/6912
f 2507/3614/6906 2508/3615/6907 2516/3624/6915 2515/3623/6914
f 2508/3615/6907 2509/3616/6908 2517/3625/6916 2516/3624/6915
f 2509/3616/6908 2510/3617/6909 2518/3626/6917 2517/3625/6916
f 2510/3617/6909 2511/3618/6910 2519/3627/6918 2518/3626/6917
f 2511/3618/6910 2512/3619/6911 2520/3628/6919 2519/3627/6918
f 2512/3619/6911 2505/3620/6905 2513/3629/6913 2520/3628/6919
f 2513/3621/6913 2514/3622/6912 2522/3631/6920 2521/3630/6921
f 2514/3622/6912 2515/3623/6914 2523/3632/6922 2522/3631/6920
f 2515/3623/6914 2516/3624/6915 2524/3633/6923 2523/3632/6922
f 2516/3624/6915 2517/3625/6916 2525/3634/6924 2524/3633/6923
f 2517/3625/6916 2518/3626/6917 2526/3635/6925 2525/3634/6924
f 2518/3626/6917 2519/3627/6918 2527/3636/6926 2526/3635/6925
f 2519/3627/6918 2520/3628/6919 2528/3637/6927 2527/3636/6926
f 2520/3628/6919 2513/3629/6913 2521/3638/6921 2528/3637/6927
f 2521/3630/6921 2522/3631/6920 2530/3640/6928 2529/3639/6929
f 2522/3631/6920 2523/3632/6922 2531/3641/6930 2530/3640/6928
f 2523/3632/6922 2524/3633/6923 2532/3642/6931 2531/3641/6930
f 2524/3633/6923 2525/3634/6924 2533/3643/6932 2532/3642/6931
f 2525/3634/6924 2526/3635/6925 2534/3644/6933 2533/3643/6932
f 2526/3635/6925 2527/3636/6926 2535/3645/6934 2534/3644/6933
f 2527/3636/6926 2528/3637/6927 2536/3646/6935 2535/3645/6934
f 2528/3637/6927 2521/3638/6921 2529/3647/6929 2536/3646/6935
f 2529/3639/6929 2530/3640/6928 2538/3649/6936 2537/3648/6937
f 2530/3640/6928 2531/3641/6930 2539/3650/6938 2538/3649/6936
f 2531/3641/6930 2532/3642/6931 2540/3651/6939 2539/3650/6938
f 2532/3642/6931 2533/3643/6932 2541/3652/6940 2540/3651/6939
f 2533/3643/6932 2534/3644/6933 2542/3653/6941 2541/3652/6940
f 2534/3644/6933 2535/3645/6934 2543/3654/6942 2542/3653/6941
f 2535/3645/6934 2536/3646/6935 2544/3655/6943 2543/3654/6942
f 2536/3646/6935 2529/3647/6929 2537/3656/6937 2544/3655/6943
f 2537/3648/6937 2538/3649/6936 2546/3658/6944 2545/3657/6945
f 2538/3649/6936 2539/3650/6938 2547/3659/6946 2546/3658/6944
f 2539/3650/6938 2540/3651/6939 2548/3660/6947 2547/3659/6946
f 2540/3651/6939 2541/3652/6940 2549/3661/6948 2548/3660/6947
f 2541/3652/6940 2542/3653/6941 2550/3662/6949 2549/3661/6948
f 2542/3653/6941 2543/3654/6942 2551/3663/6950 2550/3662/6949
f 2543/3654/6942 2544/3655/6943 2552/3664/6951 2551/3663/6950
f 2544/3655/6943 2537/3656/6937 2545/3665/6945 2552/3664/6951
f 2545/3657/6945 2546/3658/6944 2554/3667/6952 2553/3666/6953
f 2546/3658/6944 2547/3659/6946 2555/3668/6954 2554/3667/6952
f 2547/3659/6946 2548/3660/6947 2556/3669/6955 2555/3668/6954
f 2548/3660/6947 2549/3661/6948 2557/3670/6956 2556/3669/6955
f 2549/3661/6948 2550/3662/6949 2558/3671/6957 2557/3670/6956
f 2550/3662/6949 2551/3663/6950 2559/3672/6958 2558/3671/6957
f 2551/3663/6950 2552/3664/6951 2560/3673/6959 2559/3672/6958
f 2552/3664/6951 2545/3665/6945 2553/3674/6953 2560/3673/6959
f 2553/3666/6953 2554/3667/6952 2562/3676/6960 2561/3675/6961
f 2554/3667/6952 2555/3668/6954 2563/3677/6962 2562/3676/6960
f 2555/3668/6954 2556/3669/6955 2564/3678/6963 2563/3677/6962
f 2556/3669/6955 2557/3670/6956 2565/3679/6964 2564/3678/6963
f 2557/3670/6956 2558/3671/6957 2566/3680/6965 2565/3679/6964
f 2558/3671/6957 2559/3672/6958 2567/3681/6966 2566/3680/6965
f 2559/3672/6958 2560/3673/6959 2568/3682/6967 2567/3681/6966
f 2560/3673/6959 2553/3674/6953 2561/3683/6961 2568/3682/6967
f 2561/3675/6961 2562/3676/6960 2570/3685/6968 2569/3684/6969
f 2562/3676/6960 2563/3677/6962 2571/3686/6970 2570/3685/6968
f 2563/3677/6962 2564/3678/6963 2572/3687/6971 2571/3686/6970
f 2564/3678/6963 2565/3679/6964 2573/3688/6972 2572/3687/6971
f 2565/3679/6964 2566/3680/6965 2574/3689/6973 2573/3688/6972
f 2566/3680/6965 2567/3681/6966 2575/3690/6974 2574/3689/6973
f 2567/3681/6966 2568/3682/6967 2576/3691/6975 2575/3690/6974
f 2568/3682/6967 2561/3683/6961 2569/3692/6969 2576/3691/6975
f 2569/3684/6969 2570/3685/6968 2578/3694/6976 2577/3693/6977
f 2570/3685/6968 2571/3686/6970 2579/3695/6978 2578/3694/6976
f 2571/3686/6970 2572/3687/6971 2580/3696/6979 2579/3695/6978
f 2572/3687/6971 2573/3688/6972 2581/3697/6980 2580/3696/6979
f 2573/3688/6972 2574/3689/6973 2582/3698/6981 2581/3697/6980
f 2574/3689/6973 2575/3690/6974 2583/3699/6982 2582/3698/6981
f 2575/3690/6974 2576/3691/6975 2584/3700/6983 2583/3699/6982
f 2576/3691/6975 2569/3692/6969 2577/3701/6977 2584/3700/6983
f 2577/3693/6977 2578/3694/6976 2586/3703/6984 2585/3702/6985
f 2578/3694/6976 2579/3695/6978 2587/3704/6986 2586/3703/6984
f 2579/3695/6978 2580/3696/6979 2588/3705/6987 2587/3704/6986
f 2580/3696/6979 2581/3697/6980 2589/3706/6988 2588/3705/6987
f 2581/3697/6980 2582/3698/6981 2590/3707/6989 2589/3706/6988
f 2582/3698/6981 2583/3699/6982 2591/3708/6990 2590/3707/6989
f 2583/3699/6982 2584/3700/6983 2592/3709/6991 2591/3708/6990
f 2584/3700/6983 2577/3701/6977 2585/3710/6985 2592/3709/6991
f 2585/3702/6985 2586/3703/6984 2594/3712/6992 2593/3711/6993
f 2586/3703/6984 2587/3704/6986 2595/3713/6994 2594/3712/6992
f 2587/3704/6986 2588/3705/6987 2596/3714/6995 2595/3713/6994
f 2588/3705/6987 2589/3706/6988 2597/3715/6996 2596/3714/6995
f 2589/3706/6988 2590/3707/6989 2598/3716/6997 2597/3715/6996
f 2590/3707/6989 2591/3708/6990 2599/3717/6998 2598/3716/6997
f 2591/3708/6990 2592/3709/6991 2600/3718/6999 2599/3717/6998
f 2592/3709/6991 2585/3710/6985 2593/3719/6993 2600/3718/6999
f 2593/3711/6993 2594/3712/6992 2602/3721/7000 2601/3720/7001
f 2594/3712/6992 2595/3713/6994 2603/3722/7002 2602/3721/7000
f 2595/3713/6994 2596/3714/6995 2604/3723/7003 2603/3722/7002
f 2596/3714/6995 2597/3715/6996 2605/3724/7004 2604/3723/7003
f 2597/3715/6996 2598/3716/6997 2606/3725/7005 2605/3724/7004
f 2598/3716/6997 2599/3717/6998 2607/3726/7006 2606/3725/7005
f 2599/3717/6998 2600/3718/6999 2608/3727/7007 2607/3726/7006
f 2600/3718/6999 2593/3719/6993 2601/3728/7001 2608/3727/7007
f 2601/3720/7001 2602/3721/7000 2610/3730/7008 2609/3729/7009
f 2602/3721/7000 2603/3722/7002 2611/3731/7010 2610/3730/7008
f 2603/3722/7002 2604/3723/7003 2612/3732/7011 2611/3731/7010
f 2604/3723/7003 2605/3724/7004 2613/3733/7012 2612/3732/7011
f 2605/3724/7004 2606/3725/7005 2614/3734/7013 2613/3733/7012
f 2606/3725/7005 2607/3726/7006 2615/3735/7014 2614/3734/7013
f 2607/3726/7006 2608/3727/7007 2616/3736/7015 2615/3735/7014
f 2608/3727/7007 2601/3728/7001 2609/3737/7009 2616/3736/7015
f 2609/3729/7009 2610/3730/7008 2618/3739/7016 2617/3738/7017
f 2610/3730/7008 2611/3731/7010 2619/3740/7018 2618/3739/7016
f 2611/3731/7010 2612/3732/7011 2620/3741/7019 2619/3740/7018
f 2612/3732/7011 2613/3733/7012 2621/3742/7020 2620/3741/7019
f 2613/3733/7012 2614/3734/7013 2622/3743/7021 2621/3742/7020
f 2614/3734/7013 2615/3735/7014 2623/3744/7022 2622/3743/7021
f 2615/3735/7014 2616/3736/7015 2624/3745/7023 2623/3744/7022
f 2616/3736/7015 2609/3737/7009 2617/3746/7017 2624/3745/7023
f 2617/3738/7017 2618/3739/7016 2626/3748/7024 2625/3747/7025
f 2618/3739/7016 2619/3740/7018 2627/3749/7026 2626/3748/7024
f 2619/3740/7018 2620/3741/7019 2628/3750/7027 2627/3749/7026
f 2620/3741/7019 2621/3742/7020 2629/3751/7028 2628/3750/7027
f 2621/3742/7020 2622/3743/7021 2630/3752/7029 2629/3751/7028
f 2622/3743/7021 2623/3744/7022 2631/3753/7030 2630/3752/7029
f 2623/3744/7022 2624/3745/7023 2632/3754/7031 2631/3753/7030
f 2624/3745/7023 2617/3746/7017 2625/3755/7025 2632/3754/7031
f 2625/3747/7025 2626/3748/7024 2634/3757/7032 2633/3756/7033
f 2626/3748/7024 2627/3749/7026 2635/3758/7034 2634/3757/7032
f 2627/3749/7026 2628/3750/7027 2636/3759/7035 2635/3758/7034
f 2628/3750/7027 2629/3751/7028 2637/3760/7036 2636/3759/7035
f 2629/3751/7028 2630/3752/7029 2638/3761/7037 2637/3760/7036
f 2630/3752/7029 2631/3753/7030 2639/3762/7038 2638/3761/7037
f 2631/3753/7030 2632/3754/7031 2640/3763/7039 2639/3762/7038
f 2632/3754/7031 2625/3755/7025 2633/3764/7033 2640/3763/7039
f 2633/3756/7033 2634/3757/7032 2642/3766/7040 2641/3765/7041
f 2634/3757/7032 2635/3758/7034 2643/3767/7042 2642/3766/7040
f 2635/3758/7034 2636/3759/7035 2644/3768/7043 2643/3767/7042
f 2636/3759/7035 2637/3760/7036 2645/3769/7044 2644/3768/7043
f 2637/3760/7036 2638/3761/7037 2646/3770/7045 2645/3769/7044
f 2638/3761/7037 2639/3762/7038 2647/3771/7046 2646/3770/7045
f 2639/3762/7038 2640/3763/7039 2648/3772/7047 2647/3771/7046
f 2640/3763/7039 2633/3764/7033 2641/3773/7041 2648/3772/7047
f 2641/3765/7041 2642/3766/7040 2650/3775/7048 2649/3774/7049
f 2642/3766/7040 2643/3767/7042 2651/3776/7050 2650/3775/7048
f 2643/3767/7042 2644/3768/7043 2652/3777/7051 2651/3776/7050
f 2644/3768/7043 2645/3769/7044 2653/3778/7052 2652/3777/7051
f 2645/3769/7044 2646/3770/7045 2654/3779/7053 2653/3778/7052
f 2646/3770/7045 2647/3771/7046 2655/3780/7054 2654/3779/7053
f 2647/3771/7046 2648/3772/7047 2656/3781/7055 2655/3780/7054
f 2648/3772/7047 2641/3773/7041 2649/3782/7049 2656/3781/7055
g default
v -3.178805 8.911393 -28.207767
v -3.080621 8.870720 -28.205379
v -3.039906 8.772527 -28.205870
v -3.080508 8.674334 -28.208952
v -3.178643 8.633661 -28.212820
v -3.276827 8.674334 -28.215210
v -3.317542 8.772527 -28.214718
v -3.276940 8.870720 -28.211636
v -3.435955 9.034668 -31.051151
v -3.353746 8.996571 -31.106741
v -3.320744 8.899622 -31.135231
v -3.356282 8.800612 -31.119930
v -3.439541 8.757541 -31.069805
v -3.521750 8.795638 -31.014215
v -3.554752 8.892588 -30.985727
v -3.519215 8.991597 -31.001026
v -4.867381 9.082154 -32.024002
v -4.833852 9.046420 -32.118336
v -4.819231 8.950362 -32.161453
v -4.832082 8.850252 -32.128098
v -4.864877 8.804731 -32.037807
v -4.898406 8.840466 -31.943476
v -4.913027 8.936522 -31.900356
v -4.900176 9.036633 -31.933712
v -6.571418 9.110002 -32.419964
v -6.558898 9.074669 -32.519436
v -6.555426 8.978825 -32.565281
v -6.563035 8.878613 -32.530643
v -6.577269 8.832738 -32.435814
v -6.589789 8.868071 -32.336342
v -6.593261 8.963915 -32.290497
v -6.585651 9.064126 -32.325134
v -8.318766 9.157858 -32.604858
v -8.309749 9.122614 -32.704739
v -8.307323 9.026796 -32.750706
v -8.312912 8.926534 -32.715832
v -8.323240 8.880560 -32.620544
v -8.332258 8.915804 -32.520664
v -8.334682 9.011621 -32.474697
v -8.329094 9.111883 -32.509571
v -10.069415 9.187604 -32.771214
v -10.060667 9.152364 -32.871120
v -10.057691 9.056537 -32.917034
v -10.062229 8.956257 -32.882061
v -10.071625 8.910266 -32.786686
v -10.080373 8.945506 -32.686779
v -10.083349 9.041332 -32.640865
v -10.078811 9.141613 -32.675838
v -11.820443 9.205987 -32.927696
v -11.812094 9.170753 -33.027641
v -11.808930 9.074923 -33.073540
v -11.812804 8.974635 -33.038506
v -11.821447 8.928637 -32.943062
v -11.829796 8.963872 -32.843121
v -11.832960 9.059701 -32.797222
v -11.829086 9.159988 -32.832253
v -13.571978 9.218709 -33.073860
v -13.564185 9.183478 -33.173847
v -13.561129 9.087649 -33.219757
v -13.564600 8.987359 -33.184689
v -13.572564 8.941356 -33.089191
v -13.580358 8.976586 -32.989201
v -13.583413 9.072414 -32.943291
v -13.579943 9.172706 -32.978359
v -15.424352 9.230443 -33.217587
v -15.416980 9.195214 -33.317608
v -15.414088 9.099387 -33.363529
v -15.417372 8.999096 -33.328449
v -15.424907 8.953089 -33.232918
v -15.432280 8.988317 -33.132893
v -15.435170 9.084145 -33.086975
v -15.431887 9.184437 -33.122055
v -17.276760 9.241964 -33.358711
v -17.269232 9.206735 -33.458721
v -17.266279 9.110908 -33.504635
v -17.269632 9.010616 -33.469563
v -17.277327 8.964610 -33.374039
v -17.284857 8.999840 -33.274029
v -17.287809 9.095668 -33.228115
v -17.284456 9.195959 -33.263191
v -19.128347 9.254189 -33.508446
v -19.120113 9.218954 -33.608398
v -19.116886 9.123125 -33.654293
v -19.120552 9.022836 -33.619240
v -19.128967 8.976835 -33.523781
v -19.137199 9.012070 -33.423824
v -19.140429 9.107899 -33.377934
v -19.136761 9.208188 -33.412983
v -20.979033 9.267359 -33.669762
v -20.970457 9.232121 -33.769684
v -20.967096 9.136292 -33.815567
v -20.970915 9.036003 -33.780529
v -20.979677 8.990005 -33.685097
v -20.988251 9.025242 -33.585175
v -20.991613 9.121072 -33.539291
v -20.987795 9.221360 -33.574329
v -22.829872 9.280536 -33.831169
v -22.821627 9.245301 -33.931122
v -22.818394 9.149472 -33.977016
v -22.822065 9.049183 -33.941963
v -22.830494 9.003182 -33.846504
v -22.838739 9.038417 -33.746552
v -22.841972 9.134246 -33.700657
v -22.838299 9.234535 -33.735710
v -24.681725 9.292740 -33.980476
v -24.674286 9.257511 -34.080494
v -24.671375 9.161684 -34.126411
v -24.674700 9.061393 -34.091335
v -24.682312 9.015387 -33.995808
v -24.689751 9.050615 -33.895790
v -24.692661 9.146442 -33.849873
v -24.689337 9.246734 -33.884949
v -26.533119 9.307043 -34.134895
v -26.523745 9.271798 -34.234745
v -26.520248 9.175966 -34.280613
v -26.524681 9.075684 -34.245628
v -26.534445 9.029696 -34.150291
v -26.543821 9.064940 -34.050442
v -26.547318 9.160772 -34.004574
v -26.542885 9.261055 -34.039555
v -28.373760 9.334985 -34.371338
v -28.357702 9.299634 -34.470295
v -28.352039 9.203767 -34.515873
v -28.360088 9.103542 -34.481373
v -28.377134 9.057671 -34.387009
v -28.393194 9.093021 -34.288052
v -28.398857 9.188889 -34.242474
v -28.390806 9.289113 -34.276974
v -30.143085 9.384384 -34.796883
v -30.112741 9.348652 -34.892288
v -30.101227 9.252629 -34.936413
v -30.115288 9.152565 -34.903408
v -30.146687 9.107076 -34.812611
v -30.177031 9.142808 -34.717205
v -30.188545 9.238831 -34.673080
v -30.174484 9.338895 -34.706085
v -31.794655 9.439085 -35.555847
v -31.741346 9.402525 -35.640236
v -31.719772 9.306140 -35.679531
v -31.742567 9.206390 -35.650719
v -31.796379 9.161708 -35.570671
v -31.849688 9.198268 -35.486282
v -31.871264 9.294653 -35.446983
v -31.848467 9.394403 -35.475800
v -33.071503 9.527843 -36.830048
v -32.989761 9.489254 -36.885983
v -32.957352 9.392096 -36.914440
v -32.993263 9.293283 -36.898750
v -33.076458 9.250697 -36.848106
v -33.158203 9.289287 -36.792171
v -33.190609 9.386445 -36.763710
v -33.154697 9.485259 -36.779400
v -33.808731 9.660269 -38.482361
v -33.714996 9.619564 -38.511639
v -33.677998 9.521595 -38.529884
v -33.719398 9.423751 -38.526409
v -33.814957 9.383347 -38.503246
v -33.908688 9.424052 -38.473965
v -33.945690 9.522021 -38.455723
v -33.904285 9.619865 -38.459198
v -33.849312 9.841967 -40.707973
v -33.754356 9.797454 -40.690609
v -33.716869 9.697982 -40.690441
v -33.758816 9.601820 -40.707565
v -33.855621 9.565298 -40.731953
v -33.950577 9.609811 -40.749317
v -33.988064 9.709283 -40.749485
v -33.946117 9.805446 -40.732357
v -33.092827 10.014623 -42.822823
v -33.007187 9.968066 -42.780418
v -32.973381 9.867786 -42.770367
v -33.011211 9.772528 -42.798553
v -33.098518 9.738090 -42.848469
v -33.184158 9.784647 -42.890869
v -33.217964 9.884926 -42.900921
v -33.180134 9.980186 -42.872738
v -32.005844 10.137546 -44.328499
v -31.932455 10.089545 -44.268414
v -31.903484 9.988696 -44.251381
v -31.935904 9.894075 -44.287376
v -32.010719 9.861109 -44.355316
v -32.084106 9.909109 -44.415401
v -32.113075 10.009958 -44.432434
v -32.080658 10.104580 -44.396439
v -30.749239 10.249729 -45.702625
v -30.678572 10.201485 -45.639553
v -30.650675 10.100539 -45.621338
v -30.681890 10.006025 -45.658657
v -30.753933 9.973309 -45.729645
v -30.824600 10.021553 -45.792721
v -30.852497 10.122499 -45.810936
v -30.821281 10.217012 -45.773617
v -29.418079 10.356054 -47.004990
v -29.350132 10.307585 -46.939159
v -29.323307 10.206551 -46.919857
v -29.353323 10.112136 -46.958393
v -29.422594 10.079648 -47.032192
v -29.490541 10.128118 -47.098022
v -29.517365 10.229152 -47.117321
v -29.487350 10.323566 -47.078785
v -28.339502 10.478357 -48.503078
v -28.247561 10.432973 -48.475033
v -28.211264 10.333157 -48.470650
v -28.251879 10.237380 -48.492493
v -28.345612 10.201747 -48.527771
v -28.437553 10.247131 -48.555817
v -28.473850 10.346948 -48.560200
v -28.433235 10.442725 -48.538357
v -28.217442 10.588413 -50.297188
v -28.120598 10.545178 -50.304405
v -28.082829 10.446009 -50.310627
v -28.126259 10.348997 -50.312214
v -28.225445 10.310971 -50.308235
v -28.322289 10.354206 -50.301018
v -28.360058 10.453376 -50.294796
v -28.316629 10.550387 -50.293209
v -28.373604 10.649506 -52.097118
v -28.277269 10.606481 -52.110100
v -28.239626 10.507362 -52.117748
v -28.282724 10.410213 -52.115582
v -28.381317 10.371943 -52.104866
v -28.477650 10.414968 -52.091885
v -28.515293 10.514087 -52.084240
v -28.472197 10.611235 -52.086407
v -28.767382 10.717768 -53.844456
v -28.686962 10.677096 -53.900833
v -28.656757 10.579079 -53.928764
v -28.694460 10.481133 -53.911888
v -28.777985 10.440633 -53.860088
v -28.858404 10.481303 -53.803707
v -28.888609 10.579321 -53.775780
v -28.850906 10.677268 -53.792656
vt 0.000000 0.000000
vt 0.002012 0.000000
vt 0.004025 0.000000
vt 0.006037 0.000000
vt 0.008050 0.000000
vt 0.010062 0.000000
vt 0.012075 0.000000
vt 0.014087 0.000000
vt 0.016100 0.000000
vt 0.000000 0.054101
vt 0.002012 0.054101
vt 0.004025 0.054101
vt 0.006037 0.054101
vt 0.008050 0.054101
vt 0.010062 0.054101
vt 0.012075 0.054101
vt 0.014087 0.054101
vt 0.016100 0.054101
vt 0.000000 0.086879
vt 0.002012 0.086879
vt 0.004025 0.086879
vt 0.006037 0.086879
vt 0.008050 0.086879
vt 0.010062 0.086879
vt 0.012075 0.086879
vt 0.014087 0.086879
vt 0.016100 0.086879
vt 0.000000 0.120004
vt 0.002012 0.120004
vt 0.004025 0.120004
vt 0.006037 0.120004
vt 0.008050 0.120004
vt 0.010062 0.120004
vt 0.012075 0.120004
vt 0.014087 0.120004
vt 0.016100 0.120004
vt 0.000000 0.153281
vt 0.002012 0.153281
vt 0.004025 0.153281
vt 0.006037 0.153281
vt 0.008050 0.153281
vt 0.010062 0.153281
vt 0.012075 0.153281
vt 0.014087 0.153281
vt 0.016100 0.153281
vt 0.000000 0.186579
vt 0.002012 0.186579
vt 0.004025 0.186579
vt 0.006037 0.186579
vt 0.008050 0.186579
vt 0.010062 0.186579
vt 0.012075 0.186579
vt 0.014087 0.186579
vt 0.016100 0.186579
vt 0.000000 0.219863
vt 0.002012 0.219863
vt 0.004025 0.219863
vt 0.006037 0.219863
vt 0.008050 0.219863
vt 0.010062 0.219863
vt 0.012075 0.219863
vt 0.014087 0.219863
vt 0.016100 0.219863
vt 0.000000 0.253139
vt 0.002012 0.253139
vt 0.004025 0.253139
vt 0.006037 0.253139
vt 0.008050 0.253139
vt 0.010062 0.253139
vt 0.012075 0.253139
vt 0.014087 0.253139
vt 0.016100 0.253139
vt 0.000000 0.288314
vt 0.002012 0.288314
vt 0.004025 0.288314
vt 0.006037 0.288314
vt 0.008050 0.288314
vt 0.010062 0.288314
vt 0.012075 0.288314
vt 0.014087 0.288314
vt 0.016100 0.288314
vt 0.000000 0.323486
vt 0.002012 0.323486
vt 0.004025 0.323486
vt 0.006037 0.323486
vt 0.008050 0.323486
vt 0.010062 0.323486
vt 0.012075 0.323486
vt 0.014087 0.323486
vt 0.016100 0.323486
vt 0.000000 0.358656
vt 0.002012 0.358656
vt 0.004025 0.358656
vt 0.006037 0.358656
vt 0.008050 0.358656
vt 0.010062 0.358656
vt 0.012075 0.358656
vt 0.014087 0.358656
vt 0.016100 0.358656
vt 0.000000 0.393827
vt 0.002012 0.393827
vt 0.004025 0.393827
vt 0.006037 0.393827
vt 0.008050 0.393827
vt 0.010062 0.393827
vt 0.012075 0.393827
vt 0.014087 0.393827
vt 0.016100 0.393827
vt 0.000000 0.429000
vt 0.002012 0.429000
vt 0.004025 0.429000
vt 0.006037 0.429000
vt 0.008050 0.429000
vt 0.010062 0.429000
vt 0.012075 0.429000
vt 0.014087 0.429000
vt 0.016100 0.429000
vt 0.000000 0.464174
vt 0.002012 0.464174
vt 0.004025 0.464174
vt 0.006037 0.464174
vt 0.008050 0.464174
vt 0.010062 0.464174
vt 0.012075 0.464174
vt 0.014087 0.464174
vt 0.016100 0.464174
vt 0.000000 0.499347
vt 0.002012 0.499347
vt 0.004025 0.499347
vt 0.006037 0.499347
vt 0.008050 0.499347
vt 0.010062 0.499347
vt 0.012075 0.499347
vt 0.014087 0.499347
vt 0.016100 0.499347
vt 0.000000 0.534485
vt 0.002012 0.534485
vt 0.004025 0.534485
vt 0.006037 0.534485
vt 0.008050 0.534485
vt 0.010062 0.534485
vt 0.012075 0.534485
vt 0.014087 0.534485
vt 0.016100 0.534485
vt 0.000000 0.568949
vt 0.002012 0.568949
vt 0.004025 0.568949
vt 0.006037 0.568949
vt 0.008050 0.568949
vt 0.010062 0.568949
vt 0.012075 0.568949
vt 0.014087 0.568949
vt 0.016100 0.568949
vt 0.000000 0.603376
vt 0.002012 0.603376
vt 0.004025 0.603376
vt 0.006037 0.603376
vt 0.008050 0.603376
vt 0.010062 0.603376
vt 0.012075 0.603376
vt 0.014087 0.603376
vt 0.016100 0.603376
vt 0.000000 0.637568
vt 0.002012 0.637568
vt 0.004025 0.637568
vt 0.006037 0.637568
vt 0.008050 0.637568
vt 0.010062 0.637568
vt 0.012075 0.637568
vt 0.014087 0.637568
vt 0.016100 0.637568
vt 0.000000 0.671914
vt 0.002012 0.671914
vt 0.004025 0.671914
vt 0.006037 0.671914
vt 0.008050 0.671914
vt 0.010062 0.671914
vt 0.012075 0.671914
vt 0.014087 0.671914
vt 0.016100 0.671914
vt 0.000000 0.714196
vt 0.002012 0.714196
vt 0.004025 0.714196
vt 0.006037 0.714196
vt 0.008050 0.714196
vt 0.010062 0.714196
vt 0.012075 0.714196
vt 0.014087 0.714196
vt 0.016100 0.714196
vt 0.000000 0.756844
vt 0.002012 0.756844
vt 0.004025 0.756844
vt 0.006037 0.756844
vt 0.008050 0.756844
vt 0.010062 0.756844
vt 0.012075 0.756844
vt 0.014087 0.756844
vt 0.016100 0.756844
vt 0.000000 0.792078
vt 0.002012 0.792078
vt 0.004025 0.792078
vt 0.006037 0.792078
vt 0.008050 0.792078
vt 0.010062 0.792078
vt 0.012075 0.792078
vt 0.014087 0.792078
vt 0.016100 0.792078
vt 0.000000 0.827395
vt 0.002012 0.827395
vt 0.004025 0.827395
vt 0.006037 0.827395
vt 0.008050 0.827395
vt 0.010062 0.827395
vt 0.012075 0.827395
vt 0.014087 0.827395
vt 0.016100 0.827395
vt 0.000000 0.862709
vt 0.002012 0.862709
vt 0.004025 0.862709
vt 0.006037 0.862709
vt 0.008050 0.862709
vt 0.010062 0.862709
vt 0.012075 0.862709
vt 0.014087 0.862709
vt 0.016100 0.862709
vt 0.000000 0.897733
vt 0.002012 0.897733
vt 0.004025 0.897733
vt 0.006037 0.897733
vt 0.008050 0.897733
vt 0.010062 0.897733
vt 0.012075 0.897733
vt 0.014087 0.897733
vt 0.016100 0.897733
vt 0.000000 0.931841
vt 0.002012 0.931841
vt 0.004025 0.931841
vt 0.006037 0.931841
vt 0.008050 0.931841
vt 0.010062 0.931841
vt 0.012075 0.931841
vt 0.014087 0.931841
vt 0.016100 0.931841
vt 0.000000 0.966065
vt 0.002012 0.966065
vt 0.004025 0.966065
vt 0.006037 0.966065
vt 0.008050 0.966065
vt 0.010062 0.966065
vt 0.012075 0.966065
vt 0.014087 0.966065
vt 0.016100 0.966065
vt 0.000000 1.000000
vt 0.002012 1.000000
vt 0.004025 1.000000
vt 0.006037 1.000000
vt 0.008050 1.000000
vt 0.010062 1.000000
vt 0.012075 1.000000
vt 0.014087 1.000000
vt 0.016100 1.000000
vn 0.033756 0.998651 0.039445
vn 0.746647 0.663918 -0.041610
vn 0.690333 0.668686 -0.276225
vn 0.100483 0.994932 0.003721
vn 0.995434 -0.008374 -0.095088
vn 0.910894 0.016235 -0.412321
vn 0.737088 -0.668537 -0.098790
vn 0.686993 -0.642418 -0.339617
vn 0.037888 -0.998151 -0.047529
vn 0.103677 -0.990732 -0.087760
vn -0.708285 -0.705228 0.031393
vn -0.583349 -0.781599 0.220922
vn -0.996295 -0.003464 0.085928
vn -0.918702 -0.019322 0.394480
vn -0.711666 0.696455 0.092094
vn -0.588342 0.755458 0.288333
vn 0.297947 0.710574 -0.637427
vn 0.025165 0.999652 0.007932
vn 0.401126 0.048884 -0.914718
vn 0.296783 -0.639777 -0.708947
vn 0.022206 -0.995073 -0.096624
vn -0.273693 -0.758398 0.591544
vn -0.398422 -0.050754 0.915797
vn -0.272292 0.690712 0.669905
vn 0.128823 0.733997 -0.666823
vn 0.015748 0.999082 0.039839
vn 0.166915 0.050316 -0.984687
vn 0.110635 -0.660819 -0.742347
vn -0.009259 -0.997379 -0.071754
vn -0.125144 -0.751609 0.647629
vn -0.166968 -0.054921 0.984432
vn -0.107894 0.675481 0.729441
vn 0.083064 0.744268 -0.662696
vn 0.016638 0.998352 0.054930
vn 0.100998 0.055843 -0.993318
vn 0.059931 -0.665716 -0.743795
vn -0.016300 -0.998175 -0.058150
vn -0.083015 -0.744613 0.662314
vn -0.100923 -0.053328 0.993464
vn -0.059567 0.668747 0.741100
vn 0.071414 0.744691 -0.663578
vn 0.008654 0.998450 0.054971
vn 0.092422 0.055548 -0.994169
vn 0.059361 -0.666426 -0.743205
vn -0.008508 -0.998363 -0.056555
vn -0.071416 -0.744667 0.663604
vn -0.092406 -0.053916 0.994261
vn -0.059197 0.668124 0.741691
vn 0.064027 0.744566 -0.664471
vn 0.004153 0.998502 0.054554
vn 0.086442 0.055180 -0.994728
vn 0.058289 -0.666641 -0.743096
vn -0.004014 -0.998414 -0.056161
vn -0.063992 -0.744962 0.664030
vn -0.086437 -0.054420 0.994770
vn -0.058180 0.667894 0.741979
vn 0.058548 0.744481 -0.665071
vn 0.002397 0.998514 0.054441
vn 0.080427 0.054927 -0.995246
vn 0.055256 -0.666797 -0.743188
vn -0.002272 -0.998430 -0.055974
vn -0.058494 -0.745136 0.664343
vn -0.080428 -0.054765 0.995255
vn -0.055185 0.667696 0.742386
vn 0.055807 0.744737 -0.665021
vn 0.002039 0.998484 0.055003
vn 0.076888 0.054880 -0.995528
vn 0.052944 -0.667125 -0.743062
vn -0.002010 -0.998464 -0.055370
vn -0.055793 -0.744911 0.664827
vn -0.076889 -0.054856 0.995530
vn -0.052930 0.667327 0.742882
vn 0.056958 0.745096 -0.664521
vn 0.002019 0.998440 0.055803
vn 0.078516 0.054845 -0.995403
vn 0.054031 -0.667568 -0.742586
vn -0.002117 -0.998508 -0.054573
vn -0.057004 -0.744529 0.665152
vn -0.078516 -0.054864 0.995402
vn -0.054084 0.666901 0.743181
vn 0.060906 0.745168 -0.664090
vn 0.002142 0.998427 0.056019
vn 0.083969 0.054797 -0.994961
vn 0.057776 -0.667707 -0.742179
vn -0.002279 -0.998518 -0.054378
vn -0.060971 -0.744410 0.664933
vn -0.083969 -0.054838 0.994958
vn -0.057848 0.666817 0.742973
vn 0.063221 0.744780 -0.664309
vn 0.002293 0.998472 0.055213
vn 0.087114 0.054797 -0.994690
vn 0.059977 -0.667280 -0.742388
vn -0.002295 -0.998473 -0.055198
vn -0.063220 -0.744772 0.664317
vn -0.087114 -0.054798 0.994690
vn -0.059978 0.667275 0.742392
vn 0.060903 0.744395 -0.664956
vn 0.002284 0.998520 0.054336
vn 0.083870 0.054840 -0.994967
vn 0.057778 -0.666798 -0.742995
vn -0.002141 -0.998425 -0.056057
vn -0.060835 -0.745189 0.664072
vn -0.083869 -0.054798 0.994969
vn -0.057703 0.667731 0.742163
vn 0.059828 0.744918 -0.664468
vn 0.002581 0.998448 0.055633
vn 0.082008 0.054699 -0.995130
vn 0.056115 -0.667527 -0.742468
vn -0.002653 -0.998493 -0.054820
vn -0.059854 -0.744657 0.664759
vn -0.082011 -0.054970 0.995114
vn -0.056165 0.666953 0.742980
vn 0.078409 0.747078 -0.660096
vn 0.004864 0.998101 0.061410
vn 0.105735 0.053958 -0.992929
vn 0.070451 -0.670821 -0.738266
vn -0.006236 -0.998752 -0.049560
vn -0.078991 -0.742058 0.665666
vn -0.105754 -0.055275 0.992855
vn -0.071258 0.663844 0.744468
vn 0.134715 0.749903 -0.647686
vn 0.008237 0.997483 0.070421
vn 0.181182 0.052456 -0.982050
vn 0.118755 -0.676051 -0.727222
vn -0.013885 -0.999015 -0.042137
vn -0.137250 -0.737024 0.661784
vn -0.181224 -0.054090 0.981953
vn -0.121906 0.660018 0.741293
vn 0.235377 0.752822 -0.614701
vn 0.002125 0.996780 0.080161
vn 0.327935 0.050029 -0.943375
vn 0.219845 -0.683696 -0.695865
vn -0.019984 -0.999305 -0.031458
vn -0.244517 -0.727361 0.641216
vn -0.328237 -0.048334 0.943358
vn -0.228833 0.657407 0.717949
vn 0.397838 0.755659 -0.520292
vn -0.017804 0.995487 0.093214
vn 0.571436 0.039681 -0.819687
vn 0.382515 -0.701265 -0.601590
vn -0.038124 -0.999103 -0.018426
vn -0.424492 -0.711446 0.560045
vn -0.571032 -0.040972 0.819905
vn -0.411334 0.652092 0.636852
vn 0.576502 0.742868 -0.340282
vn -0.022310 0.995483 0.092287
vn 0.824020 0.020121 -0.566203
vn 0.550126 -0.714616 -0.432071
vn -0.056116 -0.997807 -0.035112
vn -0.613631 -0.697531 0.370010
vn -0.824704 -0.024215 0.565046
vn -0.592086 0.662881 0.458283
vn 0.685124 0.724140 -0.078908
vn -0.030601 0.995979 0.084195
vn 0.980669 -0.008673 -0.195483
vn 0.650441 -0.735322 -0.190339
vn -0.076100 -0.994784 -0.067920
vn -0.735154 -0.671502 0.092914
vn -0.979943 0.005541 0.199203
vn -0.705777 0.680684 0.196335
vn 0.693052 0.700090 0.171910
vn -0.024037 0.996503 0.080031
vn 0.986674 -0.037224 0.158394
vn 0.658471 -0.751079 0.047911
vn -0.070124 -0.993468 -0.090019
vn -0.737360 -0.652613 -0.174347
vn -0.986274 0.035278 -0.161302
vn -0.707178 0.704622 -0.058363
vn 0.628960 0.680566 0.375819
vn -0.012286 0.997066 0.075550
vn 0.891612 -0.060849 0.448692
vn 0.598064 -0.763978 0.242195
vn -0.053709 -0.992700 -0.107990
vn -0.660385 -0.642506 -0.388688
vn -0.891378 0.059167 -0.449384
vn -0.632577 0.728637 -0.262555
vn 0.556394 0.658417 0.506866
vn 0.005704 0.996218 0.086699
vn 0.776434 -0.074728 0.625753
vn 0.530294 -0.763000 0.369621
vn -0.030477 -0.993981 -0.105225
vn -0.568154 -0.642299 -0.514445
vn -0.776435 0.074021 -0.625836
vn -0.543210 0.748387 -0.380578
vn 0.518362 0.651139 0.554363
vn 0.011594 0.995654 0.092409
vn 0.719814 -0.079787 0.689566
vn 0.494444 -0.763332 0.415753
vn -0.021890 -0.994498 -0.102439
vn -0.523338 -0.643581 -0.558500
vn -0.719949 0.079446 -0.689465
vn -0.499893 0.756579 -0.421538
vn 0.561096 0.633411 0.532881
vn 0.037065 0.993241 0.109991
vn 0.759010 -0.075328 0.646706
vn 0.537171 -0.742692 0.399820
vn 0.001356 -0.996534 -0.083176
vn -0.543029 -0.657268 -0.522607
vn -0.758518 0.076410 -0.647157
vn -0.517337 0.764526 -0.384530
vn 0.709227 0.635703 0.304762
vn 0.091319 0.990336 0.104378
vn 0.939531 -0.047379 0.339170
vn 0.678874 -0.707136 0.197708
vn 0.041221 -0.997676 -0.054260
vn -0.647406 -0.706691 -0.285400
vn -0.939047 0.056289 -0.339149
vn -0.604724 0.778950 -0.165970
vn 0.738014 0.674296 0.025711
vn 0.050736 0.997554 0.048071
vn 0.999677 -0.023340 -0.010033
vn 0.702384 -0.710707 -0.039398
vn -0.008177 -0.998897 -0.046232
vn -0.721796 -0.691655 -0.024980
vn -0.999429 0.031519 0.012149
vn -0.676515 0.735194 0.042634
vn 0.732876 0.674277 -0.090797
vn 0.046325 0.998527 0.028238
vn 0.987393 -0.024308 -0.156409
vn 0.693443 -0.707684 -0.135355
vn -0.007814 -0.999306 -0.036421
vn -0.714851 -0.694208 0.084047
vn -0.988101 0.024050 0.151914
vn -0.674974 0.726371 0.129601
vn 0.766859 0.623787 -0.151054
vn 0.118296 0.992912 0.011448
vn 0.973946 -0.029483 -0.224855
vn 0.723960 -0.662556 -0.192100
vn 0.067546 -0.996200 -0.054976
vn -0.676042 -0.726658 0.122212
vn -0.976063 0.017161 0.216809
vn -0.641384 0.747806 0.171504
s 1
g group2 Cables sweep1
usemtl initialShadingGroup
f 2657/3783/7056 2658/3784/7057 2666/3793/7058 2665/3792/7059
f 2658/3784/7057 2659/3785/7060 2667/3794/7061 2666/3793/7058
f 2659/3785/7060 2660/3786/7062 2668/3795/7063 2667/3794/7061
f 2660/3786/7062 2661/3787/7064 2669/3796/7065 2668/3795/7063
f 2661/3787/7064 2662/3788/7066 2670/3797/7067 2669/3796/7065
f 2662/3788/7066 2663/3789/7068 2671/3798/7069 2670/3797/7067
f 2663/3789/7068 2664/3790/7070 2672/3799/7071 2671/3798/7069
f 2664/3790/7070 2657/3791/7056 2665/3800/7059 2672/3799/7071
f 2665/3792/7059 2666/3793/7058 2674/3802/7072 2673/3801/7073
f 2666/3793/7058 2667/3794/7061 2675/3803/7074 2674/3802/7072
f 2667/3794/7061 2668/3795/7063 2676/3804/7075 2675/3803/7074
f 2668/3795/7063 2669/3796/7065 2677/3805/7076 2676/3804/7075
f 2669/3796/7065 2670/3797/7067 2678/3806/7077 2677/3805/7076
f 2670/3797/7067 2671/3798/7069 2679/3807/7078 2678/3806/7077
f 2671/3798/7069 2672/3799/7071 2680/3808/7079 2679/3807/7078
f 2672/3799/7071 2665/3800/7059 2673/3809/7073 2680/3808/7079
f 2673/3801/7073 2674/3802/7072 2682/3811/7080 2681/3810/7081
f 2674/3802/7072 2675/3803/7074 2683/3812/7082 2682/3811/7080
f 2675/3803/7074 2676/3804/7075 2684/3813/7083 2683/3812/7082
f 2676/3804/7075 2677/3805/7076 2685/3814/7084 2684/3813/7083
f 2677/3805/7076 2678/3806/7077 2686/3815/7085 2685/3814/7084
f 2678/3806/7077 2679/3807/7078 2687/3816/7086 2686/3815/7085
f 2679/3807/7078 2680/3808/7079 2688/3817/7087 2687/3816/7086
f 2680/3808/7079 2673/3809/7073 2681/3818/7081 2688/3817/7087
f 2681/3810/7081 2682/3811/7080 2690/3820/7088 2689/3819/7089
f 2682/3811/7080 2683/3812/7082 2691/3821/7090 2690/3820/7088
f 2683/3812/7082 2684/3813/7083 2692/3822/7091 2691/3821/7090
f 2684/3813/7083 2685/3814/7084 2693/3823/7092 2692/3822/7091
f 2685/3814/7084 2686/3815/7085 2694/3824/7093 2693/3823/7092
f 2686/3815/7085 2687/3816/7086 2695/3825/7094 2694/3824/7093
f 2687/3816/7086 2688/3817/7087 2696/3826/7095 2695/3825/7094
f 2688/3817/7087 2681/3818/7081 2689/3827/7089 2696/3826/7095
f 2689/3819/7089 2690/3820/7088 2698/3829/7096 2697/3828/7097
f 2690/3820/7088 2691/3821/7090 2699/3830/7098 2698/3829/7096
f 2691/3821/7090 2692/3822/7091 2700/3831/7099 2699/3830/7098
f 2692/3822/7091 2693/3823/7092 2701/3832/7100 2700/3831/7099
f 2693/3823/7092 2694/3824/7093 2702/3833/7101 2701/3832/7100
f 2694/3824/7093 2695/3825/7094 2703/3834/7102 2702/3833/7101
f 2695/3825/7094 2696/3826/7095 2704/3835/7103 2703/3834/7102
f 2696/3826/7095 2689/3827/7089 2697/3836/7097 2704/3835/7103
f 2697/3828/7097 2698/3829/7096 2706/3838/7104 2705/3837/7105
f 2698/3829/7096 2699/3830/7098 2707/3839/7106 2706/3838/7104
f 2699/3830/7098 2700/3831/7099 2708/3840/7107 2707/3839/7106
f 2700/3831/7099 2701/3832/7100 2709/3841/7108 2708/3840/7107
f 2701/3832/7100 2702/3833/7101 2710/3842/7109 2709/3841/7108
f 2702/3833/7101 2703/3834/7102 2711/3843/7110 2710/3842/7109
f 2703/3834/7102 2704/3835/7103 2712/3844/7111 2711/3843/7110
f 2704/3835/7103 2697/3836/7097 2705/3845/7105 2712/3844/7111
f 2705/3837/7105 2706/3838/7104 2714/3847/7112 2713/3846/7113
f 2706/3838/7104 2707/3839/7106 2715/3848/7114 2714/3847/7112
f 2707/3839/7106 2708/3840/7107 2716/3849/7115 2715/3848/7114
f 2708/3840/7107 2709/3841/7108 2717/3850/7116 2716/3849/7115
f 2709/3841/7108 2710/3842/7109 2718/3851/7117 2717/3850/7116
f 2710/3842/7109 2711/3843/7110 2719/3852/7118 2718/3851/7117
f 2711/3843/7110 2712/3844/7111 2720/3853/7119 2719/3852/7118
f 2712/3844/7111 2705/3845/7105 2713/3854/7113 2720/3853/7119
f 2713/3846/7113 2714/3847/7112 2722/3856/7120 2721/3855/7121
f 2714/3847/7112 2715/3848/7114 2723/3857/7122 2722/3856/7120
f 2715/3848/7114 2716/3849/7115 2724/3858/7123 2723/3857/7122
f 2716/3849/7115 2717/3850/7116 2725/3859/7124 2724/3858/7123
f 2717/3850/7116 2718/3851/7117 2726/3860/7125 2725/3859/7124
f 2718/3851/7117 2719/3852/7118 2727/3861/7126 2726/3860/7125
f 2719/3852/7118 2720/3853/7119 2728/3862/7127 2727/3861/7126
f 2720/3853/7119 2713/3854/7113 2721/3863/7121 2728/3862/7127
f 2721/3855/7121 2722/3856/7120 2730/3865/7128 2729/3864/7129
f 2722/3856/7120 2723/3857/7122 2731/3866/7130 2730/3865/7128
f 2723/3857/7122 2724/3858/7123 2732/3867/7131 2731/3866/7130
f 2724/3858/7123 2725/3859/7124 2733/3868/7132 2732/3867/7131
f 2725/3859/7124 2726/3860/7125 2734/3869/7133 2733/3868/7132
f 2726/3860/7125 2727/3861/7126 2735/3870/7134 2734/3869/7133
f 2727/3861/7126 2728/3862/7127 2736/3871/7135 2735/3870/7134
f 2728/3862/7127 2721/3863/7121 2729/3872/7129 2736/3871/7135
f 2729/3864/7129 2730/3865/7128 2738/3874/7136 2737/3873/7137
f 2730/3865/7128 2731/3866/7130 2739/3875/7138 2738/3874/7136
f 2731/3866/7130 2732/3867/7131 2740/3876/7139 2739/3875/7138
f 2732/3867/7131 2733/3868/7132 2741/3877/7140 2740/3876/7139
f 2733/3868/7132 2734/3869/7133 2742/3878/7141 2741/3877/7140
f 2734/3869/7133 2735/3870/7134 2743/3879/7142 2742/3878/7141
f 2735/3870/7134 2736/3871/7135 2744/3880/7143 2743/3879/7142
f 2736/3871/7135 2729/3872/7129 2737/3881/7137 2744/3880/7143
f 2737/3873/7137 2738/3874/7136 2746/3883/7144 2745/3882/7145
f 2738/3874/7136 2739/3875/7138 2747/3884/7146 2746/3883/7144
f 2739/3875/7138 2740/3876/7139 2748/3885/7147 2747/3884/7146
f 2740/3876/7139 2741/3877/7140 2749/3886/7148 2748/3885/7147
f 2741/3877/7140 2742/3878/7141 2750/3887/7149 2749/3886/7148
f 2742/3878/7141 2743/3879/7142 2751/3888/7150 2750/3887/7149
f 2743/3879/7142 2744/3880/7143 2752/3889/7151 2751/3888/7150
f 2744/3880/7143 2737/3881/7137 2745/3890/7145 2752/3889/7151
f 2745/3882/7145 2746/3883/7144 2754/3892/7152 2753/3891/7153
f 2746/3883/7144 2747/3884/7146 2755/3893/7154 2754/3892/7152
f 2747/3884/7146 2748/3885/7147 2756/3894/7155 2755/3893/7154
f 2748/3885/7147 2749/3886/7148 2757/3895/7156 2756/3894/7155
f 2749/3886/7148 2750/3887/7149 2758/3896/7157 2757/3895/7156
f 2750/3887/7149 2751/3888/7150 2759/3897/7158 2758/3896/7157
f 2751/3888/7150 2752/3889/7151 2760/3898/7159 2759/3897/7158
f 2752/3889/7151 2745/3890/7145 2753/3899/7153 2760/3898/7159
f 2753/3891/7153 2754/3892/7152 2762/3901/7160 2761/3900/7161
f 2754/3892/7152 2755/3893/7154 2763/3902/7162 2762/3901/7160
f 2755/3893/7154 2756/3894/7155 2764/3903/7163 2763/3902/7162
f 2756/3894/7155 2757/3895/7156 2765/3904/7164 2764/3903/7163
f 2757/3895/7156 2758/3896/7157 2766/3905/7165 2765/3904/7164
f 2758/3896/7157 2759/3897/7158 2767/3906/7166 2766/3905/7165
f 2759/3897/7158 2760/3898/7159 2768/3907/7167 2767/3906/7166
f 2760/3898/7159 2753/3899/7153 2761/3908/7161 2768/3907/7167
f 2761/3900/7161 2762/3901/7160 2770/3910/7168 2769/3909/7169
f 2762/3901/7160 2763/3902/7162 2771/3911/7170 2770/3910/7168
f 2763/3902/7162 2764/3903/7163 2772/3912/7171 2771/3911/7170
f 2764/3903/7163 2765/3904/7164 2773/3913/7172 2772/3912/7171
f 2765/3904/7164 2766/3905/7165 2774/3914/7173 2773/3913/7172
f 2766/3905/7165 2767/3906/7166 2775/3915/7174 2774/3914/7173
f 2767/3906/7166 2768/3907/7167 2776/3916/7175 2775/3915/7174
f 2768/3907/7167 2761/3908/7161 2769/3917/7169 2776/3916/7175
f 2769/3909/7169 2770/3910/7168 2778/3919/7176 2777/3918/7177
f 2770/3910/7168 2771/3911/7170 2779/3920/7178 2778/3919/7176
f 2771/3911/7170 2772/3912/7171 2780/3921/7179 2779/3920/7178
f 2772/3912/7171 2773/3913/7172 2781/3922/7180 2780/3921/7179
f 2773/3913/7172 2774/3914/7173 2782/3923/7181 2781/3922/7180
f 2774/3914/7173 2775/3915/7174 2783/3924/7182 2782/3923/7181
f 2775/3915/7174 2776/3916/7175 2784/3925/7183 2783/3924/7182
f 2776/3916/7175 2769/3917/7169 2777/3926/7177 2784/3925/7183
f 2777/3918/7177 2778/3919/7176 2786/3928/7184 2785/3927/7185
f 2778/3919/7176 2779/3920/7178 2787/3929/7186 2786/3928/7184
f 2779/3920/7178 2780/3921/7179 2788/3930/7187 2787/3929/7186
f 2780/3921/7179 2781/3922/7180 2789/3931/7188 2788/3930/7187
f 2781/3922/7180 2782/3923/7181 2790/3932/7189 2789/3931/7188
f 2782/3923/7181 2783/3924/7182 2791/3933/7190 2790/3932/7189
f 2783/3924/7182 2784/3925/7183 2792/3934/7191 2791/3933/7190
f 2784/3925/7183 2777/3926/7177 2785/3935/7185 2792/3934/7191
f 2785/3927/7185 2786/3928/7184 2794/3937/7192 2793/3936/7193
f 2786/3928/7184 2787/3929/7186 2795/3938/7194 2794/3937/7192
f 2787/3929/7186 2788/3930/7187 2796/3939/7195 2795/3938/7194
f 2788/3930/7187 2789/3931/7188 2797/3940/7196 2796/3939/7195
f 2789/3931/7188 2790/3932/7189 2798/3941/7197 2797/3940/7196
f 2790/3932/7189 2791/3933/7190 2799/3942/7198 2798/3941/7197
f 2791/3933/7190 2792/3934/7191 2800/3943/7199 2799/3942/7198
f 2792/3934/7191 2785/3935/7185 2793/3944/7193 2800/3943/7199
f 2793/3936/7193 2794/3937/7192 2802/3946/7200 2801/3945/7201
f 2794/3937/7192 2795/3938/7194 2803/3947/7202 2802/3946/7200
f 2795/3938/7194 2796/3939/7195 2804/3948/7203 2803/3947/7202
f 2796/3939/7195 2797/3940/7196 2805/3949/7204 2804/3948/7203
f 2797/3940/7196 2798/3941/7197 2806/3950/7205 2805/3949/7204
f 2798/3941/7197 2799/3942/7198 2807/3951/7206 2806/3950/7205
f 2799/3942/7198 2800/3943/7199 2808/3952/7207 2807/3951/7206
f 2800/3943/7199 2793/3944/7193 2801/3953/7201 2808/3952/7207
f 2801/3945/7201 2802/3946/7200 2810/3955/7208 2809/3954/7209
f 2802/3946/7200 2803/3947/7202 2811/3956/7210 2810/3955/7208
f 2803/3947/7202 2804/3948/7203 2812/3957/7211 2811/3956/7210
f 2804/3948/7203 2805/3949/7204 2813/3958/7212 2812/3957/7211
f 2805/3949/7204 2806/3950/7205 2814/3959/7213 2813/3958/7212
f 2806/3950/7205 2807/3951/7206 2815/3960/7214 2814/3959/7213
f 2807/3951/7206 2808/3952/7207 2816/3961/7215 2815/3960/7214
f 2808/3952/7207 2801/3953/7201 2809/3962/7209 2816/3961/7215
f 2809/3954/7209 2810/3955/7208 2818/3964/7216 2817/3963/7217
f 2810/3955/7208 2811/3956/7210 2819/3965/7218 2818/3964/7216
f 2811/3956/7210 2812/3957/7211 2820/3966/7219 2819/3965/7218
f 2812/3957/7211 2813/3958/7212 2821/3967/7220 2820/3966/7219
f 2813/3958/7212 2814/3959/7213 2822/3968/7221 2821/3967/7220
f 2814/3959/7213 2815/3960/7214 2823/3969/7222 2822/3968/7221
f 2815/3960/7214 2816/3961/7215 2824/3970/7223 2823/3969/7222
f 2816/3961/7215 2809/3962/7209 2817/3971/7217 2824/3970/7223
f 2817/3963/7217 2818/3964/7216 2826/3973/7224 2825/3972/7225
f 2818/3964/7216 2819/3965/7218 2827/3974/7226 2826/3973/7224
f 2819/3965/7218 2820/3966/7219 2828/3975/7227 2827/3974/7226
f 2820/3966/7219 2821/3967/7220 2829/3976/7228 2828/3975/7227
f 2821/3967/7220 2822/3968/7221 2830/3977/7229 2829/3976/7228
f 2822/3968/7221 2823/3969/7222 2831/3978/7230 2830/3977/7229
f 2823/3969/7222 2824/3970/7223 2832/3979/7231 2831/3978/7230
f 2824/3970/7223 2817/3971/7217 2825/3980/7225 2832/3979/7231
f 2825/3972/7225 2826/3973/7224 2834/3982/7232 2833/3981/7233
f 2826/3973/7224 2827/3974/7226 2835/3983/7234 2834/3982/7232
f 2827/3974/7226 2828/3975/7227 2836/3984/7235 2835/3983/7234
f 2828/3975/7227 2829/3976/7228 2837/3985/7236 2836/3984/7235
f 2829/3976/7228 2830/3977/7229 2838/3986/7237 2837/3985/7236
f 2830/3977/7229 2831/3978/7230 2839/3987/7238 2838/3986/7237
f 2831/3978/7230 2832/3979/7231 2840/3988/7239 2839/3987/7238
f 2832/3979/7231 2825/3980/7225 2833/3989/7233 2840/3988/7239
f 2833/3981/7233 2834/3982/7232 2842/3991/7240 2841/3990/7241
f 2834/3982/7232 2835/3983/7234 2843/3992/7242 2842/3991/7240
f 2835/3983/7234 2836/3984/7235 2844/3993/7243 2843/3992/7242
f 2836/3984/7235 2837/3985/7236 2845/3994/7244 2844/3993/7243
f 2837/3985/7236 2838/3986/7237 2846/3995/7245 2845/3994/7244
f 2838/3986/7237 2839/3987/7238 2847/3996/7246 2846/3995/7245
f 2839/3987/7238 2840/3988/7239 2848/3997/7247 2847/3996/7246
f 2840/3988/7239 2833/3989/7233 2841/3998/7241 2848/3997/7247
f 2841/3990/7241 2842/3991/7240 2850/4000/7248 2849/3999/7249
f 2842/3991/7240 2843/3992/7242 2851/4001/7250 2850/4000/7248
f 2843/3992/7242 2844/3993/7243 2852/4002/7251 2851/4001/7250
f 2844/3993/7243 2845/3994/7244 2853/4003/7252 2852/4002/7251
f 2845/3994/7244 2846/3995/7245 2854/4004/7253 2853/4003/7252
f 2846/3995/7245 2847/3996/7246 2855/4005/7254 2854/4004/7253
f 2847/3996/7246 2848/3997/7247 2856/4006/7255 2855/4005/7254
f 2848/3997/7247 2841/3998/7241 2849/4007/7249 2856/4006/7255
f 2849/3999/7249 2850/4000/7248 2858/4009/7256 2857/4008/7257
f 2850/4000/7248 2851/4001/7250 2859/4010/7258 2858/4009/7256
f 2851/4001/7250 2852/4002/7251 2860/4011/7259 2859/4010/7258
f 2852/4002/7251 2853/4003/7252 2861/4012/7260 2860/4011/7259
f 2853/4003/7252 2854/4004/7253 2862/4013/7261 2861/4012/7260
f 2854/4004/7253 2855/4005/7254 2863/4014/7262 2862/4013/7261
f 2855/4005/7254 2856/4006/7255 2864/4015/7263 2863/4014/7262
f 2856/4006/7255 2849/4007/7249 2857/4016/7257 2864/4015/7263
f 2857/4008/7257 2858/4009/7256 2866/4018/7264 2865/4017/7265
f 2858/4009/7256 2859/4010/7258 2867/4019/7266 2866/4018/7264
f 2859/4010/7258 2860/4011/7259 2868/4020/7267 2867/4019/7266
f 2860/4011/7259 2861/4012/7260 2869/4021/7268 2868/4020/7267
f 2861/4012/7260 2862/4013/7261 2870/4022/7269 2869/4021/7268
f 2862/4013/7261 2863/4014/7262 2871/4023/7270 2870/4022/7269
f 2863/4014/7262 2864/4015/7263 2872/4024/7271 2871/4023/7270
f 2864/4015/7263 2857/4016/7257 2865/4025/7265 2872/4024/7271
f 2865/4017/7265 2866/4018/7264 2874/4027/7272 2873/4026/7273
f 2866/4018/7264 2867/4019/7266 2875/4028/7274 2874/4027/7272
f 2867/4019/7266 2868/4020/7267 2876/4029/7275 2875/4028/7274
f 2868/4020/7267 2869/4021/7268 2877/4030/7276 2876/4029/7275
f 2869/4021/7268 2870/4022/7269 2878/4031/7277 2877/4030/7276
f 2870/4022/7269 2871/4023/7270 2879/4032/7278 2878/4031/7277
f 2871/4023/7270 2872/4024/7271 2880/4033/7279 2879/4032/7278
f 2872/4024/7271 2865/4025/7265 2873/4034/7273 2880/4033/7279
f 2873/4026/7273 2874/4027/7272 2882/4036/7280 2881/4035/7281
f 2874/4027/7272 2875/4028/7274 2883/4037/7282 2882/4036/7280
f 2875/4028/7274 2876/4029/7275 2884/4038/7283 2883/4037/7282
f 2876/4029/7275 2877/4030/7276 2885/4039/7284 2884/4038/7283
f 2877/4030/7276 2878/4031/7277 2886/4040/7285 2885/4039/7284
f 2878/4031/7277 2879/4032/7278 2887/4041/7286 2886/4040/7285
f 2879/4032/7278 2880/4033/7279 2888/4042/7287 2887/4041/7286
f 2880/4033/7279 2873/4034/7273 2881/4043/7281 2888/4042/7287
g default
v 66.894928 28.380049 -6.442548
v 66.993126 28.339375 -6.443917
v 67.033798 28.241175 -6.445621
v 66.993103 28.142975 -6.446662
v 66.894897 28.102299 -6.446429
v 66.796692 28.142975 -6.445060
v 66.756027 28.241175 -6.443356
v 66.796715 28.339375 -6.442316
v 66.865372 28.158518 -7.938410
v 66.963966 28.122868 -7.920840
v 67.005669 28.038006 -7.872265
v 66.966049 27.953648 -7.821138
v 66.868324 27.919205 -7.797410
v 66.769730 27.954857 -7.814980
v 66.728027 28.039717 -7.863556
v 66.767647 28.124075 -7.914682
v 66.856148 27.533119 -8.596897
v 66.955086 27.510094 -8.565581
v 66.997566 27.453426 -8.486308
v 66.958702 27.396313 -8.405515
v 66.861259 27.372208 -8.370530
v 66.762314 27.395235 -8.401846
v 66.719841 27.451902 -8.481119
v 66.758705 27.509016 -8.561912
v 66.842873 26.708185 -8.957637
v 66.941887 26.697723 -8.920412
v 66.984566 26.672365 -8.826414
v 66.945900 26.646967 -8.730706
v 66.848549 26.636406 -8.689353
v 66.749527 26.646868 -8.726578
v 66.706848 26.672224 -8.820576
v 66.745514 26.697622 -8.916284
v 66.842857 25.859169 -9.139473
v 66.941879 25.852495 -9.101398
v 66.984573 25.835167 -9.005599
v 66.945915 25.817335 -8.908194
v 66.848564 25.809446 -8.866241
v 66.749542 25.816122 -8.904315
v 66.706848 25.833450 -9.000114
v 66.745506 25.851280 -9.097520
v 66.845367 24.984188 -9.292294
v 66.944397 24.977728 -9.254180
v 66.987083 24.960892 -9.158293
v 66.948425 24.943542 -9.060802
v 66.851074 24.935843 -9.018815
v 66.752045 24.942303 -9.056928
v 66.709358 24.959139 -9.152815
v 66.748016 24.976488 -9.250307
v 66.847382 24.119535 -9.462570
v 66.946404 24.111307 -9.424810
v 66.989105 24.090189 -9.329780
v 66.950455 24.068550 -9.233145
v 66.853111 24.059067 -9.191514
v 66.754082 24.067295 -9.229274
v 66.711388 24.088415 -9.324306
v 66.750031 24.110054 -9.420939
v 66.849312 23.270935 -9.682693
v 66.948341 23.259903 -9.645673
v 66.991058 23.231615 -9.552531
v 66.952431 23.202641 -9.457830
v 66.855087 23.189953 -9.417045
v 66.756050 23.200983 -9.454066
v 66.713341 23.229273 -9.547207
v 66.751968 23.258247 -9.641908
v 66.847267 22.492905 -10.019628
v 66.946251 22.471334 -9.987433
v 66.988853 22.418970 -9.905319
v 66.950119 22.366484 -9.821386
v 66.852737 22.344622 -9.784802
v 66.753754 22.366192 -9.816997
v 66.711143 22.418556 -9.899111
v 66.749886 22.471043 -9.983044
v 66.829453 21.673706 -10.826322
v 66.928154 21.639608 -10.806434
v 66.970078 21.557465 -10.753570
v 66.930672 21.475393 -10.698696
v 66.833008 21.441471 -10.673959
v 66.734306 21.475569 -10.693847
v 66.692383 21.557714 -10.746711
v 66.731796 21.639786 -10.801584
v 66.786385 21.285172 -11.904850
v 66.884476 21.244251 -11.902984
v 66.925034 21.146770 -11.890624
v 66.884293 21.049833 -11.875010
v 66.786133 21.010227 -11.865290
v 66.688042 21.051147 -11.867156
v 66.647484 21.148628 -11.879516
v 66.688225 21.245565 -11.895129
v 66.742577 21.232635 -13.004156
v 66.840416 21.191282 -13.008208
v 66.880394 21.092796 -13.009664
v 66.839088 20.994869 -13.007670
v 66.740700 20.954865 -13.003395
v 66.642853 20.996218 -12.999343
v 66.602875 21.094704 -12.997887
v 66.644180 21.192631 -12.999881
v 66.699013 21.232975 -14.125796
v 66.796883 21.191624 -14.129305
v 66.836861 21.093138 -14.130712
v 66.795540 20.995209 -14.129192
v 66.697113 20.955204 -14.125637
v 66.599251 20.996557 -14.122129
v 66.559273 21.095041 -14.120723
v 66.600594 21.192970 -14.122242
v 66.663208 21.232651 -15.120765
v 66.761078 21.191299 -15.124273
v 66.801056 21.092813 -15.125680
v 66.759735 20.994886 -15.124161
v 66.661308 20.954880 -15.120606
v 66.563446 20.996233 -15.117098
v 66.523460 21.094719 -15.115691
v 66.564789 21.192646 -15.117210
v 66.627457 21.232328 -16.114363
v 66.725319 21.190977 -16.117870
v 66.765297 21.092491 -16.119278
v 66.723976 20.994562 -16.117758
v 66.625549 20.954557 -16.114202
v 66.527687 20.995911 -16.110695
v 66.487709 21.094397 -16.109289
v 66.529030 21.192324 -16.110807
v 66.591667 21.232006 -17.108814
v 66.689529 21.190653 -17.112324
v 66.729507 21.092167 -17.113729
v 66.688187 20.994240 -17.112211
v 66.589767 20.954235 -17.108656
v 66.491898 20.995586 -17.105148
v 66.451920 21.094072 -17.103741
v 66.493240 21.191999 -17.105261
v 66.566368 21.231775 -18.042831
v 66.664284 21.190422 -18.044619
v 66.704277 21.091938 -18.045334
v 66.662933 20.994009 -18.044561
v 66.564468 20.954002 -18.042749
v 66.466553 20.995356 -18.040962
v 66.426552 21.093840 -18.040247
v 66.467896 21.191769 -18.041021
v 66.552353 21.231646 -18.977325
v 66.650276 21.190294 -18.978668
v 66.690277 21.091808 -18.979208
v 66.648926 20.993881 -18.978624
v 66.550453 20.953875 -18.977262
v 66.452530 20.995226 -18.975920
v 66.412529 21.093712 -18.975380
v 66.453880 21.191641 -18.975964
v 66.536301 21.231499 -19.911726
v 66.634163 21.190145 -19.915234
v 66.674149 21.091660 -19.916639
v 66.632820 20.993732 -19.915121
v 66.534401 20.953728 -19.911566
v 66.436531 20.995079 -19.908056
v 66.396553 21.093565 -19.906651
v 66.437881 21.191494 -19.908171
vt 0.000000 0.000000
vt 0.005908 0.000000
vt 0.011816 0.000000
vt 0.017724 0.000000
vt 0.023632 0.000000
vt 0.029540 0.000000
vt 0.035448 0.000000
vt 0.041356 0.000000
vt 0.047264 0.000000
vt 0.000000 0.084059
vt 0.005908 0.084059
vt 0.011816 0.084059
vt 0.017724 0.084059
vt 0.023632 0.084059
vt 0.029540 0.084059
vt 0.035448 0.084059
vt 0.041356 0.084059
vt 0.047264 0.084059
vt 0.000000 0.134535
vt 0.005908 0.134535
vt 0.011816 0.134535
vt 0.017724 0.134535
vt 0.023632 0.134535
vt 0.029540 0.134535
vt 0.035448 0.134535
vt 0.041356 0.134535
vt 0.047264 0.134535
vt 0.000000 0.184580
vt 0.005908 0.184580
vt 0.011816 0.184580
vt 0.017724 0.184580
vt 0.023632 0.184580
vt 0.029540 0.184580
vt 0.035448 0.184580
vt 0.041356 0.184580
vt 0.047264 0.184580
vt 0.000000 0.232837
vt 0.005908 0.232837
vt 0.011816 0.232837
vt 0.017724 0.232837
vt 0.023632 0.232837
vt 0.029540 0.232837
vt 0.035448 0.232837
vt 0.041356 0.232837
vt 0.047264 0.232837
vt 0.000000 0.282202
vt 0.005908 0.282202
vt 0.011816 0.282202
vt 0.017724 0.282202
vt 0.023632 0.282202
vt 0.029540 0.282202
vt 0.035448 0.282202
vt 0.041356 0.282202
vt 0.047264 0.282202
vt 0.000000 0.331181
vt 0.005908 0.331181
vt 0.011816 0.331181
vt 0.017724 0.331181
vt 0.023632 0.331181
vt 0.029540 0.331181
vt 0.035448 0.331181
vt 0.041356 0.331181
vt 0.047264 0.331181
vt 0.000000 0.379905
vt 0.005908 0.379905
vt 0.011816 0.379905
vt 0.017724 0.379905
vt 0.023632 0.379905
vt 0.029540 0.379905
vt 0.035448 0.379905
vt 0.041356 0.379905
vt 0.047264 0.379905
vt 0.000000 0.427027
vt 0.005908 0.427027
vt 0.011816 0.427027
vt 0.017724 0.427027
vt 0.023632 0.427027
vt 0.029540 0.427027
vt 0.035448 0.427027
vt 0.041356 0.427027
vt 0.047264 0.427027
vt 0.000000 0.490933
vt 0.005908 0.490933
vt 0.011816 0.490933
vt 0.017724 0.490933
vt 0.023632 0.490933
vt 0.029540 0.490933
vt 0.035448 0.490933
vt 0.041356 0.490933
vt 0.047264 0.490933
vt 0.000000 0.554691
vt 0.005908 0.554691
vt 0.011816 0.554691
vt 0.017724 0.554691
vt 0.023632 0.554691
vt 0.029540 0.554691
vt 0.035448 0.554691
vt 0.041356 0.554691
vt 0.047264 0.554691
vt 0.000000 0.615906
vt 0.005908 0.615906
vt 0.011816 0.615906
vt 0.017724 0.615906
vt 0.023632 0.615906
vt 0.029540 0.615906
vt 0.035448 0.615906
vt 0.041356 0.615906
vt 0.047264 0.615906
vt 0.000000 0.678291
vt 0.005908 0.678291
vt 0.011816 0.678291
vt 0.017724 0.678291
vt 0.023632 0.678291
vt 0.029540 0.678291
vt 0.035448 0.678291
vt 0.041356 0.678291
vt 0.047264 0.678291
vt 0.000000 0.733625
vt 0.005908 0.733625
vt 0.011816 0.733625
vt 0.017724 0.733625
vt 0.023632 0.733625
vt 0.029540 0.733625
vt 0.035448 0.733625
vt 0.041356 0.733625
vt 0.047264 0.733625
vt 0.000000 0.788883
vt 0.005908 0.788883
vt 0.011816 0.788883
vt 0.017724 0.788883
vt 0.023632 0.788883
vt 0.029540 0.788883
vt 0.035448 0.788883
vt 0.041356 0.788883
vt 0.047264 0.788883
vt 0.000000 0.844188
vt 0.005908 0.844188
vt 0.011816 0.844188
vt 0.017724 0.844188
vt 0.023632 0.844188
vt 0.029540 0.844188
vt 0.035448 0.844188
vt 0.041356 0.844188
vt 0.047264 0.844188
vt 0.000000 0.896118
vt 0.005908 0.896118
vt 0.011816 0.896118
vt 0.017724 0.896118
vt 0.023632 0.896118
vt 0.029540 0.896118
vt 0.035448 0.896118
vt 0.041356 0.896118
vt 0.047264 0.896118
vt 0.000000 0.948061
vt 0.005908 0.948061
vt 0.011816 0.948061
vt 0.017724 0.948061
vt 0.023632 0.948061
vt 0.029540 0.948061
vt 0.035448 0.948061
vt 0.041356 0.948061
vt 0.047264 0.948061
vt 0.000000 1.000000
vt 0.005908 1.000000
vt 0.011816 1.000000
vt 0.017724 1.000000
vt 0.023632 1.000000
vt 0.029540 1.000000
vt 0.035448 1.000000
vt 0.041356 1.000000
vt 0.047264 1.000000
vn 0.003263 0.989316 -0.145751
vn 0.667339 0.734873 -0.120915
vn 0.657632 0.696994 -0.285867
vn -0.006317 0.928786 -0.370563
vn 0.998509 0.047229 -0.027357
vn 0.995271 0.085619 -0.045879
vn 0.715334 -0.694010 0.081536
vn 0.756303 -0.615395 0.222024
vn 0.002533 -0.990811 0.135231
vn 0.006480 -0.936546 0.350484
vn -0.710202 -0.695417 0.109579
vn -0.745955 -0.617936 0.248405
vn -0.998861 0.046139 0.012192
vn -0.996605 0.081911 -0.008352
vn -0.666096 0.739773 -0.095138
vn -0.668270 0.697082 -0.259791
vn 0.664789 0.422354 -0.616176
vn -0.017162 0.575031 -0.817952
vn 0.997158 0.032169 -0.068123
vn 0.747442 -0.387596 0.539536
vn 0.020122 -0.570969 0.820725
vn -0.722172 -0.387642 0.572889
vn -0.999087 0.033795 -0.026129
vn -0.689445 0.423072 -0.587942
vn 0.674988 0.222230 -0.703566
vn -0.021447 0.306807 -0.951530
vn 0.998706 0.009864 -0.049901
vn 0.733589 -0.211572 0.645820
vn 0.018723 -0.303996 0.952489
vn -0.706384 -0.209459 0.676128
vn -0.999921 0.011383 -0.005368
vn -0.706017 0.222702 -0.672267
vn 0.689293 0.138994 -0.711024
vn -0.020885 0.190406 -0.981483
vn 0.999658 0.006479 -0.025349
vn 0.723960 -0.130216 0.677440
vn 0.020261 -0.190215 0.981533
vn -0.695306 -0.137729 0.705394
vn -0.999887 -0.004178 0.014413
vn -0.718795 0.131441 -0.682684
vn 0.693961 0.133230 -0.707579
vn -0.020529 0.182546 -0.982983
vn 0.999844 0.005673 -0.016709
vn 0.719946 -0.124980 0.682685
vn 0.020551 -0.182586 0.982975
vn -0.690808 -0.133835 0.710544
vn -0.999718 -0.006860 0.022751
vn -0.722950 0.124358 -0.679617
vn 0.696623 0.160945 -0.699152
vn -0.020796 0.222132 -0.974795
vn 0.999925 0.004808 -0.011236
vn 0.717197 -0.153388 0.679779
vn 0.020464 -0.222245 0.974776
vn -0.688002 -0.162868 0.707197
vn -0.999570 -0.008739 0.028005
vn -0.725794 0.151267 -0.671075
vn 0.703093 0.230646 -0.672654
vn -0.020688 0.324765 -0.945568
vn 0.999997 -0.001716 0.001724
vn 0.709692 -0.230216 0.665836
vn 0.021157 -0.326088 0.945103
vn -0.679499 -0.239530 0.693474
vn -0.999049 -0.014907 0.040978
vn -0.731838 0.221216 -0.644574
vn 0.719375 0.398633 -0.568851
vn -0.018248 0.583359 -0.812010
vn 0.999370 -0.029029 0.020410
vn 0.693703 -0.426064 0.580729
vn 0.019786 -0.582502 0.812589
vn -0.664974 -0.430212 0.610514
vn -0.997394 -0.034675 0.063263
vn -0.744591 0.394894 -0.538185
vn 0.728813 0.565513 -0.386039
vn -0.010397 0.842428 -0.538708
vn 0.998465 -0.055321 0.002850
vn 0.685574 -0.622425 0.377592
vn 0.014733 -0.841572 0.539944
vn -0.664458 -0.619423 0.418104
vn -0.996890 -0.048340 0.062243
vn -0.744165 0.573170 -0.343066
vn 0.725179 0.668522 -0.164905
vn -0.001137 0.979640 -0.200759
vn 0.998495 -0.047557 -0.027316
vn 0.685132 -0.718089 0.122236
vn 0.002059 -0.979391 0.201961
vn -0.682811 -0.709403 0.174690
vn -0.998243 -0.033382 0.048952
vn -0.726188 0.678744 -0.109350
vn 0.713775 0.698954 -0.044592
vn 0.005719 0.999698 -0.023907
vn 0.999149 -0.013963 -0.038804
vn 0.698341 -0.715693 -0.010170
vn -0.005945 -0.999685 0.024379
vn -0.706743 -0.706042 0.044941
vn -0.999218 -0.000386 0.039528
vn -0.705653 0.708472 0.011016
vn 0.711187 0.702497 -0.026660
vn 0.006426 0.999979 -0.000234
vn 0.999275 -0.006783 -0.037467
vn 0.701573 -0.712112 -0.026311
vn -0.007274 -0.999974 0.000266
vn -0.711671 -0.702006 0.026681
vn -0.999274 0.006915 0.037470
vn -0.701947 0.711743 0.026326
vn 0.711473 0.702239 -0.025832
vn 0.006836 0.999977 -0.000571
vn 0.999330 -0.006871 -0.035961
vn 0.701796 -0.711938 -0.025024
vn -0.006839 -0.999977 0.000571
vn -0.711476 -0.702236 0.025832
vn -0.999330 0.006852 0.035961
vn -0.701802 0.711933 0.025025
vn 0.711466 0.702245 -0.025832
vn 0.006844 0.999977 -0.000571
vn 0.999330 -0.006853 -0.035963
vn 0.701789 -0.711945 -0.025025
vn -0.006849 -0.999976 0.000571
vn -0.711486 -0.702225 0.025832
vn -0.999330 0.006854 0.035961
vn -0.701808 0.711926 0.025025
vn 0.710978 0.702847 -0.022726
vn 0.005612 0.999984 -0.000471
vn 0.999475 -0.006879 -0.031657
vn 0.701272 -0.712554 -0.022012
vn -0.008077 -0.999967 0.000538
vn -0.712193 -0.701615 0.022759
vn -0.999476 0.006812 0.031658
vn -0.702558 0.711285 0.022047
vn 0.710948 0.703083 -0.015089
vn 0.005137 0.999987 -0.000295
vn 0.999755 -0.006921 -0.021029
vn 0.701223 -0.712792 -0.014613
vn -0.008562 -0.999963 0.000377
vn -0.712605 -0.701402 0.015131
vn -0.999756 0.006825 0.021034
vn -0.702978 0.711061 0.014657
vn 0.712072 0.702011 -0.011567
vn 0.007311 0.999973 -0.000268
vn 0.999847 -0.006887 -0.016096
vn 0.702408 -0.711686 -0.011203
vn -0.006393 -0.999980 0.000247
vn -0.711614 -0.702476 0.011546
vn -0.999847 0.006860 0.016072
vn -0.701939 0.712149 0.011180
vn 0.714318 0.699712 -0.012398
vn 0.011915 0.999929 -0.000367
vn 0.999829 -0.006808 -0.017199
vn 0.704763 -0.709342 -0.012009
vn -0.001787 -0.999998 0.000184
vn -0.709372 -0.704727 0.012286
vn -0.999829 0.006911 0.017155
vn -0.699581 0.714454 0.011893
s 1
g group2 Cables sweep2
usemtl initialShadingGroup
f 2889/4044/7288 2890/4045/7289 2898/4054/7290 2897/4053/7291
f 2890/4045/7289 2891/4046/7292 2899/4055/7293 2898/4054/7290
f 2891/4046/7292 2892/4047/7294 2900/4056/7295 2899/4055/7293
f 2892/4047/7294 2893/4048/7296 2901/4057/7297 2900/4056/7295
f 2893/4048/7296 2894/4049/7298 2902/4058/7299 2901/4057/7297
f 2894/4049/7298 2895/4050/7300 2903/4059/7301 2902/4058/7299
f 2895/4050/7300 2896/4051/7302 2904/4060/7303 2903/4059/7301
f 2896/4051/7302 2889/4052/7288 2897/4061/7291 2904/4060/7303
f 2897/4053/7291 2898/4054/7290 2906/4063/7304 2905/4062/7305
f 2898/4054/7290 2899/4055/7293 2907/4064/7306 2906/4063/7304
f 2899/4055/7293 2900/4056/7295 2908/4065/7307 2907/4064/7306
f 2900/4056/7295 2901/4057/7297 2909/4066/7308 2908/4065/7307
f 2901/4057/7297 2902/4058/7299 2910/4067/7309 2909/4066/7308
f 2902/4058/7299 2903/4059/7301 2911/4068/7310 2910/4067/7309
f 2903/4059/7301 2904/4060/7303 2912/4069/7311 2911/4068/7310
f 2904/4060/7303 2897/4061/7291 2905/4070/7305 2912/4069/7311
f 2905/4062/7305 2906/4063/7304 2914/4072/7312 2913/4071/7313
f 2906/4063/7304 2907/4064/7306 2915/4073/7314 2914/4072/7312
f 2907/4064/7306 2908/4065/7307 2916/4074/7315 2915/4073/7314
f 2908/4065/7307 2909/4066/7308 2917/4075/7316 2916/4074/7315
f 2909/4066/7308 2910/4067/7309 2918/4076/7317 2917/4075/7316
f 2910/4067/7309 2911/4068/7310 2919/4077/7318 2918/4076/7317
f 2911/4068/7310 2912/4069/7311 2920/4078/7319 2919/4077/7318
f 2912/4069/7311 2905/4070/7305 2913/4079/7313 2920/4078/7319
f 2913/4071/7313 2914/4072/7312 2922/4081/7320 2921/4080/7321
f 2914/4072/7312 2915/4073/7314 2923/4082/7322 2922/4081/7320
f 2915/4073/7314 2916/4074/7315 2924/4083/7323 2923/4082/7322
f 2916/4074/7315 2917/4075/7316 2925/4084/7324 2924/4083/7323
f 2917/4075/7316 2918/4076/7317 2926/4085/7325 2925/4084/7324
f 2918/4076/7317 2919/4077/7318 2927/4086/7326 2926/4085/7325
f 2919/4077/7318 2920/4078/7319 2928/4087/7327 2927/4086/7326
f 2920/4078/7319 2913/4079/7313 2921/4088/7321 2928/4087/7327
f 2921/4080/7321 2922/4081/7320 2930/4090/7328 2929/4089/7329
f 2922/4081/7320 2923/4082/7322 2931/4091/7330 2930/4090/7328
f 2923/4082/7322 2924/4083/7323 2932/4092/7331 2931/4091/7330
f 2924/4083/7323 2925/4084/7324 2933/4093/7332 2932/4092/7331
f 2925/4084/7324 2926/4085/7325 2934/4094/7333 2933/4093/7332
f 2926/4085/7325 2927/4086/7326 2935/4095/7334 2934/4094/7333
f 2927/4086/7326 2928/4087/7327 2936/4096/7335 2935/4095/7334
f 2928/4087/7327 2921/4088/7321 2929/4097/7329 2936/4096/7335
f 2929/4089/7329 2930/4090/7328 2938/4099/7336 2937/4098/7337
f 2930/4090/7328 2931/4091/7330 2939/4100/7338 2938/4099/7336
f 2931/4091/7330 2932/4092/7331 2940/4101/7339 2939/4100/7338
f 2932/4092/7331 2933/4093/7332 2941/4102/7340 2940/4101/7339
f 2933/4093/7332 2934/4094/7333 2942/4103/7341 2941/4102/7340
f 2934/4094/7333 2935/4095/7334 2943/4104/7342 2942/4103/7341
f 2935/4095/7334 2936/4096/7335 2944/4105/7343 2943/4104/7342
f 2936/4096/7335 2929/4097/7329 2937/4106/7337 2944/4105/7343
f 2937/4098/7337 2938/4099/7336 2946/4108/7344 2945/4107/7345
f 2938/4099/7336 2939/4100/7338 2947/4109/7346 2946/4108/7344
f 2939/4100/7338 2940/4101/7339 2948/4110/7347 2947/4109/7346
f 2940/4101/7339 2941/4102/7340 2949/4111/7348 2948/4110/7347
f 2941/4102/7340 2942/4103/7341 2950/4112/7349 2949/4111/7348
f 2942/4103/7341 2943/4104/7342 2951/4113/7350 2950/4112/7349
f 2943/4104/7342 2944/4105/7343 2952/4114/7351 2951/4113/7350
f 2944/4105/7343 2937/4106/7337 2945/4115/7345 2952/4114/7351
f 2945/4107/7345 2946/4108/7344 2954/4117/7352 2953/4116/7353
f 2946/4108/7344 2947/4109/7346 2955/4118/7354 2954/4117/7352
f 2947/4109/7346 2948/4110/7347 2956/4119/7355 2955/4118/7354
f 2948/4110/7347 2949/4111/7348 2957/4120/7356 2956/4119/7355
f 2949/4111/7348 2950/4112/7349 2958/4121/7357 2957/4120/7356
f 2950/4112/7349 2951/4113/7350 2959/4122/7358 2958/4121/7357
f 2951/4113/7350 2952/4114/7351 2960/4123/7359 2959/4122/7358
f 2952/4114/7351 2945/4115/7345 2953/4124/7353 2960/4123/7359
f 2953/4116/7353 2954/4117/7352 2962/4126/7360 2961/4125/7361
f 2954/4117/7352 2955/4118/7354 2963/4127/7362 2962/4126/7360
f 2955/4118/7354 2956/4119/7355 2964/4128/7363 2963/4127/7362
f 2956/4119/7355 2957/4120/7356 2965/4129/7364 2964/4128/7363
f 2957/4120/7356 2958/4121/7357 2966/4130/7365 2965/4129/7364
f 2958/4121/7357 2959/4122/7358 2967/4131/7366 2966/4130/7365
f 2959/4122/7358 2960/4123/7359 2968/4132/7367 2967/4131/7366
f 2960/4123/7359 2953/4124/7353 2961/4133/7361 2968/4132/7367
f 2961/4125/7361 2962/4126/7360 2970/4135/7368 2969/4134/7369
f 2962/4126/7360 2963/4127/7362 2971/4136/7370 2970/4135/7368
f 2963/4127/7362 2964/4128/7363 2972/4137/7371 2971/4136/7370
f 2964/4128/7363 2965/4129/7364 2973/4138/7372 2972/4137/7371
f 2965/4129/7364 2966/4130/7365 2974/4139/7373 2973/4138/7372
f 2966/4130/7365 2967/4131/7366 2975/4140/7374 2974/4139/7373
f 2967/4131/7366 2968/4132/7367 2976/4141/7375 2975/4140/7374
f 2968/4132/7367 2961/4133/7361 2969/4142/7369 2976/4141/7375
f 2969/4134/7369 2970/4135/7368 2978/4144/7376 2977/4143/7377
f 2970/4135/7368 2971/4136/7370 2979/4145/7378 2978/4144/7376
f 2971/4136/7370 2972/4137/7371 2980/4146/7379 2979/4145/7378
f 2972/4137/7371 2973/4138/7372 2981/4147/7380 2980/4146/7379
f 2973/4138/7372 2974/4139/7373 2982/4148/7381 2981/4147/7380
f 2974/4139/7373 2975/4140/7374 2983/4149/7382 2982/4148/7381
f 2975/4140/7374 2976/4141/7375 2984/4150/7383 2983/4149/7382
f 2976/4141/7375 2969/4142/7369 2977/4151/7377 2984/4150/7383
f 2977/4143/7377 2978/4144/7376 2986/4153/7384 2985/4152/7385
f 2978/4144/7376 2979/4145/7378 2987/4154/7386 2986/4153/7384
f 2979/4145/7378 2980/4146/7379 2988/4155/7387 2987/4154/7386
f 2980/4146/7379 2981/4147/7380 2989/4156/7388 2988/4155/7387
f 2981/4147/7380 2982/4148/7381 2990/4157/7389 2989/4156/7388
f 2982/4148/7381 2983/4149/7382 2991/4158/7390 2990/4157/7389
f 2983/4149/7382 2984/4150/7383 2992/4159/7391 2991/4158/7390
f 2984/4150/7383 2977/4151/7377 2985/4160/7385 2992/4159/7391
f 2985/4152/7385 2986/4153/7384 2994/4162/7392 2993/4161/7393
f 2986/4153/7384 2987/4154/7386 2995/4163/7394 2994/4162/7392
f 2987/4154/7386 2988/4155/7387 2996/4164/7395 2995/4163/7394
f 2988/4155/7387 2989/4156/7388 2997/4165/7396 2996/4164/7395
f 2989/4156/7388 2990/4157/7389 2998/4166/7397 2997/4165/7396
f 2990/4157/7389 2991/4158/7390 2999/4167/7398 2998/4166/7397
f 2991/4158/7390 2992/4159/7391 3000/4168/7399 2999/4167/7398
f 2992/4159/7391 2985/4160/7385 2993/4169/7393 3000/4168/7399
f 2993/4161/7393 2994/4162/7392 3002/4171/7400 3001/4170/7401
f 2994/4162/7392 2995/4163/7394 3003/4172/7402 3002/4171/7400
f 2995/4163/7394 2996/4164/7395 3004/4173/7403 3003/4172/7402
f 2996/4164/7395 2997/4165/7396 3005/4174/7404 3004/4173/7403
f 2997/4165/7396 2998/4166/7397 3006/4175/7405 3005/4174/7404
f 2998/4166/7397 2999/4167/7398 3007/4176/7406 3006/4175/7405
f 2999/4167/7398 3000/4168/7399 3008/4177/7407 3007/4176/7406
f 3000/4168/7399 2993/4169/7393 3001/4178/7401 3008/4177/7407
f 3001/4170/7401 3002/4171/7400 3010/4180/7408 3009/4179/7409
f 3002/4171/7400 3003/4172/7402 3011/4181/7410 3010/4180/7408
f 3003/4172/7402 3004/4173/7403 3012/4182/7411 3011/4181/7410
f 3004/4173/7403 3005/4174/7404 3013/4183/7412 3012/4182/7411
f 3005/4174/7404 3006/4175/7405 3014/4184/7413 3013/4183/7412
f 3006/4175/7405 3007/4176/7406 3015/4185/7414 3014/4184/7413
f 3007/4176/7406 3008/4177/7407 3016/4186/7415 3015/4185/7414
f 3008/4177/7407 3001/4178/7401 3009/4187/7409 3016/4186/7415
f 3009/4179/7409 3010/4180/7408 3018/4189/7416 3017/4188/7417
f 3010/4180/7408 3011/4181/7410 3019/4190/7418 3018/4189/7416
f 3011/4181/7410 3012/4182/7411 3020/4191/7419 3019/4190/7418
f 3012/4182/7411 3013/4183/7412 3021/4192/7420 3020/4191/7419
f 3013/4183/7412 3014/4184/7413 3022/4193/7421 3021/4192/7420
f 3014/4184/7413 3015/4185/7414 3023/4194/7422 3022/4193/7421
f 3015/4185/7414 3016/4186/7415 3024/4195/7423 3023/4194/7422
f 3016/4186/7415 3009/4187/7409 3017/4196/7417 3024/4195/7423
f 3017/4188/7417 3018/4189/7416 3026/4198/7424 3025/4197/7425
f 3018/4189/7416 3019/4190/7418 3027/4199/7426 3026/4198/7424
f 3019/4190/7418 3020/4191/7419 3028/4200/7427 3027/4199/7426
f 3020/4191/7419 3021/4192/7420 3029/4201/7428 3028/4200/7427
f 3021/4192/7420 3022/4193/7421 3030/4202/7429 3029/4201/7428
f 3022/4193/7421 3023/4194/7422 3031/4203/7430 3030/4202/7429
f 3023/4194/7422 3024/4195/7423 3032/4204/7431 3031/4203/7430
f 3024/4195/7423 3017/4196/7417 3025/4205/7425 3032/4204/7431
f 3025/4197/7425 3026/4198/7424 3034/4207/7432 3033/4206/7433
f 3026/4198/7424 3027/4199/7426 3035/4208/7434 3034/4207/7432
f 3027/4199/7426 3028/4200/7427 3036/4209/7435 3035/4208/7434
f 3028/4200/7427 3029/4201/7428 3037/4210/7436 3036/4209/7435
f 3029/4201/7428 3030/4202/7429 3038/4211/7437 3037/4210/7436
f 3030/4202/7429 3031/4203/7430 3039/4212/7438 3038/4211/7437
f 3031/4203/7430 3032/4204/7431 3040/4213/7439 3039/4212/7438
f 3032/4204/7431 3025/4205/7425 3033/4214/7433 3040/4213/7439
g default
v 19.247290 21.603943 19.893530
v 19.161312 21.568329 19.893532
v 19.075335 21.603943 19.893530
v 19.039724 21.689919 19.893532
v 19.075335 21.775894 19.893532
v 19.161312 21.811506 19.893532
v 19.247290 21.775894 19.893532
v 19.282900 21.689919 19.893532
v 19.247290 21.603943 14.944754
v 19.161312 21.568329 14.944754
v 19.075335 21.603943 14.944754
v 19.039724 21.689919 14.944754
v 19.075335 21.775894 14.944754
v 19.161312 21.811506 14.944754
v 19.247290 21.775894 14.944754
v 19.282900 21.689919 14.944754
vt 0.375000 0.312500
vt 0.406250 0.312500
vt 0.437500 0.312500
vt 0.468750 0.312500
vt 0.500000 0.312500
vt 0.531250 0.312500
vt 0.562500 0.312500
vt 0.593750 0.312500
vt 0.625000 0.312500
vt 0.375000 0.688440
vt 0.406250 0.688440
vt 0.437500 0.688440
vt 0.468750 0.688440
vt 0.500000 0.688440
vt 0.531250 0.688440
vt 0.562500 0.688440
vt 0.593750 0.688440
vt 0.625000 0.688440
vn 0.382692 -0.923876 0.000000
vn 0.382692 -0.923876 0.000000
vn 0.382692 -0.923876 0.000000
vn 0.382692 -0.923876 0.000000
vn -0.382692 -0.923876 0.000000
vn -0.382692 -0.923876 0.000000
vn -0.382692 -0.923876 0.000000
vn -0.382692 -0.923876 0.000000
vn -0.923890 -0.382658 0.000000
vn -0.923890 -0.382658 0.000000
vn -0.923890 -0.382658 0.000000
vn -0.923890 -0.382658 0.000000
vn -0.923890 0.382658 0.000000
vn -0.923890 0.382658 0.000000
vn -0.923890 0.382658 0.000000
vn -0.923890 0.382658 0.000000
vn -0.382675 0.923883 0.000000
vn -0.382675 0.923883 0.000000
vn -0.382675 0.923883 0.000000
vn -0.382675 0.923883 0.000000
vn 0.382675 0.923883 0.000000
vn 0.382675 0.923883 0.000000
vn 0.382675 0.923883 0.000000
vn 0.382675 0.923883 0.000000
vn 0.923884 0.382673 0.000000
vn 0.923884 0.382673 0.000000
vn 0.923884 0.382673 0.000000
vn 0.923884 0.382673 0.000000
vn 0.923884 -0.382673 0.000000
vn 0.923884 -0.382673 0.000000
vn 0.923884 -0.382673 0.000000
vn 0.923884 -0.382673 0.000000
s off
g group2 Cables pCylinder38
usemtl initialShadingGroup
f 3041/4215/7440 3042/4216/7441 3050/4225/7442 3049/4224/7443
f 3042/4216/7444 3043/4217/7445 3051/4226/7446 3050/4225/7447
f 3043/4217/7448 3044/4218/7449 3052/4227/7450 3051/4226/7451
f 3044/4218/7452 3045/4219/7453 3053/4228/7454 3052/4227/7455
f 3045/4219/7456 3046/4220/7457 3054/4229/7458 3053/4228/7459
f 3046/4220/7460 3047/4221/7461 3055/4230/7462 3054/4229/7463
f 3047/4221/7464 3048/4222/7465 3056/4231/7466 3055/4230/7467
f 3048/4222/7468 3041/4223/7469 3049/4232/7470 3056/4231/7471
g default
v 19.210939 8.093531 19.686462
v 19.124962 8.093531 19.650850
v 19.038986 8.093531 19.686462
v 19.003374 8.093531 19.772438
v 19.038986 8.093531 19.858416
v 19.124962 8.093531 19.894028
v 19.210939 8.093531 19.858416
v 19.246550 8.093531 19.772438
v 19.210939 21.658894 19.686462
v 19.124962 21.658894 19.650850
v 19.038986 21.658894 19.686462
v 19.003374 21.658894 19.772438
v 19.038986 21.658894 19.858416
v 19.124962 21.658894 19.894028
v 19.210939 21.658894 19.858416
v 19.246550 21.658894 19.772438
vt 0.375000 0.312500
vt 0.406250 0.312500
vt 0.437500 0.312500
vt 0.468750 0.312500
vt 0.500000 0.312500
vt 0.531250 0.312500
vt 0.562500 0.312500
vt 0.593750 0.312500
vt 0.625000 0.312500
vt 0.375000 0.688440
vt 0.406250 0.688440
vt 0.437500 0.688440
vt 0.468750 0.688440
vt 0.500000 0.688440
vt 0.531250 0.688440
vt 0.562500 0.688440
vt 0.593750 0.688440
vt 0.625000 0.688440
vn 0.382676 0.000000 -0.923883
vn 0.382676 0.000000 -0.923883
vn 0.382676 0.000000 -0.923883
vn 0.382676 0.000000 -0.923883
vn -0.382683 0.000000 -0.923880
vn -0.382683 0.000000 -0.923880
vn -0.382683 0.000000 -0.923880
vn -0.382683 0.000000 -0.923880
vn -0.923880 0.000000 -0.382682
vn -0.923880 0.000000 -0.382682
vn -0.923880 0.000000 -0.382682
vn -0.923880 0.000000 -0.382682
vn -0.923884 0.000000 0.382673
vn -0.923884 0.000000 0.382673
vn -0.923884 0.000000 0.382673
vn -0.923884 0.000000 0.382673
vn -0.382683 0.000000 0.923880
vn -0.382683 0.000000 0.923880
vn -0.382683 0.000000 0.923880
vn -0.382683 0.000000 0.923880
vn 0.382676 0.000000 0.923883
vn 0.382676 0.000000 0.923883
vn 0.382676 0.000000 0.923883
vn 0.382676 0.000000 0.923883
vn 0.923891 0.000000 0.382656
vn 0.923891 0.000000 0.382656
vn 0.923891 0.000000 0.382656
vn 0.923891 0.000000 0.382656
vn 0.923887 0.000000 -0.382665
vn 0.923887 0.000000 -0.382665
vn 0.923887 0.000000 -0.382665
vn 0.923887 0.000000 -0.382665
s off
g group2 Cables pCylinder37
usemtl initialShadingGroup
f 3057/4233/7472 3058/4234/7473 3066/4243/7474 3065/4242/7475
f 3058/4234/7476 3059/4235/7477 3067/4244/7478 3066/4243/7479
f 3059/4235/7480 3060/4236/7481 3068/4245/7482 3067/4244/7483
f 3060/4236/7484 3061/4237/7485 3069/4246/7486 3068/4245/7487
f 3061/4237/7488 3062/4238/7489 3070/4247/7490 3069/4246/7491
f 3062/4238/7492 3063/4239/7493 3071/4248/7494 3070/4247/7495
f 3063/4239/7496 3064/4240/7497 3072/4249/7498 3071/4248/7499
f 3064/4240/7500 3057/4241/7501 3065/4250/7502 3072/4249/7503
g default
v 66.575569 19.638508 5.837695
v 67.036629 19.638508 5.837695
v 66.575569 35.456234 5.837695
v 67.036629 35.456234 5.837695
v 66.575569 35.456234 -6.505233
v 67.036629 35.456234 -6.505233
v 66.575569 19.638508 -6.505233
v 67.036629 19.638508 -6.505233
v 66.575569 35.456234 -6.107529
v 66.575569 19.638508 -6.107529
v 67.036629 19.638508 -6.107529
v 67.036629 35.456234 -6.107529
v 66.575569 35.456234 5.439991
v 66.575569 19.638508 5.439991
v 67.036629 19.638508 5.439991
v 67.036629 35.456234 5.439991
v 66.575569 34.785374 -6.107529
v 66.575569 34.785374 5.439991
v 66.575569 34.785374 5.837695
v 67.036629 34.785374 5.837695
v 67.036629 34.785374 5.439991
v 67.036629 34.785374 -6.107529
v 67.036629 34.785374 -6.505233
v 66.575569 34.785374 -6.505233
v 66.871620 19.638508 -6.107529
v 66.871620 19.638508 5.439991
v 66.871620 34.785374 5.439991
v 66.871620 34.785374 -6.107529
vt 0.375000 0.000000
vt 0.625000 0.000000
vt 0.375000 0.250000
vt 0.625000 0.250000
vt 0.375000 0.500000
vt 0.625000 0.500000
vt 0.375000 0.750000
vt 0.625000 0.750000
vt 0.375000 1.000000
vt 0.625000 1.000000
vt 0.875000 0.000000
vt 0.875000 0.250000
vt 0.125000 0.000000
vt 0.125000 0.250000
vt 0.208333 0.250000
vt 0.375000 0.416667
vt 0.208333 0.000000
vt 0.375000 0.833333
vt 0.625000 0.833333
vt 0.791667 0.000000
vt 0.625000 0.416667
vt 0.791667 0.250000
vt 0.291667 0.250000
vt 0.375000 0.333333
vt 0.291667 0.000000
vt 0.375000 0.916667
vt 0.625000 0.916667
vt 0.708333 0.000000
vt 0.625000 0.333333
vt 0.708333 0.250000
vt 0.208333 0.125000
vt 0.291667 0.125000
vt 0.375000 0.125000
vt 0.625000 0.125000
vt 0.708333 0.125000
vt 0.791667 0.125000
vt 0.625000 0.625000
vt 0.875000 0.125000
vt 0.125000 0.125000
vt 0.375000 0.625000
vt 0.208333 0.000000
vt 0.291667 0.000000
vt 0.291667 0.125000
vt 0.208333 0.125000
vn 0.000000 0.000000 1.000000
vn 0.000000 0.000000 1.000000
vn 0.000000 0.000000 1.000000
vn 0.000000 0.000000 1.000000
vn 0.000000 1.000000 0.000000
vn 0.000000 1.000000 0.000000
vn 0.000000 1.000000 0.000000
vn 0.000000 1.000000 0.000000
vn 0.000000 0.000000 -1.000000
vn 0.000000 0.000000 -1.000000
vn 0.000000 0.000000 -1.000000
vn 0.000000 0.000000 -1.000000
vn 0.000000 -1.000000 0.000000
vn 0.000000 -1.000000 0.000000
vn 0.000000 -1.000000 0.000000
vn 0.000000 -1.000000 0.000000
vn 1.000000 0.000000 0.000000
vn 1.000000 0.000000 0.000000
vn 1.000000 0.000000 0.000000
vn 1.000000 0.000000 0.000000
vn -1.000000 0.000000 0.000000
vn -1.000000 0.000000 0.000000
vn -1.000000 0.000000 0.000000
vn -1.000000 0.000000 0.000000
vn -1.000000 0.000000 0.000000
vn -1.000000 0.000000 0.000000
vn -1.000000 0.000000 0.000000
vn -1.000000 0.000000 0.000000
vn 0.000000 -1.000000 0.000000
vn 0.000000 -1.000000 0.000000
vn 0.000000 -1.000000 0.000000
vn 0.000000 -1.000000 0.000000
vn 1.000000 0.000000 0.000000
vn 1.000000 0.000000 0.000000
vn 1.000000 0.000000 0.000000
vn 1.000000 0.000000 0.000000
vn 0.000000 1.000000 0.000000
vn 0.000000 1.000000 0.000000
vn 0.000000 1.000000 0.000000
vn 0.000000 1.000000 0.000000
vn -1.000000 0.000000 0.000000
vn -1.000000 0.000000 0.000000
vn -1.000000 0.000000 0.000000
vn -1.000000 0.000000 0.000000
vn -1.000000 0.000000 0.000000
vn -1.000000 0.000000 0.000000
vn 0.000000 0.000000 1.000000
vn 0.000000 0.000000 1.000000
vn 1.000000 0.000000 0.000000
vn 1.000000 0.000000 0.000000
vn 1.000000 0.000000 0.000000
vn 1.000000 0.000000 0.000000
vn 0.000000 0.000000 -1.000000
vn 0.000000 0.000000 -1.000000
vn -1.000000 0.000000 0.000000
vn -1.000000 0.000000 0.000000
vn 0.000000 0.000000 -1.000000
vn 0.000000 0.000000 -1.000000
vn 0.000000 0.000000 -1.000000
vn 0.000000 0.000000 -1.000000
vn 0.000000 -1.000000 0.000000
vn 0.000000 -1.000000 0.000000
vn 0.000000 -1.000000 0.000000
vn 0.000000 -1.000000 0.000000
vn 0.000000 0.000000 1.000000
vn 0.000000 0.000000 1.000000
vn 0.000000 0.000000 1.000000
vn 0.000000 0.000000 1.000000
s 1
g group2 pCube41 Puerta_Banda
usemtl initialShadingGroup
f 3091/4283/7504 3092/4284/7505 3076/4254/7506 3075/4253/7507
s 2
f 3075/4253/7508 3076/4254/7509 3088/4279/7510 3085/4274/7511
s 3
f 3077/4255/7512 3078/4256/7513 3095/4287/7514 3096/4290/7515
s off
f 3086/4276/7516 3087/4277/7517 3074/4260/7518 3073/4259/7519
s 4
f 3092/4284/7520 3093/4285/7521 3088/4280/7522 3076/4254/7523
s 5
f 3090/4282/7524 3091/4283/7525 3075/4253/7526 3085/4273/7527
f 3096/4289/7528 3089/4281/7529 3081/4265/7530 3077/4264/7531
s off
f 3079/4257/7532 3080/4258/7533 3083/4269/7534 3082/4268/7535
s 4
f 3084/4272/7536 3094/4286/7537 3095/4288/7538 3078/4262/7539
s 2
f 3081/4266/7540 3084/4271/7541 3078/4256/7542 3077/4255/7543
s 5
f 3089/4281/7529 3090/4282/7524 3085/4273/7527 3081/4265/7530
s 4
f 3088/4280/7522 3093/4285/7521 3094/4286/7537 3084/4272/7536
s 2
f 3085/4274/7511 3088/4279/7510 3084/4271/7541 3081/4266/7540
s off
f 3097/4291/7544 3098/4292/7545 3099/4293/7546 3100/4294/7547
s 5
f 3086/4275/7548 3073/4251/7549 3091/4283/7525 3090/4282/7524
s 1
f 3073/4251/7550 3074/4252/7551 3092/4284/7505 3091/4283/7504
s 4
f 3074/4252/7552 3087/4278/7553 3093/4285/7521 3092/4284/7520
f 3094/4286/7537 3093/4285/7521 3087/4278/7553 3083/4270/7554
f 3095/4288/7538 3094/4286/7537 3083/4270/7554 3080/4261/7555
s 3
f 3096/4290/7515 3095/4287/7514 3080/4258/7556 3079/4257/7557
s 5
f 3079/4263/7558 3082/4267/7559 3089/4281/7529 3096/4289/7528
s off
f 3086/4275/7560 3090/4282/7561 3099/4293/7562 3098/4292/7563
f 3090/4282/7564 3089/4281/7565 3100/4294/7566 3099/4293/7567
f 3089/4281/7568 3082/4267/7569 3097/4291/7570 3100/4294/7571
g default
v 66.750916 33.737072 5.450495
v 66.857155 33.737072 5.450495
v 66.750916 34.737072 5.450495
v 66.857155 34.737072 5.450495
v 66.750916 34.737072 -6.149251
v 66.857155 34.737072 -6.149251
v 66.750916 33.737072 -6.149251
v 66.857155 33.737072 -6.149251
v 66.811859 34.237072 -6.149251
v 66.811859 34.237072 5.450495
vt 0.375000 0.000000
vt 0.375000 0.250000
vt 0.625000 0.250000
vt 0.375000 0.500000
vt 0.625000 0.500000
vt 0.375000 0.750000
vt 0.625000 0.750000
vt 0.375000 1.000000
vt 0.625000 1.000000
vt 0.125000 0.000000
vt 0.125000 0.250000
vt 0.125000 0.125000
vt 0.375000 0.125000
vn 0.000000 1.000000 0.000000
vn 0.000000 1.000000 0.000000
vn 0.000000 1.000000 0.000000
vn 0.000000 1.000000 0.000000
vn 0.000000 -1.000000 0.000000
vn 0.000000 -1.000000 0.000000
vn 0.000000 -1.000000 0.000000
vn 0.000000 -1.000000 0.000000
vn -1.000000 0.000000 0.000000
vn -1.000000 0.000000 0.000000
vn -0.992654 -0.120988 0.000000
vn -0.992654 -0.120988 0.000000
vn -0.992654 0.120988 0.000000
vn -0.992654 0.120988 0.000000
s off
g group2 Puerta_Banda pCube42
usemtl initialShadingGroup
f 3103/4296/7572 3104/4297/7573 3106/4299/7574 3105/4298/7575
f 3107/4300/7576 3108/4301/7577 3102/4303/7578 3101/4302/7579
s 1
f 3109/4306/7580 3110/4307/7581 3103/4296/7582 3105/4305/7583
f 3107/4304/7584 3101/4295/7585 3110/4307/7581 3109/4306/7580
g default
v 24.341042 21.338337 19.402517
v 24.450146 21.338337 19.402517
v 24.341042 24.558609 19.402517
v 24.450146 24.558609 19.402517
v 24.341042 24.558609 5.786722
v 24.450146 24.558609 5.786722
v 24.341042 21.338337 5.786722
v 24.450146 21.338337 5.786722
vt 0.375000 0.000000
vt 0.625000 0.000000
vt 0.375000 0.250000
vt 0.625000 0.250000
vt 0.375000 0.500000
vt 0.625000 0.500000
vt 0.375000 0.750000
vt 0.625000 0.750000
vt 0.875000 0.000000
vt 0.875000 0.250000
vt 0.125000 0.000000
vt 0.125000 0.250000
vn 0.000000 0.000000 1.000000
vn 0.000000 0.000000 1.000000
vn 0.000000 0.000000 1.000000
vn 0.000000 0.000000 1.000000
vn 0.000000 1.000000 0.000000
vn 0.000000 1.000000 0.000000
vn 0.000000 1.000000 0.000000
vn 0.000000 1.000000 0.000000
vn 0.000000 0.000000 -1.000000
vn 0.000000 0.000000 -1.000000
vn 0.000000 0.000000 -1.000000
vn 0.000000 0.000000 -1.000000
vn 1.000000 0.000000 0.000000
vn 1.000000 0.000000 0.000000
vn 1.000000 0.000000 0.000000
vn 1.000000 0.000000 0.000000
vn -1.000000 0.000000 0.000000
vn -1.000000 0.000000 0.000000
vn -1.000000 0.000000 0.000000
vn -1.000000 0.000000 0.000000
s off
g group2 pCube25 Brazo
usemtl initialShadingGroup
f 3111/4308/7586 3112/4309/7587 3114/4311/7588 3113/4310/7589
f 3113/4310/7590 3114/4311/7591 3116/4313/7592 3115/4312/7593
f 3115/4312/7594 3116/4313/7595 3118/4315/7596 3117/4314/7597
f 3112/4309/7598 3118/4316/7599 3116/4317/7600 3114/4311/7601
f 3117/4318/7602 3111/4308/7603 3113/4310/7604 3115/4319/7605
g default
v 10.700367 10.494152 19.591446
v 24.684372 10.494152 19.591446
v 10.700367 21.366840 19.591446
v 24.684372 21.366840 19.591446
v 10.700367 21.366840 5.607439
v 24.684372 21.366840 5.607439
v 10.700367 10.494152 5.607439
v 24.684372 10.494152 5.607439
v 24.684372 19.314648 5.607439
v 10.700367 19.314648 5.607439
v 10.700367 19.314648 19.591446
v 24.684372 19.314648 19.591446
v 24.684372 19.642342 5.607439
v 10.700367 19.642342 5.607439
v 10.700367 19.642342 19.591446
v 24.684372 19.642342 19.591446
v 24.484373 19.642342 5.807439
v 10.900366 19.642342 5.807439
v 24.484373 19.314648 5.807439
v 10.900366 19.314648 5.807439
v 10.900366 19.314648 19.391445
v 10.900366 19.642342 19.391445
v 24.484373 19.314648 19.391445
v 24.484373 19.642342 19.391445
v 11.518724 8.179921 18.773087
v 23.866014 8.179921 18.773087
v 11.518724 8.179921 6.425796
v 23.866014 8.179921 6.425796
vt 0.375000 0.000000
vt 0.625000 0.000000
vt 0.375000 0.250000
vt 0.625000 0.250000
vt 0.375000 0.500000
vt 0.625000 0.500000
vt 0.375000 0.750000
vt 0.625000 0.750000
vt 0.875000 0.000000
vt 0.875000 0.250000
vt 0.125000 0.000000
vt 0.125000 0.250000
vt 0.625000 0.666667
vt 0.875000 0.083333
vt 0.125000 0.083333
vt 0.375000 0.666667
vt 0.375000 0.083333
vt 0.625000 0.083333
vt 0.625000 0.583333
vt 0.875000 0.166667
vt 0.125000 0.166667
vt 0.375000 0.583333
vt 0.375000 0.166667
vt 0.625000 0.166667
vt 0.375000 0.583333
vt 0.625000 0.583333
vt 0.625000 0.666667
vt 0.375000 0.666667
vt 0.125000 0.083333
vt 0.375000 0.083333
vt 0.375000 0.166667
vt 0.125000 0.166667
vt 0.625000 0.083333
vt 0.625000 0.166667
vt 0.875000 0.083333
vt 0.875000 0.166667
vt 0.000000 0.000000
vt 1.000000 0.000000
vt 1.000000 1.000000
vt 0.000000 1.000000
vt 0.000000 0.000000
vt 1.000000 0.000000
vt 1.000000 1.000000
vt 0.000000 1.000000
vt 0.000000 0.000000
vt 1.000000 0.000000
vt 1.000000 1.000000
vt 0.000000 1.000000
vt 0.000000 0.000000
vt 1.000000 0.000000
vt 1.000000 1.000000
vt 0.000000 1.000000
vn 0.000000 0.000000 1.000000
vn 0.000000 0.000000 1.000000
vn 0.000000 0.000000 1.000000
vn 0.000000 0.000000 1.000000
vn 0.000000 1.000000 0.000000
vn 0.000000 1.000000 0.000000
vn 0.000000 1.000000 0.000000
vn 0.000000 1.000000 0.000000
vn 0.000000 0.000000 -1.000000
vn 0.000000 0.000000 -1.000000
vn 0.000000 0.000000 -1.000000
vn 0.000000 0.000000 -1.000000
vn 1.000000 0.000000 0.000000
vn 1.000000 0.000000 0.000000
vn 1.000000 0.000000 0.000000
vn 1.000000 0.000000 0.000000
vn -1.000000 0.000000 0.000000
vn -1.000000 0.000000 0.000000
vn -1.000000 0.000000 0.000000
vn -1.000000 0.000000 0.000000
vn 0.000000 0.000000 -1.000000
vn 0.000000 0.000000 -1.000000
vn 0.000000 0.000000 -1.000000
vn 0.000000 0.000000 -1.000000
vn -1.000000 0.000000 0.000000
vn -1.000000 0.000000 0.000000
vn -1.000000 0.000000 0.000000
vn -1.000000 0.000000 0.000000
vn 0.000000 0.000000 1.000000
vn 0.000000 0.000000 1.000000
vn 0.000000 0.000000 1.000000
vn 0.000000 0.000000 1.000000
vn 1.000000 0.000000 0.000000
vn 1.000000 0.000000 0.000000
vn 1.000000 0.000000 0.000000
vn 1.000000 0.000000 0.000000
vn 0.000000 0.000000 -1.000000
vn 0.000000 0.000000 -1.000000
vn 0.000000 0.000000 -1.000000
vn 0.000000 0.000000 -1.000000
vn -1.000000 0.000000 0.000000
vn -1.000000 0.000000 0.000000
vn -1.000000 0.000000 0.000000
vn -1.000000 0.000000 0.000000
vn 0.000000 0.000000 1.000000
vn 0.000000 0.000000 1.000000
vn 0.000000 0.000000 1.000000
vn 0.000000 0.000000 1.000000
vn 1.000000 0.000000 0.000000
vn 1.000000 0.000000 0.000000
vn 1.000000 0.000000 0.000000
vn 1.000000 0.000000 0.000000
vn 0.000000 -1.000000 0.000002
vn 0.000000 -1.000000 0.000002
vn 0.000000 -1.000000 0.000002
vn 0.000000 -1.000000 0.000002
vn 0.000000 1.000000 0.000001
vn 0.000000 1.000000 0.000001
vn 0.000000 1.000000 0.000001
vn 0.000000 1.000000 0.000001
vn 0.000000 1.000000 -0.000001
vn 0.000000 1.000000 -0.000001
vn 0.000000 -1.000000 -0.000002
vn 0.000000 -1.000000 -0.000002
vn 0.000000 1.000000 -0.000001
vn 0.000000 1.000000 -0.000001
vn 0.000000 -1.000000 -0.000002
vn 0.000000 -1.000000 -0.000002
vn 0.000000 -0.333390 0.942789
vn 0.000000 -0.333390 0.942789
vn 0.000000 -0.333390 0.942789
vn 0.000000 -0.333390 0.942789
vn 0.000000 -0.333389 -0.942789
vn 0.000000 -0.333389 -0.942789
vn 0.000000 -0.333389 -0.942789
vn 0.000000 -0.333389 -0.942789
vn -0.942789 -0.333389 0.000000
vn -0.942790 -0.333389 0.000000
vn -0.942789 -0.333389 0.000000
vn -0.942789 -0.333389 0.000000
vn 0.942789 -0.333389 0.000000
vn 0.942789 -0.333389 0.000000
vn 0.942789 -0.333389 0.000000
vn 0.942789 -0.333389 0.000000
s off
g group2 Brazo pCube23
usemtl initialShadingGroup
f 3133/4342/7606 3134/4343/7607 3122/4323/7608 3121/4322/7609
f 3121/4322/7610 3122/4323/7611 3124/4325/7612 3123/4324/7613
f 3123/4324/7614 3124/4325/7615 3131/4338/7616 3132/4341/7617
f 3134/4343/7618 3131/4339/7619 3124/4329/7620 3122/4323/7621
f 3132/4340/7622 3133/4342/7623 3121/4322/7624 3123/4331/7625
f 3128/4335/7626 3127/4332/7627 3126/4327/7628 3125/4326/7629
f 3125/4330/7630 3119/4320/7631 3129/4336/7632 3128/4334/7633
f 3119/4320/7634 3120/4321/7635 3130/4337/7636 3129/4336/7637
f 3120/4321/7638 3126/4328/7639 3127/4333/7640 3130/4337/7641
f 3136/4344/7642 3135/4345/7643 3137/4346/7644 3138/4347/7645
f 3138/4348/7646 3139/4349/7647 3140/4350/7648 3136/4351/7649
f 3139/4349/7650 3141/4352/7651 3142/4353/7652 3140/4350/7653
f 3141/4352/7654 3137/4354/7655 3135/4355/7656 3142/4353/7657
s 1
f 3132/4341/7658 3131/4338/7659 3135/4345/7660 3136/4344/7661
s 2
f 3127/4332/7662 3128/4335/7663 3138/4347/7664 3137/4346/7665
f 3128/4334/7663 3129/4336/7666 3139/4349/7667 3138/4348/7664
s 1
f 3133/4342/7668 3132/4340/7658 3136/4351/7661 3140/4350/7669
s 2
f 3129/4336/7666 3130/4337/7670 3141/4352/7671 3139/4349/7667
s 1
f 3134/4343/7672 3133/4342/7668 3140/4350/7669 3142/4353/7673
s 2
f 3130/4337/7670 3127/4333/7662 3137/4354/7665 3141/4352/7671
s 1
f 3131/4339/7659 3134/4343/7672 3142/4353/7673 3135/4355/7660
s off
f 3120/4356/7674 3119/4357/7675 3143/4358/7676 3144/4359/7677
f 3125/4360/7678 3126/4361/7679 3146/4362/7680 3145/4363/7681
f 3119/4364/7682 3125/4365/7683 3145/4366/7684 3143/4367/7685
f 3126/4368/7686 3120/4369/7687 3144/4370/7688 3146/4371/7689
g default
v 20.404984 21.205545 11.745347
v 19.628054 21.205545 10.771112
v 18.505362 21.205545 10.230452
v 17.259266 21.205545 10.230451
v 16.136576 21.205545 10.771111
v 15.359648 21.205545 11.745346
v 15.082363 21.205545 12.960200
v 15.359648 21.205545 14.175051
v 16.136576 21.205545 15.149288
v 17.259266 21.205545 15.689947
v 18.505362 21.205545 15.689949
v 19.628054 21.205545 15.149288
v 20.404984 21.205545 14.175053
v 20.682264 21.205545 12.960200
v 19.792561 24.270786 11.939438
v 19.204243 24.270786 11.201715
v 18.354107 24.270786 10.792311
v 17.410522 24.270786 10.792310
v 16.560385 24.270786 11.201714
v 15.972070 24.270786 11.939437
v 15.762102 24.270786 12.859363
v 15.972070 24.270786 13.779286
v 16.560385 24.270786 14.517010
v 17.410522 24.270786 14.926415
v 18.354107 24.270786 14.926415
v 19.204243 24.270786 14.517010
v 19.792561 24.270786 13.779288
v 20.002525 24.270786 12.859363
v 17.882315 24.270786 12.859363
v 19.404726 22.509121 10.950319
v 20.082264 22.509121 11.799924
v 20.324074 22.509121 12.859363
v 20.082264 22.509121 13.918802
v 19.404726 22.509121 14.768406
v 18.425657 22.509121 15.239902
v 17.338972 22.509121 15.239901
v 16.359903 22.509121 14.768406
v 15.682365 22.509121 13.918800
v 15.440556 22.509121 12.859363
v 15.682365 22.509121 11.799923
v 16.359903 22.509121 10.950318
v 17.338972 22.509121 10.478824
v 18.425657 22.509121 10.478827
v 20.404984 21.205545 10.168873
v 19.628054 21.205545 9.194637
v 19.404726 22.509121 9.575520
v 20.082264 22.509121 10.425123
v 18.505362 21.205545 8.653978
v 18.425657 22.509121 9.104026
v 17.259266 21.205545 8.653976
v 17.338972 22.509121 9.104024
v 16.136576 21.205545 9.194636
v 16.359903 22.509121 9.575518
v 15.359648 21.205545 10.168872
v 15.682365 22.509121 10.425123
v 15.082363 21.205545 11.556377
v 15.440556 22.509121 11.635128
v 20.682264 21.205545 11.556377
v 20.324074 22.509121 11.635128
v 19.959240 23.551174 11.859169
v 20.187527 23.551174 12.859363
v 19.959240 23.551174 13.859557
v 19.319590 23.551174 14.661651
v 18.395273 23.551174 15.106779
v 17.369356 23.551174 15.106778
v 16.445038 23.551174 14.661651
v 15.805387 23.551174 13.859556
v 15.577101 23.551174 12.859363
v 15.805390 23.551174 11.859167
v 16.445038 23.551174 11.057075
v 17.369356 23.551174 10.611946
v 18.395273 23.551174 10.611948
v 19.319590 23.551174 11.057076
v 19.551445 21.598827 9.325293
v 20.294281 21.598827 10.256774
v 20.559393 21.598827 11.583391
v 20.559393 21.598827 12.925610
v 20.294281 21.598827 14.087151
v 19.551445 21.598827 15.018633
v 18.478020 21.598827 15.535569
v 17.286610 21.598827 15.535566
v 16.213184 21.598827 15.018633
v 15.470350 21.598827 14.087149
v 15.205236 21.598827 12.925610
v 15.205236 21.598827 11.583391
v 15.470350 21.598827 10.256774
v 16.213184 21.598827 9.325291
v 17.286610 21.598827 8.808356
v 18.478020 21.598827 8.808359
vt 0.375000 0.312500
vt 0.392857 0.312500
vt 0.410714 0.312500
vt 0.428571 0.312500
vt 0.446429 0.312500
vt 0.464286 0.312500
vt 0.482143 0.312500
vt 0.500000 0.312500
vt 0.517857 0.312500
vt 0.535714 0.312500
vt 0.553571 0.312500
vt 0.571428 0.312500
vt 0.589286 0.312500
vt 0.607143 0.312500
vt 0.625000 0.312500
vt 0.375000 0.688440
vt 0.392857 0.688440
vt 0.410714 0.688440
vt 0.428571 0.688440
vt 0.446429 0.688440
vt 0.464286 0.688440
vt 0.482143 0.688440
vt 0.500000 0.688440
vt 0.517857 0.688440
vt 0.535714 0.688440
vt 0.553571 0.688440
vt 0.571428 0.688440
vt 0.589286 0.688440
vt 0.607143 0.688440
vt 0.625000 0.688440
vt 0.640776 0.775956
vt 0.597420 0.721589
vt 0.534769 0.691418
vt 0.465231 0.691418
vt 0.402580 0.721589
vt 0.359224 0.775956
vt 0.343750 0.843750
vt 0.359224 0.911544
vt 0.402580 0.965911
vt 0.465231 0.996082
vt 0.534769 0.996082
vt 0.597420 0.965911
vt 0.640776 0.911544
vt 0.656250 0.843750
vt 0.500000 0.837500
vt 0.392857 0.500470
vt 0.625000 0.500470
vt 0.375000 0.500470
vt 0.607143 0.500470
vt 0.589286 0.500470
vt 0.571428 0.500470
vt 0.553571 0.500470
vt 0.535714 0.500470
vt 0.517857 0.500470
vt 0.500000 0.500470
vt 0.482143 0.500470
vt 0.464286 0.500470
vt 0.446429 0.500470
vt 0.428571 0.500470
vt 0.410714 0.500470
vt 0.375000 0.312500
vt 0.392857 0.312500
vt 0.392857 0.500470
vt 0.375000 0.500470
vt 0.410714 0.312500
vt 0.410714 0.500470
vt 0.428571 0.312500
vt 0.428571 0.500470
vt 0.446429 0.312500
vt 0.446429 0.500470
vt 0.464286 0.312500
vt 0.464286 0.500470
vt 0.482143 0.312500
vt 0.482143 0.500470
vt 0.607143 0.312500
vt 0.625000 0.312500
vt 0.625000 0.500470
vt 0.607143 0.500470
vt 0.625000 0.650729
vt 0.375000 0.650729
vt 0.607143 0.650729
vt 0.589286 0.650729
vt 0.571428 0.650729
vt 0.553571 0.650729
vt 0.535714 0.650729
vt 0.517857 0.650729
vt 0.500000 0.650729
vt 0.482143 0.650729
vt 0.464286 0.650729
vt 0.446429 0.650729
vt 0.428571 0.650729
vt 0.410714 0.650729
vt 0.392857 0.650729
vt 0.392857 0.339048
vt 0.625000 0.339048
vt 0.375000 0.339048
vt 0.607143 0.339048
vt 0.607143 0.339048
vt 0.589286 0.339048
vt 0.571428 0.339048
vt 0.553571 0.339048
vt 0.535714 0.339048
vt 0.517857 0.339048
vt 0.500000 0.339048
vt 0.482143 0.339048
vt 0.482143 0.339048
vt 0.464286 0.339048
vt 0.446429 0.339048
vt 0.428571 0.339048
vt 0.410714 0.339048
vn 0.857212 0.329708 -0.395577
vn 0.576904 0.356522 -0.734897
vn 0.589305 0.319872 -0.741891
vn 0.871356 0.294800 -0.392213
vn 0.204261 0.369967 -0.906312
vn 0.209224 0.332575 -0.919576
vn -0.204261 0.369967 -0.906312
vn -0.209222 0.332575 -0.919576
vn -0.576905 0.356521 -0.734897
vn -0.589305 0.319872 -0.741890
vn -0.857211 0.329709 -0.395578
vn -0.871357 0.294800 -0.392213
vn -0.934003 0.304630 -0.186653
vn -0.943801 0.271415 -0.188611
vn -0.927416 0.308370 0.211678
vn -0.845397 0.331567 0.418770
vn -0.859290 0.296526 0.416766
vn -0.937423 0.274699 0.213961
vn -0.576906 0.356522 0.734896
vn -0.589306 0.319872 0.741890
vn -0.204262 0.369968 0.906311
vn -0.209224 0.332575 0.919576
vn 0.204261 0.369967 0.906312
vn 0.209223 0.332575 0.919576
vn 0.576905 0.356521 0.734897
vn 0.589305 0.319871 0.741891
vn 0.845398 0.331564 0.418769
vn 0.859289 0.296526 0.416766
vn 0.927419 0.308363 0.211675
vn 0.937423 0.274700 0.213959
vn 0.934004 0.304627 -0.186652
vn 0.943801 0.271416 -0.188610
vn 0.000000 1.000000 0.000000
vn 0.000000 1.000000 0.000000
vn 0.000000 1.000000 0.000000
vn 0.000000 1.000000 0.000000
vn 0.000000 1.000000 0.000000
vn 0.000000 1.000000 -0.000001
vn 0.000000 1.000000 -0.000000
vn 0.000000 1.000000 0.000000
vn 0.000000 1.000000 -0.000000
vn 0.000000 1.000000 0.000002
vn 0.000000 1.000000 0.000000
vn 0.000000 1.000000 -0.000000
vn 0.000000 1.000000 -0.000000
vn 0.000000 1.000000 0.000000
vn 0.000000 1.000000 0.000000
vn 0.893332 0.129925 -0.430207
vn 0.618205 0.129925 -0.775205
vn 0.613757 0.175995 -0.769628
vn 0.886905 0.175995 -0.427112
vn 0.982036 0.174306 0.072271
vn 0.984391 0.175995 0.000000
vn 0.883516 0.205687 0.420822
vn 0.886905 0.175996 0.427112
vn 0.610772 0.217759 0.761274
vn 0.613758 0.175996 0.769628
vn 0.217837 0.224464 0.949823
vn 0.219047 0.175995 0.959710
vn -0.217837 0.224463 0.949823
vn -0.219048 0.175995 0.959710
vn -0.610773 0.217759 0.761274
vn -0.613758 0.175996 0.769628
vn -0.883517 0.205685 0.420822
vn -0.886905 0.175996 0.427111
vn -0.982036 0.174304 0.072270
vn -0.984391 0.175995 -0.000001
vn -0.893332 0.129925 -0.430206
vn -0.886905 0.175996 -0.427112
vn -0.618205 0.129925 -0.775205
vn -0.613758 0.175996 -0.769628
vn -0.220634 0.129924 -0.966665
vn -0.219047 0.175995 -0.959711
vn 0.220636 0.129925 -0.966664
vn 0.219048 0.175995 -0.959710
vn 0.000000 -1.000000 0.000000
vn 0.000000 -1.000000 0.000000
vn 0.000000 -1.000000 0.000000
vn 0.000000 -1.000000 0.000000
vn 0.000000 1.000000 0.000000
vn 0.000000 1.000000 0.000000
vn 0.000000 1.000000 0.000000
vn 0.000000 1.000000 0.000000
vn 0.000000 -1.000000 0.000000
vn 0.000000 -1.000000 0.000000
vn 0.000000 -1.000000 0.000000
vn 0.000000 -1.000000 0.000000
vn 0.000000 1.000000 0.000000
vn 0.000000 1.000000 0.000000
vn 0.000000 1.000000 0.000000
vn 0.000000 1.000000 0.000000
vn 0.000000 -1.000000 0.000000
vn 0.000000 -1.000000 0.000000
vn 0.000000 -1.000000 0.000000
vn 0.000000 -1.000000 0.000000
vn 0.000000 1.000000 0.000000
vn 0.000000 1.000000 0.000000
vn 0.000000 1.000000 0.000000
vn 0.000000 1.000000 0.000000
vn 0.000000 -1.000000 0.000000
vn 0.000000 -1.000000 0.000000
vn 0.000000 -1.000000 0.000000
vn 0.000000 -1.000000 0.000000
vn 0.000000 1.000000 0.000000
vn 0.000000 1.000000 0.000000
vn 0.000000 1.000000 0.000000
vn 0.000000 1.000000 0.000000
vn 0.000000 -1.000000 0.000000
vn 0.000000 -1.000000 0.000000
vn 0.000000 -1.000000 0.000000
vn 0.000000 -1.000000 0.000000
vn 0.000000 1.000000 0.000000
vn 0.000000 1.000000 0.000000
vn 0.000000 1.000000 0.000000
vn 0.000000 1.000000 0.000000
vn 0.000000 -1.000000 0.000000
vn 0.000000 -1.000000 0.000000
vn 0.000000 -1.000000 0.000000
vn 0.000000 -1.000000 0.000000
vn -0.954498 0.298217 0.000000
vn -0.963782 0.266693 0.000000
vn -0.963845 0.266464 0.000000
vn -0.954498 0.298217 0.000000
vn 0.000000 1.000000 0.000000
vn 0.000000 1.000000 0.000000
vn 0.000000 1.000000 0.000000
vn 0.000000 1.000000 0.000000
vn 0.000000 -1.000000 0.000000
vn 0.000000 -1.000000 0.000000
vn 0.000000 -1.000000 0.000000
vn 0.000000 -1.000000 0.000000
vn 0.000000 1.000000 0.000000
vn 0.000000 1.000000 0.000000
vn 0.000000 1.000000 0.000000
vn 0.000000 1.000000 0.000000
vn 0.963782 0.266691 0.000000
vn 0.954500 0.298210 0.000000
vn 0.954500 0.298210 0.000000
vn 0.963845 0.266462 0.000000
vn 0.872594 0.248988 -0.420219
vn 0.968507 0.248988 0.000000
vn 0.872594 0.248988 0.420219
vn 0.603854 0.248988 0.757209
vn 0.215512 0.248988 0.944224
vn -0.215513 0.248989 0.944224
vn -0.603854 0.248990 0.757208
vn -0.872594 0.248990 0.420219
vn -0.968506 0.248989 -0.000001
vn -0.872594 0.248988 -0.420219
vn -0.603853 0.248989 -0.757209
vn -0.215511 0.248989 -0.944224
vn 0.215513 0.248988 -0.944224
vn 0.603853 0.248988 -0.757210
vn 0.599040 0.300563 -0.742167
vn 0.881348 0.276169 -0.383348
vn 0.947978 0.255828 -0.189444
vn 0.968173 0.250281 0.000000
vn 0.968173 0.250281 0.000000
vn -0.968173 0.250281 0.000000
vn -0.968173 0.250281 0.000000
vn -0.947978 0.255826 -0.189446
vn -0.881349 0.276168 -0.383347
vn -0.599041 0.300564 -0.742167
vn -0.213283 0.312886 -0.925534
vn 0.213285 0.312885 -0.925534
s 1
g group2 Brazo pCylinder22
usemtl initialShadingGroup
f 3190/4432/7690 3191/4433/7691 3220/4465/7692 3221/4467/7693
f 3191/4433/7691 3194/4436/7694 3235/4481/7695 3220/4465/7692
f 3194/4436/7694 3196/4438/7696 3234/4480/7697 3235/4481/7695
f 3196/4438/7696 3198/4440/7698 3233/4479/7699 3234/4480/7697
f 3198/4440/7698 3200/4442/7700 3232/4478/7701 3233/4479/7699
f 3200/4442/7700 3202/4444/7702 3231/4477/7703 3232/4478/7701
s 2
f 3153/4378/7704 3154/4379/7705 3229/4475/7706 3230/4476/7707
f 3154/4379/7705 3155/4380/7708 3228/4474/7709 3229/4475/7706
f 3155/4380/7708 3156/4381/7710 3227/4473/7711 3228/4474/7709
f 3156/4381/7710 3157/4382/7712 3226/4472/7713 3227/4473/7711
f 3157/4382/7712 3158/4383/7714 3225/4471/7715 3226/4472/7713
f 3158/4383/7714 3159/4384/7716 3224/4470/7717 3225/4471/7715
f 3159/4384/7716 3160/4385/7718 3223/4469/7719 3224/4470/7717
s 1
f 3204/4446/7720 3190/4447/7690 3221/4466/7693 3222/4468/7721
s 3
f 3161/4414/7722 3162/4413/7723 3175/4416/7724
f 3162/4413/7723 3163/4412/7725 3175/4416/7724
f 3163/4412/7725 3164/4411/7726 3175/4416/7724
f 3164/4411/7726 3165/4410/7727 3175/4416/7724
f 3165/4410/7727 3166/4409/7728 3175/4416/7724
f 3166/4409/7728 3167/4408/7729 3175/4416/7724
f 3167/4408/7729 3168/4407/7730 3175/4416/7724
f 3168/4407/7730 3169/4406/7731 3175/4416/7724
f 3169/4406/7731 3170/4405/7732 3175/4416/7724
f 3170/4405/7732 3171/4404/7733 3175/4416/7724
f 3171/4404/7733 3172/4403/7734 3175/4416/7724
f 3172/4403/7734 3173/4402/7735 3175/4416/7724
f 3173/4402/7735 3174/4415/7736 3175/4416/7724
f 3174/4415/7736 3161/4414/7722 3175/4416/7724
s 2
f 3177/4419/7737 3176/4417/7738 3219/4464/7739 3206/4451/7740
f 3178/4420/7741 3177/4418/7737 3206/4450/7740 3207/4452/7742
f 3179/4421/7743 3178/4420/7741 3207/4452/7742 3208/4453/7744
f 3180/4422/7745 3179/4421/7743 3208/4453/7744 3209/4454/7746
f 3181/4423/7747 3180/4422/7745 3209/4454/7746 3210/4455/7748
f 3182/4424/7749 3181/4423/7747 3210/4455/7748 3211/4456/7750
f 3183/4425/7751 3182/4424/7749 3211/4456/7750 3212/4457/7752
f 3184/4426/7753 3183/4425/7751 3212/4457/7752 3213/4458/7754
f 3185/4427/7755 3184/4426/7753 3213/4458/7754 3214/4459/7756
f 3186/4428/7757 3185/4427/7755 3214/4459/7756 3215/4460/7758
f 3187/4429/7759 3186/4428/7757 3215/4460/7758 3216/4461/7760
f 3188/4430/7761 3187/4429/7759 3216/4461/7760 3217/4462/7762
f 3189/4431/7763 3188/4430/7761 3217/4462/7762 3218/4463/7764
f 3176/4417/7738 3189/4431/7763 3218/4463/7764 3219/4464/7739
s off
f 3147/4372/7765 3148/4373/7766 3191/4433/7767 3190/4432/7768
f 3176/4417/7769 3177/4419/7770 3193/4435/7771 3192/4434/7772
f 3148/4373/7773 3149/4374/7774 3194/4436/7775 3191/4433/7776
f 3189/4431/7777 3176/4417/7778 3192/4434/7779 3195/4437/7780
f 3149/4374/7781 3150/4375/7782 3196/4438/7783 3194/4436/7784
f 3188/4430/7785 3189/4431/7786 3195/4437/7787 3197/4439/7788
f 3150/4375/7789 3151/4376/7790 3198/4440/7791 3196/4438/7792
f 3187/4429/7793 3188/4430/7794 3197/4439/7795 3199/4441/7796
f 3151/4376/7797 3152/4377/7798 3200/4442/7799 3198/4440/7800
f 3186/4428/7801 3187/4429/7802 3199/4441/7803 3201/4443/7804
f 3152/4377/7805 3153/4378/7806 3202/4444/7807 3200/4442/7808
s 5
f 3153/4378/7809 3230/4476/7810 3231/4477/7811 3202/4444/7812
s off
f 3185/4427/7813 3186/4428/7814 3201/4443/7815 3203/4445/7816
f 3160/4385/7817 3147/4386/7818 3190/4447/7819 3204/4446/7820
f 3177/4418/7821 3178/4420/7822 3205/4449/7823 3193/4448/7824
s 6
f 3223/4469/7825 3160/4385/7826 3204/4446/7827 3222/4468/7828
s 2
f 3207/4452/7742 3206/4450/7740 3161/4401/7829 3174/4400/7830
f 3208/4453/7744 3207/4452/7742 3174/4400/7830 3173/4399/7831
f 3209/4454/7746 3208/4453/7744 3173/4399/7831 3172/4398/7832
f 3210/4455/7748 3209/4454/7746 3172/4398/7832 3171/4397/7833
f 3211/4456/7750 3210/4455/7748 3171/4397/7833 3170/4396/7834
f 3212/4457/7752 3211/4456/7750 3170/4396/7834 3169/4395/7835
f 3213/4458/7754 3212/4457/7752 3169/4395/7835 3168/4394/7836
f 3214/4459/7756 3213/4458/7754 3168/4394/7836 3167/4393/7837
f 3215/4460/7758 3214/4459/7756 3167/4393/7837 3166/4392/7838
f 3216/4461/7760 3215/4460/7758 3166/4392/7838 3165/4391/7839
f 3217/4462/7762 3216/4461/7760 3165/4391/7839 3164/4390/7840
f 3218/4463/7764 3217/4462/7762 3164/4390/7840 3163/4389/7841
f 3219/4464/7739 3218/4463/7764 3163/4389/7841 3162/4388/7842
f 3206/4451/7740 3219/4464/7739 3162/4388/7842 3161/4387/7829
s 1
f 3221/4467/7693 3220/4465/7692 3192/4434/7843 3193/4435/7844
f 3222/4468/7721 3221/4466/7693 3193/4448/7844 3205/4449/7845
s 6
f 3178/4420/7846 3223/4469/7825 3222/4468/7828 3205/4449/7847
s 2
f 3224/4470/7717 3223/4469/7719 3178/4420/7741 3179/4421/7743
f 3225/4471/7715 3224/4470/7717 3179/4421/7743 3180/4422/7745
f 3226/4472/7713 3225/4471/7715 3180/4422/7745 3181/4423/7747
f 3227/4473/7711 3226/4472/7713 3181/4423/7747 3182/4424/7749
f 3228/4474/7709 3227/4473/7711 3182/4424/7749 3183/4425/7751
f 3229/4475/7706 3228/4474/7709 3183/4425/7751 3184/4426/7753
f 3230/4476/7707 3229/4475/7706 3184/4426/7753 3185/4427/7755
s 5
f 3231/4477/7811 3230/4476/7810 3185/4427/7848 3203/4445/7849
s 1
f 3232/4478/7701 3231/4477/7703 3203/4445/7850 3201/4443/7851
f 3233/4479/7699 3232/4478/7701 3201/4443/7851 3199/4441/7852
f 3234/4480/7697 3233/4479/7699 3199/4441/7852 3197/4439/7853
f 3235/4481/7695 3234/4480/7697 3197/4439/7853 3195/4437/7854
f 3220/4465/7692 3235/4481/7695 3195/4437/7854 3192/4434/7843
g default
v 19.540861 24.296389 11.767608
v 18.709637 24.296389 11.047349
v 17.620968 24.296389 10.890821
v 16.620495 24.296389 11.347723
v 16.025862 24.296389 12.272988
v 16.025860 24.296389 13.372854
v 16.620495 24.296389 14.298120
v 17.620968 24.296389 14.755021
v 18.709637 24.296389 14.598493
v 19.540861 24.296389 13.878235
v 19.850729 24.296389 12.822922
v 18.588428 28.915617 15.018305
v 18.251215 28.915617 14.551561
v 17.809561 28.915617 14.450129
v 17.403687 28.915617 14.746210
v 17.162453 28.915617 15.345802
v 17.162453 28.915617 16.058542
v 17.403687 28.915617 16.658133
v 17.809559 28.915617 16.954216
v 18.251215 28.915617 16.852783
v 18.588428 28.915617 16.386036
v 18.714136 28.915617 15.702171
v 19.002161 27.375875 14.511732
v 18.829784 27.375875 15.280516
v 18.367384 27.375875 15.805218
v 17.761768 27.375875 15.919245
v 17.205217 27.375875 15.586397
v 16.874428 27.375875 14.912354
v 16.874428 27.375875 14.111112
v 17.205217 27.375875 13.437068
v 17.761768 27.375875 13.104221
v 18.367384 27.375875 13.218249
v 18.829784 27.375875 13.742949
v 19.351051 25.836132 13.474613
v 19.122147 25.836132 14.352879
v 18.508102 25.836132 14.952302
v 17.703878 25.836132 15.082569
v 16.964806 25.836132 14.702320
v 16.525537 25.836132 13.932285
v 16.525537 25.836132 13.016941
v 16.964808 25.836132 12.246905
v 17.703878 25.836132 11.866657
v 18.508102 25.836132 11.996925
v 19.122147 25.836132 12.596348
vt 0.375000 0.312500
vt 0.397727 0.312500
vt 0.420455 0.312500
vt 0.443182 0.312500
vt 0.465909 0.312500
vt 0.488636 0.312500
vt 0.511364 0.312500
vt 0.534091 0.312500
vt 0.556818 0.312500
vt 0.579545 0.312500
vt 0.602273 0.312500
vt 0.625000 0.312500
vt 0.375000 0.688440
vt 0.397727 0.688440
vt 0.420455 0.688440
vt 0.443182 0.688440
vt 0.465909 0.688440
vt 0.488636 0.688440
vt 0.511364 0.688440
vt 0.534091 0.688440
vt 0.556818 0.688440
vt 0.579545 0.688440
vt 0.602273 0.688440
vt 0.625000 0.688440
vt 0.602273 0.563127
vt 0.579545 0.563127
vt 0.556818 0.563127
vt 0.534091 0.563127
vt 0.511364 0.563127
vt 0.488636 0.563127
vt 0.465909 0.563127
vt 0.443182 0.563127
vt 0.420455 0.563127
vt 0.397727 0.563127
vt 0.625000 0.563127
vt 0.375000 0.563127
vt 0.602273 0.437813
vt 0.579545 0.437813
vt 0.556818 0.437813
vt 0.534091 0.437813
vt 0.511364 0.437813
vt 0.488636 0.437813
vt 0.465909 0.437813
vt 0.443182 0.437813
vt 0.420455 0.437813
vt 0.397727 0.437813
vt 0.625000 0.437813
vt 0.375000 0.437813
vn 0.587760 0.490097 -0.643695
vn 0.587760 0.490097 -0.643695
vn 0.595831 0.505834 -0.623793
vn 0.599900 0.513954 -0.613166
vn 0.127091 0.529361 -0.838824
vn 0.127091 0.529361 -0.838824
vn 0.130053 0.567303 -0.813175
vn 0.130337 0.571068 -0.810490
vn -0.370400 0.520015 -0.769667
vn -0.370400 0.520015 -0.769667
vn -0.379415 0.556199 -0.739383
vn -0.377457 0.548146 -0.746366
vn -0.759999 0.455603 -0.463495
vn -0.759999 0.455603 -0.463495
vn -0.773194 0.458104 -0.438534
vn -0.767733 0.457099 -0.449051
vn -0.951168 0.308673 -0.000001
vn -0.951168 0.308673 -0.000001
vn -0.966311 0.257378 -0.000000
vn -0.958871 0.283841 -0.000001
vn -0.851608 0.070878 0.519365
vn -0.851608 0.070878 0.519365
vn -0.870111 -0.037481 0.491428
vn -0.862160 0.017236 0.506342
vn -0.428593 -0.152163 0.890592
vn -0.428594 -0.152163 0.890592
vn -0.438874 -0.284523 0.852312
vn -0.436482 -0.242516 0.866412
vn 0.146515 -0.208317 0.967025
vn 0.146515 -0.208317 0.967025
vn 0.149554 -0.318018 0.936215
vn 0.149813 -0.332372 0.931174
vn 0.672966 -0.062729 0.737009
vn 0.672966 -0.062729 0.737009
vn 0.683076 -0.133498 0.718043
vn 0.688311 -0.187443 0.700780
vn 0.946527 0.185818 0.263741
vn 0.946527 0.185818 0.263741
vn 0.955114 0.148147 0.256535
vn 0.962853 0.106463 0.248155
vn 0.889311 0.384345 -0.247799
vn 0.889311 0.384345 -0.247799
vn 0.896073 0.373336 -0.240155
vn 0.902146 0.363079 -0.233038
vn 0.976551 0.029778 0.213218
vn 0.972943 0.042586 0.227087
vn 0.979421 0.018525 0.200978
vn 0.979421 0.018525 0.200978
vn 0.718540 -0.312090 0.621530
vn 0.705215 -0.298713 0.642996
vn 0.735021 -0.329137 0.592801
vn 0.735021 -0.329137 0.592801
vn 0.158904 -0.508633 0.846193
vn 0.157596 -0.502988 0.849804
vn 0.168345 -0.549627 0.818272
vn 0.168345 -0.549627 0.818272
vn -0.455332 -0.425854 0.781870
vn -0.464451 -0.439212 0.769011
vn -0.483561 -0.467556 0.739973
vn -0.483561 -0.467556 0.739973
vn -0.883889 -0.124479 0.450828
vn -0.893390 -0.137077 0.427859
vn -0.901998 -0.149274 0.405113
vn -0.901998 -0.149274 0.405113
vn -0.977458 0.211131 0.000000
vn -0.980462 0.196710 0.000000
vn -0.982950 0.183872 0.000000
vn -0.982950 0.183872 0.000000
vn -0.794883 0.452788 -0.403911
vn -0.807139 0.444711 -0.388276
vn -0.821568 0.434595 -0.368988
vn -0.821568 0.434595 -0.368988
vn -0.404210 0.598686 -0.691512
vn -0.412029 0.601136 -0.684739
vn -0.434381 0.607838 -0.664715
vn -0.434381 0.607838 -0.664715
vn 0.142592 0.634305 -0.759819
vn 0.141403 0.632435 -0.761598
vn 0.153038 0.650576 -0.743862
vn 0.153038 0.650576 -0.743862
vn 0.639447 0.531549 -0.555484
vn 0.626211 0.533275 -0.568750
vn 0.660913 0.528270 -0.533035
vn 0.660913 0.528270 -0.533035
vn 0.923750 0.325286 -0.202178
vn 0.916667 0.337826 -0.213531
vn 0.930425 0.312821 -0.190924
vn 0.930425 0.312821 -0.190924
s 1
g group2 Brazo pCylinder23
usemtl initialShadingGroup
f 3236/4482/7855 3237/4483/7856 3278/4527/7857 3279/4529/7858
s 2
f 3237/4483/7859 3238/4484/7860 3277/4526/7861 3278/4527/7862
s 3
f 3238/4484/7863 3239/4485/7864 3276/4525/7865 3277/4526/7866
s 4
f 3239/4485/7867 3240/4486/7868 3275/4524/7869 3276/4525/7870
s 5
f 3240/4486/7871 3241/4487/7872 3274/4523/7873 3275/4524/7874
s 6
f 3241/4487/7875 3242/4488/7876 3273/4522/7877 3274/4523/7878
s 7
f 3242/4488/7879 3243/4489/7880 3272/4521/7881 3273/4522/7882
s 8
f 3243/4489/7883 3244/4490/7884 3271/4520/7885 3272/4521/7886
s 9
f 3244/4490/7887 3245/4491/7888 3270/4519/7889 3271/4520/7890
s 10
f 3245/4491/7891 3246/4492/7892 3269/4518/7893 3270/4519/7894
s 11
f 3246/4492/7895 3236/4493/7896 3279/4528/7897 3269/4518/7898
s 10
f 3259/4507/7899 3258/4506/7900 3257/4504/7901 3256/4503/7902
s 9
f 3260/4508/7903 3259/4507/7904 3256/4503/7905 3255/4502/7906
s 8
f 3261/4509/7907 3260/4508/7908 3255/4502/7909 3254/4501/7910
s 7
f 3262/4510/7911 3261/4509/7912 3254/4501/7913 3253/4500/7914
s 6
f 3263/4511/7915 3262/4510/7916 3253/4500/7917 3252/4499/7918
s 5
f 3264/4512/7919 3263/4511/7920 3252/4499/7921 3251/4498/7922
s 4
f 3265/4513/7923 3264/4512/7924 3251/4498/7925 3250/4497/7926
s 3
f 3266/4514/7927 3265/4513/7928 3250/4497/7929 3249/4496/7930
s 2
f 3267/4515/7931 3266/4514/7932 3249/4496/7933 3248/4495/7934
s 1
f 3268/4517/7935 3267/4515/7936 3248/4495/7937 3247/4494/7938
s 11
f 3258/4506/7939 3268/4516/7940 3247/4505/7941 3257/4504/7942
s 10
f 3270/4519/7894 3269/4518/7893 3258/4506/7900 3259/4507/7899
s 9
f 3271/4520/7890 3270/4519/7889 3259/4507/7904 3260/4508/7903
s 8
f 3272/4521/7886 3271/4520/7885 3260/4508/7908 3261/4509/7907
s 7
f 3273/4522/7882 3272/4521/7881 3261/4509/7912 3262/4510/7911
s 6
f 3274/4523/7878 3273/4522/7877 3262/4510/7916 3263/4511/7915
s 5
f 3275/4524/7874 3274/4523/7873 3263/4511/7920 3264/4512/7919
s 4
f 3276/4525/7870 3275/4524/7869 3264/4512/7924 3265/4513/7923
s 3
f 3277/4526/7866 3276/4525/7865 3265/4513/7928 3266/4514/7927
s 2
f 3278/4527/7862 3277/4526/7861 3266/4514/7932 3267/4515/7931
s 1
f 3279/4529/7858 3278/4527/7857 3267/4515/7936 3268/4517/7935
s 11
f 3269/4518/7898 3279/4528/7897 3268/4516/7940 3258/4506/7939
g default
v 16.904484 29.440016 15.128210
v 16.912712 30.032196 15.623241
v 16.923954 30.297497 16.348011
v 16.935192 30.164824 17.108320
v 16.943420 29.669729 17.700451
v 16.946434 28.944878 17.965734
v 16.943420 28.184483 17.833096
v 16.935192 27.592295 17.338070
v 16.923952 27.326998 16.613300
v 16.912712 27.459661 15.852982
v 16.904480 27.954760 15.260853
v 16.901472 28.679617 14.995570
v 18.966816 29.437244 15.097240
v 18.975040 30.029434 15.592268
v 18.986284 30.294731 16.317034
v 18.997524 30.162060 17.077351
v 19.005754 29.666965 17.669479
v 19.008766 28.942108 17.934767
v 19.005756 28.181713 17.802122
v 18.997524 27.589527 17.307098
v 18.986286 27.324226 16.582325
v 18.975040 27.456902 15.822014
v 18.966818 27.951996 15.229885
v 18.963806 28.676853 14.964600
v 16.905834 29.396431 15.222109
v 16.913494 29.947500 15.682764
v 16.923954 30.194384 16.357222
v 16.934414 30.070919 17.064745
v 16.942070 29.610203 17.615763
v 16.944874 28.935665 17.862635
v 16.942070 28.228065 17.739199
v 16.934410 27.676994 17.278540
v 16.923950 27.430115 16.604086
v 16.913494 27.553574 15.896564
v 16.905834 28.014297 15.345542
v 16.903030 28.688828 15.098677
v 18.968172 29.393658 15.191137
v 18.975822 29.944733 15.651796
v 18.986286 30.191612 16.326248
v 18.996744 30.068157 17.033772
v 19.004398 29.607433 17.584791
v 19.007202 28.932896 17.831661
v 19.004406 28.225300 17.708227
v 18.996742 27.674225 17.247570
v 18.986282 27.427345 16.573116
v 18.975828 27.550804 15.865590
v 18.968170 28.011524 15.314574
v 18.965364 28.686062 15.067703
v 16.995853 29.396305 15.220757
v 17.003510 29.947380 15.681414
v 17.013971 28.812128 16.479301
v 17.013971 30.194263 16.355869
v 17.024433 30.070801 17.063393
v 17.032087 29.610081 17.614412
v 17.034893 28.935547 17.861282
v 17.032089 28.227947 17.737846
v 17.024433 27.676872 17.277189
v 17.013973 27.429995 16.602737
v 17.003513 27.553450 15.895211
v 16.995855 28.014175 15.344192
v 16.993050 28.688707 15.097323
v 18.878151 29.393784 15.192488
v 18.885803 29.944855 15.653147
v 18.896263 28.809597 16.451038
v 18.896267 30.191734 16.327599
v 18.906727 30.068275 17.035122
v 18.914383 29.607555 17.586145
v 18.917183 28.933018 17.833012
v 18.914387 28.225422 17.709578
v 18.906727 27.674343 17.248922
v 18.896263 27.427467 16.574471
v 18.885807 27.550922 15.866942
v 18.878149 28.011646 15.315924
v 18.875343 28.686184 15.069054
v 18.580891 30.162621 17.083609
v 18.569653 30.295292 16.323294
v 18.558411 30.029991 15.598524
v 18.550184 29.437807 15.103498
v 18.547174 28.677410 14.970855
v 18.550190 27.952553 15.236141
v 18.558411 27.457458 15.828271
v 18.569653 27.324791 16.588581
v 18.580896 27.590086 17.313353
v 18.589127 28.182276 17.808378
v 18.592136 28.942669 17.941023
v 18.589125 29.667522 17.675737
v 17.351822 30.164268 17.102066
v 17.340582 30.296940 16.341755
v 17.329338 30.031639 15.616983
v 17.321110 29.439453 15.121955
v 17.318100 28.679058 14.989313
v 17.321114 27.954205 15.254599
v 17.329338 27.459106 15.846726
v 17.340584 27.326435 16.607040
v 17.351822 27.591736 17.331814
v 17.360050 28.183922 17.826839
v 17.363064 28.944317 17.959480
v 17.360050 29.669174 17.694197
v 17.351044 30.070362 17.058489
v 17.340584 30.193821 16.350964
v 18.580111 30.068714 17.040031
v 18.569653 30.192173 16.332504
v 17.330120 29.946943 15.676512
v 18.559191 29.945297 15.658054
v 17.322464 29.395868 15.215852
v 18.551537 29.394222 15.197392
v 17.319660 28.688267 15.092420
v 18.548737 28.686621 15.073960
v 17.322468 28.013735 15.339286
v 18.551542 28.012089 15.320828
v 17.330120 27.553015 15.890304
v 18.559193 27.551365 15.871849
v 17.340584 27.429554 16.597832
v 18.569653 27.427906 16.579374
v 17.351044 27.676430 17.272287
v 18.580118 27.674786 17.253824
v 17.358700 28.227509 17.732943
v 18.587772 28.225857 17.714481
v 17.361504 28.935108 17.856377
v 18.590576 28.933460 17.837915
v 17.358700 29.609642 17.609509
v 18.587772 29.607990 17.591045
vt 0.635316 0.078125
vt 0.578125 0.020934
vt 0.500000 0.000000
vt 0.421875 0.020934
vt 0.364684 0.078125
vt 0.343750 0.156250
vt 0.364684 0.234375
vt 0.421875 0.291566
vt 0.500000 0.312500
vt 0.578125 0.291566
vt 0.635316 0.234375
vt 0.656250 0.156250
vt 0.375000 0.312500
vt 0.395833 0.312500
vt 0.416667 0.312500
vt 0.437500 0.312500
vt 0.458333 0.312500
vt 0.479167 0.312500
vt 0.500000 0.312500
vt 0.520833 0.312500
vt 0.541667 0.312500
vt 0.562500 0.312500
vt 0.583333 0.312500
vt 0.604167 0.312500
vt 0.625000 0.312500
vt 0.375000 0.688440
vt 0.395833 0.688440
vt 0.416667 0.688440
vt 0.437500 0.688440
vt 0.458333 0.688440
vt 0.479167 0.688440
vt 0.500000 0.688440
vt 0.520833 0.688440
vt 0.541667 0.688440
vt 0.562500 0.688440
vt 0.583333 0.688440
vt 0.604167 0.688440
vt 0.625000 0.688440
vt 0.635316 0.765625
vt 0.578125 0.708434
vt 0.500000 0.687500
vt 0.421875 0.708434
vt 0.364684 0.765625
vt 0.343750 0.843750
vt 0.364684 0.921875
vt 0.421875 0.979066
vt 0.500000 1.000000
vt 0.578125 0.979066
vt 0.635316 0.921875
vt 0.656250 0.843750
vt 0.500000 0.150000
vt 0.500000 0.837500
vt 0.578125 0.020934
vt 0.635316 0.078125
vt 0.500000 0.000000
vt 0.421875 0.020934
vt 0.364684 0.078125
vt 0.343750 0.156250
vt 0.364684 0.234375
vt 0.421875 0.291566
vt 0.500000 0.312500
vt 0.578125 0.291566
vt 0.635316 0.234375
vt 0.656250 0.156250
vt 0.635316 0.921875
vt 0.578125 0.979066
vt 0.500000 1.000000
vt 0.421875 0.979066
vt 0.364684 0.921875
vt 0.343750 0.843750
vt 0.364684 0.765625
vt 0.421875 0.708434
vt 0.500000 0.687500
vt 0.578125 0.708434
vt 0.635316 0.765625
vt 0.656250 0.843750
vt 0.578125 0.020934
vt 0.635316 0.078125
vt 0.500000 0.000000
vt 0.421875 0.020934
vt 0.364684 0.078125
vt 0.343750 0.156250
vt 0.364684 0.234375
vt 0.421875 0.291566
vt 0.500000 0.312500
vt 0.578125 0.291566
vt 0.635316 0.234375
vt 0.656250 0.156250
vt 0.635316 0.921875
vt 0.578125 0.979066
vt 0.500000 1.000000
vt 0.421875 0.979066
vt 0.364684 0.921875
vt 0.343750 0.843750
vt 0.364684 0.765625
vt 0.421875 0.708434
vt 0.500000 0.687500
vt 0.578125 0.708434
vt 0.635316 0.765625
vt 0.656250 0.843750
vt 0.437500 0.563127
vt 0.416667 0.563127
vt 0.395833 0.563127
vt 0.625000 0.563127
vt 0.375000 0.563127
vt 0.604167 0.563127
vt 0.583333 0.563127
vt 0.562500 0.563127
vt 0.541667 0.563127
vt 0.520833 0.563127
vt 0.500000 0.563127
vt 0.479167 0.563127
vt 0.458333 0.563127
vt 0.437500 0.437813
vt 0.416667 0.437813
vt 0.395833 0.437813
vt 0.625000 0.437813
vt 0.375000 0.437813
vt 0.604167 0.437813
vt 0.583333 0.437813
vt 0.562500 0.437813
vt 0.541667 0.437813
vt 0.520833 0.437813
vt 0.500000 0.437813
vt 0.479167 0.437813
vt 0.458333 0.437813
vt 0.416667 0.437813
vt 0.437500 0.437813
vt 0.437500 0.563127
vt 0.416667 0.563127
vt 0.395833 0.437813
vt 0.395833 0.563127
vt 0.375000 0.437813
vt 0.375000 0.563127
vt 0.604167 0.437813
vt 0.625000 0.437813
vt 0.625000 0.563127
vt 0.604167 0.563127
vt 0.583333 0.437813
vt 0.583333 0.563127
vt 0.562500 0.437813
vt 0.562500 0.563127
vt 0.541667 0.437813
vt 0.541667 0.563127
vt 0.520833 0.437813
vt 0.520833 0.563127
vt 0.500000 0.437813
vt 0.500000 0.563127
vt 0.479167 0.437813
vt 0.479167 0.563127
vt 0.458333 0.437813
vt 0.458333 0.563127
vn -0.010659 0.641416 -0.767119
vn -0.010659 0.641416 -0.767119
vn -0.010659 0.641416 -0.767119
vn -0.010659 0.641416 -0.767119
vn -0.003907 0.939077 -0.343685
vn -0.003907 0.939077 -0.343685
vn -0.003907 0.939077 -0.343685
vn -0.003907 0.939077 -0.343685
vn 0.003894 0.985117 0.171844
vn 0.003894 0.985117 0.171844
vn 0.003894 0.985116 0.171844
vn 0.003894 0.985117 0.171844
vn 0.010647 0.767197 0.641323
vn 0.010647 0.767197 0.641323
vn 0.010647 0.767197 0.641323
vn 0.010647 0.767197 0.641323
vn 0.014551 0.343705 0.938965
vn 0.014551 0.343705 0.938965
vn 0.014551 0.343705 0.938965
vn 0.014551 0.343705 0.938965
vn 0.014556 -0.171879 0.985011
vn 0.014556 -0.171879 0.985011
vn 0.014556 -0.171879 0.985011
vn 0.014556 -0.171879 0.985011
vn 0.010657 -0.641407 0.767126
vn 0.010657 -0.641408 0.767126
vn 0.010657 -0.641407 0.767126
vn 0.010657 -0.641408 0.767126
vn 0.003898 -0.939079 0.343681
vn 0.003898 -0.939079 0.343681
vn 0.003898 -0.939079 0.343681
vn 0.003898 -0.939079 0.343681
vn -0.003903 -0.985118 -0.171836
vn -0.003903 -0.985118 -0.171836
vn -0.003903 -0.985118 -0.171836
vn -0.003903 -0.985118 -0.171836
vn -0.010650 -0.767194 -0.641326
vn -0.010650 -0.767194 -0.641326
vn -0.010650 -0.767194 -0.641326
vn -0.010650 -0.767194 -0.641326
vn -0.014559 -0.343704 -0.938965
vn -0.014559 -0.343704 -0.938965
vn -0.014559 -0.343704 -0.938965
vn -0.014559 -0.343704 -0.938965
vn -0.014561 0.171879 -0.985011
vn -0.014561 0.171879 -0.985011
vn -0.014561 0.171879 -0.985011
vn -0.014561 0.171879 -0.985011
vn -0.999886 0.001337 0.015017
vn -0.999886 0.001342 0.015017
vn -0.999886 0.001341 0.015017
vn -0.999886 0.001342 0.015019
vn -0.999886 0.001345 0.015016
vn -0.999886 0.001341 0.015015
vn -0.999886 0.001341 0.015018
vn -0.999886 0.001342 0.015017
vn -0.999886 0.001339 0.015016
vn -0.999886 0.001340 0.015016
vn -0.999886 0.001341 0.015016
vn -0.999886 0.001337 0.015017
vn -0.999886 0.001341 0.015018
vn 0.999887 -0.001343 -0.015013
vn 0.999886 -0.001341 -0.015015
vn 0.999886 -0.001341 -0.015016
vn 0.999886 -0.001343 -0.015019
vn 0.999886 -0.001343 -0.015017
vn 0.999886 -0.001345 -0.015016
vn 0.999886 -0.001339 -0.015016
vn 0.999886 -0.001337 -0.015019
vn 0.999886 -0.001342 -0.015022
vn 0.999886 -0.001341 -0.015016
vn 0.999887 -0.001342 -0.015013
vn 0.999886 -0.001339 -0.015016
vn 0.999886 -0.001341 -0.015016
vn -0.999886 0.001337 0.015019
vn -0.999887 0.001340 0.015008
vn -0.999887 0.001340 0.015008
vn -0.999886 0.001337 0.015019
vn -0.999886 0.001335 0.015016
vn -0.999886 0.001335 0.015016
vn -0.999887 0.001334 0.015009
vn -0.999887 0.001334 0.015009
vn -0.999887 0.001335 0.015007
vn -0.999887 0.001335 0.015007
vn -0.999887 0.001341 0.015008
vn -0.999887 0.001341 0.015008
vn -0.999886 0.001342 0.015013
vn -0.999886 0.001342 0.015013
vn -0.999886 0.001326 0.015020
vn -0.999886 0.001326 0.015020
vn -0.999886 0.001335 0.015018
vn -0.999886 0.001335 0.015018
vn -0.999886 0.001353 0.015023
vn -0.999886 0.001353 0.015023
vn -0.999886 0.001348 0.015024
vn -0.999886 0.001348 0.015024
vn -0.999887 0.001344 0.015007
vn -0.999887 0.001344 0.015007
vn 0.999886 -0.001334 -0.015030
vn 0.999886 -0.001331 -0.015031
vn 0.999886 -0.001331 -0.015031
vn 0.999886 -0.001334 -0.015030
vn 0.999886 -0.001332 -0.015020
vn 0.999886 -0.001332 -0.015020
vn 0.999886 -0.001335 -0.015021
vn 0.999886 -0.001335 -0.015021
vn 0.999886 -0.001348 -0.015041
vn 0.999886 -0.001348 -0.015041
vn 0.999886 -0.001345 -0.015039
vn 0.999886 -0.001345 -0.015039
vn 0.999886 -0.001342 -0.015023
vn 0.999886 -0.001342 -0.015023
vn 0.999886 -0.001326 -0.015023
vn 0.999886 -0.001326 -0.015023
vn 0.999886 -0.001335 -0.015022
vn 0.999886 -0.001335 -0.015022
vn 0.999886 -0.001370 -0.015029
vn 0.999886 -0.001370 -0.015029
vn 0.999886 -0.001350 -0.015024
vn 0.999886 -0.001350 -0.015024
vn 0.999886 -0.001335 -0.015017
vn 0.999886 -0.001335 -0.015017
vn 0.010634 -0.641405 0.767129
vn 0.010634 -0.641405 0.767129
vn 0.010634 -0.641405 0.767129
vn 0.010634 -0.641405 0.767129
vn 0.003906 -0.939077 0.343685
vn 0.003906 -0.939077 0.343685
vn 0.003906 -0.939077 0.343685
vn 0.003906 -0.939077 0.343685
vn -0.003885 -0.985117 -0.171843
vn -0.003885 -0.985117 -0.171843
vn -0.003885 -0.985117 -0.171843
vn -0.003885 -0.985117 -0.171843
vn -0.010659 -0.767195 -0.641325
vn -0.010659 -0.767195 -0.641325
vn -0.010659 -0.767195 -0.641325
vn -0.010659 -0.767195 -0.641325
vn -0.014554 -0.343707 -0.938964
vn -0.014554 -0.343707 -0.938964
vn -0.014554 -0.343707 -0.938964
vn -0.014554 -0.343707 -0.938964
vn -0.014579 0.171885 -0.985009
vn -0.014579 0.171885 -0.985009
vn -0.014579 0.171885 -0.985009
vn -0.014579 0.171885 -0.985009
vn -0.010641 0.641409 -0.767125
vn -0.010641 0.641409 -0.767125
vn -0.010641 0.641409 -0.767125
vn -0.010641 0.641409 -0.767125
vn -0.003886 0.939078 -0.343681
vn -0.003886 0.939078 -0.343681
vn -0.003886 0.939078 -0.343681
vn -0.003886 0.939078 -0.343681
vn 0.003912 0.985116 0.171844
vn 0.003912 0.985116 0.171844
vn 0.003912 0.985116 0.171844
vn 0.003912 0.985116 0.171844
vn 0.010675 0.767191 0.641329
vn 0.010675 0.767192 0.641329
vn 0.010675 0.767192 0.641329
vn 0.010675 0.767191 0.641329
vn 0.014565 0.343708 0.938964
vn 0.014565 0.343708 0.938964
vn 0.014565 0.343708 0.938964
vn 0.014565 0.343708 0.938963
vn 0.014567 -0.171882 0.985010
vn 0.014567 -0.171882 0.985010
vn 0.014567 -0.171882 0.985010
vn 0.014567 -0.171882 0.985010
vn 0.010623 -0.641401 0.767132
vn 0.010623 -0.641401 0.767132
vn 0.010623 -0.641401 0.767132
vn 0.010623 -0.641401 0.767132
vn 0.003882 -0.939078 0.343682
vn 0.003882 -0.939078 0.343682
vn 0.003882 -0.939078 0.343682
vn 0.003882 -0.939078 0.343682
vn -0.003892 -0.985119 -0.171831
vn -0.003892 -0.985119 -0.171831
vn -0.003892 -0.985119 -0.171831
vn -0.003892 -0.985119 -0.171831
vn -0.010673 -0.767197 -0.641323
vn -0.010673 -0.767197 -0.641323
vn -0.010673 -0.767197 -0.641323
vn -0.010673 -0.767197 -0.641323
vn -0.014586 -0.343708 -0.938963
vn -0.014586 -0.343708 -0.938963
vn -0.014586 -0.343708 -0.938963
vn -0.014586 -0.343708 -0.938963
vn -0.014548 0.171885 -0.985010
vn -0.014548 0.171885 -0.985010
vn -0.014548 0.171885 -0.985010
vn -0.014548 0.171885 -0.985010
vn -0.010681 0.641399 -0.767133
vn -0.010681 0.641399 -0.767133
vn -0.010681 0.641399 -0.767133
vn -0.010681 0.641399 -0.767133
vn -0.003919 0.939077 -0.343684
vn -0.003919 0.939077 -0.343684
vn -0.003919 0.939077 -0.343684
vn -0.003919 0.939077 -0.343684
vn 0.003900 0.985118 0.171835
vn 0.003900 0.985118 0.171835
vn 0.003900 0.985118 0.171835
vn 0.003900 0.985118 0.171835
vn 0.010646 0.767204 0.641315
vn 0.010646 0.767204 0.641315
vn 0.010646 0.767204 0.641315
vn 0.010646 0.767204 0.641315
vn 0.014531 0.343702 0.938966
vn 0.014531 0.343702 0.938966
vn 0.014531 0.343702 0.938966
vn 0.014531 0.343702 0.938966
vn 0.014537 -0.171882 0.985010
vn 0.014537 -0.171882 0.985010
vn 0.014537 -0.171882 0.985010
vn 0.014537 -0.171882 0.985010
vn 0.003907 0.985117 0.171841
vn 0.003907 0.985117 0.171841
vn 0.003907 0.985117 0.171841
vn 0.003907 0.985117 0.171841
vn -0.003903 0.939078 -0.343682
vn -0.003903 0.939078 -0.343682
vn -0.003903 0.939078 -0.343682
vn -0.003903 0.939078 -0.343682
vn -0.010657 0.641408 -0.767126
vn -0.010657 0.641408 -0.767126
vn -0.010657 0.641408 -0.767126
vn -0.010657 0.641408 -0.767126
vn -0.014562 0.171881 -0.985010
vn -0.014562 0.171881 -0.985010
vn -0.014562 0.171881 -0.985010
vn -0.014562 0.171881 -0.985010
vn -0.014559 -0.343704 -0.938965
vn -0.014559 -0.343704 -0.938965
vn -0.014559 -0.343704 -0.938965
vn -0.014559 -0.343704 -0.938965
vn -0.010656 -0.767195 -0.641325
vn -0.010656 -0.767195 -0.641325
vn -0.010656 -0.767195 -0.641325
vn -0.010656 -0.767195 -0.641325
vn -0.003906 -0.985117 -0.171840
vn -0.003906 -0.985117 -0.171840
vn -0.003906 -0.985117 -0.171840
vn -0.003906 -0.985117 -0.171840
vn 0.003892 -0.939079 0.343680
vn 0.003892 -0.939079 0.343680
vn 0.003892 -0.939079 0.343680
vn 0.003892 -0.939079 0.343680
vn 0.010654 -0.641405 0.767128
vn 0.010654 -0.641405 0.767128
vn 0.010654 -0.641405 0.767128
vn 0.010654 -0.641406 0.767128
vn 0.014558 -0.171885 0.985010
vn 0.014558 -0.171885 0.985009
vn 0.014558 -0.171885 0.985010
vn 0.014558 -0.171885 0.985009
vn 0.014560 0.343707 0.938964
vn 0.014560 0.343707 0.938964
vn 0.014560 0.343707 0.938964
vn 0.014560 0.343707 0.938964
vn 0.010662 0.767197 0.641323
vn 0.010662 0.767197 0.641323
vn 0.010662 0.767197 0.641323
vn 0.010662 0.767197 0.641323
vn 0.003902 0.985117 0.171839
vn 0.003902 0.985117 0.171839
vn 0.003902 0.985117 0.171839
vn 0.003902 0.985117 0.171839
vn -0.003903 0.939081 -0.343675
vn -0.003903 0.939081 -0.343675
vn -0.003903 0.939081 -0.343675
vn -0.003903 0.939081 -0.343675
vn -0.010662 0.641409 -0.767125
vn -0.010662 0.641409 -0.767125
vn -0.010662 0.641409 -0.767125
vn -0.010662 0.641409 -0.767125
vn -0.014564 0.171880 -0.985010
vn -0.014564 0.171880 -0.985010
vn -0.014564 0.171880 -0.985010
vn -0.014564 0.171880 -0.985010
vn -0.014561 -0.343705 -0.938965
vn -0.014561 -0.343705 -0.938965
vn -0.014561 -0.343705 -0.938965
vn -0.014561 -0.343705 -0.938965
vn -0.010659 -0.767195 -0.641326
vn -0.010659 -0.767195 -0.641326
vn -0.010659 -0.767195 -0.641326
vn -0.010659 -0.767195 -0.641326
vn -0.003902 -0.985117 -0.171838
vn -0.003902 -0.985117 -0.171838
vn -0.003902 -0.985117 -0.171838
vn -0.003902 -0.985117 -0.171838
vn 0.003904 -0.939079 0.343681
vn 0.003904 -0.939079 0.343681
vn 0.003904 -0.939078 0.343681
vn 0.003904 -0.939078 0.343681
vn 0.010663 -0.641406 0.767127
vn 0.010663 -0.641406 0.767127
vn 0.010663 -0.641406 0.767127
vn 0.010663 -0.641406 0.767127
vn 0.014562 -0.171883 0.985010
vn 0.014562 -0.171883 0.985010
vn 0.014562 -0.171883 0.985010
vn 0.014562 -0.171883 0.985010
vn 0.014565 0.343708 0.938964
vn 0.014565 0.343708 0.938964
vn 0.014565 0.343708 0.938964
vn 0.014565 0.343708 0.938964
vn 0.010663 0.767195 0.641326
vn 0.010663 0.767195 0.641326
vn 0.010663 0.767195 0.641326
vn 0.010663 0.767195 0.641326
vn 0.999886 -0.001335 -0.015020
vn 0.999887 -0.001336 -0.015008
vn 0.999887 -0.001336 -0.015008
vn 0.999886 -0.001335 -0.015020
vn -0.999886 0.001324 0.015018
vn -0.999886 0.001333 0.015015
vn -0.999886 0.001333 0.015015
vn -0.999886 0.001324 0.015018
vn 0.999886 -0.001336 -0.015029
vn 0.999886 -0.001336 -0.015029
vn -0.999886 0.001344 0.015016
vn -0.999886 0.001344 0.015016
vn 0.999886 -0.001338 -0.015028
vn 0.999886 -0.001338 -0.015028
vn -0.999886 0.001345 0.015021
vn -0.999886 0.001345 0.015021
vn 0.999886 -0.001340 -0.015026
vn 0.999886 -0.001340 -0.015026
vn -0.999886 0.001339 0.015026
vn -0.999886 0.001339 0.015026
vn 0.999886 -0.001346 -0.015026
vn 0.999886 -0.001346 -0.015026
vn -0.999886 0.001350 0.015021
vn -0.999886 0.001350 0.015021
vn 0.999886 -0.001351 -0.015024
vn 0.999886 -0.001351 -0.015024
vn -0.999886 0.001356 0.015017
vn -0.999886 0.001356 0.015017
vn 0.999886 -0.001353 -0.015017
vn 0.999886 -0.001353 -0.015017
vn -0.999886 0.001350 0.015018
vn -0.999886 0.001350 0.015018
vn 0.999887 -0.001354 -0.015007
vn 0.999887 -0.001354 -0.015007
vn -0.999886 0.001349 0.015018
vn -0.999886 0.001349 0.015018
vn 0.999887 -0.001351 -0.015005
vn 0.999887 -0.001351 -0.015005
vn -0.999886 0.001343 0.015021
vn -0.999886 0.001343 0.015021
vn 0.999887 -0.001342 -0.015008
vn 0.999887 -0.001342 -0.015008
vn -0.999886 0.001334 0.015021
vn -0.999886 0.001334 0.015021
vn 0.999887 -0.001337 -0.015006
vn 0.999887 -0.001337 -0.015006
vn -0.999886 0.001326 0.015019
vn -0.999886 0.001326 0.015019
s off
g group2 Brazo pCylinder29
usemtl initialShadingGroup
f 3280/4542/7943 3281/4543/7944 3368/4645/7945 3369/4647/7946
f 3281/4543/7947 3282/4544/7948 3367/4644/7949 3368/4645/7950
f 3282/4544/7951 3283/4545/7952 3366/4643/7953 3367/4644/7954
f 3283/4545/7955 3284/4546/7956 3377/4655/7957 3366/4643/7958
f 3284/4546/7959 3285/4547/7960 3376/4654/7961 3377/4655/7962
f 3285/4547/7963 3286/4548/7964 3375/4653/7965 3376/4654/7966
f 3286/4548/7967 3287/4549/7968 3374/4652/7969 3375/4653/7970
f 3287/4549/7971 3288/4550/7972 3373/4651/7973 3374/4652/7974
f 3288/4550/7975 3289/4551/7976 3372/4650/7977 3373/4651/7978
f 3289/4551/7979 3290/4552/7980 3371/4649/7981 3372/4650/7982
f 3290/4552/7983 3291/4553/7984 3370/4648/7985 3371/4649/7986
f 3291/4553/7987 3280/4554/7988 3369/4646/7989 3370/4648/7990
s 1
f 3329/4606/7991 3328/4607/7992 3330/4580/7993
f 3331/4608/7994 3329/4606/7991 3330/4580/7993
f 3332/4609/7995 3331/4608/7994 3330/4580/7993
f 3333/4610/7996 3332/4609/7995 3330/4580/7993
f 3334/4611/7997 3333/4610/7996 3330/4580/7993
f 3335/4612/7998 3334/4611/7997 3330/4580/7993
f 3336/4613/7999 3335/4612/7998 3330/4580/7993
f 3337/4614/8000 3336/4613/7999 3330/4580/7993
f 3338/4615/8001 3337/4614/8000 3330/4580/7993
f 3339/4616/8002 3338/4615/8001 3330/4580/7993
f 3340/4617/8003 3339/4616/8002 3330/4580/7993
f 3328/4607/7992 3340/4617/8003 3330/4580/7993
s 2
f 3341/4618/8004 3342/4619/8005 3343/4581/8006
f 3342/4619/8005 3344/4620/8007 3343/4581/8006
f 3344/4620/8007 3345/4621/8008 3343/4581/8006
f 3345/4621/8008 3346/4622/8009 3343/4581/8006
f 3346/4622/8009 3347/4623/8010 3343/4581/8006
f 3347/4623/8010 3348/4624/8011 3343/4581/8006
f 3348/4624/8011 3349/4625/8012 3343/4581/8006
f 3349/4625/8012 3350/4626/8013 3343/4581/8006
f 3350/4626/8013 3351/4627/8014 3343/4581/8006
f 3351/4627/8014 3352/4628/8015 3343/4581/8006
f 3352/4628/8015 3353/4629/8016 3343/4581/8006
f 3353/4629/8016 3341/4618/8004 3343/4581/8006
s 3
f 3281/4531/8017 3280/4530/8018 3304/4583/8019 3305/4582/8020
f 3282/4532/8021 3281/4531/8017 3305/4582/8020 3306/4584/8022
f 3283/4533/8023 3282/4532/8021 3306/4584/8022 3307/4585/8024
f 3284/4534/8025 3283/4533/8023 3307/4585/8024 3308/4586/8026
f 3285/4535/8027 3284/4534/8025 3308/4586/8026 3309/4587/8028
f 3286/4536/8029 3285/4535/8027 3309/4587/8028 3310/4588/8030
f 3287/4537/8031 3286/4536/8029 3310/4588/8030 3311/4589/8032
f 3288/4538/8033 3287/4537/8031 3311/4589/8032 3312/4590/8034
f 3289/4539/8035 3288/4538/8033 3312/4590/8034 3313/4591/8036
f 3290/4540/8037 3289/4539/8035 3313/4591/8036 3314/4592/8038
f 3291/4541/8039 3290/4540/8037 3314/4592/8038 3315/4593/8040
f 3280/4530/8018 3291/4541/8039 3315/4593/8040 3304/4583/8019
s 4
f 3292/4578/8041 3293/4577/8042 3317/4595/8043 3316/4594/8044
f 3293/4577/8042 3294/4576/8045 3318/4596/8046 3317/4595/8043
f 3294/4576/8045 3295/4575/8047 3319/4597/8048 3318/4596/8046
f 3295/4575/8047 3296/4574/8049 3320/4598/8050 3319/4597/8048
f 3296/4574/8049 3297/4573/8051 3321/4599/8052 3320/4598/8050
f 3297/4573/8051 3298/4572/8053 3322/4600/8054 3321/4599/8052
f 3298/4572/8053 3299/4571/8055 3323/4601/8056 3322/4600/8054
f 3299/4571/8055 3300/4570/8057 3324/4602/8058 3323/4601/8056
f 3300/4570/8057 3301/4569/8059 3325/4603/8060 3324/4602/8058
f 3301/4569/8059 3302/4568/8061 3326/4604/8062 3325/4603/8060
f 3302/4568/8061 3303/4579/8063 3327/4605/8064 3326/4604/8062
f 3303/4579/8063 3292/4578/8041 3316/4594/8044 3327/4605/8064
s off
f 3305/4582/8065 3304/4583/8066 3328/4607/8067 3329/4606/8068
f 3306/4584/8069 3305/4582/8070 3329/4606/8071 3331/4608/8072
f 3307/4585/8073 3306/4584/8074 3331/4608/8075 3332/4609/8076
f 3308/4586/8077 3307/4585/8078 3332/4609/8079 3333/4610/8080
f 3309/4587/8081 3308/4586/8082 3333/4610/8083 3334/4611/8084
f 3310/4588/8085 3309/4587/8086 3334/4611/8087 3335/4612/8088
f 3311/4589/8089 3310/4588/8090 3335/4612/8091 3336/4613/8092
f 3312/4590/8093 3311/4589/8094 3336/4613/8095 3337/4614/8096
f 3313/4591/8097 3312/4590/8098 3337/4614/8099 3338/4615/8100
f 3314/4592/8101 3313/4591/8102 3338/4615/8103 3339/4616/8104
f 3315/4593/8105 3314/4592/8106 3339/4616/8107 3340/4617/8108
f 3304/4583/8109 3315/4593/8110 3340/4617/8111 3328/4607/8112
f 3316/4594/8113 3317/4595/8114 3342/4619/8115 3341/4618/8116
f 3317/4595/8117 3318/4596/8118 3344/4620/8119 3342/4619/8120
f 3318/4596/8121 3319/4597/8122 3345/4621/8123 3344/4620/8124
f 3319/4597/8125 3320/4598/8126 3346/4622/8127 3345/4621/8128
f 3320/4598/8129 3321/4599/8130 3347/4623/8131 3346/4622/8132
f 3321/4599/8133 3322/4600/8134 3348/4624/8135 3347/4623/8136
f 3322/4600/8137 3323/4601/8138 3349/4625/8139 3348/4624/8140
f 3323/4601/8141 3324/4602/8142 3350/4626/8143 3349/4625/8144
f 3324/4602/8145 3325/4603/8146 3351/4627/8147 3350/4626/8148
f 3325/4603/8149 3326/4604/8150 3352/4628/8151 3351/4627/8152
f 3326/4604/8153 3327/4605/8154 3353/4629/8155 3352/4628/8156
f 3327/4605/8157 3316/4594/8158 3341/4618/8159 3353/4629/8160
f 3355/4631/8161 3354/4630/8162 3295/4558/8163 3294/4557/8164
f 3356/4632/8165 3355/4631/8166 3294/4557/8167 3293/4556/8168
f 3357/4634/8169 3356/4632/8170 3293/4556/8171 3292/4555/8172
f 3358/4635/8173 3357/4633/8174 3292/4567/8175 3303/4566/8176
f 3359/4636/8177 3358/4635/8178 3303/4566/8179 3302/4565/8180
f 3360/4637/8181 3359/4636/8182 3302/4565/8183 3301/4564/8184
f 3361/4638/8185 3360/4637/8186 3301/4564/8187 3300/4563/8188
f 3362/4639/8189 3361/4638/8190 3300/4563/8191 3299/4562/8192
f 3363/4640/8193 3362/4639/8194 3299/4562/8195 3298/4561/8196
f 3364/4641/8197 3363/4640/8198 3298/4561/8199 3297/4560/8200
f 3365/4642/8201 3364/4641/8202 3297/4560/8203 3296/4559/8204
f 3354/4630/8205 3365/4642/8206 3296/4559/8207 3295/4558/8208
f 3379/4656/8209 3378/4657/8210 3380/4658/8211 3381/4659/8212
f 3382/4660/8213 3379/4656/8214 3381/4659/8215 3383/4661/8216
f 3384/4662/8217 3382/4660/8218 3383/4661/8219 3385/4663/8220
f 3386/4664/8221 3384/4665/8222 3385/4666/8223 3387/4667/8224
f 3388/4668/8225 3386/4664/8226 3387/4667/8227 3389/4669/8228
f 3390/4670/8229 3388/4668/8230 3389/4669/8231 3391/4671/8232
f 3392/4672/8233 3390/4670/8234 3391/4671/8235 3393/4673/8236
f 3394/4674/8237 3392/4672/8238 3393/4673/8239 3395/4675/8240
f 3396/4676/8241 3394/4674/8242 3395/4675/8243 3397/4677/8244
f 3398/4678/8245 3396/4676/8246 3397/4677/8247 3399/4679/8248
f 3400/4680/8249 3398/4678/8250 3399/4679/8251 3401/4681/8252
f 3378/4657/8253 3400/4680/8254 3401/4681/8255 3380/4658/8256
s 5
f 3367/4644/8257 3366/4643/8258 3378/4657/8259 3379/4656/8260
s 6
f 3354/4630/8261 3355/4631/8262 3381/4659/8263 3380/4658/8264
s 5
f 3368/4645/8265 3367/4644/8257 3379/4656/8260 3382/4660/8266
s 6
f 3355/4631/8262 3356/4632/8267 3383/4661/8268 3381/4659/8263
s 5
f 3369/4647/8269 3368/4645/8265 3382/4660/8266 3384/4662/8270
s 6
f 3356/4632/8267 3357/4634/8271 3385/4663/8272 3383/4661/8268
s 5
f 3370/4648/8273 3369/4646/8269 3384/4665/8270 3386/4664/8274
s 6
f 3357/4633/8271 3358/4635/8275 3387/4667/8276 3385/4666/8272
s 5
f 3371/4649/8277 3370/4648/8273 3386/4664/8274 3388/4668/8278
s 6
f 3358/4635/8275 3359/4636/8279 3389/4669/8280 3387/4667/8276
s 5
f 3372/4650/8281 3371/4649/8277 3388/4668/8278 3390/4670/8282
s 6
f 3359/4636/8279 3360/4637/8283 3391/4671/8284 3389/4669/8280
s 5
f 3373/4651/8285 3372/4650/8281 3390/4670/8282 3392/4672/8286
s 6
f 3360/4637/8283 3361/4638/8287 3393/4673/8288 3391/4671/8284
s 5
f 3374/4652/8289 3373/4651/8285 3392/4672/8286 3394/4674/8290
s 6
f 3361/4638/8287 3362/4639/8291 3395/4675/8292 3393/4673/8288
s 5
f 3375/4653/8293 3374/4652/8289 3394/4674/8290 3396/4676/8294
s 6
f 3362/4639/8291 3363/4640/8295 3397/4677/8296 3395/4675/8292
s 5
f 3376/4654/8297 3375/4653/8293 3396/4676/8294 3398/4678/8298
s 6
f 3363/4640/8295 3364/4641/8299 3399/4679/8300 3397/4677/8296
s 5
f 3377/4655/8301 3376/4654/8297 3398/4678/8298 3400/4680/8302
s 6
f 3364/4641/8299 3365/4642/8303 3401/4681/8304 3399/4679/8300
s 5
f 3366/4643/8258 3377/4655/8301 3400/4680/8302 3378/4657/8259
s 6
f 3365/4642/8303 3354/4630/8261 3380/4658/8264 3401/4681/8304
g default
v 18.582623 29.072145 15.008810
v 18.302588 29.072145 14.528216
v 17.920053 29.072145 14.352307
v 17.537519 29.072145 14.528216
v 17.257486 29.072145 15.008810
v 17.154987 29.072145 15.665312
v 17.257486 29.072145 16.321814
v 17.537519 29.072145 16.802406
v 17.920053 29.072145 16.978315
v 18.302588 29.072145 16.802406
v 18.582623 29.072145 16.321814
v 18.685122 29.072145 15.665312
v 18.582623 33.413986 8.805647
v 18.302588 33.129330 8.575544
v 17.920053 33.025143 8.491321
v 17.537519 33.129330 8.575544
v 17.257486 33.413986 8.805647
v 17.154987 33.802830 9.119973
v 17.257486 34.191669 9.434299
v 17.537519 34.476326 9.664402
v 17.920053 34.580517 9.748626
v 18.302588 34.476326 9.664402
v 18.582623 34.191669 9.434299
v 18.685122 33.802830 9.119973
v 18.214775 31.406103 12.352355
v 18.212669 31.587343 12.493294
v 18.132156 31.728428 12.607264
v 17.994812 31.791555 12.663725
v 17.837437 31.759811 12.647551
v 17.702196 31.641701 12.563074
v 17.625332 31.468870 12.432930
v 17.627438 31.287632 12.291990
v 17.707951 31.146545 12.178021
v 17.845295 31.083418 12.121559
v 18.002670 31.115162 12.137734
v 18.137911 31.233273 12.222212
v 18.308392 30.224344 14.034824
v 18.278051 30.459621 14.238666
v 18.151785 30.640024 14.386321
v 17.963427 30.717207 14.438226
v 17.763447 30.670494 14.380473
v 17.605429 30.512402 14.228538
v 17.531715 30.285288 14.023129
v 17.562056 30.050011 13.819288
v 17.688322 29.869608 13.671634
v 17.876680 29.792425 13.619728
v 18.076660 29.839136 13.677481
v 18.234678 29.997231 13.829417
v 18.400291 32.582153 10.761589
v 18.362772 32.818241 10.970965
v 18.206625 33.001247 11.122825
v 17.973692 33.082146 11.176476
v 17.726387 33.039253 11.117544
v 17.530973 32.884064 10.961819
v 17.439816 32.658161 10.751026
v 17.477337 32.422077 10.541650
v 17.633484 32.239067 10.389791
v 17.866417 32.158169 10.336140
v 18.113722 32.201061 10.395072
v 18.309134 32.356251 10.550797
v 18.224072 30.838194 13.123475
v 18.228437 31.033720 13.286835
v 18.146402 31.189875 13.414705
v 17.999947 31.264816 13.472825
v 17.828316 31.238466 13.445621
v 17.677494 31.117882 13.340382
v 17.587898 30.935377 13.185307
v 17.583534 30.739851 13.021947
v 17.665569 30.583696 12.894076
v 17.812025 30.508755 12.835957
v 17.983656 30.535107 12.863161
v 18.134476 30.655689 12.968400
v 18.284601 31.956028 11.621843
v 18.263615 32.151047 11.787682
v 18.150566 32.302425 11.911407
v 17.975756 32.369602 11.959870
v 17.786018 32.334572 11.920083
v 17.632196 32.206726 11.802708
v 17.555506 32.020321 11.639194
v 17.576494 31.825298 11.473356
v 17.689541 31.673922 11.349630
v 17.864351 31.606747 11.301167
v 18.054089 31.641773 11.340956
v 18.207911 31.769621 11.458330
vt 0.375000 0.312500
vt 0.395833 0.312500
vt 0.416667 0.312500
vt 0.437500 0.312500
vt 0.458333 0.312500
vt 0.479167 0.312500
vt 0.500000 0.312500
vt 0.520833 0.312500
vt 0.541667 0.312500
vt 0.562500 0.312500
vt 0.583333 0.312500
vt 0.604167 0.312500
vt 0.625000 0.312500
vt 0.375000 0.688440
vt 0.395833 0.688440
vt 0.416667 0.688440
vt 0.437500 0.688440
vt 0.458333 0.688440
vt 0.479167 0.688440
vt 0.500000 0.688440
vt 0.520833 0.688440
vt 0.541667 0.688440
vt 0.562500 0.688440
vt 0.583333 0.688440
vt 0.604167 0.688440
vt 0.625000 0.688440
vt 0.604167 0.500470
vt 0.583333 0.500470
vt 0.562500 0.500470
vt 0.541667 0.500470
vt 0.520833 0.500470
vt 0.500000 0.500470
vt 0.479167 0.500470
vt 0.458333 0.500470
vt 0.437500 0.500470
vt 0.416667 0.500470
vt 0.395833 0.500470
vt 0.625000 0.500470
vt 0.375000 0.500470
vt 0.604167 0.406485
vt 0.583333 0.406485
vt 0.562500 0.406485
vt 0.541667 0.406485
vt 0.520833 0.406485
vt 0.500000 0.406485
vt 0.479167 0.406485
vt 0.458333 0.406485
vt 0.437500 0.406485
vt 0.416667 0.406485
vt 0.395833 0.406485
vt 0.625000 0.406485
vt 0.375000 0.406485
vt 0.604167 0.594455
vt 0.583333 0.594455
vt 0.562500 0.594455
vt 0.541667 0.594455
vt 0.520833 0.594455
vt 0.500000 0.594455
vt 0.479167 0.594455
vt 0.458333 0.594455
vt 0.437500 0.594455
vt 0.416667 0.594455
vt 0.395833 0.594455
vt 0.625000 0.594455
vt 0.375000 0.594455
vt 0.604167 0.453477
vt 0.583333 0.453477
vt 0.562500 0.453477
vt 0.541667 0.453477
vt 0.520833 0.453477
vt 0.500000 0.453477
vt 0.479167 0.453477
vt 0.458333 0.453477
vt 0.437500 0.453477
vt 0.416667 0.453477
vt 0.395833 0.453477
vt 0.625000 0.453477
vt 0.375000 0.453477
vt 0.604167 0.547462
vt 0.583333 0.547462
vt 0.562500 0.547462
vt 0.541667 0.547462
vt 0.520833 0.547462
vt 0.500000 0.547462
vt 0.479167 0.547462
vt 0.458333 0.547462
vt 0.437500 0.547462
vt 0.416667 0.547462
vt 0.395833 0.547462
vt 0.625000 0.547462
vt 0.375000 0.547462
vn 0.816308 -0.308809 -0.488138
vn 0.816308 -0.308809 -0.488138
vn 0.801177 -0.366622 -0.472974
vn 0.804622 -0.354543 -0.476322
vn 0.324335 -0.661317 -0.676363
vn 0.324335 -0.661317 -0.676363
vn 0.308897 -0.679260 -0.665724
vn 0.311998 -0.675712 -0.667885
vn -0.352696 -0.664673 -0.658647
vn -0.352696 -0.664673 -0.658647
vn -0.405765 -0.663790 -0.628281
vn -0.400157 -0.664003 -0.631644
vn -0.836869 -0.307384 -0.452952
vn -0.836869 -0.307384 -0.452952
vn -0.862967 -0.314050 -0.395803
vn -0.863145 -0.314095 -0.395380
vn -0.981491 0.080786 -0.173637
vn -0.981491 0.080786 -0.173637
vn -0.988766 0.053625 -0.139521
vn -0.989335 0.051136 -0.136387
vn -0.921848 0.377175 0.089081
vn -0.921848 0.377175 0.089081
vn -0.930801 0.352180 0.097867
vn -0.932230 0.347966 0.099332
vn -0.705322 0.626387 0.331903
vn -0.705322 0.626387 0.331903
vn -0.717509 0.614931 0.327171
vn -0.720120 0.612425 0.326132
vn -0.272145 0.812152 0.516088
vn -0.272145 0.812152 0.516088
vn -0.272368 0.816361 0.509284
vn -0.272401 0.817028 0.508196
vn 0.312474 0.800166 0.511951
vn 0.312474 0.800166 0.511951
vn 0.347035 0.794128 0.498927
vn 0.345724 0.794379 0.499437
vn 0.744643 0.589967 0.312163
vn 0.744643 0.589967 0.312163
vn 0.787627 0.545033 0.287372
vn 0.780912 0.552468 0.291470
vn 0.941593 0.332312 0.054510
vn 0.941593 0.332312 0.054510
vn 0.965681 0.257778 0.031809
vn 0.961405 0.272726 0.036337
vn 0.975631 0.052006 -0.213167
vn 0.975631 0.052006 -0.213167
vn 0.974890 -0.032741 -0.220268
vn 0.975623 -0.015190 -0.218927
vn 0.999486 0.000165 0.032059
vn 0.999447 0.000052 0.033260
vn 0.993328 0.006895 0.115120
vn 0.993546 0.006286 0.113252
vn 0.906389 0.333163 0.259732
vn 0.905610 0.333178 0.262415
vn 0.864933 0.350214 0.359502
vn 0.865475 0.349855 0.358545
vn 0.503865 0.697023 0.510176
vn 0.502174 0.696186 0.512978
vn 0.430039 0.678008 0.596130
vn 0.428937 0.677912 0.597033
vn -0.229490 0.785062 0.575337
vn -0.229795 0.784327 0.576217
vn -0.260728 0.728036 0.634023
vn -0.262012 0.726397 0.635372
vn -0.734895 0.541158 0.408751
vn -0.734764 0.541952 0.407935
vn -0.744449 0.485008 0.458872
vn -0.744901 0.483053 0.460199
vn -0.944715 0.255351 0.205693
vn -0.944481 0.257427 0.204177
vn -0.952217 0.186349 0.241985
vn -0.952652 0.183381 0.242540
vn -0.999631 -0.026920 -0.003523
vn -0.999710 -0.023533 -0.005157
vn -0.992983 -0.116789 0.018586
vn -0.992462 -0.121189 0.018248
vn -0.904026 -0.349228 -0.246531
vn -0.905347 -0.344460 -0.248383
vn -0.862617 -0.451550 -0.228024
vn -0.860391 -0.455625 -0.228325
vn -0.499859 -0.702778 -0.506206
vn -0.502929 -0.698197 -0.509493
vn -0.430586 -0.775920 -0.461025
vn -0.429633 -0.776646 -0.460691
vn 0.229893 -0.795805 -0.560218
vn 0.228804 -0.793617 -0.563755
vn 0.251587 -0.831341 -0.495557
vn 0.251114 -0.830759 -0.496771
vn 0.733381 -0.565447 -0.377389
vn 0.733237 -0.564541 -0.379020
vn 0.734324 -0.597388 -0.322329
vn 0.734459 -0.596427 -0.323798
vn 0.943239 -0.285713 -0.169314
vn 0.943220 -0.285631 -0.169563
vn 0.947547 -0.301484 -0.106127
vn 0.947416 -0.301297 -0.107816
vn 0.998838 0.044845 -0.017640
vn 0.998609 0.049498 -0.018188
vn 0.908445 0.363863 0.205746
vn 0.907029 0.367643 0.205273
vn 0.507447 0.736095 0.447954
vn 0.505730 0.737863 0.446986
vn -0.249009 0.829236 0.500362
vn -0.247949 0.828925 0.501402
vn -0.750824 0.571280 0.331516
vn -0.749115 0.571892 0.334315
vn -0.948284 0.283041 0.143684
vn -0.947614 0.284344 0.145517
vn -0.998891 0.006004 -0.046688
vn -0.998912 0.006999 -0.046109
vn -0.909742 -0.305885 -0.280722
vn -0.909790 -0.305777 -0.280681
vn -0.508115 -0.653281 -0.561287
vn -0.507381 -0.653429 -0.561778
vn 0.255701 -0.731878 -0.631642
vn 0.257645 -0.730177 -0.632819
vn 0.756100 -0.488805 -0.435181
vn 0.757732 -0.485222 -0.436351
vn 0.949984 -0.221376 -0.220281
vn 0.950813 -0.216800 -0.221252
vn 0.982332 0.042475 0.182263
vn 0.981912 0.043723 0.184221
vn 0.978661 0.052873 0.198561
vn 0.978661 0.052873 0.198561
vn 0.816933 0.378522 0.435134
vn 0.816767 0.378609 0.435370
vn 0.806075 0.384066 0.450263
vn 0.806075 0.384066 0.450263
vn 0.359859 0.656840 0.662619
vn 0.361195 0.657469 0.661266
vn 0.346990 0.650686 0.675430
vn 0.346990 0.650686 0.675430
vn -0.301298 0.667014 0.681405
vn -0.299691 0.669701 0.679474
vn -0.309591 0.652891 0.691293
vn -0.309591 0.652891 0.691293
vn -0.766655 0.419297 0.486241
vn -0.765392 0.422971 0.485048
vn -0.771925 0.403472 0.491266
vn -0.771925 0.403472 0.491266
vn -0.963088 0.111768 0.244887
vn -0.962547 0.116118 0.244988
vn -0.964978 0.095169 0.244459
vn -0.964978 0.095169 0.244459
vn -0.978710 -0.205109 0.007570
vn -0.979687 -0.200364 0.008291
vn -0.974909 -0.222551 0.004909
vn -0.974909 -0.222551 0.004909
vn -0.808796 -0.542511 -0.227005
vn -0.811132 -0.538899 -0.227273
vn -0.797515 -0.559500 -0.225677
vn -0.797515 -0.559500 -0.225677
vn -0.360204 -0.835116 -0.415734
vn -0.360816 -0.834595 -0.416249
vn -0.345180 -0.847583 -0.403055
vn -0.345180 -0.847583 -0.403055
vn 0.284111 -0.858881 -0.426151
vn 0.285545 -0.859895 -0.423136
vn 0.294175 -0.865831 -0.404721
vn 0.294175 -0.865831 -0.404721
vn 0.750455 -0.607165 -0.261090
vn 0.751883 -0.607271 -0.256698
vn 0.757060 -0.607551 -0.240297
vn 0.757060 -0.607550 -0.240297
vn 0.957300 -0.285293 -0.046740
vn 0.957877 -0.283896 -0.043288
vn 0.960166 -0.277954 -0.028703
vn 0.960165 -0.277954 -0.028703
s 1
g group2 Brazo pCylinder24
usemtl initialShadingGroup
f 3402/4682/8305 3403/4683/8306 3448/4731/8307 3449/4733/8308
s 2
f 3403/4683/8309 3404/4684/8310 3447/4730/8311 3448/4731/8312
s 3
f 3404/4684/8313 3405/4685/8314 3446/4729/8315 3447/4730/8316
s 4
f 3405/4685/8317 3406/4686/8318 3445/4728/8319 3446/4729/8320
s 5
f 3406/4686/8321 3407/4687/8322 3444/4727/8323 3445/4728/8324
s 6
f 3407/4687/8325 3408/4688/8326 3443/4726/8327 3444/4727/8328
s 7
f 3408/4688/8329 3409/4689/8330 3442/4725/8331 3443/4726/8332
s 8
f 3409/4689/8333 3410/4690/8334 3441/4724/8335 3442/4725/8336
s 9
f 3410/4690/8337 3411/4691/8338 3440/4723/8339 3441/4724/8340
s 10
f 3411/4691/8341 3412/4692/8342 3439/4722/8343 3440/4723/8344
s 11
f 3412/4692/8345 3413/4693/8346 3438/4721/8347 3439/4722/8348
s 12
f 3413/4693/8349 3402/4694/8350 3449/4732/8351 3438/4721/8352
s 11
f 3427/4709/8353 3426/4708/8354 3474/4760/8355 3475/4761/8356
s 10
f 3428/4710/8357 3427/4709/8358 3475/4761/8359 3476/4762/8360
s 9
f 3429/4711/8361 3428/4710/8362 3476/4762/8363 3477/4763/8364
s 8
f 3430/4712/8365 3429/4711/8366 3477/4763/8367 3478/4764/8368
s 7
f 3431/4713/8369 3430/4712/8370 3478/4764/8371 3479/4765/8372
s 6
f 3432/4714/8373 3431/4713/8374 3479/4765/8375 3480/4766/8376
s 5
f 3433/4715/8377 3432/4714/8378 3480/4766/8379 3481/4767/8380
s 4
f 3434/4716/8381 3433/4715/8382 3481/4767/8383 3482/4768/8384
s 3
f 3435/4717/8385 3434/4716/8386 3482/4768/8387 3483/4769/8388
s 2
f 3436/4718/8389 3435/4717/8390 3483/4769/8391 3484/4770/8392
s 1
f 3437/4720/8393 3436/4718/8394 3484/4770/8395 3485/4772/8396
s 12
f 3426/4708/8397 3437/4719/8398 3485/4771/8399 3474/4760/8400
s 11
f 3439/4722/8348 3438/4721/8347 3462/4747/8401 3463/4748/8402
s 10
f 3440/4723/8344 3439/4722/8343 3463/4748/8403 3464/4749/8404
s 9
f 3441/4724/8340 3440/4723/8339 3464/4749/8405 3465/4750/8406
s 8
f 3442/4725/8336 3441/4724/8335 3465/4750/8407 3466/4751/8408
s 7
f 3443/4726/8332 3442/4725/8331 3466/4751/8409 3467/4752/8410
s 6
f 3444/4727/8328 3443/4726/8327 3467/4752/8411 3468/4753/8412
s 5
f 3445/4728/8324 3444/4727/8323 3468/4753/8413 3469/4754/8414
s 4
f 3446/4729/8320 3445/4728/8319 3469/4754/8415 3470/4755/8416
s 3
f 3447/4730/8316 3446/4729/8315 3470/4755/8417 3471/4756/8418
s 2
f 3448/4731/8312 3447/4730/8311 3471/4756/8419 3472/4757/8420
s 1
f 3449/4733/8308 3448/4731/8307 3472/4757/8421 3473/4759/8422
s 12
f 3438/4721/8352 3449/4732/8351 3473/4758/8423 3462/4747/8424
s 11
f 3451/4735/8425 3450/4734/8426 3425/4706/8427 3424/4705/8428
s 10
f 3452/4736/8429 3451/4735/8430 3424/4705/8431 3423/4704/8432
s 9
f 3453/4737/8433 3452/4736/8434 3423/4704/8435 3422/4703/8436
s 8
f 3454/4738/8437 3453/4737/8438 3422/4703/8439 3421/4702/8440
s 7
f 3455/4739/8441 3454/4738/8442 3421/4702/8443 3420/4701/8444
s 6
f 3456/4740/8445 3455/4739/8446 3420/4701/8447 3419/4700/8448
s 5
f 3457/4741/8449 3456/4740/8450 3419/4700/8451 3418/4699/8452
s 4
f 3458/4742/8453 3457/4741/8454 3418/4699/8455 3417/4698/8456
s 3
f 3459/4743/8457 3458/4742/8458 3417/4698/8459 3416/4697/8460
s 2
f 3460/4744/8461 3459/4743/8462 3416/4697/8463 3415/4696/8464
s 1
f 3461/4746/8465 3460/4744/8466 3415/4696/8467 3414/4695/8468
s 12
f 3450/4734/8469 3461/4745/8470 3414/4707/8471 3425/4706/8472
s 11
f 3463/4748/8402 3462/4747/8401 3426/4708/8354 3427/4709/8353
s 10
f 3464/4749/8404 3463/4748/8403 3427/4709/8358 3428/4710/8357
s 9
f 3465/4750/8406 3464/4749/8405 3428/4710/8362 3429/4711/8361
s 8
f 3466/4751/8408 3465/4750/8407 3429/4711/8366 3430/4712/8365
s 7
f 3467/4752/8410 3466/4751/8409 3430/4712/8370 3431/4713/8369
s 6
f 3468/4753/8412 3467/4752/8411 3431/4713/8374 3432/4714/8373
s 5
f 3469/4754/8414 3468/4753/8413 3432/4714/8378 3433/4715/8377
s 4
f 3470/4755/8416 3469/4754/8415 3433/4715/8382 3434/4716/8381
s 3
f 3471/4756/8418 3470/4755/8417 3434/4716/8386 3435/4717/8385
s 2
f 3472/4757/8420 3471/4756/8419 3435/4717/8390 3436/4718/8389
s 1
f 3473/4759/8422 3472/4757/8421 3436/4718/8394 3437/4720/8393
s 12
f 3462/4747/8424 3473/4758/8423 3437/4719/8398 3426/4708/8397
s 11
f 3475/4761/8356 3474/4760/8355 3450/4734/8426 3451/4735/8425
s 10
f 3476/4762/8360 3475/4761/8359 3451/4735/8430 3452/4736/8429
s 9
f 3477/4763/8364 3476/4762/8363 3452/4736/8434 3453/4737/8433
s 8
f 3478/4764/8368 3477/4763/8367 3453/4737/8438 3454/4738/8437
s 7
f 3479/4765/8372 3478/4764/8371 3454/4738/8442 3455/4739/8441
s 6
f 3480/4766/8376 3479/4765/8375 3455/4739/8446 3456/4740/8445
s 5
f 3481/4767/8380 3480/4766/8379 3456/4740/8450 3457/4741/8449
s 4
f 3482/4768/8384 3481/4767/8383 3457/4741/8454 3458/4742/8453
s 3
f 3483/4769/8388 3482/4768/8387 3458/4742/8458 3459/4743/8457
s 2
f 3484/4770/8392 3483/4769/8391 3459/4743/8462 3460/4744/8461
s 1
f 3485/4772/8396 3484/4770/8395 3460/4744/8466 3461/4746/8465
s 12
f 3474/4760/8400 3485/4771/8399 3461/4745/8470 3450/4734/8469
g default
v 17.988773 29.602459 16.407978
v 17.921726 29.590097 16.398958
v 17.867958 29.624733 16.424234
v 17.867958 29.680286 16.464775
v 17.921726 29.714922 16.490053
v 17.988773 29.702560 16.481031
v 18.018614 29.652510 16.444506
v 17.988773 34.258564 9.997465
v 17.921726 34.246655 10.007078
v 17.867958 34.280022 9.980146
v 17.867958 34.333538 9.936952
v 17.921726 34.366905 9.910021
v 17.988773 34.354996 9.919632
v 18.018614 34.306778 9.958549
v 18.018614 33.223492 13.615437
v 17.988773 33.273540 13.651962
v 17.921726 33.285904 13.660984
v 17.867958 33.251266 13.635707
v 17.867958 33.195713 13.595165
v 17.921726 33.161076 13.569889
v 17.988773 33.173439 13.578910
v 18.018614 31.751150 15.038059
v 17.988773 31.801199 15.074585
v 17.921726 31.813562 15.083607
v 17.867958 31.778925 15.058330
v 17.867958 31.723372 15.017788
v 17.921726 31.688738 14.992512
v 17.988773 31.701097 15.001534
v 17.988773 34.067745 11.758554
v 18.018614 34.117798 11.795081
v 17.988773 34.167850 11.831608
v 17.921726 34.180210 11.840629
v 17.867958 34.145576 11.815351
v 17.867958 34.090023 11.774811
v 17.921726 34.055386 11.749534
v 18.018614 32.584438 14.351096
v 17.988773 32.634491 14.387623
v 17.921726 32.646854 14.396644
v 17.867958 32.612217 14.371367
v 17.867958 32.556664 14.330826
v 17.921726 32.522026 14.305549
v 17.988773 32.534389 14.314569
v 18.018614 33.767765 12.729608
v 17.988773 33.817814 12.766133
v 17.921726 33.830177 12.775155
v 17.867958 33.795540 12.749878
v 17.867958 33.739986 12.709336
v 17.921726 33.705349 12.684060
v 17.988773 33.717712 12.693081
vt 0.375000 0.312500
vt 0.410714 0.312500
vt 0.446429 0.312500
vt 0.482143 0.312500
vt 0.517857 0.312500
vt 0.553571 0.312500
vt 0.589286 0.312500
vt 0.625000 0.312500
vt 0.375000 0.688440
vt 0.410714 0.688440
vt 0.446429 0.688440
vt 0.482143 0.688440
vt 0.517857 0.688440
vt 0.553571 0.688440
vt 0.589286 0.688440
vt 0.625000 0.688440
vt 0.589286 0.500470
vt 0.553571 0.500470
vt 0.517857 0.500470
vt 0.482143 0.500470
vt 0.446429 0.500470
vt 0.410714 0.500470
vt 0.625000 0.500470
vt 0.375000 0.500470
vt 0.589286 0.406485
vt 0.553571 0.406485
vt 0.517857 0.406485
vt 0.482143 0.406485
vt 0.446429 0.406485
vt 0.410714 0.406485
vt 0.625000 0.406485
vt 0.375000 0.406485
vt 0.625000 0.594455
vt 0.375000 0.594455
vt 0.589286 0.594455
vt 0.553571 0.594455
vt 0.517857 0.594455
vt 0.482143 0.594455
vt 0.446429 0.594455
vt 0.410714 0.594455
vt 0.589286 0.453477
vt 0.553571 0.453477
vt 0.517857 0.453477
vt 0.482143 0.453477
vt 0.446429 0.453477
vt 0.410714 0.453477
vt 0.625000 0.453477
vt 0.375000 0.453477
vt 0.589286 0.547462
vt 0.553571 0.547462
vt 0.517857 0.547462
vt 0.482143 0.547462
vt 0.446429 0.547462
vt 0.410714 0.547462
vt 0.625000 0.547462
vt 0.375000 0.547462
vn 0.209636 -0.544348 -0.812243
vn 0.209636 -0.544348 -0.812243
vn 0.211600 -0.566577 -0.796376
vn 0.211834 -0.569319 -0.794357
vn -0.599548 -0.445554 -0.664849
vn -0.599548 -0.445554 -0.664849
vn -0.604173 -0.466439 -0.646072
vn -0.602920 -0.460596 -0.651412
vn -1.000000 0.000000 0.000000
vn -1.000000 0.000000 0.000000
vn -1.000000 0.000000 0.000000
vn -1.000000 0.000000 0.000000
vn -0.599577 0.445542 0.664831
vn -0.599577 0.445542 0.664831
vn -0.604207 0.466424 0.646052
vn -0.602952 0.460582 0.651393
vn 0.209657 0.544345 0.812239
vn 0.209657 0.544345 0.812239
vn 0.211622 0.566574 0.796373
vn 0.211856 0.569317 0.794352
vn 0.889868 0.253984 0.378982
vn 0.889868 0.253984 0.378982
vn 0.891369 0.260989 0.370603
vn 0.892240 0.265294 0.365413
vn 0.889877 -0.253974 -0.378967
vn 0.889877 -0.253974 -0.378967
vn 0.891376 -0.260981 -0.370592
vn 0.892246 -0.265287 -0.365403
vn 0.900954 0.350542 0.255739
vn 0.900954 0.350478 0.255826
vn 0.898062 0.396573 0.190300
vn 0.898652 0.391712 0.197446
vn 0.222546 0.787531 0.574689
vn 0.222546 0.787495 0.574739
vn 0.219263 0.876700 0.428159
vn 0.219438 0.874616 0.432313
vn -0.623500 0.631496 0.460934
vn -0.623500 0.631576 0.460824
vn -0.618159 0.703085 0.351499
vn -0.617260 0.708369 0.342349
vn -1.000000 0.000007 0.000000
vn -1.000000 0.000007 0.000000
vn -1.000000 0.000000 0.000000
vn -1.000000 0.000000 0.000000
vn -0.623502 -0.631497 -0.460931
vn -0.623502 -0.631578 -0.460820
vn -0.618166 -0.703079 -0.351497
vn -0.617269 -0.708362 -0.342348
vn 0.222541 -0.787535 -0.574686
vn 0.222541 -0.787498 -0.574737
vn 0.219261 -0.876702 -0.428156
vn 0.219437 -0.874618 -0.432308
vn 0.900966 -0.350518 -0.255731
vn 0.900966 -0.350454 -0.255819
vn 0.898075 -0.396546 -0.190295
vn 0.898666 -0.391683 -0.197440
vn 0.898174 0.303082 0.318472
vn 0.898655 0.307452 0.312878
vn 0.219339 0.676579 0.702945
vn 0.219482 0.679308 0.700263
vn -0.618200 0.549392 0.562136
vn -0.617470 0.543558 0.568573
vn -1.000000 0.000008 0.000000
vn -1.000000 0.000006 0.000000
vn -0.618183 -0.549405 -0.562142
vn -0.617450 -0.543573 -0.568581
vn 0.219320 -0.676583 -0.702947
vn 0.219463 -0.679312 -0.700265
vn 0.898177 -0.303079 -0.318467
vn 0.898658 -0.307448 -0.312874
vn 0.876716 -0.468795 -0.107705
vn 0.867141 -0.490727 -0.085168
vn 0.852840 -0.519287 -0.054821
vn 0.852840 -0.519287 -0.054821
vn 0.876461 0.469789 0.105422
vn 0.866885 0.491665 0.082315
vn 0.852989 0.519321 0.052108
vn 0.852989 0.519321 0.052108
vn 0.192313 0.963190 0.187830
vn 0.190315 0.965937 0.175343
vn 0.176872 0.979609 0.095304
vn 0.176872 0.979609 0.095304
vn -0.557483 0.818169 0.140754
vn -0.569371 0.804444 0.169368
vn -0.531722 0.842852 0.082905
vn -0.531722 0.842852 0.082905
vn -1.000000 0.000027 0.000000
vn -1.000000 0.000018 0.000000
vn -1.000000 0.000038 0.000000
vn -1.000000 0.000038 0.000000
vn -0.558339 -0.816056 -0.149364
vn -0.570277 -0.802156 -0.177005
vn -0.531274 -0.842321 -0.090792
vn -0.531274 -0.842321 -0.090792
vn 0.192860 -0.960625 -0.200009
vn 0.190844 -0.963459 -0.187951
vn 0.176617 -0.978478 -0.106710
vn 0.176617 -0.978478 -0.106710
s 1
g group2 Brazo pCylinder35
usemtl initialShadingGroup
f 3486/4773/8473 3487/4774/8474 3512/4802/8475 3513/4804/8476
s 2
f 3487/4774/8477 3488/4775/8478 3511/4801/8479 3512/4802/8480
s 3
f 3488/4775/8481 3489/4776/8482 3510/4800/8483 3511/4801/8484
s 4
f 3489/4776/8485 3490/4777/8486 3509/4799/8487 3510/4800/8488
s 5
f 3490/4777/8489 3491/4778/8490 3508/4798/8491 3509/4799/8492
s 6
f 3491/4778/8493 3492/4779/8494 3507/4797/8495 3508/4798/8496
s 7
f 3492/4779/8497 3486/4780/8498 3513/4803/8499 3507/4797/8500
s 6
f 3501/4790/8501 3500/4789/8502 3528/4821/8503 3529/4822/8504
s 5
f 3502/4791/8505 3501/4790/8506 3529/4822/8507 3530/4823/8508
s 4
f 3503/4792/8509 3502/4791/8510 3530/4823/8511 3531/4824/8512
s 3
f 3504/4793/8513 3503/4792/8514 3531/4824/8515 3532/4825/8516
s 2
f 3505/4794/8517 3504/4793/8518 3532/4825/8519 3533/4826/8520
s 1
f 3506/4796/8521 3505/4794/8522 3533/4826/8523 3534/4828/8524
s 7
f 3500/4789/8525 3506/4795/8526 3534/4827/8527 3528/4821/8528
s 6
f 3508/4798/8496 3507/4797/8495 3521/4813/8529 3522/4814/8530
s 5
f 3509/4799/8492 3508/4798/8491 3522/4814/8531 3523/4815/8532
s 4
f 3510/4800/8488 3509/4799/8487 3523/4815/8533 3524/4816/8534
s 3
f 3511/4801/8484 3510/4800/8483 3524/4816/8535 3525/4817/8536
s 2
f 3512/4802/8480 3511/4801/8479 3525/4817/8537 3526/4818/8538
s 1
f 3513/4804/8476 3512/4802/8475 3526/4818/8539 3527/4820/8540
s 7
f 3507/4797/8500 3513/4803/8499 3527/4819/8541 3521/4813/8542
f 3515/4807/8543 3514/4805/8544 3493/4788/8545 3499/4787/8546
s 6
f 3516/4808/8547 3515/4807/8548 3499/4787/8549 3498/4786/8550
s 5
f 3517/4809/8551 3516/4808/8552 3498/4786/8553 3497/4785/8554
s 4
f 3518/4810/8555 3517/4809/8556 3497/4785/8557 3496/4784/8558
s 3
f 3519/4811/8559 3518/4810/8560 3496/4784/8561 3495/4783/8562
s 2
f 3520/4812/8563 3519/4811/8564 3495/4783/8565 3494/4782/8566
s 1
f 3514/4806/8567 3520/4812/8568 3494/4782/8569 3493/4781/8570
s 6
f 3522/4814/8530 3521/4813/8529 3500/4789/8502 3501/4790/8501
s 5
f 3523/4815/8532 3522/4814/8531 3501/4790/8506 3502/4791/8505
s 4
f 3524/4816/8534 3523/4815/8533 3502/4791/8510 3503/4792/8509
s 3
f 3525/4817/8536 3524/4816/8535 3503/4792/8514 3504/4793/8513
s 2
f 3526/4818/8538 3525/4817/8537 3504/4793/8518 3505/4794/8517
s 1
f 3527/4820/8540 3526/4818/8539 3505/4794/8522 3506/4796/8521
s 7
f 3521/4813/8542 3527/4819/8541 3506/4795/8526 3500/4789/8525
s 6
f 3529/4822/8504 3528/4821/8503 3515/4807/8548 3516/4808/8547
s 5
f 3530/4823/8508 3529/4822/8507 3516/4808/8552 3517/4809/8551
s 4
f 3531/4824/8512 3530/4823/8511 3517/4809/8556 3518/4810/8555
s 3
f 3532/4825/8516 3531/4824/8515 3518/4810/8560 3519/4811/8559
s 2
f 3533/4826/8520 3532/4825/8519 3519/4811/8564 3520/4812/8563
s 1
f 3534/4828/8524 3533/4826/8523 3520/4812/8568 3514/4806/8567
s 7
f 3528/4821/8528 3534/4827/8527 3514/4805/8544 3515/4807/8543
g default
v 18.787043 34.854134 8.887251
v 18.787043 34.536743 8.528990
v 18.787043 34.089214 8.359264
v 18.787043 33.614075 8.416957
v 18.787043 33.220165 8.688850
v 18.787043 32.997734 9.112658
v 18.787043 32.997734 9.591289
v 18.787043 33.220165 10.015096
v 18.787043 33.614071 10.286990
v 18.787043 34.089214 10.344683
v 18.787043 34.536743 10.174957
v 18.787043 34.854134 9.816697
v 18.787043 34.968678 9.351974
v 18.674055 34.854134 8.887251
v 18.674055 34.536743 8.528990
v 18.674055 34.089214 8.359264
v 18.674055 33.614075 8.416957
v 18.674055 33.220165 8.688850
v 18.674055 32.997734 9.112658
v 18.674055 32.997734 9.591289
v 18.674055 33.220165 10.015096
v 18.674055 33.614071 10.286990
v 18.674055 34.089214 10.344683
v 18.674055 34.536743 10.174957
v 18.674055 34.854134 9.816697
v 18.674055 34.968678 9.351974
v 18.674055 33.968678 9.351974
v 18.787043 34.762939 8.935114
v 18.787043 34.478237 8.613751
v 18.787043 34.076801 8.461506
v 18.787043 33.650597 8.513257
v 18.787043 33.297256 8.757148
v 18.787043 33.097733 9.137305
v 18.787043 33.097733 9.566641
v 18.787043 33.297256 9.946799
v 18.787043 33.650593 10.190690
v 18.787043 34.076801 10.242441
v 18.787043 34.478237 10.090196
v 18.787043 34.762939 9.768834
v 18.787043 34.865685 9.351974
v 18.735153 34.762939 8.935114
v 18.735153 34.478237 8.613751
v 18.735155 33.968681 9.351974
v 18.735153 34.076801 8.461506
v 18.735153 33.650597 8.513257
v 18.735153 33.297256 8.757148
v 18.735153 33.097733 9.137305
v 18.735153 33.097733 9.566641
v 18.735153 33.297256 9.946799
v 18.735153 33.650593 10.190690
v 18.735153 34.076801 10.242441
v 18.735153 34.478237 10.090196
v 18.735153 34.762939 9.768834
v 18.735153 34.865685 9.351974
vt 0.638353 0.083637
vt 0.588760 0.027659
vt 0.518834 0.001139
vt 0.444593 0.010154
vt 0.383045 0.052637
vt 0.348290 0.118857
vt 0.348290 0.193643
vt 0.383045 0.259863
vt 0.444593 0.302346
vt 0.518834 0.311361
vt 0.588760 0.284841
vt 0.638353 0.228863
vt 0.656250 0.156250
vt 0.375000 0.312500
vt 0.394231 0.312500
vt 0.413462 0.312500
vt 0.432692 0.312500
vt 0.451923 0.312500
vt 0.471154 0.312500
vt 0.490385 0.312500
vt 0.509615 0.312500
vt 0.528846 0.312500
vt 0.548077 0.312500
vt 0.567308 0.312500
vt 0.586539 0.312500
vt 0.605769 0.312500
vt 0.625000 0.312500
vt 0.375000 0.688440
vt 0.394231 0.688440
vt 0.413462 0.688440
vt 0.432692 0.688440
vt 0.451923 0.688440
vt 0.471154 0.688440
vt 0.490385 0.688440
vt 0.509615 0.688440
vt 0.528846 0.688440
vt 0.548077 0.688440
vt 0.567308 0.688440
vt 0.586539 0.688440
vt 0.605769 0.688440
vt 0.625000 0.688440
vt 0.638353 0.771137
vt 0.588760 0.715159
vt 0.518834 0.688639
vt 0.444593 0.697654
vt 0.383045 0.740137
vt 0.348290 0.806357
vt 0.348290 0.881143
vt 0.383045 0.947363
vt 0.444593 0.989846
vt 0.518834 0.998861
vt 0.588760 0.972341
vt 0.638353 0.916363
vt 0.656250 0.843750
vt 0.500000 0.150000
vt 0.500000 0.837500
vt 0.588760 0.027659
vt 0.638353 0.083637
vt 0.518834 0.001139
vt 0.444593 0.010154
vt 0.383045 0.052637
vt 0.348290 0.118857
vt 0.348290 0.193643
vt 0.383045 0.259863
vt 0.444593 0.302346
vt 0.518834 0.311361
vt 0.588760 0.284841
vt 0.638353 0.228863
vt 0.656250 0.156250
vt 0.588760 0.027659
vt 0.638353 0.083637
vt 0.518834 0.001139
vt 0.444593 0.010154
vt 0.383045 0.052637
vt 0.348290 0.118857
vt 0.348290 0.193643
vt 0.383045 0.259863
vt 0.444593 0.302346
vt 0.518834 0.311361
vt 0.588760 0.284841
vt 0.638353 0.228863
vt 0.656250 0.156250
vn 0.000000 0.885458 -0.464719
vn 0.000000 0.568067 -0.822982
vn 0.000000 0.568067 -0.822982
vn 0.000000 0.885458 -0.464719
vn 0.000000 0.120539 -0.992709
vn 0.000000 0.120539 -0.992709
vn 0.000000 -0.354601 -0.935018
vn 0.000000 -0.354601 -0.935018
vn 0.000000 -0.748508 -0.663126
vn 0.000000 -0.748508 -0.663126
vn 0.000000 -0.970942 -0.239314
vn 0.000000 -0.970942 -0.239314
vn 0.000000 -0.970942 0.239314
vn 0.000000 -0.970942 0.239314
vn 0.000000 -0.748511 0.663122
vn 0.000000 -0.748511 0.663122
vn 0.000000 -0.354605 0.935016
vn 0.000000 -0.354605 0.935016
vn 0.000000 0.120538 0.992709
vn 0.000000 0.120538 0.992709
vn 0.000000 0.568067 0.822982
vn 0.000000 0.568067 0.822982
vn 0.000000 0.885456 0.464723
vn 0.000000 0.885456 0.464723
vn 0.000000 1.000000 0.000000
vn 0.000000 1.000000 0.000000
vn 1.000000 0.000000 -0.000002
vn 1.000000 0.000001 -0.000001
vn 1.000000 0.000001 0.000000
vn 1.000000 0.000000 -0.000002
vn 1.000000 0.000000 -0.000002
vn 1.000000 0.000001 -0.000001
vn 1.000000 -0.000000 -0.000001
vn 1.000000 -0.000001 0.000001
vn 1.000000 0.000000 0.000001
vn 1.000000 0.000005 0.000002
vn 1.000000 0.000005 0.000002
vn 1.000000 0.000000 0.000002
vn 1.000000 -0.000001 0.000001
vn 1.000000 0.000001 -0.000000
vn -1.000000 0.000000 0.000000
vn -1.000000 0.000002 0.000000
vn -1.000000 0.000000 0.000000
vn -1.000000 -0.000002 0.000000
vn -1.000000 -0.000004 0.000000
vn -1.000000 0.000000 0.000000
vn -1.000000 0.000001 0.000000
vn -1.000000 0.000000 0.000000
vn -1.000000 0.000001 0.000000
vn -1.000000 0.000002 0.000000
vn -1.000000 0.000000 0.000000
vn -1.000000 0.000002 0.000000
vn -1.000000 0.000002 0.000000
vn -1.000000 0.000000 0.000000
vn 1.000000 0.000000 0.000000
vn 1.000000 -0.000004 0.000000
vn 1.000000 -0.000004 0.000000
vn 1.000000 0.000000 0.000000
vn 1.000000 0.000000 0.000000
vn 1.000000 0.000000 0.000000
vn 1.000000 0.000000 0.000000
vn 1.000000 0.000000 0.000000
vn 1.000000 0.000001 0.000000
vn 1.000000 0.000001 0.000000
vn 1.000000 0.000000 0.000000
vn 1.000000 -0.000000 0.000000
vn 1.000000 -0.000004 0.000000
vn 1.000000 -0.000004 0.000000
vn 1.000000 0.000003 0.000000
vn 1.000000 0.000003 0.000000
vn 1.000000 0.000004 0.000000
vn 1.000000 0.000004 0.000000
vn 1.000000 -0.000001 0.000000
vn 1.000000 -0.000001 0.000000
vn 1.000000 -0.000001 0.000000
vn 1.000000 -0.000001 0.000000
vn 1.000000 -0.000001 0.000000
vn 1.000000 -0.000001 0.000000
vn 1.000000 -0.000004 0.000000
vn 1.000000 -0.000004 0.000000
vn 0.000000 -0.568062 0.822986
vn 0.000000 -0.885456 0.464723
vn 0.000000 -0.885456 0.464723
vn 0.000000 -0.568062 0.822986
vn 0.000000 -0.120538 0.992709
vn 0.000000 -0.120538 0.992709
vn 0.000000 0.354603 0.935017
vn 0.000000 0.354603 0.935017
vn 0.000000 0.748507 0.663127
vn 0.000000 0.748507 0.663127
vn 0.000000 0.970942 0.239313
vn 0.000000 0.970942 0.239313
vn 0.000000 0.970942 -0.239313
vn 0.000000 0.970942 -0.239313
vn 0.000000 0.748510 -0.663123
vn 0.000000 0.748510 -0.663123
vn 0.000000 0.354603 -0.935017
vn 0.000000 0.354603 -0.935017
vn 0.000000 -0.120538 -0.992709
vn 0.000000 -0.120538 -0.992709
vn 0.000000 -0.568069 -0.822981
vn 0.000000 -0.568069 -0.822981
vn 0.000000 -0.885456 -0.464723
vn 0.000000 -0.885456 -0.464723
vn 0.000000 -1.000000 0.000000
vn 0.000000 -1.000000 0.000000
s 1
g group2 Brazo pCylinder32
usemtl initialShadingGroup
f 3535/4842/8571 3536/4843/8572 3549/4857/8573 3548/4856/8574
f 3536/4843/8572 3537/4844/8575 3550/4858/8576 3549/4857/8573
f 3537/4844/8575 3538/4845/8577 3551/4859/8578 3550/4858/8576
f 3538/4845/8577 3539/4846/8579 3552/4860/8580 3551/4859/8578
f 3539/4846/8579 3540/4847/8581 3553/4861/8582 3552/4860/8580
f 3540/4847/8581 3541/4848/8583 3554/4862/8584 3553/4861/8582
f 3541/4848/8583 3542/4849/8585 3555/4863/8586 3554/4862/8584
f 3542/4849/8585 3543/4850/8587 3556/4864/8588 3555/4863/8586
f 3543/4850/8587 3544/4851/8589 3557/4865/8590 3556/4864/8588
f 3544/4851/8589 3545/4852/8591 3558/4866/8592 3557/4865/8590
f 3545/4852/8591 3546/4853/8593 3559/4867/8594 3558/4866/8592
f 3546/4853/8593 3547/4854/8595 3560/4868/8596 3559/4867/8594
f 3547/4854/8595 3535/4855/8571 3548/4869/8574 3560/4868/8596
s 2
f 3576/4898/8597 3575/4899/8598 3577/4883/8599
f 3578/4900/8600 3576/4898/8597 3577/4883/8599
f 3579/4901/8601 3578/4900/8600 3577/4883/8599
f 3580/4902/8602 3579/4901/8601 3577/4883/8599
f 3581/4903/8603 3580/4902/8602 3577/4883/8599
f 3582/4904/8604 3581/4903/8603 3577/4883/8599
f 3583/4905/8605 3582/4904/8604 3577/4883/8599
f 3584/4906/8606 3583/4905/8605 3577/4883/8599
f 3585/4907/8607 3584/4906/8606 3577/4883/8599
f 3586/4908/8608 3585/4907/8607 3577/4883/8599
f 3587/4909/8609 3586/4908/8608 3577/4883/8599
f 3588/4910/8610 3587/4909/8609 3577/4883/8599
f 3575/4899/8598 3588/4910/8610 3577/4883/8599
s 3
f 3548/4881/8611 3549/4880/8612 3561/4884/8613
f 3549/4880/8612 3550/4879/8614 3561/4884/8613
f 3550/4879/8614 3551/4878/8615 3561/4884/8613
f 3551/4878/8615 3552/4877/8616 3561/4884/8613
f 3552/4877/8616 3553/4876/8617 3561/4884/8613
f 3553/4876/8617 3554/4875/8618 3561/4884/8613
f 3554/4875/8618 3555/4874/8619 3561/4884/8613
f 3555/4874/8619 3556/4873/8620 3561/4884/8613
f 3556/4873/8620 3557/4872/8621 3561/4884/8613
f 3557/4872/8621 3558/4871/8622 3561/4884/8613
f 3558/4871/8622 3559/4870/8623 3561/4884/8613
f 3559/4870/8623 3560/4882/8624 3561/4884/8613
f 3560/4882/8624 3548/4881/8611 3561/4884/8613
s 4
f 3536/4830/8625 3535/4829/8626 3562/4886/8627 3563/4885/8628
f 3537/4831/8629 3536/4830/8625 3563/4885/8628 3564/4887/8630
f 3538/4832/8631 3537/4831/8629 3564/4887/8630 3565/4888/8632
f 3539/4833/8633 3538/4832/8631 3565/4888/8632 3566/4889/8634
f 3540/4834/8635 3539/4833/8633 3566/4889/8634 3567/4890/8636
f 3541/4835/8637 3540/4834/8635 3567/4890/8636 3568/4891/8638
f 3542/4836/8639 3541/4835/8637 3568/4891/8638 3569/4892/8640
f 3543/4837/8641 3542/4836/8639 3569/4892/8640 3570/4893/8642
f 3544/4838/8643 3543/4837/8641 3570/4893/8642 3571/4894/8644
f 3545/4839/8645 3544/4838/8643 3571/4894/8644 3572/4895/8646
f 3546/4840/8647 3545/4839/8645 3572/4895/8646 3573/4896/8648
f 3547/4841/8649 3546/4840/8647 3573/4896/8648 3574/4897/8650
f 3535/4829/8626 3547/4841/8649 3574/4897/8650 3562/4886/8627
s 5
f 3563/4885/8651 3562/4886/8652 3575/4899/8653 3576/4898/8654
f 3564/4887/8655 3563/4885/8651 3576/4898/8654 3578/4900/8656
f 3565/4888/8657 3564/4887/8655 3578/4900/8656 3579/4901/8658
f 3566/4889/8659 3565/4888/8657 3579/4901/8658 3580/4902/8660
f 3567/4890/8661 3566/4889/8659 3580/4902/8660 3581/4903/8662
f 3568/4891/8663 3567/4890/8661 3581/4903/8662 3582/4904/8664
f 3569/4892/8665 3568/4891/8663 3582/4904/8664 3583/4905/8666
f 3570/4893/8667 3569/4892/8665 3583/4905/8666 3584/4906/8668
f 3571/4894/8669 3570/4893/8667 3584/4906/8668 3585/4907/8670
f 3572/4895/8671 3571/4894/8669 3585/4907/8670 3586/4908/8672
f 3573/4896/8673 3572/4895/8671 3586/4908/8672 3587/4909/8674
f 3574/4897/8675 3573/4896/8673 3587/4909/8674 3588/4910/8676
f 3562/4886/8652 3574/4897/8675 3588/4910/8676 3575/4899/8653
g default
v 18.036541 31.672150 3.576606
v 17.989349 31.670265 3.486196
v 17.924883 31.669577 3.453103
v 17.860418 31.670265 3.486196
v 17.813225 31.672150 3.576606
v 17.795952 31.674730 3.700109
v 17.813225 31.677305 3.823611
v 17.860418 31.679193 3.914024
v 17.924883 31.679882 3.947116
v 17.989349 31.679193 3.914024
v 18.036541 31.677305 3.823611
v 18.053816 31.674730 3.700109
v 18.610399 34.266407 9.349979
v 18.320665 34.547764 9.577993
v 17.924883 34.650745 9.661452
v 17.529100 34.547764 9.577993
v 17.239368 34.266407 9.349979
v 17.133318 33.882072 9.038507
v 17.239368 33.497734 8.727035
v 17.529100 33.216381 8.499021
v 17.924883 33.113400 8.415562
v 18.320665 33.216381 8.499021
v 18.610399 33.497734 8.727035
v 18.716448 33.882072 9.038507
v 18.470360 32.994476 4.612652
v 18.397280 32.738934 4.786507
v 18.197622 32.551872 4.913776
v 17.924883 32.483398 4.960360
v 17.652143 32.551872 4.913776
v 17.452486 32.738934 4.786507
v 17.379408 32.994476 4.612652
v 17.452486 33.250015 4.438803
v 17.652143 33.437088 4.311529
v 17.924883 33.505558 4.264944
v 18.197622 33.437088 4.311529
v 18.397280 33.250015 4.438803
v 18.085318 32.521236 3.882426
v 18.202765 32.442352 3.998214
v 18.245752 32.334602 4.156381
v 18.202765 32.226849 4.314548
v 18.085318 32.147972 4.430337
v 17.924883 32.119099 4.472717
v 17.764450 32.147972 4.430337
v 17.647003 32.226849 4.314548
v 17.604015 32.334602 4.156381
v 17.647003 32.442352 3.998214
v 17.764450 32.521236 3.882426
v 17.924883 32.550106 3.840044
vt 0.375000 0.312500
vt 0.395833 0.312500
vt 0.416667 0.312500
vt 0.437500 0.312500
vt 0.458333 0.312500
vt 0.479167 0.312500
vt 0.500000 0.312500
vt 0.520833 0.312500
vt 0.541667 0.312500
vt 0.562500 0.312500
vt 0.583333 0.312500
vt 0.604167 0.312500
vt 0.625000 0.312500
vt 0.375000 0.688440
vt 0.395833 0.688440
vt 0.416667 0.688440
vt 0.437500 0.688440
vt 0.458333 0.688440
vt 0.479167 0.688440
vt 0.500000 0.688440
vt 0.520833 0.688440
vt 0.541667 0.688440
vt 0.562500 0.688440
vt 0.583333 0.688440
vt 0.604167 0.688440
vt 0.625000 0.688440
vt 0.604167 0.500470
vt 0.583333 0.500470
vt 0.562500 0.500470
vt 0.541667 0.500470
vt 0.520833 0.500470
vt 0.500000 0.500470
vt 0.479167 0.500470
vt 0.458333 0.500470
vt 0.437500 0.500470
vt 0.416667 0.500470
vt 0.395833 0.500470
vt 0.625000 0.500470
vt 0.375000 0.500470
vt 0.395833 0.406485
vt 0.625000 0.406485
vt 0.375000 0.406485
vt 0.604167 0.406485
vt 0.583333 0.406485
vt 0.562500 0.406485
vt 0.541667 0.406485
vt 0.520833 0.406485
vt 0.500000 0.406485
vt 0.479167 0.406485
vt 0.458333 0.406485
vt 0.437500 0.406485
vt 0.416667 0.406485
vn 0.799760 0.162223 -0.577986
vn 0.799760 0.162223 -0.577986
vn 0.736490 0.199392 -0.646395
vn 0.736539 0.199365 -0.646347
vn 0.336869 0.372467 -0.864747
vn 0.336869 0.372467 -0.864747
vn 0.289744 0.382411 -0.877388
vn 0.289795 0.382401 -0.877376
vn -0.336874 0.372456 -0.864750
vn -0.336874 0.372456 -0.864750
vn -0.289797 0.382398 -0.877376
vn -0.289746 0.382409 -0.877389
vn -0.799756 0.162238 -0.577987
vn -0.799756 0.162238 -0.577987
vn -0.736537 0.199371 -0.646347
vn -0.736488 0.199398 -0.646395
vn -0.965856 -0.093600 -0.241582
vn -0.965856 -0.093600 -0.241582
vn -0.943985 -0.059001 -0.324670
vn -0.944113 -0.059172 -0.324268
vn -0.938599 -0.336747 0.075060
vn -0.938599 -0.336747 0.075060
vn -0.944772 -0.327464 0.013153
vn -0.944715 -0.327595 0.013971
vn -0.735614 -0.562603 0.377292
vn -0.735614 -0.562603 0.377292
vn -0.739666 -0.578774 0.343386
vn -0.739606 -0.578507 0.343965
vn -0.297137 -0.733229 0.611625
vn -0.297137 -0.733229 0.611625
vn -0.292505 -0.755382 0.586377
vn -0.292545 -0.755202 0.586590
vn 0.297128 -0.733241 0.611615
vn 0.297128 -0.733241 0.611615
vn 0.292539 -0.755208 0.586586
vn 0.292499 -0.755388 0.586373
vn 0.735628 -0.562584 0.377294
vn 0.735628 -0.562584 0.377294
vn 0.739612 -0.578497 0.343969
vn 0.739672 -0.578765 0.343390
vn 0.938596 -0.336754 0.075064
vn 0.938596 -0.336754 0.075064
vn 0.944715 -0.327596 0.013976
vn 0.944772 -0.327464 0.013158
vn 0.965855 -0.093589 -0.241589
vn 0.965855 -0.093589 -0.241589
vn 0.944111 -0.059165 -0.324274
vn 0.943984 -0.058994 -0.324675
vn 0.961177 -0.275923 -0.002363
vn 0.961139 -0.276053 -0.002417
vn 0.962969 -0.269610 0.000202
vn 0.962969 -0.269611 0.000202
vn 0.685292 -0.716243 0.131797
vn 0.685168 -0.716422 0.131473
vn 0.675769 -0.729199 0.107725
vn 0.675769 -0.729199 0.107725
vn 0.243210 -0.946424 0.212439
vn 0.243115 -0.946568 0.211903
vn 0.235839 -0.956495 0.171748
vn 0.235839 -0.956495 0.171748
vn -0.243115 -0.946569 0.211903
vn -0.243210 -0.946424 0.212438
vn -0.235838 -0.956495 0.171747
vn -0.235838 -0.956495 0.171747
vn -0.685168 -0.716422 0.131473
vn -0.685292 -0.716243 0.131796
vn -0.675769 -0.729199 0.107725
vn -0.675769 -0.729199 0.107725
vn -0.961137 -0.276063 -0.002417
vn -0.961174 -0.275932 -0.002364
vn -0.962967 -0.269621 0.000202
vn -0.962967 -0.269621 0.000202
vn -0.958048 0.249839 -0.140447
vn -0.957773 0.251875 -0.138672
vn -0.951442 0.289097 -0.105744
vn -0.951442 0.289097 -0.105744
vn -0.685395 0.687387 -0.240277
vn -0.684259 0.689724 -0.236793
vn -0.661943 0.729024 -0.174227
vn -0.661943 0.729024 -0.174227
vn -0.245831 0.925608 -0.287779
vn -0.245554 0.926262 -0.285906
vn -0.232640 0.950955 -0.203870
vn -0.232640 0.950955 -0.203870
vn 0.245555 0.926261 -0.285908
vn 0.245832 0.925607 -0.287781
vn 0.232642 0.950955 -0.203870
vn 0.232642 0.950955 -0.203870
vn 0.684255 0.689728 -0.236793
vn 0.685391 0.687391 -0.240276
vn 0.661939 0.729028 -0.174227
vn 0.661939 0.729028 -0.174227
vn 0.957775 0.251867 -0.138673
vn 0.958049 0.249831 -0.140448
vn 0.951444 0.289088 -0.105745
vn 0.951444 0.289088 -0.105745
s 1
g group2 Brazo pCylinder25
usemtl initialShadingGroup
f 3589/4911/8677 3590/4912/8678 3625/4950/8679 3626/4952/8680
s 2
f 3590/4912/8681 3591/4913/8682 3636/4962/8683 3625/4950/8684
s 3
f 3591/4913/8685 3592/4914/8686 3635/4961/8687 3636/4962/8688
s 4
f 3592/4914/8689 3593/4915/8690 3634/4960/8691 3635/4961/8692
s 5
f 3593/4915/8693 3594/4916/8694 3633/4959/8695 3634/4960/8696
s 6
f 3594/4916/8697 3595/4917/8698 3632/4958/8699 3633/4959/8700
s 7
f 3595/4917/8701 3596/4918/8702 3631/4957/8703 3632/4958/8704
s 8
f 3596/4918/8705 3597/4919/8706 3630/4956/8707 3631/4957/8708
s 9
f 3597/4919/8709 3598/4920/8710 3629/4955/8711 3630/4956/8712
s 10
f 3598/4920/8713 3599/4921/8714 3628/4954/8715 3629/4955/8716
s 11
f 3599/4921/8717 3600/4922/8718 3627/4953/8719 3628/4954/8720
s 12
f 3600/4922/8721 3589/4923/8722 3626/4951/8723 3627/4953/8724
s 11
f 3614/4938/8725 3613/4937/8726 3612/4935/8727 3611/4934/8728
s 10
f 3615/4939/8729 3614/4938/8730 3611/4934/8731 3610/4933/8732
s 9
f 3616/4940/8733 3615/4939/8734 3610/4933/8735 3609/4932/8736
s 8
f 3617/4941/8737 3616/4940/8738 3609/4932/8739 3608/4931/8740
s 7
f 3618/4942/8741 3617/4941/8742 3608/4931/8743 3607/4930/8744
s 6
f 3619/4943/8745 3618/4942/8746 3607/4930/8747 3606/4929/8748
s 5
f 3620/4944/8749 3619/4943/8750 3606/4929/8751 3605/4928/8752
s 4
f 3621/4945/8753 3620/4944/8754 3605/4928/8755 3604/4927/8756
s 3
f 3622/4946/8757 3621/4945/8758 3604/4927/8759 3603/4926/8760
s 2
f 3623/4947/8761 3622/4946/8762 3603/4926/8763 3602/4925/8764
s 1
f 3624/4949/8765 3623/4947/8766 3602/4925/8767 3601/4924/8768
s 12
f 3613/4937/8769 3624/4948/8770 3601/4936/8771 3612/4935/8772
s 1
f 3626/4952/8680 3625/4950/8679 3623/4947/8766 3624/4949/8765
s 12
f 3627/4953/8724 3626/4951/8723 3624/4948/8770 3613/4937/8769
s 11
f 3628/4954/8720 3627/4953/8719 3613/4937/8726 3614/4938/8725
s 10
f 3629/4955/8716 3628/4954/8715 3614/4938/8730 3615/4939/8729
s 9
f 3630/4956/8712 3629/4955/8711 3615/4939/8734 3616/4940/8733
s 8
f 3631/4957/8708 3630/4956/8707 3616/4940/8738 3617/4941/8737
s 7
f 3632/4958/8704 3631/4957/8703 3617/4941/8742 3618/4942/8741
s 6
f 3633/4959/8700 3632/4958/8699 3618/4942/8746 3619/4943/8745
s 5
f 3634/4960/8696 3633/4959/8695 3619/4943/8750 3620/4944/8749
s 4
f 3635/4961/8692 3634/4960/8691 3620/4944/8754 3621/4945/8753
s 3
f 3636/4962/8688 3635/4961/8687 3621/4945/8758 3622/4946/8757
s 2
f 3625/4950/8684 3636/4962/8683 3622/4946/8762 3623/4947/8761
g default
v 18.003874 31.190817 3.580729
v 17.940872 31.190817 3.516743
v 17.869230 31.190817 3.538965
v 17.822468 31.190817 3.636997
v 17.822468 31.190817 3.764969
v 17.869230 31.190817 3.863001
v 17.940872 31.190817 3.885222
v 18.003874 31.190817 3.821237
v 18.028753 31.190817 3.700983
v 18.045488 31.689093 3.516783
v 17.948988 31.689093 3.418772
v 17.839249 31.689093 3.452811
v 17.767622 31.689093 3.602972
v 17.767622 31.689093 3.798993
v 17.839249 31.689093 3.949154
v 17.948988 31.689093 3.983193
v 18.045488 31.689093 3.885182
v 18.083599 31.689093 3.700983
v 17.920700 31.190817 3.700983
v 17.920700 31.689093 3.700983
v 17.817350 31.439957 3.633821
v 17.866432 31.439957 3.530924
v 17.941629 31.439957 3.507599
v 18.007757 31.439957 3.574761
v 18.033873 31.439957 3.700983
v 18.007757 31.439957 3.827205
v 17.941629 31.439957 3.894366
v 17.866432 31.439957 3.871041
v 17.817350 31.439957 3.768144
vt 0.619694 0.055814
vt 0.527133 0.002374
vt 0.421875 0.020934
vt 0.353173 0.102809
vt 0.353173 0.209691
vt 0.421875 0.291566
vt 0.527133 0.310126
vt 0.619694 0.256686
vt 0.656250 0.156250
vt 0.375000 0.312500
vt 0.402778 0.312500
vt 0.430556 0.312500
vt 0.458333 0.312500
vt 0.486111 0.312500
vt 0.513889 0.312500
vt 0.541667 0.312500
vt 0.569445 0.312500
vt 0.597222 0.312500
vt 0.625000 0.312500
vt 0.375000 0.688440
vt 0.402778 0.688440
vt 0.430556 0.688440
vt 0.458333 0.688440
vt 0.486111 0.688440
vt 0.513889 0.688440
vt 0.541667 0.688440
vt 0.569445 0.688440
vt 0.597222 0.688440
vt 0.625000 0.688440
vt 0.619694 0.743314
vt 0.527133 0.689874
vt 0.421875 0.708434
vt 0.353173 0.790309
vt 0.353173 0.897191
vt 0.421875 0.979066
vt 0.527133 0.997626
vt 0.619694 0.944186
vt 0.656250 0.843750
vt 0.500000 0.150000
vt 0.500000 0.837500
vt 0.458333 0.500470
vt 0.430556 0.500470
vt 0.402778 0.500470
vt 0.625000 0.500470
vt 0.375000 0.500470
vt 0.597222 0.500470
vt 0.569445 0.500470
vt 0.541667 0.500470
vt 0.513889 0.500470
vt 0.486111 0.500470
vn 0.712295 -0.027896 -0.701325
vn 0.712295 -0.027896 -0.701325
vn 0.702228 -0.169766 -0.691415
vn 0.703508 -0.158991 -0.692675
vn -0.296092 -0.034135 -0.954549
vn -0.296092 -0.034135 -0.954549
vn -0.290473 -0.196692 -0.936449
vn -0.290148 -0.202090 -0.935400
vn -0.902315 -0.024019 -0.430408
vn -0.902315 -0.024019 -0.430408
vn -0.893878 -0.138500 -0.426380
vn -0.892795 -0.146829 -0.425863
vn -0.999789 -0.020538 0.000000
vn -0.999789 -0.020538 0.000000
vn -0.992404 -0.123024 0.000000
vn -0.992404 -0.123024 0.000000
vn -0.902315 -0.024014 0.430407
vn -0.902315 -0.024014 0.430407
vn -0.892794 -0.146828 0.425864
vn -0.893878 -0.138499 0.426381
vn -0.296083 -0.034136 0.954552
vn -0.296083 -0.034136 0.954552
vn -0.290142 -0.202093 0.935402
vn -0.290468 -0.196694 0.936451
vn 0.712289 -0.027897 0.701332
vn 0.712289 -0.027897 0.701332
vn 0.703505 -0.158993 0.692677
vn 0.702226 -0.169768 0.691417
vn 0.979063 -0.020120 0.202563
vn 0.979063 -0.020120 0.202563
vn 0.972394 -0.118215 0.201185
vn 0.971895 -0.122414 0.201082
vn 0.979062 -0.020117 -0.202564
vn 0.979062 -0.020117 -0.202564
vn 0.971896 -0.122410 -0.201083
vn 0.972394 -0.118211 -0.201186
vn 0.000000 -1.000000 0.000015
vn 0.000000 -1.000000 0.000006
vn 0.000000 -1.000000 -0.000001
vn 0.000000 -1.000000 0.000013
vn 0.000000 -1.000000 0.000000
vn 0.000000 -1.000000 -0.000012
vn 0.000000 -1.000000 -0.000012
vn 0.000000 -1.000000 -0.000005
vn 0.000000 -1.000000 0.000000
vn 0.000000 -1.000000 0.000000
vn 0.000000 1.000000 0.000001
vn 0.000000 1.000000 0.000011
vn 0.000000 1.000000 -0.000001
vn 0.000000 1.000000 0.000005
vn 0.000000 1.000000 0.000000
vn 0.000000 1.000000 0.000000
vn 0.000000 1.000000 0.000000
vn 0.000000 1.000000 -0.000003
vn 0.000000 1.000000 -0.000001
vn 0.000000 1.000000 -0.000008
vn -0.878942 -0.227352 -0.419253
vn -0.878942 -0.227352 -0.419253
vn -0.281185 -0.314903 -0.906516
vn -0.281185 -0.314903 -0.906516
vn 0.687731 -0.261736 -0.677142
vn 0.687731 -0.261736 -0.677142
vn 0.961074 -0.191826 -0.198845
vn 0.961074 -0.191826 -0.198845
vn 0.961073 -0.191832 0.198845
vn 0.961073 -0.191832 0.198845
vn 0.687730 -0.261737 0.677141
vn 0.687730 -0.261737 0.677141
vn -0.281182 -0.314905 0.906516
vn -0.281182 -0.314905 0.906516
vn -0.878940 -0.227355 0.419254
vn -0.878940 -0.227355 0.419254
vn -0.980656 -0.195741 0.000000
vn -0.980656 -0.195741 0.000000
s 1
g group2 Brazo pCylinder26
usemtl initialShadingGroup
f 3637/4972/8773 3638/4973/8774 3659/5005/8775 3660/5007/8776
s 2
f 3638/4973/8777 3639/4974/8778 3658/5004/8779 3659/5005/8780
s 3
f 3639/4974/8781 3640/4975/8782 3657/5003/8783 3658/5004/8784
s 4
f 3640/4975/8785 3641/4976/8786 3665/5012/8787 3657/5003/8788
s 5
f 3641/4976/8789 3642/4977/8790 3664/5011/8791 3665/5012/8792
s 6
f 3642/4977/8793 3643/4978/8794 3663/5010/8795 3664/5011/8796
s 7
f 3643/4978/8797 3644/4979/8798 3662/5009/8799 3663/5010/8800
s 8
f 3644/4979/8801 3645/4980/8802 3661/5008/8803 3662/5009/8804
s 9
f 3645/4980/8805 3637/4981/8806 3660/5006/8807 3661/5008/8808
s 10
f 3638/4964/8809 3637/4963/8810 3655/5001/8811
f 3639/4965/8812 3638/4964/8809 3655/5001/8811
f 3640/4966/8813 3639/4965/8812 3655/5001/8811
f 3641/4967/8814 3640/4966/8813 3655/5001/8811
f 3642/4968/8815 3641/4967/8814 3655/5001/8811
f 3643/4969/8816 3642/4968/8815 3655/5001/8811
f 3644/4970/8817 3643/4969/8816 3655/5001/8811
f 3645/4971/8818 3644/4970/8817 3655/5001/8811
f 3637/4963/8810 3645/4971/8818 3655/5001/8811
s 11
f 3646/4999/8819 3647/4998/8820 3656/5002/8821
f 3647/4998/8820 3648/4997/8822 3656/5002/8821
f 3648/4997/8822 3649/4996/8823 3656/5002/8821
f 3649/4996/8823 3650/4995/8824 3656/5002/8821
f 3650/4995/8824 3651/4994/8825 3656/5002/8821
f 3651/4994/8825 3652/4993/8826 3656/5002/8821
f 3652/4993/8826 3653/4992/8827 3656/5002/8821
f 3653/4992/8827 3654/5000/8828 3656/5002/8821
f 3654/5000/8828 3646/4999/8819 3656/5002/8821
s 3
f 3658/5004/8784 3657/5003/8783 3649/4985/8829 3648/4984/8830
s 2
f 3659/5005/8780 3658/5004/8779 3648/4984/8831 3647/4983/8832
s 1
f 3660/5007/8776 3659/5005/8775 3647/4983/8833 3646/4982/8834
s 9
f 3661/5008/8808 3660/5006/8807 3646/4991/8835 3654/4990/8836
s 8
f 3662/5009/8804 3661/5008/8803 3654/4990/8837 3653/4989/8838
s 7
f 3663/5010/8800 3662/5009/8799 3653/4989/8839 3652/4988/8840
s 6
f 3664/5011/8796 3663/5010/8795 3652/4988/8841 3651/4987/8842
s 5
f 3665/5012/8792 3664/5011/8791 3651/4987/8843 3650/4986/8844
s 4
f 3657/5003/8788 3665/5012/8787 3650/4986/8845 3649/4985/8846
g default
v 17.839125 30.632008 3.832217
v 18.022224 30.632008 3.832217
v 17.839125 31.156797 3.832217
v 18.022224 31.156797 3.832217
v 17.839125 31.156797 3.554746
v 18.022224 31.156797 3.554746
v 17.839125 30.632008 3.554746
v 18.022224 30.632008 3.554746
v 18.052023 31.156797 3.693481
v 18.052023 30.632008 3.693481
v 17.809324 30.632008 3.693481
v 17.809324 31.156797 3.693481
v 17.930674 31.156797 3.864485
v 17.930674 30.632008 3.864485
v 17.930674 30.632008 3.693481
v 17.930674 30.632008 3.522478
v 17.930674 31.156797 3.522478
vt 0.375000 0.000000
vt 0.625000 0.000000
vt 0.375000 0.250000
vt 0.625000 0.250000
vt 0.375000 0.500000
vt 0.625000 0.500000
vt 0.375000 0.750000
vt 0.625000 0.750000
vt 0.375000 1.000000
vt 0.625000 1.000000
vt 0.875000 0.000000
vt 0.875000 0.250000
vt 0.125000 0.000000
vt 0.125000 0.250000
vt 0.750000 0.250000
vt 0.625000 0.875000
vt 0.750000 0.000000
vt 0.250000 0.000000
vt 0.375000 0.875000
vt 0.250000 0.250000
vt 0.500000 0.250000
vt 0.500000 0.000000
vt 0.500000 1.000000
vt 0.500000 0.875000
vt 0.500000 0.750000
vt 0.500000 0.500000
vn -0.000000 0.000000 1.000000
vn 0.332417 0.000000 0.943133
vn 0.332417 0.000000 0.943133
vn -0.000000 0.000000 1.000000
vn 0.000000 0.000000 -1.000000
vn 0.332412 0.000000 -0.943134
vn 0.332412 0.000000 -0.943134
vn 0.000000 0.000000 -1.000000
vn 0.000000 -1.000000 0.000000
vn 0.000000 -1.000000 0.000000
vn 0.000000 -1.000000 0.000000
vn 0.000000 -1.000000 0.000000
vn 1.000000 0.000000 0.000000
vn 0.977702 0.000000 -0.209997
vn 0.977702 0.000000 -0.209997
vn 1.000000 0.000000 0.000000
vn -0.977699 0.000000 -0.210009
vn -1.000000 0.000000 0.000000
vn -1.000000 0.000000 0.000000
vn -0.977699 0.000000 -0.210009
vn 0.977702 0.000000 0.209998
vn 0.977702 0.000000 0.209998
vn 0.000000 -1.000000 0.000000
vn 0.000000 -1.000000 0.000000
vn -0.977699 0.000000 0.210010
vn -0.977699 0.000000 0.210010
vn -0.332422 0.000000 0.943131
vn -0.332422 0.000000 0.943131
vn 0.000000 -1.000000 0.000000
vn 0.000000 -1.000000 0.000000
vn 0.000000 -1.000000 0.000000
vn -0.332418 0.000000 -0.943132
vn -0.332418 0.000000 -0.943132
s 1
g group2 Brazo pCube24
usemtl initialShadingGroup
f 3679/5034/8847 3667/5014/8848 3669/5016/8849 3678/5033/8850
s 2
f 3682/5038/8851 3671/5018/8852 3673/5020/8853 3681/5037/8854
s 3
f 3681/5037/8855 3673/5020/8856 3675/5028/8857 3680/5036/8858
s 4
f 3675/5029/8859 3673/5023/8860 3671/5024/8861 3674/5027/8862
s 5
f 3672/5025/8863 3676/5030/8864 3677/5032/8865 3670/5026/8866
s 4
f 3667/5014/8867 3675/5029/8859 3674/5027/8862 3669/5016/8868
s 3
f 3680/5036/8858 3675/5028/8857 3667/5022/8869 3679/5035/8870
s 5
f 3677/5032/8865 3676/5030/8864 3666/5013/8871 3668/5015/8872
s 1
f 3666/5013/8873 3679/5034/8847 3678/5033/8850 3668/5015/8874
s 3
f 3676/5031/8875 3680/5036/8858 3679/5035/8870 3666/5021/8876
f 3672/5019/8877 3681/5037/8855 3680/5036/8858 3676/5031/8875
s 2
f 3670/5017/8878 3682/5038/8851 3681/5037/8854 3672/5019/8879
g default
v 17.963778 30.271233 3.664700
v 17.943090 30.271233 3.649902
v 17.919565 30.271233 3.655042
v 17.904207 30.271233 3.677711
v 17.904209 30.271233 3.707304
v 17.919565 30.271233 3.729974
v 17.943090 30.271233 3.735112
v 17.963778 30.271233 3.720316
v 17.971949 30.271233 3.692508
v 18.004698 30.555555 3.620420
v 17.951067 30.555555 3.582062
v 17.890083 30.555555 3.595384
v 17.850277 30.555555 3.654150
v 17.850277 30.555555 3.730865
v 17.890083 30.555555 3.789632
v 17.951069 30.555555 3.802953
v 18.004698 30.555555 3.764596
v 18.025877 30.555555 3.692508
v 17.935928 30.219770 3.692508
v 17.935928 30.555555 3.692508
vt 0.619694 0.055814
vt 0.527133 0.002374
vt 0.421875 0.020934
vt 0.353173 0.102809
vt 0.353173 0.209691
vt 0.421875 0.291566
vt 0.527133 0.310126
vt 0.619694 0.256686
vt 0.656250 0.156250
vt 0.375000 0.312500
vt 0.402778 0.312500
vt 0.430556 0.312500
vt 0.458333 0.312500
vt 0.486111 0.312500
vt 0.513889 0.312500
vt 0.541667 0.312500
vt 0.569445 0.312500
vt 0.597222 0.312500
vt 0.625000 0.312500
vt 0.375000 0.688440
vt 0.402778 0.688440
vt 0.430556 0.688440
vt 0.458333 0.688440
vt 0.486111 0.688440
vt 0.513889 0.688440
vt 0.541667 0.688440
vt 0.569445 0.688440
vt 0.597222 0.688440
vt 0.625000 0.688440
vt 0.619694 0.743314
vt 0.527133 0.689874
vt 0.421875 0.708434
vt 0.353173 0.790309
vt 0.353173 0.897191
vt 0.421875 0.979066
vt 0.527133 0.997626
vt 0.619694 0.944186
vt 0.656250 0.843750
vt 0.500000 0.150000
vt 0.500000 0.837500
vn 0.569289 -0.205891 -0.795939
vn 0.569289 -0.205891 -0.795939
vn 0.569289 -0.205891 -0.795939
vn 0.569289 -0.205891 -0.795939
vn -0.208116 -0.221483 -0.952698
vn -0.208116 -0.221483 -0.952698
vn -0.208116 -0.221483 -0.952698
vn -0.208116 -0.221483 -0.952698
vn -0.811302 -0.199434 -0.549560
vn -0.811302 -0.199434 -0.549560
vn -0.811302 -0.199434 -0.549560
vn -0.811301 -0.199434 -0.549560
vn -0.982481 -0.186362 0.000015
vn -0.982481 -0.186362 0.000015
vn -0.982481 -0.186362 0.000015
vn -0.982481 -0.186362 0.000015
vn -0.811302 -0.199427 0.549562
vn -0.811302 -0.199427 0.549562
vn -0.811302 -0.199427 0.549562
vn -0.811302 -0.199427 0.549562
vn -0.208102 -0.221478 0.952702
vn -0.208102 -0.221478 0.952702
vn -0.208102 -0.221478 0.952702
vn -0.208102 -0.221478 0.952702
vn 0.569282 -0.205891 0.795944
vn 0.569282 -0.205891 0.795944
vn 0.569282 -0.205891 0.795944
vn 0.569282 -0.205891 0.795944
vn 0.943940 -0.179050 0.277342
vn 0.943940 -0.179050 0.277342
vn 0.943940 -0.179050 0.277342
vn 0.943940 -0.179050 0.277342
vn 0.943942 -0.179050 -0.277335
vn 0.943942 -0.179050 -0.277335
vn 0.943942 -0.179050 -0.277335
vn 0.943942 -0.179050 -0.277335
vn 0.157871 -0.642697 -0.749678
vn 0.649843 -0.602225 -0.463712
vn -0.006871 -0.999976 0.000005
vn -0.437276 -0.616064 -0.655175
vn -0.791653 -0.558900 -0.246811
vn -0.791655 -0.558864 0.246889
vn -0.437281 -0.616069 0.655167
vn 0.157886 -0.642706 0.749667
vn 0.649823 -0.602249 0.463710
vn 0.819251 -0.573436 0.000001
vn 0.000000 1.000000 0.000000
vn 0.000000 1.000000 0.000000
vn 0.000000 1.000000 -0.000004
vn 0.000000 1.000000 0.000000
vn 0.000000 1.000000 0.000000
vn 0.000000 1.000000 0.000000
vn 0.000000 1.000000 0.000000
vn 0.000000 1.000000 -0.000017
vn 0.000000 1.000000 -0.000021
vn 0.000000 1.000000 0.000000
s off
g group2 Brazo pCylinder27
usemtl initialShadingGroup
f 3683/5048/8880 3684/5049/8881 3693/5059/8882 3692/5058/8883
f 3684/5049/8884 3685/5050/8885 3694/5060/8886 3693/5059/8887
f 3685/5050/8888 3686/5051/8889 3695/5061/8890 3694/5060/8891
f 3686/5051/8892 3687/5052/8893 3696/5062/8894 3695/5061/8895
f 3687/5052/8896 3688/5053/8897 3697/5063/8898 3696/5062/8899
f 3688/5053/8900 3689/5054/8901 3698/5064/8902 3697/5063/8903
f 3689/5054/8904 3690/5055/8905 3699/5065/8906 3698/5064/8907
f 3690/5055/8908 3691/5056/8909 3700/5066/8910 3699/5065/8911
f 3691/5056/8912 3683/5057/8913 3692/5067/8914 3700/5066/8915
s 1
f 3684/5040/8916 3683/5039/8917 3701/5077/8918
f 3685/5041/8919 3684/5040/8916 3701/5077/8918
f 3686/5042/8920 3685/5041/8919 3701/5077/8918
f 3687/5043/8921 3686/5042/8920 3701/5077/8918
f 3688/5044/8922 3687/5043/8921 3701/5077/8918
f 3689/5045/8923 3688/5044/8922 3701/5077/8918
f 3690/5046/8924 3689/5045/8923 3701/5077/8918
f 3691/5047/8925 3690/5046/8924 3701/5077/8918
f 3683/5039/8917 3691/5047/8925 3701/5077/8918
s 2
f 3692/5075/8926 3693/5074/8927 3702/5078/8928
f 3693/5074/8927 3694/5073/8929 3702/5078/8928
f 3694/5073/8929 3695/5072/8930 3702/5078/8928
f 3695/5072/8930 3696/5071/8931 3702/5078/8928
f 3696/5071/8931 3697/5070/8932 3702/5078/8928
f 3697/5070/8932 3698/5069/8933 3702/5078/8928
f 3698/5069/8933 3699/5068/8934 3702/5078/8928
f 3699/5068/8934 3700/5076/8935 3702/5078/8928
f 3700/5076/8935 3692/5075/8926 3702/5078/8928
g default
v 17.946398 30.541399 3.672343
v 17.922283 30.541399 3.672343
v 17.910225 30.541399 3.693228
v 17.922283 30.541399 3.714113
v 17.946398 30.541399 3.714113
v 17.958456 30.541399 3.693228
v 17.946398 30.635670 3.672343
v 17.922283 30.635670 3.672343
v 17.910225 30.635670 3.693228
v 17.922283 30.635670 3.714113
v 17.946398 30.635670 3.714113
v 17.958456 30.635670 3.693228
vt 0.375000 0.312500
vt 0.416667 0.312500
vt 0.458333 0.312500
vt 0.500000 0.312500
vt 0.541667 0.312500
vt 0.583333 0.312500
vt 0.625000 0.312500
vt 0.375000 0.688440
vt 0.416667 0.688440
vt 0.458333 0.688440
vt 0.500000 0.688440
vt 0.541667 0.688440
vt 0.583333 0.688440
vt 0.625000 0.688440
vn 0.000000 0.000000 -1.000000
vn 0.000000 0.000000 -1.000000
vn 0.000000 0.000000 -1.000000
vn 0.000000 0.000000 -1.000000
vn -0.866017 0.000000 -0.500015
vn -0.866017 0.000000 -0.500015
vn -0.866017 0.000000 -0.500015
vn -0.866017 0.000000 -0.500015
vn -0.866014 0.000000 0.500021
vn -0.866014 0.000000 0.500021
vn -0.866014 0.000000 0.500021
vn -0.866014 0.000000 0.500021
vn 0.000000 0.000000 1.000000
vn 0.000000 0.000000 1.000000
vn 0.000000 0.000000 1.000000
vn 0.000000 0.000000 1.000000
vn 0.866014 0.000000 0.500021
vn 0.866014 0.000000 0.500021
vn 0.866014 0.000000 0.500021
vn 0.866014 0.000000 0.500021
vn 0.866017 0.000000 -0.500015
vn 0.866017 0.000000 -0.500015
vn 0.866017 0.000000 -0.500015
vn 0.866017 0.000000 -0.500015
s off
g group2 Brazo pCylinder28
usemtl initialShadingGroup
f 3703/5079/8936 3704/5080/8937 3710/5087/8938 3709/5086/8939
f 3704/5080/8940 3705/5081/8941 3711/5088/8942 3710/5087/8943
f 3705/5081/8944 3706/5082/8945 3712/5089/8946 3711/5088/8947
f 3706/5082/8948 3707/5083/8949 3713/5090/8950 3712/5089/8951
f 3707/5083/8952 3708/5084/8953 3714/5091/8954 3713/5090/8955
f 3708/5084/8956 3703/5085/8957 3709/5092/8958 3714/5091/8959
g default
v 18.038763 30.741167 3.650838
v 18.038763 30.757170 3.644196
v 18.038765 30.773174 3.650838
v 18.038765 30.779804 3.666872
v 18.038765 30.773174 3.682907
v 18.038763 30.757170 3.689548
v 18.038763 30.741167 3.682907
v 18.038763 30.734537 3.666872
v 18.038765 31.072285 3.650838
v 18.038763 31.056292 3.644196
v 18.038763 31.040300 3.650838
v 18.038763 31.033676 3.666872
v 18.038763 31.040300 3.682907
v 18.038763 31.056292 3.689548
v 18.038765 31.072285 3.682907
v 18.038763 31.078907 3.666872
v 18.092716 30.906731 3.682907
v 18.086075 30.906731 3.666872
v 18.092716 30.906731 3.650838
v 18.108749 30.906731 3.644196
v 18.124784 30.906731 3.650838
v 18.131426 30.906731 3.666872
v 18.124784 30.906731 3.682907
v 18.108749 30.906731 3.689548
v 18.078165 30.981512 3.650838
v 18.094200 30.981512 3.644196
v 18.110235 30.981512 3.650838
v 18.116877 30.981512 3.666872
v 18.110233 30.981512 3.682907
v 18.094200 30.981512 3.689548
v 18.078165 30.981512 3.682907
v 18.071524 30.981512 3.666872
v 18.078165 30.831951 3.650838
v 18.094200 30.831951 3.644196
v 18.110235 30.831951 3.650838
v 18.116877 30.831951 3.666872
v 18.110233 30.831951 3.682907
v 18.094200 30.831951 3.689548
v 18.078165 30.831951 3.682907
v 18.071524 30.831951 3.666872
vt 0.375000 0.312500
vt 0.406250 0.312500
vt 0.437500 0.312500
vt 0.468750 0.312500
vt 0.500000 0.312500
vt 0.531250 0.312500
vt 0.562500 0.312500
vt 0.593750 0.312500
vt 0.625000 0.312500
vt 0.375000 0.688440
vt 0.406250 0.688440
vt 0.437500 0.688440
vt 0.468750 0.688440
vt 0.500000 0.688440
vt 0.531250 0.688440
vt 0.562500 0.688440
vt 0.593750 0.688440
vt 0.625000 0.688440
vt 0.500000 0.500470
vt 0.468750 0.500470
vt 0.437500 0.500470
vt 0.406250 0.500470
vt 0.625000 0.500470
vt 0.375000 0.500470
vt 0.593750 0.500470
vt 0.562500 0.500470
vt 0.531250 0.500470
vt 0.437500 0.594455
vt 0.406250 0.594455
vt 0.625000 0.594455
vt 0.375000 0.594455
vt 0.593750 0.594455
vt 0.562500 0.594455
vt 0.531250 0.594455
vt 0.500000 0.594455
vt 0.468750 0.594455
vt 0.437500 0.406485
vt 0.406250 0.406485
vt 0.625000 0.406485
vt 0.375000 0.406485
vt 0.593750 0.406485
vt 0.562500 0.406485
vt 0.531250 0.406485
vt 0.500000 0.406485
vt 0.468750 0.406485
vn 0.404020 -0.309695 -0.860730
vn 0.404020 -0.309695 -0.860730
vn 0.398274 -0.221252 -0.890183
vn 0.392532 -0.161388 -0.905468
vn -0.416716 0.295904 -0.859528
vn -0.416716 0.295904 -0.859528
vn -0.403765 0.198251 -0.893124
vn -0.395053 0.145189 -0.907113
vn -0.805860 0.524241 -0.275246
vn -0.805860 0.524241 -0.275246
vn -0.873379 0.356285 -0.332071
vn -0.882280 0.324376 -0.341119
vn -0.805860 0.524241 0.275246
vn -0.805860 0.524241 0.275246
vn -0.882284 0.324377 0.341107
vn -0.873382 0.356285 0.332061
vn -0.416687 0.295874 0.859553
vn -0.416687 0.295874 0.859553
vn -0.395048 0.145179 0.907116
vn -0.403752 0.198233 0.893134
vn 0.404083 -0.309726 0.860689
vn 0.404083 -0.309726 0.860689
vn 0.392548 -0.161405 0.905458
vn 0.398309 -0.221272 0.890162
vn 0.751669 -0.597454 0.279359
vn 0.751669 -0.597454 0.279359
vn 0.844687 -0.420034 0.331778
vn 0.827354 -0.460583 0.321478
vn 0.751688 -0.597481 -0.279253
vn 0.751688 -0.597481 -0.279253
vn 0.827377 -0.460603 -0.321391
vn 0.844706 -0.420062 -0.331693
vn -0.923886 0.000000 0.382668
vn -0.923886 0.000000 0.382669
vn -0.882298 -0.324360 0.341088
vn -0.873402 -0.356259 0.332037
vn -0.923882 -0.000001 -0.382678
vn -0.923882 -0.000001 -0.382678
vn -0.873402 -0.356259 -0.332037
vn -0.882298 -0.324360 -0.341088
vn -0.382698 -0.000001 -0.923874
vn -0.382698 -0.000001 -0.923874
vn -0.403831 -0.198267 -0.893090
vn -0.395087 -0.145193 -0.907097
vn 0.382682 0.000001 -0.923880
vn 0.382682 0.000001 -0.923880
vn 0.398298 0.221271 -0.890167
vn 0.392543 0.161393 -0.905462
vn 0.923882 0.000001 -0.382678
vn 0.923882 0.000001 -0.382678
vn 0.827421 0.460658 -0.321199
vn 0.844750 0.420101 -0.331531
vn 0.923861 0.000001 0.382729
vn 0.923861 0.000001 0.382729
vn 0.844749 0.420084 0.331555
vn 0.827418 0.460652 0.321215
vn 0.382678 0.000001 0.923882
vn 0.382678 0.000001 0.923882
vn 0.392551 0.161405 0.905457
vn 0.398309 0.221279 0.890160
vn -0.382702 0.000001 0.923872
vn -0.382702 0.000001 0.923872
vn -0.395087 -0.145193 0.907097
vn -0.403831 -0.198267 0.893091
vn -0.416841 -0.295960 -0.859448
vn -0.416841 -0.295960 -0.859448
vn 0.404064 0.309739 -0.860694
vn 0.404064 0.309739 -0.860694
vn 0.751717 0.597584 -0.278952
vn 0.751717 0.597584 -0.278952
vn 0.751724 0.597577 0.278949
vn 0.751724 0.597578 0.278949
vn 0.404079 0.309745 0.860685
vn 0.404079 0.309745 0.860685
vn -0.416841 -0.295960 0.859448
vn -0.416841 -0.295960 0.859448
vn -0.805920 -0.524175 0.275197
vn -0.805920 -0.524175 0.275197
vn -0.805920 -0.524175 -0.275197
vn -0.805920 -0.524175 -0.275197
s 1
g group2 Brazo pCylinder36
usemtl initialShadingGroup
f 3715/5093/8960 3716/5094/8961 3748/5130/8962 3749/5132/8963
s 2
f 3716/5094/8964 3717/5095/8965 3747/5129/8966 3748/5130/8967
s 3
f 3717/5095/8968 3718/5096/8969 3754/5137/8970 3747/5129/8971
s 4
f 3718/5096/8972 3719/5097/8973 3753/5136/8974 3754/5137/8975
s 5
f 3719/5097/8976 3720/5098/8977 3752/5135/8978 3753/5136/8979
s 6
f 3720/5098/8980 3721/5099/8981 3751/5134/8982 3752/5135/8983
s 7
f 3721/5099/8984 3722/5100/8985 3750/5133/8986 3751/5134/8987
s 8
f 3722/5100/8988 3715/5101/8989 3749/5131/8990 3750/5133/8991
s 4
f 3732/5112/8992 3731/5111/8993 3745/5127/8994 3746/5128/8995
s 3
f 3733/5113/8996 3732/5112/8997 3746/5128/8998 3739/5120/8999
s 2
f 3734/5114/9000 3733/5113/9001 3739/5120/9002 3740/5121/9003
s 1
f 3735/5116/9004 3734/5114/9005 3740/5121/9006 3741/5123/9007
s 8
f 3736/5117/9008 3735/5115/9009 3741/5122/9010 3742/5124/9011
s 7
f 3737/5118/9012 3736/5117/9013 3742/5124/9014 3743/5125/9015
s 6
f 3738/5119/9016 3737/5118/9017 3743/5125/9018 3744/5126/9019
s 5
f 3731/5111/9020 3738/5119/9021 3744/5126/9022 3745/5127/9023
s 2
f 3740/5121/9003 3739/5120/9002 3725/5104/9024 3724/5103/9025
s 1
f 3741/5123/9007 3740/5121/9006 3724/5103/9026 3723/5102/9027
s 8
f 3742/5124/9011 3741/5122/9010 3723/5110/9028 3730/5109/9029
s 7
f 3743/5125/9015 3742/5124/9014 3730/5109/9030 3729/5108/9031
s 6
f 3744/5126/9019 3743/5125/9018 3729/5108/9032 3728/5107/9033
s 5
f 3745/5127/9023 3744/5126/9022 3728/5107/9034 3727/5106/9035
s 4
f 3746/5128/8995 3745/5127/8994 3727/5106/9036 3726/5105/9037
s 3
f 3739/5120/8999 3746/5128/8998 3726/5105/9038 3725/5104/9039
s 2
f 3748/5130/8967 3747/5129/8966 3733/5113/9001 3734/5114/9000
s 1
f 3749/5132/8963 3748/5130/8962 3734/5114/9005 3735/5116/9004
s 8
f 3750/5133/8991 3749/5131/8990 3735/5115/9009 3736/5117/9008
s 7
f 3751/5134/8987 3750/5133/8986 3736/5117/9013 3737/5118/9012
s 6
f 3752/5135/8983 3751/5134/8982 3737/5118/9017 3738/5119/9016
s 5
f 3753/5136/8979 3752/5135/8978 3738/5119/9021 3731/5111/9020
s 4
f 3754/5137/8975 3753/5136/8974 3731/5111/8993 3732/5112/8992
s 3
f 3747/5129/8971 3754/5137/8970 3732/5112/8997 3733/5113/8996
g default
v 19.303402 21.547829 15.642111
v 19.161312 21.488974 15.642111
v 19.019222 21.547829 15.642111
v 18.960367 21.689919 15.642110
v 19.019222 21.832006 15.642110
v 19.161312 21.890865 15.642110
v 19.303402 21.832006 15.642110
v 19.362257 21.689919 15.642110
v 19.303402 21.547829 15.043066
v 19.161312 21.488974 15.043066
v 19.019222 21.547829 15.043066
v 18.960367 21.689919 15.043066
v 19.019222 21.832006 15.043065
v 19.161312 21.890865 15.043066
v 19.303402 21.832006 15.043065
v 19.362257 21.689919 15.043066
v 19.274134 21.577099 15.642111
v 19.161312 21.530365 15.642111
v 19.048492 21.577099 15.642111
v 19.001759 21.689919 15.642110
v 19.048492 21.802742 15.642110
v 19.161312 21.849472 15.642110
v 19.274134 21.802742 15.642110
v 19.320866 21.689919 15.642110
v 19.274134 21.577099 15.527061
v 19.161312 21.530365 15.527061
v 19.048492 21.577099 15.527061
v 19.001759 21.689919 15.527062
v 19.048492 21.802742 15.527062
v 19.161312 21.849472 15.527062
v 19.274134 21.802742 15.527062
v 19.320866 21.689919 15.527062
vt 0.375000 0.312500
vt 0.406250 0.312500
vt 0.437500 0.312500
vt 0.468750 0.312500
vt 0.500000 0.312500
vt 0.531250 0.312500
vt 0.562500 0.312500
vt 0.593750 0.312500
vt 0.625000 0.312500
vt 0.375000 0.688440
vt 0.406250 0.688440
vt 0.437500 0.688440
vt 0.468750 0.688440
vt 0.500000 0.688440
vt 0.531250 0.688440
vt 0.562500 0.688440
vt 0.593750 0.688440
vt 0.625000 0.688440
vt 0.000000 0.000000
vt 1.000000 0.000000
vt 1.000000 1.000000
vt 0.000000 1.000000
vt 0.000000 0.000000
vt 1.000000 0.000000
vt 1.000000 1.000000
vt 0.000000 1.000000
vt 0.000000 0.000000
vt 1.000000 0.000000
vt 1.000000 1.000000
vt 0.000000 1.000000
vt 0.000000 0.000000
vt 1.000000 0.000000
vt 1.000000 1.000000
vt 0.000000 1.000000
vt 0.000000 0.000000
vt 1.000000 0.000000
vt 1.000000 1.000000
vt 0.000000 1.000000
vt 0.000000 0.000000
vt 1.000000 0.000000
vt 1.000000 1.000000
vt 0.000000 1.000000
vt 0.000000 0.000000
vt 1.000000 0.000000
vt 1.000000 1.000000
vt 0.000000 1.000000
vt 0.000000 0.000000
vt 1.000000 0.000000
vt 1.000000 1.000000
vt 0.000000 1.000000
vt 0.000000 0.000000
vt 1.000000 0.000000
vt 1.000000 1.000000
vt 0.000000 1.000000
vt 0.000000 0.000000
vt 1.000000 0.000000
vt 1.000000 1.000000
vt 0.000000 1.000000
vt 0.000000 0.000000
vt 1.000000 0.000000
vt 1.000000 1.000000
vt 0.000000 1.000000
vt 0.000000 0.000000
vt 1.000000 0.000000
vt 1.000000 1.000000
vt 0.000000 1.000000
vt 0.000000 0.000000
vt 1.000000 0.000000
vt 1.000000 1.000000
vt 0.000000 1.000000
vt 0.000000 0.000000
vt 1.000000 0.000000
vt 1.000000 1.000000
vt 0.000000 1.000000
vt 0.000000 0.000000
vt 1.000000 0.000000
vt 1.000000 1.000000
vt 0.000000 1.000000
vt 0.000000 0.000000
vt 1.000000 0.000000
vt 1.000000 1.000000
vt 0.000000 1.000000
vn 0.382681 -0.923881 0.000000
vn 0.382681 -0.923881 0.000000
vn 0.382681 -0.923881 0.000000
vn 0.382681 -0.923881 0.000000
vn -0.382681 -0.923881 0.000000
vn -0.382681 -0.923881 0.000000
vn -0.382681 -0.923881 0.000000
vn -0.382681 -0.923881 0.000000
vn -0.923882 -0.382676 0.000000
vn -0.923883 -0.382676 0.000000
vn -0.923882 -0.382676 0.000000
vn -0.923882 -0.382676 0.000000
vn -0.923880 0.382682 0.000000
vn -0.923880 0.382682 0.000000
vn -0.923880 0.382682 0.000000
vn -0.923880 0.382682 0.000000
vn -0.382701 0.923872 0.000000
vn -0.382701 0.923872 0.000000
vn -0.382701 0.923872 0.000000
vn -0.382701 0.923872 0.000000
vn 0.382701 0.923872 0.000000
vn 0.382701 0.923872 0.000000
vn 0.382701 0.923872 0.000000
vn 0.382701 0.923872 0.000000
vn 0.923880 0.382682 0.000000
vn 0.923880 0.382682 0.000000
vn 0.923880 0.382682 0.000000
vn 0.923880 0.382682 0.000000
vn 0.923883 -0.382676 0.000000
vn 0.923882 -0.382676 0.000000
vn 0.923882 -0.382676 0.000000
vn 0.923882 -0.382676 0.000000
vn 0.000003 0.000000 1.000000
vn -0.000008 0.000003 1.000000
vn -0.000008 0.000003 1.000000
vn 0.000003 0.000000 1.000000
vn 0.000014 0.000003 1.000000
vn 0.000014 0.000003 1.000000
vn 0.000020 0.000003 1.000000
vn 0.000020 0.000003 1.000000
vn 0.000008 0.000000 1.000000
vn 0.000008 0.000000 1.000000
vn -0.000003 0.000000 1.000000
vn -0.000003 0.000000 1.000000
vn -0.000014 0.000000 1.000000
vn -0.000014 0.000000 1.000000
vn -0.000020 0.000003 1.000000
vn -0.000020 0.000003 1.000000
vn -0.382690 0.923877 0.000000
vn -0.382690 0.923877 0.000000
vn -0.382690 0.923877 0.000000
vn -0.382690 0.923877 0.000000
vn 0.382702 0.923872 0.000000
vn 0.382702 0.923872 0.000000
vn 0.382702 0.923872 0.000000
vn 0.382702 0.923872 0.000000
vn 0.923876 0.382692 0.000000
vn 0.923876 0.382692 0.000000
vn 0.923876 0.382692 0.000000
vn 0.923876 0.382692 0.000000
vn 0.923877 -0.382689 0.000000
vn 0.923877 -0.382689 0.000000
vn 0.923877 -0.382689 0.000000
vn 0.923877 -0.382689 0.000000
vn 0.382676 -0.923883 0.000000
vn 0.382676 -0.923883 0.000000
vn 0.382676 -0.923883 0.000000
vn 0.382676 -0.923883 0.000000
vn -0.382664 -0.923888 0.000000
vn -0.382664 -0.923888 0.000000
vn -0.382664 -0.923888 0.000000
vn -0.382664 -0.923888 0.000000
vn -0.923883 -0.382674 0.000000
vn -0.923883 -0.382674 0.000000
vn -0.923883 -0.382674 0.000000
vn -0.923883 -0.382674 0.000000
vn -0.923882 0.382678 0.000000
vn -0.923882 0.382678 0.000000
vn -0.923882 0.382678 0.000000
vn -0.923882 0.382678 0.000000
s off
g group2 Brazo pCylinder39
usemtl initialShadingGroup
f 3755/5138/9040 3756/5139/9041 3764/5148/9042 3763/5147/9043
f 3756/5139/9044 3757/5140/9045 3765/5149/9046 3764/5148/9047
f 3757/5140/9048 3758/5141/9049 3766/5150/9050 3765/5149/9051
f 3758/5141/9052 3759/5142/9053 3767/5151/9054 3766/5150/9055
f 3759/5142/9056 3760/5143/9057 3768/5152/9058 3767/5151/9059
f 3760/5143/9060 3761/5144/9061 3769/5153/9062 3768/5152/9063
f 3761/5144/9064 3762/5145/9065 3770/5154/9066 3769/5153/9067
f 3762/5145/9068 3755/5146/9069 3763/5155/9070 3770/5154/9071
s 1
f 3756/5156/9072 3755/5157/9073 3771/5158/9074 3772/5159/9075
f 3757/5160/9076 3756/5161/9072 3772/5162/9075 3773/5163/9077
f 3758/5164/9078 3757/5165/9076 3773/5166/9077 3774/5167/9079
f 3759/5168/9080 3758/5169/9078 3774/5170/9079 3775/5171/9081
f 3760/5172/9082 3759/5173/9080 3775/5174/9081 3776/5175/9083
f 3761/5176/9084 3760/5177/9082 3776/5178/9083 3777/5179/9085
f 3762/5180/9086 3761/5181/9084 3777/5182/9085 3778/5183/9087
f 3755/5184/9073 3762/5185/9086 3778/5186/9087 3771/5187/9074
s off
f 3772/5188/9088 3771/5189/9089 3779/5190/9090 3780/5191/9091
f 3773/5192/9092 3772/5193/9093 3780/5194/9094 3781/5195/9095
f 3774/5196/9096 3773/5197/9097 3781/5198/9098 3782/5199/9099
f 3775/5200/9100 3774/5201/9101 3782/5202/9102 3783/5203/9103
f 3776/5204/9104 3775/5205/9105 3783/5206/9106 3784/5207/9107
f 3777/5208/9108 3776/5209/9109 3784/5210/9110 3785/5211/9111
f 3778/5212/9112 3777/5213/9113 3785/5214/9114 3786/5215/9115
f 3771/5216/9116 3778/5217/9117 3786/5218/9118 3779/5219/9119
g default
v 19.903799 24.133566 12.917500
v 19.854435 24.133976 12.895049
v 19.814848 24.098860 12.938304
v 19.814848 24.054657 13.014694
v 19.854435 24.034657 13.066697
v 19.903799 24.053917 13.055152
v 19.925768 24.097937 12.988753
v 18.894062 28.095657 15.210096
v 18.844698 28.096069 15.187645
v 18.805111 28.060951 15.230899
v 18.805111 28.016748 15.307290
v 18.844700 27.996748 15.359292
v 18.894062 28.016008 15.347748
v 18.916033 28.060028 15.281349
vt 0.375000 0.312500
vt 0.410714 0.312500
vt 0.446429 0.312500
vt 0.482143 0.312500
vt 0.517857 0.312500
vt 0.553571 0.312500
vt 0.589286 0.312500
vt 0.625000 0.312500
vt 0.375000 0.688440
vt 0.410714 0.688440
vt 0.446429 0.688440
vt 0.482143 0.688440
vt 0.517857 0.688440
vt 0.553571 0.688440
vt 0.589286 0.688440
vt 0.625000 0.688440
vn 0.353624 0.534352 -0.767736
vn 0.353624 0.534352 -0.767736
vn 0.353624 0.534352 -0.767736
vn 0.353624 0.534352 -0.767736
vn -0.786205 0.146963 -0.600236
vn -0.786205 0.146963 -0.600236
vn -0.786205 0.146963 -0.600236
vn -0.786205 0.146963 -0.600236
vn -0.976525 -0.186439 -0.107889
vn -0.976525 -0.186439 -0.107889
vn -0.976525 -0.186439 -0.107889
vn -0.976525 -0.186439 -0.107889
vn -0.786198 -0.447178 0.426526
vn -0.786198 -0.447178 0.426526
vn -0.786198 -0.447178 0.426526
vn -0.786198 -0.447178 0.426526
vn 0.353620 -0.399313 0.845874
vn 0.353620 -0.399313 0.845874
vn 0.353620 -0.399313 0.845874
vn 0.353620 -0.399313 0.845873
vn 0.939637 0.043053 0.339453
vn 0.939637 0.043053 0.339453
vn 0.939637 0.043053 0.339453
vn 0.939637 0.043053 0.339453
vn 0.939639 0.315750 -0.131838
vn 0.939638 0.315750 -0.131838
vn 0.939639 0.315750 -0.131838
vn 0.939638 0.315750 -0.131838
s off
g group2 Brazo pCylinder34
usemtl initialShadingGroup
f 3787/5220/9120 3788/5221/9121 3795/5229/9122 3794/5228/9123
f 3788/5221/9124 3789/5222/9125 3796/5230/9126 3795/5229/9127
f 3789/5222/9128 3790/5223/9129 3797/5231/9130 3796/5230/9131
f 3790/5223/9132 3791/5224/9133 3798/5232/9134 3797/5231/9135
f 3791/5224/9136 3792/5225/9137 3799/5233/9138 3798/5232/9139
f 3792/5225/9140 3793/5226/9141 3800/5234/9142 3799/5233/9143
f 3793/5226/9144 3787/5227/9145 3794/5235/9146 3800/5234/9147
g default
v 18.745623 29.488815 15.304655
v 18.731293 29.486174 15.302729
v 18.719801 29.493576 15.308131
v 18.719801 29.505451 15.316795
v 18.731293 29.512854 15.322199
v 18.745623 29.510212 15.320271
v 18.752001 29.499514 15.312464
v 18.745623 33.320801 10.053749
v 18.731293 33.318157 10.051822
v 18.719801 33.325562 10.057224
v 18.719801 33.337437 10.065889
v 18.731293 33.344837 10.071292
v 18.745623 33.342197 10.069364
v 18.752001 33.331497 10.061557
vt 0.375000 0.312500
vt 0.410714 0.312500
vt 0.446429 0.312500
vt 0.482143 0.312500
vt 0.517857 0.312500
vt 0.553571 0.312500
vt 0.589286 0.312500
vt 0.625000 0.312500
vt 0.375000 0.688440
vt 0.410714 0.688440
vt 0.446429 0.688440
vt 0.482143 0.688440
vt 0.517857 0.688440
vt 0.553571 0.688440
vt 0.589286 0.688440
vt 0.625000 0.688440
vn 0.222496 -0.787539 -0.574699
vn 0.222496 -0.787539 -0.574699
vn 0.222496 -0.787539 -0.574699
vn 0.222496 -0.787539 -0.574699
vn -0.623528 -0.631513 -0.460873
vn -0.623528 -0.631513 -0.460873
vn -0.623528 -0.631513 -0.460873
vn -0.623528 -0.631513 -0.460873
vn -1.000000 -0.000080 0.000000
vn -1.000000 -0.000080 0.000000
vn -1.000000 -0.000080 0.000000
vn -1.000000 -0.000080 0.000000
vn -0.623399 0.631624 0.460896
vn -0.623399 0.631624 0.460896
vn -0.623399 0.631624 0.460896
vn -0.623399 0.631624 0.460896
vn 0.222472 0.787515 0.574740
vn 0.222472 0.787515 0.574740
vn 0.222472 0.787515 0.574740
vn 0.222472 0.787516 0.574740
vn 0.900961 0.350500 0.255772
vn 0.900961 0.350500 0.255772
vn 0.900961 0.350500 0.255772
vn 0.900961 0.350500 0.255772
vn 0.900953 -0.350513 -0.255782
vn 0.900953 -0.350513 -0.255782
vn 0.900953 -0.350513 -0.255782
vn 0.900953 -0.350513 -0.255782
s off
g group2 Brazo pCylinder33
usemtl initialShadingGroup
f 3801/5236/9148 3802/5237/9149 3809/5245/9150 3808/5244/9151
f 3802/5237/9152 3803/5238/9153 3810/5246/9154 3809/5245/9155
f 3803/5238/9156 3804/5239/9157 3811/5247/9158 3810/5246/9159
f 3804/5239/9160 3805/5240/9161 3812/5248/9162 3811/5247/9163
f 3805/5240/9164 3806/5241/9165 3813/5249/9166 3812/5248/9167
f 3806/5241/9168 3807/5242/9169 3814/5250/9170 3813/5249/9171
f 3807/5242/9172 3801/5243/9173 3808/5251/9174 3814/5250/9175
g default
v 18.229275 28.682808 14.845762
v 17.639408 28.682808 14.845761
v 17.344473 28.682808 15.356602
v 17.639408 28.682808 15.867441
v 18.229275 28.682808 15.867441
v 18.524208 28.682808 15.356602
v 18.229275 29.156963 14.845762
v 17.639408 29.156963 14.845761
v 17.344473 29.156963 15.356602
v 17.639408 29.156963 15.867441
v 18.229275 29.156963 15.867441
v 18.524208 29.156963 15.356602
vt 0.375000 0.312500
vt 0.416667 0.312500
vt 0.458333 0.312500
vt 0.500000 0.312500
vt 0.541667 0.312500
vt 0.583333 0.312500
vt 0.625000 0.312500
vt 0.375000 0.688440
vt 0.416667 0.688440
vt 0.458333 0.688440
vt 0.500000 0.688440
vt 0.541667 0.688440
vt 0.583333 0.688440
vt 0.625000 0.688440
vn 0.000002 0.000000 -1.000000
vn 0.000002 0.000000 -1.000000
vn 0.000002 0.000000 -1.000000
vn 0.000002 0.000000 -1.000000
vn -0.866025 0.000000 -0.500001
vn -0.866025 0.000000 -0.500001
vn -0.866025 0.000000 -0.500001
vn -0.866025 0.000000 -0.500001
vn -0.866025 0.000000 0.500001
vn -0.866025 0.000000 0.500001
vn -0.866025 0.000000 0.500001
vn -0.866025 0.000000 0.500001
vn 0.000000 0.000000 1.000000
vn 0.000000 0.000000 1.000000
vn 0.000000 0.000000 1.000000
vn 0.000000 0.000000 1.000000
vn 0.866026 0.000000 0.499999
vn 0.866026 0.000000 0.499999
vn 0.866026 0.000000 0.499999
vn 0.866026 0.000000 0.499999
vn 0.866026 0.000000 -0.500000
vn 0.866026 0.000000 -0.500000
vn 0.866026 0.000000 -0.500000
vn 0.866026 0.000000 -0.500000
s off
g group2 Brazo pCylinder30
usemtl initialShadingGroup
f 3815/5252/9176 3816/5253/9177 3822/5260/9178 3821/5259/9179
f 3816/5253/9180 3817/5254/9181 3823/5261/9182 3822/5260/9183
f 3817/5254/9184 3818/5255/9185 3824/5262/9186 3823/5261/9187
f 3818/5255/9188 3819/5256/9189 3825/5263/9190 3824/5262/9191
f 3819/5256/9192 3820/5257/9193 3826/5264/9194 3825/5263/9195
f 3820/5257/9196 3815/5258/9197 3821/5265/9198 3826/5264/9199
g default
v 17.922632 31.193670 3.645269
v 17.922632 31.159676 3.651263
v 17.922632 31.159676 3.738670
v 17.922632 31.193670 3.744664
v 17.883177 31.196970 3.626558
v 17.883177 31.150175 3.634809
v 17.883177 31.150175 3.755124
v 17.883177 31.196970 3.763376
v 17.873432 31.204384 3.584513
v 17.873432 31.128830 3.597836
v 17.873434 31.128830 3.792098
v 17.873432 31.204384 3.805420
v 17.900736 31.210329 3.550796
v 17.900736 31.111712 3.568185
v 17.900736 31.111712 3.821748
v 17.900736 31.210329 3.839137
v 17.944527 31.210329 3.550796
v 17.944527 31.111712 3.568185
v 17.944527 31.111712 3.821748
v 17.944527 31.210329 3.839137
v 17.971830 31.204384 3.584513
v 17.971830 31.128830 3.597836
v 17.971830 31.128830 3.792098
v 17.971830 31.204384 3.805420
v 17.962086 31.196972 3.626558
v 17.962086 31.150177 3.634809
v 17.962086 31.150177 3.755124
v 17.962086 31.196972 3.763376
vt 0.111111 1.000000
vt 0.222222 1.000000
vt 0.555556 1.000000
vt 0.666667 1.000000
vt 0.111111 0.857143
vt 0.222222 0.857143
vt 0.555556 0.857143
vt 0.666667 0.857143
vt 0.111111 0.714286
vt 0.222222 0.714286
vt 0.555556 0.714286
vt 0.666667 0.714286
vt 0.111111 0.571429
vt 0.222222 0.571429
vt 0.555556 0.571429
vt 0.666667 0.571429
vt 0.111111 0.428571
vt 0.222222 0.428571
vt 0.555556 0.428571
vt 0.666667 0.428571
vt 0.111111 0.285714
vt 0.222222 0.285714
vt 0.555556 0.285714
vt 0.666667 0.285714
vt 0.111111 0.142857
vt 0.222222 0.142857
vt 0.555556 0.142857
vt 0.666667 0.142857
vt 0.111111 0.000000
vt 0.222222 0.000000
vt 0.555556 0.000000
vt 0.666667 0.000000
vn -0.412287 0.158199 0.897214
vn -0.412287 0.158199 0.897214
vn -0.412287 0.158199 0.897214
vn -0.412287 0.158199 0.897214
vn -0.412296 0.158214 -0.897207
vn -0.412296 0.158214 -0.897207
vn -0.412296 0.158214 -0.897207
vn -0.412295 0.158214 -0.897207
vn -0.971746 0.040998 0.232441
vn -0.971746 0.040998 0.232441
vn -0.971746 0.040998 0.232441
vn -0.971746 0.040998 0.232441
vn -0.971752 0.040976 -0.232421
vn -0.971752 0.040976 -0.232421
vn -0.971752 0.040976 -0.232421
vn -0.971752 0.040976 -0.232421
vn -0.762442 -0.112344 -0.637229
vn -0.762442 -0.112344 -0.637229
vn -0.762442 -0.112344 -0.637229
vn -0.762442 -0.112344 -0.637229
vn -0.762451 -0.112376 0.637213
vn -0.762451 -0.112376 0.637213
vn -0.762451 -0.112376 0.637213
vn -0.762451 -0.112376 0.637213
vn 0.000000 -0.173652 -0.984807
vn 0.000000 -0.173652 -0.984807
vn 0.000000 -0.173652 -0.984807
vn 0.000000 -0.173652 -0.984807
vn 0.000000 -0.173652 0.984807
vn 0.000000 -0.173652 0.984807
vn 0.000000 -0.173652 0.984807
vn 0.000000 -0.173652 0.984807
vn 0.762439 -0.112376 -0.637227
vn 0.762439 -0.112376 -0.637227
vn 0.762439 -0.112376 -0.637227
vn 0.762439 -0.112376 -0.637227
vn 0.762440 -0.112376 0.637227
vn 0.762440 -0.112376 0.637227
vn 0.762440 -0.112376 0.637227
vn 0.762440 -0.112376 0.637227
vn 0.971744 0.040998 0.232450
vn 0.971744 0.040998 0.232450
vn 0.971744 0.040998 0.232450
vn 0.971744 0.040998 0.232450
vn 0.971744 0.040998 -0.232451
vn 0.971744 0.040998 -0.232451
vn 0.971744 0.040998 -0.232451
vn 0.971744 0.040998 -0.232451
vn 0.412280 0.158199 0.897217
vn 0.412280 0.158199 0.897217
vn 0.412280 0.158199 0.897217
vn 0.412280 0.158199 0.897217
vn 0.412285 0.158215 -0.897212
vn 0.412285 0.158215 -0.897212
vn 0.412285 0.158215 -0.897212
vn 0.412285 0.158215 -0.897212
s off
g group2 Brazo pTorus1
usemtl initialShadingGroup
f 3828/5267/9200 3827/5266/9201 3831/5270/9202 3832/5271/9203
f 3830/5269/9204 3829/5268/9205 3833/5272/9206 3834/5273/9207
f 3832/5271/9208 3831/5270/9209 3835/5274/9210 3836/5275/9211
f 3834/5273/9212 3833/5272/9213 3837/5276/9214 3838/5277/9215
f 3836/5275/9216 3835/5274/9217 3839/5278/9218 3840/5279/9219
f 3838/5277/9220 3837/5276/9221 3841/5280/9222 3842/5281/9223
f 3840/5279/9224 3839/5278/9225 3843/5282/9226 3844/5283/9227
f 3842/5281/9228 3841/5280/9229 3845/5284/9230 3846/5285/9231
f 3844/5283/9232 3843/5282/9233 3847/5286/9234 3848/5287/9235
f 3846/5285/9236 3845/5284/9237 3849/5288/9238 3850/5289/9239
f 3848/5287/9240 3847/5286/9241 3851/5290/9242 3852/5291/9243
f 3850/5289/9244 3849/5288/9245 3853/5292/9246 3854/5293/9247
f 3852/5291/9248 3851/5290/9249 3827/5294/9250 3828/5295/9251
f 3854/5293/9252 3853/5292/9253 3829/5296/9254 3830/5297/9255
