# This file uses meters as units for non-parametric coordinates.

mtllib consultorio.mtl
g default
v -51.694501 1.677608 23.663307
v -51.606458 1.677608 23.663307
v -51.694501 4.906922 23.663307
v -51.606458 4.906922 23.663307
v -51.694501 4.906922 18.408560
v -51.606458 4.906922 18.408560
v -51.694501 1.677608 18.408560
v -51.606458 1.677608 18.408560
vt 0.626193 0.005026
vt 0.628257 0.005026
vt 0.628269 0.080714
vt 0.628269 0.082777
vt 0.753491 0.080694
vt 0.751428 0.080694
vt 0.751415 0.005007
vt 0.751415 0.002943
vt 0.753479 0.005006
vt 0.751428 0.082758
vt 0.626205 0.080714
vt 0.628256 0.002963
vn 0.000000 0.000000 1.000000
vn 0.000000 0.000000 1.000000
vn 0.000000 0.000000 1.000000
vn 0.000000 0.000000 1.000000
vn 0.000000 0.000000 -1.000000
vn 0.000000 0.000000 -1.000000
vn 0.000000 0.000000 -1.000000
vn 0.000000 0.000000 -1.000000
vn 1.000000 0.000000 0.000000
vn 1.000000 0.000000 0.000000
vn 1.000000 0.000000 0.000000
vn 1.000000 0.000000 0.000000
vn 0.000000 1.000000 0.000000
vn 0.000000 1.000000 0.000000
vn 0.000000 1.000000 0.000000
vn 0.000000 1.000000 0.000000
vn 0.000000 -1.000000 0.000000
vn 0.000000 -1.000000 0.000000
vn 0.000000 -1.000000 0.000000
vn 0.000000 -1.000000 0.000000
s off
g pCube39 group5 Consultorio
usemtl lambert3SG
f 1/1/1 2/2/2 4/3/3 3/11/4
f 5/5/5 6/6/6 8/7/7 7/9/8
f 2/2/9 8/7/10 6/6/11 4/3/12
f 3/4/13 4/3/14 6/6/15 5/10/16
f 2/2/17 1/12/18 7/8/19 8/7/20
g default
v -51.724421 -1.477171 24.022680
v -51.636382 -1.477171 24.022680
v -51.724421 5.443148 24.022680
v -51.636382 5.443148 24.022680
v -51.724421 5.443148 18.049185
v -51.636382 5.443148 18.049185
v -51.724421 -1.477171 18.049185
v -51.636382 -1.477171 18.049185
vt 0.419815 0.290921
vt 0.421878 0.290921
vt 0.421889 0.453117
vt 0.419825 0.453117
vt 0.563957 0.453108
vt 0.561893 0.453108
vt 0.561883 0.290912
vt 0.563947 0.290912
vn 0.000000 0.000000 1.000000
vn 0.000000 0.000000 1.000000
vn 0.000000 0.000000 1.000000
vn 0.000000 0.000000 1.000000
vn 0.000000 0.000000 -1.000000
vn 0.000000 0.000000 -1.000000
vn 0.000000 0.000000 -1.000000
vn 0.000000 0.000000 -1.000000
vn 1.000000 0.000000 0.000000
vn 1.000000 0.000000 0.000000
vn 1.000000 0.000000 0.000000
vn 1.000000 0.000000 0.000000
s off
g group5 Consultorio pCube38
usemtl lambert3SG
f 9/13/21 10/14/22 12/15/23 11/16/24
f 13/17/25 14/18/26 16/19/27 15/20/28
f 10/14/29 16/19/30 14/18/31 12/15/32
g default
v -29.649976 -1.000000 31.985960
v -40.059873 -1.000000 31.985948
v -29.649976 5.785827 31.985960
v -40.059873 5.785827 31.985948
v -40.059873 -1.000000 31.226238
v -40.059873 5.785827 31.226238
v -29.649976 -1.000000 31.226255
v -29.649976 5.785827 31.226255
v -40.059873 0.584538 31.226238
v -40.059873 0.584538 31.985948
v -29.649976 0.584538 31.985960
v -29.649976 0.584538 31.226255
v -40.059873 2.277641 31.226238
v -40.059873 2.277641 31.985948
v -29.649976 2.277641 31.985960
v -29.649976 2.277641 31.226255
v -40.059873 3.894477 31.226238
v -40.059873 3.894477 31.985948
v -29.649976 3.894477 31.985960
v -29.649976 3.894477 31.226255
v -29.801664 4.125022 31.226253
v -29.801664 3.894477 31.226253
v -29.801664 2.508186 31.226253
v -29.801664 2.277641 31.226253
v -29.801671 0.810284 31.226253
v -29.801671 0.584538 31.226253
v -39.908182 4.125022 31.226247
v -39.908182 3.894477 31.226247
v -39.908182 2.508186 31.226247
v -39.908182 2.277641 31.226247
v -39.908182 0.810284 31.226247
v -39.908185 0.584538 31.226247
v -29.801664 5.526708 31.226253
v -39.908182 5.526708 31.226238
v -29.801671 -0.730556 31.226253
v -39.908185 -0.730556 31.226247
v -39.908182 3.894477 31.950014
v -39.908182 2.508186 31.950014
v -29.801664 3.894477 31.950016
v -29.801664 2.508186 31.950016
v -39.908182 2.277641 31.950014
v -39.908182 0.810284 31.950014
v -29.801664 2.277641 31.950016
v -29.801671 0.810284 31.950016
v -39.908185 0.584538 31.950014
v -39.908185 -0.730556 31.950014
v -29.801671 0.584538 31.950016
v -29.801671 -0.730556 31.950016
v -29.801664 5.526708 31.950016
v -39.908182 5.526708 31.950002
v -29.801664 4.125022 31.950016
v -39.908182 4.125022 31.950014
vt 0.035524 0.183330
vt 0.053329 0.183328
vt 0.561116 0.256779
vt 0.992723 0.161987
vt 0.537240 0.016351
vt 0.035534 0.305236
vt 0.053339 0.305234
vt 0.994716 0.350065
vt 0.035537 0.342374
vt 0.992711 0.040081
vt 0.974905 0.040083
vt 0.974902 0.002945
vt 0.992708 0.002943
vt 0.994723 0.232078
vt 0.896996 0.286869
vt 0.996624 0.180723
vt 0.035530 0.265553
vt 0.053336 0.265552
vt 0.992715 0.079763
vt 0.974909 0.079765
vt 0.863067 0.158359
vt 0.896995 0.254366
vt 0.035527 0.227659
vt 0.053333 0.227657
vt 0.992718 0.117658
vt 0.974913 0.117660
vt 0.863069 0.119029
vt 0.610931 0.273743
vt 0.578083 0.002943
vt 0.626194 0.286841
vt 0.626195 0.124407
vt 0.626194 0.163761
vt 0.725825 0.215120
vt 0.757851 0.237394
vt 0.626194 0.317664
vt 0.754287 0.356385
vt 0.863067 0.180726
vt 0.880030 0.286857
vt 0.626198 0.102040
vt 0.643158 0.254350
vt 0.994726 0.254332
vt 0.979661 0.215115
vt 0.626194 0.141394
vt 0.742787 0.180728
vt 0.991160 0.373344
vt 0.880030 0.317690
vt 0.757849 0.215140
vt 0.643160 0.286843
vt 0.578079 0.256780
vt 0.578083 0.019907
vt 0.610935 0.019907
vt 0.863066 0.141395
vt 0.863068 0.124432
vt 0.610932 0.256780
vt 0.996274 0.123061
vt 0.626194 0.141370
vt 0.996264 0.009258
vt 0.754288 0.373348
vt 0.757851 0.232103
vt 0.880033 0.286867
vt 0.991160 0.356380
vt 0.056895 0.305234
vt 0.996267 0.045372
vt 0.757853 0.254358
vt 0.626194 0.158357
vt 0.979661 0.180723
vt 0.994724 0.237369
vt 0.056891 0.265552
vt 0.996271 0.085166
vt 0.626194 0.180724
vt 0.626196 0.119004
vt 0.880032 0.254365
vt 0.863067 0.163762
vt 0.056888 0.227657
vt 0.750732 0.350070
vt 0.053343 0.342372
vt 0.974917 0.161989
vt 0.537237 0.260334
vt 0.994721 0.215115
vt 0.643157 0.317665
vt 0.863067 0.141395
vt 0.742788 0.215119
vt 0.863070 0.102065
vt 0.643157 0.286842
vt 0.725824 0.180728
vt 0.996270 0.079763
vt 0.626195 0.254349
vt 0.996274 0.117658
vt 0.896993 0.286858
vt 0.056891 0.260148
vt 0.996625 0.215114
vt 0.056894 0.299943
vt 0.626197 0.286841
vt 0.996266 0.040081
vt 0.896993 0.317691
vt 0.056897 0.336057
vt 0.578079 0.273743
vt 0.996277 0.155914
vt 0.610935 0.002943
vt 0.056888 0.222253
vt 0.555046 0.016351
vt 0.561119 0.019907
vt 0.056885 0.189401
vt 0.555043 0.260334
vn -1.000000 0.000000 0.000000
vn -1.000000 0.000000 0.000000
vn -1.000000 0.000000 0.000000
vn -1.000000 0.000000 0.000000
vn 1.000000 0.000000 0.000000
vn 1.000000 0.000000 0.000000
vn 1.000000 0.000000 0.000000
vn 1.000000 0.000000 0.000000
vn 0.000069 0.000000 -1.000000
vn 0.000069 0.000000 -1.000000
vn 0.000069 0.000000 -1.000000
vn 0.000069 0.000000 -1.000000
vn 0.000056 0.000000 -1.000000
vn 0.000056 0.000000 -1.000000
vn 0.000056 0.000000 -1.000000
vn -1.000000 0.000000 0.000000
vn -1.000000 0.000000 0.000000
vn -1.000000 0.000000 0.000000
vn -1.000000 0.000000 0.000000
vn 1.000000 0.000000 0.000000
vn 1.000000 0.000000 0.000000
vn 1.000000 0.000000 0.000000
vn 1.000000 0.000000 0.000000
vn 0.000080 0.000000 -1.000000
vn 0.000080 0.000000 -1.000000
vn 0.000080 0.000000 -1.000000
vn 0.000080 0.000000 -1.000000
vn 0.000055 0.000000 -1.000000
vn 0.000055 0.000000 -1.000000
vn 0.000055 0.000000 -1.000000
vn -1.000000 0.000000 0.000000
vn -1.000000 0.000000 0.000000
vn -1.000000 0.000000 0.000000
vn -1.000000 0.000000 0.000000
vn 1.000000 0.000000 0.000000
vn 1.000000 0.000000 0.000000
vn 1.000000 0.000000 0.000000
vn 1.000000 0.000000 0.000000
vn 0.000067 0.000000 -1.000000
vn 0.000067 0.000000 -1.000000
vn 0.000067 0.000000 -1.000000
vn 0.000067 0.000000 -1.000000
vn 0.000055 0.000000 -1.000000
vn 0.000055 0.000000 -1.000000
vn 0.000055 0.000000 -1.000000
vn 0.000027 0.000000 -1.000000
vn 0.000027 0.000000 -1.000000
vn 0.000027 0.000000 -1.000000
vn 0.000002 0.000000 -1.000000
vn 0.000002 0.000000 -1.000000
vn 0.000002 0.000000 -1.000000
vn 0.000002 0.000000 -1.000000
vn 0.000027 0.000000 -1.000000
vn 0.000027 0.000000 -1.000000
vn 0.000027 0.000000 -1.000000
vn 0.000004 -0.000000 -1.000000
vn 0.000004 -0.000000 -1.000000
vn 0.000004 -0.000000 -1.000000
vn 0.000004 -0.000000 -1.000000
vn 0.000028 0.000000 -1.000000
vn 0.000028 0.000000 -1.000000
vn 0.000028 0.000000 -1.000000
vn 0.000000 0.000000 -1.000000
vn 0.000000 0.000000 -1.000000
vn 0.000000 0.000000 -1.000000
vn 0.000000 0.000000 -1.000000
vn 0.000001 0.000004 -1.000000
vn 0.000001 0.000004 -1.000000
vn 0.000001 0.000004 -1.000000
vn 0.000001 0.000004 -1.000000
vn 0.000001 0.000000 -1.000000
vn 0.000001 0.000000 -1.000000
vn 0.000001 0.000000 -1.000000
vn 0.000001 0.000000 -1.000000
vn 0.000000 0.000000 -1.000000
vn 0.000000 0.000000 -1.000000
vn 0.000000 0.000000 -1.000000
vn 0.000000 0.000000 -1.000000
vn 0.000001 0.000000 -1.000000
vn 0.000001 0.000000 -1.000000
vn 0.000001 0.000000 -1.000000
vn 0.000001 0.000000 -1.000000
vn 0.000000 0.000000 -1.000000
vn 0.000000 0.000000 -1.000000
vn 0.000000 0.000000 -1.000000
vn 0.000000 0.000000 -1.000000
vn 0.000001 -0.000000 -1.000000
vn 0.000001 -0.000000 -1.000000
vn 0.000001 -0.000000 -1.000000
vn 0.000001 -0.000000 -1.000000
vn 0.000000 0.000000 -1.000000
vn 0.000000 0.000000 -1.000000
vn 0.000000 0.000000 -1.000000
vn 0.000000 0.000000 -1.000000
vn 0.000000 1.000000 0.000000
vn 0.000000 1.000000 0.000000
vn 0.000000 1.000000 0.000000
vn 0.000000 1.000000 0.000000
vn 0.000001 -0.000004 -1.000000
vn 0.000001 -0.000004 -1.000000
vn 0.000001 -0.000004 -1.000000
vn 0.000001 -0.000004 -1.000000
vn 0.000046 -0.000003 -1.000000
vn 0.000046 -0.000003 -1.000000
vn 0.000046 -0.000003 -1.000000
vn 0.000046 -0.000003 -1.000000
vn -1.000000 0.000000 0.000000
vn -1.000000 0.000000 0.000000
vn -1.000000 0.000000 0.000000
vn -1.000000 0.000000 0.000000
vn 1.000000 0.000000 0.000000
vn 1.000000 0.000000 0.000000
vn 1.000000 0.000000 0.000000
vn 1.000000 0.000000 0.000000
vn 0.000015 0.000000 -1.000000
vn 0.000015 0.000000 -1.000000
vn 0.000015 0.000000 -1.000000
vn 0.000015 0.000000 -1.000000
vn 0.000001 0.000014 -1.000000
vn 0.000001 0.000014 -1.000000
vn 0.000001 0.000014 -1.000000
vn 0.000001 0.000014 -1.000000
vn 1.000000 0.000000 0.000000
vn 1.000000 0.000000 0.000000
vn 1.000000 0.000000 0.000000
vn 1.000000 0.000000 0.000000
vn 0.000000 -1.000000 0.000000
vn 0.000000 -1.000000 0.000000
vn 0.000000 -1.000000 0.000000
vn 0.000000 -1.000000 0.000000
vn -1.000000 0.000000 0.000000
vn -1.000000 0.000000 0.000000
vn -1.000000 0.000000 0.000000
vn -1.000000 0.000000 0.000000
vn 0.000000 1.000000 0.000000
vn 0.000000 1.000000 0.000000
vn 0.000000 1.000000 0.000000
vn 0.000000 1.000000 0.000000
vn 1.000000 0.000000 0.000000
vn 1.000000 0.000000 0.000000
vn 1.000000 0.000000 0.000000
vn 1.000000 0.000000 0.000000
vn 0.000000 -1.000000 0.000000
vn 0.000000 -1.000000 0.000000
vn 0.000000 -1.000000 0.000000
vn 0.000000 -1.000000 0.000000
vn -1.000000 0.000005 0.000000
vn -1.000000 0.000005 0.000000
vn -1.000000 0.000005 0.000000
vn -1.000000 0.000005 0.000000
vn 0.000000 1.000000 0.000000
vn 0.000000 1.000000 0.000000
vn 0.000000 1.000000 0.000000
vn 0.000000 1.000000 0.000000
vn 1.000000 0.000000 0.000000
vn 1.000000 0.000000 0.000000
vn 1.000000 0.000000 0.000000
vn 1.000000 0.000000 0.000000
vn 0.000000 -1.000000 0.000000
vn 0.000000 -1.000000 0.000000
vn 0.000000 -1.000000 0.000000
vn 0.000000 -1.000000 0.000000
vn -1.000000 0.000000 0.000000
vn -1.000000 0.000000 0.000000
vn -1.000000 0.000000 0.000000
vn -1.000000 0.000000 0.000000
vn 0.000000 1.000000 0.000000
vn 0.000000 1.000000 0.000000
vn 0.000000 1.000000 0.000000
vn 0.000000 1.000000 0.000000
vn 0.000000 -1.000000 0.000000
vn 0.000000 -1.000000 0.000000
vn 0.000000 -1.000000 0.000000
vn 0.000000 -1.000000 0.000000
vn -1.000000 0.000000 0.000000
vn -1.000000 0.000000 0.000000
vn -1.000000 0.000000 0.000000
vn -1.000000 0.000000 0.000000
vn 0.000000 1.000000 0.000000
vn 0.000000 1.000000 0.000000
vn 0.000000 1.000000 0.000000
vn 0.000000 1.000000 0.000000
vn 1.000000 -0.000002 0.000000
vn 1.000000 -0.000002 0.000000
vn 1.000000 -0.000002 0.000000
vn 1.000000 -0.000002 0.000000
s off
g Consultorio Estanteria
usemtl lambert3SG
f 26/26/33 25/27/34 21/96/35 18/29/36
f 28/30/37 27/31/38 17/32/39 23/33/40
f 25/27/41 48/82/42 52/116/43 21/96/44
f 25/27/45 47/112/46 48/82/47
f 30/37/48 29/38/49 25/27/50 26/26/51
f 32/39/52 31/40/53 27/31/54 28/30/55
f 29/38/56 46/88/57 47/112/58 25/27/59
f 29/38/60 45/110/61 46/88/62
f 34/43/63 33/44/64 29/38/65 30/37/66
f 36/45/67 35/46/68 31/40/69 32/39/70
f 33/44/71 44/94/72 45/110/73 29/38/74
f 33/44/75 43/120/76 44/94/77
f 38/108/78 37/75/79 36/45/80
f 39/89/81 38/108/82 36/45/83 32/39/84
f 40/106/85 39/89/86 32/39/87
f 41/83/88 40/106/89 32/39/90 28/30/91
f 42/114/92 41/83/93 28/30/94
f 23/33/95 51/77/96 42/114/97 28/30/98
f 22/124/99 24/121/100 49/122/101 50/23/102
f 44/47/103 43/73/104 37/51/105 38/91/106
f 54/92/107 53/58/108 55/104/109 56/60/110
f 46/41/111 45/93/112 39/52/113 40/85/114
f 58/86/115 57/62/116 59/102/117 60/64/118
f 48/34/119 47/87/120 41/54/121 42/79/122
f 62/80/123 61/66/124 63/100/125 64/68/126
f 19/25/127 24/121/128 22/124/129 20/98/130
f 66/69/131 65/70/132 67/71/133 68/74/134
f 22/22/135 50/123/136 43/120/137 33/44/138
f 20/21/139 22/22/140 33/44/141 34/43/142
f 24/24/143 19/97/144 35/46/145 36/45/146
f 49/118/147 24/24/148 36/45/149 37/75/150
f 21/28/151 52/81/152 51/56/153 23/95/154
f 45/42/155 44/109/156 53/58/157 54/92/158
f 44/47/159 38/91/160 55/59/161 53/103/162
f 38/50/163 39/107/164 56/60/165 55/104/166
f 39/52/167 45/93/168 54/57/169 56/90/170
f 47/36/171 46/111/172 57/62/173 58/86/174
f 46/41/175 40/85/176 59/63/177 57/101/178
f 40/53/179 41/105/180 60/64/181 59/102/182
f 41/54/183 47/87/184 58/61/185 60/84/186
f 52/35/187 48/115/188 61/66/189 62/80/190
f 48/34/191 42/79/192 63/67/193 61/99/194
f 42/55/195 51/113/196 64/68/197 63/100/198
f 51/56/199 52/81/200 62/65/201 64/78/202
f 50/23/203 49/122/204 65/70/205 66/69/206
f 49/49/207 37/119/208 67/71/209 65/70/210
f 37/51/211 43/73/212 68/72/213 67/76/214
f 43/48/215 50/117/216 66/69/217 68/74/218
g default
v -27.952701 2.203413 10.539667
v -37.953171 2.203413 10.539661
v -27.952701 3.584945 10.539667
v -37.953171 3.584945 10.539661
v -37.953171 2.203413 9.988289
v -37.953171 3.584945 9.988289
v -27.952701 2.203413 9.988306
v -27.952701 3.584945 9.988306
v -37.953171 3.393325 10.539661
v -37.953171 3.393325 9.988289
v -37.953171 2.395032 10.539661
v -37.953171 2.395032 9.988289
v -28.127300 3.393325 10.539667
v -28.127300 2.395032 10.539667
v -28.127300 2.395032 9.988306
v -28.127294 3.393325 9.988306
vt 0.860581 0.317688
vt 0.624883 0.237729
vt 0.626194 0.322182
vt 0.611963 0.007435
vt 0.611963 0.002943
vt 0.624883 0.997070
vt 0.611961 0.762682
vt 0.611961 0.730302
vt 0.624883 0.730302
vt 0.624883 0.261128
vt 0.626194 0.350070
vt 0.611960 0.495914
vt 0.611960 0.491423
vt 0.624883 0.491423
vt 0.611961 0.237729
vt 0.611961 0.261127
vt 0.624886 0.002943
vt 0.626194 0.317691
vt 0.624883 0.762681
vt 0.856488 0.322179
vt 0.624886 0.007435
vt 0.626194 0.345579
vt 0.856489 0.345577
vt 0.860581 0.350068
vt 0.624883 0.495914
vt 0.611960 0.997070
vn -1.000000 0.000000 0.000000
vn -1.000000 0.000000 0.000000
vn -1.000000 0.000000 0.000000
vn -1.000000 0.000000 0.000000
vn -1.000000 0.000000 0.000000
vn -1.000000 0.000000 0.000000
vn -1.000000 0.000000 0.000000
vn -1.000000 0.000000 0.000000
vn 0.000002 0.000000 1.000000
vn 0.000002 0.000000 1.000000
vn 0.000002 0.000000 1.000000
vn 0.000002 0.000000 1.000000
vn 1.000000 0.000000 0.000000
vn 1.000000 0.000000 0.000000
vn 1.000000 0.000000 0.000000
vn 1.000000 0.000000 0.000000
vn -0.000001 0.000000 1.000000
vn -0.000001 0.000000 1.000000
vn -0.000001 0.000000 1.000000
vn -0.000001 0.000000 1.000000
vn -0.000001 -0.000000 1.000000
vn -0.000001 -0.000000 1.000000
vn -0.000001 -0.000000 1.000000
vn -0.000001 -0.000000 1.000000
vn 0.000000 -1.000000 0.000000
vn 0.000000 -1.000000 0.000000
vn 0.000000 -1.000000 0.000000
vn 0.000000 -1.000000 0.000000
vn 0.000000 1.000000 0.000000
vn 0.000000 1.000000 0.000000
vn 0.000000 1.000000 0.000000
vn 0.000000 1.000000 0.000000
vn 0.000000 1.000000 0.000000
vn 0.000000 1.000000 0.000000
vn 0.000000 1.000000 0.000000
vn 0.000000 1.000000 0.000000
vn -1.000000 0.000003 -0.000005
vn -1.000000 0.000003 -0.000005
vn -1.000000 0.000003 -0.000005
vn -1.000000 0.000003 -0.000005
vn 0.000000 -1.000000 0.000000
vn 0.000000 -1.000000 0.000000
vn 0.000000 -1.000000 0.000000
vn 0.000000 -1.000000 0.000000
s off
g Consultorio Cube_19_6
usemtl lambert3SG
f 79/145/219 80/128/220 73/129/221 70/141/222
f 74/136/223 78/137/224 77/138/225 72/149/226
f 81/147/227 82/144/228 69/125/229 71/148/230
f 76/132/231 71/133/232 69/143/233 75/131/234
f 77/146/235 81/147/236 71/148/237 72/135/238
f 82/144/239 79/127/240 70/142/241 69/125/242
f 75/131/243 69/143/244 70/130/245 73/150/246
f 71/133/247 76/132/248 74/136/249 72/149/250
f 83/139/251 80/128/252 79/145/253 82/126/254
f 82/126/255 81/134/256 84/140/257 83/139/258
f 77/138/259 78/137/260 84/140/261 81/134/262
g default
v -50.837105 2.045270 10.035218
v -48.323593 2.045270 10.035218
v -50.837105 5.493813 10.035218
v -48.323593 5.493813 10.035218
v -48.323593 2.045270 10.111866
v -48.323593 5.493813 10.111866
v -50.837105 2.045270 10.111866
v -50.837105 5.493813 10.111866
vt 0.119381 0.265908
vt 0.117585 0.265908
vt 0.117580 0.185082
vt 0.117580 0.183286
vt 0.058674 0.265911
vt 0.058670 0.185085
vt 0.058674 0.267707
vt 0.056873 0.185085
vt 0.058669 0.183289
vt 0.056877 0.265911
vt 0.119377 0.185082
vt 0.117585 0.267704
vn 1.000000 0.000000 0.000000
vn 1.000000 0.000000 0.000000
vn 1.000000 0.000000 0.000000
vn 1.000000 0.000000 0.000000
vn 0.000000 0.000000 1.000000
vn 0.000000 0.000000 1.000000
vn 0.000000 0.000000 1.000000
vn 0.000000 0.000000 1.000000
vn -1.000000 0.000000 0.000000
vn -1.000000 0.000000 0.000000
vn -1.000000 0.000000 0.000000
vn -1.000000 0.000000 0.000000
vn 0.000000 1.000000 0.000000
vn 0.000000 1.000000 0.000000
vn 0.000000 1.000000 0.000000
vn 0.000000 1.000000 0.000000
vn 0.000000 -1.000000 0.000000
vn 0.000000 -1.000000 0.000000
vn 0.000000 -1.000000 0.000000
vn 0.000000 -1.000000 0.000000
s off
g Consultorio Cube_22_1 group3
usemtl lambert3SG
f 88/151/263 90/152/264 89/153/265 86/161/266
f 90/152/267 92/155/268 91/156/269 89/153/270
f 92/155/271 87/160/272 85/158/273 91/156/274
f 92/155/275 90/152/276 88/162/277 87/157/278
f 85/159/279 86/154/280 89/153/281 91/156/282
g default
v -40.935446 3.419692 9.996689
v -40.015463 3.419692 9.996689
v -40.935446 4.482961 9.996689
v -40.015463 4.482961 9.996689
v -40.935446 4.482961 9.975715
v -40.015463 4.482961 9.975715
v -40.935446 3.419692 9.975715
v -40.015463 3.419692 9.975715
v -40.066126 4.438358 9.996689
v -40.884787 4.438358 9.996689
v -40.884787 4.438358 9.975715
v -40.066126 4.438358 9.975715
v -40.066126 3.464296 9.996689
v -40.884787 3.464296 9.996689
v -40.884787 3.464296 9.975715
v -40.066126 3.464296 9.975715
vt 0.398964 0.038470
vt 0.400183 0.039512
vt 0.399169 0.064072
vt 0.399157 0.064571
vt 0.398465 0.038487
vt 0.421468 0.038272
vt 0.421466 0.037773
vt 0.421465 0.064126
vt 0.421964 0.064125
vt 0.420254 0.039355
vt 0.420282 0.063075
vt 0.400359 0.063006
vt 0.419930 0.062747
vt 0.419925 0.039694
vt 0.400537 0.039827
vt 0.400697 0.062687
vt 0.421453 0.064625
vt 0.421967 0.038271
vt 0.398963 0.037971
vt 0.398670 0.064089
vn 0.000000 1.000000 0.000000
vn 0.000000 1.000000 0.000000
vn 0.000000 1.000000 0.000000
vn 0.000000 1.000000 0.000000
vn 0.000000 -1.000000 0.000000
vn 0.000000 -1.000000 0.000000
vn 0.000000 -1.000000 0.000000
vn 0.000000 -1.000000 0.000000
vn 0.000000 0.000000 1.000000
vn 0.000000 0.000000 1.000000
vn 0.000000 0.000000 1.000000
vn 0.000000 0.000000 1.000000
vn 0.000000 0.000000 1.000000
vn 0.000000 0.000000 1.000000
vn 0.000000 0.000000 1.000000
vn 0.000000 0.000000 1.000000
vn 0.000004 0.000000 1.000000
vn 0.000004 0.000000 1.000000
vn 0.000004 0.000000 1.000000
vn 0.000004 0.000000 1.000000
vn 0.000000 0.000000 1.000000
vn 0.000000 0.000000 1.000000
vn 0.000000 0.000000 1.000000
vn 0.000000 0.000000 1.000000
vn -1.000000 0.000000 0.000000
vn -1.000000 0.000000 0.000000
vn -1.000000 0.000000 0.000000
vn -1.000000 0.000000 0.000000
vn 1.000000 0.000000 0.000000
vn 1.000000 0.000000 0.000000
vn 1.000000 0.000000 0.000000
vn 1.000000 0.000000 0.000000
vn -1.000000 0.000000 0.000000
vn -1.000000 0.000000 0.000000
vn -1.000000 0.000000 0.000000
vn -1.000000 0.000000 0.000000
vn 1.000000 0.000000 0.000000
vn 1.000000 0.000000 0.000000
vn 1.000000 0.000000 0.000000
vn 1.000000 0.000000 0.000000
vn 0.000000 1.000000 0.000000
vn 0.000000 1.000000 0.000000
vn 0.000000 1.000000 0.000000
vn 0.000000 1.000000 0.000000
vn 0.000000 -1.000000 0.000000
vn 0.000000 -1.000000 0.000000
vn 0.000000 -1.000000 0.000000
vn 0.000000 -1.000000 0.000000
s off
g Consultorio group3 pCube28
usemtl lambert3SG
f 95/165/283 96/170/284 98/179/285 97/166/286
f 93/163/287 99/181/288 100/169/289 94/168/290
f 106/164/291 93/163/292 94/168/293 105/172/294
f 95/165/295 102/174/296 101/173/297 96/170/298
f 101/173/299 105/172/300 94/168/301 96/170/302
f 93/163/303 106/164/304 102/174/305 95/165/306
f 99/167/307 93/163/308 95/165/309 97/182/310
f 94/168/311 100/180/312 98/171/313 96/170/314
f 104/175/315 108/176/316 105/172/317 101/173/318
f 107/177/319 103/178/320 102/174/321 106/164/322
f 106/164/323 105/172/324 108/176/325 107/177/326
f 104/175/327 101/173/328 102/174/329 103/178/330
g default
v -40.796026 3.555806 10.039739
v -40.158720 3.555806 10.039739
v -40.796026 4.351166 10.039739
v -40.158720 4.351166 10.039739
vt 0.391350 0.005244
vt 0.406287 0.005245
vt 0.406286 0.023886
vt 0.391349 0.023885
vn 0.000000 0.000000 1.000000
vn 0.000000 0.000000 1.000000
vn 0.000000 0.000000 1.000000
vn 0.000000 0.000000 1.000000
s off
g Consultorio group3 pCube31
usemtl lambert3SG
f 109/183/331 110/184/332 112/185/333 111/186/334
g default
v -48.008507 2.045270 10.035218
v -45.494995 2.045270 10.035218
v -48.008507 5.493813 10.035218
v -45.494995 5.493813 10.035218
v -45.494995 2.045270 10.111866
v -45.494995 5.493813 10.111866
v -48.008507 2.045270 10.111866
v -48.008507 5.493813 10.111866
vt 0.386246 0.085571
vt 0.384449 0.085571
vt 0.384457 0.004745
vt 0.384457 0.002949
vt 0.325538 0.085565
vt 0.325546 0.004740
vt 0.325538 0.087362
vt 0.323750 0.004739
vt 0.325547 0.002943
vt 0.323742 0.085565
vt 0.386254 0.004746
vt 0.384449 0.087368
vn 1.000000 0.000000 0.000000
vn 1.000000 0.000000 0.000000
vn 1.000000 0.000000 0.000000
vn 1.000000 0.000000 0.000000
vn 0.000000 0.000000 1.000000
vn 0.000000 0.000000 1.000000
vn 0.000000 0.000000 1.000000
vn 0.000000 0.000000 1.000000
vn -1.000000 0.000000 0.000000
vn -1.000000 0.000000 0.000000
vn -1.000000 0.000000 0.000000
vn -1.000000 0.000000 0.000000
vn 0.000000 1.000000 0.000000
vn 0.000000 1.000000 0.000000
vn 0.000000 1.000000 0.000000
vn 0.000000 1.000000 0.000000
vn 0.000000 -1.000000 0.000000
vn 0.000000 -1.000000 0.000000
vn 0.000000 -1.000000 0.000000
vn 0.000000 -1.000000 0.000000
s off
g Consultorio group3 Cube_22_2
usemtl lambert3SG
f 116/187/335 118/188/336 117/189/337 114/197/338
f 118/188/339 120/191/340 119/192/341 117/189/342
f 120/191/343 115/196/344 113/194/345 119/192/346
f 120/191/347 118/188/348 116/198/349 115/193/350
f 113/195/351 114/190/352 117/189/353 119/192/354
g default
v -42.091248 3.427435 10.068162
v -41.453941 3.427435 10.068162
v -42.091248 4.480937 10.068162
v -41.453941 4.480937 10.068162
vt 0.519447 0.002943
vt 0.534384 0.002944
vt 0.534383 0.027635
vt 0.519446 0.027635
vn 0.000000 0.000000 1.000000
vn 0.000000 0.000000 1.000000
vn 0.000000 0.000000 1.000000
vn 0.000000 0.000000 1.000000
s off
g Consultorio group3 pCube47
usemtl lambert3SG
f 121/199/355 122/200/356 124/201/357 123/202/358
g default
v -42.192551 3.312639 10.020367
v -41.352646 3.312639 10.020367
v -42.192551 4.595734 10.020367
v -41.352646 4.595734 10.020367
vt 0.907295 0.042247
vt 0.926980 0.042246
vt 0.926983 0.072318
vt 0.907298 0.072320
vn 0.000000 0.000000 1.000000
vn 0.000000 0.000000 1.000000
vn 0.000000 0.000000 1.000000
vn 0.000000 0.000000 1.000000
s off
g Consultorio group3 pCube30
usemtl lambert3SG
f 125/203/359 126/204/360 128/205/361 127/206/362
g default
v -40.897329 3.469138 9.978419
v -40.057425 3.469138 9.978419
v -40.897329 4.437833 9.978419
v -40.057425 4.437833 9.978419
vt 0.081781 0.056918
vt 0.102479 0.059274
vt 0.102535 0.080848
vt 0.081785 0.078484
vn 0.000000 0.000000 1.000000
vn 0.000000 0.000000 1.000000
vn 0.000000 0.000000 1.000000
vn 0.000000 0.000000 1.000000
s off
g Consultorio group3 pCube33
usemtl lambert3SG
f 129/207/363 130/208/364 132/209/365 131/210/366
g default
v -45.127441 2.045270 10.019866
v -42.613930 2.045270 10.019866
v -45.127441 5.493813 10.019866
v -42.613930 5.493813 10.019866
v -42.613930 2.045270 10.096514
v -42.613930 5.493813 10.096514
v -45.127441 2.045270 10.096514
v -45.127441 5.493813 10.096514
vt 0.066003 0.085577
vt 0.064206 0.085576
vt 0.064222 0.004750
vt 0.064222 0.002954
vt 0.005296 0.085565
vt 0.005311 0.004740
vt 0.005295 0.087362
vt 0.003514 0.004739
vt 0.005311 0.002943
vt 0.003499 0.085565
vt 0.066018 0.004751
vt 0.064206 0.087373
vn 1.000000 0.000000 0.000000
vn 1.000000 0.000000 0.000000
vn 1.000000 0.000000 0.000000
vn 1.000000 0.000000 0.000000
vn 0.000000 0.000000 1.000000
vn 0.000000 0.000000 1.000000
vn 0.000000 0.000000 1.000000
vn 0.000000 0.000000 1.000000
vn -1.000000 0.000000 0.000000
vn -1.000000 0.000000 0.000000
vn -1.000000 0.000000 0.000000
vn -1.000000 0.000000 0.000000
vn 0.000000 1.000000 0.000000
vn 0.000000 1.000000 0.000000
vn 0.000000 1.000000 0.000000
vn 0.000000 1.000000 0.000000
vn 0.000000 -1.000000 0.000000
vn 0.000000 -1.000000 0.000000
vn 0.000000 -1.000000 0.000000
vn 0.000000 -1.000000 0.000000
s off
g Consultorio group3 Cube_22_3
usemtl lambert3SG
f 136/211/367 138/212/368 137/213/369 134/221/370
f 138/212/371 140/215/372 139/216/373 137/213/374
f 140/215/375 135/220/376 133/218/377 139/216/378
f 140/215/379 138/212/380 136/222/381 135/217/382
f 133/219/383 134/214/384 137/213/385 139/216/386
g default
v -40.897329 3.469138 10.010745
v -40.057425 3.469138 10.010745
v -40.897329 4.437833 10.010745
v -40.057425 4.437833 10.010745
vt 0.878829 0.063595
vt 0.898515 0.063595
vt 0.898515 0.086299
vt 0.878829 0.086299
vn 0.000000 0.000000 1.000000
vn 0.000000 0.000000 1.000000
vn 0.000000 0.000000 1.000000
vn 0.000000 0.000000 1.000000
s off
g Consultorio group3 pCube48
usemtl lambert3SG
f 141/223/387 142/224/388 144/225/389 143/226/390
g default
v -42.230667 3.247145 10.006310
v -41.310684 3.247145 10.006310
v -42.230667 4.655509 10.006310
v -41.310684 4.655509 10.006310
v -42.230667 4.655509 9.985333
v -41.310684 4.655509 9.985333
v -42.230667 3.247145 9.985333
v -41.310684 3.247145 9.985333
v -41.361347 4.596428 10.006310
v -42.180008 4.596428 10.006310
v -42.180008 4.596428 9.985333
v -41.361347 4.596428 9.985333
v -41.361347 3.306225 10.006310
v -42.180008 3.306225 10.006310
v -42.180008 3.306225 9.985333
v -41.361347 3.306225 9.985333
vt 0.388288 0.003552
vt 0.389496 0.004944
vt 0.388390 0.037282
vt 0.388382 0.037780
vt 0.387790 0.003566
vt 0.410755 0.003441
vt 0.410758 0.002943
vt 0.410748 0.037352
vt 0.411246 0.037352
vt 0.409549 0.004874
vt 0.409564 0.035964
vt 0.389581 0.035868
vt 0.409200 0.035649
vt 0.409205 0.005199
vt 0.389860 0.005248
vt 0.389933 0.035563
vt 0.410739 0.037850
vt 0.411253 0.003441
vt 0.388292 0.003054
vt 0.387892 0.037296
vn 0.000000 1.000000 0.000000
vn 0.000000 1.000000 0.000000
vn 0.000000 1.000000 0.000000
vn 0.000000 1.000000 0.000000
vn 0.000000 -1.000000 0.000000
vn 0.000000 -1.000000 0.000000
vn 0.000000 -1.000000 0.000000
vn 0.000000 -1.000000 0.000000
vn 0.000000 0.000000 1.000000
vn 0.000000 0.000000 1.000000
vn 0.000000 0.000000 1.000000
vn 0.000000 0.000000 1.000000
vn 0.000000 0.000000 1.000000
vn 0.000000 0.000000 1.000000
vn 0.000000 0.000000 1.000000
vn 0.000000 0.000000 1.000000
vn -0.000001 0.000000 1.000000
vn -0.000001 0.000000 1.000000
vn -0.000001 0.000000 1.000000
vn -0.000001 0.000000 1.000000
vn 0.000000 0.000000 1.000000
vn 0.000000 0.000000 1.000000
vn 0.000000 0.000000 1.000000
vn 0.000000 0.000000 1.000000
vn -1.000000 0.000000 0.000000
vn -1.000000 0.000000 0.000000
vn -1.000000 0.000000 0.000000
vn -1.000000 0.000000 0.000000
vn 1.000000 0.000000 0.000000
vn 1.000000 0.000000 0.000000
vn 1.000000 0.000000 0.000000
vn 1.000000 0.000000 0.000000
vn -1.000000 0.000000 0.000000
vn -1.000000 0.000000 0.000000
vn -1.000000 0.000000 0.000000
vn -1.000000 0.000000 0.000000
vn 1.000000 0.000000 0.000000
vn 1.000000 0.000000 0.000000
vn 1.000000 0.000000 0.000000
vn 1.000000 0.000000 0.000000
vn 0.000000 1.000000 0.000000
vn 0.000000 1.000000 0.000000
vn 0.000000 1.000000 0.000000
vn 0.000000 1.000000 0.000000
vn 0.000000 -1.000000 0.000000
vn 0.000000 -1.000000 0.000000
vn 0.000000 -1.000000 0.000000
vn 0.000000 -1.000000 0.000000
s off
g Consultorio group3 pCube49
usemtl lambert3SG
f 147/229/391 148/234/392 150/243/393 149/230/394
f 145/227/395 151/245/396 152/233/397 146/232/398
f 158/228/399 145/227/400 146/232/401 157/236/402
f 147/229/403 154/238/404 153/237/405 148/234/406
f 153/237/407 157/236/408 146/232/409 148/234/410
f 145/227/411 158/228/412 154/238/413 147/229/414
f 151/231/415 145/227/416 147/229/417 149/246/418
f 146/232/419 152/244/420 150/235/421 148/234/422
f 156/239/423 160/240/424 157/236/425 153/237/426
f 159/241/427 155/242/428 154/238/429 158/228/430
f 158/228/431 157/236/432 160/240/433 159/241/434
f 156/239/435 153/237/436 154/238/437 155/242/438
g default
v -35.940134 2.023515 17.106941
v -35.852888 2.026347 19.664238
v -36.024522 3.635576 17.108038
v -35.937276 3.638407 19.665329
v -35.963804 3.638756 17.105961
v -35.876558 3.641588 19.663254
v -35.879415 2.026695 17.104866
v -35.792169 2.029526 19.662161
v -36.104333 3.630242 18.811676
v -36.019945 2.018181 18.810581
v -36.080663 2.015001 18.812656
v -36.165052 3.627062 18.813751
v -36.133417 3.629298 17.959244
v -36.049028 2.017237 17.958149
v -36.109750 2.014058 17.960224
v -36.194135 3.626118 17.961319
v -35.893201 2.796404 19.664757
v -36.230680 2.779315 18.813652
v -36.259759 2.778371 17.961220
v -35.980443 2.793572 17.107464
v -35.919725 2.796752 17.105389
v -36.089338 2.787293 17.958672
v -36.060255 2.788237 18.811104
v -35.832479 2.799584 19.662685
v -36.010045 2.020428 19.240604
v -36.105211 2.787614 19.241360
v -36.094438 3.632489 19.241695
v -36.033716 3.635669 19.239620
v -35.989641 2.793666 19.239050
v -35.949327 2.023608 19.238525
v -36.068258 2.018538 17.534378
v -36.163419 2.785723 17.535137
v -36.152643 3.630599 17.535473
v -36.091924 3.633779 17.533398
v -36.047845 2.791775 17.532825
v -36.007535 2.021719 17.532303
v -36.112165 2.036940 18.386993
v -36.262178 2.801253 18.387991
v -36.196550 3.649001 18.388088
v -36.135831 3.652180 18.386011
v -36.091756 2.810176 18.385441
v -36.051443 2.040120 18.384918
vt 0.996710 0.319117
vt 0.677445 0.218796
vt 0.677445 0.200574
vt 0.688097 0.200574
vt 0.958875 0.319117
vt 0.677445 0.180724
vt 0.948965 0.317691
vt 0.751491 0.252954
vt 0.978637 0.317691
vt 0.741032 0.233193
vt 0.741032 0.215120
vt 0.751491 0.215120
vt 0.626193 0.218796
vt 0.861038 0.317691
vt 0.690242 0.233193
vt 0.626193 0.200574
vt 0.710999 0.233193
vt 0.700833 0.233193
vt 0.700833 0.215120
vt 0.710999 0.215120
vt 0.647310 0.200574
vt 0.647310 0.218796
vt 0.637010 0.218796
vt 0.637010 0.200574
vt 0.710999 0.252954
vt 0.919003 0.319117
vt 0.637010 0.180724
vt 0.908922 0.317691
vt 0.731003 0.233193
vt 0.721001 0.233193
vt 0.721001 0.215120
vt 0.731003 0.215120
vt 0.667317 0.200574
vt 0.667317 0.218796
vt 0.657313 0.218796
vt 0.657313 0.200574
vt 0.731003 0.252954
vt 0.939023 0.319117
vt 0.657313 0.180724
vt 0.929013 0.317691
vt 0.690242 0.252954
vt 0.898873 0.319117
vt 0.919003 0.317691
vt 0.721001 0.252954
vt 0.647310 0.180724
vt 0.929013 0.319117
vt 0.939023 0.317691
vt 0.741032 0.252954
vt 0.667317 0.180724
vt 0.948965 0.319117
vt 0.898873 0.317691
vt 0.700833 0.252954
vt 0.626193 0.180724
vt 0.908922 0.319117
vt 0.879111 0.319117
vt 0.879111 0.317691
vt 0.958875 0.317691
vt 0.751491 0.233193
vt 0.688097 0.180724
vt 0.978637 0.319117
vt 0.861038 0.319117
vt 0.690242 0.215120
vt 0.996710 0.317691
vt 0.688097 0.218796
vn -0.889658 -0.077894 -0.449935
vn -0.959635 -0.118432 -0.255097
vn -0.966041 -0.050217 -0.253463
vn -0.891828 -0.046463 -0.449982
vn -0.892358 0.058392 -0.447536
vn -0.964415 0.076361 -0.253126
vn 0.972801 0.125470 0.194719
vn 0.981845 0.107277 0.156437
vn 0.986334 0.051526 0.156492
vn 0.979419 0.051138 0.195252
vn 0.979420 0.051141 0.195246
vn 0.986394 0.051527 0.156114
vn -0.860740 -0.076407 0.503278
vn 0.974026 0.051142 -0.220584
vn 0.973944 0.051133 -0.220947
vn -0.862855 -0.045593 0.503391
vn 0.991692 0.051994 -0.117662
vn 0.964631 0.050672 -0.258689
vn 0.964632 0.050674 -0.258684
vn 0.991607 0.051989 -0.118375
vn -0.987537 -0.054238 0.147747
vn -0.973949 -0.173190 0.146383
vn -0.941600 -0.116885 0.315797
vn -0.948108 -0.049674 0.314045
vn 0.985575 0.124273 -0.114884
vn -0.980366 0.126633 0.151149
vn -0.946460 0.075930 0.313764
vn 0.958057 0.125003 -0.257879
vn 0.997372 0.052177 0.050271
vn 0.998050 0.052270 -0.034109
vn 0.998050 0.052269 -0.034109
vn 0.997335 0.052177 0.051002
vn -0.995194 -0.054507 -0.081355
vn -0.981432 -0.174409 -0.079829
vn -0.980711 -0.192529 0.033748
vn -0.998288 -0.047571 0.034017
vn 0.991077 0.124453 0.047730
vn -0.988208 0.127385 -0.084959
vn -0.988501 0.147415 0.033670
vn 0.991156 0.128287 -0.033958
vn 0.969443 0.107100 -0.220704
vn -0.863563 0.058546 0.500831
s 1
g Consultorio pCube4 group4
usemtl lambert3SG
f 161/310/439 191/248/440 192/249/441 180/250/442
f 163/251/443 193/296/444 194/253/445 165/303/446
f 181/304/447 195/256/448 196/257/449 167/258/450
f 162/307/451 168/260/452 184/302/453 177/301/454
f 167/309/450 161/247/439 180/306/442 181/255/447
f 183/263/455 189/264/456 190/265/457 170/266/458
f 178/267/459 171/268/460 185/269/461 186/270/462
f 169/289/463 172/272/464 187/300/465 188/274/466
f 182/275/467 201/276/468 202/277/469 174/278/470
f 179/279/471 175/280/472 197/281/473 198/282/474
f 173/293/475 176/284/476 199/292/477 200/286/478
f 172/291/464 178/267/459 186/270/462 187/273/465
f 176/295/476 179/279/471 198/282/474 199/285/477
f 180/250/442 192/249/441 193/252/444 163/305/443
f 181/255/447 180/306/442 163/251/443 165/303/446
f 165/254/446 194/294/445 195/256/448 181/304/447
f 173/283/475 200/290/478 201/276/468 182/275/467
f 169/271/463 188/298/466 189/264/456 183/263/455
f 177/301/454 184/302/453 166/297/479 164/288/480
f 186/270/462 185/269/461 162/259/451 177/262/454
f 187/273/465 186/270/462 177/262/454 164/299/480
f 188/274/466 187/300/465 164/288/480 166/297/479
f 189/264/456 188/298/466 166/287/479 184/261/453
f 190/265/457 189/264/456 184/261/453 168/308/452
f 191/248/440 175/280/472 179/279/471 192/249/441
f 193/252/444 192/249/441 179/279/471 176/295/476
f 194/253/445 193/296/444 176/284/476 173/293/475
f 195/256/448 194/294/445 173/283/475 182/275/467
f 196/257/449 195/256/448 182/275/467 174/278/470
f 198/282/474 197/281/473 171/268/460 178/267/459
f 199/285/477 198/282/474 178/267/459 172/291/464
f 200/286/478 199/292/477 172/272/464 169/289/463
f 201/276/468 200/290/478 169/271/463 183/263/455
f 202/277/469 201/276/468 183/263/455 170/266/458
g default
v -37.716616 1.341382 21.909672
v -33.823729 1.341382 21.909672
v -37.716616 1.550839 21.909672
v -33.823729 1.550839 21.909672
v -37.716616 1.550839 13.792190
v -33.823729 1.550839 13.792190
v -37.716616 1.341382 13.792190
v -33.823729 1.341382 13.792190
vt 0.284994 0.575273
vt 0.193754 0.575268
vt 0.193754 0.570359
vt 0.284995 0.570364
vt 0.475249 0.570376
vt 0.566489 0.570382
vt 0.003499 0.575256
vt 0.475249 0.575285
vt 0.003500 0.570347
vt 0.566489 0.575291
vn 0.000000 0.000000 1.000000
vn 0.000000 0.000000 1.000000
vn 0.000000 0.000000 1.000000
vn 0.000000 0.000000 1.000000
vn 0.000000 0.000000 -1.000000
vn 0.000000 0.000000 -1.000000
vn 0.000000 0.000000 -1.000000
vn 0.000000 0.000000 -1.000000
vn 1.000000 0.000000 0.000000
vn 1.000000 0.000000 0.000000
vn 1.000000 0.000000 0.000000
vn 1.000000 0.000000 0.000000
vn -1.000000 0.000000 0.000000
vn -1.000000 0.000000 0.000000
vn -1.000000 0.000000 0.000000
vn -1.000000 0.000000 0.000000
s off
g Consultorio group4 pCube45
usemtl lambert3SG
f 203/311/481 204/312/482 206/313/483 205/314/484
f 207/315/485 208/316/486 210/320/487 209/318/488
f 204/312/489 210/317/490 208/319/491 206/313/492
f 209/318/493 203/311/494 205/314/495 207/315/496
g default
v -36.307783 1.583214 17.894855
v -36.277482 1.583214 18.894394
v -36.307783 1.621637 17.894855
v -36.277482 1.621637 18.894394
v -35.786355 1.621637 17.879047
v -35.756055 1.621637 18.878590
v -35.786355 1.583214 17.879047
v -35.756055 1.583214 18.878590
vt 0.851267 0.028183
vt 0.850363 0.003845
vt 0.851264 0.003845
vt 0.851267 0.027283
vt 0.863490 0.003844
vt 0.863493 0.027281
vt 0.863490 0.002943
vt 0.864394 0.027281
vt 0.863493 0.028182
vt 0.864391 0.003844
vt 0.850366 0.027283
vt 0.851263 0.002945
vn -0.999541 0.000000 0.030300
vn -0.999541 0.000000 0.030300
vn -0.999541 0.000000 0.030300
vn -0.999541 0.000000 0.030300
vn 0.000000 1.000000 0.000000
vn 0.000000 1.000000 0.000000
vn 0.000000 1.000000 0.000000
vn 0.000000 1.000000 0.000000
vn 0.999541 0.000000 -0.030300
vn 0.999541 0.000000 -0.030300
vn 0.999541 0.000000 -0.030300
vn 0.999541 0.000000 -0.030300
vn 0.030296 0.000000 0.999541
vn 0.030296 0.000000 0.999541
vn 0.030296 0.000000 0.999541
vn 0.030296 0.000000 0.999541
vn -0.030302 0.000000 -0.999541
vn -0.030302 0.000000 -0.999541
vn -0.030302 0.000000 -0.999541
vn -0.030302 0.000000 -0.999541
s off
g Consultorio group4 pCube6
usemtl lambert3SG
f 211/331/497 212/322/498 214/323/499 213/324/500
f 213/324/501 214/323/502 216/325/503 215/326/504
f 215/326/505 216/325/506 218/330/507 217/328/508
f 212/332/509 218/327/510 216/325/511 214/323/512
f 217/329/513 211/321/514 213/324/515 215/326/516
g default
v -35.057899 1.651975 16.413685
v -35.020229 1.651975 18.747213
v -35.054435 1.690240 16.413630
v -35.016765 1.690240 18.747158
v -34.336196 1.625231 16.402033
v -34.298522 1.625231 18.735561
v -34.339660 1.586964 16.402090
v -34.301986 1.586964 18.735617
vt 0.764534 0.100577
vt 0.708934 0.101471
vt 0.708934 0.100570
vt 0.763633 0.100577
vt 0.708936 0.083665
vt 0.763635 0.083672
vt 0.708035 0.083665
vt 0.763635 0.082772
vt 0.764536 0.083672
vt 0.708936 0.082765
vt 0.763633 0.101478
vt 0.708033 0.100570
vn -0.995801 0.090122 0.016075
vn -0.995801 0.090122 0.016075
vn -0.995801 0.090122 0.016075
vn -0.995801 0.090122 0.016075
vn 0.090119 0.995930 -0.001455
vn 0.090119 0.995930 -0.001455
vn 0.090119 0.995930 -0.001455
vn 0.090119 0.995930 -0.001455
vn 0.995802 -0.090115 -0.016077
vn 0.995802 -0.090115 -0.016077
vn 0.995802 -0.090115 -0.016077
vn 0.995802 -0.090115 -0.016077
vn 0.016142 -0.000016 0.999870
vn 0.016142 -0.000016 0.999870
vn 0.016142 -0.000016 0.999870
vn 0.016142 -0.000016 0.999870
vn -0.016139 -0.000008 -0.999870
vn -0.016139 -0.000008 -0.999870
vn -0.016139 -0.000008 -0.999870
vn -0.016139 -0.000008 -0.999870
s off
g Consultorio group4 pCube7
usemtl lambert3SG
f 219/343/517 220/334/518 222/335/519 221/336/520
f 221/336/521 222/335/522 224/337/523 223/338/524
f 223/338/525 224/337/526 226/342/527 225/340/528
f 220/344/529 226/339/530 224/337/531 222/335/532
f 225/341/533 219/333/534 221/336/535 223/338/536
g default
v -34.795560 1.671259 17.346199
v -34.769700 1.671224 18.674864
v -34.793687 1.692001 17.346169
v -34.767823 1.691967 18.674835
v -34.392957 1.655731 17.339699
v -34.367097 1.655697 18.668365
v -34.394834 1.634988 17.339729
v -34.368970 1.634954 18.668394
vt 0.569391 0.012862
vt 0.537756 0.013351
vt 0.537756 0.012863
vt 0.568903 0.012863
vt 0.537725 0.003431
vt 0.568872 0.003432
vt 0.537237 0.003433
vt 0.568872 0.002944
vt 0.569360 0.003430
vt 0.537725 0.002943
vt 0.568903 0.013352
vt 0.537268 0.012865
vn -0.995751 0.090026 0.019384
vn -0.995751 0.090026 0.019384
vn -0.995751 0.090026 0.019384
vn -0.995751 0.090026 0.019384
vn 0.090114 0.995930 -0.001728
vn 0.090114 0.995930 -0.001728
vn 0.090114 0.995930 -0.001728
vn 0.090114 0.995930 -0.001728
vn 0.995741 -0.090135 -0.019384
vn 0.995741 -0.090135 -0.019384
vn 0.995741 -0.090135 -0.019384
vn 0.995741 -0.090135 -0.019384
vn 0.016133 -0.000077 0.999870
vn 0.016133 -0.000077 0.999870
vn 0.016133 -0.000077 0.999870
vn 0.016133 -0.000077 0.999870
vn -0.016147 -0.000010 -0.999870
vn -0.016147 -0.000010 -0.999870
vn -0.016147 -0.000010 -0.999870
vn -0.016147 -0.000010 -0.999870
s off
g Consultorio group4 pCube10
usemtl lambert3SG
f 227/355/537 228/346/538 230/347/539 229/348/540
f 229/348/541 230/347/542 232/349/543 231/350/544
f 231/350/545 232/349/546 234/354/547 233/352/548
f 228/356/549 234/351/550 232/349/551 230/347/552
f 233/353/553 227/345/554 229/348/555 231/350/556
g default
v -36.060567 1.619469 18.293423
v -36.059102 1.619469 18.470493
v -36.118112 2.045293 18.293896
v -36.116647 2.045293 18.470970
v -36.093553 2.045293 18.293694
v -36.092092 2.045293 18.470764
v -36.001977 1.619469 18.292934
v -36.000513 1.619469 18.470009
v -36.133214 2.045293 18.382565
v -36.101137 2.045293 18.382488
v -36.017080 1.619469 18.381603
v -36.075670 1.619469 18.382088
v -36.116647 1.949970 18.470970
v -36.133214 1.949970 18.382565
v -36.118112 1.949970 18.293896
v -36.093553 1.949970 18.293694
v -36.108659 1.949970 18.382362
v -36.092092 1.949970 18.470764
vt 0.755651 0.003348
vt 0.757768 0.003335
vt 0.758012 0.011198
vt 0.755917 0.011186
vt 0.755885 0.013418
vt 0.758029 0.013416
vt 0.762772 0.013360
vt 0.764859 0.013420
vt 0.755348 0.011132
vt 0.762806 0.011152
vt 0.763287 0.003174
vt 0.765396 0.003204
vt 0.759871 0.003217
vt 0.761207 0.002943
vt 0.760685 0.011031
vt 0.760114 0.011109
vt 0.760160 0.013353
vt 0.760727 0.013332
vt 0.085931 0.002942
vt 0.755304 0.013398
vt 0.764914 0.011193
vt 0.081781 0.002942
vt 0.083852 0.003137
vt 0.081781 0.003517
vt 0.083856 0.003889
vt 0.754290 0.003164
vt 0.085931 0.003518
vn -0.811940 -0.140542 -0.566569
vn -0.985146 -0.171527 0.008150
vn -0.991036 -0.133340 0.008199
vn -0.870539 -0.117594 -0.477843
vn -0.874395 0.288373 -0.390225
vn -0.966943 0.254868 0.007999
vn 0.964458 0.264111 -0.008122
vn 0.962258 0.231149 -0.143629
vn 0.934847 0.194726 -0.296888
vn 0.979584 0.200876 -0.008053
vn 0.963651 0.267047 -0.007961
vn 0.940619 0.261134 -0.216898
vn -0.802460 -0.140547 0.579918
vn 0.944073 0.261153 0.201308
vn 0.939561 0.194895 0.281499
vn -0.862520 -0.117601 0.492169
vn -0.868060 0.287520 0.404728
vn 0.964482 0.231076 0.127981
s 1
g Consultorio group4 pCube5
usemtl lambert3SG
f 235/357/557 246/358/558 248/359/559 249/360/560
f 237/383/561 243/381/562 244/379/563 239/375/564
f 250/377/565 251/366/566 245/367/567 241/368/568
f 236/369/569 242/370/570 252/371/571 247/372/572
f 241/382/568 235/357/557 249/360/560 250/365/565
f 243/381/562 238/380/573 240/378/574 244/379/563
f 245/367/567 251/366/566 252/371/571 242/370/570
f 248/359/559 246/358/558 236/369/569 247/372/572
f 243/362/562 248/359/559 247/372/572 238/373/573
f 249/360/560 248/359/559 243/362/562 237/361/561
f 250/365/565 249/360/560 237/361/561 239/376/564
f 239/364/564 244/363/563 251/366/566 250/377/565
f 252/371/571 251/366/566 244/363/563 240/374/574
f 247/372/572 252/371/571 240/374/574 238/373/573
g default
v -34.598558 1.643298 16.476973
v -34.592145 1.643298 16.874105
v -34.596681 1.664040 16.476944
v -34.590269 1.664040 16.874073
v -34.422929 1.648314 16.474138
v -34.416517 1.648314 16.871269
v -34.424806 1.627572 16.474169
v -34.418394 1.627572 16.871300
vt 0.928255 0.007522
vt 0.918458 0.008009
vt 0.918458 0.007521
vt 0.927767 0.007522
vt 0.918458 0.003431
vt 0.927767 0.003432
vt 0.917970 0.003431
vt 0.927767 0.002944
vt 0.928256 0.003432
vt 0.918458 0.002943
vt 0.927767 0.008010
vt 0.917970 0.007521
vn -0.995793 0.090213 0.016079
vn -0.995793 0.090213 0.016079
vn -0.995793 0.090213 0.016079
vn -0.995793 0.090213 0.016079
vn 0.090118 0.995930 -0.001455
vn 0.090118 0.995930 -0.001455
vn 0.090118 0.995930 -0.001455
vn 0.090118 0.995930 -0.001455
vn 0.995800 -0.090137 -0.016079
vn 0.995800 -0.090137 -0.016079
vn 0.995800 -0.090137 -0.016079
vn 0.995800 -0.090137 -0.016079
vn 0.016139 0.000056 0.999870
vn 0.016139 0.000056 0.999870
vn 0.016139 0.000056 0.999870
vn 0.016139 0.000056 0.999870
vn -0.016139 0.000034 -0.999870
vn -0.016139 0.000034 -0.999870
vn -0.016139 0.000034 -0.999870
vn -0.016139 0.000034 -0.999870
s off
g Consultorio group4 pCube11
usemtl lambert3SG
f 253/394/575 254/385/576 256/386/577 255/387/578
f 255/387/579 256/386/580 258/388/581 257/389/582
f 257/389/583 258/388/584 260/393/585 259/391/586
f 254/395/587 260/390/588 258/388/589 256/386/590
f 259/392/591 253/384/592 255/387/593 257/389/594
g default
v -34.960683 1.680334 17.363039
v -34.946351 1.667765 18.669039
v -34.958810 1.701078 17.363008
v -34.944470 1.688507 18.669006
v -34.882035 1.694128 17.361769
v -34.867696 1.681559 18.667767
v -34.883912 1.673386 17.361801
v -34.869576 1.660815 18.667799
vt 0.935326 0.010648
vt 0.904220 0.011138
vt 0.904225 0.010650
vt 0.934838 0.010646
vt 0.904233 0.008843
vt 0.934845 0.008839
vt 0.903744 0.008841
vt 0.934840 0.008351
vt 0.935333 0.008841
vt 0.904227 0.008355
vt 0.934833 0.011135
vt 0.903737 0.010648
vn -0.995863 0.090100 0.011799
vn -0.995863 0.090100 0.011799
vn -0.995863 0.090100 0.011799
vn -0.995863 0.090100 0.011799
vn 0.090278 0.995880 0.008594
vn 0.090278 0.995880 0.008594
vn 0.090278 0.995880 0.008594
vn 0.090278 0.995880 0.008594
vn 0.995838 -0.090377 -0.011801
vn 0.995838 -0.090377 -0.011801
vn 0.995838 -0.090377 -0.011801
vn 0.995838 -0.090377 -0.011801
vn 0.016146 0.000098 0.999870
vn 0.016146 0.000098 0.999870
vn 0.016146 0.000098 0.999870
vn 0.016146 0.000098 0.999870
vn -0.016128 -0.000061 -0.999870
vn -0.016128 -0.000061 -0.999870
vn -0.016128 -0.000061 -0.999870
vn -0.016128 -0.000061 -0.999870
s off
g Consultorio group4 pCube9
usemtl lambert3SG
f 261/406/595 262/397/596 264/398/597 263/399/598
f 263/399/599 264/398/600 266/400/601 265/401/602
f 265/401/603 266/400/604 268/405/605 267/403/606
f 262/407/607 268/402/608 266/400/609 264/398/610
f 267/404/611 261/396/612 263/399/613 265/401/614
g default
v -37.998833 -1.467590 21.510088
v -33.541512 -1.467590 21.510088
v -37.998833 1.305976 22.534683
v -33.541512 1.305976 22.534683
v -37.998833 1.305976 13.167182
v -33.541512 1.305976 13.167182
v -37.998833 -1.467590 14.191777
v -33.541512 -1.467590 14.191777
v -37.998833 1.129874 22.584232
v -37.998833 1.129874 13.117631
v -33.541512 1.129874 13.117631
v -33.541512 1.129874 22.584232
v -33.541512 1.129874 13.216081
v -37.998833 1.305976 16.289680
v -37.998833 1.129874 16.273165
v -37.998833 -1.467590 15.495151
v -37.998833 1.305976 19.412186
v -37.998833 1.129874 19.428701
v -37.998833 -1.467590 20.206713
v -37.998833 1.129874 17.005911
v -37.998833 -1.467590 16.589220
v -33.541512 1.129874 22.486563
v -37.998833 1.129874 18.695953
v -37.998833 -1.467590 19.112646
v -37.998833 0.140322 18.854698
v -37.998833 0.140322 16.847162
v -37.998833 -0.030146 18.882046
v -37.998833 -0.030146 16.819818
v -37.816818 0.140322 18.854698
v -37.816818 -1.467590 20.206713
v -37.816818 1.129874 19.428701
v -37.816818 1.129874 18.695953
v -37.816818 -1.467590 15.495151
v -37.816818 0.140322 16.847162
v -37.816818 1.129874 17.005911
v -37.816818 1.129874 16.273165
v -37.816818 -0.030146 18.882046
v -37.816818 -0.030146 16.819818
v -37.816818 -1.467590 19.112646
v -37.816818 -1.467590 16.589220
v -33.541512 -1.467590 21.411993
v -33.541512 -1.467590 14.290194
v -36.306137 1.129874 13.216081
v -36.306137 -1.467590 14.290194
v -36.306137 -1.467590 21.411993
v -36.306137 1.129874 22.486563
vt 0.005525 0.121072
vt 0.103680 0.120883
vt 0.118443 0.183171
vt 0.010522 0.183378
vt 0.103703 0.116456
vt 0.103493 0.007103
vt 0.175579 0.116318
vt 0.320127 0.120468
vt 0.417859 0.120281
vt 0.412966 0.183767
vt 0.304822 0.183974
vt 0.056873 0.382221
vt 0.008471 0.183381
vt 0.175105 0.120746
vt 0.864596 0.007018
vt 0.320397 0.116040
vt 0.320188 0.007042
vt 0.248261 0.116179
vt 0.248730 0.120605
vt 0.273333 0.184034
vt 0.095011 0.010874
vt 0.072495 0.002939
vt 0.868862 0.007017
vt 0.929743 0.025244
vt 0.929745 0.042417
vt 0.319506 0.002943
vt 0.934017 0.082028
vt 0.868877 0.117445
vt 0.067548 0.054202
vt 0.095682 0.054697
vt 0.929753 0.099202
vt 0.071814 0.054203
vt 0.071819 0.007151
vt 0.941694 0.121058
vt 0.938103 0.173604
vt 0.904414 0.111441
vt 0.141932 0.346110
vt 0.308851 0.346105
vt 0.334027 0.406983
vt 0.116749 0.406989
vt 0.868874 0.091803
vt 0.864608 0.091803
vt 0.903738 0.115653
vt 0.937428 0.121058
vt 0.937427 0.169392
vt 0.368729 0.321342
vt 0.393905 0.382219
vt 0.415022 0.183763
vt 0.082057 0.321342
vt 0.003499 0.121075
vt 0.104373 0.003004
vt 0.004623 0.116646
vt 0.418873 0.115851
vt 0.419901 0.120277
vt 0.903737 0.174796
vt 0.870086 0.002930
vt 0.149783 0.183110
vt 0.930967 0.021157
vt 0.934009 0.025243
vt 0.864599 0.032660
vt 0.934019 0.099202
vt 0.930978 0.103289
vt 0.231589 0.120638
vt 0.095007 0.050485
vt 0.192249 0.120713
vt 0.934011 0.042417
vt 0.870102 0.121531
vt 0.864611 0.117446
vt 0.902563 0.086393
vt 0.941693 0.169392
vt 0.902557 0.038060
vt 0.938104 0.116846
vt 0.906559 0.085752
vt 0.072489 0.058415
vt 0.906552 0.038700
vt 0.067553 0.007150
vt 0.904413 0.179008
vt 0.868866 0.032659
vt 0.929751 0.082028
vt 0.095688 0.006662
vn 0.015013 -0.346487 0.937935
vn -0.342318 -0.325590 0.881368
vn -0.500161 -0.330915 0.800209
vn 0.025351 -0.382026 0.923804
vn -0.089538 0.990084 0.108242
vn 0.068278 0.996894 0.039253
vn -0.014990 0.999888 0.000000
vn -0.342318 -0.325590 -0.881368
vn 0.015098 -0.346486 -0.937934
vn 0.025493 -0.382025 -0.923800
vn -0.500161 -0.330916 -0.800209
vn 0.277496 0.367265 -0.887757
vn 0.024539 0.382163 -0.923769
vn -0.994843 -0.050995 -0.087677
vn -0.997601 0.008360 -0.068714
vn -0.089538 0.990084 -0.108242
vn 0.068067 0.996908 -0.039253
vn -0.014990 0.999888 0.000000
vn -0.994843 -0.050996 0.087678
vn -0.997601 0.008361 0.068714
vn -0.997260 -0.037114 0.063988
vn -0.991372 -0.115567 0.061856
vn -0.860434 0.061548 -0.505832
vn -0.955407 -0.148466 -0.255256
vn -0.988172 -0.076945 0.132646
vn 0.278206 0.367054 0.887622
vn -0.997260 -0.037114 -0.063988
vn -0.860432 0.061552 0.505833
vn -0.991372 -0.115566 -0.061856
vn -0.988172 -0.076944 -0.132647
vn -0.955407 -0.148465 0.255257
vn -0.974099 -0.199360 -0.106707
vn -0.974099 -0.199360 0.106706
vn -0.838054 0.462256 0.289803
vn -0.838058 0.462251 -0.289799
vn -0.924972 0.257540 0.279465
vn 0.959890 0.107181 -0.259081
vn 0.959889 0.107144 0.259101
vn 0.899252 0.167159 0.404232
vn 0.899220 0.167245 -0.404268
vn -0.924971 0.257541 -0.279465
vn -0.992863 0.080819 -0.087699
vn -0.992863 0.080818 0.087699
vn -0.990917 0.113937 0.071430
vn -0.990917 0.113937 -0.071430
vn 0.024682 0.382023 0.923823
s 1
g Consultorio group4 pCube46
usemtl lambert3SG
f 280/408/615 277/409/616 269/410/617 270/411/618
f 271/412/619 272/413/620 285/414/621
f 278/415/622 279/416/623 276/417/624 275/418/625
f 290/457/626 280/408/615 270/411/618 309/420/627
f 269/410/617 277/409/616 286/421/628 287/464/629
f 277/409/616 271/412/619 285/414/621 286/421/628
f 273/423/630 274/460/631 279/416/623 278/415/622
f 280/408/615 290/457/626 272/459/620
f 277/409/616 280/408/615 272/459/620 271/412/619
f 282/425/632 274/424/631 273/423/630
f 283/426/633 282/425/632 273/423/630 278/415/622
f 284/427/634 283/426/633 278/415/622 275/418/625
f 291/472/635 286/421/628 285/414/621
f 297/482/636 298/430/637 299/431/638 300/432/639
f 290/458/626 281/433/640 274/424/631 272/413/620
f 274/424/631 282/425/632 285/414/621 272/413/620
f 283/426/633 288/470/641 282/425/632
f 301/435/642 302/480/643 303/486/644 304/438/645
f 288/470/641 291/472/635 285/414/621 282/425/632
f 294/439/646 293/440/647 291/428/635 288/471/641
f 305/478/648 298/430/637 297/482/636
f 301/435/642 306/476/649 302/480/643
f 306/476/649 305/478/648 297/482/636 302/480/643
f 307/485/650 298/430/637 305/478/648
f 313/444/651 312/445/652 311/446/653 314/447/654
f 301/435/642 308/448/655 306/476/649
f 289/462/656 292/450/657 295/451/658 296/452/659
f 286/465/628 299/431/638 298/430/637 287/463/629
f 286/466/628 291/473/635 300/432/639 299/431/638
f 291/428/635 293/440/647 297/429/636 300/487/639
f 294/439/646 288/471/641 303/437/644 302/481/643
f 288/434/641 283/468/633 304/438/645 303/486/644
f 301/435/642 304/438/645 283/469/633 284/474/634
f 296/452/659 295/451/658 305/441/648 306/477/649
f 293/440/647 294/439/646 302/436/643 297/483/636
f 292/467/657 287/422/629 298/430/637 307/485/650
f 295/451/658 292/450/657 307/443/650 305/479/648
f 284/475/634 289/449/656 308/448/655 301/435/642
f 289/462/656 296/452/659 306/442/649 308/484/655
f 310/455/660 276/417/624 279/416/623 281/461/640
f 274/460/631 281/461/640 279/416/623
f 310/453/660 281/454/640 311/446/653 312/445/652
f 290/419/626 309/456/627 313/444/651 314/447/654
g default
v -34.965924 1.679792 16.948753
v -34.960419 1.679792 17.289705
v -34.964047 1.700534 16.948725
v -34.958543 1.700534 17.289675
v -34.623467 1.669707 16.943224
v -34.617966 1.669707 17.284176
v -34.625348 1.648965 16.943254
v -34.619839 1.648965 17.284208
vt 0.763259 0.021923
vt 0.754778 0.022410
vt 0.754778 0.021922
vt 0.762771 0.021923
vt 0.754779 0.013906
vt 0.762771 0.013907
vt 0.754291 0.013906
vt 0.762771 0.013419
vt 0.763259 0.013907
vt 0.754779 0.013418
vt 0.762771 0.022411
vt 0.754290 0.021922
vn -0.995796 0.090175 0.016077
vn -0.995796 0.090175 0.016077
vn -0.995796 0.090175 0.016077
vn -0.995796 0.090175 0.016077
vn 0.090122 0.995930 -0.001455
vn 0.090122 0.995930 -0.001455
vn 0.090122 0.995930 -0.001455
vn 0.090122 0.995930 -0.001455
vn 0.995799 -0.090140 -0.016077
vn 0.995799 -0.090140 -0.016077
vn 0.995799 -0.090140 -0.016077
vn 0.995799 -0.090140 -0.016077
vn 0.016146 0.000058 0.999870
vn 0.016146 0.000058 0.999870
vn 0.016146 0.000058 0.999870
vn 0.016146 0.000058 0.999870
vn -0.016133 0.000036 -0.999870
vn -0.016133 0.000036 -0.999870
vn -0.016133 0.000036 -0.999870
vn -0.016133 0.000036 -0.999870
s off
g Consultorio group4 pCube12
usemtl lambert3SG
f 315/498/661 316/489/662 318/490/663 317/491/664
f 317/491/665 318/490/666 320/492/667 319/493/668
f 319/493/669 320/492/670 322/497/671 321/495/672
f 316/499/673 322/494/674 320/492/675 318/490/676
f 321/496/677 315/488/678 317/491/679 319/493/680
g default
v -34.972177 1.679791 16.479366
v -34.965764 1.679791 16.876497
v -34.970300 1.700533 16.479336
v -34.963887 1.700533 16.876467
v -34.629720 1.669707 16.473839
v -34.623311 1.669707 16.870968
v -34.631597 1.648964 16.473869
v -34.625188 1.648964 16.870998
vt 0.842858 0.011447
vt 0.833061 0.011937
vt 0.833061 0.011448
vt 0.842370 0.011447
vt 0.833060 0.003432
vt 0.842369 0.003431
vt 0.832572 0.003433
vt 0.842369 0.002943
vt 0.842857 0.003431
vt 0.833060 0.002944
vt 0.842370 0.011935
vt 0.832573 0.011449
vn -0.995794 0.090196 0.016079
vn -0.995794 0.090196 0.016079
vn -0.995794 0.090196 0.016079
vn -0.995794 0.090196 0.016079
vn 0.090122 0.995930 -0.001455
vn 0.090122 0.995930 -0.001455
vn 0.090122 0.995930 -0.001455
vn 0.090122 0.995930 -0.001455
vn 0.995793 -0.090208 -0.016070
vn 0.995793 -0.090208 -0.016070
vn 0.995793 -0.090208 -0.016070
vn 0.995793 -0.090208 -0.016070
vn 0.016137 0.000010 0.999870
vn 0.016137 0.000010 0.999870
vn 0.016137 0.000010 0.999870
vn 0.016137 0.000010 0.999870
vn -0.016141 -0.000012 -0.999870
vn -0.016141 -0.000012 -0.999870
vn -0.016141 -0.000012 -0.999870
vn -0.016141 -0.000012 -0.999870
s off
g Consultorio group4 pCube8
usemtl lambert3SG
f 323/510/681 324/501/682 326/502/683 325/503/684
f 325/503/685 326/502/686 328/504/687 327/505/688
f 327/505/689 328/504/690 330/509/691 329/507/692
f 324/511/693 330/506/694 328/504/695 326/502/696
f 329/508/697 323/500/698 325/503/699 327/505/700
g default
v -35.017621 1.628639 15.920617
v -35.013737 1.628639 16.161161
v -35.014066 1.665234 15.920559
v -35.010178 1.665234 16.161104
v -34.643121 1.643484 15.922165
v -34.639233 1.643484 16.162710
v -34.647736 1.595173 15.922241
v -34.643853 1.595173 16.162785
v -34.892785 1.617765 16.209425
v -34.888493 1.662464 16.209356
v -34.894002 1.662464 15.868406
v -34.898289 1.617765 15.868473
v -35.065827 1.633179 16.041698
v -35.061536 1.677877 16.041632
v -34.887166 1.745462 16.040438
v -34.590295 1.647051 16.041616
v -34.595647 1.590633 16.041702
vt 0.421168 0.014958
vt 0.416992 0.015834
vt 0.417161 0.014826
vt 0.420366 0.014582
vt 0.417777 0.010934
vt 0.421859 0.011724
vt 0.421673 0.005434
vt 0.418815 0.004205
vt 0.419032 0.002941
vt 0.422073 0.004328
vt 0.413905 0.014371
vt 0.412698 0.010267
vt 0.413725 0.010335
vt 0.414217 0.013541
vt 0.422856 0.011969
vt 0.414551 0.004129
vt 0.415699 0.004412
vt 0.415696 0.003234
vt 0.413338 0.013643
vt 0.422856 0.005496
vt 0.420390 0.015467
vn -0.714920 0.067894 -0.695902
vn -0.995236 0.096159 0.016061
vn -0.482694 0.875771 0.005650
vn -0.402032 0.791883 -0.459665
vn 0.066879 0.997756 -0.003334
vn 0.070511 0.824354 -0.561666
vn 0.336096 0.799351 -0.498074
vn 0.415847 0.909433 -0.001706
vn 0.995369 -0.094769 -0.016080
vn 0.515286 -0.050469 -0.855531
vn -0.692085 0.067991 0.718607
vn 0.011786 0.000484 0.999931
vn 0.070776 0.827632 0.556791
vn -0.390907 0.787741 0.476084
vn 0.021872 -0.003553 -0.999755
vn 0.511978 -0.047484 0.857685
vn 0.332591 0.802431 0.495468
s 1
g Consultorio group4 Mouse
usemtl lambert3SG
f 331/532/701 343/513/702 344/514/703 333/515/704
f 333/515/704 344/514/703 345/516/705 341/517/706
f 335/518/707 346/519/708 347/520/709 337/521/710
f 332/530/711 339/523/712 340/524/713 334/525/714
f 342/526/715 331/512/701 333/515/704 341/517/706
f 339/523/712 338/527/716 336/528/717 340/524/713
f 341/517/706 345/516/705 346/519/708 335/518/707
f 337/531/710 342/526/715 341/517/706 335/518/707
f 343/513/702 332/522/711 334/525/714 344/514/703
f 345/516/705 344/514/703 334/525/714 340/524/713
f 346/519/708 345/516/705 340/524/713 336/528/717
f 347/520/709 346/519/708 336/528/717 338/529/716
g default
v -37.998833 1.552042 22.534681
v -33.541516 1.552042 22.534681
v -37.998833 1.605097 22.534681
v -33.541516 1.605097 22.534681
v -37.998833 1.605097 13.167180
v -33.541516 1.605097 13.167180
v -37.998833 1.552042 13.167180
v -33.541516 1.552042 13.167180
vt 0.314311 0.290914
vt 0.313067 0.185202
vt 0.314311 0.185202
vt 0.314311 0.289671
vt 0.533863 0.185201
vt 0.533863 0.289670
vt 0.533863 0.183958
vt 0.535107 0.289670
vt 0.533863 0.290914
vt 0.535107 0.185201
vt 0.313067 0.289671
vt 0.314311 0.183958
vn 0.000000 0.000000 1.000000
vn 0.000000 0.000000 1.000000
vn 0.000000 0.000000 1.000000
vn 0.000000 0.000000 1.000000
vn 0.000000 1.000000 0.000000
vn 0.000000 1.000000 0.000000
vn 0.000000 1.000000 0.000000
vn 0.000000 1.000000 0.000000
vn 0.000000 0.000000 -1.000000
vn 0.000000 0.000000 -1.000000
vn 0.000000 0.000000 -1.000000
vn 0.000000 0.000000 -1.000000
vn 1.000000 0.000000 0.000000
vn 1.000000 0.000000 0.000000
vn 1.000000 0.000000 0.000000
vn 1.000000 0.000000 0.000000
vn -1.000000 0.000000 0.000000
vn -1.000000 0.000000 0.000000
vn -1.000000 0.000000 0.000000
vn -1.000000 0.000000 0.000000
s off
g Consultorio group4 pCube40
usemtl lambert3SG
f 348/543/718 349/534/719 351/535/720 350/536/721
f 350/536/722 351/535/723 353/537/724 352/538/725
f 352/538/726 353/537/727 355/542/728 354/540/729
f 349/544/730 355/539/731 353/537/732 351/535/733
f 354/541/734 348/533/735 350/536/736 352/538/737
g default
v -47.243885 -1.390353 19.999231
v -47.197315 -1.390353 19.965155
v -47.259502 -0.221565 19.977888
v -47.212936 -0.221565 19.943811
v -47.293571 -0.222870 19.931334
v -47.247002 -0.222870 19.897257
v -47.277954 -1.391658 19.952677
v -47.231384 -1.391658 19.918598
vt 0.916905 0.007001
vt 0.916905 0.008353
vt 0.889504 0.002944
vt 0.889504 0.007001
vt 0.889504 0.005649
vt 0.889504 0.004296
vt 0.916905 0.004296
vt 0.916905 0.005648
vt 0.916904 0.002943
vt 0.889504 0.008354
vn -0.153160 0.016001 0.988072
vn 0.988106 0.016003 0.152942
vn 0.988106 0.016003 0.152941
vn -0.153161 0.016001 0.988072
vn -0.988107 -0.015994 -0.152933
vn 0.153154 -0.015992 -0.988073
vn 0.153154 -0.015992 -0.988073
vn -0.988107 -0.015994 -0.152932
s 1
g Consultorio pCube37 group6
usemtl lambert3SG
f 356/545/738 357/546/739 359/554/740 358/548/741
f 360/549/742 361/550/743 363/551/744 362/552/745
f 357/553/739 363/551/744 361/550/743 359/547/740
f 362/552/745 356/545/738 358/548/741 360/549/742
g default
v -46.028431 -1.488683 29.166619
v -52.018219 -1.488683 29.166476
v -46.222130 0.132357 29.166619
v -51.824516 0.132357 29.166476
v -51.836800 -1.488683 24.453466
v -51.824516 0.061596 24.698445
v -46.277321 -1.488683 24.453574
v -46.222130 0.061596 24.698552
v -52.018219 -1.488683 24.926272
v -51.824516 0.132357 24.926272
v -46.222130 0.132357 24.926599
v -46.028431 -1.488683 24.926599
v -46.277321 -0.038475 24.453574
v -51.836800 -0.038475 24.453466
v -52.018219 -0.038475 24.926272
v -52.018219 -0.038475 29.166516
v -46.028431 -0.038475 29.166619
v -46.028431 -0.038475 24.926599
v -46.481297 -0.038475 29.166585
v -46.481297 0.271263 29.166585
v -46.481297 0.271263 24.926490
v -46.481297 0.205075 24.508229
v -46.481297 -0.038475 24.453536
v -46.481297 -1.488683 24.453536
v -51.565354 -0.038475 29.166549
v -51.565354 0.271263 29.166516
v -51.565354 0.271263 24.926381
v -51.565354 0.205075 24.508193
v -51.565354 -0.038475 24.453502
v -51.565354 -1.488683 24.453502
vt 0.164122 0.325889
vt 0.164222 0.332797
vt 0.164307 0.338864
vt 0.156845 0.325996
vt 0.263831 0.331279
vt 0.272873 0.330193
vt 0.278071 0.328170
vt 0.272722 0.337818
vt 0.273323 0.322538
vt 0.279139 0.322545
vt 0.271774 0.199347
vt 0.266552 0.197548
vt 0.261865 0.192193
vt 0.276804 0.202592
vt 0.263729 0.324369
vt 0.154994 0.195993
vt 0.162325 0.199626
vt 0.311873 0.326680
vt 0.310381 0.333528
vt 0.307085 0.345833
vt 0.122925 0.337124
vt 0.120921 0.196482
vt 0.261377 0.158115
vt 0.310528 0.196965
vt 0.155146 0.206633
vt 0.162424 0.206532
vt 0.262055 0.205175
vt 0.271850 0.206958
vt 0.277614 0.206797
vt 0.311901 0.202128
vt 0.159073 0.200487
vt 0.162238 0.193561
vt 0.161751 0.159494
vt 0.160946 0.332027
vt 0.156997 0.336636
vt 0.267808 0.331976
vt 0.263917 0.337347
vt 0.261953 0.198264
vt 0.306987 0.184596
vt 0.271538 0.191628
vn -0.025920 0.997090 0.071686
vn -0.563431 0.823784 0.062653
vn -0.627581 0.711566 0.315938
vn -0.000018 -0.000003 1.000000
vn -0.565561 0.824598 -0.013365
vn -0.570596 0.765184 -0.298183
vn -0.716324 0.055149 -0.695585
vn -0.847979 0.504650 -0.162048
vn -0.019505 0.837949 -0.545400
vn -0.002979 0.035160 -0.999377
vn 0.600854 0.734114 -0.316308
vn 0.566797 0.823729 -0.014577
vn 0.992565 0.111359 -0.049136
vn 0.715908 0.046912 -0.696617
vn -0.025682 0.999569 -0.014209
vn 0.991562 0.118483 0.052605
vn 0.563428 0.823785 0.062665
vn 0.000013 0.000000 -1.000000
vn -0.722146 0.000000 -0.691741
vn -0.933630 0.000000 -0.358240
vn -0.000017 -0.000013 1.000000
vn 0.684664 -0.000009 0.728859
vn 0.998609 0.000000 -0.052735
vn 0.722359 0.000000 -0.691518
vn -0.000017 -0.000004 1.000000
vn 0.025922 0.997090 0.071686
vn 0.025672 0.999570 -0.014209
vn 0.019570 0.837699 -0.545782
vn 0.003039 0.034635 -0.999395
vn 0.000013 0.000000 -1.000000
s 1
g Consultorio group6 Cube_19_9
usemtl lambert3SG
f 389/555/746 367/588/747 379/589/748 388/558/749
f 373/590/750 369/560/751 377/561/752 378/562/753
f 369/560/751 391/563/754 392/564/755 377/561/752
f 371/565/756 374/566/757 381/594/758 376/568/759
f 391/563/754 369/560/751 373/590/750 390/569/760
f 367/556/747 373/559/750 378/591/753 379/557/748
f 389/555/746 390/569/760 373/559/750 367/556/747
f 380/586/761 381/567/758 374/592/757 366/571/762
f 393/572/763 368/573/764 377/561/752 392/564/755
f 368/573/764 372/574/765 378/562/753 377/561/752
f 379/589/748 365/575/766 388/558/749
f 364/587/767 375/577/768 381/567/758 380/586/761
f 375/593/768 370/578/769 376/568/759 381/594/758
f 364/576/767 380/570/761 382/579/770
f 366/585/762 383/580/771 382/579/770 380/570/761
f 366/571/762 374/592/757 384/581/772 383/580/771
f 371/565/756 385/582/773 384/581/772 374/566/757
f 386/583/774 385/582/773 371/565/756 376/568/759
f 386/583/774 376/568/759 370/578/769 387/584/775
f 388/558/749 365/575/766 364/576/767 382/579/770
f 383/580/771 389/555/746 388/558/749 382/579/770
f 383/580/771 384/581/772 390/569/760 389/555/746
f 385/582/773 391/563/754 390/569/760 384/581/772
f 392/564/755 391/563/754 385/582/773 386/583/774
f 393/572/763 392/564/755 386/583/774 387/584/775
g default
v -51.768051 0.223662 29.194161
v -46.258328 0.223662 29.194161
v -51.757511 2.596810 29.194161
v -46.268868 2.596810 29.194161
v -51.757511 2.596810 28.233504
v -46.268868 2.596810 28.250312
v -51.768051 0.223662 28.261767
v -46.258328 0.223662 28.278577
v -46.375637 2.596810 29.194161
v -46.375637 2.596810 28.203692
v -46.375637 0.223662 28.231957
v -51.650742 2.596810 29.194161
v -51.650742 2.596810 28.203692
v -51.650742 0.223662 28.231957
v -46.196770 0.341455 29.194161
v -46.196770 0.341455 28.211328
v -46.375637 0.341455 28.164704
v -51.650742 0.341455 28.164704
v -51.829609 0.341455 28.194516
v -51.829609 0.341455 29.194161
v -46.196770 2.479017 29.194161
v -46.196770 2.479017 28.211328
v -46.375637 2.479017 28.164704
v -51.650742 2.479017 28.164704
v -51.829609 2.479017 28.194516
v -51.829609 2.479017 29.194161
vt 0.024822 0.570348
vt 0.003499 0.544710
vt 0.024822 0.544710
vt 0.024822 0.547719
vt 0.027987 0.544710
vt 0.027987 0.547719
vt 0.003499 0.416690
vt 0.027987 0.394008
vt 0.027987 0.416690
vt 0.024822 0.416690
vt 0.027987 0.570348
vt 0.003499 0.420180
vt 0.024822 0.420180
vt 0.027987 0.420180
vt 0.079697 0.394008
vt 0.082812 0.394008
vt 0.082812 0.416690
vt 0.079697 0.416690
vt 0.082812 0.420180
vt 0.079697 0.420180
vt 0.082812 0.544710
vt 0.079697 0.544710
vt 0.079697 0.547719
vt 0.082812 0.547719
vt 0.082812 0.570348
vt 0.079697 0.570348
vt 0.003499 0.547719
vt 0.024822 0.394008
vn -0.551076 0.834455 0.000000
vn 0.000000 1.000000 0.000000
vn -0.000666 0.993373 -0.114937
vn -0.546481 0.833320 -0.083286
vn -0.005458 0.017246 -0.999836
vn -0.985251 0.026988 -0.168974
vn 0.549098 0.835758 0.000000
vn 0.999509 0.031350 0.000000
vn 0.985226 0.026816 -0.169147
vn 0.534002 0.841804 -0.078795
vn -0.999508 0.031361 0.000000
vn 0.000000 1.000000 0.000000
vn 0.001069 0.993342 -0.115202
vn 0.008528 0.017283 -0.999814
vn 0.999651 -0.026399 0.000000
vn 0.886266 -0.463177 0.000000
vn 0.857011 -0.502866 -0.112506
vn 0.985021 -0.021697 -0.171065
vn 0.008305 -0.497441 -0.867458
vn 0.008512 -0.029692 -0.999523
vn -0.005131 -0.496827 -0.867835
vn -0.005451 -0.029677 -0.999545
vn -0.985057 -0.021682 -0.170858
vn -0.854204 -0.506734 -0.116432
vn -0.886282 -0.463146 0.000000
vn -0.999651 -0.026412 0.000000
s 1
g Consultorio group6 pCube43
usemtl lambert3SG
f 396/621/776 405/596/777 406/597/778 398/598/779
f 398/598/779 406/597/778 417/599/780 418/600/781
f 397/622/782 414/602/783 415/603/784 399/604/785
f 419/605/786 396/595/776 398/598/779 418/600/781
f 402/606/787 397/601/782 399/604/785 403/607/788
f 416/608/789 403/607/788 399/604/785 415/603/784
f 405/596/777 402/606/787 403/607/788 406/597/778
f 417/599/780 406/597/778 403/607/788 416/608/789
f 408/609/790 395/610/791 401/611/792 409/612/793
f 404/613/794 410/614/795 409/612/793 401/611/792
f 407/615/796 411/616/797 410/614/795 404/613/794
f 412/617/798 411/616/797 407/615/796 400/618/799
f 412/617/798 400/618/799 394/619/800 413/620/801
f 415/603/784 414/602/783 408/609/790 409/612/793
f 410/614/795 416/608/789 415/603/784 409/612/793
f 411/616/797 417/599/780 416/608/789 410/614/795
f 418/600/781 417/599/780 411/616/797 412/617/798
f 419/605/786 418/600/781 412/617/798 413/620/801
g default
v -43.760525 -1.458883 17.556271
v -44.441547 -1.458883 16.787556
v -45.401810 -1.458883 16.423380
v -46.421310 -1.458883 16.547169
v -47.266518 -1.458883 17.130568
v -47.743782 -1.458883 18.039927
v -47.743782 -1.458883 19.066917
v -47.266518 -1.458883 19.976274
v -46.421310 -1.458883 20.559673
v -45.401814 -1.458883 20.683468
v -44.441547 -1.458883 20.319290
v -43.760525 -1.458883 19.550575
v -43.514755 -1.458883 18.553421
v -43.760525 -1.384068 17.556271
v -44.441547 -1.384068 16.787556
v -45.401810 -1.384068 16.423380
v -46.421310 -1.384068 16.547169
v -47.266518 -1.384068 17.130568
v -47.743782 -1.384068 18.039927
v -47.743782 -1.384068 19.066917
v -47.266518 -1.384068 19.976274
v -46.421310 -1.384068 20.559673
v -45.401814 -1.384068 20.683468
v -44.441547 -1.384068 20.319290
v -43.760525 -1.384068 19.550575
v -43.514755 -1.384068 18.553421
v -43.817009 -1.457753 17.586411
v -44.477448 -1.457753 16.840927
v -45.408680 -1.457753 16.487759
v -46.397373 -1.457753 16.607803
v -47.217026 -1.457753 17.173573
v -47.679871 -1.457753 18.055445
v -47.679871 -1.457753 19.051399
v -47.217026 -1.457753 19.933270
v -46.397373 -1.457753 20.499039
v -45.408684 -1.457753 20.619087
v -44.477448 -1.457753 20.265923
v -43.817009 -1.457753 19.520435
v -43.578667 -1.457753 18.553421
v -43.817009 -1.385199 17.586411
v -44.477448 -1.385199 16.840927
v -45.408680 -1.385199 16.487759
v -46.397373 -1.385199 16.607803
v -47.217026 -1.385199 17.173573
v -47.679871 -1.385199 18.055445
v -47.679871 -1.385199 19.051399
v -47.217026 -1.385199 19.933270
v -46.397373 -1.385199 20.499039
v -45.408684 -1.385199 20.619087
v -44.477448 -1.385199 20.265923
v -43.817009 -1.385199 19.520435
v -43.578667 -1.385199 18.553421
vt 0.226436 0.499977
vt 0.249918 0.499977
vt 0.249918 0.501751
vt 0.226436 0.501751
vt 0.273399 0.499977
vt 0.273399 0.501751
vt 0.296881 0.499977
vt 0.296881 0.501751
vt 0.320363 0.499977
vt 0.320363 0.501751
vt 0.343849 0.499977
vt 0.343849 0.501751
vt 0.367338 0.499977
vt 0.367338 0.501751
vt 0.391013 0.499977
vt 0.085339 0.501751
vt 0.109033 0.499977
vt 0.109033 0.501751
vt 0.132516 0.499977
vt 0.132516 0.501751
vt 0.155998 0.499977
vt 0.155998 0.501751
vt 0.179478 0.499977
vt 0.179478 0.501751
vt 0.202958 0.499977
vt 0.202958 0.501751
vt 0.226436 0.504950
vt 0.249918 0.504950
vt 0.273399 0.504950
vt 0.296881 0.504950
vt 0.320363 0.504950
vt 0.343849 0.504950
vt 0.367338 0.504950
vt 0.391013 0.504950
vt 0.109033 0.504950
vt 0.132516 0.504950
vt 0.155998 0.504950
vt 0.179478 0.504950
vt 0.202958 0.504950
vt 0.249918 0.503236
vt 0.226436 0.503236
vt 0.273399 0.503236
vt 0.296881 0.503236
vt 0.320363 0.503236
vt 0.343849 0.503236
vt 0.367338 0.503236
vt 0.085339 0.503236
vt 0.109033 0.503236
vt 0.132516 0.503236
vt 0.155998 0.503236
vt 0.179478 0.503236
vt 0.202958 0.503236
vt 0.391013 0.498490
vt 0.085339 0.498490
vt 0.085339 0.504950
vt 0.391013 0.503236
vt 0.391013 0.501751
vt 0.202958 0.498490
vt 0.226436 0.498490
vt 0.179478 0.498490
vt 0.155998 0.498490
vt 0.132516 0.498490
vt 0.109033 0.498490
vt 0.085339 0.499977
vt 0.367338 0.498490
vt 0.343849 0.498490
vt 0.320363 0.498490
vt 0.296881 0.498490
vt 0.273399 0.498490
vt 0.249918 0.498490
vn 0.717824 -0.585497 -0.376726
vn 0.459792 -0.587299 -0.666086
vn 0.459793 0.587296 -0.666088
vn 0.717824 0.585497 -0.376726
vn 0.097367 -0.589801 -0.801657
vn 0.097367 0.589799 -0.801659
vn -0.285646 -0.592452 -0.753264
vn -0.285646 0.592452 -0.753264
vn -0.601784 -0.594641 -0.533159
vn -0.601783 0.594641 -0.533159
vn -0.779747 -0.595866 -0.192196
vn -0.779747 0.595866 -0.192196
vn -0.779746 -0.595866 0.192196
vn -0.779746 0.595866 0.192196
vn -0.601783 -0.594642 0.533159
vn -0.601783 0.594641 0.533160
vn -0.285649 -0.592454 0.753262
vn -0.285649 0.592454 0.753262
vn 0.097365 -0.589798 0.801660
vn 0.097365 0.589801 0.801658
vn 0.459798 -0.587284 0.666096
vn 0.459796 0.587287 0.666094
vn 0.717824 -0.585496 0.376726
vn 0.717824 0.585496 0.376726
vn 0.811148 -0.584841 -0.000000
vn 0.811148 0.584841 -0.000000
vn -0.621311 -0.712494 0.326074
vn -0.397673 -0.714125 0.576092
vn -0.084124 -0.716388 0.692612
vn 0.246508 -0.718792 0.650055
vn 0.518832 -0.720777 0.459667
vn 0.671900 -0.721887 0.165616
vn 0.671900 -0.721888 -0.165616
vn 0.518832 -0.720777 -0.459667
vn 0.246510 -0.718792 -0.650055
vn -0.084122 -0.716385 -0.692615
vn -0.397679 -0.714112 -0.576103
vn -0.621313 -0.712493 -0.326073
vn -0.702282 -0.711899 -0.000000
vn -0.397674 0.714123 0.576094
vn -0.621311 0.712494 0.326074
vn -0.084124 0.716385 0.692615
vn 0.246508 0.718792 0.650055
vn 0.518832 0.720778 0.459666
vn 0.671901 0.721887 0.165615
vn 0.671900 0.721888 -0.165615
vn 0.518832 0.720778 -0.459666
vn 0.246510 0.718792 -0.650054
vn -0.084121 0.716388 -0.692612
vn -0.397678 0.714115 -0.576101
vn -0.621313 0.712493 -0.326073
vn -0.702282 0.711899 -0.000000
s 1
g Consultorio group6 pCylinder24
usemtl lambert3SG
f 420/623/802 421/624/803 434/625/804 433/626/805
f 421/624/803 422/627/806 435/628/807 434/625/804
f 422/627/806 423/629/808 436/630/809 435/628/807
f 423/629/808 424/631/810 437/632/811 436/630/809
f 424/631/810 425/633/812 438/634/813 437/632/811
f 425/633/812 426/635/814 439/636/815 438/634/813
f 426/635/814 427/637/816 440/679/817 439/636/815
f 427/686/816 428/639/818 441/640/819 440/638/817
f 428/639/818 429/641/820 442/642/821 441/640/819
f 429/641/820 430/643/822 443/644/823 442/642/821
f 430/643/822 431/645/824 444/646/825 443/644/823
f 431/645/824 432/647/826 445/648/827 444/646/825
f 432/647/826 420/623/802 433/626/805 445/648/827
f 421/624/803 420/623/802 446/681/828 447/692/829
f 422/627/806 421/624/803 447/692/829 448/691/830
f 423/629/808 422/627/806 448/691/830 449/690/831
f 424/631/810 423/629/808 449/690/831 450/689/832
f 425/633/812 424/631/810 450/689/832 451/688/833
f 426/635/814 425/633/812 451/688/833 452/687/834
f 427/637/816 426/635/814 452/687/834 453/675/835
f 428/639/818 427/686/816 453/676/835 454/685/836
f 429/641/820 428/639/818 454/685/836 455/684/837
f 430/643/822 429/641/820 455/684/837 456/683/838
f 431/645/824 430/643/822 456/683/838 457/682/839
f 432/647/826 431/645/824 457/682/839 458/680/840
f 420/623/802 432/647/826 458/680/840 446/681/828
f 433/626/805 434/625/804 460/662/841 459/663/842
f 434/625/804 435/628/807 461/664/843 460/662/841
f 435/628/807 436/630/809 462/665/844 461/664/843
f 436/630/809 437/632/811 463/666/845 462/665/844
f 437/632/811 438/634/813 464/667/846 463/666/845
f 438/634/813 439/636/815 465/668/847 464/667/846
f 439/636/815 440/679/817 466/678/848 465/668/847
f 440/638/817 441/640/819 467/670/849 466/669/848
f 441/640/819 442/642/821 468/671/850 467/670/849
f 442/642/821 443/644/823 469/672/851 468/671/850
f 443/644/823 444/646/825 470/673/852 469/672/851
f 444/646/825 445/648/827 471/674/853 470/673/852
f 445/648/827 433/626/805 459/663/842 471/674/853
f 447/650/829 446/649/828 459/663/842 460/662/841
f 446/649/828 458/661/840 471/674/853 459/663/842
f 458/661/840 457/660/839 470/673/852 471/674/853
f 457/660/839 456/659/838 469/672/851 470/673/852
f 456/659/838 455/658/837 468/671/850 469/672/851
f 455/658/837 454/657/836 467/670/849 468/671/850
f 454/657/836 453/677/835 466/669/848 467/670/849
f 453/656/835 452/655/834 465/668/847 466/678/848
f 452/655/834 451/654/833 464/667/846 465/668/847
f 451/654/833 450/653/832 463/666/845 464/667/846
f 450/653/832 449/652/831 462/665/844 463/666/845
f 449/652/831 448/651/830 461/664/843 462/665/844
f 448/651/830 447/650/829 460/662/841 461/664/843
g default
v -43.760525 -0.231242 17.556274
v -44.441547 -0.231242 16.787560
v -45.401802 -0.231242 16.423382
v -46.421307 -0.231242 16.547173
v -47.266510 -0.231242 17.130571
v -47.743778 -0.231242 18.039928
v -47.743778 -0.231242 19.066921
v -47.266510 -0.231242 19.976280
v -46.421310 -0.231242 20.559679
v -45.401806 -0.231242 20.683468
v -44.441547 -0.231242 20.319292
v -43.760525 -0.231242 19.550577
v -43.514751 -0.231242 18.553425
v -43.760525 -0.156427 17.556274
v -44.441547 -0.156427 16.787560
v -45.401802 -0.156427 16.423382
v -46.421307 -0.156427 16.547173
v -47.266510 -0.156427 17.130571
v -47.743778 -0.156427 18.039928
v -47.743778 -0.156427 19.066921
v -47.266510 -0.156427 19.976280
v -46.421310 -0.156427 20.559679
v -45.401806 -0.156427 20.683468
v -44.441547 -0.156427 20.319292
v -43.760525 -0.156427 19.550577
v -43.514751 -0.156427 18.553425
v -45.660439 -0.156427 18.553425
vt 0.276018 0.504953
vt 0.300089 0.504952
vt 0.804210 0.002938
vt 0.780840 0.008700
vt 0.324159 0.504952
vt 0.827581 0.008697
vt 0.348229 0.504951
vt 0.845599 0.024657
vt 0.372300 0.504950
vt 0.854137 0.047162
vt 0.396370 0.504950
vt 0.851237 0.071057
vt 0.420440 0.504949
vt 0.837565 0.090868
vt 0.444510 0.504948
vt 0.816253 0.102056
vt 0.155666 0.504956
vt 0.792183 0.102057
vt 0.179737 0.504955
vt 0.770869 0.090873
vt 0.203807 0.504955
vt 0.757193 0.071065
vt 0.227878 0.504954
vt 0.754290 0.047170
vt 0.251948 0.504954
vt 0.762824 0.024663
vt 0.804214 0.053228
vt 0.276018 0.506706
vt 0.251948 0.506707
vt 0.227878 0.506708
vt 0.203807 0.506708
vt 0.179737 0.506709
vt 0.155667 0.506710
vt 0.131597 0.506710
vt 0.444510 0.506702
vt 0.420440 0.506703
vt 0.131597 0.504957
vt 0.396370 0.506703
vt 0.372300 0.506704
vt 0.348229 0.506705
vt 0.324159 0.506705
vt 0.300089 0.506706
vn 0.885456 0.000000 -0.464723
vn 0.568065 0.000000 -0.822984
vn 0.046658 0.996621 -0.067596
vn 0.072727 0.996621 -0.038170
vn 0.120537 0.000000 -0.992709
vn 0.009900 0.996621 -0.081537
vn -0.354605 0.000000 -0.935016
vn -0.029126 0.996621 -0.076798
vn -0.748510 0.000000 -0.663124
vn -0.061479 0.996621 -0.054466
vn -0.970942 0.000000 -0.239316
vn -0.079749 0.996621 -0.019656
vn -0.970942 0.000000 0.239316
vn -0.079749 0.996621 0.019656
vn -0.748511 0.000000 0.663123
vn -0.061480 0.996621 0.054466
vn -0.354604 0.000000 0.935017
vn -0.029126 0.996621 0.076798
vn 0.120537 0.000000 0.992709
vn 0.009900 0.996621 0.081537
vn 0.568063 0.000000 0.822985
vn 0.046658 0.996621 0.067597
vn 0.885457 0.000000 0.464722
vn 0.072727 0.996621 0.038170
vn 1.000000 0.000000 0.000000
vn 0.082136 0.996621 0.000000
vn 0.000000 1.000000 0.000000
s 1
g Consultorio group6 pCylinder22
usemtl lambert3SG
f 472/693/854 473/694/855 486/734/856 485/720/857
f 473/694/855 474/697/858 487/733/859 486/734/856
f 474/697/858 475/699/860 488/732/861 487/733/859
f 475/699/860 476/701/862 489/731/863 488/732/861
f 476/701/862 477/703/864 490/730/865 489/731/863
f 477/703/864 478/705/866 491/728/867 490/730/865
f 478/705/866 479/707/868 492/727/869 491/728/867
f 479/729/868 480/709/870 493/725/871 492/726/869
f 480/709/870 481/711/872 494/724/873 493/725/871
f 481/711/872 482/713/874 495/723/875 494/724/873
f 482/713/874 483/715/876 496/722/877 495/723/875
f 483/715/876 484/717/878 497/721/879 496/722/877
f 484/717/878 472/693/854 485/720/857 497/721/879
f 485/696/857 486/695/856 498/719/880
f 486/695/856 487/698/859 498/719/880
f 487/698/859 488/700/861 498/719/880
f 488/700/861 489/702/863 498/719/880
f 489/702/863 490/704/865 498/719/880
f 490/704/865 491/706/867 498/719/880
f 491/706/867 492/708/869 498/719/880
f 492/708/869 493/710/871 498/719/880
f 493/710/871 494/712/873 498/719/880
f 494/712/873 495/714/875 498/719/880
f 495/714/875 496/716/877 498/719/880
f 496/716/877 497/718/879 498/719/880
f 497/718/879 485/696/857 498/719/880
g default
v -44.921871 -1.488796 29.166619
v -46.027989 -1.488796 29.166476
v -44.921871 2.557698 29.124641
v -46.027989 2.557698 29.124496
v -46.027989 -1.488796 24.453466
v -46.027989 2.465809 24.491656
v -44.921871 -1.488796 24.453574
v -44.921871 2.465809 24.491763
v -46.027989 2.620345 24.926436
v -44.921871 2.620345 24.926435
v -46.027989 2.620345 28.984653
v -44.921871 2.620345 28.984649
v -44.921871 2.371594 24.477244
v -46.027989 2.371594 24.493638
v -46.027989 2.371594 29.166488
v -44.921871 2.371594 29.166619
vt 0.967516 0.114700
vt 0.417766 0.498471
vt 0.172417 0.498300
vt 0.941591 0.114699
vt 0.967531 0.015994
vt 0.967532 0.005179
vt 0.308249 0.497467
vt 0.941607 0.005177
vt 0.282322 0.497495
vt 0.941606 0.015990
vt 0.967517 0.111109
vt 0.941592 0.111105
vt 0.282213 0.407014
vt 0.308138 0.406983
vt 0.418595 0.407997
vt 0.171753 0.407824
vt 0.145829 0.408014
vt 0.973346 0.115371
vt 0.967516 0.119172
vt 0.146493 0.498491
vt 0.935777 0.005461
vt 0.941607 0.002943
vt 0.967535 0.002970
vt 0.973362 0.005851
vt 0.940123 0.114386
vt 0.941591 0.119171
vt 0.935761 0.115369
vt 0.968984 0.114387
vt 0.937985 0.005802
vt 0.971154 0.005804
vn -0.048396 0.589606 0.806240
vn -0.972722 0.002406 0.231960
vn 0.972811 0.002402 0.231588
vn 0.048273 0.589572 0.806272
vn -0.342634 0.938914 -0.032294
vn -0.045672 0.870078 -0.490793
vn -0.973565 0.002206 -0.228402
vn 0.044038 0.870151 -0.490814
vn 0.973298 0.002216 -0.229534
vn 0.344987 0.938053 -0.032264
vn -0.312198 0.949911 0.014175
vn 0.312774 0.949722 0.014172
vn 0.973128 0.001904 -0.230259
vn -0.973075 0.001906 -0.230479
vn -0.973331 -0.000001 0.229406
vn 0.973418 -0.000000 0.229036
s 1
g Consultorio group6 Cube_19_8
usemtl lambert3SG
f 502/735/881 513/753/882 514/760/883 501/738/884
f 507/739/885 504/764/886 512/758/887
f 512/757/887 504/740/886 506/742/888 511/756/889
f 506/763/888 508/744/890 511/755/889
f 504/740/886 507/739/885 508/744/890 506/742/888
f 509/745/891 507/739/885 512/758/887 513/752/882
f 507/739/885 509/745/891 510/746/892 508/744/890
f 514/761/883 511/755/889 508/744/890 510/746/892
f 505/747/893 503/748/894 512/741/887 511/743/889
f 503/748/894 500/749/895 513/736/882 512/741/887
f 500/751/895 499/750/896 514/737/883 513/754/882
f 499/750/896 505/747/893 511/743/889 514/737/883
f 502/762/881 509/745/891 513/752/882
f 509/745/891 502/735/881 501/738/884 510/746/892
f 514/761/883 510/746/892 501/759/884
g default
v -51.991486 -1.457329 29.649083
v -44.912056 -1.457329 29.649083
v -51.991486 2.569558 29.649083
v -44.912056 2.569558 29.649083
v -51.991486 2.569558 29.179023
v -44.912056 2.569558 29.179023
v -51.991486 -1.457329 29.179023
v -44.912056 -1.457329 29.179023
v -44.912056 2.626148 29.264196
v -51.991486 2.626148 29.264196
v -44.912056 2.626148 29.566802
v -51.991486 2.626148 29.566802
vt 0.517781 0.002959
vt 0.736499 0.776552
vt 0.423373 0.168869
vt 0.737286 0.516813
vt 0.738856 0.776565
vt 0.739522 0.610575
vt 0.610656 0.547485
vt 0.746000 0.776594
vt 0.746622 0.610605
vt 0.748830 0.609927
vt 0.444722 0.453119
vt 0.747660 0.350069
vt 0.748374 0.516755
vt 0.444731 0.547500
vt 0.423401 0.002943
vt 0.737380 0.609894
vt 0.736592 0.350116
vt 0.748408 0.776603
vt 0.610648 0.453104
vt 0.517754 0.168884
vn 0.007927 0.020145 0.999766
vn 0.000000 0.020146 0.999797
vn 0.000000 -0.115943 0.993256
vn 0.054254 -0.115772 0.991793
vn 0.000000 0.989363 0.145466
vn 0.524770 0.842190 0.123827
vn 0.000000 0.020853 -0.999783
vn 0.000000 0.989519 -0.144404
vn 0.523303 0.843215 -0.123053
vn 0.008145 0.020853 -0.999749
vn 0.054235 -0.115773 -0.991794
vn 0.000000 -0.115943 -0.993256
s 1
g Consultorio group6 pCube41
usemtl lambert3SG
f 518/765/897 517/784/898 515/767/899 516/779/900
f 526/769/901 517/766/898 518/780/897 525/770/902
f 525/770/902 518/780/897 516/768/900
f 519/782/903 524/772/904 523/773/905 520/774/906
f 520/774/906 523/773/905 522/777/907
f 524/772/904 526/769/901 525/770/902 523/773/905
f 515/781/899 521/776/908 522/777/907 516/768/900
f 523/773/905 525/770/902 516/768/900 522/777/907
f 519/771/903 520/778/906 522/775/907 521/783/908
g default
v -26.918545 -1.462032 9.970373
v -26.918545 -1.462032 32.465958
v -52.476849 -1.462032 9.970373
v -52.476849 -1.462032 32.465958
vt 0.003880 0.400023
vt 0.002899 0.004024
vt 0.351444 0.003160
vt 0.352425 0.399159
vn 0.000000 1.000000 0.000000
vn 0.000000 1.000000 0.000000
vn 0.000000 1.000000 0.000000
vn 0.000000 1.000000 0.000000
s off
g Consultorio Plane_4_ group7
usemtl Plane_4_SG
f 530/785/909 528/786/910 527/787/911 529/788/912
g default
v -26.957645 -1.392723 18.154533
v -26.957560 -1.392723 18.002201
v -26.957645 5.175914 18.154533
v -26.957560 5.175914 18.002201
v -26.556423 -1.392723 18.002201
v -26.556423 5.175914 18.002201
v -26.556511 -1.392723 18.154533
v -26.556511 5.175914 18.154533
vt 0.944243 0.171482
vt 0.948655 0.171649
vt 0.948614 0.009371
vt 0.944270 0.009208
vt 0.949659 0.165815
vt 0.949602 0.003323
vt 0.945238 0.165648
vt 0.945250 0.003160
vt 0.948655 0.171649
vt 0.948614 0.009371
vn -1.000000 0.000000 -0.000563
vn -1.000000 0.000000 -0.000563
vn -1.000000 0.000000 -0.000563
vn -1.000000 0.000000 -0.000563
vn 0.000000 0.000000 -1.000000
vn 0.000000 0.000000 -1.000000
vn 0.000000 0.000000 -1.000000
vn 0.000000 0.000000 -1.000000
vn 0.000000 0.000000 1.000000
vn 0.000000 0.000000 1.000000
vn 0.000000 0.000000 1.000000
vn 0.000000 0.000000 1.000000
vn 1.000000 0.000000 0.000576
vn 1.000000 0.000000 0.000576
vn 1.000000 0.000000 0.000576
vn 1.000000 0.000000 0.000576
s off
g Consultorio group7 Cube_23_1
usemtl Plane_4_SG
f 533/789/913 534/790/914 532/798/915 531/792/916
f 534/797/917 536/793/918 535/794/919 532/791/920
f 538/795/921 533/789/922 531/792/923 537/796/924
f 535/794/925 536/793/926 538/795/927 537/796/928
g default
v -40.801528 -1.000000 31.998086
v -41.744010 -1.000000 31.998056
v -40.801528 6.233801 31.998086
v -41.744010 6.233801 31.998056
v -41.744010 -1.000000 31.083673
v -41.744010 6.233801 31.083673
v -40.801528 -1.000000 31.083698
v -40.801528 6.233801 31.083698
v -40.897971 6.233801 31.083688
v -40.897971 -1.000000 31.083688
v -41.647570 6.233801 31.083688
v -41.647570 -1.000000 31.083688
v -41.647570 6.233801 31.180509
v -40.897971 6.233801 31.180509
v -40.897971 -1.000000 31.180509
v -41.647570 -1.000000 31.180509
vt 0.941152 0.115243
vt 0.926985 0.115243
vt 0.926990 0.003162
vt 0.941157 0.003163
vt 0.925491 0.115242
vt 0.925495 0.003162
vt 0.909382 0.115242
vt 0.895214 0.115241
vt 0.895219 0.003161
vt 0.909387 0.003161
vt 0.910876 0.115242
vt 0.910881 0.003161
vt 0.923991 0.115242
vt 0.912376 0.115242
vt 0.912381 0.003161
vt 0.923995 0.003162
vn -1.000000 0.000000 0.000000
vn -1.000000 0.000000 0.000000
vn -1.000000 0.000000 0.000000
vn -1.000000 0.000000 0.000000
vn 0.000175 0.000000 -1.000000
vn 0.000175 0.000000 -1.000000
vn 0.000175 0.000000 -1.000000
vn 0.000175 0.000000 -1.000000
vn 1.000000 0.000000 0.000000
vn 1.000000 0.000000 0.000000
vn 1.000000 0.000000 0.000000
vn 1.000000 0.000000 0.000000
vn 0.000087 0.000000 -1.000000
vn 0.000087 0.000000 -1.000000
vn 0.000087 0.000000 -1.000000
vn 0.000087 0.000000 -1.000000
vn 0.000000 0.000000 -1.000000
vn 0.000000 0.000000 -1.000000
vn 0.000000 0.000000 -1.000000
vn 0.000000 0.000000 -1.000000
vn -1.000000 0.000000 0.000000
vn -1.000000 0.000000 0.000000
vn -1.000000 0.000000 0.000000
vn -1.000000 0.000000 0.000000
vn 1.000000 0.000000 0.000000
vn 1.000000 0.000000 0.000000
vn 1.000000 0.000000 0.000000
vn 1.000000 0.000000 0.000000
s off
g Consultorio group7 Soporte
usemtl Plane_4_SG
f 542/799/929 544/800/930 543/801/931 540/802/932
f 544/800/933 549/803/934 550/804/935 543/801/936
f 546/805/937 541/806/938 539/807/939 545/808/940
f 547/809/941 546/805/942 545/808/943 548/810/944
f 551/811/945 552/812/946 553/813/947 554/814/948
f 547/809/949 548/810/950 553/813/951 552/812/952
f 550/804/953 549/803/954 551/811/955 554/814/956
g default
v -26.784190 -1.370591 32.461356
v -52.069650 -1.370591 32.461345
v -26.784190 5.415237 32.461356
v -52.069650 5.415237 32.461345
v -52.069650 -1.370591 31.961341
v -52.069650 5.415237 31.961341
v -26.784190 -1.370591 31.961356
v -26.784181 5.415237 31.961356
vt 0.625869 0.764408
vt 0.407775 0.364924
vt 0.520661 0.357158
vt 0.512981 0.756680
vt 0.400028 0.364926
vt 0.520662 0.364905
vt 0.400095 0.756700
vt 0.520728 0.756679
vt 0.520729 0.764425
vt 0.625868 0.756661
vt 0.407841 0.756698
vt 0.625802 0.364887
vt 0.512915 0.364907
vt 0.625801 0.357141
vn -0.000000 0.000000 1.000000
vn -0.000000 0.000000 1.000000
vn -0.000000 0.000000 1.000000
vn -0.000000 0.000000 1.000000
vn -1.000000 0.000000 0.000000
vn -1.000000 0.000000 0.000000
vn -1.000000 0.000000 0.000000
vn -1.000000 0.000000 0.000000
vn 0.000001 -0.000000 -1.000000
vn 0.000001 -0.000000 -1.000000
vn 0.000001 -0.000000 -1.000000
vn 0.000001 -0.000000 -1.000000
vn 1.000000 -0.000001 0.000010
vn 1.000000 -0.000001 0.000010
vn 1.000000 -0.000001 0.000010
vn 1.000000 -0.000001 0.000010
vn 0.000000 1.000000 -0.000001
vn 0.000000 1.000000 -0.000001
vn 0.000000 1.000000 -0.000001
vn 0.000000 1.000000 -0.000001
vn 0.000000 -1.000000 0.000000
vn 0.000000 -1.000000 0.000000
vn 0.000000 -1.000000 0.000000
vn 0.000000 -1.000000 0.000000
s off
g Consultorio group7 Cube_19_
usemtl Plane_4_SG
f 557/825/957 558/816/958 556/827/959 555/818/960
f 558/828/961 560/826/962 559/820/963 556/817/964
f 560/826/965 562/824/966 561/822/967 559/820/968
f 562/824/969 557/815/970 555/823/971 561/822/972
f 562/821/973 560/819/974 558/816/975 557/825/976
f 555/818/977 556/827/978 559/820/979 561/822/980
g default
v -52.514931 -1.371989 32.259712
v -52.602970 -1.154495 32.259712
v -52.514931 -1.154495 32.259712
v -52.602970 -1.154495 9.812153
v -52.514931 -1.154495 9.812153
v -52.514931 -1.371989 9.812153
vt 0.051928 0.745533
vt 0.051928 0.744169
vt 0.399731 0.744169
vt 0.399731 0.745533
vt 0.051928 0.740799
vt 0.399731 0.740799
vn 0.000000 1.000000 0.000000
vn 0.926935 0.375223 0.000000
vn 0.926935 0.375223 0.000000
vn 0.000000 1.000000 0.000000
vn 1.000000 0.000000 0.000000
vn 1.000000 0.000000 0.000000
s 1
g Consultorio group7 pCube36
usemtl Plane_4_SG
f 564/829/981 565/830/982 567/831/983 566/832/984
f 563/833/985 568/834/986 567/831/983 565/830/982
g default
v -51.727886 2.213983 31.951412
v -51.727886 2.571845 31.951412
v -52.220013 2.213983 31.451399
v -52.220013 2.571845 31.451399
v -51.727886 2.213983 31.451405
v -51.727886 2.571845 31.451405
v -52.220013 2.571845 31.466167
v -51.740383 2.571845 31.466091
v -51.741322 2.571845 31.951412
v -52.220013 2.612950 31.466167
v -51.740383 2.612950 31.466091
v -51.741322 2.612950 31.951412
vt 0.714419 0.008685
vt 0.706973 0.008685
vt 0.706973 0.003161
vt 0.714419 0.003161
vt 0.699101 0.008685
vt 0.699101 0.003161
vt 0.714419 0.008904
vt 0.706973 0.008904
vt 0.699101 0.008904
vt 0.714419 0.009559
vt 0.706973 0.009559
vt 0.699101 0.009559
vn 0.000011 0.040597 -0.999176
vn 0.712443 0.027112 -0.701206
vn 0.712705 0.000000 -0.701464
vn 0.000011 0.000000 -1.000000
vn 0.999364 0.035655 0.000000
vn 1.000000 0.000000 0.000000
vn -0.000148 0.341141 -0.940012
vn 0.576701 0.586308 -0.568911
vn 0.952529 0.304441 0.001842
vn -0.000157 0.000000 -1.000000
vn 0.711897 0.000000 -0.702284
vn 0.999998 0.000000 0.001934
s 1
g Consultorio group7 Iluminador
usemtl Plane_4_SG
f 572/835/987 574/836/988 573/837/989 571/838/990
f 574/836/988 570/839/991 569/840/992 573/837/989
f 574/836/988 572/835/987 575/841/993 576/842/994
f 570/839/991 574/836/988 576/842/994 577/843/995
f 576/842/994 575/841/993 578/844/996 579/845/997
f 577/843/995 576/842/994 579/845/997 580/846/998
g default
v -52.285404 -1.370591 9.499992
v -26.999989 -1.370591 9.499996
v -52.285404 5.415237 9.499992
v -26.999989 5.415237 9.499996
v -27.000002 -1.370591 9.999996
v -27.000002 5.415237 9.999996
v -52.285404 -1.370591 9.999992
v -52.285404 5.415237 9.999992
vt 0.513125 0.756692
vt 0.113620 0.974744
vt 0.105865 0.861858
vt 0.505385 0.869580
vt 0.113621 0.982491
vt 0.113613 0.861858
vt 0.505393 0.982466
vt 0.505385 0.861833
vt 0.513132 0.861832
vt 0.505378 0.756693
vt 0.505392 0.974720
vt 0.113605 0.756718
vt 0.113613 0.869605
vt 0.105859 0.756718
vn 0.000000 0.000000 -1.000000
vn 0.000000 0.000000 -1.000000
vn 0.000000 0.000000 -1.000000
vn 0.000000 0.000000 -1.000000
vn 1.000000 0.000000 0.000027
vn 1.000000 0.000000 0.000027
vn 1.000000 0.000000 0.000027
vn 1.000000 0.000000 0.000027
vn -0.000000 0.000000 1.000000
vn -0.000000 0.000000 1.000000
vn -0.000000 0.000000 1.000000
vn -0.000000 0.000000 1.000000
vn -1.000000 0.000000 0.000000
vn -1.000000 0.000000 0.000000
vn -1.000000 0.000000 0.000000
vn -1.000000 0.000000 0.000000
vn 0.000000 1.000000 0.000000
vn 0.000000 1.000000 0.000000
vn 0.000000 1.000000 0.000000
vn 0.000000 1.000000 0.000000
vn 0.000000 -1.000000 0.000000
vn 0.000000 -1.000000 0.000000
vn 0.000000 -1.000000 0.000000
vn 0.000000 -1.000000 0.000000
s off
g Consultorio group7 Cube_22_
usemtl Plane_4_SG
f 583/857/999 584/848/1000 582/859/1001 581/850/1002
f 584/860/1003 586/858/1004 585/852/1005 582/849/1006
f 586/858/1007 588/856/1008 587/854/1009 585/852/1010
f 588/856/1011 583/847/1012 581/855/1013 587/854/1014
f 588/853/1015 586/851/1016 584/848/1017 583/857/1018
f 581/850/1019 582/859/1020 585/852/1021 587/854/1022
g default
v -52.285404 5.385640 9.999994
v -52.285404 5.385640 31.994047
v -26.906992 5.385640 9.999994
v -26.906992 5.385640 31.994047
v -49.907248 5.140471 11.402002
v -49.907248 5.140471 30.592051
v -27.764299 5.140471 11.402002
v -27.764299 5.140471 30.592051
v -49.907248 5.367270 30.592051
v -49.907248 5.367270 11.402002
v -27.764299 5.367270 30.592051
v -27.764299 5.367270 11.402002
v -28.417107 5.140471 29.916578
v -49.253290 5.140471 29.916578
v -28.417107 5.140471 12.077478
v -49.253290 5.140471 12.077478
v -49.097534 5.140471 12.228159
v -28.572863 5.140471 12.228159
v -49.097534 5.140471 29.765894
v -28.572863 5.140471 29.765894
v -28.572863 5.221114 29.765894
v -28.417107 5.221114 29.916578
v -49.253290 5.221114 29.916578
v -49.097534 5.221114 29.765894
v -49.253290 5.221114 12.077478
v -49.097534 5.221114 12.228159
v -28.417107 5.221114 12.077478
v -28.572863 5.221114 12.228159
vt 0.396114 0.740796
vt 0.002901 0.740799
vt 0.002899 0.400023
vt 0.396112 0.400021
vt 0.358356 0.351294
vt 0.355903 0.353683
vt 0.359826 0.003518
vt 0.362217 0.005883
vt 0.661971 0.355303
vt 0.651111 0.344920
vt 0.651361 0.016075
vt 0.661960 0.005534
vt 0.664392 0.003160
vt 0.664497 0.357569
vt 0.369147 0.340937
vt 0.372919 0.016235
vt 0.376112 0.019479
vt 0.372485 0.337584
vt 0.370020 0.340097
vt 0.373777 0.017056
vt 0.650501 0.016917
vt 0.650222 0.344113
vt 0.647875 0.341645
vt 0.648048 0.019444
vt 0.661128 0.358818
vt 0.979136 0.358817
vt 0.979137 0.630547
vt 0.661128 0.630548
vt 0.979137 0.631796
vt 0.661128 0.631797
vt 0.661128 0.357568
vt 0.979136 0.357567
vt 0.659880 0.630548
vt 0.659879 0.358818
vt 0.980388 0.358817
vt 0.980388 0.630547
vn 0.000000 -1.000000 0.000000
vn 0.000000 -1.000000 0.000000
vn 0.000000 -1.000000 0.000000
vn 0.000000 -1.000000 0.000000
vn 0.292249 -0.894915 0.337220
vn 0.654920 0.000000 0.755698
vn -0.654920 0.000000 0.755698
vn -0.292090 -0.895036 0.337036
vn 0.292248 -0.894916 -0.337219
vn -0.036021 -0.998465 0.042073
vn 0.035990 -0.998468 0.042037
vn -0.292089 -0.895037 -0.337035
vn -0.654920 0.000000 -0.755698
vn 0.654920 0.000000 -0.755698
vn -0.036021 -0.998465 -0.042073
vn 0.035990 -0.998468 -0.042037
vn -0.155833 -0.970802 0.182375
vn 0.155832 -0.970802 0.182374
vn -0.391700 -0.798281 -0.457512
vn 0.391702 -0.798280 -0.457514
vn 0.391705 -0.798276 0.457518
vn -0.391704 -0.798277 0.457517
vn 0.155834 -0.970801 -0.182376
vn -0.155835 -0.970801 -0.182377
vn -0.003929 -0.999982 -0.004598
vn 0.003929 -0.999982 -0.004598
vn 0.003929 -0.999982 0.004598
vn -0.003929 -0.999982 0.004598
s off
g Consultorio Plane_4_1
usemtl Plane_4_SG
f 592/861/1023 590/862/1024 589/863/1025 591/864/1026
s 1
f 596/865/1027 599/866/1028 597/867/1029 594/868/1030
f 595/869/1031 603/870/1032 604/871/1033 593/872/1034
f 598/873/1035 600/874/1036 595/869/1031 593/872/1034
f 601/875/1037 596/865/1027 594/868/1030 602/876/1038
f 600/874/1036 599/866/1028 596/865/1027 595/869/1031
f 596/865/1027 601/875/1037 603/870/1032 595/869/1031
f 612/877/1039 609/878/1040 610/879/1041 611/880/1042
f 597/867/1029 598/873/1035 593/872/1034 594/868/1030
f 593/872/1034 604/871/1033 602/876/1038 594/868/1030
f 613/881/1043 615/882/1044 616/883/1045 614/884/1046
f 613/881/1043 614/884/1046 612/877/1039 611/880/1042
f 605/885/1047 606/886/1048 608/887/1049 607/888/1050
f 616/883/1045 615/882/1044 610/879/1041 609/878/1040
f 603/870/1032 601/875/1037 610/879/1041 615/882/1044
f 610/879/1041 601/875/1037 602/876/1038 611/880/1042
f 607/888/1050 608/887/1049 609/889/1040 612/890/1039
f 615/882/1044 613/881/1043 604/871/1033 603/870/1032
f 602/876/1038 604/871/1033 613/881/1043 611/880/1042
f 606/886/1048 605/885/1047 614/891/1046 616/892/1045
f 605/885/1047 607/888/1050 612/893/1039 614/894/1046
f 608/887/1049 606/886/1048 616/895/1045 609/896/1040
g default
v -51.770160 -1.368604 32.015564
v -51.682116 -1.368604 32.015564
v -51.770160 5.551716 32.015564
v -51.682116 5.551716 32.015564
v -51.770160 5.551716 10.056301
v -51.682116 5.551716 10.056301
v -51.770160 -1.368604 10.056301
v -51.682116 -1.368604 10.056301
v -51.430705 -1.048014 9.994812
v -51.430736 -1.048014 32.005180
v -51.430705 5.539440 9.994808
v -51.430736 5.539440 32.005192
v -51.685038 5.539440 32.005180
v -51.685012 5.539440 9.994808
v -51.430720 5.539440 30.542356
v -51.430720 -1.048014 29.482996
v -51.685031 5.539440 30.542332
v -51.430716 5.539440 11.457653
v -51.430716 -1.048014 12.516980
v -51.685019 5.539440 11.457638
v -51.430720 5.539440 24.814255
v -51.685023 5.539440 24.814228
v -51.430716 5.539440 17.185757
v -51.685023 5.539440 17.185734
v -51.430736 0.307965 32.005184
v -51.430720 0.307965 30.228710
v -51.430716 0.307965 11.771274
v -51.430705 0.307965 9.994812
v -51.430736 4.183461 32.005188
v -51.430720 3.900056 28.611998
v -51.430720 4.846861 24.251932
v -51.430716 4.846861 17.748066
v -51.430716 3.900056 13.387999
v -51.430705 4.183461 9.994808
v -51.430736 2.245713 32.005188
v -51.430720 2.245713 30.163454
v -51.430716 2.245713 11.836533
v -51.430705 2.245713 9.994808
v -51.494178 0.307965 30.228710
v -51.494178 -1.048014 29.482996
v -51.494170 0.307965 11.771274
v -51.494170 -1.048014 12.516980
v -51.494178 3.900056 28.611998
v -51.494178 2.245713 30.163454
v -51.494178 4.846861 24.251932
v -51.494170 4.846861 17.748066
v -51.494170 3.900056 13.387999
v -51.494170 2.245713 11.836533
v -51.494170 4.589693 15.568036
v -51.430716 4.589693 15.568036
v -51.430716 5.539440 14.321704
v -51.685023 5.539440 14.321682
v -51.494178 4.589693 26.431967
v -51.430720 4.589693 26.431967
v -51.430720 5.539440 27.678303
v -51.685023 5.539440 27.678272
v -51.430736 3.214587 32.005188
v -51.430720 3.072885 29.714909
v -51.494178 3.072885 29.714909
v -51.494170 3.072885 12.285087
v -51.430716 3.072885 12.285087
v -51.430705 3.214587 9.994808
v -51.430736 -0.370024 32.005180
v -51.430720 -0.370024 30.004227
v -51.494178 -0.370024 30.004227
v -51.494170 -0.370024 11.995754
v -51.430716 -0.370024 11.995754
v -51.430705 -0.370024 9.994812
v -51.494178 0.309706 30.327961
v -51.494178 -0.404702 30.084784
v -51.494170 0.309707 11.672027
v -51.494170 -0.404700 11.915199
v -51.494178 3.961128 28.622782
v -51.494178 3.120625 29.773457
v -51.494178 4.641049 26.416706
v -51.494178 4.892229 24.229498
v -51.494170 4.892229 17.770502
v -51.494170 3.961128 13.377209
v -51.494170 3.120625 12.226532
v -51.494170 4.641049 15.583290
v -51.494178 2.250255 30.258490
v -51.494170 2.250254 11.741505
v -51.494178 -1.083554 29.551067
v -51.494170 -1.083552 12.448910
v -51.686099 0.309708 30.327961
v -51.686099 -0.404703 30.084784
v -51.686088 0.309707 11.672027
v -51.686088 -0.404697 11.915199
v -51.686099 3.961130 28.622782
v -51.686099 3.120623 29.773457
v -51.686099 4.641050 26.416706
v -51.686091 4.892227 24.229498
v -51.686088 4.892227 17.770502
v -51.686088 3.961128 13.377209
v -51.686088 3.120625 12.226532
v -51.686088 4.641050 15.583290
v -51.686099 2.250252 30.258490
v -51.686088 2.250255 11.741505
v -51.686099 -1.083559 29.551067
v -51.686088 -1.083547 12.448910
vt 0.522599 0.765790
vt 0.523963 0.765790
vt 0.523967 0.873013
vt 0.523967 0.874377
vt 0.864204 0.873002
vt 0.865568 0.873002
vt 0.864201 0.765779
vt 0.864201 0.764414
vt 0.865564 0.765778
vt 0.864204 0.874366
vt 0.522603 0.873013
vt 0.523963 0.764425
vt 0.869674 0.973105
vt 0.869683 0.950796
vt 0.896546 0.922314
vt 0.887806 0.974274
vt 0.865797 0.973097
vt 0.865846 0.950797
vt 0.869793 0.660650
vt 0.869802 0.638357
vt 0.891742 0.639205
vt 0.890031 0.691850
vt 0.865958 0.660647
vt 0.865928 0.638362
vt 0.869699 0.907860
vt 0.869716 0.864208
vt 0.880329 0.855583
vt 0.884429 0.888499
vt 0.865858 0.907860
vt 0.865821 0.864208
vt 0.869777 0.703562
vt 0.884491 0.722934
vt 0.865935 0.703560
vt 0.869760 0.747218
vt 0.880365 0.755851
vt 0.865866 0.747216
vt 0.954339 0.663677
vt 0.949432 0.635439
vt 0.959678 0.633727
vt 0.965678 0.664909
vt 0.943557 0.989402
vt 0.953982 0.962717
vt 0.965336 0.963766
vt 0.953264 0.993115
vt 0.905536 0.639978
vt 0.906817 0.676335
vt 0.909939 0.940855
vt 0.901471 0.976240
vt 0.921965 0.669071
vt 0.919160 0.639322
vt 0.914687 0.979579
vt 0.923339 0.950986
vt 0.965438 0.665846
vt 0.954496 0.664726
vt 0.954352 0.961720
vt 0.965287 0.962802
vt 0.907509 0.677216
vt 0.890830 0.692461
vt 0.885436 0.723163
vt 0.881332 0.755882
vt 0.881292 0.855554
vt 0.897448 0.921873
vt 0.910788 0.940127
vt 0.885380 0.888270
vt 0.922307 0.670126
vt 0.923893 0.950020
vt 0.970005 0.631784
vt 0.977482 0.670730
vt 0.977091 0.671597
vt 0.978055 0.960414
vt 0.977844 0.959486
vt 0.962985 0.997069
vt 0.983466 0.028234
vt 0.983466 0.016541
vt 0.986439 0.016541
vt 0.986439 0.028234
vt 0.983476 0.414964
vt 0.983475 0.403271
vt 0.986449 0.403271
vt 0.986449 0.414964
vt 0.983468 0.095836
vt 0.983467 0.073757
vt 0.986441 0.073757
vt 0.986441 0.095835
vt 0.983468 0.131603
vt 0.986442 0.131603
vt 0.983472 0.265790
vt 0.983469 0.165715
vt 0.986443 0.165714
vt 0.986445 0.265790
vt 0.983474 0.357747
vt 0.983474 0.335669
vt 0.986447 0.335669
vt 0.986448 0.357746
vt 0.983473 0.299901
vt 0.986446 0.299901
vt 0.983467 0.058319
vt 0.986440 0.058318
vt 0.983475 0.373185
vt 0.986448 0.373185
vt 0.983465 0.003160
vt 0.986439 0.003160
vt 0.983476 0.428344
vt 0.986449 0.428344
vn 0.000000 -0.953759 0.300573
vn 0.999911 -0.012721 0.004009
vn 0.999911 0.012721 0.004009
vn 0.000000 0.953759 0.300573
vn 0.999911 0.012721 -0.004009
vn 0.000000 0.953759 -0.300573
vn 0.999911 -0.012721 -0.004009
vn 0.000000 -0.953759 -0.300573
vn 0.994397 0.105706 0.000005
vn 0.988330 0.152327 0.000004
vn 0.999566 -0.026726 0.012350
vn 1.000000 0.000001 0.000004
vn 0.000000 1.000000 0.000000
vn 0.000000 1.000000 0.000000
vn 0.988332 0.152318 0.000005
vn 0.994398 0.105698 0.000007
vn 1.000000 -0.000001 0.000006
vn 0.999566 -0.026730 -0.012347
vn 0.000000 1.000000 0.000000
vn 0.000000 1.000000 0.000000
vn 0.978742 0.205096 0.000000
vn 0.911307 0.411727 0.000000
vn 0.997863 -0.065305 0.001934
vn 0.998737 -0.049091 0.010660
vn 0.000000 1.000000 0.000000
vn 0.000000 1.000000 0.000000
vn 0.978742 0.205094 0.000000
vn 0.998737 -0.049095 -0.010661
vn 0.000000 1.000000 0.000000
vn 0.911316 0.411708 0.000000
vn 0.997863 -0.065307 -0.001934
vn 0.000000 1.000000 0.000000
vn 0.999474 0.001971 -0.032382
vn 1.000000 -0.000000 0.000008
vn 1.000000 -0.000002 0.000007
vn 0.999528 0.014810 -0.026929
vn 1.000000 0.000000 0.000006
vn 0.999473 0.001972 0.032395
vn 0.999527 0.014814 0.026940
vn 1.000000 0.000003 0.000006
vn 1.000000 0.000003 0.000006
vn 0.999657 -0.017915 -0.019100
vn 0.999657 -0.017919 0.019109
vn 1.000000 -0.000002 0.000004
vn 0.999542 -0.005528 -0.029749
vn 1.000000 0.000001 0.000008
vn 1.000000 -0.000001 0.000006
vn 0.999542 -0.005531 0.029761
vn 0.000000 0.481876 -0.876240
vn 0.000000 0.060759 -0.998153
vn 0.000000 0.060758 0.998153
vn 0.000000 0.481876 0.876239
vn 0.000000 -0.684061 -0.729425
vn 0.000000 -0.907788 -0.419429
vn 0.000000 -0.977225 -0.212207
vn 0.000000 -0.999562 -0.029603
vn 0.000000 -0.999562 0.029602
vn 0.000000 -0.907786 0.419433
vn 0.000000 -0.684055 0.729430
vn 0.000000 -0.977224 0.212212
vn 0.000000 -0.182700 -0.983169
vn 0.000000 -0.182710 0.983167
vn 1.000000 -0.000005 0.000007
vn 0.998161 0.036943 -0.048054
vn 0.000000 0.609483 -0.792799
vn 0.998161 0.036946 0.048063
vn 0.000000 0.609484 0.792798
vn 1.000000 0.000000 0.000005
vn 0.000004 0.065288 -0.997866
vn 0.000002 0.487008 -0.873397
vn 0.000002 0.487009 -0.873397
vn 0.000004 0.065287 -0.997867
vn 0.000005 0.487010 0.873397
vn -0.000000 0.065283 0.997867
vn -0.000000 0.065283 0.997867
vn 0.000005 0.487007 0.873398
vn -0.000003 -0.910915 -0.412594
vn 0.000004 -0.691053 -0.722805
vn 0.000004 -0.691051 -0.722806
vn -0.000003 -0.910915 -0.412593
vn -0.000003 -0.978271 -0.207333
vn -0.000003 -0.978271 -0.207333
vn 0.000008 -0.999578 0.029039
vn 0.000008 -0.999578 -0.029039
vn 0.000008 -0.999578 -0.029039
vn 0.000008 -0.999578 0.029039
vn -0.000001 -0.691051 0.722806
vn -0.000003 -0.910916 0.412593
vn -0.000003 -0.910916 0.412593
vn -0.000001 -0.691051 0.722806
vn -0.000001 -0.978271 0.207332
vn -0.000001 -0.978271 0.207332
vn 0.000003 -0.193540 -0.981092
vn 0.000003 -0.193537 -0.981093
vn -0.000000 -0.193536 0.981093
vn -0.000000 -0.193538 0.981093
vn -0.000000 0.618054 -0.786135
vn -0.000000 0.618054 -0.786135
vn 0.000010 0.618056 0.786134
vn 0.000010 0.618056 0.786134
s 1
g Consultorio pCube35
usemtl Plane_4_SG
f 617/897/1051 618/898/1052 620/899/1053 619/907/1054
f 619/900/1054 620/899/1053 622/901/1055 621/906/1056
f 621/902/1056 622/901/1055 624/903/1057 623/905/1058
f 623/904/1058 624/903/1057 618/898/1052 617/908/1051
f 618/898/1052 624/903/1057 622/901/1055 620/899/1053
s 2
f 627/909/1059 634/910/1060 649/911/1061 650/912/1062
f 630/913/1063 636/914/1064 634/910/1060 627/909/1059
f 631/915/1065 628/916/1066 645/917/1067 646/918/1068
f 631/915/1065 633/919/1069 629/920/1070 628/916/1066
f 667/921/1071 639/922/1072 648/923/1073 666/924/1074
f 667/921/1071 668/925/1075 640/926/1076 639/922/1072
f 671/927/1077 631/915/1065 646/918/1068 670/928/1078
f 671/927/1077 672/929/1079 633/919/1069 631/915/1065
f 639/922/1072 637/930/1080 647/931/1081 648/923/1073
f 639/922/1072 640/926/1076 638/932/1082 637/930/1080
f 642/933/1083 641/934/1084 679/935/1085 680/936/1086
f 644/937/1087 643/938/1088 683/939/1089 684/940/1090
f 646/918/1068 645/917/1067 673/941/1091 674/942/1092
f 650/912/1062 649/911/1061 677/943/1093 678/944/1094
f 652/945/1095 651/946/1096 641/934/1084 642/933/1083
f 654/947/1097 653/948/1098 643/938/1088 644/937/1087
f 642/933/1083 680/936/1086 681/949/1099 655/950/1100
f 683/939/1089 643/938/1088 657/951/1101 682/952/1102
f 646/918/1068 674/942/1092 675/953/1103 659/954/1104
f 670/928/1078 646/918/1068 659/954/1104 669/955/1105
f 648/923/1073 647/931/1081 661/956/1106 662/957/1107
f 677/943/1093 649/911/1061 663/958/1108 676/959/1109
f 666/924/1074 648/923/1073 662/957/1107 665/960/1110
f 652/945/1095 642/933/1083 655/950/1100 660/961/1111
f 643/938/1088 653/948/1098 664/962/1112 657/951/1101
f 649/911/1061 666/924/1074 665/960/1110 663/958/1108
f 634/910/1060 667/921/1071 666/924/1074 649/911/1061
f 634/910/1060 636/914/1064 668/925/1075 667/921/1071
f 647/931/1081 670/928/1078 669/955/1105 661/956/1106
f 637/930/1080 671/927/1077 670/928/1078 647/931/1081
f 637/930/1080 638/932/1082 672/929/1079 671/927/1077
f 674/942/1092 673/941/1091 651/946/1096 652/945/1095
f 675/953/1103 674/942/1092 652/945/1095 660/961/1111
f 653/948/1098 677/943/1093 676/959/1109 664/962/1112
f 678/944/1094 677/943/1093 653/948/1098 654/947/1097
f 680/936/1086 679/935/1085 626/963/1113 632/964/1114
f 681/949/1099 680/936/1086 632/964/1114 656/965/1115
f 635/966/1116 683/939/1089 682/952/1102 658/967/1117
f 684/940/1090 683/939/1089 635/966/1116 625/968/1118
s 7
f 685/969/1119 686/970/1120 702/971/1121 701/972/1122
f 688/973/1123 687/974/1124 703/975/1125 704/976/1126
f 689/977/1127 690/978/1128 706/979/1129 705/980/1130
f 691/981/1131 689/977/1127 705/980/1130 707/982/1132
f 693/983/1133 692/984/1134 708/985/1135 709/986/1136
f 695/987/1137 694/988/1138 710/989/1139 711/990/1140
f 696/991/1141 693/983/1133 709/986/1136 712/992/1142
f 697/993/1143 685/969/1119 701/972/1122 713/994/1144
f 687/974/1124 698/995/1145 714/996/1146 703/975/1125
f 694/988/1138 696/991/1141 712/992/1142 710/989/1139
f 692/984/1134 691/981/1131 707/982/1132 708/985/1135
f 690/978/1128 697/993/1143 713/994/1144 706/979/1129
f 698/995/1145 695/987/1137 711/990/1140 714/996/1146
f 686/970/1120 699/997/1147 715/998/1148 702/971/1121
f 700/999/1149 688/973/1123 704/976/1126 716/1000/1150
g default
v -23.498869 -1.392723 24.897196
v -26.846336 -1.392723 24.941805
v -23.498869 5.175914 24.897196
v -26.846336 5.175914 24.941805
v -26.845032 -1.392723 25.039700
v -26.845032 5.175914 25.039700
v -23.497564 -1.392723 24.995090
v -23.497564 5.175914 24.995090
v -23.519855 1.502528 24.870430
v -23.519457 1.502528 24.900314
v -23.519855 1.793030 24.870430
v -23.519457 1.793030 24.900314
v -23.770151 1.793030 24.873762
v -23.769753 1.793030 24.903648
v -23.770151 1.502528 24.873762
v -23.769753 1.502528 24.903648
v -24.148510 0.373098 24.764071
v -24.161577 0.373098 24.733673
v -24.149324 0.373098 24.702938
v -24.118927 0.373098 24.689875
v -24.088194 0.373098 24.702126
v -24.075125 0.373098 24.732521
v -24.087379 0.373098 24.763256
v -24.117777 0.373098 24.776321
v -24.148510 3.095238 24.764071
v -24.161577 3.095238 24.733673
v -24.149324 3.095238 24.702938
v -24.118927 3.095238 24.689875
v -24.088194 3.095238 24.702126
v -24.075125 3.095238 24.732521
v -24.087379 3.095238 24.763256
v -24.117777 3.095238 24.776321
v -24.118349 3.095238 24.733095
v -23.938385 0.589306 24.894768
v -23.937986 0.589306 24.924654
v -23.938385 2.706252 24.894768
v -23.937986 2.706252 24.924654
v -24.231203 2.706252 24.898668
v -24.230804 2.706252 24.928555
v -24.231203 0.589306 24.898668
v -24.230804 0.589306 24.928555
v -26.506086 4.594146 24.903761
v -26.847811 4.594146 24.908316
v -26.506086 4.887273 24.903761
v -26.847811 4.887273 24.908316
v -26.847475 4.594146 24.933378
v -26.847475 4.887273 24.933378
v -26.505753 4.594146 24.928822
v -26.505753 4.887273 24.928822
v -26.504223 4.594146 25.043886
v -26.845943 4.594146 25.048445
v -26.504223 4.887273 25.043886
v -26.845943 4.887273 25.048445
v -26.845610 4.594146 25.073502
v -26.845610 4.887273 25.073502
v -26.503887 4.594146 25.068941
v -26.503887 4.887273 25.068941
v -27.000111 -1.370591 31.999990
v -27.000010 -1.370591 24.999990
v -27.000111 5.415237 31.999990
v -27.000002 5.415237 24.999990
v -26.500010 -1.370591 24.999990
v -26.499998 5.415237 24.999990
v -26.500113 -1.370591 31.999990
v -26.500113 5.415237 31.999990
v -26.516146 5.172586 18.002102
v -26.516291 5.172586 25.026457
v -26.516153 5.421570 18.002110
v -26.516302 5.421570 25.026457
v -26.971838 5.172586 25.026453
v -26.971853 5.421570 25.026457
v -26.971691 5.172586 18.002102
v -26.971704 5.421570 18.002102
v -26.999989 -1.370591 17.999990
v -26.999880 -1.370591 9.999989
v -26.999989 5.415237 18.000002
v -26.999880 5.415237 9.999987
v -26.499880 -1.370591 9.999994
v -26.499880 5.415237 9.999992
v -26.499990 -1.370591 17.999990
v -26.499990 5.415237 18.000002
v -23.499985 -1.392723 18.244968
v -26.847448 -1.392723 18.289536
v -23.499985 5.175914 18.244968
v -26.847448 5.175914 18.289536
v -26.848755 -1.392723 18.191639
v -26.848755 5.175914 18.191639
v -23.501287 -1.392723 18.147072
v -23.501287 5.175914 18.147072
v -23.520248 1.502528 18.272282
v -23.520647 1.502528 18.242397
v -23.520248 1.793030 18.272282
v -23.520647 1.793030 18.242397
v -23.770544 1.793030 18.275616
v -23.770943 1.793030 18.245731
v -23.770544 1.502528 18.275616
v -23.770943 1.502528 18.245731
v -24.145847 0.373098 18.395348
v -24.158102 0.373098 18.426083
v -24.145033 0.373098 18.456478
v -24.114300 0.373098 18.468733
v -24.083902 0.373098 18.455662
v -24.071650 0.373098 18.424931
v -24.084717 0.373098 18.394531
v -24.115450 0.373098 18.382282
v -24.145847 3.095238 18.395348
v -24.158102 3.095238 18.426083
v -24.145033 3.095238 18.456478
v -24.114300 3.095238 18.468733
v -24.083902 3.095238 18.455662
v -24.071650 3.095238 18.424931
v -24.084717 3.095238 18.394531
v -24.115450 3.095238 18.382282
v -24.114876 3.095238 18.425507
v -23.939278 0.589306 18.259098
v -23.939676 0.589306 18.229214
v -23.939278 2.706252 18.259098
v -23.939676 2.706252 18.229214
v -24.232096 2.706252 18.263000
v -24.232494 2.706252 18.233112
v -24.232096 0.589306 18.263000
v -24.232494 0.589306 18.233112
v -26.506311 4.594146 18.318501
v -26.848034 4.594146 18.323051
v -26.506311 4.887273 18.318501
v -26.848034 4.887273 18.323051
v -26.848368 4.594146 18.297989
v -26.848368 4.887273 18.297989
v -26.506643 4.594146 18.293436
v -26.506643 4.887273 18.293436
v -26.508177 4.594146 18.178375
v -26.849899 4.594146 18.182922
v -26.508177 4.887273 18.178375
v -26.849899 4.887273 18.182922
v -26.850231 4.594146 18.157864
v -26.850231 4.887273 18.157864
v -26.508511 4.594146 18.153320
v -26.508511 4.887273 18.153320
vt 0.579381 0.121230
vt 0.527511 0.121234
vt 0.634276 0.019450
vt 0.579372 0.019455
vt 0.632769 0.121225
vt 0.632760 0.019450
vt 0.580898 0.121230
vt 0.580889 0.019455
vt 0.634285 0.121225
vt 0.527502 0.019460
vt 0.738324 0.003624
vt 0.738324 0.003161
vt 0.742825 0.003161
vt 0.742825 0.003624
vt 0.743288 0.003624
vt 0.743288 0.007502
vt 0.742825 0.007502
vt 0.742825 0.007965
vt 0.738324 0.007965
vt 0.738324 0.007502
vt 0.954562 0.003161
vt 0.955075 0.003161
vt 0.955073 0.045338
vt 0.954561 0.045338
vt 0.955587 0.003161
vt 0.955586 0.045338
vt 0.956100 0.003161
vt 0.956099 0.045338
vt 0.956613 0.003161
vt 0.956612 0.045338
vt 0.957125 0.003161
vt 0.957124 0.045338
vt 0.957638 0.003161
vt 0.957637 0.045338
vt 0.958151 0.003161
vt 0.958149 0.045338
vt 0.954049 0.003161
vt 0.954048 0.045338
vt 0.749005 0.004398
vt 0.748492 0.004398
vt 0.748748 0.003780
vt 0.748129 0.004036
vt 0.748129 0.003523
vt 0.748492 0.003161
vt 0.749004 0.003161
vt 0.749367 0.003523
vt 0.749367 0.004036
vt 0.664781 0.003624
vt 0.664781 0.003161
vt 0.697581 0.003161
vt 0.697581 0.003624
vt 0.698044 0.003624
vt 0.698044 0.008161
vt 0.697581 0.008161
vt 0.697581 0.008624
vt 0.664781 0.008624
vt 0.664781 0.008161
vt 0.724396 0.008091
vt 0.719101 0.008091
vt 0.719101 0.003550
vt 0.724396 0.003549
vt 0.718713 0.008091
vt 0.718712 0.003550
vt 0.724785 0.008091
vt 0.724784 0.003549
vt 0.724396 0.008479
vt 0.719101 0.008480
vt 0.719101 0.003161
vt 0.724396 0.003161
vt 0.734889 0.007755
vt 0.734919 0.007525
vt 0.734745 0.002931
vt 0.734715 0.003161
vt 0.728717 0.007524
vt 0.728688 0.007754
vt 0.728518 0.003161
vt 0.728547 0.002930
vt 0.672528 0.119346
vt 0.672547 0.010888
vt 0.777687 0.010906
vt 0.777668 0.119365
vt 0.890575 0.003179
vt 0.890574 0.010926
vt 0.785434 0.010908
vt 0.785435 0.003161
vt 0.890554 0.119384
vt 0.785415 0.119366
vt 0.890553 0.127131
vt 0.785414 0.127113
vt 0.664781 0.119345
vt 0.664800 0.010887
vt 0.513031 0.118678
vt 0.375894 0.118667
vt 0.375815 0.114464
vt 0.512870 0.114474
vt 0.375593 0.123138
vt 0.512434 0.123150
vt 0.512273 0.118952
vt 0.375514 0.118942
vt 0.375514 0.118942
vt 0.512273 0.118952
vt 0.501914 0.119914
vt 0.641963 0.119981
vt 0.635899 0.018783
vt 0.498085 0.018757
vt 0.641963 0.119981
vt 0.642886 0.115571
vt 0.636794 0.014207
vt 0.635899 0.018783
vt 0.502504 0.115505
vt 0.498657 0.014183
vt 0.501914 0.119914
vt 0.498085 0.018757
vt 0.502504 0.115505
vt 0.642886 0.115571
vt 0.579381 0.121230
vt 0.527511 0.121234
vt 0.527502 0.019460
vt 0.579372 0.019455
vt 0.634285 0.121225
vt 0.632769 0.121225
vt 0.632760 0.019450
vt 0.634276 0.019450
vt 0.580898 0.121230
vt 0.580889 0.019455
vt 0.738324 0.003624
vt 0.738324 0.003161
vt 0.742825 0.003161
vt 0.742825 0.003624
vt 0.743288 0.003624
vt 0.743288 0.007502
vt 0.742825 0.007502
vt 0.742825 0.007965
vt 0.738324 0.007965
vt 0.738324 0.007502
vt 0.954562 0.003161
vt 0.955075 0.003161
vt 0.955073 0.045338
vt 0.954561 0.045338
vt 0.955587 0.003161
vt 0.955586 0.045338
vt 0.956100 0.003161
vt 0.956099 0.045338
vt 0.956613 0.003161
vt 0.956612 0.045338
vt 0.957125 0.003161
vt 0.957124 0.045338
vt 0.957638 0.003161
vt 0.957637 0.045338
vt 0.958151 0.003161
vt 0.958149 0.045338
vt 0.954049 0.003161
vt 0.954048 0.045338
vt 0.749005 0.004398
vt 0.748492 0.004398
vt 0.748748 0.003780
vt 0.748129 0.004036
vt 0.748129 0.003523
vt 0.748492 0.003161
vt 0.749004 0.003161
vt 0.749367 0.003523
vt 0.749367 0.004036
vt 0.664781 0.003624
vt 0.664781 0.003161
vt 0.697581 0.003161
vt 0.697581 0.003624
vt 0.698044 0.003624
vt 0.698044 0.008161
vt 0.697581 0.008161
vt 0.697581 0.008624
vt 0.664781 0.008624
vt 0.664781 0.008161
vt 0.724396 0.008091
vt 0.719101 0.008091
vt 0.719101 0.003550
vt 0.724396 0.003549
vt 0.718713 0.008091
vt 0.718712 0.003550
vt 0.724785 0.008091
vt 0.724784 0.003549
vt 0.724396 0.008479
vt 0.719101 0.008480
vt 0.719101 0.003161
vt 0.724396 0.003161
vt 0.734889 0.007755
vt 0.734919 0.007525
vt 0.734745 0.002931
vt 0.734715 0.003161
vt 0.728717 0.007524
vt 0.728688 0.007754
vt 0.728518 0.003161
vt 0.728547 0.002930
vn -0.013325 0.000000 -0.999911
vn -0.013325 0.000000 -0.999911
vn -0.013325 0.000000 -0.999911
vn -0.013325 0.000000 -0.999911
vn -0.999911 0.000000 0.013326
vn -0.999911 0.000000 0.013326
vn -0.999911 0.000000 0.013326
vn -0.999911 0.000000 0.013326
vn 0.999911 0.000000 -0.013326
vn 0.999911 0.000000 -0.013326
vn 0.999911 0.000000 -0.013326
vn 0.999911 0.000000 -0.013326
vn 0.013325 0.000000 0.999911
vn 0.013325 0.000000 0.999911
vn 0.013325 0.000000 0.999911
vn 0.013325 0.000000 0.999911
vn 0.999911 0.000000 -0.013338
vn 0.999911 0.000000 -0.013338
vn 0.999911 0.000000 -0.013338
vn 0.999911 0.000000 -0.013338
vn 0.000000 1.000000 0.000002
vn 0.000000 1.000000 0.000002
vn 0.000000 1.000000 0.000002
vn 0.000000 1.000000 0.000002
vn -0.999911 0.000000 0.013337
vn -0.999911 0.000000 0.013337
vn -0.999911 0.000000 0.013337
vn -0.999911 0.000000 0.013337
vn -0.013311 0.000000 -0.999911
vn -0.013311 0.000000 -0.999911
vn -0.013311 0.000000 -0.999911
vn -0.013311 0.000000 -0.999911
vn -0.918713 0.000000 0.394925
vn -0.918713 0.000000 0.394925
vn -0.918713 0.000000 0.394925
vn -0.918713 0.000000 0.394925
vn -0.928904 0.000000 -0.370321
vn -0.928904 0.000000 -0.370321
vn -0.928904 0.000000 -0.370321
vn -0.928904 0.000000 -0.370321
vn -0.394839 0.000000 -0.918751
vn -0.394839 0.000000 -0.918751
vn -0.394839 0.000000 -0.918751
vn -0.394839 0.000000 -0.918751
vn 0.370281 0.000000 -0.928920
vn 0.370281 0.000000 -0.928920
vn 0.370281 0.000000 -0.928920
vn 0.370281 0.000000 -0.928920
vn 0.918679 0.000000 -0.395005
vn 0.918679 0.000000 -0.395005
vn 0.918679 0.000000 -0.395005
vn 0.918679 0.000000 -0.395005
vn 0.928884 0.000000 0.370371
vn 0.928884 0.000000 0.370371
vn 0.928884 0.000000 0.370371
vn 0.928884 0.000000 0.370371
vn 0.394910 0.000000 0.918720
vn 0.394910 0.000000 0.918720
vn 0.394910 0.000000 0.918720
vn 0.394910 0.000000 0.918720
vn -0.370281 0.000000 0.928920
vn -0.370281 0.000000 0.928920
vn -0.370281 0.000000 0.928920
vn -0.370281 0.000000 0.928920
vn 0.000000 1.000000 0.000000
vn 0.000000 1.000000 0.000000
vn 0.000000 1.000000 0.000000
vn 0.000000 1.000000 0.000000
vn 0.000000 1.000000 0.000000
vn 0.000000 1.000000 0.000000
vn 0.000000 1.000000 -0.000011
vn 0.000000 1.000000 -0.000011
vn 0.000000 1.000000 -0.000011
vn 0.000000 1.000000 0.000011
vn 0.000000 1.000000 0.000011
vn 0.000000 1.000000 0.000011
vn 0.000000 1.000000 -0.000011
vn 0.000000 1.000000 -0.000011
vn 0.000000 1.000000 -0.000011
vn 0.000000 1.000000 0.000006
vn 0.000000 1.000000 0.000006
vn 0.000000 1.000000 0.000006
vn 0.000000 1.000000 0.000000
vn 0.000000 1.000000 0.000000
vn 0.000000 1.000000 0.000000
vn 0.000000 1.000000 0.000000
vn 0.000000 1.000000 0.000000
vn 0.000000 1.000000 0.000000
vn 0.999911 0.000000 -0.013337
vn 0.999911 0.000000 -0.013337
vn 0.999911 0.000000 -0.013337
vn 0.999911 0.000000 -0.013337
vn 0.000000 1.000000 -0.000001
vn 0.000000 1.000000 -0.000001
vn 0.000000 1.000000 -0.000001
vn 0.000000 1.000000 -0.000001
vn -0.999911 0.000000 0.013337
vn -0.999911 0.000000 0.013337
vn -0.999911 0.000000 0.013337
vn -0.999911 0.000000 0.013337
vn -0.013322 0.000000 -0.999911
vn -0.013322 0.000000 -0.999911
vn -0.013322 0.000000 -0.999911
vn -0.013322 0.000000 -0.999911
vn -0.013328 0.000000 -0.999911
vn -0.013328 0.000000 -0.999911
vn -0.013328 0.000000 -0.999911
vn -0.013328 0.000000 -0.999911
vn -0.999910 0.000000 0.013394
vn -0.999910 0.000000 0.013394
vn -0.999910 0.000000 0.013394
vn -0.999910 0.000000 0.013394
vn 0.999911 0.000000 -0.013318
vn 0.999911 0.000000 -0.013318
vn 0.999911 0.000000 -0.013318
vn 0.999911 0.000000 -0.013318
vn 0.000000 1.000000 0.000014
vn 0.000000 1.000000 0.000014
vn 0.000000 1.000000 0.000014
vn 0.000000 1.000000 0.000014
vn 0.000000 -1.000000 0.000000
vn 0.000000 -1.000000 0.000000
vn 0.000000 -1.000000 0.000000
vn 0.000000 -1.000000 0.000000
vn -0.999911 0.000000 0.013320
vn -0.999911 0.000000 0.013320
vn -0.999911 0.000000 0.013320
vn -0.999911 0.000000 0.013320
vn 0.999910 0.000000 -0.013397
vn 0.999910 0.000000 -0.013397
vn 0.999910 0.000000 -0.013397
vn 0.999910 0.000000 -0.013397
vn 0.013347 0.000000 0.999911
vn 0.013347 0.000000 0.999911
vn 0.013347 0.000000 0.999911
vn 0.013347 0.000000 0.999911
vn 0.000000 1.000000 0.000000
vn 0.000000 1.000000 0.000000
vn 0.000000 1.000000 0.000000
vn 0.000000 1.000000 0.000000
vn 0.000000 -1.000000 -0.000014
vn 0.000000 -1.000000 -0.000014
vn 0.000000 -1.000000 -0.000014
vn 0.000000 -1.000000 -0.000014
vn -1.000000 0.000001 -0.000015
vn -1.000000 0.000001 -0.000015
vn -1.000000 0.000001 -0.000015
vn -1.000000 0.000001 -0.000015
vn 0.000000 0.000000 -1.000000
vn 0.000000 0.000000 -1.000000
vn 0.000000 0.000000 -1.000000
vn 0.000000 0.000000 -1.000000
vn 1.000000 -0.000001 0.000016
vn 1.000000 -0.000001 0.000016
vn 1.000000 -0.000001 0.000016
vn 1.000000 -0.000001 0.000016
vn 0.000000 0.000000 1.000000
vn 0.000000 0.000000 1.000000
vn 0.000000 0.000000 1.000000
vn 0.000000 0.000000 1.000000
vn 0.000000 1.000000 0.000000
vn 0.000000 1.000000 0.000000
vn 0.000000 1.000000 0.000000
vn 0.000000 1.000000 0.000000
vn 0.000000 -1.000000 0.000000
vn 0.000000 -1.000000 0.000000
vn 0.000000 -1.000000 0.000000
vn 0.000000 -1.000000 0.000000
vn 1.000000 0.000037 0.000021
vn 1.000000 0.000037 0.000021
vn 1.000000 0.000037 0.000021
vn 1.000000 0.000037 0.000021
vn -1.000000 -0.000063 -0.000021
vn -1.000000 -0.000063 -0.000021
vn -1.000000 -0.000063 -0.000021
vn -1.000000 -0.000063 -0.000021
vn 0.000000 1.000000 0.000000
vn 0.000000 1.000000 0.000000
vn 0.000000 1.000000 0.000000
vn 0.000000 1.000000 0.000000
vn 0.000000 -1.000000 0.000000
vn 0.000000 -1.000000 0.000000
vn 0.000000 -1.000000 0.000000
vn 0.000000 -1.000000 0.000000
vn -1.000000 -0.000000 -0.000014
vn -1.000000 -0.000000 -0.000014
vn -1.000000 -0.000000 -0.000014
vn -1.000000 -0.000000 -0.000014
vn 0.000011 -0.000000 -1.000000
vn 0.000011 -0.000000 -1.000000
vn 0.000011 -0.000000 -1.000000
vn 0.000011 -0.000000 -1.000000
vn 1.000000 0.000000 0.000014
vn 1.000000 0.000000 0.000014
vn 1.000000 0.000000 0.000014
vn 1.000000 0.000000 0.000014
vn 0.000000 -0.000002 1.000000
vn 0.000000 -0.000002 1.000000
vn 0.000000 -0.000002 1.000000
vn 0.000000 -0.000002 1.000000
vn 0.000000 1.000000 -0.000000
vn 0.000000 1.000000 -0.000000
vn 0.000000 1.000000 -0.000000
vn 0.000000 1.000000 -0.000000
vn 0.000000 -1.000000 0.000000
vn 0.000000 -1.000000 0.000000
vn 0.000000 -1.000000 0.000000
vn 0.000000 -1.000000 0.000000
vn 0.013313 0.000000 0.999911
vn 0.013313 0.000000 0.999911
vn 0.013313 0.000000 0.999911
vn 0.013313 0.000000 0.999911
vn -0.999911 0.000000 0.013345
vn -0.999911 0.000000 0.013345
vn -0.999911 0.000000 0.013345
vn -0.999911 0.000000 0.013345
vn 0.999911 0.000000 -0.013306
vn 0.999911 0.000000 -0.013306
vn 0.999911 0.000000 -0.013306
vn 0.999911 0.000000 -0.013306
vn -0.013313 0.000000 -0.999911
vn -0.013313 0.000000 -0.999911
vn -0.013313 0.000000 -0.999911
vn -0.013313 0.000000 -0.999911
vn 0.999911 0.000000 -0.013338
vn 0.999911 0.000000 -0.013338
vn 0.999911 0.000000 -0.013338
vn 0.999911 0.000000 -0.013338
vn 0.000000 1.000000 0.000000
vn 0.000000 1.000000 0.000000
vn 0.000000 1.000000 0.000000
vn 0.000000 1.000000 0.000000
vn -0.999911 0.000000 0.013338
vn -0.999911 0.000000 0.013338
vn -0.999911 0.000000 0.013338
vn -0.999911 0.000000 0.013338
vn 0.013325 0.000000 0.999911
vn 0.013325 0.000000 0.999911
vn 0.013325 0.000000 0.999911
vn 0.013325 0.000000 0.999911
vn -0.928884 0.000000 -0.370371
vn -0.928884 0.000000 -0.370371
vn -0.928884 0.000000 -0.370371
vn -0.928884 0.000000 -0.370371
vn -0.918679 0.000000 0.395005
vn -0.918679 0.000000 0.395005
vn -0.918679 0.000000 0.395005
vn -0.918679 0.000000 0.395005
vn -0.370391 0.000000 0.928876
vn -0.370391 0.000000 0.928876
vn -0.370391 0.000000 0.928876
vn -0.370391 0.000000 0.928876
vn 0.395053 0.000000 0.918658
vn 0.395053 0.000000 0.918658
vn 0.395053 0.000000 0.918658
vn 0.395053 0.000000 0.918658
vn 0.928886 0.000000 0.370365
vn 0.928886 0.000000 0.370365
vn 0.928886 0.000000 0.370365
vn 0.928886 0.000000 0.370365
vn 0.918720 0.000000 -0.394910
vn 0.918720 0.000000 -0.394910
vn 0.918720 0.000000 -0.394910
vn 0.918720 0.000000 -0.394910
vn 0.370245 0.000000 -0.928934
vn 0.370245 0.000000 -0.928934
vn 0.370245 0.000000 -0.928934
vn 0.370245 0.000000 -0.928934
vn -0.394910 0.000000 -0.918720
vn -0.394910 0.000000 -0.918720
vn -0.394910 0.000000 -0.918720
vn -0.394910 0.000000 -0.918720
vn 0.000000 1.000000 0.000011
vn 0.000000 1.000000 0.000011
vn 0.000000 1.000000 0.000011
vn 0.000000 1.000000 0.000000
vn 0.000000 1.000000 0.000000
vn 0.000000 1.000000 0.000000
vn 0.000000 1.000000 -0.000011
vn 0.000000 1.000000 -0.000011
vn 0.000000 1.000000 -0.000011
vn 0.000000 1.000000 -0.000002
vn 0.000000 1.000000 -0.000002
vn 0.000000 1.000000 -0.000002
vn 0.000000 1.000000 0.000000
vn 0.000000 1.000000 0.000000
vn 0.000000 1.000000 0.000000
vn 0.000000 1.000000 0.000000
vn 0.000000 1.000000 0.000000
vn 0.000000 1.000000 0.000000
vn 0.000000 1.000000 0.000000
vn 0.000000 1.000000 0.000000
vn 0.000000 1.000000 0.000000
vn 0.000000 1.000000 -0.000001
vn 0.000000 1.000000 -0.000001
vn 0.000000 1.000000 -0.000001
vn 0.999911 0.000000 -0.013338
vn 0.999911 0.000000 -0.013338
vn 0.999911 0.000000 -0.013338
vn 0.999911 0.000000 -0.013338
vn 0.000000 1.000000 0.000000
vn 0.000000 1.000000 0.000000
vn 0.000000 1.000000 0.000000
vn 0.000000 1.000000 0.000000
vn -0.999911 0.000000 0.013336
vn -0.999911 0.000000 0.013336
vn -0.999911 0.000000 0.013336
vn -0.999911 0.000000 0.013336
vn 0.013328 0.000000 0.999911
vn 0.013328 0.000000 0.999911
vn 0.013328 0.000000 0.999911
vn 0.013328 0.000000 0.999911
vn 0.013318 0.000000 0.999911
vn 0.013318 0.000000 0.999911
vn 0.013318 0.000000 0.999911
vn 0.013318 0.000000 0.999911
vn -0.999911 0.000000 0.013317
vn -0.999911 0.000000 0.013317
vn -0.999911 0.000000 0.013317
vn -0.999911 0.000000 0.013317
vn 0.999912 0.000000 -0.013241
vn 0.999912 0.000000 -0.013241
vn 0.999912 0.000000 -0.013241
vn 0.999912 0.000000 -0.013241
vn 0.000000 1.000000 0.000014
vn 0.000000 1.000000 0.000014
vn 0.000000 1.000000 0.000014
vn 0.000000 1.000000 0.000014
vn 0.000000 -1.000000 -0.000011
vn 0.000000 -1.000000 -0.000011
vn 0.000000 -1.000000 -0.000011
vn 0.000000 -1.000000 -0.000011
vn -0.999912 0.000000 0.013243
vn -0.999912 0.000000 0.013243
vn -0.999912 0.000000 0.013243
vn -0.999912 0.000000 0.013243
vn 0.999911 0.000000 -0.013321
vn 0.999911 0.000000 -0.013321
vn 0.999911 0.000000 -0.013321
vn 0.999911 0.000000 -0.013321
vn -0.013295 0.000000 -0.999912
vn -0.013295 0.000000 -0.999912
vn -0.013295 0.000000 -0.999912
vn -0.013295 0.000000 -0.999912
vn 0.000000 1.000000 0.000002
vn 0.000000 1.000000 0.000002
vn 0.000000 1.000000 0.000002
vn 0.000000 1.000000 0.000002
vn 0.000000 -1.000000 -0.000004
vn 0.000000 -1.000000 -0.000004
vn 0.000000 -1.000000 -0.000004
vn 0.000000 -1.000000 -0.000004
s off
g Consultorio Cube_23_7
usemtl Plane_4_SG
f 719/1001/1151 717/1004/1152 718/1010/1153 720/1002/1154
f 720/1009/1155 718/1003/1156 721/1006/1157 722/1005/1158
f 724/1007/1159 723/1008/1160 717/1004/1161 719/1001/1162
f 721/1006/1163 723/1008/1164 724/1007/1165 722/1005/1166
f 725/1011/1167 727/1014/1168 728/1013/1169 726/1012/1170
f 727/1014/1171 729/1017/1172 730/1016/1173 728/1015/1174
f 729/1017/1175 731/1020/1176 732/1019/1177 730/1018/1178
f 731/1020/1179 729/1017/1180 727/1014/1181 725/1011/1182
f 733/1021/1183 741/1024/1184 742/1023/1185 734/1022/1186
f 734/1022/1187 742/1023/1188 743/1026/1189 735/1025/1190
f 735/1025/1191 743/1026/1192 744/1028/1193 736/1027/1194
f 736/1027/1195 744/1028/1196 745/1030/1197 737/1029/1198
f 737/1029/1199 745/1030/1200 746/1032/1201 738/1031/1202
f 738/1031/1203 746/1032/1204 747/1034/1205 739/1033/1206
f 739/1033/1207 747/1034/1208 748/1036/1209 740/1035/1210
f 740/1037/1211 748/1038/1212 741/1024/1213 733/1021/1214
f 741/1039/1215 749/1041/1216 742/1040/1217
f 742/1040/1218 749/1041/1219 743/1042/1220
f 743/1042/1221 749/1041/1222 744/1043/1223
f 744/1043/1224 749/1041/1225 745/1044/1226
f 745/1044/1227 749/1041/1228 746/1045/1229
f 746/1045/1230 749/1041/1231 747/1046/1232
f 747/1046/1233 749/1041/1234 748/1047/1235
f 748/1047/1236 749/1041/1237 741/1039/1238
f 750/1048/1239 752/1051/1240 753/1050/1241 751/1049/1242
f 752/1051/1243 754/1054/1244 755/1053/1245 753/1052/1246
f 754/1054/1247 756/1057/1248 757/1056/1249 755/1055/1250
f 756/1057/1251 754/1054/1252 752/1051/1253 750/1048/1254
f 760/1058/1255 758/1061/1256 759/1060/1257 761/1059/1258
f 761/1059/1259 759/1060/1260 762/1063/1261 763/1062/1262
f 765/1064/1263 764/1065/1264 758/1061/1265 760/1058/1266
f 761/1059/1267 763/1067/1268 765/1066/1269 760/1058/1270
f 758/1061/1271 764/1069/1272 762/1068/1273 759/1060/1274
f 769/1070/1275 767/1073/1276 770/1072/1277 771/1071/1278
f 773/1074/1279 772/1077/1280 766/1076/1281 768/1075/1282
f 770/1072/1283 772/1077/1284 773/1074/1285 771/1071/1286
f 769/1070/1287 771/1071/1288 773/1074/1289 768/1075/1290
f 766/1076/1291 772/1077/1292 770/1072/1293 767/1073/1294
f 776/1078/1295 777/1079/1296 775/1080/1297 774/1081/1298
f 777/1082/1299 779/1083/1300 778/1084/1301 775/1085/1302
f 779/1083/1303 781/1086/1304 780/1087/1305 778/1084/1306
f 781/1086/1307 776/1088/1308 774/1089/1309 780/1087/1310
f 781/1090/1311 779/1091/1312 777/1079/1313 776/1078/1314
f 774/1081/1315 775/1080/1316 778/1084/1317 780/1087/1318
f 784/1092/1319 785/1093/1320 783/1094/1321 782/1095/1322
f 787/1096/1323 789/1097/1324 788/1098/1325 786/1099/1326
f 789/1097/1327 787/1096/1328 785/1093/1329 784/1092/1330
f 782/1095/1331 783/1094/1332 786/1100/1333 788/1101/1334
f 792/1102/1335 793/1103/1336 791/1104/1337 790/1105/1338
f 793/1106/1339 795/1107/1340 794/1108/1341 791/1109/1342
f 795/1107/1343 797/1110/1344 796/1111/1345 794/1108/1346
f 797/1110/1347 792/1112/1348 790/1113/1349 796/1111/1350
f 797/1114/1351 795/1115/1352 793/1103/1353 792/1102/1354
f 790/1105/1355 791/1104/1356 794/1108/1357 796/1111/1358
f 800/1116/1359 801/1117/1360 799/1118/1361 798/1119/1362
f 801/1120/1363 803/1121/1364 802/1122/1365 799/1123/1366
f 805/1124/1367 800/1116/1368 798/1119/1369 804/1125/1370
f 802/1122/1371 803/1121/1372 805/1124/1373 804/1125/1374
f 806/1126/1375 807/1127/1376 809/1128/1377 808/1129/1378
f 808/1129/1379 809/1130/1380 811/1131/1381 810/1132/1382
f 810/1132/1383 811/1133/1384 813/1134/1385 812/1135/1386
f 812/1135/1387 806/1126/1388 808/1129/1389 810/1132/1390
f 814/1136/1391 815/1137/1392 823/1138/1393 822/1139/1394
f 815/1137/1395 816/1140/1396 824/1141/1397 823/1138/1398
f 816/1140/1399 817/1142/1400 825/1143/1401 824/1141/1402
f 817/1142/1403 818/1144/1404 826/1145/1405 825/1143/1406
f 818/1144/1407 819/1146/1408 827/1147/1409 826/1145/1410
f 819/1146/1411 820/1148/1412 828/1149/1413 827/1147/1414
f 820/1148/1415 821/1150/1416 829/1151/1417 828/1149/1418
f 821/1152/1419 814/1136/1420 822/1139/1421 829/1153/1422
f 822/1154/1423 823/1155/1424 830/1156/1425
f 823/1155/1426 824/1157/1427 830/1156/1428
f 824/1157/1429 825/1158/1430 830/1156/1431
f 825/1158/1432 826/1159/1433 830/1156/1434
f 826/1159/1435 827/1160/1436 830/1156/1437
f 827/1160/1438 828/1161/1439 830/1156/1440
f 828/1161/1441 829/1162/1442 830/1156/1443
f 829/1162/1444 822/1154/1445 830/1156/1446
f 831/1163/1447 832/1164/1448 834/1165/1449 833/1166/1450
f 833/1166/1451 834/1167/1452 836/1168/1453 835/1169/1454
f 835/1169/1455 836/1170/1456 838/1171/1457 837/1172/1458
f 837/1172/1459 831/1163/1460 833/1166/1461 835/1169/1462
f 841/1173/1463 842/1174/1464 840/1175/1465 839/1176/1466
f 842/1174/1467 844/1177/1468 843/1178/1469 840/1175/1470
f 846/1179/1471 841/1173/1472 839/1176/1473 845/1180/1474
f 842/1174/1475 841/1173/1476 846/1181/1477 844/1182/1478
f 839/1176/1479 840/1175/1480 843/1183/1481 845/1184/1482
f 850/1185/1483 852/1186/1484 851/1187/1485 848/1188/1486
f 854/1189/1487 849/1190/1488 847/1191/1489 853/1192/1490
f 851/1187/1491 852/1186/1492 854/1189/1493 853/1192/1494
f 850/1185/1495 849/1190/1496 854/1189/1497 852/1186/1498
f 847/1191/1499 848/1188/1500 851/1187/1501 853/1192/1502
g default
v -30.731328 2.529076 31.936329
v -30.873772 2.529076 31.936314
v -30.731328 3.634627 31.936329
v -30.873772 3.634627 31.936314
v -30.873772 2.529076 31.181303
v -30.873772 3.634627 31.181303
v -30.731328 2.529076 31.181317
v -30.731328 3.634627 31.181317
v -30.802552 3.634627 31.136637
v -30.802552 2.529076 31.136637
v -30.766942 3.634627 31.141751
v -30.766942 2.529076 31.141751
v -30.838162 3.634627 31.141745
v -30.838162 2.529076 31.141745
v -29.801068 2.529076 31.936329
v -29.943513 2.529076 31.936314
v -29.801068 3.634627 31.936329
v -29.943513 3.634627 31.936314
v -29.943513 2.529076 31.181305
v -29.943513 3.634627 31.181305
v -29.801068 2.529076 31.181317
v -29.801068 3.634627 31.181317
v -29.872292 3.634627 31.136637
v -29.872292 2.529076 31.136637
v -29.836682 3.634627 31.141751
v -29.836682 2.529076 31.141751
v -29.907903 3.634627 31.141745
v -29.907903 2.529076 31.141745
v -30.050336 2.529076 31.936327
v -30.192777 2.529076 31.936312
v -30.050336 3.634627 31.936327
v -30.192777 3.634627 31.936312
v -30.192777 2.529076 31.181299
v -30.192777 3.634627 31.181299
v -30.050336 2.529076 31.181317
v -30.050336 3.634627 31.181317
v -30.121556 3.634627 31.136637
v -30.121556 2.529076 31.136637
v -30.085946 3.634627 31.141749
v -30.085946 2.529076 31.141749
v -30.157166 3.634627 31.141743
v -30.157166 2.529076 31.141743
v -30.288911 2.529076 31.936327
v -30.431355 2.529076 31.936312
v -30.288911 3.634627 31.936327
v -30.431355 3.634627 31.936312
v -30.431355 2.529076 31.181299
v -30.431355 3.634627 31.181299
v -30.288911 2.529076 31.181317
v -30.288911 3.634627 31.181317
v -30.360131 3.634627 31.136637
v -30.360131 2.529076 31.136637
v -30.324521 3.634627 31.141749
v -30.324521 2.529076 31.141749
v -30.395741 3.634627 31.141743
v -30.395741 2.529076 31.141743
v -30.500100 2.529076 31.936327
v -30.642545 2.529076 31.936312
v -30.500100 3.634627 31.936327
v -30.642545 3.634627 31.936312
v -30.642545 2.529076 31.181299
v -30.642545 3.634627 31.181299
v -30.500100 2.529076 31.181317
v -30.500100 3.634627 31.181317
v -30.571320 3.634627 31.136637
v -30.571320 2.529076 31.136637
v -30.535710 3.634627 31.141749
v -30.535710 2.529076 31.141749
v -30.606931 3.634627 31.141743
v -30.606931 2.529076 31.141743
vt 0.897053 0.063595
vt 0.915458 0.011138
vt 0.879357 0.037683
vt 0.897052 0.037683
vt 0.914531 0.011973
vt 0.878109 0.037683
vt 0.875176 0.063595
vt 0.933155 0.014474
vt 0.857480 0.037683
vt 0.875175 0.037683
vt 0.877267 0.063595
vt 0.914532 0.013642
vt 0.876423 0.037683
vt 0.877266 0.037683
vt 0.878110 0.063595
vt 0.914411 0.012807
vt 0.876423 0.063595
vt 0.915459 0.014477
vt 0.857480 0.063595
vt 0.879357 0.063595
vt 0.933154 0.011135
vt 0.043072 0.113281
vt 0.025377 0.113281
vt 0.025376 0.087370
vt 0.043072 0.087369
vt 0.024129 0.113281
vt 0.024129 0.087370
vt 0.021195 0.113281
vt 0.003500 0.113281
vt 0.003499 0.087370
vt 0.021195 0.087370
vt 0.876222 0.063595
vt 0.857599 0.064433
vt 0.858526 0.063598
vt 0.023286 0.113281
vt 0.022443 0.113281
vt 0.022443 0.087370
vt 0.023286 0.087370
vt 0.876223 0.066933
vt 0.857600 0.066102
vt 0.857480 0.065267
vt 0.858527 0.066936
vt 0.100004 0.113284
vt 0.082309 0.113284
vt 0.082308 0.087372
vt 0.100004 0.087372
vt 0.081061 0.113284
vt 0.081061 0.087372
vt 0.078127 0.113284
vt 0.060432 0.113284
vt 0.060431 0.087373
vt 0.078127 0.087373
vt 0.406532 0.064595
vt 0.387910 0.065433
vt 0.388837 0.064598
vt 0.080218 0.113284
vt 0.079375 0.113284
vt 0.079375 0.087372
vt 0.080218 0.087372
vt 0.406533 0.067934
vt 0.387910 0.067102
vt 0.387790 0.066268
vt 0.388838 0.067937
vt 0.420247 0.113279
vt 0.402551 0.113279
vt 0.402551 0.087367
vt 0.420247 0.087367
vt 0.401304 0.113279
vt 0.401304 0.087367
vt 0.398370 0.113279
vt 0.380674 0.113279
vt 0.380674 0.087368
vt 0.398370 0.087367
vt 0.787265 0.002943
vt 0.768643 0.003781
vt 0.769570 0.002946
vt 0.400461 0.113279
vt 0.399618 0.113279
vt 0.399617 0.087367
vt 0.400460 0.087367
vt 0.787266 0.006282
vt 0.768643 0.005450
vt 0.768523 0.004616
vt 0.769571 0.006285
vt 0.363315 0.113277
vt 0.345619 0.113278
vt 0.345619 0.087366
vt 0.363315 0.087366
vt 0.344372 0.113278
vt 0.344372 0.087366
vt 0.341438 0.113278
vt 0.323742 0.113278
vt 0.323742 0.087366
vt 0.341438 0.087366
vt 0.869105 0.033120
vt 0.850483 0.033958
vt 0.851410 0.033123
vt 0.343529 0.113278
vt 0.342686 0.113278
vt 0.342685 0.087366
vt 0.343528 0.087366
vt 0.869106 0.036459
vt 0.850483 0.035627
vt 0.850363 0.034793
vt 0.851411 0.036462
vn -0.996564 0.082829 0.000000
vn -0.998723 0.023433 -0.044760
vn -0.998997 0.000000 -0.044772
vn -1.000000 0.000000 0.000000
vn -0.391305 0.676455 -0.623931
vn -0.531315 0.000000 -0.847175
vn 0.998723 0.023436 -0.044764
vn 0.996720 0.080923 0.000000
vn 1.000000 0.000000 0.000000
vn 0.998997 0.000000 -0.044776
vn 0.000068 0.715211 -0.698908
vn 0.517561 0.226590 -0.825098
vn 0.531383 0.000000 -0.847132
vn 0.000097 0.000000 -1.000000
vn -0.996564 0.082829 0.000000
vn -0.998723 0.023434 -0.044760
vn -0.998997 0.000000 -0.044772
vn -1.000000 0.000000 0.000000
vn -0.391305 0.676455 -0.623931
vn -0.531315 0.000000 -0.847175
vn 0.998723 0.023440 -0.044764
vn 0.996720 0.080923 0.000000
vn 1.000000 0.000000 0.000000
vn 0.998997 0.000000 -0.044776
vn 0.000068 0.715212 -0.698908
vn 0.517560 0.226599 -0.825096
vn 0.531383 0.000000 -0.847132
vn 0.000097 0.000000 -1.000000
vn -0.996564 0.082824 0.000000
vn -0.998723 0.023440 -0.044760
vn -0.998997 0.000000 -0.044772
vn -1.000000 0.000000 0.000000
vn -0.391264 0.676450 -0.623961
vn -0.531256 0.000000 -0.847212
vn 0.998723 0.023440 -0.044759
vn 0.996721 0.080919 0.000000
vn 1.000000 0.000000 0.000000
vn 0.998997 0.000000 -0.044771
vn 0.000068 0.715198 -0.698922
vn 0.517584 0.226568 -0.825090
vn 0.531403 0.000000 -0.847119
vn 0.000097 0.000000 -1.000000
vn -0.996564 0.082828 0.000000
vn -0.998723 0.023439 -0.044765
vn -0.998997 0.000000 -0.044777
vn -1.000000 0.000000 0.000000
vn -0.391245 0.676457 -0.623966
vn -0.531235 0.000000 -0.847224
vn 0.998723 0.023434 -0.044759
vn 0.996720 0.080923 0.000000
vn 1.000000 0.000000 0.000000
vn 0.998997 0.000000 -0.044771
vn 0.000068 0.715225 -0.698894
vn 0.517582 0.226585 -0.825087
vn 0.531403 0.000000 -0.847119
vn 0.000097 0.000000 -1.000000
vn -0.996564 0.082826 0.000000
vn -0.998723 0.023438 -0.044765
vn -0.998997 0.000000 -0.044777
vn -1.000000 0.000000 0.000000
vn -0.391250 0.676447 -0.623973
vn -0.531235 0.000000 -0.847224
vn 0.998723 0.023437 -0.044759
vn 0.996720 0.080921 0.000000
vn 1.000000 0.000000 0.000000
vn 0.998997 0.000000 -0.044771
vn 0.000068 0.715217 -0.698902
vn 0.517581 0.226594 -0.825085
vn 0.531403 0.000000 -0.847119
vn 0.000097 0.000000 -1.000000
s 1
g Consultorio Cube_19_1
usemtl lambert3SG
f 858/1193/1503 860/1212/1504 859/1195/1505 856/1196/1506
f 860/1212/1504 867/1207/1507 868/1198/1508 859/1195/1505
f 862/1199/1509 857/1211/1510 855/1201/1511 861/1202/1512
f 858/1213/1503 867/1197/1507 860/1194/1504
f 863/1203/1513 865/1209/1514 866/1205/1515 864/1206/1516
f 857/1200/1510 865/1204/1514 863/1208/1513
f 865/1209/1514 862/1199/1509 861/1202/1512 866/1205/1515
f 862/1210/1509 865/1204/1514 857/1200/1510
f 867/1207/1507 863/1203/1513 864/1206/1516 868/1198/1508
f 857/1200/1510 863/1208/1513 867/1197/1507 858/1213/1503
s 4
f 872/1214/1517 874/1215/1518 873/1216/1519 870/1217/1520
f 874/1215/1518 881/1218/1521 882/1219/1522 873/1216/1519
f 876/1220/1523 871/1221/1524 869/1222/1525 875/1223/1526
f 872/1224/1517 881/1225/1521 874/1226/1518
f 877/1227/1527 879/1228/1528 880/1229/1529 878/1230/1530
f 871/1231/1524 879/1232/1528 877/1233/1527
f 879/1228/1528 876/1220/1523 875/1223/1526 880/1229/1529
f 876/1234/1523 879/1232/1528 871/1231/1524
f 881/1218/1521 877/1227/1527 878/1230/1530 882/1219/1522
f 871/1231/1524 877/1233/1527 881/1225/1521 872/1224/1517
s 7
f 886/1235/1531 888/1236/1532 887/1237/1533 884/1238/1534
f 888/1236/1532 895/1239/1535 896/1240/1536 887/1237/1533
f 890/1241/1537 885/1242/1538 883/1243/1539 889/1244/1540
f 886/1245/1531 895/1246/1535 888/1247/1532
f 891/1248/1541 893/1249/1542 894/1250/1543 892/1251/1544
f 885/1252/1538 893/1253/1542 891/1254/1541
f 893/1249/1542 890/1241/1537 889/1244/1540 894/1250/1543
f 890/1255/1537 893/1253/1542 885/1252/1538
f 895/1239/1535 891/1248/1541 892/1251/1544 896/1240/1536
f 885/1252/1538 891/1254/1541 895/1246/1535 886/1245/1531
s 10
f 900/1256/1545 902/1257/1546 901/1258/1547 898/1259/1548
f 902/1257/1546 909/1260/1549 910/1261/1550 901/1258/1547
f 904/1262/1551 899/1263/1552 897/1264/1553 903/1265/1554
f 900/1266/1545 909/1267/1549 902/1268/1546
f 905/1269/1555 907/1270/1556 908/1271/1557 906/1272/1558
f 899/1273/1552 907/1274/1556 905/1275/1555
f 907/1270/1556 904/1262/1551 903/1265/1554 908/1271/1557
f 904/1276/1551 907/1274/1556 899/1273/1552
f 909/1260/1549 905/1269/1555 906/1272/1558 910/1261/1550
f 899/1273/1552 905/1275/1555 909/1267/1549 900/1266/1545
s 13
f 914/1277/1559 916/1278/1560 915/1279/1561 912/1280/1562
f 916/1278/1560 923/1281/1563 924/1282/1564 915/1279/1561
f 918/1283/1565 913/1284/1566 911/1285/1567 917/1286/1568
f 914/1287/1559 923/1288/1563 916/1289/1560
f 919/1290/1569 921/1291/1570 922/1292/1571 920/1293/1572
f 913/1294/1566 921/1295/1570 919/1296/1569
f 921/1291/1570 918/1283/1565 917/1286/1568 922/1292/1571
f 918/1297/1565 921/1295/1570 913/1294/1566
f 923/1281/1563 919/1290/1569 920/1293/1572 924/1282/1564
f 913/1294/1566 919/1296/1569 923/1288/1563 914/1287/1559
