# This file uses meters as units for non-parametric coordinates.

mtllib Añadidos.mtl
g default
v -8.089837 13.356985 -9.477828
v -6.794646 13.356985 -9.477828
v -8.315724 13.983804 -9.318774
v -6.568758 13.983804 -9.318774
v -8.315724 13.983804 -10.548872
v -6.568758 13.983804 -10.548872
v -8.089837 13.356985 -10.389816
v -6.794646 13.356985 -10.389816
v -8.285044 14.058584 -9.340379
v -6.599442 14.058584 -9.340379
v -6.599442 14.058584 -10.527260
v -8.285044 14.058584 -10.527260
v -8.307042 14.004965 -9.324888
v -6.577442 14.004965 -9.324888
v -6.577442 14.004965 -10.542756
v -8.307042 14.004965 -10.542756
v -8.219462 13.716686 -9.386555
v -6.665020 13.716686 -9.386555
v -6.665020 13.716686 -10.481091
v -8.219463 13.716686 -10.481091
vt 0.682960 0.013802
vt 0.005254 0.013522
vt 0.257634 0.014005
vt 0.683170 0.013802
vt 0.000000 0.013885
vt 0.257659 0.014005
vt 0.257659 0.013667
vt 0.262905 0.013431
vt 0.683170 0.014139
vt 0.262881 0.013910
vt 0.257424 0.013667
vt 0.262677 0.013431
vt 0.683196 0.013802
vt 0.000371 0.013885
vt 0.000371 0.013357
vt 0.000000 0.013357
vt 0.005482 0.013522
vt 0.005457 0.013522
vt 0.257424 0.014005
vt 0.683178 0.013802
vt 0.005464 0.013522
vt 0.257641 0.014005
vt 0.262888 0.013910
vt 0.683178 0.014139
vt 0.683081 0.013802
vt 0.005370 0.013522
vt 0.257544 0.014005
vt 0.262794 0.013910
vt 0.683081 0.014139
vt 0.005482 0.014001
vt 0.005370 0.014001
vt 0.005457 0.014001
vt 0.005464 0.014001
vt 0.005254 0.014001
vt 0.683196 0.014139
vt 0.262794 0.013431
vt 0.682960 0.014139
vt 0.262888 0.013431
vt 0.262881 0.013431
vt 0.262905 0.013910
vt 0.257544 0.013667
vt 0.262677 0.013910
vt 0.257641 0.013667
vt 0.257634 0.013667
vn 0.000000 -0.245953 0.969282
vn 0.000000 -0.245952 0.969282
vn 0.000000 -0.245952 0.969282
vn 0.000000 -0.245952 0.969282
vn 0.000000 1.000000 0.000000
vn 0.000000 1.000000 0.000000
vn 0.000000 1.000000 0.000000
vn 0.000000 1.000000 0.000000
vn 0.000000 -0.245957 -0.969281
vn 0.000000 -0.245957 -0.969281
vn 0.000000 -0.245956 -0.969281
vn 0.000000 -0.245956 -0.969281
vn 0.940776 -0.339028 -0.000000
vn 0.940776 -0.339028 -0.000000
vn 0.940776 -0.339028 -0.000000
vn 0.940776 -0.339028 -0.000000
vn -0.940776 -0.339028 0.000000
vn -0.940776 -0.339028 0.000000
vn -0.940777 -0.339025 0.000000
vn -0.940777 -0.339025 0.000000
vn 0.000000 0.277554 0.960710
vn 0.000000 0.277554 0.960710
vn 0.000000 0.277551 0.960711
vn 0.000000 0.277551 0.960711
vn 0.925152 0.379597 0.000000
vn 0.925152 0.379597 0.000000
vn 0.925153 0.379595 0.000000
vn 0.925153 0.379595 0.000000
vn 0.000000 0.277646 -0.960683
vn 0.000000 0.277646 -0.960683
vn 0.000000 0.277651 -0.960682
vn 0.000000 0.277651 -0.960682
vn -0.925164 0.379567 0.000000
vn -0.925164 0.379567 0.000000
vn -0.925165 0.379566 0.000000
vn -0.925165 0.379566 0.000000
vn 0.000000 0.277559 0.960709
vn 0.000000 0.277559 0.960709
vn 0.000000 0.277554 0.960710
vn 0.000000 0.277554 0.960710
vn 0.925151 0.379600 0.000000
vn 0.925151 0.379600 0.000000
vn 0.925152 0.379597 0.000000
vn 0.925152 0.379597 0.000000
vn 0.000000 0.277639 -0.960685
vn 0.000000 0.277639 -0.960685
vn 0.000000 0.277646 -0.960683
vn 0.000000 0.277646 -0.960683
vn -0.925163 0.379569 0.000000
vn -0.925163 0.379569 0.000000
vn -0.925164 0.379567 0.000000
vn -0.925164 0.379567 0.000000
vn 0.000000 -0.245954 0.969282
vn 0.000000 -0.245954 0.969282
vn 0.000000 -0.245952 0.969282
vn 0.000000 -0.245953 0.969282
vn 0.940776 -0.339028 -0.000001
vn 0.940776 -0.339028 -0.000001
vn 0.940776 -0.339028 -0.000000
vn 0.940776 -0.339028 -0.000000
vn 0.000000 -0.245956 -0.969281
vn 0.000000 -0.245956 -0.969281
vn 0.000000 -0.245954 -0.969282
vn 0.000000 -0.245954 -0.969281
vn -0.940775 -0.339031 0.000000
vn -0.940775 -0.339031 0.000000
vn -0.940776 -0.339028 0.000000
vn -0.940776 -0.339028 0.000000
s off
g nuevos29 AFBXASC195FBXASC177adidos
usemtl nuevos29SG
f 17/31/1 18/26/2 4/18/3 3/32/4
f 9/5/5 10/16/6 11/15/7 12/14/8
f 5/39/9 6/10/10 19/28/11 20/36/12
f 18/27/13 19/41/14 6/44/15 4/3/16
f 20/29/17 17/25/18 3/4/19 5/9/20
f 13/33/21 14/21/22 10/17/23 9/30/24
f 14/22/25 15/43/26 11/7/27 10/6/28
f 15/23/29 16/38/30 12/8/31 11/40/32
f 16/24/33 13/20/34 9/13/35 12/35/36
f 3/32/37 4/18/38 14/21/39 13/33/40
f 4/3/41 6/44/42 15/43/43 14/22/44
f 6/10/45 5/39/46 16/38/47 15/23/48
f 5/9/49 3/4/50 13/20/51 16/24/52
f 1/34/53 2/2/54 18/26/55 17/31/56
f 2/19/57 8/11/58 19/41/59 18/27/60
f 20/36/61 19/28/62 8/42/63 7/12/64
f 7/37/65 1/1/66 17/25/67 20/29/68
g default
v -7.383254 14.190151 -9.673927
v -6.919892 14.190151 -9.916267
v -7.099980 14.190151 -10.193717
v -7.563339 14.190151 -9.951374
v -7.383254 14.181291 -9.673927
v -6.919892 14.181291 -9.916267
v -7.099980 14.181291 -10.193717
v -7.563339 14.181291 -9.951374
vt 0.005256 0.014256
vt 0.005256 0.014093
vt 0.005359 0.014093
vt 0.005359 0.014256
vt 0.005256 0.014259
vt 0.005254 0.014093
vt 0.005359 0.014090
vt 0.005362 0.014256
vt 0.005254 0.014256
vt 0.005359 0.014259
vt 0.005256 0.014090
vt 0.005362 0.014093
vn 0.000000 1.000000 -0.000001
vn 0.000000 1.000000 -0.000001
vn 0.000000 1.000000 -0.000001
vn 0.000000 1.000000 -0.000001
vn 0.463416 0.000000 0.886141
vn 0.463416 0.000000 0.886141
vn 0.463416 0.000000 0.886141
vn 0.463416 0.000000 0.886141
vn 0.838797 0.000000 -0.544444
vn 0.838797 0.000000 -0.544444
vn 0.838797 0.000000 -0.544444
vn 0.838797 0.000000 -0.544444
vn -0.463462 0.000000 -0.886117
vn -0.463462 0.000000 -0.886117
vn -0.463462 0.000000 -0.886117
vn -0.463462 0.000000 -0.886117
vn -0.838795 0.000000 0.544447
vn -0.838795 0.000000 0.544447
vn -0.838795 0.000000 0.544447
vn -0.838795 0.000000 0.544447
s off
g AFBXASC195FBXASC177adidos nuevos28
usemtl nuevos29SG
f 21/45/69 22/46/70 23/47/71 24/48/72
f 22/46/73 21/45/74 25/53/75 26/50/76
f 23/47/77 22/46/78 26/55/79 27/51/80
f 24/48/81 23/47/82 27/56/83 28/52/84
f 21/45/85 24/48/86 28/54/87 25/49/88
g default
v -3.594315 14.616944 -7.174278
v 9.190460 14.616944 -7.174278
v -3.594315 15.493508 -7.174278
v 9.190460 15.493508 -7.174278
v -3.594315 15.493508 -7.184997
v 9.190460 15.493508 -7.184997
v -3.594315 14.616944 -7.184997
v 9.190460 14.616944 -7.184997
vt 0.781525 0.002134
vt 0.777524 0.002135
vt 0.777524 0.002132
vt 0.781525 0.002131
vt 0.777524 0.001857
vt 0.781525 0.001857
vt 0.777524 0.001854
vt 0.781525 0.001853
vn 0.000000 1.000000 0.000000
vn 0.000000 1.000000 0.000000
vn 0.000000 1.000000 0.000000
vn 0.000000 1.000000 0.000000
vn 0.000000 0.000000 -1.000000
vn 0.000000 0.000000 -1.000000
vn 0.000000 0.000000 -1.000000
vn 0.000000 0.000000 -1.000000
vn 0.000000 -1.000000 0.000000
vn 0.000000 -1.000000 0.000000
vn 0.000000 -1.000000 0.000000
vn 0.000000 -1.000000 0.000000
s off
g AFBXASC195FBXASC177adidos nuevos27
usemtl nuevos29SG
f 31/57/89 32/58/90 34/59/91 33/60/92
f 33/60/93 34/59/94 36/61/95 35/62/96
f 35/62/97 36/61/98 30/63/99 29/64/100
g default
v -11.147911 15.034416 -7.793511
v -6.692143 15.034416 -7.793511
v -11.147911 16.500038 -7.793511
v -6.692143 16.500038 -7.793511
v -11.147911 16.500038 -7.836292
v -6.692143 16.500038 -7.836292
v -11.147911 15.034416 -7.836292
v -6.692143 15.034416 -7.836292
vt 0.001421 0.012661
vt 0.000014 0.012674
vt 0.000014 0.012661
vt 0.001407 0.012661
vt 0.000014 0.012202
vt 0.001407 0.012202
vt 0.000000 0.012202
vt 0.001407 0.012189
vt 0.001421 0.012202
vt 0.000014 0.012189
vt 0.000000 0.012661
vt 0.001407 0.012674
vn 0.000000 1.000000 0.000000
vn 0.000000 1.000000 0.000000
vn 0.000000 1.000000 0.000000
vn 0.000000 1.000000 0.000000
vn 0.000000 0.000000 -1.000000
vn 0.000000 0.000000 -1.000000
vn 0.000000 0.000000 -1.000000
vn 0.000000 0.000000 -1.000000
vn 0.000000 -1.000000 0.000000
vn 0.000000 -1.000000 0.000000
vn 0.000000 -1.000000 0.000000
vn 0.000000 -1.000000 0.000000
vn 1.000000 0.000000 0.000000
vn 1.000000 0.000000 0.000000
vn 1.000000 0.000000 0.000000
vn 1.000000 0.000000 0.000000
vn -1.000000 0.000000 0.000000
vn -1.000000 0.000000 0.000000
vn -1.000000 0.000000 0.000000
vn -1.000000 0.000000 0.000000
s off
g AFBXASC195FBXASC177adidos nuevos26
usemtl nuevos29SG
f 39/76/101 40/66/102 42/67/103 41/68/104
f 41/68/105 42/67/106 44/69/107 43/70/108
f 43/70/109 44/69/110 38/74/111 37/72/112
f 38/71/113 44/69/114 42/67/115 40/75/116
f 43/70/117 37/73/118 39/65/119 41/68/120
g default
v -11.784233 12.839997 -9.102079
v -11.780699 12.839188 -9.089344
v -11.769959 12.837417 -9.084657
v -11.760099 12.835999 -9.091545
v -11.758547 12.836045 -9.104823
v -11.766470 12.837479 -9.114492
v -11.777902 12.839234 -9.113271
v -11.772930 13.031998 -9.098479
v -11.769363 13.031647 -9.085735
v -11.758533 13.031319 -9.081021
v -11.748593 13.031235 -9.087885
v -11.747029 13.031478 -9.101159
v -11.755016 13.031852 -9.110847
v -11.766544 13.032074 -9.109655
v -11.795449 13.611451 -9.087596
v -11.791886 13.611092 -9.074853
v -11.781055 13.610688 -9.070139
v -11.771116 13.610542 -9.077005
v -11.769553 13.610771 -9.090280
v -11.777540 13.611199 -9.099967
v -11.789064 13.611503 -9.098773
v -11.768278 13.941540 -9.081410
v -11.764757 13.940613 -9.068678
v -11.754056 13.938496 -9.063997
v -11.744236 13.936791 -9.070891
v -11.742691 13.936771 -9.084170
v -11.750583 13.938454 -9.093834
v -11.761971 13.940586 -9.092606
v -11.676674 14.366047 -9.064781
v -11.673090 14.365570 -9.052049
v -11.662398 14.363411 -9.047367
v -11.652643 14.361198 -9.054261
v -11.651178 14.360607 -9.067540
v -11.659102 14.362064 -9.077204
v -11.670449 14.364482 -9.075975
v -11.686312 14.753784 -9.066198
v -11.682799 14.752817 -9.053466
v -11.672115 14.750580 -9.048784
v -11.662307 14.748754 -9.055678
v -11.660764 14.748718 -9.068958
v -11.668641 14.750496 -9.078622
v -11.680011 14.752752 -9.077394
v -11.764088 15.476532 -9.052607
v -11.760599 15.477154 -9.039845
v -11.749993 15.479741 -9.035072
v -11.740256 15.482348 -9.041883
v -11.738721 15.483010 -9.055149
v -11.746545 15.481228 -9.064879
v -11.757833 15.478346 -9.063747
v -11.778446 15.987235 -9.043016
v -11.774885 15.986794 -9.030273
v -11.764064 15.986145 -9.025562
v -11.754129 15.985782 -9.032431
v -11.752565 15.985978 -9.045704
v -11.760547 15.986580 -9.055390
v -11.772063 15.987140 -9.054194
v -11.772625 16.416763 -9.034957
v -11.769065 16.416725 -9.022207
v -11.758246 16.417290 -9.017473
v -11.748316 16.418047 -9.024319
v -11.746751 16.418411 -9.037590
v -11.754728 16.418114 -9.047293
v -11.766244 16.417389 -9.046122
v -11.786287 16.649887 -9.030577
v -11.782826 16.650650 -9.017812
v -11.772300 16.653664 -9.013032
v -11.762640 16.656677 -9.019835
v -11.761115 16.657394 -9.033100
v -11.768879 16.655296 -9.042837
v -11.780082 16.651955 -9.041714
v -11.833418 16.874649 -9.026342
v -11.829880 16.874878 -9.013587
v -11.819118 16.876322 -9.008837
v -11.809240 16.877853 -9.015668
v -11.807684 16.878342 -9.028936
v -11.815620 16.877426 -9.038651
v -11.827073 16.875771 -9.037497
v -11.825953 17.097656 -9.022160
v -11.822417 17.096878 -9.009423
v -11.811666 17.095184 -9.004732
v -11.801800 17.093872 -9.011617
v -11.800244 17.093910 -9.024894
v -11.808170 17.095276 -9.034565
v -11.819612 17.096939 -9.033348
v -11.827997 17.157555 -9.021034
v -11.824527 17.158287 -9.008270
v -11.813994 17.161263 -9.003490
v -11.804319 17.164215 -9.010296
v -11.802796 17.164925 -9.023560
v -11.810568 17.162872 -9.033297
v -11.821783 17.159599 -9.032171
vt 0.006611 0.001881
vt 0.006611 0.001857
vt 0.006551 0.001857
vt 0.006551 0.001853
vt 0.006611 0.001861
vt 0.006551 0.001861
vt 0.006611 0.001865
vt 0.006551 0.001865
vt 0.006611 0.001869
vt 0.006551 0.001869
vt 0.006611 0.001873
vt 0.006551 0.001873
vt 0.006611 0.001877
vt 0.006551 0.001877
vt 0.006369 0.001857
vt 0.006369 0.001853
vt 0.006369 0.001861
vt 0.006369 0.001865
vt 0.006369 0.001869
vt 0.006369 0.001873
vt 0.006369 0.001877
vt 0.006267 0.001857
vt 0.006267 0.001853
vt 0.006267 0.001861
vt 0.006267 0.001865
vt 0.006267 0.001869
vt 0.006267 0.001873
vt 0.006267 0.001877
vt 0.006131 0.001857
vt 0.006131 0.001853
vt 0.006131 0.001861
vt 0.006131 0.001865
vt 0.006131 0.001869
vt 0.006131 0.001873
vt 0.006131 0.001877
vt 0.006010 0.001857
vt 0.006010 0.001853
vt 0.006010 0.001861
vt 0.006010 0.001865
vt 0.006010 0.001869
vt 0.006010 0.001873
vt 0.006010 0.001877
vt 0.005781 0.001857
vt 0.005781 0.001853
vt 0.005781 0.001861
vt 0.005781 0.001865
vt 0.005781 0.001869
vt 0.005781 0.001873
vt 0.005781 0.001877
vt 0.005622 0.001857
vt 0.005622 0.001853
vt 0.005622 0.001861
vt 0.005622 0.001865
vt 0.005622 0.001869
vt 0.005622 0.001873
vt 0.005622 0.001877
vt 0.005488 0.001857
vt 0.005488 0.001853
vt 0.005488 0.001861
vt 0.005488 0.001865
vt 0.005488 0.001869
vt 0.005488 0.001873
vt 0.005488 0.001877
vt 0.005414 0.001857
vt 0.005414 0.001853
vt 0.005414 0.001861
vt 0.005414 0.001865
vt 0.005414 0.001869
vt 0.005414 0.001873
vt 0.005414 0.001877
vt 0.005343 0.001857
vt 0.005343 0.001853
vt 0.005343 0.001861
vt 0.005343 0.001865
vt 0.005343 0.001869
vt 0.005343 0.001873
vt 0.005343 0.001877
vt 0.005274 0.001857
vt 0.005274 0.001853
vt 0.005274 0.001861
vt 0.005274 0.001865
vt 0.005274 0.001869
vt 0.005274 0.001873
vt 0.005274 0.001877
vt 0.005254 0.001857
vt 0.005254 0.001853
vt 0.005254 0.001861
vt 0.005254 0.001865
vt 0.005254 0.001869
vt 0.005254 0.001873
vt 0.005254 0.001877
vt 0.005254 0.001881
vt 0.005274 0.001881
vt 0.005343 0.001881
vt 0.005414 0.001881
vt 0.005488 0.001881
vt 0.005622 0.001881
vt 0.005781 0.001881
vt 0.006010 0.001881
vt 0.006131 0.001881
vt 0.006267 0.001881
vt 0.006369 0.001881
vt 0.006551 0.001881
vt 0.006611 0.001853
vn -0.991111 0.060580 -0.118448
vn -0.758797 0.032491 0.650517
vn -0.765321 -0.023145 0.643233
vn -0.992850 -0.012301 -0.118735
vn 0.133953 -0.026474 0.990634
vn 0.119824 -0.016822 0.992653
vn 0.873673 -0.060546 0.482731
vn 0.871999 0.003151 0.489498
vn 0.963506 -0.051866 -0.262614
vn 0.964133 0.018615 -0.264765
vn 0.425221 -0.008091 -0.905053
vn 0.414094 0.023089 -0.909941
vn -0.547190 0.047890 -0.835638
vn -0.557124 0.007571 -0.830395
vn -0.778952 -0.007835 0.627035
vn -0.993321 0.007294 -0.115155
vn 0.082877 -0.019185 0.996375
vn 0.863990 -0.013545 0.503327
vn 0.961769 0.000568 -0.273860
vn 0.383062 0.015380 -0.923595
vn -0.580756 0.018202 -0.813874
vn -0.770386 0.102390 0.629302
vn -0.980514 0.158486 -0.116083
vn 0.079962 -0.043575 0.995845
vn 0.852421 -0.149436 0.501047
vn 0.949774 -0.140850 -0.279447
vn 0.378193 -0.032178 -0.925167
vn -0.568126 0.113747 -0.815043
vn -0.751691 0.062473 0.656549
vn -0.988799 0.098702 -0.111958
vn 0.135799 -0.027662 0.990350
vn 0.868610 -0.097803 0.485748
vn 0.961161 -0.095524 -0.258932
vn 0.427906 -0.023622 -0.903514
vn -0.545744 0.073204 -0.834748
vn -0.762012 -0.067849 0.643999
vn -0.989541 -0.078659 -0.120919
vn 0.144423 0.003400 0.989510
vn 0.879091 0.062746 0.472507
vn 0.963331 0.075699 -0.257416
vn 0.435007 0.045759 -0.899264
vn -0.548703 -0.032058 -0.835402
vn -0.775072 -0.069833 0.628002
vn -0.990423 -0.073386 -0.116952
vn 0.101777 -0.009044 0.994766
vn 0.868573 0.054476 0.492558
vn 0.961453 0.074919 -0.264565
vn 0.402145 0.048557 -0.914288
vn -0.573171 -0.026457 -0.819009
vn -0.776399 -0.018799 0.629961
vn -0.993219 -0.006503 -0.116075
vn 0.094457 -0.018267 0.995361
vn 0.867420 -0.001706 0.497574
vn 0.962875 0.013601 -0.269603
vn 0.394490 0.020383 -0.918674
vn -0.575160 0.010033 -0.817980
vn -0.766587 -0.021176 0.641792
vn -0.992866 -0.009299 -0.118869
vn 0.118629 -0.017470 0.992785
vn 0.872172 0.001977 0.489196
vn 0.964141 0.017458 -0.264816
vn 0.413789 0.022040 -0.910106
vn -0.558172 0.008708 -0.829680
vn -0.755837 -0.112146 0.645085
vn -0.984495 -0.125672 -0.122375
vn 0.125415 -0.005595 0.992089
vn 0.865118 0.106721 0.490083
vn 0.955788 0.133996 -0.261753
vn 0.415598 0.069614 -0.906880
vn -0.546405 -0.058313 -0.835489
vn -0.781439 -0.081254 0.618668
vn -0.989438 -0.087097 -0.115871
vn 0.062092 -0.011112 0.998009
vn 0.854707 0.066158 0.514878
vn 0.956509 0.089556 -0.277616
vn 0.363384 0.051373 -0.930222
vn -0.588815 -0.036187 -0.807457
vn -0.779492 0.002851 0.626406
vn -0.993197 0.020171 -0.114684
vn 0.090899 -0.018969 0.995679
vn 0.867584 -0.024730 0.496675
vn 0.962815 -0.012299 -0.269881
vn 0.392665 0.011309 -0.919612
vn -0.579603 0.026619 -0.814464
vn -0.741269 -0.038119 0.670125
vn -0.991559 -0.031670 -0.125732
vn 0.199012 -0.011205 0.979933
vn 0.891157 0.023364 0.453093
vn 0.969126 0.039273 -0.243417
vn 0.482103 0.033682 -0.875467
vn -0.510782 -0.001465 -0.859709
s 1
g AFBXASC195FBXASC177adidos nuevos25
usemtl nuevos29SG
f 45/180/121 46/78/122 53/79/123 52/80/124
f 46/78/122 47/81/125 54/82/126 53/79/123
f 47/81/125 48/83/127 55/84/128 54/82/126
f 48/83/127 49/85/129 56/86/130 55/84/128
f 49/85/129 50/87/131 57/88/132 56/86/130
f 50/87/131 51/89/133 58/90/134 57/88/132
f 51/89/133 45/77/121 52/179/124 58/90/134
f 52/80/124 53/79/123 60/91/135 59/92/136
f 53/79/123 54/82/126 61/93/137 60/91/135
f 54/82/126 55/84/128 62/94/138 61/93/137
f 55/84/128 56/86/130 63/95/139 62/94/138
f 56/86/130 57/88/132 64/96/140 63/95/139
f 57/88/132 58/90/134 65/97/141 64/96/140
f 58/90/134 52/179/124 59/178/136 65/97/141
f 59/92/136 60/91/135 67/98/142 66/99/143
f 60/91/135 61/93/137 68/100/144 67/98/142
f 61/93/137 62/94/138 69/101/145 68/100/144
f 62/94/138 63/95/139 70/102/146 69/101/145
f 63/95/139 64/96/140 71/103/147 70/102/146
f 64/96/140 65/97/141 72/104/148 71/103/147
f 65/97/141 59/178/136 66/177/143 72/104/148
f 66/99/143 67/98/142 74/105/149 73/106/150
f 67/98/142 68/100/144 75/107/151 74/105/149
f 68/100/144 69/101/145 76/108/152 75/107/151
f 69/101/145 70/102/146 77/109/153 76/108/152
f 70/102/146 71/103/147 78/110/154 77/109/153
f 71/103/147 72/104/148 79/111/155 78/110/154
f 72/104/148 66/177/143 73/176/150 79/111/155
f 73/106/150 74/105/149 81/112/156 80/113/157
f 74/105/149 75/107/151 82/114/158 81/112/156
f 75/107/151 76/108/152 83/115/159 82/114/158
f 76/108/152 77/109/153 84/116/160 83/115/159
f 77/109/153 78/110/154 85/117/161 84/116/160
f 78/110/154 79/111/155 86/118/162 85/117/161
f 79/111/155 73/176/150 80/175/157 86/118/162
f 80/113/157 81/112/156 88/119/163 87/120/164
f 81/112/156 82/114/158 89/121/165 88/119/163
f 82/114/158 83/115/159 90/122/166 89/121/165
f 83/115/159 84/116/160 91/123/167 90/122/166
f 84/116/160 85/117/161 92/124/168 91/123/167
f 85/117/161 86/118/162 93/125/169 92/124/168
f 86/118/162 80/175/157 87/174/164 93/125/169
f 87/120/164 88/119/163 95/126/170 94/127/171
f 88/119/163 89/121/165 96/128/172 95/126/170
f 89/121/165 90/122/166 97/129/173 96/128/172
f 90/122/166 91/123/167 98/130/174 97/129/173
f 91/123/167 92/124/168 99/131/175 98/130/174
f 92/124/168 93/125/169 100/132/176 99/131/175
f 93/125/169 87/174/164 94/173/171 100/132/176
f 94/127/171 95/126/170 102/133/177 101/134/178
f 95/126/170 96/128/172 103/135/179 102/133/177
f 96/128/172 97/129/173 104/136/180 103/135/179
f 97/129/173 98/130/174 105/137/181 104/136/180
f 98/130/174 99/131/175 106/138/182 105/137/181
f 99/131/175 100/132/176 107/139/183 106/138/182
f 100/132/176 94/173/171 101/172/178 107/139/183
f 101/134/178 102/133/177 109/140/184 108/141/185
f 102/133/177 103/135/179 110/142/186 109/140/184
f 103/135/179 104/136/180 111/143/187 110/142/186
f 104/136/180 105/137/181 112/144/188 111/143/187
f 105/137/181 106/138/182 113/145/189 112/144/188
f 106/138/182 107/139/183 114/146/190 113/145/189
f 107/139/183 101/172/178 108/171/185 114/146/190
f 108/141/185 109/140/184 116/147/191 115/148/192
f 109/140/184 110/142/186 117/149/193 116/147/191
f 110/142/186 111/143/187 118/150/194 117/149/193
f 111/143/187 112/144/188 119/151/195 118/150/194
f 112/144/188 113/145/189 120/152/196 119/151/195
f 113/145/189 114/146/190 121/153/197 120/152/196
f 114/146/190 108/171/185 115/170/192 121/153/197
f 115/148/192 116/147/191 123/154/198 122/155/199
f 116/147/191 117/149/193 124/156/200 123/154/198
f 117/149/193 118/150/194 125/157/201 124/156/200
f 118/150/194 119/151/195 126/158/202 125/157/201
f 119/151/195 120/152/196 127/159/203 126/158/202
f 120/152/196 121/153/197 128/160/204 127/159/203
f 121/153/197 115/170/192 122/169/199 128/160/204
f 122/155/199 123/154/198 130/161/205 129/162/206
f 123/154/198 124/156/200 131/163/207 130/161/205
f 124/156/200 125/157/201 132/164/208 131/163/207
f 125/157/201 126/158/202 133/165/209 132/164/208
f 126/158/202 127/159/203 134/166/210 133/165/209
f 127/159/203 128/160/204 135/167/211 134/166/210
f 128/160/204 122/169/199 129/168/206 135/167/211
g default
v -9.618694 13.713627 -6.013634
v -9.577732 13.713627 -6.013634
v -9.618694 13.987991 -6.013634
v -9.577732 13.987991 -6.013634
v -9.618694 13.987991 -17.047058
v -9.577732 13.987991 -17.047058
v -9.618694 13.713627 -17.047058
v -9.577732 13.713627 -17.047058
v -9.476261 13.987991 -16.728155
v -9.517220 13.987991 -16.728155
v -9.517220 13.713627 -16.728155
v -9.476261 13.713627 -16.728155
v -9.476261 13.987991 -6.332531
v -9.517220 13.987991 -6.332531
v -9.517220 13.713627 -6.332531
v -9.476261 13.713627 -6.332531
vt 0.662045 0.258824
vt 0.662032 0.258824
vt 0.662032 0.258719
vt 0.662045 0.258719
vt 0.661946 0.258824
vt 0.661946 0.258719
vt 0.662130 0.258719
vt 0.662130 0.258824
vt 0.662045 0.255459
vt 0.662032 0.255459
vt 0.662032 0.255354
vt 0.662045 0.255354
vt 0.662130 0.255354
vt 0.662130 0.255459
vt 0.661946 0.255459
vt 0.661946 0.255354
vn 0.000000 1.000000 0.000000
vn 0.000000 1.000000 0.000000
vn 0.000000 1.000000 0.000000
vn 0.000000 1.000000 0.000000
vn 0.952923 0.000000 0.303214
vn 0.999955 0.000000 0.009470
vn 0.999955 0.000000 0.009470
vn 0.952923 0.000000 0.303214
vn -0.999955 0.000000 -0.009470
vn -0.952919 0.000000 -0.303224
vn -0.952919 0.000000 -0.303224
vn -0.999955 0.000000 -0.009470
vn 0.000000 1.000000 0.000000
vn 0.000000 1.000000 0.000000
vn 0.000000 1.000000 0.000000
vn 0.000000 1.000000 0.000000
vn -0.952921 0.000000 0.303220
vn -0.999955 0.000000 0.009470
vn -0.999955 0.000000 0.009470
vn -0.952921 0.000000 0.303220
vn 0.999955 0.000000 -0.009470
vn 0.999955 0.000000 -0.009470
vn 0.952924 0.000000 -0.303210
vn 0.952924 0.000000 -0.303210
vn 0.000000 1.000000 0.000000
vn 0.000000 1.000000 0.000000
vn 0.000000 1.000000 0.000000
vn 0.000000 1.000000 0.000000
vn -0.999955 0.000000 0.009470
vn -0.999955 0.000000 -0.009470
vn -0.999955 0.000000 -0.009470
vn -0.999955 0.000000 0.009470
vn 0.999955 0.000000 0.009470
vn 0.999955 0.000000 0.009470
vn 0.999955 0.000000 -0.009470
vn 0.999955 0.000000 -0.009470
s off
g AFBXASC195FBXASC177adidos nuevos24
usemtl nuevos29SG
f 138/181/212 139/182/213 148/183/214 149/184/215
f 137/185/216 151/186/217 148/183/218 139/182/219
f 150/187/220 136/188/221 138/181/222 149/184/223
f 145/189/224 144/190/225 141/191/226 140/192/227
f 142/193/228 146/194/229 145/189/230 140/192/231
f 144/190/232 147/195/233 143/196/234 141/191/235
f 149/184/236 148/183/237 144/190/238 145/189/239
f 146/194/240 150/187/241 149/184/242 145/189/243
f 148/183/244 151/186/245 147/195/246 144/190/247
g default
v -5.665688 17.846811 -7.213341
v -5.695610 12.503228 -7.210495
v -5.230595 17.838415 -7.211529
v -5.260513 12.494837 -7.208679
v -5.237011 17.838392 -7.242309
v -5.266930 12.494814 -7.239464
v -5.672100 17.846786 -7.244114
v -5.702019 12.503205 -7.241272
vt 0.777636 0.002261
vt 0.779583 0.002261
vt 0.779583 0.002272
vt 0.777636 0.002272
vt 0.779583 0.002377
vt 0.777636 0.002377
vt 0.777524 0.002261
vt 0.779583 0.002135
vt 0.777524 0.002272
vt 0.777636 0.002135
vn 0.978946 -0.005590 -0.204045
vn 0.978946 -0.005590 -0.204045
vn 0.978946 -0.005590 -0.204045
vn 0.978946 -0.005590 -0.204045
vn 0.004141 -0.000555 -0.999991
vn 0.004141 -0.000555 -0.999991
vn 0.004141 -0.000555 -0.999991
vn 0.004141 -0.000555 -0.999991
vn 0.019311 0.999802 -0.004739
vn 0.019311 0.999802 -0.004739
vn 0.019311 0.999802 -0.004739
vn 0.019311 0.999802 -0.004739
vn -0.004157 0.000556 0.999991
vn -0.004157 0.000556 0.999991
vn -0.004157 0.000556 0.999991
vn -0.004157 0.000556 0.999991
s off
g AFBXASC195FBXASC177adidos nuevos23
usemtl nuevos29SG
f 154/197/248 155/198/249 157/199/250 156/200/251
f 156/200/252 157/199/253 159/201/254 158/202/255
f 158/205/256 152/203/257 154/197/258 156/200/259
f 153/204/260 155/198/261 154/197/262 152/206/263
g default
v -5.652206 17.846960 -7.456310
v -5.675827 12.503400 -7.453625
v -5.335533 17.838236 -7.452141
v -5.359150 12.494681 -7.449456
v -5.340405 17.838217 -7.482948
v -5.364014 12.494669 -7.480267
v -5.657074 17.846939 -7.487114
v -5.680687 12.503383 -7.484432
vt 0.782874 0.013279
vt 0.784546 0.013279
vt 0.784546 0.013288
vt 0.782874 0.013288
vt 0.784546 0.013379
vt 0.782874 0.013379
vt 0.782778 0.013279
vt 0.784546 0.013171
vt 0.782778 0.013288
vt 0.782874 0.013171
vn 0.987740 -0.004443 -0.156046
vn 0.987740 -0.004443 -0.156046
vn 0.987740 -0.004443 -0.156046
vn 0.987740 -0.004443 -0.156046
vn 0.013137 -0.000560 -0.999914
vn 0.013137 -0.000560 -0.999914
vn 0.013137 -0.000560 -0.999914
vn 0.013137 -0.000560 -0.999914
vn 0.027604 0.999606 -0.004994
vn 0.027604 0.999606 -0.004994
vn 0.027604 0.999606 -0.004994
vn 0.027604 0.999606 -0.004994
vn -0.013149 0.000561 0.999913
vn -0.013149 0.000561 0.999913
vn -0.013149 0.000561 0.999913
vn -0.013149 0.000561 0.999913
s off
g AFBXASC195FBXASC177adidos nuevos22
usemtl nuevos29SG
f 162/207/264 163/208/265 165/209/266 164/210/267
f 164/210/268 165/209/269 167/211/270 166/212/271
f 166/215/272 160/213/273 162/207/274 164/210/275
f 161/214/276 163/208/277 162/207/278 160/216/279
g default
v -5.674469 17.846931 -7.679985
v -5.694370 12.503369 -7.677384
v -5.411686 17.838266 -7.674747
v -5.431587 12.494710 -7.672139
v -5.415852 17.838249 -7.705566
v -5.435753 12.494691 -7.702957
v -5.678635 17.846914 -7.710808
v -5.698540 12.503356 -7.708199
vt 0.683040 0.013268
vt 0.684712 0.013268
vt 0.684712 0.013278
vt 0.683040 0.013278
vt 0.684712 0.013353
vt 0.683040 0.013353
vt 0.682961 0.013268
vt 0.684712 0.013179
vt 0.683040 0.013179
vt 0.682961 0.013278
vn 0.990982 -0.003756 -0.133944
vn 0.990982 -0.003756 -0.133944
vn 0.990982 -0.003756 -0.133944
vn 0.990982 -0.003756 -0.133944
vn 0.019922 -0.000562 -0.999801
vn 0.019922 -0.000562 -0.999801
vn 0.019922 -0.000562 -0.999801
vn 0.019922 -0.000562 -0.999801
vn 0.033056 0.999441 -0.004956
vn 0.033056 0.999441 -0.004956
vn 0.033056 0.999441 -0.004956
vn 0.033056 0.999441 -0.004956
vn -0.019923 0.000562 0.999801
vn -0.019923 0.000562 0.999801
vn -0.019923 0.000562 0.999801
vn -0.019923 0.000562 0.999801
s off
g AFBXASC195FBXASC177adidos nuevos21
usemtl nuevos29SG
f 170/217/280 171/218/281 173/219/282 172/220/283
f 172/220/284 173/219/285 175/221/286 174/222/287
f 174/226/288 168/223/289 170/217/290 172/220/291
f 169/224/292 171/218/293 170/217/294 168/225/295
g default
v 6.812171 19.907820 -9.070621
v 6.476247 19.655931 -9.137851
v 6.809965 19.908882 -9.030093
v 6.469048 19.658667 -8.985573
v 6.473952 19.657249 -9.101554
v 6.811195 19.908674 -9.063308
v 6.470407 19.658333 -9.019392
v 6.810066 19.908993 -9.036320
v 6.682155 19.826550 -8.944273
v 6.683931 19.825846 -8.981081
v 6.691317 19.823303 -9.144422
v 6.694016 19.821621 -9.183504
v 6.547813 19.726561 -8.901683
v 6.551411 19.725376 -8.982801
v 6.558228 19.723047 -9.134157
v 6.562741 19.720888 -9.217363
v 6.819360 19.916491 -9.050575
v 6.700244 19.810030 -9.062168
v 6.567440 19.709667 -9.057896
v 6.485540 19.653406 -9.059967
vt 0.000113 0.014167
vt 0.000123 0.014208
vt 0.000116 0.014217
vt 0.000097 0.014188
vt 0.000082 0.014207
vt 0.000106 0.014226
vt 0.000100 0.014238
vt 0.000067 0.014227
vt 0.000093 0.014247
vt 0.000051 0.014247
vt 0.000026 0.014194
vt 0.000019 0.014203
vt 0.000000 0.014152
vt 0.000001 0.014150
vt 0.000001 0.014145
vt 0.000042 0.014173
vt 0.000008 0.014142
vt 0.000066 0.014143
vt 0.000058 0.014153
vt 0.000006 0.014144
vn -0.609472 0.790544 -0.059867
vn -0.630802 0.773741 -0.058428
vn -0.591597 0.800053 0.099636
vn -0.598929 0.796860 0.079365
vn -0.587859 0.807782 -0.043691
vn -0.561072 0.826895 -0.037979
vn -0.578647 0.794706 -0.183329
vn -0.595286 0.786674 -0.163642
vn -0.628193 0.777160 -0.037366
vn -0.611485 0.790276 -0.039374
vn -0.596186 0.784431 -0.170967
vn -0.597293 0.801046 -0.039579
vn -0.559498 0.828056 -0.035842
vn -0.612419 0.764772 -0.200168
vn -0.648136 0.759110 -0.060597
vn -0.618097 0.785430 -0.032495
vn -0.534061 0.840818 -0.088335
vn -0.590509 0.804421 -0.064846
vn -0.598424 0.798111 0.070047
vn -0.638937 0.759797 0.120280
s 1
g AFBXASC195FBXASC177adidos nuevos20
usemtl nuevos29SG
f 191/227/296 177/228/297 180/229/298 190/230/299
f 194/231/300 195/232/301 182/233/302 189/234/303
f 189/234/303 182/233/302 179/235/304 188/236/305
f 185/237/306 184/238/307 178/239/308 183/240/309
f 192/241/310 193/242/311 185/237/306 183/240/309
f 176/243/312 187/244/313 186/245/314 181/246/315
f 185/237/306 189/234/303 188/236/305 184/238/307
f 193/242/311 194/231/300 189/234/303 185/237/306
f 187/244/313 191/227/296 190/230/299 186/245/314
f 181/246/315 186/245/314 193/242/311 192/241/310
f 186/245/314 190/230/299 194/231/300 193/242/311
f 190/230/299 180/229/298 195/232/301 194/231/300
g default
v 6.081517 19.448837 -9.055397
v 6.336927 19.119047 -8.997289
v 6.082198 19.449287 -9.095981
v 6.338082 19.119810 -9.149725
v 6.337946 19.119719 -9.033649
v 6.082383 19.449409 -9.062747
v 6.338132 19.119843 -9.115883
v 6.082399 19.449419 -9.089757
v 6.178379 19.336815 -9.185322
v 6.178054 19.336597 -9.148473
v 6.177250 19.336067 -8.984978
v 6.175858 19.335148 -8.945814
v 6.277748 19.205641 -9.231513
v 6.277438 19.205437 -9.150321
v 6.276724 19.204966 -8.998823
v 6.275351 19.204058 -8.915503
v 6.076173 19.459055 -9.075267
v 6.161404 19.325603 -9.066725
v 6.260834 19.194473 -9.074572
v 6.323934 19.119028 -9.074766
vt 0.262677 0.014231
vt 0.262682 0.014190
vt 0.262691 0.014184
vt 0.262699 0.014217
vt 0.262720 0.014205
vt 0.262704 0.014179
vt 0.262714 0.014170
vt 0.262741 0.014192
vt 0.262724 0.014164
vt 0.262762 0.014178
vt 0.262768 0.014236
vt 0.262777 0.014230
vt 0.262777 0.014284
vt 0.262775 0.014285
vt 0.262773 0.014291
vt 0.262745 0.014250
vt 0.262766 0.014291
vt 0.262712 0.014270
vt 0.262723 0.014264
vt 0.262768 0.014290
vn 0.802281 0.596376 0.026095
vn 0.818525 0.573972 0.023930
vn 0.780852 0.610121 -0.134249
vn 0.787995 0.605051 -0.113917
vn 0.785111 0.619271 0.010260
vn 0.763830 0.645399 0.004941
vn 0.777923 0.609512 0.152749
vn 0.791529 0.596794 0.131605
vn 0.816049 0.577976 0.002698
vn 0.803296 0.595556 0.005296
vn 0.792081 0.594442 0.138732
vn 0.792368 0.610014 0.005961
vn 0.762513 0.646964 0.003405
vn 0.803773 0.570736 0.167958
vn 0.831567 0.554810 0.026132
vn 0.808227 0.588869 -0.001654
vn 0.743094 0.666717 0.057437
vn 0.787741 0.615189 0.031716
vn 0.788116 0.606554 -0.104712
vn 0.815391 0.557270 -0.156801
s 1
g AFBXASC195FBXASC177adidos nuevos19
usemtl nuevos29SG
f 211/247/316 197/248/317 200/249/318 210/250/319
f 214/251/320 215/252/321 202/253/322 209/254/323
f 209/254/323 202/253/322 199/255/324 208/256/325
f 205/257/326 204/258/327 198/259/328 203/260/329
f 212/261/330 213/262/331 205/257/326 203/260/329
f 196/263/332 207/264/333 206/265/334 201/266/335
f 205/257/326 209/254/323 208/256/325 204/258/327
f 213/262/331 214/251/320 209/254/323 205/257/326
f 207/264/333 211/247/316 210/250/319 206/265/334
f 201/266/335 206/265/334 213/262/331 212/261/330
f 206/265/334 210/250/319 214/251/320 213/262/331
f 210/250/319 200/249/318 215/252/321 214/251/320
g default
v 5.940865 19.925425 -9.065875
v 6.120226 19.941168 -9.041395
v 5.940846 19.925758 -9.082972
v 6.120195 19.941736 -9.105612
v 6.120199 19.941669 -9.056714
v 5.940842 19.925848 -9.068972
v 6.120194 19.941761 -9.091355
v 5.940841 19.925858 -9.080349
v 6.004013 19.934263 -9.120607
v 6.004022 19.934105 -9.105084
v 6.004043 19.933708 -9.036210
v 6.004080 19.933027 -9.019711
v 6.074864 19.939760 -9.140066
v 6.074873 19.939610 -9.105863
v 6.074892 19.939257 -9.042042
v 6.074929 19.938583 -9.006943
v 5.935873 19.925823 -9.074245
v 6.004466 19.925934 -9.070647
v 6.075316 19.931459 -9.073953
v 6.117375 19.936676 -9.074035
vt 0.567383 0.001858
vt 0.567384 0.001840
vt 0.567388 0.001838
vt 0.567392 0.001852
vt 0.567401 0.001847
vt 0.567394 0.001836
vt 0.567398 0.001832
vt 0.567409 0.001842
vt 0.567402 0.001830
vt 0.567419 0.001836
vt 0.567421 0.001861
vt 0.567425 0.001858
vt 0.567425 0.001882
vt 0.567424 0.001882
vt 0.567423 0.001884
vt 0.567411 0.001867
vt 0.567420 0.001884
vt 0.567398 0.001875
vt 0.567402 0.001872
vt 0.567421 0.001884
vn -0.068603 0.997322 0.025348
vn -0.042441 0.998827 0.023320
vn -0.090591 0.987284 -0.130625
vn -0.083032 0.990295 -0.111450
vn -0.096026 0.995329 0.009930
vn -0.127854 0.991781 0.004816
vn -0.091612 0.984613 0.148808
vn -0.074550 0.988867 0.128781
vn -0.046886 0.998897 0.002585
vn -0.067475 0.997708 0.005136
vn -0.072288 0.988160 0.135328
vn -0.084845 0.996377 0.005829
vn -0.129860 0.991526 0.003506
vn -0.047454 0.985349 0.163815
vn -0.020491 0.999466 0.025459
vn -0.059810 0.998209 -0.001395
vn -0.155640 0.986216 0.056162
vn -0.091335 0.995341 0.030878
vn -0.083869 0.991201 -0.102407
vn -0.030693 0.987770 -0.152868
s 1
g AFBXASC195FBXASC177adidos nuevos18
usemtl nuevos29SG
f 231/267/336 217/268/337 220/269/338 230/270/339
f 234/271/340 235/272/341 222/273/342 229/274/343
f 229/274/343 222/273/342 219/275/344 228/276/345
f 225/277/346 224/278/347 218/279/348 223/280/349
f 232/281/350 233/282/351 225/277/346 223/280/349
f 216/283/352 227/284/353 226/285/354 221/286/355
f 225/277/346 229/274/343 228/276/345 224/278/347
f 233/282/351 234/271/340 229/274/343 225/277/346
f 227/284/353 231/267/336 230/270/339 226/285/354
f 221/286/355 226/285/354 233/282/351 232/281/350
f 226/285/354 230/270/339 234/271/340 233/282/351
f 230/270/339 220/269/338 235/272/341 234/271/340
g default
v 6.637100 16.564941 -9.430962
v 6.340511 16.564941 -9.520592
v 6.042934 16.564941 -9.433746
v 5.858032 16.564941 -9.203579
v 5.856445 16.564941 -8.918022
v 6.038742 16.564941 -8.686142
v 6.335334 16.564941 -8.596504
v 6.632910 16.564941 -8.683365
v 6.817818 16.564941 -8.913521
v 6.819412 16.564941 -9.199080
v 6.637093 17.989204 -9.430962
v 6.340510 17.989204 -9.520592
v 6.042931 17.989204 -9.433739
v 5.858032 17.989204 -9.203579
v 5.856445 17.989204 -8.918024
v 6.038750 17.989204 -8.686142
v 6.335334 17.989204 -8.596504
v 6.632911 17.989204 -8.683365
v 6.817818 17.989204 -8.913521
v 6.819412 17.989204 -9.199080
v 6.337923 16.564941 -9.058552
v 6.042934 17.277075 -9.433746
v 6.340511 17.277075 -9.520592
v 6.637100 17.277075 -9.430962
v 6.819412 17.277075 -9.199080
v 6.817810 17.277075 -8.913521
v 6.632911 17.277075 -8.683365
v 6.335331 17.277075 -8.596504
v 6.038750 17.277075 -8.686142
v 5.856445 17.277075 -8.918024
v 5.858032 17.277075 -9.203579
v 6.181740 16.921015 -9.497986
v 6.494110 16.921015 -9.497986
v 6.746826 16.921015 -9.330135
v 6.843353 16.921015 -9.058552
v 6.746826 16.921015 -8.786972
v 6.494110 16.921015 -8.619125
v 6.181740 16.921015 -8.619125
v 5.929016 16.921015 -8.786972
v 5.832497 16.921015 -9.058552
v 5.929016 16.921015 -9.330143
v 6.181736 17.633141 -9.497986
v 6.494110 17.633141 -9.497986
v 6.746826 17.633141 -9.330135
v 6.843353 17.633141 -9.058552
v 6.746826 17.633141 -8.786972
v 6.494110 17.633141 -8.619125
v 6.181736 17.633141 -8.619125
v 5.929016 17.633141 -8.786972
v 5.832497 17.633141 -9.058552
v 5.929016 17.633141 -9.330139
v 6.615608 17.989204 -9.404205
v 6.340326 17.989204 -9.487396
v 6.064131 17.989204 -9.406792
v 5.892509 17.989204 -9.193157
v 5.891022 17.989204 -8.928118
v 6.060242 17.989204 -8.712898
v 6.335520 17.989204 -8.629707
v 6.611721 17.989204 -8.710312
v 6.783340 17.989204 -8.923943
v 6.784828 17.989204 -9.188987
v 6.615608 17.914375 -9.404205
v 6.340326 17.914375 -9.487396
v 6.064131 17.914375 -9.406792
v 5.892509 17.914375 -9.193157
v 5.891022 17.914375 -8.928118
v 6.060242 17.914375 -8.712898
v 6.335520 17.914375 -8.629707
v 6.611721 17.914375 -8.710312
v 6.783340 17.914375 -8.923943
v 6.784828 17.914375 -9.188987
v 6.337923 17.914375 -9.058553
vt 0.688476 0.013871
vt 0.688503 0.013778
vt 0.263613 0.013096
vt 0.263518 0.013096
vt 0.688476 0.013685
vt 0.262775 0.013096
vt 0.688403 0.013628
vt 0.262870 0.013096
vt 0.688314 0.013628
vt 0.262960 0.013096
vt 0.688242 0.013685
vt 0.263050 0.013096
vt 0.688214 0.013778
vt 0.263145 0.013096
vt 0.688242 0.013871
vt 0.263243 0.013096
vt 0.688314 0.013928
vt 0.263338 0.013096
vt 0.688403 0.013928
vt 0.263428 0.013096
vt 0.688359 0.013778
vt 0.263661 0.013208
vt 0.262822 0.013208
vt 0.262775 0.013320
vt 0.263613 0.013319
vt 0.263564 0.013208
vt 0.263518 0.013319
vt 0.263472 0.013208
vt 0.263428 0.013319
vt 0.263382 0.013208
vt 0.263338 0.013319
vt 0.263290 0.013208
vt 0.263243 0.013319
vt 0.263193 0.013208
vt 0.263145 0.013319
vt 0.263096 0.013208
vt 0.263050 0.013320
vt 0.263004 0.013208
vt 0.262960 0.013320
vt 0.262915 0.013208
vt 0.262870 0.013320
vt 0.031615 0.001853
vt 0.031521 0.001853
vt 0.032330 0.001853
vt 0.032242 0.001853
vt 0.032156 0.001853
vt 0.032067 0.001853
vt 0.031973 0.001853
vt 0.031880 0.001853
vt 0.031790 0.001853
vt 0.031704 0.001853
vt 0.021884 0.001877
vt 0.021104 0.001877
vt 0.021794 0.001877
vt 0.021708 0.001877
vt 0.021625 0.001877
vt 0.021539 0.001877
vt 0.021449 0.001877
vt 0.021359 0.001877
vt 0.021273 0.001877
vt 0.021190 0.001877
vt 0.782918 0.013867
vt 0.782831 0.013892
vt 0.783004 0.013892
vt 0.783057 0.013960
vt 0.783057 0.014043
vt 0.783004 0.014109
vt 0.782917 0.014135
vt 0.782831 0.014109
vt 0.782778 0.014042
vt 0.782778 0.013959
vt 0.782918 0.014001
vt 0.021190 0.001853
vt 0.021104 0.001853
vt 0.021273 0.001853
vt 0.021359 0.001853
vt 0.021449 0.001853
vt 0.021539 0.001853
vt 0.021625 0.001853
vt 0.021708 0.001853
vt 0.021794 0.001853
vt 0.021884 0.001853
vt 0.032242 0.001864
vt 0.032330 0.001864
vt 0.032156 0.001864
vt 0.032067 0.001864
vt 0.031973 0.001864
vt 0.031880 0.001864
vt 0.031790 0.001864
vt 0.031704 0.001864
vt 0.031615 0.001864
vt 0.031521 0.001864
vt 0.032424 0.001864
vt 0.263661 0.013431
vt 0.262677 0.013320
vt 0.262677 0.013096
vt 0.262725 0.013208
vt 0.021014 0.001877
vt 0.021014 0.001853
vt 0.263472 0.012985
vt 0.263564 0.012985
vt 0.263382 0.012985
vt 0.263290 0.012985
vt 0.263193 0.012985
vt 0.263096 0.012985
vt 0.263004 0.012985
vt 0.262915 0.012985
vt 0.262822 0.012985
vt 0.263661 0.012985
vt 0.262725 0.012985
vt 0.263472 0.013431
vt 0.263564 0.013431
vt 0.263382 0.013431
vt 0.263290 0.013431
vt 0.263193 0.013431
vt 0.263096 0.013431
vt 0.263004 0.013431
vt 0.262915 0.013431
vt 0.262822 0.013431
vt 0.262725 0.013431
vt 0.032424 0.001853
vn 0.424427 0.000002 -0.905462
vn 0.424427 0.000002 -0.905462
vn 0.424426 -0.000000 -0.905462
vn 0.424426 -0.000000 -0.905462
vn -0.140962 -0.000001 -0.990015
vn -0.140962 -0.000001 -0.990015
vn -0.140961 0.000000 -0.990015
vn -0.140961 -0.000000 -0.990015
vn -0.672828 -0.000006 -0.739799
vn -0.672828 -0.000006 -0.739799
vn -0.672828 0.000000 -0.739799
vn -0.672828 -0.000000 -0.739799
vn -0.984848 0.000006 -0.173419
vn -0.984848 0.000006 -0.173419
vn -0.984848 0.000001 -0.173419
vn -0.984848 0.000001 -0.173419
vn -0.874809 -0.000012 0.484468
vn -0.874809 -0.000012 0.484468
vn -0.874807 0.000003 0.484472
vn -0.874807 0.000003 0.484472
vn -0.424424 0.000029 0.905464
vn -0.424424 0.000029 0.905464
vn -0.424428 0.000003 0.905462
vn -0.424428 0.000003 0.905462
vn 0.140985 0.000029 0.990012
vn 0.140985 0.000029 0.990012
vn 0.140984 0.000001 0.990012
vn 0.140984 0.000001 0.990012
vn 0.672824 0.000009 0.739802
vn 0.672824 0.000009 0.739802
vn 0.672827 0.000000 0.739800
vn 0.672827 0.000000 0.739800
vn 0.984843 0.000020 0.173448
vn 0.984843 0.000020 0.173448
vn 0.984842 0.000007 0.173455
vn 0.984842 0.000007 0.173455
vn 0.874793 0.000005 -0.484496
vn 0.874793 0.000005 -0.484496
vn 0.874794 -0.000001 -0.484495
vn 0.874794 -0.000001 -0.484495
vn 0.000000 -1.000000 -0.000002
vn 0.000000 -1.000000 0.000002
vn 0.000000 -1.000000 -0.000001
vn 0.000000 -1.000000 -0.000003
vn 0.000000 -1.000000 -0.000002
vn 0.000000 -1.000000 -0.000001
vn 0.000000 -1.000000 0.000000
vn 0.000000 -1.000000 -0.000003
vn 0.000000 -1.000000 -0.000001
vn 0.000000 -1.000000 0.000000
vn 0.000000 -1.000000 0.000000
vn 0.000000 -1.000000 -0.000001
vn 0.000000 -1.000000 0.000002
vn 0.000000 -1.000000 0.000000
vn 0.000000 -1.000000 -0.000001
vn 0.000000 -1.000000 -0.000002
vn 0.000000 -1.000000 0.000002
vn 0.000000 -1.000000 -0.000001
vn 0.000000 -1.000000 -0.000003
vn 0.000000 -1.000000 -0.000002
vn 0.000000 -1.000000 -0.000001
vn 0.000000 -1.000000 0.000000
vn 0.000000 -1.000000 -0.000003
vn 0.000000 -1.000000 -0.000001
vn 0.000000 -1.000000 0.000000
vn 0.000000 -1.000000 0.000000
vn 0.000000 -1.000000 -0.000001
vn 0.000000 -1.000000 0.000002
vn 0.000000 -1.000000 0.000000
vn 0.000000 -1.000000 -0.000001
vn -0.140959 -0.000001 -0.990015
vn -0.140959 -0.000001 -0.990015
vn -0.140965 0.000002 -0.990015
vn -0.140965 0.000002 -0.990015
vn 0.424426 -0.000000 -0.905463
vn 0.424426 -0.000000 -0.905463
vn 0.424428 0.000004 -0.905462
vn 0.424428 0.000004 -0.905462
vn 0.874794 -0.000001 -0.484495
vn 0.874794 -0.000001 -0.484495
vn 0.874790 0.000003 -0.484502
vn 0.874790 0.000003 -0.484502
vn 0.984841 -0.000000 0.173461
vn 0.984841 -0.000000 0.173461
vn 0.984842 -0.000009 0.173454
vn 0.984842 -0.000009 0.173454
vn 0.672831 -0.000000 0.739797
vn 0.672831 0.000000 0.739797
vn 0.672827 -0.000002 0.739799
vn 0.672827 -0.000002 0.739799
vn 0.140983 0.000000 0.990012
vn 0.140983 0.000000 0.990012
vn 0.140984 -0.000001 0.990012
vn 0.140984 -0.000001 0.990012
vn -0.424433 -0.000002 0.905459
vn -0.424433 -0.000002 0.905459
vn -0.424433 0.000001 0.905460
vn -0.424433 0.000001 0.905460
vn -0.874804 0.000000 0.484477
vn -0.874804 -0.000000 0.484477
vn -0.874803 0.000000 0.484479
vn -0.874803 -0.000000 0.484479
vn -0.984848 -0.000000 -0.173420
vn -0.984848 0.000000 -0.173420
vn -0.984848 -0.000000 -0.173420
vn -0.984848 -0.000000 -0.173420
vn -0.672832 0.000002 -0.739795
vn -0.672832 0.000002 -0.739795
vn -0.672834 0.000003 -0.739794
vn -0.672834 0.000003 -0.739794
vn -0.140961 -0.000000 -0.990015
vn -0.140961 0.000000 -0.990015
vn -0.140959 -0.000001 -0.990015
vn -0.140959 -0.000001 -0.990015
vn 0.424426 -0.000000 -0.905462
vn 0.424426 -0.000000 -0.905462
vn 0.424426 -0.000000 -0.905463
vn 0.424426 -0.000000 -0.905463
vn 0.874794 -0.000001 -0.484495
vn 0.874794 -0.000001 -0.484495
vn 0.874794 -0.000001 -0.484495
vn 0.874794 -0.000001 -0.484495
vn 0.984842 0.000007 0.173455
vn 0.984842 0.000007 0.173455
vn 0.984841 -0.000000 0.173461
vn 0.984841 -0.000000 0.173461
vn 0.672827 0.000000 0.739800
vn 0.672827 0.000000 0.739800
vn 0.672831 0.000000 0.739797
vn 0.672831 -0.000000 0.739797
vn 0.140984 0.000001 0.990012
vn 0.140984 0.000001 0.990012
vn 0.140983 0.000000 0.990012
vn 0.140983 0.000000 0.990012
vn -0.424428 0.000003 0.905462
vn -0.424428 0.000003 0.905462
vn -0.424433 -0.000002 0.905459
vn -0.424433 -0.000002 0.905459
vn -0.874807 0.000003 0.484472
vn -0.874807 0.000003 0.484472
vn -0.874804 -0.000000 0.484477
vn -0.874804 0.000000 0.484477
vn -0.984848 0.000001 -0.173419
vn -0.984848 0.000001 -0.173419
vn -0.984848 0.000000 -0.173420
vn -0.984848 -0.000000 -0.173420
vn -0.672828 -0.000000 -0.739799
vn -0.672828 0.000000 -0.739799
vn -0.672832 0.000002 -0.739795
vn -0.672832 0.000002 -0.739795
vn -0.140965 0.000002 -0.990015
vn -0.140965 0.000002 -0.990015
vn -0.140971 0.000007 -0.990014
vn -0.140971 0.000007 -0.990014
vn 0.424428 0.000004 -0.905462
vn 0.424428 0.000004 -0.905462
vn 0.424429 0.000005 -0.905461
vn 0.424429 0.000005 -0.905461
vn 0.874790 0.000003 -0.484502
vn 0.874790 0.000003 -0.484502
vn 0.874787 0.000000 -0.484508
vn 0.874787 0.000000 -0.484508
vn 0.984842 -0.000009 0.173454
vn 0.984842 -0.000009 0.173454
vn 0.984843 -0.000021 0.173447
vn 0.984843 -0.000021 0.173447
vn 0.672827 -0.000002 0.739799
vn 0.672827 -0.000002 0.739799
vn 0.672823 -0.000012 0.739803
vn 0.672823 -0.000012 0.739803
vn 0.140984 -0.000001 0.990012
vn 0.140984 -0.000001 0.990012
vn 0.140984 -0.000029 0.990012
vn 0.140984 -0.000029 0.990012
vn -0.424433 0.000001 0.905460
vn -0.424433 0.000001 0.905460
vn -0.424431 -0.000019 0.905460
vn -0.424431 -0.000019 0.905460
vn -0.874803 -0.000000 0.484479
vn -0.874803 0.000000 0.484479
vn -0.874803 0.000018 0.484478
vn -0.874803 0.000018 0.484478
vn -0.984848 -0.000000 -0.173420
vn -0.984848 -0.000000 -0.173420
vn -0.984848 -0.000005 -0.173421
vn -0.984848 -0.000005 -0.173421
vn -0.672834 0.000003 -0.739794
vn -0.672834 0.000003 -0.739794
vn -0.672832 0.000007 -0.739796
vn -0.672832 0.000007 -0.739796
vn 0.000000 1.000000 -0.000057
vn 0.000000 1.000000 -0.000057
vn 0.000000 1.000000 -0.000057
vn 0.000000 1.000000 -0.000057
vn 0.000000 1.000000 0.000000
vn 0.000000 1.000000 0.000000
vn 0.000000 1.000000 0.000000
vn 0.000000 1.000000 0.000000
vn 0.000000 1.000000 0.000006
vn 0.000000 1.000000 0.000006
vn 0.000000 1.000000 0.000006
vn 0.000000 1.000000 0.000006
vn 0.000000 1.000000 -0.000006
vn 0.000000 1.000000 -0.000006
vn 0.000000 1.000000 -0.000006
vn 0.000000 1.000000 -0.000006
vn 0.000000 1.000000 0.000003
vn 0.000000 1.000000 0.000003
vn 0.000000 1.000000 0.000003
vn 0.000000 1.000000 0.000003
vn 0.000000 1.000000 0.000009
vn 0.000000 1.000000 0.000009
vn 0.000000 1.000000 0.000009
vn 0.000000 1.000000 0.000009
vn 0.000000 1.000000 0.000013
vn 0.000000 1.000000 0.000013
vn 0.000000 1.000000 0.000013
vn 0.000000 1.000000 0.000013
vn 0.000000 1.000000 -0.000006
vn 0.000000 1.000000 -0.000006
vn 0.000000 1.000000 -0.000006
vn 0.000000 1.000000 -0.000006
vn 0.000000 1.000000 0.000006
vn 0.000000 1.000000 0.000006
vn 0.000000 1.000000 0.000006
vn 0.000000 1.000000 0.000006
vn 0.000000 1.000000 0.000000
vn 0.000000 1.000000 0.000000
vn 0.000000 1.000000 0.000000
vn 0.000000 1.000000 0.000000
vn -0.289279 0.000000 0.957245
vn -0.289279 0.000000 0.957245
vn -0.289279 0.000000 0.957245
vn -0.289279 0.000000 0.957245
vn 0.280151 0.000000 0.959956
vn 0.280151 0.000000 0.959956
vn 0.280151 0.000000 0.959956
vn 0.280151 0.000000 0.959956
vn 0.779599 0.000000 0.626279
vn 0.779599 0.000000 0.626279
vn 0.779599 0.000000 0.626279
vn 0.779599 0.000000 0.626279
vn 0.999984 0.000000 0.005613
vn 0.999984 0.000000 0.005613
vn 0.999984 0.000000 0.005613
vn 0.999984 0.000000 0.005613
vn 0.786105 0.000000 -0.618093
vn 0.786105 0.000000 -0.618093
vn 0.786105 0.000000 -0.618093
vn 0.786105 0.000000 -0.618093
vn 0.289285 0.000000 -0.957243
vn 0.289285 0.000000 -0.957243
vn 0.289285 0.000000 -0.957243
vn 0.289285 0.000000 -0.957243
vn -0.280145 0.000000 -0.959958
vn -0.280145 0.000000 -0.959958
vn -0.280145 0.000000 -0.959958
vn -0.280145 0.000000 -0.959958
vn -0.779593 0.000000 -0.626286
vn -0.779593 0.000000 -0.626286
vn -0.779593 0.000000 -0.626286
vn -0.779593 0.000000 -0.626286
vn -0.999984 0.000000 -0.005613
vn -0.999984 0.000000 -0.005613
vn -0.999984 0.000000 -0.005613
vn -0.999984 0.000000 -0.005613
vn -0.786104 0.000000 0.618095
vn -0.786104 0.000000 0.618095
vn -0.786104 0.000000 0.618095
vn -0.786104 0.000000 0.618095
vn 0.000000 1.000000 -0.000002
vn 0.000000 1.000000 -0.000002
vn 0.000000 1.000000 -0.000002
vn 0.000000 1.000000 -0.000006
vn 0.000000 1.000000 -0.000002
vn 0.000000 1.000000 -0.000002
vn 0.000000 1.000000 -0.000002
vn 0.000000 1.000000 -0.000002
vn 0.000000 1.000000 0.000000
vn 0.000000 1.000000 -0.000002
vn 0.000000 1.000000 0.000000
vn 0.000000 1.000000 -0.000004
vn 0.000000 1.000000 -0.000002
vn 0.000000 1.000000 -0.000004
vn 0.000000 1.000000 -0.000006
vn 0.000000 1.000000 -0.000002
vn 0.000000 1.000000 -0.000006
vn 0.000000 1.000000 -0.000002
vn 0.000000 1.000000 -0.000001
vn 0.000000 1.000000 -0.000002
vn 0.000000 1.000000 -0.000002
vn 0.000000 1.000000 0.000003
vn 0.000000 1.000000 -0.000002
vn 0.000000 1.000000 -0.000001
vn 0.000000 1.000000 -0.000002
vn 0.000000 1.000000 -0.000002
vn 0.000000 1.000000 0.000003
vn 0.000000 1.000000 -0.000006
vn 0.000000 1.000000 -0.000002
vn 0.000000 1.000000 -0.000002
s off
g AFBXASC195FBXASC177adidos nuevos17
usemtl nuevos29SG
f 236/387/356 237/395/357 268/289/358 269/290/359
f 237/396/360 238/394/361 267/292/362 268/382/363
f 238/394/364 239/393/365 276/294/366 267/292/367
f 239/393/368 240/392/369 275/296/370 276/294/371
f 240/392/372 241/391/373 274/298/374 275/296/375
f 241/391/376 242/390/377 273/300/378 274/298/379
f 242/390/380 243/389/381 272/302/382 273/300/383
f 243/389/384 244/388/385 271/304/386 272/302/387
f 244/388/388 245/386/389 270/306/390 271/304/391
f 245/386/392 236/387/393 269/290/394 270/306/395
f 237/288/396 236/287/397 256/307/398
f 238/291/399 237/288/400 256/307/401
f 239/293/402 238/291/403 256/307/404
f 240/295/405 239/293/406 256/307/407
f 241/297/408 240/295/409 256/307/410
f 242/299/411 241/297/412 256/307/413
f 243/301/414 242/299/415 256/307/416
f 244/303/417 243/301/418 256/307/419
f 245/305/420 244/303/421 256/307/422
f 236/287/423 245/305/424 256/307/425
f 258/383/426 257/309/427 277/310/428 278/381/429
f 259/312/430 258/308/431 278/311/432 279/313/433
f 260/314/434 259/312/435 279/313/436 280/315/437
f 261/316/438 260/314/439 280/315/440 281/317/441
f 262/318/442 261/316/443 281/317/444 282/319/445
f 263/320/446 262/318/447 282/319/448 283/321/449
f 264/322/450 263/320/451 283/321/452 284/323/453
f 265/324/454 264/322/455 284/323/456 285/325/457
f 266/326/458 265/324/459 285/325/460 286/327/461
f 257/309/462 266/326/463 286/327/464 277/310/465
f 268/382/466 267/292/467 257/309/468 258/383/469
f 269/290/470 268/289/471 258/308/472 259/312/473
f 270/306/474 269/290/475 259/312/476 260/314/477
f 271/304/478 270/306/479 260/314/480 261/316/481
f 272/302/482 271/304/483 261/316/484 262/318/485
f 273/300/486 272/302/487 262/318/488 263/320/489
f 274/298/490 273/300/491 263/320/492 264/322/493
f 275/296/494 274/298/495 264/322/496 265/324/497
f 276/294/498 275/296/499 265/324/500 266/326/501
f 267/292/502 276/294/503 266/326/504 257/309/505
f 278/381/506 277/310/507 248/405/508 247/406/509
f 279/313/510 278/311/511 247/380/512 246/398/513
f 280/315/514 279/313/515 246/398/516 255/397/517
f 281/317/518 280/315/519 255/397/520 254/399/521
f 282/319/522 281/317/523 254/399/524 253/400/525
f 283/321/526 282/319/527 253/400/528 252/401/529
f 284/323/530 283/321/531 252/401/532 251/402/533
f 285/325/534 284/323/535 251/402/536 250/403/537
f 286/327/538 285/325/539 250/403/540 249/404/541
f 277/310/542 286/327/543 249/404/544 248/405/545
f 288/379/546 287/370/547 246/330/548 247/407/549
f 289/377/550 288/378/551 247/329/552 248/328/553
f 290/376/554 289/377/555 248/328/556 249/337/557
f 291/375/558 290/376/559 249/337/560 250/336/561
f 292/374/562 291/375/563 250/336/564 251/335/565
f 293/373/566 292/374/567 251/335/568 252/334/569
f 294/372/570 293/373/571 252/334/572 253/333/573
f 295/371/574 294/372/575 253/333/576 254/332/577
f 296/369/578 295/371/579 254/332/580 255/331/581
f 246/330/582 287/370/583 296/369/584 255/331/585
f 298/385/586 297/360/587 287/339/588 288/384/589
f 299/367/590 298/368/591 288/338/592 289/340/593
f 300/366/594 299/367/595 289/340/596 290/341/597
f 301/365/598 300/366/599 290/341/600 291/342/601
f 302/364/602 301/365/603 291/342/604 292/343/605
f 303/363/606 302/364/607 292/343/608 293/344/609
f 304/362/610 303/363/611 293/344/612 294/345/613
f 305/361/614 304/362/615 294/345/616 295/346/617
f 306/359/618 305/361/619 295/346/620 296/347/621
f 287/339/622 297/360/623 306/359/624 296/347/625
f 304/355/626 307/358/627 303/354/628
f 298/348/629 299/350/630 307/358/631
f 307/358/632 299/350/633 300/351/634
f 307/358/635 300/351/636 301/352/637
f 307/358/638 301/352/639 302/353/640
f 307/358/641 302/353/642 303/354/643
f 305/356/644 307/358/645 304/355/646
f 306/357/647 307/358/648 305/356/649
f 297/349/650 307/358/651 306/357/652
f 298/348/653 307/358/654 297/349/655
g default
v 6.284057 17.452362 -9.026199
v 6.290146 17.451904 -9.030563
v 6.290222 17.451721 -9.037643
v 6.284203 17.451904 -9.042114
v 6.276649 17.452393 -9.040604
v 6.273239 17.452759 -9.034256
v 6.276535 17.452759 -9.027832
v 6.295861 17.611542 -9.030289
v 6.301925 17.610870 -9.034645
v 6.301995 17.610657 -9.041733
v 6.295998 17.611053 -9.046204
v 6.288453 17.611755 -9.044708
v 6.285042 17.612213 -9.038353
v 6.288338 17.612122 -9.031944
v 6.319878 17.945374 -9.038818
v 6.325981 17.945007 -9.043175
v 6.326042 17.944824 -9.050262
v 6.320030 17.944946 -9.054733
v 6.312469 17.945282 -9.053223
v 6.309043 17.945587 -9.046867
v 6.312347 17.945618 -9.040459
v 6.341011 18.279404 -9.047253
v 6.347107 18.279129 -9.051628
v 6.347168 18.278961 -9.058708
v 6.341148 18.278992 -9.063175
v 6.333587 18.279221 -9.061661
v 6.330163 18.279465 -9.055298
v 6.333473 18.279556 -9.048889
v 6.354638 18.652962 -9.056116
v 6.360725 18.652718 -9.060485
v 6.360794 18.652534 -9.067569
v 6.354774 18.652550 -9.072035
v 6.347206 18.652752 -9.070518
v 6.343788 18.652983 -9.064163
v 6.347092 18.653076 -9.057755
v 6.343925 18.958311 -9.062415
v 6.350014 18.958467 -9.066792
v 6.350082 18.958317 -9.073875
v 6.344063 18.957973 -9.078333
v 6.336502 18.957699 -9.076808
v 6.333085 18.957695 -9.070448
v 6.336388 18.957970 -9.064042
v 6.324837 19.263313 -9.068192
v 6.330898 19.263824 -9.072571
v 6.330963 19.263687 -9.079659
v 6.324978 19.263023 -9.084110
v 6.317444 19.262299 -9.082577
v 6.314042 19.262083 -9.076210
v 6.317329 19.262543 -9.069809
v 6.271963 19.560883 -9.072380
v 6.277891 19.562164 -9.076767
v 6.277945 19.562103 -9.083855
v 6.272085 19.560699 -9.088295
v 6.264723 19.559021 -9.086754
v 6.261404 19.558350 -9.080376
v 6.264628 19.559174 -9.073982
v 6.176392 19.848389 -9.074722
v 6.182009 19.850616 -9.079124
v 6.182039 19.850586 -9.086220
v 6.176462 19.848328 -9.090637
v 6.169476 19.845551 -9.089081
v 6.166343 19.844330 -9.082710
v 6.169418 19.845581 -9.076309
v 6.036465 20.118652 -9.074425
v 6.041763 20.121521 -9.078812
v 6.041779 20.121521 -9.085892
v 6.036480 20.118744 -9.090332
v 6.029877 20.115204 -9.088776
v 6.026924 20.113586 -9.082397
v 6.029861 20.115143 -9.076012
v 5.936592 20.285858 -9.073563
v 5.941811 20.288849 -9.077957
v 5.941803 20.288940 -9.085037
v 5.936592 20.285980 -9.089478
v 5.930084 20.282288 -9.087921
v 5.927193 20.280518 -9.081558
v 5.930077 20.282133 -9.075165
vt 0.000441 0.000940
vt 0.000443 0.000940
vt 0.000443 0.000990
vt 0.000441 0.000990
vt 0.000446 0.000940
vt 0.000446 0.000990
vt 0.000448 0.000940
vt 0.000448 0.000990
vt 0.000450 0.000940
vt 0.000450 0.000990
vt 0.000453 0.000940
vt 0.000436 0.000990
vt 0.000439 0.000940
vt 0.000439 0.000990
vt 0.000443 0.001095
vt 0.000441 0.001095
vt 0.000446 0.001095
vt 0.000448 0.001095
vt 0.000450 0.001095
vt 0.000436 0.001095
vt 0.000439 0.001095
vt 0.000443 0.001200
vt 0.000441 0.001200
vt 0.000446 0.001200
vt 0.000448 0.001200
vt 0.000450 0.001200
vt 0.000436 0.001200
vt 0.000439 0.001200
vt 0.000443 0.001317
vt 0.000441 0.001317
vt 0.000446 0.001317
vt 0.000448 0.001317
vt 0.000450 0.001317
vt 0.000436 0.001317
vt 0.000439 0.001317
vt 0.000443 0.001413
vt 0.000441 0.001413
vt 0.000446 0.001413
vt 0.000448 0.001413
vt 0.000450 0.001413
vt 0.000436 0.001413
vt 0.000439 0.001413
vt 0.000443 0.001508
vt 0.000441 0.001508
vt 0.000446 0.001508
vt 0.000448 0.001508
vt 0.000450 0.001508
vt 0.000436 0.001508
vt 0.000439 0.001508
vt 0.000443 0.001603
vt 0.000441 0.001603
vt 0.000446 0.001603
vt 0.000448 0.001603
vt 0.000450 0.001603
vt 0.000436 0.001603
vt 0.000439 0.001603
vt 0.000443 0.001697
vt 0.000441 0.001697
vt 0.000446 0.001697
vt 0.000448 0.001697
vt 0.000450 0.001697
vt 0.000436 0.001697
vt 0.000439 0.001697
vt 0.000443 0.001792
vt 0.000441 0.001792
vt 0.000446 0.001792
vt 0.000448 0.001792
vt 0.000450 0.001792
vt 0.000436 0.001792
vt 0.000439 0.001792
vt 0.000443 0.001853
vt 0.000441 0.001853
vt 0.000446 0.001853
vt 0.000448 0.001853
vt 0.000450 0.001853
vt 0.000436 0.001853
vt 0.000439 0.001853
vt 0.000453 0.001853
vt 0.000453 0.001792
vt 0.000453 0.001697
vt 0.000453 0.001603
vt 0.000453 0.001508
vt 0.000453 0.001413
vt 0.000453 0.001317
vt 0.000453 0.001200
vt 0.000453 0.001095
vt 0.000453 0.000990
vt 0.000436 0.000940
vn 0.192306 0.010982 0.981274
vn 0.876985 -0.052717 0.477617
vn 0.878941 -0.051733 0.474117
vn 0.197680 0.010732 0.980208
vn 0.885123 -0.077378 -0.458880
vn 0.886904 -0.076104 -0.455642
vn 0.206129 -0.040422 -0.977690
vn 0.212833 -0.040448 -0.976251
vn -0.583794 0.022350 -0.811594
vn -0.579883 0.021293 -0.814421
vn -0.997223 0.073536 -0.011744
vn -0.997326 0.072173 -0.011449
vn -0.597488 0.064821 0.799254
vn -0.593471 0.063664 0.802333
vn 0.879031 -0.047353 0.474408
vn 0.197460 0.011523 0.980243
vn 0.887179 -0.071533 -0.455848
vn 0.212740 -0.039211 -0.976322
vn -0.580521 0.018569 -0.814034
vn -0.997676 0.067217 -0.011116
vn -0.593515 0.060509 0.802545
vn 0.880605 -0.031635 0.472794
vn 0.199925 0.014064 0.979710
vn 0.888358 -0.054696 -0.455881
vn 0.214600 -0.034482 -0.976093
vn -0.579957 0.008535 -0.814602
vn -0.998747 0.048896 -0.010645
vn -0.592872 0.048744 0.803820
vn 0.883081 0.006596 0.469174
vn 0.205608 0.021149 0.978406
vn 0.890645 -0.014130 -0.454479
vn 0.220076 -0.022563 -0.975222
vn -0.576507 -0.015676 -0.816942
vn -0.999947 0.003895 -0.009551
vn -0.589679 0.020573 0.807375
vn 0.880938 0.052291 0.470335
vn 0.200522 0.029183 0.979254
vn 0.888664 0.034304 -0.457275
vn 0.215165 -0.008794 -0.976538
vn -0.579520 -0.044379 -0.813748
vn -0.998767 -0.048964 -0.008196
vn -0.592523 -0.013005 0.805448
vn 0.878743 0.112500 0.463848
vn 0.210163 0.041563 0.976783
vn 0.885737 0.098006 -0.453723
vn 0.224322 0.010960 -0.974453
vn -0.568407 -0.081244 -0.818727
vn -0.992874 -0.118938 -0.007397
vn -0.581426 -0.055969 0.811672
vn 0.859911 0.222964 0.459173
vn 0.210577 0.064798 0.975427
vn 0.865368 0.214215 -0.453045
vn 0.222309 0.045880 -0.973896
vn -0.553548 -0.149375 -0.819312
vn -0.969144 -0.246437 -0.005411
vn -0.564771 -0.134127 0.814275
vn 0.819311 0.347326 0.456173
vn 0.204253 0.090166 0.974757
vn 0.821912 0.344995 -0.453254
vn 0.210628 0.085716 -0.973801
vn -0.527818 -0.225733 -0.818812
vn -0.921036 -0.389449 -0.004630
vn -0.535025 -0.222831 0.814920
vn 0.778264 0.425299 0.461980
vn 0.185472 0.099189 0.977631
vn 0.779407 0.428240 -0.457313
vn 0.187924 0.105761 -0.976473
vn -0.513588 -0.279379 -0.811280
vn -0.876819 -0.480800 -0.004437
vn -0.516208 -0.285104 0.807617
vn 0.760025 0.451546 0.467405
vn 0.172153 0.097820 0.980201
vn 0.760278 0.456431 -0.462220
vn 0.173409 0.108552 -0.978849
vn -0.509997 -0.300537 -0.805966
vn -0.858469 -0.512822 -0.006765
vn -0.511347 -0.309577 0.801677
s 1
g AFBXASC195FBXASC177adidos nuevos16
usemtl nuevos29SG
f 308/408/656 309/409/657 316/410/658 315/411/659
f 309/409/657 310/412/660 317/413/661 316/410/658
f 310/412/660 311/414/662 318/415/663 317/413/661
f 311/414/662 312/416/664 319/417/665 318/415/663
f 312/416/664 313/418/666 320/494/667 319/417/665
f 313/495/666 314/420/668 321/421/669 320/419/667
f 314/420/668 308/408/656 315/411/659 321/421/669
f 315/411/659 316/410/658 323/422/670 322/423/671
f 316/410/658 317/413/661 324/424/672 323/422/670
f 317/413/661 318/415/663 325/425/673 324/424/672
f 318/415/663 319/417/665 326/426/674 325/425/673
f 319/417/665 320/494/667 327/493/675 326/426/674
f 320/419/667 321/421/669 328/428/676 327/427/675
f 321/421/669 315/411/659 322/423/671 328/428/676
f 322/423/671 323/422/670 330/429/677 329/430/678
f 323/422/670 324/424/672 331/431/679 330/429/677
f 324/424/672 325/425/673 332/432/680 331/431/679
f 325/425/673 326/426/674 333/433/681 332/432/680
f 326/426/674 327/493/675 334/492/682 333/433/681
f 327/427/675 328/428/676 335/435/683 334/434/682
f 328/428/676 322/423/671 329/430/678 335/435/683
f 329/430/678 330/429/677 337/436/684 336/437/685
f 330/429/677 331/431/679 338/438/686 337/436/684
f 331/431/679 332/432/680 339/439/687 338/438/686
f 332/432/680 333/433/681 340/440/688 339/439/687
f 333/433/681 334/492/682 341/491/689 340/440/688
f 334/434/682 335/435/683 342/442/690 341/441/689
f 335/435/683 329/430/678 336/437/685 342/442/690
f 336/437/685 337/436/684 344/443/691 343/444/692
f 337/436/684 338/438/686 345/445/693 344/443/691
f 338/438/686 339/439/687 346/446/694 345/445/693
f 339/439/687 340/440/688 347/447/695 346/446/694
f 340/440/688 341/491/689 348/490/696 347/447/695
f 341/441/689 342/442/690 349/449/697 348/448/696
f 342/442/690 336/437/685 343/444/692 349/449/697
f 343/444/692 344/443/691 351/450/698 350/451/699
f 344/443/691 345/445/693 352/452/700 351/450/698
f 345/445/693 346/446/694 353/453/701 352/452/700
f 346/446/694 347/447/695 354/454/702 353/453/701
f 347/447/695 348/490/696 355/489/703 354/454/702
f 348/448/696 349/449/697 356/456/704 355/455/703
f 349/449/697 343/444/692 350/451/699 356/456/704
f 350/451/699 351/450/698 358/457/705 357/458/706
f 351/450/698 352/452/700 359/459/707 358/457/705
f 352/452/700 353/453/701 360/460/708 359/459/707
f 353/453/701 354/454/702 361/461/709 360/460/708
f 354/454/702 355/489/703 362/488/710 361/461/709
f 355/455/703 356/456/704 363/463/711 362/462/710
f 356/456/704 350/451/699 357/458/706 363/463/711
f 357/458/706 358/457/705 365/464/712 364/465/713
f 358/457/705 359/459/707 366/466/714 365/464/712
f 359/459/707 360/460/708 367/467/715 366/466/714
f 360/460/708 361/461/709 368/468/716 367/467/715
f 361/461/709 362/488/710 369/487/717 368/468/716
f 362/462/710 363/463/711 370/470/718 369/469/717
f 363/463/711 357/458/706 364/465/713 370/470/718
f 364/465/713 365/464/712 372/471/719 371/472/720
f 365/464/712 366/466/714 373/473/721 372/471/719
f 366/466/714 367/467/715 374/474/722 373/473/721
f 367/467/715 368/468/716 375/475/723 374/474/722
f 368/468/716 369/487/717 376/486/724 375/475/723
f 369/469/717 370/470/718 377/477/725 376/476/724
f 370/470/718 364/465/713 371/472/720 377/477/725
f 371/472/720 372/471/719 379/478/726 378/479/727
f 372/471/719 373/473/721 380/480/728 379/478/726
f 373/473/721 374/474/722 381/481/729 380/480/728
f 374/474/722 375/475/723 382/482/730 381/481/729
f 375/475/723 376/486/724 383/485/731 382/482/730
f 376/476/724 377/477/725 384/484/732 383/483/731
f 377/477/725 371/472/720 378/479/727 384/484/732
g default
v 6.421310 17.452362 -9.099411
v 6.417252 17.451904 -9.093399
v 6.419860 17.451721 -9.086731
v 6.427193 17.451904 -9.084427
v 6.433716 17.452393 -9.088242
v 6.434525 17.452759 -9.095276
v 6.429008 17.452759 -9.100250
v 6.411788 17.611542 -9.091843
v 6.407723 17.610870 -9.085838
v 6.410347 17.610657 -9.079178
v 6.417664 17.611053 -9.076874
v 6.424179 17.611755 -9.080658
v 6.424988 17.612213 -9.087700
v 6.419457 17.612122 -9.092674
v 6.392464 17.945374 -9.076263
v 6.388389 17.945007 -9.070251
v 6.390998 17.944824 -9.063576
v 6.398338 17.944946 -9.061287
v 6.404869 17.945282 -9.065086
v 6.405670 17.945587 -9.072128
v 6.400139 17.945618 -9.077110
v 6.375824 18.279404 -9.061680
v 6.371750 18.279129 -9.055656
v 6.374359 18.278961 -9.048985
v 6.381699 18.278992 -9.046700
v 6.388222 18.279221 -9.050503
v 6.389038 18.279465 -9.057545
v 6.383514 18.279556 -9.062523
v 6.366379 18.652962 -9.049065
v 6.362305 18.652718 -9.043042
v 6.364914 18.652534 -9.036374
v 6.372253 18.652550 -9.034082
v 6.378784 18.652752 -9.037890
v 6.379593 18.652983 -9.044935
v 6.374077 18.653076 -9.049908
v 6.378807 18.958311 -9.046534
v 6.374741 18.958467 -9.040503
v 6.377357 18.958317 -9.033834
v 6.384682 18.957973 -9.031548
v 6.391212 18.957699 -9.035366
v 6.392013 18.957695 -9.042415
v 6.386490 18.957970 -9.047383
v 6.398907 19.263313 -9.047134
v 6.394863 19.263824 -9.041107
v 6.397483 19.263687 -9.034439
v 6.404774 19.263023 -9.032150
v 6.411274 19.262299 -9.035965
v 6.412060 19.262083 -9.043011
v 6.406552 19.262543 -9.047981
v 6.450104 19.560883 -9.059891
v 6.446201 19.562164 -9.053894
v 6.448826 19.562103 -9.047226
v 6.456001 19.560699 -9.044907
v 6.462328 19.559021 -9.048683
v 6.463037 19.558350 -9.055710
v 6.457598 19.559174 -9.060699
v 6.540689 19.848389 -9.087852
v 6.537079 19.850616 -9.081955
v 6.539725 19.850586 -9.075272
v 6.546634 19.848328 -9.072876
v 6.552603 19.845551 -9.076553
v 6.553138 19.844330 -9.083511
v 6.547836 19.845581 -9.088547
v 6.671894 20.118652 -9.132278
v 6.668579 20.121521 -9.126480
v 6.671249 20.121521 -9.119843
v 6.677899 20.118744 -9.117340
v 6.683510 20.115204 -9.120880
v 6.683868 20.113586 -9.127792
v 6.678696 20.115143 -9.132874
v 6.765305 20.285858 -9.164597
v 6.762078 20.288849 -9.158829
v 6.764763 20.288940 -9.152176
v 6.771309 20.285980 -9.149658
v 6.776840 20.282288 -9.153168
v 6.777146 20.280518 -9.160065
v 6.772034 20.282133 -9.165161
vt 0.000443 0.000941
vt 0.000446 0.000941
vt 0.000446 0.000991
vt 0.000443 0.000991
vt 0.000448 0.000941
vt 0.000448 0.000991
vt 0.000450 0.000941
vt 0.000450 0.000991
vt 0.000452 0.000941
vt 0.000436 0.000991
vt 0.000438 0.000941
vt 0.000438 0.000991
vt 0.000441 0.000941
vt 0.000441 0.000991
vt 0.000446 0.001096
vt 0.000443 0.001096
vt 0.000448 0.001096
vt 0.000450 0.001096
vt 0.000436 0.001096
vt 0.000438 0.001096
vt 0.000441 0.001096
vt 0.000446 0.001200
vt 0.000443 0.001200
vt 0.000448 0.001200
vt 0.000450 0.001200
vt 0.000436 0.001200
vt 0.000438 0.001200
vt 0.000441 0.001200
vt 0.000446 0.001317
vt 0.000443 0.001317
vt 0.000448 0.001317
vt 0.000450 0.001317
vt 0.000436 0.001317
vt 0.000438 0.001317
vt 0.000441 0.001317
vt 0.000446 0.001413
vt 0.000443 0.001413
vt 0.000448 0.001413
vt 0.000450 0.001413
vt 0.000436 0.001413
vt 0.000438 0.001413
vt 0.000441 0.001413
vt 0.000446 0.001509
vt 0.000443 0.001509
vt 0.000448 0.001509
vt 0.000450 0.001509
vt 0.000436 0.001509
vt 0.000438 0.001509
vt 0.000441 0.001509
vt 0.000446 0.001603
vt 0.000443 0.001603
vt 0.000448 0.001603
vt 0.000450 0.001603
vt 0.000436 0.001603
vt 0.000438 0.001603
vt 0.000441 0.001603
vt 0.000446 0.001697
vt 0.000443 0.001697
vt 0.000448 0.001697
vt 0.000450 0.001697
vt 0.000436 0.001697
vt 0.000438 0.001697
vt 0.000441 0.001697
vt 0.000446 0.001792
vt 0.000443 0.001792
vt 0.000448 0.001792
vt 0.000450 0.001792
vt 0.000436 0.001792
vt 0.000438 0.001792
vt 0.000441 0.001792
vt 0.000446 0.001853
vt 0.000443 0.001853
vt 0.000448 0.001853
vt 0.000450 0.001853
vt 0.000436 0.001853
vt 0.000438 0.001853
vt 0.000441 0.001853
vt 0.000452 0.001792
vt 0.000452 0.001853
vt 0.000452 0.001697
vt 0.000453 0.001603
vt 0.000453 0.001509
vt 0.000452 0.001413
vt 0.000453 0.001317
vt 0.000452 0.001200
vt 0.000452 0.001096
vt 0.000452 0.000991
vt 0.000436 0.000941
vn -0.500948 0.011148 -0.865405
vn -0.991593 -0.053794 -0.117681
vn -0.991999 -0.052678 -0.114730
vn -0.505978 0.010881 -0.862478
vn -0.665008 -0.075127 0.743048
vn -0.667734 -0.073859 0.740727
vn 0.114314 -0.040311 0.992627
vn 0.107903 -0.040320 0.993344
vn 0.828525 0.022983 0.559481
vn 0.826165 0.021919 0.563002
vn 0.929764 0.072790 -0.360888
vn 0.929287 0.071423 -0.362386
vn 0.299893 0.063202 -0.951877
vn 0.295705 0.062078 -0.953260
vn -0.992102 -0.048167 -0.115816
vn -0.505510 0.011723 -0.862741
vn -0.668280 -0.069422 0.740663
vn 0.108267 -0.039070 0.993354
vn 0.826905 0.019148 0.562016
vn 0.929335 0.066504 -0.363199
vn 0.296258 0.059015 -0.953283
vn -0.992955 -0.032170 -0.114043
vn -0.507173 0.014366 -0.861725
vn -0.669623 -0.053100 0.740800
vn 0.106418 -0.034350 0.993728
vn 0.826425 0.008805 0.562978
vn 0.930419 0.048362 -0.363294
vn 0.295666 0.047547 -0.954108
vn -0.993914 0.006720 -0.109950
vn -0.511911 0.021614 -0.858766
vn -0.672253 -0.013710 0.740195
vn 0.100919 -0.022469 0.994641
vn 0.824052 -0.016180 0.566283
vn 0.931059 0.003839 -0.364848
vn 0.291551 0.020072 -0.956345
vn -0.992383 0.053209 -0.111110
vn -0.507512 0.029795 -0.861129
vn -0.669449 0.033305 0.742111
vn 0.105803 -0.008754 0.994349
vn 0.825765 -0.045781 0.562154
vn 0.929377 -0.048414 -0.365943
vn 0.294683 -0.012676 -0.955511
vn -0.987767 0.114325 -0.106047
vn -0.516209 0.042394 -0.855413
vn -0.668300 0.095278 0.737765
vn 0.096770 0.010909 0.995247
vn 0.816700 -0.083916 0.570928
vn 0.923530 -0.117592 -0.365053
vn 0.282850 -0.054567 -0.957611
vn -0.967909 0.226446 -0.108968
vn -0.515878 0.065869 -0.854126
vn -0.650838 0.208564 0.730007
vn 0.098650 0.045654 0.994074
vn 0.802262 -0.154379 0.576664
vn 0.901351 -0.243710 -0.358011
vn 0.267261 -0.130905 -0.954691
vn -0.927871 0.352551 -0.121502
vn -0.509181 0.091436 -0.855789
vn -0.612290 0.336449 0.715474
vn 0.109386 0.085520 0.990314
vn 0.776418 -0.233129 0.585514
vn 0.857297 -0.385581 -0.341128
vn 0.240442 -0.217880 -0.945894
vn -0.890707 0.432539 -0.139822
vn -0.492771 0.101349 -0.864237
vn -0.571942 0.417542 0.706074
vn 0.131126 0.105819 0.985702
vn 0.758575 -0.287114 0.584919
vn 0.817688 -0.476630 -0.322816
vn 0.225967 -0.279563 -0.933158
vn -0.875460 0.461217 -0.144392
vn -0.483421 0.102050 -0.869419
vn -0.549992 0.443918 0.707422
vn 0.145058 0.108971 0.983404
vn 0.750519 -0.306090 0.585687
vn 0.804234 -0.508759 -0.307200
vn 0.224860 -0.304585 -0.925563
s 1
g AFBXASC195FBXASC177adidos nuevos15
usemtl nuevos29SG
f 385/496/733 386/497/734 393/498/735 392/499/736
f 386/497/734 387/500/737 394/501/738 393/498/735
f 387/500/737 388/502/739 395/503/740 394/501/738
f 388/502/739 389/504/741 396/582/742 395/503/740
f 389/583/741 390/506/743 397/507/744 396/505/742
f 390/506/743 391/508/745 398/509/746 397/507/744
f 391/508/745 385/496/733 392/499/736 398/509/746
f 392/499/736 393/498/735 400/510/747 399/511/748
f 393/498/735 394/501/738 401/512/749 400/510/747
f 394/501/738 395/503/740 402/513/750 401/512/749
f 395/503/740 396/582/742 403/581/751 402/513/750
f 396/505/742 397/507/744 404/515/752 403/514/751
f 397/507/744 398/509/746 405/516/753 404/515/752
f 398/509/746 392/499/736 399/511/748 405/516/753
f 399/511/748 400/510/747 407/517/754 406/518/755
f 400/510/747 401/512/749 408/519/756 407/517/754
f 401/512/749 402/513/750 409/520/757 408/519/756
f 402/513/750 403/581/751 410/580/758 409/520/757
f 403/514/751 404/515/752 411/522/759 410/521/758
f 404/515/752 405/516/753 412/523/760 411/522/759
f 405/516/753 399/511/748 406/518/755 412/523/760
f 406/518/755 407/517/754 414/524/761 413/525/762
f 407/517/754 408/519/756 415/526/763 414/524/761
f 408/519/756 409/520/757 416/527/764 415/526/763
f 409/520/757 410/580/758 417/579/765 416/527/764
f 410/521/758 411/522/759 418/529/766 417/528/765
f 411/522/759 412/523/760 419/530/767 418/529/766
f 412/523/760 406/518/755 413/525/762 419/530/767
f 413/525/762 414/524/761 421/531/768 420/532/769
f 414/524/761 415/526/763 422/533/770 421/531/768
f 415/526/763 416/527/764 423/534/771 422/533/770
f 416/527/764 417/579/765 424/578/772 423/534/771
f 417/528/765 418/529/766 425/536/773 424/535/772
f 418/529/766 419/530/767 426/537/774 425/536/773
f 419/530/767 413/525/762 420/532/769 426/537/774
f 420/532/769 421/531/768 428/538/775 427/539/776
f 421/531/768 422/533/770 429/540/777 428/538/775
f 422/533/770 423/534/771 430/541/778 429/540/777
f 423/534/771 424/578/772 431/577/779 430/541/778
f 424/535/772 425/536/773 432/543/780 431/542/779
f 425/536/773 426/537/774 433/544/781 432/543/780
f 426/537/774 420/532/769 427/539/776 433/544/781
f 427/539/776 428/538/775 435/545/782 434/546/783
f 428/538/775 429/540/777 436/547/784 435/545/782
f 429/540/777 430/541/778 437/548/785 436/547/784
f 430/541/778 431/577/779 438/576/786 437/548/785
f 431/542/779 432/543/780 439/550/787 438/549/786
f 432/543/780 433/544/781 440/551/788 439/550/787
f 433/544/781 427/539/776 434/546/783 440/551/788
f 434/546/783 435/545/782 442/552/789 441/553/790
f 435/545/782 436/547/784 443/554/791 442/552/789
f 436/547/784 437/548/785 444/555/792 443/554/791
f 437/548/785 438/576/786 445/575/793 444/555/792
f 438/549/786 439/550/787 446/557/794 445/556/793
f 439/550/787 440/551/788 447/558/795 446/557/794
f 440/551/788 434/546/783 441/553/790 447/558/795
f 441/553/790 442/552/789 449/559/796 448/560/797
f 442/552/789 443/554/791 450/561/798 449/559/796
f 443/554/791 444/555/792 451/562/799 450/561/798
f 444/555/792 445/575/793 452/573/800 451/562/799
f 445/556/793 446/557/794 453/564/801 452/563/800
f 446/557/794 447/558/795 454/565/802 453/564/801
f 447/558/795 441/553/790 448/560/797 454/565/802
f 448/560/797 449/559/796 456/566/803 455/567/804
f 449/559/796 450/561/798 457/568/805 456/566/803
f 450/561/798 451/562/799 458/569/806 457/568/805
f 451/562/799 452/573/800 459/574/807 458/569/806
f 452/563/800 453/564/801 460/571/808 459/570/807
f 453/564/801 454/565/802 461/572/809 460/571/808
f 454/565/802 448/560/797 455/567/804 461/572/809
g default
v 6.346535 17.864349 -9.056702
v 6.349495 17.864319 -9.053802
v 6.353805 17.864227 -9.054077
v 6.356277 17.864136 -9.057343
v 6.355003 17.864136 -9.061142
v 6.350975 17.864258 -9.062607
v 6.347190 17.864349 -9.060638
v 6.349571 17.953766 -9.055832
v 6.352509 17.953552 -9.052910
v 6.356842 17.953430 -9.053192
v 6.359299 17.953430 -9.056458
v 6.358040 17.953583 -9.060257
v 6.354004 17.953766 -9.061714
v 6.350242 17.953827 -9.059746
v 6.355881 18.141113 -9.054337
v 6.358825 18.141083 -9.051414
v 6.363151 18.140961 -9.051697
v 6.365600 18.140808 -9.054970
v 6.364335 18.140778 -9.058769
v 6.360299 18.140869 -9.060234
v 6.356536 18.141022 -9.058258
v 6.362000 18.328491 -9.054325
v 6.364937 18.328506 -9.051411
v 6.369263 18.328400 -9.051693
v 6.371719 18.328217 -9.054962
v 6.370453 18.328110 -9.058758
v 6.366417 18.328156 -9.060215
v 6.362648 18.328323 -9.058243
v 6.368027 18.537720 -9.059380
v 6.370964 18.537766 -9.056464
v 6.375298 18.537643 -9.056748
v 6.377747 18.537453 -9.060019
v 6.376480 18.537334 -9.063809
v 6.372444 18.537373 -9.065271
v 6.368682 18.537544 -9.063299
v 6.371383 18.708076 -9.074597
v 6.374336 18.708340 -9.071697
v 6.378662 18.708239 -9.071982
v 6.381111 18.707848 -9.075238
v 6.379837 18.707458 -9.079013
v 6.375793 18.707371 -9.080463
v 6.372032 18.707645 -9.078499
v 6.374039 18.877968 -9.094048
v 6.376991 18.878433 -9.091171
v 6.381325 18.878342 -9.091457
v 6.383766 18.877764 -9.094692
v 6.382489 18.877136 -9.098434
v 6.378449 18.876915 -9.099869
v 6.374687 18.877304 -9.097919
v 6.374189 19.042648 -9.130402
v 6.377142 19.043564 -9.127625
v 6.381470 19.043503 -9.127914
v 6.383917 19.042526 -9.131058
v 6.382635 19.041351 -9.134689
v 6.378595 19.040894 -9.136063
v 6.374836 19.041458 -9.134155
v 6.371269 19.200378 -9.188110
v 6.374212 19.201813 -9.185524
v 6.378539 19.201752 -9.185829
v 6.380993 19.200317 -9.188797
v 6.379725 19.198547 -9.192192
v 6.375690 19.197784 -9.193466
v 6.371925 19.198608 -9.191658
v 6.364704 19.347107 -9.267754
v 6.367638 19.348846 -9.265335
v 6.371964 19.348846 -9.265671
v 6.374432 19.347107 -9.268478
v 6.373177 19.344910 -9.271667
v 6.369148 19.343964 -9.272827
v 6.365387 19.344910 -9.271088
v 6.359642 19.437408 -9.323776
v 6.362572 19.439270 -9.321426
v 6.366875 19.439270 -9.321747
v 6.369362 19.437498 -9.324509
v 6.368110 19.435181 -9.327637
v 6.364090 19.434174 -9.328766
v 6.360321 19.435181 -9.327057
vt 0.084565 0.001858
vt 0.084565 0.001860
vt 0.084537 0.001860
vt 0.084537 0.001858
vt 0.084565 0.001861
vt 0.084537 0.001861
vt 0.084565 0.001862
vt 0.084537 0.001853
vt 0.084565 0.001855
vt 0.084537 0.001855
vt 0.084565 0.001856
vt 0.084537 0.001856
vt 0.084565 0.001857
vt 0.084537 0.001857
vt 0.084478 0.001860
vt 0.084479 0.001858
vt 0.084478 0.001861
vt 0.084478 0.001853
vt 0.084479 0.001855
vt 0.084479 0.001856
vt 0.084479 0.001857
vt 0.084420 0.001860
vt 0.084420 0.001858
vt 0.084420 0.001861
vt 0.084420 0.001853
vt 0.084420 0.001855
vt 0.084420 0.001856
vt 0.084420 0.001857
vt 0.084354 0.001860
vt 0.084354 0.001858
vt 0.084354 0.001861
vt 0.084354 0.001853
vt 0.084354 0.001855
vt 0.084354 0.001856
vt 0.084354 0.001857
vt 0.084301 0.001860
vt 0.084301 0.001858
vt 0.084301 0.001861
vt 0.084301 0.001853
vt 0.084301 0.001855
vt 0.084301 0.001856
vt 0.084301 0.001857
vt 0.084247 0.001860
vt 0.084247 0.001858
vt 0.084247 0.001861
vt 0.084247 0.001853
vt 0.084247 0.001855
vt 0.084247 0.001856
vt 0.084247 0.001857
vt 0.084195 0.001860
vt 0.084195 0.001858
vt 0.084195 0.001861
vt 0.084195 0.001853
vt 0.084195 0.001855
vt 0.084195 0.001856
vt 0.084195 0.001857
vt 0.084142 0.001860
vt 0.084142 0.001859
vt 0.084142 0.001861
vt 0.084142 0.001853
vt 0.084142 0.001855
vt 0.084142 0.001856
vt 0.084142 0.001857
vt 0.084090 0.001860
vt 0.084090 0.001859
vt 0.084090 0.001861
vt 0.084090 0.001853
vt 0.084090 0.001855
vt 0.084090 0.001856
vt 0.084090 0.001857
vt 0.084057 0.001860
vt 0.084057 0.001859
vt 0.084057 0.001861
vt 0.084057 0.001853
vt 0.084057 0.001855
vt 0.084057 0.001856
vt 0.084057 0.001857
vt 0.084057 0.001862
vt 0.084090 0.001862
vt 0.084142 0.001862
vt 0.084195 0.001862
vt 0.084247 0.001862
vt 0.084301 0.001862
vt 0.084354 0.001862
vt 0.084420 0.001862
vt 0.084478 0.001862
vt 0.084537 0.001862
vt 0.084565 0.001853
vn -0.949375 0.029160 0.312789
vn -0.345302 0.002383 0.938488
vn -0.339935 0.003377 0.940443
vn -0.947385 0.029252 0.318757
vn 0.462084 -0.024498 0.886498
vn 0.462030 -0.023217 0.886560
vn 0.986229 -0.035049 0.161628
vn 0.985092 -0.034664 0.168500
vn 0.700925 -0.016674 -0.713040
vn 0.705316 -0.017697 -0.708672
vn -0.065980 0.012189 -0.997747
vn -0.065094 0.010761 -0.997821
vn -0.798285 0.033140 -0.601367
vn -0.799617 0.032149 -0.599650
vn -0.340399 0.007532 0.940251
vn -0.947709 0.030118 0.317712
vn 0.463135 -0.018859 0.886087
vn 0.985305 -0.033345 0.167520
vn 0.704744 -0.020528 -0.709165
vn -0.065252 0.006182 -0.997850
vn -0.799608 0.028904 -0.599826
vn -0.339087 0.022363 0.940489
vn -0.947044 0.032982 0.319406
vn 0.463133 -0.002814 0.886284
vn 0.985110 -0.028078 0.169618
vn 0.705505 -0.030646 -0.708042
vn -0.065621 -0.010590 -0.997788
vn -0.800918 0.016929 -0.598535
vn -0.335628 0.058451 0.940179
vn -0.945016 0.040845 0.324464
vn 0.462578 0.035764 0.885857
vn 0.984481 -0.014875 0.174858
vn 0.708130 -0.055087 -0.703929
vn -0.066098 -0.051703 -0.996473
vn -0.804254 -0.011812 -0.594169
vn -0.336499 0.101345 0.936215
vn -0.946402 0.049235 0.319215
vn 0.465098 0.081597 0.881491
vn 0.985686 -0.000275 0.168589
vn 0.704433 -0.084272 -0.704750
vn -0.067374 -0.099946 -0.992709
vn -0.802565 -0.046422 -0.594757
vn -0.331723 0.157987 0.930054
vn -0.942505 0.062624 0.328272
vn 0.462788 0.142123 0.875002
vn 0.984090 0.021129 0.176412
vn 0.710716 -0.121537 -0.692901
vn -0.067783 -0.163337 -0.984239
vn -0.808301 -0.090328 -0.581799
vn -0.330470 0.262056 0.906707
vn -0.941155 0.086755 0.326650
vn 0.462244 0.252251 0.850118
vn 0.983382 0.058198 0.171967
vn 0.713842 -0.190450 -0.673913
vn -0.067598 -0.279644 -0.957721
vn -0.810979 -0.170303 -0.559741
vn -0.332451 0.380066 0.863149
vn -0.941421 0.112970 0.317750
vn 0.462203 0.376891 0.802696
vn 0.982576 0.100167 0.156562
vn 0.717979 -0.267708 -0.642525
vn -0.064768 -0.411263 -0.909213
vn -0.811888 -0.261266 -0.522090
vn -0.340382 0.454640 0.823069
vn -0.945369 0.125414 0.300914
vn 0.462394 0.457597 0.759471
vn 0.983234 0.124128 0.133579
vn 0.715445 -0.320331 -0.620908
vn -0.063614 -0.497793 -0.864960
vn -0.807041 -0.322685 -0.494529
vn -0.342081 0.481366 0.807011
vn -0.944532 0.133275 0.300162
vn 0.458289 0.486860 0.743598
vn 0.981815 0.136758 0.131671
vn 0.719404 -0.336437 -0.607675
vn -0.065174 -0.528498 -0.846429
vn -0.808561 -0.342167 -0.478698
s 1
g AFBXASC195FBXASC177adidos nuevos14
usemtl nuevos29SG
f 462/584/810 463/585/811 470/586/812 469/587/813
f 463/585/811 464/588/814 471/589/815 470/586/812
f 464/588/814 465/590/816 472/670/817 471/589/815
f 465/671/816 466/592/818 473/593/819 472/591/817
f 466/592/818 467/594/820 474/595/821 473/593/819
f 467/594/820 468/596/822 475/597/823 474/595/821
f 468/596/822 462/584/810 469/587/813 475/597/823
f 469/587/813 470/586/812 477/598/824 476/599/825
f 470/586/812 471/589/815 478/600/826 477/598/824
f 471/589/815 472/670/817 479/669/827 478/600/826
f 472/591/817 473/593/819 480/602/828 479/601/827
f 473/593/819 474/595/821 481/603/829 480/602/828
f 474/595/821 475/597/823 482/604/830 481/603/829
f 475/597/823 469/587/813 476/599/825 482/604/830
f 476/599/825 477/598/824 484/605/831 483/606/832
f 477/598/824 478/600/826 485/607/833 484/605/831
f 478/600/826 479/669/827 486/668/834 485/607/833
f 479/601/827 480/602/828 487/609/835 486/608/834
f 480/602/828 481/603/829 488/610/836 487/609/835
f 481/603/829 482/604/830 489/611/837 488/610/836
f 482/604/830 476/599/825 483/606/832 489/611/837
f 483/606/832 484/605/831 491/612/838 490/613/839
f 484/605/831 485/607/833 492/614/840 491/612/838
f 485/607/833 486/668/834 493/667/841 492/614/840
f 486/608/834 487/609/835 494/616/842 493/615/841
f 487/609/835 488/610/836 495/617/843 494/616/842
f 488/610/836 489/611/837 496/618/844 495/617/843
f 489/611/837 483/606/832 490/613/839 496/618/844
f 490/613/839 491/612/838 498/619/845 497/620/846
f 491/612/838 492/614/840 499/621/847 498/619/845
f 492/614/840 493/667/841 500/666/848 499/621/847
f 493/615/841 494/616/842 501/623/849 500/622/848
f 494/616/842 495/617/843 502/624/850 501/623/849
f 495/617/843 496/618/844 503/625/851 502/624/850
f 496/618/844 490/613/839 497/620/846 503/625/851
f 497/620/846 498/619/845 505/626/852 504/627/853
f 498/619/845 499/621/847 506/628/854 505/626/852
f 499/621/847 500/666/848 507/665/855 506/628/854
f 500/622/848 501/623/849 508/630/856 507/629/855
f 501/623/849 502/624/850 509/631/857 508/630/856
f 502/624/850 503/625/851 510/632/858 509/631/857
f 503/625/851 497/620/846 504/627/853 510/632/858
f 504/627/853 505/626/852 512/633/859 511/634/860
f 505/626/852 506/628/854 513/635/861 512/633/859
f 506/628/854 507/665/855 514/664/862 513/635/861
f 507/629/855 508/630/856 515/637/863 514/636/862
f 508/630/856 509/631/857 516/638/864 515/637/863
f 509/631/857 510/632/858 517/639/865 516/638/864
f 510/632/858 504/627/853 511/634/860 517/639/865
f 511/634/860 512/633/859 519/640/866 518/641/867
f 512/633/859 513/635/861 520/642/868 519/640/866
f 513/635/861 514/664/862 521/663/869 520/642/868
f 514/636/862 515/637/863 522/644/870 521/643/869
f 515/637/863 516/638/864 523/645/871 522/644/870
f 516/638/864 517/639/865 524/646/872 523/645/871
f 517/639/865 511/634/860 518/641/867 524/646/872
f 518/641/867 519/640/866 526/647/873 525/648/874
f 519/640/866 520/642/868 527/649/875 526/647/873
f 520/642/868 521/663/869 528/662/876 527/649/875
f 521/643/869 522/644/870 529/651/877 528/650/876
f 522/644/870 523/645/871 530/652/878 529/651/877
f 523/645/871 524/646/872 531/653/879 530/652/878
f 524/646/872 518/641/867 525/648/874 531/653/879
f 525/648/874 526/647/873 533/654/880 532/655/881
f 526/647/873 527/649/875 534/656/882 533/654/880
f 527/649/875 528/662/876 535/661/883 534/656/882
f 528/650/876 529/651/877 536/658/884 535/657/883
f 529/651/877 530/652/878 537/659/885 536/658/884
f 530/652/878 531/653/879 538/660/886 537/659/885
f 531/653/879 525/648/874 532/655/881 538/660/886
g default
v 4.885180 17.083115 -7.457592
v 4.618095 17.076233 -7.457592
v 4.613591 18.645721 -7.461108
v 4.517850 17.746754 -7.458582
v 4.486073 17.977922 -7.459335
v 4.442381 18.397919 -7.460145
v 3.832610 17.070286 -7.457592
v 4.088993 17.076233 -7.457592
v 4.084823 18.645721 -7.461108
v 4.189060 17.746754 -7.458582
v 4.220578 17.977922 -7.459335
v 4.264268 18.397919 -7.460145
v 4.613591 18.645721 -7.419347
v 4.442381 18.397919 -7.420309
v 4.486073 17.977922 -7.421121
v 4.517850 17.746754 -7.421872
v 4.885180 17.083115 -7.422862
v 4.618095 17.076233 -7.422862
v 4.084823 18.645721 -7.419347
v 4.264268 18.397919 -7.420309
v 4.220578 17.977922 -7.421121
v 4.189060 17.746754 -7.421872
v 4.088993 17.076233 -7.422862
v 3.832610 17.070286 -7.422862
vt 0.073737 0.001866
vt 0.000180 0.000793
vt 0.000180 0.000958
vt 0.073682 0.001866
vt 0.073869 0.001866
vt 0.000180 0.001853
vt 0.000180 0.000212
vt 0.000180 0.000296
vt 0.073953 0.001866
vt 0.000180 0.001751
vt 0.000180 0.001459
vt 0.000180 0.001538
vt 0.000192 0.000296
vt 0.000192 0.000212
vt 0.073737 0.001853
vt 0.073869 0.001854
vt 0.000192 0.001751
vt 0.000192 0.001538
vt 0.000192 0.001459
vt 0.000192 0.000958
vt 0.073550 0.001854
vt 0.000192 0.000793
vt 0.000192 0.000000
vt 0.073682 0.001853
vt 0.772488 0.013634
vt 0.000180 0.000000
vt 0.782892 0.013590
vt 0.000192 0.001853
vt 0.772467 0.013837
vt 0.772409 0.013838
vt 0.772478 0.013706
vt 0.772396 0.013707
vt 0.772385 0.013634
vt 0.772356 0.013916
vt 0.772271 0.013425
vt 0.772354 0.013423
vt 0.772520 0.013424
vt 0.772600 0.013423
vt 0.772521 0.013916
vt 0.782916 0.013793
vt 0.782974 0.013793
vt 0.782903 0.013662
vt 0.782986 0.013661
vt 0.782996 0.013589
vt 0.783028 0.013871
vt 0.783107 0.013379
vt 0.782863 0.013872
vt 0.782778 0.013381
vt 0.783027 0.013379
vt 0.782861 0.013379
vt 0.073550 0.001865
vt 0.073953 0.001854
vn -0.000851 -0.003297 0.999994
vn -0.000799 -0.003002 0.999995
vn 0.000847 -0.002995 0.999995
vn 0.000830 -0.003285 0.999994
vn 0.000496 -0.003097 0.999995
vn -0.000799 -0.003002 0.999995
vn -0.000851 -0.003297 0.999994
vn -0.001193 -0.002355 0.999997
vn -0.001357 -0.002244 0.999997
vn -0.001357 -0.002244 0.999997
vn -0.000799 -0.003002 0.999995
vn -0.000478 -0.003094 0.999995
vn 0.000830 -0.003285 0.999994
vn 0.000847 -0.002995 0.999995
vn 0.001286 -0.002351 0.999996
vn -0.000478 -0.003094 0.999995
vn 0.000847 -0.002995 0.999995
vn -0.001193 -0.002355 0.999997
vn -0.000799 -0.003002 0.999995
vn 0.000496 -0.003097 0.999995
vn 0.001286 -0.002351 0.999996
vn 0.000847 -0.002995 0.999995
vn 0.001467 -0.002236 0.999996
vn 0.001467 -0.002236 0.999996
vn 0.000496 -0.003097 0.999995
vn -0.000478 -0.003094 0.999995
vn 0.001286 -0.002351 0.999996
vn -0.001193 -0.002355 0.999997
vn 0.025758 -0.999668 0.000000
vn 0.025758 -0.999668 0.000000
vn 0.025758 -0.999668 0.000000
vn 0.025758 -0.999668 0.000000
vn -0.994632 -0.103472 0.000000
vn -0.994632 -0.103472 0.000000
vn -0.994632 -0.103472 0.000000
vn -0.994632 -0.103472 0.000000
vn 0.989047 -0.147604 0.000000
vn 0.989047 -0.147604 0.000000
vn 0.989047 -0.147604 0.000000
vn 0.989047 -0.147604 0.000000
vn -0.987427 0.158077 0.000000
vn -0.987427 0.158077 0.000000
vn -0.987427 0.158077 0.000000
vn -0.987427 0.158077 0.000000
vn 0.000000 1.000000 0.000000
vn 0.000000 1.000000 0.000000
vn 0.000000 1.000000 0.000000
vn 0.000000 1.000000 0.000000
vn 0.000501 -0.003101 -0.999995
vn -0.000849 -0.003296 -0.999994
vn -0.000800 -0.003002 -0.999995
vn -0.001195 -0.002355 -0.999996
vn -0.000800 -0.003002 -0.999995
vn -0.001360 -0.002244 -0.999997
vn -0.001360 -0.002244 -0.999997
vn -0.000849 -0.003296 -0.999994
vn 0.000826 -0.003284 -0.999994
vn 0.000845 -0.002994 -0.999995
vn -0.000800 -0.003002 -0.999995
vn -0.000487 -0.003099 -0.999995
vn 0.000845 -0.002994 -0.999995
vn 0.000826 -0.003284 -0.999994
vn 0.001286 -0.002351 -0.999996
vn 0.000845 -0.002994 -0.999995
vn -0.000487 -0.003099 -0.999995
vn -0.001195 -0.002355 -0.999996
vn 0.000501 -0.003101 -0.999995
vn -0.000800 -0.003002 -0.999995
vn 0.001286 -0.002351 -0.999996
vn 0.001467 -0.002236 -0.999996
vn 0.001467 -0.002236 -0.999996
vn 0.000845 -0.002994 -0.999995
vn 0.000501 -0.003101 -0.999995
vn -0.001195 -0.002355 -0.999996
vn 0.001286 -0.002351 -0.999996
vn -0.000487 -0.003099 -0.999995
vn -0.989008 -0.147861 0.000000
vn -0.989008 -0.147861 0.000000
vn -0.989008 -0.147861 0.000000
vn -0.989008 -0.147861 0.000000
vn 0.000000 1.000000 0.000000
vn 0.000000 1.000000 0.000000
vn 0.000000 1.000000 0.000000
vn 0.000000 1.000000 0.000000
vn 0.994633 -0.103467 0.000000
vn 0.994633 -0.103467 0.000000
vn 0.994633 -0.103467 0.000000
vn 0.994633 -0.103467 0.000000
vn 0.023190 -0.999731 0.000000
vn 0.023190 -0.999731 0.000000
vn 0.023190 -0.999731 0.000000
vn 0.023190 -0.999731 0.000000
vn 0.985230 0.171238 0.000000
vn 0.985230 0.171238 0.000000
vn 0.985230 0.171238 0.000000
vn 0.985230 0.171238 0.000000
vn 0.000000 -1.000000 0.000000
vn 0.000000 -1.000000 0.000000
vn 0.000000 -1.000000 0.000000
vn 0.000000 -1.000000 0.000000
vn 0.000000 -1.000000 0.000000
vn 0.000000 -1.000000 0.000000
vn 0.000000 -1.000000 0.000000
vn 0.000000 -1.000000 0.000000
s off
g AFBXASC195FBXASC177adidos nuevos13
usemtl nuevos29SG
f 552/700/887 551/710/888 557/705/889 558/701/890
f 553/702/891 551/710/892 552/700/893
f 554/696/894 556/708/895 555/709/896 551/710/897
f 559/703/898 558/701/899 557/705/900
f 560/704/901 559/703/902 557/705/903
f 554/696/904 551/710/905 553/702/906
f 560/704/907 557/705/908 562/706/909 561/707/910
f 553/702/911 559/703/912 560/704/913 554/696/914
f 539/684/915 555/679/916 556/678/917 540/685/918
f 553/676/919 552/672/920 544/686/921 543/687/922
f 548/688/923 560/681/924 561/683/925 546/689/926
f 545/690/927 562/682/928 557/674/929 547/691/930
f 549/723/931 559/680/932 553/676/933 543/687/934
f 543/713/935 544/711/936 541/718/937
f 542/698/938 541/718/939 539/719/940 540/721/941
f 544/711/942 550/712/943 547/716/944 541/718/945
f 549/714/946 547/716/947 550/712/948
f 548/715/949 547/716/950 549/714/951
f 542/698/952 543/713/953 541/718/954
f 548/715/955 546/720/956 545/717/957 547/716/958
f 543/713/959 542/698/960 548/715/961 549/714/962
f 542/694/963 540/685/964 556/678/965 554/697/966
f 557/674/967 551/673/968 541/693/969 547/691/970
f 549/692/971 550/695/972 558/675/973 559/722/974
f 545/690/975 546/689/976 561/683/977 562/682/978
f 539/684/979 541/693/980 551/673/981 555/679/982
f 548/688/983 542/699/984 554/677/985 560/681/986
f 558/675/987 550/695/988 544/686/989 552/672/990
g default
v 3.311775 17.101053 -7.447536
v 3.311775 16.733440 -7.447536
v 3.220490 16.918837 -7.447536
v 3.220490 16.733440 -7.447536
v 2.995194 17.101053 -7.447536
v 2.995194 16.918837 -7.447536
v 2.971200 16.733440 -7.447536
v 3.089087 16.918837 -7.447536
v 3.181557 16.918837 -7.447536
v 3.069050 16.733440 -7.447536
v 3.089517 17.041771 -7.447536
v 3.220490 17.041771 -7.447536
v 3.089305 16.981213 -7.447536
v 3.220490 16.981213 -7.447536
v 3.220490 16.981213 -7.413587
v 3.311775 17.101053 -7.413587
v 3.311775 16.733440 -7.413587
v 3.220490 16.918837 -7.413587
v 3.220490 16.733440 -7.413587
v 3.181557 16.918837 -7.413587
v 3.089087 16.918837 -7.413587
v 2.971200 16.733440 -7.413587
v 3.069050 16.733440 -7.413587
v 2.995194 16.918837 -7.413587
v 3.089305 16.981213 -7.413587
v 2.995194 17.101053 -7.413587
v 3.089517 17.041771 -7.413587
v 3.220490 17.041771 -7.413587
vt 0.000038 0.014261
vt 0.000057 0.014261
vt 0.000115 0.014233
vt 0.000000 0.014233
vt 0.000115 0.014261
vt 0.000057 0.014273
vt 0.058158 0.001864
vt 0.000115 0.014309
vt 0.000057 0.014302
vt 0.000057 0.014332
vt 0.000039 0.001774
vt 0.058003 0.001864
vt 0.000019 0.014302
vt 0.000039 0.001834
vt 0.000050 0.001733
vt 0.057904 0.001853
vt 0.057789 0.001853
vt 0.058268 0.001853
vt 0.058326 0.001853
vt 0.058256 0.001853
vt 0.058158 0.001853
vt 0.058089 0.001853
vt 0.058188 0.001853
vt 0.058060 0.001853
vt 0.000050 0.001774
vt 0.000050 0.001834
vt 0.000050 0.001793
vt 0.058003 0.001853
vt 0.000019 0.014261
vt 0.000039 0.001733
vt 0.000039 0.001853
vt -0.000000 0.014332
vt 0.058060 0.001864
vt 0.000038 0.014302
vt 0.000039 0.001793
vt 0.057904 0.001864
vt 0.058089 0.001864
vt 0.000115 0.014339
vt 0.058188 0.001864
vt 0.058256 0.001864
vt 0.058268 0.001864
vt 0.782815 0.014281
vt 0.000050 0.001853
vt 0.058326 0.001864
vt 0.057789 0.001864
vt 0.058355 0.001864
vt 0.782893 0.014252
vt 0.058355 0.001853
vt 0.782778 0.014252
vt 0.782815 0.014322
vt 0.782796 0.014322
vt 0.782796 0.014281
vt 0.782778 0.014352
vt 0.782835 0.014351
vt 0.782835 0.014293
vt 0.782893 0.014328
vt 0.782835 0.014281
vt 0.782835 0.014322
vt 0.782893 0.014359
vt 0.782893 0.014281
vn 0.000003 0.000000 1.000000
vn 0.000003 0.000000 1.000000
vn 0.000001 0.000000 1.000000
vn 0.000002 0.000000 1.000000
vn 0.000003 0.000000 1.000000
vn 0.000000 0.000000 1.000000
vn 0.000001 0.000000 1.000000
vn 0.000000 0.000000 1.000000
vn 0.000003 0.000000 1.000000
vn 0.000003 0.000000 1.000000
vn 0.000000 0.000000 1.000000
vn 0.000000 0.000000 1.000000
vn 0.000000 0.000000 1.000000
vn 0.000000 0.000000 1.000000
vn 0.000000 0.000000 1.000000
vn 0.000000 0.000000 1.000000
vn 0.000000 0.000000 1.000000
vn 0.000000 0.000000 1.000000
vn 0.000000 0.000000 1.000000
vn 0.000003 0.000000 1.000000
vn 0.000000 0.000000 1.000000
vn 0.000000 0.000000 1.000000
vn 0.000000 0.000000 1.000000
vn 0.000000 0.000000 1.000000
vn 0.000002 0.000000 1.000000
vn 0.000000 0.000000 1.000000
vn 0.000000 0.000000 1.000000
vn 0.000000 0.000000 1.000000
vn 0.000000 0.000000 1.000000
vn 0.000000 0.000000 1.000000
vn 0.000003 0.000000 1.000000
vn 0.000002 0.000000 1.000000
vn 0.000000 0.000000 -1.000000
vn 0.000000 0.000000 -1.000000
vn 0.000000 0.000000 -1.000000
vn 0.000000 0.000000 -1.000000
vn 0.000000 0.000000 -1.000000
vn 0.000000 0.000000 -1.000000
vn 0.000000 0.000000 -1.000000
vn 0.000000 0.000000 -1.000000
vn 0.000000 0.000000 -1.000000
vn 0.000000 0.000000 -1.000000
vn 0.000000 0.000000 -1.000000
vn 0.000000 0.000000 -1.000000
vn 0.000000 0.000000 -1.000000
vn 0.000000 0.000000 -1.000000
vn 0.000000 0.000000 -1.000000
vn 0.000000 0.000000 -1.000000
vn 0.000000 0.000000 -1.000000
vn 0.000000 0.000000 -1.000000
vn 0.000000 0.000000 -1.000000
vn 0.000000 0.000000 -1.000000
vn 0.000000 0.000000 -1.000000
vn 0.000000 0.000000 -1.000000
vn 0.000002 0.000000 -1.000000
vn 0.000000 0.000000 -1.000000
vn 0.000000 0.000000 -1.000000
vn 0.000000 0.000000 -1.000000
vn 0.000000 0.000000 -1.000000
vn 0.000000 0.000000 -1.000000
vn 0.000000 0.000000 -1.000000
vn 0.000002 0.000000 -1.000000
vn 0.000000 0.000000 -1.000000
vn 0.000000 0.000000 -1.000000
vn 1.000000 -0.000001 0.000000
vn 1.000000 -0.000001 0.000000
vn 1.000000 -0.000001 0.000000
vn 1.000000 -0.000001 0.000000
vn 0.000000 -1.000000 0.000000
vn 0.000000 -1.000000 0.000000
vn 0.000000 -1.000000 0.000000
vn 0.000000 -1.000000 0.000000
vn -1.000000 0.000001 0.000000
vn -1.000000 0.000001 0.000000
vn -1.000000 0.000001 0.000000
vn -1.000000 0.000001 0.000000
vn 0.000000 -1.000000 0.000000
vn 0.000000 -1.000000 0.000000
vn 0.000000 -1.000000 0.000000
vn 0.000000 -1.000000 0.000000
vn -0.843851 0.536577 0.000000
vn -0.843851 0.536577 0.000000
vn -0.843851 0.536577 0.000000
vn -0.843851 0.536577 0.000000
vn 0.854901 -0.518792 0.000000
vn 0.854901 -0.518792 0.000000
vn 0.854901 -0.518792 0.000000
vn 0.854901 -0.518792 0.000000
vn 0.000000 -1.000000 0.000000
vn 0.000000 -1.000000 0.000000
vn 0.000000 -1.000000 0.000000
vn 0.000000 -1.000000 0.000000
vn 0.000000 -1.000000 0.000000
vn 0.000000 -1.000000 0.000000
vn 0.000000 -1.000000 0.000000
vn 0.000000 -1.000000 0.000000
vn 0.000000 1.000000 0.000000
vn 0.000000 1.000000 0.000000
vn 0.000000 1.000000 0.000000
vn 0.000000 1.000000 0.000000
vn 0.000000 -1.000000 0.000000
vn 0.000000 -1.000000 0.000000
vn 0.000000 -1.000000 0.000000
vn 0.000000 -1.000000 0.000000
vn 0.000000 1.000000 0.000000
vn 0.000000 1.000000 0.000000
vn 0.000000 1.000000 0.000000
vn 0.000000 1.000000 0.000000
vn 0.999994 -0.003494 0.000000
vn 0.999994 -0.003494 0.000000
vn 0.999994 -0.003494 0.000000
vn 0.999994 -0.003494 0.000000
vn -1.000000 0.000000 0.000000
vn -1.000000 0.000000 0.000000
vn -1.000000 0.000000 0.000000
vn -1.000000 0.000000 0.000000
vn -1.000000 0.000000 0.000000
vn -1.000000 0.000000 0.000000
vn -1.000000 0.000000 0.000000
vn -1.000000 0.000000 0.000000
s off
g AFBXASC195FBXASC177adidos nuevos12
usemtl nuevos29SG
f 577/724/991 580/725/992 579/726/993 578/727/994
f 580/725/995 581/728/996 579/726/997
f 582/729/998 580/725/999 577/724/1000
f 584/761/1001 585/731/1002 582/729/1003 583/732/1004
f 586/733/1005 583/732/1006 587/757/1007
f 583/732/1008 582/729/1009 577/724/1010 587/757/1011
f 588/755/1012 589/736/1013 590/752/1014 578/727/1015
f 588/755/1016 586/733/1017 587/757/1018 589/736/1019
f 590/752/1020 577/724/1021 578/727/1022
f 576/765/1023 563/772/1024 564/770/1025 565/780/1026
f 565/780/1027 564/770/1028 566/783/1029
f 571/778/1030 576/765/1031 565/780/1032
f 569/782/1033 570/781/1034 571/778/1035 572/779/1036
f 568/777/1037 575/773/1038 570/781/1039
f 570/781/1040 575/773/1041 576/765/1042 571/778/1043
f 563/772/1044 574/775/1045 573/774/1046 567/776/1047
f 567/776/1048 573/774/1049 575/773/1050 568/777/1051
f 574/775/1052 563/772/1053 576/765/1054
f 563/739/1055 578/759/1056 579/768/1057 564/740/1058
f 564/771/1059 579/769/1060 581/767/1061 566/742/1062
f 566/742/1063 581/767/1064 580/764/1065 565/741/1066
f 565/741/1067 580/764/1068 582/763/1069 571/743/1070
f 569/744/1071 584/730/1072 583/760/1073 570/745/1074
f 571/743/1075 582/763/1076 585/762/1077 572/746/1078
f 572/746/1079 585/762/1080 584/730/1081 569/744/1082
f 570/745/1083 583/760/1084 586/756/1085 568/747/1086
f 575/748/1087 587/734/1088 577/753/1089 576/738/1090
f 589/758/1091 573/750/1092 574/749/1093 590/737/1094
f 588/735/1095 578/759/1096 563/739/1097 567/751/1098
f 573/750/1099 589/758/1100 587/734/1101 575/748/1102
f 568/747/1103 586/756/1104 588/735/1105 567/751/1106
f 576/766/1107 577/754/1108 590/737/1109 574/749/1110
g default
v 2.511009 17.697123 -7.446244
v 2.761828 17.697123 -7.446244
v 2.511009 17.336185 -7.446244
v 2.761828 17.336185 -7.446244
v 2.511009 17.408373 -7.446244
v 2.511009 17.480560 -7.446244
v 2.511009 17.552748 -7.446244
v 2.511009 17.624935 -7.446244
v 2.670601 17.624935 -7.446244
v 2.670601 17.552748 -7.446244
v 2.670601 17.480560 -7.446244
v 2.670601 17.408373 -7.446244
v 2.511009 17.408373 -7.410744
v 2.670601 17.408373 -7.410744
v 2.761828 17.336185 -7.410744
v 2.511009 17.336185 -7.410744
v 2.511009 17.552748 -7.410744
v 2.670601 17.552748 -7.410744
v 2.670601 17.480560 -7.410744
v 2.511009 17.480560 -7.410744
v 2.511009 17.697123 -7.410744
v 2.761828 17.697123 -7.410744
v 2.670601 17.624935 -7.410744
v 2.511009 17.624935 -7.410744
vt 0.047842 0.001864
vt 0.556988 0.001803
vt 0.556988 0.001882
vt 0.556966 0.001853
vt 0.047697 0.001864
vt 0.556943 0.001803
vt 0.047769 0.001864
vt 0.556921 0.001853
vt 0.047552 0.001864
vt 0.556898 0.001803
vt 0.047624 0.001864
vt 0.556875 0.001882
vt 0.047842 0.001853
vt 0.047792 0.001853
vt 0.047360 0.001853
vt 0.047282 0.001853
vt 0.047697 0.001853
vt 0.047647 0.001853
vt 0.047769 0.001853
vt 0.047719 0.001853
vt 0.047552 0.001853
vt 0.047473 0.001853
vt 0.047624 0.001853
vt 0.047574 0.001853
vt 0.556966 0.001853
vt 0.556943 0.001853
vt 0.556943 0.001803
vt 0.556898 0.001853
vt 0.556921 0.001803
vt 0.556921 0.001853
vt 0.556966 0.001803
vt 0.556988 0.001803
vt 0.556988 0.001882
vt 0.556898 0.001853
vt 0.047574 0.001864
vt 0.556875 0.001803
vt 0.047473 0.001864
vt 0.047647 0.001864
vt 0.556921 0.001803
vt 0.047719 0.001864
vt 0.556943 0.001853
vt 0.047792 0.001864
vt 0.556966 0.001803
vt 0.047282 0.001864
vt 0.047360 0.001864
vt 0.556875 0.001882
vt 0.556898 0.001803
vt 0.556875 0.001803
vt 0.047864 0.001853
vt 0.047864 0.001864
vn 0.000000 0.000000 1.000000
vn 0.000000 0.000000 1.000000
vn -0.000003 0.000000 1.000000
vn 0.000000 0.000000 1.000000
vn 0.000000 0.000000 1.000000
vn 0.000000 0.000000 1.000000
vn -0.000004 0.000000 1.000000
vn -0.000004 0.000000 1.000000
vn 0.000000 0.000000 1.000000
vn 0.000000 0.000000 1.000000
vn 0.000000 0.000000 1.000000
vn -0.000003 0.000000 1.000000
vn -0.000004 0.000000 1.000000
vn -0.000003 0.000000 1.000000
vn 0.000000 0.000000 1.000000
vn -0.000004 0.000000 1.000000
vn -0.000003 0.000000 1.000000
vn -0.000003 0.000000 1.000000
vn -0.000004 0.000000 1.000000
vn 0.000000 0.000000 1.000000
vn -0.000003 0.000000 1.000000
vn -0.000004 0.000000 1.000000
vn 0.000000 0.000000 -1.000000
vn 0.000000 0.000000 -1.000000
vn -0.000003 0.000000 -1.000000
vn 0.000000 0.000000 -1.000000
vn 0.000000 0.000000 -1.000000
vn -0.000004 0.000000 -1.000000
vn -0.000004 0.000000 -1.000000
vn 0.000000 0.000000 -1.000000
vn 0.000000 0.000000 -1.000000
vn -0.000003 0.000000 -1.000000
vn 0.000000 0.000000 -1.000000
vn 0.000000 0.000000 -1.000000
vn -0.000004 0.000000 -1.000000
vn 0.000000 0.000000 -1.000000
vn -0.000003 0.000000 -1.000000
vn -0.000004 0.000000 -1.000000
vn -0.000004 0.000000 -1.000000
vn -0.000003 0.000000 -1.000000
vn -0.000003 0.000000 -1.000000
vn 0.000000 0.000000 -1.000000
vn -0.000004 0.000000 -1.000000
vn -0.000003 0.000000 -1.000000
vn 0.000000 1.000000 0.000000
vn 0.000000 1.000000 0.000000
vn 0.000000 1.000000 0.000000
vn 0.000000 1.000000 0.000000
vn 0.000000 -1.000000 0.000000
vn 0.000000 -1.000000 0.000000
vn 0.000000 -1.000000 0.000000
vn 0.000000 -1.000000 0.000000
vn -1.000000 0.000000 0.000000
vn -1.000000 0.000000 0.000000
vn -1.000000 0.000000 0.000000
vn -1.000000 0.000000 0.000000
vn 0.000000 1.000000 0.000000
vn 0.000000 1.000000 0.000000
vn 0.000000 1.000000 0.000000
vn 0.000000 1.000000 0.000000
vn 0.000000 -1.000000 0.000000
vn 0.000000 -1.000000 0.000000
vn 0.000000 -1.000000 0.000000
vn 0.000000 -1.000000 0.000000
vn -1.000000 0.000000 0.000000
vn -1.000000 0.000000 0.000000
vn -1.000000 0.000000 0.000000
vn -1.000000 0.000000 0.000000
vn 0.000000 1.000000 0.000000
vn 0.000000 1.000000 0.000000
vn 0.000000 1.000000 0.000000
vn 0.000000 1.000000 0.000000
vn 0.000000 -1.000000 0.000000
vn 0.000000 -1.000000 0.000000
vn 0.000000 -1.000000 0.000000
vn 0.000000 -1.000000 0.000000
vn -1.000000 0.000000 0.000000
vn -1.000000 0.000000 0.000000
vn -1.000000 0.000000 0.000000
vn -1.000000 0.000000 0.000000
vn -1.000000 0.000000 0.000000
vn -1.000000 0.000000 0.000000
vn -1.000000 0.000000 0.000000
vn -1.000000 0.000000 0.000000
vn 1.000000 0.000001 -0.000003
vn 1.000000 0.000001 -0.000003
vn 1.000000 0.000001 -0.000003
vn 1.000000 0.000001 -0.000003
vn -1.000000 0.000000 0.000000
vn -1.000000 0.000000 0.000000
vn -1.000000 0.000000 0.000000
vn -1.000000 0.000000 0.000000
s off
g AFBXASC195FBXASC177adidos nuevos11
usemtl nuevos29SG
f 603/826/1111 606/785/1112 605/786/1113 604/787/1114
f 607/822/1115 610/789/1116 609/824/1117 608/791/1118
f 611/819/1119 614/793/1120 613/817/1121 612/795/1122
f 608/791/1123 612/795/1124 613/817/1125
f 609/824/1126 605/786/1127 612/795/1128 608/791/1129
f 604/787/1130 605/786/1131 609/824/1132
f 595/830/1133 602/811/1134 594/829/1135 593/831/1136
f 597/810/1137 600/809/1138 601/813/1139 596/812/1140
f 591/815/1141 592/816/1142 599/808/1143 598/814/1144
f 600/809/1145 599/808/1146 592/816/1147
f 601/813/1148 600/809/1149 592/816/1150 594/829/1151
f 602/811/1152 601/813/1153 594/829/1154
f 595/796/1155 603/784/1156 604/825/1157 602/797/1158
f 594/798/1159 605/828/1160 606/827/1161 593/799/1162
f 593/832/1163 606/833/1164 603/784/1165 595/796/1166
f 597/800/1167 607/788/1168 608/821/1169 600/801/1170
f 601/802/1171 609/790/1172 610/823/1173 596/803/1174
f 596/803/1175 610/823/1176 607/788/1177 597/800/1178
f 591/804/1179 611/792/1180 612/820/1181 592/805/1182
f 599/806/1183 613/794/1184 614/818/1185 598/807/1186
f 598/807/1187 614/818/1188 611/792/1189 591/804/1190
f 600/801/1191 608/821/1192 613/794/1193 599/806/1194
f 592/805/1195 612/820/1196 605/828/1197 594/798/1198
f 602/797/1199 604/825/1200 609/790/1201 601/802/1202
g default
v 1.260771 17.693529 -7.444872
v 0.970152 17.325916 -7.444872
v 1.260771 17.325916 -7.444872
v 0.970152 17.422203 -7.444872
v 1.148998 17.693529 -7.444872
v 1.148998 17.422203 -7.444872
v 1.148998 17.422203 -7.414705
v 0.970152 17.422203 -7.414705
v 1.260771 17.325916 -7.414705
v 0.970152 17.325916 -7.414705
v 1.260771 17.693529 -7.414705
v 1.148998 17.693529 -7.414705
vt 0.000039 0.001732
vt 0.609526 0.001944
vt 0.000039 0.001442
vt 0.609496 0.001888
vt 0.000039 0.001557
vt 0.609411 0.001888
vt 0.000048 0.001732
vt 0.000049 0.001677
vt 0.000049 0.001442
vt 0.000048 0.001762
vt 0.000049 0.001557
vt 0.000049 0.001592
vt 0.000039 0.001592
vt 0.609411 0.001853
vt 0.000039 0.001677
vt 0.000039 0.001853
vt 0.609526 0.001853
vt 0.609496 0.001944
vt 0.000039 0.001762
vt 0.614780 0.001853
vt 0.000048 0.001853
vt 0.614749 0.001888
vt 0.614749 0.001944
vt 0.614664 0.001888
vt 0.614664 0.001853
vt 0.614780 0.001944
vn 0.000000 0.000000 1.000000
vn 0.000000 0.000000 1.000000
vn 0.000000 0.000000 1.000000
vn 0.000000 0.000000 1.000000
vn 0.000000 0.000000 1.000000
vn 0.000000 0.000000 1.000000
vn 0.000000 0.000000 1.000000
vn 0.000000 0.000000 1.000000
vn 0.000000 0.000000 -1.000000
vn 0.000000 0.000000 -1.000000
vn 0.000000 0.000000 -1.000000
vn 0.000000 0.000000 -1.000000
vn 0.000000 0.000000 -1.000000
vn 0.000000 0.000000 -1.000000
vn 0.000000 0.000000 -1.000000
vn 0.000000 0.000000 -1.000000
vn 0.000000 1.000000 0.000000
vn 0.000000 1.000000 0.000000
vn 0.000000 1.000000 0.000000
vn 0.000000 1.000000 0.000000
vn 0.000000 -1.000000 0.000000
vn 0.000000 -1.000000 0.000000
vn 0.000000 -1.000000 0.000000
vn 0.000000 -1.000000 0.000000
vn -1.000000 0.000000 0.000000
vn -1.000000 0.000000 0.000000
vn -1.000000 0.000000 0.000000
vn -1.000000 0.000000 0.000000
vn 1.000000 0.000000 0.000000
vn 1.000000 0.000000 0.000000
vn 1.000000 0.000000 0.000000
vn 1.000000 0.000000 0.000000
vn -1.000000 0.000000 0.000000
vn -1.000000 0.000000 0.000000
vn -1.000000 0.000000 0.000000
vn -1.000000 0.000000 0.000000
vn 0.000000 1.000000 0.000000
vn 0.000000 1.000000 0.000000
vn 0.000000 1.000000 0.000000
vn 0.000000 1.000000 0.000000
s off
g AFBXASC195FBXASC177adidos nuevos10
usemtl nuevos29SG
f 622/851/1203 624/835/1204 623/850/1205 621/837/1206
f 625/847/1207 626/839/1208 621/837/1209 623/850/1210
f 618/856/1211 620/855/1212 617/853/1213 616/859/1214
f 615/858/1215 617/853/1216 620/855/1217 619/857/1218
f 618/840/1219 622/834/1220 621/848/1221 620/841/1222
f 617/854/1223 623/849/1224 624/852/1225 616/843/1226
f 616/843/1227 624/852/1228 622/834/1229 618/840/1230
f 615/844/1231 625/838/1232 623/836/1233 617/842/1234
f 620/841/1235 621/848/1236 626/846/1237 619/845/1238
f 619/845/1239 626/846/1240 625/838/1241 615/844/1242
g default
v 1.676147 17.326963 -7.440800
v 1.587358 17.325855 -7.453310
v 1.580741 17.693665 -7.451241
v 1.556243 17.458450 -7.451494
v 1.542056 17.523060 -7.451651
v 1.528017 17.614910 -7.450876
v 1.326234 17.324554 -7.453366
v 1.411465 17.325855 -7.453310
v 1.415414 17.694008 -7.451227
v 1.442582 17.458450 -7.451494
v 1.456745 17.523060 -7.451651
v 1.470784 17.614910 -7.450876
v 1.676147 17.327148 -7.419024
v 1.587358 17.325645 -7.418984
v 1.580741 17.693451 -7.414835
v 1.556243 17.458244 -7.418558
v 1.542056 17.522848 -7.417310
v 1.528017 17.614700 -7.416529
v 1.326234 17.324343 -7.418951
v 1.411465 17.325645 -7.418984
v 1.415414 17.693790 -7.414844
v 1.442582 17.458244 -7.418558
v 1.456745 17.522848 -7.417310
v 1.470784 17.614700 -7.416529
vt 0.078930 0.001853
vt 0.120905 0.001853
vt 0.120831 0.001853
vt 0.079224 0.001853
vt 0.078803 0.001853
vt 0.079269 0.001853
vt 0.078985 0.001853
vt 0.120887 0.001853
vt 0.120858 0.001853
vt 0.079186 0.001853
vt 0.079112 0.001853
vt 0.079140 0.001853
vt 0.078930 0.001863
vt 0.079299 0.001863
vt 0.079269 0.001863
vt 0.079224 0.001863
vt 0.120887 0.001864
vt 0.120858 0.001864
vt 0.079140 0.001863
vt 0.079112 0.001863
vt 0.079186 0.001863
vt 0.120905 0.001864
vt 0.120934 0.001864
vt 0.078985 0.001863
vt 0.772324 0.014221
vt 0.120831 0.001864
vt 0.005307 0.001685
vt 0.120934 0.001853
vt 0.772386 0.014262
vt 0.078803 0.001863
vt 0.005369 0.001643
vt 0.079299 0.001853
vt 0.772271 0.014234
vt 0.772271 0.014183
vt 0.772295 0.014217
vt 0.772295 0.014199
vt 0.772324 0.014195
vt 0.772344 0.014226
vt 0.772344 0.014190
vt 0.772386 0.014181
vt 0.772386 0.014153
vt 0.772386 0.014236
vt 0.005254 0.001673
vt 0.005254 0.001725
vt 0.005278 0.001690
vt 0.005278 0.001708
vt 0.005307 0.001712
vt 0.005327 0.001681
vt 0.005327 0.001717
vt 0.005369 0.001726
vt 0.005369 0.001753
vt 0.005369 0.001671
vn 0.069483 -0.006089 -0.997565
vn -0.004383 -0.001650 -0.999989
vn 0.032805 -0.004775 -0.999450
vn 0.075500 -0.003189 -0.997141
vn 0.095928 0.012681 -0.995308
vn 0.138804 0.046125 -0.989245
vn 0.009829 0.002350 -0.999949
vn 0.005516 -0.000645 -0.999985
vn 0.004151 -0.001569 -0.999990
vn 0.009198 0.002869 -0.999954
vn 0.006426 0.006265 -0.999960
vn 0.005516 -0.000645 -0.999985
vn 0.009829 0.002350 -0.999949
vn 0.075500 -0.003189 -0.997141
vn 0.069483 -0.006089 -0.997565
vn 0.032805 -0.004775 -0.999450
vn 0.095928 0.012681 -0.995308
vn 0.009198 0.002869 -0.999954
vn 0.000445 0.013591 -0.999908
vn 0.006426 0.006265 -0.999960
vn 0.000000 -0.002421 -0.999997
vn 0.000000 -0.002421 -0.999997
vn 0.000000 -0.002421 -0.999997
vn 0.000000 -0.002421 -0.999997
vn 0.032805 -0.004775 -0.999450
vn -0.004383 -0.001650 -0.999989
vn 0.004151 -0.001569 -0.999990
vn 0.005516 -0.000645 -0.999985
vn 0.967748 0.251918 0.000130
vn 0.967749 0.251918 0.000130
vn 0.967749 0.251918 0.000130
vn 0.967749 0.251918 0.000130
vn -0.973556 -0.228444 -0.001418
vn -0.973556 -0.228445 -0.001418
vn -0.973556 -0.228445 -0.001418
vn -0.973556 -0.228444 -0.001418
vn 0.988520 -0.151084 -0.000925
vn 0.988520 -0.151084 -0.000925
vn 0.988520 -0.151084 -0.000925
vn 0.988520 -0.151084 -0.000925
vn 0.015272 -0.999865 -0.006144
vn 0.015272 -0.999865 -0.006144
vn 0.015272 -0.999865 -0.006144
vn 0.015272 -0.999865 -0.006144
vn 0.000000 -0.999981 -0.006241
vn 0.000000 -0.999981 -0.006241
vn 0.000000 -0.999981 -0.006241
vn 0.000000 -0.999981 -0.006241
vn 0.000000 -0.999981 -0.006125
vn 0.000000 -0.999981 -0.006125
vn 0.000000 -0.999981 -0.006125
vn 0.000000 -0.999981 -0.006125
vn -0.009125 -0.014805 0.999849
vn -0.005207 -0.017713 0.999830
vn -0.004375 -0.018540 0.999819
vn -0.008408 -0.014190 0.999864
vn 0.000504 -0.003099 0.999995
vn -0.005546 -0.010628 0.999928
vn 0.009840 -0.014552 0.999846
vn 0.004121 -0.018459 0.999821
vn 0.005508 -0.017537 0.999831
vn 0.009210 -0.014033 0.999859
vn 0.009840 -0.014552 0.999846
vn 0.005508 -0.017537 0.999831
vn 0.006435 -0.010641 0.999923
vn -0.008408 -0.014190 0.999864
vn -0.005546 -0.010628 0.999928
vn -0.005207 -0.017713 0.999830
vn -0.009125 -0.014805 0.999849
vn 0.009210 -0.014033 0.999859
vn 0.006435 -0.010641 0.999923
vn 0.000445 -0.003320 0.999994
vn 0.000000 -0.019312 0.999814
vn 0.000000 -0.019312 0.999813
vn 0.000000 -0.019312 0.999814
vn 0.000000 -0.019312 0.999813
vn -0.005207 -0.017713 0.999830
vn 0.005508 -0.017537 0.999831
vn 0.004121 -0.018459 0.999821
vn -0.004375 -0.018540 0.999819
vn 0.014734 -0.999891 -0.000431
vn 0.014734 -0.999891 -0.000431
vn 0.014734 -0.999891 -0.000431
vn 0.014734 -0.999891 -0.000431
vn -0.988520 -0.151087 -0.000920
vn -0.988520 -0.151087 -0.000920
vn -0.988520 -0.151087 -0.000920
vn -0.988520 -0.151087 -0.000920
vn -0.972081 0.234640 0.001418
vn -0.972081 0.234640 0.001418
vn -0.972081 0.234640 0.001418
vn -0.972081 0.234640 0.001418
vn 0.973554 -0.228453 -0.001405
vn 0.973554 -0.228453 -0.001405
vn 0.973554 -0.228453 -0.001405
vn 0.973554 -0.228453 -0.001405
vn 0.000000 0.999981 0.006144
vn 0.000000 0.999981 0.006144
vn 0.000000 0.999981 0.006144
vn 0.000000 0.999981 0.006144
vn 0.002065 0.999981 0.005904
vn 0.002065 0.999981 0.005904
vn 0.002065 0.999981 0.005904
vn 0.002065 0.999980 0.005904
s off
g AFBXASC195FBXASC177adidos nuevos9
usemtl nuevos29SG
f 631/886/1243 632/904/1244 629/902/1245
f 630/907/1246 627/890/1247 628/911/1248
f 637/906/1249 635/903/1250 638/905/1251
f 636/908/1252 633/910/1253 635/903/1254 637/906/1255
f 630/907/1256 631/886/1257 629/902/1258 627/890/1259
f 636/908/1260 634/909/1261 633/910/1262
f 631/886/1263 630/907/1264 636/908/1265 637/906/1266
f 629/902/1267 632/904/1268 638/905/1269 635/903/1270
f 627/864/1271 629/860/1272 641/872/1273 639/889/1274
f 630/863/1275 628/865/1276 640/874/1277 642/875/1278
f 637/868/1279 638/867/1280 650/876/1281 649/877/1282
f 633/870/1283 634/871/1284 646/878/1285 645/879/1286
f 636/869/1287 630/863/1288 642/875/1289 648/880/1290
f 638/867/1291 632/861/1292 644/881/1293 650/876/1294
f 643/884/1295 641/892/1296 644/894/1297
f 642/897/1298 640/901/1299 639/888/1300
f 649/896/1301 650/895/1302 647/893/1303
f 648/898/1304 649/896/1305 647/893/1306 645/900/1307
f 642/897/1308 639/888/1309 641/892/1310 643/884/1311
f 648/898/1312 645/900/1313 646/899/1314
f 643/884/1315 649/896/1316 648/898/1317 642/897/1318
f 641/892/1319 647/893/1320 650/895/1321 644/894/1322
f 627/891/1323 639/873/1324 640/874/1325 628/865/1326
f 631/887/1327 643/882/1328 644/881/1329 632/861/1330
f 633/870/1331 645/879/1332 647/883/1333 635/866/1334
f 636/869/1335 648/880/1336 646/878/1337 634/871/1338
f 637/868/1339 649/877/1340 643/885/1341 631/862/1342
f 635/866/1343 647/883/1344 641/872/1345 629/860/1346
g default
v 1.730662 17.693529 -7.446470
v 2.070353 17.693529 -7.446470
v 1.730662 17.325916 -7.446470
v 2.070353 17.325916 -7.446470
v 1.981665 17.693529 -7.446470
v 1.981665 17.325916 -7.446470
v 1.819351 17.693529 -7.446470
v 1.819351 17.325916 -7.446470
v 1.819351 17.484074 -7.446470
v 1.981665 17.544033 -7.446470
v 1.730662 17.325916 -7.413105
v 1.819351 17.484074 -7.413105
v 1.819351 17.325916 -7.413105
v 2.070353 17.693527 -7.413105
v 2.070353 17.325916 -7.413105
v 1.981665 17.325916 -7.413105
v 1.981665 17.544033 -7.413105
v 1.981665 17.693529 -7.413105
v 1.819351 17.693529 -7.413105
v 1.730662 17.693529 -7.413105
vt 0.005360 0.014357
vt 0.042490 0.001864
vt 0.042254 0.001864
vt 0.042143 0.001864
vt 0.005281 0.014289
vt 0.005281 0.014357
vt 0.005254 0.014357
vt 0.005281 0.014242
vt 0.042320 0.001864
vt 0.005360 0.014242
vt 0.042462 0.001853
vt 0.042254 0.001853
vt 0.042490 0.001853
vt 0.042143 0.001853
vt 0.042028 0.001853
vt 0.042644 0.001853
vt 0.042575 0.001853
vt 0.042171 0.001853
vt 0.042320 0.001853
vt 0.042347 0.001853
vt 0.042171 0.001864
vt 0.005254 0.014242
vt 0.042347 0.001864
vt 0.005332 0.014242
vt 0.042462 0.001864
vt 0.005332 0.014308
vt 0.042575 0.001864
vt 0.005332 0.014357
vt 0.042644 0.001864
vt 0.042028 0.001864
vt 0.042672 0.001864
vt 0.688113 0.014283
vt 0.042672 0.001853
vt 0.688140 0.014215
vt 0.688191 0.014283
vt 0.688141 0.014168
vt 0.688191 0.014234
vt 0.688141 0.014283
vt 0.688191 0.014168
vt 0.688113 0.014168
vt 0.688219 0.014283
vt 0.688219 0.014168
vn 0.000000 0.000000 1.000000
vn 0.000000 0.000000 1.000000
vn 0.000000 0.000000 1.000000
vn -0.000002 0.000000 1.000000
vn -0.000000 0.000000 1.000000
vn 0.000000 0.000000 1.000000
vn 0.000000 0.000000 1.000000
vn -0.000000 0.000000 1.000000
vn -0.000003 0.000000 1.000000
vn 0.000000 0.000000 1.000000
vn 0.000000 0.000000 1.000000
vn 0.000000 0.000000 1.000000
vn 0.000000 0.000000 1.000000
vn 0.000000 0.000000 1.000000
vn 0.000000 0.000000 1.000000
vn -0.000003 0.000000 1.000000
vn -0.000000 0.000000 1.000000
vn -0.000002 0.000000 1.000000
vn 0.000000 0.000000 -1.000000
vn 0.000000 0.000000 -1.000000
vn 0.000000 0.000000 -1.000000
vn -0.000003 0.000000 -1.000000
vn -0.000005 0.000000 -1.000000
vn -0.000005 0.000000 -1.000000
vn -0.000002 0.000000 -1.000000
vn -0.000002 0.000000 -1.000000
vn 0.000000 0.000000 -1.000000
vn 0.000000 0.000000 -1.000000
vn 0.000000 0.000000 -1.000000
vn 0.000000 0.000000 -1.000000
vn 0.000000 0.000000 -1.000000
vn 0.000000 0.000000 -1.000000
vn 0.000000 0.000000 -1.000000
vn 0.000000 0.000000 -1.000000
vn -0.000003 0.000000 -1.000000
vn -0.000002 0.000000 -1.000000
vn 0.000000 -1.000000 0.000000
vn 0.000000 -1.000000 0.000000
vn 0.000000 -1.000000 0.000000
vn 0.000000 -1.000000 0.000000
vn 1.000000 0.000000 0.000000
vn 1.000000 0.000000 0.000000
vn 1.000000 0.000000 0.000000
vn 1.000000 0.000000 0.000000
vn 0.000000 -1.000000 0.000000
vn 0.000000 -1.000000 0.000000
vn 0.000000 -1.000000 0.000000
vn 0.000000 -1.000000 0.000000
vn -1.000000 0.000000 0.000000
vn -1.000000 0.000000 0.000000
vn -1.000000 0.000000 0.000000
vn -1.000000 0.000000 0.000000
vn 0.802246 -0.596994 0.000000
vn 0.802246 -0.596994 0.000000
vn 0.802246 -0.596994 0.000000
vn 0.802246 -0.596994 0.000000
vn -0.790440 0.612540 0.000000
vn -0.790440 0.612540 0.000000
vn -0.790440 0.612540 0.000000
vn -0.790440 0.612540 0.000000
vn 1.000000 0.000000 0.000000
vn 1.000000 0.000000 0.000000
vn 1.000000 0.000000 0.000000
vn 1.000000 0.000000 0.000000
vn -1.000000 0.000000 0.000000
vn -1.000000 0.000000 0.000000
vn -1.000000 0.000000 0.000000
vn -1.000000 0.000000 0.000000
vn 0.000000 1.000000 0.000000
vn 0.000000 1.000000 0.000000
vn 0.000000 1.000000 0.000000
vn 0.000000 1.000000 0.000000
vn 0.000011 1.000000 0.000081
vn 0.000011 1.000000 0.000081
vn 0.000011 1.000000 0.000081
vn 0.000011 1.000000 0.000081
s off
g AFBXASC195FBXASC177adidos nuevos8
usemtl nuevos29SG
f 661/912/1347 663/939/1348 662/937/1349
f 664/933/1350 667/916/1351 666/917/1352 665/918/1353
f 667/916/1354 668/919/1355 662/937/1356 663/939/1357
f 669/935/1358 670/921/1359 661/912/1360 662/937/1361
f 668/919/1362 667/916/1363 664/933/1364
f 653/952/1365 659/948/1366 658/946/1367
f 652/951/1368 654/943/1369 656/949/1370 660/945/1371
f 660/945/1372 658/946/1373 659/948/1374 655/947/1375
f 657/950/1376 659/948/1377 653/952/1378 651/953/1379
f 655/947/1380 652/951/1381 660/945/1382
f 658/924/1383 663/913/1384 661/936/1385 653/922/1386
f 652/925/1387 664/915/1388 665/941/1389 654/926/1390
f 654/944/1391 665/942/1392 666/940/1393 656/927/1394
f 656/927/1395 666/940/1396 667/938/1397 660/928/1398
f 660/928/1399 667/938/1400 663/913/1401 658/924/1402
f 659/923/1403 662/914/1404 668/932/1405 655/929/1406
f 657/930/1407 669/920/1408 662/914/1409 659/923/1410
f 653/922/1411 661/936/1412 670/934/1413 651/931/1414
f 651/931/1415 670/934/1416 669/920/1417 657/930/1418
f 655/929/1419 668/932/1420 664/915/1421 652/925/1422
g default
v 2.459437 17.693529 -7.446762
v 2.459437 17.325916 -7.446762
v 2.368152 17.511312 -7.446762
v 2.368152 17.325916 -7.446762
v 2.142856 17.693529 -7.446762
v 2.142856 17.511312 -7.446762
v 2.118862 17.325916 -7.446762
v 2.236749 17.511312 -7.446762
v 2.329218 17.511312 -7.446762
v 2.216712 17.325916 -7.446762
v 2.237178 17.634245 -7.446762
v 2.368152 17.634245 -7.446762
v 2.236967 17.573689 -7.446762
v 2.368152 17.573689 -7.446762
v 2.368152 17.573689 -7.412814
v 2.459437 17.693529 -7.412814
v 2.459437 17.325916 -7.412814
v 2.368152 17.511312 -7.412814
v 2.368152 17.325916 -7.412814
v 2.329218 17.511312 -7.412814
v 2.236749 17.511312 -7.412814
v 2.118862 17.325916 -7.412814
v 2.216712 17.325916 -7.412814
v 2.142856 17.511312 -7.412814
v 2.236967 17.573689 -7.412814
v 2.142856 17.693529 -7.412814
v 2.237178 17.634245 -7.412814
v 2.368152 17.634245 -7.412814
vt 0.000038 0.014261
vt 0.000057 0.014261
vt 0.000115 0.014233
vt 0.000000 0.014233
vt 0.000115 0.014261
vt 0.000057 0.014273
vt 0.058158 0.001864
vt 0.000115 0.014308
vt 0.000057 0.014302
vt 0.000057 0.014332
vt 0.000039 0.001774
vt 0.058003 0.001864
vt 0.000019 0.014302
vt 0.000039 0.001834
vt 0.000050 0.001733
vt 0.057904 0.001853
vt 0.057789 0.001853
vt 0.058268 0.001853
vt 0.058326 0.001853
vt 0.058256 0.001853
vt 0.058158 0.001853
vt 0.058089 0.001853
vt 0.058188 0.001853
vt 0.058060 0.001853
vt 0.000050 0.001774
vt 0.000050 0.001834
vt 0.000050 0.001793
vt 0.058003 0.001853
vt 0.000019 0.014261
vt 0.000039 0.001733
vt 0.000039 0.001853
vt 0.000000 0.014332
vt 0.058060 0.001864
vt 0.000038 0.014302
vt 0.000039 0.001793
vt 0.057904 0.001864
vt 0.058089 0.001864
vt 0.000115 0.014339
vt 0.058188 0.001864
vt 0.058256 0.001864
vt 0.058268 0.001864
vt 0.782816 0.014281
vt 0.000050 0.001853
vt 0.058326 0.001864
vt 0.057789 0.001864
vt 0.058355 0.001864
vt 0.782893 0.014253
vt 0.058355 0.001853
vt 0.782778 0.014253
vt 0.782816 0.014322
vt 0.782797 0.014322
vt 0.782797 0.014281
vt 0.782778 0.014351
vt 0.782835 0.014351
vt 0.782835 0.014293
vt 0.782893 0.014328
vt 0.782835 0.014281
vt 0.782835 0.014322
vt 0.782893 0.014359
vt 0.782893 0.014281
vn 0.000000 0.000000 1.000000
vn 0.000000 0.000000 1.000000
vn 0.000000 0.000000 1.000000
vn 0.000000 0.000000 1.000000
vn 0.000000 0.000000 1.000000
vn 0.000000 0.000000 1.000000
vn 0.000000 0.000000 1.000000
vn 0.000000 0.000000 1.000000
vn 0.000000 0.000000 1.000000
vn 0.000000 0.000000 1.000000
vn 0.000000 0.000000 1.000000
vn 0.000000 0.000000 1.000000
vn 0.000000 0.000000 1.000000
vn 0.000000 0.000000 1.000000
vn 0.000000 0.000000 1.000000
vn 0.000000 0.000000 1.000000
vn 0.000000 0.000000 1.000000
vn 0.000000 0.000000 1.000000
vn 0.000000 0.000000 1.000000
vn 0.000000 0.000000 1.000000
vn 0.000000 0.000000 1.000000
vn 0.000000 0.000000 1.000000
vn 0.000000 0.000000 1.000000
vn 0.000000 0.000000 1.000000
vn 0.000000 0.000000 1.000000
vn 0.000000 0.000000 1.000000
vn 0.000000 0.000000 1.000000
vn 0.000000 0.000000 1.000000
vn 0.000000 0.000000 1.000000
vn 0.000000 0.000000 1.000000
vn 0.000000 0.000000 1.000000
vn 0.000000 0.000000 1.000000
vn -0.000003 0.000000 -1.000000
vn -0.000002 0.000000 -1.000000
vn -0.000002 0.000000 -1.000000
vn -0.000004 0.000000 -1.000000
vn -0.000004 0.000000 -1.000000
vn -0.000002 0.000000 -1.000000
vn 0.000000 0.000000 -1.000000
vn 0.000000 0.000000 -1.000000
vn -0.000003 0.000000 -1.000000
vn -0.000004 0.000000 -1.000000
vn 0.000000 0.000000 -1.000000
vn 0.000000 0.000000 -1.000000
vn 0.000000 0.000000 -1.000000
vn 0.000000 0.000000 -1.000000
vn 0.000009 0.000000 -1.000000
vn 0.000007 0.000000 -1.000000
vn 0.000000 0.000000 -1.000000
vn 0.000000 0.000000 -1.000000
vn 0.000007 0.000000 -1.000000
vn -0.000003 0.000000 -1.000000
vn 0.000000 0.000000 -1.000000
vn -0.000002 0.000000 -1.000000
vn 0.000002 0.000000 -1.000000
vn 0.000004 0.000000 -1.000000
vn 0.000006 0.000000 -1.000000
vn 0.000006 0.000000 -1.000000
vn 0.000004 0.000000 -1.000000
vn 0.000007 0.000000 -1.000000
vn 0.000009 0.000000 -1.000000
vn 0.000002 0.000000 -1.000000
vn -0.000002 0.000000 -1.000000
vn -0.000003 0.000000 -1.000000
vn 1.000000 -0.000001 0.000000
vn 1.000000 -0.000001 0.000000
vn 1.000000 -0.000001 0.000000
vn 1.000000 -0.000001 0.000000
vn 0.000000 -1.000000 0.000000
vn 0.000000 -1.000000 0.000000
vn 0.000000 -1.000000 0.000000
vn 0.000000 -1.000000 0.000000
vn -1.000000 0.000001 0.000000
vn -1.000000 0.000001 0.000000
vn -1.000000 0.000001 0.000000
vn -1.000000 0.000001 0.000000
vn 0.000000 -1.000000 0.000000
vn 0.000000 -1.000000 0.000000
vn 0.000000 -1.000000 0.000000
vn 0.000000 -1.000000 0.000000
vn -0.843856 0.536570 0.000000
vn -0.843856 0.536570 0.000000
vn -0.843856 0.536570 0.000000
vn -0.843856 0.536570 0.000000
vn 0.854905 -0.518784 0.000000
vn 0.854905 -0.518784 0.000000
vn 0.854905 -0.518784 0.000000
vn 0.854905 -0.518784 0.000000
vn 0.000000 -1.000000 0.000000
vn 0.000000 -1.000000 0.000000
vn 0.000000 -1.000000 0.000000
vn 0.000000 -1.000000 0.000000
vn 0.000000 -1.000000 0.000000
vn 0.000000 -1.000000 0.000000
vn 0.000000 -1.000000 0.000000
vn 0.000000 -1.000000 0.000000
vn 0.000000 1.000000 0.000000
vn 0.000000 1.000000 0.000000
vn 0.000000 1.000000 0.000000
vn 0.000000 1.000000 0.000000
vn 0.000000 -1.000000 0.000000
vn 0.000000 -1.000000 0.000000
vn 0.000000 -1.000000 0.000000
vn 0.000000 -1.000000 0.000000
vn 0.000000 1.000000 0.000000
vn 0.000000 1.000000 0.000000
vn 0.000000 1.000000 0.000000
vn 0.000000 1.000000 0.000000
vn 0.999994 -0.003490 0.000000
vn 0.999994 -0.003490 0.000000
vn 0.999994 -0.003490 0.000000
vn 0.999994 -0.003490 0.000000
vn -1.000000 0.000000 0.000000
vn -1.000000 0.000000 0.000000
vn -1.000000 0.000000 0.000000
vn -1.000000 0.000000 0.000000
vn -1.000000 0.000000 0.000000
vn -1.000000 0.000000 0.000000
vn -1.000000 0.000000 0.000000
vn -1.000000 0.000000 0.000000
s off
g AFBXASC195FBXASC177adidos nuevos7
usemtl nuevos29SG
f 685/954/1423 688/955/1424 687/956/1425 686/957/1426
f 688/955/1427 689/958/1428 687/956/1429
f 690/959/1430 688/955/1431 685/954/1432
f 692/991/1433 693/961/1434 690/959/1435 691/962/1436
f 694/963/1437 691/962/1438 695/987/1439
f 691/962/1440 690/959/1441 685/954/1442 695/987/1443
f 696/985/1444 697/966/1445 698/982/1446 686/957/1447
f 696/985/1448 694/963/1449 695/987/1450 697/966/1451
f 698/982/1452 685/954/1453 686/957/1454
f 684/995/1455 671/1002/1456 672/1000/1457 673/1010/1458
f 673/1010/1459 672/1000/1460 674/1013/1461
f 679/1008/1462 684/995/1463 673/1010/1464
f 677/1012/1465 678/1011/1466 679/1008/1467 680/1009/1468
f 676/1007/1469 683/1003/1470 678/1011/1471
f 678/1011/1472 683/1003/1473 684/995/1474 679/1008/1475
f 671/1002/1476 682/1005/1477 681/1004/1478 675/1006/1479
f 675/1006/1480 681/1004/1481 683/1003/1482 676/1007/1483
f 682/1005/1484 671/1002/1485 684/995/1486
f 671/969/1487 686/989/1488 687/998/1489 672/970/1490
f 672/1001/1491 687/999/1492 689/997/1493 674/972/1494
f 674/972/1495 689/997/1496 688/994/1497 673/971/1498
f 673/971/1499 688/994/1500 690/993/1501 679/973/1502
f 677/974/1503 692/960/1504 691/990/1505 678/975/1506
f 679/973/1507 690/993/1508 693/992/1509 680/976/1510
f 680/976/1511 693/992/1512 692/960/1513 677/974/1514
f 678/975/1515 691/990/1516 694/986/1517 676/977/1518
f 683/978/1519 695/964/1520 685/983/1521 684/968/1522
f 697/988/1523 681/980/1524 682/979/1525 698/967/1526
f 696/965/1527 686/989/1528 671/969/1529 675/981/1530
f 681/980/1531 697/988/1532 695/964/1533 683/978/1534
f 676/977/1535 694/986/1536 696/965/1537 675/981/1538
f 684/996/1539 685/984/1540 698/967/1541 682/979/1542
g default
v 2.823878 17.693529 -7.445241
v 3.127895 17.693529 -7.445241
v 2.823878 17.325916 -7.445241
v 3.127895 17.325916 -7.445241
v 3.026556 17.693529 -7.445241
v 3.026556 17.325916 -7.445241
v 2.925217 17.693529 -7.445241
v 2.925217 17.325916 -7.445241
v 2.925217 17.467350 -7.445241
v 3.026556 17.467350 -7.445241
v 2.925217 17.552095 -7.445241
v 3.026556 17.552095 -7.445241
v 2.823878 17.325916 -7.414335
v 2.925217 17.467350 -7.414335
v 2.925217 17.325916 -7.414335
v 3.026556 17.467350 -7.414335
v 3.127895 17.325916 -7.414335
v 3.026556 17.325916 -7.414335
v 2.823878 17.693529 -7.414335
v 2.925217 17.552095 -7.414335
v 3.026556 17.552095 -7.414335
v 3.127895 17.693529 -7.414335
v 2.925217 17.693529 -7.414335
v 3.026556 17.693529 -7.414335
vt 0.782893 0.014351
vt 0.782893 0.014383
vt 0.068786 0.001863
vt 0.782849 0.014415
vt 0.782893 0.014415
vt 0.068296 0.001863
vt 0.782778 0.014351
vt 0.068519 0.001863
vt 0.782822 0.014415
vt 0.068411 0.001863
vt 0.782778 0.014383
vt 0.068443 0.001863
vt 0.068710 0.001853
vt 0.068786 0.001853
vt 0.068742 0.001853
vt 0.068817 0.001853
vt 0.068296 0.001853
vt 0.068862 0.001853
vt 0.068595 0.001853
vt 0.068519 0.001853
vt 0.068487 0.001853
vt 0.068411 0.001853
vt 0.068563 0.001853
vt 0.068443 0.001853
vt 0.782778 0.014415
vt 0.068487 0.001863
vt 0.782778 0.014447
vt 0.068563 0.001863
vt 0.782822 0.014383
vt 0.068595 0.001863
vt 0.068893 0.001863
vt 0.782893 0.014447
vt 0.782849 0.014383
vt 0.068817 0.001863
vt 0.068710 0.001863
vt 0.068862 0.001863
vt 0.782778 0.014415
vt 0.782778 0.014447
vt 0.068893 0.001853
vt 0.068742 0.001863
vt 0.782893 0.014447
vt 0.782848 0.014383
vt 0.782848 0.014415
vt 0.782893 0.014351
vt 0.782778 0.014351
vt 0.782822 0.014383
vt 0.782822 0.014415
vt 0.782778 0.014383
vt 0.782893 0.014383
vt 0.782893 0.014415
vn -0.000004 0.000000 1.000000
vn 0.000000 0.000000 1.000000
vn -0.000004 0.000000 1.000000
vn 0.000004 0.000000 1.000000
vn 0.000000 0.000000 1.000000
vn 0.000004 0.000000 1.000000
vn -0.000004 0.000000 1.000000
vn -0.000004 0.000000 1.000000
vn -0.000004 0.000000 1.000000
vn -0.000004 0.000000 1.000000
vn -0.000004 0.000000 1.000000
vn -0.000004 0.000000 1.000000
vn 0.000004 0.000000 1.000000
vn 0.000004 0.000000 1.000000
vn 0.000004 0.000000 1.000000
vn 0.000004 0.000000 1.000000
vn 0.000004 0.000000 1.000000
vn 0.000004 0.000000 1.000000
vn -0.000004 0.000000 1.000000
vn -0.000004 0.000000 1.000000
vn 0.000000 0.000000 1.000000
vn 0.000000 0.000000 1.000000
vn 0.000004 0.000000 1.000000
vn 0.000004 0.000000 1.000000
vn -0.000007 0.000000 -1.000000
vn -0.000008 0.000000 -1.000000
vn 0.000000 0.000000 -1.000000
vn 0.000002 0.000000 -1.000000
vn 0.000002 0.000000 -1.000000
vn 0.000000 0.000000 -1.000000
vn -0.000007 0.000000 -1.000000
vn -0.000008 0.000000 -1.000000
vn -0.000008 0.000000 -1.000000
vn -0.000007 0.000000 -1.000000
vn -0.000008 0.000000 -1.000000
vn 0.000002 0.000000 -1.000000
vn 0.000002 0.000000 -1.000000
vn -0.000008 0.000000 -1.000000
vn 0.000002 0.000000 -1.000000
vn 0.000002 0.000000 -1.000000
vn 0.000002 0.000000 -1.000000
vn 0.000002 0.000000 -1.000000
vn -0.000007 0.000000 -1.000000
vn 0.000000 0.000000 -1.000000
vn -0.000008 0.000000 -1.000000
vn 0.000000 0.000000 -1.000000
vn 0.000002 0.000000 -1.000000
vn 0.000002 0.000000 -1.000000
vn 1.000000 0.000000 0.000000
vn 1.000000 0.000000 0.000000
vn 1.000000 0.000000 0.000000
vn 1.000000 0.000000 0.000000
vn 0.000000 -1.000000 0.000000
vn 0.000000 -1.000000 0.000000
vn 0.000000 -1.000000 0.000000
vn 0.000000 -1.000000 0.000000
vn 0.000000 -1.000000 0.000000
vn 0.000000 -1.000000 0.000000
vn 0.000000 -1.000000 0.000000
vn 0.000000 -1.000000 0.000000
vn -1.000000 0.000000 0.000000
vn -1.000000 0.000000 0.000000
vn -1.000000 0.000000 0.000000
vn -1.000000 0.000000 0.000000
vn -1.000000 0.000000 0.000000
vn -1.000000 0.000000 0.000000
vn -1.000000 0.000000 0.000000
vn -1.000000 0.000000 0.000000
vn 0.000000 1.000000 0.000000
vn 0.000000 1.000000 0.000000
vn 0.000000 1.000000 0.000000
vn 0.000000 1.000000 0.000000
vn 0.000000 -1.000000 0.000000
vn 0.000000 -1.000000 0.000000
vn 0.000000 -1.000000 0.000000
vn 0.000000 -1.000000 0.000000
vn 1.000000 0.000000 0.000000
vn 1.000000 0.000000 0.000000
vn 1.000000 0.000000 0.000000
vn 1.000000 0.000000 0.000000
vn 0.000000 1.000000 0.000000
vn 0.000000 1.000000 0.000000
vn 0.000000 1.000000 0.000000
vn 0.000000 1.000000 0.000000
vn 1.000000 0.000000 0.000000
vn 1.000000 0.000000 0.000000
vn 1.000000 0.000000 0.000000
vn 1.000000 0.000000 0.000000
vn 0.000000 1.000000 0.000000
vn 0.000000 1.000000 0.000000
vn 0.000000 1.000000 0.000000
vn 0.000000 1.000000 0.000000
vn -1.000000 0.000000 0.000000
vn -1.000000 0.000000 0.000000
vn -1.000000 0.000000 0.000000
vn -1.000000 0.000000 0.000000
s off
g AFBXASC195FBXASC177adidos nuevos6
usemtl nuevos29SG
f 711/1014/1543 713/1015/1544 712/1046/1545
f 714/1017/1546 716/1018/1547 715/1045/1548
f 717/1020/1549 711/1014/1550 712/1046/1551 718/1042/1552
f 718/1042/1553 712/1046/1554 714/1017/1555 719/1022/1556
f 719/1022/1557 714/1017/1558 715/1045/1559 720/1040/1560
f 717/1020/1561 718/1042/1562 721/1024/1563
f 722/1038/1564 719/1022/1565 720/1040/1566
f 701/1058/1567 707/1059/1568 706/1061/1569
f 708/1060/1570 702/1051/1571 704/1050/1572
f 699/1057/1573 709/1055/1574 707/1059/1575 701/1058/1576
f 709/1055/1577 710/1056/1578 708/1060/1579 707/1059/1580
f 710/1056/1581 700/1054/1582 702/1051/1583 708/1060/1584
f 699/1057/1585 705/1062/1586 709/1055/1587
f 703/1063/1588 700/1054/1589 710/1056/1590
f 707/1027/1591 712/1016/1592 713/1053/1593 706/1028/1594
f 706/1028/1595 713/1053/1596 711/1048/1597 701/1026/1598
f 702/1052/1599 715/1044/1600 716/1049/1601 704/1031/1602
f 704/1031/1603 716/1049/1604 714/1047/1605 708/1029/1606
f 701/1026/1607 711/1048/1608 717/1043/1609 699/1032/1610
f 709/1033/1611 718/1021/1612 719/1039/1613 710/1034/1614
f 708/1029/1615 714/1047/1616 712/1016/1617 707/1027/1618
f 700/1035/1619 720/1023/1620 715/1019/1621 702/1030/1622
f 699/1032/1623 717/1043/1624 721/1041/1625 705/1036/1626
f 705/1036/1627 721/1041/1628 718/1021/1629 709/1033/1630
f 703/1037/1631 722/1025/1632 720/1023/1633 700/1035/1634
f 710/1034/1635 719/1039/1636 722/1025/1637 703/1037/1638
g default
v 3.178322 17.696653 -7.447018
v 3.469351 17.696653 -7.447018
v 3.372341 17.337353 -7.447018
v 3.275331 17.337353 -7.447018
v 3.178322 17.618877 -7.447018
v 3.275331 17.618877 -7.447018
v 3.372341 17.618877 -7.447018
v 3.469351 17.618877 -7.447018
v 3.275331 17.618877 -7.412559
v 3.372341 17.618877 -7.412559
v 3.372341 17.337353 -7.412559
v 3.275331 17.337353 -7.412559
v 3.178322 17.696653 -7.412559
v 3.178322 17.618877 -7.412559
v 3.469351 17.696653 -7.412559
v 3.469351 17.618877 -7.412559
vt 0.683267 0.014450
vt 0.683267 0.014362
vt 0.683297 0.014362
vt 0.000039 0.001534
vt 0.683237 0.014474
vt 0.683237 0.014450
vt 0.683328 0.014474
vt 0.683328 0.014450
vt 0.000050 0.001735
vt 0.000050 0.001534
vt 0.000050 0.001446
vt 0.000050 0.001823
vt 0.000050 0.001680
vt 0.000050 0.001704
vt 0.000050 0.001589
vt 0.000050 0.001565
vt 0.687797 0.014519
vt 0.687705 0.014519
vt 0.000039 0.001589
vt 0.000039 0.001680
vt 0.687705 0.014495
vt 0.687797 0.014495
vt 0.000039 0.001565
vt 0.683297 0.014450
vt 0.000039 0.001704
vt 0.687736 0.014495
vt 0.687736 0.014407
vt 0.000039 0.001446
vt 0.000039 0.001853
vt 0.000050 0.001853
vt 0.000039 0.001823
vt 0.000039 0.001735
vt 0.687766 0.014407
vt 0.687766 0.014495
vn 0.000000 0.000000 1.000000
vn 0.000000 0.000000 1.000000
vn 0.000000 0.000000 1.000000
vn 0.000000 0.000000 1.000000
vn 0.000000 0.000000 1.000000
vn 0.000000 0.000000 1.000000
vn 0.000000 0.000000 1.000000
vn 0.000000 0.000000 1.000000
vn 0.000000 0.000000 1.000000
vn 0.000000 0.000000 1.000000
vn 0.000000 0.000000 1.000000
vn 0.000000 0.000000 1.000000
vn 0.000000 0.000000 1.000000
vn 0.000000 0.000000 1.000000
vn 0.000000 0.000000 -1.000000
vn 0.000000 0.000000 -1.000000
vn 0.000000 0.000000 -1.000000
vn 0.000000 0.000000 -1.000000
vn 0.000000 0.000000 -1.000000
vn 0.000000 0.000000 -1.000000
vn 0.000000 0.000000 -1.000000
vn 0.000000 0.000000 -1.000000
vn 0.000000 0.000000 -1.000000
vn 0.000000 0.000000 -1.000000
vn 0.000000 0.000000 -1.000000
vn 0.000000 0.000000 -1.000000
vn 0.000000 0.000000 -1.000000
vn 0.000000 0.000000 -1.000000
vn 1.000000 0.000000 0.000000
vn 1.000000 0.000000 0.000000
vn 1.000000 0.000000 0.000000
vn 1.000000 0.000000 0.000000
vn 0.000000 -1.000000 0.000000
vn 0.000000 -1.000000 0.000000
vn 0.000000 -1.000000 0.000000
vn 0.000000 -1.000000 0.000000
vn -1.000000 0.000000 0.000000
vn -1.000000 0.000000 0.000000
vn -1.000000 0.000000 0.000000
vn -1.000000 0.000000 0.000000
vn 0.000000 -1.000000 0.000000
vn 0.000000 -1.000000 0.000000
vn 0.000000 -1.000000 0.000000
vn 0.000000 -1.000000 0.000000
vn -1.000000 0.000003 0.000000
vn -1.000000 0.000003 0.000000
vn -1.000000 0.000003 0.000000
vn -1.000000 0.000003 0.000000
vn 0.000000 1.000000 0.000000
vn 0.000000 1.000000 0.000000
vn 0.000000 1.000000 0.000000
vn 0.000000 1.000000 0.000000
vn 1.000000 0.000000 0.000000
vn 1.000000 0.000000 0.000000
vn 1.000000 0.000000 0.000000
vn 1.000000 0.000000 0.000000
vn 0.000000 -1.000000 0.000000
vn 0.000000 -1.000000 0.000000
vn 0.000000 -1.000000 0.000000
vn 0.000000 -1.000000 0.000000
s off
g AFBXASC195FBXASC177adidos nuevos5
usemtl nuevos29SG
f 731/1064/1639 734/1065/1640 733/1066/1641 732/1087/1642
f 735/1068/1643 736/1069/1644 731/1064/1645
f 735/1068/1646 731/1064/1647 732/1087/1648 737/1070/1649
f 737/1070/1650 732/1087/1651 738/1071/1652
f 728/1097/1653 729/1089/1654 725/1090/1655 726/1096/1656
f 723/1080/1657 728/1097/1658 727/1085/1659
f 723/1080/1660 724/1081/1661 729/1089/1662 728/1097/1663
f 724/1081/1664 730/1084/1665 729/1089/1666
f 729/1073/1667 732/1067/1668 733/1091/1669 725/1074/1670
f 725/1093/1671 733/1092/1672 734/1094/1673 726/1075/1674
f 726/1075/1675 734/1094/1676 731/1095/1677 728/1072/1678
f 728/1072/1679 731/1095/1680 736/1088/1681 727/1077/1682
f 727/1077/1683 736/1088/1684 735/1083/1685 723/1076/1686
f 723/1076/1687 735/1083/1688 737/1082/1689 724/1078/1690
f 724/1078/1691 737/1082/1692 738/1086/1693 730/1079/1694
f 730/1079/1695 738/1086/1696 732/1067/1697 729/1073/1698
g default
v 3.505279 17.697123 -7.447537
v 3.756098 17.697123 -7.447537
v 3.505279 17.336185 -7.447537
v 3.756098 17.336185 -7.447537
v 3.505279 17.408373 -7.447537
v 3.505279 17.480560 -7.447537
v 3.505279 17.552748 -7.447537
v 3.505279 17.624935 -7.447537
v 3.664871 17.624935 -7.447537
v 3.664871 17.552748 -7.447537
v 3.664871 17.480560 -7.447537
v 3.664871 17.408373 -7.447537
v 3.505279 17.408373 -7.412038
v 3.664871 17.408373 -7.412038
v 3.756098 17.336185 -7.412038
v 3.505279 17.336185 -7.412038
v 3.505279 17.552748 -7.412038
v 3.664871 17.552748 -7.412038
v 3.664871 17.480560 -7.412038
v 3.505279 17.480560 -7.412038
v 3.505279 17.697123 -7.412038
v 3.756098 17.697123 -7.412038
v 3.664871 17.624935 -7.412038
v 3.505279 17.624935 -7.412038
vt 0.047842 0.001864
vt 0.556988 0.001803
vt 0.556988 0.001882
vt 0.556966 0.001853
vt 0.047697 0.001864
vt 0.556943 0.001803
vt 0.047770 0.001864
vt 0.556921 0.001853
vt 0.047552 0.001864
vt 0.556898 0.001803
vt 0.047624 0.001864
vt 0.556875 0.001882
vt 0.047842 0.001853
vt 0.047792 0.001853
vt 0.047360 0.001853
vt 0.047282 0.001853
vt 0.047697 0.001853
vt 0.047647 0.001853
vt 0.047770 0.001853
vt 0.047719 0.001853
vt 0.047552 0.001853
vt 0.047473 0.001853
vt 0.047624 0.001853
vt 0.047574 0.001853
vt 0.556966 0.001853
vt 0.556943 0.001853
vt 0.556943 0.001803
vt 0.556898 0.001853
vt 0.556921 0.001803
vt 0.556921 0.001853
vt 0.556966 0.001803
vt 0.556988 0.001803
vt 0.556988 0.001882
vt 0.556898 0.001853
vt 0.047574 0.001864
vt 0.556875 0.001803
vt 0.047473 0.001864
vt 0.047647 0.001864
vt 0.556921 0.001803
vt 0.047719 0.001864
vt 0.556943 0.001853
vt 0.047792 0.001864
vt 0.556966 0.001803
vt 0.047282 0.001864
vt 0.047360 0.001864
vt 0.556875 0.001882
vt 0.556898 0.001803
vt 0.556875 0.001803
vt 0.047864 0.001853
vt 0.047864 0.001864
vn 0.000000 0.000000 1.000000
vn 0.000000 0.000000 1.000000
vn -0.000002 0.000000 1.000000
vn 0.000000 0.000000 1.000000
vn 0.000000 0.000000 1.000000
vn 0.000000 0.000000 1.000000
vn -0.000002 0.000000 1.000000
vn -0.000002 0.000000 1.000000
vn 0.000000 0.000000 1.000000
vn 0.000000 0.000000 1.000000
vn 0.000000 0.000000 1.000000
vn -0.000002 0.000000 1.000000
vn -0.000002 0.000000 1.000000
vn -0.000002 0.000000 1.000000
vn 0.000000 0.000000 1.000000
vn -0.000002 0.000000 1.000000
vn -0.000002 0.000000 1.000000
vn -0.000002 0.000000 1.000000
vn -0.000002 0.000000 1.000000
vn 0.000000 0.000000 1.000000
vn -0.000002 0.000000 1.000000
vn -0.000002 0.000000 1.000000
vn 0.000000 0.000000 -1.000000
vn 0.000000 0.000000 -1.000000
vn 0.000003 0.000000 -1.000000
vn 0.000000 0.000000 -1.000000
vn 0.000000 0.000000 -1.000000
vn 0.000004 0.000000 -1.000000
vn 0.000004 0.000000 -1.000000
vn 0.000000 0.000000 -1.000000
vn 0.000000 0.000000 -1.000000
vn 0.000003 0.000000 -1.000000
vn 0.000000 0.000000 -1.000000
vn 0.000000 0.000000 -1.000000
vn 0.000004 0.000000 -1.000000
vn 0.000000 0.000000 -1.000000
vn 0.000003 0.000000 -1.000000
vn 0.000004 0.000000 -1.000000
vn 0.000004 0.000000 -1.000000
vn 0.000003 0.000000 -1.000000
vn 0.000003 0.000000 -1.000000
vn 0.000000 0.000000 -1.000000
vn 0.000004 0.000000 -1.000000
vn 0.000003 0.000000 -1.000000
vn 0.000000 1.000000 0.000000
vn 0.000000 1.000000 0.000000
vn 0.000000 1.000000 0.000000
vn 0.000000 1.000000 0.000000
vn 0.000000 -1.000000 0.000000
vn 0.000000 -1.000000 0.000000
vn 0.000000 -1.000000 0.000000
vn 0.000000 -1.000000 0.000000
vn -1.000000 0.000000 0.000000
vn -1.000000 0.000000 0.000000
vn -1.000000 0.000000 0.000000
vn -1.000000 0.000000 0.000000
vn 0.000000 1.000000 0.000000
vn 0.000000 1.000000 0.000000
vn 0.000000 1.000000 0.000000
vn 0.000000 1.000000 0.000000
vn 0.000000 -1.000000 0.000000
vn 0.000000 -1.000000 0.000000
vn 0.000000 -1.000000 0.000000
vn 0.000000 -1.000000 0.000000
vn -1.000000 0.000000 0.000000
vn -1.000000 0.000000 0.000000
vn -1.000000 0.000000 0.000000
vn -1.000000 0.000000 0.000000
vn 0.000000 1.000000 0.000000
vn 0.000000 1.000000 0.000000
vn 0.000000 1.000000 0.000000
vn 0.000000 1.000000 0.000000
vn 0.000000 -1.000000 0.000000
vn 0.000000 -1.000000 0.000000
vn 0.000000 -1.000000 0.000000
vn 0.000000 -1.000000 0.000000
vn -1.000000 0.000000 0.000000
vn -1.000000 0.000000 0.000000
vn -1.000000 0.000000 0.000000
vn -1.000000 0.000000 0.000000
vn -1.000000 0.000000 0.000000
vn -1.000000 0.000000 0.000000
vn -1.000000 0.000000 0.000000
vn -1.000000 0.000000 0.000000
vn 1.000000 0.000000 -0.000003
vn 1.000000 0.000000 -0.000003
vn 1.000000 0.000000 -0.000003
vn 1.000000 0.000000 -0.000003
vn -1.000000 0.000000 0.000000
vn -1.000000 0.000000 0.000000
vn -1.000000 0.000000 0.000000
vn -1.000000 0.000000 0.000000
s off
g AFBXASC195FBXASC177adidos nuevos4
usemtl nuevos29SG
f 751/1140/1699 754/1099/1700 753/1100/1701 752/1101/1702
f 755/1136/1703 758/1103/1704 757/1138/1705 756/1105/1706
f 759/1133/1707 762/1107/1708 761/1131/1709 760/1109/1710
f 756/1105/1711 760/1109/1712 761/1131/1713
f 757/1138/1714 753/1100/1715 760/1109/1716 756/1105/1717
f 752/1101/1718 753/1100/1719 757/1138/1720
f 743/1144/1721 750/1125/1722 742/1143/1723 741/1145/1724
f 745/1124/1725 748/1123/1726 749/1127/1727 744/1126/1728
f 739/1129/1729 740/1130/1730 747/1122/1731 746/1128/1732
f 748/1123/1733 747/1122/1734 740/1130/1735
f 749/1127/1736 748/1123/1737 740/1130/1738 742/1143/1739
f 750/1125/1740 749/1127/1741 742/1143/1742
f 743/1110/1743 751/1098/1744 752/1139/1745 750/1111/1746
f 742/1112/1747 753/1142/1748 754/1141/1749 741/1113/1750
f 741/1146/1751 754/1147/1752 751/1098/1753 743/1110/1754
f 745/1114/1755 755/1102/1756 756/1135/1757 748/1115/1758
f 749/1116/1759 757/1104/1760 758/1137/1761 744/1117/1762
f 744/1117/1763 758/1137/1764 755/1102/1765 745/1114/1766
f 739/1118/1767 759/1106/1768 760/1134/1769 740/1119/1770
f 747/1120/1771 761/1108/1772 762/1132/1773 746/1121/1774
f 746/1121/1775 762/1132/1776 759/1106/1777 739/1118/1778
f 748/1115/1779 756/1135/1780 761/1108/1781 747/1120/1782
f 740/1119/1783 760/1134/1784 753/1142/1785 742/1112/1786
f 750/1111/1787 752/1139/1788 757/1104/1789 749/1116/1790
g default
v 5.357788 17.051254 -7.375074
v 5.199135 16.772993 -7.374989
v 4.952023 16.552177 -7.374931
v 4.640661 16.410400 -7.374893
v 4.295505 16.361534 -7.374870
v 3.950348 16.410400 -7.374893
v 3.950350 18.309006 -7.375435
v 4.295505 18.357864 -7.375458
v 4.640659 18.309006 -7.375442
v 4.952023 18.167229 -7.375397
v 5.199135 17.946404 -7.375336
v 5.357788 17.668152 -7.375251
v 5.412453 17.359695 -7.375163
v 5.357788 17.044815 -7.401559
v 5.199135 16.766556 -7.401477
v 4.952023 16.545723 -7.401412
v 4.640661 16.403954 -7.401375
v 4.295505 16.355103 -7.401360
v 3.950348 16.403954 -7.401375
v 3.950350 18.302574 -7.401917
v 4.295505 18.351433 -7.401947
v 4.640659 18.302574 -7.401917
v 4.952023 18.160805 -7.401886
v 5.199135 17.939964 -7.401821
v 5.357788 17.661713 -7.401742
v 5.412453 17.353256 -7.401649
v 5.122131 17.119667 -7.375093
v 4.998680 16.903137 -7.375030
v 4.806393 16.731308 -7.374981
v 4.564093 16.620972 -7.374947
v 4.295505 16.582960 -7.374939
v 3.989111 16.629082 -7.374947
v 3.989109 18.090317 -7.375374
v 4.295505 18.136444 -7.375389
v 4.564093 18.098427 -7.375374
v 4.806393 17.988091 -7.375343
v 4.998676 17.816261 -7.375294
v 5.122131 17.599724 -7.375233
v 5.164680 17.359695 -7.375163
v 5.122131 17.113243 -7.401581
v 4.998680 16.896706 -7.401516
v 4.806393 16.724869 -7.401470
v 4.564093 16.614540 -7.401436
v 4.295505 16.576523 -7.401428
v 3.989111 16.622650 -7.401436
v 3.989109 18.083878 -7.401855
v 4.295505 18.129997 -7.401878
v 4.564093 18.091980 -7.401863
v 4.806393 17.981651 -7.401828
v 4.998676 17.809822 -7.401783
v 5.122131 17.593292 -7.401718
v 5.164680 17.353256 -7.401649
vt 0.688623 0.013615
vt 0.688710 0.013565
vt 0.688343 0.013565
vt 0.688430 0.013615
vt 0.688779 0.013488
vt 0.688274 0.013488
vt 0.688824 0.013390
vt 0.688229 0.013390
vt 0.688839 0.013282
vt 0.688214 0.013282
vt 0.688823 0.013174
vt 0.028558 0.001862
vt 0.027286 0.001853
vt 0.688214 0.013283
vt 0.688839 0.013282
vt 0.688824 0.013174
vt 0.688229 0.013391
vt 0.688824 0.013390
vt 0.688274 0.013488
vt 0.688779 0.013488
vt 0.688343 0.013565
vt 0.688710 0.013565
vt 0.688430 0.013615
vt 0.688623 0.013615
vt 0.688527 0.013632
vt 0.688527 0.013632
vt 0.026676 0.001853
vt 0.026605 0.001853
vt 0.026529 0.001853
vt 0.026449 0.001853
vt 0.026365 0.001853
vt 0.026268 0.001853
vt 0.027223 0.001853
vt 0.027125 0.001853
vt 0.027042 0.001853
vt 0.026962 0.001853
vt 0.026886 0.001853
vt 0.026814 0.001853
vt 0.026745 0.001853
vt 0.026605 0.001862
vt 0.026676 0.001862
vt 0.026529 0.001862
vt 0.026449 0.001862
vt 0.026365 0.001862
vt 0.028622 0.001862
vt 0.027125 0.001862
vt 0.027223 0.001862
vt 0.027042 0.001862
vt 0.026962 0.001862
vt 0.026886 0.001862
vt 0.026814 0.001862
vt 0.026745 0.001862
vt 0.027922 0.001862
vt 0.028023 0.001862
vt 0.027821 0.001862
vt 0.027718 0.001862
vt 0.027612 0.001862
vt 0.027503 0.001862
vt 0.027393 0.001862
vt 0.028452 0.001862
vt 0.028342 0.001862
vt 0.028234 0.001862
vt 0.028127 0.001862
vt 0.027922 0.001853
vt 0.028023 0.001853
vt 0.027821 0.001853
vt 0.027718 0.001853
vt 0.027612 0.001853
vt 0.027503 0.001853
vt 0.027393 0.001853
vt 0.028452 0.001853
vt 0.028342 0.001853
vt 0.028234 0.001853
vt 0.028127 0.001853
vt 0.688526 0.013555
vt 0.688451 0.013541
vt 0.688601 0.013541
vt 0.688669 0.013503
vt 0.688723 0.013442
vt 0.688758 0.013366
vt 0.688770 0.013282
vt 0.688284 0.013282
vt 0.688295 0.013367
vt 0.688329 0.013442
vt 0.688384 0.013503
vt 0.688526 0.013555
vt 0.688602 0.013541
vt 0.688451 0.013541
vt 0.688383 0.013503
vt 0.688329 0.013442
vt 0.688295 0.013367
vt 0.688283 0.013282
vt 0.688770 0.013282
vt 0.688758 0.013366
vt 0.688723 0.013442
vt 0.688669 0.013502
vt 0.027286 0.001862
vt 0.688755 0.013187
vt 0.688229 0.013174
vt 0.688297 0.013187
vt 0.688229 0.013174
vt 0.688297 0.013187
vt 0.028558 0.001853
vt 0.688755 0.013186
vt 0.028622 0.001853
vt 0.026268 0.001862
vn 0.944939 -0.317986 0.077304
vn 0.778870 -0.609411 0.148257
vn 0.754466 -0.637733 0.155168
vn 0.927537 -0.363154 0.088286
vn 0.778870 -0.609411 0.148257
vn 0.543739 -0.815428 0.198558
vn 0.522977 -0.828146 0.201667
vn 0.754466 -0.637733 0.155168
vn 0.543739 -0.815428 0.198558
vn 0.277086 -0.933599 0.227192
vn 0.265763 -0.936706 0.227930
vn 0.522977 -0.828146 0.201667
vn 0.277086 -0.933599 0.227192
vn 0.000001 -0.971695 0.236241
vn 0.000001 -0.971694 0.236241
vn 0.265763 -0.936706 0.227930
vn 0.000001 -0.971695 0.236241
vn -0.136277 -0.962629 0.234037
vn -0.136277 -0.962629 0.234037
vn 0.000001 -0.971694 0.236241
vn -0.136293 0.962696 -0.233753
vn -0.000011 0.971760 -0.235971
vn -0.000010 0.971760 -0.235971
vn -0.136293 0.962696 -0.233753
vn -0.000011 0.971760 -0.235971
vn 0.265817 0.936808 -0.227445
vn 0.277119 0.933712 -0.226688
vn -0.000010 0.971760 -0.235971
vn 0.265817 0.936808 -0.227445
vn 0.523105 0.828214 -0.201053
vn 0.543768 0.815548 -0.197984
vn 0.277119 0.933712 -0.226688
vn 0.523105 0.828214 -0.201053
vn 0.754486 0.637770 -0.154923
vn 0.778883 0.609441 -0.148061
vn 0.543768 0.815548 -0.197984
vn 0.754486 0.637770 -0.154923
vn 0.927541 0.363143 -0.088284
vn 0.944943 0.317974 -0.077304
vn 0.778883 0.609441 -0.148061
vn 0.927541 0.363143 -0.088284
vn 0.999629 0.026451 -0.006432
vn 0.999630 -0.026435 0.006424
vn 0.944943 0.317974 -0.077304
vn 0.999629 0.026451 -0.006432
vn 0.944939 -0.317986 0.077304
vn 0.927537 -0.363154 0.088286
vn 0.999630 -0.026435 0.006424
vn -0.000006 0.000294 1.000000
vn 0.000001 0.000295 1.000000
vn 0.000000 0.000295 1.000000
vn -0.000007 0.000293 1.000000
vn -0.000001 0.000277 1.000000
vn -0.000006 0.000294 1.000000
vn -0.000007 0.000293 1.000000
vn 0.000001 0.000276 1.000000
vn 0.000010 0.000276 1.000000
vn -0.000001 0.000277 1.000000
vn 0.000001 0.000276 1.000000
vn 0.000010 0.000277 1.000000
vn 0.000002 0.000281 1.000000
vn 0.000010 0.000276 1.000000
vn 0.000010 0.000277 1.000000
vn 0.000002 0.000281 1.000000
vn -0.000005 0.000278 1.000000
vn 0.000002 0.000281 1.000000
vn 0.000002 0.000281 1.000000
vn -0.000005 0.000278 1.000000
vn 0.000004 0.000307 1.000000
vn 0.000013 0.000296 1.000000
vn 0.000013 0.000296 1.000000
vn 0.000004 0.000307 1.000000
vn -0.000001 0.000315 1.000000
vn 0.000004 0.000307 1.000000
vn 0.000004 0.000307 1.000000
vn -0.000001 0.000315 1.000000
vn 0.000008 0.000302 1.000000
vn -0.000001 0.000315 1.000000
vn -0.000001 0.000315 1.000000
vn 0.000007 0.000304 1.000000
vn 0.000008 0.000296 1.000000
vn 0.000008 0.000302 1.000000
vn 0.000007 0.000304 1.000000
vn 0.000009 0.000295 1.000000
vn 0.000002 0.000292 1.000000
vn 0.000008 0.000296 1.000000
vn 0.000009 0.000295 1.000000
vn 0.000002 0.000292 1.000000
vn 0.000001 0.000288 1.000000
vn 0.000002 0.000292 1.000000
vn 0.000002 0.000292 1.000000
vn 0.000001 0.000288 1.000000
vn 0.000001 0.000295 1.000000
vn 0.000001 0.000288 1.000000
vn 0.000001 0.000288 1.000000
vn 0.000000 0.000295 1.000000
vn 0.000002 -0.000293 -1.000000
vn 0.000005 -0.000296 -1.000000
vn 0.000006 -0.000296 -1.000000
vn 0.000002 -0.000294 -1.000000
vn 0.000005 -0.000296 -1.000000
vn 0.000009 -0.000297 -1.000000
vn 0.000009 -0.000298 -1.000000
vn 0.000006 -0.000296 -1.000000
vn 0.000009 -0.000297 -1.000000
vn 0.000005 -0.000300 -1.000000
vn 0.000005 -0.000300 -1.000000
vn 0.000009 -0.000298 -1.000000
vn 0.000005 -0.000300 -1.000000
vn -0.000003 -0.000297 -1.000000
vn -0.000003 -0.000297 -1.000000
vn 0.000005 -0.000300 -1.000000
vn -0.000003 -0.000297 -1.000000
vn -0.000008 -0.000294 -1.000000
vn -0.000008 -0.000294 -1.000000
vn -0.000003 -0.000297 -1.000000
vn -0.000038 -0.000298 -1.000000
vn -0.000003 -0.000293 -1.000000
vn -0.000003 -0.000293 -1.000000
vn -0.000038 -0.000298 -1.000000
vn -0.000003 -0.000293 -1.000000
vn 0.000009 -0.000283 -1.000000
vn 0.000011 -0.000284 -1.000000
vn -0.000003 -0.000293 -1.000000
vn 0.000009 -0.000283 -1.000000
vn -0.000012 -0.000287 -1.000000
vn -0.000012 -0.000286 -1.000000
vn 0.000011 -0.000284 -1.000000
vn -0.000012 -0.000287 -1.000000
vn -0.000009 -0.000296 -1.000000
vn -0.000009 -0.000295 -1.000000
vn -0.000012 -0.000286 -1.000000
vn -0.000009 -0.000296 -1.000000
vn -0.000005 -0.000294 -1.000000
vn -0.000005 -0.000294 -1.000000
vn -0.000009 -0.000295 -1.000000
vn -0.000005 -0.000294 -1.000000
vn -0.000000 -0.000291 -1.000000
vn -0.000000 -0.000291 -1.000000
vn -0.000005 -0.000294 -1.000000
vn -0.000000 -0.000291 -1.000000
vn 0.000002 -0.000293 -1.000000
vn 0.000002 -0.000294 -1.000000
vn -0.000000 -0.000291 -1.000000
vn -0.983769 0.174363 -0.042385
vn -0.983769 0.174363 -0.042385
vn -0.983769 0.174363 -0.042385
vn -0.983769 0.174363 -0.042385
vn -0.983773 -0.174342 0.042370
vn -0.983773 -0.174342 0.042370
vn -0.983773 -0.174342 0.042370
vn -0.983773 -0.174342 0.042370
vn 0.144747 0.961502 -0.233585
vn 0.144747 0.961502 -0.233585
vn 0.144747 0.961502 -0.233585
vn 0.144747 0.961502 -0.233585
vn -0.136255 0.962670 -0.233884
vn -0.136255 0.962670 -0.233884
vn -0.136255 0.962670 -0.233884
vn -0.136255 0.962670 -0.233884
vn -0.404670 0.888616 -0.215878
vn -0.404670 0.888616 -0.215878
vn -0.404670 0.888616 -0.215878
vn -0.404670 0.888616 -0.215878
vn -0.655689 0.733689 -0.178250
vn -0.655689 0.733689 -0.178250
vn -0.655689 0.733689 -0.178250
vn -0.655689 0.733689 -0.178250
vn -0.862540 0.491719 -0.119322
vn -0.862540 0.491719 -0.119322
vn -0.862540 0.491719 -0.119322
vn -0.862540 0.491719 -0.119322
vn -0.983767 0.174383 -0.042342
vn -0.983767 0.174383 -0.042342
vn -0.983767 0.174383 -0.042342
vn -0.983767 0.174383 -0.042342
vn -0.983768 -0.174373 0.042368
vn -0.983768 -0.174373 0.042368
vn -0.983768 -0.174373 0.042368
vn -0.983768 -0.174373 0.042368
vn -0.862516 -0.491728 0.119460
vn -0.862516 -0.491728 0.119460
vn -0.862516 -0.491728 0.119460
vn -0.862516 -0.491727 0.119460
vn -0.655675 -0.733676 0.178354
vn -0.655675 -0.733676 0.178354
vn -0.655675 -0.733676 0.178354
vn -0.655675 -0.733676 0.178354
vn -0.404645 -0.888578 0.216082
vn -0.404645 -0.888578 0.216082
vn -0.404645 -0.888578 0.216082
vn -0.404645 -0.888578 0.216082
vn 0.144742 -0.961417 0.233936
vn 0.144742 -0.961417 0.233936
vn 0.144742 -0.961417 0.233936
vn 0.144742 -0.961417 0.233936
vn -0.136261 -0.962580 0.234249
vn -0.136261 -0.962580 0.234249
vn -0.136261 -0.962580 0.234249
vn -0.136261 -0.962580 0.234249
s off
g AFBXASC195FBXASC177adidos nuevos3
usemtl nuevos29SG
f 763/1212/1791 764/1221/1792 777/1210/1793 776/1201/1794
f 764/1221/1795 765/1220/1796 778/1209/1797 777/1210/1798
f 765/1220/1799 766/1219/1800 779/1208/1801 778/1209/1802
f 766/1219/1803 767/1218/1804 780/1207/1805 779/1208/1806
f 767/1218/1807 768/1250/1808 781/1159/1809 780/1207/1810
f 769/1160/1811 770/1217/1812 783/1206/1813 782/1244/1814
f 770/1217/1815 771/1216/1816 784/1205/1817 783/1206/1818
f 771/1216/1819 772/1215/1820 785/1204/1821 784/1205/1822
f 772/1215/1823 773/1214/1824 786/1203/1825 785/1204/1826
f 773/1214/1827 774/1213/1828 787/1202/1829 786/1203/1830
f 774/1213/1831 775/1211/1832 788/1200/1833 787/1202/1834
f 775/1211/1835 763/1212/1836 776/1201/1837 788/1200/1838
f 764/1149/1839 763/1148/1840 789/1234/1841 790/1243/1842
f 765/1152/1843 764/1149/1844 790/1243/1845 791/1242/1846
f 766/1154/1847 765/1152/1848 791/1242/1849 792/1241/1850
f 767/1156/1851 766/1154/1852 792/1241/1853 793/1240/1854
f 768/1158/1855 767/1156/1856 793/1240/1857 794/1251/1858
f 770/1161/1859 769/1246/1860 795/1247/1861 796/1239/1862
f 771/1164/1863 770/1161/1864 796/1239/1865 797/1238/1866
f 772/1166/1867 771/1164/1868 797/1238/1869 798/1237/1870
f 773/1168/1871 772/1166/1872 798/1237/1873 799/1236/1874
f 774/1170/1875 773/1168/1876 799/1236/1877 800/1235/1878
f 775/1172/1879 774/1170/1880 800/1235/1881 801/1233/1882
f 763/1148/1883 775/1172/1884 801/1233/1885 789/1234/1886
f 776/1151/1887 777/1150/1888 803/1232/1889 802/1223/1890
f 777/1150/1891 778/1153/1892 804/1231/1893 803/1232/1894
f 778/1153/1895 779/1155/1896 805/1230/1897 804/1231/1898
f 779/1155/1899 780/1157/1900 806/1229/1901 805/1230/1902
f 780/1157/1903 781/1248/1904 807/1249/1905 806/1229/1906
f 782/1163/1907 783/1162/1908 809/1228/1909 808/1245/1910
f 783/1162/1911 784/1165/1912 810/1227/1913 809/1228/1914
f 784/1165/1915 785/1167/1916 811/1226/1917 810/1227/1918
f 785/1167/1919 786/1169/1920 812/1225/1921 811/1226/1922
f 786/1169/1923 787/1171/1924 813/1224/1925 812/1225/1926
f 787/1171/1927 788/1173/1928 814/1222/1929 813/1224/1930
f 788/1173/1931 776/1151/1932 802/1223/1933 814/1222/1934
f 781/1159/1935 768/1250/1936 794/1252/1937 807/1192/1938
f 769/1160/1939 782/1244/1940 808/1194/1941 795/1180/1942
f 794/1179/1943 793/1178/1944 806/1191/1945 807/1253/1946
f 793/1178/1947 792/1177/1948 805/1190/1949 806/1191/1950
f 792/1177/1951 791/1176/1952 804/1189/1953 805/1190/1954
f 791/1176/1955 790/1175/1956 803/1187/1957 804/1189/1958
f 790/1175/1959 789/1174/1960 802/1188/1961 803/1187/1962
f 789/1174/1963 801/1186/1964 814/1199/1965 802/1188/1966
f 801/1186/1967 800/1185/1968 813/1198/1969 814/1199/1970
f 800/1185/1971 799/1184/1972 812/1197/1973 813/1198/1974
f 799/1184/1975 798/1183/1976 811/1196/1977 812/1197/1978
f 798/1183/1979 797/1182/1980 810/1195/1981 811/1196/1982
f 796/1181/1983 795/1180/1984 808/1194/1985 809/1193/1986
f 797/1182/1987 796/1181/1988 809/1193/1989 810/1195/1990
g default
v 3.775368 16.855247 -7.426940
v 3.730232 16.793938 -7.426937
v 3.662685 16.752960 -7.426940
v 3.583005 16.738571 -7.426940
v 3.503326 16.752960 -7.426940
v 3.435776 16.793938 -7.426940
v 3.390648 16.855247 -7.426940
v 3.374802 16.927597 -7.426942
v 3.390648 16.999931 -7.426940
v 3.435776 17.061256 -7.426940
v 3.503326 17.102226 -7.426940
v 3.583005 17.116615 -7.426940
v 3.662685 17.102226 -7.426940
v 3.730232 17.061256 -7.426940
v 3.775368 16.999931 -7.426940
v 3.791214 16.927597 -7.426942
v 3.775368 16.855255 -7.458755
v 3.730232 16.793930 -7.458755
v 3.662685 16.752960 -7.458755
v 3.583005 16.738571 -7.458755
v 3.503326 16.752960 -7.458755
v 3.435776 16.793930 -7.458759
v 3.390648 16.855255 -7.458755
v 3.374802 16.927597 -7.458755
v 3.390648 16.999931 -7.458755
v 3.435776 17.061256 -7.458755
v 3.503326 17.102226 -7.458755
v 3.583005 17.116615 -7.458763
v 3.662685 17.102226 -7.458755
v 3.730232 17.061256 -7.458755
v 3.775368 16.999931 -7.458755
v 3.791214 16.927597 -7.458755
v 3.692135 16.883224 -7.426940
v 3.665531 16.846420 -7.426940
v 3.627102 16.822548 -7.426940
v 3.583005 16.814514 -7.426940
v 3.538908 16.822548 -7.426944
v 3.500477 16.846420 -7.426940
v 3.473877 16.883224 -7.426943
v 3.464310 16.927597 -7.426942
v 3.473877 16.971970 -7.426943
v 3.500477 17.008766 -7.426940
v 3.538908 17.032623 -7.426937
v 3.583005 17.040665 -7.426940
v 3.627102 17.032623 -7.426937
v 3.665531 17.008766 -7.426940
v 3.692123 16.971970 -7.426943
v 3.701634 16.927597 -7.426942
v 3.692135 16.883232 -7.458755
v 3.665531 16.846420 -7.458755
v 3.627102 16.822556 -7.458759
v 3.583005 16.814514 -7.458755
v 3.538908 16.822556 -7.458759
v 3.500477 16.846420 -7.458755
v 3.473877 16.883232 -7.458755
v 3.464310 16.927597 -7.458755
v 3.473877 16.971962 -7.458757
v 3.500477 17.008766 -7.458755
v 3.538908 17.032623 -7.458752
v 3.583005 17.040672 -7.458755
v 3.627102 17.032623 -7.458752
v 3.665531 17.008766 -7.458755
v 3.692123 16.971962 -7.458757
v 3.701634 16.927597 -7.458755
vt 0.782824 0.014127
vt 0.782803 0.014138
vt 0.000049 0.001515
vt 0.000049 0.001539
vt 0.782787 0.014156
vt 0.000049 0.001491
vt 0.782778 0.014180
vt 0.000049 0.001465
vt 0.782778 0.014205
vt 0.000049 0.001828
vt 0.782787 0.014229
vt 0.000049 0.001803
vt 0.782803 0.014246
vt 0.000049 0.001779
vt 0.782824 0.014255
vt 0.000049 0.001756
vt 0.782848 0.014254
vt 0.000049 0.001733
vt 0.782869 0.014243
vt 0.000049 0.001709
vt 0.782885 0.014225
vt 0.000049 0.001685
vt 0.782894 0.014201
vt 0.000049 0.001659
vt 0.782894 0.014176
vt 0.000049 0.001634
vt 0.782885 0.014153
vt 0.000049 0.001609
vt 0.782869 0.014135
vt 0.000049 0.001586
vt 0.782848 0.014126
vt 0.000049 0.001562
vt 0.782828 0.014155
vt 0.782815 0.014161
vt 0.782806 0.014171
vt 0.782801 0.014184
vt 0.782801 0.014198
vt 0.782806 0.014212
vt 0.782816 0.014222
vt 0.782829 0.014227
vt 0.782844 0.014227
vt 0.782856 0.014221
vt 0.782866 0.014210
vt 0.782871 0.014197
vt 0.782871 0.014183
vt 0.782866 0.014170
vt 0.782856 0.014159
vt 0.782843 0.014154
vt 0.683048 0.014296
vt 0.683038 0.014285
vt 0.683053 0.014309
vt 0.683053 0.014323
vt 0.683048 0.014336
vt 0.683039 0.014346
vt 0.683026 0.014353
vt 0.683012 0.014353
vt 0.682999 0.014348
vt 0.682989 0.014337
vt 0.682984 0.014324
vt 0.682984 0.014310
vt 0.682989 0.014297
vt 0.682998 0.014287
vt 0.683011 0.014280
vt 0.683025 0.014280
vt 0.683030 0.014252
vt 0.683052 0.014261
vt 0.683007 0.014253
vt 0.682986 0.014264
vt 0.682969 0.014282
vt 0.682960 0.014306
vt 0.682960 0.014331
vt 0.682969 0.014354
vt 0.682986 0.014372
vt 0.683007 0.014381
vt 0.683030 0.014380
vt 0.683052 0.014369
vt 0.683068 0.014351
vt 0.683077 0.014327
vt 0.683077 0.014302
vt 0.683068 0.014279
vt 0.000039 0.001562
vt 0.000039 0.001539
vt 0.000039 0.001586
vt 0.000039 0.001609
vt 0.000039 0.001634
vt 0.000039 0.001659
vt 0.000039 0.001685
vt 0.000039 0.001709
vt 0.000039 0.001733
vt 0.000039 0.001756
vt 0.000039 0.001779
vt 0.000039 0.001803
vt 0.000039 0.001828
vt 0.000039 0.001465
vt 0.000039 0.001491
vt 0.000039 0.001515
vt 0.105240 0.001863
vt 0.105255 0.001863
vt 0.105226 0.001863
vt 0.105212 0.001863
vt 0.105198 0.001863
vt 0.105184 0.001863
vt 0.105170 0.001863
vt 0.105156 0.001863
vt 0.105142 0.001863
vt 0.105127 0.001863
vt 0.105113 0.001863
vt 0.105099 0.001863
vt 0.105085 0.001863
vt 0.105071 0.001863
vt 0.105283 0.001863
vt 0.105269 0.001863
vt 0.105240 0.001853
vt 0.105255 0.001853
vt 0.105226 0.001853
vt 0.105212 0.001853
vt 0.105198 0.001853
vt 0.105184 0.001853
vt 0.105170 0.001853
vt 0.105156 0.001853
vt 0.105142 0.001853
vt 0.105127 0.001853
vt 0.105113 0.001853
vt 0.105099 0.001853
vt 0.105085 0.001853
vt 0.105297 0.001853
vt 0.105283 0.001853
vt 0.105269 0.001853
vt 0.105297 0.001863
vt 0.105071 0.001853
vt 0.000049 0.001853
vt 0.000039 0.001853
vn 0.672127 -0.740436 0.000049
vn 0.909797 -0.415054 -0.000013
vn 0.909771 -0.415111 -0.000013
vn 0.672156 -0.740409 0.000049
vn 0.351975 -0.936009 0.000048
vn 0.672127 -0.740436 0.000049
vn 0.672156 -0.740409 0.000049
vn 0.351978 -0.936008 0.000048
vn 0.000000 -1.000000 0.000000
vn 0.351975 -0.936009 0.000048
vn 0.351978 -0.936008 0.000048
vn 0.000000 -1.000000 0.000000
vn -0.351973 -0.936010 0.000048
vn 0.000000 -1.000000 0.000000
vn 0.000000 -1.000000 0.000000
vn -0.351970 -0.936011 0.000048
vn -0.672140 -0.740424 0.000049
vn -0.351973 -0.936010 0.000048
vn -0.351970 -0.936011 0.000048
vn -0.672170 -0.740397 0.000049
vn -0.909815 -0.415014 -0.000013
vn -0.672140 -0.740424 0.000049
vn -0.672170 -0.740397 0.000049
vn -0.909792 -0.415065 -0.000013
vn -1.000000 -0.000000 -0.000013
vn -0.909815 -0.415014 -0.000013
vn -0.909792 -0.415065 -0.000013
vn -1.000000 0.000000 -0.000013
vn -0.909803 0.415041 0.000000
vn -1.000000 -0.000000 -0.000013
vn -1.000000 0.000000 -0.000013
vn -0.909802 0.415042 0.000000
vn -0.672169 0.740398 0.000000
vn -0.909803 0.415041 0.000000
vn -0.909802 0.415042 0.000000
vn -0.672169 0.740398 0.000000
vn -0.351929 0.936027 0.000000
vn -0.672169 0.740398 0.000000
vn -0.672169 0.740398 0.000000
vn -0.351934 0.936025 0.000000
vn 0.000000 1.000000 0.000000
vn -0.351929 0.936027 0.000000
vn -0.351934 0.936025 0.000000
vn 0.000000 1.000000 0.000000
vn 0.351936 0.936024 0.000000
vn 0.000000 1.000000 0.000000
vn 0.000000 1.000000 0.000000
vn 0.351941 0.936022 0.000000
vn 0.672157 0.740409 0.000000
vn 0.351936 0.936024 0.000000
vn 0.351941 0.936022 0.000000
vn 0.672157 0.740409 0.000000
vn 0.909781 0.415088 0.000000
vn 0.672157 0.740409 0.000000
vn 0.672157 0.740409 0.000000
vn 0.909781 0.415089 0.000000
vn 1.000000 -0.000001 -0.000013
vn 0.909781 0.415088 0.000000
vn 0.909781 0.415089 0.000000
vn 1.000000 -0.000001 -0.000013
vn 0.909771 -0.415111 -0.000013
vn 0.909797 -0.415054 -0.000013
vn 1.000000 -0.000001 -0.000013
vn 1.000000 -0.000001 -0.000013
vn 0.000000 0.000032 1.000000
vn 0.000000 0.000033 1.000000
vn -0.000016 0.000020 1.000000
vn -0.000013 0.000024 1.000000
vn -0.000016 0.000020 1.000000
vn -0.000021 0.000001 1.000000
vn -0.000023 0.000001 1.000000
vn -0.000013 0.000024 1.000000
vn -0.000021 0.000001 1.000000
vn -0.000019 0.000016 1.000000
vn -0.000019 0.000016 1.000000
vn -0.000023 0.000001 1.000000
vn -0.000019 0.000016 1.000000
vn 0.000004 0.000017 1.000000
vn 0.000009 0.000015 1.000000
vn -0.000019 0.000016 1.000000
vn 0.000004 0.000017 1.000000
vn 0.000017 0.000010 1.000000
vn 0.000013 0.000012 1.000000
vn 0.000009 0.000015 1.000000
vn 0.000017 0.000010 1.000000
vn 0.000001 0.000012 1.000000
vn 0.000002 0.000011 1.000000
vn 0.000013 0.000012 1.000000
vn 0.000001 0.000012 1.000000
vn 0.000016 -0.000000 1.000000
vn 0.000016 0.000000 1.000000
vn 0.000002 0.000011 1.000000
vn 0.000016 -0.000000 1.000000
vn 0.000011 -0.000012 1.000000
vn 0.000012 -0.000011 1.000000
vn 0.000016 0.000000 1.000000
vn 0.000011 -0.000012 1.000000
vn -0.000019 -0.000009 1.000000
vn -0.000016 -0.000011 1.000000
vn 0.000012 -0.000011 1.000000
vn -0.000019 -0.000009 1.000000
vn -0.000004 0.000017 1.000000
vn -0.000009 0.000015 1.000000
vn -0.000016 -0.000011 1.000000
vn -0.000004 0.000017 1.000000
vn -0.000000 0.000032 1.000000
vn -0.000000 0.000032 1.000000
vn -0.000009 0.000015 1.000000
vn -0.000000 0.000032 1.000000
vn 0.000004 0.000017 1.000000
vn 0.000009 0.000015 1.000000
vn -0.000000 0.000032 1.000000
vn 0.000004 0.000017 1.000000
vn 0.000019 -0.000009 1.000000
vn 0.000016 -0.000011 1.000000
vn 0.000009 0.000015 1.000000
vn 0.000019 -0.000009 1.000000
vn -0.000003 -0.000016 1.000000
vn -0.000003 -0.000015 1.000000
vn 0.000016 -0.000011 1.000000
vn -0.000003 -0.000016 1.000000
vn -0.000003 0.000007 1.000000
vn -0.000003 0.000007 1.000000
vn -0.000003 -0.000015 1.000000
vn -0.000003 0.000007 1.000000
vn 0.000000 0.000033 1.000000
vn 0.000000 0.000032 1.000000
vn -0.000003 0.000007 1.000000
vn 0.000016 -0.000001 -1.000000
vn 0.000003 0.000000 -1.000000
vn 0.000003 0.000000 -1.000000
vn 0.000014 -0.000000 -1.000000
vn 0.000005 -0.000017 -1.000000
vn 0.000016 -0.000001 -1.000000
vn 0.000014 -0.000000 -1.000000
vn 0.000008 -0.000015 -1.000000
vn -0.000000 -0.000032 -1.000000
vn 0.000005 -0.000017 -1.000000
vn 0.000008 -0.000015 -1.000000
vn -0.000000 -0.000032 -1.000000
vn 0.000010 -0.000017 -1.000000
vn -0.000000 -0.000032 -1.000000
vn -0.000000 -0.000032 -1.000000
vn 0.000009 -0.000015 -1.000000
vn 0.000002 0.000019 -1.000000
vn 0.000010 -0.000017 -1.000000
vn 0.000009 -0.000015 -1.000000
vn 0.000001 0.000023 -1.000000
vn -0.000002 0.000021 -1.000000
vn 0.000002 0.000019 -1.000000
vn 0.000001 0.000023 -1.000000
vn -0.000001 0.000019 -1.000000
vn -0.000006 -0.000007 -1.000000
vn -0.000002 0.000021 -1.000000
vn -0.000001 0.000019 -1.000000
vn -0.000006 -0.000007 -1.000000
vn -0.000009 0.000004 -1.000000
vn -0.000006 -0.000007 -1.000000
vn -0.000006 -0.000007 -1.000000
vn -0.000009 0.000002 -1.000000
vn 0.000017 0.000009 -1.000000
vn -0.000009 0.000004 -1.000000
vn -0.000009 0.000002 -1.000000
vn 0.000013 0.000011 -1.000000
vn -0.000022 -0.000051 -1.000000
vn 0.000017 0.000009 -1.000000
vn 0.000013 0.000011 -1.000000
vn -0.000014 -0.000044 -1.000000
vn 0.000000 -0.000097 -1.000000
vn -0.000022 -0.000051 -1.000000
vn -0.000014 -0.000044 -1.000000
vn 0.000000 -0.000097 -1.000000
vn 0.000025 -0.000051 -1.000000
vn 0.000000 -0.000097 -1.000000
vn 0.000000 -0.000097 -1.000000
vn 0.000018 -0.000044 -1.000000
vn -0.000013 0.000009 -1.000000
vn 0.000025 -0.000051 -1.000000
vn 0.000018 -0.000044 -1.000000
vn -0.000010 0.000011 -1.000000
vn 0.000009 0.000004 -1.000000
vn -0.000013 0.000009 -1.000000
vn -0.000010 0.000011 -1.000000
vn 0.000009 0.000002 -1.000000
vn 0.000006 -0.000007 -1.000000
vn 0.000009 0.000004 -1.000000
vn 0.000009 0.000002 -1.000000
vn 0.000006 -0.000007 -1.000000
vn 0.000003 0.000000 -1.000000
vn 0.000003 0.000000 -1.000000
vn 0.000006 -0.000007 -1.000000
vn 0.000006 -0.000007 -1.000000
vn -0.682186 0.731179 0.000074
vn -0.682190 0.731175 0.000074
vn -0.913700 0.406390 0.000042
vn -0.913724 0.406336 0.000042
vn -0.913700 0.406390 0.000042
vn -1.000000 -0.000125 0.000021
vn -1.000000 -0.000130 0.000021
vn -0.913724 0.406336 0.000042
vn -1.000000 -0.000125 0.000021
vn -0.913685 -0.406423 0.000042
vn -0.913709 -0.406368 0.000042
vn -1.000000 -0.000130 0.000021
vn -0.913685 -0.406423 0.000042
vn -0.682140 -0.731221 0.000032
vn -0.682152 -0.731211 0.000032
vn -0.913709 -0.406368 0.000042
vn -0.682140 -0.731221 0.000032
vn -0.360571 -0.932732 -0.000064
vn -0.360571 -0.932732 -0.000064
vn -0.682152 -0.731211 0.000032
vn -0.360571 -0.932732 -0.000064
vn 0.000000 -1.000000 -0.000127
vn 0.000000 -1.000000 -0.000127
vn -0.360571 -0.932732 -0.000064
vn 0.000000 -1.000000 -0.000127
vn 0.360559 -0.932736 -0.000064
vn 0.360559 -0.932736 -0.000064
vn 0.000000 -1.000000 -0.000127
vn 0.360559 -0.932736 -0.000064
vn 0.682088 -0.731270 0.000032
vn 0.682099 -0.731259 0.000032
vn 0.360559 -0.932736 -0.000064
vn 0.682088 -0.731270 0.000032
vn 0.913415 -0.407031 0.000042
vn 0.913438 -0.406977 0.000042
vn 0.682099 -0.731259 0.000032
vn 0.913415 -0.407031 0.000042
vn 1.000000 -0.000002 0.000026
vn 1.000000 -0.000005 0.000026
vn 0.913438 -0.406977 0.000042
vn 1.000000 -0.000002 0.000026
vn 0.913429 0.406999 0.000047
vn 0.913453 0.406945 0.000047
vn 1.000000 -0.000005 0.000026
vn 0.913429 0.406999 0.000047
vn 0.682206 0.731160 0.000074
vn 0.682201 0.731165 0.000074
vn 0.913453 0.406945 0.000047
vn 0.682206 0.731160 0.000074
vn 0.360585 0.932726 0.000106
vn 0.360604 0.932719 0.000106
vn 0.682201 0.731165 0.000074
vn 0.360585 0.932726 0.000106
vn -0.000010 1.000000 0.000127
vn -0.000005 1.000000 0.000127
vn 0.360604 0.932719 0.000106
vn -0.000010 1.000000 0.000127
vn -0.360595 0.932722 0.000106
vn -0.360614 0.932715 0.000106
vn -0.000005 1.000000 0.000127
vn -0.360595 0.932722 0.000106
vn -0.682190 0.731175 0.000074
vn -0.682186 0.731179 0.000074
vn -0.360614 0.932715 0.000106
s off
g AFBXASC195FBXASC177adidos nuevos2
usemtl nuevos29SG
f 832/1256/1991 831/1257/1992 815/1335/1993 816/1349/1994
f 833/1259/1995 832/1256/1996 816/1349/1997 817/1348/1998
f 834/1261/1999 833/1259/2000 817/1348/2001 818/1347/2002
f 835/1263/2003 834/1384/2004 818/1385/2005 819/1346/2006
f 836/1265/2007 835/1263/2008 819/1346/2009 820/1345/2010
f 837/1267/2011 836/1265/2012 820/1345/2013 821/1344/2014
f 838/1269/2015 837/1267/2016 821/1344/2017 822/1343/2018
f 839/1271/2019 838/1269/2020 822/1343/2021 823/1342/2022
f 840/1273/2023 839/1271/2024 823/1342/2025 824/1341/2026
f 841/1275/2027 840/1273/2028 824/1341/2029 825/1340/2030
f 842/1277/2031 841/1275/2032 825/1340/2033 826/1339/2034
f 843/1279/2035 842/1277/2036 826/1339/2037 827/1338/2038
f 844/1281/2039 843/1279/2040 827/1338/2041 828/1337/2042
f 845/1283/2043 844/1281/2044 828/1337/2045 829/1336/2046
f 846/1285/2047 845/1283/2048 829/1336/2049 830/1334/2050
f 815/1335/2051 831/1257/2052 846/1285/2053 830/1334/2054
f 815/1254/2055 847/1286/2056 848/1287/2057 816/1255/2058
f 848/1287/2059 849/1288/2060 817/1258/2061 816/1255/2062
f 849/1288/2063 850/1289/2064 818/1260/2065 817/1258/2066
f 850/1289/2067 851/1290/2068 819/1262/2069 818/1260/2070
f 851/1290/2071 852/1291/2072 820/1264/2073 819/1262/2074
f 852/1291/2075 853/1292/2076 821/1266/2077 820/1264/2078
f 853/1292/2079 854/1293/2080 822/1268/2081 821/1266/2082
f 854/1293/2083 855/1294/2084 823/1270/2085 822/1268/2086
f 855/1294/2087 856/1295/2088 824/1272/2089 823/1270/2090
f 856/1295/2091 857/1296/2092 825/1274/2093 824/1272/2094
f 857/1296/2095 858/1297/2096 826/1276/2097 825/1274/2098
f 858/1297/2099 859/1298/2100 827/1278/2101 826/1276/2102
f 859/1298/2103 860/1299/2104 828/1280/2105 827/1278/2106
f 860/1299/2107 861/1300/2108 829/1282/2109 828/1280/2110
f 861/1300/2111 862/1301/2112 830/1284/2113 829/1282/2114
f 862/1301/2115 847/1286/2116 815/1254/2117 830/1284/2118
f 864/1302/2119 863/1303/2120 831/1319/2121 832/1333/2122
f 865/1304/2123 864/1302/2124 832/1333/2125 833/1332/2126
f 866/1305/2127 865/1304/2128 833/1332/2129 834/1331/2130
f 867/1306/2131 866/1305/2132 834/1331/2133 835/1330/2134
f 868/1307/2135 867/1306/2136 835/1330/2137 836/1329/2138
f 869/1308/2139 868/1307/2140 836/1329/2141 837/1328/2142
f 870/1309/2143 869/1308/2144 837/1328/2145 838/1327/2146
f 871/1310/2147 870/1309/2148 838/1327/2149 839/1326/2150
f 872/1311/2151 871/1310/2152 839/1326/2153 840/1325/2154
f 873/1312/2155 872/1311/2156 840/1325/2157 841/1324/2158
f 874/1313/2159 873/1312/2160 841/1324/2161 842/1323/2162
f 875/1314/2163 874/1313/2164 842/1323/2165 843/1322/2166
f 876/1315/2167 875/1314/2168 843/1322/2169 844/1321/2170
f 877/1316/2171 876/1315/2172 844/1321/2173 845/1320/2174
f 878/1317/2175 877/1316/2176 845/1320/2177 846/1318/2178
f 831/1319/2179 863/1303/2180 878/1317/2181 846/1318/2182
f 864/1381/2183 848/1365/2184 847/1351/2185 863/1367/2186
f 847/1351/2187 862/1350/2188 878/1366/2189 863/1367/2190
f 862/1350/2191 861/1352/2192 877/1368/2193 878/1366/2194
f 861/1352/2195 860/1353/2196 876/1369/2197 877/1368/2198
f 860/1353/2199 859/1354/2200 875/1370/2201 876/1369/2202
f 859/1354/2203 858/1355/2204 874/1371/2205 875/1370/2206
f 858/1355/2207 857/1356/2208 873/1372/2209 874/1371/2210
f 857/1356/2211 856/1357/2212 872/1373/2213 873/1372/2214
f 856/1357/2215 855/1358/2216 871/1374/2217 872/1373/2218
f 855/1358/2219 854/1359/2220 870/1375/2221 871/1374/2222
f 854/1359/2223 853/1360/2224 869/1376/2225 870/1375/2226
f 853/1360/2227 852/1361/2228 868/1377/2229 869/1376/2230
f 852/1361/2231 851/1362/2232 867/1378/2233 868/1377/2234
f 851/1362/2235 850/1363/2236 866/1383/2237 867/1378/2238
f 850/1382/2239 849/1364/2240 865/1380/2241 866/1379/2242
f 849/1364/2243 848/1365/2244 864/1381/2245 865/1380/2246
g default
v 2.915983 17.101053 -7.447536
v 2.915983 16.735159 -7.447536
v 2.823881 16.919687 -7.447536
v 2.823881 16.735159 -7.447536
v 2.596568 17.101053 -7.447536
v 2.596568 16.919687 -7.447536
v 2.691735 17.042044 -7.447536
v 2.823881 17.042044 -7.447536
v 2.691522 16.981770 -7.447536
v 2.823881 16.981770 -7.447536
v 2.823881 16.981770 -7.412039
v 2.915983 16.735159 -7.412039
v 2.823881 16.919687 -7.412039
v 2.823881 16.735159 -7.412039
v 2.691522 16.981770 -7.412039
v 2.596568 16.919687 -7.412039
v 2.596568 17.101053 -7.412039
v 2.691735 17.042044 -7.412039
v 2.915983 17.101053 -7.412039
v 2.823881 17.042044 -7.412039
vt 0.683453 0.014333
vt 0.683472 0.014333
vt 0.000039 0.001424
vt 0.683530 0.014333
vt 0.115657 0.001853
vt 0.683472 0.014262
vt 0.000039 0.001639
vt 0.683434 0.014291
vt 0.115597 0.001853
vt 0.683415 0.014362
vt 0.115698 0.001864
vt 0.000050 0.001424
vt 0.000050 0.001767
vt 0.000050 0.001824
vt 0.115657 0.001864
vt 0.000050 0.001696
vt 0.000050 0.001639
vt 0.000050 0.001539
vt 0.115597 0.001864
vt 0.115638 0.001864
vt 0.683434 0.014333
vt 0.115698 0.001853
vt 0.683453 0.014291
vt 0.115638 0.001853
vt 0.688007 0.014336
vt 0.688007 0.014378
vt 0.687988 0.014336
vt 0.687988 0.014378
vt 0.687970 0.014407
vt 0.687970 0.014307
vt 0.688027 0.014307
vt 0.000039 0.001539
vt 0.683415 0.014262
vt 0.000039 0.001696
vt 0.688026 0.014378
vt 0.688084 0.014378
vt 0.688084 0.014407
vt 0.683530 0.014362
vt 0.000039 0.001767
vt 0.000039 0.001824
vt 0.115578 0.001853
vt 0.000039 0.001853
vt 0.000050 0.001853
vt 0.115578 0.001864
vn -0.000003 0.000000 1.000000
vn 0.000000 0.000000 1.000000
vn -0.000002 0.000000 1.000000
vn 0.000000 0.000000 1.000000
vn 0.000000 0.000000 1.000000
vn -0.000002 0.000000 1.000000
vn 0.000000 0.000000 1.000000
vn 0.000000 0.000000 1.000000
vn 0.000000 0.000000 1.000000
vn -0.000003 0.000000 1.000000
vn 0.000000 0.000000 1.000000
vn 0.000000 0.000000 1.000000
vn -0.000003 0.000000 1.000000
vn -0.000003 0.000000 1.000000
vn 0.000000 0.000000 1.000000
vn 0.000000 0.000000 1.000000
vn 0.000000 0.000000 1.000000
vn 0.000000 0.000000 1.000000
vn -0.000003 0.000000 1.000000
vn -0.000003 0.000000 1.000000
vn -0.000002 0.000000 1.000000
vn -0.000003 0.000000 1.000000
vn 0.000004 0.000000 -1.000000
vn 0.000002 0.000000 -1.000000
vn -0.000008 0.000000 -1.000000
vn -0.000008 0.000000 -1.000000
vn 0.000002 0.000000 -1.000000
vn 0.000000 0.000000 -1.000000
vn 0.000000 0.000000 -1.000000
vn 0.000004 0.000000 -1.000000
vn -0.000008 0.000000 -1.000000
vn 0.000000 0.000000 -1.000000
vn 0.000000 0.000000 -1.000000
vn 0.000004 0.000000 -1.000000
vn 0.000003 0.000000 -1.000000
vn 0.000000 0.000000 -1.000000
vn 0.000000 0.000000 -1.000000
vn 0.000000 0.000000 -1.000000
vn 0.000000 0.000000 -1.000000
vn 0.000000 0.000000 -1.000000
vn 0.000003 0.000000 -1.000000
vn 0.000004 0.000000 -1.000000
vn 0.000002 0.000000 -1.000000
vn 0.000004 0.000000 -1.000000
vn 0.000000 -1.000000 0.000000
vn 0.000000 -1.000000 0.000000
vn 0.000000 -1.000000 0.000000
vn 0.000000 -1.000000 0.000000
vn -1.000000 0.000000 0.000000
vn -1.000000 0.000000 0.000000
vn -1.000000 0.000000 0.000000
vn -1.000000 0.000000 0.000000
vn 0.000000 1.000000 0.000000
vn 0.000000 1.000000 0.000000
vn 0.000000 1.000000 0.000000
vn 0.000000 1.000000 0.000000
vn 0.000000 -1.000000 0.000000
vn 0.000000 -1.000000 0.000000
vn 0.000000 -1.000000 0.000000
vn 0.000000 -1.000000 0.000000
vn 0.000000 1.000000 0.000000
vn 0.000000 1.000000 0.000000
vn 0.000000 1.000000 0.000000
vn 0.000000 1.000000 0.000000
vn 0.000000 -1.000000 0.000000
vn 0.000000 -1.000000 0.000000
vn 0.000000 -1.000000 0.000000
vn 0.000000 -1.000000 0.000000
vn 0.999994 -0.003545 0.000000
vn 0.999994 -0.003545 0.000000
vn 0.999994 -0.003545 0.000000
vn 0.999994 -0.003545 0.000000
vn -1.000000 0.000000 0.000000
vn -1.000000 0.000000 0.000000
vn -1.000000 0.000000 0.000000
vn -1.000000 0.000000 0.000000
vn 1.000000 -0.000001 0.000000
vn 1.000000 -0.000001 0.000000
vn 1.000000 -0.000001 0.000000
vn 1.000000 -0.000001 0.000000
vn -1.000000 0.000000 0.000000
vn -1.000000 0.000000 0.000000
vn -1.000000 0.000000 0.000000
vn -1.000000 0.000000 0.000000
s off
g AFBXASC195FBXASC177adidos nuevos1
usemtl nuevos29SG
f 889/1386/2247 891/1387/2248 890/1423/2249
f 891/1387/2250 892/1389/2251 890/1423/2252
f 893/1408/2253 894/1391/2254 891/1387/2255 889/1386/2256
f 895/1418/2257 896/1393/2258 898/1406/2259 897/1395/2260
f 895/1418/2261 894/1391/2262 893/1408/2263 896/1393/2264
f 898/1406/2265 889/1386/2266 890/1423/2267 897/1395/2268
f 888/1411/2269 880/1422/2270 881/1420/2271
f 881/1420/2272 880/1422/2273 882/1421/2274
f 887/1410/2275 888/1411/2276 881/1420/2277 884/1416/2278
f 883/1415/2279 879/1414/2280 886/1413/2281 885/1412/2282
f 883/1415/2283 885/1412/2284 887/1410/2285 884/1416/2286
f 886/1413/2287 879/1414/2288 880/1422/2289 888/1411/2290
f 880/1428/2291 890/1427/2292 892/1425/2293 882/1399/2294
f 882/1399/2295 892/1425/2296 891/1424/2297 881/1398/2298
f 887/1400/2299 893/1390/2300 889/1407/2301 888/1396/2302
f 881/1398/2303 891/1424/2304 894/1419/2305 884/1401/2306
f 883/1402/2307 895/1392/2308 897/1417/2309 879/1403/2310
f 886/1404/2311 898/1394/2312 896/1409/2313 885/1405/2314
f 885/1405/2315 896/1409/2316 893/1390/2317 887/1400/2318
f 884/1401/2319 894/1419/2320 895/1392/2321 883/1402/2322
f 879/1403/2323 897/1417/2324 890/1388/2325 880/1397/2326
f 888/1429/2327 889/1426/2328 898/1394/2329 886/1404/2330
