# This file uses centimeters as units for non-parametric coordinates.

mtllib Consultorio.mtl
g default
v 1256.981201 194.639801 6.358643
v 1253.924316 194.639801 5.092285
v 1250.867676 194.639801 6.358643
v 1249.601562 194.639801 9.415283
v 1250.867676 194.639801 12.472168
v 1253.924316 194.639801 13.738281
v 1256.981201 194.639801 12.472168
v 1258.247070 194.639801 9.415283
v 1256.981201 466.853821 6.358643
v 1253.924316 466.853821 5.092285
v 1250.867676 466.853821 6.358643
v 1249.601562 466.853821 9.415283
v 1250.867676 466.853821 12.472168
v 1253.924316 466.853821 13.738281
v 1256.981201 466.853821 12.472168
v 1258.247070 466.853821 9.415283
v 1253.924316 466.853821 9.415283
v 1271.157715 18.057755 71.139648
v 1271.159912 18.057755 -263.636963
v 1271.157715 674.921448 71.139648
v 1271.159912 674.921448 -263.636963
v 1280.950195 18.057755 -263.636963
v 1280.950195 674.921448 -263.636963
v 1280.947998 18.057755 71.139648
v 1280.947998 674.921448 71.139648
v 1281.822754 616.744568 -229.564453
v 1281.823242 616.744568 -263.739746
v 1281.822754 646.057312 -229.564453
v 1281.823242 646.057312 -263.739746
v 1284.329346 616.744568 -263.739746
v 1284.329346 646.057312 -263.739746
v 1284.328613 616.744568 -229.564453
v 1284.328613 646.057312 -229.564453
v 1300.143066 674.588623 -278.790039
v 1300.128418 674.588623 423.645508
v 1300.142334 699.487000 -278.789307
v 1300.127441 699.487000 423.645508
v 1254.573730 674.588623 423.645020
v 1254.572266 699.487000 423.645508
v 1254.588379 674.588623 -278.790039
v 1254.587158 699.487000 -278.790039
v 1267.809082 616.744568 -229.564453
v 1267.809326 616.744568 -263.739746
v 1267.809082 646.057312 -229.564453
v 1267.809326 646.057312 -263.739746
v 1270.315674 616.744568 -263.739746
v 1270.315674 646.057312 -263.739746
v 1270.315186 616.744568 -229.564453
v 1270.315186 646.057312 -229.564453
v 1268.453369 307.582794 69.076660
v 1271.442139 307.582794 69.076660
v 1268.453369 336.632996 69.076660
v 1271.442139 336.632996 69.076660
v 1268.453369 336.632996 44.044922
v 1271.442139 336.632996 44.044922
v 1268.453369 307.582794 44.044922
v 1271.442139 307.582794 44.044922
v 1251.758789 20.270950 -279.001221
v 1251.769531 20.270950 -1079.001465
v 1251.758789 698.853638 -279.000000
v 1251.769531 698.853638 -1079.001587
v 1301.769531 20.270950 -1079.000732
v 1301.769531 698.853638 -1079.000977
v 1301.758545 20.270950 -279.001221
v 1301.758545 698.853638 -279.000000
v 1270.329590 216.260651 27.195068
v 1273.318604 216.260651 27.195068
v 1270.329590 427.955200 27.195068
v 1273.318604 427.955200 27.195068
v 1270.329590 427.955200 -2.089355
v 1273.318604 427.955200 -2.089355
v 1270.329590 216.260651 -2.089355
v 1273.318604 216.260651 -2.089355
v 1251.769531 20.270950 -1079.001465
v 1251.769531 20.270950 1170.557373
v -1304.060791 20.270950 -1079.001465
v -1304.060791 20.270950 1170.557373
v 1255.992920 18.057755 -263.546875
v 1256.001709 18.057755 -278.780151
v 1255.992920 674.921448 -263.546875
v 1256.001709 674.921448 -278.780151
v 1296.115234 18.057755 -278.780151
v 1296.115234 674.921448 -278.780151
v 1296.106445 18.057755 -263.546875
v 1296.106445 674.921448 -263.546875
v 1251.746582 20.270950 1120.998779
v 1251.756592 20.270950 420.998749
v 1251.746582 698.853638 1120.998779
v 1251.757324 698.853638 420.998749
v 1301.756592 20.270950 420.998749
v 1301.757812 698.853638 420.998749
v 1301.746338 20.270950 1120.998779
v 1301.746338 698.853638 1120.998779
v -1285.586670 20.270950 1122.986816
v -1276.782959 20.270950 1122.986816
v -1285.601318 698.853638 1121.946533
v -1276.797607 698.853638 1121.946533
v -1285.601318 698.853638 -1080.041016
v -1276.797607 698.853638 -1080.041016
v -1285.586670 20.270950 -1079.000977
v -1276.782959 20.270950 -1079.000977
v 110.738037 20.270950 1121.021484
v 16.489990 20.270950 1121.018066
v 110.738037 743.651001 1121.021484
v 16.489990 743.651001 1121.018066
v 16.489990 20.270950 1029.579834
v 16.489990 743.651001 1029.579834
v 110.738037 20.270950 1029.582520
v 110.738037 743.651001 1029.582520
v 101.093742 743.651001 1029.581787
v 101.093742 20.270950 1029.581787
v 26.133787 743.651001 1029.581787
v 26.133787 20.270950 1029.581787
v 26.133787 743.651001 1039.263672
v 101.093742 743.651001 1039.263672
v 101.093742 20.270950 1039.263672
v 26.133787 20.270950 1039.263672
v 1251.745605 20.270950 1170.999023
v -1276.801025 20.270950 1170.997559
v 1251.745605 698.853638 1170.999023
v -1276.801025 698.853638 1170.997559
v -1276.801025 20.270950 1120.997314
v -1276.801025 698.853638 1120.997314
v 1251.745605 20.270950 1120.998779
v 1251.746582 698.853638 1120.998779
v -1250.385010 18.927689 -1086.189941
v -1250.388428 18.927689 1120.908447
v -1250.385010 697.626099 -1086.190430
v -1250.388428 697.626099 1120.909668
v -1275.818604 697.626099 1120.908447
v -1275.815674 697.626099 -1086.190430
v -1250.386475 697.626099 968.564209
v -1250.386475 18.927689 862.628479
v -1275.817139 697.626099 968.562012
v -1250.385498 697.626099 -939.905945
v -1250.385498 18.927689 -833.973328
v -1275.815674 697.626099 -939.907471
v -1250.386475 697.626099 395.754395
v -1275.816650 697.626099 395.751709
v -1250.385498 697.626099 -367.095581
v -1275.816650 697.626099 -367.097778
v -1250.388428 174.478516 1120.908691
v -1250.386475 174.478516 937.199707
v -1250.385498 174.478516 -908.543762
v -1250.385010 174.478516 -1086.189941
v -1250.388428 562.028198 1120.908936
v -1250.386475 533.687683 775.528320
v -1250.386475 628.368164 339.521973
v -1250.385498 628.368164 -310.864624
v -1250.385498 533.687683 -746.871338
v -1250.385010 562.028198 -1086.190430
v -1250.388428 368.253418 1120.908936
v -1250.386475 368.253418 930.674377
v -1250.385498 368.253418 -902.018005
v -1250.385010 368.253418 -1086.190430
v -1256.732666 174.478516 937.199707
v -1256.732666 18.927689 862.628479
v -1256.731201 174.478516 -908.543762
v -1256.731201 18.927689 -833.973328
v -1256.732666 533.687683 775.528320
v -1256.732666 368.253418 930.674377
v -1256.732666 628.368164 339.521973
v -1256.731201 628.368164 -310.864624
v -1256.731201 533.687683 -746.871338
v -1256.731201 368.253418 -902.018005
v -1256.731201 602.651367 -528.867676
v -1250.385498 602.651367 -528.867676
v -1250.385498 697.626099 -653.500732
v -1275.816650 697.626099 -653.503052
v -1256.732666 602.651367 557.525391
v -1250.386475 602.651367 557.525391
v -1250.386475 697.626099 682.158936
v -1275.816650 697.626099 682.156006
v -1250.388428 465.140808 1120.908936
v -1250.386475 450.970520 885.819641
v -1256.732666 450.970520 885.819641
v -1256.731201 450.970520 -857.162476
v -1250.385498 450.970520 -857.162476
v -1250.385010 465.140808 -1086.190430
v -1250.388428 106.679604 1120.908447
v -1250.386475 106.679604 914.751404
v -1256.732666 106.679604 914.751404
v -1256.731201 106.679604 -886.095825
v -1250.385498 106.679604 -886.095825
v -1250.385010 106.679604 -1086.189941
v -1256.732666 174.652649 947.124939
v -1256.732666 103.211853 922.806946
v -1256.731201 174.652740 -918.468445
v -1256.731201 103.212044 -894.151184
v -1256.732666 539.794922 776.606934
v -1256.732666 455.744507 891.674316
v -1256.732666 607.786926 555.999512
v -1256.732666 632.904968 337.278564
v -1256.731201 632.904968 -308.620972
v -1256.731201 539.794922 -747.950317
v -1256.731201 455.744507 -863.017944
v -1256.731201 607.786926 -527.342163
v -1256.732666 368.707550 940.177551
v -1256.731201 368.707458 -911.520752
v -1256.732666 15.373626 869.435486
v -1256.731201 15.373810 -840.780273
v -1275.924561 174.652847 947.124939
v -1275.924561 103.211769 922.806946
v -1275.923584 174.652740 -918.468445
v -1275.923584 103.212341 -894.151184
v -1275.924561 539.795105 776.606934
v -1275.924561 455.744324 891.674316
v -1275.924561 607.787048 555.999512
v -1275.923584 632.904785 337.278564
v -1275.923584 632.904785 -308.620972
v -1275.923584 539.794922 -747.950317
v -1275.923584 455.744507 -863.017944
v -1275.923584 607.787048 -527.342163
v -1275.924561 368.707275 940.177551
v -1275.923584 368.707550 -911.520752
v -1275.924561 15.373154 869.435486
v -1275.923584 15.374313 -840.780273
v -1276.782959 20.270950 -1129.000977
v 1251.758789 20.270950 -1129.000610
v -1276.782959 698.853638 -1129.000977
v 1251.758789 698.853638 -1129.000610
v 1251.757324 20.270950 -1079.000610
v 1251.757324 698.853638 -1079.000610
v -1276.782959 20.270950 -1079.000977
v -1276.782959 698.853638 -1079.000977
v -1272.857666 20.683556 1112.298340
v -1275.498291 27.208351 1112.298340
v -1272.857666 27.208351 1112.298340
v -1275.498291 27.208351 -1063.112305
v -1272.857666 27.208351 -1063.112305
v -1272.857666 20.683556 -1063.112305
v 549.883057 173.669724 -1046.241455
v -50.145264 173.669724 -1046.241821
v 549.883057 256.561646 -1046.241455
v -50.145264 256.561646 -1046.241821
v -50.145264 173.669724 -1079.324219
v -50.145264 256.561646 -1079.324219
v 549.883057 173.669724 -1079.323120
v 549.883057 256.561646 -1079.323120
v -50.145264 245.064423 -1046.241821
v -50.145264 245.064423 -1079.324219
v -50.145264 185.166901 -1046.241821
v -50.145264 185.166901 -1079.324219
v 539.406982 245.064423 -1046.241455
v 539.406982 185.166901 -1046.241455
v 539.406982 185.166901 -1079.323120
v 539.407471 245.064423 -1079.323120
v -1036.938477 19.665314 1104.854614
v -1070.122070 19.665314 1104.850464
v -1036.938477 141.060120 1103.595337
v -1070.122070 141.060120 1103.590942
v -1070.122070 19.665314 963.460083
v -1070.122070 138.303482 964.605835
v -1036.938477 19.665314 963.463013
v -1036.938477 138.303482 964.609070
v -1070.122070 142.939529 977.649048
v -1036.938477 142.939529 977.649048
v -1070.122070 142.939529 1099.395874
v -1036.938477 142.939529 1099.395874
v -1036.938477 135.477005 964.173218
v -1070.122070 135.477005 964.665100
v -1070.122070 135.477036 1104.850708
v -1036.938477 135.477036 1104.854614
v -1249.026855 20.609329 1119.328491
v -1036.644043 20.609329 1119.328491
v -1249.026855 141.415939 1119.328491
v -1036.644043 141.415939 1119.328491
v -1249.026855 141.415939 1105.226929
v -1036.644043 141.415939 1105.226929
v -1249.026855 20.609329 1105.226929
v -1036.644043 20.609329 1105.226929
v -1036.644043 143.113647 1107.782104
v -1249.026855 143.113647 1107.782104
v -1036.644043 143.113647 1116.860229
v -1249.026855 143.113647 1116.860229
v -1242.323730 71.039085 1105.680786
v -1077.032227 71.039085 1105.680786
v -1242.007812 142.233505 1105.680786
v -1077.347656 142.233505 1105.680786
v -1242.007812 142.233505 1076.861450
v -1077.347656 142.233505 1077.365601
v -1242.323730 71.039085 1077.709106
v -1077.032227 71.039085 1078.213501
v -1080.551270 142.233505 1105.680786
v -1080.551270 142.233505 1075.966919
v -1080.551270 71.039085 1076.814819
v -1238.804688 142.233505 1105.680786
v -1238.804688 142.233505 1075.966919
v -1238.804688 71.039085 1076.814819
v -1075.185059 74.572861 1105.680786
v -1075.185059 74.572861 1076.195679
v -1080.551270 74.572861 1074.797241
v -1238.804688 74.572861 1074.797241
v -1244.170410 74.572861 1075.691528
v -1244.170410 74.572861 1105.680786
v -1075.185059 138.699707 1105.680786
v -1075.185059 138.699707 1076.195679
v -1080.551270 138.699707 1074.797241
v -1238.804688 138.699707 1074.797241
v -1244.170410 138.699707 1075.691528
v -1244.170410 138.699707 1105.680786
v -1070.135254 19.668724 1104.854614
v -1249.829102 19.668724 1104.850464
v -1075.946289 68.299904 1104.854614
v -1244.017578 68.299904 1104.850464
v -1244.386230 19.668724 963.460083
v -1244.017578 66.177094 970.809448
v -1077.602051 19.668724 963.463013
v -1075.946289 66.177094 970.812866
v -1249.829102 19.668724 977.644470
v -1244.017578 68.299904 977.644470
v -1075.946289 68.299904 977.654175
v -1070.135254 19.668724 977.654175
v -1077.602051 63.174950 963.463013
v -1244.386230 63.174950 963.460083
v -1249.829102 63.174950 977.644470
v -1249.829102 63.174950 1104.851440
v -1070.135254 63.174950 1104.854614
v -1070.135254 63.174950 977.654175
v -1083.721191 63.174950 1104.853638
v -1083.721191 72.467102 1104.853638
v -1083.721191 72.467087 977.650757
v -1083.721191 70.481461 965.102844
v -1083.721191 63.174950 963.462097
v -1083.721191 19.668724 963.462097
v -1236.243164 63.174950 1104.852417
v -1236.243164 72.467102 1104.851440
v -1236.243164 72.467087 977.647278
v -1236.243164 70.481461 965.101746
v -1236.243164 63.174950 963.460815
v -1236.243164 19.668724 963.460815
v 866.712830 21.531052 1119.800537
v 367.037842 21.531052 1119.800049
v 866.712830 347.250793 1119.800537
v 367.037842 347.250793 1119.800049
v 367.037842 21.531052 1083.333740
v 367.037842 347.250793 1083.333740
v 866.712830 21.531052 1083.334717
v 866.712830 347.250793 1083.334717
v 367.037842 97.588890 1083.333740
v 367.037842 97.588890 1119.800049
v 866.712830 97.588890 1119.800537
v 866.712830 97.588890 1083.334717
v 367.037842 178.857819 1083.333740
v 367.037842 178.857819 1119.800049
v 866.712830 178.857819 1119.800537
v 866.712830 178.857819 1083.334717
v 367.037842 256.465973 1083.333740
v 367.037842 256.465973 1119.800049
v 866.712830 256.465973 1119.800537
v 866.712830 256.465973 1083.334717
v 859.432129 267.532135 1083.334473
v 859.432129 256.465973 1083.334473
v 859.432129 189.923981 1083.334473
v 859.432129 178.857819 1083.334473
v 859.431335 108.424698 1083.334473
v 859.431335 97.588890 1083.334473
v 374.319092 267.532135 1083.334473
v 374.319092 256.465973 1083.334473
v 374.319092 189.923981 1083.334473
v 374.319092 178.857819 1083.334473
v 374.319092 108.424698 1083.334473
v 374.319092 97.588890 1083.334473
v 859.432129 334.813049 1083.334473
v 374.319092 334.813049 1083.333740
v 859.431335 34.464348 1083.334473
v 374.319092 34.464348 1083.334473
v 374.319092 256.465973 1118.074951
v 374.319092 189.923981 1118.074951
v 859.432129 256.465973 1118.075439
v 859.432129 189.923981 1118.075439
v 374.319092 178.857819 1118.074951
v 374.319092 108.424698 1118.074951
v 859.432129 178.857819 1118.075439
v 859.431335 108.424698 1118.075439
v 374.319092 97.588890 1118.074951
v 374.319092 34.464348 1118.074951
v 859.431335 97.588890 1118.075439
v 859.431335 34.464348 1118.075439
v 859.432129 334.813049 1118.075439
v 374.319092 334.813049 1118.074951
v 859.432129 267.532135 1118.075439
v 374.319092 267.532135 1118.074951
v 439.036133 189.789948 1117.875244
v 432.198944 189.789948 1117.874268
v 439.036133 242.856400 1117.875244
v 432.198944 242.856400 1117.874268
v 432.198944 189.789948 1081.634033
v 432.198944 242.856400 1081.634033
v 439.036133 189.789948 1081.634766
v 439.036133 242.856400 1081.634766
v 435.617462 242.856400 1079.490234
v 435.617462 189.789948 1079.490234
v 437.326660 242.856400 1079.735596
v 437.326660 189.789948 1079.735596
v 433.908478 242.856400 1079.735107
v 433.908478 189.789948 1079.735107
v 405.482910 189.789948 1117.875244
v 398.645264 189.789948 1117.874268
v 405.482910 242.856400 1117.875244
v 398.645264 242.856400 1117.874268
v 398.645264 189.789948 1081.634033
v 398.645264 242.856400 1081.634033
v 405.482910 189.789948 1081.634766
v 405.482910 242.856400 1081.634766
v 402.063934 242.856400 1079.490234
v 402.063934 189.789948 1079.490234
v 403.773438 242.856400 1079.735596
v 403.773438 189.789948 1079.735596
v 400.354950 242.856400 1079.735107
v 400.354950 189.789948 1079.735107
v 394.384033 189.789948 1117.875244
v 387.546387 189.789948 1117.874268
v 394.384033 242.856400 1117.875244
v 387.546387 242.856400 1117.874268
v 387.546387 189.789948 1081.634033
v 387.546387 242.856400 1081.634033
v 394.384033 189.789948 1081.634766
v 394.384033 242.856400 1081.634766
v 390.964844 242.856400 1079.490234
v 390.964844 189.789948 1079.490234
v 392.674316 242.856400 1079.735596
v 392.674316 189.789948 1079.735596
v 389.255859 242.856400 1079.735107
v 389.255859 189.789948 1079.735107
v 415.619843 189.789948 1117.875244
v 408.782471 189.789948 1117.874268
v 415.619843 242.856400 1117.875244
v 408.782471 242.856400 1117.874268
v 408.782471 189.789948 1081.634033
v 408.782471 242.856400 1081.634033
v 415.619843 189.789948 1081.634766
v 415.619843 242.856400 1081.634766
v 412.201172 242.856400 1079.490234
v 412.201172 189.789948 1079.490234
v 413.910614 242.856400 1079.735596
v 413.910614 189.789948 1079.735596
v 410.492188 242.856400 1079.735107
v 410.492188 189.789948 1079.735107
v 427.071289 189.789948 1117.875244
v 420.234100 189.789948 1117.874268
v 427.071289 242.856400 1117.875244
v 420.234100 242.856400 1117.874268
v 420.234100 189.789948 1081.634033
v 420.234100 242.856400 1081.634033
v 427.071289 189.789948 1081.634766
v 427.071289 242.856400 1081.634766
v 423.653076 242.856400 1079.490234
v 423.653076 189.789948 1079.490234
v 425.362305 242.856400 1079.735596
v 425.362305 189.789948 1079.735596
v 421.943604 242.856400 1079.735107
v 421.943604 189.789948 1079.735107
v 179.639160 20.664417 -99.848511
v 144.906738 20.664417 -139.053101
v 95.933594 20.664417 -157.626099
v 43.938965 20.664417 -151.312744
v 0.833496 20.664417 -121.559456
v -23.507324 20.664417 -75.182129
v -23.507324 20.664417 -22.805664
v 0.833496 20.664417 23.571533
v 43.938965 20.664417 53.324951
v 95.933105 20.664417 59.638428
v 144.906738 20.664417 41.065430
v 179.639160 20.664417 1.861084
v 192.173096 20.664417 -48.994019
v 179.639160 24.479988 -99.848511
v 144.906738 24.479988 -139.053101
v 95.933594 24.479988 -157.626099
v 43.938965 24.479988 -151.312744
v 0.833496 24.479988 -121.559456
v -23.507324 24.479988 -75.182129
v -23.507324 24.479988 -22.805664
v 0.833496 24.479988 23.571533
v 43.938965 24.479988 53.324951
v 95.933105 24.479988 59.638428
v 144.906738 24.479988 41.065430
v 179.639160 24.479988 1.861084
v 192.173096 24.479988 -48.994019
v 176.758301 20.722092 -98.311401
v 143.076172 20.722092 -136.331177
v 95.583008 20.722092 -154.342773
v 45.159668 20.722092 -148.220459
v 3.357422 20.722092 -119.366219
v -20.247559 20.722092 -74.390625
v -20.247559 20.722092 -23.597166
v 3.357422 20.722092 21.378416
v 45.159668 20.722092 50.232666
v 95.582520 20.722092 56.355225
v 143.076172 20.722092 38.343506
v 176.758301 20.722092 0.323730
v 188.913818 20.722092 -48.994019
v 176.758301 24.422348 -98.311401
v 143.076172 24.422348 -136.331177
v 95.583008 24.422348 -154.342773
v 45.159668 24.422348 -148.220459
v 3.357422 24.422348 -119.366219
v -20.247559 24.422348 -74.390625
v -20.247559 24.422348 -23.597166
v 3.357422 24.422348 21.378416
v 45.159668 24.422348 50.232666
v 95.582520 24.422348 56.355225
v 143.076172 24.422348 38.343506
v 176.758301 24.422348 0.323730
v 188.913818 24.422348 -48.994019
v 179.639160 83.274170 -99.848389
v 144.906738 83.274170 -139.052979
v 95.934082 83.274170 -157.625977
v 43.938965 83.274170 -151.312622
v 0.833496 83.274170 -121.559319
v -23.506348 83.274170 -75.182129
v -23.506348 83.274170 -22.805664
v 0.833496 83.274170 23.571777
v 43.938965 83.274170 53.325195
v 95.933594 83.274170 59.638428
v 144.906738 83.274170 41.065430
v 179.639160 83.274170 1.861084
v 192.173584 83.274170 -48.994019
v 179.639160 87.089737 -99.848389
v 144.906738 87.089737 -139.052979
v 95.934082 87.089737 -157.625977
v 43.938965 87.089737 -151.312622
v 0.833496 87.089737 -121.559319
v -23.506348 87.089737 -75.182129
v -23.506348 87.089737 -22.805664
v 0.833496 87.089737 23.571777
v 43.938965 87.089737 53.325195
v 95.933594 87.089737 59.638428
v 144.906738 87.089737 41.065430
v 179.639160 87.089737 1.861084
v 192.173584 87.089737 -48.994019
v 82.743652 87.089737 -48.994019
v 173.962891 24.158772 -101.144775
v 176.338623 24.158772 -102.882935
v 173.166748 83.766937 -102.233521
v 175.541748 83.766937 -103.971436
v 171.429199 83.700394 -104.607788
v 173.804199 83.700394 -106.345467
v 172.225586 24.092194 -103.519165
v 174.600830 24.092194 -105.257202
v 1.987305 24.159492 24.742432
v 4.362793 24.159492 23.004395
v 1.190918 83.767670 23.653809
v 3.565918 83.767670 21.915771
v -0.546387 83.701126 21.279541
v 1.828613 83.701126 19.541748
v 0.250000 24.092915 22.368164
v 2.625000 24.092915 20.630127
v 27.205076 24.158772 -136.093140
v 25.458496 24.158772 -138.462646
v 26.119141 83.766937 -135.292969
v 24.372559 83.766937 -137.661743
v 23.750977 83.700394 -133.546753
v 22.004883 83.700394 -135.915527
v 24.836914 24.092194 -134.347290
v 23.090334 24.092194 -136.715820
v 153.705566 24.159492 32.006348
v 151.958984 24.159492 29.636965
v 152.620117 83.767670 32.806396
v 150.873535 83.767670 30.437744
v 150.252441 83.701126 34.552490
v 148.505371 83.701126 32.184082
v 151.337402 24.092915 33.752197
v 149.591309 24.092915 31.383545
v -1271.499023 253.394409 157.967285
v -1267.008789 253.394409 157.967285
v -1271.499023 418.089447 157.967285
v -1267.008789 418.089447 157.967285
v -1271.499023 418.089447 -110.025024
v -1267.008789 418.089447 -110.025024
v -1271.499023 253.394409 -110.025024
v -1267.008789 253.394409 -110.025024
v -1275.645264 116.064384 177.805420
v -1271.155518 116.064384 177.805420
v -1275.645264 469.000641 177.805420
v -1271.155518 469.000641 177.805420
v -1275.645264 469.000641 -126.842651
v -1271.155518 469.000641 -126.842651
v -1275.645264 116.064384 -126.842651
v -1271.155518 116.064384 -126.842651
v -703.693359 162.102859 69.948730
v -705.564941 162.163773 54.718506
v -703.669434 163.039764 69.949463
v -705.540771 163.100708 54.719238
v -718.939941 163.429703 71.827393
v -720.811035 163.490631 56.597294
v -718.964111 162.492752 71.826660
v -720.835449 162.553741 56.596558
v -654.944580 179.931534 64.400635
v -674.473633 180.373413 -49.075928
v -648.556152 252.287537 63.582767
v -668.084717 252.729385 -49.893555
v -651.243164 252.530029 64.046265
v -670.772217 252.971893 -49.430176
v -657.631592 180.173996 64.863892
v -677.160645 180.615891 -48.612305
v -655.432617 252.030853 -12.856445
v -661.821045 179.674866 -12.038574
v -659.134033 179.432297 -12.501954
v -652.745361 251.788361 -13.319580
v -648.922852 251.883560 24.968994
v -655.311523 179.527557 25.786743
v -652.624023 179.285065 25.323486
v -646.235352 251.641006 24.505737
v -671.421387 214.936752 -49.466309
v -651.206543 213.557434 -13.583741
v -644.697266 213.410110 24.241821
v -651.892822 214.494873 64.010010
v -654.580322 214.737396 64.473511
v -652.259521 214.090866 25.396240
v -658.769531 214.238174 -12.429199
v -674.108887 215.179306 -49.003174
v -664.889160 179.820953 -31.149658
v -659.399902 214.165192 -31.885742
v -658.500732 252.176956 -31.967285
v -661.188232 252.419495 -31.503906
v -664.524902 214.626831 -31.076904
v -667.576660 180.063446 -30.686035
v -651.859619 179.526093 44.561768
v -646.370361 213.870316 43.825439
v -645.471680 251.882080 43.743896
v -648.158691 252.124603 44.207520
v -651.495361 214.331985 44.634521
v -654.547119 179.768631 45.025024
v -655.089844 180.338684 6.278809
v -647.163330 214.463730 5.196899
v -648.701416 252.694733 5.461060
v -651.388916 252.937195 5.924561
v -654.725586 215.144516 6.351562
v -657.777344 180.581238 6.742432
v -701.175781 162.025803 90.922363
v -703.355713 162.096786 73.182617
v -701.151611 162.962723 90.923096
v -703.331787 163.033707 73.183350
v -716.422607 163.352661 92.800903
v -718.602051 163.423645 75.061401
v -716.446777 162.415741 92.800049
v -718.625977 162.486710 75.060547
v -644.936035 160.036530 28.819456
v -646.299316 160.036530 -16.159910
v -644.936035 161.765564 28.819456
v -646.299316 161.765564 -16.159910
v -668.400146 161.765564 29.530638
v -669.763672 161.765564 -15.448731
v -668.400146 160.036530 29.530638
v -669.763672 160.036530 -15.448731
v -697.196289 160.331085 93.466675
v -710.004883 160.748138 -10.770752
v -697.151855 162.059509 93.468262
v -709.960449 162.476578 -10.769531
v -729.355957 162.881912 97.428711
v -742.164307 163.298981 -6.808959
v -729.400391 161.153427 97.427368
v -742.208984 161.570511 -6.810424
v -717.959229 162.334305 92.820923
v -720.138916 162.405289 75.081055
v -717.934814 163.271225 92.821655
v -720.114990 163.342194 75.081909
v -725.726074 163.470169 93.779663
v -727.905762 163.541138 76.040039
v -725.750000 162.533249 93.778931
v -727.929688 162.604248 76.039307
v -656.060791 161.667999 10.883667
v -656.126465 161.667999 2.915771
v -653.471436 180.830078 10.862549
v -653.537109 180.830078 2.894165
v -654.576416 180.830078 10.871826
v -654.642090 180.830078 2.903320
v -658.697266 161.667999 10.905762
v -658.763184 161.667999 2.937500
v -652.791504 180.830078 6.872314
v -654.235107 180.830078 6.875732
v -658.017822 161.667999 6.915650
v -655.381104 161.667999 6.893921
v -653.537109 176.540527 2.894165
v -652.791504 176.540527 6.872314
v -653.471436 176.540527 10.862549
v -654.576416 176.540527 10.871826
v -653.896729 176.540527 6.881470
v -654.642090 176.540527 2.903320
v -567.921875 148.318832 -151.847412
v -743.101807 148.318832 -151.847412
v -567.921875 157.744415 -151.847412
v -743.101807 157.744415 -151.847412
v -567.921875 157.744415 213.439316
v -743.101807 157.744415 213.439316
v -567.921875 148.318832 213.439316
v -743.101807 148.318832 213.439316
v -705.900146 162.193634 51.435547
v -712.833496 161.830154 -6.929077
v -705.876221 163.130630 51.436401
v -712.809814 162.767090 -6.928345
v -709.318604 163.218475 51.859863
v -716.252197 162.855026 -6.504883
v -709.342529 162.281555 51.858883
v -716.275879 161.918030 -6.505859
v -555.221924 21.915081 -133.865967
v -755.801514 21.915081 -133.865967
v -555.221924 146.725586 -179.972900
v -755.801514 146.725586 -179.972900
v -555.221924 146.725586 241.564468
v -755.801514 146.725586 241.564468
v -555.221924 21.915081 195.458008
v -755.801514 21.915081 195.458008
v -555.221924 138.801010 -182.202881
v -555.221924 138.801010 243.794434
v -755.801514 138.801010 243.794434
v -755.801514 138.801010 -182.202881
v -755.801514 138.801010 239.363998
v -555.221924 146.725586 101.052246
v -555.221924 138.801010 101.795288
v -555.221924 21.915081 136.805908
v -555.221924 146.725586 -39.460693
v -555.221924 138.801010 -40.203857
v -555.221924 21.915081 -75.214355
v -555.221924 138.801010 68.821655
v -555.221924 21.915081 87.572754
v -755.801514 138.801010 -177.807617
v -555.221924 138.801010 -7.230102
v -555.221924 21.915081 -25.981199
v -555.221924 94.271149 -14.373535
v -555.221924 94.271149 75.965454
v -555.221924 86.600121 -15.604249
v -555.221924 86.600121 77.195923
v -563.412842 94.271149 -14.373535
v -563.412842 21.915081 -75.214355
v -563.412842 138.801010 -40.203857
v -563.412842 138.801010 -7.230102
v -563.412842 21.915081 136.805908
v -563.412842 94.271149 75.965454
v -563.412842 138.801010 68.821655
v -563.412842 138.801010 101.795288
v -563.412842 86.600121 -15.604249
v -563.412842 86.600121 77.195923
v -563.412842 21.915081 -25.981199
v -563.412842 21.915081 87.572754
v -755.801514 21.915081 -129.451904
v -755.801514 21.915081 191.029053
v -631.393555 138.801010 239.363998
v -631.393555 21.915081 191.029053
v -631.393555 21.915081 -129.451904
v -631.393555 138.801010 -177.807617
v -555.221924 157.798584 -179.972900
v -755.801514 157.798584 -179.972900
v -555.221924 160.186035 -179.972900
v -755.801514 160.186035 -179.972900
v -555.221924 160.186035 241.564697
v -755.801514 160.186035 241.564697
v -555.221924 157.798584 241.564697
v -755.801514 157.798584 241.564697
v -676.019287 159.981949 120.168457
v -670.893799 159.291565 110.657837
v -675.969727 161.633118 120.075188
v -670.844238 160.942734 110.564575
v -690.494873 162.244354 111.813843
v -685.369629 161.553986 102.303101
v -690.563232 160.064896 111.934937
v -685.437744 159.374527 102.424561
v -674.602051 159.181519 106.095222
v -674.539551 161.198135 105.982544
v -681.804199 162.176651 119.463135
v -681.867188 160.160080 119.575813
v -671.461914 159.622604 116.489014
v -671.399414 161.639175 116.376221
v -677.867432 165.410217 112.533569
v -689.913574 162.278870 105.963135
v -689.995117 159.733887 106.104004
v -713.205811 162.643723 52.977539
v -720.695068 162.902573 -6.352295
v -713.181641 163.580612 52.978516
v -720.671143 163.839493 -6.351562
v -731.149414 164.039490 55.188107
v -738.638428 164.298340 -4.141724
v -731.173340 163.102554 55.187138
v -738.662354 163.361450 -4.142578
v -538.455322 214.219910 -1078.587769
v -410.266357 214.219910 -1078.587769
v -538.455322 390.095581 -1078.587769
v -410.266357 390.095581 -1078.587769
v -410.266357 214.219910 -1074.678589
v -410.266357 390.095581 -1074.678589
v -538.455322 214.219910 -1074.678589
v -538.455322 390.095581 -1074.678589
v -675.955811 284.315369 -1077.741089
v -629.037109 284.315369 -1077.741089
v -675.955811 338.542114 -1077.741089
v -629.037109 338.542114 -1077.741089
v -675.955811 338.542114 -1078.810669
v -629.037109 338.542114 -1078.810669
v -675.955811 284.315369 -1078.810669
v -629.037109 284.315369 -1078.810669
v -631.620605 336.267365 -1077.741089
v -673.372314 336.267365 -1077.741089
v -673.372314 336.267365 -1078.810669
v -631.620605 336.267365 -1078.810669
v -631.620605 286.590210 -1077.741089
v -673.372314 286.590210 -1077.741089
v -673.372314 286.590210 -1078.810669
v -631.620605 286.590210 -1078.810669
v -99.527100 275.515503 -1077.519775
v -52.607910 275.515503 -1077.519775
v -99.527100 347.342072 -1077.519775
v -52.607910 347.342072 -1077.519775
v -99.527100 347.342072 -1078.589478
v -52.607910 347.342072 -1078.589478
v -99.527100 275.515503 -1078.589478
v -52.607910 275.515503 -1078.589478
v -55.192139 344.328979 -1077.519775
v -96.943604 344.328979 -1077.519775
v -96.943604 344.328979 -1078.589478
v -55.192139 344.328979 -1078.589478
v -55.192139 278.528595 -1077.519775
v -96.943604 278.528595 -1077.519775
v -96.943604 278.528595 -1078.589478
v -55.192139 278.528595 -1078.589478
v -668.845459 291.257233 -1077.822998
v -636.343018 291.257233 -1077.822998
v -668.845459 331.820557 -1077.822998
v -636.343018 331.820557 -1077.822998
v -674.011963 286.837158 -1078.555664
v -631.177002 286.837158 -1078.555664
v -674.011963 336.240601 -1078.555664
v -631.177002 336.240601 -1078.555664
v -394.197021 214.219910 -1078.587769
v -266.008057 214.219910 -1078.587769
v -394.197021 390.095581 -1078.587769
v -266.008057 390.095581 -1078.587769
v -266.008057 214.219910 -1074.678589
v -266.008057 390.095581 -1074.678589
v -394.197021 214.219910 -1074.678589
v -394.197021 390.095581 -1074.678589
v -92.416748 284.710327 -1077.843384
v -59.914310 284.710327 -1077.843384
v -92.416748 338.438904 -1077.843384
v -59.914310 338.438904 -1077.843384
v -97.583252 278.855682 -1077.937866
v -54.748047 278.855682 -1077.937866
v -97.583252 344.293549 -1077.937866
v -54.748047 344.293549 -1077.937866
v -247.262451 214.219910 -1078.587769
v -119.073723 214.219910 -1078.587769
v -247.262451 390.095581 -1078.587769
v -119.073723 390.095581 -1078.587769
v -119.073723 214.219910 -1074.678589
v -119.073723 390.095581 -1074.678589
v -247.262451 214.219910 -1074.678589
v -247.262451 390.095581 -1074.678589
v -674.011963 286.837158 -1086.287231
v -631.177002 286.837158 -1086.287231
v -674.011963 336.240601 -1086.287231
v -631.177002 336.240601 -1086.287231
v 1194.181274 341.669220 -1079.362671
v 1194.181274 377.455444 -1079.362671
v 1243.393921 341.669220 -1029.361328
v 1243.393921 377.455444 -1029.361328
v 1194.181274 341.669220 -1029.361816
v 1194.181274 377.455444 -1029.361816
v 1243.393921 377.455444 -1030.838135
v 1195.430908 377.455444 -1030.830566
v 1195.524780 377.455444 -1079.362671
v 1243.393921 381.565979 -1030.838135
v 1195.430908 381.565979 -1030.830566
v 1195.524780 381.565979 -1079.362671
v 1194.181274 341.669220 1116.141113
v 1194.181274 377.455444 1116.141113
v 1243.393921 341.669220 1066.139771
v 1243.393921 377.455444 1066.139771
v 1194.181274 341.669220 1066.140381
v 1194.181274 377.455444 1066.140381
v 1243.393921 377.455444 1067.616577
v 1195.430908 377.455444 1067.608887
v 1195.524780 377.455444 1116.141113
v 1243.393921 381.565979 1067.616577
v 1195.430908 381.565979 1067.608887
v 1195.524780 381.565979 1116.141113
v -1221.031128 341.669220 -1079.362671
v -1221.031128 377.455444 -1079.362671
v -1270.243774 341.669220 -1029.361328
v -1270.243774 377.455444 -1029.361328
v -1221.031128 341.669220 -1029.361816
v -1221.031128 377.455444 -1029.361816
v -1270.243774 377.455444 -1030.838135
v -1222.280762 377.455444 -1030.830566
v -1222.374634 377.455444 -1079.362671
v -1270.243774 381.565979 -1030.838135
v -1222.280762 381.565979 -1030.830566
v -1222.374634 381.565979 -1079.362671
v -1221.031128 341.669220 1116.141113
v -1221.031128 377.455444 1116.141113
v -1270.243774 341.669220 1066.139771
v -1270.243774 377.455444 1066.139771
v -1221.031128 341.669220 1066.140381
v -1221.031128 377.455444 1066.140381
v -1270.243774 377.455444 1067.616577
v -1222.280762 377.455444 1067.608887
v -1222.374634 377.455444 1116.141113
v -1270.243774 381.565979 1067.616577
v -1222.280762 381.565979 1067.608887
v -1222.374634 381.565979 1116.141113
v 1037.380615 20.162895 -1064.106812
v 1070.564209 20.162895 -1064.102661
v 1037.380615 141.557709 -1062.847534
v 1070.564209 141.557709 -1062.843140
v 1070.564209 20.162895 -922.712341
v 1070.564209 138.801071 -923.858093
v 1037.380615 20.162895 -922.715210
v 1037.380615 138.801071 -923.861206
v 1070.564209 143.437119 -936.901306
v 1037.380615 143.437119 -936.901306
v 1070.564209 143.437119 -1058.648071
v 1037.380615 143.437119 -1058.648071
v 1037.380615 135.974594 -923.425415
v 1070.564209 135.974594 -923.917419
v 1070.564209 135.974609 -1064.102905
v 1037.380615 135.974609 -1064.106812
v 1249.468994 21.106911 -1078.580688
v 1037.086182 21.106911 -1078.580688
v 1249.468994 141.913528 -1078.580688
v 1037.086182 141.913528 -1078.580688
v 1249.468994 141.913528 -1064.479126
v 1037.086182 141.913528 -1064.479126
v 1249.468994 21.106911 -1064.479126
v 1037.086182 21.106911 -1064.479126
v 1037.086182 143.611237 -1067.034302
v 1249.468994 143.611237 -1067.034302
v 1037.086182 143.611237 -1076.112427
v 1249.468994 143.611237 -1076.112427
v 1242.765869 71.536667 -1064.932983
v 1077.474365 71.536667 -1064.932983
v 1242.449951 142.731079 -1064.932983
v 1077.789795 142.731079 -1064.932983
v 1242.449951 142.731079 -1036.113647
v 1077.789795 142.731079 -1036.617798
v 1242.765869 71.536667 -1036.961304
v 1077.474365 71.536667 -1037.465698
v 1080.993408 142.731079 -1064.932983
v 1080.993408 142.731079 -1035.219116
v 1080.993408 71.536667 -1036.067017
v 1239.246826 142.731079 -1064.932983
v 1239.246826 142.731079 -1035.219116
v 1239.246826 71.536667 -1036.067017
v 1075.627197 75.070435 -1064.932983
v 1075.627197 75.070435 -1035.447876
v 1080.993408 75.070435 -1034.049438
v 1239.246826 75.070435 -1034.049438
v 1244.612549 75.070435 -1034.943726
v 1244.612549 75.070435 -1064.932983
v 1075.627197 139.197296 -1064.932983
v 1075.627197 139.197296 -1035.447876
v 1080.993408 139.197296 -1034.049438
v 1239.246826 139.197296 -1034.049438
v 1244.612549 139.197296 -1034.943726
v 1244.612549 139.197296 -1064.932983
v 1070.577393 20.166306 -1064.106812
v 1250.271240 20.166306 -1064.102661
v 1076.388428 68.797485 -1064.106812
v 1244.459717 68.797485 -1064.102661
v 1244.828369 20.166306 -922.712341
v 1244.459717 66.674675 -930.061646
v 1078.044189 20.166306 -922.715210
v 1076.388428 66.674675 -930.065063
v 1250.271240 20.166306 -936.896606
v 1244.459717 68.797485 -936.896606
v 1076.388428 68.797485 -936.906311
v 1070.577393 20.166306 -936.906311
v 1078.044189 63.672539 -922.715210
v 1244.828369 63.672539 -922.712341
v 1250.271240 63.672539 -936.896606
v 1250.271240 63.672539 -1064.103638
v 1070.577393 63.672539 -1064.106812
v 1070.577393 63.672539 -936.906311
v 1084.163330 63.672539 -1064.105835
v 1084.163330 72.964691 -1064.105835
v 1084.163330 72.964676 -936.903015
v 1084.163330 70.979050 -924.355103
v 1084.163330 63.672539 -922.714233
v 1084.163330 20.166306 -922.714233
v 1236.685303 63.672539 -1064.104614
v 1236.685303 72.964691 -1064.103638
v 1236.685303 72.964676 -936.899597
v 1236.685303 70.979050 -924.353882
v 1236.685303 63.672539 -922.713013
v 1236.685303 20.166306 -922.713013
v -292.837891 21.531052 1119.800537
v -792.512939 21.531052 1119.800049
v -292.837891 347.250793 1119.800537
v -792.512939 347.250793 1119.800049
v -792.512939 21.531052 1083.333740
v -792.512939 347.250793 1083.333740
v -292.837891 21.531052 1083.334717
v -292.837891 347.250793 1083.334717
v -792.512939 97.588890 1083.333740
v -792.512939 97.588890 1119.800049
v -292.837891 97.588890 1119.800537
v -292.837891 97.588890 1083.334717
v -792.512939 178.857819 1083.333740
v -792.512939 178.857819 1119.800049
v -292.837891 178.857819 1119.800537
v -292.837891 178.857819 1083.334717
v -792.512939 256.465973 1083.333740
v -792.512939 256.465973 1119.800049
v -292.837891 256.465973 1119.800537
v -292.837891 256.465973 1083.334717
v -300.118652 267.532135 1083.334473
v -300.118652 256.465973 1083.334473
v -300.118652 189.923981 1083.334473
v -300.118652 178.857819 1083.334473
v -300.119385 108.424698 1083.334473
v -300.119385 97.588890 1083.334473
v -785.231689 267.532135 1083.334473
v -785.231689 256.465973 1083.334473
v -785.231689 189.923981 1083.334473
v -785.231689 178.857819 1083.334473
v -785.231689 108.424698 1083.334473
v -785.231689 97.588890 1083.334473
v -300.118652 334.813049 1083.334473
v -785.231689 334.813049 1083.333740
v -300.119385 34.464348 1083.334473
v -785.231689 34.464348 1083.334473
v -785.231689 256.465973 1118.074951
v -785.231689 189.923981 1118.074951
v -300.118652 256.465973 1118.075439
v -300.118652 189.923981 1118.075439
v -785.231689 178.857819 1118.074951
v -785.231689 108.424698 1118.074951
v -300.118652 178.857819 1118.075439
v -300.119385 108.424698 1118.075439
v -785.231689 97.588890 1118.074951
v -785.231689 34.464348 1118.074951
v -300.119385 97.588890 1118.075439
v -300.119385 34.464348 1118.075439
v -300.118652 334.813049 1118.075439
v -785.231689 334.813049 1118.074951
v -300.118652 267.532135 1118.075439
v -785.231689 267.532135 1118.074951
v -720.514648 189.789948 1117.875244
v -727.351807 189.789948 1117.874268
v -720.514648 242.856400 1117.875244
v -727.351807 242.856400 1117.874268
v -727.351807 189.789948 1081.634033
v -727.351807 242.856400 1081.634033
v -720.514648 189.789948 1081.634766
v -720.514648 242.856400 1081.634766
v -723.933350 242.856400 1079.490234
v -723.933350 189.789948 1079.490234
v -722.224121 242.856400 1079.735596
v -722.224121 189.789948 1079.735596
v -725.642334 242.856400 1079.735107
v -725.642334 189.789948 1079.735107
v -754.067871 189.789948 1117.875244
v -760.905518 189.789948 1117.874268
v -754.067871 242.856400 1117.875244
v -760.905518 242.856400 1117.874268
v -760.905518 189.789948 1081.634033
v -760.905518 242.856400 1081.634033
v -754.067871 189.789948 1081.634766
v -754.067871 242.856400 1081.634766
v -757.486816 242.856400 1079.490234
v -757.486816 189.789948 1079.490234
v -755.777344 242.856400 1079.735596
v -755.777344 189.789948 1079.735596
v -759.195801 242.856400 1079.735107
v -759.195801 189.789948 1079.735107
v -765.166748 189.789948 1117.875244
v -772.004395 189.789948 1117.874268
v -765.166748 242.856400 1117.875244
v -772.004395 242.856400 1117.874268
v -772.004395 189.789948 1081.634033
v -772.004395 242.856400 1081.634033
v -765.166748 189.789948 1081.634766
v -765.166748 242.856400 1081.634766
v -768.585938 242.856400 1079.490234
v -768.585938 189.789948 1079.490234
v -766.876465 242.856400 1079.735596
v -766.876465 189.789948 1079.735596
v -770.294922 242.856400 1079.735107
v -770.294922 189.789948 1079.735107
v -743.930908 189.789948 1117.875244
v -750.768311 189.789948 1117.874268
v -743.930908 242.856400 1117.875244
v -750.768311 242.856400 1117.874268
v -750.768311 189.789948 1081.634033
v -750.768311 242.856400 1081.634033
v -743.930908 189.789948 1081.634766
v -743.930908 242.856400 1081.634766
v -747.349609 242.856400 1079.490234
v -747.349609 189.789948 1079.490234
v -745.640137 242.856400 1079.735596
v -745.640137 189.789948 1079.735596
v -749.058594 242.856400 1079.735107
v -749.058594 189.789948 1079.735107
v -732.479492 189.789948 1117.875244
v -739.316650 189.789948 1117.874268
v -732.479492 242.856400 1117.875244
v -739.316650 242.856400 1117.874268
v -739.316650 189.789948 1081.634033
v -739.316650 242.856400 1081.634033
v -732.479492 189.789948 1081.634766
v -732.479492 242.856400 1081.634766
v -735.897705 242.856400 1079.490234
v -735.897705 189.789948 1079.490234
v -734.188477 242.856400 1079.735596
v -734.188477 189.789948 1079.735596
v -737.607178 242.856400 1079.735107
v -737.607178 189.789948 1079.735107
v -1286.083740 698.853699 -1079.000610
v -1286.083740 698.853699 1120.404785
v 1251.757446 698.853699 -1079.000610
v 1251.757446 698.853699 1120.404785
v -1048.268188 674.336792 -938.799683
v -1048.268188 674.336792 980.205139
v 1166.026611 674.336792 -938.799683
v 1166.026611 674.336792 980.205139
v -1048.268188 697.016907 980.205139
v -1048.268188 697.016907 -938.799683
v 1166.026611 697.016907 980.205139
v 1166.026611 697.016907 -938.799683
v 1100.745972 674.336792 912.657898
v -982.872375 674.336792 912.657898
v 1100.745972 674.336792 -871.252075
v -982.872375 674.336975 -871.252075
v -967.296692 674.336975 -856.184082
v 1085.170288 674.336975 -856.184082
v -967.296692 674.336792 897.589478
v 1085.170288 674.336792 897.589478
v 1085.170288 682.401062 897.589478
v 1100.745972 682.401062 912.657898
v -982.872375 682.401062 912.657898
v -967.296692 682.401062 897.589478
v -982.872375 682.401062 -871.252075
v -967.296692 682.401062 -856.184082
v 1100.745972 682.401062 -871.252075
v 1085.170288 682.401062 -856.184082
vt 0.865332 0.204544
vt 0.865796 0.204544
vt 0.909865 0.217072
vt 0.910330 0.217072
vt 0.866261 0.204544
vt 0.909537 0.216744
vt 0.866726 0.204544
vt 0.909537 0.216279
vt 0.867191 0.204544
vt 0.909865 0.215950
vt 0.867656 0.204544
vt 0.910330 0.215950
vt 0.868120 0.204544
vt 0.910659 0.216279
vt 0.868586 0.204544
vt 0.910659 0.216743
vt 0.910098 0.216511
vt 0.865331 0.242783
vt 0.864865 0.242783
vt 0.868585 0.242783
vt 0.868119 0.242783
vt 0.864866 0.204544
vt 0.867654 0.242783
vt 0.867190 0.242783
vt 0.866725 0.242783
vt 0.866260 0.242783
vt 0.865795 0.242783
vt 0.480067 0.780731
vt 0.480072 0.827789
vt 0.387787 0.827789
vt 0.387781 0.780762
vt 0.480072 0.730957
vt 0.480072 0.732330
vt 0.387787 0.732330
vt 0.387787 0.730957
vt 0.480067 0.779358
vt 0.387781 0.779388
vt 0.887218 0.208245
vt 0.887018 0.208441
vt 0.882940 0.208441
vt 0.882734 0.208246
vt 0.887018 0.213865
vt 0.887218 0.214056
vt 0.882734 0.214056
vt 0.882940 0.213865
vt 0.901581 0.110003
vt 0.901550 0.208694
vt 0.898071 0.208693
vt 0.898071 0.110004
vt 0.907959 0.208691
vt 0.907990 0.110004
vt 0.911469 0.110008
vt 0.911469 0.208687
vt 0.891663 0.208687
vt 0.891663 0.110008
vt 0.896139 0.212323
vt 0.896139 0.217125
vt 0.892021 0.217126
vt 0.892021 0.212324
vt 0.896139 0.217477
vt 0.892021 0.217478
vt 0.896139 0.211971
vt 0.892021 0.211972
vt 0.896490 0.212324
vt 0.896492 0.217125
vt 0.891668 0.217125
vt 0.891668 0.212324
vt 0.901022 0.218762
vt 0.900602 0.218762
vt 0.900602 0.214681
vt 0.901022 0.214681
vt 0.901022 0.214261
vt 0.904539 0.214261
vt 0.904539 0.214681
vt 0.904959 0.214681
vt 0.904959 0.218762
vt 0.904539 0.218762
vt 0.262299 0.712646
vt 0.374695 0.712646
vt 0.374695 0.807959
vt 0.262299 0.807959
vt 0.383789 0.910339
vt 0.374695 0.910339
vt 0.374695 0.814976
vt 0.383789 0.814976
vt 0.262299 0.910339
vt 0.262299 0.814976
vt 0.257324 0.910339
vt 0.257324 0.814976
vt 0.262299 0.705566
vt 0.374695 0.705566
vt 0.874222 0.233379
vt 0.873802 0.233379
vt 0.873802 0.203638
vt 0.874222 0.203637
vt 0.874222 0.203218
vt 0.878334 0.203218
vt 0.878334 0.203637
vt 0.878754 0.203638
vt 0.878754 0.233379
vt 0.878334 0.233379
vt 0.428833 0.362183
vt 0.428833 0.003052
vt 0.744873 0.003052
vt 0.744873 0.362183
vt 0.872368 0.200134
vt 0.870228 0.200134
vt 0.870243 0.107849
vt 0.872383 0.107849
vt 0.885777 0.200134
vt 0.880142 0.200134
vt 0.880157 0.107849
vt 0.885792 0.107849
vt 0.878002 0.200134
vt 0.878018 0.107849
vt 0.845154 0.835419
vt 0.746765 0.835388
vt 0.746810 0.740051
vt 0.845156 0.740082
vt 0.739807 0.637695
vt 0.746826 0.637695
vt 0.746811 0.733032
vt 0.739784 0.733032
vt 0.845154 0.637726
vt 0.845158 0.733063
vt 0.852173 0.637726
vt 0.852180 0.733063
vt 0.845154 0.842438
vt 0.746765 0.842407
vt 0.758911 0.633423
vt 0.758911 0.632202
vt 0.854248 0.632202
vt 0.854248 0.633423
vt 0.855469 0.632202
vt 0.854248 0.322815
vt 0.855469 0.322815
vt 0.854248 0.321594
vt 0.758911 0.322815
vt 0.758911 0.321594
vt 0.757690 0.322815
vt 0.757690 0.632202
vt 0.906525 0.104736
vt 0.893673 0.104736
vt 0.893677 0.003113
vt 0.906525 0.003113
vt 0.892319 0.104736
vt 0.892323 0.003113
vt 0.877712 0.104736
vt 0.864868 0.104736
vt 0.864868 0.003113
vt 0.877716 0.003113
vt 0.879066 0.104736
vt 0.879070 0.003113
vt 0.890961 0.104736
vt 0.880428 0.104736
vt 0.880432 0.003113
vt 0.890965 0.003113
vt 0.016052 0.365601
vt 0.015991 0.010376
vt 0.111329 0.010376
vt 0.111389 0.365601
vt 0.213684 0.003296
vt 0.213684 0.010376
vt 0.118355 0.010376
vt 0.118351 0.003418
vt 0.213745 0.365601
vt 0.118412 0.365601
vt 0.213745 0.372681
vt 0.118416 0.372681
vt 0.009033 0.365601
vt 0.008972 0.010376
vt 0.752411 0.318726
vt 0.752350 0.297852
vt 0.775986 0.270813
vt 0.771439 0.318726
vt 0.748779 0.318726
vt 0.748718 0.297852
vt 0.753143 0.027893
vt 0.752258 0.006714
vt 0.771072 0.005981
vt 0.777100 0.053894
vt 0.749603 0.028015
vt 0.748749 0.006836
vt 0.752930 0.257202
vt 0.753632 0.216553
vt 0.763596 0.208679
vt 0.766708 0.239746
vt 0.749329 0.257141
vt 0.750031 0.216492
vt 0.754486 0.067749
vt 0.768204 0.085083
vt 0.750946 0.067810
vt 0.754944 0.108063
vt 0.764725 0.116150
vt 0.751343 0.108032
vt 0.826050 0.028625
vt 0.824570 0.003296
vt 0.833893 0.002686
vt 0.835632 0.031128
vt 0.825775 0.319458
vt 0.826279 0.294556
vt 0.835876 0.291687
vt 0.835236 0.319702
vt 0.784492 0.005371
vt 0.787987 0.037964
vt 0.787498 0.286560
vt 0.785080 0.318848
vt 0.799224 0.031128
vt 0.797845 0.004761
vt 0.798661 0.318970
vt 0.799085 0.293091
vt 0.835297 0.031921
vt 0.826050 0.029541
vt 0.826248 0.293701
vt 0.835510 0.290894
vt 0.788605 0.038574
vt 0.777908 0.054260
vt 0.769073 0.085205
vt 0.765625 0.116180
vt 0.764496 0.208649
vt 0.776794 0.270447
vt 0.788101 0.285950
vt 0.767593 0.239563
vt 0.799427 0.031982
vt 0.799259 0.292236
vt 0.845978 0.001953
vt 0.848175 0.037537
vt 0.847778 0.038330
vt 0.848297 0.284729
vt 0.847870 0.283997
vt 0.847473 0.319946
vt 0.001820 0.026978
vt 0.001930 0.016724
vt 0.004432 0.016724
vt 0.004542 0.026978
vt 0.001951 0.380615
vt 0.001844 0.370605
vt 0.004535 0.370605
vt 0.004428 0.380615
vt 0.001821 0.088867
vt 0.001821 0.068665
vt 0.004543 0.068665
vt 0.004544 0.088867
vt 0.001822 0.121643
vt 0.004544 0.121643
vt 0.001824 0.244507
vt 0.001822 0.152863
vt 0.004546 0.152863
vt 0.004548 0.244507
vt 0.001826 0.328674
vt 0.001826 0.308472
vt 0.004549 0.308472
vt 0.004551 0.328674
vt 0.001826 0.275757
vt 0.004548 0.275757
vt 0.001820 0.054443
vt 0.004543 0.054565
vt 0.001820 0.342896
vt 0.004558 0.342896
vt 0.001969 0.003784
vt 0.004392 0.003784
vt 0.001979 0.393555
vt 0.004401 0.393555
vt 0.417480 0.010437
vt 0.417480 0.365662
vt 0.322144 0.365663
vt 0.322144 0.010417
vt 0.219849 0.372681
vt 0.219849 0.365662
vt 0.315186 0.365662
vt 0.315186 0.372688
vt 0.219849 0.010437
vt 0.315186 0.010418
vt 0.219849 0.003418
vt 0.315186 0.003391
vt 0.424561 0.010437
vt 0.424561 0.365662
vt 0.860840 0.310434
vt 0.860474 0.310434
vt 0.860474 0.004865
vt 0.860840 0.004865
vt 0.859497 0.310434
vt 0.859497 0.004865
vt 0.014765 0.007202
vt 0.001826 0.007202
vt 0.001826 0.002808
vt 0.014765 0.002808
vt 0.001824 0.496282
vt 0.001824 0.491785
vt 0.014761 0.491785
vt 0.014761 0.496283
vt 0.306946 0.009748
vt 0.283508 0.009748
vt 0.279022 0.005650
vt 0.311432 0.005650
vt 0.001824 0.730957
vt 0.014761 0.730957
vt 0.014761 0.763367
vt 0.001824 0.763367
vt 0.306946 0.240305
vt 0.311432 0.240307
vt 0.283508 0.240307
vt 0.279022 0.240307
vt 0.014761 0.998047
vt 0.001824 0.998047
vt 0.001824 0.237793
vt 0.014761 0.237793
vt 0.014761 0.261230
vt 0.001824 0.261230
vt 0.053486 0.071037
vt 0.053486 0.073273
vt 0.040508 0.073273
vt 0.040508 0.071037
vt 0.053493 0.021629
vt 0.055305 0.016525
vt 0.056412 0.016556
vt 0.053495 0.015114
vt 0.053493 0.016212
vt 0.040517 0.016212
vt 0.040517 0.015099
vt 0.038704 0.016525
vt 0.040516 0.021626
vt 0.037598 0.016357
vt 0.053486 0.069237
vt 0.056404 0.071373
vt 0.040509 0.069237
vt 0.037590 0.071373
vt 0.810146 0.071117
vt 0.810146 0.058136
vt 0.855438 0.058136
vt 0.855437 0.071117
vt 0.810150 0.003082
vt 0.855438 0.003082
vt 0.810150 0.139248
vt 0.810150 0.126270
vt 0.855438 0.126270
vt 0.855438 0.139248
vt 0.054220 0.070877
vt 0.039774 0.070877
vt 0.505104 0.222633
vt 0.505089 0.305695
vt 0.457848 0.305687
vt 0.457859 0.222626
vt 0.459026 0.217529
vt 0.457846 0.217529
vt 0.458288 0.133915
vt 0.459369 0.134186
vt 0.458265 0.087208
vt 0.463811 0.217560
vt 0.462603 0.217560
vt 0.462882 0.134193
vt 0.463994 0.133926
vt 0.463786 0.087189
vt 0.457893 0.003571
vt 0.463447 0.003540
vt 0.447861 0.226368
vt 0.447868 0.309425
vt 0.400627 0.309429
vt 0.400620 0.226372
vt 0.515072 0.275902
vt 0.515072 0.274033
vt 0.526472 0.274033
vt 0.526472 0.275902
vt 0.528055 0.274033
vt 0.528055 0.275902
vt 0.526472 0.198441
vt 0.528055 0.198441
vt 0.528055 0.209877
vt 0.526472 0.209877
vt 0.528055 0.287270
vt 0.526472 0.287270
vt 0.515072 0.211861
vt 0.515072 0.209877
vt 0.526472 0.211861
vt 0.528055 0.211861
vt 0.553120 0.198441
vt 0.554726 0.198441
vt 0.554726 0.209877
vt 0.553120 0.209877
vt 0.554726 0.211861
vt 0.553120 0.211861
vt 0.554726 0.274033
vt 0.553120 0.274033
vt 0.553120 0.275902
vt 0.554726 0.275902
vt 0.554726 0.287270
vt 0.553120 0.287270
vt 0.764725 0.223076
vt 0.767776 0.224709
vt 0.770058 0.226715
vt 0.764732 0.226723
vt 0.769585 0.171013
vt 0.768173 0.168053
vt 0.766792 0.165741
vt 0.772346 0.167053
vt 0.764252 0.168213
vt 0.764153 0.165428
vt 0.701370 0.168076
vt 0.699928 0.171066
vt 0.697281 0.167175
vt 0.703323 0.165916
vt 0.764576 0.173088
vt 0.768196 0.223068
vt 0.768044 0.173080
vt 0.771088 0.173065
vt 0.771240 0.223061
vt 0.698418 0.223152
vt 0.698475 0.173302
vt 0.701515 0.173302
vt 0.701454 0.223152
vt 0.764435 0.148743
vt 0.767784 0.148949
vt 0.773956 0.149490
vt 0.770088 0.243782
vt 0.681389 0.223137
vt 0.681400 0.173340
vt 0.696007 0.149399
vt 0.702545 0.148956
vt 0.699593 0.243881
vt 0.699570 0.226822
vt 0.704910 0.226803
vt 0.701836 0.224800
vt 0.704910 0.223156
vt 0.704979 0.173290
vt 0.705284 0.168411
vt 0.705360 0.165634
vt 0.705055 0.148853
vt 0.860226 0.101463
vt 0.874487 0.101456
vt 0.874489 0.131195
vt 0.860228 0.131210
vt 0.897729 0.033493
vt 0.883469 0.033501
vt 0.883465 0.003754
vt 0.897726 0.003754
vt 0.877335 0.101456
vt 0.877337 0.126144
vt 0.877333 0.097221
vt 0.860224 0.069677
vt 0.874484 0.069676
vt 0.897732 0.065278
vt 0.883471 0.065279
vt 0.877331 0.069676
vt 0.877331 0.065349
vt 0.860220 0.039330
vt 0.874481 0.039330
vt 0.897735 0.095627
vt 0.883474 0.095627
vt 0.877329 0.039322
vt 0.877329 0.034996
vt 0.900581 0.095627
vt 0.900581 0.099953
vt 0.900579 0.069605
vt 0.900579 0.065278
vt 0.900576 0.037735
vt 0.900576 0.033493
vt 0.900574 0.008804
vt 0.407772 0.209869
vt 0.407772 0.014465
vt 0.412636 0.017319
vt 0.412636 0.207031
vt 0.541199 0.004791
vt 0.545517 0.004791
vt 0.545502 0.194505
vt 0.541183 0.194504
vt 0.345200 0.015579
vt 0.371216 0.015579
vt 0.371201 0.205296
vt 0.345184 0.205292
vt 0.576950 0.004806
vt 0.581268 0.004806
vt 0.581268 0.194520
vt 0.576950 0.194520
vt 0.375580 0.017338
vt 0.403122 0.017338
vt 0.403137 0.207054
vt 0.375580 0.207054
vt 0.505417 0.004836
vt 0.509644 0.004835
vt 0.509674 0.194549
vt 0.505432 0.194549
vt 0.316589 0.015589
vt 0.341278 0.015593
vt 0.341263 0.205307
vt 0.316574 0.205305
vt 0.426223 0.207031
vt 0.426223 0.017319
vt 0.452534 0.017319
vt 0.452534 0.207031
vt 0.874478 0.003815
vt 0.877327 0.008682
vt 0.860218 0.003830
vt 0.897738 0.131134
vt 0.883476 0.131134
vt 0.900585 0.126266
vt 0.468582 0.005770
vt 0.473602 0.005770
vt 0.473602 0.197289
vt 0.468582 0.197290
vt 0.345184 0.001991
vt 0.371216 0.001995
vt 0.527588 0.194504
vt 0.527603 0.004787
vt 0.371216 0.218880
vt 0.345184 0.218880
vt 0.594864 0.004807
vt 0.594864 0.194519
vt 0.375580 0.003754
vt 0.403137 0.003754
vt 0.563354 0.194519
vt 0.563354 0.004807
vt 0.403137 0.220638
vt 0.375580 0.220638
vt 0.523239 0.004833
vt 0.523254 0.194546
vt 0.316589 0.002005
vt 0.341278 0.002007
vt 0.491852 0.194550
vt 0.491821 0.004837
vt 0.341248 0.218893
vt 0.316559 0.218889
vt 0.487122 0.005770
vt 0.487122 0.197290
vt 0.426223 0.003723
vt 0.452534 0.003723
vt 0.559113 0.004791
vt 0.559097 0.194508
vt 0.452534 0.220612
vt 0.426223 0.220612
vt 0.285461 0.244741
vt 0.285460 0.258913
vt 0.264708 0.258913
vt 0.264706 0.244741
vt 0.285460 0.259912
vt 0.264707 0.259912
vt 0.285460 0.262262
vt 0.285461 0.276436
vt 0.264709 0.276436
vt 0.264708 0.262262
vt 0.584818 0.231609
vt 0.585487 0.246524
vt 0.584820 0.245782
vt 0.285460 0.260588
vt 0.285460 0.261263
vt 0.264707 0.261263
vt 0.264708 0.260588
vt 0.587490 0.231609
vt 0.586824 0.246524
vt 0.586157 0.246620
vt 0.587494 0.245781
vt 0.580532 0.235800
vt 0.580534 0.249971
vt 0.559781 0.249971
vt 0.559780 0.235800
vt 0.580534 0.250971
vt 0.559781 0.250971
vt 0.580534 0.253321
vt 0.580536 0.267494
vt 0.559780 0.267494
vt 0.559781 0.253321
vt 0.271860 0.016999
vt 0.272532 0.031914
vt 0.271862 0.031172
vt 0.580534 0.251646
vt 0.580534 0.252321
vt 0.559781 0.252321
vt 0.559781 0.251646
vt 0.274534 0.016999
vt 0.273869 0.031914
vt 0.273199 0.032010
vt 0.274536 0.031171
vt 0.906006 0.230415
vt 0.906006 0.244587
vt 0.885253 0.244587
vt 0.885254 0.230415
vt 0.906006 0.245586
vt 0.885254 0.245586
vt 0.906007 0.247936
vt 0.906006 0.262110
vt 0.885254 0.262110
vt 0.885253 0.247936
vt 0.028648 0.025932
vt 0.029320 0.040848
vt 0.028650 0.040105
vt 0.906006 0.246262
vt 0.906006 0.246937
vt 0.885254 0.246937
vt 0.885254 0.246262
vt 0.031322 0.025932
vt 0.030657 0.040847
vt 0.029987 0.040943
vt 0.031324 0.040104
vt 0.580532 0.200033
vt 0.580534 0.214205
vt 0.559781 0.214205
vt 0.559780 0.200033
vt 0.580534 0.215204
vt 0.559781 0.215204
vt 0.580534 0.217554
vt 0.580532 0.231728
vt 0.559780 0.231728
vt 0.559781 0.217554
vt 0.087664 0.006258
vt 0.088335 0.021173
vt 0.087666 0.020430
vt 0.580534 0.215879
vt 0.580534 0.216555
vt 0.559781 0.216555
vt 0.559781 0.215879
vt 0.090338 0.006257
vt 0.089670 0.021172
vt 0.089003 0.021268
vt 0.090340 0.020430
vt 0.796921 0.241163
vt 0.796921 0.255337
vt 0.776168 0.255337
vt 0.776169 0.241165
vt 0.796921 0.256336
vt 0.776168 0.256336
vt 0.796921 0.258686
vt 0.796921 0.272858
vt 0.776169 0.272860
vt 0.776168 0.258686
vt 0.028648 0.004493
vt 0.029320 0.019408
vt 0.028650 0.018666
vt 0.796921 0.257011
vt 0.796921 0.257687
vt 0.776168 0.257687
vt 0.776168 0.257011
vt 0.031322 0.004493
vt 0.030657 0.019408
vt 0.029987 0.019504
vt 0.031324 0.018665
vt 0.199800 0.143831
vt 0.199800 0.123715
vt 0.201271 0.123715
vt 0.201271 0.143831
vt 0.199799 0.103606
vt 0.201271 0.103606
vt 0.199799 0.083496
vt 0.201263 0.083496
vt 0.199799 0.063386
vt 0.201263 0.063386
vt 0.199799 0.043274
vt 0.201263 0.043274
vt 0.199799 0.023162
vt 0.201263 0.023162
vt 0.199799 0.002867
vt 0.201263 0.002867
vt 0.199799 0.264682
vt 0.199799 0.244370
vt 0.201263 0.244370
vt 0.201263 0.264682
vt 0.199799 0.224263
vt 0.201263 0.224263
vt 0.199799 0.204153
vt 0.201263 0.204153
vt 0.199799 0.184044
vt 0.201263 0.184044
vt 0.199799 0.163935
vt 0.201271 0.163935
vt 0.198540 0.143831
vt 0.198540 0.123714
vt 0.198540 0.103606
vt 0.198532 0.083496
vt 0.198532 0.063386
vt 0.198532 0.043274
vt 0.198547 0.023162
vt 0.198547 0.002867
vt 0.198547 0.264682
vt 0.198547 0.244370
vt 0.198532 0.224263
vt 0.198532 0.204154
vt 0.198532 0.184044
vt 0.198540 0.163935
vt 0.202534 0.123715
vt 0.202534 0.143831
vt 0.202530 0.103606
vt 0.202530 0.083496
vt 0.202530 0.063386
vt 0.202530 0.043274
vt 0.202545 0.023162
vt 0.202545 0.002867
vt 0.202545 0.244370
vt 0.202545 0.264682
vt 0.202530 0.224263
vt 0.202530 0.204153
vt 0.202530 0.184044
vt 0.202530 0.163935
vt 0.204000 0.123714
vt 0.204000 0.143831
vt 0.204002 0.163935
vt 0.203995 0.184044
vt 0.203995 0.204154
vt 0.203995 0.224263
vt 0.204010 0.244370
vt 0.204010 0.264682
vt 0.204010 0.002867
vt 0.204010 0.023162
vt 0.203995 0.043274
vt 0.203995 0.063386
vt 0.203995 0.083496
vt 0.204002 0.103606
vt 0.193178 0.145806
vt 0.193178 0.125323
vt 0.194670 0.125323
vt 0.194670 0.145806
vt 0.193176 0.104840
vt 0.194672 0.104840
vt 0.193176 0.084357
vt 0.194672 0.084357
vt 0.193176 0.063873
vt 0.194672 0.063874
vt 0.193176 0.043390
vt 0.194672 0.043390
vt 0.193176 0.022907
vt 0.194672 0.022907
vt 0.193176 0.002424
vt 0.194672 0.002424
vt 0.193176 0.268704
vt 0.193176 0.248222
vt 0.194672 0.248221
vt 0.194672 0.268704
vt 0.193176 0.227739
vt 0.194672 0.227738
vt 0.193176 0.207255
vt 0.194672 0.207255
vt 0.193176 0.186772
vt 0.194672 0.186772
vt 0.193176 0.166289
vt 0.194672 0.166289
vt 0.316109 0.282249
vt 0.311204 0.262360
vt 0.353999 0.262357
vt 0.316105 0.242470
vt 0.329689 0.227139
vt 0.348839 0.219874
vt 0.369171 0.222343
vt 0.386032 0.233978
vt 0.395550 0.252113
vt 0.395552 0.272598
vt 0.386032 0.290733
vt 0.369179 0.302372
vt 0.348846 0.304841
vt 0.329689 0.297577
vt 0.119730 0.007469
vt 0.120880 0.007470
vt 0.120880 0.030787
vt 0.119730 0.030787
vt 0.118578 0.030786
vt 0.117428 0.030787
vt 0.117428 0.007469
vt 0.118578 0.007470
vt 0.116276 0.007470
vt 0.116278 0.030787
vt 0.119730 0.007469
vt 0.120880 0.007470
vt 0.120880 0.030787
vt 0.119730 0.030787
vt 0.118578 0.030786
vt 0.117428 0.030787
vt 0.117428 0.007469
vt 0.118578 0.007470
vt 0.116276 0.007470
vt 0.116278 0.030787
vt 0.119730 0.007469
vt 0.120880 0.007470
vt 0.120880 0.030787
vt 0.119730 0.030787
vt 0.118578 0.030786
vt 0.117428 0.030787
vt 0.117428 0.007469
vt 0.118578 0.007470
vt 0.116276 0.007470
vt 0.116278 0.030787
vt 0.119730 0.007469
vt 0.120880 0.007470
vt 0.120880 0.030787
vt 0.119730 0.030787
vt 0.118578 0.030786
vt 0.117428 0.030787
vt 0.117428 0.007469
vt 0.118578 0.007470
vt 0.116276 0.007470
vt 0.116278 0.030787
vt 0.811920 0.253929
vt 0.811920 0.252167
vt 0.876328 0.252159
vt 0.876328 0.253914
vt 0.876312 0.145599
vt 0.876312 0.147354
vt 0.811905 0.147369
vt 0.811905 0.145607
vt 0.878082 0.252159
vt 0.878067 0.147354
vt 0.810165 0.252167
vt 0.810150 0.147369
vt 0.683182 0.005707
vt 0.684937 0.005707
vt 0.684937 0.143723
vt 0.683182 0.143723
vt 0.805832 0.143723
vt 0.804077 0.143723
vt 0.804077 0.005692
vt 0.805832 0.005692
vt 0.421294 0.013567
vt 0.415293 0.013567
vt 0.415293 0.013200
vt 0.421294 0.013201
vt 0.415293 0.007182
vt 0.421294 0.007182
vt 0.415293 0.006815
vt 0.421294 0.006815
vt 0.414926 0.013200
vt 0.414927 0.007182
vt 0.421660 0.007182
vt 0.421660 0.013201
vt 0.913776 0.135437
vt 0.913776 0.143501
vt 0.900108 0.143503
vt 0.900108 0.135435
vt 0.907757 0.032330
vt 0.907772 0.039910
vt 0.906757 0.039665
vt 0.906712 0.032218
vt 0.791557 0.148227
vt 0.791557 0.156077
vt 0.777958 0.156078
vt 0.777958 0.148228
vt 0.907791 0.106438
vt 0.906708 0.106438
vt 0.906715 0.092738
vt 0.907799 0.092737
vt 0.906708 0.003595
vt 0.907791 0.003595
vt 0.907791 0.017295
vt 0.906715 0.017295
vt 0.791555 0.178635
vt 0.791557 0.186268
vt 0.777958 0.186268
vt 0.777956 0.178635
vt 0.900110 0.166060
vt 0.913776 0.166061
vt 0.913776 0.173779
vt 0.900108 0.173779
vt 0.906721 0.062545
vt 0.907791 0.062454
vt 0.907772 0.070019
vt 0.906757 0.070261
vt 0.791555 0.163612
vt 0.791556 0.171124
vt 0.777956 0.171124
vt 0.777956 0.163612
vt 0.900110 0.151121
vt 0.913776 0.151119
vt 0.913776 0.158573
vt 0.900110 0.158574
vt 0.906721 0.047277
vt 0.907791 0.047368
vt 0.907795 0.054911
vt 0.906716 0.054911
vt 0.885254 0.166061
vt 0.885254 0.173779
vt 0.885254 0.151119
vt 0.885253 0.158573
vt 0.885254 0.143501
vt 0.885254 0.135437
vt 0.806362 0.148228
vt 0.806362 0.156078
vt 0.806362 0.163612
vt 0.806361 0.171124
vt 0.806362 0.178635
vt 0.806362 0.186268
vt 0.906712 0.077815
vt 0.907757 0.077703
vt 0.913776 0.181950
vt 0.900108 0.181950
vt 0.885254 0.181950
vt 0.806362 0.194221
vt 0.791557 0.194221
vt 0.777958 0.194221
vt 0.185619 0.006692
vt 0.185620 0.013681
vt 0.185254 0.013681
vt 0.185253 0.006692
vt 0.179235 0.013682
vt 0.179235 0.006693
vt 0.178868 0.013682
vt 0.178867 0.006693
vt 0.185254 0.014048
vt 0.179235 0.014049
vt 0.179235 0.006326
vt 0.185253 0.006325
vt 0.071570 0.022566
vt 0.071568 0.004969
vt 0.072245 0.004969
vt 0.072247 0.022566
vt 0.081425 0.004967
vt 0.081428 0.022566
vt 0.082101 0.004967
vt 0.082104 0.022566
vt 0.072245 0.004292
vt 0.081425 0.004292
vt 0.081428 0.023241
vt 0.072247 0.023243
vt 0.110657 0.021875
vt 0.110649 0.062946
vt 0.109974 0.062946
vt 0.109978 0.021875
vt 0.097282 0.062944
vt 0.097286 0.021873
vt 0.096603 0.062944
vt 0.096611 0.021873
vt 0.109974 0.063623
vt 0.097282 0.063622
vt 0.097286 0.021198
vt 0.109978 0.021198
vt 0.064643 0.012057
vt 0.064642 0.019046
vt 0.064276 0.019047
vt 0.064277 0.012057
vt 0.061205 0.019046
vt 0.061206 0.012056
vt 0.060839 0.019046
vt 0.060840 0.012056
vt 0.064276 0.019413
vt 0.061205 0.019413
vt 0.061206 0.011690
vt 0.064277 0.011690
vt 0.209269 0.013303
vt 0.209269 0.011730
vt 0.215190 0.011730
vt 0.215189 0.013303
vt 0.266994 0.017569
vt 0.266994 0.019129
vt 0.266496 0.019129
vt 0.266495 0.017569
vt 0.215190 0.006354
vt 0.215189 0.007913
vt 0.209269 0.007914
vt 0.209270 0.006354
vt 0.209269 0.010157
vt 0.209269 0.009461
vt 0.215190 0.009461
vt 0.215190 0.010156
vt 0.209270 0.014020
vt 0.215190 0.014020
vt 0.266994 0.020685
vt 0.266495 0.020685
vt 0.216877 0.011730
vt 0.216876 0.010157
vt 0.216877 0.013303
vt 0.216876 0.014020
vt 0.216876 0.006354
vt 0.216877 0.007914
vt 0.216877 0.009461
vt 0.023406 0.214276
vt 0.023407 0.282784
vt 0.019714 0.282784
vt 0.019720 0.214276
vt 0.019714 0.071423
vt 0.019714 0.002915
vt 0.023438 0.002915
vt 0.023407 0.071423
vt 0.023376 0.425638
vt 0.019714 0.425637
vt 0.030739 0.046986
vt 0.030741 0.069972
vt 0.030375 0.069968
vt 0.030373 0.046983
vt 0.029018 0.069963
vt 0.029015 0.046977
vt 0.028650 0.069967
vt 0.028648 0.046981
vt 0.030373 0.070335
vt 0.029016 0.070329
vt 0.029016 0.046610
vt 0.030373 0.046616
vt 0.139587 0.315918
vt 0.113861 0.241822
vt 0.160065 0.224716
vt 0.186554 0.299240
vt 0.110825 0.242041
vt 0.031769 0.241455
vt 0.111275 0.186502
vt 0.114655 0.076164
vt 0.140961 0.004654
vt 0.186401 0.021469
vt 0.159653 0.093582
vt 0.140686 0.317238
vt 0.187714 0.300537
vt 0.114426 0.186824
vt 0.160469 0.201492
vt 0.111679 0.075890
vt 0.138000 0.003540
vt 0.136261 0.316818
vt 0.111504 0.130973
vt 0.032761 0.075272
vt 0.114624 0.130657
vt 0.159958 0.116425
vt 0.114464 0.173776
vt 0.630627 0.201775
vt 0.602325 0.177986
vt 0.648041 0.191673
vt 0.648041 0.204563
vt 0.028656 0.240585
vt 0.029633 0.076126
vt 0.114586 0.143719
vt 0.602337 0.260902
vt 0.630631 0.237103
vt 0.648045 0.234306
vt 0.648048 0.247200
vt 0.895870 0.223217
vt 0.895870 0.190605
vt 0.913324 0.190605
vt 0.913324 0.223217
vt 0.627627 0.201294
vt 0.627632 0.237583
vt 0.602329 0.197239
vt 0.227859 0.192806
vt 0.227859 0.067478
vt 0.273575 0.048576
vt 0.273575 0.211716
vt 0.602337 0.241646
vt 0.062626 0.069771
vt 0.062626 0.029400
vt 0.087936 0.029400
vt 0.087936 0.069771
vt 0.648960 0.188599
vt 0.603245 0.174919
vt 0.651245 0.191666
vt 0.651245 0.204563
vt 0.895870 0.187439
vt 0.913324 0.187439
vt 0.913324 0.226383
vt 0.895870 0.226383
vt 0.651253 0.234306
vt 0.651253 0.247200
vt 0.648968 0.250267
vt 0.603256 0.263969
vt 0.090889 0.029400
vt 0.090889 0.069771
vt 0.892406 0.223217
vt 0.892406 0.190605
vt 0.599129 0.197239
vt 0.599121 0.177986
vt 0.062626 0.026234
vt 0.087936 0.026234
vt 0.599136 0.260902
vt 0.599136 0.241646
vt 0.087936 0.072933
vt 0.062626 0.072933
vt 0.187531 0.020218
vt 0.142029 0.003387
vt 0.209259 0.022514
vt 0.254974 0.003613
vt 0.254974 0.256676
vt 0.209259 0.237762
vt 0.678497 0.170532
vt 0.600052 0.170532
vt 0.600052 0.169601
vt 0.678497 0.169601
vt 0.600052 0.004745
vt 0.678497 0.004745
vt 0.600052 0.003815
vt 0.678497 0.003815
vt 0.599121 0.169601
vt 0.599121 0.004745
vt 0.679428 0.004745
vt 0.679428 0.169601
vt 0.102368 0.016530
vt 0.099820 0.016787
vt 0.099944 0.016054
vt 0.102341 0.015851
vt 0.100407 0.013139
vt 0.103452 0.013733
vt 0.103258 0.009079
vt 0.101191 0.008040
vt 0.101343 0.007166
vt 0.103630 0.008183
vt 0.097075 0.015162
vt 0.096604 0.012603
vt 0.097383 0.012692
vt 0.097805 0.015033
vt 0.104214 0.013875
vt 0.102940 0.016133
vt 0.097987 0.008028
vt 0.098894 0.008329
vt 0.104214 0.009051
vt 0.097499 0.015706
vt 0.098841 0.007361
vt 0.592632 0.200562
vt 0.592632 0.223948
vt 0.592266 0.223948
vt 0.592266 0.200562
vt 0.585184 0.223972
vt 0.585184 0.200585
vt 0.584818 0.223972
vt 0.584818 0.200585
vt 0.592266 0.224316
vt 0.585184 0.224339
vt 0.585182 0.200219
vt 0.592264 0.200195
vt 0.764984 0.320061
vt 0.763451 0.320061
vt 0.763447 0.251282
vt 0.764977 0.251282
vt 0.713318 0.320068
vt 0.713318 0.251282
vt 0.711792 0.320068
vt 0.711784 0.251282
vt 0.763451 0.321594
vt 0.713318 0.321594
vt 0.713318 0.249756
vt 0.763447 0.249756
vt 0.801643 0.282499
vt 0.821146 0.282499
vt 0.821146 0.282938
vt 0.801643 0.282938
vt 0.801643 0.260105
vt 0.801643 0.259659
vt 0.821146 0.259659
vt 0.821146 0.260105
vt 0.802725 0.261049
vt 0.820066 0.261049
vt 0.802725 0.281549
vt 0.820066 0.281549
vt 0.801205 0.260105
vt 0.801205 0.282499
vt 0.821590 0.260105
vt 0.821590 0.282499
vt 0.819828 0.281349
vt 0.819828 0.261251
vt 0.802965 0.261251
vt 0.802965 0.281349
vt 0.209703 0.278824
vt 0.229181 0.278824
vt 0.229181 0.279266
vt 0.209703 0.279266
vt 0.209703 0.249447
vt 0.209703 0.249001
vt 0.229181 0.249001
vt 0.229181 0.249447
vt 0.210779 0.250687
vt 0.228109 0.250687
vt 0.210779 0.277580
vt 0.228109 0.277580
vt 0.209269 0.249447
vt 0.209269 0.278824
vt 0.229620 0.249447
vt 0.229620 0.278824
vt 0.227842 0.277409
vt 0.227842 0.250858
vt 0.211048 0.250858
vt 0.211048 0.277409
vt 0.636679 0.257988
vt 0.649391 0.257988
vt 0.649389 0.273851
vt 0.636678 0.273851
vt 0.234306 0.258072
vt 0.251057 0.258072
vt 0.251057 0.277391
vt 0.234306 0.277391
vt 0.707748 0.318207
vt 0.706223 0.318207
vt 0.706230 0.249428
vt 0.707756 0.249428
vt 0.656090 0.318199
vt 0.656097 0.249420
vt 0.654564 0.318199
vt 0.654572 0.249420
vt 0.706223 0.319733
vt 0.656090 0.319733
vt 0.656097 0.247894
vt 0.706230 0.247902
vt 0.087664 0.244684
vt 0.100374 0.244684
vt 0.100374 0.265696
vt 0.087664 0.265696
vt 0.289743 0.245987
vt 0.306496 0.245987
vt 0.306498 0.271576
vt 0.289745 0.271580
vt 0.081841 0.314636
vt 0.080307 0.314636
vt 0.080322 0.245850
vt 0.081848 0.245850
vt 0.030174 0.314621
vt 0.030190 0.245842
vt 0.028648 0.314621
vt 0.028664 0.245842
vt 0.080307 0.316162
vt 0.030174 0.316154
vt 0.030190 0.244316
vt 0.080322 0.244324
vt 0.826241 0.260042
vt 0.843317 0.260042
vt 0.843317 0.278994
vt 0.826241 0.278994
vt 0.792206 0.198424
vt 0.778400 0.198229
vt 0.778071 0.217402
vt 0.791912 0.217431
vt 0.777958 0.237034
vt 0.792263 0.237030
vt 0.792450 0.217523
vt 0.792759 0.198427
vt 0.792805 0.237032
vt 0.794098 0.217537
vt 0.794376 0.198448
vt 0.794468 0.237011
vt 0.792206 0.198424
vt 0.791912 0.217431
vt 0.778071 0.217402
vt 0.778400 0.198229
vt 0.792263 0.237030
vt 0.777958 0.237034
vt 0.792759 0.198427
vt 0.792450 0.217523
vt 0.792805 0.237032
vt 0.794376 0.198448
vt 0.794098 0.217537
vt 0.794468 0.237011
vt 0.792206 0.198424
vt 0.778400 0.198229
vt 0.778071 0.217402
vt 0.791912 0.217431
vt 0.777958 0.237034
vt 0.792263 0.237030
vt 0.792450 0.217523
vt 0.792759 0.198427
vt 0.792805 0.237032
vt 0.794098 0.217537
vt 0.794376 0.198448
vt 0.794468 0.237011
vt 0.792206 0.198424
vt 0.791912 0.217431
vt 0.778071 0.217402
vt 0.778400 0.198229
vt 0.792263 0.237030
vt 0.777958 0.237034
vt 0.792759 0.198427
vt 0.792450 0.217523
vt 0.792805 0.237032
vt 0.794376 0.198448
vt 0.794098 0.217537
vt 0.794468 0.237011
vt 0.053486 0.071037
vt 0.053486 0.073273
vt 0.040508 0.073273
vt 0.040508 0.071037
vt 0.053493 0.021629
vt 0.055305 0.016525
vt 0.056412 0.016556
vt 0.053495 0.015114
vt 0.053493 0.016212
vt 0.040517 0.016212
vt 0.040517 0.015099
vt 0.038704 0.016525
vt 0.040516 0.021626
vt 0.037598 0.016357
vt 0.053486 0.069237
vt 0.056404 0.071373
vt 0.040509 0.069237
vt 0.037590 0.071373
vt 0.810146 0.071117
vt 0.810146 0.058136
vt 0.855438 0.058136
vt 0.855437 0.071117
vt 0.810150 0.003082
vt 0.855438 0.003082
vt 0.810150 0.139248
vt 0.810150 0.126270
vt 0.855438 0.126270
vt 0.855438 0.139248
vt 0.054220 0.070877
vt 0.039774 0.070877
vt 0.505104 0.222633
vt 0.505089 0.305695
vt 0.457848 0.305687
vt 0.457859 0.222626
vt 0.459026 0.217529
vt 0.457846 0.217529
vt 0.458288 0.133915
vt 0.459369 0.134186
vt 0.458265 0.087208
vt 0.463811 0.217560
vt 0.462603 0.217560
vt 0.462882 0.134193
vt 0.463994 0.133926
vt 0.463786 0.087189
vt 0.457893 0.003571
vt 0.463447 0.003540
vt 0.447861 0.226368
vt 0.447868 0.309425
vt 0.400627 0.309429
vt 0.400620 0.226372
vt 0.515072 0.275902
vt 0.515072 0.274033
vt 0.526472 0.274033
vt 0.526472 0.275902
vt 0.528055 0.274033
vt 0.528055 0.275902
vt 0.526472 0.198441
vt 0.528055 0.198441
vt 0.528055 0.209877
vt 0.526472 0.209877
vt 0.528055 0.287270
vt 0.526472 0.287270
vt 0.515072 0.211861
vt 0.515072 0.209877
vt 0.526472 0.211861
vt 0.528055 0.211861
vt 0.553120 0.198441
vt 0.554726 0.198441
vt 0.554726 0.209877
vt 0.553120 0.209877
vt 0.554726 0.211861
vt 0.553120 0.211861
vt 0.554726 0.274033
vt 0.553120 0.274033
vt 0.553120 0.275902
vt 0.554726 0.275902
vt 0.554726 0.287270
vt 0.553120 0.287270
vt 0.764725 0.223076
vt 0.767776 0.224709
vt 0.770058 0.226715
vt 0.764732 0.226723
vt 0.769585 0.171013
vt 0.768173 0.168053
vt 0.766792 0.165741
vt 0.772346 0.167053
vt 0.764252 0.168213
vt 0.764153 0.165428
vt 0.701370 0.168076
vt 0.699928 0.171066
vt 0.697281 0.167175
vt 0.703323 0.165916
vt 0.764576 0.173088
vt 0.768196 0.223068
vt 0.768044 0.173080
vt 0.771088 0.173065
vt 0.771240 0.223061
vt 0.698418 0.223152
vt 0.698475 0.173302
vt 0.701515 0.173302
vt 0.701454 0.223152
vt 0.764435 0.148743
vt 0.767784 0.148949
vt 0.773956 0.149490
vt 0.770088 0.243782
vt 0.681389 0.223137
vt 0.681400 0.173340
vt 0.696007 0.149399
vt 0.702545 0.148956
vt 0.699593 0.243881
vt 0.699570 0.226822
vt 0.704910 0.226803
vt 0.701836 0.224800
vt 0.704910 0.223156
vt 0.704979 0.173290
vt 0.705284 0.168411
vt 0.705360 0.165634
vt 0.705055 0.148853
vt 0.860226 0.101463
vt 0.874487 0.101456
vt 0.874489 0.131195
vt 0.860228 0.131210
vt 0.897729 0.033493
vt 0.883469 0.033501
vt 0.883465 0.003754
vt 0.897726 0.003754
vt 0.877335 0.101456
vt 0.877337 0.126144
vt 0.877333 0.097221
vt 0.860224 0.069677
vt 0.874484 0.069676
vt 0.897732 0.065278
vt 0.883471 0.065279
vt 0.877331 0.069676
vt 0.877331 0.065349
vt 0.860220 0.039330
vt 0.874481 0.039330
vt 0.897735 0.095627
vt 0.883474 0.095627
vt 0.877329 0.039322
vt 0.877329 0.034996
vt 0.900581 0.095627
vt 0.900581 0.099953
vt 0.900579 0.069605
vt 0.900579 0.065278
vt 0.900576 0.037735
vt 0.900576 0.033493
vt 0.900574 0.008804
vt 0.407772 0.209869
vt 0.407772 0.014465
vt 0.412636 0.017319
vt 0.412636 0.207031
vt 0.541199 0.004791
vt 0.545517 0.004791
vt 0.545502 0.194505
vt 0.541183 0.194504
vt 0.345200 0.015579
vt 0.371216 0.015579
vt 0.371201 0.205296
vt 0.345184 0.205292
vt 0.576950 0.004806
vt 0.581268 0.004806
vt 0.581268 0.194520
vt 0.576950 0.194520
vt 0.375580 0.017338
vt 0.403122 0.017338
vt 0.403137 0.207054
vt 0.375580 0.207054
vt 0.505417 0.004836
vt 0.509644 0.004835
vt 0.509674 0.194549
vt 0.505432 0.194549
vt 0.316589 0.015589
vt 0.341278 0.015593
vt 0.341263 0.205307
vt 0.316574 0.205305
vt 0.426223 0.207031
vt 0.426223 0.017319
vt 0.452534 0.017319
vt 0.452534 0.207031
vt 0.874478 0.003815
vt 0.877327 0.008682
vt 0.860218 0.003830
vt 0.897738 0.131134
vt 0.883476 0.131134
vt 0.900585 0.126266
vt 0.468582 0.005770
vt 0.473602 0.005770
vt 0.473602 0.197289
vt 0.468582 0.197290
vt 0.345184 0.001991
vt 0.371216 0.001995
vt 0.527588 0.194504
vt 0.527603 0.004787
vt 0.371216 0.218880
vt 0.345184 0.218880
vt 0.594864 0.004807
vt 0.594864 0.194519
vt 0.375580 0.003754
vt 0.403137 0.003754
vt 0.563354 0.194519
vt 0.563354 0.004807
vt 0.403137 0.220638
vt 0.375580 0.220638
vt 0.523239 0.004833
vt 0.523254 0.194546
vt 0.316589 0.002005
vt 0.341278 0.002007
vt 0.491852 0.194550
vt 0.491821 0.004837
vt 0.341248 0.218893
vt 0.316559 0.218889
vt 0.487122 0.005770
vt 0.487122 0.197290
vt 0.426223 0.003723
vt 0.452534 0.003723
vt 0.559113 0.004791
vt 0.559097 0.194508
vt 0.452534 0.220612
vt 0.426223 0.220612
vt 0.285461 0.244741
vt 0.285460 0.258913
vt 0.264708 0.258913
vt 0.264706 0.244741
vt 0.285460 0.259912
vt 0.264707 0.259912
vt 0.285460 0.262262
vt 0.285461 0.276436
vt 0.264709 0.276436
vt 0.264708 0.262262
vt 0.584818 0.231609
vt 0.585487 0.246524
vt 0.584820 0.245782
vt 0.285460 0.260588
vt 0.285460 0.261263
vt 0.264707 0.261263
vt 0.264708 0.260588
vt 0.587490 0.231609
vt 0.586824 0.246524
vt 0.586157 0.246620
vt 0.587494 0.245781
vt 0.580532 0.235800
vt 0.580534 0.249971
vt 0.559781 0.249971
vt 0.559780 0.235800
vt 0.580534 0.250971
vt 0.559781 0.250971
vt 0.580534 0.253321
vt 0.580536 0.267494
vt 0.559780 0.267494
vt 0.559781 0.253321
vt 0.271860 0.016999
vt 0.272532 0.031914
vt 0.271862 0.031172
vt 0.580534 0.251646
vt 0.580534 0.252321
vt 0.559781 0.252321
vt 0.559781 0.251646
vt 0.274534 0.016999
vt 0.273869 0.031914
vt 0.273199 0.032010
vt 0.274536 0.031171
vt 0.906006 0.230415
vt 0.906006 0.244587
vt 0.885253 0.244587
vt 0.885254 0.230415
vt 0.906006 0.245586
vt 0.885254 0.245586
vt 0.906007 0.247936
vt 0.906006 0.262110
vt 0.885254 0.262110
vt 0.885253 0.247936
vt 0.028648 0.025932
vt 0.029320 0.040848
vt 0.028650 0.040105
vt 0.906006 0.246262
vt 0.906006 0.246937
vt 0.885254 0.246937
vt 0.885254 0.246262
vt 0.031322 0.025932
vt 0.030657 0.040847
vt 0.029987 0.040943
vt 0.031324 0.040104
vt 0.580532 0.200033
vt 0.580534 0.214205
vt 0.559781 0.214205
vt 0.559780 0.200033
vt 0.580534 0.215204
vt 0.559781 0.215204
vt 0.580534 0.217554
vt 0.580532 0.231728
vt 0.559780 0.231728
vt 0.559781 0.217554
vt 0.087664 0.006258
vt 0.088335 0.021173
vt 0.087666 0.020430
vt 0.580534 0.215879
vt 0.580534 0.216555
vt 0.559781 0.216555
vt 0.559781 0.215879
vt 0.090338 0.006257
vt 0.089670 0.021172
vt 0.089003 0.021268
vt 0.090340 0.020430
vt 0.796921 0.241163
vt 0.796921 0.255337
vt 0.776168 0.255337
vt 0.776169 0.241165
vt 0.796921 0.256336
vt 0.776168 0.256336
vt 0.796921 0.258686
vt 0.796921 0.272858
vt 0.776169 0.272860
vt 0.776168 0.258686
vt 0.028648 0.004493
vt 0.029320 0.019408
vt 0.028650 0.018666
vt 0.796921 0.257011
vt 0.796921 0.257687
vt 0.776168 0.257687
vt 0.776168 0.257011
vt 0.031322 0.004493
vt 0.030657 0.019408
vt 0.029987 0.019504
vt 0.031324 0.018665
vt 0.736084 0.368896
vt 0.736084 0.725464
vt 0.427124 0.725464
vt 0.427124 0.368896
vt 0.039368 0.700806
vt 0.037537 0.702271
vt 0.037537 0.374023
vt 0.039368 0.375610
vt 0.318909 0.700806
vt 0.306763 0.689087
vt 0.306763 0.385132
vt 0.318909 0.375610
vt 0.320679 0.374023
vt 0.320679 0.702271
vt 0.049194 0.689087
vt 0.049194 0.385132
vt 0.052002 0.387939
vt 0.052002 0.686279
vt 0.049805 0.688477
vt 0.049805 0.385620
vt 0.306152 0.385620
vt 0.306152 0.688477
vt 0.303955 0.686279
vt 0.303955 0.387939
vt 0.002930 0.996887
vt 0.002930 0.708496
vt 0.249390 0.708496
vt 0.249390 0.996887
vt 0.250488 0.708496
vt 0.250488 0.996887
vt 0.001831 0.996887
vt 0.001831 0.708496
vt 0.249390 0.997986
vt 0.002930 0.997986
vt 0.002930 0.707397
vt 0.249390 0.707397
vn 0.382723 0.000000 -0.923863
vn 0.382723 0.000000 -0.923863
vn 0.382723 0.000000 -0.923863
vn 0.382723 0.000000 -0.923863
vn -0.382749 0.000000 -0.923852
vn -0.382749 0.000000 -0.923852
vn -0.382749 0.000000 -0.923852
vn -0.382749 0.000000 -0.923852
vn -0.923878 0.000000 -0.382686
vn -0.923878 0.000000 -0.382686
vn -0.923878 0.000000 -0.382686
vn -0.923878 0.000000 -0.382686
vn -0.923889 0.000000 0.382660
vn -0.923889 0.000000 0.382660
vn -0.923889 0.000000 0.382660
vn -0.923889 0.000000 0.382660
vn -0.382686 0.000000 0.923878
vn -0.382686 0.000000 0.923878
vn -0.382686 0.000000 0.923878
vn -0.382686 0.000000 0.923878
vn 0.382660 0.000000 0.923889
vn 0.382660 0.000000 0.923889
vn 0.382660 0.000000 0.923889
vn 0.382660 0.000000 0.923889
vn 0.923915 0.000000 0.382597
vn 0.923915 0.000000 0.382597
vn 0.923915 0.000000 0.382597
vn 0.923915 0.000000 0.382597
vn 0.923904 0.000000 -0.382623
vn 0.923904 0.000000 -0.382623
vn 0.923904 0.000000 -0.382623
vn 0.923904 0.000000 -0.382623
vn 0.000000 1.000000 0.000000
vn 0.000000 1.000000 0.000000
vn 0.000000 1.000000 0.000000
vn 0.000000 1.000000 0.000000
vn 0.000000 1.000000 0.000000
vn 0.000000 1.000000 0.000000
vn 0.000000 1.000000 0.000000
vn 0.000000 1.000000 0.000000
vn 0.000000 1.000000 0.000000
vn 0.000000 1.000000 0.000000
vn 0.000000 1.000000 0.000000
vn 0.000000 1.000000 0.000000
vn 0.000000 1.000000 0.000000
vn 0.000000 1.000000 0.000000
vn 0.000000 1.000000 0.000000
vn 0.000000 1.000000 0.000000
vn 0.000000 1.000000 0.000000
vn 0.000000 1.000000 0.000000
vn 0.000000 1.000000 0.000018
vn 0.000000 1.000000 0.000018
vn 0.000000 1.000000 0.000018
vn 0.000000 1.000000 -0.000018
vn 0.000000 1.000000 -0.000018
vn 0.000000 1.000000 -0.000018
vn -1.000000 0.000000 -0.000007
vn -1.000000 0.000000 -0.000007
vn -1.000000 0.000000 -0.000007
vn -1.000000 0.000000 -0.000007
vn 0.000000 0.000000 -1.000000
vn 0.000000 0.000000 -1.000000
vn 0.000000 0.000000 -1.000000
vn 0.000000 0.000000 -1.000000
vn 0.000000 0.000000 1.000000
vn 0.000000 0.000000 1.000000
vn 0.000000 0.000000 1.000000
vn 0.000000 0.000000 1.000000
vn 1.000000 0.000000 0.000007
vn 1.000000 0.000000 0.000007
vn 1.000000 0.000000 0.000007
vn 1.000000 0.000000 0.000007
vn 0.000000 0.000000 -1.000000
vn 0.000000 0.000000 -1.000000
vn 0.000000 0.000000 -1.000000
vn 0.000000 0.000000 -1.000000
vn 0.000000 0.000000 1.000000
vn 0.000000 0.000000 1.000000
vn 0.000000 0.000000 1.000000
vn 0.000000 0.000000 1.000000
vn 1.000000 0.000000 0.000021
vn 1.000000 0.000000 0.000021
vn 1.000000 0.000000 0.000021
vn 1.000000 0.000000 0.000021
vn 0.000000 1.000000 0.000000
vn 0.000000 1.000000 0.000000
vn 0.000000 1.000000 0.000000
vn 0.000000 1.000000 0.000000
vn 0.000000 -1.000000 -0.000001
vn 0.000000 -1.000000 -0.000001
vn 0.000000 -1.000000 -0.000001
vn 0.000000 -1.000000 -0.000001
vn 1.000000 0.000035 0.000021
vn 1.000000 0.000035 0.000021
vn 1.000000 0.000035 0.000021
vn 1.000000 0.000035 0.000021
vn -1.000000 -0.000053 -0.000021
vn -1.000000 -0.000053 -0.000021
vn -1.000000 -0.000053 -0.000021
vn -1.000000 -0.000053 -0.000021
vn 0.000000 1.000000 0.000000
vn 0.000000 1.000000 0.000000
vn 0.000000 1.000000 0.000000
vn 0.000000 1.000000 0.000000
vn 0.000000 -1.000000 0.000000
vn 0.000000 -1.000000 0.000000
vn 0.000000 -1.000000 0.000000
vn 0.000000 -1.000000 0.000000
vn -1.000000 0.000000 -0.000007
vn -1.000000 0.000000 -0.000007
vn -1.000000 0.000000 -0.000007
vn -1.000000 0.000000 -0.000007
vn 0.000000 0.000000 -1.000000
vn 0.000000 0.000000 -1.000000
vn 0.000000 0.000000 -1.000000
vn 0.000000 0.000000 -1.000000
vn 0.000000 0.000000 1.000000
vn 0.000000 0.000000 1.000000
vn 0.000000 0.000000 1.000000
vn 0.000000 0.000000 1.000000
vn 0.000000 1.000000 0.000000
vn 0.000000 1.000000 0.000000
vn 0.000000 1.000000 0.000000
vn 0.000000 1.000000 0.000000
vn 0.000000 -1.000000 0.000001
vn 0.000000 -1.000000 0.000001
vn 0.000000 -1.000000 0.000001
vn 0.000000 -1.000000 0.000001
vn 0.000000 0.000000 1.000000
vn 0.000000 0.000000 1.000000
vn 0.000000 0.000000 1.000000
vn 0.000000 0.000000 1.000000
vn 0.000000 1.000000 0.000000
vn 0.000000 1.000000 0.000000
vn 0.000000 1.000000 0.000000
vn 0.000000 1.000000 0.000000
vn 0.000000 0.000000 -1.000000
vn 0.000000 0.000000 -1.000000
vn 0.000000 0.000000 -1.000000
vn 0.000000 0.000000 -1.000000
vn -1.000000 0.000000 0.000000
vn -1.000000 0.000000 0.000000
vn -1.000000 0.000000 0.000000
vn -1.000000 0.000000 0.000000
vn -1.000000 0.000000 -0.000013
vn -1.000000 0.000000 -0.000013
vn -1.000000 0.000000 -0.000013
vn -1.000000 0.000000 -0.000013
vn 0.000013 -0.000000 -1.000000
vn 0.000013 -0.000000 -1.000000
vn 0.000013 -0.000000 -1.000000
vn 0.000013 -0.000000 -1.000000
vn 1.000000 0.000000 0.000014
vn 1.000000 0.000000 0.000014
vn 1.000000 0.000000 0.000014
vn 1.000000 0.000000 0.000014
vn 0.000000 -0.000002 1.000000
vn 0.000000 -0.000002 1.000000
vn 0.000000 -0.000002 1.000000
vn 0.000000 -0.000002 1.000000
vn 0.000000 1.000000 0.000000
vn 0.000000 1.000000 0.000000
vn 0.000000 1.000000 0.000000
vn 0.000000 1.000000 0.000000
vn 0.000000 -1.000000 0.000000
vn 0.000000 -1.000000 0.000000
vn 0.000000 -1.000000 0.000000
vn 0.000000 -1.000000 0.000000
vn 0.000000 0.000000 1.000000
vn 0.000000 0.000000 1.000000
vn 0.000000 0.000000 1.000000
vn 0.000000 0.000000 1.000000
vn 0.000000 1.000000 0.000000
vn 0.000000 1.000000 0.000000
vn 0.000000 1.000000 0.000000
vn 0.000000 1.000000 0.000000
vn 0.000000 0.000000 -1.000000
vn 0.000000 0.000000 -1.000000
vn 0.000000 0.000000 -1.000000
vn 0.000000 0.000000 -1.000000
vn -1.000000 0.000000 0.000000
vn -1.000000 0.000000 0.000000
vn -1.000000 0.000000 0.000000
vn -1.000000 0.000000 0.000000
vn 0.000000 1.000000 0.000000
vn 0.000000 1.000000 0.000000
vn 0.000000 1.000000 0.000000
vn 0.000000 1.000000 0.000000
vn -1.000000 0.000000 -0.000577
vn -1.000000 0.000000 -0.000577
vn -1.000000 0.000000 -0.000577
vn -1.000000 0.000000 -0.000577
vn 0.000000 0.000000 -1.000000
vn 0.000000 0.000000 -1.000000
vn 0.000000 0.000000 -1.000000
vn 0.000000 0.000000 -1.000000
vn 0.000000 0.000000 1.000000
vn 0.000000 0.000000 1.000000
vn 0.000000 0.000000 1.000000
vn 0.000000 0.000000 1.000000
vn 1.000000 0.000000 0.000577
vn 1.000000 0.000000 0.000577
vn 1.000000 0.000000 0.000577
vn 1.000000 0.000000 0.000577
vn -1.000000 0.000001 -0.000015
vn -1.000000 0.000001 -0.000015
vn -1.000000 0.000001 -0.000015
vn -1.000000 0.000001 -0.000015
vn 0.000000 0.000000 -1.000000
vn 0.000000 0.000000 -1.000000
vn 0.000000 0.000000 -1.000000
vn 0.000000 0.000000 -1.000000
vn 1.000000 -0.000001 0.000016
vn 1.000000 -0.000001 0.000016
vn 1.000000 -0.000001 0.000016
vn 1.000000 -0.000001 0.000016
vn 0.000000 0.000000 1.000000
vn 0.000000 0.000000 1.000000
vn 0.000000 0.000000 1.000000
vn 0.000000 0.000000 1.000000
vn 0.000000 1.000000 0.000000
vn 0.000000 1.000000 0.000000
vn 0.000000 1.000000 0.000000
vn 0.000000 1.000000 0.000000
vn 0.000000 -1.000000 0.000000
vn 0.000000 -1.000000 0.000000
vn 0.000000 -1.000000 0.000000
vn 0.000000 -1.000000 0.000000
vn 0.000000 -0.955611 0.294631
vn 0.999908 -0.012958 0.004002
vn 0.999908 0.012987 0.003994
vn 0.000000 0.955691 0.294373
vn 0.999908 0.013000 -0.004002
vn 0.000000 0.955612 -0.294627
vn 0.999908 -0.012944 -0.003994
vn 0.000000 -0.955689 -0.294377
vn -1.000000 0.000000 0.000000
vn -1.000000 0.000000 0.000000
vn -1.000000 0.000000 0.000000
vn -1.000000 0.000000 0.000000
vn 0.000206 0.000000 -1.000000
vn 0.000206 0.000000 -1.000000
vn 0.000206 0.000000 -1.000000
vn 0.000206 0.000000 -1.000000
vn 1.000000 0.000000 0.000000
vn 1.000000 0.000000 0.000000
vn 1.000000 0.000000 0.000000
vn 1.000000 0.000000 0.000000
vn 0.000081 0.000000 -1.000000
vn 0.000081 0.000000 -1.000000
vn 0.000081 0.000000 -1.000000
vn 0.000081 0.000000 -1.000000
vn 0.000000 0.000000 -1.000000
vn 0.000000 0.000000 -1.000000
vn 0.000000 0.000000 -1.000000
vn 0.000000 0.000000 -1.000000
vn -1.000000 0.000000 0.000000
vn -1.000000 0.000000 0.000000
vn -1.000000 0.000000 0.000000
vn -1.000000 0.000000 0.000000
vn 1.000000 0.000000 0.000000
vn 1.000000 0.000000 0.000000
vn 1.000000 0.000000 0.000000
vn 1.000000 0.000000 0.000000
vn -0.000001 0.000000 1.000000
vn -0.000001 0.000000 1.000000
vn -0.000001 0.000000 1.000000
vn -0.000001 0.000000 1.000000
vn -1.000000 0.000000 0.000000
vn -1.000000 0.000000 0.000000
vn -1.000000 0.000000 0.000000
vn -1.000000 0.000000 0.000000
vn 0.000001 -0.000000 -1.000000
vn 0.000001 -0.000000 -1.000000
vn 0.000001 -0.000000 -1.000000
vn 0.000001 -0.000000 -1.000000
vn 1.000000 -0.000001 0.000010
vn 1.000000 -0.000001 0.000010
vn 1.000000 -0.000001 0.000010
vn 1.000000 -0.000001 0.000010
vn 0.000000 1.000000 0.000001
vn 0.000000 1.000000 0.000001
vn 0.000000 1.000000 0.000001
vn 0.000000 1.000000 0.000001
vn 0.000000 -1.000000 0.000000
vn 0.000000 -1.000000 0.000000
vn 0.000000 -1.000000 0.000000
vn 0.000000 -1.000000 0.000000
vn 0.994398 0.105703 0.000002
vn 0.988331 0.152324 0.000002
vn 0.999566 -0.026728 0.012350
vn 1.000000 0.000000 0.000002
vn 0.000000 1.000000 0.000001
vn 0.000000 1.000000 0.000000
vn 0.988460 0.151480 0.000006
vn 0.994229 0.107275 0.000008
vn 1.000000 -0.000002 0.000007
vn 0.999573 -0.026521 -0.012251
vn 0.000000 1.000000 -0.000000
vn 0.000000 1.000000 0.000000
vn 0.978742 0.205098 0.000000
vn 0.911305 0.411731 0.000001
vn 0.997863 -0.065310 0.001935
vn 0.998737 -0.049094 0.010661
vn 0.000000 1.000000 0.000000
vn 0.000000 1.000000 0.000000
vn 0.978742 0.205093 -0.000000
vn 0.998737 -0.049098 -0.010662
vn 0.000000 1.000000 -0.000000
vn 0.911315 0.411710 0.000001
vn 0.997863 -0.065311 -0.001933
vn 0.000000 1.000000 0.000000
vn 0.999507 0.001908 -0.031346
vn 1.000000 -0.000001 0.000010
vn 1.000000 -0.000002 0.000009
vn 0.999582 0.012493 -0.026056
vn 1.000000 -0.000000 0.000003
vn 0.999473 0.001972 0.032393
vn 0.999558 0.012848 0.026802
vn 1.000000 0.000000 0.000002
vn 1.000000 0.000003 0.000007
vn 0.999672 -0.017518 -0.018677
vn 0.999657 -0.017919 0.019108
vn 1.000000 -0.000001 0.000002
vn 0.999570 -0.005359 -0.028837
vn 1.000000 0.000001 0.000010
vn 1.000000 -0.000000 0.000003
vn 0.999542 -0.005530 0.029759
vn 0.000000 0.432291 -0.901734
vn 0.000000 0.060761 -0.998152
vn 0.000000 0.060759 0.998153
vn 0.000000 0.432289 0.901735
vn 0.000000 -0.684060 -0.729426
vn 0.000000 -0.907791 -0.419423
vn 0.000000 -0.977225 -0.212207
vn 0.000000 -0.999562 -0.029602
vn 0.000000 -0.999562 0.029600
vn 0.000000 -0.907790 0.419425
vn 0.000000 -0.684064 0.729422
vn 0.000000 -0.977225 0.212207
vn 0.000000 -0.182702 -0.983168
vn 0.000000 -0.182705 0.983168
vn 1.000000 -0.000002 0.000008
vn 0.998838 0.024610 -0.041427
vn 0.000000 0.510684 -0.859768
vn 0.998775 0.025268 0.042542
vn 0.000000 0.510682 0.859770
vn 1.000000 0.000000 0.000002
vn 0.000002 0.065288 -0.997867
vn -0.000004 0.438387 -0.898786
vn -0.000004 0.438388 -0.898786
vn 0.000002 0.065286 -0.997867
vn 0.000007 0.438384 0.898788
vn 0.000001 0.065284 0.997867
vn 0.000001 0.065284 0.997867
vn 0.000007 0.438383 0.898788
vn -0.000004 -0.910914 -0.412596
vn 0.000004 -0.691050 -0.722807
vn 0.000004 -0.691049 -0.722808
vn -0.000004 -0.910915 -0.412595
vn -0.000003 -0.978270 -0.207333
vn -0.000003 -0.978271 -0.207333
vn 0.000008 -0.999578 0.029039
vn 0.000008 -0.999578 -0.029038
vn 0.000008 -0.999578 -0.029038
vn 0.000008 -0.999578 0.029039
vn -0.000001 -0.691049 0.722807
vn -0.000002 -0.910915 0.412594
vn -0.000002 -0.910915 0.412594
vn -0.000001 -0.691049 0.722807
vn -0.000001 -0.978271 0.207331
vn -0.000001 -0.978271 0.207331
vn 0.000004 -0.193541 -0.981092
vn 0.000004 -0.193537 -0.981093
vn -0.000001 -0.193538 0.981093
vn -0.000001 -0.193539 0.981093
vn -0.000008 0.519269 -0.854611
vn -0.000008 0.519269 -0.854611
vn 0.000011 0.519266 0.854613
vn 0.000011 0.519266 0.854613
vn 0.000000 0.000000 -1.000000
vn 0.000000 0.000000 -1.000000
vn 0.000000 0.000000 -1.000000
vn 0.000000 0.000000 -1.000000
vn 1.000000 0.000000 0.000029
vn 1.000000 0.000000 0.000029
vn 1.000000 0.000000 0.000029
vn 1.000000 0.000000 0.000029
vn -0.000000 0.000000 1.000000
vn -0.000000 0.000000 1.000000
vn -0.000000 0.000000 1.000000
vn -0.000000 0.000000 1.000000
vn -1.000000 0.000000 0.000000
vn -1.000000 0.000000 0.000000
vn -1.000000 0.000000 0.000000
vn -1.000000 0.000000 0.000000
vn 0.000000 1.000000 0.000000
vn 0.000000 1.000000 0.000000
vn 0.000000 1.000000 0.000000
vn 0.000000 1.000000 0.000000
vn 0.000000 -1.000000 0.000000
vn 0.000000 -1.000000 0.000000
vn 0.000000 -1.000000 0.000000
vn 0.000000 -1.000000 0.000000
vn 0.000000 1.000000 0.000000
vn 0.926964 0.375152 0.000000
vn 0.926964 0.375152 0.000000
vn 0.000000 1.000000 0.000000
vn 1.000000 0.000000 0.000000
vn 1.000000 0.000000 0.000000
vn -1.000000 0.000000 0.000000
vn -1.000000 0.000000 0.000000
vn -1.000000 0.000000 0.000000
vn -1.000000 0.000000 0.000000
vn -1.000000 0.000000 0.000000
vn -1.000000 0.000000 0.000000
vn -1.000000 0.000000 0.000000
vn -1.000000 0.000000 0.000000
vn 0.000005 0.000000 1.000000
vn 0.000005 0.000000 1.000000
vn 0.000005 0.000000 1.000000
vn 0.000005 0.000000 1.000000
vn 1.000000 0.000000 0.000000
vn 1.000000 0.000000 0.000000
vn 1.000000 0.000000 0.000000
vn 1.000000 0.000000 0.000000
vn -0.000001 0.000000 1.000000
vn -0.000001 0.000000 1.000000
vn -0.000001 0.000000 1.000000
vn -0.000001 0.000000 1.000000
vn -0.000001 -0.000000 1.000000
vn -0.000001 -0.000000 1.000000
vn -0.000001 -0.000000 1.000000
vn -0.000001 -0.000000 1.000000
vn 0.000000 -1.000000 0.000000
vn 0.000000 -1.000000 0.000000
vn 0.000000 -1.000000 0.000000
vn 0.000000 -1.000000 0.000000
vn 0.000000 1.000000 0.000000
vn 0.000000 1.000000 0.000000
vn 0.000000 1.000000 0.000000
vn 0.000000 1.000000 0.000000
vn 0.000000 1.000000 0.000000
vn 0.000000 1.000000 0.000000
vn 0.000000 1.000000 0.000000
vn 0.000000 1.000000 0.000000
vn -1.000000 0.000004 -0.000007
vn -1.000000 0.000004 -0.000007
vn -1.000000 0.000004 -0.000007
vn -1.000000 0.000004 -0.000007
vn 0.000000 -1.000000 0.000000
vn 0.000000 -1.000000 0.000000
vn 0.000000 -1.000000 0.000000
vn 0.000000 -1.000000 0.000000
vn -0.048398 0.589587 0.806254
vn -0.972722 0.002407 0.231960
vn 0.972811 0.002403 0.231587
vn 0.048269 0.589551 0.806288
vn -0.342634 0.938914 -0.032294
vn -0.045673 0.870079 -0.490792
vn -0.973564 0.002206 -0.228402
vn 0.044039 0.870153 -0.490810
vn 0.973298 0.002217 -0.229534
vn 0.344986 0.938053 -0.032264
vn -0.312194 0.949913 0.014175
vn 0.312769 0.949724 0.014172
vn 0.973127 0.001904 -0.230259
vn -0.973075 0.001906 -0.230479
vn -0.973331 -0.000000 0.229406
vn 0.973418 -0.000000 0.229036
vn 0.007927 0.020144 0.999766
vn 0.000000 0.020144 0.999797
vn 0.000000 -0.115941 0.993256
vn 0.054254 -0.115770 0.991793
vn 0.000000 0.989363 0.145470
vn 0.524773 0.842188 0.123830
vn 0.000000 0.020853 -0.999783
vn 0.000000 0.989519 -0.144406
vn 0.523303 0.843215 -0.123055
vn 0.008145 0.020853 -0.999749
vn 0.054234 -0.115771 -0.991794
vn 0.000000 -0.115941 -0.993256
vn -0.551098 0.834441 0.000000
vn 0.000000 1.000000 0.000000
vn -0.000666 0.993373 -0.114937
vn -0.546506 0.833304 -0.083280
vn -0.005457 0.017247 -0.999836
vn -0.985252 0.026983 -0.168967
vn 0.549076 0.835772 0.000000
vn 0.999509 0.031346 0.000000
vn 0.985225 0.026811 -0.169155
vn 0.533993 0.841809 -0.078794
vn -0.999508 0.031355 0.000000
vn 0.000000 1.000000 0.000000
vn 0.001069 0.993342 -0.115203
vn 0.008526 0.017284 -0.999814
vn 0.999651 -0.026404 0.000000
vn 0.886231 -0.463243 0.000000
vn 0.856975 -0.502929 -0.112499
vn 0.985020 -0.021700 -0.171072
vn 0.008305 -0.497439 -0.867459
vn 0.008510 -0.029692 -0.999523
vn -0.005131 -0.496824 -0.867836
vn -0.005450 -0.029677 -0.999545
vn -0.985059 -0.021681 -0.170850
vn -0.854211 -0.506724 -0.116425
vn -0.886286 -0.463138 0.000000
vn -0.999651 -0.026411 0.000000
vn -0.025921 0.997090 0.071686
vn -0.563433 0.823783 0.062654
vn -0.627552 0.711600 0.315916
vn -0.000017 -0.000001 1.000000
vn -0.565562 0.824598 -0.013365
vn -0.570592 0.765193 -0.298167
vn -0.716340 0.055151 -0.695569
vn -0.847961 0.504680 -0.162052
vn -0.019505 0.837950 -0.545398
vn -0.002980 0.035161 -0.999377
vn 0.600853 0.734119 -0.316299
vn 0.566797 0.823729 -0.014577
vn 0.992565 0.111360 -0.049137
vn 0.715915 0.046913 -0.696609
vn -0.025681 0.999569 -0.014209
vn 0.991561 0.118485 0.052605
vn 0.563430 0.823784 0.062665
vn 0.000012 0.000000 -1.000000
vn -0.722160 0.000000 -0.691726
vn -0.933625 0.000000 -0.358253
vn -0.000017 -0.000011 1.000000
vn 0.684663 -0.000008 0.728860
vn 0.998609 0.000000 -0.052736
vn 0.722365 0.000000 -0.691512
vn -0.000018 -0.000002 1.000000
vn 0.025921 0.997090 0.071686
vn 0.025672 0.999570 -0.014209
vn 0.019570 0.837700 -0.545781
vn 0.003040 0.034637 -0.999395
vn 0.000014 0.000000 -1.000000
vn -1.000000 0.000000 0.000000
vn -1.000000 0.000000 0.000000
vn -1.000000 0.000000 0.000000
vn -1.000000 0.000000 0.000000
vn 1.000000 0.000000 0.000000
vn 1.000000 0.000000 0.000000
vn 1.000000 0.000000 0.000000
vn 1.000000 0.000000 0.000000
vn 0.000093 0.000000 -1.000000
vn 0.000093 0.000000 -1.000000
vn 0.000093 0.000000 -1.000000
vn 0.000093 0.000000 -1.000000
vn 0.000099 0.000000 -1.000000
vn 0.000099 0.000000 -1.000000
vn 0.000099 0.000000 -1.000000
vn -1.000000 0.000000 0.000000
vn -1.000000 0.000000 0.000000
vn -1.000000 0.000000 0.000000
vn -1.000000 0.000000 0.000000
vn 1.000000 0.000000 0.000000
vn 1.000000 0.000000 0.000000
vn 1.000000 0.000000 0.000000
vn 1.000000 0.000000 0.000000
vn 0.000085 0.000000 -1.000000
vn 0.000085 0.000000 -1.000000
vn 0.000085 0.000000 -1.000000
vn 0.000085 0.000000 -1.000000
vn 0.000097 0.000000 -1.000000
vn 0.000097 0.000000 -1.000000
vn 0.000097 0.000000 -1.000000
vn -1.000000 0.000000 0.000000
vn -1.000000 0.000000 0.000000
vn -1.000000 0.000000 0.000000
vn -1.000000 0.000000 0.000000
vn 1.000000 0.000000 0.000000
vn 1.000000 0.000000 0.000000
vn 1.000000 0.000000 0.000000
vn 1.000000 0.000000 0.000000
vn 0.000104 0.000000 -1.000000
vn 0.000104 0.000000 -1.000000
vn 0.000104 0.000000 -1.000000
vn 0.000104 0.000000 -1.000000
vn 0.000097 0.000000 -1.000000
vn 0.000097 0.000000 -1.000000
vn 0.000097 0.000000 -1.000000
vn 0.000048 0.000000 -1.000000
vn 0.000048 0.000000 -1.000000
vn 0.000048 0.000000 -1.000000
vn 0.000035 0.000000 -1.000000
vn 0.000035 0.000000 -1.000000
vn 0.000035 0.000000 -1.000000
vn 0.000035 0.000000 -1.000000
vn 0.000048 0.000000 -1.000000
vn 0.000048 0.000000 -1.000000
vn 0.000048 0.000000 -1.000000
vn 0.000041 -0.000000 -1.000000
vn 0.000041 -0.000000 -1.000000
vn 0.000041 -0.000000 -1.000000
vn 0.000041 -0.000000 -1.000000
vn 0.000050 0.000000 -1.000000
vn 0.000050 0.000000 -1.000000
vn 0.000050 0.000000 -1.000000
vn 0.000031 0.000000 -1.000000
vn 0.000031 0.000000 -1.000000
vn 0.000031 0.000000 -1.000000
vn 0.000031 0.000000 -1.000000
vn 0.000002 0.000010 -1.000000
vn 0.000002 0.000010 -1.000000
vn 0.000002 0.000010 -1.000000
vn 0.000002 0.000010 -1.000000
vn 0.000000 0.000000 -1.000000
vn 0.000000 0.000000 -1.000000
vn 0.000000 0.000000 -1.000000
vn 0.000000 0.000000 -1.000000
vn 0.000001 0.000000 -1.000000
vn 0.000001 0.000000 -1.000000
vn 0.000001 0.000000 -1.000000
vn 0.000001 0.000000 -1.000000
vn 0.000000 0.000000 -1.000000
vn 0.000000 0.000000 -1.000000
vn 0.000000 0.000000 -1.000000
vn 0.000000 0.000000 -1.000000
vn 0.000001 -0.000000 -1.000000
vn 0.000001 -0.000000 -1.000000
vn 0.000001 -0.000000 -1.000000
vn 0.000001 -0.000000 -1.000000
vn 0.000000 0.000000 -1.000000
vn 0.000000 0.000000 -1.000000
vn 0.000000 0.000000 -1.000000
vn 0.000000 0.000000 -1.000000
vn 0.000001 0.000000 -1.000000
vn 0.000001 0.000000 -1.000000
vn 0.000001 0.000000 -1.000000
vn 0.000001 0.000000 -1.000000
vn 0.000001 0.000000 -1.000000
vn 0.000001 0.000000 -1.000000
vn 0.000001 0.000000 -1.000000
vn 0.000001 0.000000 -1.000000
vn 0.000054 -0.000005 -1.000000
vn 0.000054 -0.000005 -1.000000
vn 0.000054 -0.000005 -1.000000
vn 0.000054 -0.000005 -1.000000
vn -1.000000 0.000000 0.000000
vn -1.000000 0.000000 0.000000
vn -1.000000 0.000000 0.000000
vn -1.000000 0.000000 0.000000
vn 1.000000 0.000000 0.000000
vn 1.000000 0.000000 0.000000
vn 1.000000 0.000000 0.000000
vn 1.000000 0.000000 0.000000
vn 0.000027 0.000000 -1.000000
vn 0.000027 0.000000 -1.000000
vn 0.000027 0.000000 -1.000000
vn 0.000027 0.000000 -1.000000
vn 0.000001 0.000019 -1.000000
vn 0.000001 0.000019 -1.000000
vn 0.000001 0.000019 -1.000000
vn 0.000001 0.000019 -1.000000
vn 1.000000 0.000000 0.000000
vn 1.000000 0.000000 0.000000
vn 1.000000 0.000000 0.000000
vn 1.000000 0.000000 0.000000
vn 0.000000 -1.000000 0.000000
vn 0.000000 -1.000000 0.000000
vn 0.000000 -1.000000 0.000000
vn 0.000000 -1.000000 0.000000
vn -1.000000 0.000000 0.000000
vn -1.000000 0.000000 0.000000
vn -1.000000 0.000000 0.000000
vn -1.000000 0.000000 0.000000
vn 0.000000 1.000000 0.000000
vn 0.000000 1.000000 0.000000
vn 0.000000 1.000000 0.000000
vn 0.000000 1.000000 0.000000
vn 1.000000 0.000000 0.000000
vn 1.000000 0.000000 0.000000
vn 1.000000 0.000000 0.000000
vn 1.000000 0.000000 0.000000
vn 0.000000 -1.000000 0.000000
vn 0.000000 -1.000000 0.000000
vn 0.000000 -1.000000 0.000000
vn 0.000000 -1.000000 0.000000
vn -1.000000 0.000012 0.000000
vn -1.000000 0.000012 0.000000
vn -1.000000 0.000012 0.000000
vn -1.000000 0.000012 0.000000
vn 0.000000 1.000000 0.000000
vn 0.000000 1.000000 0.000000
vn 0.000000 1.000000 0.000000
vn 0.000000 1.000000 0.000000
vn 1.000000 0.000000 0.000000
vn 1.000000 0.000000 0.000000
vn 1.000000 0.000000 0.000000
vn 1.000000 0.000000 0.000000
vn 0.000000 -1.000000 0.000000
vn 0.000000 -1.000000 0.000000
vn 0.000000 -1.000000 0.000000
vn 0.000000 -1.000000 0.000000
vn -1.000000 0.000000 0.000000
vn -1.000000 0.000000 0.000000
vn -1.000000 0.000000 0.000000
vn -1.000000 0.000000 0.000000
vn 0.000000 1.000000 0.000000
vn 0.000000 1.000000 0.000000
vn 0.000000 1.000000 0.000000
vn 0.000000 1.000000 0.000000
vn 0.000000 -1.000000 0.000000
vn 0.000000 -1.000000 0.000000
vn 0.000000 -1.000000 0.000000
vn 0.000000 -1.000000 0.000000
vn -1.000000 0.000000 0.000000
vn -1.000000 0.000000 0.000000
vn -1.000000 0.000000 0.000000
vn -1.000000 0.000000 0.000000
vn 0.000000 1.000000 0.000000
vn 0.000000 1.000000 0.000000
vn 0.000000 1.000000 0.000000
vn 0.000000 1.000000 0.000000
vn 1.000000 0.000000 0.000000
vn 1.000000 0.000000 0.000000
vn 1.000000 0.000000 0.000000
vn 1.000000 0.000000 0.000000
vn -0.996564 0.082826 0.000000
vn -0.998722 0.023439 -0.044766
vn -0.998997 0.000000 -0.044779
vn -1.000000 0.000000 0.000000
vn -0.391303 0.676424 -0.623965
vn -0.531292 0.000000 -0.847189
vn 0.998723 0.023439 -0.044764
vn 0.996721 0.080916 0.000000
vn 1.000000 0.000000 0.000000
vn 0.998997 0.000000 -0.044776
vn 0.000105 0.715253 -0.698866
vn 0.517587 0.226567 -0.825088
vn 0.531406 0.000000 -0.847117
vn 0.000151 0.000000 -1.000000
vn -0.996564 0.082830 0.000000
vn -0.998722 0.023441 -0.044770
vn -0.998997 0.000000 -0.044783
vn -1.000000 0.000000 0.000000
vn -0.391285 0.676436 -0.623963
vn -0.531275 0.000000 -0.847199
vn 0.998723 0.023439 -0.044764
vn 0.996721 0.080920 0.000000
vn 1.000000 0.000000 0.000000
vn 0.998997 0.000000 -0.044776
vn 0.000105 0.715247 -0.698871
vn 0.517553 0.226574 -0.825108
vn 0.531372 0.000000 -0.847139
vn 0.000151 0.000000 -1.000000
vn -0.996564 0.082830 0.000000
vn -0.998723 0.023439 -0.044765
vn -0.998997 0.000000 -0.044777
vn -1.000000 0.000000 0.000000
vn -0.391298 0.676447 -0.623944
vn -0.531299 0.000000 -0.847184
vn 0.998722 0.023442 -0.044771
vn 0.996721 0.080920 0.000000
vn 1.000000 0.000000 0.000000
vn 0.998997 0.000000 -0.044783
vn 0.000105 0.715252 -0.698867
vn 0.517529 0.226579 -0.825122
vn 0.531348 0.000000 -0.847154
vn 0.000151 0.000000 -1.000000
vn -0.996564 0.082827 0.000000
vn -0.998722 0.023441 -0.044771
vn -0.998997 0.000000 -0.044783
vn -1.000000 0.000000 0.000000
vn -0.391288 0.676424 -0.623974
vn -0.531272 0.000000 -0.847202
vn 0.998723 0.023436 -0.044758
vn 0.996721 0.080918 0.000000
vn 1.000000 0.000000 0.000000
vn 0.998997 0.000000 -0.044770
vn 0.000105 0.715243 -0.698876
vn 0.517586 0.226572 -0.825087
vn 0.531406 0.000000 -0.847117
vn 0.000151 0.000000 -1.000000
vn -0.996564 0.082830 0.000000
vn -0.998722 0.023440 -0.044766
vn -0.998997 0.000000 -0.044778
vn -1.000000 0.000000 0.000000
vn -0.391279 0.676397 -0.624009
vn -0.531241 0.000000 -0.847221
vn 0.998723 0.023433 -0.044751
vn 0.996721 0.080920 0.000000
vn 1.000000 0.000000 0.000000
vn 0.998998 0.000000 -0.044764
vn 0.000105 0.715222 -0.698898
vn 0.517637 0.226562 -0.825058
vn 0.531457 0.000000 -0.847085
vn 0.000151 0.000000 -1.000000
vn 0.717825 -0.585495 -0.376726
vn 0.459798 -0.587286 -0.666094
vn 0.459799 0.587283 -0.666095
vn 0.717827 0.585492 -0.376728
vn 0.097367 -0.589795 -0.801662
vn 0.097367 0.589792 -0.801664
vn -0.285650 -0.592442 -0.753271
vn -0.285651 0.592439 -0.753273
vn -0.601783 -0.594640 -0.533161
vn -0.601785 0.594637 -0.533163
vn -0.779730 -0.595889 -0.192194
vn -0.779732 0.595886 -0.192195
vn -0.779731 -0.595887 0.192195
vn -0.779733 0.595884 0.192195
vn -0.601785 -0.594636 0.533163
vn -0.601787 0.594633 0.533165
vn -0.285655 -0.592436 0.753274
vn -0.285655 0.592433 0.753276
vn 0.097366 -0.589788 0.801667
vn 0.097367 0.589785 0.801669
vn 0.459794 -0.587288 0.666095
vn 0.459795 0.587285 0.666096
vn 0.717821 -0.585502 0.376723
vn 0.717823 0.585499 0.376724
vn 0.811139 -0.584853 -0.000000
vn 0.811141 0.584850 -0.000000
vn -0.621316 -0.712490 0.326075
vn -0.397682 -0.714110 0.576104
vn -0.084125 -0.716378 0.692622
vn 0.246513 -0.718780 0.650067
vn 0.518836 -0.720773 0.459669
vn 0.671882 -0.721906 0.165610
vn 0.671883 -0.721904 -0.165611
vn 0.518840 -0.720769 -0.459672
vn 0.246518 -0.718773 -0.650072
vn -0.084125 -0.716372 -0.692628
vn -0.397680 -0.714112 -0.576104
vn -0.621310 -0.712497 -0.326071
vn -0.702275 -0.711906 -0.000000
vn -0.397680 0.714114 0.576101
vn -0.621312 0.712494 0.326073
vn -0.084124 0.716382 0.692618
vn 0.246512 0.718784 0.650063
vn 0.518834 0.720777 0.459666
vn 0.671878 0.721910 0.165609
vn 0.671880 0.721908 -0.165610
vn 0.518837 0.720772 -0.459669
vn 0.246517 0.718777 -0.650068
vn -0.084124 0.716376 -0.692624
vn -0.397678 0.714115 -0.576100
vn -0.621306 0.712501 -0.326069
vn -0.702271 0.711910 0.000000
vn 0.885455 0.000000 -0.464725
vn 0.568066 0.000000 -0.822983
vn 0.046659 0.996621 -0.067597
vn 0.072728 0.996621 -0.038171
vn 0.120536 0.000000 -0.992709
vn 0.009900 0.996621 -0.081537
vn -0.354603 0.000000 -0.935017
vn -0.029126 0.996621 -0.076799
vn -0.748513 0.000000 -0.663120
vn -0.061480 0.996621 -0.054466
vn -0.970944 0.000000 -0.239309
vn -0.079749 0.996621 -0.019656
vn -0.970944 0.000000 0.239308
vn -0.079749 0.996621 0.019656
vn -0.748514 0.000000 0.663119
vn -0.061480 0.996621 0.054466
vn -0.354604 0.000000 0.935017
vn -0.029126 0.996621 0.076798
vn 0.120537 0.000000 0.992709
vn 0.009900 0.996621 0.081537
vn 0.568062 0.000000 0.822986
vn 0.046658 0.996621 0.067597
vn 0.885456 0.000000 0.464723
vn 0.072728 0.996621 0.038170
vn 1.000000 0.000000 0.000000
vn 0.082136 0.996621 -0.000000
vn 0.000000 1.000000 -0.000000
vn -0.153127 0.016002 0.988077
vn 0.988101 0.016001 0.152969
vn 0.988102 0.016001 0.152968
vn -0.153125 0.016002 0.988077
vn -0.988101 -0.015993 -0.152974
vn 0.153120 -0.015993 -0.988078
vn 0.153125 -0.015993 -0.988077
vn -0.988102 -0.015993 -0.152970
vn -0.153120 0.016001 0.988078
vn 0.988101 0.016000 0.152970
vn 0.988102 0.016000 0.152967
vn -0.153121 0.016001 0.988078
vn -0.988101 -0.015994 -0.152974
vn 0.153117 -0.015995 -0.988079
vn 0.153117 -0.015995 -0.988079
vn -0.988101 -0.015994 -0.152970
vn 0.988619 0.016003 0.149588
vn 0.149349 0.016001 -0.988655
vn 0.149342 0.016001 -0.988656
vn 0.988619 0.016003 0.149589
vn -0.149353 -0.015994 0.988655
vn -0.988620 -0.015996 -0.149583
vn -0.988620 -0.015996 -0.149585
vn -0.149346 -0.015993 0.988656
vn 0.988627 0.015995 0.149538
vn 0.149331 0.015995 -0.988658
vn 0.149331 0.015995 -0.988658
vn 0.988627 0.015995 0.149535
vn -0.149333 -0.015994 0.988658
vn -0.988628 -0.015994 -0.149532
vn -0.988627 -0.015994 -0.149537
vn -0.149340 -0.015994 0.988657
vn 0.000000 0.000000 1.000000
vn 0.000000 0.000000 1.000000
vn 0.000000 0.000000 1.000000
vn 0.000000 0.000000 1.000000
vn 0.000000 0.000000 -1.000000
vn 0.000000 0.000000 -1.000000
vn 0.000000 0.000000 -1.000000
vn 0.000000 0.000000 -1.000000
vn 1.000000 0.000000 0.000000
vn 1.000000 0.000000 0.000000
vn 1.000000 0.000000 0.000000
vn 1.000000 0.000000 0.000000
vn 0.000000 1.000000 0.000000
vn 0.000000 1.000000 0.000000
vn 0.000000 1.000000 0.000000
vn 0.000000 1.000000 0.000000
vn 0.000000 -1.000000 0.000000
vn 0.000000 -1.000000 0.000000
vn 0.000000 -1.000000 0.000000
vn 0.000000 -1.000000 0.000000
vn 0.000000 0.000000 1.000000
vn 0.000000 0.000000 1.000000
vn 0.000000 0.000000 1.000000
vn 0.000000 0.000000 1.000000
vn 0.000000 0.000000 -1.000000
vn 0.000000 0.000000 -1.000000
vn 0.000000 0.000000 -1.000000
vn 0.000000 0.000000 -1.000000
vn 1.000000 0.000000 0.000000
vn 1.000000 0.000000 0.000000
vn 1.000000 0.000000 0.000000
vn 1.000000 0.000000 0.000000
vn 0.992203 -0.025380 -0.122022
vn 0.992203 -0.025380 -0.122022
vn 0.992203 -0.025380 -0.122022
vn 0.992203 -0.025380 -0.122022
vn 0.025631 0.999671 0.000849
vn 0.025631 0.999671 0.000849
vn 0.025631 0.999671 0.000849
vn 0.025631 0.999671 0.000849
vn -0.992197 0.025682 0.122007
vn -0.992197 0.025682 0.122007
vn -0.992197 0.025682 0.122007
vn -0.992197 0.025682 0.122007
vn -0.121968 0.003933 -0.992526
vn -0.121968 0.003933 -0.992526
vn -0.121968 0.003933 -0.992526
vn -0.121968 0.003933 -0.992526
vn 0.121955 -0.003907 0.992528
vn 0.121955 -0.003907 0.992528
vn 0.121955 -0.003907 0.992528
vn 0.121955 -0.003907 0.992528
vn 0.939147 -0.110955 0.325103
vn 0.980466 -0.153725 0.122698
vn 0.989064 -0.085786 0.119973
vn 0.942446 -0.079621 0.324740
vn 0.946448 0.025144 0.321875
vn 0.992006 0.040764 0.119421
vn -0.985036 0.161145 -0.061120
vn -0.989446 0.143239 -0.021899
vn -0.995923 0.087693 -0.021150
vn -0.994361 0.087111 -0.060488
vn -0.994361 0.087111 -0.060481
vn -0.995931 0.087694 -0.020767
vn 0.780969 -0.107001 -0.615335
vn -0.932484 0.086300 0.350751
vn -0.932356 0.086288 0.351094
vn 0.784171 -0.076279 -0.615839
vn -0.963934 0.087946 0.251190
vn -0.918019 0.085430 0.387225
vn -0.918021 0.085433 0.387220
vn -0.963754 0.087938 0.251884
vn 0.955649 -0.089995 -0.280419
vn 0.938061 -0.208377 -0.276804
vn 0.885045 -0.150679 -0.440444
vn 0.894170 -0.083748 -0.439826
vn -0.955630 0.159963 0.247354
vn 0.954657 0.091030 -0.283448
vn 0.897141 0.041838 -0.439759
vn -0.908920 0.159474 0.385270
vn -0.992385 0.088588 0.085582
vn -0.981580 0.088579 0.169277
vn -0.981580 0.088582 0.169275
vn -0.992447 0.088590 0.084854
vn 0.994370 -0.090884 -0.054481
vn 0.976183 -0.210198 -0.053709
vn 0.959368 -0.228113 -0.166068
vn 0.981999 -0.083897 -0.169230
vn -0.983181 0.160583 0.086993
vn 0.994553 0.091135 -0.050593
vn 0.979441 0.111322 -0.168236
vn -0.972011 0.164302 0.167926
vn -0.925901 0.142055 0.350041
vn 0.789006 0.027766 -0.613758
vn 0.992204 -0.025294 -0.122034
vn 0.992204 -0.025294 -0.122034
vn 0.992204 -0.025294 -0.122034
vn 0.992204 -0.025294 -0.122034
vn 0.025631 0.999671 0.000851
vn 0.025631 0.999671 0.000851
vn 0.025631 0.999671 0.000851
vn 0.025631 0.999671 0.000851
vn -0.992207 0.025353 0.121993
vn -0.992207 0.025353 0.121993
vn -0.992207 0.025353 0.121993
vn -0.992207 0.025353 0.121993
vn -0.121963 0.003952 -0.992527
vn -0.121963 0.003952 -0.992527
vn -0.121963 0.003952 -0.992527
vn -0.121963 0.003952 -0.992527
vn 0.121942 -0.003986 0.992529
vn 0.121942 -0.003986 0.992529
vn 0.121942 -0.003986 0.992529
vn 0.121942 -0.003986 0.992529
vn 0.999541 0.000000 -0.030295
vn 0.999541 0.000000 -0.030295
vn 0.999541 0.000000 -0.030295
vn 0.999541 0.000000 -0.030295
vn 0.000000 1.000000 -0.000000
vn 0.000000 1.000000 -0.000000
vn 0.000000 1.000000 -0.000000
vn 0.000000 1.000000 -0.000000
vn -0.999541 0.000000 0.030301
vn -0.999541 0.000000 0.030301
vn -0.999541 0.000000 0.030301
vn -0.999541 0.000000 0.030301
vn -0.030295 0.000000 -0.999541
vn -0.030295 0.000000 -0.999541
vn -0.030295 0.000000 -0.999541
vn -0.030295 0.000000 -0.999541
vn 0.030295 0.000000 0.999541
vn 0.030295 0.000000 0.999541
vn 0.030295 0.000000 0.999541
vn 0.030295 0.000000 0.999541
vn 0.992202 -0.025411 -0.122021
vn 0.992202 -0.025411 -0.122021
vn 0.992202 -0.025411 -0.122021
vn 0.992202 -0.025411 -0.122021
vn 0.025633 0.999671 0.000850
vn 0.025633 0.999671 0.000850
vn 0.025633 0.999671 0.000850
vn 0.025633 0.999671 0.000850
vn -0.992200 0.025485 0.122022
vn -0.992200 0.025485 0.122022
vn -0.992200 0.025485 0.122022
vn -0.992200 0.025485 0.122022
vn -0.121961 0.003916 -0.992527
vn -0.121961 0.003916 -0.992527
vn -0.121961 0.003916 -0.992527
vn -0.121961 0.003916 -0.992527
vn 0.121963 -0.003974 0.992527
vn 0.121963 -0.003974 0.992527
vn 0.121963 -0.003974 0.992527
vn 0.121963 -0.003974 0.992527
vn 0.992199 -0.025503 -0.122027
vn 0.992199 -0.025503 -0.122027
vn 0.992199 -0.025503 -0.122027
vn 0.992199 -0.025503 -0.122027
vn 0.025631 0.999671 0.000850
vn 0.025631 0.999671 0.000850
vn 0.025631 0.999671 0.000850
vn 0.025631 0.999671 0.000850
vn -0.992209 0.025203 0.122012
vn -0.992209 0.025203 0.122012
vn -0.992209 0.025203 0.122012
vn -0.992209 0.025203 0.122012
vn -0.121970 0.003958 -0.992526
vn -0.121970 0.003958 -0.992526
vn -0.121970 0.003958 -0.992526
vn -0.121970 0.003958 -0.992526
vn 0.121946 -0.003922 0.992529
vn 0.121946 -0.003922 0.992529
vn 0.121946 -0.003922 0.992529
vn 0.121946 -0.003922 0.992529
vn 0.811945 -0.140564 0.566558
vn 0.985144 -0.171538 -0.008117
vn 0.991036 -0.133348 -0.008169
vn 0.870535 -0.117609 0.477847
vn 0.874384 0.288407 0.390222
vn 0.966939 0.254883 -0.007969
vn -0.964449 0.264145 0.008114
vn -0.962263 0.231154 0.143588
vn -0.934850 0.194719 0.296884
vn -0.979585 0.200868 0.008048
vn -0.963654 0.267035 0.007957
vn -0.940622 0.261124 0.216899
vn 0.802455 -0.140557 -0.579922
vn -0.944068 0.261130 -0.201363
vn -0.939546 0.194875 -0.281561
vn 0.862512 -0.117607 -0.492181
vn 0.868040 0.287572 -0.404733
vn -0.964471 0.231107 -0.128004
vn 0.000000 0.000000 -1.000000
vn 0.000000 0.000000 -1.000000
vn 0.000000 0.000000 -1.000000
vn 0.000000 0.000000 -1.000000
vn 0.000000 0.000000 1.000000
vn 0.000000 0.000000 1.000000
vn 0.000000 0.000000 1.000000
vn 0.000000 0.000000 1.000000
vn -1.000000 0.000000 0.000000
vn -1.000000 0.000000 0.000000
vn -1.000000 0.000000 0.000000
vn -1.000000 0.000000 0.000000
vn 1.000000 0.000000 0.000000
vn 1.000000 0.000000 0.000000
vn 1.000000 0.000000 0.000000
vn 1.000000 0.000000 0.000000
vn 0.992722 -0.025132 -0.117773
vn 0.992722 -0.025132 -0.117773
vn 0.992722 -0.025132 -0.117773
vn 0.992722 -0.025132 -0.117773
vn 0.024401 0.999661 -0.009124
vn 0.024401 0.999661 -0.009124
vn 0.024401 0.999661 -0.009124
vn 0.024401 0.999661 -0.009124
vn -0.992723 0.025105 0.117774
vn -0.992723 0.025105 0.117774
vn -0.992723 0.025105 0.117774
vn -0.992723 0.025105 0.117774
vn -0.121955 0.003982 -0.992528
vn -0.121955 0.003982 -0.992528
vn -0.121955 0.003982 -0.992528
vn -0.121955 0.003982 -0.992528
vn 0.121973 -0.004085 0.992525
vn 0.121973 -0.004085 0.992525
vn 0.121973 -0.004085 0.992525
vn 0.121973 -0.004085 0.992525
vn -0.015012 -0.346487 -0.937935
vn 0.342316 -0.325591 -0.881368
vn 0.500161 -0.330918 -0.800208
vn -0.025351 -0.382028 -0.923803
vn 0.089539 0.990084 -0.108241
vn -0.068279 0.996894 -0.039252
vn 0.014990 0.999888 0.000000
vn 0.342318 -0.325588 0.881369
vn -0.015099 -0.346484 0.937934
vn -0.025495 -0.382024 0.923801
vn 0.500162 -0.330914 0.800209
vn -0.277493 0.367267 0.887757
vn -0.024539 0.382163 0.923769
vn 0.994843 -0.050997 0.087680
vn 0.997601 0.008361 0.068717
vn 0.089539 0.990084 0.108241
vn -0.068066 0.996908 0.039253
vn 0.014990 0.999888 0.000000
vn 0.994842 -0.050997 -0.087680
vn 0.997601 0.008361 -0.068716
vn 0.997260 -0.037118 -0.063990
vn 0.991371 -0.115571 -0.061858
vn 0.860427 0.061552 0.505843
vn 0.955405 -0.148469 0.255263
vn 0.988172 -0.076946 -0.132650
vn -0.278208 0.367053 -0.887622
vn 0.997260 -0.037117 0.063990
vn 0.860425 0.061551 -0.505846
vn 0.991371 -0.115570 0.061859
vn 0.988172 -0.076945 0.132652
vn 0.955404 -0.148469 -0.255265
vn 0.974097 -0.199367 0.106710
vn 0.974097 -0.199367 -0.106710
vn 0.838046 0.462266 -0.289809
vn 0.838049 0.462262 0.289806
vn 0.924967 0.257548 -0.279473
vn -0.959890 0.107182 0.259081
vn -0.959889 0.107144 -0.259100
vn -0.899253 0.167158 -0.404231
vn -0.899220 0.167246 0.404268
vn 0.924967 0.257546 0.279473
vn 0.992863 0.080821 0.087701
vn 0.992863 0.080821 -0.087702
vn 0.990916 0.113940 -0.071432
vn 0.990916 0.113940 0.071432
vn -0.024683 0.382022 -0.923824
vn 0.000000 0.000000 -1.000000
vn 0.000000 0.000000 -1.000000
vn 0.000000 0.000000 -1.000000
vn 0.000000 0.000000 -1.000000
vn 0.000000 1.000000 0.000000
vn 0.000000 1.000000 0.000000
vn 0.000000 1.000000 0.000000
vn 0.000000 1.000000 0.000000
vn 0.000000 0.000000 1.000000
vn 0.000000 0.000000 1.000000
vn 0.000000 0.000000 1.000000
vn 0.000000 0.000000 1.000000
vn -1.000000 0.000000 0.000000
vn -1.000000 0.000000 0.000000
vn -1.000000 0.000000 0.000000
vn -1.000000 0.000000 0.000000
vn 1.000000 0.000000 0.000000
vn 1.000000 0.000000 0.000000
vn 1.000000 0.000000 0.000000
vn 1.000000 0.000000 0.000000
vn 0.287345 0.044962 0.956771
vn 0.880290 -0.000245 0.474436
vn 0.521226 0.823619 0.223551
vn 0.214929 0.778363 0.589878
vn 0.055187 0.997670 -0.040115
vn -0.240065 0.862241 0.445993
vn -0.441806 0.858521 0.260285
vn -0.256210 0.943034 -0.212233
vn -0.880259 0.001569 -0.474491
vn -0.868852 0.054795 0.492030
vn 0.957144 -0.045308 -0.286046
vn 0.477317 -0.063683 -0.876421
vn 0.305309 0.792474 -0.527988
vn 0.660983 0.714191 -0.230290
vn -0.506725 0.063880 0.859738
vn -0.030455 -0.054511 -0.998049
vn 0.045905 0.796356 -0.603084
vn 0.991793 -0.025390 -0.125309
vn 0.991793 -0.025390 -0.125309
vn 0.991793 -0.025390 -0.125309
vn 0.991793 -0.025390 -0.125309
vn 0.025668 0.999670 0.001121
vn 0.025668 0.999670 0.001121
vn 0.025668 0.999670 0.001121
vn 0.025668 0.999670 0.001121
vn -0.991799 0.025186 0.125303
vn -0.991799 0.025186 0.125303
vn -0.991799 0.025186 0.125303
vn -0.991799 0.025186 0.125303
vn -0.121972 0.003955 -0.992526
vn -0.121972 0.003955 -0.992526
vn -0.121972 0.003955 -0.992526
vn -0.121972 0.003955 -0.992526
vn 0.121951 -0.004154 0.992527
vn 0.121951 -0.004154 0.992527
vn 0.121951 -0.004154 0.992528
vn 0.121951 -0.004154 0.992527
vn 1.000000 0.000000 0.000000
vn 1.000000 0.000000 0.000000
vn 1.000000 0.000000 0.000000
vn 1.000000 0.000000 0.000000
vn 0.000000 0.000000 1.000000
vn 0.000000 0.000000 1.000000
vn 0.000000 0.000000 1.000000
vn 0.000000 0.000000 1.000000
vn -1.000000 0.000000 0.000000
vn -1.000000 0.000000 0.000000
vn -1.000000 0.000000 0.000000
vn -1.000000 0.000000 0.000000
vn 0.000000 1.000000 0.000000
vn 0.000000 1.000000 0.000000
vn 0.000000 1.000000 0.000000
vn 0.000000 1.000000 0.000000
vn 0.000000 -1.000000 0.000000
vn 0.000000 -1.000000 0.000000
vn 0.000000 -1.000000 0.000000
vn 0.000000 -1.000000 0.000000
vn 0.000000 1.000000 0.000000
vn 0.000000 1.000000 0.000000
vn 0.000000 1.000000 0.000000
vn 0.000000 1.000000 0.000000
vn 0.000000 -1.000000 0.000000
vn 0.000000 -1.000000 0.000000
vn 0.000000 -1.000000 0.000000
vn 0.000000 -1.000000 0.000000
vn 0.000000 0.000000 1.000000
vn 0.000000 0.000000 1.000000
vn 0.000000 0.000000 1.000000
vn 0.000000 0.000000 1.000000
vn 0.000000 0.000000 1.000000
vn 0.000000 0.000000 1.000000
vn 0.000000 0.000000 1.000000
vn 0.000000 0.000000 1.000000
vn -0.000011 0.000000 1.000000
vn -0.000011 0.000000 1.000000
vn -0.000011 0.000000 1.000000
vn -0.000011 0.000000 1.000000
vn 0.000000 0.000000 1.000000
vn 0.000000 0.000000 1.000000
vn 0.000000 0.000000 1.000000
vn 0.000000 0.000000 1.000000
vn -1.000000 0.000000 0.000000
vn -1.000000 0.000000 0.000000
vn -1.000000 0.000000 0.000000
vn -1.000000 0.000000 0.000000
vn 1.000000 0.000000 0.000000
vn 1.000000 0.000000 0.000000
vn 1.000000 0.000000 0.000000
vn 1.000000 0.000000 0.000000
vn -1.000000 0.000000 0.000000
vn -1.000000 0.000000 0.000000
vn -1.000000 0.000000 0.000000
vn -1.000000 0.000000 0.000000
vn 1.000000 0.000000 0.000000
vn 1.000000 0.000000 0.000000
vn 1.000000 0.000000 0.000000
vn 1.000000 0.000000 0.000000
vn 0.000000 1.000000 0.000000
vn 0.000000 1.000000 0.000000
vn 0.000000 1.000000 0.000000
vn 0.000000 1.000000 0.000000
vn 0.000000 -1.000000 0.000000
vn 0.000000 -1.000000 0.000000
vn 0.000000 -1.000000 0.000000
vn 0.000000 -1.000000 0.000000
vn 0.000000 1.000000 0.000000
vn 0.000000 1.000000 0.000000
vn 0.000000 1.000000 0.000000
vn 0.000000 1.000000 0.000000
vn 0.000000 -1.000000 0.000000
vn 0.000000 -1.000000 0.000000
vn 0.000000 -1.000000 0.000000
vn 0.000000 -1.000000 0.000000
vn 0.000000 0.000000 1.000000
vn 0.000000 0.000000 1.000000
vn 0.000000 0.000000 1.000000
vn 0.000000 0.000000 1.000000
vn 0.000000 0.000000 1.000000
vn 0.000000 0.000000 1.000000
vn 0.000000 0.000000 1.000000
vn 0.000000 0.000000 1.000000
vn -0.000012 0.000000 1.000000
vn -0.000012 0.000000 1.000000
vn -0.000012 0.000000 1.000000
vn -0.000012 0.000000 1.000000
vn 0.000000 0.000000 1.000000
vn 0.000000 0.000000 1.000000
vn 0.000000 0.000000 1.000000
vn 0.000000 0.000000 1.000000
vn -1.000000 0.000000 0.000000
vn -1.000000 0.000000 0.000000
vn -1.000000 0.000000 0.000000
vn -1.000000 0.000000 0.000000
vn 1.000000 0.000000 0.000000
vn 1.000000 0.000000 0.000000
vn 1.000000 0.000000 0.000000
vn 1.000000 0.000000 0.000000
vn -1.000000 0.000000 0.000000
vn -1.000000 0.000000 0.000000
vn -1.000000 0.000000 0.000000
vn -1.000000 0.000000 0.000000
vn 1.000000 0.000000 0.000000
vn 1.000000 0.000000 0.000000
vn 1.000000 0.000000 0.000000
vn 1.000000 0.000000 0.000000
vn 0.000000 1.000000 0.000000
vn 0.000000 1.000000 0.000000
vn 0.000000 1.000000 0.000000
vn 0.000000 1.000000 0.000000
vn 0.000000 -1.000000 0.000000
vn 0.000000 -1.000000 0.000000
vn 0.000000 -1.000000 0.000000
vn 0.000000 -1.000000 0.000000
vn 0.000000 0.000000 1.000000
vn 0.000000 0.000000 1.000000
vn 0.000000 0.000000 1.000000
vn 0.000000 0.000000 1.000000
vn 0.000000 0.000000 1.000000
vn 0.000000 0.000000 1.000000
vn 0.000000 0.000000 1.000000
vn 0.000000 0.000000 1.000000
vn 1.000000 0.000000 0.000000
vn 1.000000 0.000000 0.000000
vn 1.000000 0.000000 0.000000
vn 1.000000 0.000000 0.000000
vn 0.000000 0.000000 1.000000
vn 0.000000 0.000000 1.000000
vn 0.000000 0.000000 1.000000
vn 0.000000 0.000000 1.000000
vn -1.000000 0.000000 0.000000
vn -1.000000 0.000000 0.000000
vn -1.000000 0.000000 0.000000
vn -1.000000 0.000000 0.000000
vn 0.000000 1.000000 0.000000
vn 0.000000 1.000000 0.000000
vn 0.000000 1.000000 0.000000
vn 0.000000 1.000000 0.000000
vn 0.000000 -1.000000 0.000000
vn 0.000000 -1.000000 0.000000
vn 0.000000 -1.000000 0.000000
vn 0.000000 -1.000000 0.000000
vn 0.000000 0.000000 1.000000
vn 0.000000 0.000000 1.000000
vn 0.000000 0.000000 1.000000
vn 0.000000 0.000000 1.000000
vn 0.000000 0.000000 1.000000
vn 0.000000 0.000000 1.000000
vn 0.000000 0.000000 1.000000
vn 0.000000 0.000000 1.000000
vn 1.000000 0.000000 0.000000
vn 1.000000 0.000000 0.000000
vn 1.000000 0.000000 0.000000
vn 1.000000 0.000000 0.000000
vn 0.000000 0.000000 1.000000
vn 0.000000 0.000000 1.000000
vn 0.000000 0.000000 1.000000
vn 0.000000 0.000000 1.000000
vn -1.000000 0.000000 0.000000
vn -1.000000 0.000000 0.000000
vn -1.000000 0.000000 0.000000
vn -1.000000 0.000000 0.000000
vn 0.000000 1.000000 0.000000
vn 0.000000 1.000000 0.000000
vn 0.000000 1.000000 0.000000
vn 0.000000 1.000000 0.000000
vn 0.000000 -1.000000 0.000000
vn 0.000000 -1.000000 0.000000
vn 0.000000 -1.000000 0.000000
vn 0.000000 -1.000000 0.000000
vn 0.000000 0.000000 1.000000
vn 0.000000 0.000000 1.000000
vn 0.000000 0.000000 1.000000
vn 0.000000 0.000000 1.000000
vn -0.000009 0.040597 0.999176
vn -0.712443 0.027111 0.701206
vn -0.712705 0.000000 0.701463
vn -0.000009 0.000000 1.000000
vn -0.999364 0.035653 -0.000000
vn -1.000000 0.000000 0.000000
vn 0.000149 0.341142 0.940012
vn -0.576706 0.586298 0.568916
vn -0.952534 0.304427 -0.001843
vn 0.000159 0.000000 1.000000
vn -0.711897 0.000000 0.702284
vn -0.999998 0.000000 -0.001934
vn -0.000013 0.040594 -0.999176
vn -0.000013 0.000000 -1.000000
vn -0.712705 0.000000 -0.701463
vn -0.712443 0.027111 -0.701206
vn -1.000000 0.000000 0.000000
vn -0.999364 0.035656 0.000000
vn -0.576703 0.586299 -0.568917
vn 0.000151 0.341116 -0.940021
vn -0.952526 0.304451 0.001843
vn -0.711896 0.000000 -0.702285
vn 0.000161 0.000000 -1.000000
vn -0.999998 0.000000 0.001934
vn 0.000009 0.040597 0.999176
vn 0.000009 0.000000 1.000000
vn 0.712705 0.000000 0.701463
vn 0.712443 0.027112 0.701206
vn 1.000000 0.000000 0.000000
vn 0.999364 0.035654 -0.000000
vn 0.576701 0.586305 0.568913
vn -0.000149 0.341141 0.940012
vn 0.952531 0.304438 -0.001843
vn 0.711897 0.000000 0.702284
vn -0.000159 0.000000 1.000000
vn 0.999998 0.000000 -0.001934
vn 0.000013 0.040594 -0.999176
vn 0.712444 0.027111 -0.701206
vn 0.712705 0.000000 -0.701463
vn 0.000013 0.000000 -1.000000
vn 0.999364 0.035655 0.000000
vn 1.000000 0.000000 0.000000
vn -0.000151 0.341117 -0.940021
vn 0.576707 0.586295 -0.568918
vn 0.952529 0.304444 0.001843
vn -0.000161 0.000000 -1.000000
vn 0.711896 0.000000 -0.702285
vn 0.999998 0.000000 0.001934
vn 0.048394 0.589584 -0.806256
vn 0.972722 0.002407 -0.231960
vn -0.972811 0.002402 -0.231587
vn -0.048267 0.589549 -0.806289
vn 0.342635 0.938914 0.032294
vn 0.045673 0.870079 0.490792
vn 0.973564 0.002207 0.228402
vn -0.044037 0.870152 0.490812
vn -0.973298 0.002216 0.229535
vn -0.344988 0.938053 0.032264
vn 0.312195 0.949912 -0.014175
vn -0.312771 0.949723 -0.014172
vn -0.973127 0.001904 0.230259
vn 0.973075 0.001907 0.230479
vn 0.973331 0.000000 -0.229406
vn -0.973418 -0.000000 -0.229036
vn -0.007927 0.020144 -0.999766
vn 0.000000 0.020144 -0.999797
vn 0.000000 -0.115941 -0.993256
vn -0.054253 -0.115770 -0.991793
vn 0.000000 0.989363 -0.145470
vn -0.524772 0.842188 -0.123830
vn 0.000000 0.020853 0.999783
vn 0.000000 0.989519 0.144406
vn -0.523299 0.843217 0.123055
vn -0.008145 0.020853 0.999749
vn -0.054234 -0.115771 0.991794
vn 0.000000 -0.115941 0.993256
vn 0.551096 0.834442 0.000000
vn 0.000000 1.000000 0.000000
vn 0.000666 0.993373 0.114937
vn 0.546504 0.833306 0.083279
vn 0.005458 0.017247 0.999836
vn 0.985252 0.026983 0.168966
vn -0.549084 0.835767 0.000000
vn -0.999509 0.031345 0.000000
vn -0.985225 0.026810 0.169155
vn -0.534000 0.841805 0.078794
vn 0.999508 0.031356 0.000000
vn 0.000000 1.000000 0.000000
vn -0.001069 0.993342 0.115203
vn -0.008527 0.017284 0.999814
vn -0.999651 -0.026403 0.000000
vn -0.886238 -0.463230 0.000000
vn -0.856982 -0.502918 0.112499
vn -0.985020 -0.021699 0.171071
vn -0.008304 -0.497440 0.867459
vn -0.008511 -0.029692 0.999523
vn 0.005131 -0.496824 0.867836
vn 0.005451 -0.029677 0.999545
vn 0.985059 -0.021681 0.170849
vn 0.854211 -0.506725 0.116424
vn 0.886286 -0.463138 0.000000
vn 0.999651 -0.026411 0.000000
vn 0.025921 0.997091 -0.071686
vn 0.563430 0.823785 -0.062653
vn 0.627552 0.711600 -0.315917
vn 0.000017 -0.000001 -1.000000
vn 0.565559 0.824599 0.013365
vn 0.570596 0.765190 0.298171
vn 0.716340 0.055150 0.695569
vn 0.847960 0.504681 0.162052
vn 0.019505 0.837952 0.545395
vn 0.002981 0.035162 0.999377
vn -0.600852 0.734120 0.316300
vn -0.566800 0.823726 0.014577
vn -0.992565 0.111358 0.049137
vn -0.715915 0.046914 0.696609
vn 0.025682 0.999569 0.014209
vn -0.991562 0.118482 -0.052605
vn -0.563433 0.823782 -0.062665
vn -0.000012 0.000000 1.000000
vn 0.722160 0.000000 0.691726
vn 0.933624 0.000000 0.358255
vn 0.000017 -0.000011 -1.000000
vn -0.684663 -0.000008 -0.728860
vn -0.998609 0.000000 0.052736
vn -0.722365 0.000000 0.691512
vn 0.000017 -0.000002 -1.000000
vn -0.025922 0.997090 -0.071686
vn -0.025673 0.999570 0.014209
vn -0.019570 0.837702 0.545777
vn -0.003040 0.034637 0.999395
vn -0.000014 0.000000 1.000000
vn -1.000000 0.000000 0.000000
vn -1.000000 0.000000 0.000000
vn -1.000000 0.000000 0.000000
vn -1.000000 0.000000 0.000000
vn 1.000000 0.000000 0.000000
vn 1.000000 0.000000 0.000000
vn 1.000000 0.000000 0.000000
vn 1.000000 0.000000 0.000000
vn 0.000093 0.000000 -1.000000
vn 0.000093 0.000000 -1.000000
vn 0.000093 0.000000 -1.000000
vn 0.000093 0.000000 -1.000000
vn 0.000099 0.000000 -1.000000
vn 0.000099 0.000000 -1.000000
vn 0.000099 0.000000 -1.000000
vn -1.000000 0.000000 0.000000
vn -1.000000 0.000000 0.000000
vn -1.000000 0.000000 0.000000
vn -1.000000 0.000000 0.000000
vn 1.000000 0.000000 0.000000
vn 1.000000 0.000000 0.000000
vn 1.000000 0.000000 0.000000
vn 1.000000 0.000000 0.000000
vn 0.000085 0.000000 -1.000000
vn 0.000085 0.000000 -1.000000
vn 0.000085 0.000000 -1.000000
vn 0.000085 0.000000 -1.000000
vn 0.000097 0.000000 -1.000000
vn 0.000097 0.000000 -1.000000
vn 0.000097 0.000000 -1.000000
vn -1.000000 0.000000 0.000000
vn -1.000000 0.000000 0.000000
vn -1.000000 0.000000 0.000000
vn -1.000000 0.000000 0.000000
vn 1.000000 0.000000 0.000000
vn 1.000000 0.000000 0.000000
vn 1.000000 0.000000 0.000000
vn 1.000000 0.000000 0.000000
vn 0.000104 0.000000 -1.000000
vn 0.000104 0.000000 -1.000000
vn 0.000104 0.000000 -1.000000
vn 0.000104 0.000000 -1.000000
vn 0.000097 0.000000 -1.000000
vn 0.000097 0.000000 -1.000000
vn 0.000097 0.000000 -1.000000
vn 0.000048 0.000000 -1.000000
vn 0.000048 0.000000 -1.000000
vn 0.000048 0.000000 -1.000000
vn 0.000035 0.000000 -1.000000
vn 0.000035 0.000000 -1.000000
vn 0.000035 0.000000 -1.000000
vn 0.000035 0.000000 -1.000000
vn 0.000048 0.000000 -1.000000
vn 0.000048 0.000000 -1.000000
vn 0.000048 0.000000 -1.000000
vn 0.000041 -0.000000 -1.000000
vn 0.000041 -0.000000 -1.000000
vn 0.000041 -0.000000 -1.000000
vn 0.000041 -0.000000 -1.000000
vn 0.000050 0.000000 -1.000000
vn 0.000050 0.000000 -1.000000
vn 0.000050 0.000000 -1.000000
vn 0.000031 0.000000 -1.000000
vn 0.000031 0.000000 -1.000000
vn 0.000031 0.000000 -1.000000
vn 0.000031 0.000000 -1.000000
vn 0.000002 0.000010 -1.000000
vn 0.000002 0.000010 -1.000000
vn 0.000002 0.000010 -1.000000
vn 0.000002 0.000010 -1.000000
vn 0.000000 0.000000 -1.000000
vn 0.000000 0.000000 -1.000000
vn 0.000000 0.000000 -1.000000
vn 0.000000 0.000000 -1.000000
vn 0.000001 0.000000 -1.000000
vn 0.000001 0.000000 -1.000000
vn 0.000001 0.000000 -1.000000
vn 0.000001 0.000000 -1.000000
vn 0.000000 0.000000 -1.000000
vn 0.000000 0.000000 -1.000000
vn 0.000000 0.000000 -1.000000
vn 0.000000 0.000000 -1.000000
vn 0.000001 -0.000000 -1.000000
vn 0.000001 -0.000000 -1.000000
vn 0.000001 -0.000000 -1.000000
vn 0.000001 -0.000000 -1.000000
vn 0.000000 0.000000 -1.000000
vn 0.000000 0.000000 -1.000000
vn 0.000000 0.000000 -1.000000
vn 0.000000 0.000000 -1.000000
vn 0.000001 0.000000 -1.000000
vn 0.000001 0.000000 -1.000000
vn 0.000001 0.000000 -1.000000
vn 0.000001 0.000000 -1.000000
vn 0.000001 0.000000 -1.000000
vn 0.000001 0.000000 -1.000000
vn 0.000001 0.000000 -1.000000
vn 0.000001 0.000000 -1.000000
vn 0.000054 -0.000005 -1.000000
vn 0.000054 -0.000005 -1.000000
vn 0.000054 -0.000005 -1.000000
vn 0.000054 -0.000005 -1.000000
vn -1.000000 0.000000 0.000000
vn -1.000000 0.000000 0.000000
vn -1.000000 0.000000 0.000000
vn -1.000000 0.000000 0.000000
vn 1.000000 0.000000 0.000000
vn 1.000000 0.000000 0.000000
vn 1.000000 0.000000 0.000000
vn 1.000000 0.000000 0.000000
vn 0.000027 0.000000 -1.000000
vn 0.000027 0.000000 -1.000000
vn 0.000027 0.000000 -1.000000
vn 0.000027 0.000000 -1.000000
vn 0.000001 0.000019 -1.000000
vn 0.000001 0.000019 -1.000000
vn 0.000001 0.000019 -1.000000
vn 0.000001 0.000019 -1.000000
vn 1.000000 0.000000 0.000000
vn 1.000000 0.000000 0.000000
vn 1.000000 0.000000 0.000000
vn 1.000000 0.000000 0.000000
vn 0.000000 -1.000000 0.000000
vn 0.000000 -1.000000 0.000000
vn 0.000000 -1.000000 0.000000
vn 0.000000 -1.000000 0.000000
vn -1.000000 0.000000 0.000000
vn -1.000000 0.000000 0.000000
vn -1.000000 0.000000 0.000000
vn -1.000000 0.000000 0.000000
vn 0.000000 1.000000 0.000000
vn 0.000000 1.000000 0.000000
vn 0.000000 1.000000 0.000000
vn 0.000000 1.000000 0.000000
vn 1.000000 0.000000 0.000000
vn 1.000000 0.000000 0.000000
vn 1.000000 0.000000 0.000000
vn 1.000000 0.000000 0.000000
vn 0.000000 -1.000000 0.000000
vn 0.000000 -1.000000 0.000000
vn 0.000000 -1.000000 0.000000
vn 0.000000 -1.000000 0.000000
vn -1.000000 0.000010 0.000000
vn -1.000000 0.000010 0.000000
vn -1.000000 0.000010 0.000000
vn -1.000000 0.000010 0.000000
vn 0.000000 1.000000 0.000000
vn 0.000000 1.000000 0.000000
vn 0.000000 1.000000 0.000000
vn 0.000000 1.000000 0.000000
vn 1.000000 0.000000 0.000000
vn 1.000000 0.000000 0.000000
vn 1.000000 0.000000 0.000000
vn 1.000000 0.000000 0.000000
vn 0.000000 -1.000000 0.000000
vn 0.000000 -1.000000 0.000000
vn 0.000000 -1.000000 0.000000
vn 0.000000 -1.000000 0.000000
vn -1.000000 0.000000 0.000000
vn -1.000000 0.000000 0.000000
vn -1.000000 0.000000 0.000000
vn -1.000000 0.000000 0.000000
vn 0.000000 1.000000 0.000000
vn 0.000000 1.000000 0.000000
vn 0.000000 1.000000 0.000000
vn 0.000000 1.000000 0.000000
vn 0.000000 -1.000000 0.000000
vn 0.000000 -1.000000 0.000000
vn 0.000000 -1.000000 0.000000
vn 0.000000 -1.000000 0.000000
vn -1.000000 0.000000 0.000000
vn -1.000000 0.000000 0.000000
vn -1.000000 0.000000 0.000000
vn -1.000000 0.000000 0.000000
vn 0.000000 1.000000 0.000000
vn 0.000000 1.000000 0.000000
vn 0.000000 1.000000 0.000000
vn 0.000000 1.000000 0.000000
vn 1.000000 0.000001 0.000000
vn 1.000000 0.000001 0.000000
vn 1.000000 0.000001 0.000000
vn 1.000000 0.000001 0.000000
vn -0.996564 0.082825 0.000000
vn -0.998723 0.023439 -0.044765
vn -0.998997 0.000000 -0.044777
vn -1.000000 0.000000 0.000000
vn -0.391309 0.676423 -0.623962
vn -0.531299 0.000000 -0.847184
vn 0.998723 0.023439 -0.044764
vn 0.996721 0.080915 -0.000000
vn 1.000000 0.000000 0.000000
vn 0.998997 0.000000 -0.044776
vn 0.000105 0.715248 -0.698871
vn 0.517583 0.226570 -0.825090
vn 0.531403 0.000000 -0.847119
vn 0.000151 0.000000 -1.000000
vn -0.996564 0.082829 0.000000
vn -0.998722 0.023442 -0.044771
vn -0.998997 0.000000 -0.044783
vn -1.000000 0.000000 0.000000
vn -0.391284 0.676433 -0.623968
vn -0.531272 0.000000 -0.847202
vn 0.998723 0.023438 -0.044764
vn 0.996721 0.080920 0.000000
vn 1.000000 0.000000 0.000000
vn 0.998997 0.000000 -0.044776
vn 0.000105 0.715252 -0.698867
vn 0.517556 0.226580 -0.825105
vn 0.531375 0.000000 -0.847136
vn 0.000151 0.000000 -1.000000
vn -0.996564 0.082830 0.000000
vn -0.998723 0.023439 -0.044765
vn -0.998997 0.000000 -0.044777
vn -1.000000 0.000000 0.000000
vn -0.391298 0.676445 -0.623945
vn -0.531299 0.000000 -0.847184
vn 0.998722 0.023442 -0.044771
vn 0.996721 0.080920 0.000000
vn 1.000000 0.000000 0.000000
vn 0.998997 0.000000 -0.044783
vn 0.000105 0.715252 -0.698867
vn 0.517529 0.226583 -0.825121
vn 0.531348 0.000000 -0.847154
vn 0.000151 0.000000 -1.000000
vn -0.996564 0.082827 0.000000
vn -0.998722 0.023442 -0.044771
vn -0.998997 0.000000 -0.044783
vn -1.000000 0.000000 0.000000
vn -0.391288 0.676425 -0.623974
vn -0.531272 0.000000 -0.847202
vn 0.998723 0.023436 -0.044758
vn 0.996721 0.080918 -0.000000
vn 1.000000 0.000000 0.000000
vn 0.998997 0.000000 -0.044770
vn 0.000105 0.715242 -0.698877
vn 0.517583 0.226573 -0.825090
vn 0.531403 0.000000 -0.847119
vn 0.000151 0.000000 -1.000000
vn -0.996564 0.082830 0.000000
vn -0.998723 0.023439 -0.044765
vn -0.998997 0.000000 -0.044777
vn -1.000000 0.000000 0.000000
vn -0.391281 0.676398 -0.624007
vn -0.531244 0.000000 -0.847219
vn 0.998723 0.023432 -0.044751
vn 0.996721 0.080920 0.000000
vn 1.000000 0.000000 0.000000
vn 0.998998 0.000000 -0.044764
vn 0.000105 0.715222 -0.698898
vn 0.517638 0.226557 -0.825059
vn 0.531457 0.000000 -0.847085
vn 0.000151 0.000000 -1.000000
vn 0.000000 -1.000000 0.000000
vn 0.000000 -1.000000 0.000000
vn 0.000000 -1.000000 0.000000
vn 0.000000 -1.000000 0.000000
vn 0.292251 -0.894914 0.337223
vn 0.654920 0.000000 0.755698
vn -0.654920 0.000000 0.755698
vn -0.292091 -0.895035 0.337039
vn 0.292251 -0.894915 -0.337220
vn -0.036021 -0.998465 0.042073
vn 0.035991 -0.998468 0.042037
vn -0.292091 -0.895036 -0.337037
vn -0.654920 0.000000 -0.755698
vn 0.654920 0.000000 -0.755698
vn -0.036021 -0.998465 -0.042072
vn 0.035991 -0.998468 -0.042037
vn -0.155830 -0.970802 0.182372
vn 0.155830 -0.970803 0.182372
vn -0.391700 -0.798283 -0.457510
vn 0.391697 -0.798284 -0.457512
vn 0.391702 -0.798281 0.457511
vn -0.391705 -0.798281 0.457510
vn 0.155832 -0.970802 -0.182370
vn -0.155833 -0.970802 -0.182370
vn -0.003929 -0.999982 -0.004598
vn 0.003929 -0.999982 -0.004598
vn 0.003929 -0.999982 0.004598
vn -0.003929 -0.999982 0.004598
s off
g CONSULTORIO
usemtl Plane_4_SG
f 1/1/1 2/2/2 10/27/3 9/18/4
f 2/2/5 3/5/6 11/26/7 10/27/8
f 3/5/9 4/7/10 12/25/11 11/26/12
f 4/7/13 5/9/14 13/24/15 12/25/16
f 5/9/17 6/11/18 14/23/19 13/24/20
f 6/11/21 7/13/22 15/21/23 14/23/24
f 7/13/25 8/15/26 16/20/27 15/21/28
f 8/22/29 1/1/30 9/18/31 16/19/32
f 9/4/33 10/3/34 17/17/35
f 10/3/36 11/6/37 17/17/38
f 11/6/39 12/8/40 17/17/41
f 12/8/42 13/10/43 17/17/44
f 13/10/45 14/12/46 17/17/47
f 14/12/48 15/14/49 17/17/50
f 15/14/51 16/16/52 17/17/53
f 16/16/54 9/4/55 17/17/56
f 20/28/57 21/29/58 19/30/59 18/31/60
f 21/32/61 23/33/62 22/34/63 19/35/64
f 25/36/65 20/28/66 18/31/67 24/37/68
f 22/34/69 23/33/70 25/36/71 24/37/72
f 29/38/73 31/39/74 30/40/75 27/41/76
f 33/42/77 28/43/78 26/44/79 32/45/80
f 30/40/81 31/39/82 33/42/83 32/45/84
f 29/38/85 28/43/86 33/42/87 31/39/88
f 26/44/89 27/41/90 30/40/91 32/45/92
f 36/46/93 37/47/94 35/48/95 34/49/96
f 39/50/97 41/51/98 40/52/99 38/53/100
f 41/51/101 39/50/102 37/47/103 36/46/104
f 34/49/105 35/48/106 38/54/107 40/55/108
f 44/56/109 45/57/110 43/58/111 42/59/112
f 45/57/113 47/60/114 46/61/115 43/58/116
f 49/62/117 44/56/118 42/59/119 48/63/120
f 45/57/121 44/56/122 49/64/123 47/65/124
f 42/59/125 43/58/126 46/66/127 48/67/128
f 50/68/129 51/69/130 53/70/131 52/71/132
f 52/71/133 53/72/134 55/73/135 54/74/136
f 54/74/137 55/75/138 57/76/139 56/77/140
f 56/77/141 50/68/142 52/71/143 54/74/144
f 60/78/145 61/79/146 59/80/147 58/81/148
f 61/82/149 63/83/150 62/84/151 59/85/152
f 63/83/153 65/86/154 64/87/155 62/84/156
f 65/86/157 60/88/158 58/89/159 64/87/160
f 65/90/161 63/91/162 61/79/163 60/78/164
f 58/81/165 59/80/166 62/84/167 64/87/168
f 66/92/169 67/93/170 69/94/171 68/95/172
f 68/95/173 69/96/174 71/97/175 70/98/176
f 70/98/177 71/99/178 73/100/179 72/101/180
f 72/101/181 66/92/182 68/95/183 70/98/184
f 77/102/185 75/103/186 74/104/187 76/105/188
f 80/106/189 81/107/190 79/108/191 78/109/192
f 81/110/193 83/111/194 82/112/195 79/113/196
f 85/114/197 80/106/198 78/109/199 84/115/200
f 82/112/201 83/111/202 85/114/203 84/115/204
f 88/116/205 89/117/206 87/118/207 86/119/208
f 89/120/209 91/121/210 90/122/211 87/123/212
f 91/121/213 93/124/214 92/125/215 90/122/216
f 93/124/217 88/126/218 86/127/219 92/125/220
f 93/128/221 91/129/222 89/117/223 88/116/224
f 86/119/225 87/118/226 90/122/227 92/125/228
s 1
f 94/130/229 95/131/230 97/132/231 96/133/232
f 96/134/232 97/132/231 99/135/233 98/136/234
f 98/137/234 99/135/233 101/138/235 100/139/236
f 100/140/236 101/138/235 95/131/230 94/141/229
f 95/131/230 101/138/235 99/135/233 97/132/231
s off
f 105/142/237 107/143/238 106/144/239 103/145/240
f 107/143/241 112/146/242 113/147/243 106/144/244
f 109/148/245 104/149/246 102/150/247 108/151/248
f 110/152/249 109/148/250 108/151/251 111/153/252
f 114/154/253 115/155/254 116/156/255 117/157/256
f 110/152/257 111/153/258 116/156/259 115/155/260
f 113/147/261 112/146/262 114/154/263 117/157/264
f 120/158/265 121/159/266 119/160/267 118/161/268
f 121/162/269 123/163/270 122/164/271 119/165/272
f 123/163/273 125/166/274 124/167/275 122/164/276
f 125/166/277 120/168/278 118/169/279 124/167/280
f 125/170/281 123/171/282 121/159/283 120/158/284
f 118/161/285 119/160/286 122/164/287 124/167/288
s 2
f 128/172/289 135/173/290 150/174/291 151/175/292
f 131/176/293 137/177/294 135/173/290 128/172/289
f 132/178/295 129/179/296 146/180/297 147/181/298
f 132/178/295 134/182/299 130/183/300 129/179/296
f 168/184/301 140/185/302 149/186/303 167/187/304
f 168/184/301 169/188/305 141/189/306 140/185/302
f 172/190/307 132/178/295 147/181/298 171/191/308
f 172/190/307 173/192/309 134/182/299 132/178/295
f 140/185/302 138/193/310 148/194/311 149/186/303
f 140/185/302 141/189/306 139/195/312 138/193/310
f 143/196/313 142/197/314 180/198/315 181/199/316
f 145/200/317 144/201/318 184/202/319 185/203/320
f 147/181/298 146/180/297 174/204/321 175/205/322
f 151/175/292 150/174/291 178/206/323 179/207/324
f 153/208/325 152/209/326 142/197/314 143/196/313
f 155/210/327 154/211/328 144/201/318 145/200/317
f 143/196/313 181/199/316 182/212/329 156/213/330
f 184/202/319 144/201/318 158/214/331 183/215/332
f 147/181/298 175/205/322 176/216/333 160/217/334
f 171/191/308 147/181/298 160/217/334 170/218/335
f 149/186/303 148/194/311 162/219/336 163/220/337
f 178/206/323 150/174/291 164/221/338 177/222/339
f 167/187/304 149/186/303 163/220/337 166/223/340
f 153/208/325 143/196/313 156/213/330 161/224/341
f 144/201/318 154/211/328 165/225/342 158/214/331
f 150/174/291 167/187/304 166/223/340 164/221/338
f 135/173/290 168/184/301 167/187/304 150/174/291
f 135/173/290 137/177/294 169/188/305 168/184/301
f 148/194/311 171/191/308 170/218/335 162/219/336
f 138/193/310 172/190/307 171/191/308 148/194/311
f 138/193/310 139/195/312 173/192/309 172/190/307
f 175/205/322 174/204/321 152/209/326 153/208/325
f 176/216/333 175/205/322 153/208/325 161/224/341
f 154/211/328 178/206/323 177/222/339 165/225/342
f 179/207/324 178/206/323 154/211/328 155/210/327
f 181/199/316 180/198/315 127/226/343 133/227/344
f 182/212/329 181/199/316 133/227/344 157/228/345
f 136/229/346 184/202/319 183/215/332 159/230/347
f 185/203/320 184/202/319 136/229/346 126/231/348
s 7
f 186/232/349 187/233/350 203/234/351 202/235/352
f 189/236/353 188/237/354 204/238/355 205/239/356
f 190/240/357 191/241/358 207/242/359 206/243/360
f 192/244/361 190/240/357 206/243/360 208/245/362
f 194/246/363 193/247/364 209/248/365 210/249/366
f 196/250/367 195/251/368 211/252/369 212/253/370
f 197/254/371 194/246/363 210/249/366 213/255/372
f 198/256/373 186/232/349 202/235/352 214/257/374
f 188/237/354 199/258/375 215/259/376 204/238/355
f 195/251/368 197/254/371 213/255/372 211/252/369
f 193/247/364 192/244/361 208/245/362 209/248/365
f 191/241/358 198/256/373 214/257/374 207/242/359
f 199/258/375 196/250/367 212/253/370 215/259/376
f 187/233/350 200/260/377 216/261/378 203/234/351
f 201/262/379 189/236/353 205/239/356 217/263/380
s off
f 220/264/381 221/265/382 219/266/383 218/267/384
f 221/268/385 223/269/386 222/270/387 219/271/388
f 223/269/389 225/272/390 224/273/391 222/270/392
f 225/272/393 220/274/394 218/275/395 224/273/396
f 225/276/397 223/277/398 221/265/399 220/264/400
f 218/267/401 219/266/402 222/270/403 224/273/404
s 11
f 227/278/405 228/279/406 230/280/407 229/281/408
f 226/282/409 231/283/410 230/280/407 228/279/406
s off
usemtl lambert3SG
f 242/284/411 243/285/412 236/286/413 233/287/414
f 237/288/415 241/289/416 240/290/417 235/291/418
f 244/292/419 245/293/420 232/294/421 234/295/422
f 239/296/423 234/297/424 232/298/425 238/299/426
f 240/300/427 244/292/428 234/295/429 235/301/430
f 245/293/431 242/302/432 233/303/433 232/294/434
f 238/299/435 232/298/436 233/304/437 236/305/438
f 234/297/439 239/296/440 237/288/441 235/291/442
f 246/306/443 243/285/444 242/284/445 245/307/446
f 245/307/447 244/308/448 247/309/449 246/306/450
f 240/290/451 241/289/452 247/309/453 244/308/454
s 12
f 251/310/455 262/311/456 263/312/457 250/313/458
f 256/314/459 253/315/460 261/316/461
f 261/317/461 253/318/460 255/319/462 260/320/463
f 255/321/462 257/322/464 260/323/463
f 253/318/460 256/314/459 257/322/464 255/319/462
f 258/324/465 256/314/459 261/316/461 262/325/456
f 256/314/459 258/324/465 259/326/466 257/322/464
f 263/327/457 260/323/463 257/322/464 259/326/466
f 254/328/467 252/329/468 261/330/461 260/331/463
f 252/329/468 249/332/469 262/333/456 261/330/461
f 249/334/469 248/335/470 263/336/457 262/337/456
f 248/335/470 254/328/467 260/331/463 263/336/457
f 251/338/455 258/324/465 262/325/456
f 258/324/465 251/310/455 250/313/458 259/326/466
f 263/327/457 259/326/466 250/339/458
s 14
f 267/340/471 266/341/472 264/342/473 265/343/474
f 275/344/475 266/345/472 267/346/471 274/347/476
f 274/347/476 267/346/471 265/348/474
f 268/349/477 273/350/478 272/351/479 269/352/480
f 269/352/480 272/351/479 271/353/481
f 273/350/478 275/344/475 274/347/476 272/351/479
f 264/354/473 270/355/482 271/353/481 265/348/474
f 272/351/479 274/347/476 265/348/474 271/353/481
f 268/356/477 269/357/480 271/358/481 270/359/482
s 15
f 278/360/483 287/361/484 288/362/485 280/363/486
f 280/363/486 288/362/485 299/364/487 300/365/488
f 279/366/489 296/367/490 297/368/491 281/369/492
f 301/370/493 278/371/483 280/363/486 300/365/488
f 284/372/494 279/373/489 281/369/492 285/374/495
f 298/375/496 285/374/495 281/369/492 297/368/491
f 287/361/484 284/372/494 285/374/495 288/362/485
f 299/364/487 288/362/485 285/374/495 298/375/496
f 290/376/497 277/377/498 283/378/499 291/379/500
f 286/380/501 292/381/502 291/379/500 283/378/499
f 289/382/503 293/383/504 292/381/502 286/380/501
f 294/384/505 293/383/504 289/382/503 282/385/506
f 294/384/505 282/385/506 276/386/507 295/387/508
f 297/368/491 296/367/490 290/376/497 291/379/500
f 292/381/502 298/375/496 297/368/491 291/379/500
f 293/383/504 299/364/487 298/375/496 292/381/502
f 300/365/488 299/364/487 293/383/504 294/384/505
f 301/370/493 300/365/488 294/384/505 295/387/508
s 18
f 327/388/509 305/389/510 317/390/511 326/391/512
f 311/392/513 307/393/514 315/394/515 316/395/516
f 307/393/514 329/396/517 330/397/518 315/394/515
f 309/398/519 312/399/520 319/400/521 314/401/522
f 329/396/517 307/393/514 311/392/513 328/402/523
f 305/403/510 311/404/513 316/405/516 317/406/511
f 327/388/509 328/402/523 311/404/513 305/403/510
f 318/407/524 319/408/521 312/409/520 304/410/525
f 331/411/526 306/412/527 315/394/515 330/397/518
f 306/412/527 310/413/528 316/395/516 315/394/515
f 317/390/511 303/414/529 326/391/512
f 302/415/530 313/416/531 319/408/521 318/407/524
f 313/417/531 308/418/532 314/401/522 319/400/521
f 302/419/530 318/420/524 320/421/533
f 304/422/525 321/423/534 320/421/533 318/420/524
f 304/410/525 312/409/520 322/424/535 321/423/534
f 309/398/519 323/425/536 322/424/535 312/399/520
f 324/426/537 323/425/536 309/398/519 314/401/522
f 324/426/537 314/401/522 308/418/532 325/427/538
f 326/391/512 303/414/529 302/419/530 320/421/533
f 321/423/534 327/388/509 326/391/512 320/421/533
f 321/423/534 322/424/535 328/402/523 327/388/509
f 323/425/536 329/396/517 328/402/523 322/424/535
f 330/397/518 329/396/517 323/425/536 324/426/537
f 331/411/526 330/397/518 324/426/537 325/427/538
s off
f 341/428/539 340/429/540 336/430/541 333/431/542
f 343/432/543 342/433/544 332/434/545 338/435/546
f 340/429/547 363/436/548 367/437/549 336/430/550
f 340/429/551 362/438/552 363/436/553
f 345/439/554 344/440/555 340/429/556 341/428/557
f 347/441/558 346/442/559 342/433/560 343/432/561
f 344/440/562 361/443/563 362/438/564 340/429/565
f 344/440/566 360/444/567 361/443/568
f 349/445/569 348/446/570 344/440/571 345/439/572
f 351/447/573 350/448/574 346/442/575 347/441/576
f 348/446/577 359/449/578 360/444/579 344/440/580
f 348/446/581 358/450/582 359/449/583
f 353/451/584 352/452/585 351/447/586
f 354/453/587 353/451/588 351/447/589 347/441/590
f 355/454/591 354/453/592 347/441/593
f 356/455/594 355/454/595 347/441/596 343/432/597
f 357/456/598 356/455/599 343/432/600
f 338/435/601 366/457/602 357/456/603 343/432/604
f 337/458/605 339/459/606 364/460/607 365/461/608
f 359/462/609 358/463/610 352/464/611 353/465/612
f 369/466/613 368/467/614 370/468/615 371/469/616
f 361/470/617 360/471/618 354/472/619 355/473/620
f 373/474/621 372/475/622 374/476/623 375/477/624
f 363/478/625 362/479/626 356/480/627 357/481/628
f 377/482/629 376/483/630 378/484/631 379/485/632
f 381/486/633 380/487/634 382/488/635 383/489/636
f 337/490/637 365/491/638 358/450/639 348/446/640
f 335/492/641 337/490/642 348/446/643 349/445/644
f 339/493/645 334/494/646 350/448/647 351/447/648
f 364/495/649 339/493/650 351/447/651 352/452/652
f 336/496/653 367/497/654 366/498/655 338/499/656
f 360/500/657 359/501/658 368/467/659 369/466/660
f 359/462/661 353/465/662 370/502/663 368/503/664
f 353/504/665 354/505/666 371/469/667 370/468/668
f 354/472/669 360/471/670 369/506/671 371/507/672
f 362/508/673 361/509/674 372/475/675 373/474/676
f 361/470/677 355/473/678 374/510/679 372/511/680
f 355/512/681 356/513/682 375/477/683 374/476/684
f 356/480/685 362/479/686 373/514/687 375/515/688
f 367/516/689 363/517/690 376/483/691 377/482/692
f 363/478/693 357/481/694 378/518/695 376/519/696
f 357/520/697 366/521/698 379/485/699 378/484/700
f 366/498/701 367/497/702 377/522/703 379/523/704
f 365/461/705 364/460/706 380/487/707 381/486/708
f 364/524/709 352/525/710 382/488/711 380/487/712
f 352/464/713 358/463/714 383/526/715 382/527/716
f 358/528/717 365/529/718 381/486/719 383/489/720
s 21
f 387/530/721 389/531/722 388/532/723 385/533/724
f 389/531/722 396/534/725 397/535/726 388/532/723
f 391/536/727 386/537/728 384/538/729 390/539/730
f 387/540/721 396/541/725 389/542/722
f 392/543/731 394/544/732 395/545/733 393/546/734
f 386/547/728 394/548/732 392/549/731
f 394/544/732 391/536/727 390/539/730 395/545/733
f 391/550/727 394/548/732 386/547/728
f 396/534/725 392/543/731 393/546/734 397/535/726
f 386/547/728 392/549/731 396/541/725 387/540/721
s 24
f 401/551/735 403/552/736 402/553/737 399/554/738
f 403/552/736 410/555/739 411/556/740 402/553/737
f 405/557/741 400/558/742 398/559/743 404/560/744
f 401/561/735 410/562/739 403/563/736
f 406/564/745 408/565/746 409/566/747 407/567/748
f 400/568/742 408/569/746 406/570/745
f 408/565/746 405/557/741 404/560/744 409/566/747
f 405/571/741 408/569/746 400/568/742
f 410/555/739 406/564/745 407/567/748 411/556/740
f 400/568/742 406/570/745 410/562/739 401/561/735
s 27
f 415/572/749 417/573/750 416/574/751 413/575/752
f 417/573/750 424/576/753 425/577/754 416/574/751
f 419/578/755 414/579/756 412/580/757 418/581/758
f 415/582/749 424/583/753 417/584/750
f 420/585/759 422/586/760 423/587/761 421/588/762
f 414/589/756 422/590/760 420/591/759
f 422/586/760 419/578/755 418/581/758 423/587/761
f 419/592/755 422/590/760 414/589/756
f 424/576/753 420/585/759 421/588/762 425/577/754
f 414/589/756 420/591/759 424/583/753 415/582/749
s 30
f 429/593/763 431/594/764 430/595/765 427/596/766
f 431/594/764 438/597/767 439/598/768 430/595/765
f 433/599/769 428/600/770 426/601/771 432/602/772
f 429/603/763 438/604/767 431/605/764
f 434/606/773 436/607/774 437/608/775 435/609/776
f 428/610/770 436/611/774 434/612/773
f 436/607/774 433/599/769 432/602/772 437/608/775
f 433/613/769 436/611/774 428/610/770
f 438/597/767 434/606/773 435/609/776 439/598/768
f 428/610/770 434/612/773 438/604/767 429/603/763
s 33
f 443/614/777 445/615/778 444/616/779 441/617/780
f 445/615/778 452/618/781 453/619/782 444/616/779
f 447/620/783 442/621/784 440/622/785 446/623/786
f 443/624/777 452/625/781 445/626/778
f 448/627/787 450/628/788 451/629/789 449/630/790
f 442/631/784 450/632/788 448/633/787
f 450/628/788 447/620/783 446/623/786 451/629/789
f 447/634/783 450/632/788 442/631/784
f 452/618/781 448/627/787 449/630/790 453/619/782
f 442/631/784 448/633/787 452/625/781 443/624/777
s 36
f 454/635/791 455/636/792 468/637/793 467/638/794
f 455/636/792 456/639/795 469/640/796 468/637/793
f 456/639/795 457/641/797 470/642/798 469/640/796
f 457/641/797 458/643/799 471/644/800 470/642/798
f 458/643/799 459/645/801 472/646/802 471/644/800
f 459/645/801 460/647/803 473/648/804 472/646/802
f 460/647/803 461/649/805 474/650/806 473/648/804
f 461/651/805 462/652/807 475/653/808 474/654/806
f 462/652/807 463/655/809 476/656/810 475/653/808
f 463/655/809 464/657/811 477/658/812 476/656/810
f 464/657/811 465/659/813 478/660/814 477/658/812
f 465/659/813 466/661/815 479/662/816 478/660/814
f 466/661/815 454/635/791 467/638/794 479/662/816
f 455/636/792 454/635/791 480/663/817 481/664/818
f 456/639/795 455/636/792 481/664/818 482/665/819
f 457/641/797 456/639/795 482/665/819 483/666/820
f 458/643/799 457/641/797 483/666/820 484/667/821
f 459/645/801 458/643/799 484/667/821 485/668/822
f 460/647/803 459/645/801 485/668/822 486/669/823
f 461/649/805 460/647/803 486/669/823 487/670/824
f 462/652/807 461/651/805 487/671/824 488/672/825
f 463/655/809 462/652/807 488/672/825 489/673/826
f 464/657/811 463/655/809 489/673/826 490/674/827
f 465/659/813 464/657/811 490/674/827 491/675/828
f 466/661/815 465/659/813 491/675/828 492/676/829
f 454/635/791 466/661/815 492/676/829 480/663/817
f 467/638/794 468/637/793 494/677/830 493/678/831
f 468/637/793 469/640/796 495/679/832 494/677/830
f 469/640/796 470/642/798 496/680/833 495/679/832
f 470/642/798 471/644/800 497/681/834 496/680/833
f 471/644/800 472/646/802 498/682/835 497/681/834
f 472/646/802 473/648/804 499/683/836 498/682/835
f 473/648/804 474/650/806 500/684/837 499/683/836
f 474/654/806 475/653/808 501/685/838 500/686/837
f 475/653/808 476/656/810 502/687/839 501/685/838
f 476/656/810 477/658/812 503/688/840 502/687/839
f 477/658/812 478/660/814 504/689/841 503/688/840
f 478/660/814 479/662/816 505/690/842 504/689/841
f 479/662/816 467/638/794 493/678/831 505/690/842
f 481/691/818 480/692/817 493/678/831 494/677/830
f 480/692/817 492/693/829 505/690/842 493/678/831
f 492/693/829 491/694/828 504/689/841 505/690/842
f 491/694/828 490/695/827 503/688/840 504/689/841
f 490/695/827 489/696/826 502/687/839 503/688/840
f 489/696/826 488/697/825 501/685/838 502/687/839
f 488/697/825 487/698/824 500/686/837 501/685/838
f 487/699/824 486/700/823 499/683/836 500/684/837
f 486/700/823 485/701/822 498/682/835 499/683/836
f 485/701/822 484/702/821 497/681/834 498/682/835
f 484/702/821 483/703/820 496/680/833 497/681/834
f 483/703/820 482/704/819 495/679/832 496/680/833
f 482/704/819 481/691/818 494/677/830 495/679/832
s 37
f 506/705/843 507/706/844 520/707/845 519/708/846
f 507/706/844 508/709/847 521/710/848 520/707/845
f 508/709/847 509/711/849 522/712/850 521/710/848
f 509/711/849 510/713/851 523/714/852 522/712/850
f 510/713/851 511/715/853 524/716/854 523/714/852
f 511/715/853 512/717/855 525/718/856 524/716/854
f 512/717/855 513/719/857 526/720/858 525/718/856
f 513/721/857 514/722/859 527/723/860 526/724/858
f 514/722/859 515/725/861 528/726/862 527/723/860
f 515/725/861 516/727/863 529/728/864 528/726/862
f 516/727/863 517/729/865 530/730/866 529/728/864
f 517/729/865 518/731/867 531/732/868 530/730/866
f 518/731/867 506/705/843 519/708/846 531/732/868
f 519/733/846 520/734/845 532/735/869
f 520/734/845 521/736/848 532/735/869
f 521/736/848 522/737/850 532/735/869
f 522/737/850 523/738/852 532/735/869
f 523/738/852 524/739/854 532/735/869
f 524/739/854 525/740/856 532/735/869
f 525/740/856 526/741/858 532/735/869
f 526/741/858 527/742/860 532/735/869
f 527/742/860 528/743/862 532/735/869
f 528/743/862 529/744/864 532/735/869
f 529/744/864 530/745/866 532/735/869
f 530/745/866 531/746/868 532/735/869
f 531/746/868 519/733/846 532/735/869
s 38
f 533/747/870 534/748/871 536/749/872 535/750/873
f 537/751/874 538/752/875 540/753/876 539/754/877
f 534/755/871 540/753/876 538/752/875 536/756/872
f 539/754/877 533/747/870 535/750/873 537/751/874
s 39
f 541/757/878 542/758/879 544/759/880 543/760/881
f 545/761/882 546/762/883 548/763/884 547/764/885
f 542/765/879 548/763/884 546/762/883 544/766/880
f 547/764/885 541/757/878 543/760/881 545/761/882
s 40
f 549/767/886 550/768/887 552/769/888 551/770/889
f 553/771/890 554/772/891 556/773/892 555/774/893
f 550/775/887 556/773/892 554/772/891 552/776/888
f 555/774/893 549/767/886 551/770/889 553/771/890
s 41
f 557/777/894 558/778/895 560/779/896 559/780/897
f 561/781/898 562/782/899 564/783/900 563/784/901
f 558/785/895 564/783/900 562/782/899 560/786/896
f 563/784/901 557/777/894 559/780/897 561/781/898
s off
f 565/787/902 566/788/903 568/789/904 567/790/905
f 569/791/906 570/792/907 572/793/908 571/794/909
f 566/788/910 572/793/911 570/792/912 568/789/913
f 567/795/914 568/789/915 570/792/916 569/796/917
f 566/788/918 565/797/919 571/798/920 572/793/921
f 573/799/922 574/800/923 576/801/924 575/802/925
f 577/803/926 578/804/927 580/805/928 579/806/929
f 574/800/930 580/805/931 578/804/932 576/801/933
f 581/807/934 582/808/935 584/809/936 583/810/937
f 583/810/938 584/809/939 586/811/940 585/812/941
f 585/812/942 586/811/943 588/813/944 587/814/945
f 582/815/946 588/816/947 586/811/948 584/809/949
f 587/817/950 581/818/951 583/810/952 585/812/953
s 42
f 589/819/954 619/820/955 620/821/956 608/822/957
f 591/823/958 621/824/959 622/825/960 593/826/961
f 609/827/962 623/828/963 624/829/964 595/830/965
f 590/831/966 596/832/967 612/833/968 605/834/969
f 595/835/965 589/836/954 608/837/957 609/838/962
f 611/839/970 617/840/971 618/841/972 598/842/973
f 606/843/974 599/844/975 613/845/976 614/846/977
f 597/847/978 600/848/979 615/849/980 616/850/981
f 610/851/982 629/852/983 630/853/984 602/854/985
f 607/855/986 603/856/987 625/857/988 626/858/989
f 601/859/990 604/860/991 627/861/992 628/862/993
f 600/863/979 606/843/974 614/846/977 615/864/980
f 604/865/991 607/855/986 626/858/989 627/866/992
f 608/822/957 620/821/956 621/867/959 591/868/958
f 609/838/962 608/837/957 591/823/958 593/826/961
f 593/869/961 622/870/960 623/828/963 609/827/962
f 601/871/990 628/872/993 629/852/983 610/851/982
f 597/873/978 616/874/981 617/840/971 611/839/970
f 605/834/969 612/833/968 594/875/994 592/876/995
f 614/846/977 613/845/976 590/877/966 605/878/969
f 615/864/980 614/846/977 605/878/969 592/879/995
f 616/850/981 615/849/980 592/876/995 594/875/994
f 617/840/971 616/874/981 594/880/994 612/881/968
f 618/841/972 617/840/971 612/881/968 596/882/967
f 619/820/955 603/856/987 607/855/986 620/821/956
f 621/867/959 620/821/956 607/855/986 604/865/991
f 622/825/960 621/824/959 604/860/991 601/859/990
f 623/828/963 622/870/960 601/871/990 610/851/982
f 624/829/964 623/828/963 610/851/982 602/854/985
f 626/858/989 625/857/988 599/844/975 606/843/974
f 627/866/992 626/858/989 606/843/974 600/863/979
f 628/862/993 627/861/992 600/848/979 597/847/978
f 629/852/983 628/872/993 597/873/978 611/839/970
f 630/853/984 629/852/983 611/839/970 598/842/973
s off
f 631/883/996 632/884/997 634/885/998 633/886/999
f 633/886/1000 634/885/1001 636/887/1002 635/888/1003
f 635/888/1004 636/887/1005 638/889/1006 637/890/1007
f 632/891/1008 638/892/1009 636/887/1010 634/885/1011
f 637/893/1012 631/894/1013 633/886/1014 635/888/1015
f 639/895/1016 640/896/1017 642/897/1018 641/898/1019
f 641/898/1020 642/897/1021 644/899/1022 643/900/1023
f 643/900/1024 644/899/1025 646/901/1026 645/902/1027
f 640/903/1028 646/904/1029 644/899/1030 642/897/1031
f 645/905/1032 639/906/1033 641/898/1034 643/900/1035
f 647/907/1036 648/908/1037 650/909/1038 649/910/1039
f 649/910/1040 650/909/1041 652/911/1042 651/912/1043
f 651/912/1044 652/911/1045 654/913/1046 653/914/1047
f 648/915/1048 654/916/1049 652/911/1050 650/909/1051
f 653/917/1052 647/918/1053 649/910/1054 651/912/1055
f 655/919/1056 656/920/1057 658/921/1058 657/922/1059
f 657/922/1060 658/921/1061 660/923/1062 659/924/1063
f 659/924/1064 660/923/1065 662/925/1066 661/926/1067
f 656/927/1068 662/928/1069 660/923/1070 658/921/1071
f 661/929/1072 655/930/1073 657/922/1074 659/924/1075
s 48
f 663/931/1076 674/932/1077 676/933/1078 677/934/1079
f 665/935/1080 671/936/1081 672/937/1082 667/938/1083
f 678/939/1084 679/940/1085 673/941/1086 669/942/1087
f 664/943/1088 670/944/1089 680/945/1090 675/946/1091
f 669/947/1087 663/931/1076 677/934/1079 678/948/1084
f 671/936/1081 666/949/1092 668/950/1093 672/937/1082
f 673/941/1086 679/940/1085 680/945/1090 670/944/1089
f 676/933/1078 674/932/1077 664/943/1088 675/946/1091
f 671/951/1081 676/933/1078 675/946/1091 666/952/1092
f 677/934/1079 676/933/1078 671/951/1081 665/953/1080
f 678/948/1084 677/934/1079 665/953/1080 667/954/1083
f 667/955/1083 672/956/1082 679/940/1085 678/939/1084
f 680/945/1090 679/940/1085 672/956/1082 668/957/1093
f 675/946/1091 680/945/1090 668/957/1093 666/952/1092
s off
f 681/958/1094 682/959/1095 684/960/1096 683/961/1097
f 685/962/1098 686/963/1099 688/964/1100 687/965/1101
f 682/959/1102 688/966/1103 686/967/1104 684/960/1105
f 687/965/1106 681/958/1107 683/961/1108 685/962/1109
f 689/968/1110 690/969/1111 692/970/1112 691/971/1113
f 691/971/1114 692/970/1115 694/972/1116 693/973/1117
f 693/973/1118 694/972/1119 696/974/1120 695/975/1121
f 690/976/1122 696/977/1123 694/972/1124 692/970/1125
f 695/978/1126 689/979/1127 691/971/1128 693/973/1129
s 49
f 708/980/1130 705/981/1131 697/982/1132 698/983/1133
f 699/984/1134 700/985/1135 713/986/1136
f 706/987/1137 707/988/1138 704/989/1139 703/990/1140
f 718/991/1141 708/980/1130 698/983/1133 737/992/1142
f 697/982/1132 705/981/1131 714/993/1143 715/994/1144
f 705/981/1131 699/984/1134 713/986/1136 714/993/1143
f 701/995/1145 702/996/1146 707/988/1138 706/987/1137
f 708/980/1130 718/991/1141 700/997/1135
f 705/981/1131 708/980/1130 700/997/1135 699/984/1134
f 710/998/1147 702/999/1146 701/995/1145
f 711/1000/1148 710/998/1147 701/995/1145 706/987/1137
f 712/1001/1149 711/1000/1148 706/987/1137 703/990/1140
f 719/1002/1150 714/993/1143 713/986/1136
f 725/1003/1151 726/1004/1152 727/1005/1153 728/1006/1154
f 718/1007/1141 709/1008/1155 702/999/1146 700/985/1135
f 702/999/1146 710/998/1147 713/986/1136 700/985/1135
f 711/1000/1148 716/1009/1156 710/998/1147
f 729/1010/1157 730/1011/1158 731/1012/1159 732/1013/1160
f 716/1009/1156 719/1002/1150 713/986/1136 710/998/1147
f 722/1014/1161 721/1015/1162 719/1016/1150 716/1017/1156
f 733/1018/1163 726/1004/1152 725/1003/1151
f 729/1010/1157 734/1019/1164 730/1011/1158
f 734/1019/1164 733/1018/1163 725/1003/1151 730/1011/1158
f 735/1020/1165 726/1004/1152 733/1018/1163
f 741/1021/1166 740/1022/1167 739/1023/1168 742/1024/1169
f 729/1010/1157 736/1025/1170 734/1019/1164
f 717/1026/1171 720/1027/1172 723/1028/1173 724/1029/1174
f 714/1030/1143 727/1005/1153 726/1004/1152 715/1031/1144
f 714/1032/1143 719/1033/1150 728/1006/1154 727/1005/1153
f 719/1016/1150 721/1015/1162 725/1034/1151 728/1035/1154
f 722/1014/1161 716/1017/1156 731/1036/1159 730/1037/1158
f 716/1038/1156 711/1039/1148 732/1013/1160 731/1012/1159
f 729/1010/1157 732/1013/1160 711/1040/1148 712/1041/1149
f 724/1029/1174 723/1028/1173 733/1042/1163 734/1043/1164
f 721/1015/1162 722/1014/1161 730/1044/1158 725/1045/1151
f 720/1046/1172 715/1047/1144 726/1004/1152 735/1020/1165
f 723/1028/1173 720/1027/1172 735/1048/1165 733/1049/1163
f 712/1050/1149 717/1051/1171 736/1025/1170 729/1010/1157
f 717/1026/1171 724/1029/1174 734/1052/1164 736/1053/1170
f 738/1054/1175 704/989/1139 707/988/1138 709/1055/1155
f 702/996/1146 709/1055/1155 707/988/1138
f 738/1056/1175 709/1057/1155 739/1023/1168 740/1022/1167
f 718/1058/1141 737/1059/1142 741/1021/1166 742/1024/1169
s off
f 743/1060/1176 744/1061/1177 746/1062/1178 745/1063/1179
f 745/1063/1180 746/1062/1181 748/1064/1182 747/1065/1183
f 747/1065/1184 748/1064/1185 750/1066/1186 749/1067/1187
f 744/1068/1188 750/1069/1189 748/1064/1190 746/1062/1191
f 749/1070/1192 743/1071/1193 745/1063/1194 747/1065/1195
s 54
f 751/1072/1196 763/1073/1197 764/1074/1198 753/1075/1199
f 753/1075/1199 764/1074/1198 765/1076/1200 761/1077/1201
f 755/1078/1202 766/1079/1203 767/1080/1204 757/1081/1205
f 752/1082/1206 759/1083/1207 760/1084/1208 754/1085/1209
f 762/1086/1210 751/1087/1196 753/1075/1199 761/1077/1201
f 759/1083/1207 758/1088/1211 756/1089/1212 760/1084/1208
f 761/1077/1201 765/1076/1200 766/1079/1203 755/1078/1202
f 757/1090/1205 762/1086/1210 761/1077/1201 755/1078/1202
f 763/1073/1197 752/1091/1206 754/1085/1209 764/1074/1198
f 765/1076/1200 764/1074/1198 754/1085/1209 760/1084/1208
f 766/1079/1203 765/1076/1200 760/1084/1208 756/1089/1212
f 767/1080/1204 766/1079/1203 756/1089/1212 758/1092/1211
s off
f 768/1093/1213 769/1094/1214 771/1095/1215 770/1096/1216
f 770/1096/1217 771/1095/1218 773/1097/1219 772/1098/1220
f 772/1098/1221 773/1097/1222 775/1099/1223 774/1100/1224
f 769/1101/1225 775/1102/1226 773/1097/1227 771/1095/1228
f 774/1103/1229 768/1104/1230 770/1096/1231 772/1098/1232
f 779/1105/1233 781/1106/1234 780/1107/1235 777/1108/1236
f 781/1106/1237 783/1109/1238 782/1110/1239 780/1107/1240
f 783/1109/1241 778/1111/1242 776/1112/1243 782/1110/1244
f 783/1109/1245 781/1106/1246 779/1113/1247 778/1114/1248
f 776/1115/1249 777/1116/1250 780/1107/1251 782/1110/1252
f 786/1117/1253 787/1118/1254 789/1119/1255 788/1120/1256
f 784/1121/1257 790/1122/1258 791/1123/1259 785/1124/1260
f 797/1125/1261 784/1121/1262 785/1124/1263 796/1126/1264
f 786/1117/1265 793/1127/1266 792/1128/1267 787/1118/1268
f 792/1128/1269 796/1126/1270 785/1124/1271 787/1118/1272
f 784/1121/1273 797/1125/1274 793/1127/1275 786/1117/1276
f 790/1129/1277 784/1121/1278 786/1117/1279 788/1130/1280
f 785/1124/1281 791/1131/1282 789/1132/1283 787/1118/1284
f 795/1133/1285 799/1134/1286 796/1126/1287 792/1128/1288
f 798/1135/1289 794/1136/1290 793/1127/1291 797/1125/1292
f 797/1125/1293 796/1126/1294 799/1134/1295 798/1135/1296
f 795/1133/1297 792/1128/1298 793/1127/1299 794/1136/1300
f 802/1137/1301 803/1138/1302 805/1139/1303 804/1140/1304
f 800/1141/1305 806/1142/1306 807/1143/1307 801/1144/1308
f 813/1145/1309 800/1141/1310 801/1144/1311 812/1146/1312
f 802/1137/1313 809/1147/1314 808/1148/1315 803/1138/1316
f 808/1148/1317 812/1146/1318 801/1144/1319 803/1138/1320
f 800/1141/1321 813/1145/1322 809/1147/1323 802/1137/1324
f 806/1149/1325 800/1141/1326 802/1137/1327 804/1150/1328
f 801/1144/1329 807/1151/1330 805/1152/1331 803/1138/1332
f 811/1153/1333 815/1154/1334 812/1146/1335 808/1148/1336
f 814/1155/1337 810/1156/1338 809/1147/1339 813/1145/1340
f 813/1145/1341 812/1146/1342 815/1154/1343 814/1155/1344
f 811/1153/1345 808/1148/1346 809/1147/1347 810/1156/1348
f 816/1157/1349 817/1158/1350 819/1159/1351 818/1160/1352
f 820/1161/1353 821/1162/1354 823/1163/1355 822/1164/1356
f 827/1165/1357 829/1166/1358 828/1167/1359 825/1168/1360
f 829/1166/1361 831/1169/1362 830/1170/1363 828/1167/1364
f 831/1169/1365 826/1171/1366 824/1172/1367 830/1170/1368
f 831/1169/1369 829/1166/1370 827/1173/1371 826/1174/1372
f 824/1175/1373 825/1176/1374 828/1167/1375 830/1170/1376
f 832/1177/1377 833/1178/1378 835/1179/1379 834/1180/1380
f 836/1181/1381 837/1182/1382 839/1183/1383 838/1184/1384
f 843/1185/1385 845/1186/1386 844/1187/1387 841/1188/1388
f 845/1186/1389 847/1189/1390 846/1190/1391 844/1187/1392
f 847/1189/1393 842/1191/1394 840/1192/1395 846/1190/1396
f 847/1189/1397 845/1186/1398 843/1193/1399 842/1194/1400
f 840/1195/1401 841/1196/1402 844/1187/1403 846/1190/1404
f 848/1197/1405 849/1198/1406 851/1199/1407 850/1200/1408
s 56
f 855/1201/1409 857/1204/1410 856/1203/1411 854/1202/1412
f 857/1204/1410 853/1206/1413 852/1205/1414 856/1203/1411
f 857/1204/1410 855/1201/1409 858/1208/1415 859/1207/1416
f 853/1206/1413 857/1204/1410 859/1207/1416 860/1209/1417
f 859/1207/1416 858/1208/1415 861/1211/1418 862/1210/1419
f 860/1209/1417 859/1207/1416 862/1210/1419 863/1212/1420
s 57
f 867/1213/1421 866/1216/1422 868/1215/1423 869/1214/1424
f 869/1214/1424 868/1215/1423 864/1218/1425 865/1217/1426
f 869/1214/1424 871/1220/1427 870/1219/1428 867/1213/1421
f 865/1217/1426 872/1221/1429 871/1220/1427 869/1214/1424
f 871/1220/1427 874/1223/1430 873/1222/1431 870/1219/1428
f 872/1221/1429 875/1224/1432 874/1223/1430 871/1220/1427
s 58
f 879/1225/1433 878/1226/1434 880/1227/1435 881/1228/1436
f 881/1228/1436 880/1227/1435 876/1229/1437 877/1230/1438
f 881/1228/1436 883/1231/1439 882/1232/1440 879/1225/1433
f 877/1230/1438 884/1233/1441 883/1231/1439 881/1228/1436
f 883/1231/1439 886/1234/1442 885/1235/1443 882/1232/1440
f 884/1233/1441 887/1236/1444 886/1234/1442 883/1231/1439
s 59
f 891/1237/1445 893/1238/1446 892/1239/1447 890/1240/1448
f 893/1238/1446 889/1241/1449 888/1242/1450 892/1239/1447
f 893/1238/1446 891/1237/1445 894/1243/1451 895/1244/1452
f 889/1241/1449 893/1238/1446 895/1244/1452 896/1245/1453
f 895/1244/1452 894/1243/1451 897/1246/1454 898/1247/1455
f 896/1245/1453 895/1244/1452 898/1247/1455 899/1248/1456
s 60
f 903/1249/1457 914/1250/1458 915/1251/1459 902/1252/1460
f 908/1253/1461 905/1254/1462 913/1255/1463
f 913/1256/1463 905/1257/1462 907/1258/1464 912/1259/1465
f 907/1260/1464 909/1261/1466 912/1262/1465
f 905/1257/1462 908/1253/1461 909/1261/1466 907/1258/1464
f 910/1263/1467 908/1253/1461 913/1255/1463 914/1264/1458
f 908/1253/1461 910/1263/1467 911/1265/1468 909/1261/1466
f 915/1266/1459 912/1262/1465 909/1261/1466 911/1265/1468
f 906/1267/1469 904/1268/1470 913/1269/1463 912/1270/1465
f 904/1268/1470 901/1271/1471 914/1272/1458 913/1269/1463
f 901/1273/1471 900/1274/1472 915/1275/1459 914/1276/1458
f 900/1274/1472 906/1267/1469 912/1270/1465 915/1275/1459
f 903/1277/1457 910/1263/1467 914/1264/1458
f 910/1263/1467 903/1249/1457 902/1252/1460 911/1265/1468
f 915/1266/1459 911/1265/1468 902/1278/1460
s 62
f 919/1279/1473 918/1280/1474 916/1281/1475 917/1282/1476
f 927/1283/1477 918/1284/1474 919/1285/1473 926/1286/1478
f 926/1286/1478 919/1285/1473 917/1287/1476
f 920/1288/1479 925/1289/1480 924/1290/1481 921/1291/1482
f 921/1291/1482 924/1290/1481 923/1292/1483
f 925/1289/1480 927/1283/1477 926/1286/1478 924/1290/1481
f 916/1293/1475 922/1294/1484 923/1292/1483 917/1287/1476
f 924/1290/1481 926/1286/1478 917/1287/1476 923/1292/1483
f 920/1295/1479 921/1296/1482 923/1297/1483 922/1298/1484
s 63
f 930/1299/1485 939/1300/1486 940/1301/1487 932/1302/1488
f 932/1302/1488 940/1301/1487 951/1303/1489 952/1304/1490
f 931/1305/1491 948/1306/1492 949/1307/1493 933/1308/1494
f 953/1309/1495 930/1310/1485 932/1302/1488 952/1304/1490
f 936/1311/1496 931/1312/1491 933/1308/1494 937/1313/1497
f 950/1314/1498 937/1313/1497 933/1308/1494 949/1307/1493
f 939/1300/1486 936/1311/1496 937/1313/1497 940/1301/1487
f 951/1303/1489 940/1301/1487 937/1313/1497 950/1314/1498
f 942/1315/1499 929/1316/1500 935/1317/1501 943/1318/1502
f 938/1319/1503 944/1320/1504 943/1318/1502 935/1317/1501
f 941/1321/1505 945/1322/1506 944/1320/1504 938/1319/1503
f 946/1323/1507 945/1322/1506 941/1321/1505 934/1324/1508
f 946/1323/1507 934/1324/1508 928/1325/1509 947/1326/1510
f 949/1307/1493 948/1306/1492 942/1315/1499 943/1318/1502
f 944/1320/1504 950/1314/1498 949/1307/1493 943/1318/1502
f 945/1322/1506 951/1303/1489 950/1314/1498 944/1320/1504
f 952/1304/1490 951/1303/1489 945/1322/1506 946/1323/1507
f 953/1309/1495 952/1304/1490 946/1323/1507 947/1326/1510
s 66
f 979/1327/1511 957/1328/1512 969/1329/1513 978/1330/1514
f 963/1331/1515 959/1332/1516 967/1333/1517 968/1334/1518
f 959/1332/1516 981/1335/1519 982/1336/1520 967/1333/1517
f 961/1337/1521 964/1338/1522 971/1339/1523 966/1340/1524
f 981/1335/1519 959/1332/1516 963/1331/1515 980/1341/1525
f 957/1342/1512 963/1343/1515 968/1344/1518 969/1345/1513
f 979/1327/1511 980/1341/1525 963/1343/1515 957/1342/1512
f 970/1346/1526 971/1347/1523 964/1348/1522 956/1349/1527
f 983/1350/1528 958/1351/1529 967/1333/1517 982/1336/1520
f 958/1351/1529 962/1352/1530 968/1334/1518 967/1333/1517
f 969/1329/1513 955/1353/1531 978/1330/1514
f 954/1354/1532 965/1355/1533 971/1347/1523 970/1346/1526
f 965/1356/1533 960/1357/1534 966/1340/1524 971/1339/1523
f 954/1358/1532 970/1359/1526 972/1360/1535
f 956/1361/1527 973/1362/1536 972/1360/1535 970/1359/1526
f 956/1349/1527 964/1348/1522 974/1363/1537 973/1362/1536
f 961/1337/1521 975/1364/1538 974/1363/1537 964/1338/1522
f 976/1365/1539 975/1364/1538 961/1337/1521 966/1340/1524
f 976/1365/1539 966/1340/1524 960/1357/1534 977/1366/1540
f 978/1330/1514 955/1353/1531 954/1358/1532 972/1360/1535
f 973/1362/1536 979/1327/1511 978/1330/1514 972/1360/1535
f 973/1362/1536 974/1363/1537 980/1341/1525 979/1327/1511
f 975/1364/1538 981/1335/1519 980/1341/1525 974/1363/1537
f 982/1336/1520 981/1335/1519 975/1364/1538 976/1365/1539
f 983/1350/1528 982/1336/1520 976/1365/1539 977/1366/1540
s off
f 993/1367/1541 992/1368/1542 988/1369/1543 985/1370/1544
f 995/1371/1545 994/1372/1546 984/1373/1547 990/1374/1548
f 992/1368/1549 1015/1375/1550 1019/1376/1551 988/1369/1552
f 992/1368/1553 1014/1377/1554 1015/1375/1555
f 997/1378/1556 996/1379/1557 992/1368/1558 993/1367/1559
f 999/1380/1560 998/1381/1561 994/1372/1562 995/1371/1563
f 996/1379/1564 1013/1382/1565 1014/1377/1566 992/1368/1567
f 996/1379/1568 1012/1383/1569 1013/1382/1570
f 1001/1384/1571 1000/1385/1572 996/1379/1573 997/1378/1574
f 1003/1386/1575 1002/1387/1576 998/1381/1577 999/1380/1578
f 1000/1385/1579 1011/1388/1580 1012/1383/1581 996/1379/1582
f 1000/1385/1583 1010/1389/1584 1011/1388/1585
f 1005/1390/1586 1004/1391/1587 1003/1386/1588
f 1006/1392/1589 1005/1390/1590 1003/1386/1591 999/1380/1592
f 1007/1393/1593 1006/1392/1594 999/1380/1595
f 1008/1394/1596 1007/1393/1597 999/1380/1598 995/1371/1599
f 1009/1395/1600 1008/1394/1601 995/1371/1602
f 990/1374/1603 1018/1396/1604 1009/1395/1605 995/1371/1606
f 989/1397/1607 991/1398/1608 1016/1399/1609 1017/1400/1610
f 1011/1401/1611 1010/1402/1612 1004/1403/1613 1005/1404/1614
f 1021/1405/1615 1020/1406/1616 1022/1407/1617 1023/1408/1618
f 1013/1409/1619 1012/1410/1620 1006/1411/1621 1007/1412/1622
f 1025/1413/1623 1024/1414/1624 1026/1415/1625 1027/1416/1626
f 1015/1417/1627 1014/1418/1628 1008/1419/1629 1009/1420/1630
f 1029/1421/1631 1028/1422/1632 1030/1423/1633 1031/1424/1634
f 1033/1425/1635 1032/1426/1636 1034/1427/1637 1035/1428/1638
f 989/1429/1639 1017/1430/1640 1010/1389/1641 1000/1385/1642
f 987/1431/1643 989/1429/1644 1000/1385/1645 1001/1384/1646
f 991/1432/1647 986/1433/1648 1002/1387/1649 1003/1386/1650
f 1016/1434/1651 991/1432/1652 1003/1386/1653 1004/1391/1654
f 988/1435/1655 1019/1436/1656 1018/1437/1657 990/1438/1658
f 1012/1439/1659 1011/1440/1660 1020/1406/1661 1021/1405/1662
f 1011/1401/1663 1005/1404/1664 1022/1441/1665 1020/1442/1666
f 1005/1443/1667 1006/1444/1668 1023/1408/1669 1022/1407/1670
f 1006/1411/1671 1012/1410/1672 1021/1445/1673 1023/1446/1674
f 1014/1447/1675 1013/1448/1676 1024/1414/1677 1025/1413/1678
f 1013/1409/1679 1007/1412/1680 1026/1449/1681 1024/1450/1682
f 1007/1451/1683 1008/1452/1684 1027/1416/1685 1026/1415/1686
f 1008/1419/1687 1014/1418/1688 1025/1453/1689 1027/1454/1690
f 1019/1455/1691 1015/1456/1692 1028/1422/1693 1029/1421/1694
f 1015/1417/1695 1009/1420/1696 1030/1457/1697 1028/1458/1698
f 1009/1459/1699 1018/1460/1700 1031/1424/1701 1030/1423/1702
f 1018/1437/1703 1019/1436/1704 1029/1461/1705 1031/1462/1706
f 1017/1400/1707 1016/1399/1708 1032/1426/1709 1033/1425/1710
f 1016/1463/1711 1004/1464/1712 1034/1427/1713 1032/1426/1714
f 1004/1403/1715 1010/1402/1716 1035/1465/1717 1034/1466/1718
f 1010/1467/1719 1017/1468/1720 1033/1425/1721 1035/1428/1722
s 69
f 1039/1469/1723 1041/1470/1724 1040/1471/1725 1037/1472/1726
f 1041/1470/1724 1048/1473/1727 1049/1474/1728 1040/1471/1725
f 1043/1475/1729 1038/1476/1730 1036/1477/1731 1042/1478/1732
f 1039/1479/1723 1048/1480/1727 1041/1481/1724
f 1044/1482/1733 1046/1483/1734 1047/1484/1735 1045/1485/1736
f 1038/1486/1730 1046/1487/1734 1044/1488/1733
f 1046/1483/1734 1043/1475/1729 1042/1478/1732 1047/1484/1735
f 1043/1489/1729 1046/1487/1734 1038/1486/1730
f 1048/1473/1727 1044/1482/1733 1045/1485/1736 1049/1474/1728
f 1038/1486/1730 1044/1488/1733 1048/1480/1727 1039/1479/1723
s 72
f 1053/1490/1737 1055/1491/1738 1054/1492/1739 1051/1493/1740
f 1055/1491/1738 1062/1494/1741 1063/1495/1742 1054/1492/1739
f 1057/1496/1743 1052/1497/1744 1050/1498/1745 1056/1499/1746
f 1053/1500/1737 1062/1501/1741 1055/1502/1738
f 1058/1503/1747 1060/1504/1748 1061/1505/1749 1059/1506/1750
f 1052/1507/1744 1060/1508/1748 1058/1509/1747
f 1060/1504/1748 1057/1496/1743 1056/1499/1746 1061/1505/1749
f 1057/1510/1743 1060/1508/1748 1052/1507/1744
f 1062/1494/1741 1058/1503/1747 1059/1506/1750 1063/1495/1742
f 1052/1507/1744 1058/1509/1747 1062/1501/1741 1053/1500/1737
s 75
f 1067/1511/1751 1069/1512/1752 1068/1513/1753 1065/1514/1754
f 1069/1512/1752 1076/1515/1755 1077/1516/1756 1068/1513/1753
f 1071/1517/1757 1066/1518/1758 1064/1519/1759 1070/1520/1760
f 1067/1521/1751 1076/1522/1755 1069/1523/1752
f 1072/1524/1761 1074/1525/1762 1075/1526/1763 1073/1527/1764
f 1066/1528/1758 1074/1529/1762 1072/1530/1761
f 1074/1525/1762 1071/1517/1757 1070/1520/1760 1075/1526/1763
f 1071/1531/1757 1074/1529/1762 1066/1528/1758
f 1076/1515/1755 1072/1524/1761 1073/1527/1764 1077/1516/1756
f 1066/1528/1758 1072/1530/1761 1076/1522/1755 1067/1521/1751
s 78
f 1081/1532/1765 1083/1533/1766 1082/1534/1767 1079/1535/1768
f 1083/1533/1766 1090/1536/1769 1091/1537/1770 1082/1534/1767
f 1085/1538/1771 1080/1539/1772 1078/1540/1773 1084/1541/1774
f 1081/1542/1765 1090/1543/1769 1083/1544/1766
f 1086/1545/1775 1088/1546/1776 1089/1547/1777 1087/1548/1778
f 1080/1549/1772 1088/1550/1776 1086/1551/1775
f 1088/1546/1776 1085/1538/1771 1084/1541/1774 1089/1547/1777
f 1085/1552/1771 1088/1550/1776 1080/1549/1772
f 1090/1536/1769 1086/1545/1775 1087/1548/1778 1091/1537/1770
f 1080/1549/1772 1086/1551/1775 1090/1543/1769 1081/1542/1765
s 81
f 1095/1553/1779 1097/1554/1780 1096/1555/1781 1093/1556/1782
f 1097/1554/1780 1104/1557/1783 1105/1558/1784 1096/1555/1781
f 1099/1559/1785 1094/1560/1786 1092/1561/1787 1098/1562/1788
f 1095/1563/1779 1104/1564/1783 1097/1565/1780
f 1100/1566/1789 1102/1567/1790 1103/1568/1791 1101/1569/1792
f 1094/1570/1786 1102/1571/1790 1100/1572/1789
f 1102/1567/1790 1099/1559/1785 1098/1562/1788 1103/1568/1791
f 1099/1573/1785 1102/1571/1790 1094/1570/1786
f 1104/1557/1783 1100/1566/1789 1101/1569/1792 1105/1558/1784
f 1094/1570/1786 1100/1572/1789 1104/1564/1783 1095/1563/1779
s off
usemtl Plane_4_SG
f 1109/1574/1793 1107/1575/1794 1106/1576/1795 1108/1577/1796
s 84
f 1113/1578/1797 1116/1579/1798 1114/1580/1799 1111/1581/1800
f 1112/1582/1801 1120/1583/1802 1121/1584/1803 1110/1585/1804
f 1115/1586/1805 1117/1587/1806 1112/1582/1801 1110/1585/1804
f 1118/1588/1807 1113/1578/1797 1111/1581/1800 1119/1589/1808
f 1117/1587/1806 1116/1579/1798 1113/1578/1797 1112/1582/1801
f 1113/1578/1797 1118/1588/1807 1120/1583/1802 1112/1582/1801
f 1129/1590/1809 1126/1591/1810 1127/1592/1811 1128/1593/1812
f 1114/1580/1799 1115/1586/1805 1110/1585/1804 1111/1581/1800
f 1110/1585/1804 1121/1584/1803 1119/1589/1808 1111/1581/1800
f 1130/1594/1813 1132/1595/1814 1133/1596/1815 1131/1597/1816
f 1130/1594/1813 1131/1597/1816 1129/1590/1809 1128/1593/1812
f 1122/1598/1817 1123/1599/1818 1125/1600/1819 1124/1601/1820
f 1133/1596/1815 1132/1595/1814 1127/1592/1811 1126/1591/1810
f 1120/1583/1802 1118/1588/1807 1127/1592/1811 1132/1595/1814
f 1127/1592/1811 1118/1588/1807 1119/1589/1808 1128/1593/1812
f 1124/1601/1820 1125/1600/1819 1126/1602/1810 1129/1603/1809
f 1132/1595/1814 1130/1594/1813 1121/1584/1803 1120/1583/1802
f 1119/1589/1808 1121/1584/1803 1130/1594/1813 1128/1593/1812
f 1123/1599/1818 1122/1598/1817 1131/1604/1816 1133/1605/1815
f 1122/1598/1817 1124/1601/1820 1129/1606/1809 1131/1607/1816
f 1125/1600/1819 1123/1599/1818 1133/1608/1815 1126/1609/1810
g default
v -11.468508 0.203243 -7.757597
v -11.292424 0.203243 -7.757597
v -11.468508 5.962484 -7.757597
v -11.292424 5.962484 -7.757597
v -11.468508 5.962484 -7.799768
v -11.292424 5.962484 -7.799768
v -11.468508 0.203243 -7.799768
v -11.292424 0.203243 -7.799768
vt 0.375000 0.000000
vt 0.625000 0.000000
vt 0.375000 0.250000
vt 0.625000 0.250000
vt 0.375000 0.500000
vt 0.625000 0.500000
vt 0.375000 0.750000
vt 0.625000 0.750000
vt 0.875000 0.000000
vt 0.875000 0.250000
vn 0.000000 0.000000 1.000000
vn 0.000000 0.000000 1.000000
vn 0.000000 0.000000 1.000000
vn 0.000000 0.000000 1.000000
vn 0.000000 0.000000 -1.000000
vn 0.000000 0.000000 -1.000000
vn 0.000000 0.000000 -1.000000
vn 0.000000 0.000000 -1.000000
vn 1.000000 0.000000 0.000000
vn 1.000000 0.000000 0.000000
vn 1.000000 0.000000 0.000000
vn 1.000000 0.000000 0.000000
s off
g Decorativo1 Adicionales group16
usemtl initialShadingGroup
f 1134/1610/1821 1135/1611/1822 1137/1613/1823 1136/1612/1824
f 1138/1614/1825 1139/1615/1826 1141/1617/1827 1140/1616/1828
f 1135/1611/1829 1141/1618/1830 1139/1619/1831 1137/1613/1832
g default
v 8.903036 0.159491 -2.313273
v 8.963488 0.159491 -2.315588
v 8.903036 0.580986 -2.313273
v 8.963488 0.580986 -2.315588
v 8.917880 0.580986 -7.901099
v 8.978332 0.580986 -7.901099
v 8.917880 0.159491 -7.901099
v 8.978332 0.159491 -7.901099
v 9.042859 0.159491 -2.168718
v 9.045227 0.159491 -2.224675
v 9.045227 0.580986 -2.224675
v 9.042859 0.580986 -2.168718
v 9.158357 0.159491 -2.164281
v 9.160725 0.159491 -2.224675
v 9.160725 0.580986 -2.224675
v 9.158357 0.580986 -2.164281
vt 0.375000 0.000000
vt 0.625000 0.000000
vt 0.375000 0.250000
vt 0.625000 0.250000
vt 0.375000 0.500000
vt 0.625000 0.500000
vt 0.875000 0.000000
vt 0.875000 0.250000
vt 0.125000 0.000000
vt 0.125000 0.250000
vt 0.375000 0.000000
vt 0.625000 0.000000
vt 0.625000 0.250000
vt 0.375000 0.250000
vt 0.375000 0.000000
vt 0.625000 0.000000
vt 0.625000 0.250000
vt 0.375000 0.250000
vn 0.000000 1.000000 -0.000000
vn 0.000000 1.000000 -0.000000
vn 0.000000 1.000000 -0.000000
vn 0.000000 1.000000 -0.000000
vn 0.999996 0.000000 0.002658
vn 0.999996 0.000000 0.002658
vn 0.999996 0.000000 0.002658
vn 0.999996 0.000000 0.002658
vn -0.999996 0.000000 -0.002657
vn -0.999996 0.000000 -0.002657
vn -0.999996 0.000000 -0.002657
vn -0.999996 0.000000 -0.002657
vn 0.743632 0.000000 -0.668590
vn 0.743632 0.000000 -0.668590
vn 0.743632 0.000000 -0.668590
vn 0.743632 0.000000 -0.668590
vn 0.000000 1.000000 0.000000
vn 0.000000 1.000000 0.000000
vn 0.000000 1.000000 0.000000
vn 0.000000 1.000000 0.000000
vn -0.718774 0.000000 0.695243
vn -0.718774 0.000000 0.695243
vn -0.718774 0.000000 0.695243
vn -0.718774 0.000000 0.695243
vn 0.000000 0.000000 -1.000000
vn 0.000000 0.000000 -1.000000
vn 0.000000 0.000000 -1.000000
vn 0.000000 0.000000 -1.000000
vn 0.000000 1.000000 0.000000
vn 0.000000 1.000000 0.000000
vn 0.000000 1.000000 0.000000
vn 0.000000 1.000000 0.000000
vn -0.038386 0.000000 0.999263
vn -0.038386 0.000000 0.999263
vn -0.038386 0.000000 0.999263
vn -0.038386 0.000000 0.999263
s off
g Adicionales group16 Marco_planta
usemtl initialShadingGroup
f 1144/1622/1833 1145/1623/1834 1147/1625/1835 1146/1624/1836
f 1143/1621/1837 1149/1626/1838 1147/1627/1839 1145/1623/1840
f 1148/1628/1841 1142/1620/1842 1144/1622/1843 1146/1629/1844
f 1143/1621/1845 1145/1623/1846 1152/1632/1847 1151/1631/1848
f 1145/1623/1849 1144/1622/1850 1153/1633/1851 1152/1632/1852
f 1144/1622/1853 1142/1620/1854 1150/1630/1855 1153/1633/1856
f 1151/1631/1857 1152/1632/1858 1156/1636/1859 1155/1635/1860
f 1152/1632/1861 1153/1633/1862 1157/1637/1863 1156/1636/1864
f 1153/1633/1865 1150/1630/1866 1154/1634/1867 1157/1637/1868
g default
v 9.050569 4.415794 8.195553
v 9.050569 4.522323 8.195553
v 9.050569 4.522323 -7.904640
v 9.050569 4.415794 -7.904640
vt 0.375000 0.000000
vt 0.375000 0.250000
vt 0.125000 0.000000
vt 0.125000 0.250000
vn -1.000000 0.000000 0.000000
vn -1.000000 0.000000 0.000000
vn -1.000000 0.000000 0.000000
vn -1.000000 0.000000 0.000000
s off
g Adicionales group16 Luze
usemtl initialShadingGroup
f 1161/1640/1869 1158/1638/1870 1159/1639/1871 1160/1641/1872
g default
v -11.840473 4.886284 2.917349
v -11.840473 0.371046 2.917349
v -11.840473 4.886284 -2.882256
v -11.840473 0.371046 -2.882256
v -11.921295 4.886284 2.917349
v -11.921297 0.371046 2.917349
v -11.921295 4.886284 -2.882256
v -11.921297 0.371046 -2.882256
vt 0.375000 0.250000
vt 0.625000 0.250000
vt 0.375000 0.500000
vt 0.625000 0.500000
vt 0.000000 0.000000
vt 1.000000 0.000000
vt 1.000000 1.000000
vt 0.000000 1.000000
vt 0.000000 0.000000
vt 1.000000 0.000000
vt 1.000000 1.000000
vt 0.000000 1.000000
vn 1.000000 0.000000 0.000000
vn 1.000000 0.000000 0.000000
vn 1.000000 0.000000 0.000000
vn 1.000000 0.000000 0.000000
vn 0.000000 0.000000 1.000000
vn 0.000000 0.000000 1.000000
vn 0.000000 0.000000 1.000000
vn 0.000000 0.000000 1.000000
vn 0.000000 0.000000 -1.000000
vn 0.000000 0.000000 -1.000000
vn 0.000000 0.000000 -1.000000
vn 0.000000 0.000000 -1.000000
s off
g Adicionales group16 Pantalla_holografica
usemtl initialShadingGroup
f 1162/1642/1873 1163/1643/1874 1165/1645/1875 1164/1644/1876
f 1163/1646/1877 1162/1647/1878 1166/1648/1879 1167/1649/1880
f 1164/1650/1881 1165/1651/1882 1169/1652/1883 1168/1653/1884
g default
v -4.825426 1.313458 -7.784478
v -4.706357 1.313458 -7.784478
v -4.825426 1.647149 -7.784478
v -4.706357 1.647149 -7.784478
v -4.825426 1.647149 -7.794740
v -4.706357 1.647149 -7.794740
v -4.825426 1.313458 -7.794740
v -4.706357 1.313458 -7.794740
vt 0.375000 0.000000
vt 0.625000 0.000000
vt 0.375000 0.250000
vt 0.625000 0.250000
vt 0.375000 0.500000
vt 0.625000 0.500000
vt 0.375000 0.750000
vt 0.625000 0.750000
vt 0.375000 1.000000
vt 0.625000 1.000000
vt 0.875000 0.000000
vt 0.875000 0.250000
vt 0.125000 0.000000
vt 0.125000 0.250000
vn 0.000000 0.000000 1.000000
vn 0.000000 0.000000 1.000000
vn 0.000000 0.000000 1.000000
vn 0.000000 0.000000 1.000000
vn 0.000000 1.000000 0.000000
vn 0.000000 1.000000 0.000000
vn 0.000000 1.000000 0.000000
vn 0.000000 1.000000 0.000000
vn 0.000000 0.000000 -1.000000
vn 0.000000 0.000000 -1.000000
vn 0.000000 0.000000 -1.000000
vn 0.000000 0.000000 -1.000000
vn 0.000000 -1.000000 0.000000
vn 0.000000 -1.000000 0.000000
vn 0.000000 -1.000000 0.000000
vn 0.000000 -1.000000 0.000000
vn 1.000000 0.000000 0.000000
vn 1.000000 0.000000 0.000000
vn 1.000000 0.000000 0.000000
vn 1.000000 0.000000 0.000000
vn -1.000000 0.000000 0.000000
vn -1.000000 0.000000 0.000000
vn -1.000000 0.000000 0.000000
vn -1.000000 0.000000 0.000000
s off
g Adicionales group16 Soporte_cuadro
usemtl initialShadingGroup
f 1170/1654/1885 1171/1655/1886 1173/1657/1887 1172/1656/1888
f 1172/1656/1889 1173/1657/1890 1175/1659/1891 1174/1658/1892
f 1174/1658/1893 1175/1659/1894 1177/1661/1895 1176/1660/1896
f 1176/1660/1897 1177/1661/1898 1171/1663/1899 1170/1662/1900
f 1171/1655/1901 1177/1664/1902 1175/1665/1903 1173/1657/1904
f 1176/1666/1905 1170/1654/1906 1172/1656/1907 1174/1667/1908
g default
v -7.709994 1.981811 -7.756633
v -3.357037 1.981811 -7.756633
v -7.709994 4.573709 -7.756633
v -3.357037 4.573709 -7.756633
v -7.709994 4.573709 -7.796934
v -3.357037 4.573709 -7.796934
v -7.709994 1.981811 -7.796934
v -3.357037 1.981811 -7.796934
vt 0.375000 0.000000
vt 0.625000 0.000000
vt 0.375000 0.250000
vt 0.625000 0.250000
vt 0.375000 0.500000
vt 0.625000 0.500000
vt 0.375000 0.750000
vt 0.625000 0.750000
vt 0.375000 1.000000
vt 0.625000 1.000000
vt 0.875000 0.000000
vt 0.875000 0.250000
vt 0.125000 0.000000
vt 0.125000 0.250000
vn 0.000000 0.000000 1.000000
vn 0.000000 0.000000 1.000000
vn 0.000000 0.000000 1.000000
vn 0.000000 0.000000 1.000000
vn 0.000000 1.000000 0.000000
vn 0.000000 1.000000 0.000000
vn 0.000000 1.000000 0.000000
vn 0.000000 1.000000 0.000000
vn 0.000000 0.000000 -1.000000
vn 0.000000 0.000000 -1.000000
vn 0.000000 0.000000 -1.000000
vn 0.000000 0.000000 -1.000000
vn 0.000000 -1.000000 0.000000
vn 0.000000 -1.000000 0.000000
vn 0.000000 -1.000000 0.000000
vn 0.000000 -1.000000 0.000000
vn 1.000000 0.000000 0.000000
vn 1.000000 0.000000 0.000000
vn 1.000000 0.000000 0.000000
vn 1.000000 0.000000 0.000000
vn -1.000000 0.000000 0.000000
vn -1.000000 0.000000 0.000000
vn -1.000000 0.000000 0.000000
vn -1.000000 0.000000 0.000000
s off
g Adicionales group16 Cuadro
usemtl initialShadingGroup
f 1178/1668/1909 1179/1669/1910 1181/1671/1911 1180/1670/1912
f 1180/1670/1913 1181/1671/1914 1183/1673/1915 1182/1672/1916
f 1182/1672/1917 1183/1673/1918 1185/1675/1919 1184/1674/1920
f 1184/1674/1921 1185/1675/1922 1179/1677/1923 1178/1676/1924
f 1179/1669/1925 1185/1678/1926 1183/1679/1927 1181/1671/1928
f 1184/1680/1929 1178/1668/1930 1180/1670/1931 1182/1681/1932
g default
v 2.671854 1.981811 -7.756633
v 7.024811 1.981811 -7.756633
v 2.671854 4.573709 -7.756633
v 7.024811 4.573709 -7.756633
v 2.671854 4.573709 -7.796934
v 7.024811 4.573709 -7.796934
v 2.671854 1.981811 -7.796934
v 7.024811 1.981811 -7.796934
vt 0.375000 0.000000
vt 0.625000 0.000000
vt 0.375000 0.250000
vt 0.625000 0.250000
vt 0.375000 0.500000
vt 0.625000 0.500000
vt 0.375000 0.750000
vt 0.625000 0.750000
vt 0.375000 1.000000
vt 0.625000 1.000000
vt 0.875000 0.000000
vt 0.875000 0.250000
vt 0.125000 0.000000
vt 0.125000 0.250000
vn 0.000000 0.000000 1.000000
vn 0.000000 0.000000 1.000000
vn 0.000000 0.000000 1.000000
vn 0.000000 0.000000 1.000000
vn 0.000000 1.000000 0.000000
vn 0.000000 1.000000 0.000000
vn 0.000000 1.000000 0.000000
vn 0.000000 1.000000 0.000000
vn 0.000000 0.000000 -1.000000
vn 0.000000 0.000000 -1.000000
vn 0.000000 0.000000 -1.000000
vn 0.000000 0.000000 -1.000000
vn 0.000000 -1.000000 0.000000
vn 0.000000 -1.000000 0.000000
vn 0.000000 -1.000000 0.000000
vn 0.000000 -1.000000 0.000000
vn 1.000000 0.000000 0.000000
vn 1.000000 0.000000 0.000000
vn 1.000000 0.000000 0.000000
vn 1.000000 0.000000 0.000000
vn -1.000000 0.000000 0.000000
vn -1.000000 0.000000 0.000000
vn -1.000000 0.000000 0.000000
vn -1.000000 0.000000 0.000000
s off
g Adicionales group16 Cuadro1
usemtl initialShadingGroup
f 1186/1682/1933 1187/1683/1934 1189/1685/1935 1188/1684/1936
f 1188/1684/1937 1189/1685/1938 1191/1687/1939 1190/1686/1940
f 1190/1686/1941 1191/1687/1942 1193/1689/1943 1192/1688/1944
f 1192/1688/1945 1193/1689/1946 1187/1691/1947 1186/1690/1948
f 1187/1683/1949 1193/1692/1950 1191/1693/1951 1189/1685/1952
f 1192/1694/1953 1186/1682/1954 1188/1684/1955 1190/1695/1956
g default
v 9.514458 4.425153 -2.039328
v 9.514352 4.425153 3.099115
v 9.514452 5.953281 -2.039323
v 9.514343 5.953281 3.099115
v 9.145707 4.425153 3.099111
v 9.145697 5.953281 3.099115
v 9.145815 4.425153 -2.039328
v 9.145806 5.953281 -2.039328
v 9.445957 4.425153 -2.039328
v 9.445756 4.425153 3.099112
v 9.214410 4.425153 -2.039328
v 9.214211 4.425153 3.099111
v 9.445957 4.542527 -2.039328
v 9.445756 4.542527 3.099112
v 9.214211 4.542527 3.099111
v 9.214410 4.542527 -2.039328
vt 0.901581 0.110003
vt 0.901550 0.208694
vt 0.898071 0.208693
vt 0.898071 0.110004
vt 0.907959 0.208691
vt 0.907990 0.110004
vt 0.911469 0.110008
vt 0.891663 0.208687
vt 0.891663 0.110008
vt 0.911469 0.208687
vt 0.895935 0.110006
vt 0.895935 0.208691
vt 0.893799 0.110007
vt 0.893799 0.208689
vt 0.895935 0.110006
vt 0.895935 0.208691
vt 0.893799 0.208689
vt 0.893799 0.110007
vn 1.000000 0.000005 0.000021
vn 1.000000 0.000005 0.000021
vn 1.000000 0.000005 0.000021
vn 1.000000 0.000005 0.000021
vn -1.000000 -0.000006 -0.000021
vn -1.000000 -0.000006 -0.000021
vn -1.000000 -0.000006 -0.000021
vn -1.000000 -0.000006 -0.000021
vn 0.000000 1.000000 0.000000
vn 0.000000 1.000000 0.000000
vn 0.000000 1.000000 0.000000
vn 0.000000 1.000000 0.000000
vn 0.000000 -1.000000 0.000000
vn 0.000000 -1.000000 0.000000
vn 0.000000 -1.000000 0.000000
vn 0.000000 -1.000000 0.000000
vn 0.000000 -1.000000 0.000000
vn 0.000000 -1.000000 0.000000
vn 0.000000 -1.000000 0.000000
vn 0.000000 -1.000000 0.000000
vn 0.000000 -1.000000 -0.000000
vn 0.000000 -1.000000 -0.000000
vn 0.000000 -1.000000 -0.000000
vn 0.000000 -1.000000 -0.000000
vn -1.000000 0.000000 -0.000039
vn -1.000000 0.000000 -0.000039
vn -1.000000 0.000000 -0.000039
vn -1.000000 0.000000 -0.000039
vn 1.000000 0.000000 0.000039
vn 1.000000 0.000000 0.000039
vn 1.000000 0.000000 0.000039
vn 1.000000 0.000000 0.000039
s off
g Adicionales group16 Cube_41_5
usemtl Plane_4_SG
f 1196/1696/1957 1197/1697/1958 1195/1698/1959 1194/1699/1960
f 1199/1700/1961 1201/1701/1962 1200/1702/1963 1198/1705/1964
f 1201/1701/1965 1199/1700/1966 1197/1697/1967 1196/1696/1968
f 1204/1708/1969 1205/1709/1970 1198/1703/1971 1200/1704/1972
f 1194/1699/1973 1195/1698/1974 1203/1707/1975 1202/1706/1976
f 1206/1710/1977 1207/1711/1978 1208/1712/1979 1209/1713/1980
f 1202/1706/1981 1203/1707/1982 1207/1711/1983 1206/1710/1984
f 1205/1709/1985 1204/1708/1986 1209/1713/1987 1208/1712/1988
g default
v -2.934425 0.208924 4.841366
v 2.934425 0.208924 4.841366
v -2.934425 0.208924 -4.807573
v 2.934425 0.208924 -4.807573
vt 0.375000 0.250000
vt 0.625000 0.250000
vt 0.375000 0.500000
vt 0.625000 0.500000
vn 0.000000 1.000000 0.000000
vn 0.000000 1.000000 0.000000
vn 0.000000 1.000000 0.000000
vn 0.000000 1.000000 0.000000
s off
g Adicionales group16 Tapete
usemtl initialShadingGroup
f 1210/1714/1989 1211/1715/1990 1213/1717/1991 1212/1716/1992
g default
v -3.717747 1.534959 -7.751938
v -3.764457 1.508123 -7.751938
v -3.811167 1.534959 -7.751938
v -3.831571 1.677960 -7.751938
v -3.693315 1.778346 -7.751938
v -3.685471 1.521985 -7.811242
v -3.764457 1.477842 -7.811242
v -3.843442 1.521985 -7.811242
v -3.855947 1.677960 -7.783608
v -3.668939 1.778346 -7.783608
v -3.633247 1.454377 -7.788589
v -3.764457 1.382231 -7.788589
v -3.895666 1.454377 -7.788589
v -3.895389 1.677960 -7.771511
v -3.629498 1.778346 -7.771511
v -3.633247 1.454377 -7.715285
v -3.764457 1.382231 -7.715285
v -3.895666 1.454377 -7.715285
v -3.895388 1.677961 -7.732365
v -3.629498 1.778346 -7.732364
v -3.685471 1.521986 -7.692634
v -3.764457 1.477843 -7.692633
v -3.843442 1.521986 -7.692634
v -3.855947 1.677960 -7.720266
v -3.668939 1.778346 -7.720266
v -3.866848 1.677960 -7.751938
v -3.658037 1.778346 -7.751938
v -3.656822 1.650299 -7.797411
v -3.685144 1.656779 -7.751938
v -3.656823 1.650299 -7.706465
v -3.610996 1.616530 -7.723834
v -3.610997 1.616531 -7.780042
v -3.910120 1.589005 -7.778306
v -3.865593 1.615904 -7.794603
v -3.838074 1.621065 -7.751938
v -3.865593 1.615903 -7.709273
v -3.910120 1.589004 -7.725569
vt 0.000000 1.000000
vt 0.125000 1.000000
vt 0.250000 1.000000
vt 0.375000 1.000000
vt 0.875000 1.000000
vt 1.000000 1.000000
vt 0.000000 0.800000
vt 0.125000 0.800000
vt 0.250000 0.800000
vt 0.375000 0.800000
vt 0.875000 0.800000
vt 1.000000 0.800000
vt 0.000000 0.600000
vt 0.125000 0.600000
vt 0.250000 0.600000
vt 0.375000 0.600000
vt 0.875000 0.600000
vt 1.000000 0.600000
vt 0.000000 0.400000
vt 0.125000 0.400000
vt 0.250000 0.400000
vt 0.375000 0.400000
vt 0.875000 0.400000
vt 1.000000 0.400000
vt 0.000000 0.200000
vt 0.125000 0.200000
vt 0.250000 0.200000
vt 0.375000 0.200000
vt 0.875000 0.200000
vt 1.000000 0.200000
vt 0.000000 0.000000
vt 0.125000 0.000000
vt 0.250000 0.000000
vt 0.375000 0.000000
vt 0.875000 0.000000
vt 1.000000 0.000000
vt 0.375000 0.600000
vt 0.875000 0.500000
vt 0.937435 0.800000
vt 0.937435 0.000000
vt 0.937435 1.000000
vt 0.937435 0.200000
vt 0.937435 0.400000
vt 0.937435 0.600000
vt 0.325267 0.600000
vt 0.325267 0.800000
vt 0.325267 0.000000
vt 0.325267 1.000000
vt 0.325267 0.200000
vt 0.325267 0.400000
vn -0.448164 0.793660 -0.411404
vn -0.448164 0.793660 -0.411404
vn -0.448164 0.793660 -0.411404
vn -0.448164 0.793660 -0.411404
vn 0.448173 0.793657 -0.411400
vn 0.448173 0.793657 -0.411400
vn 0.448173 0.793657 -0.411400
vn 0.448173 0.793657 -0.411400
vn 0.823174 0.160308 -0.544689
vn 0.809254 0.268809 -0.522350
vn 0.809254 0.268809 -0.522350
vn 0.820891 0.185347 -0.540170
vn -0.832249 0.112995 -0.542765
vn -0.826602 -0.036127 -0.561626
vn -0.826602 -0.036127 -0.561626
vn -0.831541 0.133616 -0.539154
vn 0.125977 -0.227699 -0.965548
vn 0.125977 -0.227699 -0.965548
vn 0.125977 -0.227699 -0.965548
vn 0.125977 -0.227699 -0.965548
vn -0.125977 -0.227702 -0.965547
vn -0.125977 -0.227702 -0.965547
vn -0.125977 -0.227702 -0.965547
vn -0.125977 -0.227702 -0.965547
vn -0.389694 0.095966 -0.915931
vn -0.408196 0.042046 -0.911925
vn -0.408196 0.042046 -0.911925
vn -0.400555 0.064805 -0.913978
vn 0.377756 0.029032 -0.925450
vn 0.371789 0.063726 -0.926128
vn 0.363157 0.109649 -0.925253
vn 0.363157 0.109649 -0.925253
vn 0.481822 -0.876269 0.000005
vn 0.481822 -0.876269 0.000005
vn 0.481822 -0.876269 0.000005
vn 0.481822 -0.876269 0.000005
vn -0.481821 -0.876270 0.000005
vn -0.481821 -0.876270 0.000005
vn -0.481821 -0.876270 0.000005
vn -0.481821 -0.876270 0.000005
vn -0.999705 -0.024280 0.000001
vn -0.999705 -0.024279 0.000001
vn -0.994286 -0.106753 0.000000
vn -0.994286 -0.106753 0.000000
vn 0.999397 -0.034722 -0.000002
vn 0.993527 0.113593 -0.000003
vn 0.993527 0.113593 -0.000003
vn 0.999397 -0.034723 -0.000002
vn 0.125965 -0.227695 0.965550
vn 0.125965 -0.227695 0.965550
vn 0.125965 -0.227695 0.965550
vn 0.125965 -0.227695 0.965550
vn -0.125971 -0.227695 0.965550
vn -0.125971 -0.227695 0.965550
vn -0.125971 -0.227695 0.965550
vn -0.125971 -0.227695 0.965550
vn -0.400557 0.064810 0.913977
vn -0.408199 0.042052 0.911924
vn -0.408199 0.042052 0.911924
vn -0.389695 0.095969 0.915930
vn 0.377761 0.029035 0.925448
vn 0.363159 0.109642 0.925254
vn 0.363159 0.109642 0.925254
vn 0.371792 0.063725 0.926126
vn -0.448162 0.793669 0.411388
vn -0.448162 0.793669 0.411388
vn -0.448162 0.793669 0.411388
vn -0.448162 0.793669 0.411388
vn 0.448163 0.793668 0.411388
vn 0.448163 0.793668 0.411388
vn 0.448163 0.793668 0.411388
vn 0.448163 0.793668 0.411388
vn 0.820890 0.185348 0.540172
vn 0.809249 0.268814 0.522355
vn 0.809249 0.268814 0.522355
vn 0.823173 0.160307 0.544690
vn -0.831543 0.133616 0.539151
vn -0.826604 -0.036129 0.561623
vn -0.826604 -0.036129 0.561623
vn -0.832252 0.112993 0.542761
vn 0.000002 1.000000 0.000000
vn -0.000001 1.000000 -0.000001
vn 0.000001 1.000000 -0.000003
vn -0.000001 1.000000 -0.000003
vn 0.000001 1.000000 -0.000001
vn -0.000002 1.000000 0.000000
vn -0.000003 1.000000 0.000000
vn -0.000004 1.000000 -0.000003
vn 0.000000 1.000000 0.000000
vn 0.000003 1.000000 0.000000
vn 0.000000 1.000000 0.000000
vn 0.000004 1.000000 -0.000003
vn -0.823244 0.230280 -0.518883
vn -0.823244 0.230280 -0.518883
vn -0.823247 0.230281 0.518879
vn -0.823247 0.230281 0.518879
vn 0.381724 0.004323 0.924266
vn 0.381724 0.004323 0.924266
vn 0.990716 -0.135947 -0.000002
vn 0.990716 -0.135947 -0.000002
vn 0.381717 0.004318 -0.924269
vn 0.381718 0.004318 -0.924269
vn -0.363331 0.166633 -0.916637
vn -0.363331 0.166633 -0.916637
vn 0.820445 -0.058827 -0.568690
vn 0.820445 -0.058827 -0.568690
vn 0.820451 -0.058831 0.568682
vn 0.820451 -0.058831 0.568682
vn -0.363333 0.166630 0.916637
vn -0.363333 0.166630 0.916637
vn -0.986564 0.163376 0.000003
vn -0.986564 0.163376 0.000003
s off
g Adicionales group16 Decorativo3
usemtl initialShadingGroup
f 1215/1719/1993 1214/1718/1994 1219/1724/1995 1220/1725/1996
f 1216/1720/1997 1215/1719/1998 1220/1725/1999 1221/1726/2000
s 1
f 1248/1765/2001 1216/1720/2002 1221/1726/2003 1247/1763/2004
s 2
f 1242/1758/2005 1218/1722/2006 1223/1728/2007 1241/1756/2008
s off
f 1220/1725/2009 1219/1724/2010 1224/1730/2011 1225/1731/2012
f 1221/1726/2013 1220/1725/2014 1225/1731/2015 1226/1732/2016
s 3
f 1247/1763/2017 1221/1726/2018 1226/1732/2019 1246/1762/2020
s 4
f 1245/1761/2021 1241/1756/2022 1223/1728/2023 1228/1734/2024
s off
f 1225/1731/2025 1224/1730/2026 1229/1736/2027 1230/1737/2028
f 1226/1732/2029 1225/1731/2030 1230/1737/2031 1231/1738/2032
s 5
f 1250/1767/2033 1246/1762/2034 1226/1732/2035 1231/1738/2036
s 6
f 1245/1761/2037 1228/1734/2038 1233/1740/2039 1244/1760/2040
s off
f 1230/1737/2041 1229/1736/2042 1234/1742/2043 1235/1743/2044
f 1231/1738/2045 1230/1737/2046 1235/1743/2047 1236/1744/2048
s 7
f 1250/1767/2049 1231/1738/2050 1236/1744/2051 1249/1766/2052
s 8
f 1244/1760/2053 1233/1740/2054 1238/1746/2055 1243/1759/2056
s off
f 1235/1743/2057 1234/1742/2058 1214/1748/2059 1215/1749/2060
f 1236/1744/2061 1235/1743/2062 1215/1749/2063 1216/1750/2064
s 9
f 1249/1766/2065 1236/1744/2066 1216/1750/2067 1248/1764/2068
s 10
f 1243/1759/2069 1238/1746/2070 1218/1752/2071 1242/1757/2072
s 11
f 1237/1745/2073 1239/1754/2074 1232/1739/2075
s 12
f 1233/1740/2076 1240/1755/2077 1238/1746/2078
s 11
f 1222/1727/2079 1227/1733/2080 1239/1754/2074
f 1239/1754/2074 1227/1733/2080 1232/1739/2075
f 1217/1721/2081 1239/1754/2074 1237/1745/2073
f 1222/1727/2079 1239/1754/2074 1217/1721/2081
s 12
f 1223/1728/2082 1218/1752/2083 1240/1755/2077
f 1240/1755/2077 1218/1752/2083 1238/1746/2078
f 1228/1734/2084 1240/1755/2077 1233/1740/2076
f 1223/1728/2082 1240/1755/2077 1228/1734/2084
s 2
f 1214/1723/2085 1242/1758/2005 1241/1756/2008 1219/1729/2086
s 10
f 1234/1747/2087 1243/1759/2069 1242/1757/2072 1214/1753/2088
s 8
f 1229/1741/2089 1244/1760/2053 1243/1759/2056 1234/1747/2090
s 6
f 1224/1735/2091 1245/1761/2037 1244/1760/2040 1229/1741/2092
s 4
f 1219/1729/2093 1241/1756/2022 1245/1761/2021 1224/1735/2094
s 3
f 1222/1727/2095 1247/1763/2017 1246/1762/2020 1227/1733/2096
s 1
f 1217/1721/2097 1248/1765/2001 1247/1763/2004 1222/1727/2098
s 9
f 1237/1745/2099 1249/1766/2065 1248/1764/2068 1217/1751/2100
s 7
f 1232/1739/2101 1250/1767/2049 1249/1766/2052 1237/1745/2102
s 5
f 1227/1733/2103 1246/1762/2034 1250/1767/2033 1232/1739/2104
g default
v -6.788536 1.542717 -1.592984
v -6.795790 1.542717 -1.598254
v -6.804755 1.542717 -1.598254
v -6.812008 1.542717 -1.592984
v -6.814779 1.542717 -1.584457
v -6.812008 1.542717 -1.575930
v -6.804755 1.542717 -1.570660
v -6.795790 1.542717 -1.570660
v -6.788536 1.542717 -1.575930
v -6.785765 1.542717 -1.584457
v -6.788536 1.812297 -1.592984
v -6.795790 1.812297 -1.598254
v -6.804755 1.812297 -1.598254
v -6.812008 1.812297 -1.592984
v -6.814779 1.812297 -1.584457
v -6.812008 1.812297 -1.575930
v -6.804755 1.812297 -1.570660
v -6.795790 1.812297 -1.570660
v -6.788536 1.812297 -1.575930
v -6.785765 1.812297 -1.584457
v -6.788404 1.825244 -1.592984
v -6.795319 1.827435 -1.598254
v -6.803866 1.830144 -1.598254
v -6.810781 1.832336 -1.592984
v -6.813421 1.833172 -1.584457
v -6.810781 1.832336 -1.575930
v -6.803866 1.830144 -1.570660
v -6.795319 1.827435 -1.570660
v -6.788404 1.825244 -1.575930
v -6.785763 1.824407 -1.584457
v -6.786239 1.830193 -1.592984
v -6.789651 1.836594 -1.598254
v -6.793869 1.844505 -1.598254
v -6.797284 1.850905 -1.592984
v -6.798586 1.853350 -1.584457
v -6.797284 1.850905 -1.575930
v -6.793869 1.844505 -1.570660
v -6.789651 1.836594 -1.570660
v -6.786239 1.830193 -1.575930
v -6.784935 1.827748 -1.584457
v -6.767834 1.832622 -1.592984
v -6.770533 1.839355 -1.598254
v -6.773869 1.847676 -1.598254
v -6.776570 1.854409 -1.592984
v -6.777600 1.856980 -1.584457
v -6.776570 1.854409 -1.575930
v -6.773869 1.847676 -1.570660
v -6.770533 1.839355 -1.570660
v -6.767834 1.832622 -1.575930
v -6.766802 1.830050 -1.584457
v -6.498112 1.542717 -1.592984
v -6.490858 1.542717 -1.598254
v -6.490858 1.812297 -1.598254
v -6.498112 1.812297 -1.592984
v -6.481893 1.542717 -1.598254
v -6.481893 1.812297 -1.598254
v -6.474639 1.542717 -1.592984
v -6.474639 1.812297 -1.592984
v -6.471870 1.542717 -1.584457
v -6.471870 1.812297 -1.584457
v -6.474639 1.542717 -1.575930
v -6.474639 1.812297 -1.575930
v -6.481893 1.542717 -1.570660
v -6.481893 1.812297 -1.570660
v -6.490858 1.542717 -1.570660
v -6.490858 1.812297 -1.570660
v -6.498112 1.542717 -1.575930
v -6.498112 1.812297 -1.575930
v -6.500884 1.542717 -1.584457
v -6.500884 1.812297 -1.584457
v -6.491328 1.827435 -1.598254
v -6.498244 1.825244 -1.592984
v -6.482782 1.830144 -1.598254
v -6.475868 1.832336 -1.592984
v -6.473226 1.833172 -1.584457
v -6.475868 1.832336 -1.575930
v -6.482782 1.830144 -1.570660
v -6.491328 1.827435 -1.570660
v -6.498244 1.825244 -1.575930
v -6.500884 1.824407 -1.584457
v -6.496996 1.836594 -1.598254
v -6.500409 1.830193 -1.592984
v -6.492778 1.844505 -1.598254
v -6.489365 1.850905 -1.592984
v -6.488061 1.853350 -1.584457
v -6.489365 1.850905 -1.575930
v -6.492778 1.844505 -1.570660
v -6.496996 1.836594 -1.570660
v -6.500409 1.830193 -1.575930
v -6.501714 1.827748 -1.584457
v -6.516114 1.839355 -1.598254
v -6.518815 1.832622 -1.592984
v -6.512778 1.847676 -1.598254
v -6.510080 1.854409 -1.592984
v -6.509048 1.856980 -1.584457
v -6.510080 1.854409 -1.575930
v -6.512778 1.847676 -1.570660
v -6.516114 1.839355 -1.570660
v -6.518815 1.832622 -1.575930
v -6.519846 1.830050 -1.584457
vt 0.375000 0.312500
vt 0.400000 0.312500
vt 0.425000 0.312500
vt 0.450000 0.312500
vt 0.475000 0.312500
vt 0.500000 0.312500
vt 0.525000 0.312500
vt 0.550000 0.312500
vt 0.575000 0.312500
vt 0.600000 0.312500
vt 0.625000 0.312500
vt 0.375000 0.688440
vt 0.400000 0.688440
vt 0.425000 0.688440
vt 0.450000 0.688440
vt 0.475000 0.688440
vt 0.500000 0.688440
vt 0.525000 0.688440
vt 0.550000 0.688440
vt 0.575000 0.688440
vt 0.600000 0.688440
vt 0.625000 0.688440
vt 0.626409 0.751909
vt 0.548284 0.695147
vt 0.451716 0.695147
vt 0.373591 0.751909
vt 0.343750 0.843750
vt 0.373591 0.935591
vt 0.451716 0.992353
vt 0.548284 0.992353
vt 0.626409 0.935591
vt 0.656250 0.843750
vt 0.626409 0.935591
vt 0.548284 0.992353
vt 0.451716 0.992353
vt 0.373591 0.935591
vt 0.343750 0.843750
vt 0.373591 0.751909
vt 0.451716 0.695147
vt 0.548284 0.695147
vt 0.626409 0.751909
vt 0.656250 0.843750
vt 0.626409 0.935591
vt 0.548284 0.992353
vt 0.451716 0.992353
vt 0.373591 0.935591
vt 0.343750 0.843750
vt 0.373591 0.751909
vt 0.451716 0.695147
vt 0.548284 0.695147
vt 0.626409 0.751909
vt 0.656250 0.843750
vt 0.626409 0.935591
vt 0.548284 0.992353
vt 0.451716 0.992353
vt 0.373591 0.935591
vt 0.343750 0.843750
vt 0.373591 0.751909
vt 0.451716 0.695147
vt 0.548284 0.695147
vt 0.626409 0.751909
vt 0.656250 0.843750
vt 0.375000 0.312500
vt 0.400000 0.312500
vt 0.400000 0.688440
vt 0.375000 0.688440
vt 0.425000 0.312500
vt 0.425000 0.688440
vt 0.450000 0.312500
vt 0.450000 0.688440
vt 0.475000 0.312500
vt 0.475000 0.688440
vt 0.500000 0.312500
vt 0.500000 0.688440
vt 0.525000 0.312500
vt 0.525000 0.688440
vt 0.550000 0.312500
vt 0.550000 0.688440
vt 0.575000 0.312500
vt 0.575000 0.688440
vt 0.600000 0.312500
vt 0.600000 0.688440
vt 0.625000 0.312500
vt 0.625000 0.688440
vt 0.626409 0.935591
vt 0.548284 0.992353
vt 0.548284 0.992353
vt 0.626409 0.935591
vt 0.451716 0.992353
vt 0.451716 0.992353
vt 0.373591 0.935591
vt 0.373591 0.935591
vt 0.343750 0.843750
vt 0.343750 0.843750
vt 0.373591 0.751909
vt 0.373591 0.751909
vt 0.451716 0.695147
vt 0.451716 0.695147
vt 0.548284 0.695147
vt 0.548284 0.695147
vt 0.626409 0.751909
vt 0.626409 0.751909
vt 0.656250 0.843750
vt 0.656250 0.843750
vt 0.548284 0.992353
vt 0.626409 0.935591
vt 0.451716 0.992353
vt 0.373591 0.935591
vt 0.343750 0.843750
vt 0.373591 0.751909
vt 0.451716 0.695147
vt 0.548284 0.695147
vt 0.626409 0.751909
vt 0.656250 0.843750
vt 0.548284 0.992353
vt 0.626409 0.935591
vt 0.451716 0.992353
vt 0.373591 0.935591
vt 0.343750 0.843750
vt 0.373591 0.751909
vt 0.451716 0.695147
vt 0.548284 0.695147
vt 0.626409 0.751909
vt 0.656250 0.843750
vn -0.587733 0.000000 -0.809055
vn -0.587733 0.000000 -0.809055
vn -0.587733 0.000000 -0.809055
vn -0.587733 0.000000 -0.809055
vn 0.000000 0.000000 -1.000000
vn 0.000000 0.000000 -1.000000
vn 0.000000 0.000000 -1.000000
vn 0.000000 0.000000 -1.000000
vn 0.587733 0.000000 -0.809055
vn 0.587733 0.000000 -0.809055
vn 0.587733 0.000000 -0.809055
vn 0.587733 0.000000 -0.809055
vn 0.951106 0.000000 -0.308865
vn 0.951106 0.000000 -0.308865
vn 0.951106 0.000000 -0.308865
vn 0.951106 0.000000 -0.308865
vn 0.951100 0.000000 0.308884
vn 0.951100 0.000000 0.308884
vn 0.951100 0.000000 0.308884
vn 0.951100 0.000000 0.308884
vn 0.587726 0.000000 0.809060
vn 0.587726 0.000000 0.809060
vn 0.587726 0.000000 0.809060
vn 0.587726 0.000000 0.809060
vn 0.000000 0.000000 1.000000
vn 0.000000 0.000000 1.000000
vn 0.000000 0.000000 1.000000
vn 0.000000 0.000000 1.000000
vn -0.587726 0.000000 0.809060
vn -0.587726 0.000000 0.809060
vn -0.587726 0.000000 0.809060
vn -0.587726 0.000000 0.809060
vn -0.951012 0.000000 0.309155
vn -0.951012 0.000000 0.309155
vn -0.951012 0.000000 0.309155
vn -0.951012 0.000000 0.309155
vn -0.951018 0.000000 -0.309136
vn -0.951018 0.000000 -0.309136
vn -0.951018 0.000000 -0.309136
vn -0.951018 0.000000 -0.309136
vn -0.595492 -0.012799 -0.803259
vn -0.595492 -0.012799 -0.803260
vn -0.595492 -0.012799 -0.803259
vn -0.595492 -0.012799 -0.803259
vn 0.000000 0.000000 -1.000000
vn 0.000000 0.000000 -1.000000
vn 0.000000 0.000000 -1.000000
vn 0.000000 0.000000 -1.000000
vn 0.593219 0.033150 -0.804358
vn 0.593219 0.033150 -0.804359
vn 0.593219 0.033150 -0.804358
vn 0.593219 0.033150 -0.804358
vn 0.950603 0.060089 -0.304537
vn 0.950603 0.060089 -0.304537
vn 0.950603 0.060089 -0.304537
vn 0.950603 0.060089 -0.304537
vn 0.950603 0.060056 0.304546
vn 0.950603 0.060056 0.304546
vn 0.950603 0.060056 0.304546
vn 0.950602 0.060056 0.304546
vn 0.593219 0.033150 0.804358
vn 0.593219 0.033150 0.804358
vn 0.593219 0.033150 0.804358
vn 0.593219 0.033150 0.804358
vn 0.000000 0.000000 1.000000
vn 0.000000 0.000000 1.000000
vn 0.000000 0.000000 1.000000
vn 0.000000 0.000000 1.000000
vn -0.595483 -0.012799 0.803266
vn -0.595483 -0.012799 0.803266
vn -0.595483 -0.012799 0.803266
vn -0.595483 -0.012799 0.803266
vn -0.953079 -0.005012 0.302681
vn -0.953079 -0.005012 0.302680
vn -0.953079 -0.005012 0.302680
vn -0.953079 -0.005012 0.302680
vn -0.953082 -0.005012 -0.302672
vn -0.953082 -0.005012 -0.302672
vn -0.953082 -0.005012 -0.302672
vn -0.953082 -0.005012 -0.302672
vn -0.545483 -0.302865 -0.781487
vn -0.545483 -0.302865 -0.781487
vn -0.545483 -0.302865 -0.781487
vn -0.545483 -0.302865 -0.781487
vn 0.000021 0.000000 -1.000000
vn 0.000021 0.000000 -1.000000
vn 0.000021 0.000000 -1.000000
vn 0.000021 0.000000 -1.000000
vn 0.503339 0.359099 -0.785938
vn 0.503339 0.359099 -0.785938
vn 0.503339 0.359099 -0.785938
vn 0.503339 0.359099 -0.785938
vn 0.773123 0.565284 -0.287636
vn 0.773123 0.565284 -0.287636
vn 0.773123 0.565284 -0.287636
vn 0.773123 0.565284 -0.287636
vn 0.773107 0.565305 0.287639
vn 0.773107 0.565305 0.287639
vn 0.773107 0.565305 0.287639
vn 0.773107 0.565305 0.287639
vn 0.503342 0.359098 0.785936
vn 0.503342 0.359098 0.785936
vn 0.503342 0.359098 0.785936
vn 0.503342 0.359098 0.785936
vn 0.000004 0.000000 1.000000
vn 0.000004 0.000000 1.000000
vn 0.000004 0.000000 1.000000
vn 0.000004 0.000000 1.000000
vn -0.545479 -0.302866 0.781489
vn -0.545479 -0.302866 0.781489
vn -0.545479 -0.302866 0.781489
vn -0.545479 -0.302866 0.781489
vn -0.904976 -0.327002 0.272191
vn -0.904976 -0.327002 0.272191
vn -0.904976 -0.327002 0.272191
vn -0.904976 -0.327002 0.272191
vn -0.904978 -0.326998 -0.272188
vn -0.904978 -0.326998 -0.272188
vn -0.904978 -0.326998 -0.272188
vn -0.904978 -0.326998 -0.272188
vn -0.082969 -0.599955 -0.795720
vn -0.082969 -0.599956 -0.795720
vn -0.082969 -0.599956 -0.795720
vn -0.082969 -0.599956 -0.795720
vn 0.000000 0.000000 -1.000000
vn 0.000000 0.000000 -1.000000
vn 0.000000 0.000000 -1.000000
vn 0.000000 0.000000 -1.000000
vn 0.097528 0.594914 -0.797851
vn 0.097528 0.594914 -0.797851
vn 0.097528 0.594914 -0.797851
vn 0.097528 0.594914 -0.797851
vn 0.160907 0.940688 -0.298688
vn 0.160907 0.940688 -0.298688
vn 0.160907 0.940688 -0.298688
vn 0.160907 0.940688 -0.298688
vn 0.160915 0.940681 0.298707
vn 0.160915 0.940681 0.298707
vn 0.160915 0.940681 0.298707
vn 0.160915 0.940681 0.298708
vn 0.097524 0.594914 0.797851
vn 0.097524 0.594914 0.797851
vn 0.097524 0.594914 0.797851
vn 0.097524 0.594914 0.797851
vn 0.000000 0.000000 1.000000
vn 0.000000 0.000000 1.000000
vn 0.000000 0.000000 1.000000
vn 0.000000 0.000000 1.000000
vn -0.082970 -0.599943 0.795729
vn -0.082970 -0.599943 0.795729
vn -0.082970 -0.599943 0.795729
vn -0.082970 -0.599943 0.795729
vn -0.122657 -0.947442 0.295482
vn -0.122657 -0.947442 0.295482
vn -0.122657 -0.947442 0.295482
vn -0.122657 -0.947442 0.295482
vn -0.122662 -0.947448 -0.295459
vn -0.122662 -0.947448 -0.295459
vn -0.122662 -0.947448 -0.295459
vn -0.122662 -0.947448 -0.295459
vn 0.000000 -0.616359 -0.787465
vn 0.000000 -0.616359 -0.787465
vn 0.000000 -0.616359 -0.787465
vn 0.000000 -0.616359 -0.787465
vn 0.000000 0.000000 -1.000000
vn 0.000000 0.000000 -1.000000
vn 0.000000 0.000000 -1.000000
vn 0.000000 0.000000 -1.000000
vn 0.000000 0.854551 -0.519368
vn 0.000000 0.854540 -0.519385
vn 0.000000 0.616366 -0.787460
vn 0.000000 0.616366 -0.787460
vn 0.000000 1.000000 -0.000001
vn 0.000000 1.000000 -0.000001
vn 0.000000 0.854541 0.519384
vn 0.000000 0.854531 0.519400
vn 0.000000 0.616358 0.787466
vn 0.000000 0.616358 0.787466
vn 0.000000 0.000000 1.000000
vn 0.000000 0.000000 1.000000
vn 0.000000 0.000000 1.000000
vn 0.000000 0.000000 1.000000
vn 0.000000 -0.804593 0.593827
vn 0.000000 -0.804588 0.593834
vn 0.000000 -0.616352 0.787471
vn 0.000000 -0.616352 0.787471
vn 0.000000 -1.000000 0.000000
vn 0.000000 -1.000000 0.000000
vn 0.000000 -0.957410 -0.288732
vn 0.000000 -0.957410 -0.288732
vn 0.587757 0.000000 -0.809037
vn 0.587757 0.000000 -0.809037
vn 0.587757 0.000000 -0.809037
vn 0.587757 0.000000 -0.809037
vn 0.000000 0.000000 -1.000000
vn 0.000000 0.000000 -1.000000
vn 0.000000 0.000000 -1.000000
vn 0.000000 0.000000 -1.000000
vn -0.587805 0.000000 -0.809003
vn -0.587805 0.000000 -0.809003
vn -0.587805 0.000000 -0.809003
vn -0.587805 0.000000 -0.809003
vn -0.951062 0.000000 -0.309000
vn -0.951062 0.000000 -0.309000
vn -0.951062 0.000000 -0.309000
vn -0.951062 0.000000 -0.309000
vn -0.951056 0.000000 0.309020
vn -0.951056 0.000000 0.309020
vn -0.951056 0.000000 0.309020
vn -0.951056 0.000000 0.309020
vn -0.587798 0.000000 0.809008
vn -0.587798 0.000000 0.809008
vn -0.587798 0.000000 0.809008
vn -0.587798 0.000000 0.809008
vn 0.000000 0.000000 1.000000
vn 0.000000 0.000000 1.000000
vn 0.000000 0.000000 1.000000
vn 0.000000 0.000000 1.000000
vn 0.587750 0.000000 0.809043
vn 0.587750 0.000000 0.809043
vn 0.587750 0.000000 0.809043
vn 0.587750 0.000000 0.809043
vn 0.951041 0.000000 0.309065
vn 0.951041 0.000000 0.309065
vn 0.951041 0.000000 0.309065
vn 0.951041 0.000000 0.309065
vn 0.951047 0.000000 -0.309045
vn 0.951047 0.000000 -0.309045
vn 0.951047 0.000000 -0.309045
vn 0.951047 0.000000 -0.309045
vn 0.595527 -0.012747 -0.803234
vn 0.595527 -0.012747 -0.803234
vn 0.595527 -0.012747 -0.803234
vn 0.595527 -0.012747 -0.803235
vn 0.000000 0.000000 -1.000000
vn 0.000000 0.000000 -1.000000
vn 0.000000 0.000000 -1.000000
vn 0.000000 0.000000 -1.000000
vn -0.593246 0.033132 -0.804339
vn -0.593246 0.033132 -0.804339
vn -0.593246 0.033132 -0.804339
vn -0.593246 0.033132 -0.804339
vn -0.950599 0.060053 -0.304558
vn -0.950599 0.060053 -0.304558
vn -0.950599 0.060053 -0.304558
vn -0.950599 0.060053 -0.304558
vn -0.950594 0.060091 0.304566
vn -0.950594 0.060091 0.304566
vn -0.950594 0.060091 0.304566
vn -0.950594 0.060091 0.304566
vn -0.593247 0.033132 0.804339
vn -0.593247 0.033132 0.804339
vn -0.593246 0.033132 0.804339
vn -0.593246 0.033132 0.804339
vn 0.000000 0.000000 1.000000
vn 0.000000 0.000000 1.000000
vn 0.000000 0.000000 1.000000
vn 0.000000 0.000000 1.000000
vn 0.595518 -0.012747 0.803241
vn 0.595518 -0.012747 0.803241
vn 0.595518 -0.012747 0.803241
vn 0.595518 -0.012747 0.803241
vn 0.953079 -0.005070 0.302680
vn 0.953079 -0.005070 0.302680
vn 0.953079 -0.005070 0.302680
vn 0.953079 -0.005070 0.302680
vn 0.953081 -0.005070 -0.302673
vn 0.953081 -0.005070 -0.302673
vn 0.953081 -0.005070 -0.302673
vn 0.953081 -0.005070 -0.302673
vn 0.545506 -0.302919 -0.781449
vn 0.545506 -0.302919 -0.781449
vn 0.545506 -0.302919 -0.781449
vn 0.545506 -0.302919 -0.781449
vn -0.000014 0.000000 -1.000000
vn -0.000014 0.000000 -1.000000
vn -0.000014 0.000000 -1.000000
vn -0.000014 0.000000 -1.000000
vn -0.503309 0.359088 -0.785962
vn -0.503309 0.359088 -0.785962
vn -0.503309 0.359088 -0.785962
vn -0.503309 0.359088 -0.785962
vn -0.773131 0.565323 -0.287538
vn -0.773131 0.565323 -0.287538
vn -0.773131 0.565323 -0.287538
vn -0.773131 0.565323 -0.287538
vn -0.773141 0.565303 0.287551
vn -0.773141 0.565303 0.287551
vn -0.773141 0.565303 0.287551
vn -0.773141 0.565303 0.287551
vn -0.503298 0.359087 0.785969
vn -0.503298 0.359087 0.785969
vn -0.503298 0.359087 0.785969
vn -0.503298 0.359087 0.785969
vn 0.000000 0.000000 1.000000
vn 0.000000 0.000000 1.000000
vn 0.000000 0.000000 1.000000
vn 0.000000 0.000000 1.000000
vn 0.545495 -0.302920 0.781457
vn 0.545495 -0.302920 0.781457
vn 0.545495 -0.302920 0.781457
vn 0.545495 -0.302920 0.781457
vn 0.905018 -0.326854 0.272229
vn 0.905018 -0.326854 0.272229
vn 0.905018 -0.326854 0.272229
vn 0.905018 -0.326854 0.272229
vn 0.905023 -0.326845 -0.272224
vn 0.905023 -0.326845 -0.272224
vn 0.905023 -0.326845 -0.272224
vn 0.905023 -0.326845 -0.272224
vn 0.082974 -0.599952 -0.795722
vn 0.082974 -0.599952 -0.795721
vn 0.082974 -0.599952 -0.795722
vn 0.082974 -0.599952 -0.795721
vn 0.000000 0.000000 -1.000000
vn 0.000000 0.000000 -1.000000
vn 0.000000 0.000000 -1.000000
vn 0.000000 0.000000 -1.000000
vn -0.097524 0.594895 -0.797866
vn -0.097524 0.594895 -0.797866
vn -0.097524 0.594895 -0.797866
vn -0.097524 0.594895 -0.797866
vn -0.160921 0.940686 -0.298689
vn -0.160921 0.940686 -0.298689
vn -0.160921 0.940686 -0.298689
vn -0.160921 0.940686 -0.298689
vn -0.160922 0.940682 0.298698
vn -0.160922 0.940683 0.298699
vn -0.160922 0.940682 0.298699
vn -0.160922 0.940683 0.298699
vn -0.097524 0.594863 0.797889
vn -0.097524 0.594863 0.797889
vn -0.097524 0.594863 0.797889
vn -0.097524 0.594863 0.797889
vn 0.000000 0.000000 1.000000
vn 0.000000 0.000000 1.000000
vn 0.000000 0.000000 1.000000
vn 0.000000 0.000000 1.000000
vn 0.082972 -0.599940 0.795731
vn 0.082972 -0.599940 0.795731
vn 0.082972 -0.599940 0.795731
vn 0.082972 -0.599940 0.795731
vn 0.122657 -0.947441 0.295484
vn 0.122657 -0.947441 0.295484
vn 0.122657 -0.947441 0.295484
vn 0.122657 -0.947441 0.295484
vn 0.122664 -0.947444 -0.295473
vn 0.122664 -0.947444 -0.295473
vn 0.122664 -0.947444 -0.295473
vn 0.122664 -0.947444 -0.295473
s off
g Adicionales group16 pCylinder30 Adorno_canicas
usemtl initialShadingGroup
f 1301/1768/2105 1304/1779/2106 1303/1780/2107 1302/1769/2108
f 1302/1769/2109 1303/1780/2110 1306/1781/2111 1305/1770/2112
f 1305/1770/2113 1306/1781/2114 1308/1782/2115 1307/1771/2116
f 1307/1771/2117 1308/1782/2118 1310/1783/2119 1309/1772/2120
f 1309/1772/2121 1310/1783/2122 1312/1784/2123 1311/1773/2124
f 1311/1773/2125 1312/1784/2126 1314/1785/2127 1313/1774/2128
f 1313/1774/2129 1314/1785/2130 1316/1786/2131 1315/1775/2132
f 1315/1775/2133 1316/1786/2134 1318/1787/2135 1317/1776/2136
f 1317/1776/2137 1318/1787/2138 1320/1788/2139 1319/1777/2140
f 1319/1777/2141 1320/1788/2142 1304/1789/2143 1301/1778/2144
f 1304/1798/2145 1322/1800/2146 1321/1801/2147 1303/1797/2148
f 1303/1797/2149 1321/1801/2150 1323/1802/2151 1306/1796/2152
f 1306/1796/2153 1323/1802/2154 1324/1803/2155 1308/1795/2156
f 1308/1795/2157 1324/1803/2158 1325/1804/2159 1310/1794/2160
f 1310/1794/2161 1325/1804/2162 1326/1805/2163 1312/1793/2164
f 1312/1793/2165 1326/1805/2166 1327/1806/2167 1314/1792/2168
f 1314/1792/2169 1327/1806/2170 1328/1807/2171 1316/1791/2172
f 1316/1791/2173 1328/1807/2174 1329/1808/2175 1318/1790/2176
f 1318/1790/2177 1329/1808/2178 1330/1809/2179 1320/1799/2180
f 1320/1799/2181 1330/1809/2182 1322/1800/2183 1304/1798/2184
f 1322/1800/2185 1332/1810/2186 1331/1811/2187 1321/1801/2188
f 1321/1801/2189 1331/1811/2190 1333/1812/2191 1323/1802/2192
f 1323/1802/2193 1333/1812/2194 1334/1813/2195 1324/1803/2196
f 1324/1803/2197 1334/1813/2198 1335/1814/2199 1325/1804/2200
f 1325/1804/2201 1335/1814/2202 1336/1815/2203 1326/1805/2204
f 1326/1805/2205 1336/1815/2206 1337/1816/2207 1327/1806/2208
f 1327/1806/2209 1337/1816/2210 1338/1817/2211 1328/1807/2212
f 1328/1807/2213 1338/1817/2214 1339/1818/2215 1329/1808/2216
f 1329/1808/2217 1339/1818/2218 1340/1819/2219 1330/1809/2220
f 1330/1809/2221 1340/1819/2222 1332/1810/2223 1322/1800/2224
f 1332/1810/2225 1342/1820/2226 1341/1821/2227 1331/1811/2228
f 1331/1811/2229 1341/1821/2230 1343/1822/2231 1333/1812/2232
f 1333/1812/2233 1343/1822/2234 1344/1823/2235 1334/1813/2236
f 1334/1813/2237 1344/1823/2238 1345/1824/2239 1335/1814/2240
f 1335/1814/2241 1345/1824/2242 1346/1825/2243 1336/1815/2244
f 1336/1815/2245 1346/1825/2246 1347/1826/2247 1337/1816/2248
f 1337/1816/2249 1347/1826/2250 1348/1827/2251 1338/1817/2252
f 1338/1817/2253 1348/1827/2254 1349/1828/2255 1339/1818/2256
f 1339/1818/2257 1349/1828/2258 1350/1829/2259 1340/1819/2260
f 1340/1819/2261 1350/1829/2262 1342/1820/2263 1332/1810/2264
f 1292/1882/2265 1341/1821/2266 1342/1820/2267 1291/1883/2268
f 1293/1884/2269 1343/1822/2270 1341/1821/2271 1292/1882/2272
s 1
f 1294/1885/2273 1344/1823/2274 1343/1822/2275 1293/1884/2276
f 1295/1886/2277 1345/1824/2278 1344/1823/2274 1294/1885/2273
f 1296/1887/2279 1346/1825/2280 1345/1824/2278 1295/1886/2277
f 1297/1888/2281 1347/1826/2282 1346/1825/2280 1296/1887/2279
s off
f 1298/1889/2283 1348/1827/2284 1347/1826/2285 1297/1888/2286
s 2
f 1299/1890/2287 1349/1828/2288 1348/1827/2289 1298/1889/2290
f 1300/1891/2291 1350/1829/2292 1349/1828/2288 1299/1890/2287
f 1291/1883/2293 1342/1820/2294 1350/1829/2292 1300/1891/2291
s off
f 1251/1830/2295 1252/1831/2296 1262/1832/2297 1261/1833/2298
f 1252/1831/2299 1253/1834/2300 1263/1835/2301 1262/1832/2302
f 1253/1834/2303 1254/1836/2304 1264/1837/2305 1263/1835/2306
f 1254/1836/2307 1255/1838/2308 1265/1839/2309 1264/1837/2310
f 1255/1838/2311 1256/1840/2312 1266/1841/2313 1265/1839/2314
f 1256/1840/2315 1257/1842/2316 1267/1843/2317 1266/1841/2318
f 1257/1842/2319 1258/1844/2320 1268/1845/2321 1267/1843/2322
f 1258/1844/2323 1259/1846/2324 1269/1847/2325 1268/1845/2326
f 1259/1846/2327 1260/1848/2328 1270/1849/2329 1269/1847/2330
f 1260/1848/2331 1251/1850/2332 1261/1851/2333 1270/1849/2334
f 1261/1852/2335 1262/1853/2336 1272/1854/2337 1271/1855/2338
f 1262/1853/2339 1263/1856/2340 1273/1857/2341 1272/1854/2342
f 1263/1856/2343 1264/1858/2344 1274/1859/2345 1273/1857/2346
f 1264/1858/2347 1265/1860/2348 1275/1861/2349 1274/1859/2350
f 1265/1860/2351 1266/1862/2352 1276/1863/2353 1275/1861/2354
f 1266/1862/2355 1267/1864/2356 1277/1865/2357 1276/1863/2358
f 1267/1864/2359 1268/1866/2360 1278/1867/2361 1277/1865/2362
f 1268/1866/2363 1269/1868/2364 1279/1869/2365 1278/1867/2366
f 1269/1868/2367 1270/1870/2368 1280/1871/2369 1279/1869/2370
f 1270/1870/2371 1261/1852/2372 1271/1855/2373 1280/1871/2374
f 1271/1855/2375 1272/1854/2376 1282/1872/2377 1281/1873/2378
f 1272/1854/2379 1273/1857/2380 1283/1874/2381 1282/1872/2382
f 1273/1857/2383 1274/1859/2384 1284/1875/2385 1283/1874/2386
f 1274/1859/2387 1275/1861/2388 1285/1876/2389 1284/1875/2390
f 1275/1861/2391 1276/1863/2392 1286/1877/2393 1285/1876/2394
f 1276/1863/2395 1277/1865/2396 1287/1878/2397 1286/1877/2398
f 1277/1865/2399 1278/1867/2400 1288/1879/2401 1287/1878/2402
f 1278/1867/2403 1279/1869/2404 1289/1880/2405 1288/1879/2406
f 1279/1869/2407 1280/1871/2408 1290/1881/2409 1289/1880/2410
f 1280/1871/2411 1271/1855/2412 1281/1873/2413 1290/1881/2414
f 1281/1873/2415 1282/1872/2416 1292/1882/2417 1291/1883/2418
f 1282/1872/2419 1283/1874/2420 1293/1884/2421 1292/1882/2422
f 1283/1874/2423 1284/1875/2424 1294/1885/2425 1293/1884/2426
f 1284/1875/2427 1285/1876/2428 1295/1886/2429 1294/1885/2430
f 1285/1876/2431 1286/1877/2432 1296/1887/2433 1295/1886/2434
f 1286/1877/2435 1287/1878/2436 1297/1888/2437 1296/1887/2438
f 1287/1878/2439 1288/1879/2440 1298/1889/2441 1297/1888/2442
f 1288/1879/2443 1289/1880/2444 1299/1890/2445 1298/1889/2446
f 1289/1880/2447 1290/1881/2448 1300/1891/2449 1299/1890/2450
f 1290/1881/2451 1281/1873/2452 1291/1883/2453 1300/1891/2454
g default
v -6.688394 1.647849 -1.503648
v -6.692460 1.647849 -1.506601
v -6.697484 1.647849 -1.506601
v -6.701550 1.647849 -1.503648
v -6.703103 1.647849 -1.498869
v -6.701550 1.647849 -1.494090
v -6.697485 1.647849 -1.491136
v -6.692460 1.647849 -1.491136
v -6.688394 1.647849 -1.494090
v -6.686842 1.647849 -1.498869
v -6.683119 1.653049 -1.507480
v -6.690445 1.653049 -1.512802
v -6.699499 1.653049 -1.512802
v -6.706825 1.653049 -1.507480
v -6.709622 1.653049 -1.498869
v -6.706825 1.653049 -1.490257
v -6.699499 1.653049 -1.484935
v -6.690445 1.653049 -1.484935
v -6.683119 1.653049 -1.490257
v -6.680322 1.653049 -1.498869
v -6.680192 1.660562 -1.509607
v -6.689327 1.660562 -1.516244
v -6.700618 1.660562 -1.516244
v -6.709752 1.660562 -1.509607
v -6.713241 1.660562 -1.498869
v -6.709752 1.660562 -1.488130
v -6.700618 1.660562 -1.481494
v -6.689327 1.660562 -1.481494
v -6.680193 1.660562 -1.488130
v -6.676703 1.660562 -1.498869
v -6.680192 1.668902 -1.509607
v -6.689327 1.668902 -1.516244
v -6.700618 1.668902 -1.516244
v -6.709752 1.668902 -1.509607
v -6.713241 1.668902 -1.498869
v -6.709752 1.668902 -1.488130
v -6.700618 1.668902 -1.481494
v -6.689327 1.668902 -1.481494
v -6.680193 1.668902 -1.488130
v -6.676703 1.668902 -1.498869
v -6.683119 1.676416 -1.507480
v -6.690445 1.676416 -1.512802
v -6.699499 1.676416 -1.512802
v -6.706825 1.676416 -1.507480
v -6.709622 1.676416 -1.498869
v -6.706825 1.676416 -1.490257
v -6.699499 1.676416 -1.484935
v -6.690445 1.676416 -1.484935
v -6.683119 1.676416 -1.490257
v -6.680322 1.676416 -1.498869
v -6.688394 1.681615 -1.503648
v -6.692460 1.681615 -1.506601
v -6.697484 1.681615 -1.506601
v -6.701550 1.681615 -1.503648
v -6.703103 1.681615 -1.498869
v -6.701550 1.681615 -1.494090
v -6.697485 1.681615 -1.491136
v -6.692460 1.681615 -1.491136
v -6.688394 1.681615 -1.494090
v -6.686842 1.681615 -1.498869
v -6.694972 1.645993 -1.498869
v -6.694972 1.683471 -1.498869
vt 0.000000 0.142857
vt 0.100000 0.142857
vt 0.200000 0.142857
vt 0.300000 0.142857
vt 0.400000 0.142857
vt 0.500000 0.142857
vt 0.600000 0.142857
vt 0.700000 0.142857
vt 0.800000 0.142857
vt 0.900000 0.142857
vt 1.000000 0.142857
vt 0.000000 0.285714
vt 0.100000 0.285714
vt 0.200000 0.285714
vt 0.300000 0.285714
vt 0.400000 0.285714
vt 0.500000 0.285714
vt 0.600000 0.285714
vt 0.700000 0.285714
vt 0.800000 0.285714
vt 0.900000 0.285714
vt 1.000000 0.285714
vt 0.000000 0.428571
vt 0.100000 0.428571
vt 0.200000 0.428571
vt 0.300000 0.428571
vt 0.400000 0.428571
vt 0.500000 0.428571
vt 0.600000 0.428571
vt 0.700000 0.428571
vt 0.800000 0.428571
vt 0.900000 0.428571
vt 1.000000 0.428571
vt 0.000000 0.571429
vt 0.100000 0.571429
vt 0.200000 0.571429
vt 0.300000 0.571429
vt 0.400000 0.571429
vt 0.500000 0.571429
vt 0.600000 0.571429
vt 0.700000 0.571429
vt 0.800000 0.571429
vt 0.900000 0.571429
vt 1.000000 0.571429
vt 0.000000 0.714286
vt 0.100000 0.714286
vt 0.200000 0.714286
vt 0.300000 0.714286
vt 0.400000 0.714286
vt 0.500000 0.714286
vt 0.600000 0.714286
vt 0.700000 0.714286
vt 0.800000 0.714286
vt 0.900000 0.714286
vt 1.000000 0.714286
vt 0.000000 0.857143
vt 0.100000 0.857143
vt 0.200000 0.857143
vt 0.300000 0.857143
vt 0.400000 0.857143
vt 0.500000 0.857143
vt 0.600000 0.857143
vt 0.700000 0.857143
vt 0.800000 0.857143
vt 0.900000 0.857143
vt 1.000000 0.857143
vt 0.050000 0.000000
vt 0.150000 0.000000
vt 0.250000 0.000000
vt 0.350000 0.000000
vt 0.450000 0.000000
vt 0.550000 0.000000
vt 0.650000 0.000000
vt 0.750000 0.000000
vt 0.850000 0.000000
vt 0.950000 0.000000
vt 0.050000 1.000000
vt 0.150000 1.000000
vt 0.250000 1.000000
vt 0.350000 1.000000
vt 0.450000 1.000000
vt 0.550000 1.000000
vt 0.650000 1.000000
vt 0.750000 1.000000
vt 0.850000 1.000000
vt 0.950000 1.000000
vn 0.377657 -0.766265 -0.519820
vn 0.377658 -0.766265 -0.519820
vn 0.377657 -0.766265 -0.519820
vn 0.377657 -0.766265 -0.519820
vn 0.000000 -0.766280 -0.642507
vn 0.000000 -0.766280 -0.642507
vn 0.000000 -0.766280 -0.642507
vn 0.000000 -0.766280 -0.642507
vn -0.377647 -0.766273 -0.519815
vn -0.377647 -0.766273 -0.519815
vn -0.377647 -0.766273 -0.519815
vn -0.377647 -0.766273 -0.519815
vn -0.611116 -0.766232 -0.198560
vn -0.611116 -0.766232 -0.198560
vn -0.611116 -0.766232 -0.198560
vn -0.611116 -0.766232 -0.198560
vn -0.611067 -0.766274 0.198548
vn -0.611067 -0.766274 0.198548
vn -0.611067 -0.766274 0.198548
vn -0.611067 -0.766274 0.198548
vn -0.377659 -0.766269 0.519813
vn -0.377659 -0.766269 0.519813
vn -0.377659 -0.766269 0.519813
vn -0.377659 -0.766269 0.519813
vn 0.000000 -0.766249 0.642543
vn 0.000000 -0.766249 0.642543
vn 0.000000 -0.766249 0.642543
vn 0.000000 -0.766249 0.642543
vn 0.377639 -0.766284 0.519805
vn 0.377639 -0.766284 0.519805
vn 0.377639 -0.766284 0.519805
vn 0.377639 -0.766284 0.519805
vn 0.611087 -0.766259 0.198545
vn 0.611087 -0.766259 0.198545
vn 0.611087 -0.766259 0.198545
vn 0.611087 -0.766259 0.198545
vn 0.611069 -0.766276 -0.198535
vn 0.611069 -0.766276 -0.198535
vn 0.611069 -0.766276 -0.198535
vn 0.611069 -0.766276 -0.198535
vn 0.534390 -0.416386 -0.735561
vn 0.534390 -0.416386 -0.735561
vn 0.534390 -0.416386 -0.735561
vn 0.534390 -0.416386 -0.735561
vn 0.000000 -0.416427 -0.909169
vn 0.000000 -0.416427 -0.909169
vn 0.000000 -0.416427 -0.909169
vn 0.000000 -0.416427 -0.909169
vn -0.534407 -0.416399 -0.735541
vn -0.534407 -0.416399 -0.735541
vn -0.534407 -0.416399 -0.735541
vn -0.534407 -0.416399 -0.735541
vn -0.864675 -0.416424 -0.280942
vn -0.864675 -0.416424 -0.280942
vn -0.864675 -0.416424 -0.280942
vn -0.864675 -0.416424 -0.280942
vn -0.864717 -0.416327 0.280956
vn -0.864717 -0.416327 0.280956
vn -0.864717 -0.416327 0.280956
vn -0.864717 -0.416327 0.280956
vn -0.534401 -0.416414 0.735537
vn -0.534401 -0.416414 0.735537
vn -0.534401 -0.416414 0.735537
vn -0.534401 -0.416414 0.735537
vn 0.000000 -0.416427 0.909169
vn 0.000000 -0.416427 0.909169
vn 0.000000 -0.416427 0.909169
vn 0.000000 -0.416427 0.909169
vn 0.534400 -0.416393 0.735550
vn 0.534400 -0.416393 0.735550
vn 0.534400 -0.416393 0.735550
vn 0.534400 -0.416393 0.735550
vn 0.864684 -0.416389 0.280965
vn 0.864684 -0.416389 0.280965
vn 0.864684 -0.416389 0.280965
vn 0.864684 -0.416389 0.280965
vn 0.864689 -0.416392 -0.280947
vn 0.864689 -0.416392 -0.280947
vn 0.864689 -0.416392 -0.280947
vn 0.864689 -0.416392 -0.280947
vn 0.587782 0.000000 -0.809019
vn 0.587782 0.000000 -0.809019
vn 0.587782 0.000000 -0.809019
vn 0.587782 0.000000 -0.809019
vn 0.000000 0.000000 -1.000000
vn 0.000000 0.000000 -1.000000
vn 0.000000 0.000000 -1.000000
vn 0.000000 0.000000 -1.000000
vn -0.587799 0.000000 -0.809007
vn -0.587799 0.000000 -0.809007
vn -0.587799 0.000000 -0.809007
vn -0.587799 0.000000 -0.809007
vn -0.951051 0.000000 -0.309035
vn -0.951051 0.000000 -0.309035
vn -0.951051 0.000000 -0.309035
vn -0.951051 0.000000 -0.309035
vn -0.951052 0.000000 0.309030
vn -0.951052 0.000000 0.309030
vn -0.951052 0.000000 0.309030
vn -0.951052 0.000000 0.309030
vn -0.587788 0.000000 0.809015
vn -0.587788 0.000000 0.809015
vn -0.587788 0.000000 0.809015
vn -0.587788 0.000000 0.809015
vn 0.000000 0.000000 1.000000
vn 0.000000 0.000000 1.000000
vn 0.000000 0.000000 1.000000
vn 0.000000 0.000000 1.000000
vn 0.587793 0.000000 0.809011
vn 0.587793 0.000000 0.809011
vn 0.587793 0.000000 0.809011
vn 0.587793 0.000000 0.809011
vn 0.951040 0.000000 0.309067
vn 0.951040 0.000000 0.309067
vn 0.951040 0.000000 0.309067
vn 0.951040 0.000000 0.309067
vn 0.951051 0.000000 -0.309035
vn 0.951051 0.000000 -0.309035
vn 0.951051 0.000000 -0.309035
vn 0.951051 0.000000 -0.309035
vn 0.534382 0.416418 -0.735549
vn 0.534382 0.416418 -0.735549
vn 0.534382 0.416418 -0.735549
vn 0.534382 0.416418 -0.735549
vn 0.000000 0.416426 -0.909170
vn 0.000000 0.416426 -0.909169
vn 0.000000 0.416426 -0.909170
vn 0.000000 0.416426 -0.909170
vn -0.534396 0.416429 -0.735533
vn -0.534396 0.416429 -0.735532
vn -0.534396 0.416429 -0.735532
vn -0.534396 0.416429 -0.735532
vn -0.864675 0.416424 -0.280942
vn -0.864675 0.416424 -0.280942
vn -0.864675 0.416424 -0.280942
vn -0.864675 0.416424 -0.280942
vn -0.864717 0.416327 0.280956
vn -0.864717 0.416327 0.280956
vn -0.864717 0.416327 0.280956
vn -0.864717 0.416327 0.280956
vn -0.534401 0.416414 0.735537
vn -0.534401 0.416414 0.735537
vn -0.534401 0.416414 0.735537
vn -0.534401 0.416414 0.735537
vn 0.000000 0.416426 0.909170
vn 0.000000 0.416426 0.909170
vn 0.000000 0.416426 0.909170
vn 0.000000 0.416426 0.909170
vn 0.534409 0.416362 0.735561
vn 0.534409 0.416362 0.735561
vn 0.534409 0.416362 0.735561
vn 0.534409 0.416362 0.735561
vn 0.864684 0.416389 0.280965
vn 0.864684 0.416389 0.280965
vn 0.864684 0.416389 0.280965
vn 0.864684 0.416389 0.280965
vn 0.864689 0.416392 -0.280947
vn 0.864689 0.416392 -0.280947
vn 0.864689 0.416392 -0.280947
vn 0.864689 0.416392 -0.280947
vn 0.377666 0.766253 -0.519831
vn 0.377666 0.766253 -0.519831
vn 0.377666 0.766253 -0.519831
vn 0.377666 0.766253 -0.519831
vn 0.000000 0.766296 -0.642488
vn 0.000000 0.766296 -0.642488
vn 0.000000 0.766296 -0.642488
vn 0.000000 0.766296 -0.642488
vn -0.377670 0.766261 -0.519817
vn -0.377669 0.766261 -0.519817
vn -0.377670 0.766261 -0.519817
vn -0.377670 0.766261 -0.519817
vn -0.611098 0.766245 -0.198563
vn -0.611098 0.766245 -0.198563
vn -0.611098 0.766245 -0.198563
vn -0.611098 0.766245 -0.198563
vn -0.611067 0.766274 0.198548
vn -0.611067 0.766274 0.198548
vn -0.611067 0.766274 0.198548
vn -0.611067 0.766274 0.198548
vn -0.377665 0.766280 0.519792
vn -0.377665 0.766280 0.519792
vn -0.377665 0.766280 0.519793
vn -0.377665 0.766280 0.519792
vn 0.000000 0.766265 0.642525
vn 0.000000 0.766265 0.642525
vn 0.000000 0.766265 0.642525
vn 0.000000 0.766265 0.642525
vn 0.377676 0.766244 0.519838
vn 0.377676 0.766244 0.519838
vn 0.377675 0.766244 0.519838
vn 0.377676 0.766244 0.519838
vn 0.611087 0.766259 0.198545
vn 0.611087 0.766259 0.198545
vn 0.611087 0.766259 0.198545
vn 0.611087 0.766259 0.198545
vn 0.611078 0.766266 -0.198547
vn 0.611078 0.766266 -0.198547
vn 0.611078 0.766266 -0.198547
vn 0.611078 0.766266 -0.198547
vn 0.137181 -0.972387 -0.188800
vn 0.137181 -0.972387 -0.188800
vn 0.137181 -0.972387 -0.188800
vn 0.000000 -0.972397 -0.233333
vn 0.000000 -0.972397 -0.233333
vn 0.000000 -0.972397 -0.233333
vn -0.137182 -0.972390 -0.188781
vn -0.137182 -0.972390 -0.188781
vn -0.137182 -0.972390 -0.188781
vn -0.221921 -0.972394 -0.072125
vn -0.221921 -0.972394 -0.072125
vn -0.221921 -0.972394 -0.072125
vn -0.221940 -0.972389 0.072124
vn -0.221940 -0.972389 0.072124
vn -0.221940 -0.972389 0.072124
vn -0.137172 -0.972396 0.188761
vn -0.137172 -0.972396 0.188761
vn -0.137172 -0.972396 0.188761
vn 0.000000 -0.972392 0.233352
vn 0.000000 -0.972392 0.233352
vn 0.000000 -0.972392 0.233352
vn 0.137182 -0.972390 0.188781
vn 0.137182 -0.972390 0.188781
vn 0.137182 -0.972390 0.188781
vn 0.221930 -0.972391 0.072124
vn 0.221930 -0.972391 0.072124
vn 0.221931 -0.972391 0.072124
vn 0.221921 -0.972394 -0.072124
vn 0.221921 -0.972394 -0.072124
vn 0.221921 -0.972394 -0.072124
vn 0.137181 0.972383 -0.188820
vn 0.137181 0.972383 -0.188820
vn 0.137181 0.972383 -0.188820
vn 0.000000 0.972397 -0.233333
vn 0.000000 0.972397 -0.233333
vn 0.000000 0.972397 -0.233333
vn -0.137181 0.972387 -0.188800
vn -0.137181 0.972387 -0.188800
vn -0.137181 0.972387 -0.188800
vn -0.221920 0.972391 -0.072165
vn -0.221920 0.972391 -0.072165
vn -0.221920 0.972391 -0.072165
vn -0.221940 0.972386 0.072165
vn -0.221940 0.972386 0.072165
vn -0.221940 0.972386 0.072165
vn -0.137172 0.972392 0.188781
vn -0.137172 0.972392 0.188781
vn -0.137172 0.972392 0.188781
vn 0.000000 0.972388 0.233371
vn 0.000000 0.972388 0.233371
vn 0.000000 0.972388 0.233371
vn 0.137181 0.972387 0.188800
vn 0.137181 0.972387 0.188800
vn 0.137181 0.972387 0.188800
vn 0.221930 0.972389 0.072165
vn 0.221930 0.972389 0.072165
vn 0.221930 0.972389 0.072165
vn 0.221921 0.972394 -0.072125
vn 0.221921 0.972394 -0.072124
vn 0.221921 0.972394 -0.072124
s off
g Adicionales group16 Adorno_canicas pSphere2
usemtl initialShadingGroup
f 1351/1892/2455 1352/1893/2456 1362/1904/2457 1361/1903/2458
f 1352/1893/2459 1353/1894/2460 1363/1905/2461 1362/1904/2462
f 1353/1894/2463 1354/1895/2464 1364/1906/2465 1363/1905/2466
f 1354/1895/2467 1355/1896/2468 1365/1907/2469 1364/1906/2470
f 1355/1896/2471 1356/1897/2472 1366/1908/2473 1365/1907/2474
f 1356/1897/2475 1357/1898/2476 1367/1909/2477 1366/1908/2478
f 1357/1898/2479 1358/1899/2480 1368/1910/2481 1367/1909/2482
f 1358/1899/2483 1359/1900/2484 1369/1911/2485 1368/1910/2486
f 1359/1900/2487 1360/1901/2488 1370/1912/2489 1369/1911/2490
f 1360/1901/2491 1351/1902/2492 1361/1913/2493 1370/1912/2494
f 1361/1903/2495 1362/1904/2496 1372/1915/2497 1371/1914/2498
f 1362/1904/2499 1363/1905/2500 1373/1916/2501 1372/1915/2502
f 1363/1905/2503 1364/1906/2504 1374/1917/2505 1373/1916/2506
f 1364/1906/2507 1365/1907/2508 1375/1918/2509 1374/1917/2510
f 1365/1907/2511 1366/1908/2512 1376/1919/2513 1375/1918/2514
f 1366/1908/2515 1367/1909/2516 1377/1920/2517 1376/1919/2518
f 1367/1909/2519 1368/1910/2520 1378/1921/2521 1377/1920/2522
f 1368/1910/2523 1369/1911/2524 1379/1922/2525 1378/1921/2526
f 1369/1911/2527 1370/1912/2528 1380/1923/2529 1379/1922/2530
f 1370/1912/2531 1361/1913/2532 1371/1924/2533 1380/1923/2534
f 1371/1914/2535 1372/1915/2536 1382/1926/2537 1381/1925/2538
f 1372/1915/2539 1373/1916/2540 1383/1927/2541 1382/1926/2542
f 1373/1916/2543 1374/1917/2544 1384/1928/2545 1383/1927/2546
f 1374/1917/2547 1375/1918/2548 1385/1929/2549 1384/1928/2550
f 1375/1918/2551 1376/1919/2552 1386/1930/2553 1385/1929/2554
f 1376/1919/2555 1377/1920/2556 1387/1931/2557 1386/1930/2558
f 1377/1920/2559 1378/1921/2560 1388/1932/2561 1387/1931/2562
f 1378/1921/2563 1379/1922/2564 1389/1933/2565 1388/1932/2566
f 1379/1922/2567 1380/1923/2568 1390/1934/2569 1389/1933/2570
f 1380/1923/2571 1371/1924/2572 1381/1935/2573 1390/1934/2574
f 1381/1925/2575 1382/1926/2576 1392/1937/2577 1391/1936/2578
f 1382/1926/2579 1383/1927/2580 1393/1938/2581 1392/1937/2582
f 1383/1927/2583 1384/1928/2584 1394/1939/2585 1393/1938/2586
f 1384/1928/2587 1385/1929/2588 1395/1940/2589 1394/1939/2590
f 1385/1929/2591 1386/1930/2592 1396/1941/2593 1395/1940/2594
f 1386/1930/2595 1387/1931/2596 1397/1942/2597 1396/1941/2598
f 1387/1931/2599 1388/1932/2600 1398/1943/2601 1397/1942/2602
f 1388/1932/2603 1389/1933/2604 1399/1944/2605 1398/1943/2606
f 1389/1933/2607 1390/1934/2608 1400/1945/2609 1399/1944/2610
f 1390/1934/2611 1381/1935/2612 1391/1946/2613 1400/1945/2614
f 1391/1936/2615 1392/1937/2616 1402/1948/2617 1401/1947/2618
f 1392/1937/2619 1393/1938/2620 1403/1949/2621 1402/1948/2622
f 1393/1938/2623 1394/1939/2624 1404/1950/2625 1403/1949/2626
f 1394/1939/2627 1395/1940/2628 1405/1951/2629 1404/1950/2630
f 1395/1940/2631 1396/1941/2632 1406/1952/2633 1405/1951/2634
f 1396/1941/2635 1397/1942/2636 1407/1953/2637 1406/1952/2638
f 1397/1942/2639 1398/1943/2640 1408/1954/2641 1407/1953/2642
f 1398/1943/2643 1399/1944/2644 1409/1955/2645 1408/1954/2646
f 1399/1944/2647 1400/1945/2648 1410/1956/2649 1409/1955/2650
f 1400/1945/2651 1391/1946/2652 1401/1957/2653 1410/1956/2654
f 1352/1893/2655 1351/1892/2656 1411/1958/2657
f 1353/1894/2658 1352/1893/2659 1411/1959/2660
f 1354/1895/2661 1353/1894/2662 1411/1960/2663
f 1355/1896/2664 1354/1895/2665 1411/1961/2666
f 1356/1897/2667 1355/1896/2668 1411/1962/2669
f 1357/1898/2670 1356/1897/2671 1411/1963/2672
f 1358/1899/2673 1357/1898/2674 1411/1964/2675
f 1359/1900/2676 1358/1899/2677 1411/1965/2678
f 1360/1901/2679 1359/1900/2680 1411/1966/2681
f 1351/1902/2682 1360/1901/2683 1411/1967/2684
f 1401/1947/2685 1402/1948/2686 1412/1968/2687
f 1402/1948/2688 1403/1949/2689 1412/1969/2690
f 1403/1949/2691 1404/1950/2692 1412/1970/2693
f 1404/1950/2694 1405/1951/2695 1412/1971/2696
f 1405/1951/2697 1406/1952/2698 1412/1972/2699
f 1406/1952/2700 1407/1953/2701 1412/1973/2702
f 1407/1953/2703 1408/1954/2704 1412/1974/2705
f 1408/1954/2706 1409/1955/2707 1412/1975/2708
f 1409/1955/2709 1410/1956/2710 1412/1976/2711
f 1410/1956/2712 1401/1957/2713 1412/1977/2714
g default
v -6.697358 1.670802 -1.513562
v -6.698711 1.669721 -1.514398
v -6.700407 1.669001 -1.513848
v -6.701453 1.669065 -1.512236
v -6.701237 1.669874 -1.510506
v -6.699883 1.670955 -1.509670
v -6.698187 1.671674 -1.510220
v -6.697141 1.671611 -1.511831
v -6.790222 1.838696 -1.580419
v -6.791575 1.837615 -1.581254
v -6.793272 1.836896 -1.580705
v -6.794318 1.836959 -1.579093
v -6.794101 1.837768 -1.577363
v -6.792748 1.838849 -1.576527
v -6.791052 1.839569 -1.577076
v -6.790005 1.839505 -1.578688
vt 0.375000 0.312500
vt 0.406250 0.312500
vt 0.437500 0.312500
vt 0.468750 0.312500
vt 0.500000 0.312500
vt 0.531250 0.312500
vt 0.562500 0.312500
vt 0.593750 0.312500
vt 0.625000 0.312500
vt 0.375000 0.688440
vt 0.406250 0.688440
vt 0.437500 0.688440
vt 0.468750 0.688440
vt 0.500000 0.688440
vt 0.531250 0.688440
vt 0.562500 0.688440
vt 0.593750 0.688440
vt 0.625000 0.688440
vn 0.543984 -0.032908 -0.838450
vn 0.543984 -0.032908 -0.838450
vn 0.543984 -0.032908 -0.838450
vn 0.543984 -0.032908 -0.838450
vn -0.112830 -0.420822 -0.900099
vn -0.112830 -0.420822 -0.900099
vn -0.112830 -0.420822 -0.900099
vn -0.112830 -0.420822 -0.900099
vn -0.703669 -0.562133 -0.434576
vn -0.703669 -0.562133 -0.434576
vn -0.703669 -0.562133 -0.434576
vn -0.703669 -0.562133 -0.434576
vn -0.882242 -0.374329 0.285530
vn -0.882242 -0.374329 0.285530
vn -0.882242 -0.374329 0.285530
vn -0.882242 -0.374329 0.285530
vn -0.544080 0.032902 0.838388
vn -0.544080 0.032902 0.838388
vn -0.544080 0.032902 0.838388
vn -0.544080 0.032902 0.838388
vn 0.112896 0.420819 0.900092
vn 0.112896 0.420819 0.900092
vn 0.112896 0.420819 0.900092
vn 0.112896 0.420819 0.900092
vn 0.703616 0.562224 0.434543
vn 0.703616 0.562224 0.434543
vn 0.703616 0.562224 0.434543
vn 0.703616 0.562224 0.434543
vn 0.882276 0.374181 -0.285619
vn 0.882276 0.374181 -0.285619
vn 0.882276 0.374181 -0.285619
vn 0.882276 0.374181 -0.285619
s off
g Adicionales group16 Adorno_canicas pCylinder31
usemtl initialShadingGroup
f 1413/1978/2715 1414/1979/2716 1422/1988/2717 1421/1987/2718
f 1414/1979/2719 1415/1980/2720 1423/1989/2721 1422/1988/2722
f 1415/1980/2723 1416/1981/2724 1424/1990/2725 1423/1989/2726
f 1416/1981/2727 1417/1982/2728 1425/1991/2729 1424/1990/2730
f 1417/1982/2731 1418/1983/2732 1426/1992/2733 1425/1991/2734
f 1418/1983/2735 1419/1984/2736 1427/1993/2737 1426/1992/2738
f 1419/1984/2739 1420/1985/2740 1428/1994/2741 1427/1993/2742
f 1420/1985/2743 1413/1986/2744 1421/1995/2745 1428/1994/2746
g default
v -6.840367 1.530819 -1.388060
v -6.447669 1.530819 -1.388060
v -6.840367 1.547669 -1.388060
v -6.447669 1.547669 -1.388060
v -6.840367 1.547669 -1.612177
v -6.447669 1.547669 -1.612177
v -6.840367 1.530819 -1.612177
v -6.447669 1.530819 -1.612177
vt 0.375000 0.000000
vt 0.625000 0.000000
vt 0.375000 0.250000
vt 0.625000 0.250000
vt 0.375000 0.500000
vt 0.625000 0.500000
vt 0.375000 0.750000
vt 0.625000 0.750000
vt 0.375000 1.000000
vt 0.625000 1.000000
vt 0.875000 0.000000
vt 0.875000 0.250000
vt 0.125000 0.000000
vt 0.125000 0.250000
vn 0.000000 0.000000 1.000000
vn 0.000000 0.000000 1.000000
vn 0.000000 0.000000 1.000000
vn 0.000000 0.000000 1.000000
vn 0.000000 1.000000 0.000000
vn 0.000000 1.000000 0.000000
vn 0.000000 1.000000 0.000000
vn 0.000000 1.000000 0.000000
vn 0.000000 0.000000 -1.000000
vn 0.000000 0.000000 -1.000000
vn 0.000000 0.000000 -1.000000
vn 0.000000 0.000000 -1.000000
vn 0.000000 -1.000000 0.000000
vn 0.000000 -1.000000 0.000000
vn 0.000000 -1.000000 0.000000
vn 0.000000 -1.000000 0.000000
vn 1.000000 0.000000 0.000000
vn 1.000000 0.000000 0.000000
vn 1.000000 0.000000 0.000000
vn 1.000000 0.000000 0.000000
vn -1.000000 0.000000 0.000000
vn -1.000000 0.000000 0.000000
vn -1.000000 0.000000 0.000000
vn -1.000000 0.000000 0.000000
s off
g Adicionales group16 Adorno_canicas pCube61
usemtl initialShadingGroup
f 1429/1996/2747 1430/1997/2748 1432/1999/2749 1431/1998/2750
f 1431/1998/2751 1432/1999/2752 1434/2001/2753 1433/2000/2754
f 1433/2000/2755 1434/2001/2756 1436/2003/2757 1435/2002/2758
f 1435/2002/2759 1436/2003/2760 1430/2005/2761 1429/2004/2762
f 1430/1997/2763 1436/2006/2764 1434/2007/2765 1432/1999/2766
f 1435/2008/2767 1429/1996/2768 1431/1998/2769 1433/2009/2770
g default
v -9.240848 1.328524 0.639281
v -8.413705 1.321636 0.639281
v -9.240848 1.359245 0.639281
v -8.437786 1.366133 0.639281
v -9.240848 1.359245 0.556421
v -8.437786 1.366133 0.556421
v -9.240848 1.328524 0.556421
v -8.413705 1.321636 0.556421
v -8.498170 1.366133 0.639281
v -8.498170 1.366133 0.556421
v -8.474090 1.321636 0.556421
v -8.474090 1.321636 0.639281
v -8.664615 0.940803 0.580225
v -8.664615 0.940803 0.663085
v -8.639915 0.940803 0.580225
v -8.639915 0.940803 0.663085
v -9.185795 1.366133 0.639281
v -9.185795 1.366133 0.556421
v -9.185795 1.321636 0.556421
v -9.185795 1.321636 0.639281
v -8.661379 0.979326 0.660677
v -8.600995 0.979326 0.660677
v -8.600995 0.979326 0.577817
v -8.661379 0.979326 0.577817
v -9.240848 1.328524 -0.552269
v -8.413705 1.321636 -0.552269
v -9.240848 1.359245 -0.552269
v -8.437786 1.366133 -0.552269
v -9.240848 1.359245 -0.469410
v -8.437786 1.366133 -0.469410
v -9.240848 1.328524 -0.469410
v -8.413705 1.321636 -0.469410
v -8.498170 1.366133 -0.552269
v -8.498170 1.366133 -0.469410
v -8.474090 1.321636 -0.469410
v -8.474090 1.321636 -0.552269
v -8.664615 0.940803 -0.493215
v -8.664615 0.940803 -0.576074
v -8.639915 0.940803 -0.493215
v -8.639915 0.940803 -0.576074
v -9.185795 1.366133 -0.552269
v -9.185795 1.366133 -0.469410
v -9.185795 1.321636 -0.469410
v -9.185795 1.321636 -0.552269
v -8.661379 0.979326 -0.573667
v -8.600995 0.979326 -0.573667
v -8.600995 0.979326 -0.490806
v -8.661379 0.979326 -0.490806
vt 0.375000 0.000000
vt 0.625000 0.000000
vt 0.375000 0.250000
vt 0.625000 0.250000
vt 0.375000 0.500000
vt 0.625000 0.500000
vt 0.375000 0.750000
vt 0.625000 0.750000
vt 0.375000 1.000000
vt 0.625000 1.000000
vt 0.875000 0.000000
vt 0.875000 0.250000
vt 0.125000 0.000000
vt 0.125000 0.250000
vt 0.500000 0.250000
vt 0.500000 0.500000
vt 0.500000 0.750000
vt 0.500000 0.000000
vt 0.500000 1.000000
vt 0.500000 1.000000
vt 0.500000 0.750000
vt 0.625000 0.750000
vt 0.625000 1.000000
vt 0.383975 0.250000
vt 0.383975 0.500000
vt 0.383975 0.750000
vt 0.383975 0.000000
vt 0.383975 1.000000
vt 0.500000 1.000000
vt 0.625000 1.000000
vt 0.625000 0.750000
vt 0.500000 0.750000
vt 0.375000 0.000000
vt 0.383975 0.000000
vt 0.383975 0.250000
vt 0.375000 0.250000
vt 0.383975 0.500000
vt 0.375000 0.500000
vt 0.383975 0.750000
vt 0.375000 0.750000
vt 0.383975 1.000000
vt 0.375000 1.000000
vt 0.625000 0.000000
vt 0.875000 0.000000
vt 0.875000 0.250000
vt 0.625000 0.250000
vt 0.125000 0.000000
vt 0.125000 0.250000
vt 0.500000 0.250000
vt 0.625000 0.500000
vt 0.500000 0.500000
vt 0.500000 0.750000
vt 0.625000 0.750000
vt 0.500000 1.000000
vt 0.500000 0.750000
vt 0.625000 0.750000
vt 0.625000 1.000000
vt 0.500000 0.000000
vt 0.500000 1.000000
vt 0.500000 0.750000
vt 0.500000 1.000000
vt 0.625000 0.750000
vt 0.625000 1.000000
vt 0.625000 1.000000
vn -0.000001 0.000000 1.000000
vn -0.000000 0.000000 1.000000
vn -0.000000 0.000000 1.000000
vn -0.000001 0.000000 1.000000
vn -0.124144 0.992264 0.000000
vn -0.009274 0.999957 0.000000
vn -0.009274 0.999957 0.000000
vn -0.124144 0.992264 0.000000
vn 0.000000 0.000000 -1.000000
vn 0.000000 0.000000 -1.000000
vn 0.000000 0.000000 -1.000000
vn 0.000000 0.000000 -1.000000
vn -0.124144 -0.992264 0.000000
vn -0.008982 -0.999960 0.000000
vn -0.008982 -0.999960 0.000000
vn -0.124144 -0.992264 0.000000
vn 0.879469 0.475955 0.000000
vn 0.879469 0.475955 0.000000
vn 0.879469 0.475955 0.000000
vn 0.879469 0.475955 0.000000
vn -1.000000 0.000000 0.000000
vn -1.000000 0.000000 0.000000
vn -1.000000 0.000000 0.000000
vn -1.000000 0.000000 0.000000
vn 0.000000 1.000000 0.000000
vn 0.000000 1.000000 0.000000
vn 0.000000 1.000000 0.000000
vn 0.000000 1.000000 0.000000
vn 0.000000 0.000000 -1.000000
vn 0.000000 0.000000 -1.000000
vn 0.000000 0.000000 -1.000000
vn 0.000000 0.000000 -1.000000
vn 0.000000 -1.000000 0.000000
vn 0.000000 -1.000000 0.000000
vn 0.000000 -1.000000 0.000000
vn 0.000000 -1.000000 0.000000
vn 0.000000 0.000000 1.000000
vn 0.000000 0.000000 1.000000
vn 0.000000 0.000000 1.000000
vn 0.000000 0.000000 1.000000
vn -0.877276 0.479987 0.000000
vn -0.877276 0.479987 0.000000
vn -0.893233 0.449595 0.000000
vn -0.895479 0.445104 0.000000
vn 0.000000 -0.062384 -0.998052
vn 0.000000 -0.062384 -0.998052
vn 0.000000 -0.062384 -0.998052
vn 0.000000 -0.062384 -0.998052
vn 0.877274 -0.479990 0.000000
vn 0.877274 -0.479990 0.000000
vn 0.858736 -0.512418 0.000000
vn 0.860736 -0.509052 0.000000
vn 0.000000 0.062384 0.998052
vn 0.000000 0.062384 0.998052
vn 0.000000 0.062384 0.998052
vn 0.000000 0.062384 0.998052
vn 0.000000 -1.000000 0.000000
vn 0.000000 -1.000000 0.000000
vn 0.000000 0.062382 0.998052
vn 0.000000 0.062382 0.998052
vn 0.703480 -0.710715 0.000000
vn 0.703480 -0.710715 0.000000
vn 0.000000 -0.062383 -0.998052
vn 0.000000 -0.062383 -0.998052
vn -0.996493 0.083673 0.000000
vn -0.996493 0.083673 0.000000
vn -0.000000 0.000000 -1.000000
vn -0.000000 0.000000 -1.000000
vn -0.000000 0.000000 -1.000000
vn -0.000000 0.000000 -1.000000
vn -0.124144 0.992264 0.000000
vn -0.124144 0.992264 0.000000
vn -0.009274 0.999957 0.000000
vn -0.009274 0.999957 0.000000
vn 0.000000 0.000000 1.000000
vn 0.000000 0.000000 1.000000
vn 0.000000 0.000000 1.000000
vn 0.000000 0.000000 1.000000
vn -0.124144 -0.992264 0.000000
vn -0.124144 -0.992264 0.000000
vn -0.008983 -0.999960 0.000000
vn -0.008983 -0.999960 0.000000
vn 0.879473 0.475949 0.000000
vn 0.879473 0.475949 0.000000
vn 0.879473 0.475949 0.000000
vn 0.879473 0.475949 0.000000
vn -1.000000 0.000000 0.000000
vn -1.000000 0.000000 0.000000
vn -1.000000 0.000000 0.000000
vn -1.000000 0.000000 0.000000
vn 0.000000 1.000000 0.000000
vn 0.000000 1.000000 0.000000
vn 0.000000 1.000000 0.000000
vn 0.000000 1.000000 0.000000
vn 0.000000 0.000000 1.000000
vn 0.000000 0.000000 1.000000
vn 0.000000 0.000000 1.000000
vn 0.000000 0.000000 1.000000
vn 0.000000 -1.000000 0.000000
vn 0.000000 -1.000000 0.000000
vn 0.000000 -1.000000 0.000000
vn 0.000000 -1.000000 0.000000
vn 0.000000 0.000000 -1.000000
vn 0.000000 0.000000 -1.000000
vn 0.000000 0.000000 -1.000000
vn 0.000000 0.000000 -1.000000
vn -0.877276 0.479985 0.000000
vn -0.895479 0.445104 0.000000
vn -0.893232 0.449595 0.000000
vn -0.877276 0.479985 0.000000
vn 0.000000 -0.062381 0.998052
vn 0.000000 -0.062384 0.998052
vn 0.000000 -0.062382 0.998052
vn 0.000000 -0.062381 0.998052
vn 0.877275 -0.479988 0.000000
vn 0.860736 -0.509051 0.000000
vn 0.858736 -0.512418 0.000000
vn 0.877275 -0.479988 0.000000
vn 0.000000 0.062386 -0.998052
vn 0.000000 0.062385 -0.998052
vn 0.000000 0.062384 -0.998052
vn 0.000000 0.062386 -0.998052
vn 0.000000 -1.000000 0.000000
vn 0.000000 -1.000000 0.000000
vn 0.000000 0.062369 -0.998053
vn 0.000000 0.062369 -0.998053
vn 0.703470 -0.710725 0.000000
vn 0.703470 -0.710725 0.000000
vn 0.000000 -0.062416 0.998050
vn 0.000000 -0.062416 0.998050
vn -0.996492 0.083689 0.000000
vn -0.996492 0.083689 0.000000
s 1
g Adicionales group16 pCube60 Silla
usemtl initialShadingGroup
f 1437/2010/2771 1456/2036/2772 1453/2033/2773 1439/2012/2774
s 2
f 1439/2012/2775 1453/2033/2776 1454/2034/2777 1441/2014/2778
s 3
f 1441/2014/2779 1454/2034/2780 1455/2035/2781 1443/2016/2782
s 4
f 1443/2016/2783 1455/2035/2784 1456/2037/2785 1437/2018/2786
s off
f 1438/2011/2787 1444/2020/2788 1442/2021/2789 1440/2013/2790
f 1443/2022/2791 1437/2010/2792 1439/2012/2793 1441/2023/2794
s 2
f 1445/2024/2795 1440/2013/2796 1442/2015/2797 1446/2025/2798
s 3
f 1447/2026/2799 1446/2025/2800 1442/2015/2801 1444/2017/2802
s off
f 1450/2029/2803 1449/2030/2804 1451/2031/2805 1452/2032/2806
s 1
f 1445/2024/2807 1448/2027/2808 1438/2011/2809 1440/2013/2810
s 5
f 1448/2028/2811 1447/2026/2812 1460/2041/2813 1457/2038/2814
s 6
f 1447/2026/2815 1444/2017/2816 1459/2040/2817 1460/2041/2818
s 7
f 1444/2017/2819 1438/2019/2820 1458/2039/2821 1459/2040/2822
s 8
f 1438/2019/2823 1448/2028/2824 1457/2038/2825 1458/2039/2826
s 2
f 1453/2033/2776 1445/2024/2795 1446/2025/2798 1454/2034/2777
s 3
f 1455/2035/2781 1454/2034/2780 1446/2025/2800 1447/2026/2799
s 4
f 1456/2037/2785 1455/2035/2784 1447/2026/2827 1448/2028/2828
s 1
f 1453/2033/2773 1456/2036/2772 1448/2027/2808 1445/2024/2807
s 8
f 1458/2039/2826 1457/2038/2825 1450/2029/2829 1452/2032/2830
s 7
f 1459/2040/2822 1458/2039/2821 1452/2032/2831 1451/2031/2832
s 6
f 1460/2041/2818 1459/2040/2817 1451/2031/2833 1449/2030/2834
s 5
f 1457/2038/2814 1460/2041/2813 1449/2030/2835 1450/2029/2836
s 9
f 1461/2042/2837 1463/2045/2838 1477/2044/2839 1480/2043/2840
s 10
f 1463/2045/2841 1465/2047/2842 1478/2046/2843 1477/2044/2844
s 11
f 1465/2047/2845 1467/2049/2846 1479/2048/2847 1478/2046/2848
s 12
f 1467/2049/2849 1461/2051/2850 1480/2050/2851 1479/2048/2852
s off
f 1462/2052/2853 1464/2055/2854 1466/2054/2855 1468/2053/2856
f 1467/2056/2857 1465/2057/2858 1463/2045/2859 1461/2042/2860
s 10
f 1469/2058/2861 1470/2060/2862 1466/2059/2863 1464/2055/2864
s 11
f 1471/2061/2865 1468/2062/2866 1466/2059/2867 1470/2060/2868
s off
f 1474/2063/2869 1476/2066/2870 1475/2065/2871 1473/2064/2872
s 9
f 1469/2058/2873 1464/2055/2874 1462/2052/2875 1472/2067/2876
s 13
f 1472/2068/2877 1481/2070/2878 1484/2069/2879 1471/2061/2880
s 14
f 1471/2061/2881 1484/2069/2882 1483/2071/2883 1468/2062/2884
s 15
f 1468/2062/2885 1483/2071/2886 1482/2073/2887 1462/2072/2888
s 16
f 1462/2072/2889 1482/2073/2890 1481/2070/2891 1472/2068/2892
s 10
f 1477/2044/2844 1478/2046/2843 1470/2060/2862 1469/2058/2861
s 11
f 1479/2048/2847 1471/2061/2865 1470/2060/2868 1478/2046/2848
s 12
f 1480/2050/2851 1472/2068/2893 1471/2061/2894 1479/2048/2852
s 9
f 1477/2044/2839 1469/2058/2873 1472/2067/2876 1480/2043/2840
s 16
f 1482/2073/2890 1476/2066/2895 1474/2063/2896 1481/2070/2891
s 15
f 1483/2071/2886 1475/2065/2897 1476/2066/2898 1482/2073/2887
s 14
f 1484/2069/2882 1473/2064/2899 1475/2065/2900 1483/2071/2883
s 13
f 1481/2070/2878 1474/2063/2901 1473/2064/2902 1484/2069/2879
g default
v -8.245277 0.154186 0.031053
v -8.255341 0.154186 0.025242
v -8.266787 0.154186 0.027261
v -8.274256 0.154186 0.036163
v -8.274256 0.154186 0.047785
v -8.266787 0.154186 0.056687
v -8.255342 0.154186 0.058705
v -8.245277 0.154186 0.052895
v -8.241302 0.154186 0.041974
v -8.234243 0.163810 0.021795
v -8.252840 0.163810 0.011058
v -8.273988 0.163810 0.014787
v -8.287791 0.163810 0.031237
v -8.287791 0.163810 0.052711
v -8.273987 0.163810 0.069161
v -8.252840 0.163810 0.072890
v -8.234243 0.163810 0.062153
v -8.226899 0.163810 0.041974
v -8.226872 0.178213 0.015609
v -8.251169 0.178213 0.001581
v -8.278800 0.178213 0.006453
v -8.296835 0.178213 0.027945
v -8.296834 0.178213 0.056002
v -8.278800 0.178213 0.077495
v -8.251170 0.178213 0.082367
v -8.226872 0.178213 0.068339
v -8.217276 0.178213 0.041974
v -8.224282 0.195203 0.013437
v -8.250582 0.195203 -0.001747
v -8.280489 0.195203 0.003526
v -8.300009 0.195203 0.026790
v -8.300009 0.195203 0.057158
v -8.280489 0.195203 0.080422
v -8.250582 0.195203 0.085695
v -8.224282 0.195203 0.070511
v -8.213897 0.195203 0.041974
v -8.226872 0.212192 0.015609
v -8.251169 0.212192 0.001581
v -8.278800 0.212192 0.006453
v -8.296835 0.212192 0.027945
v -8.296834 0.212192 0.056002
v -8.278800 0.212192 0.077495
v -8.251170 0.212192 0.082367
v -8.226872 0.212192 0.068339
v -8.217276 0.212192 0.041974
v -8.234243 0.226595 0.021795
v -8.252840 0.226595 0.011058
v -8.273988 0.226595 0.014787
v -8.287791 0.226595 0.031237
v -8.287791 0.226595 0.052711
v -8.273987 0.226595 0.069161
v -8.252840 0.226595 0.072890
v -8.234243 0.226595 0.062153
v -8.226899 0.226595 0.041974
v -8.245277 0.236219 0.031053
v -8.255341 0.236219 0.025242
v -8.266787 0.236219 0.027261
v -8.274256 0.236219 0.036163
v -8.274256 0.236219 0.047785
v -8.266787 0.236219 0.056687
v -8.255342 0.236219 0.058705
v -8.245277 0.236219 0.052895
v -8.241302 0.236219 0.041974
v -8.258291 0.150807 0.041974
v -8.258291 0.239599 0.041974
vt 0.000000 0.125000
vt 0.111111 0.125000
vt 0.222222 0.125000
vt 0.333333 0.125000
vt 0.444444 0.125000
vt 0.555556 0.125000
vt 0.666667 0.125000
vt 0.777778 0.125000
vt 0.888889 0.125000
vt 1.000000 0.125000
vt 0.000000 0.250000
vt 0.111111 0.250000
vt 0.222222 0.250000
vt 0.333333 0.250000
vt 0.444444 0.250000
vt 0.555556 0.250000
vt 0.666667 0.250000
vt 0.777778 0.250000
vt 0.888889 0.250000
vt 1.000000 0.250000
vt 0.000000 0.375000
vt 0.111111 0.375000
vt 0.222222 0.375000
vt 0.333333 0.375000
vt 0.444444 0.375000
vt 0.555556 0.375000
vt 0.666667 0.375000
vt 0.777778 0.375000
vt 0.888889 0.375000
vt 1.000000 0.375000
vt 0.000000 0.500000
vt 0.111111 0.500000
vt 0.222222 0.500000
vt 0.333333 0.500000
vt 0.444444 0.500000
vt 0.555556 0.500000
vt 0.666667 0.500000
vt 0.777778 0.500000
vt 0.888889 0.500000
vt 1.000000 0.500000
vt 0.000000 0.625000
vt 0.111111 0.625000
vt 0.222222 0.625000
vt 0.333333 0.625000
vt 0.444444 0.625000
vt 0.555556 0.625000
vt 0.666667 0.625000
vt 0.777778 0.625000
vt 0.888889 0.625000
vt 1.000000 0.625000
vt 0.000000 0.750000
vt 0.111111 0.750000
vt 0.222222 0.750000
vt 0.333333 0.750000
vt 0.444444 0.750000
vt 0.555556 0.750000
vt 0.666667 0.750000
vt 0.777778 0.750000
vt 0.888889 0.750000
vt 1.000000 0.750000
vt 0.000000 0.875000
vt 0.111111 0.875000
vt 0.222222 0.875000
vt 0.333333 0.875000
vt 0.444444 0.875000
vt 0.555556 0.875000
vt 0.666667 0.875000
vt 0.777778 0.875000
vt 0.888889 0.875000
vt 1.000000 0.875000
vt 0.055556 0.000000
vt 0.166667 0.000000
vt 0.277778 0.000000
vt 0.388889 0.000000
vt 0.500000 0.000000
vt 0.611111 0.000000
vt 0.722222 0.000000
vt 0.833333 0.000000
vt 0.944444 0.000000
vt 0.055556 1.000000
vt 0.166667 1.000000
vt 0.277778 1.000000
vt 0.388889 1.000000
vt 0.500000 1.000000
vt 0.611111 1.000000
vt 0.722222 1.000000
vt 0.833333 1.000000
vt 0.944444 1.000000
vn 0.289739 -0.814989 -0.501841
vn 0.289739 -0.814989 -0.501841
vn 0.289739 -0.814989 -0.501841
vn 0.289739 -0.814989 -0.501841
vn -0.100629 -0.814968 -0.570702
vn -0.100629 -0.814968 -0.570702
vn -0.100629 -0.814968 -0.570702
vn -0.100629 -0.814968 -0.570702
vn -0.443942 -0.814963 -0.372492
vn -0.443942 -0.814963 -0.372492
vn -0.443942 -0.814963 -0.372492
vn -0.443942 -0.814963 -0.372492
vn -0.579498 -0.814974 0.000000
vn -0.579498 -0.814974 0.000000
vn -0.579498 -0.814974 0.000000
vn -0.579498 -0.814974 0.000000
vn -0.443948 -0.814950 0.372513
vn -0.443948 -0.814950 0.372514
vn -0.443948 -0.814950 0.372514
vn -0.443948 -0.814950 0.372513
vn -0.100630 -0.814983 0.570681
vn -0.100630 -0.814983 0.570681
vn -0.100630 -0.814983 0.570681
vn -0.100630 -0.814983 0.570681
vn 0.289736 -0.814982 0.501853
vn 0.289736 -0.814982 0.501853
vn 0.289736 -0.814982 0.501853
vn 0.289736 -0.814982 0.501853
vn 0.544552 -0.814976 0.198184
vn 0.544552 -0.814976 0.198184
vn 0.544552 -0.814976 0.198184
vn 0.544552 -0.814976 0.198184
vn 0.544531 -0.814992 -0.198176
vn 0.544531 -0.814992 -0.198176
vn 0.544531 -0.814992 -0.198176
vn 0.544531 -0.814992 -0.198176
vn 0.423457 -0.531744 -0.733439
vn 0.423457 -0.531744 -0.733439
vn 0.423457 -0.531744 -0.733439
vn 0.423457 -0.531744 -0.733439
vn -0.147064 -0.531741 -0.834041
vn -0.147064 -0.531741 -0.834041
vn -0.147064 -0.531741 -0.834041
vn -0.147064 -0.531741 -0.834041
vn -0.648763 -0.531752 -0.544377
vn -0.648763 -0.531752 -0.544377
vn -0.648763 -0.531752 -0.544377
vn -0.648763 -0.531752 -0.544377
vn -0.846921 -0.531719 0.000015
vn -0.846921 -0.531719 0.000015
vn -0.846921 -0.531719 0.000015
vn -0.846921 -0.531719 0.000015
vn -0.648764 -0.531749 0.544378
vn -0.648764 -0.531749 0.544379
vn -0.648764 -0.531749 0.544378
vn -0.648764 -0.531749 0.544379
vn -0.147067 -0.531766 0.834024
vn -0.147067 -0.531766 0.834024
vn -0.147067 -0.531766 0.834024
vn -0.147067 -0.531766 0.834024
vn 0.423455 -0.531727 0.733453
vn 0.423455 -0.531727 0.733453
vn 0.423455 -0.531727 0.733453
vn 0.423455 -0.531727 0.733453
vn 0.795846 -0.531727 0.289648
vn 0.795846 -0.531727 0.289648
vn 0.795846 -0.531727 0.289648
vn 0.795846 -0.531727 0.289648
vn 0.795855 -0.531711 -0.289652
vn 0.795855 -0.531711 -0.289652
vn 0.795855 -0.531711 -0.289652
vn 0.795855 -0.531711 -0.289652
vn 0.491491 -0.183764 -0.851274
vn 0.491491 -0.183764 -0.851274
vn 0.491491 -0.183764 -0.851274
vn 0.491491 -0.183764 -0.851274
vn -0.170694 -0.183732 -0.968042
vn -0.170694 -0.183732 -0.968042
vn -0.170694 -0.183732 -0.968042
vn -0.170694 -0.183732 -0.968042
vn -0.753004 -0.183712 -0.631851
vn -0.753004 -0.183712 -0.631851
vn -0.753004 -0.183712 -0.631851
vn -0.753004 -0.183712 -0.631851
vn -0.982978 -0.183723 0.000015
vn -0.982978 -0.183723 0.000015
vn -0.982978 -0.183723 0.000015
vn -0.982978 -0.183723 0.000015
vn -0.753010 -0.183727 0.631839
vn -0.753010 -0.183727 0.631839
vn -0.753010 -0.183727 0.631839
vn -0.753010 -0.183727 0.631839
vn -0.170696 -0.183713 0.968046
vn -0.170696 -0.183713 0.968046
vn -0.170696 -0.183713 0.968046
vn -0.170696 -0.183713 0.968046
vn 0.491483 -0.183774 0.851276
vn 0.491483 -0.183774 0.851276
vn 0.491483 -0.183774 0.851276
vn 0.491483 -0.183774 0.851276
vn 0.923702 -0.183748 0.336171
vn 0.923702 -0.183748 0.336171
vn 0.923702 -0.183748 0.336171
vn 0.923702 -0.183748 0.336171
vn 0.923699 -0.183764 -0.336171
vn 0.923699 -0.183764 -0.336171
vn 0.923699 -0.183764 -0.336171
vn 0.923699 -0.183764 -0.336171
vn 0.491491 0.183764 -0.851274
vn 0.491491 0.183764 -0.851274
vn 0.491491 0.183764 -0.851274
vn 0.491491 0.183764 -0.851274
vn -0.170694 0.183733 -0.968042
vn -0.170694 0.183733 -0.968042
vn -0.170694 0.183733 -0.968042
vn -0.170694 0.183733 -0.968042
vn -0.753004 0.183712 -0.631850
vn -0.753004 0.183712 -0.631851
vn -0.753004 0.183712 -0.631850
vn -0.753004 0.183712 -0.631851
vn -0.982978 0.183723 0.000015
vn -0.982978 0.183723 0.000015
vn -0.982978 0.183723 0.000015
vn -0.982978 0.183723 0.000015
vn -0.753010 0.183727 0.631839
vn -0.753010 0.183727 0.631839
vn -0.753010 0.183727 0.631839
vn -0.753010 0.183727 0.631839
vn -0.170696 0.183713 0.968046
vn -0.170696 0.183713 0.968046
vn -0.170696 0.183713 0.968046
vn -0.170696 0.183713 0.968046
vn 0.491481 0.183787 0.851275
vn 0.491481 0.183787 0.851275
vn 0.491481 0.183787 0.851275
vn 0.491481 0.183787 0.851275
vn 0.923702 0.183748 0.336171
vn 0.923702 0.183748 0.336171
vn 0.923702 0.183748 0.336171
vn 0.923702 0.183748 0.336171
vn 0.923703 0.183739 -0.336173
vn 0.923703 0.183739 -0.336173
vn 0.923703 0.183739 -0.336173
vn 0.923703 0.183739 -0.336173
vn 0.423457 0.531742 -0.733440
vn 0.423457 0.531742 -0.733440
vn 0.423457 0.531742 -0.733440
vn 0.423457 0.531742 -0.733440
vn -0.147064 0.531740 -0.834041
vn -0.147064 0.531740 -0.834041
vn -0.147064 0.531740 -0.834041
vn -0.147064 0.531740 -0.834041
vn -0.648769 0.531739 -0.544382
vn -0.648769 0.531739 -0.544382
vn -0.648769 0.531739 -0.544382
vn -0.648769 0.531739 -0.544382
vn -0.846922 0.531718 0.000016
vn -0.846922 0.531718 0.000016
vn -0.846922 0.531718 0.000016
vn -0.846922 0.531718 0.000016
vn -0.648765 0.531747 0.544379
vn -0.648765 0.531747 0.544379
vn -0.648765 0.531747 0.544379
vn -0.648765 0.531747 0.544379
vn -0.147067 0.531765 0.834025
vn -0.147067 0.531765 0.834025
vn -0.147067 0.531765 0.834025
vn -0.147067 0.531765 0.834025
vn 0.423458 0.531714 0.733460
vn 0.423458 0.531714 0.733460
vn 0.423458 0.531714 0.733460
vn 0.423458 0.531714 0.733460
vn 0.795847 0.531725 0.289648
vn 0.795847 0.531725 0.289648
vn 0.795847 0.531725 0.289648
vn 0.795847 0.531725 0.289648
vn 0.795843 0.531732 -0.289648
vn 0.795843 0.531731 -0.289648
vn 0.795843 0.531732 -0.289648
vn 0.795843 0.531732 -0.289648
vn 0.289743 0.814981 -0.501851
vn 0.289743 0.814981 -0.501851
vn 0.289743 0.814981 -0.501851
vn 0.289743 0.814981 -0.501851
vn -0.100629 0.814969 -0.570701
vn -0.100629 0.814969 -0.570701
vn -0.100629 0.814969 -0.570701
vn -0.100629 0.814969 -0.570701
vn -0.443941 0.814963 -0.372493
vn -0.443941 0.814963 -0.372493
vn -0.443941 0.814963 -0.372493
vn -0.443941 0.814963 -0.372493
vn -0.579474 0.814991 0.000000
vn -0.579474 0.814991 0.000000
vn -0.579474 0.814991 0.000000
vn -0.579474 0.814991 0.000000
vn -0.443939 0.814959 0.372505
vn -0.443939 0.814959 0.372505
vn -0.443939 0.814959 0.372505
vn -0.443939 0.814959 0.372505
vn -0.100632 0.814975 0.570691
vn -0.100632 0.814975 0.570691
vn -0.100632 0.814975 0.570691
vn -0.100632 0.814975 0.570691
vn 0.289724 0.814999 0.501834
vn 0.289724 0.814999 0.501834
vn 0.289724 0.814999 0.501834
vn 0.289724 0.814999 0.501834
vn 0.544551 0.814977 0.198184
vn 0.544551 0.814977 0.198184
vn 0.544551 0.814977 0.198184
vn 0.544551 0.814977 0.198184
vn 0.544541 0.814985 -0.198180
vn 0.544541 0.814985 -0.198180
vn 0.544541 0.814985 -0.198180
vn 0.544540 0.814985 -0.198180
vn 0.103544 -0.978322 -0.179345
vn 0.103544 -0.978322 -0.179345
vn 0.103544 -0.978322 -0.179345
vn -0.035961 -0.978322 -0.203945
vn -0.035961 -0.978322 -0.203945
vn -0.035961 -0.978322 -0.203945
vn -0.158645 -0.978322 -0.133108
vn -0.158645 -0.978322 -0.133108
vn -0.158645 -0.978322 -0.133108
vn -0.207075 -0.978325 0.000000
vn -0.207075 -0.978325 0.000000
vn -0.207075 -0.978325 0.000000
vn -0.158640 -0.978323 0.133105
vn -0.158640 -0.978323 0.133104
vn -0.158640 -0.978323 0.133105
vn -0.035966 -0.978319 0.203958
vn -0.035966 -0.978319 0.203958
vn -0.035966 -0.978319 0.203958
vn 0.103551 -0.978316 0.179374
vn 0.103551 -0.978316 0.179374
vn 0.103551 -0.978316 0.179374
vn 0.194613 -0.978319 0.070828
vn 0.194613 -0.978319 0.070828
vn 0.194613 -0.978319 0.070828
vn 0.194627 -0.978316 -0.070833
vn 0.194627 -0.978316 -0.070833
vn 0.194627 -0.978316 -0.070833
vn 0.103544 0.978322 -0.179347
vn 0.103544 0.978322 -0.179347
vn 0.103544 0.978322 -0.179347
vn -0.035961 0.978321 -0.203947
vn -0.035961 0.978321 -0.203947
vn -0.035961 0.978321 -0.203947
vn -0.158639 0.978324 -0.133101
vn -0.158639 0.978324 -0.133101
vn -0.158639 0.978324 -0.133101
vn -0.207073 0.978325 0.000000
vn -0.207073 0.978325 0.000000
vn -0.207073 0.978325 0.000000
vn -0.158634 0.978325 0.133097
vn -0.158634 0.978325 0.133097
vn -0.158634 0.978325 0.133097
vn -0.035965 0.978319 0.203959
vn -0.035965 0.978319 0.203959
vn -0.035965 0.978319 0.203959
vn 0.103544 0.978319 0.179360
vn 0.103544 0.978319 0.179360
vn 0.103544 0.978319 0.179360
vn 0.194612 0.978320 0.070831
vn 0.194612 0.978320 0.070831
vn 0.194612 0.978320 0.070831
vn 0.194625 0.978316 -0.070838
vn 0.194625 0.978316 -0.070838
vn 0.194625 0.978316 -0.070838
s off
g Adicionales group16 Silla pSphere1
usemtl initialShadingGroup
f 1485/2074/2903 1486/2075/2904 1495/2085/2905 1494/2084/2906
f 1486/2075/2907 1487/2076/2908 1496/2086/2909 1495/2085/2910
f 1487/2076/2911 1488/2077/2912 1497/2087/2913 1496/2086/2914
f 1488/2077/2915 1489/2078/2916 1498/2088/2917 1497/2087/2918
f 1489/2078/2919 1490/2079/2920 1499/2089/2921 1498/2088/2922
f 1490/2079/2923 1491/2080/2924 1500/2090/2925 1499/2089/2926
f 1491/2080/2927 1492/2081/2928 1501/2091/2929 1500/2090/2930
f 1492/2081/2931 1493/2082/2932 1502/2092/2933 1501/2091/2934
f 1493/2082/2935 1485/2083/2936 1494/2093/2937 1502/2092/2938
f 1494/2084/2939 1495/2085/2940 1504/2095/2941 1503/2094/2942
f 1495/2085/2943 1496/2086/2944 1505/2096/2945 1504/2095/2946
f 1496/2086/2947 1497/2087/2948 1506/2097/2949 1505/2096/2950
f 1497/2087/2951 1498/2088/2952 1507/2098/2953 1506/2097/2954
f 1498/2088/2955 1499/2089/2956 1508/2099/2957 1507/2098/2958
f 1499/2089/2959 1500/2090/2960 1509/2100/2961 1508/2099/2962
f 1500/2090/2963 1501/2091/2964 1510/2101/2965 1509/2100/2966
f 1501/2091/2967 1502/2092/2968 1511/2102/2969 1510/2101/2970
f 1502/2092/2971 1494/2093/2972 1503/2103/2973 1511/2102/2974
f 1503/2094/2975 1504/2095/2976 1513/2105/2977 1512/2104/2978
f 1504/2095/2979 1505/2096/2980 1514/2106/2981 1513/2105/2982
f 1505/2096/2983 1506/2097/2984 1515/2107/2985 1514/2106/2986
f 1506/2097/2987 1507/2098/2988 1516/2108/2989 1515/2107/2990
f 1507/2098/2991 1508/2099/2992 1517/2109/2993 1516/2108/2994
f 1508/2099/2995 1509/2100/2996 1518/2110/2997 1517/2109/2998
f 1509/2100/2999 1510/2101/3000 1519/2111/3001 1518/2110/3002
f 1510/2101/3003 1511/2102/3004 1520/2112/3005 1519/2111/3006
f 1511/2102/3007 1503/2103/3008 1512/2113/3009 1520/2112/3010
f 1512/2104/3011 1513/2105/3012 1522/2115/3013 1521/2114/3014
f 1513/2105/3015 1514/2106/3016 1523/2116/3017 1522/2115/3018
f 1514/2106/3019 1515/2107/3020 1524/2117/3021 1523/2116/3022
f 1515/2107/3023 1516/2108/3024 1525/2118/3025 1524/2117/3026
f 1516/2108/3027 1517/2109/3028 1526/2119/3029 1525/2118/3030
f 1517/2109/3031 1518/2110/3032 1527/2120/3033 1526/2119/3034
f 1518/2110/3035 1519/2111/3036 1528/2121/3037 1527/2120/3038
f 1519/2111/3039 1520/2112/3040 1529/2122/3041 1528/2121/3042
f 1520/2112/3043 1512/2113/3044 1521/2123/3045 1529/2122/3046
f 1521/2114/3047 1522/2115/3048 1531/2125/3049 1530/2124/3050
f 1522/2115/3051 1523/2116/3052 1532/2126/3053 1531/2125/3054
f 1523/2116/3055 1524/2117/3056 1533/2127/3057 1532/2126/3058
f 1524/2117/3059 1525/2118/3060 1534/2128/3061 1533/2127/3062
f 1525/2118/3063 1526/2119/3064 1535/2129/3065 1534/2128/3066
f 1526/2119/3067 1527/2120/3068 1536/2130/3069 1535/2129/3070
f 1527/2120/3071 1528/2121/3072 1537/2131/3073 1536/2130/3074
f 1528/2121/3075 1529/2122/3076 1538/2132/3077 1537/2131/3078
f 1529/2122/3079 1521/2123/3080 1530/2133/3081 1538/2132/3082
f 1530/2124/3083 1531/2125/3084 1540/2135/3085 1539/2134/3086
f 1531/2125/3087 1532/2126/3088 1541/2136/3089 1540/2135/3090
f 1532/2126/3091 1533/2127/3092 1542/2137/3093 1541/2136/3094
f 1533/2127/3095 1534/2128/3096 1543/2138/3097 1542/2137/3098
f 1534/2128/3099 1535/2129/3100 1544/2139/3101 1543/2138/3102
f 1535/2129/3103 1536/2130/3104 1545/2140/3105 1544/2139/3106
f 1536/2130/3107 1537/2131/3108 1546/2141/3109 1545/2140/3110
f 1537/2131/3111 1538/2132/3112 1547/2142/3113 1546/2141/3114
f 1538/2132/3115 1530/2133/3116 1539/2143/3117 1547/2142/3118
f 1486/2075/3119 1485/2074/3120 1548/2144/3121
f 1487/2076/3122 1486/2075/3123 1548/2145/3124
f 1488/2077/3125 1487/2076/3126 1548/2146/3127
f 1489/2078/3128 1488/2077/3129 1548/2147/3130
f 1490/2079/3131 1489/2078/3132 1548/2148/3133
f 1491/2080/3134 1490/2079/3135 1548/2149/3136
f 1492/2081/3137 1491/2080/3138 1548/2150/3139
f 1493/2082/3140 1492/2081/3141 1548/2151/3142
f 1485/2083/3143 1493/2082/3144 1548/2152/3145
f 1539/2134/3146 1540/2135/3147 1549/2153/3148
f 1540/2135/3149 1541/2136/3150 1549/2154/3151
f 1541/2136/3152 1542/2137/3153 1549/2155/3154
f 1542/2137/3155 1543/2138/3156 1549/2156/3157
f 1543/2138/3158 1544/2139/3159 1549/2157/3160
f 1544/2139/3161 1545/2140/3162 1549/2158/3163
f 1545/2140/3164 1546/2141/3165 1549/2159/3166
f 1546/2141/3167 1547/2142/3168 1549/2160/3169
f 1547/2142/3170 1539/2143/3171 1549/2161/3172
g default
v -8.230780 0.237609 0.020716
v -8.230779 0.221383 0.004489
v -8.230779 0.199217 -0.001450
v -8.230779 0.199217 0.087213
v -8.230779 0.221383 0.081274
v -8.230780 0.237609 0.065047
v -8.230779 0.243548 0.042882
v -8.674338 0.237609 0.020716
v -8.674338 0.221383 0.004489
v -8.674338 0.199217 -0.001450
v -8.674338 0.199217 0.087213
v -8.674338 0.221383 0.081274
v -8.674338 0.237609 0.065047
v -8.674338 0.243548 0.042882
v -8.204206 0.199217 0.042882
v -8.674338 0.199217 0.042882
vt 0.635316 0.078125
vt 0.578125 0.020934
vt 0.500000 0.000000
vt 0.500000 0.312500
vt 0.578125 0.291566
vt 0.635316 0.234375
vt 0.656250 0.156250
vt 0.375000 0.312500
vt 0.395833 0.312500
vt 0.416667 0.312500
vt 0.541667 0.312500
vt 0.562500 0.312500
vt 0.583333 0.312500
vt 0.604167 0.312500
vt 0.625000 0.312500
vt 0.375000 0.688440
vt 0.395833 0.688440
vt 0.416667 0.688440
vt 0.541667 0.688440
vt 0.562500 0.688440
vt 0.583333 0.688440
vt 0.604167 0.688440
vt 0.625000 0.688440
vt 0.635316 0.765625
vt 0.578125 0.708434
vt 0.500000 0.687500
vt 0.500000 1.000000
vt 0.578125 0.979066
vt 0.635316 0.921875
vt 0.656250 0.843750
vt 0.500000 0.150000
vt 0.500000 0.837500
vn -0.000000 0.707109 -0.707105
vn -0.000000 0.707109 -0.707105
vn -0.000000 0.707109 -0.707105
vn -0.000000 0.707109 -0.707105
vn 0.000000 0.258818 -0.965926
vn 0.000000 0.258818 -0.965926
vn 0.000000 0.258818 -0.965926
vn 0.000000 0.258818 -0.965926
vn -0.000000 0.258818 0.965926
vn -0.000000 0.258818 0.965926
vn -0.000000 0.258818 0.965926
vn -0.000000 0.258818 0.965926
vn -0.000000 0.707109 0.707105
vn -0.000000 0.707109 0.707105
vn -0.000000 0.707109 0.707105
vn -0.000000 0.707109 0.707105
vn -0.000000 0.965925 0.258821
vn -0.000000 0.965925 0.258821
vn -0.000000 0.965925 0.258821
vn -0.000000 0.965925 0.258821
vn -0.000000 0.965925 -0.258821
vn -0.000000 0.965925 -0.258821
vn -0.000000 0.965925 -0.258821
vn -0.000000 0.965925 -0.258821
vn 0.857704 0.257099 -0.445246
vn 0.857692 0.445284 -0.257073
vn 0.928591 0.371105 0.000001
vn 0.849683 0.136463 -0.509329
vn 0.857704 0.257100 0.445246
vn 0.849678 0.136508 0.509326
vn 0.857701 0.445265 0.257076
vn 0.857709 0.514135 0.000000
vn -1.000000 0.000000 0.000000
vn -1.000000 0.000000 0.000000
vn -1.000000 0.000000 0.000000
vn -1.000000 0.000000 0.000000
vn -1.000000 0.000000 0.000000
vn -1.000000 0.000000 0.000000
vn -1.000000 0.000000 0.000000
vn -1.000000 0.000000 0.000000
s off
g Adicionales group16 Silla pCylinder29
usemtl initialShadingGroup
f 1550/2169/3173 1551/2170/3174 1558/2178/3175 1557/2177/3176
f 1551/2170/3177 1552/2171/3178 1559/2179/3179 1558/2178/3180
f 1553/2172/3181 1554/2173/3182 1561/2181/3183 1560/2180/3184
f 1554/2173/3185 1555/2174/3186 1562/2182/3187 1561/2181/3188
f 1555/2174/3189 1556/2175/3190 1563/2183/3191 1562/2182/3192
f 1556/2175/3193 1550/2176/3194 1557/2184/3195 1563/2183/3196
s 1
f 1551/2163/3197 1550/2162/3198 1564/2192/3199
f 1552/2164/3200 1551/2163/3197 1564/2192/3199
f 1554/2166/3201 1553/2165/3202 1564/2192/3199
f 1555/2167/3203 1554/2166/3201 1564/2192/3199
f 1556/2168/3204 1555/2167/3203 1564/2192/3199
f 1550/2162/3198 1556/2168/3204 1564/2192/3199
s 3
f 1557/2190/3205 1558/2189/3206 1565/2193/3207
f 1558/2189/3206 1559/2188/3208 1565/2193/3207
f 1560/2187/3209 1561/2186/3210 1565/2193/3207
f 1561/2186/3210 1562/2185/3211 1565/2193/3207
f 1562/2185/3211 1563/2191/3212 1565/2193/3207
f 1563/2191/3212 1557/2190/3205 1565/2193/3207
g default
v -8.623994 0.193247 0.020583
v -8.641068 0.193247 0.003509
v -8.664391 0.193247 -0.002740
v -8.687713 0.193247 0.003509
v -8.704787 0.193247 0.020583
v -8.711036 0.193247 0.043906
v -8.704787 0.193247 0.067229
v -8.687713 0.193247 0.084302
v -8.664391 0.193247 0.090552
v -8.641068 0.193247 0.084302
v -8.623994 0.193247 0.067229
v -8.617745 0.193247 0.043906
v -8.623517 0.576324 0.020307
v -8.640792 0.576324 0.003032
v -8.664391 0.576324 -0.003291
v -8.687990 0.576324 0.003032
v -8.705264 0.576324 0.020307
v -8.711587 0.576324 0.043906
v -8.705264 0.576324 0.067504
v -8.687990 0.576324 0.084779
v -8.664391 0.576324 0.091103
v -8.640792 0.576324 0.084779
v -8.623517 0.576324 0.067504
v -8.617195 0.576324 0.043906
v -8.664391 0.193247 0.043906
vt 0.635316 0.078125
vt 0.578125 0.020934
vt 0.500000 0.000000
vt 0.421875 0.020934
vt 0.364684 0.078125
vt 0.343750 0.156250
vt 0.364684 0.234375
vt 0.421875 0.291566
vt 0.500000 0.312500
vt 0.578125 0.291566
vt 0.635316 0.234375
vt 0.656250 0.156250
vt 0.375000 0.312500
vt 0.395833 0.312500
vt 0.416667 0.312500
vt 0.437500 0.312500
vt 0.458333 0.312500
vt 0.479167 0.312500
vt 0.500000 0.312500
vt 0.520833 0.312500
vt 0.541667 0.312500
vt 0.562500 0.312500
vt 0.583333 0.312500
vt 0.604167 0.312500
vt 0.625000 0.312500
vt 0.375000 0.688440
vt 0.395833 0.688440
vt 0.416667 0.688440
vt 0.437500 0.688440
vt 0.458333 0.688440
vt 0.479167 0.688440
vt 0.500000 0.688440
vt 0.520833 0.688440
vt 0.541667 0.688440
vt 0.562500 0.688440
vt 0.583333 0.688440
vt 0.604167 0.688440
vt 0.625000 0.688440
vt 0.500000 0.150000
vn 0.707106 -0.001391 -0.707106
vn 0.707106 -0.001391 -0.707106
vn 0.707106 -0.001391 -0.707106
vn 0.707106 -0.001391 -0.707106
vn 0.258810 -0.001389 -0.965927
vn 0.258810 -0.001389 -0.965927
vn 0.258810 -0.001389 -0.965927
vn 0.258810 -0.001389 -0.965927
vn -0.258824 -0.001390 -0.965923
vn -0.258824 -0.001390 -0.965923
vn -0.258824 -0.001390 -0.965923
vn -0.258824 -0.001390 -0.965923
vn -0.707106 -0.001391 -0.707106
vn -0.707106 -0.001391 -0.707106
vn -0.707106 -0.001391 -0.707106
vn -0.707106 -0.001391 -0.707106
vn -0.965928 -0.001387 -0.258809
vn -0.965927 -0.001387 -0.258809
vn -0.965928 -0.001387 -0.258809
vn -0.965927 -0.001387 -0.258809
vn -0.965927 -0.001387 0.258810
vn -0.965927 -0.001387 0.258810
vn -0.965927 -0.001387 0.258810
vn -0.965927 -0.001387 0.258810
vn -0.707106 -0.001390 0.707106
vn -0.707106 -0.001390 0.707106
vn -0.707106 -0.001390 0.707106
vn -0.707106 -0.001390 0.707106
vn -0.258824 -0.001390 0.965923
vn -0.258824 -0.001390 0.965923
vn -0.258824 -0.001390 0.965923
vn -0.258824 -0.001390 0.965923
vn 0.258811 -0.001389 0.965927
vn 0.258811 -0.001389 0.965927
vn 0.258811 -0.001389 0.965927
vn 0.258811 -0.001389 0.965927
vn 0.707106 -0.001391 0.707106
vn 0.707106 -0.001391 0.707106
vn 0.707106 -0.001391 0.707106
vn 0.707106 -0.001391 0.707106
vn 0.965927 -0.001389 0.258810
vn 0.965927 -0.001389 0.258810
vn 0.965927 -0.001389 0.258810
vn 0.965927 -0.001389 0.258810
vn 0.965927 -0.001390 -0.258809
vn 0.965927 -0.001390 -0.258809
vn 0.965928 -0.001390 -0.258809
vn 0.965928 -0.001390 -0.258809
vn 0.000000 -1.000000 0.000000
vn 0.000000 -1.000000 -0.000000
vn 0.000000 -1.000000 -0.000000
vn 0.000000 -1.000000 0.000000
vn 0.000000 -1.000000 0.000000
vn 0.000000 -1.000000 0.000000
vn 0.000000 -1.000000 0.000000
vn 0.000000 -1.000000 0.000000
vn 0.000000 -1.000000 0.000000
vn 0.000000 -1.000000 0.000000
vn 0.000000 -1.000000 -0.000001
vn 0.000000 -1.000000 0.000000
vn 0.000000 -1.000000 -0.000000
s off
g Adicionales group16 Silla pCylinder28
usemtl initialShadingGroup
f 1566/2206/3213 1567/2207/3214 1579/2220/3215 1578/2219/3216
f 1567/2207/3217 1568/2208/3218 1580/2221/3219 1579/2220/3220
f 1568/2208/3221 1569/2209/3222 1581/2222/3223 1580/2221/3224
f 1569/2209/3225 1570/2210/3226 1582/2223/3227 1581/2222/3228
f 1570/2210/3229 1571/2211/3230 1583/2224/3231 1582/2223/3232
f 1571/2211/3233 1572/2212/3234 1584/2225/3235 1583/2224/3236
f 1572/2212/3237 1573/2213/3238 1585/2226/3239 1584/2225/3240
f 1573/2213/3241 1574/2214/3242 1586/2227/3243 1585/2226/3244
f 1574/2214/3245 1575/2215/3246 1587/2228/3247 1586/2227/3248
f 1575/2215/3249 1576/2216/3250 1588/2229/3251 1587/2228/3252
f 1576/2216/3253 1577/2217/3254 1589/2230/3255 1588/2229/3256
f 1577/2217/3257 1566/2218/3258 1578/2231/3259 1589/2230/3260
s 1
f 1567/2195/3261 1566/2194/3262 1590/2232/3263
f 1568/2196/3264 1567/2195/3261 1590/2232/3263
f 1569/2197/3265 1568/2196/3264 1590/2232/3263
f 1570/2198/3266 1569/2197/3265 1590/2232/3263
f 1571/2199/3267 1570/2198/3266 1590/2232/3263
f 1572/2200/3268 1571/2199/3267 1590/2232/3263
f 1573/2201/3269 1572/2200/3268 1590/2232/3263
f 1574/2202/3270 1573/2201/3269 1590/2232/3263
f 1575/2203/3271 1574/2202/3270 1590/2232/3263
f 1576/2204/3272 1575/2203/3271 1590/2232/3263
f 1577/2205/3273 1576/2204/3272 1590/2232/3263
f 1566/2194/3262 1577/2205/3273 1590/2232/3263
g default
v -8.574579 0.557378 -0.007947
v -8.612539 0.557378 -0.045906
v -8.664391 0.557378 -0.059800
v -8.716243 0.557378 -0.045906
v -8.754202 0.557378 -0.007947
v -8.768097 0.557378 0.043906
v -8.754202 0.557378 0.095759
v -8.716243 0.557378 0.133718
v -8.664391 0.557378 0.147612
v -8.612539 0.557378 0.133718
v -8.574579 0.557378 0.095759
v -8.560686 0.557378 0.043906
v -8.573519 0.779064 -0.008560
v -8.611925 0.779064 -0.046967
v -8.664391 0.779064 -0.061025
v -8.716857 0.779064 -0.046967
v -8.755263 0.779064 -0.008560
v -8.769321 0.779064 0.043906
v -8.755263 0.779064 0.096371
v -8.716857 0.779064 0.134778
v -8.664391 0.779064 0.148836
v -8.611925 0.779064 0.134778
v -8.573519 0.779064 0.096371
v -8.559461 0.779064 0.043906
v -8.664391 0.557378 0.043906
vt 0.635316 0.078125
vt 0.578125 0.020934
vt 0.500000 0.000000
vt 0.421875 0.020934
vt 0.364684 0.078125
vt 0.343750 0.156250
vt 0.364684 0.234375
vt 0.421875 0.291566
vt 0.500000 0.312500
vt 0.578125 0.291566
vt 0.635316 0.234375
vt 0.656250 0.156250
vt 0.375000 0.312500
vt 0.395833 0.312500
vt 0.416667 0.312500
vt 0.437500 0.312500
vt 0.458333 0.312500
vt 0.479167 0.312500
vt 0.500000 0.312500
vt 0.520833 0.312500
vt 0.541667 0.312500
vt 0.562500 0.312500
vt 0.583333 0.312500
vt 0.604167 0.312500
vt 0.625000 0.312500
vt 0.375000 0.688440
vt 0.395833 0.688440
vt 0.416667 0.688440
vt 0.437500 0.688440
vt 0.458333 0.688440
vt 0.479167 0.688440
vt 0.500000 0.688440
vt 0.520833 0.688440
vt 0.541667 0.688440
vt 0.562500 0.688440
vt 0.583333 0.688440
vt 0.604167 0.688440
vt 0.625000 0.688440
vt 0.500000 0.150000
vn 0.707097 -0.005340 -0.707097
vn 0.707097 -0.005340 -0.707097
vn 0.707097 -0.005340 -0.707097
vn 0.707097 -0.005340 -0.707097
vn 0.258813 -0.005339 -0.965913
vn 0.258813 -0.005339 -0.965913
vn 0.258813 -0.005339 -0.965913
vn 0.258813 -0.005339 -0.965913
vn -0.258817 -0.005337 -0.965912
vn -0.258817 -0.005337 -0.965912
vn -0.258817 -0.005337 -0.965912
vn -0.258817 -0.005337 -0.965912
vn -0.707101 -0.005337 -0.707093
vn -0.707101 -0.005337 -0.707093
vn -0.707101 -0.005337 -0.707093
vn -0.707101 -0.005337 -0.707093
vn -0.965911 -0.005342 -0.258820
vn -0.965911 -0.005342 -0.258820
vn -0.965911 -0.005342 -0.258820
vn -0.965911 -0.005342 -0.258820
vn -0.965911 -0.005343 0.258820
vn -0.965911 -0.005343 0.258820
vn -0.965911 -0.005343 0.258820
vn -0.965911 -0.005343 0.258820
vn -0.707100 -0.005338 0.707093
vn -0.707100 -0.005338 0.707093
vn -0.707100 -0.005338 0.707093
vn -0.707100 -0.005338 0.707093
vn -0.258818 -0.005337 0.965911
vn -0.258818 -0.005337 0.965911
vn -0.258818 -0.005337 0.965911
vn -0.258818 -0.005337 0.965911
vn 0.258814 -0.005338 0.965912
vn 0.258814 -0.005338 0.965912
vn 0.258814 -0.005338 0.965912
vn 0.258814 -0.005338 0.965912
vn 0.707096 -0.005337 0.707098
vn 0.707096 -0.005337 0.707098
vn 0.707096 -0.005337 0.707098
vn 0.707096 -0.005337 0.707098
vn 0.965915 -0.005334 0.258804
vn 0.965915 -0.005334 0.258804
vn 0.965915 -0.005334 0.258804
vn 0.965915 -0.005334 0.258804
vn 0.965915 -0.005334 -0.258805
vn 0.965915 -0.005334 -0.258805
vn 0.965915 -0.005334 -0.258805
vn 0.965915 -0.005334 -0.258805
vn 0.000000 -1.000000 -0.000001
vn 0.000000 -1.000000 -0.000000
vn 0.000000 -1.000000 -0.000000
vn 0.000000 -1.000000 0.000000
vn 0.000000 -1.000000 0.000000
vn 0.000000 -1.000000 0.000000
vn 0.000000 -1.000000 -0.000001
vn 0.000000 -1.000000 -0.000001
vn 0.000000 -1.000000 0.000000
vn 0.000000 -1.000000 0.000000
vn 0.000000 -1.000000 0.000001
vn 0.000000 -1.000000 0.000001
vn 0.000000 -1.000000 0.000001
s off
g Adicionales group16 Silla pCylinder27
usemtl initialShadingGroup
f 1591/2245/3274 1592/2246/3275 1604/2259/3276 1603/2258/3277
f 1592/2246/3278 1593/2247/3279 1605/2260/3280 1604/2259/3281
f 1593/2247/3282 1594/2248/3283 1606/2261/3284 1605/2260/3285
f 1594/2248/3286 1595/2249/3287 1607/2262/3288 1606/2261/3289
f 1595/2249/3290 1596/2250/3291 1608/2263/3292 1607/2262/3293
f 1596/2250/3294 1597/2251/3295 1609/2264/3296 1608/2263/3297
f 1597/2251/3298 1598/2252/3299 1610/2265/3300 1609/2264/3301
f 1598/2252/3302 1599/2253/3303 1611/2266/3304 1610/2265/3305
f 1599/2253/3306 1600/2254/3307 1612/2267/3308 1611/2266/3309
f 1600/2254/3310 1601/2255/3311 1613/2268/3312 1612/2267/3313
f 1601/2255/3314 1602/2256/3315 1614/2269/3316 1613/2268/3317
f 1602/2256/3318 1591/2257/3319 1603/2270/3320 1614/2269/3321
s 1
f 1592/2234/3322 1591/2233/3323 1615/2271/3324
f 1593/2235/3325 1592/2234/3322 1615/2271/3324
f 1594/2236/3326 1593/2235/3325 1615/2271/3324
f 1595/2237/3327 1594/2236/3326 1615/2271/3324
f 1596/2238/3328 1595/2237/3327 1615/2271/3324
f 1597/2239/3329 1596/2238/3328 1615/2271/3324
f 1598/2240/3330 1597/2239/3329 1615/2271/3324
f 1599/2241/3331 1598/2240/3330 1615/2271/3324
f 1600/2242/3332 1599/2241/3331 1615/2271/3324
f 1601/2243/3333 1600/2242/3332 1615/2271/3324
f 1602/2244/3334 1601/2243/3333 1615/2271/3324
f 1591/2233/3323 1602/2244/3334 1615/2271/3324
g default
v -8.415491 0.770625 -0.099797
v -8.520688 0.770625 -0.204994
v -8.664391 0.770625 -0.243499
v -8.808093 0.770625 -0.204994
v -8.913291 0.770625 -0.099797
v -8.951795 0.770625 0.043906
v -8.913291 0.770625 0.187608
v -8.808093 0.770625 0.292805
v -8.664391 0.770625 0.331310
v -8.520688 0.770625 0.292805
v -8.415491 0.770625 0.187608
v -8.376987 0.770625 0.043906
v -8.392098 0.814558 -0.113303
v -8.507183 0.814558 -0.228387
v -8.664391 0.814558 -0.270511
v -8.821599 0.814558 -0.228387
v -8.936684 0.814558 -0.113303
v -8.978807 0.814558 0.043906
v -8.936684 0.814558 0.201114
v -8.821599 0.814558 0.316199
v -8.664391 0.814558 0.358322
v -8.507183 0.814558 0.316199
v -8.392098 0.814558 0.201114
v -8.349974 0.814558 0.043906
v -8.664391 0.770625 0.043906
vt 0.635316 0.078125
vt 0.578125 0.020934
vt 0.500000 0.000000
vt 0.421875 0.020934
vt 0.364684 0.078125
vt 0.343750 0.156250
vt 0.364684 0.234375
vt 0.421875 0.291566
vt 0.500000 0.312500
vt 0.578125 0.291566
vt 0.635316 0.234375
vt 0.656250 0.156250
vt 0.375000 0.312500
vt 0.395833 0.312500
vt 0.416667 0.312500
vt 0.437500 0.312500
vt 0.458333 0.312500
vt 0.479167 0.312500
vt 0.500000 0.312500
vt 0.520833 0.312500
vt 0.541667 0.312500
vt 0.562500 0.312500
vt 0.583333 0.312500
vt 0.604167 0.312500
vt 0.625000 0.312500
vt 0.375000 0.688440
vt 0.395833 0.688440
vt 0.416667 0.688440
vt 0.437500 0.688440
vt 0.458333 0.688440
vt 0.479167 0.688440
vt 0.500000 0.688440
vt 0.520833 0.688440
vt 0.541667 0.688440
vt 0.562500 0.688440
vt 0.583333 0.688440
vt 0.604167 0.688440
vt 0.625000 0.688440
vt 0.500000 0.150000
vn 0.607971 -0.510631 -0.607970
vn 0.607971 -0.510631 -0.607970
vn 0.607971 -0.510631 -0.607970
vn 0.607971 -0.510631 -0.607970
vn 0.222532 -0.510625 -0.830507
vn 0.222532 -0.510625 -0.830507
vn 0.222532 -0.510625 -0.830507
vn 0.222532 -0.510625 -0.830507
vn -0.222534 -0.510626 -0.830506
vn -0.222534 -0.510626 -0.830506
vn -0.222534 -0.510626 -0.830506
vn -0.222534 -0.510626 -0.830506
vn -0.607973 -0.510622 -0.607976
vn -0.607972 -0.510622 -0.607976
vn -0.607972 -0.510622 -0.607976
vn -0.607973 -0.510622 -0.607976
vn -0.830504 -0.510631 -0.222530
vn -0.830504 -0.510631 -0.222530
vn -0.830504 -0.510631 -0.222530
vn -0.830504 -0.510631 -0.222530
vn -0.830509 -0.510622 0.222531
vn -0.830509 -0.510622 0.222531
vn -0.830509 -0.510622 0.222531
vn -0.830509 -0.510622 0.222531
vn -0.607974 -0.510617 0.607978
vn -0.607974 -0.510617 0.607978
vn -0.607974 -0.510617 0.607978
vn -0.607974 -0.510617 0.607978
vn -0.222534 -0.510627 0.830505
vn -0.222534 -0.510627 0.830505
vn -0.222534 -0.510627 0.830505
vn -0.222534 -0.510627 0.830505
vn 0.222533 -0.510623 0.830508
vn 0.222533 -0.510623 0.830508
vn 0.222533 -0.510623 0.830508
vn 0.222533 -0.510623 0.830508
vn 0.607975 -0.510622 0.607974
vn 0.607975 -0.510622 0.607974
vn 0.607975 -0.510622 0.607974
vn 0.607975 -0.510622 0.607974
vn 0.830501 -0.510635 0.222532
vn 0.830501 -0.510635 0.222532
vn 0.830501 -0.510635 0.222532
vn 0.830501 -0.510635 0.222532
vn 0.830503 -0.510632 -0.222532
vn 0.830503 -0.510632 -0.222532
vn 0.830503 -0.510632 -0.222532
vn 0.830503 -0.510632 -0.222532
vn 0.000000 -1.000000 0.000000
vn 0.000000 -1.000000 0.000000
vn 0.000000 -1.000000 0.000000
vn 0.000000 -1.000000 0.000000
vn 0.000000 -1.000000 0.000000
vn 0.000000 -1.000000 0.000000
vn 0.000000 -1.000000 0.000000
vn 0.000000 -1.000000 0.000000
vn 0.000000 -1.000000 0.000000
vn 0.000000 -1.000000 0.000000
vn 0.000000 -1.000000 -0.000000
vn 0.000000 -1.000000 -0.000000
vn 0.000000 -1.000000 0.000000
s off
g Adicionales group16 Silla pCylinder26
usemtl initialShadingGroup
f 1616/2284/3335 1617/2285/3336 1629/2298/3337 1628/2297/3338
f 1617/2285/3339 1618/2286/3340 1630/2299/3341 1629/2298/3342
f 1618/2286/3343 1619/2287/3344 1631/2300/3345 1630/2299/3346
f 1619/2287/3347 1620/2288/3348 1632/2301/3349 1631/2300/3350
f 1620/2288/3351 1621/2289/3352 1633/2302/3353 1632/2301/3354
f 1621/2289/3355 1622/2290/3356 1634/2303/3357 1633/2302/3358
f 1622/2290/3359 1623/2291/3360 1635/2304/3361 1634/2303/3362
f 1623/2291/3363 1624/2292/3364 1636/2305/3365 1635/2304/3366
f 1624/2292/3367 1625/2293/3368 1637/2306/3369 1636/2305/3370
f 1625/2293/3371 1626/2294/3372 1638/2307/3373 1637/2306/3374
f 1626/2294/3375 1627/2295/3376 1639/2308/3377 1638/2307/3378
f 1627/2295/3379 1616/2296/3380 1628/2309/3381 1639/2308/3382
s 1
f 1617/2273/3383 1616/2272/3384 1640/2310/3385
f 1618/2274/3386 1617/2273/3383 1640/2310/3385
f 1619/2275/3387 1618/2274/3386 1640/2310/3385
f 1620/2276/3388 1619/2275/3387 1640/2310/3385
f 1621/2277/3389 1620/2276/3388 1640/2310/3385
f 1622/2278/3390 1621/2277/3389 1640/2310/3385
f 1623/2279/3391 1622/2278/3390 1640/2310/3385
f 1624/2280/3392 1623/2279/3391 1640/2310/3385
f 1625/2281/3393 1624/2280/3392 1640/2310/3385
f 1626/2282/3394 1625/2281/3393 1640/2310/3385
f 1627/2283/3395 1626/2282/3394 1640/2310/3385
f 1616/2272/3384 1627/2283/3395 1640/2310/3385
g default
v -8.304022 0.810568 -0.164153
v -8.456332 0.810568 -0.316463
v -8.664391 0.810568 -0.372212
v -8.872450 0.810568 -0.316463
v -9.024759 0.810568 -0.164153
v -9.080508 0.810568 0.043906
v -9.024759 0.810568 0.251965
v -8.872450 0.810568 0.404274
v -8.664391 0.810568 0.460023
v -8.456332 0.810568 0.404274
v -8.304022 0.810568 0.251965
v -8.248274 0.810568 0.043906
v -8.270152 0.843231 -0.183708
v -8.436778 0.843231 -0.350333
v -8.664391 0.843231 -0.411321
v -8.892004 0.843231 -0.350333
v -9.058629 0.843231 -0.183708
v -9.119618 0.843231 0.043906
v -9.058629 0.843231 0.271519
v -8.892004 0.843231 0.438144
v -8.664391 0.843231 0.499133
v -8.436778 0.843231 0.438144
v -8.270152 0.843231 0.271519
v -8.209164 0.843231 0.043906
v -8.664391 0.810568 0.043906
vt 0.635316 0.078125
vt 0.578125 0.020934
vt 0.500000 0.000000
vt 0.421875 0.020934
vt 0.364684 0.078125
vt 0.343750 0.156250
vt 0.364684 0.234375
vt 0.421875 0.291566
vt 0.500000 0.312500
vt 0.578125 0.291566
vt 0.635316 0.234375
vt 0.656250 0.156250
vt 0.375000 0.312500
vt 0.395833 0.312500
vt 0.416667 0.312500
vt 0.437500 0.312500
vt 0.458333 0.312500
vt 0.479167 0.312500
vt 0.500000 0.312500
vt 0.520833 0.312500
vt 0.541667 0.312500
vt 0.562500 0.312500
vt 0.583333 0.312500
vt 0.604167 0.312500
vt 0.625000 0.312500
vt 0.375000 0.688440
vt 0.395833 0.688440
vt 0.416667 0.688440
vt 0.437500 0.688440
vt 0.458333 0.688440
vt 0.479167 0.688440
vt 0.500000 0.688440
vt 0.520833 0.688440
vt 0.541667 0.688440
vt 0.562500 0.688440
vt 0.583333 0.688440
vt 0.604167 0.688440
vt 0.625000 0.688440
vt 0.500000 0.150000
vn 0.462483 -0.756450 -0.462485
vn 0.462483 -0.756450 -0.462485
vn 0.462483 -0.756450 -0.462485
vn 0.462484 -0.756450 -0.462485
vn 0.169282 -0.756446 -0.631769
vn 0.169282 -0.756446 -0.631769
vn 0.169282 -0.756446 -0.631769
vn 0.169282 -0.756446 -0.631769
vn -0.169281 -0.756449 -0.631766
vn -0.169281 -0.756449 -0.631766
vn -0.169281 -0.756449 -0.631766
vn -0.169281 -0.756449 -0.631766
vn -0.462489 -0.756445 -0.462489
vn -0.462489 -0.756445 -0.462489
vn -0.462489 -0.756445 -0.462489
vn -0.462489 -0.756445 -0.462489
vn -0.631754 -0.756460 -0.169279
vn -0.631754 -0.756460 -0.169279
vn -0.631754 -0.756460 -0.169279
vn -0.631754 -0.756460 -0.169279
vn -0.631767 -0.756449 0.169282
vn -0.631767 -0.756449 0.169282
vn -0.631767 -0.756449 0.169282
vn -0.631767 -0.756449 0.169282
vn -0.462490 -0.756443 0.462490
vn -0.462490 -0.756443 0.462490
vn -0.462490 -0.756443 0.462490
vn -0.462490 -0.756443 0.462490
vn -0.169282 -0.756447 0.631768
vn -0.169282 -0.756447 0.631768
vn -0.169282 -0.756447 0.631768
vn -0.169282 -0.756447 0.631768
vn 0.169282 -0.756445 0.631770
vn 0.169282 -0.756445 0.631771
vn 0.169282 -0.756445 0.631770
vn 0.169282 -0.756445 0.631771
vn 0.462484 -0.756449 0.462485
vn 0.462484 -0.756449 0.462486
vn 0.462484 -0.756449 0.462486
vn 0.462484 -0.756449 0.462485
vn 0.631762 -0.756454 0.169276
vn 0.631762 -0.756454 0.169276
vn 0.631762 -0.756454 0.169276
vn 0.631762 -0.756454 0.169276
vn 0.631767 -0.756449 -0.169278
vn 0.631767 -0.756449 -0.169278
vn 0.631767 -0.756449 -0.169278
vn 0.631767 -0.756449 -0.169278
vn 0.000000 -1.000000 0.000000
vn 0.000000 -1.000000 -0.000000
vn 0.000000 -1.000000 0.000000
vn 0.000000 -1.000000 0.000000
vn 0.000000 -1.000000 0.000000
vn 0.000000 -1.000000 0.000000
vn 0.000000 -1.000000 0.000000
vn 0.000000 -1.000000 0.000000
vn 0.000000 -1.000000 0.000000
vn 0.000000 -1.000000 0.000000
vn 0.000000 -1.000000 0.000000
vn 0.000000 -1.000000 0.000000
vn 0.000000 -1.000000 0.000000
s off
g Adicionales group16 Silla pCylinder25
usemtl initialShadingGroup
f 1641/2323/3396 1642/2324/3397 1654/2337/3398 1653/2336/3399
f 1642/2324/3400 1643/2325/3401 1655/2338/3402 1654/2337/3403
f 1643/2325/3404 1644/2326/3405 1656/2339/3406 1655/2338/3407
f 1644/2326/3408 1645/2327/3409 1657/2340/3410 1656/2339/3411
f 1645/2327/3412 1646/2328/3413 1658/2341/3414 1657/2340/3415
f 1646/2328/3416 1647/2329/3417 1659/2342/3418 1658/2341/3419
f 1647/2329/3420 1648/2330/3421 1660/2343/3422 1659/2342/3423
f 1648/2330/3424 1649/2331/3425 1661/2344/3426 1660/2343/3427
f 1649/2331/3428 1650/2332/3429 1662/2345/3430 1661/2344/3431
f 1650/2332/3432 1651/2333/3433 1663/2346/3434 1662/2345/3435
f 1651/2333/3436 1652/2334/3437 1664/2347/3438 1663/2346/3439
f 1652/2334/3440 1641/2335/3441 1653/2348/3442 1664/2347/3443
s 1
f 1642/2312/3444 1641/2311/3445 1665/2349/3446
f 1643/2313/3447 1642/2312/3444 1665/2349/3446
f 1644/2314/3448 1643/2313/3447 1665/2349/3446
f 1645/2315/3449 1644/2314/3448 1665/2349/3446
f 1646/2316/3450 1645/2315/3449 1665/2349/3446
f 1647/2317/3451 1646/2316/3450 1665/2349/3446
f 1648/2318/3452 1647/2317/3451 1665/2349/3446
f 1649/2319/3453 1648/2318/3452 1665/2349/3446
f 1650/2320/3454 1649/2319/3453 1665/2349/3446
f 1651/2321/3455 1650/2320/3454 1665/2349/3446
f 1652/2322/3456 1651/2321/3455 1665/2349/3446
f 1641/2311/3445 1652/2322/3456 1665/2349/3446
g default
v -8.170792 1.021611 0.529057
v -8.176353 1.044217 0.529057
v -9.032008 1.021611 0.529057
v -9.037570 1.044217 0.529057
v -9.032008 1.021611 -0.429012
v -9.037570 1.044217 -0.429012
v -8.170792 1.021611 -0.429012
v -8.176353 1.044217 -0.429012
v -9.032442 1.075275 0.050023
v -9.032442 1.018981 0.050023
v -8.171226 1.018981 0.050023
v -8.171226 1.075275 0.050023
v -8.601834 1.075275 0.529057
v -8.601834 1.018981 0.529057
v -8.601834 1.018981 -0.429012
v -8.601834 1.075275 -0.429012
v -8.595010 1.116601 0.050023
vt 0.375000 0.000000
vt 0.625000 0.000000
vt 0.375000 0.250000
vt 0.625000 0.250000
vt 0.375000 0.500000
vt 0.625000 0.500000
vt 0.375000 0.750000
vt 0.625000 0.750000
vt 0.375000 1.000000
vt 0.625000 1.000000
vt 0.875000 0.000000
vt 0.875000 0.250000
vt 0.625000 0.375000
vt 0.750000 0.250000
vt 0.375000 0.375000
vt 0.375000 0.875000
vt 0.625000 0.875000
vt 0.750000 0.000000
vt 0.625000 0.125000
vt 0.375000 0.125000
vt 0.375000 0.625000
vt 0.625000 0.625000
vt 0.875000 0.125000
vt 0.750000 0.125000
vn 0.000000 0.000000 1.000000
vn 0.000000 0.000000 1.000000
vn -0.000000 0.000000 1.000000
vn 0.000000 0.000000 1.000000
vn -0.997500 -0.070327 -0.006974
vn -0.997500 -0.070327 -0.006974
vn -0.997524 -0.070329 -0.000000
vn -0.997524 -0.070329 -0.000000
vn -0.000000 0.000000 -1.000000
vn 0.000000 0.000000 -1.000000
vn -0.000000 0.000000 -1.000000
vn -0.000000 0.000000 -1.000000
vn 0.997524 0.070329 0.000000
vn 0.997524 0.070329 0.000000
vn 0.997500 0.070327 0.006973
vn 0.997500 0.070327 0.006973
vn 0.084677 0.993497 0.076117
vn 0.084924 0.996388 0.000000
vn 0.000753 1.000000 0.000000
vn -0.000748 0.997159 0.075328
vn -0.997500 -0.070327 0.006974
vn -0.997500 -0.070327 0.006974
vn 0.997500 0.070327 -0.006973
vn 0.997500 0.070327 -0.006973
vn 0.084677 0.993497 -0.076117
vn -0.000748 0.997159 -0.075328
vn -0.000000 0.000000 1.000000
vn -0.000000 0.000000 1.000000
vn 0.000000 0.000000 -1.000000
vn 0.000000 0.000000 -1.000000
vn -0.082614 0.996582 -0.000000
vn -0.082388 0.993845 -0.074059
vn -0.082387 0.993845 0.074059
s 1
g Adicionales group16 Silla pCube59
usemtl initialShadingGroup
f 1666/2350/3457 1667/2351/3458 1678/2368/3459 1679/2369/3460
s 2
f 1668/2352/3461 1669/2353/3462 1674/2362/3463 1675/2364/3464
s 3
f 1680/2370/3465 1681/2371/3466 1673/2357/3467 1672/2356/3468
s 4
f 1676/2365/3469 1677/2366/3470 1667/2359/3471 1666/2358/3472
s 5
f 1667/2351/3473 1677/2367/3474 1682/2373/3475 1678/2368/3476
s 2
f 1675/2364/3464 1674/2362/3463 1671/2355/3477 1670/2354/3478
s 4
f 1672/2356/3479 1673/2357/3480 1677/2366/3470 1676/2365/3469
s 5
f 1682/2373/3475 1677/2367/3474 1673/2360/3481 1681/2372/3482
s 1
f 1679/2369/3460 1678/2368/3459 1669/2353/3483 1668/2352/3484
s 3
f 1670/2354/3485 1671/2355/3486 1681/2371/3466 1680/2370/3465
s 5
f 1674/2363/3487 1682/2373/3475 1681/2372/3482 1671/2361/3488
f 1678/2368/3476 1682/2373/3475 1674/2363/3487 1669/2353/3489
g default
v -9.033451 0.996844 0.554841
v -9.201973 0.990077 0.554841
v -9.201973 0.990077 -0.468591
v -9.033451 0.996844 -0.468591
v -9.164307 2.366169 0.429399
v -9.304903 2.359401 0.429399
v -9.304903 2.359401 -0.343148
v -9.164307 2.366169 -0.343148
v -9.192246 1.909727 0.497103
v -9.328115 1.902960 0.497103
v -9.328115 1.902960 -0.410853
v -9.192246 1.909727 -0.410853
v -9.120369 1.453285 0.535065
v -9.307484 1.446518 0.535065
v -9.307484 1.446518 -0.448815
v -9.120369 1.453285 -0.448815
v -9.194178 2.790163 -0.242584
v -9.194178 2.790163 0.328834
v -9.315890 2.784305 -0.242584
v -9.315890 2.784305 0.328834
v -9.175290 2.397706 0.328834
v -9.297000 2.391848 0.328834
v -9.297000 2.391848 -0.242584
v -9.175290 2.397706 -0.242584
v -9.038726 1.225064 0.544953
v -9.254729 1.218297 0.544953
v -9.254729 1.218297 -0.458703
v -9.038726 1.225064 -0.458703
v -9.118125 1.681506 0.516084
v -9.317800 1.674739 0.516084
v -9.317800 1.674739 -0.429834
v -9.118125 1.681506 -0.429834
v -9.140093 2.137948 0.463251
v -9.316509 2.131180 0.463251
v -9.316509 2.131180 -0.377001
v -9.140093 2.137948 -0.377001
v -9.236481 2.382189 0.445263
v -9.229918 2.144594 0.480505
v -9.263106 1.907000 0.515748
v -9.219154 1.669406 0.535509
v -9.214953 1.431812 0.555270
v -9.144994 1.194218 0.565564
v -9.114787 0.956624 0.560961
v -9.114787 0.956624 -0.474711
v -9.144994 1.194218 -0.479314
v -9.214953 1.431812 -0.469020
v -9.219154 1.669406 -0.449259
v -9.263106 1.907000 -0.429498
v -9.229918 2.144594 -0.394255
v -9.236481 2.382189 -0.359013
v -9.238083 2.415494 -0.254318
v -9.257748 2.824070 -0.254318
v -9.257748 2.824070 0.340569
v -9.238083 2.415494 0.340568
vt 0.375000 0.000000
vt 0.625000 0.000000
vt 0.375000 0.250000
vt 0.625000 0.250000
vt 0.375000 0.500000
vt 0.625000 0.500000
vt 0.375000 0.750000
vt 0.625000 0.750000
vt 0.375000 1.000000
vt 0.625000 1.000000
vt 0.875000 0.000000
vt 0.875000 0.250000
vt 0.562500 0.000000
vt 0.562500 1.000000
vt 0.562500 0.250000
vt 0.562500 0.500000
vt 0.562500 0.750000
vt 0.500000 0.000000
vt 0.500000 1.000000
vt 0.500000 0.250000
vt 0.500000 0.500000
vt 0.500000 0.750000
vt 0.437500 0.000000
vt 0.437500 1.000000
vt 0.437500 0.250000
vt 0.437500 0.500000
vt 0.437500 0.750000
vt 0.562500 0.250000
vt 0.562500 0.000000
vt 0.562500 0.500000
vt 0.562500 0.750000
vt 0.562500 1.000000
vt 0.406250 0.000000
vt 0.406250 1.000000
vt 0.406250 0.250000
vt 0.406250 0.500000
vt 0.406250 0.750000
vt 0.468750 0.000000
vt 0.468750 1.000000
vt 0.468750 0.250000
vt 0.468750 0.500000
vt 0.468750 0.750000
vt 0.531250 0.000000
vt 0.531250 1.000000
vt 0.531250 0.250000
vt 0.531250 0.500000
vt 0.531250 0.750000
vt 0.562500 0.125000
vt 0.531250 0.125000
vt 0.500000 0.125000
vt 0.468750 0.125000
vt 0.437500 0.125000
vt 0.406250 0.125000
vt 0.375000 0.125000
vt 0.375000 0.625000
vt 0.406250 0.625000
vt 0.437500 0.625000
vt 0.468750 0.625000
vt 0.500000 0.625000
vt 0.531250 0.625000
vt 0.562500 0.625000
vt 0.562500 0.625000
vt 0.625000 0.625000
vt 0.875000 0.125000
vt 0.625000 0.125000
vt 0.562500 0.125000
vn 0.133085 0.021379 0.990874
vn 0.156189 0.065608 0.985546
vn 0.010946 0.028085 0.999546
vn 0.009003 0.005519 0.999944
vn -0.974308 -0.225221 0.000000
vn -0.974308 -0.225221 0.000000
vn -0.974308 -0.225221 0.000000
vn -0.974308 -0.225221 0.000000
vn 0.009003 0.005519 -0.999944
vn 0.010946 0.028085 -0.999546
vn 0.156189 0.065609 -0.985546
vn 0.133084 0.021379 -0.990874
vn 0.999733 0.023106 0.000000
vn 0.983436 0.181253 0.000000
vn 0.983436 0.181253 0.000000
vn 0.999733 0.023106 0.000000
vn 0.470616 0.882338 0.000000
vn 0.470616 0.882338 0.000000
vn -0.047298 0.998881 0.000000
vn -0.047298 0.998881 0.000000
vn 0.186138 0.008959 0.982483
vn 0.186138 0.008959 0.982483
vn 0.001216 0.000058 0.999999
vn -0.000455 -0.000022 1.000000
vn -0.998844 -0.048077 0.000000
vn -0.998844 -0.048077 0.000000
vn -0.998844 -0.048077 0.000000
vn -0.998844 -0.048077 0.000000
vn 0.186138 0.008959 -0.982483
vn -0.000455 -0.000022 -1.000000
vn 0.001216 0.000058 -0.999999
vn 0.186138 0.008959 -0.982483
vn 0.998844 0.048074 0.000000
vn 0.998844 0.048074 0.000000
vn 0.998844 0.048074 0.000000
vn 0.998844 0.048074 0.000000
vn 0.211156 0.118437 0.970250
vn 0.219159 0.130845 0.966876
vn 0.005785 0.145171 0.989390
vn -0.027329 0.116314 0.992836
vn -0.999998 -0.002162 0.000000
vn -0.999998 -0.002162 0.000000
vn -0.998709 0.050788 0.000000
vn -0.998709 0.050788 0.000000
vn 0.211155 0.118437 -0.970251
vn -0.027329 0.116314 -0.992836
vn 0.005784 0.145170 -0.989390
vn 0.219160 0.130844 -0.966876
vn 0.997110 0.075976 0.000000
vn 0.997110 0.075976 0.000000
vn 0.996546 -0.083042 0.000000
vn 0.996546 -0.083042 0.000000
vn 0.178766 0.090681 0.979704
vn 0.193366 0.105751 0.975411
vn 0.007447 0.089401 0.995968
vn -0.018374 0.057595 0.998171
vn -0.989888 -0.141849 0.000000
vn -0.989888 -0.141849 0.000000
vn -0.998980 -0.045155 0.000000
vn -0.998980 -0.045155 0.000000
vn 0.178766 0.090681 -0.979704
vn -0.018374 0.057595 -0.998171
vn 0.007447 0.089401 -0.995968
vn 0.193365 0.105750 -0.975411
vn 0.983492 0.180955 0.000000
vn 0.983492 0.180955 0.000000
vn 0.989578 0.143998 0.000000
vn 0.989578 0.143998 0.000000
vn -0.046246 0.956325 0.288625
vn -0.045675 0.956352 0.288625
vn 0.285874 0.918650 0.272686
vn 0.285874 0.918650 0.272686
vn -0.971598 0.236637 0.000000
vn -0.971598 0.236637 0.000000
vn -0.971598 0.236637 0.000000
vn -0.971598 0.236637 0.000000
vn 0.285870 0.918653 -0.272681
vn -0.045675 0.956353 -0.288623
vn -0.046246 0.956325 -0.288623
vn 0.285870 0.918653 -0.272681
vn 0.944375 0.328869 0.000000
vn 0.944375 0.328869 0.000000
vn 0.944375 0.328869 0.000000
vn 0.944375 0.328869 0.000000
vn 0.218885 0.157303 0.962988
vn -0.002379 0.155489 0.987835
vn -0.998709 0.050792 0.000000
vn -0.998709 0.050792 0.000000
vn -0.002379 0.155489 -0.987835
vn 0.218886 0.157302 -0.962987
vn 0.994419 0.105502 0.000000
vn 0.994419 0.105502 0.000000
vn -0.239000 0.145004 0.960132
vn -0.242432 0.156116 0.957525
vn -0.235391 0.107120 0.965980
vn -0.210340 0.064955 0.975468
vn -0.196938 0.041099 0.979554
vn -0.178281 -0.011292 0.983915
vn -0.138339 -0.013403 0.990294
vn -0.138339 -0.013404 -0.990294
vn -0.178281 -0.011292 -0.983915
vn -0.196938 0.041099 -0.979554
vn -0.210339 0.064956 -0.975468
vn -0.235390 0.107120 -0.965980
vn -0.242433 0.156116 -0.957525
vn -0.239001 0.145004 -0.960131
vn -0.381099 0.883796 -0.271417
vn -0.381099 0.883796 -0.271417
vn -0.191758 -0.009230 -0.981399
vn -0.191758 -0.009230 -0.981399
vn -0.564530 0.825413 0.000000
vn -0.564530 0.825413 0.000000
vn -0.191759 -0.009230 0.981399
vn -0.191759 -0.009230 0.981399
vn -0.381097 0.883797 0.271416
vn -0.381097 0.883797 0.271416
s 1
g Adicionales group16 Silla pCube57
usemtl initialShadingGroup
f 1683/2374/3490 1707/2406/3491 1724/2426/3492 1725/2427/3493
s 2
f 1684/2376/3494 1708/2408/3495 1709/2409/3496 1685/2378/3497
s 3
f 1726/2428/3498 1727/2429/3499 1710/2410/3500 1686/2380/3501
s 4
f 1686/2380/3502 1710/2410/3503 1707/2407/3504 1683/2382/3505
s 5
f 1700/2375/3506 1699/2384/3507 1734/2437/3508 1735/2438/3509
s 6
f 1703/2402/3510 1700/2375/3511 1735/2438/3512 1736/2439/3513
s off
f 1705/2403/3514 1704/2401/3515 1702/2377/3516 1701/2379/3517
s 7
f 1706/2404/3518 1733/2435/3519 1734/2436/3520 1699/2381/3521
s off
f 1703/2405/3522 1706/2404/3523 1699/2381/3524 1700/2383/3525
s 1
f 1691/2391/3526 1715/2416/3527 1720/2422/3528 1721/2423/3529
s 2
f 1693/2394/3530 1692/2393/3531 1716/2418/3532 1717/2419/3533
s 3
f 1694/2395/3534 1730/2432/3535 1731/2433/3536 1718/2420/3537
s 4
f 1691/2392/3538 1694/2395/3539 1718/2420/3540 1715/2417/3541
s 1
f 1695/2396/3542 1711/2411/3543 1722/2424/3544 1723/2425/3545
s 2
f 1697/2399/3546 1696/2398/3547 1712/2413/3548 1713/2414/3549
s 3
f 1698/2400/3550 1728/2430/3551 1729/2431/3552 1714/2415/3553
s 4
f 1695/2397/3554 1698/2400/3555 1714/2415/3556 1711/2412/3557
s 12
f 1736/2439/3558 1719/2421/3559 1687/2386/3560 1703/2402/3561
s off
f 1689/2389/3562 1688/2388/3563 1704/2401/3564 1705/2403/3565
s 13
f 1690/2390/3566 1732/2434/3567 1733/2435/3568 1706/2404/3569
s off
f 1687/2387/3570 1690/2390/3571 1706/2404/3572 1703/2405/3573
s 1
f 1707/2406/3491 1695/2396/3542 1723/2425/3545 1724/2426/3492
s 2
f 1709/2409/3496 1708/2408/3495 1696/2398/3547 1697/2399/3546
s 3
f 1710/2410/3500 1727/2429/3499 1728/2430/3551 1698/2400/3550
s 4
f 1707/2407/3504 1710/2410/3503 1698/2400/3555 1695/2397/3554
s 1
f 1711/2411/3543 1691/2391/3526 1721/2423/3529 1722/2424/3544
s 2
f 1713/2414/3549 1712/2413/3548 1692/2393/3531 1693/2394/3530
s 3
f 1714/2415/3553 1729/2431/3552 1730/2432/3535 1694/2395/3534
s 4
f 1711/2412/3557 1714/2415/3556 1694/2395/3539 1691/2392/3538
s 1
f 1715/2416/3527 1687/2386/3574 1719/2421/3575 1720/2422/3528
s 2
f 1717/2419/3533 1716/2418/3532 1688/2388/3576 1689/2389/3577
s 3
f 1718/2420/3537 1731/2433/3536 1732/2434/3578 1690/2390/3579
s 4
f 1715/2417/3541 1718/2420/3540 1690/2390/3580 1687/2387/3581
s 1
f 1720/2422/3528 1719/2421/3575 1688/2388/3582 1716/2418/3583
f 1721/2423/3529 1720/2422/3528 1716/2418/3583 1692/2393/3584
f 1722/2424/3544 1721/2423/3529 1692/2393/3584 1712/2413/3585
f 1723/2425/3545 1722/2424/3544 1712/2413/3585 1696/2398/3586
f 1724/2426/3492 1723/2425/3545 1696/2398/3586 1708/2408/3587
f 1725/2427/3493 1724/2426/3492 1708/2408/3587 1684/2376/3588
s 3
f 1685/2378/3589 1709/2409/3590 1727/2429/3499 1726/2428/3498
f 1728/2430/3551 1727/2429/3499 1709/2409/3590 1697/2399/3591
f 1729/2431/3552 1728/2430/3551 1697/2399/3591 1713/2414/3592
f 1730/2432/3535 1729/2431/3552 1713/2414/3592 1693/2394/3593
f 1731/2433/3536 1730/2432/3535 1693/2394/3593 1717/2419/3594
f 1732/2434/3578 1731/2433/3536 1717/2419/3594 1689/2389/3595
s 13
f 1733/2435/3568 1732/2434/3567 1689/2389/3596 1705/2403/3597
s 7
f 1734/2436/3520 1733/2435/3519 1705/2403/3598 1701/2379/3599
s 5
f 1735/2438/3509 1734/2437/3508 1701/2385/3600 1702/2377/3601
s 6
f 1736/2439/3513 1735/2438/3512 1702/2377/3602 1704/2401/3603
s 12
f 1688/2388/3604 1719/2421/3559 1736/2439/3558 1704/2401/3605
g default
v -9.177143 2.409589 0.313601
v -9.156439 2.413992 0.313601
v -9.195216 2.781148 0.313601
v -9.174513 2.785552 0.313601
v -9.195216 2.781148 -0.237516
v -9.174513 2.785552 -0.237516
v -9.177143 2.409589 -0.237516
v -9.156439 2.413992 -0.237516
v -9.145800 2.786092 0.038042
v -9.197648 2.781102 0.038042
v -9.179574 2.409543 0.038042
v -9.127727 2.414533 0.038042
v -9.136763 2.600313 0.313601
v -9.188609 2.595322 0.313601
v -9.188609 2.595322 -0.237516
v -9.136763 2.600313 -0.237516
v -9.098558 2.601032 0.038042
vt 0.375000 0.000000
vt 0.625000 0.000000
vt 0.375000 0.250000
vt 0.625000 0.250000
vt 0.375000 0.500000
vt 0.625000 0.500000
vt 0.375000 0.750000
vt 0.625000 0.750000
vt 0.375000 1.000000
vt 0.625000 1.000000
vt 0.875000 0.000000
vt 0.875000 0.250000
vt 0.625000 0.375000
vt 0.750000 0.250000
vt 0.375000 0.375000
vt 0.375000 0.875000
vt 0.625000 0.875000
vt 0.750000 0.000000
vt 0.625000 0.125000
vt 0.375000 0.125000
vt 0.375000 0.625000
vt 0.625000 0.625000
vt 0.875000 0.125000
vt 0.750000 0.125000
vn 0.000000 0.000000 1.000000
vn 0.000000 0.000000 1.000000
vn -0.000000 0.000000 1.000000
vn -0.000000 0.000000 1.000000
vn -0.128407 0.991708 -0.005235
vn -0.128407 0.991708 -0.005235
vn -0.128409 0.991721 0.000000
vn -0.128409 0.991721 0.000000
vn 0.000000 0.000000 -1.000000
vn 0.000000 0.000000 -1.000000
vn 0.000000 0.000000 -1.000000
vn 0.000000 0.000000 -1.000000
vn 0.128397 -0.991723 0.000000
vn 0.128397 -0.991723 0.000000
vn 0.128396 -0.991709 0.005233
vn 0.128396 -0.991709 0.005233
vn 0.984453 -0.128972 0.119240
vn 0.991527 -0.129899 -0.000000
vn 0.998841 0.048138 -0.000000
vn 0.991519 0.048674 0.120504
vn -0.128407 0.991708 0.005235
vn -0.128407 0.991708 0.005235
vn 0.128396 -0.991709 -0.005233
vn 0.128396 -0.991709 -0.005233
vn 0.984453 -0.128972 -0.119240
vn 0.991519 0.048674 -0.120504
vn -0.000001 0.000000 1.000000
vn -0.000001 0.000000 1.000000
vn 0.000000 0.000000 -1.000000
vn 0.000000 0.000000 -1.000000
vn 0.974658 0.223702 0.000000
vn 0.967845 0.222138 -0.118026
vn 0.967845 0.222138 0.118026
s 1
g Adicionales group16 Silla pCube58
usemtl initialShadingGroup
f 1737/2440/3606 1738/2441/3607 1749/2458/3608 1750/2459/3609
s 2
f 1739/2442/3610 1740/2443/3611 1745/2452/3612 1746/2454/3613
s 3
f 1751/2460/3614 1752/2461/3615 1744/2447/3616 1743/2446/3617
s 4
f 1747/2455/3618 1748/2456/3619 1738/2449/3620 1737/2448/3621
s 5
f 1738/2441/3622 1748/2457/3623 1753/2463/3624 1749/2458/3625
s 2
f 1746/2454/3613 1745/2452/3612 1742/2445/3626 1741/2444/3627
s 4
f 1743/2446/3628 1744/2447/3629 1748/2456/3619 1747/2455/3618
s 5
f 1753/2463/3624 1748/2457/3623 1744/2450/3630 1752/2462/3631
s 1
f 1750/2459/3609 1749/2458/3608 1740/2443/3632 1739/2442/3633
s 3
f 1741/2444/3634 1742/2445/3635 1752/2461/3615 1751/2460/3614
s 5
f 1745/2453/3636 1753/2463/3624 1752/2462/3631 1742/2451/3637
f 1749/2458/3625 1753/2463/3624 1745/2453/3636 1740/2443/3638
g default
v -9.169698 0.827122 0.550751
v -8.160896 0.827122 0.550751
v -9.197905 1.026424 0.550751
v -8.160896 1.026424 0.550751
v -9.197905 1.026424 -0.458051
v -8.160896 1.026424 -0.458051
v -9.169698 0.827122 -0.458051
v -8.160896 0.827122 -0.458051
v -8.125974 0.921135 0.585192
v -9.218723 0.921135 0.585192
v -9.218723 0.921135 -0.492491
v -8.125974 0.921135 -0.492491
vt 0.375000 0.000000
vt 0.625000 0.000000
vt 0.375000 0.250000
vt 0.625000 0.250000
vt 0.375000 0.500000
vt 0.625000 0.500000
vt 0.375000 0.750000
vt 0.625000 0.750000
vt 0.375000 1.000000
vt 0.625000 1.000000
vt 0.875000 0.000000
vt 0.875000 0.250000
vt 0.125000 0.000000
vt 0.125000 0.250000
vt 0.625000 0.125000
vt 0.375000 0.125000
vt 0.125000 0.125000
vt 0.375000 0.625000
vt 0.625000 0.625000
vt 0.875000 0.125000
vn 0.000000 -0.343982 0.938976
vn 0.000000 -0.343982 0.938976
vn 0.000000 0.006473 0.999979
vn 0.000000 0.039251 0.999229
vn 0.000000 1.000000 0.000000
vn 0.000000 1.000000 0.000000
vn 0.000000 1.000000 0.000000
vn 0.000000 1.000000 0.000000
vn 0.000000 0.039251 -0.999229
vn 0.000000 0.006473 -0.999979
vn 0.000000 -0.343984 -0.938976
vn 0.000000 -0.343984 -0.938976
vn 0.000000 -1.000000 0.000000
vn 0.000000 -1.000000 0.000000
vn 0.000000 -1.000000 0.000000
vn 0.000000 -1.000000 0.000000
vn 0.937416 -0.348212 0.000000
vn 0.937416 -0.348213 0.000000
vn 0.999991 0.004152 0.000000
vn 0.999991 0.004152 0.000000
vn -0.886679 -0.462385 0.000000
vn -0.886679 -0.462385 0.000000
vn -0.990202 -0.139639 0.000000
vn -0.990202 -0.139639 0.000000
vn 0.000000 0.310894 0.950445
vn 0.000000 0.310894 0.950445
vn -0.981006 0.193976 0.000000
vn -0.981006 0.193976 0.000000
vn 0.000000 0.310895 -0.950444
vn 0.000000 0.310895 -0.950444
vn 0.949154 0.314813 0.000000
vn 0.949154 0.314813 0.000000
s 1
g Adicionales group16 Silla pCube56
usemtl initialShadingGroup
f 1754/2464/3639 1755/2465/3640 1762/2478/3641 1763/2479/3642
s off
f 1756/2466/3643 1757/2467/3644 1759/2469/3645 1758/2468/3646
s 2
f 1764/2481/3647 1765/2482/3648 1761/2471/3649 1760/2470/3650
s off
f 1760/2470/3651 1761/2471/3652 1755/2473/3653 1754/2472/3654
s 3
f 1755/2465/3655 1761/2474/3656 1765/2483/3657 1762/2478/3658
s 4
f 1760/2476/3659 1754/2464/3660 1763/2479/3661 1764/2480/3662
s 1
f 1763/2479/3642 1762/2478/3641 1757/2467/3663 1756/2466/3664
s 4
f 1764/2480/3662 1763/2479/3661 1756/2466/3665 1758/2477/3666
s 2
f 1758/2468/3667 1759/2469/3668 1765/2482/3648 1764/2481/3647
s 3
f 1762/2478/3658 1765/2483/3657 1759/2475/3669 1757/2467/3670
g default
v 9.433910 0.169521 1.329802
v 9.511651 0.169521 1.329802
v 9.433910 4.419265 1.329802
v 9.511651 4.419265 1.329802
v 9.433910 4.419265 1.296976
v 9.511651 4.419265 1.296976
v 9.433910 0.169521 1.296976
v 9.511651 0.169521 1.296976
vt 0.375000 0.000000
vt 0.625000 0.000000
vt 0.375000 0.250000
vt 0.625000 0.250000
vt 0.375000 0.500000
vt 0.625000 0.500000
vt 0.375000 0.750000
vt 0.625000 0.750000
vt 0.875000 0.000000
vt 0.875000 0.250000
vt 0.125000 0.000000
vt 0.125000 0.250000
vn 0.000000 0.000000 -1.000000
vn 0.000000 0.000000 -1.000000
vn 0.000000 0.000000 -1.000000
vn 0.000000 0.000000 -1.000000
vn 1.000000 0.000000 0.000000
vn 1.000000 0.000000 0.000000
vn 1.000000 0.000000 0.000000
vn 1.000000 0.000000 0.000000
vn -1.000000 0.000000 0.000000
vn -1.000000 0.000000 0.000000
vn -1.000000 0.000000 0.000000
vn -1.000000 0.000000 0.000000
s off
g Adicionales group16 pCube54 Puerta
usemtl initialShadingGroup
f 1770/2488/3671 1771/2489/3672 1773/2491/3673 1772/2490/3674
f 1767/2485/3675 1773/2492/3676 1771/2493/3677 1769/2487/3678
f 1772/2494/3679 1766/2484/3680 1768/2486/3681 1770/2495/3682
g default
v 9.305132 0.182614 4.128176
v 9.363029 0.182614 4.128176
v 9.305132 4.432358 4.128176
v 9.363029 4.432358 4.128176
v 9.305132 4.432358 0.684423
v 9.363029 4.432358 0.684423
v 9.305132 0.182614 0.684423
v 9.363029 0.182614 0.684423
vt 0.375000 0.000000
vt 0.625000 0.000000
vt 0.375000 0.250000
vt 0.625000 0.250000
vt 0.375000 0.500000
vt 0.625000 0.500000
vt 0.375000 0.750000
vt 0.625000 0.750000
vt 0.875000 0.000000
vt 0.875000 0.250000
vt 0.125000 0.000000
vt 0.125000 0.250000
vn 0.000000 0.000000 -1.000000
vn 0.000000 0.000000 -1.000000
vn 0.000000 0.000000 -1.000000
vn 0.000000 0.000000 -1.000000
vn 1.000000 0.000000 0.000000
vn 1.000000 0.000000 0.000000
vn 1.000000 0.000000 0.000000
vn 1.000000 0.000000 0.000000
vn -1.000000 0.000000 0.000000
vn -1.000000 0.000000 0.000000
vn -1.000000 0.000000 0.000000
vn -1.000000 0.000000 0.000000
s off
g Adicionales group16 Puerta pCube53
usemtl initialShadingGroup
f 1778/2500/3683 1779/2501/3684 1781/2503/3685 1780/2502/3686
f 1775/2497/3687 1781/2504/3688 1779/2505/3689 1777/2499/3690
f 1780/2506/3691 1774/2496/3692 1776/2498/3693 1778/2507/3694
g default
v 9.222365 0.182614 3.072363
v 9.257993 0.182614 3.072363
v 9.222365 4.432358 3.072363
v 9.257993 4.432358 3.072363
v 9.222365 4.432358 1.323746
v 9.257993 4.432358 1.323746
v 9.222365 0.182614 1.323746
v 9.257993 0.182614 1.323746
vt 0.375000 0.000000
vt 0.625000 0.000000
vt 0.375000 0.250000
vt 0.625000 0.250000
vt 0.375000 0.500000
vt 0.625000 0.500000
vt 0.375000 0.750000
vt 0.625000 0.750000
vt 0.875000 0.000000
vt 0.875000 0.250000
vt 0.125000 0.000000
vt 0.125000 0.250000
vn 0.000000 0.000000 -1.000000
vn 0.000000 0.000000 -1.000000
vn 0.000000 0.000000 -1.000000
vn 0.000000 0.000000 -1.000000
vn 1.000000 0.000000 0.000000
vn 1.000000 0.000000 0.000000
vn 1.000000 0.000000 0.000000
vn 1.000000 0.000000 0.000000
vn -1.000000 0.000000 0.000000
vn -1.000000 0.000000 0.000000
vn -1.000000 0.000000 0.000000
vn -1.000000 0.000000 0.000000
s off
g Adicionales group16 Puerta pCube52
usemtl initialShadingGroup
f 1786/2512/3695 1787/2513/3696 1789/2515/3697 1788/2514/3698
f 1783/2509/3699 1789/2516/3700 1787/2517/3701 1785/2511/3702
f 1788/2518/3703 1782/2508/3704 1784/2510/3705 1786/2519/3706
g default
v 9.451664 0.182614 3.072363
v 9.487291 0.182614 3.072363
v 9.451664 4.432358 3.072363
v 9.487291 4.432358 3.072363
v 9.451664 4.432358 1.323746
v 9.487291 4.432358 1.323746
v 9.451664 0.182614 1.323746
v 9.487291 0.182614 1.323746
vt 0.375000 0.000000
vt 0.625000 0.000000
vt 0.375000 0.250000
vt 0.625000 0.250000
vt 0.875000 0.000000
vt 0.875000 0.250000
vt 0.125000 0.000000
vt 0.125000 0.250000
vn 1.000000 0.000000 0.000000
vn 1.000000 0.000000 0.000000
vn 1.000000 0.000000 0.000000
vn 1.000000 0.000000 0.000000
vn -1.000000 0.000000 0.000000
vn -1.000000 0.000000 0.000000
vn -1.000000 0.000000 0.000000
vn -1.000000 0.000000 0.000000
s off
g Adicionales group16 Puerta pCube51
usemtl initialShadingGroup
f 1791/2521/3707 1797/2524/3708 1795/2525/3709 1793/2523/3710
f 1796/2526/3711 1790/2520/3712 1792/2522/3713 1794/2527/3714
g default
v -3.501845 0.541836 -2.908563
v -2.486352 0.541836 -2.908563
v -3.501845 0.589552 -2.908563
v -2.486352 0.589552 -2.908563
v -3.501845 0.589552 -4.264774
v -2.486352 0.589552 -4.264774
v -3.501845 0.541836 -4.264774
v -2.486352 0.541836 -4.264774
v -3.449145 0.589552 -2.908563
v -3.449145 0.589552 -4.264774
v -3.449145 0.541836 -4.264774
v -3.449145 0.541836 -2.908563
v -3.501845 1.086904 -2.908563
v -3.449145 1.086904 -2.908563
v -3.449145 1.086904 -4.264774
v -3.501845 1.086904 -4.264774
v -3.449145 1.040108 -2.908563
v -3.501845 1.040108 -2.908563
v -3.501845 1.040108 -4.264774
v -3.449145 1.040108 -4.264774
v -2.675981 1.040108 -4.264774
v -2.675981 1.040108 -2.908563
v -2.675981 1.086904 -4.264774
v -2.675981 1.086904 -2.908563
vt 0.375000 0.000000
vt 0.625000 0.000000
vt 0.375000 0.250000
vt 0.625000 0.250000
vt 0.375000 0.500000
vt 0.625000 0.500000
vt 0.375000 0.750000
vt 0.625000 0.750000
vt 0.125000 0.000000
vt 0.125000 0.250000
vt 0.500000 0.250000
vt 0.500000 0.500000
vt 0.500000 0.750000
vt 0.500000 0.000000
vt 0.375000 0.250000
vt 0.500000 0.250000
vt 0.500000 0.500000
vt 0.375000 0.500000
vt 0.500000 0.250000
vt 0.375000 0.250000
vt 0.375000 0.500000
vt 0.500000 0.500000
vt 0.500000 0.250000
vt 0.500000 0.500000
vt 0.500000 0.500000
vt 0.500000 0.250000
vn 0.000000 0.000000 1.000000
vn 0.000000 0.000000 1.000000
vn 0.000000 0.000000 1.000000
vn 0.000000 0.000000 1.000000
vn 0.000000 1.000000 0.000000
vn 0.000000 1.000000 0.000000
vn 0.000000 1.000000 0.000000
vn 0.000000 1.000000 0.000000
vn 0.000000 0.000000 -1.000000
vn 0.000000 0.000000 -1.000000
vn 0.000000 0.000000 -1.000000
vn 0.000000 0.000000 -1.000000
vn -1.000000 0.000000 0.000000
vn -1.000000 0.000000 0.000000
vn -1.000000 0.000000 0.000000
vn -1.000000 0.000000 0.000000
vn 0.000000 1.000000 0.000000
vn 0.000000 1.000000 0.000000
vn 0.000000 1.000000 0.000000
vn 0.000000 1.000000 0.000000
vn 0.000000 0.000000 -1.000000
vn 0.000000 0.000000 -1.000000
vn 0.000000 0.000000 1.000000
vn 0.000000 0.000000 1.000000
vn 0.000000 0.000000 1.000000
vn 0.000000 0.000000 1.000000
vn 0.000000 0.000000 1.000000
vn 0.000000 0.000000 1.000000
vn 1.000000 0.000000 0.000000
vn 1.000000 0.000000 0.000000
vn 1.000000 0.000000 0.000000
vn 1.000000 0.000000 0.000000
vn 0.000000 0.000000 -1.000000
vn 0.000000 0.000000 -1.000000
vn 0.000000 0.000000 -1.000000
vn 0.000000 0.000000 -1.000000
vn -1.000000 0.000000 0.000000
vn -1.000000 0.000000 0.000000
vn -1.000000 0.000000 0.000000
vn -1.000000 0.000000 0.000000
vn 0.000000 0.000000 1.000000
vn 0.000000 0.000000 1.000000
vn -1.000000 0.000000 0.000000
vn -1.000000 0.000000 0.000000
vn 0.000000 0.000000 -1.000000
vn 0.000000 0.000000 -1.000000
vn 1.000000 0.000000 0.000000
vn 1.000000 0.000000 0.000000
vn 1.000000 0.000000 0.000000
vn 1.000000 0.000000 0.000000
vn 0.000000 -1.000000 0.000000
vn 0.000000 -1.000000 0.000000
vn 0.000000 -1.000000 0.000000
vn 0.000000 -1.000000 0.000000
vn 0.000000 0.000000 -1.000000
vn 0.000000 0.000000 -1.000000
vn 0.000000 0.000000 -1.000000
vn 0.000000 0.000000 -1.000000
vn 0.000000 1.000000 0.000000
vn 0.000000 1.000000 0.000000
vn 0.000000 1.000000 0.000000
vn 0.000000 1.000000 0.000000
vn 0.000000 0.000000 1.000000
vn 0.000000 0.000000 1.000000
vn 0.000000 0.000000 1.000000
vn 0.000000 0.000000 1.000000
s 1
g Adicionales group16 pCube78 Sillon
usemtl initialShadingGroup
f 1798/2528/3715 1809/2541/3716 1806/2538/3717 1800/2530/3718
s off
f 1810/2542/3719 1811/2543/3720 1812/2544/3721 1813/2545/3722
s 2
f 1802/2532/3723 1807/2539/3724 1808/2540/3725 1804/2534/3726
s off
f 1804/2536/3727 1798/2528/3728 1800/2530/3729 1802/2537/3730
f 1806/2538/3731 1801/2531/3732 1803/2533/3733 1807/2539/3734
s 2
f 1808/2540/3725 1807/2539/3724 1803/2533/3735 1805/2535/3736
s 1
f 1806/2538/3717 1809/2541/3716 1799/2529/3737 1801/2531/3738
s 3
f 1800/2530/3739 1806/2538/3740 1814/2546/3741 1815/2547/3742
s off
f 1806/2538/3743 1807/2539/3744 1817/2549/3745 1814/2546/3746
s 4
f 1807/2539/3747 1802/2532/3748 1816/2548/3749 1817/2549/3750
s 5
f 1802/2532/3751 1800/2530/3752 1815/2547/3753 1816/2548/3754
s 3
f 1815/2547/3742 1814/2546/3741 1811/2543/3755 1810/2542/3756
s 5
f 1816/2548/3754 1815/2547/3753 1810/2542/3757 1813/2545/3758
s 4
f 1817/2549/3750 1816/2548/3749 1813/2545/3759 1812/2544/3760
s off
f 1819/2550/3761 1818/2551/3762 1820/2552/3763 1821/2553/3764
f 1814/2546/3765 1817/2549/3766 1818/2551/3767 1819/2550/3768
f 1817/2549/3769 1812/2544/3770 1820/2552/3771 1818/2551/3772
f 1812/2544/3773 1811/2543/3774 1821/2553/3775 1820/2552/3776
f 1811/2543/3777 1814/2546/3778 1819/2550/3779 1821/2553/3780
g default
v -2.559879 1.013525 -4.119705
v -1.195593 1.013525 -4.119705
v -2.559879 2.055301 -4.231999
v -1.195593 2.055301 -4.231999
v -2.559879 2.039037 -4.477468
v -1.195593 2.039037 -4.477468
v -2.559879 0.997261 -4.414485
v -1.195593 0.997261 -4.414485
v -2.653919 2.114351 -4.423827
v -2.653919 0.977924 -4.352161
v -1.101554 0.977924 -4.352161
v -1.101554 2.114351 -4.423827
v -2.676100 2.135916 -4.348326
v -2.676100 0.981027 -4.274611
v -1.079373 0.981027 -4.274611
v -1.079373 2.135916 -4.348326
v -2.653919 2.123604 -4.270776
v -2.653919 0.991520 -4.199110
v -1.101554 0.991520 -4.199110
v -1.101554 2.123604 -4.270776
v -2.559879 1.534413 -4.143203
v -2.653919 1.530907 -4.234943
v -2.676100 1.526281 -4.311468
v -2.653919 1.521654 -4.387994
v -2.559879 1.518149 -4.445976
v -1.195593 1.518149 -4.445976
v -1.101554 1.521654 -4.387994
v -1.079373 1.526281 -4.311468
v -1.101554 1.530907 -4.234943
v -1.195593 1.534413 -4.143203
v -1.877736 2.055301 -4.186702
v -1.877736 2.123604 -4.270776
v -1.877736 2.135916 -4.348326
v -1.877736 2.114351 -4.423827
v -1.877736 2.039037 -4.477468
v -1.877736 1.518149 -4.445976
v -1.877736 0.997261 -4.414485
v -1.877736 0.946419 -4.352161
v -1.877736 0.945039 -4.274611
v -1.877736 0.963187 -4.199109
v -1.877736 1.013525 -4.074407
v -1.877736 1.534413 -4.070850
vt 0.375000 0.000000
vt 0.625000 0.000000
vt 0.375000 0.250000
vt 0.625000 0.250000
vt 0.375000 0.500000
vt 0.625000 0.500000
vt 0.375000 0.750000
vt 0.625000 0.750000
vt 0.375000 1.000000
vt 0.625000 1.000000
vt 0.875000 0.000000
vt 0.875000 0.250000
vt 0.125000 0.000000
vt 0.125000 0.250000
vt 0.187500 0.250000
vt 0.375000 0.437500
vt 0.187500 0.000000
vt 0.375000 0.812500
vt 0.625000 0.812500
vt 0.812500 0.000000
vt 0.625000 0.437500
vt 0.812500 0.250000
vt 0.250000 0.250000
vt 0.375000 0.375000
vt 0.250000 0.000000
vt 0.375000 0.875000
vt 0.625000 0.875000
vt 0.750000 0.000000
vt 0.625000 0.375000
vt 0.750000 0.250000
vt 0.312500 0.250000
vt 0.375000 0.312500
vt 0.312500 0.000000
vt 0.375000 0.937500
vt 0.625000 0.937500
vt 0.687500 0.000000
vt 0.625000 0.312500
vt 0.687500 0.250000
vt 0.375000 0.125000
vt 0.312500 0.125000
vt 0.250000 0.125000
vt 0.187500 0.125000
vt 0.125000 0.125000
vt 0.375000 0.625000
vt 0.625000 0.625000
vt 0.875000 0.125000
vt 0.812500 0.125000
vt 0.750000 0.125000
vt 0.687500 0.125000
vt 0.625000 0.125000
vt 0.500000 0.250000
vt 0.500000 0.312500
vt 0.500000 0.375000
vt 0.500000 0.437500
vt 0.500000 0.500000
vt 0.500000 0.625000
vt 0.500000 0.750000
vt 0.500000 0.812500
vt 0.500000 0.875000
vt 0.500000 0.937500
vt 0.500000 0.000000
vt 0.500000 1.000000
vt 0.500000 0.125000
vn -0.085902 0.019067 0.996121
vn 0.000000 0.019138 0.999817
vn 0.000000 0.106551 0.994307
vn -0.085420 0.107397 0.990540
vn -0.023335 0.659567 0.751283
vn -0.000000 0.659747 0.751487
vn -0.000000 0.869584 0.493785
vn -0.007060 0.938712 0.344629
vn 0.000000 -0.060347 -0.998177
vn 0.000000 -0.060347 -0.998177
vn 0.000000 -0.060346 -0.998178
vn 0.000000 -0.060346 -0.998178
vn -0.036418 -0.968963 0.244508
vn -0.000000 -0.960270 0.279073
vn 0.000000 -0.938269 0.345907
vn -0.028961 -0.937875 0.345762
vn 0.675504 0.041196 0.736204
vn 0.825349 0.032887 0.563665
vn 0.794981 0.048785 0.604670
vn 0.617293 0.065655 0.783989
vn -0.825348 0.032888 0.563666
vn -0.675504 0.041197 0.736205
vn -0.617292 0.065655 0.783990
vn -0.794980 0.048785 0.604671
vn -0.534891 -0.053325 -0.843237
vn -0.783005 -0.039734 -0.620745
vn -0.765288 -0.039922 -0.642449
vn -0.530128 -0.052316 -0.846302
vn -0.018690 -0.865139 -0.501185
vn -0.000000 -0.865290 -0.501272
vn 0.000000 -0.971960 -0.235148
vn -0.038356 -0.993099 -0.110831
vn 0.765289 -0.039922 -0.642448
vn 0.783006 -0.039734 -0.620744
vn 0.534892 -0.053325 -0.843236
vn 0.530128 -0.052316 -0.846303
vn 0.000000 0.884238 -0.467036
vn 0.000000 0.807881 -0.589345
vn 0.000000 0.580124 -0.814528
vn 0.000000 0.580124 -0.814528
vn -0.999990 -0.000262 -0.004488
vn -1.000000 -0.000040 -0.000869
vn -0.000000 -0.995159 0.098274
vn -0.041630 -0.994256 0.098596
vn 1.000000 -0.000040 -0.000869
vn 0.999990 -0.000262 -0.004488
vn 0.000000 0.998177 -0.060349
vn 0.000000 0.998177 -0.060349
vn -0.545768 0.093197 0.832738
vn -0.840366 0.051465 0.539571
vn -1.000000 0.000000 0.000000
vn -0.833237 -0.033367 -0.551908
vn -0.525524 -0.051342 -0.849228
vn 0.000000 -0.060348 -0.998177
vn 0.000000 -0.060348 -0.998177
vn 0.833238 -0.033367 -0.551907
vn 0.525524 -0.051342 -0.849228
vn 1.000000 0.000000 0.000000
vn 0.840367 0.051465 0.539569
vn 0.545771 0.093197 0.832736
vn 0.000000 0.192757 0.981247
vn -0.084317 0.192071 0.977752
vn 0.023335 0.659568 0.751283
vn 0.007060 0.938712 0.344630
vn 0.000000 0.998177 -0.060348
vn 0.000000 0.884238 -0.467036
vn 0.000000 0.580124 -0.814528
vn 0.000000 -0.060348 -0.998177
vn 0.000000 -0.060347 -0.998177
vn 0.000000 -0.060346 -0.998178
vn 0.018690 -0.865139 -0.501184
vn 0.038356 -0.993099 -0.110831
vn 0.041630 -0.994256 0.098596
vn 0.036418 -0.968963 0.244509
vn 0.028961 -0.937875 0.345762
vn 0.085902 0.019067 0.996121
vn 0.085420 0.107397 0.990540
vn 0.084317 0.192071 0.977752
s 1
g Adicionales group16 Sillon pCube77
usemtl initialShadingGroup
f 1822/2554/3781 1862/2614/3782 1863/2616/3783 1842/2592/3784
s 2
f 1824/2556/3785 1852/2604/3786 1853/2605/3787 1838/2585/3788
s 3
f 1846/2597/3789 1857/2609/3790 1858/2610/3791 1828/2560/3792
s 4
f 1839/2587/3793 1861/2613/3794 1862/2615/3795 1822/2562/3796
s 5
f 1823/2555/3797 1840/2589/3798 1850/2602/3799 1851/2603/3800
s 6
f 1839/2586/3801 1822/2554/3802 1842/2592/3803 1843/2593/3804
f 1828/2566/3805 1831/2570/3806 1845/2595/3807 1846/2596/3808
s 4
f 1828/2560/3809 1858/2610/3810 1859/2611/3811 1831/2571/3812
s 5
f 1848/2600/3813 1832/2573/3814 1829/2564/3815 1847/2599/3816
s 2
f 1830/2569/3817 1855/2607/3818 1856/2608/3819 1826/2558/3820
s 6
f 1831/2570/3806 1835/2578/3821 1844/2594/3822 1845/2595/3807
s 4
f 1831/2571/3812 1859/2611/3811 1860/2612/3823 1835/2579/3824
s 5
f 1849/2601/3825 1836/2581/3826 1832/2573/3814 1848/2600/3813
s 2
f 1834/2577/3827 1854/2606/3828 1855/2607/3818 1830/2569/3817
s 6
f 1835/2578/3821 1839/2586/3801 1843/2593/3804 1844/2594/3822
s 4
f 1835/2579/3824 1860/2612/3823 1861/2613/3794 1839/2587/3793
s 5
f 1850/2602/3799 1840/2589/3798 1836/2581/3826 1849/2601/3825
s 2
f 1838/2585/3788 1853/2605/3787 1854/2606/3828 1834/2577/3827
s 6
f 1843/2593/3804 1842/2592/3803 1824/2556/3829 1838/2584/3830
f 1844/2594/3822 1843/2593/3804 1838/2584/3830 1834/2576/3831
f 1845/2595/3807 1844/2594/3822 1834/2576/3831 1830/2568/3832
f 1846/2596/3808 1845/2595/3807 1830/2568/3832 1826/2567/3833
s 3
f 1826/2558/3834 1856/2608/3835 1857/2609/3790 1846/2597/3789
s 5
f 1833/2575/3836 1848/2600/3813 1847/2599/3816 1827/2565/3837
f 1837/2583/3838 1849/2601/3825 1848/2600/3813 1833/2575/3836
f 1841/2591/3839 1850/2602/3799 1849/2601/3825 1837/2583/3838
f 1851/2603/3800 1850/2602/3799 1841/2591/3839 1825/2557/3840
s 1
f 1842/2592/3784 1863/2616/3783 1852/2604/3841 1824/2556/3842
s 2
f 1852/2604/3786 1825/2557/3843 1841/2590/3844 1853/2605/3787
f 1854/2606/3828 1853/2605/3787 1841/2590/3844 1837/2582/3845
f 1855/2607/3818 1854/2606/3828 1837/2582/3845 1833/2574/3846
f 1856/2608/3819 1855/2607/3818 1833/2574/3846 1827/2559/3847
s 3
f 1857/2609/3790 1856/2608/3835 1827/2559/3848 1847/2598/3849
f 1858/2610/3791 1857/2609/3790 1847/2598/3849 1829/2561/3850
s 4
f 1859/2611/3811 1858/2610/3810 1829/2561/3851 1832/2572/3852
f 1860/2612/3823 1859/2611/3811 1832/2572/3852 1836/2580/3853
f 1861/2613/3794 1860/2612/3823 1836/2580/3853 1840/2588/3854
f 1862/2615/3795 1861/2613/3794 1840/2588/3854 1823/2563/3855
s 1
f 1863/2616/3783 1862/2614/3782 1823/2555/3856 1851/2603/3857
f 1852/2604/3841 1863/2616/3783 1851/2603/3857 1825/2557/3858
g default
v -2.822387 0.627222 -4.360698
v 3.138176 0.627222 -4.360698
v -2.822387 2.115459 -4.510812
v 3.138176 2.115459 -4.510812
v -2.822387 2.109465 -4.570239
v 3.138176 2.109465 -4.570239
v -2.822387 0.621228 -4.420127
v 3.138176 0.621228 -4.420127
vt 0.375000 0.000000
vt 0.625000 0.000000
vt 0.375000 0.250000
vt 0.625000 0.250000
vt 0.375000 0.500000
vt 0.625000 0.500000
vt 0.375000 0.750000
vt 0.625000 0.750000
vt 0.875000 0.000000
vt 0.875000 0.250000
vt 0.125000 0.000000
vt 0.125000 0.250000
vn 0.000000 0.100358 0.994951
vn 0.000000 0.100358 0.994951
vn 0.000000 0.100358 0.994951
vn 0.000000 0.100358 0.994951
vn 0.000000 0.994952 -0.100353
vn 0.000000 0.994952 -0.100353
vn 0.000000 0.994952 -0.100353
vn 0.000000 0.994952 -0.100353
vn 0.000000 -0.100357 -0.994952
vn 0.000000 -0.100357 -0.994952
vn 0.000000 -0.100357 -0.994952
vn 0.000000 -0.100357 -0.994952
vn 1.000000 0.000000 0.000000
vn 1.000000 0.000000 0.000000
vn 1.000000 0.000000 0.000000
vn 1.000000 0.000000 0.000000
vn -1.000000 0.000000 0.000000
vn -1.000000 0.000000 0.000000
vn -1.000000 0.000000 0.000000
vn -1.000000 0.000000 0.000000
s off
g Adicionales group16 Sillon pCube76
usemtl initialShadingGroup
f 1864/2617/3859 1865/2618/3860 1867/2620/3861 1866/2619/3862
f 1866/2619/3863 1867/2620/3864 1869/2622/3865 1868/2621/3866
f 1868/2621/3867 1869/2622/3868 1871/2624/3869 1870/2623/3870
f 1865/2618/3871 1871/2625/3872 1869/2626/3873 1867/2620/3874
f 1870/2627/3875 1864/2617/3876 1866/2619/3877 1868/2628/3878
g default
v -2.619184 0.672012 -2.710571
v -1.115617 0.672012 -2.710571
v -2.619184 0.978755 -2.710571
v -1.115617 0.978755 -2.710571
v -2.619184 0.978755 -4.302372
v -1.115617 0.978755 -4.302372
v -2.619184 0.672012 -4.302372
v -1.115617 0.672012 -4.302372
v -1.066646 0.821632 -2.658726
v -2.668155 0.821632 -2.658726
v -2.668155 0.821632 -4.354216
v -1.066646 0.821632 -4.354216
v -1.070267 0.910897 -2.662559
v -2.664534 0.910897 -2.662559
v -2.664534 0.910897 -4.350383
v -1.070267 0.910897 -4.350383
v -1.074173 0.724916 -2.666694
v -2.660628 0.724916 -2.666694
v -2.660628 0.724916 -4.346247
v -1.074173 0.724916 -4.346247
v -1.867401 0.666360 -2.681243
v -1.867401 0.721214 -2.635750
v -1.867401 0.821494 -2.627488
v -1.867401 0.914048 -2.631463
v -1.867401 0.984407 -2.681243
v -1.867401 0.984407 -4.331698
v -1.867401 0.914048 -4.381478
v -1.867401 0.821494 -4.385455
v -1.867401 0.721214 -4.377191
v -1.867401 0.666360 -4.331698
v -1.087915 0.666360 -3.506471
v -1.044944 0.721214 -3.506471
v -1.037140 0.821494 -3.506471
v -1.040895 0.914048 -3.506471
v -1.087915 0.984407 -3.506471
v -1.867401 1.045758 -3.506471
v -2.646886 0.984407 -3.506471
v -2.693907 0.914048 -3.506471
v -2.697661 0.821494 -3.506471
v -2.689857 0.721214 -3.506471
v -2.646886 0.666360 -3.506471
vt 0.375000 0.000000
vt 0.625000 0.000000
vt 0.375000 0.250000
vt 0.625000 0.250000
vt 0.375000 0.500000
vt 0.625000 0.500000
vt 0.375000 0.750000
vt 0.625000 0.750000
vt 0.875000 0.000000
vt 0.875000 0.250000
vt 0.125000 0.000000
vt 0.125000 0.250000
vt 0.625000 0.121942
vt 0.375000 0.121942
vt 0.125000 0.121942
vt 0.375000 0.628058
vt 0.625000 0.628058
vt 0.875000 0.121942
vt 0.625000 0.192474
vt 0.375000 0.192474
vt 0.125000 0.192474
vt 0.375000 0.557526
vt 0.625000 0.557526
vt 0.875000 0.192474
vt 0.625000 0.045337
vt 0.375000 0.045337
vt 0.125000 0.045337
vt 0.375000 0.704663
vt 0.625000 0.704663
vt 0.875000 0.045337
vt 0.500000 0.000000
vt 0.500000 0.045337
vt 0.500000 0.121942
vt 0.500000 0.192474
vt 0.500000 0.250000
vt 0.500000 0.500000
vt 0.500000 0.557526
vt 0.500000 0.628058
vt 0.500000 0.704663
vt 0.500000 0.750000
vt 0.750000 0.000000
vt 0.750000 0.045337
vt 0.750000 0.121942
vt 0.750000 0.192474
vt 0.625000 0.375000
vt 0.750000 0.250000
vt 0.500000 0.375000
vt 0.250000 0.250000
vt 0.375000 0.375000
vt 0.250000 0.192474
vt 0.250000 0.121942
vt 0.250000 0.045337
vt 0.250000 0.000000
vn -0.033669 -0.645654 0.762888
vn -0.000000 -0.646020 0.763320
vn 0.000000 -0.326547 0.945181
vn -0.038965 -0.265781 0.963246
vn -0.044479 0.998127 0.042013
vn 0.000000 0.999115 0.042055
vn 0.000000 1.000000 -0.000000
vn -0.044518 0.999009 -0.000000
vn -0.038965 -0.265787 -0.963244
vn 0.000000 -0.326552 -0.945179
vn 0.000000 -0.646016 -0.763324
vn -0.033669 -0.645650 -0.762891
vn 0.780722 -0.624121 0.030742
vn 0.781091 -0.624417 -0.000000
vn 0.950555 -0.310557 -0.000000
vn 0.968369 -0.247068 0.034918
vn -0.781093 -0.624415 -0.000000
vn -0.780723 -0.624120 0.030742
vn -0.968369 -0.247068 0.034918
vn -0.950555 -0.310556 -0.000000
vn -0.039115 -0.021788 0.998997
vn 0.000000 -0.022531 0.999746
vn 0.000000 0.312724 0.949844
vn -0.039011 0.259474 0.964962
vn -0.999773 -0.021286 0.000000
vn -0.999180 -0.020534 0.034905
vn -0.969750 0.241584 0.034952
vn -0.954805 0.297232 0.000000
vn -0.039011 0.259480 -0.964960
vn 0.000000 0.312729 -0.949843
vn -0.000000 -0.022531 -0.999746
vn -0.039116 -0.021788 -0.998997
vn 0.999180 -0.020533 0.034905
vn 0.999773 -0.021286 0.000000
vn 0.954805 0.297234 0.000000
vn 0.969750 0.241587 0.034952
vn -0.000000 0.585194 0.810894
vn -0.034937 0.584836 0.810399
vn -0.825872 0.562961 0.031767
vn -0.826290 0.563245 0.000000
vn -0.034937 0.584833 -0.810401
vn 0.000000 0.585190 -0.810896
vn 0.826288 0.563247 0.000000
vn 0.825871 0.562963 0.031767
vn 0.033669 -0.645654 0.762888
vn 0.038965 -0.265781 0.963246
vn 0.039115 -0.021788 0.998997
vn 0.039011 0.259473 0.964962
vn 0.034937 0.584836 0.810399
vn 0.044479 0.998126 0.042013
vn 0.044518 0.999009 -0.000000
vn 0.034937 0.584833 -0.810401
vn 0.039011 0.259480 -0.964960
vn 0.039115 -0.021788 -0.998997
vn 0.038965 -0.265787 -0.963244
vn 0.033669 -0.645650 -0.762891
vn 0.780722 -0.624121 -0.030742
vn 0.968369 -0.247069 -0.034918
vn 0.999180 -0.020533 -0.034905
vn 0.969749 0.241587 -0.034952
vn 0.825872 0.562963 -0.031767
vn 0.000000 0.999115 -0.042055
vn 0.044479 0.998126 -0.042013
vn -0.044479 0.998126 -0.042013
vn -0.969750 0.241587 -0.034952
vn -0.825873 0.562960 -0.031767
vn -0.999180 -0.020532 -0.034905
vn -0.968369 -0.247068 -0.034918
vn -0.780724 -0.624120 -0.030742
s 1
g Adicionales group16 Sillon pCube75
usemtl initialShadingGroup
f 1872/2629/3879 1892/2659/3880 1893/2660/3881 1889/2654/3882
s 2
f 1874/2631/3883 1896/2663/3884 1907/2675/3885 1908/2677/3886
s 3
f 1890/2656/3887 1900/2667/3888 1901/2668/3889 1878/2635/3890
s 4
f 1873/2630/3891 1902/2669/3892 1903/2670/3893 1888/2653/3894
s 5
f 1912/2681/3895 1872/2629/3896 1889/2654/3897 1911/2680/3898
s 1
f 1881/2642/3899 1894/2661/3900 1895/2662/3901 1885/2648/3902
s 5
f 1910/2679/3903 1881/2642/3904 1885/2648/3905 1909/2678/3906
s 3
f 1886/2650/3907 1898/2665/3908 1899/2666/3909 1882/2644/3910
s 4
f 1880/2641/3911 1904/2671/3912 1905/2672/3913 1884/2647/3914
s 1
f 1885/2648/3902 1895/2662/3901 1896/2663/3915 1874/2631/3916
s 5
f 1909/2678/3906 1885/2648/3905 1874/2631/3917 1908/2676/3918
s 3
f 1876/2633/3919 1897/2664/3920 1898/2665/3908 1886/2650/3907
s 4
f 1884/2647/3914 1905/2672/3913 1906/2674/3921 1875/2632/3922
s 1
f 1889/2654/3882 1893/2660/3881 1894/2661/3900 1881/2642/3899
s 5
f 1911/2680/3898 1889/2654/3897 1881/2642/3904 1910/2679/3903
s 3
f 1882/2644/3910 1899/2666/3909 1900/2667/3888 1890/2656/3887
s 4
f 1888/2653/3894 1903/2670/3893 1904/2671/3912 1880/2641/3911
s 1
f 1892/2659/3880 1873/2630/3923 1888/2653/3924 1893/2660/3881
f 1894/2661/3900 1893/2660/3881 1888/2653/3924 1880/2641/3925
f 1895/2662/3901 1894/2661/3900 1880/2641/3925 1884/2647/3926
f 1896/2663/3915 1895/2662/3901 1884/2647/3926 1875/2632/3927
s 2
f 1907/2675/3885 1896/2663/3884 1875/2632/3928 1906/2673/3929
s 3
f 1898/2665/3908 1897/2664/3920 1877/2634/3930 1887/2651/3931
f 1899/2666/3909 1898/2665/3908 1887/2651/3931 1883/2645/3932
f 1900/2667/3888 1899/2666/3909 1883/2645/3932 1891/2657/3933
f 1901/2668/3889 1900/2667/3888 1891/2657/3933 1879/2636/3934
s 4
f 1902/2669/3892 1879/2637/3935 1891/2658/3936 1903/2670/3893
f 1904/2671/3912 1903/2670/3893 1891/2658/3936 1883/2646/3937
f 1905/2672/3913 1904/2671/3912 1883/2646/3937 1887/2652/3938
f 1906/2674/3921 1905/2672/3913 1887/2652/3938 1877/2638/3939
s 2
f 1897/2664/3940 1907/2675/3885 1906/2673/3929 1877/2634/3941
f 1908/2677/3886 1907/2675/3885 1897/2664/3940 1876/2633/3942
s 5
f 1886/2649/3943 1909/2678/3906 1908/2676/3918 1876/2640/3944
f 1882/2643/3945 1910/2679/3903 1909/2678/3906 1886/2649/3943
f 1890/2655/3946 1911/2680/3898 1910/2679/3903 1882/2643/3945
f 1878/2639/3947 1912/2681/3895 1911/2680/3898 1890/2655/3946
g default
v -2.823229 0.574323 -2.690190
v 3.133790 0.574323 -2.690190
v -2.823229 0.668835 -2.690190
v 3.133790 0.668835 -2.690190
v -2.823229 0.668835 -4.429232
v 3.133790 0.668835 -4.429232
v -2.823229 0.574323 -4.429232
v 3.133790 0.574323 -4.429232
v 1.987544 0.668835 -2.690190
v 1.987544 0.668835 -4.429232
v 1.987544 0.574323 -4.429232
v 1.987544 0.574323 -2.690190
v -1.676983 0.668835 -2.690190
v -1.676983 0.668835 -4.429232
v -1.676983 0.574323 -4.429232
v -1.676983 0.574323 -2.690190
v 1.885506 0.668835 -2.690190
v 1.885506 0.668835 -4.429232
v 1.885506 0.574323 -4.429232
v 1.885506 0.574323 -2.690190
v -1.574945 0.668835 -2.690190
v -1.574945 0.668835 -4.429232
v -1.574945 0.574323 -4.429232
v -1.574945 0.574323 -2.690190
v -1.676983 0.203480 -4.429232
v -1.676983 0.203480 -2.690190
v -1.574945 0.203480 -4.429232
v -1.574945 0.203480 -2.690190
v 1.885506 0.203480 -4.429232
v 1.885506 0.203480 -2.690190
v 1.987544 0.203480 -4.429232
v 1.987544 0.203480 -2.690190
vt 0.375000 0.000000
vt 0.625000 0.000000
vt 0.375000 0.250000
vt 0.625000 0.250000
vt 0.375000 0.500000
vt 0.625000 0.500000
vt 0.375000 0.750000
vt 0.625000 0.750000
vt 0.875000 0.000000
vt 0.875000 0.250000
vt 0.125000 0.000000
vt 0.125000 0.250000
vt 0.541667 0.250000
vt 0.541667 0.500000
vt 0.541667 0.750000
vt 0.541667 0.000000
vt 0.541667 1.000000
vt 0.458333 0.250000
vt 0.458333 0.500000
vt 0.458333 0.750000
vt 0.458333 0.000000
vt 0.458333 1.000000
vt 0.513889 0.250000
vt 0.513889 0.500000
vt 0.513889 0.750000
vt 0.513889 0.000000
vt 0.513889 1.000000
vt 0.486111 0.250000
vt 0.486111 0.500000
vt 0.486111 0.750000
vt 0.486111 0.000000
vt 0.486111 1.000000
vt 0.458333 1.000000
vt 0.458333 0.750000
vt 0.486111 0.750000
vt 0.486111 1.000000
vt 0.513889 1.000000
vt 0.513889 0.750000
vt 0.541667 0.750000
vt 0.541667 1.000000
vn 0.000000 0.000000 1.000000
vn 0.000000 0.000000 1.000000
vn 0.000000 0.000000 1.000000
vn 0.000000 0.000000 1.000000
vn 0.000000 1.000000 0.000000
vn 0.000000 1.000000 0.000000
vn 0.000000 1.000000 0.000000
vn 0.000000 1.000000 0.000000
vn 0.000000 0.000000 -1.000000
vn 0.000000 0.000000 -1.000000
vn 0.000000 0.000000 -1.000000
vn 0.000000 0.000000 -1.000000
vn 1.000000 0.000000 0.000000
vn 1.000000 0.000000 0.000000
vn 1.000000 0.000000 0.000000
vn 1.000000 0.000000 0.000000
vn -1.000000 0.000000 0.000000
vn -1.000000 0.000000 0.000000
vn -1.000000 0.000000 0.000000
vn -1.000000 0.000000 0.000000
vn 0.000000 1.000000 0.000000
vn 0.000000 1.000000 0.000000
vn 0.000000 1.000000 0.000000
vn 0.000000 1.000000 0.000000
vn 0.000000 0.000000 -1.000000
vn 0.000000 0.000000 -1.000000
vn 0.000000 0.000000 -1.000000
vn 0.000000 0.000000 -1.000000
vn 0.000000 0.000000 1.000000
vn 0.000000 0.000000 1.000000
vn 0.000000 0.000000 1.000000
vn 0.000000 0.000000 1.000000
vn 0.000000 1.000000 0.000000
vn 0.000000 1.000000 0.000000
vn 0.000000 0.000000 -1.000000
vn 0.000000 0.000000 -1.000000
vn 0.000000 0.000000 1.000000
vn 0.000000 0.000000 1.000000
vn 0.000000 1.000000 0.000000
vn 0.000000 1.000000 0.000000
vn 0.000000 0.000000 -1.000000
vn 0.000000 0.000000 -1.000000
vn 0.000000 0.000000 1.000000
vn 0.000000 0.000000 1.000000
vn -1.000000 0.000000 0.000000
vn -1.000000 0.000000 0.000000
vn -1.000000 0.000000 0.000000
vn -1.000000 0.000000 0.000000
vn 0.000000 0.000000 -1.000000
vn 0.000000 0.000000 -1.000000
vn 0.000000 0.000000 -1.000000
vn 0.000000 0.000000 -1.000000
vn 1.000000 0.000000 0.000000
vn 1.000000 0.000000 0.000000
vn 1.000000 0.000000 0.000000
vn 1.000000 0.000000 0.000000
vn 0.000000 0.000000 1.000000
vn 0.000000 0.000000 1.000000
vn 0.000000 0.000000 1.000000
vn 0.000000 0.000000 1.000000
vn -1.000000 0.000000 0.000000
vn -1.000000 0.000000 0.000000
vn -1.000000 0.000000 0.000000
vn -1.000000 0.000000 0.000000
vn 0.000000 0.000000 -1.000000
vn 0.000000 0.000000 -1.000000
vn 0.000000 0.000000 -1.000000
vn 0.000000 0.000000 -1.000000
vn 1.000000 0.000000 0.000000
vn 1.000000 0.000000 0.000000
vn 1.000000 0.000000 0.000000
vn 1.000000 0.000000 0.000000
vn 0.000000 0.000000 1.000000
vn 0.000000 0.000000 1.000000
vn 0.000000 0.000000 1.000000
vn 0.000000 0.000000 1.000000
s 1
g Adicionales group16 Sillon pCube74
usemtl initialShadingGroup
f 1913/2682/3948 1928/2702/3949 1925/2699/3950 1915/2684/3951
s 2
f 1915/2684/3952 1925/2699/3953 1926/2700/3954 1917/2686/3955
s 3
f 1917/2686/3956 1926/2700/3957 1927/2701/3958 1919/2688/3959
s off
f 1914/2683/3960 1920/2690/3961 1918/2691/3962 1916/2685/3963
f 1919/2692/3964 1913/2682/3965 1915/2684/3966 1917/2693/3967
s 2
f 1921/2694/3968 1916/2685/3969 1918/2687/3970 1922/2695/3971
s 3
f 1923/2696/3972 1922/2695/3973 1918/2687/3974 1920/2689/3975
s 1
f 1921/2694/3976 1924/2697/3977 1914/2683/3978 1916/2685/3979
s 2
f 1925/2699/3953 1933/2709/3980 1934/2710/3981 1926/2700/3954
s 3
f 1927/2701/3958 1926/2700/3957 1934/2710/3982 1935/2711/3983
s 1
f 1925/2699/3950 1928/2702/3949 1936/2712/3984 1933/2709/3985
s 2
f 1929/2704/3986 1921/2694/3968 1922/2695/3971 1930/2705/3987
s 3
f 1931/2706/3988 1930/2705/3989 1922/2695/3973 1923/2696/3972
s 1
f 1929/2704/3990 1932/2707/3991 1924/2697/3977 1921/2694/3976
s 2
f 1933/2709/3980 1929/2704/3986 1930/2705/3987 1934/2710/3981
s 3
f 1935/2711/3983 1934/2710/3982 1930/2705/3989 1931/2706/3988
s 1
f 1933/2709/3985 1936/2712/3984 1932/2707/3991 1929/2704/3990
s off
f 1928/2703/3992 1927/2701/3993 1937/2715/3994 1938/2714/3995
f 1927/2701/3996 1935/2711/3997 1939/2716/3998 1937/2715/3999
f 1935/2711/4000 1936/2713/4001 1940/2717/4002 1939/2716/4003
f 1936/2713/4004 1928/2703/4005 1938/2714/4006 1940/2717/4007
f 1932/2708/4008 1931/2706/4009 1941/2719/4010 1942/2718/4011
f 1931/2706/4012 1923/2696/4013 1943/2720/4014 1941/2719/4015
f 1923/2696/4016 1924/2698/4017 1944/2721/4018 1943/2720/4019
f 1924/2698/4020 1932/2708/4021 1942/2718/4022 1944/2721/4023
g default
v 0.330405 0.211536 3.168910
v 0.243908 0.211536 3.049858
v 0.116467 0.211536 2.976279
v -0.029884 0.211536 2.960897
v -0.169839 0.211536 3.006371
v -0.279197 0.211536 3.104838
v -0.339052 0.211536 3.239273
v -0.339052 0.211536 3.386429
v -0.279198 0.211536 3.520864
v -0.169839 0.211536 3.619332
v -0.029884 0.211536 3.664805
v 0.116467 0.211536 3.649423
v 0.243908 0.211536 3.575845
v 0.330405 0.211536 3.456793
v 0.361000 0.211536 3.312851
v 0.330405 0.242949 3.168910
v 0.243908 0.242949 3.049858
v 0.116467 0.242949 2.976279
v -0.029884 0.242949 2.960897
v -0.169839 0.242949 3.006371
v -0.279197 0.242949 3.104838
v -0.339052 0.242949 3.239273
v -0.339052 0.242949 3.386429
v -0.279198 0.242949 3.520864
v -0.169839 0.242949 3.619332
v -0.029884 0.242949 3.664805
v 0.116467 0.242949 3.649423
v 0.243908 0.242949 3.575845
v 0.330405 0.242949 3.456793
v 0.361000 0.242949 3.312851
v 0.295469 0.242949 3.184464
v 0.218319 0.242949 3.078278
v 0.104649 0.242949 3.012650
v -0.025887 0.242949 2.998929
v -0.150717 0.242949 3.039490
v -0.248259 0.242949 3.127316
v -0.301645 0.242949 3.247224
v -0.301645 0.242949 3.378478
v -0.248259 0.242949 3.498385
v -0.150717 0.242949 3.586213
v -0.025887 0.242949 3.626773
v 0.104649 0.242949 3.613053
v 0.218319 0.242949 3.547425
v 0.295469 0.242949 3.441238
v 0.322758 0.242949 3.312851
v 0.075798 0.309242 3.283452
v 0.058132 0.309242 3.259136
v 0.032103 0.309242 3.244109
v 0.002212 0.309242 3.240967
v -0.026373 0.309242 3.250255
v -0.048709 0.309242 3.270366
v -0.060933 0.309242 3.297823
v -0.060933 0.309242 3.327878
v -0.048709 0.309242 3.355335
v -0.026373 0.309242 3.375447
v 0.002212 0.309242 3.384735
v 0.032102 0.309242 3.381593
v 0.058132 0.309242 3.366565
v 0.075798 0.309242 3.342250
v 0.082047 0.309242 3.312851
v 0.082208 0.841351 3.281611
v 0.063356 0.841383 3.255862
v 0.035687 0.841431 3.240085
v 0.004067 0.841492 3.236958
v -0.026018 0.841546 3.246928
v -0.049422 0.841585 3.268194
v -0.062193 0.841606 3.297071
v -0.062193 0.841612 3.328630
v -0.049422 0.841585 3.357508
v -0.026018 0.841546 3.378774
v 0.004067 0.841492 3.388744
v 0.035686 0.841431 3.385616
v 0.063356 0.841387 3.369839
v 0.082208 0.841349 3.344091
v 0.088891 0.841337 3.312851
vt 0.375000 0.312500
vt 0.391667 0.312500
vt 0.408333 0.312500
vt 0.425000 0.312500
vt 0.441667 0.312500
vt 0.458333 0.312500
vt 0.475000 0.312500
vt 0.491667 0.312500
vt 0.508333 0.312500
vt 0.525000 0.312500
vt 0.541667 0.312500
vt 0.558333 0.312500
vt 0.575000 0.312500
vt 0.591667 0.312500
vt 0.608333 0.312500
vt 0.625000 0.312500
vt 0.375000 0.688440
vt 0.391667 0.688440
vt 0.408333 0.688440
vt 0.425000 0.688440
vt 0.441667 0.688440
vt 0.458333 0.688440
vt 0.475000 0.688440
vt 0.491667 0.688440
vt 0.508333 0.688440
vt 0.525000 0.688440
vt 0.541667 0.688440
vt 0.558333 0.688440
vt 0.575000 0.688440
vt 0.591667 0.688440
vt 0.608333 0.688440
vt 0.625000 0.688440
vt 0.000000 0.000000
vt 1.000000 0.000000
vt 1.000000 1.000000
vt 0.000000 1.000000
vt 0.000000 0.000000
vt 1.000000 0.000000
vt 1.000000 1.000000
vt 0.000000 1.000000
vt 0.000000 0.000000
vt 1.000000 0.000000
vt 1.000000 1.000000
vt 0.000000 1.000000
vt 0.000000 0.000000
vt 1.000000 0.000000
vt 1.000000 1.000000
vt 0.000000 1.000000
vt 0.000000 0.000000
vt 1.000000 0.000000
vt 1.000000 1.000000
vt 0.000000 1.000000
vt 0.000000 0.000000
vt 1.000000 0.000000
vt 1.000000 1.000000
vt 0.000000 1.000000
vt 0.000000 0.000000
vt 1.000000 0.000000
vt 1.000000 1.000000
vt 0.000000 1.000000
vt 0.000000 0.000000
vt 1.000000 0.000000
vt 1.000000 1.000000
vt 0.000000 1.000000
vt 0.000000 0.000000
vt 1.000000 0.000000
vt 1.000000 1.000000
vt 0.000000 1.000000
vt 0.000000 0.000000
vt 1.000000 0.000000
vt 1.000000 1.000000
vt 0.000000 1.000000
vt 0.000000 0.000000
vt 1.000000 0.000000
vt 1.000000 1.000000
vt 0.000000 1.000000
vt 0.000000 0.000000
vt 1.000000 0.000000
vt 1.000000 1.000000
vt 0.000000 1.000000
vt 0.000000 0.000000
vt 1.000000 0.000000
vt 1.000000 1.000000
vt 0.000000 1.000000
vt 0.000000 0.000000
vt 1.000000 0.000000
vt 1.000000 1.000000
vt 0.000000 1.000000
vt 0.000000 0.000000
vt 1.000000 0.000000
vt 1.000000 1.000000
vt 0.000000 1.000000
vt 0.000000 0.000000
vt 1.000000 0.000000
vt 1.000000 1.000000
vt 0.000000 1.000000
vt 0.000000 0.000000
vt 1.000000 0.000000
vt 1.000000 1.000000
vt 0.000000 1.000000
vt 0.000000 0.000000
vt 1.000000 0.000000
vt 1.000000 1.000000
vt 0.000000 1.000000
vt 0.000000 0.000000
vt 1.000000 0.000000
vt 1.000000 1.000000
vt 0.000000 1.000000
vt 0.000000 0.000000
vt 1.000000 0.000000
vt 1.000000 1.000000
vt 0.000000 1.000000
vt 0.000000 0.000000
vt 1.000000 0.000000
vt 1.000000 1.000000
vt 0.000000 1.000000
vt 0.000000 0.000000
vt 1.000000 0.000000
vt 1.000000 1.000000
vt 0.000000 1.000000
vt 0.000000 0.000000
vt 1.000000 0.000000
vt 1.000000 1.000000
vt 0.000000 1.000000
vt 0.000000 0.000000
vt 1.000000 0.000000
vt 1.000000 1.000000
vt 0.000000 1.000000
vt 0.000000 0.000000
vt 1.000000 0.000000
vt 1.000000 1.000000
vt 0.000000 1.000000
vt 0.000000 0.000000
vt 1.000000 0.000000
vt 1.000000 1.000000
vt 0.000000 1.000000
vt 0.000000 0.000000
vt 1.000000 0.000000
vt 1.000000 1.000000
vt 0.000000 1.000000
vt 0.000000 0.000000
vt 1.000000 0.000000
vt 1.000000 1.000000
vt 0.000000 1.000000
vt 0.000000 0.000000
vt 1.000000 0.000000
vt 1.000000 1.000000
vt 0.000000 1.000000
vt 0.000000 0.000000
vt 1.000000 0.000000
vt 1.000000 1.000000
vt 0.000000 1.000000
vt 0.000000 0.000000
vt 1.000000 0.000000
vt 1.000000 1.000000
vt 0.000000 1.000000
vt 0.000000 0.000000
vt 1.000000 0.000000
vt 1.000000 1.000000
vt 0.000000 1.000000
vt 0.000000 0.000000
vt 1.000000 0.000000
vt 1.000000 1.000000
vt 0.000000 1.000000
vt 0.000000 0.000000
vt 1.000000 0.000000
vt 1.000000 1.000000
vt 0.000000 1.000000
vt 0.000000 0.000000
vt 1.000000 0.000000
vt 1.000000 1.000000
vt 0.000000 1.000000
vt 0.000000 0.000000
vt 1.000000 0.000000
vt 1.000000 1.000000
vt 0.000000 1.000000
vt 0.000000 0.000000
vt 1.000000 0.000000
vt 1.000000 1.000000
vt 0.000000 1.000000
vt 0.000000 0.000000
vt 1.000000 0.000000
vt 1.000000 1.000000
vt 0.000000 1.000000
vt 0.000000 0.000000
vt 1.000000 0.000000
vt 1.000000 1.000000
vt 0.000000 1.000000
vt 0.000000 0.000000
vt 1.000000 0.000000
vt 1.000000 1.000000
vt 0.000000 1.000000
vt 0.000000 0.000000
vt 1.000000 0.000000
vt 1.000000 1.000000
vt 0.000000 1.000000
vt 0.000000 0.000000
vt 1.000000 0.000000
vt 1.000000 1.000000
vt 0.000000 1.000000
vt 0.000000 0.000000
vt 1.000000 0.000000
vt 1.000000 1.000000
vt 0.000000 1.000000
vt 0.000000 0.000000
vt 1.000000 0.000000
vt 1.000000 1.000000
vt 0.000000 1.000000
vt 0.000000 0.000000
vt 1.000000 0.000000
vt 1.000000 1.000000
vt 0.000000 1.000000
vn 0.913545 0.000000 -0.406737
vn 0.669131 0.000000 -0.743144
vn 0.669131 0.000000 -0.743144
vn 0.913545 0.000000 -0.406737
vn 0.309018 0.000000 -0.951056
vn 0.309018 0.000000 -0.951056
vn -0.104528 0.000000 -0.994522
vn -0.104528 0.000000 -0.994522
vn -0.500000 0.000000 -0.866026
vn -0.500000 0.000000 -0.866026
vn -0.809017 0.000000 -0.587785
vn -0.809017 0.000000 -0.587785
vn -0.978148 0.000000 -0.207912
vn -0.978148 0.000000 -0.207912
vn -0.978148 0.000000 0.207912
vn -0.978148 0.000000 0.207912
vn -0.809018 0.000000 0.587784
vn -0.809018 0.000000 0.587784
vn -0.500000 0.000000 0.866025
vn -0.500000 0.000000 0.866025
vn -0.104527 0.000000 0.994522
vn -0.104527 0.000000 0.994522
vn 0.309016 0.000000 0.951057
vn 0.309016 0.000000 0.951057
vn 0.669130 0.000000 0.743146
vn 0.669130 0.000000 0.743146
vn 0.913545 0.000000 0.406737
vn 0.913545 0.000000 0.406737
vn 1.000000 0.000000 -0.000000
vn 1.000000 0.000000 -0.000000
vn 0.000000 1.000000 0.000000
vn 0.000000 1.000000 -0.000000
vn 0.000000 1.000000 -0.000000
vn 0.000000 1.000000 0.000000
vn 0.000000 1.000000 0.000000
vn 0.000000 1.000000 0.000000
vn 0.000000 1.000000 0.000000
vn 0.000000 1.000000 0.000000
vn 0.000000 1.000000 -0.000000
vn 0.000000 1.000000 -0.000000
vn 0.000000 1.000000 -0.000000
vn 0.000000 1.000000 -0.000000
vn 0.000000 1.000000 0.000000
vn 0.000000 1.000000 0.000000
vn 0.000000 1.000000 0.000000
vn 0.000000 1.000000 0.000000
vn 0.000000 1.000000 0.000000
vn 0.000000 1.000000 0.000000
vn 0.000000 1.000000 0.000000
vn 0.000000 1.000000 0.000000
vn 0.000000 1.000000 -0.000000
vn 0.000000 1.000000 -0.000000
vn 0.000000 1.000000 -0.000000
vn 0.000000 1.000000 -0.000000
vn 0.000000 1.000000 -0.000000
vn 0.000000 1.000000 -0.000000
vn 0.000000 1.000000 0.000000
vn 0.000000 1.000000 0.000000
vn 0.000000 1.000000 0.000000
vn 0.000000 1.000000 0.000000
vn 0.242274 0.964171 -0.108062
vn 0.176823 0.964354 -0.196865
vn 0.177251 0.964352 -0.196485
vn 0.242404 0.964171 -0.107774
vn 0.081080 0.964620 -0.250866
vn 0.081775 0.964618 -0.250648
vn -0.027866 0.964923 -0.261052
vn -0.027116 0.964921 -0.261138
vn -0.131061 0.965207 -0.226269
vn -0.130499 0.965206 -0.226600
vn -0.211033 0.965428 -0.153017
vn -0.210777 0.965427 -0.153375
vn -0.254559 0.965547 -0.054019
vn -0.254528 0.965547 -0.054171
vn -0.254559 0.965547 0.054019
vn -0.254527 0.965547 0.054170
vn -0.211034 0.965428 0.153017
vn -0.210777 0.965427 0.153374
vn -0.131061 0.965208 0.226267
vn -0.130499 0.965206 0.226598
vn -0.027865 0.964923 0.261051
vn -0.027115 0.964921 0.261138
vn 0.081079 0.964620 0.250866
vn 0.081774 0.964619 0.250647
vn 0.176821 0.964354 0.196864
vn 0.177250 0.964353 0.196484
vn 0.242274 0.964171 0.108062
vn 0.242403 0.964171 0.107775
vn 0.265518 0.964106 -0.000000
vn 0.265518 0.964106 0.000000
vn 0.912884 -0.012374 -0.408031
vn 0.667111 -0.011107 -0.744875
vn 0.667617 -0.011110 -0.744422
vn 0.913034 -0.012375 -0.407696
vn 0.305779 -0.009246 -0.952058
vn 0.306591 -0.009250 -0.951796
vn -0.108021 -0.007116 -0.994123
vn -0.107139 -0.007120 -0.994219
vn -0.502629 -0.005087 -0.864488
vn -0.501951 -0.005091 -0.864881
vn -0.810219 -0.003507 -0.586117
vn -0.809905 -0.003509 -0.586551
vn -0.978295 -0.002644 -0.207202
vn -0.978258 -0.002644 -0.207376
vn -0.978295 -0.002644 0.207200
vn -0.978256 -0.002645 0.207386
vn -0.810221 -0.003507 0.586114
vn -0.809913 -0.003509 0.586539
vn -0.502623 -0.005087 0.864491
vn -0.501945 -0.005090 0.864885
vn -0.108025 -0.007116 0.994123
vn -0.107142 -0.007120 0.994218
vn 0.305785 -0.009245 0.952056
vn 0.306604 -0.009250 0.951792
vn 0.667110 -0.011107 0.744876
vn 0.667613 -0.011109 0.744426
vn 0.912880 -0.012374 0.408041
vn 0.913027 -0.012375 0.407713
vn 0.999918 -0.012823 -0.000001
vn 0.999918 -0.012823 -0.000004
s 1
g Adicionales group16 pCylinder33 Silla1
usemtl initialShadingGroup
f 1945/2722/4024 1946/2723/4025 1961/2739/4026 1960/2738/4027
f 1946/2723/4025 1947/2724/4028 1962/2740/4029 1961/2739/4026
f 1947/2724/4028 1948/2725/4030 1963/2741/4031 1962/2740/4029
f 1948/2725/4030 1949/2726/4032 1964/2742/4033 1963/2741/4031
f 1949/2726/4032 1950/2727/4034 1965/2743/4035 1964/2742/4033
f 1950/2727/4034 1951/2728/4036 1966/2744/4037 1965/2743/4035
f 1951/2728/4036 1952/2729/4038 1967/2745/4039 1966/2744/4037
f 1952/2729/4038 1953/2730/4040 1968/2746/4041 1967/2745/4039
f 1953/2730/4040 1954/2731/4042 1969/2747/4043 1968/2746/4041
f 1954/2731/4042 1955/2732/4044 1970/2748/4045 1969/2747/4043
f 1955/2732/4044 1956/2733/4046 1971/2749/4047 1970/2748/4045
f 1956/2733/4046 1957/2734/4048 1972/2750/4049 1971/2749/4047
f 1957/2734/4048 1958/2735/4050 1973/2751/4051 1972/2750/4049
f 1958/2735/4050 1959/2736/4052 1974/2752/4053 1973/2751/4051
f 1959/2736/4052 1945/2737/4024 1960/2753/4027 1974/2752/4053
s 2
f 1960/2754/4054 1961/2755/4055 1976/2756/4056 1975/2757/4057
f 1961/2758/4055 1962/2759/4058 1977/2760/4059 1976/2761/4056
f 1962/2762/4058 1963/2763/4060 1978/2764/4061 1977/2765/4059
f 1963/2766/4060 1964/2767/4062 1979/2768/4063 1978/2769/4061
f 1964/2770/4062 1965/2771/4064 1980/2772/4065 1979/2773/4063
f 1965/2774/4064 1966/2775/4066 1981/2776/4067 1980/2777/4065
f 1966/2778/4066 1967/2779/4068 1982/2780/4069 1981/2781/4067
f 1967/2782/4068 1968/2783/4070 1983/2784/4071 1982/2785/4069
f 1968/2786/4070 1969/2787/4072 1984/2788/4073 1983/2789/4071
f 1969/2790/4072 1970/2791/4074 1985/2792/4075 1984/2793/4073
f 1970/2794/4074 1971/2795/4076 1986/2796/4077 1985/2797/4075
f 1971/2798/4076 1972/2799/4078 1987/2800/4079 1986/2801/4077
f 1972/2802/4078 1973/2803/4080 1988/2804/4081 1987/2805/4079
f 1973/2806/4080 1974/2807/4082 1989/2808/4083 1988/2809/4081
f 1974/2810/4082 1960/2811/4054 1975/2812/4057 1989/2813/4083
s 3
f 1975/2814/4084 1976/2815/4085 1991/2816/4086 1990/2817/4087
f 1976/2818/4085 1977/2819/4088 1992/2820/4089 1991/2821/4086
f 1977/2822/4088 1978/2823/4090 1993/2824/4091 1992/2825/4089
f 1978/2826/4090 1979/2827/4092 1994/2828/4093 1993/2829/4091
f 1979/2830/4092 1980/2831/4094 1995/2832/4095 1994/2833/4093
f 1980/2834/4094 1981/2835/4096 1996/2836/4097 1995/2837/4095
f 1981/2838/4096 1982/2839/4098 1997/2840/4099 1996/2841/4097
f 1982/2842/4098 1983/2843/4100 1998/2844/4101 1997/2845/4099
f 1983/2846/4100 1984/2847/4102 1999/2848/4103 1998/2849/4101
f 1984/2850/4102 1985/2851/4104 2000/2852/4105 1999/2853/4103
f 1985/2854/4104 1986/2855/4106 2001/2856/4107 2000/2857/4105
f 1986/2858/4106 1987/2859/4108 2002/2860/4109 2001/2861/4107
f 1987/2862/4108 1988/2863/4110 2003/2864/4111 2002/2865/4109
f 1988/2866/4110 1989/2867/4112 2004/2868/4113 2003/2869/4111
f 1989/2870/4112 1975/2871/4084 1990/2872/4087 2004/2873/4113
s 4
f 1990/2874/4114 1991/2875/4115 2006/2876/4116 2005/2877/4117
f 1991/2878/4115 1992/2879/4118 2007/2880/4119 2006/2881/4116
f 1992/2882/4118 1993/2883/4120 2008/2884/4121 2007/2885/4119
f 1993/2886/4120 1994/2887/4122 2009/2888/4123 2008/2889/4121
f 1994/2890/4122 1995/2891/4124 2010/2892/4125 2009/2893/4123
f 1995/2894/4124 1996/2895/4126 2011/2896/4127 2010/2897/4125
f 1996/2898/4126 1997/2899/4128 2012/2900/4129 2011/2901/4127
f 1997/2902/4128 1998/2903/4130 2013/2904/4131 2012/2905/4129
f 1998/2906/4130 1999/2907/4132 2014/2908/4133 2013/2909/4131
f 1999/2910/4132 2000/2911/4134 2015/2912/4135 2014/2913/4133
f 2000/2914/4134 2001/2915/4136 2016/2916/4137 2015/2917/4135
f 2001/2918/4136 2002/2919/4138 2017/2920/4139 2016/2921/4137
f 2002/2922/4138 2003/2923/4140 2018/2924/4141 2017/2925/4139
f 2003/2926/4140 2004/2927/4142 2019/2928/4143 2018/2929/4141
f 2004/2930/4142 1990/2931/4114 2005/2932/4117 2019/2933/4143
g default
v 0.654242 0.838549 3.026035
v 0.422277 0.838549 2.764201
v 0.095202 0.838549 2.640157
v -0.252054 0.838549 2.682321
v -0.539940 0.838549 2.881034
v -0.702503 0.838549 3.190773
v -0.702503 0.838549 3.540579
v -0.539940 0.838549 3.850318
v -0.252055 0.838549 4.049031
v 0.095202 0.838549 4.091196
v 0.422277 0.838549 3.967152
v 0.654241 0.838549 3.705318
v 0.737956 0.838549 3.365676
v 0.852629 1.099583 2.923975
v 0.549552 1.049538 2.585552
v 0.122208 1.025829 2.425225
v -0.331504 1.033888 2.479723
v -0.707644 1.071868 2.736561
v -0.920043 1.131069 3.136900
v -0.920043 1.197928 3.589028
v -0.707644 1.173865 3.998891
v -0.331504 1.173865 4.258522
v 0.122208 1.173865 4.313613
v 0.549552 1.173865 4.151543
v 0.852629 1.229415 3.801954
v 0.962006 1.164499 3.362964
v -0.996433 1.569397 3.763733
v -0.766534 1.569397 4.051063
v -0.359403 1.569397 4.332086
v 0.131691 1.569397 4.391715
v 0.594245 1.569397 4.216292
v 0.922293 1.569397 3.996709
v -0.762600 1.964929 3.801627
v -0.707644 2.034313 3.998891
v -0.331504 2.153187 4.258522
v 0.122208 2.153187 4.313613
v 0.549552 2.034313 4.151543
v 0.695185 1.964929 4.016868
v 0.826663 1.123626 2.935474
v 0.533640 1.076048 2.606253
v 0.118923 1.053566 2.449809
v -0.321743 1.061204 2.503027
v -0.686207 1.097257 2.753306
v -0.890923 1.153648 3.142067
v -0.888349 1.214264 3.578395
v 0.824448 1.245888 3.784094
v 0.931414 1.185594 3.361064
v -0.731277 1.953994 3.784781
v -0.680508 2.025934 3.974852
v -0.318138 2.147930 4.224197
v 0.117445 2.147930 4.277086
v 0.531269 2.027267 4.119911
v 0.672703 1.956357 3.988486
v -0.964235 1.569372 3.745086
v 0.897996 1.571554 3.968611
v 0.500370 1.054283 3.060916
v 0.329227 1.036047 2.853094
v 0.076162 1.027950 2.750860
v -0.195305 1.030668 2.785931
v -0.413725 1.043976 2.947015
v -0.521859 1.058225 3.189094
v -0.502909 0.982205 3.728064
v 0.453085 1.015116 3.763133
v 0.551472 1.076014 3.319212
v -0.347921 1.501233 4.101142
v -0.291511 1.641644 4.192688
v -0.157145 2.058406 4.222196
v -0.022579 2.058226 4.237242
v 0.147770 1.641637 4.247833
v 0.230180 1.498318 4.161077
v -0.523951 1.171546 3.987042
v 0.418506 1.172225 4.053453
v 0.062820 0.944607 3.006395
v 0.037700 0.962757 3.256928
v -0.004521 0.894620 3.746347
v -0.032620 1.067157 4.021664
v -0.046540 1.394971 4.132388
v -0.062500 1.536898 4.221437
v -0.086992 1.953570 4.230039
v -0.091056 2.153044 4.251770
v -0.094970 2.158301 4.287242
v -0.103381 1.464655 4.363173
v -0.094970 1.069123 4.287242
v -0.071020 0.836524 4.071012
vt 0.000000 0.250000
vt 0.076923 0.250000
vt 0.153846 0.250000
vt 0.230769 0.250000
vt 0.307692 0.250000
vt 0.384615 0.250000
vt 0.461538 0.250000
vt 0.538462 0.250000
vt 0.615385 0.250000
vt 0.692308 0.250000
vt 0.769231 0.250000
vt 0.846154 0.250000
vt 0.923077 0.250000
vt 1.000000 0.250000
vt 0.000000 0.375000
vt 0.076923 0.375000
vt 0.153846 0.375000
vt 0.230769 0.375000
vt 0.307692 0.375000
vt 0.384615 0.375000
vt 0.461538 0.375000
vt 0.538462 0.375000
vt 0.615385 0.375000
vt 0.692308 0.375000
vt 0.769231 0.375000
vt 0.846154 0.375000
vt 0.923077 0.375000
vt 1.000000 0.375000
vt 0.461538 0.500000
vt 0.538462 0.500000
vt 0.615385 0.500000
vt 0.692308 0.500000
vt 0.769231 0.500000
vt 0.846154 0.500000
vt 0.461538 0.625000
vt 0.538462 0.625000
vt 0.615385 0.625000
vt 0.692308 0.625000
vt 0.769231 0.625000
vt 0.846154 0.625000
vt 0.000000 0.000000
vt 1.000000 0.000000
vt 1.000000 1.000000
vt 0.500000 1.000000
vt 0.000000 0.000000
vt 1.000000 0.000000
vt 1.000000 1.000000
vt 0.000000 1.000000
vt 0.000000 0.000000
vt 1.000000 0.000000
vt 1.000000 1.000000
vt 0.000000 1.000000
vt 0.000000 0.000000
vt 1.000000 0.000000
vt 0.500000 1.000000
vt 0.000000 1.000000
vt 0.000000 0.000000
vt 1.000000 0.000000
vt 0.500000 1.000000
vt 0.000000 0.000000
vt 1.000000 0.000000
vt 1.000000 1.000000
vt 0.000000 0.000000
vt 1.000000 0.000000
vt 0.500000 1.000000
vt 0.000000 1.000000
vt 0.000000 0.000000
vt 1.000000 0.000000
vt 0.000000 0.000000
vt 1.000000 0.000000
vt 1.000000 1.000000
vt 0.000000 1.000000
vt 0.000000 0.000000
vt 1.000000 0.000000
vt 1.000000 1.000000
vt 0.000000 1.000000
vt 0.000000 0.000000
vt 1.000000 0.000000
vt 1.000000 1.000000
vt 0.000000 1.000000
vt 0.000000 0.000000
vt 1.000000 0.000000
vt 1.000000 1.000000
vt 0.000000 1.000000
vt 0.000000 0.000000
vt 1.000000 0.000000
vt 1.000000 1.000000
vt 0.000000 1.000000
vt 0.000000 0.000000
vt 1.000000 0.000000
vt 1.000000 1.000000
vt 0.000000 1.000000
vt 0.000000 0.000000
vt 1.000000 0.000000
vt 1.000000 1.000000
vt 0.000000 1.000000
vt 0.000000 0.000000
vt 1.000000 0.000000
vt 1.000000 1.000000
vt 0.000000 1.000000
vt 0.000000 0.000000
vt 1.000000 0.000000
vt 1.000000 1.000000
vt 0.000000 1.000000
vt 0.000000 0.000000
vt 1.000000 0.000000
vt 0.500000 1.000000
vt 0.500000 1.000000
vt 0.000000 0.000000
vt 1.000000 0.000000
vt 0.500000 1.000000
vt 0.000000 0.000000
vt 1.000000 0.000000
vt 0.500000 1.000000
vt 0.000000 0.000000
vt 1.000000 0.000000
vt 0.500000 1.000000
vt 0.000000 0.000000
vt 1.000000 0.000000
vt 0.500000 1.000000
vt 0.000000 0.000000
vt 1.000000 0.000000
vt 0.500000 1.000000
vt 0.000000 0.000000
vt 1.000000 0.000000
vt 0.500000 1.000000
vt 0.500000 1.000000
vt 0.000000 0.000000
vt 1.000000 0.000000
vt 0.000000 0.000000
vt 1.000000 0.000000
vt 0.500000 1.000000
vt 0.500000 1.000000
vt 0.000000 0.000000
vt 1.000000 0.000000
vt 0.500000 1.000000
vt 0.000000 0.000000
vt 1.000000 0.000000
vt 0.500000 1.000000
vt 0.000000 0.000000
vt 1.000000 0.000000
vt 0.500000 1.000000
vt 0.000000 0.000000
vt 1.000000 0.000000
vt 0.500000 1.000000
vt 0.000000 0.000000
vt 1.000000 0.000000
vt 0.500000 1.000000
vt 0.000000 0.000000
vt 1.000000 0.000000
vt 0.500000 1.000000
vt 0.000000 0.000000
vt 1.000000 0.000000
vt 0.000000 0.000000
vt 1.000000 0.000000
vt 0.521330 1.000000
vt 0.500000 1.000000
vt 0.500000 1.000000
vt 0.500000 1.000000
vt 0.500000 1.000000
vt 0.500000 1.000000
vt 0.500000 1.000000
vt 0.521330 0.000000
vt 0.521330 1.000000
vt 0.521330 0.000000
vt 0.655487 0.625000
vt 0.655487 0.500000
vt 0.655487 0.375000
vt 0.655487 0.250000
vn 0.704628 -0.643580 -0.298837
vn 0.434104 -0.711336 -0.552770
vn 0.443027 -0.709694 -0.547778
vn 0.712574 -0.640371 -0.286641
vn 0.089790 -0.745392 -0.660552
vn 0.092038 -0.745309 -0.660335
vn -0.266599 -0.733681 -0.625010
vn -0.272873 -0.732995 -0.623104
vn -0.583575 -0.680397 -0.443283
vn -0.593096 -0.677813 -0.434519
vn -0.787111 -0.603842 -0.125820
vn -0.791847 -0.600457 -0.111491
vn -0.806030 -0.549050 0.221044
vn -0.805467 -0.548843 0.223594
vn -0.634560 -0.548693 0.544307
vn -0.636584 -0.548574 0.542059
vn -0.406165 -0.568855 0.715146
vn -0.418944 -0.564712 0.711046
vn -0.095563 -0.617828 0.780485
vn 0.231643 -0.567218 0.790320
vn 0.244739 -0.562903 0.789458
vn -0.093213 -0.617839 0.780760
vn 0.502155 -0.539948 0.675497
vn 0.508198 -0.539338 0.671454
vn 0.754183 -0.519688 0.401413
vn 0.754986 -0.519724 0.399855
vn 0.823197 -0.563961 0.065539
vn 0.824047 -0.560817 0.080195
vn -0.811992 -0.292601 0.505028
vn -0.688291 -0.241722 0.683978
vn -0.691931 -0.243193 0.679771
vn -0.811992 -0.292601 0.505028
vn -0.424035 -0.193651 0.884700
vn -0.464088 -0.192954 0.864518
vn -0.119602 -0.191561 0.974166
vn 0.209197 -0.193523 0.958533
vn 0.253998 -0.192722 0.947810
vn -0.117580 -0.191565 0.974412
vn 0.491849 -0.263111 0.829974
vn 0.499938 -0.267236 0.823800
vn 0.645884 -0.341352 0.682870
vn 0.645885 -0.341352 0.682871
vn -0.841807 0.293896 0.452754
vn -0.682044 0.199057 0.703699
vn -0.659239 0.186813 0.728358
vn -0.841807 0.293896 0.452754
vn -0.376855 0.137333 0.916035
vn -0.381380 0.137556 0.914127
vn -0.119395 0.118393 0.985763
vn 0.154728 0.137749 0.978307
vn 0.161398 0.138046 0.977187
vn -0.119657 0.118393 0.985731
vn 0.453001 0.175353 0.874095
vn 0.431654 0.167553 0.886341
vn 0.604221 0.230392 0.762782
vn 0.604221 0.230392 0.762782
vn 0.524853 0.753716 -0.395526
vn 0.349185 0.701175 -0.621630
vn -0.059389 0.996722 -0.054932
vn -0.115567 0.990113 -0.079497
vn 0.075575 0.673028 -0.735746
vn -0.010679 0.998567 -0.052430
vn -0.220799 0.682856 -0.696387
vn 0.033497 0.998071 -0.052267
vn -0.452281 0.725685 -0.518482
vn 0.090510 0.994246 -0.057305
vn -0.545658 0.795914 -0.262255
vn 0.250397 0.967779 -0.026556
vn -0.542722 0.831618 -0.117748
vn 0.337919 0.941169 -0.003525
vn 0.535722 0.844312 0.011813
vn 0.561908 0.817338 -0.127351
vn -0.252714 0.963184 -0.091718
vn -0.333990 0.938367 -0.088986
vn 0.058890 0.932510 -0.356311
vn -0.065288 0.948015 -0.311455
vn 0.603010 0.347934 -0.717859
vn 0.734496 0.393141 -0.553133
vn -0.071822 0.966275 -0.247296
vn 0.386843 0.206939 -0.898626
vn 0.018060 0.988903 -0.147462
vn 0.138665 0.968546 -0.206618
vn -0.169790 0.180640 -0.968783
vn 0.099774 0.527338 -0.843777
vn 0.171417 0.949167 -0.264003
vn -0.382527 0.269279 -0.883834
vn 0.141298 0.930438 -0.338113
vn -0.514269 0.310660 -0.799386
vn -0.459446 0.297024 -0.837070
vn -0.436870 0.315719 -0.842298
vn 0.502306 0.116325 -0.856830
vn 0.615039 0.540578 -0.574023
vn 0.682746 0.345400 -0.643860
vn 0.686464 0.242842 -0.685417
vn -0.460626 0.630215 -0.625022
vn -0.269304 0.195015 -0.943104
vn -0.415559 0.332829 -0.846484
vn 0.448570 -0.070421 -0.890969
vn 0.674119 0.421923 -0.606255
vn -0.223954 0.038968 -0.973820
vn -0.128612 0.989940 0.058967
vn -0.215719 0.976363 -0.013436
vn -0.026119 0.995776 0.088025
vn 0.078090 0.993832 0.078741
vn 0.178271 0.983409 0.033543
vn 0.330091 0.943939 0.004450
vn 0.396885 0.917850 0.005738
vn -0.338805 0.937416 -0.080393
vn -0.404168 0.909727 -0.095101
vn 0.625098 0.230572 -0.745714
vn 0.758386 0.348067 -0.551090
vn 0.385668 0.094608 -0.917774
vn -0.167181 0.066026 -0.983713
vn 0.116129 0.183030 -0.976224
vn -0.395593 0.156577 -0.904981
vn -0.544370 0.247489 -0.801505
vn 0.604691 0.192440 -0.772862
vn 0.658511 0.532786 -0.531509
vn -0.507246 0.624778 -0.593594
vn -0.402309 0.287371 -0.869233
vn 0.490199 -0.094104 -0.866516
vn -0.277982 0.010533 -0.960529
vn 0.121841 0.024411 -0.992249
vn 0.122704 0.024527 -0.992140
vn 0.104749 0.022121 -0.994253
vn 0.104749 0.022121 -0.994253
vn 0.087632 0.499937 -0.861617
vn 0.094098 0.499832 -0.860996
vn -0.112976 0.492794 -0.862781
vn -0.112976 0.492794 -0.862781
vn 0.074531 0.300139 -0.950979
vn 0.074969 0.300063 -0.950969
vn -0.010923 0.313662 -0.949472
vn -0.010923 0.313662 -0.949472
vn 0.003984 0.845607 -0.533792
vn 0.010527 0.845237 -0.534287
vn -0.181427 0.840767 -0.510093
vn -0.181427 0.840767 -0.510093
vn -0.022122 0.992090 0.123563
vn -0.018991 0.992114 0.123895
vn -0.240333 0.965800 0.097316
vn -0.240333 0.965800 0.097316
vn -0.005296 0.999226 -0.038977
vn -0.011472 0.999144 -0.039752
vn -0.220099 0.973306 -0.065047
vn -0.220099 0.973306 -0.065047
vn 0.186470 0.982358 -0.014169
vn 0.186470 0.982358 -0.014169
vn 0.157678 0.977433 0.140582
vn 0.157678 0.977433 0.140582
vn 0.188077 0.821134 -0.538856
vn 0.188077 0.821134 -0.538856
vn 0.154427 0.285362 -0.945897
vn 0.154427 0.285362 -0.945897
vn 0.286946 0.486667 -0.825116
vn 0.286946 0.486667 -0.825116
vn 0.139861 0.026823 -0.989808
vn 0.139861 0.026823 -0.989808
vn -0.209704 0.955876 0.205730
vn -0.209704 0.955876 0.205730
vn -0.209704 0.955876 0.205730
vn -0.209704 0.955876 0.205730
vn 0.124174 0.964929 0.231286
vn 0.124174 0.964929 0.231286
vn 0.124174 0.964929 0.231286
vn 0.124174 0.964929 0.231286
s 1
g Adicionales group16 Silla1 pSphere5
usemtl initialShadingGroup
f 2020/2934/4144 2021/2935/4145 2034/2949/4146 2033/2948/4147
f 2021/2935/4145 2022/2936/4148 2035/2950/4149 2034/2949/4146
f 2022/2936/4148 2023/2937/4150 2036/2951/4151 2035/2950/4149
f 2023/2937/4150 2024/2938/4152 2037/2952/4153 2036/2951/4151
f 2024/2938/4152 2025/2939/4154 2038/2953/4155 2037/2952/4153
f 2025/2939/4154 2026/2940/4156 2039/2954/4157 2038/2953/4155
f 2026/2940/4156 2027/2941/4158 2040/2955/4159 2039/2954/4157
f 2027/2941/4158 2028/2942/4160 2041/2956/4161 2040/2955/4159
f 2103/3102/4162 2029/2943/4163 2042/2957/4164 2102/3101/4165
f 2029/2943/4163 2030/2944/4166 2043/2958/4167 2042/2957/4164
f 2030/2944/4166 2031/2945/4168 2044/2959/4169 2043/2958/4167
f 2031/2945/4168 2032/2946/4170 2045/2960/4171 2044/2959/4169
f 2032/2946/4170 2020/2947/4144 2033/2961/4147 2045/2960/4171
s 3
f 2039/2954/4172 2040/2955/4173 2047/2963/4174 2046/2962/4175
f 2040/2955/4173 2041/2956/4176 2048/2964/4177 2047/2963/4174
f 2102/3101/4178 2042/2957/4179 2049/2965/4180 2101/3100/4181
f 2042/2957/4179 2043/2958/4182 2050/2966/4183 2049/2965/4180
f 2043/2958/4182 2044/2959/4184 2051/2967/4185 2050/2966/4183
s 5
f 2046/2962/4186 2047/2963/4187 2053/2969/4188 2052/2968/4189
f 2047/2963/4187 2048/2964/4190 2054/2970/4191 2053/2969/4188
f 2101/3100/4192 2049/2965/4193 2055/2971/4194 2100/3099/4195
f 2049/2965/4193 2050/2966/4196 2056/2972/4197 2055/2971/4194
f 2050/2966/4196 2051/2967/4198 2057/2973/4199 2056/2972/4197
s 7
f 2033/2974/4200 2034/2975/4201 2059/2976/4202 2058/2977/4203
f 2034/2978/4201 2035/2979/4204 2060/2980/4205 2059/2981/4202
f 2035/2982/4204 2036/2983/4206 2061/2984/4207 2060/2985/4205
f 2036/2986/4206 2037/2987/4208 2062/2988/4209 2061/2989/4207
f 2037/2990/4208 2038/2991/4210 2063/2992/4211 2062/2988/4209
f 2038/2993/4210 2039/2994/4212 2064/2995/4213 2063/2992/4211
f 2044/2996/4214 2045/2997/4215 2066/2998/4216 2065/2999/4217
f 2045/3000/4215 2033/3001/4200 2058/2977/4203 2066/2998/4216
s 8
f 2052/3002/4218 2053/3003/4219 2068/3004/4220 2067/3005/4221
f 2053/3006/4219 2054/3007/4222 2069/3008/4223 2068/3009/4220
f 2100/3098/4224 2055/3011/4225 2070/3012/4226 2099/3097/4227
f 2055/3014/4225 2056/3015/4228 2071/3016/4229 2070/3017/4226
f 2056/3018/4228 2057/3019/4230 2072/3020/4231 2071/3021/4229
s 10
f 2039/3022/4232 2046/3023/4233 2073/3024/4234 2064/3025/4235
s 11
f 2051/3026/4236 2044/3027/4237 2065/3028/4238 2074/3029/4239
s 10
f 2046/3030/4233 2052/3031/4240 2067/3032/4241 2073/3033/4234
s 11
f 2057/3034/4242 2051/3035/4236 2074/3036/4239 2072/3037/4243
s 7
f 2058/3038/4203 2059/3039/4202 2076/3040/4244 2075/3041/4245
f 2059/3042/4202 2060/3043/4205 2077/3044/4246 2076/3040/4244
f 2060/3045/4205 2061/3046/4207 2078/3047/4247 2077/3044/4246
f 2061/3048/4207 2062/3049/4209 2079/3050/4248 2078/3047/4247
f 2062/3051/4209 2063/3052/4211 2080/3053/4249 2079/3050/4248
f 2063/3054/4211 2064/3055/4213 2081/3056/4250 2080/3053/4249
f 2065/3057/4217 2066/3058/4216 2083/3059/4251 2082/3060/4252
f 2066/3061/4216 2058/3062/4203 2075/3041/4245 2083/3059/4251
s 8
f 2067/3063/4221 2068/3064/4220 2085/3065/4253 2084/3066/4254
f 2068/3067/4220 2069/3068/4223 2086/3069/4255 2085/3065/4253
f 2099/3096/4227 2070/3071/4226 2087/3072/4256 2098/3095/4257
f 2070/3073/4226 2071/3074/4229 2088/3075/4258 2087/3072/4256
f 2071/3076/4229 2072/3077/4231 2089/3078/4259 2088/3075/4258
s 10
f 2064/3079/4235 2073/3080/4234 2090/3081/4260 2081/3056/4261
s 11
f 2074/3082/4239 2065/3083/4238 2082/3060/4262 2091/3084/4263
s 10
f 2073/3085/4234 2067/3086/4241 2084/3066/4264 2090/3081/4260
s 11
f 2072/3087/4243 2074/3088/4239 2091/3084/4263 2089/3078/4265
s 12
f 2097/3094/4266 2098/3095/4267 2087/3072/4268 2088/3075/4269
s 13
f 2096/3093/4270 2097/3094/4271 2088/3075/4272 2089/3078/4273
s 14
f 2095/3092/4274 2096/3093/4275 2089/3078/4276 2091/3084/4277
s 15
f 2094/3091/4278 2095/3092/4279 2091/3084/4280 2082/3060/4281
s 16
f 2093/3090/4282 2094/3091/4283 2082/3060/4284 2083/3059/4285
s 17
f 2092/3089/4286 2093/3090/4287 2083/3059/4288 2075/3041/4289
f 2079/3050/4290 2080/3053/4291 2093/3090/4287 2092/3089/4286
s 16
f 2080/3053/4292 2081/3056/4293 2094/3091/4283 2093/3090/4282
s 15
f 2081/3056/4294 2090/3081/4295 2095/3092/4279 2094/3091/4278
s 14
f 2090/3081/4296 2084/3066/4297 2096/3093/4275 2095/3092/4274
s 13
f 2084/3066/4298 2085/3065/4299 2097/3094/4271 2096/3093/4270
s 12
f 2085/3065/4300 2086/3069/4301 2098/3095/4267 2097/3094/4266
s 8
f 2069/3070/4223 2099/3096/4227 2098/3095/4257 2086/3069/4255
f 2054/3010/4222 2100/3098/4224 2099/3097/4227 2069/3013/4223
s 5
f 2048/2964/4190 2101/3100/4192 2100/3099/4195 2054/2970/4191
s 3
f 2041/2956/4176 2102/3101/4178 2101/3100/4181 2048/2964/4177
s 1
f 2028/2942/4160 2103/3102/4162 2102/3101/4165 2041/2956/4161
s off
f 2076/3040/4302 2077/3044/4303 2092/3089/4304 2075/3041/4305
f 2077/3044/4306 2078/3047/4307 2079/3050/4308 2092/3089/4309
g default
v 7.166935 1.104326 7.960671
v 7.106393 1.104326 7.916685
v 7.031559 1.104326 7.916685
v 6.971018 1.104326 7.960671
v 6.947893 1.104326 8.031842
v 6.971018 1.104326 8.103013
v 7.031560 1.104326 8.147000
v 7.106394 1.104326 8.147000
v 7.166935 1.104326 8.103015
v 7.190060 1.104326 8.031842
v 7.139718 1.192374 7.980446
v 7.095997 1.192374 7.948679
v 7.041956 1.192374 7.948679
v 6.998235 1.192374 7.980446
v 6.981535 1.192374 8.031842
v 6.998235 1.192374 8.083239
v 7.041956 1.192374 8.115004
v 7.095998 1.192374 8.115004
v 7.139718 1.192374 8.083239
v 7.156418 1.192374 8.031842
v 7.068976 1.104326 8.031842
v 7.068976 1.192374 8.031842
vt 0.626409 0.064409
vt 0.548284 0.007647
vt 0.451716 0.007647
vt 0.373591 0.064409
vt 0.343750 0.156250
vt 0.373591 0.248091
vt 0.451716 0.304853
vt 0.548284 0.304853
vt 0.626409 0.248091
vt 0.656250 0.156250
vt 0.375000 0.312500
vt 0.400000 0.312500
vt 0.425000 0.312500
vt 0.450000 0.312500
vt 0.475000 0.312500
vt 0.500000 0.312500
vt 0.525000 0.312500
vt 0.550000 0.312500
vt 0.575000 0.312500
vt 0.600000 0.312500
vt 0.625000 0.312500
vt 0.375000 0.688440
vt 0.400000 0.688440
vt 0.425000 0.688440
vt 0.450000 0.688440
vt 0.475000 0.688440
vt 0.500000 0.688440
vt 0.525000 0.688440
vt 0.550000 0.688440
vt 0.575000 0.688440
vt 0.600000 0.688440
vt 0.625000 0.688440
vt 0.626409 0.751909
vt 0.548284 0.695147
vt 0.451716 0.695147
vt 0.373591 0.751909
vt 0.343750 0.843750
vt 0.373591 0.935591
vt 0.451716 0.992353
vt 0.548284 0.992353
vt 0.626409 0.935591
vt 0.656250 0.843750
vt 0.500000 0.150000
vt 0.500000 0.837500
vn 0.552444 0.341537 -0.760368
vn 0.552444 0.341537 -0.760368
vn 0.552444 0.341536 -0.760368
vn 0.552444 0.341536 -0.760368
vn 0.000000 0.341520 -0.939874
vn 0.000000 0.341520 -0.939874
vn 0.000000 0.341520 -0.939874
vn 0.000000 0.341520 -0.939874
vn -0.552449 0.341540 -0.760362
vn -0.552449 0.341540 -0.760362
vn -0.552449 0.341540 -0.760362
vn -0.552449 0.341540 -0.760362
vn -0.893867 0.341535 -0.290441
vn -0.893867 0.341535 -0.290441
vn -0.893867 0.341535 -0.290441
vn -0.893867 0.341535 -0.290441
vn -0.893869 0.341530 0.290440
vn -0.893869 0.341530 0.290440
vn -0.893869 0.341530 0.290440
vn -0.893869 0.341530 0.290440
vn -0.552434 0.341537 0.760375
vn -0.552434 0.341537 0.760375
vn -0.552434 0.341537 0.760375
vn -0.552434 0.341537 0.760375
vn 0.000000 0.341540 0.939867
vn 0.000000 0.341540 0.939867
vn 0.000000 0.341540 0.939867
vn 0.000000 0.341540 0.939867
vn 0.552432 0.341536 0.760376
vn 0.552432 0.341536 0.760376
vn 0.552432 0.341537 0.760376
vn 0.552432 0.341536 0.760376
vn 0.893871 0.341536 0.290427
vn 0.893871 0.341536 0.290427
vn 0.893871 0.341536 0.290427
vn 0.893871 0.341536 0.290427
vn 0.893870 0.341534 -0.290432
vn 0.893870 0.341534 -0.290432
vn 0.893870 0.341534 -0.290432
vn 0.893870 0.341534 -0.290432
vn 0.000000 -1.000000 0.000000
vn 0.000000 -1.000000 0.000000
vn 0.000000 -1.000000 -0.000000
vn 0.000000 -1.000000 0.000000
vn 0.000000 -1.000000 0.000000
vn 0.000000 -1.000000 -0.000001
vn 0.000000 -1.000000 -0.000001
vn 0.000000 -1.000000 0.000000
vn 0.000000 -1.000000 0.000000
vn 0.000000 -1.000000 0.000000
vn 0.000000 -1.000000 0.000000
vn -0.000002 1.000000 0.000000
vn -0.000001 1.000000 0.000001
vn 0.000000 1.000000 -0.000000
vn 0.000001 1.000000 0.000002
vn 0.000002 1.000000 0.000001
vn 0.000003 1.000000 0.000000
vn 0.000002 1.000000 0.000000
vn 0.000001 1.000000 -0.000002
vn -0.000001 1.000000 -0.000003
vn -0.000002 1.000000 -0.000001
vn -0.000003 1.000000 0.000000
s off
g Adicionales group16 pCylinder32 Decorativo
usemtl initialShadingGroup
f 2104/3113/4310 2105/3114/4311 2115/3125/4312 2114/3124/4313
f 2105/3114/4314 2106/3115/4315 2116/3126/4316 2115/3125/4317
f 2106/3115/4318 2107/3116/4319 2117/3127/4320 2116/3126/4321
f 2107/3116/4322 2108/3117/4323 2118/3128/4324 2117/3127/4325
f 2108/3117/4326 2109/3118/4327 2119/3129/4328 2118/3128/4329
f 2109/3118/4330 2110/3119/4331 2120/3130/4332 2119/3129/4333
f 2110/3119/4334 2111/3120/4335 2121/3131/4336 2120/3130/4337
f 2111/3120/4338 2112/3121/4339 2122/3132/4340 2121/3131/4341
f 2112/3121/4342 2113/3122/4343 2123/3133/4344 2122/3132/4345
f 2113/3122/4346 2104/3123/4347 2114/3134/4348 2123/3133/4349
s 1
f 2105/3104/4350 2104/3103/4351 2124/3145/4352
f 2106/3105/4353 2105/3104/4350 2124/3145/4352
f 2107/3106/4354 2106/3105/4353 2124/3145/4352
f 2108/3107/4355 2107/3106/4354 2124/3145/4352
f 2109/3108/4356 2108/3107/4355 2124/3145/4352
f 2110/3109/4357 2109/3108/4356 2124/3145/4352
f 2111/3110/4358 2110/3109/4357 2124/3145/4352
f 2112/3111/4359 2111/3110/4358 2124/3145/4352
f 2113/3112/4360 2112/3111/4359 2124/3145/4352
f 2104/3103/4351 2113/3112/4360 2124/3145/4352
s 2
f 2114/3143/4361 2115/3142/4362 2125/3146/4363
f 2115/3142/4362 2116/3141/4364 2125/3146/4363
f 2116/3141/4364 2117/3140/4365 2125/3146/4363
f 2117/3140/4365 2118/3139/4366 2125/3146/4363
f 2118/3139/4366 2119/3138/4367 2125/3146/4363
f 2119/3138/4367 2120/3137/4368 2125/3146/4363
f 2120/3137/4368 2121/3136/4369 2125/3146/4363
f 2121/3136/4369 2122/3135/4370 2125/3146/4363
f 2122/3135/4370 2123/3144/4371 2125/3146/4363
f 2123/3144/4371 2114/3143/4361 2125/3146/4363
g default
v 7.109303 1.189261 7.995423
v 7.074296 1.189261 7.980923
v 7.039291 1.189261 7.995423
v 7.024790 1.189261 8.030428
v 7.039291 1.189261 8.065433
v 7.074296 1.189261 8.079935
v 7.109303 1.189261 8.065433
v 7.123802 1.189261 8.030428
v 7.137375 1.247641 7.967351
v 7.074296 1.247641 7.941223
v 7.011220 1.247641 7.967351
v 6.985090 1.247641 8.030428
v 7.011220 1.247641 8.093506
v 7.074296 1.247641 8.119635
v 7.137375 1.247641 8.093506
v 7.163503 1.247641 8.030428
v 7.152954 1.332003 7.951772
v 7.074296 1.332003 7.919191
v 6.995640 1.332003 7.951772
v 6.963059 1.332003 8.030428
v 6.995640 1.332003 8.109084
v 7.074296 1.332003 8.141665
v 7.152954 1.332003 8.109086
v 7.185535 1.332003 8.030428
v 7.152954 1.425637 7.951772
v 7.074296 1.425637 7.919191
v 6.995640 1.425637 7.951772
v 6.963059 1.425637 8.030428
v 6.995640 1.425637 8.109084
v 7.074296 1.425637 8.141665
v 7.152954 1.425637 8.109086
v 7.185535 1.425637 8.030428
v 7.137375 1.509998 7.967351
v 7.074296 1.509998 7.941223
v 7.011220 1.509998 7.967351
v 6.985090 1.509998 8.030428
v 7.011220 1.509998 8.093506
v 7.074296 1.509998 8.119635
v 7.137375 1.509998 8.093506
v 7.163503 1.509998 8.030428
v 7.109303 1.568378 7.995423
v 7.074296 1.568378 7.980923
v 7.039291 1.568378 7.995423
v 7.024790 1.568378 8.030428
v 7.039291 1.568378 8.065433
v 7.074296 1.568378 8.079935
v 7.109303 1.568378 8.065433
v 7.123802 1.568378 8.030428
v 7.074296 1.168426 8.030428
v 7.074296 1.589214 8.030428
vt 0.000000 0.142857
vt 0.125000 0.142857
vt 0.250000 0.142857
vt 0.375000 0.142857
vt 0.500000 0.142857
vt 0.625000 0.142857
vt 0.750000 0.142857
vt 0.875000 0.142857
vt 1.000000 0.142857
vt 0.000000 0.285714
vt 0.125000 0.285714
vt 0.250000 0.285714
vt 0.375000 0.285714
vt 0.500000 0.285714
vt 0.625000 0.285714
vt 0.750000 0.285714
vt 0.875000 0.285714
vt 1.000000 0.285714
vt 0.000000 0.428571
vt 0.125000 0.428571
vt 0.250000 0.428571
vt 0.375000 0.428571
vt 0.500000 0.428571
vt 0.625000 0.428571
vt 0.750000 0.428571
vt 0.875000 0.428571
vt 1.000000 0.428571
vt 0.000000 0.571429
vt 0.125000 0.571429
vt 0.250000 0.571429
vt 0.375000 0.571429
vt 0.500000 0.571429
vt 0.625000 0.571429
vt 0.750000 0.571429
vt 0.875000 0.571429
vt 1.000000 0.571429
vt 0.000000 0.714286
vt 0.125000 0.714286
vt 0.250000 0.714286
vt 0.375000 0.714286
vt 0.500000 0.714286
vt 0.625000 0.714286
vt 0.750000 0.714286
vt 0.875000 0.714286
vt 1.000000 0.714286
vt 0.000000 0.857143
vt 0.125000 0.857143
vt 0.250000 0.857143
vt 0.375000 0.857143
vt 0.500000 0.857143
vt 0.625000 0.857143
vt 0.750000 0.857143
vt 0.875000 0.857143
vt 1.000000 0.857143
vt 0.062500 0.000000
vt 0.187500 0.000000
vt 0.312500 0.000000
vt 0.437500 0.000000
vt 0.562500 0.000000
vt 0.687500 0.000000
vt 0.812500 0.000000
vt 0.937500 0.000000
vt 0.062500 1.000000
vt 0.187500 1.000000
vt 0.312500 1.000000
vt 0.437500 1.000000
vt 0.562500 1.000000
vt 0.687500 1.000000
vt 0.812500 1.000000
vt 0.937500 1.000000
vn 0.324025 -0.531983 -0.782306
vn 0.324025 -0.531983 -0.782306
vn 0.324025 -0.531983 -0.782306
vn 0.324025 -0.531983 -0.782306
vn -0.324038 -0.531979 -0.782303
vn -0.324038 -0.531979 -0.782303
vn -0.324038 -0.531979 -0.782303
vn -0.324038 -0.531979 -0.782303
vn -0.782293 -0.531979 -0.324061
vn -0.782293 -0.531979 -0.324061
vn -0.782293 -0.531979 -0.324061
vn -0.782293 -0.531979 -0.324061
vn -0.782296 -0.531978 0.324057
vn -0.782296 -0.531978 0.324057
vn -0.782296 -0.531978 0.324057
vn -0.782296 -0.531978 0.324057
vn -0.324062 -0.531982 0.782291
vn -0.324062 -0.531982 0.782291
vn -0.324062 -0.531982 0.782291
vn -0.324062 -0.531982 0.782291
vn 0.324050 -0.531980 0.782297
vn 0.324050 -0.531980 0.782297
vn 0.324050 -0.531980 0.782297
vn 0.324050 -0.531980 0.782297
vn 0.782302 -0.531985 0.324031
vn 0.782302 -0.531985 0.324031
vn 0.782302 -0.531985 0.324031
vn 0.782302 -0.531985 0.324031
vn 0.782298 -0.531989 -0.324035
vn 0.782298 -0.531989 -0.324035
vn 0.782298 -0.531989 -0.324035
vn 0.782298 -0.531989 -0.324034
vn 0.372007 -0.234551 -0.898107
vn 0.372007 -0.234551 -0.898107
vn 0.372007 -0.234551 -0.898107
vn 0.372007 -0.234551 -0.898107
vn -0.372017 -0.234554 -0.898102
vn -0.372017 -0.234554 -0.898102
vn -0.372017 -0.234554 -0.898102
vn -0.372017 -0.234554 -0.898102
vn -0.898099 -0.234554 -0.372025
vn -0.898099 -0.234554 -0.372025
vn -0.898099 -0.234554 -0.372025
vn -0.898099 -0.234554 -0.372025
vn -0.898100 -0.234552 0.372025
vn -0.898100 -0.234552 0.372025
vn -0.898100 -0.234552 0.372025
vn -0.898100 -0.234552 0.372025
vn -0.372018 -0.234545 0.898104
vn -0.372018 -0.234545 0.898104
vn -0.372018 -0.234545 0.898104
vn -0.372018 -0.234545 0.898104
vn 0.372000 -0.234552 0.898110
vn 0.372000 -0.234552 0.898110
vn 0.372000 -0.234552 0.898110
vn 0.372000 -0.234552 0.898110
vn 0.898105 -0.234555 0.372010
vn 0.898105 -0.234555 0.372010
vn 0.898105 -0.234555 0.372010
vn 0.898105 -0.234555 0.372010
vn 0.898105 -0.234553 -0.372012
vn 0.898105 -0.234553 -0.372012
vn 0.898105 -0.234553 -0.372012
vn 0.898105 -0.234553 -0.372012
vn 0.382682 0.000000 -0.923880
vn 0.382682 0.000000 -0.923880
vn 0.382682 0.000000 -0.923880
vn 0.382682 0.000000 -0.923880
vn -0.382691 0.000000 -0.923876
vn -0.382691 0.000000 -0.923876
vn -0.382691 0.000000 -0.923876
vn -0.382691 0.000000 -0.923876
vn -0.923876 0.000000 -0.382693
vn -0.923876 0.000000 -0.382693
vn -0.923876 0.000000 -0.382693
vn -0.923876 0.000000 -0.382693
vn -0.923877 0.000000 0.382690
vn -0.923877 0.000000 0.382690
vn -0.923877 0.000000 0.382690
vn -0.923877 0.000000 0.382690
vn -0.382686 0.000000 0.923879
vn -0.382686 0.000000 0.923879
vn -0.382686 0.000000 0.923879
vn -0.382686 0.000000 0.923879
vn 0.382659 0.000000 0.923890
vn 0.382659 0.000000 0.923890
vn 0.382659 0.000000 0.923890
vn 0.382659 0.000000 0.923890
vn 0.923881 0.000000 0.382679
vn 0.923881 0.000000 0.382679
vn 0.923881 0.000000 0.382679
vn 0.923881 0.000000 0.382679
vn 0.923878 0.000000 -0.382688
vn 0.923878 0.000000 -0.382688
vn 0.923878 0.000000 -0.382688
vn 0.923878 0.000000 -0.382688
vn 0.372007 0.234553 -0.898107
vn 0.372007 0.234553 -0.898107
vn 0.372007 0.234553 -0.898107
vn 0.372007 0.234553 -0.898107
vn -0.372018 0.234552 -0.898102
vn -0.372018 0.234552 -0.898102
vn -0.372018 0.234552 -0.898102
vn -0.372018 0.234552 -0.898102
vn -0.898099 0.234554 -0.372024
vn -0.898099 0.234554 -0.372024
vn -0.898099 0.234555 -0.372025
vn -0.898099 0.234555 -0.372025
vn -0.898100 0.234552 0.372025
vn -0.898100 0.234552 0.372025
vn -0.898100 0.234552 0.372025
vn -0.898100 0.234552 0.372025
vn -0.372019 0.234544 0.898104
vn -0.372019 0.234544 0.898104
vn -0.372019 0.234544 0.898104
vn -0.372019 0.234544 0.898104
vn 0.372000 0.234552 0.898110
vn 0.372000 0.234552 0.898110
vn 0.372000 0.234552 0.898110
vn 0.372000 0.234552 0.898110
vn 0.898105 0.234555 0.372010
vn 0.898105 0.234555 0.372010
vn 0.898105 0.234555 0.372010
vn 0.898105 0.234555 0.372010
vn 0.898104 0.234553 -0.372013
vn 0.898104 0.234553 -0.372013
vn 0.898104 0.234553 -0.372013
vn 0.898104 0.234553 -0.372013
vn 0.324025 0.531983 -0.782305
vn 0.324026 0.531983 -0.782305
vn 0.324026 0.531983 -0.782305
vn 0.324025 0.531983 -0.782305
vn -0.324039 0.531980 -0.782302
vn -0.324039 0.531980 -0.782302
vn -0.324039 0.531980 -0.782302
vn -0.324039 0.531980 -0.782302
vn -0.782293 0.531979 -0.324061
vn -0.782293 0.531979 -0.324061
vn -0.782293 0.531979 -0.324061
vn -0.782293 0.531979 -0.324061
vn -0.782293 0.531979 0.324061
vn -0.782293 0.531979 0.324061
vn -0.782293 0.531979 0.324061
vn -0.782293 0.531979 0.324061
vn -0.324063 0.531980 0.782292
vn -0.324063 0.531980 0.782292
vn -0.324063 0.531980 0.782292
vn -0.324063 0.531980 0.782292
vn 0.324050 0.531981 0.782296
vn 0.324050 0.531981 0.782296
vn 0.324050 0.531981 0.782296
vn 0.324050 0.531981 0.782296
vn 0.782296 0.531991 0.324033
vn 0.782297 0.531991 0.324033
vn 0.782296 0.531991 0.324033
vn 0.782296 0.531991 0.324033
vn 0.782295 0.531994 -0.324033
vn 0.782295 0.531994 -0.324033
vn 0.782295 0.531994 -0.324033
vn 0.782295 0.531994 -0.324033
vn 0.158649 -0.910022 -0.383003
vn 0.158649 -0.910022 -0.383003
vn 0.158649 -0.910022 -0.383003
vn -0.158655 -0.910025 -0.382992
vn -0.158655 -0.910025 -0.382992
vn -0.158655 -0.910025 -0.382992
vn -0.383001 -0.910021 -0.158659
vn -0.383001 -0.910021 -0.158659
vn -0.383001 -0.910021 -0.158659
vn -0.382990 -0.910026 0.158656
vn -0.382990 -0.910026 0.158656
vn -0.382990 -0.910026 0.158656
vn -0.158668 -0.910023 0.382991
vn -0.158668 -0.910023 0.382991
vn -0.158668 -0.910023 0.382991
vn 0.158659 -0.910024 0.382992
vn 0.158659 -0.910024 0.382992
vn 0.158659 -0.910024 0.382992
vn 0.382991 -0.910029 0.158633
vn 0.382991 -0.910029 0.158633
vn 0.382991 -0.910029 0.158633
vn 0.383003 -0.910025 -0.158632
vn 0.383003 -0.910025 -0.158632
vn 0.383003 -0.910025 -0.158632
vn 0.158663 0.910021 -0.382999
vn 0.158663 0.910021 -0.382999
vn 0.158663 0.910021 -0.382999
vn -0.158668 0.910021 -0.382997
vn -0.158668 0.910021 -0.382997
vn -0.158668 0.910021 -0.382997
vn -0.383002 0.910022 -0.158652
vn -0.383002 0.910021 -0.158652
vn -0.383002 0.910022 -0.158652
vn -0.383002 0.910021 0.158652
vn -0.383002 0.910022 0.158652
vn -0.383002 0.910022 0.158652
vn -0.158654 0.910023 0.382998
vn -0.158654 0.910023 0.382997
vn -0.158654 0.910023 0.382997
vn 0.158642 0.910032 0.382980
vn 0.158642 0.910032 0.382980
vn 0.158642 0.910032 0.382980
vn 0.383002 0.910024 0.158639
vn 0.383002 0.910024 0.158639
vn 0.383002 0.910024 0.158639
vn 0.383002 0.910024 -0.158639
vn 0.383002 0.910024 -0.158639
vn 0.383002 0.910024 -0.158639
s off
g Adicionales group16 Decorativo pSphere4
usemtl initialShadingGroup
f 2126/3147/4372 2127/3148/4373 2135/3157/4374 2134/3156/4375
f 2127/3148/4376 2128/3149/4377 2136/3158/4378 2135/3157/4379
f 2128/3149/4380 2129/3150/4381 2137/3159/4382 2136/3158/4383
f 2129/3150/4384 2130/3151/4385 2138/3160/4386 2137/3159/4387
f 2130/3151/4388 2131/3152/4389 2139/3161/4390 2138/3160/4391
f 2131/3152/4392 2132/3153/4393 2140/3162/4394 2139/3161/4395
f 2132/3153/4396 2133/3154/4397 2141/3163/4398 2140/3162/4399
f 2133/3154/4400 2126/3155/4401 2134/3164/4402 2141/3163/4403
f 2134/3156/4404 2135/3157/4405 2143/3166/4406 2142/3165/4407
f 2135/3157/4408 2136/3158/4409 2144/3167/4410 2143/3166/4411
f 2136/3158/4412 2137/3159/4413 2145/3168/4414 2144/3167/4415
f 2137/3159/4416 2138/3160/4417 2146/3169/4418 2145/3168/4419
f 2138/3160/4420 2139/3161/4421 2147/3170/4422 2146/3169/4423
f 2139/3161/4424 2140/3162/4425 2148/3171/4426 2147/3170/4427
f 2140/3162/4428 2141/3163/4429 2149/3172/4430 2148/3171/4431
f 2141/3163/4432 2134/3164/4433 2142/3173/4434 2149/3172/4435
f 2142/3165/4436 2143/3166/4437 2151/3175/4438 2150/3174/4439
f 2143/3166/4440 2144/3167/4441 2152/3176/4442 2151/3175/4443
f 2144/3167/4444 2145/3168/4445 2153/3177/4446 2152/3176/4447
f 2145/3168/4448 2146/3169/4449 2154/3178/4450 2153/3177/4451
f 2146/3169/4452 2147/3170/4453 2155/3179/4454 2154/3178/4455
f 2147/3170/4456 2148/3171/4457 2156/3180/4458 2155/3179/4459
f 2148/3171/4460 2149/3172/4461 2157/3181/4462 2156/3180/4463
f 2149/3172/4464 2142/3173/4465 2150/3182/4466 2157/3181/4467
f 2150/3174/4468 2151/3175/4469 2159/3184/4470 2158/3183/4471
f 2151/3175/4472 2152/3176/4473 2160/3185/4474 2159/3184/4475
f 2152/3176/4476 2153/3177/4477 2161/3186/4478 2160/3185/4479
f 2153/3177/4480 2154/3178/4481 2162/3187/4482 2161/3186/4483
f 2154/3178/4484 2155/3179/4485 2163/3188/4486 2162/3187/4487
f 2155/3179/4488 2156/3180/4489 2164/3189/4490 2163/3188/4491
f 2156/3180/4492 2157/3181/4493 2165/3190/4494 2164/3189/4495
f 2157/3181/4496 2150/3182/4497 2158/3191/4498 2165/3190/4499
f 2158/3183/4500 2159/3184/4501 2167/3193/4502 2166/3192/4503
f 2159/3184/4504 2160/3185/4505 2168/3194/4506 2167/3193/4507
f 2160/3185/4508 2161/3186/4509 2169/3195/4510 2168/3194/4511
f 2161/3186/4512 2162/3187/4513 2170/3196/4514 2169/3195/4515
f 2162/3187/4516 2163/3188/4517 2171/3197/4518 2170/3196/4519
f 2163/3188/4520 2164/3189/4521 2172/3198/4522 2171/3197/4523
f 2164/3189/4524 2165/3190/4525 2173/3199/4526 2172/3198/4527
f 2165/3190/4528 2158/3191/4529 2166/3200/4530 2173/3199/4531
f 2127/3148/4532 2126/3147/4533 2174/3201/4534
f 2128/3149/4535 2127/3148/4536 2174/3202/4537
f 2129/3150/4538 2128/3149/4539 2174/3203/4540
f 2130/3151/4541 2129/3150/4542 2174/3204/4543
f 2131/3152/4544 2130/3151/4545 2174/3205/4546
f 2132/3153/4547 2131/3152/4548 2174/3206/4549
f 2133/3154/4550 2132/3153/4551 2174/3207/4552
f 2126/3155/4553 2133/3154/4554 2174/3208/4555
f 2166/3192/4556 2167/3193/4557 2175/3209/4558
f 2167/3193/4559 2168/3194/4560 2175/3210/4561
f 2168/3194/4562 2169/3195/4563 2175/3211/4564
f 2169/3195/4565 2170/3196/4566 2175/3212/4567
f 2170/3196/4568 2171/3197/4569 2175/3213/4570
f 2171/3197/4571 2172/3198/4572 2175/3214/4573
f 2172/3198/4574 2173/3199/4575 2175/3215/4576
f 2173/3199/4577 2166/3200/4578 2175/3216/4579
g default
v 5.061679 2.106292 7.999101
v 5.076670 2.106292 7.999101
v 5.061679 2.527499 7.999101
v 5.076670 2.527499 7.999101
v 5.061679 2.527499 7.972304
v 5.076670 2.527499 7.972304
v 5.061679 2.106292 7.972304
v 5.076670 2.106292 7.972304
vt 0.375000 0.000000
vt 0.625000 0.000000
vt 0.375000 0.250000
vt 0.625000 0.250000
vt 0.375000 0.500000
vt 0.625000 0.500000
vt 0.375000 0.750000
vt 0.625000 0.750000
vt 0.375000 1.000000
vt 0.625000 1.000000
vt 0.875000 0.000000
vt 0.875000 0.250000
vt 0.125000 0.000000
vt 0.125000 0.250000
vn 0.000000 0.000000 1.000000
vn 0.000000 0.000000 1.000000
vn 0.000000 0.000000 1.000000
vn 0.000000 0.000000 1.000000
vn 0.000000 1.000000 0.000000
vn 0.000000 1.000000 0.000000
vn 0.000000 1.000000 0.000000
vn 0.000000 1.000000 0.000000
vn 0.000000 0.000000 -1.000000
vn 0.000000 0.000000 -1.000000
vn 0.000000 0.000000 -1.000000
vn 0.000000 0.000000 -1.000000
vn 0.000000 -1.000000 0.000000
vn 0.000000 -1.000000 0.000000
vn 0.000000 -1.000000 0.000000
vn 0.000000 -1.000000 0.000000
vn 1.000000 0.000000 0.000000
vn 1.000000 0.000000 0.000000
vn 1.000000 0.000000 0.000000
vn 1.000000 0.000000 0.000000
vn -1.000000 0.000000 0.000000
vn -1.000000 0.000000 0.000000
vn -1.000000 0.000000 0.000000
vn -1.000000 0.000000 0.000000
s off
g Adicionales group16 pCube73 Boveda
usemtl initialShadingGroup
f 2176/3217/4580 2177/3218/4581 2179/3220/4582 2178/3219/4583
f 2178/3219/4584 2179/3220/4585 2181/3222/4586 2180/3221/4587
f 2180/3221/4588 2181/3222/4589 2183/3224/4590 2182/3223/4591
f 2182/3223/4592 2183/3224/4593 2177/3226/4594 2176/3225/4595
f 2177/3218/4596 2183/3227/4597 2181/3228/4598 2179/3220/4599
f 2182/3229/4600 2176/3217/4601 2178/3219/4602 2180/3230/4603
g default
v 5.026951 2.597984 7.995830
v 5.484465 2.597984 7.995830
v 5.026951 2.038763 7.995830
v 5.484465 2.038763 7.995830
v 5.026951 2.597984 8.011284
v 5.484465 2.597984 8.011284
v 5.026951 2.038763 8.011284
v 5.484465 2.038763 8.011284
vt 0.375000 0.500000
vt 0.625000 0.500000
vt 0.375000 0.750000
vt 0.625000 0.750000
vt 0.000000 0.000000
vt 1.000000 0.000000
vt 1.000000 1.000000
vt 0.000000 1.000000
vt 0.000000 0.000000
vt 1.000000 0.000000
vt 1.000000 1.000000
vt 0.000000 1.000000
vt 0.000000 0.000000
vt 1.000000 0.000000
vt 1.000000 1.000000
vt 0.000000 1.000000
vt 0.000000 0.000000
vt 1.000000 0.000000
vt 1.000000 1.000000
vt 0.000000 1.000000
vn 0.000000 0.000000 -1.000000
vn 0.000000 0.000000 -1.000000
vn 0.000000 0.000000 -1.000000
vn 0.000000 0.000000 -1.000000
vn 0.000000 1.000000 0.000000
vn 0.000000 1.000000 0.000000
vn 0.000000 1.000000 0.000000
vn 0.000000 1.000000 0.000000
vn 0.000000 -1.000000 0.000000
vn 0.000000 -1.000000 0.000000
vn 0.000000 -1.000000 0.000000
vn 0.000000 -1.000000 0.000000
vn -1.000000 0.000000 0.000000
vn -1.000000 0.000000 0.000000
vn -1.000000 0.000000 0.000000
vn -1.000000 0.000000 0.000000
vn 1.000000 0.000000 0.000000
vn 1.000000 0.000000 0.000000
vn 1.000000 0.000000 0.000000
vn 1.000000 0.000000 0.000000
s off
g Adicionales group16 Boveda pCube72
usemtl initialShadingGroup
f 2184/3231/4604 2185/3232/4605 2187/3234/4606 2186/3233/4607
f 2185/3235/4608 2184/3236/4609 2188/3237/4610 2189/3238/4611
f 2186/3239/4612 2187/3240/4613 2191/3241/4614 2190/3242/4615
f 2184/3243/4616 2186/3244/4617 2190/3245/4618 2188/3246/4619
f 2187/3247/4620 2185/3248/4621 2189/3249/4622 2191/3250/4623
g default
v 4.980920 1.982500 8.170148
v 5.530497 1.982500 8.170148
v 4.980920 2.654248 8.170148
v 5.530497 2.654248 8.170148
v 4.980920 2.654248 8.008638
v 5.530497 2.654248 8.008638
v 4.980920 1.982500 8.008638
v 5.530497 1.982500 8.008638
vt 0.375000 0.000000
vt 0.625000 0.000000
vt 0.375000 0.250000
vt 0.625000 0.250000
vt 0.375000 0.500000
vt 0.625000 0.500000
vt 0.375000 0.750000
vt 0.625000 0.750000
vt 0.875000 0.000000
vt 0.875000 0.250000
vt 0.125000 0.000000
vt 0.125000 0.250000
vn 0.000000 0.000000 -1.000000
vn 0.000000 0.000000 -1.000000
vn 0.000000 0.000000 -1.000000
vn 0.000000 0.000000 -1.000000
vn 1.000000 0.000000 0.000000
vn 1.000000 0.000000 0.000000
vn 1.000000 0.000000 0.000000
vn 1.000000 0.000000 0.000000
vn -1.000000 0.000000 0.000000
vn -1.000000 0.000000 0.000000
vn -1.000000 0.000000 0.000000
vn -1.000000 0.000000 0.000000
s off
g Adicionales group16 Boveda pCube71
usemtl initialShadingGroup
f 2196/3255/4624 2197/3256/4625 2199/3258/4626 2198/3257/4627
f 2193/3252/4628 2199/3259/4629 2197/3260/4630 2195/3254/4631
f 2198/3261/4632 2192/3251/4633 2194/3253/4634 2196/3262/4635
g default
v -0.023975 0.877430 -0.410591
v -0.062722 0.877430 -0.432962
v -0.106783 0.877430 -0.425193
v -0.135542 0.877430 -0.390919
v -0.135542 0.877430 -0.346178
v -0.106783 0.877430 -0.311904
v -0.062722 0.877430 -0.304135
v -0.023975 0.877430 -0.326505
v -0.008672 0.877430 -0.368548
v 0.018502 0.914481 -0.446234
v -0.053093 0.914481 -0.487569
v -0.134508 0.914481 -0.473214
v -0.187648 0.914481 -0.409884
v -0.187648 0.914481 -0.327213
v -0.134508 0.914481 -0.263883
v -0.053093 0.914481 -0.249528
v 0.018502 0.914481 -0.290863
v 0.046777 0.914481 -0.368548
v 0.046884 0.969930 -0.470049
v -0.046659 0.969930 -0.524057
v -0.153033 0.969930 -0.505300
v -0.222464 0.969930 -0.422556
v -0.222464 0.969930 -0.314541
v -0.153033 0.969930 -0.231797
v -0.046659 0.969930 -0.213040
v 0.046884 0.969930 -0.267048
v 0.083828 0.969930 -0.368548
v 0.056851 1.035337 -0.478412
v -0.044400 1.035337 -0.536869
v -0.159538 1.035337 -0.516567
v -0.234690 1.035337 -0.427006
v -0.234690 1.035337 -0.310091
v -0.159538 1.035337 -0.220529
v -0.044400 1.035337 -0.200227
v 0.056851 1.035337 -0.258685
v 0.096838 1.035337 -0.368548
v 0.046884 1.100745 -0.470049
v -0.046659 1.100745 -0.524057
v -0.153033 1.100745 -0.505300
v -0.222464 1.100745 -0.422556
v -0.222464 1.100745 -0.314541
v -0.153033 1.100745 -0.231797
v -0.046659 1.100745 -0.213040
v 0.046884 1.100745 -0.267048
v 0.083828 1.100745 -0.368548
v 0.018502 1.156194 -0.446234
v -0.053093 1.156194 -0.487569
v -0.134508 1.156194 -0.473214
v -0.187648 1.156194 -0.409884
v -0.187648 1.156194 -0.327213
v -0.134508 1.156194 -0.263883
v -0.053093 1.156194 -0.249528
v 0.018502 1.156194 -0.290863
v 0.046777 1.156194 -0.368548
v -0.023975 1.193245 -0.410591
v -0.062722 1.193245 -0.432962
v -0.106783 1.193245 -0.425193
v -0.135542 1.193245 -0.390919
v -0.135542 1.193245 -0.346178
v -0.106783 1.193245 -0.311904
v -0.062722 1.193245 -0.304135
v -0.023975 1.193245 -0.326505
v -0.008672 1.193245 -0.368548
v -0.074080 0.864420 -0.368548
v -0.074080 1.206255 -0.368548
vt 0.000000 0.125000
vt 0.111111 0.125000
vt 0.222222 0.125000
vt 0.333333 0.125000
vt 0.444444 0.125000
vt 0.555556 0.125000
vt 0.666667 0.125000
vt 0.777778 0.125000
vt 0.888889 0.125000
vt 1.000000 0.125000
vt 0.000000 0.250000
vt 0.111111 0.250000
vt 0.222222 0.250000
vt 0.333333 0.250000
vt 0.444444 0.250000
vt 0.555556 0.250000
vt 0.666667 0.250000
vt 0.777778 0.250000
vt 0.888889 0.250000
vt 1.000000 0.250000
vt 0.000000 0.375000
vt 0.111111 0.375000
vt 0.222222 0.375000
vt 0.333333 0.375000
vt 0.444444 0.375000
vt 0.555556 0.375000
vt 0.666667 0.375000
vt 0.777778 0.375000
vt 0.888889 0.375000
vt 1.000000 0.375000
vt 0.000000 0.500000
vt 0.111111 0.500000
vt 0.222222 0.500000
vt 0.333333 0.500000
vt 0.444444 0.500000
vt 0.555556 0.500000
vt 0.666667 0.500000
vt 0.777778 0.500000
vt 0.888889 0.500000
vt 1.000000 0.500000
vt 0.000000 0.625000
vt 0.111111 0.625000
vt 0.222222 0.625000
vt 0.333333 0.625000
vt 0.444444 0.625000
vt 0.555556 0.625000
vt 0.666667 0.625000
vt 0.777778 0.625000
vt 0.888889 0.625000
vt 1.000000 0.625000
vt 0.000000 0.750000
vt 0.111111 0.750000
vt 0.222222 0.750000
vt 0.333333 0.750000
vt 0.444444 0.750000
vt 0.555556 0.750000
vt 0.666667 0.750000
vt 0.777778 0.750000
vt 0.888889 0.750000
vt 1.000000 0.750000
vt 0.000000 0.875000
vt 0.111111 0.875000
vt 0.222222 0.875000
vt 0.333333 0.875000
vt 0.444444 0.875000
vt 0.555556 0.875000
vt 0.666667 0.875000
vt 0.777778 0.875000
vt 0.888889 0.875000
vt 1.000000 0.875000
vt 0.055556 0.000000
vt 0.166667 0.000000
vt 0.277778 0.000000
vt 0.388889 0.000000
vt 0.500000 0.000000
vt 0.611111 0.000000
vt 0.722222 0.000000
vt 0.833333 0.000000
vt 0.944444 0.000000
vt 0.055556 1.000000
vt 0.166667 1.000000
vt 0.277778 1.000000
vt 0.388889 1.000000
vt 0.500000 1.000000
vt 0.611111 1.000000
vt 0.722222 1.000000
vt 0.833333 1.000000
vt 0.944444 1.000000
vn 0.289748 -0.814975 -0.501859
vn 0.289748 -0.814975 -0.501859
vn 0.289748 -0.814975 -0.501859
vn 0.289748 -0.814975 -0.501859
vn -0.100629 -0.814975 -0.570693
vn -0.100629 -0.814975 -0.570693
vn -0.100629 -0.814975 -0.570693
vn -0.100629 -0.814975 -0.570693
vn -0.443920 -0.814975 -0.372493
vn -0.443920 -0.814975 -0.372493
vn -0.443920 -0.814975 -0.372493
vn -0.443920 -0.814975 -0.372493
vn -0.579496 -0.814975 -0.000001
vn -0.579496 -0.814975 -0.000001
vn -0.579496 -0.814975 -0.000001
vn -0.579497 -0.814975 -0.000001
vn -0.443920 -0.814975 0.372494
vn -0.443920 -0.814975 0.372494
vn -0.443920 -0.814975 0.372494
vn -0.443920 -0.814975 0.372494
vn -0.100629 -0.814975 0.570693
vn -0.100629 -0.814975 0.570693
vn -0.100629 -0.814975 0.570693
vn -0.100629 -0.814975 0.570693
vn 0.289748 -0.814975 0.501859
vn 0.289748 -0.814975 0.501859
vn 0.289748 -0.814975 0.501859
vn 0.289748 -0.814975 0.501859
vn 0.544548 -0.814975 0.198200
vn 0.544548 -0.814975 0.198200
vn 0.544548 -0.814975 0.198200
vn 0.544548 -0.814975 0.198200
vn 0.544549 -0.814975 -0.198200
vn 0.544549 -0.814975 -0.198200
vn 0.544549 -0.814975 -0.198200
vn 0.544549 -0.814975 -0.198200
vn 0.423450 -0.531753 -0.733437
vn 0.423450 -0.531753 -0.733437
vn 0.423450 -0.531753 -0.733437
vn 0.423450 -0.531753 -0.733437
vn -0.147062 -0.531753 -0.834033
vn -0.147062 -0.531753 -0.834033
vn -0.147062 -0.531753 -0.834033
vn -0.147062 -0.531753 -0.834033
vn -0.648763 -0.531753 -0.544377
vn -0.648763 -0.531753 -0.544377
vn -0.648763 -0.531753 -0.544377
vn -0.648763 -0.531753 -0.544377
vn -0.846899 -0.531753 0.000001
vn -0.846899 -0.531753 0.000001
vn -0.846899 -0.531753 0.000001
vn -0.846899 -0.531753 0.000001
vn -0.648763 -0.531753 0.544376
vn -0.648763 -0.531753 0.544376
vn -0.648763 -0.531753 0.544376
vn -0.648763 -0.531753 0.544376
vn -0.147063 -0.531753 0.834033
vn -0.147063 -0.531753 0.834033
vn -0.147063 -0.531753 0.834033
vn -0.147063 -0.531753 0.834033
vn 0.423450 -0.531753 0.733436
vn 0.423450 -0.531753 0.733436
vn 0.423450 -0.531753 0.733436
vn 0.423450 -0.531753 0.733436
vn 0.795825 -0.531753 0.289657
vn 0.795825 -0.531753 0.289657
vn 0.795825 -0.531753 0.289657
vn 0.795825 -0.531753 0.289657
vn 0.795825 -0.531753 -0.289657
vn 0.795825 -0.531753 -0.289657
vn 0.795825 -0.531753 -0.289657
vn 0.795825 -0.531753 -0.289657
vn 0.491488 -0.183735 -0.851282
vn 0.491488 -0.183735 -0.851282
vn 0.491488 -0.183735 -0.851282
vn 0.491488 -0.183735 -0.851282
vn -0.170692 -0.183735 -0.968042
vn -0.170692 -0.183735 -0.968042
vn -0.170692 -0.183735 -0.968042
vn -0.170692 -0.183735 -0.968042
vn -0.753003 -0.183735 -0.631845
vn -0.753003 -0.183735 -0.631845
vn -0.753003 -0.183735 -0.631845
vn -0.753003 -0.183735 -0.631845
vn -0.982976 -0.183734 0.000000
vn -0.982976 -0.183734 0.000000
vn -0.982976 -0.183734 0.000000
vn -0.982976 -0.183734 0.000000
vn -0.753003 -0.183735 0.631845
vn -0.753003 -0.183735 0.631845
vn -0.753003 -0.183735 0.631845
vn -0.753003 -0.183735 0.631845
vn -0.170692 -0.183736 0.968042
vn -0.170692 -0.183736 0.968042
vn -0.170692 -0.183736 0.968042
vn -0.170692 -0.183736 0.968042
vn 0.491488 -0.183736 0.851282
vn 0.491488 -0.183736 0.851282
vn 0.491488 -0.183736 0.851282
vn 0.491488 -0.183736 0.851282
vn 0.923695 -0.183735 0.336198
vn 0.923695 -0.183735 0.336198
vn 0.923695 -0.183735 0.336198
vn 0.923695 -0.183735 0.336198
vn 0.923695 -0.183735 -0.336197
vn 0.923695 -0.183735 -0.336197
vn 0.923695 -0.183735 -0.336198
vn 0.923695 -0.183735 -0.336197
vn 0.491488 0.183735 -0.851282
vn 0.491488 0.183735 -0.851282
vn 0.491488 0.183735 -0.851282
vn 0.491488 0.183735 -0.851282
vn -0.170692 0.183734 -0.968042
vn -0.170692 0.183734 -0.968042
vn -0.170692 0.183734 -0.968042
vn -0.170692 0.183734 -0.968042
vn -0.753003 0.183735 -0.631845
vn -0.753003 0.183735 -0.631845
vn -0.753003 0.183735 -0.631845
vn -0.753003 0.183735 -0.631845
vn -0.982976 0.183734 0.000000
vn -0.982976 0.183734 0.000000
vn -0.982976 0.183734 0.000000
vn -0.982976 0.183734 0.000000
vn -0.753003 0.183735 0.631845
vn -0.753003 0.183735 0.631845
vn -0.753003 0.183735 0.631845
vn -0.753003 0.183735 0.631845
vn -0.170693 0.183735 0.968042
vn -0.170693 0.183735 0.968042
vn -0.170693 0.183735 0.968042
vn -0.170693 0.183735 0.968042
vn 0.491488 0.183735 0.851282
vn 0.491488 0.183735 0.851282
vn 0.491488 0.183735 0.851282
vn 0.491488 0.183735 0.851282
vn 0.923695 0.183735 0.336197
vn 0.923695 0.183735 0.336197
vn 0.923695 0.183735 0.336197
vn 0.923695 0.183735 0.336197
vn 0.923695 0.183735 -0.336198
vn 0.923695 0.183735 -0.336198
vn 0.923695 0.183735 -0.336198
vn 0.923695 0.183735 -0.336198
vn 0.423450 0.531754 -0.733436
vn 0.423450 0.531754 -0.733436
vn 0.423450 0.531754 -0.733436
vn 0.423450 0.531754 -0.733436
vn -0.147062 0.531754 -0.834033
vn -0.147062 0.531754 -0.834033
vn -0.147062 0.531754 -0.834033
vn -0.147062 0.531754 -0.834033
vn -0.648762 0.531754 -0.544377
vn -0.648762 0.531753 -0.544377
vn -0.648762 0.531754 -0.544377
vn -0.648762 0.531754 -0.544377
vn -0.846899 0.531754 0.000000
vn -0.846899 0.531754 0.000000
vn -0.846899 0.531754 0.000000
vn -0.846899 0.531754 0.000000
vn -0.648762 0.531754 0.544376
vn -0.648762 0.531754 0.544376
vn -0.648762 0.531754 0.544376
vn -0.648762 0.531754 0.544376
vn -0.147063 0.531755 0.834032
vn -0.147063 0.531755 0.834032
vn -0.147063 0.531755 0.834032
vn -0.147063 0.531755 0.834032
vn 0.423449 0.531753 0.733437
vn 0.423449 0.531753 0.733437
vn 0.423449 0.531753 0.733437
vn 0.423449 0.531753 0.733437
vn 0.795825 0.531754 0.289657
vn 0.795825 0.531754 0.289657
vn 0.795825 0.531754 0.289656
vn 0.795825 0.531754 0.289657
vn 0.795825 0.531753 -0.289656
vn 0.795825 0.531754 -0.289656
vn 0.795825 0.531754 -0.289656
vn 0.795825 0.531754 -0.289656
vn 0.289749 0.814974 -0.501859
vn 0.289749 0.814974 -0.501859
vn 0.289749 0.814974 -0.501859
vn 0.289749 0.814974 -0.501859
vn -0.100629 0.814974 -0.570694
vn -0.100629 0.814974 -0.570694
vn -0.100629 0.814974 -0.570694
vn -0.100629 0.814974 -0.570694
vn -0.443921 0.814975 -0.372493
vn -0.443921 0.814975 -0.372493
vn -0.443921 0.814975 -0.372493
vn -0.443921 0.814975 -0.372493
vn -0.579497 0.814974 -0.000002
vn -0.579497 0.814974 -0.000002
vn -0.579497 0.814974 -0.000002
vn -0.579497 0.814974 -0.000002
vn -0.443920 0.814974 0.372495
vn -0.443920 0.814974 0.372495
vn -0.443920 0.814974 0.372495
vn -0.443920 0.814974 0.372495
vn -0.100629 0.814974 0.570693
vn -0.100629 0.814974 0.570693
vn -0.100629 0.814974 0.570693
vn -0.100629 0.814974 0.570693
vn 0.289748 0.814975 0.501859
vn 0.289748 0.814975 0.501859
vn 0.289748 0.814975 0.501859
vn 0.289748 0.814975 0.501859
vn 0.544549 0.814975 0.198199
vn 0.544549 0.814975 0.198199
vn 0.544549 0.814975 0.198199
vn 0.544549 0.814975 0.198199
vn 0.544549 0.814974 -0.198200
vn 0.544549 0.814974 -0.198200
vn 0.544549 0.814974 -0.198200
vn 0.544549 0.814974 -0.198200
vn 0.103546 -0.978322 -0.179346
vn 0.103546 -0.978322 -0.179346
vn 0.103546 -0.978322 -0.179346
vn -0.035961 -0.978322 -0.203945
vn -0.035961 -0.978322 -0.203945
vn -0.035961 -0.978322 -0.203945
vn -0.158641 -0.978322 -0.133114
vn -0.158641 -0.978322 -0.133114
vn -0.158641 -0.978322 -0.133114
vn -0.207092 -0.978322 -0.000002
vn -0.207092 -0.978322 -0.000002
vn -0.207092 -0.978322 -0.000002
vn -0.158641 -0.978321 0.133119
vn -0.158641 -0.978321 0.133119
vn -0.158641 -0.978321 0.133119
vn -0.035961 -0.978322 0.203944
vn -0.035961 -0.978322 0.203944
vn -0.035961 -0.978322 0.203944
vn 0.103546 -0.978322 0.179347
vn 0.103546 -0.978322 0.179347
vn 0.103546 -0.978322 0.179347
vn 0.194602 -0.978322 0.070829
vn 0.194602 -0.978322 0.070829
vn 0.194602 -0.978322 0.070829
vn 0.194603 -0.978321 -0.070831
vn 0.194603 -0.978321 -0.070831
vn 0.194603 -0.978321 -0.070831
vn 0.103545 0.978322 -0.179346
vn 0.103545 0.978322 -0.179346
vn 0.103545 0.978322 -0.179346
vn -0.035960 0.978322 -0.203943
vn -0.035960 0.978322 -0.203943
vn -0.035960 0.978322 -0.203943
vn -0.158640 0.978322 -0.133114
vn -0.158640 0.978322 -0.133114
vn -0.158640 0.978322 -0.133114
vn -0.207089 0.978322 0.000005
vn -0.207089 0.978322 0.000005
vn -0.207089 0.978322 0.000005
vn -0.158640 0.978322 0.133114
vn -0.158640 0.978322 0.133114
vn -0.158640 0.978322 0.133114
vn -0.035960 0.978322 0.203943
vn -0.035960 0.978322 0.203943
vn -0.035960 0.978322 0.203943
vn 0.103545 0.978322 0.179344
vn 0.103545 0.978322 0.179344
vn 0.103545 0.978322 0.179344
vn 0.194600 0.978322 0.070833
vn 0.194600 0.978322 0.070833
vn 0.194600 0.978322 0.070833
vn 0.194600 0.978322 -0.070829
vn 0.194600 0.978322 -0.070829
vn 0.194600 0.978322 -0.070829
s off
g Adicionales group16 pSphere3 Centro_de_mesa
usemtl initialShadingGroup
f 2200/3263/4636 2201/3264/4637 2210/3274/4638 2209/3273/4639
f 2201/3264/4640 2202/3265/4641 2211/3275/4642 2210/3274/4643
f 2202/3265/4644 2203/3266/4645 2212/3276/4646 2211/3275/4647
f 2203/3266/4648 2204/3267/4649 2213/3277/4650 2212/3276/4651
f 2204/3267/4652 2205/3268/4653 2214/3278/4654 2213/3277/4655
f 2205/3268/4656 2206/3269/4657 2215/3279/4658 2214/3278/4659
f 2206/3269/4660 2207/3270/4661 2216/3280/4662 2215/3279/4663
f 2207/3270/4664 2208/3271/4665 2217/3281/4666 2216/3280/4667
f 2208/3271/4668 2200/3272/4669 2209/3282/4670 2217/3281/4671
f 2209/3273/4672 2210/3274/4673 2219/3284/4674 2218/3283/4675
f 2210/3274/4676 2211/3275/4677 2220/3285/4678 2219/3284/4679
f 2211/3275/4680 2212/3276/4681 2221/3286/4682 2220/3285/4683
f 2212/3276/4684 2213/3277/4685 2222/3287/4686 2221/3286/4687
f 2213/3277/4688 2214/3278/4689 2223/3288/4690 2222/3287/4691
f 2214/3278/4692 2215/3279/4693 2224/3289/4694 2223/3288/4695
f 2215/3279/4696 2216/3280/4697 2225/3290/4698 2224/3289/4699
f 2216/3280/4700 2217/3281/4701 2226/3291/4702 2225/3290/4703
f 2217/3281/4704 2209/3282/4705 2218/3292/4706 2226/3291/4707
f 2218/3283/4708 2219/3284/4709 2228/3294/4710 2227/3293/4711
f 2219/3284/4712 2220/3285/4713 2229/3295/4714 2228/3294/4715
f 2220/3285/4716 2221/3286/4717 2230/3296/4718 2229/3295/4719
f 2221/3286/4720 2222/3287/4721 2231/3297/4722 2230/3296/4723
f 2222/3287/4724 2223/3288/4725 2232/3298/4726 2231/3297/4727
f 2223/3288/4728 2224/3289/4729 2233/3299/4730 2232/3298/4731
f 2224/3289/4732 2225/3290/4733 2234/3300/4734 2233/3299/4735
f 2225/3290/4736 2226/3291/4737 2235/3301/4738 2234/3300/4739
f 2226/3291/4740 2218/3292/4741 2227/3302/4742 2235/3301/4743
f 2227/3293/4744 2228/3294/4745 2237/3304/4746 2236/3303/4747
f 2228/3294/4748 2229/3295/4749 2238/3305/4750 2237/3304/4751
f 2229/3295/4752 2230/3296/4753 2239/3306/4754 2238/3305/4755
f 2230/3296/4756 2231/3297/4757 2240/3307/4758 2239/3306/4759
f 2231/3297/4760 2232/3298/4761 2241/3308/4762 2240/3307/4763
f 2232/3298/4764 2233/3299/4765 2242/3309/4766 2241/3308/4767
f 2233/3299/4768 2234/3300/4769 2243/3310/4770 2242/3309/4771
f 2234/3300/4772 2235/3301/4773 2244/3311/4774 2243/3310/4775
f 2235/3301/4776 2227/3302/4777 2236/3312/4778 2244/3311/4779
f 2236/3303/4780 2237/3304/4781 2246/3314/4782 2245/3313/4783
f 2237/3304/4784 2238/3305/4785 2247/3315/4786 2246/3314/4787
f 2238/3305/4788 2239/3306/4789 2248/3316/4790 2247/3315/4791
f 2239/3306/4792 2240/3307/4793 2249/3317/4794 2248/3316/4795
f 2240/3307/4796 2241/3308/4797 2250/3318/4798 2249/3317/4799
f 2241/3308/4800 2242/3309/4801 2251/3319/4802 2250/3318/4803
f 2242/3309/4804 2243/3310/4805 2252/3320/4806 2251/3319/4807
f 2243/3310/4808 2244/3311/4809 2253/3321/4810 2252/3320/4811
f 2244/3311/4812 2236/3312/4813 2245/3322/4814 2253/3321/4815
f 2245/3313/4816 2246/3314/4817 2255/3324/4818 2254/3323/4819
f 2246/3314/4820 2247/3315/4821 2256/3325/4822 2255/3324/4823
f 2247/3315/4824 2248/3316/4825 2257/3326/4826 2256/3325/4827
f 2248/3316/4828 2249/3317/4829 2258/3327/4830 2257/3326/4831
f 2249/3317/4832 2250/3318/4833 2259/3328/4834 2258/3327/4835
f 2250/3318/4836 2251/3319/4837 2260/3329/4838 2259/3328/4839
f 2251/3319/4840 2252/3320/4841 2261/3330/4842 2260/3329/4843
f 2252/3320/4844 2253/3321/4845 2262/3331/4846 2261/3330/4847
f 2253/3321/4848 2245/3322/4849 2254/3332/4850 2262/3331/4851
f 2201/3264/4852 2200/3263/4853 2263/3333/4854
f 2202/3265/4855 2201/3264/4856 2263/3334/4857
f 2203/3266/4858 2202/3265/4859 2263/3335/4860
f 2204/3267/4861 2203/3266/4862 2263/3336/4863
f 2205/3268/4864 2204/3267/4865 2263/3337/4866
f 2206/3269/4867 2205/3268/4868 2263/3338/4869
f 2207/3270/4870 2206/3269/4871 2263/3339/4872
f 2208/3271/4873 2207/3270/4874 2263/3340/4875
f 2200/3272/4876 2208/3271/4877 2263/3341/4878
f 2254/3323/4879 2255/3324/4880 2264/3342/4881
f 2255/3324/4882 2256/3325/4883 2264/3343/4884
f 2256/3325/4885 2257/3326/4886 2264/3344/4887
f 2257/3326/4888 2258/3327/4889 2264/3345/4890
f 2258/3327/4891 2259/3328/4892 2264/3346/4893
f 2259/3328/4894 2260/3329/4895 2264/3347/4896
f 2260/3329/4897 2261/3330/4898 2264/3348/4899
f 2261/3330/4900 2262/3331/4901 2264/3349/4902
f 2262/3331/4903 2254/3332/4904 2264/3350/4905
g default
v -0.333670 0.884036 -0.108118
v 0.184721 0.884036 -0.108118
v -0.333670 1.005806 -0.108118
v 0.184721 1.005806 -0.108118
v -0.333670 1.005806 -0.626509
v 0.184721 1.005806 -0.626509
v -0.333670 0.884036 -0.626509
v 0.184721 0.884036 -0.626509
v 0.142310 1.005806 -0.108118
v 0.142310 1.005806 -0.626509
v 0.142310 0.884036 -0.626509
v 0.142310 0.884036 -0.108118
v -0.291259 1.005806 -0.108118
v -0.291259 1.005806 -0.626509
v -0.291259 0.884036 -0.626509
v -0.291259 0.884036 -0.108118
v -0.333670 1.005806 -0.585725
v -0.333670 0.884036 -0.585725
v 0.184721 0.884036 -0.585725
v 0.184721 1.005806 -0.585725
v 0.142310 1.005806 -0.585725
v -0.291259 1.005806 -0.585725
v -0.333670 1.005806 -0.148902
v -0.333670 0.884036 -0.148902
v 0.184721 0.884036 -0.148902
v 0.184721 1.005806 -0.148902
v 0.142310 1.005806 -0.148902
v -0.291259 1.005806 -0.148902
v 0.142310 0.886461 -0.148902
v -0.291259 0.886461 -0.148902
v 0.142310 0.886461 -0.585725
v -0.291259 0.886461 -0.585725
vt 0.375000 0.000000
vt 0.625000 0.000000
vt 0.375000 0.250000
vt 0.625000 0.250000
vt 0.375000 0.500000
vt 0.625000 0.500000
vt 0.375000 0.750000
vt 0.625000 0.750000
vt 0.875000 0.000000
vt 0.875000 0.250000
vt 0.125000 0.000000
vt 0.125000 0.250000
vt 0.541667 0.250000
vt 0.541667 0.500000
vt 0.541667 0.750000
vt 0.541667 0.000000
vt 0.458333 0.250000
vt 0.458333 0.500000
vt 0.458333 0.750000
vt 0.458333 0.000000
vt 0.208333 0.250000
vt 0.375000 0.416667
vt 0.208333 0.000000
vt 0.791667 0.000000
vt 0.625000 0.416667
vt 0.791667 0.250000
vt 0.541667 0.416667
vt 0.458333 0.416667
vt 0.291667 0.250000
vt 0.375000 0.333333
vt 0.291667 0.000000
vt 0.708333 0.000000
vt 0.625000 0.333333
vt 0.708333 0.250000
vt 0.541667 0.333333
vt 0.458333 0.333333
vt 0.458333 0.333333
vt 0.541667 0.333333
vt 0.541667 0.416667
vt 0.458333 0.416667
vn 0.000000 0.000000 1.000000
vn 0.000000 0.000000 1.000000
vn 0.000000 0.000000 1.000000
vn 0.000000 0.000000 1.000000
vn 0.000000 1.000000 0.000000
vn 0.000000 1.000000 0.000000
vn 0.000000 1.000000 0.000000
vn 0.000000 1.000000 0.000000
vn 0.000000 0.000000 -1.000000
vn 0.000000 0.000000 -1.000000
vn 0.000000 0.000000 -1.000000
vn 0.000000 0.000000 -1.000000
vn 1.000000 0.000000 0.000000
vn 1.000000 0.000000 0.000000
vn 1.000000 0.000000 0.000000
vn 1.000000 0.000000 0.000000
vn -1.000000 0.000000 0.000000
vn -1.000000 0.000000 0.000000
vn -1.000000 0.000000 0.000000
vn -1.000000 0.000000 0.000000
vn 0.000000 1.000000 0.000000
vn 0.000000 1.000000 0.000000
vn 0.000000 1.000000 0.000000
vn 0.000000 1.000000 0.000000
vn 0.000000 0.000000 -1.000000
vn 0.000000 0.000000 -1.000000
vn 0.000000 0.000000 -1.000000
vn 0.000000 0.000000 -1.000000
vn 0.000000 0.000000 1.000000
vn 0.000000 0.000000 1.000000
vn 0.000000 0.000000 1.000000
vn 0.000000 0.000000 1.000000
vn -1.000000 0.000000 0.000000
vn -1.000000 0.000000 0.000000
vn -1.000000 0.000000 0.000000
vn -1.000000 0.000000 0.000000
vn 1.000000 0.000000 0.000000
vn 1.000000 0.000000 0.000000
vn 1.000000 0.000000 0.000000
vn 1.000000 0.000000 0.000000
vn 0.000000 1.000000 0.000000
vn 0.000000 1.000000 0.000000
vn 0.000000 1.000000 0.000000
vn 0.000000 1.000000 0.000000
vn 0.000000 1.000000 0.000000
vn 0.000000 1.000000 0.000000
vn 0.000000 1.000000 0.000000
vn 0.000000 1.000000 0.000000
vn 0.000000 1.000000 0.000000
vn 0.000000 1.000000 0.000000
vn 0.000000 1.000000 0.000000
vn 0.000000 1.000000 0.000000
vn 0.000000 0.000000 -1.000000
vn 0.000000 0.000000 -1.000000
vn 0.000000 0.000000 -1.000000
vn 0.000000 0.000000 -1.000000
vn -1.000000 0.000000 0.000000
vn -1.000000 0.000000 0.000000
vn -1.000000 0.000000 0.000000
vn -1.000000 0.000000 0.000000
vn 0.000000 0.000000 1.000000
vn 0.000000 0.000000 1.000000
vn 0.000000 0.000000 1.000000
vn 0.000000 0.000000 1.000000
vn 1.000000 0.000000 0.000000
vn 1.000000 0.000000 0.000000
vn 1.000000 0.000000 0.000000
vn 1.000000 0.000000 0.000000
s 1
g Adicionales group16 Centro_de_mesa pCube70
usemtl initialShadingGroup
f 2265/3351/4906 2280/3370/4907 2277/3367/4908 2267/3353/4909
s 2
f 2267/3353/4910 2277/3367/4911 2292/3386/4912 2287/3380/4913
s 3
f 2269/3355/4914 2278/3368/4915 2279/3369/4916 2271/3357/4917
s 4
f 2266/3352/4918 2289/3382/4919 2290/3384/4920 2268/3354/4921
s 5
f 2288/3381/4922 2265/3351/4923 2267/3353/4924 2287/3379/4925
s 2
f 2273/3363/4926 2268/3354/4927 2290/3383/4928 2291/3385/4929
s 3
f 2275/3365/4930 2274/3364/4931 2270/3356/4932 2272/3358/4933
s 1
f 2273/3363/4934 2276/3366/4935 2266/3352/4936 2268/3354/4937
s 2
f 2277/3367/4911 2273/3363/4926 2291/3385/4929 2292/3386/4912
s 3
f 2279/3369/4916 2278/3368/4915 2274/3364/4931 2275/3365/4930
s 1
f 2277/3367/4908 2280/3370/4907 2276/3366/4935 2273/3363/4934
s 5
f 2271/3361/4938 2282/3373/4939 2281/3371/4940 2269/3362/4941
s 4
f 2284/3376/4942 2283/3374/4943 2272/3359/4944 2270/3360/4945
s 2
f 2285/3377/4946 2284/3375/4947 2270/3356/4948 2274/3364/4949
f 2286/3378/4950 2285/3377/4946 2274/3364/4949 2278/3368/4951
f 2281/3372/4952 2286/3378/4950 2278/3368/4951 2269/3355/4953
s 5
f 2282/3373/4939 2288/3381/4922 2287/3379/4925 2281/3371/4940
s 4
f 2290/3384/4920 2289/3382/4919 2283/3374/4943 2284/3376/4942
s 2
f 2291/3385/4929 2290/3383/4928 2284/3375/4947 2285/3377/4946
s off
f 2294/3387/4954 2293/3388/4955 2295/3389/4956 2296/3390/4957
s 2
f 2287/3380/4913 2292/3386/4912 2286/3378/4950 2281/3372/4952
s off
f 2292/3386/4958 2291/3385/4959 2293/3388/4960 2294/3387/4961
f 2291/3385/4962 2285/3377/4963 2295/3389/4964 2293/3388/4965
f 2285/3377/4966 2286/3378/4967 2296/3390/4968 2295/3389/4969
f 2286/3378/4970 2292/3386/4971 2294/3387/4972 2296/3390/4973
g default
v 8.197007 22.256844 6.301227
v 8.254360 22.256844 6.301227
v 8.197007 22.487042 6.301227
v 8.254360 22.487042 6.301227
v 8.197007 22.487042 2.601281
v 8.254360 22.487042 2.601281
v 8.197007 22.256844 2.601281
v 8.254360 22.256844 2.601281
v 8.254360 22.487042 5.964868
v 8.254360 22.256844 5.964868
v 8.197007 22.256844 5.964868
v 8.197007 22.487042 5.964868
v 8.254360 22.487042 5.628510
v 8.254360 22.256844 5.628510
v 8.197007 22.256844 5.628510
v 8.197007 22.487042 5.628510
v 8.254360 22.487042 5.292151
v 8.254360 22.202073 5.292151
v 8.197007 22.202073 5.292151
v 8.197007 22.487042 5.292151
v 8.254360 22.487042 4.955792
v 8.254360 22.129379 4.955792
v 8.197007 22.129379 4.955792
v 8.197007 22.487042 4.955792
v 8.254360 22.487042 4.619433
v 8.254360 21.962417 4.619433
v 8.197007 21.962417 4.619433
v 8.197007 22.487042 4.619433
v 8.254360 22.487042 4.283075
v 8.254360 21.749821 4.283075
v 8.197007 21.749821 4.283075
v 8.197007 22.487042 4.283075
v 8.254360 22.487042 3.946716
v 8.254360 21.677805 3.946716
v 8.197007 21.677805 3.946716
v 8.197007 22.487042 3.946716
v 8.254360 22.487042 3.610357
v 8.254360 21.749821 3.610357
v 8.197007 21.749821 3.610357
v 8.197007 22.487042 3.610357
v 8.254360 22.487042 3.273999
v 8.254360 21.962417 3.273999
v 8.197007 21.962417 3.273999
v 8.197007 22.487042 3.273999
v 8.254360 22.487042 2.937640
v 8.254360 22.129379 2.937640
v 8.197007 22.129379 2.937640
v 8.197007 22.487042 2.937640
vt 0.375000 0.000000
vt 0.625000 0.000000
vt 0.375000 0.250000
vt 0.625000 0.250000
vt 0.375000 0.750000
vt 0.625000 0.750000
vt 0.375000 1.000000
vt 0.625000 1.000000
vt 0.875000 0.000000
vt 0.875000 0.250000
vt 0.125000 0.000000
vt 0.125000 0.250000
vt 0.647727 0.250000
vt 0.625000 0.977273
vt 0.647727 0.000000
vt 0.352273 0.000000
vt 0.375000 0.977273
vt 0.352273 0.250000
vt 0.670455 0.250000
vt 0.625000 0.954545
vt 0.670455 0.000000
vt 0.329545 0.000000
vt 0.375000 0.954545
vt 0.329545 0.250000
vt 0.693182 0.250000
vt 0.625000 0.931818
vt 0.693182 0.000000
vt 0.306818 0.000000
vt 0.375000 0.931818
vt 0.306818 0.250000
vt 0.715909 0.250000
vt 0.625000 0.909091
vt 0.715909 0.000000
vt 0.284091 0.000000
vt 0.375000 0.909091
vt 0.284091 0.250000
vt 0.738636 0.250000
vt 0.625000 0.886364
vt 0.738636 0.000000
vt 0.261364 0.000000
vt 0.375000 0.886364
vt 0.261364 0.250000
vt 0.761364 0.250000
vt 0.625000 0.863636
vt 0.761364 0.000000
vt 0.238636 0.000000
vt 0.375000 0.863636
vt 0.238636 0.250000
vt 0.784091 0.250000
vt 0.625000 0.840909
vt 0.784091 0.000000
vt 0.215909 0.000000
vt 0.375000 0.840909
vt 0.215909 0.250000
vt 0.806818 0.250000
vt 0.625000 0.818182
vt 0.806818 0.000000
vt 0.193182 0.000000
vt 0.375000 0.818182
vt 0.193182 0.250000
vt 0.829545 0.250000
vt 0.625000 0.795455
vt 0.829545 0.000000
vt 0.170455 0.000000
vt 0.375000 0.795455
vt 0.170455 0.250000
vt 0.852273 0.250000
vt 0.625000 0.772727
vt 0.852273 0.000000
vt 0.147727 0.000000
vt 0.375000 0.772727
vt 0.147727 0.250000
vn 0.000000 -0.935106 -0.354368
vn 0.000000 -0.935106 -0.354368
vn 0.000000 -0.916101 -0.400948
vn 0.000000 -0.916101 -0.400948
vn 1.000000 0.000000 0.000000
vn 1.000000 0.000000 0.000000
vn 1.000000 0.000000 0.000000
vn 1.000000 0.000000 0.000000
vn -1.000000 0.000000 0.000000
vn -1.000000 0.000000 0.000000
vn -1.000000 0.000000 0.000000
vn -1.000000 0.000000 0.000000
vn 1.000000 0.000000 0.000000
vn 1.000000 0.000000 0.000000
vn 1.000000 0.000000 0.000000
vn 1.000000 0.000000 0.000000
vn 0.000000 -1.000000 0.000000
vn 0.000000 -1.000000 0.000000
vn 0.000000 -1.000000 0.000000
vn 0.000000 -1.000000 0.000000
vn -1.000000 0.000000 0.000000
vn -1.000000 0.000000 0.000000
vn -1.000000 0.000000 0.000000
vn -1.000000 0.000000 0.000000
vn 1.000000 0.000000 0.000000
vn 1.000000 0.000000 0.000000
vn 0.000000 -0.996702 0.081151
vn 0.000000 -0.996702 0.081151
vn -1.000000 0.000000 0.000000
vn -1.000000 0.000000 0.000000
vn 1.000000 0.000000 0.000000
vn 1.000000 0.000000 0.000000
vn 0.000000 -0.982518 0.186168
vn 0.000000 -0.982518 0.186168
vn -1.000000 0.000000 0.000000
vn -1.000000 0.000000 0.000000
vn 1.000000 0.000000 0.000000
vn 1.000000 0.000000 0.000000
vn 0.000000 -0.942008 0.335589
vn 0.000000 -0.942008 0.335589
vn -1.000000 0.000000 0.000000
vn -1.000000 0.000000 0.000000
vn 1.000000 0.000000 0.000000
vn 1.000000 0.000000 0.000000
vn 0.000000 -0.870937 0.491395
vn 0.000000 -0.870937 0.491395
vn -1.000000 0.000000 0.000000
vn -1.000000 0.000000 0.000000
vn 1.000000 0.000000 0.000000
vn 1.000000 0.000000 0.000000
vn 0.000000 -0.920967 0.389641
vn 0.000000 -0.920967 0.389641
vn -1.000000 0.000000 0.000000
vn -1.000000 0.000000 0.000000
vn 1.000000 0.000000 0.000000
vn 1.000000 0.000000 0.000000
vn 0.000000 -1.000000 0.000000
vn 0.000000 -1.000000 0.000000
vn -1.000000 0.000000 0.000000
vn -1.000000 0.000000 0.000000
vn 1.000000 0.000000 0.000000
vn 1.000000 0.000000 0.000000
vn 0.000000 -0.920967 -0.389641
vn 0.000000 -0.920967 -0.389641
vn -1.000000 0.000000 0.000000
vn -1.000000 0.000000 0.000000
vn 1.000000 0.000000 0.000000
vn 1.000000 0.000000 0.000000
vn 0.000000 -0.870937 -0.491395
vn 0.000000 -0.870937 -0.491395
vn -1.000000 0.000000 0.000000
vn -1.000000 0.000000 0.000000
s 1
g Adicionales group16 pCube66 Techo
usemtl initialShadingGroup
f 2303/3395/4974 2304/3396/4975 2342/3458/4976 2343/3461/4977
s 2
f 2342/3459/4978 2304/3399/4979 2302/3400/4980 2341/3457/4981
s 3
f 2303/3401/4982 2343/3460/4983 2344/3462/4984 2301/3402/4985
s 2
f 2298/3392/4986 2306/3405/4987 2305/3403/4988 2300/3394/4989
s 1
f 2307/3407/4990 2306/3404/4991 2298/3398/4992 2297/3397/4993
s 3
f 2308/3408/4994 2307/3406/4995 2297/3391/4996 2299/3393/4997
s 2
f 2306/3405/4987 2310/3411/4998 2309/3409/4999 2305/3403/4988
s 1
f 2311/3413/5000 2310/3410/5001 2306/3404/4991 2307/3407/4990
s 3
f 2312/3414/5002 2311/3412/5003 2307/3406/4995 2308/3408/4994
s 2
f 2310/3411/4998 2314/3417/5004 2313/3415/5005 2309/3409/4999
s 1
f 2315/3419/5006 2314/3416/5007 2310/3410/5001 2311/3413/5000
s 3
f 2316/3420/5008 2315/3418/5009 2311/3412/5003 2312/3414/5002
s 2
f 2314/3417/5004 2318/3423/5010 2317/3421/5011 2313/3415/5005
s 1
f 2319/3425/5012 2318/3422/5013 2314/3416/5007 2315/3419/5006
s 3
f 2320/3426/5014 2319/3424/5015 2315/3418/5009 2316/3420/5008
s 2
f 2318/3423/5010 2322/3429/5016 2321/3427/5017 2317/3421/5011
s 1
f 2323/3431/5018 2322/3428/5019 2318/3422/5013 2319/3425/5012
s 3
f 2324/3432/5020 2323/3430/5021 2319/3424/5015 2320/3426/5014
s 2
f 2322/3429/5016 2326/3435/5022 2325/3433/5023 2321/3427/5017
s 1
f 2327/3437/5024 2326/3434/5025 2322/3428/5019 2323/3431/5018
s 3
f 2328/3438/5026 2327/3436/5027 2323/3430/5021 2324/3432/5020
s 2
f 2326/3435/5022 2330/3441/5028 2329/3439/5029 2325/3433/5023
s 1
f 2331/3443/5030 2330/3440/5031 2326/3434/5025 2327/3437/5024
s 3
f 2332/3444/5032 2331/3442/5033 2327/3436/5027 2328/3438/5026
s 2
f 2330/3441/5028 2334/3447/5034 2333/3445/5035 2329/3439/5029
s 1
f 2335/3449/5036 2334/3446/5037 2330/3440/5031 2331/3443/5030
s 3
f 2336/3450/5038 2335/3448/5039 2331/3442/5033 2332/3444/5032
s 2
f 2334/3447/5034 2338/3453/5040 2337/3451/5041 2333/3445/5035
s 1
f 2339/3455/5042 2338/3452/5043 2334/3446/5037 2335/3449/5036
s 3
f 2340/3456/5044 2339/3454/5045 2335/3448/5039 2336/3450/5038
s 2
f 2338/3453/5040 2342/3459/4978 2341/3457/4981 2337/3451/5041
s 1
f 2343/3461/4977 2342/3458/4976 2338/3452/5043 2339/3455/5042
s 3
f 2344/3462/4984 2343/3460/4983 2339/3454/5045 2340/3456/5044
g default
v 8.724557 22.256844 6.301227
v 8.781908 22.256844 6.301227
v 8.724557 22.487042 6.301227
v 8.781908 22.487042 6.301227
v 8.724557 22.487042 2.601281
v 8.781908 22.487042 2.601281
v 8.724557 22.256844 2.601281
v 8.781908 22.256844 2.601281
v 8.781908 22.487042 5.964868
v 8.781908 22.176131 5.964868
v 8.724557 22.176131 5.964868
v 8.724557 22.487042 5.964868
v 8.781908 22.487042 5.628510
v 8.781908 22.002827 5.628510
v 8.724557 22.002827 5.628510
v 8.724557 22.487042 5.628510
v 8.781908 22.487042 5.292151
v 8.781908 21.912363 5.292151
v 8.724557 21.912363 5.292151
v 8.724557 22.487042 5.292151
v 8.781908 22.487042 4.955792
v 8.781908 21.953868 4.955792
v 8.724557 21.953868 4.955792
v 8.724557 22.487042 4.955792
v 8.781908 22.487042 4.619433
v 8.781908 22.094085 4.619433
v 8.724557 22.094085 4.619433
v 8.724557 22.487042 4.619433
v 8.781908 22.487042 4.283075
v 8.781908 22.187884 4.283075
v 8.724557 22.187884 4.283075
v 8.724557 22.487042 4.283075
v 8.781908 22.487042 3.946716
v 8.781908 22.232384 3.946716
v 8.724557 22.232384 3.946716
v 8.724557 22.487042 3.946716
v 8.781908 22.487042 3.610357
v 8.781908 22.256844 3.610357
v 8.724557 22.256844 3.610357
v 8.724557 22.487042 3.610357
v 8.781908 22.487042 3.273999
v 8.781908 22.256844 3.273999
v 8.724557 22.256844 3.273999
v 8.724557 22.487042 3.273999
v 8.781908 22.487042 2.937640
v 8.781908 22.256844 2.937640
v 8.724557 22.256844 2.937640
v 8.724557 22.487042 2.937640
vt 0.375000 0.000000
vt 0.625000 0.000000
vt 0.375000 0.250000
vt 0.625000 0.250000
vt 0.375000 0.750000
vt 0.625000 0.750000
vt 0.375000 1.000000
vt 0.625000 1.000000
vt 0.875000 0.000000
vt 0.875000 0.250000
vt 0.125000 0.000000
vt 0.125000 0.250000
vt 0.647727 0.250000
vt 0.625000 0.977273
vt 0.647727 0.000000
vt 0.352273 0.000000
vt 0.375000 0.977273
vt 0.352273 0.250000
vt 0.670455 0.250000
vt 0.625000 0.954545
vt 0.670455 0.000000
vt 0.329545 0.000000
vt 0.375000 0.954545
vt 0.329545 0.250000
vt 0.693182 0.250000
vt 0.625000 0.931818
vt 0.693182 0.000000
vt 0.306818 0.000000
vt 0.375000 0.931818
vt 0.306818 0.250000
vt 0.715909 0.250000
vt 0.625000 0.909091
vt 0.715909 0.000000
vt 0.284091 0.000000
vt 0.375000 0.909091
vt 0.284091 0.250000
vt 0.738636 0.250000
vt 0.625000 0.886364
vt 0.738636 0.000000
vt 0.261364 0.000000
vt 0.375000 0.886364
vt 0.261364 0.250000
vt 0.761364 0.250000
vt 0.625000 0.863636
vt 0.761364 0.000000
vt 0.238636 0.000000
vt 0.375000 0.863636
vt 0.238636 0.250000
vt 0.784091 0.250000
vt 0.625000 0.840909
vt 0.784091 0.000000
vt 0.215909 0.000000
vt 0.375000 0.840909
vt 0.215909 0.250000
vt 0.806818 0.250000
vt 0.625000 0.818182
vt 0.806818 0.000000
vt 0.193182 0.000000
vt 0.375000 0.818182
vt 0.193182 0.250000
vt 0.829545 0.250000
vt 0.625000 0.795455
vt 0.829545 0.000000
vt 0.170455 0.000000
vt 0.375000 0.795455
vt 0.170455 0.250000
vt 0.852273 0.250000
vt 0.625000 0.772727
vt 0.852273 0.000000
vt 0.147727 0.000000
vt 0.375000 0.772727
vt 0.147727 0.250000
vn 0.000000 -1.000000 0.000000
vn 0.000000 -1.000000 0.000000
vn 0.000000 -1.000000 0.000000
vn 0.000000 -1.000000 0.000000
vn 1.000000 0.000000 0.000000
vn 1.000000 0.000000 0.000000
vn 1.000000 0.000000 0.000000
vn 1.000000 0.000000 0.000000
vn -1.000000 0.000000 0.000000
vn -1.000000 0.000000 0.000000
vn -1.000000 0.000000 0.000000
vn -1.000000 0.000000 0.000000
vn 1.000000 0.000000 0.000000
vn 1.000000 0.000000 0.000000
vn 1.000000 0.000000 0.000000
vn 1.000000 0.000000 0.000000
vn 0.000000 -0.935528 0.353254
vn 0.000000 -0.935528 0.353254
vn 0.000000 -0.972395 0.233339
vn 0.000000 -0.972395 0.233339
vn -1.000000 0.000000 0.000000
vn -1.000000 0.000000 0.000000
vn -1.000000 0.000000 0.000000
vn -1.000000 0.000000 0.000000
vn 1.000000 0.000000 0.000000
vn 1.000000 0.000000 0.000000
vn 0.000000 -0.930993 0.365037
vn 0.000000 -0.930993 0.365037
vn -1.000000 0.000000 0.000000
vn -1.000000 0.000000 0.000000
vn 1.000000 0.000000 0.000000
vn 1.000000 0.000000 0.000000
vn 0.000000 -0.997362 0.072586
vn 0.000000 -0.997362 0.072586
vn -1.000000 0.000000 0.000000
vn -1.000000 0.000000 0.000000
vn 1.000000 0.000000 0.000000
vn 1.000000 0.000000 0.000000
vn 0.000000 -0.965397 -0.260783
vn 0.000000 -0.965397 -0.260783
vn -1.000000 0.000000 0.000000
vn -1.000000 0.000000 0.000000
vn 1.000000 0.000000 0.000000
vn 1.000000 0.000000 0.000000
vn 0.000000 -0.944485 -0.328554
vn 0.000000 -0.944485 -0.328554
vn -1.000000 0.000000 0.000000
vn -1.000000 0.000000 0.000000
vn 1.000000 0.000000 0.000000
vn 1.000000 0.000000 0.000000
vn 0.000000 -0.979515 -0.201373
vn 0.000000 -0.979515 -0.201373
vn -1.000000 0.000000 0.000000
vn -1.000000 0.000000 0.000000
vn 1.000000 0.000000 0.000000
vn 1.000000 0.000000 0.000000
vn 0.000000 -0.994787 -0.101975
vn 0.000000 -0.994787 -0.101975
vn -1.000000 0.000000 0.000000
vn -1.000000 0.000000 0.000000
vn 1.000000 0.000000 0.000000
vn 1.000000 0.000000 0.000000
vn 0.000000 -0.999340 -0.036336
vn 0.000000 -0.999340 -0.036336
vn -1.000000 0.000000 0.000000
vn -1.000000 0.000000 0.000000
vn 1.000000 0.000000 0.000000
vn 1.000000 0.000000 0.000000
vn 0.000000 -1.000000 0.000000
vn 0.000000 -1.000000 0.000000
vn -1.000000 0.000000 0.000000
vn -1.000000 0.000000 0.000000
s 1
g Adicionales group16 Techo pCube64
usemtl initialShadingGroup
f 2351/3467/5046 2352/3468/5047 2390/3530/5048 2391/3533/5049
s 2
f 2390/3531/5050 2352/3471/5051 2350/3472/5052 2389/3529/5053
s 3
f 2351/3473/5054 2391/3532/5055 2392/3534/5056 2349/3474/5057
s 2
f 2346/3464/5058 2354/3477/5059 2353/3475/5060 2348/3466/5061
s 1
f 2355/3479/5062 2354/3476/5063 2346/3470/5064 2345/3469/5065
s 3
f 2356/3480/5066 2355/3478/5067 2345/3463/5068 2347/3465/5069
s 2
f 2354/3477/5059 2358/3483/5070 2357/3481/5071 2353/3475/5060
s 1
f 2359/3485/5072 2358/3482/5073 2354/3476/5063 2355/3479/5062
s 3
f 2360/3486/5074 2359/3484/5075 2355/3478/5067 2356/3480/5066
s 2
f 2358/3483/5070 2362/3489/5076 2361/3487/5077 2357/3481/5071
s 1
f 2363/3491/5078 2362/3488/5079 2358/3482/5073 2359/3485/5072
s 3
f 2364/3492/5080 2363/3490/5081 2359/3484/5075 2360/3486/5074
s 2
f 2362/3489/5076 2366/3495/5082 2365/3493/5083 2361/3487/5077
s 1
f 2367/3497/5084 2366/3494/5085 2362/3488/5079 2363/3491/5078
s 3
f 2368/3498/5086 2367/3496/5087 2363/3490/5081 2364/3492/5080
s 2
f 2366/3495/5082 2370/3501/5088 2369/3499/5089 2365/3493/5083
s 1
f 2371/3503/5090 2370/3500/5091 2366/3494/5085 2367/3497/5084
s 3
f 2372/3504/5092 2371/3502/5093 2367/3496/5087 2368/3498/5086
s 2
f 2370/3501/5088 2374/3507/5094 2373/3505/5095 2369/3499/5089
s 1
f 2375/3509/5096 2374/3506/5097 2370/3500/5091 2371/3503/5090
s 3
f 2376/3510/5098 2375/3508/5099 2371/3502/5093 2372/3504/5092
s 2
f 2374/3507/5094 2378/3513/5100 2377/3511/5101 2373/3505/5095
s 1
f 2379/3515/5102 2378/3512/5103 2374/3506/5097 2375/3509/5096
s 3
f 2380/3516/5104 2379/3514/5105 2375/3508/5099 2376/3510/5098
s 2
f 2378/3513/5100 2382/3519/5106 2381/3517/5107 2377/3511/5101
s 1
f 2383/3521/5108 2382/3518/5109 2378/3512/5103 2379/3515/5102
s 3
f 2384/3522/5110 2383/3520/5111 2379/3514/5105 2380/3516/5104
s 2
f 2382/3519/5106 2386/3525/5112 2385/3523/5113 2381/3517/5107
s 1
f 2387/3527/5114 2386/3524/5115 2382/3518/5109 2383/3521/5108
s 3
f 2388/3528/5116 2387/3526/5117 2383/3520/5111 2384/3522/5110
s 2
f 2386/3525/5112 2390/3531/5050 2389/3529/5053 2385/3523/5113
s 1
f 2391/3533/5049 2390/3530/5048 2386/3524/5115 2387/3527/5114
s 3
f 2392/3534/5056 2391/3532/5055 2387/3526/5117 2388/3528/5116
g default
v 8.454955 22.256844 6.301227
v 8.512307 22.256844 6.301227
v 8.454955 22.487042 6.301227
v 8.512307 22.487042 6.301227
v 8.454955 22.487042 2.601281
v 8.512307 22.487042 2.601281
v 8.454955 22.256844 2.601281
v 8.512307 22.256844 2.601281
v 8.512307 22.487042 5.964868
v 8.512307 22.256844 5.964868
v 8.454955 22.256844 5.964868
v 8.454955 22.487042 5.964868
v 8.512307 22.487042 5.628510
v 8.512307 22.256844 5.628510
v 8.454955 22.256844 5.628510
v 8.454955 22.487042 5.628510
v 8.512307 22.487042 5.292151
v 8.512307 22.195640 5.292151
v 8.454955 22.195640 5.292151
v 8.454955 22.487042 5.292151
v 8.512307 22.487042 4.955792
v 8.512307 22.070623 4.955792
v 8.454955 22.070623 4.955792
v 8.454955 22.487042 4.955792
v 8.512307 22.487042 4.619433
v 8.512307 21.882914 4.619433
v 8.454955 21.882914 4.619433
v 8.454955 22.487042 4.619433
v 8.512307 22.487042 4.283075
v 8.512307 21.791327 4.283075
v 8.454955 21.791327 4.283075
v 8.454955 22.487042 4.283075
v 8.512307 22.487042 3.946716
v 8.512307 21.882914 3.946716
v 8.454955 21.882914 3.946716
v 8.454955 22.487042 3.946716
v 8.512307 22.487042 3.610357
v 8.512307 22.070623 3.610357
v 8.454955 22.070623 3.610357
v 8.454955 22.487042 3.610357
v 8.512307 22.487042 3.273999
v 8.512307 22.195640 3.273999
v 8.454955 22.195640 3.273999
v 8.454955 22.487042 3.273999
v 8.512307 22.487042 2.937640
v 8.512307 22.256844 2.937640
v 8.454955 22.256844 2.937640
v 8.454955 22.487042 2.937640
vt 0.375000 0.000000
vt 0.625000 0.000000
vt 0.375000 0.250000
vt 0.625000 0.250000
vt 0.375000 0.750000
vt 0.625000 0.750000
vt 0.375000 1.000000
vt 0.625000 1.000000
vt 0.875000 0.000000
vt 0.875000 0.250000
vt 0.125000 0.000000
vt 0.125000 0.250000
vt 0.647727 0.250000
vt 0.625000 0.977273
vt 0.647727 0.000000
vt 0.352273 0.000000
vt 0.375000 0.977273
vt 0.352273 0.250000
vt 0.670455 0.250000
vt 0.625000 0.954545
vt 0.670455 0.000000
vt 0.329545 0.000000
vt 0.375000 0.954545
vt 0.329545 0.250000
vt 0.693182 0.250000
vt 0.625000 0.931818
vt 0.693182 0.000000
vt 0.306818 0.000000
vt 0.375000 0.931818
vt 0.306818 0.250000
vt 0.715909 0.250000
vt 0.625000 0.909091
vt 0.715909 0.000000
vt 0.284091 0.000000
vt 0.375000 0.909091
vt 0.284091 0.250000
vt 0.738636 0.250000
vt 0.625000 0.886364
vt 0.738636 0.000000
vt 0.261364 0.000000
vt 0.375000 0.886364
vt 0.261364 0.250000
vt 0.761364 0.250000
vt 0.625000 0.863636
vt 0.761364 0.000000
vt 0.238636 0.000000
vt 0.375000 0.863636
vt 0.238636 0.250000
vt 0.784091 0.250000
vt 0.625000 0.840909
vt 0.784091 0.000000
vt 0.215909 0.000000
vt 0.375000 0.840909
vt 0.215909 0.250000
vt 0.806818 0.250000
vt 0.625000 0.818182
vt 0.806818 0.000000
vt 0.193182 0.000000
vt 0.375000 0.818182
vt 0.193182 0.250000
vt 0.829545 0.250000
vt 0.625000 0.795455
vt 0.829545 0.000000
vt 0.170455 0.000000
vt 0.375000 0.795455
vt 0.170455 0.250000
vt 0.852273 0.250000
vt 0.625000 0.772727
vt 0.852273 0.000000
vt 0.147727 0.000000
vt 0.375000 0.772727
vt 0.147727 0.250000
vn 0.000000 -1.000000 0.000000
vn 0.000000 -1.000000 0.000000
vn 0.000000 -0.995887 -0.090607
vn 0.000000 -0.995887 -0.090607
vn 1.000000 0.000000 0.000000
vn 1.000000 0.000000 0.000000
vn 1.000000 0.000000 0.000000
vn 1.000000 0.000000 0.000000
vn -1.000000 0.000000 0.000000
vn -1.000000 0.000000 0.000000
vn -1.000000 0.000000 0.000000
vn -1.000000 0.000000 0.000000
vn 1.000000 0.000000 0.000000
vn 1.000000 0.000000 0.000000
vn 1.000000 0.000000 0.000000
vn 1.000000 0.000000 0.000000
vn 0.000000 -1.000000 0.000000
vn 0.000000 -1.000000 0.000000
vn 0.000000 -1.000000 0.000000
vn 0.000000 -1.000000 0.000000
vn -1.000000 0.000000 0.000000
vn -1.000000 0.000000 0.000000
vn -1.000000 0.000000 0.000000
vn -1.000000 0.000000 0.000000
vn 1.000000 0.000000 0.000000
vn 1.000000 0.000000 0.000000
vn 0.000000 -0.995887 0.090607
vn 0.000000 -0.995887 0.090607
vn -1.000000 0.000000 0.000000
vn -1.000000 0.000000 0.000000
vn 1.000000 0.000000 0.000000
vn 1.000000 0.000000 0.000000
vn 0.000000 -0.963755 0.266787
vn 0.000000 -0.963755 0.266787
vn -1.000000 0.000000 0.000000
vn -1.000000 0.000000 0.000000
vn 1.000000 0.000000 0.000000
vn 1.000000 0.000000 0.000000
vn 0.000000 -0.906806 0.421547
vn 0.000000 -0.906806 0.421547
vn -1.000000 0.000000 0.000000
vn -1.000000 0.000000 0.000000
vn 1.000000 0.000000 0.000000
vn 1.000000 0.000000 0.000000
vn 0.000000 -0.923565 0.383443
vn 0.000000 -0.923565 0.383443
vn -1.000000 0.000000 0.000000
vn -1.000000 0.000000 0.000000
vn 1.000000 0.000000 0.000000
vn 1.000000 0.000000 0.000000
vn 0.000000 -1.000000 -0.000000
vn 0.000000 -1.000000 -0.000000
vn -1.000000 0.000000 0.000000
vn -1.000000 0.000000 0.000000
vn 1.000000 0.000000 0.000000
vn 1.000000 0.000000 0.000000
vn 0.000000 -0.923564 -0.383445
vn 0.000000 -0.923564 -0.383445
vn -1.000000 0.000000 0.000000
vn -1.000000 0.000000 0.000000
vn 1.000000 0.000000 0.000000
vn 1.000000 0.000000 0.000000
vn 0.000000 -0.906806 -0.421549
vn 0.000000 -0.906806 -0.421549
vn -1.000000 0.000000 0.000000
vn -1.000000 0.000000 0.000000
vn 1.000000 0.000000 0.000000
vn 1.000000 0.000000 0.000000
vn 0.000000 -0.963755 -0.266788
vn 0.000000 -0.963755 -0.266788
vn -1.000000 0.000000 0.000000
vn -1.000000 0.000000 0.000000
s 1
g Adicionales group16 Techo pCube65
usemtl initialShadingGroup
f 2399/3539/5118 2400/3540/5119 2438/3602/5120 2439/3605/5121
s 2
f 2438/3603/5122 2400/3543/5123 2398/3544/5124 2437/3601/5125
s 3
f 2399/3545/5126 2439/3604/5127 2440/3606/5128 2397/3546/5129
s 2
f 2394/3536/5130 2402/3549/5131 2401/3547/5132 2396/3538/5133
s 1
f 2403/3551/5134 2402/3548/5135 2394/3542/5136 2393/3541/5137
s 3
f 2404/3552/5138 2403/3550/5139 2393/3535/5140 2395/3537/5141
s 2
f 2402/3549/5131 2406/3555/5142 2405/3553/5143 2401/3547/5132
s 1
f 2407/3557/5144 2406/3554/5145 2402/3548/5135 2403/3551/5134
s 3
f 2408/3558/5146 2407/3556/5147 2403/3550/5139 2404/3552/5138
s 2
f 2406/3555/5142 2410/3561/5148 2409/3559/5149 2405/3553/5143
s 1
f 2411/3563/5150 2410/3560/5151 2406/3554/5145 2407/3557/5144
s 3
f 2412/3564/5152 2411/3562/5153 2407/3556/5147 2408/3558/5146
s 2
f 2410/3561/5148 2414/3567/5154 2413/3565/5155 2409/3559/5149
s 1
f 2415/3569/5156 2414/3566/5157 2410/3560/5151 2411/3563/5150
s 3
f 2416/3570/5158 2415/3568/5159 2411/3562/5153 2412/3564/5152
s 2
f 2414/3567/5154 2418/3573/5160 2417/3571/5161 2413/3565/5155
s 1
f 2419/3575/5162 2418/3572/5163 2414/3566/5157 2415/3569/5156
s 3
f 2420/3576/5164 2419/3574/5165 2415/3568/5159 2416/3570/5158
s 2
f 2418/3573/5160 2422/3579/5166 2421/3577/5167 2417/3571/5161
s 1
f 2423/3581/5168 2422/3578/5169 2418/3572/5163 2419/3575/5162
s 3
f 2424/3582/5170 2423/3580/5171 2419/3574/5165 2420/3576/5164
s 2
f 2422/3579/5166 2426/3585/5172 2425/3583/5173 2421/3577/5167
s 1
f 2427/3587/5174 2426/3584/5175 2422/3578/5169 2423/3581/5168
s 3
f 2428/3588/5176 2427/3586/5177 2423/3580/5171 2424/3582/5170
s 2
f 2426/3585/5172 2430/3591/5178 2429/3589/5179 2425/3583/5173
s 1
f 2431/3593/5180 2430/3590/5181 2426/3584/5175 2427/3587/5174
s 3
f 2432/3594/5182 2431/3592/5183 2427/3586/5177 2428/3588/5176
s 2
f 2430/3591/5178 2434/3597/5184 2433/3595/5185 2429/3589/5179
s 1
f 2435/3599/5186 2434/3596/5187 2430/3590/5181 2431/3593/5180
s 3
f 2436/3600/5188 2435/3598/5189 2431/3592/5183 2432/3594/5182
s 2
f 2434/3597/5184 2438/3603/5122 2437/3601/5125 2433/3595/5185
s 1
f 2439/3605/5121 2438/3602/5120 2434/3596/5187 2435/3599/5186
s 3
f 2440/3606/5128 2439/3604/5127 2435/3598/5189 2436/3600/5188
g default
v -10.377593 22.205906 2.608113
v 10.127312 22.205906 2.608113
v -10.377593 22.498024 2.608113
v 10.127312 22.498024 2.608113
v -10.377593 22.498024 -3.013476
v 10.127312 22.498024 -3.013476
v -10.377593 22.205906 -3.013476
v 10.127312 22.205906 -3.013476
vt 0.375000 0.000000
vt 0.625000 0.000000
vt 0.375000 0.250000
vt 0.625000 0.250000
vt 0.375000 0.500000
vt 0.625000 0.500000
vt 0.375000 0.750000
vt 0.625000 0.750000
vt 0.375000 1.000000
vt 0.625000 1.000000
vt 0.875000 0.000000
vt 0.875000 0.250000
vt 0.125000 0.000000
vt 0.125000 0.250000
vn 0.000000 0.000000 1.000000
vn 0.000000 0.000000 1.000000
vn 0.000000 0.000000 1.000000
vn 0.000000 0.000000 1.000000
vn 0.000000 0.000000 -1.000000
vn 0.000000 0.000000 -1.000000
vn 0.000000 0.000000 -1.000000
vn 0.000000 0.000000 -1.000000
vn 0.000000 -1.000000 0.000000
vn 0.000000 -1.000000 0.000000
vn 0.000000 -1.000000 0.000000
vn 0.000000 -1.000000 0.000000
vn 1.000000 0.000000 0.000000
vn 1.000000 0.000000 0.000000
vn 1.000000 0.000000 0.000000
vn 1.000000 0.000000 0.000000
vn -1.000000 0.000000 0.000000
vn -1.000000 0.000000 0.000000
vn -1.000000 0.000000 0.000000
vn -1.000000 0.000000 0.000000
s off
g Adicionales group16 Techo pCube63
usemtl initialShadingGroup
f 2441/3607/5190 2442/3608/5191 2444/3610/5192 2443/3609/5193
f 2445/3611/5194 2446/3612/5195 2448/3614/5196 2447/3613/5197
f 2447/3613/5198 2448/3614/5199 2442/3616/5200 2441/3615/5201
f 2442/3608/5202 2448/3617/5203 2446/3618/5204 2444/3610/5205
f 2447/3619/5206 2441/3607/5207 2443/3609/5208 2445/3620/5209
g default
v -10.377593 22.183491 8.027447
v 10.127312 22.183491 8.027447
v -10.377593 22.493523 8.027447
v 10.127312 22.493523 8.027447
v -10.377593 22.493523 6.258911
v 10.127312 22.493523 6.258911
v -10.377593 22.183491 6.258911
v 10.127312 22.183491 6.258911
vt 0.375000 0.000000
vt 0.625000 0.000000
vt 0.375000 0.250000
vt 0.625000 0.250000
vt 0.375000 0.500000
vt 0.625000 0.500000
vt 0.375000 0.750000
vt 0.625000 0.750000
vt 0.375000 1.000000
vt 0.625000 1.000000
vt 0.875000 0.000000
vt 0.875000 0.250000
vt 0.125000 0.000000
vt 0.125000 0.250000
vn 0.000000 0.000000 1.000000
vn 0.000000 0.000000 1.000000
vn 0.000000 0.000000 1.000000
vn 0.000000 0.000000 1.000000
vn 0.000000 0.000000 -1.000000
vn 0.000000 0.000000 -1.000000
vn 0.000000 0.000000 -1.000000
vn 0.000000 0.000000 -1.000000
vn 0.000000 -1.000000 0.000000
vn 0.000000 -1.000000 0.000000
vn 0.000000 -1.000000 0.000000
vn 0.000000 -1.000000 0.000000
vn 1.000000 0.000000 0.000000
vn 1.000000 0.000000 0.000000
vn 1.000000 0.000000 0.000000
vn 1.000000 0.000000 0.000000
vn -1.000000 0.000000 0.000000
vn -1.000000 0.000000 0.000000
vn -1.000000 0.000000 0.000000
vn -1.000000 0.000000 0.000000
s off
g Adicionales group16 Techo pCube62
usemtl initialShadingGroup
f 2449/3621/5210 2450/3622/5211 2452/3624/5212 2451/3623/5213
f 2453/3625/5214 2454/3626/5215 2456/3628/5216 2455/3627/5217
f 2455/3627/5218 2456/3628/5219 2450/3630/5220 2449/3629/5221
f 2450/3622/5222 2456/3631/5223 2454/3632/5224 2452/3624/5225
f 2455/3633/5226 2449/3621/5227 2451/3623/5228 2453/3634/5229
g default
v -7.711607 2.903044 7.646885
v -7.735868 2.903169 7.656933
v -7.760129 2.903044 7.646885
v -7.770178 2.902740 7.622626
v -7.760129 2.902436 7.598367
v -7.735868 2.902310 7.588318
v -7.711607 2.902436 7.598367
v -7.701558 2.902740 7.622626
v -7.711607 0.245164 7.680153
v -7.735868 0.245289 7.690202
v -7.760129 0.245164 7.680153
v -7.770178 0.244860 7.655894
v -7.760129 0.244556 7.631635
v -7.735868 0.244431 7.621586
v -7.711607 0.244556 7.631635
v -7.701558 0.244860 7.655894
v -7.672389 0.205827 7.719866
v -7.735868 0.206156 7.746158
v -7.799346 0.205827 7.719866
v -7.825641 0.205032 7.656393
v -7.799346 0.204238 7.592919
v -7.735868 0.203909 7.566628
v -7.672389 0.204238 7.592919
v -7.646095 0.205032 7.656393
v -7.600441 0.172677 7.792237
v -7.735867 0.173379 7.848327
v -7.871295 0.172677 7.792237
v -7.927392 0.170982 7.656819
v -7.871295 0.169287 7.521402
v -7.735867 0.168585 7.465310
v -7.600441 0.169287 7.521402
v -7.544344 0.170982 7.656819
v -7.600441 0.156047 7.792445
v -7.735867 0.156749 7.848534
v -7.871295 0.156047 7.792445
v -7.927392 0.154352 7.657027
v -7.871295 0.152657 7.521610
v -7.735867 0.151955 7.465518
v -7.600441 0.152657 7.521610
v -7.544344 0.154352 7.657027
vt 0.375000 0.312500
vt 0.406250 0.312500
vt 0.437500 0.312500
vt 0.468750 0.312500
vt 0.500000 0.312500
vt 0.531250 0.312500
vt 0.562500 0.312500
vt 0.593750 0.312500
vt 0.625000 0.312500
vt 0.375000 0.688440
vt 0.406250 0.688440
vt 0.437500 0.688440
vt 0.468750 0.688440
vt 0.500000 0.688440
vt 0.531250 0.688440
vt 0.562500 0.688440
vt 0.593750 0.688440
vt 0.625000 0.688440
vt 0.000000 0.000000
vt 1.000000 0.000000
vt 1.000000 1.000000
vt 0.000000 1.000000
vt 0.000000 0.000000
vt 1.000000 0.000000
vt 1.000000 1.000000
vt 0.000000 1.000000
vt 0.000000 0.000000
vt 1.000000 0.000000
vt 1.000000 1.000000
vt 0.000000 1.000000
vt 0.000000 0.000000
vt 1.000000 0.000000
vt 1.000000 1.000000
vt 0.000000 1.000000
vt 0.000000 0.000000
vt 1.000000 0.000000
vt 1.000000 1.000000
vt 0.000000 1.000000
vt 0.000000 0.000000
vt 1.000000 0.000000
vt 1.000000 1.000000
vt 0.000000 1.000000
vt 0.000000 0.000000
vt 1.000000 0.000000
vt 1.000000 1.000000
vt 0.000000 1.000000
vt 0.000000 0.000000
vt 1.000000 0.000000
vt 1.000000 1.000000
vt 0.000000 1.000000
vt 0.000000 0.000000
vt 1.000000 0.000000
vt 1.000000 1.000000
vt 0.000000 1.000000
vt 0.000000 0.000000
vt 1.000000 0.000000
vt 1.000000 1.000000
vt 0.000000 1.000000
vt 0.000000 0.000000
vt 1.000000 0.000000
vt 1.000000 1.000000
vt 0.000000 1.000000
vt 0.000000 0.000000
vt 1.000000 0.000000
vt 1.000000 1.000000
vt 0.000000 1.000000
vt 0.000000 0.000000
vt 1.000000 0.000000
vt 1.000000 1.000000
vt 0.000000 1.000000
vt 0.000000 0.000000
vt 1.000000 0.000000
vt 1.000000 1.000000
vt 0.000000 1.000000
vt 0.000000 0.000000
vt 1.000000 0.000000
vt 1.000000 1.000000
vt 0.000000 1.000000
vt 0.000000 0.000000
vt 1.000000 0.000000
vt 1.000000 1.000000
vt 0.000000 1.000000
vt 0.000000 0.000000
vt 1.000000 0.000000
vt 1.000000 1.000000
vt 0.000000 1.000000
vt 0.000000 0.000000
vt 1.000000 0.000000
vt 1.000000 1.000000
vt 0.000000 1.000000
vt 0.000000 0.000000
vt 1.000000 0.000000
vt 1.000000 1.000000
vt 0.000000 1.000000
vt 0.000000 0.000000
vt 1.000000 0.000000
vt 1.000000 1.000000
vt 0.000000 1.000000
vt 0.000000 0.000000
vt 1.000000 0.000000
vt 1.000000 1.000000
vt 0.000000 1.000000
vt 0.000000 0.000000
vt 1.000000 0.000000
vt 1.000000 1.000000
vt 0.000000 1.000000
vt 0.000000 0.000000
vt 1.000000 0.000000
vt 1.000000 1.000000
vt 0.000000 1.000000
vt 0.000000 0.000000
vt 1.000000 0.000000
vt 1.000000 1.000000
vt 0.000000 1.000000
vn 0.382712 0.011563 0.923795
vn 0.382712 0.011563 0.923795
vn 0.382712 0.011563 0.923795
vn 0.382712 0.011563 0.923795
vn -0.382712 0.011563 0.923795
vn -0.382712 0.011563 0.923795
vn -0.382712 0.011563 0.923795
vn -0.382712 0.011563 0.923795
vn -0.923887 0.004789 0.382637
vn -0.923887 0.004789 0.382637
vn -0.923887 0.004789 0.382637
vn -0.923887 0.004789 0.382637
vn -0.923890 -0.004789 -0.382628
vn -0.923890 -0.004789 -0.382628
vn -0.923890 -0.004789 -0.382628
vn -0.923890 -0.004789 -0.382628
vn -0.382651 -0.011563 -0.923821
vn -0.382651 -0.011563 -0.923821
vn -0.382651 -0.011563 -0.923821
vn -0.382651 -0.011563 -0.923821
vn 0.382651 -0.011563 -0.923821
vn 0.382651 -0.011563 -0.923821
vn 0.382651 -0.011563 -0.923821
vn 0.382651 -0.011563 -0.923821
vn 0.923878 -0.004790 -0.382657
vn 0.923878 -0.004790 -0.382657
vn 0.923878 -0.004790 -0.382657
vn 0.923878 -0.004790 -0.382657
vn 0.923874 0.004790 0.382666
vn 0.923874 0.004790 0.382666
vn 0.923874 0.004790 0.382666
vn 0.923874 0.004790 0.382666
vn 0.234863 0.796556 0.557079
vn 0.234863 0.796556 0.557079
vn 0.234863 0.796556 0.557079
vn 0.234863 0.796556 0.557079
vn -0.234867 0.796553 0.557083
vn -0.234867 0.796553 0.557083
vn -0.234867 0.796553 0.557083
vn -0.234867 0.796553 0.557083
vn -0.567005 0.792400 0.224961
vn -0.567005 0.792400 0.224961
vn -0.567005 0.792400 0.224961
vn -0.567005 0.792400 0.224961
vn -0.566997 0.786528 -0.244721
vn -0.566997 0.786528 -0.244720
vn -0.566997 0.786528 -0.244721
vn -0.566997 0.786528 -0.244720
vn -0.234862 0.782354 -0.576855
vn -0.234862 0.782354 -0.576855
vn -0.234862 0.782354 -0.576855
vn -0.234862 0.782354 -0.576855
vn 0.234857 0.782362 -0.576847
vn 0.234857 0.782362 -0.576847
vn 0.234857 0.782362 -0.576847
vn 0.234857 0.782362 -0.576847
vn 0.566996 0.786529 -0.244721
vn 0.566996 0.786529 -0.244721
vn 0.566996 0.786529 -0.244721
vn 0.566996 0.786529 -0.244721
vn 0.567000 0.792404 0.224959
vn 0.567000 0.792404 0.224959
vn 0.567000 0.792404 0.224959
vn 0.567000 0.792404 0.224959
vn 0.130336 0.944077 0.302871
vn 0.130336 0.944077 0.302871
vn 0.130336 0.944077 0.302871
vn 0.130336 0.944077 0.302871
vn -0.130337 0.944076 0.302874
vn -0.130337 0.944076 0.302874
vn -0.130337 0.944076 0.302874
vn -0.130337 0.944076 0.302874
vn -0.314661 0.941771 0.118561
vn -0.314661 0.941771 0.118561
vn -0.314661 0.941771 0.118561
vn -0.314661 0.941771 0.118561
vn -0.314659 0.938508 -0.142096
vn -0.314659 0.938509 -0.142096
vn -0.314659 0.938508 -0.142096
vn -0.314659 0.938509 -0.142096
vn -0.130338 0.936200 -0.326407
vn -0.130338 0.936200 -0.326407
vn -0.130338 0.936200 -0.326407
vn -0.130338 0.936200 -0.326407
vn 0.130338 0.936201 -0.326406
vn 0.130338 0.936201 -0.326406
vn 0.130338 0.936201 -0.326406
vn 0.130338 0.936201 -0.326406
vn 0.314660 0.938508 -0.142095
vn 0.314660 0.938508 -0.142095
vn 0.314660 0.938508 -0.142095
vn 0.314660 0.938508 -0.142095
vn 0.314663 0.941770 0.118561
vn 0.314663 0.941770 0.118561
vn 0.314663 0.941770 0.118561
vn 0.314663 0.941770 0.118561
vn 0.382682 0.011538 0.923808
vn 0.382682 0.011538 0.923808
vn 0.382682 0.011538 0.923808
vn 0.382682 0.011538 0.923808
vn -0.382678 0.011527 0.923810
vn -0.382678 0.011527 0.923810
vn -0.382678 0.011527 0.923810
vn -0.382678 0.011527 0.923810
vn -0.923876 0.004777 0.382662
vn -0.923876 0.004777 0.382662
vn -0.923876 0.004777 0.382662
vn -0.923876 0.004777 0.382662
vn -0.923879 -0.004769 -0.382656
vn -0.923879 -0.004769 -0.382656
vn -0.923879 -0.004769 -0.382656
vn -0.923879 -0.004769 -0.382656
vn -0.382682 -0.011557 -0.923808
vn -0.382682 -0.011557 -0.923808
vn -0.382682 -0.011557 -0.923808
vn -0.382682 -0.011557 -0.923808
vn 0.382686 -0.011553 -0.923806
vn 0.382686 -0.011553 -0.923806
vn 0.382686 -0.011553 -0.923806
vn 0.382686 -0.011553 -0.923806
vn 0.923879 -0.004775 -0.382656
vn 0.923879 -0.004775 -0.382656
vn 0.923879 -0.004775 -0.382656
vn 0.923879 -0.004775 -0.382656
vn 0.923876 0.004772 0.382662
vn 0.923876 0.004772 0.382662
vn 0.923876 0.004772 0.382662
vn 0.923876 0.004772 0.382662
s off
g Adicionales group16 pCylinder37 Lampara
usemtl initialShadingGroup
f 2457/3635/5230 2458/3636/5231 2466/3645/5232 2465/3644/5233
f 2458/3636/5234 2459/3637/5235 2467/3646/5236 2466/3645/5237
f 2459/3637/5238 2460/3638/5239 2468/3647/5240 2467/3646/5241
f 2460/3638/5242 2461/3639/5243 2469/3648/5244 2468/3647/5245
f 2461/3639/5246 2462/3640/5247 2470/3649/5248 2469/3648/5249
f 2462/3640/5250 2463/3641/5251 2471/3650/5252 2470/3649/5253
f 2463/3641/5254 2464/3642/5255 2472/3651/5256 2471/3650/5257
f 2464/3642/5258 2457/3643/5259 2465/3652/5260 2472/3651/5261
f 2465/3653/5262 2466/3654/5263 2474/3655/5264 2473/3656/5265
f 2466/3657/5266 2467/3658/5267 2475/3659/5268 2474/3660/5269
f 2467/3661/5270 2468/3662/5271 2476/3663/5272 2475/3664/5273
f 2468/3665/5274 2469/3666/5275 2477/3667/5276 2476/3668/5277
f 2469/3669/5278 2470/3670/5279 2478/3671/5280 2477/3672/5281
f 2470/3673/5282 2471/3674/5283 2479/3675/5284 2478/3676/5285
f 2471/3677/5286 2472/3678/5287 2480/3679/5288 2479/3680/5289
f 2472/3681/5290 2465/3682/5291 2473/3683/5292 2480/3684/5293
f 2473/3685/5294 2474/3686/5295 2482/3687/5296 2481/3688/5297
f 2474/3689/5298 2475/3690/5299 2483/3691/5300 2482/3692/5301
f 2475/3693/5302 2476/3694/5303 2484/3695/5304 2483/3696/5305
f 2476/3697/5306 2477/3698/5307 2485/3699/5308 2484/3700/5309
f 2477/3701/5310 2478/3702/5311 2486/3703/5312 2485/3704/5313
f 2478/3705/5314 2479/3706/5315 2487/3707/5316 2486/3708/5317
f 2479/3709/5318 2480/3710/5319 2488/3711/5320 2487/3712/5321
f 2480/3713/5322 2473/3714/5323 2481/3715/5324 2488/3716/5325
f 2481/3717/5326 2482/3718/5327 2490/3719/5328 2489/3720/5329
f 2482/3721/5330 2483/3722/5331 2491/3723/5332 2490/3724/5333
f 2483/3725/5334 2484/3726/5335 2492/3727/5336 2491/3728/5337
f 2484/3729/5338 2485/3730/5339 2493/3731/5340 2492/3732/5341
f 2485/3733/5342 2486/3734/5343 2494/3735/5344 2493/3736/5345
f 2486/3737/5346 2487/3738/5347 2495/3739/5348 2494/3740/5349
f 2487/3741/5350 2488/3742/5351 2496/3743/5352 2495/3744/5353
f 2488/3745/5354 2481/3746/5355 2489/3747/5356 2496/3748/5357
g default
v -7.632689 3.489218 7.732327
v -7.719013 3.489218 7.732327
v -7.788851 3.488582 7.681591
v -7.815528 3.487555 7.599498
v -7.788851 3.486528 7.517405
v -7.719013 3.485892 7.466668
v -7.632689 3.485892 7.466668
v -7.598075 3.401232 7.839966
v -7.753627 3.401232 7.839966
v -7.879470 3.400088 7.748542
v -7.927539 3.398236 7.600615
v -7.879470 3.396384 7.452688
v -7.753627 3.395240 7.361265
v -7.598075 3.395240 7.361264
v -7.578866 3.272901 7.900696
v -7.772836 3.272901 7.900696
v -7.929761 3.271474 7.786693
v -7.989701 3.269166 7.602231
v -7.929761 3.266857 7.417769
v -7.772836 3.265430 7.303766
v -7.578866 3.265430 7.303765
v -7.578866 3.129643 7.902490
v -7.772836 3.129643 7.902489
v -7.929761 3.128216 7.788486
v -7.989701 3.125907 7.604023
v -7.929761 3.123598 7.419562
v -7.772836 3.122172 7.305558
v -7.578866 3.122172 7.305558
v -7.598075 2.999833 7.844991
v -7.753627 2.999833 7.844991
v -7.879470 2.998690 7.753566
v -7.927539 2.996837 7.605640
v -7.879470 2.994985 7.457713
v -7.753627 2.993841 7.366289
v -7.598075 2.993841 7.366288
v -7.632689 2.909181 7.739587
v -7.719013 2.909181 7.739587
v -7.788851 2.908546 7.688851
v -7.815528 2.907517 7.606758
v -7.788851 2.906491 7.524665
v -7.719013 2.905855 7.473928
v -7.632689 2.905855 7.473928
v -7.675851 3.519432 7.599099
v -7.675851 2.875641 7.607157
v -7.632689 3.470812 7.723342
v -7.598075 3.388613 7.823832
v -7.632689 3.467716 7.476111
v -7.598075 3.383028 7.377709
v -7.578866 3.268287 7.880741
v -7.578866 3.261315 7.323830
v -7.578866 3.133759 7.882424
v -7.578866 3.126787 7.325514
v -7.598075 3.012045 7.828546
v -7.598075 3.006460 7.382423
v -7.632689 2.927357 7.730144
v -7.632689 2.924262 7.482913
v -7.675851 3.498952 7.599355
v -7.675851 2.896121 7.606900
v -7.834741 3.306193 7.656081
v -7.800110 3.276207 7.704540
v -7.834742 3.304832 7.547471
v -7.800110 3.273644 7.499778
v -7.780786 3.227541 7.734782
v -7.780787 3.224237 7.470764
v -7.780787 3.170837 7.735492
v -7.780787 3.167531 7.471473
v -7.800110 3.121429 7.706477
v -7.800110 3.118865 7.501715
v -7.834742 3.090240 7.658784
v -7.834741 3.088881 7.550174
v -7.877855 3.315411 7.601653
v -7.877855 3.059326 7.604603
vt 0.100000 0.142857
vt 0.200000 0.142857
vt 0.300000 0.142857
vt 0.400000 0.142857
vt 0.500000 0.142857
vt 0.600000 0.142857
vt 0.700000 0.142857
vt 0.100000 0.285714
vt 0.200000 0.285714
vt 0.300000 0.285714
vt 0.400000 0.285714
vt 0.500000 0.285714
vt 0.600000 0.285714
vt 0.700000 0.285714
vt 0.100000 0.428571
vt 0.200000 0.428571
vt 0.300000 0.428571
vt 0.400000 0.428571
vt 0.500000 0.428571
vt 0.600000 0.428571
vt 0.700000 0.428571
vt 0.100000 0.571429
vt 0.200000 0.571429
vt 0.300000 0.571429
vt 0.400000 0.571429
vt 0.500000 0.571429
vt 0.600000 0.571429
vt 0.700000 0.571429
vt 0.100000 0.714286
vt 0.200000 0.714286
vt 0.300000 0.714286
vt 0.400000 0.714286
vt 0.500000 0.714286
vt 0.600000 0.714286
vt 0.700000 0.714286
vt 0.100000 0.857143
vt 0.200000 0.857143
vt 0.300000 0.857143
vt 0.400000 0.857143
vt 0.500000 0.857143
vt 0.600000 0.857143
vt 0.700000 0.857143
vt 0.150000 0.000000
vt 0.250000 0.000000
vt 0.350000 0.000000
vt 0.450000 0.000000
vt 0.550000 0.000000
vt 0.650000 0.000000
vt 0.150000 1.000000
vt 0.250000 1.000000
vt 0.350000 1.000000
vt 0.450000 1.000000
vt 0.550000 1.000000
vt 0.650000 1.000000
vt 0.000000 0.000000
vt 1.000000 0.000000
vt 1.000000 1.000000
vt 0.000000 1.000000
vt 0.000000 0.000000
vt 1.000000 0.000000
vt 1.000000 1.000000
vt 0.000000 1.000000
vt 0.000000 0.000000
vt 1.000000 0.000000
vt 1.000000 1.000000
vt 0.000000 1.000000
vt 0.000000 0.000000
vt 1.000000 0.000000
vt 1.000000 1.000000
vt 0.000000 1.000000
vt 0.000000 0.000000
vt 1.000000 0.000000
vt 1.000000 1.000000
vt 0.000000 1.000000
vt 0.000000 0.000000
vt 1.000000 0.000000
vt 1.000000 1.000000
vt 0.000000 1.000000
vt 0.000000 0.000000
vt 1.000000 0.000000
vt 1.000000 1.000000
vt 0.000000 1.000000
vt 0.000000 0.000000
vt 1.000000 0.000000
vt 1.000000 1.000000
vt 0.000000 1.000000
vt 0.000000 0.000000
vt 1.000000 0.000000
vt 1.000000 1.000000
vt 0.000000 1.000000
vt 0.000000 0.000000
vt 1.000000 0.000000
vt 1.000000 1.000000
vt 0.000000 1.000000
vt 0.000000 0.000000
vt 1.000000 0.000000
vt 1.000000 1.000000
vt 0.000000 1.000000
vt 0.000000 0.000000
vt 1.000000 0.000000
vt 1.000000 1.000000
vt 0.000000 1.000000
vt 0.000000 0.000000
vt 1.000000 0.000000
vt 1.000000 1.000000
vt 0.000000 1.000000
vt 0.000000 0.000000
vt 1.000000 0.000000
vt 1.000000 1.000000
vt 0.000000 1.000000
vt 0.000000 0.000000
vt 1.000000 0.000000
vt 1.000000 1.000000
vt 0.000000 1.000000
vt 0.000000 0.000000
vt 1.000000 0.000000
vt 1.000000 1.000000
vt 0.000000 1.000000
vt 0.000000 0.000000
vt 1.000000 0.000000
vt 1.000000 1.000000
vt 0.000000 1.000000
vt 0.000000 0.000000
vt 1.000000 0.000000
vt 1.000000 1.000000
vt 0.000000 1.000000
vt 0.000000 0.000000
vt 1.000000 0.000000
vt 1.000000 1.000000
vt 0.000000 1.000000
vt 0.000000 0.000000
vt 1.000000 0.000000
vt 1.000000 1.000000
vt 0.000000 1.000000
vt 0.000000 0.000000
vt 1.000000 0.000000
vt 1.000000 1.000000
vt 0.000000 1.000000
vt 0.000000 0.000000
vt 1.000000 0.000000
vt 1.000000 1.000000
vt 0.000000 1.000000
vt 0.000000 0.000000
vt 1.000000 0.000000
vt 1.000000 1.000000
vt 0.000000 1.000000
vt 0.000000 0.000000
vt 1.000000 0.000000
vt 1.000000 1.000000
vt 0.000000 1.000000
vt 0.000000 0.000000
vt 1.000000 0.000000
vt 1.000000 1.000000
vt 0.000000 1.000000
vt 0.000000 0.000000
vt 1.000000 0.000000
vt 1.000000 1.000000
vt 0.000000 1.000000
vt 0.000000 0.000000
vt 1.000000 0.000000
vt 1.000000 1.000000
vt 0.000000 1.000000
vt 0.000000 0.000000
vt 1.000000 0.000000
vt 1.000000 1.000000
vt 0.000000 1.000000
vn 0.000000 0.774247 0.632883
vn 0.000000 0.774247 0.632883
vn 0.000000 0.774247 0.632883
vn 0.000000 0.774247 0.632883
vn -0.377666 0.772713 0.510179
vn -0.377666 0.772713 0.510179
vn -0.377666 0.772713 0.510179
vn -0.377666 0.772713 0.510179
vn -0.611076 0.768689 0.188951
vn -0.611076 0.768689 0.188951
vn -0.611076 0.768689 0.188951
vn -0.611076 0.768689 0.188951
vn -0.611076 0.763719 -0.208133
vn -0.611076 0.763719 -0.208133
vn -0.611076 0.763719 -0.208133
vn -0.611076 0.763719 -0.208133
vn -0.377668 0.759700 -0.529361
vn -0.377668 0.759700 -0.529361
vn -0.377668 0.759700 -0.529361
vn -0.377668 0.759700 -0.529361
vn 0.000000 0.758168 -0.652059
vn 0.000000 0.758168 -0.652059
vn 0.000000 0.758168 -0.652059
vn 0.000000 0.758168 -0.652059
vn 0.000000 0.427750 0.903897
vn 0.000000 0.427750 0.903897
vn 0.000000 0.427750 0.903897
vn 0.000000 0.427750 0.903897
vn -0.534401 0.425586 0.730268
vn -0.534401 0.425586 0.730268
vn -0.534401 0.425586 0.730268
vn -0.534402 0.425586 0.730268
vn -0.864678 0.419895 0.275718
vn -0.864678 0.419895 0.275718
vn -0.864678 0.419895 0.275718
vn -0.864678 0.419895 0.275718
vn -0.864677 0.412863 -0.286141
vn -0.864677 0.412863 -0.286141
vn -0.864677 0.412863 -0.286141
vn -0.864677 0.412863 -0.286141
vn -0.534402 0.407173 -0.740692
vn -0.534402 0.407173 -0.740692
vn -0.534402 0.407173 -0.740692
vn -0.534402 0.407173 -0.740692
vn 0.000000 0.404995 -0.914319
vn 0.000000 0.404995 -0.914319
vn 0.000000 0.404995 -0.914319
vn 0.000000 0.404995 -0.914319
vn 0.000000 0.012519 0.999922
vn 0.000000 0.012519 0.999922
vn 0.000000 0.012519 0.999922
vn 0.000000 0.012519 0.999922
vn -0.587783 0.010126 0.808955
vn -0.587783 0.010126 0.808955
vn -0.587783 0.010126 0.808955
vn -0.587783 0.010126 0.808955
vn -0.951057 0.003867 0.308990
vn -0.951057 0.003867 0.308990
vn -0.951057 0.003867 0.308990
vn -0.951057 0.003867 0.308990
vn -0.951057 -0.003866 -0.308991
vn -0.951057 -0.003866 -0.308991
vn -0.951057 -0.003866 -0.308991
vn -0.951057 -0.003866 -0.308991
vn -0.587785 -0.010124 -0.808954
vn -0.587785 -0.010124 -0.808954
vn -0.587785 -0.010124 -0.808954
vn -0.587785 -0.010124 -0.808954
vn 0.000000 -0.012514 -0.999922
vn 0.000000 -0.012514 -0.999922
vn 0.000000 -0.012514 -0.999922
vn 0.000000 -0.012514 -0.999922
vn -0.000008 -0.404991 0.914321
vn -0.000008 -0.404991 0.914321
vn -0.000008 -0.404991 0.914321
vn -0.000008 -0.404991 0.914321
vn -0.534401 -0.407179 0.740690
vn -0.534401 -0.407179 0.740690
vn -0.534401 -0.407179 0.740690
vn -0.534401 -0.407179 0.740690
vn -0.864678 -0.412863 0.286140
vn -0.864678 -0.412863 0.286140
vn -0.864678 -0.412863 0.286140
vn -0.864678 -0.412863 0.286140
vn -0.864677 -0.419897 -0.275717
vn -0.864677 -0.419897 -0.275717
vn -0.864677 -0.419897 -0.275717
vn -0.864677 -0.419897 -0.275717
vn -0.534401 -0.425586 -0.730268
vn -0.534402 -0.425586 -0.730268
vn -0.534401 -0.425586 -0.730268
vn -0.534401 -0.425586 -0.730268
vn 0.000000 -0.427750 -0.903897
vn 0.000000 -0.427750 -0.903897
vn 0.000000 -0.427750 -0.903897
vn 0.000000 -0.427750 -0.903897
vn 0.000000 -0.758170 0.652057
vn 0.000000 -0.758170 0.652057
vn 0.000000 -0.758170 0.652057
vn 0.000000 -0.758170 0.652057
vn -0.377673 -0.759700 0.529357
vn -0.377673 -0.759700 0.529357
vn -0.377673 -0.759700 0.529357
vn -0.377673 -0.759700 0.529357
vn -0.611072 -0.763721 0.208135
vn -0.611072 -0.763721 0.208135
vn -0.611072 -0.763721 0.208135
vn -0.611072 -0.763721 0.208135
vn -0.611076 -0.768690 -0.188949
vn -0.611076 -0.768690 -0.188949
vn -0.611076 -0.768690 -0.188949
vn -0.611076 -0.768690 -0.188949
vn -0.377672 -0.772712 -0.510176
vn -0.377672 -0.772712 -0.510176
vn -0.377672 -0.772712 -0.510176
vn -0.377672 -0.772712 -0.510176
vn 0.000000 -0.774247 -0.632883
vn 0.000000 -0.774247 -0.632883
vn 0.000000 -0.774247 -0.632883
vn 0.000000 -0.774247 -0.632883
vn 0.000000 0.975236 0.221165
vn 0.000000 0.975236 0.221165
vn 0.000000 0.975236 0.221165
vn -0.137171 0.974677 0.176601
vn -0.137171 0.974677 0.176601
vn -0.137171 0.974677 0.176601
vn -0.221930 0.973218 0.059946
vn -0.221930 0.973218 0.059946
vn -0.221930 0.973218 0.059946
vn -0.221933 0.971413 -0.084277
vn -0.221933 0.971413 -0.084277
vn -0.221933 0.971413 -0.084277
vn -0.137157 0.969952 -0.200954
vn -0.137157 0.969952 -0.200954
vn -0.137157 0.969951 -0.200954
vn 0.000000 0.969394 -0.245510
vn 0.000000 0.969394 -0.245510
vn 0.000000 0.969394 -0.245510
vn 0.000000 -0.969392 0.245516
vn 0.000000 -0.969392 0.245516
vn 0.000000 -0.969392 0.245516
vn -0.137170 -0.969951 0.200947
vn -0.137170 -0.969951 0.200947
vn -0.137170 -0.969951 0.200947
vn -0.221929 -0.971413 0.084291
vn -0.221929 -0.971413 0.084291
vn -0.221929 -0.971413 0.084291
vn -0.221930 -0.973219 -0.059941
vn -0.221930 -0.973219 -0.059941
vn -0.221930 -0.973219 -0.059941
vn -0.137180 -0.974676 -0.176601
vn -0.137180 -0.974676 -0.176601
vn -0.137180 -0.974676 -0.176601
vn 0.000000 -0.975237 -0.221163
vn 0.000000 -0.975237 -0.221163
vn 0.000000 -0.975237 -0.221163
vn 0.961831 0.112808 -0.249310
vn 0.981790 0.141233 -0.127050
vn 0.684328 -0.307948 -0.660956
vn 0.690637 -0.485902 -0.535649
vn 0.981791 0.144356 0.123486
vn 0.961833 0.118989 0.246413
vn 0.690637 -0.472343 0.547643
vn 0.684327 -0.291304 0.668459
vn 0.997593 0.062580 -0.029881
vn 0.679192 -0.112538 -0.725282
vn 0.997592 0.063309 0.028310
vn 0.679193 -0.094348 0.727871
vn 0.997592 -0.063309 -0.028310
vn 0.679193 0.094350 -0.727870
vn 0.997593 -0.062578 0.029880
vn 0.679192 0.112535 0.725282
vn 0.981792 -0.144350 -0.123480
vn 0.684331 0.291306 -0.668455
vn 0.981791 -0.141221 0.127054
vn 0.684328 0.307946 0.660957
vn 0.961833 -0.118990 -0.246411
vn 0.676624 0.468372 -0.568161
vn 0.961833 -0.112783 0.249313
vn 0.676413 0.482211 0.556721
vn 0.950391 0.068155 -0.303501
vn 0.680216 -0.588525 -0.436972
vn 0.950392 0.075712 0.301700
vn 0.680218 -0.577402 0.451564
vn 0.950392 -0.075713 -0.301698
vn 0.650821 0.569561 -0.502028
vn 0.950392 -0.068133 0.303500
vn 0.650410 0.581597 0.488582
vn 0.611440 -0.386729 -0.690350
vn 0.626937 -0.585019 -0.514492
vn 0.626939 -0.571957 0.528974
vn 0.611438 -0.369324 0.699817
vn 0.596933 -0.144660 -0.789142
vn 0.596931 -0.124862 0.792517
vn 0.596931 0.124865 -0.792516
vn 0.596930 0.144657 0.789144
vn 0.611440 0.369326 -0.699814
vn 0.611440 0.386726 0.690350
vn 0.606016 0.559629 -0.565296
vn 0.605610 0.573364 0.551806
vn 0.626225 -0.645056 -0.437888
vn 0.626228 -0.633892 0.453895
vn 0.595235 0.622898 -0.507634
vn 0.594601 0.635191 0.492933
s off
g Adicionales group16 Lampara pSphere6
usemtl initialShadingGroup
f 2497/3749/5358 2498/3750/5359 2505/3757/5360 2504/3756/5361
f 2498/3750/5362 2499/3751/5363 2506/3758/5364 2505/3757/5365
f 2499/3751/5366 2500/3752/5367 2507/3759/5368 2506/3758/5369
f 2500/3752/5370 2501/3753/5371 2508/3760/5372 2507/3759/5373
f 2501/3753/5374 2502/3754/5375 2509/3761/5376 2508/3760/5377
f 2502/3754/5378 2503/3755/5379 2510/3762/5380 2509/3761/5381
f 2504/3756/5382 2505/3757/5383 2512/3764/5384 2511/3763/5385
f 2505/3757/5386 2506/3758/5387 2513/3765/5388 2512/3764/5389
f 2506/3758/5390 2507/3759/5391 2514/3766/5392 2513/3765/5393
f 2507/3759/5394 2508/3760/5395 2515/3767/5396 2514/3766/5397
f 2508/3760/5398 2509/3761/5399 2516/3768/5400 2515/3767/5401
f 2509/3761/5402 2510/3762/5403 2517/3769/5404 2516/3768/5405
f 2511/3763/5406 2512/3764/5407 2519/3771/5408 2518/3770/5409
f 2512/3764/5410 2513/3765/5411 2520/3772/5412 2519/3771/5413
f 2513/3765/5414 2514/3766/5415 2521/3773/5416 2520/3772/5417
f 2514/3766/5418 2515/3767/5419 2522/3774/5420 2521/3773/5421
f 2515/3767/5422 2516/3768/5423 2523/3775/5424 2522/3774/5425
f 2516/3768/5426 2517/3769/5427 2524/3776/5428 2523/3775/5429
f 2518/3770/5430 2519/3771/5431 2526/3778/5432 2525/3777/5433
f 2519/3771/5434 2520/3772/5435 2527/3779/5436 2526/3778/5437
f 2520/3772/5438 2521/3773/5439 2528/3780/5440 2527/3779/5441
f 2521/3773/5442 2522/3774/5443 2529/3781/5444 2528/3780/5445
f 2522/3774/5446 2523/3775/5447 2530/3782/5448 2529/3781/5449
f 2523/3775/5450 2524/3776/5451 2531/3783/5452 2530/3782/5453
f 2525/3777/5454 2526/3778/5455 2533/3785/5456 2532/3784/5457
f 2526/3778/5458 2527/3779/5459 2534/3786/5460 2533/3785/5461
f 2527/3779/5462 2528/3780/5463 2535/3787/5464 2534/3786/5465
f 2528/3780/5466 2529/3781/5467 2536/3788/5468 2535/3787/5469
f 2529/3781/5470 2530/3782/5471 2537/3789/5472 2536/3788/5473
f 2530/3782/5474 2531/3783/5475 2538/3790/5476 2537/3789/5477
f 2498/3750/5478 2497/3749/5479 2539/3791/5480
f 2499/3751/5481 2498/3750/5482 2539/3792/5483
f 2500/3752/5484 2499/3751/5485 2539/3793/5486
f 2501/3753/5487 2500/3752/5488 2539/3794/5489
f 2502/3754/5490 2501/3753/5491 2539/3795/5492
f 2503/3755/5493 2502/3754/5494 2539/3796/5495
f 2532/3784/5496 2533/3785/5497 2540/3797/5498
f 2533/3785/5499 2534/3786/5500 2540/3798/5501
f 2534/3786/5502 2535/3787/5503 2540/3799/5504
f 2535/3787/5505 2536/3788/5506 2540/3800/5507
f 2536/3788/5508 2537/3789/5509 2540/3801/5510
f 2537/3789/5511 2538/3790/5512 2540/3802/5513
s 1
f 2497/3803/5514 2504/3804/5515 2542/3805/5516 2541/3806/5517
s 2
f 2510/3807/5518 2503/3808/5519 2543/3809/5520 2544/3810/5521
s 1
f 2504/3811/5515 2511/3812/5522 2545/3813/5523 2542/3814/5516
s 2
f 2517/3815/5524 2510/3816/5518 2544/3817/5521 2546/3818/5525
s 1
f 2511/3819/5522 2518/3820/5526 2547/3821/5527 2545/3822/5523
s 2
f 2524/3823/5528 2517/3824/5524 2546/3825/5525 2548/3826/5529
s 1
f 2518/3827/5526 2525/3828/5530 2549/3829/5531 2547/3830/5527
s 2
f 2531/3831/5532 2524/3832/5528 2548/3833/5529 2550/3834/5533
s 1
f 2525/3835/5530 2532/3836/5534 2551/3837/5535 2549/3838/5531
s 2
f 2538/3839/5536 2531/3840/5532 2550/3841/5533 2552/3842/5537
s 1
f 2539/3843/5538 2497/3844/5514 2541/3845/5517 2553/3846/5539
s 2
f 2503/3847/5519 2539/3848/5540 2553/3849/5541 2543/3850/5520
s 1
f 2532/3851/5534 2540/3852/5542 2554/3853/5543 2551/3854/5535
s 2
f 2540/3855/5544 2538/3856/5536 2552/3857/5537 2554/3858/5545
s 1
f 2541/3859/5517 2542/3860/5516 2556/3861/5546 2555/3862/5547
s 2
f 2544/3863/5521 2543/3864/5520 2557/3865/5548 2558/3866/5549
s 1
f 2542/3867/5516 2545/3868/5523 2559/3869/5550 2556/3870/5546
s 2
f 2546/3871/5525 2544/3872/5521 2558/3873/5549 2560/3874/5551
s 1
f 2545/3875/5523 2547/3876/5527 2561/3877/5552 2559/3878/5550
s 2
f 2548/3879/5529 2546/3880/5525 2560/3881/5551 2562/3882/5553
s 1
f 2547/3883/5527 2549/3884/5531 2563/3885/5554 2561/3886/5552
s 2
f 2550/3887/5533 2548/3888/5529 2562/3889/5553 2564/3890/5555
s 1
f 2549/3891/5531 2551/3892/5535 2565/3893/5556 2563/3894/5554
s 2
f 2552/3895/5537 2550/3896/5533 2564/3897/5555 2566/3898/5557
s 1
f 2553/3899/5539 2541/3900/5517 2555/3901/5547 2567/3902/5558
s 2
f 2543/3903/5520 2553/3904/5541 2567/3905/5559 2557/3906/5548
s 1
f 2551/3907/5535 2554/3908/5543 2568/3909/5560 2565/3910/5556
s 2
f 2554/3911/5545 2552/3912/5537 2566/3913/5557 2568/3914/5561
g default
v -7.583094 2.957036 7.541776
v -7.628056 2.957036 7.491024
v -7.691453 2.957036 7.466981
v -7.691452 2.957036 7.748234
v -7.628056 2.957036 7.724192
v -7.583094 2.957036 7.673440
v -7.566868 2.957036 7.607608
v -7.491271 3.060738 7.493582
v -7.569146 3.060738 7.405679
v -7.678952 3.060738 7.364036
v -7.678953 3.060738 7.851179
v -7.569147 3.060738 7.809536
v -7.491271 3.060738 7.721632
v -7.463166 3.060738 7.607608
v -7.457661 3.202397 7.475943
v -7.547584 3.202397 7.374441
v -7.674377 3.202397 7.326355
v -7.674377 3.202397 7.888861
v -7.547584 3.202397 7.840774
v -7.457661 3.202397 7.739273
v -7.425209 3.202397 7.607608
v -7.491271 3.344056 7.493582
v -7.569146 3.344056 7.405679
v -7.678952 3.344056 7.364036
v -7.678953 3.344056 7.851179
v -7.569147 3.344056 7.809536
v -7.491271 3.344056 7.721632
v -7.463166 3.344056 7.607608
v -7.583094 3.447758 7.541776
v -7.628056 3.447758 7.491024
v -7.691453 3.447758 7.466981
v -7.691452 3.447758 7.748234
v -7.628056 3.447758 7.724192
v -7.583094 3.447758 7.673440
v -7.566868 3.447758 7.607608
v -7.708528 2.919078 7.607608
v -7.708528 3.485716 7.607608
vt 0.000000 0.166667
vt 0.076923 0.166667
vt 0.153846 0.166667
vt 0.692308 0.166667
vt 0.769231 0.166667
vt 0.846154 0.166667
vt 0.923077 0.166667
vt 1.000000 0.166667
vt 0.000000 0.333333
vt 0.076923 0.333333
vt 0.153846 0.333333
vt 0.692308 0.333333
vt 0.769231 0.333333
vt 0.846154 0.333333
vt 0.923077 0.333333
vt 1.000000 0.333333
vt 0.000000 0.500000
vt 0.076923 0.500000
vt 0.153846 0.500000
vt 0.692308 0.500000
vt 0.769231 0.500000
vt 0.846154 0.500000
vt 0.923077 0.500000
vt 1.000000 0.500000
vt 0.000000 0.666667
vt 0.076923 0.666667
vt 0.153846 0.666667
vt 0.692308 0.666667
vt 0.769231 0.666667
vt 0.846154 0.666667
vt 0.923077 0.666667
vt 1.000000 0.666667
vt 0.000000 0.833333
vt 0.076923 0.833333
vt 0.153846 0.833333
vt 0.692308 0.833333
vt 0.769231 0.833333
vt 0.846154 0.833333
vt 0.923077 0.833333
vt 1.000000 0.833333
vt 0.038462 0.000000
vt 0.115385 0.000000
vt 0.730769 0.000000
vt 0.807692 0.000000
vt 0.884615 0.000000
vt 0.961539 0.000000
vt 0.038462 1.000000
vt 0.115385 1.000000
vt 0.730769 1.000000
vt 0.807692 1.000000
vt 0.884615 1.000000
vt 0.961539 1.000000
vn 0.626113 -0.707106 -0.328608
vn 0.401682 -0.707107 -0.581938
vn 0.401683 -0.707107 -0.581937
vn 0.626112 -0.707106 -0.328609
vn 0.254410 -0.696604 -0.670834
vn 0.254410 -0.696604 -0.670834
vn 0.254416 -0.696599 0.670837
vn 0.401688 -0.707103 0.581939
vn 0.401688 -0.707103 0.581939
vn 0.254416 -0.696599 0.670837
vn 0.626112 -0.707106 0.328610
vn 0.626112 -0.707106 0.328610
vn 0.707105 -0.707108 -0.000000
vn 0.707105 -0.707108 -0.000000
vn 0.855285 -0.258819 -0.448888
vn 0.548708 -0.258819 -0.794942
vn 0.548707 -0.258819 -0.794943
vn 0.855285 -0.258819 -0.448887
vn 0.343177 -0.251783 -0.904895
vn 0.343177 -0.251783 -0.904895
vn 0.343182 -0.251785 0.904892
vn 0.548707 -0.258821 0.794941
vn 0.548708 -0.258821 0.794941
vn 0.343182 -0.251785 0.904893
vn 0.855282 -0.258822 0.448891
vn 0.855282 -0.258822 0.448892
vn 0.965925 -0.258823 0.000001
vn 0.965925 -0.258823 0.000001
vn 0.855285 0.258820 -0.448888
vn 0.548706 0.258819 -0.794943
vn 0.548707 0.258819 -0.794942
vn 0.855284 0.258820 -0.448889
vn 0.343177 0.251782 -0.904895
vn 0.343177 0.251782 -0.904895
vn 0.343182 0.251784 0.904893
vn 0.548708 0.258820 0.794941
vn 0.548707 0.258820 0.794942
vn 0.343182 0.251784 0.904893
vn 0.855283 0.258821 0.448891
vn 0.855283 0.258821 0.448890
vn 0.965925 0.258822 0.000001
vn 0.965925 0.258822 0.000001
vn 0.626113 0.707107 -0.328608
vn 0.401683 0.707106 -0.581938
vn 0.401682 0.707106 -0.581938
vn 0.626113 0.707107 -0.328607
vn 0.254410 0.696604 -0.670834
vn 0.254410 0.696604 -0.670834
vn 0.254416 0.696599 0.670837
vn 0.401688 0.707101 0.581940
vn 0.401688 0.707101 0.581940
vn 0.254416 0.696599 0.670837
vn 0.626113 0.707106 0.328610
vn 0.626113 0.707106 0.328610
vn 0.707105 0.707108 -0.000000
vn 0.707105 0.707108 -0.000000
vn 0.147027 -0.965925 -0.213006
vn 0.229172 -0.965926 -0.120281
vn 0.187411 -0.982282 -0.000002
vn 0.094333 -0.963966 -0.248738
vn 0.147030 -0.965925 0.213004
vn 0.094330 -0.963966 0.248738
vn 0.229176 -0.965925 0.120279
vn 0.258816 -0.965927 0.000000
vn 0.229173 0.965926 -0.120282
vn 0.147025 0.965926 -0.213004
vn 0.187410 0.982282 -0.000002
vn 0.094328 0.963968 -0.248732
vn 0.094335 0.963966 0.248738
vn 0.147028 0.965926 0.213003
vn 0.229172 0.965926 0.120278
vn 0.258816 0.965927 0.000000
s 1
g Adicionales group16 Lampara pSphere7
usemtl initialShadingGroup
f 2569/3915/5562 2570/3916/5563 2577/3924/5564 2576/3923/5565
f 2570/3916/5563 2571/3917/5566 2578/3925/5567 2577/3924/5564
f 2572/3918/5568 2573/3919/5569 2580/3927/5570 2579/3926/5571
f 2573/3919/5569 2574/3920/5572 2581/3928/5573 2580/3927/5570
f 2574/3920/5572 2575/3921/5574 2582/3929/5575 2581/3928/5573
f 2575/3921/5574 2569/3922/5562 2576/3930/5565 2582/3929/5575
s 3
f 2576/3923/5576 2577/3924/5577 2584/3932/5578 2583/3931/5579
f 2577/3924/5577 2578/3925/5580 2585/3933/5581 2584/3932/5578
f 2579/3926/5582 2580/3927/5583 2587/3935/5584 2586/3934/5585
f 2580/3927/5583 2581/3928/5586 2588/3936/5587 2587/3935/5584
f 2581/3928/5586 2582/3929/5588 2589/3937/5589 2588/3936/5587
f 2582/3929/5588 2576/3930/5576 2583/3938/5579 2589/3937/5589
s 5
f 2583/3931/5590 2584/3932/5591 2591/3940/5592 2590/3939/5593
f 2584/3932/5591 2585/3933/5594 2592/3941/5595 2591/3940/5592
f 2586/3934/5596 2587/3935/5597 2594/3943/5598 2593/3942/5599
f 2587/3935/5597 2588/3936/5600 2595/3944/5601 2594/3943/5598
f 2588/3936/5600 2589/3937/5602 2596/3945/5603 2595/3944/5601
f 2589/3937/5602 2583/3938/5590 2590/3946/5593 2596/3945/5603
s 7
f 2590/3939/5604 2591/3940/5605 2598/3948/5606 2597/3947/5607
f 2591/3940/5605 2592/3941/5608 2599/3949/5609 2598/3948/5606
f 2593/3942/5610 2594/3943/5611 2601/3951/5612 2600/3950/5613
f 2594/3943/5611 2595/3944/5614 2602/3952/5615 2601/3951/5612
f 2595/3944/5614 2596/3945/5616 2603/3953/5617 2602/3952/5615
f 2596/3945/5616 2590/3946/5604 2597/3954/5607 2603/3953/5617
s 9
f 2570/3916/5618 2569/3915/5619 2604/3955/5620
f 2571/3917/5621 2570/3916/5618 2604/3956/5620
f 2573/3919/5622 2572/3918/5623 2604/3957/5620
f 2574/3920/5624 2573/3919/5622 2604/3958/5620
f 2575/3921/5625 2574/3920/5624 2604/3959/5620
f 2569/3922/5619 2575/3921/5625 2604/3960/5620
s 11
f 2597/3947/5626 2598/3948/5627 2605/3961/5628
f 2598/3948/5627 2599/3949/5629 2605/3962/5628
f 2600/3950/5630 2601/3951/5631 2605/3963/5628
f 2601/3951/5631 2602/3952/5632 2605/3964/5628
f 2602/3952/5632 2603/3953/5633 2605/3965/5628
f 2603/3953/5633 2597/3954/5626 2605/3966/5628
g default
v 4.455310 2.111190 8.020666
v 4.432494 2.111190 7.997851
v 4.401327 2.111190 7.989498
v 4.370160 2.111190 7.997851
v 4.347344 2.111190 8.020666
v 4.338992 2.111190 8.051833
v 4.347344 2.111190 8.083001
v 4.370160 2.111190 8.105815
v 4.401327 2.111190 8.114167
v 4.432494 2.111190 8.105815
v 4.455310 2.111190 8.083001
v 4.463662 2.111190 8.051833
v 4.455310 2.525822 8.020666
v 4.432494 2.525822 7.997851
v 4.401327 2.525822 7.989498
v 4.370160 2.525822 7.997851
v 4.347344 2.525822 8.020666
v 4.338992 2.525822 8.051833
v 4.347344 2.525822 8.083001
v 4.370160 2.525822 8.105815
v 4.401327 2.525822 8.114167
v 4.432494 2.525822 8.105815
v 4.455310 2.525822 8.083001
v 4.463662 2.525822 8.051833
vt 0.375000 0.312500
vt 0.395833 0.312500
vt 0.416667 0.312500
vt 0.437500 0.312500
vt 0.458333 0.312500
vt 0.479167 0.312500
vt 0.500000 0.312500
vt 0.520833 0.312500
vt 0.541667 0.312500
vt 0.562500 0.312500
vt 0.583333 0.312500
vt 0.604167 0.312500
vt 0.625000 0.312500
vt 0.375000 0.688440
vt 0.395833 0.688440
vt 0.416667 0.688440
vt 0.437500 0.688440
vt 0.458333 0.688440
vt 0.479167 0.688440
vt 0.500000 0.688440
vt 0.520833 0.688440
vt 0.541667 0.688440
vt 0.562500 0.688440
vt 0.583333 0.688440
vt 0.604167 0.688440
vt 0.625000 0.688440
vn 0.707099 0.000000 -0.707115
vn 0.707099 0.000000 -0.707115
vn 0.707099 0.000000 -0.707115
vn 0.707099 0.000000 -0.707115
vn 0.258856 0.000000 -0.965916
vn 0.258856 0.000000 -0.965916
vn 0.258856 0.000000 -0.965916
vn 0.258856 0.000000 -0.965916
vn -0.258856 0.000000 -0.965916
vn -0.258856 0.000000 -0.965916
vn -0.258856 0.000000 -0.965916
vn -0.258856 0.000000 -0.965916
vn -0.707106 0.000000 -0.707108
vn -0.707106 0.000000 -0.707108
vn -0.707106 0.000000 -0.707108
vn -0.707106 0.000000 -0.707108
vn -0.965922 0.000000 -0.258834
vn -0.965922 0.000000 -0.258834
vn -0.965922 0.000000 -0.258834
vn -0.965922 0.000000 -0.258834
vn -0.965926 0.000000 0.258818
vn -0.965926 0.000000 0.258818
vn -0.965926 0.000000 0.258818
vn -0.965926 0.000000 0.258818
vn -0.707082 0.000000 0.707131
vn -0.707082 0.000000 0.707131
vn -0.707082 0.000000 0.707131
vn -0.707082 0.000000 0.707131
vn -0.258842 0.000000 0.965920
vn -0.258842 0.000000 0.965920
vn -0.258842 0.000000 0.965920
vn -0.258842 0.000000 0.965920
vn 0.258842 0.000000 0.965920
vn 0.258842 0.000000 0.965920
vn 0.258842 0.000000 0.965920
vn 0.258842 0.000000 0.965920
vn 0.707075 0.000000 0.707138
vn 0.707075 0.000000 0.707138
vn 0.707075 0.000000 0.707138
vn 0.707075 0.000000 0.707138
vn 0.965926 0.000000 0.258818
vn 0.965926 0.000000 0.258818
vn 0.965926 0.000000 0.258818
vn 0.965926 0.000000 0.258818
vn 0.965922 0.000000 -0.258834
vn 0.965922 0.000000 -0.258834
vn 0.965922 0.000000 -0.258834
vn 0.965922 0.000000 -0.258834
s off
g Adicionales group16 pCylinder36 group15
usemtl initialShadingGroup
f 2606/3967/5634 2607/3968/5635 2619/3981/5636 2618/3980/5637
f 2607/3968/5638 2608/3969/5639 2620/3982/5640 2619/3981/5641
f 2608/3969/5642 2609/3970/5643 2621/3983/5644 2620/3982/5645
f 2609/3970/5646 2610/3971/5647 2622/3984/5648 2621/3983/5649
f 2610/3971/5650 2611/3972/5651 2623/3985/5652 2622/3984/5653
f 2611/3972/5654 2612/3973/5655 2624/3986/5656 2623/3985/5657
f 2612/3973/5658 2613/3974/5659 2625/3987/5660 2624/3986/5661
f 2613/3974/5662 2614/3975/5663 2626/3988/5664 2625/3987/5665
f 2614/3975/5666 2615/3976/5667 2627/3989/5668 2626/3988/5669
f 2615/3976/5670 2616/3977/5671 2628/3990/5672 2627/3989/5673
f 2616/3977/5674 2617/3978/5675 2629/3991/5676 2628/3990/5677
f 2617/3978/5678 2606/3979/5679 2618/3992/5680 2629/3991/5681
g default
v 4.461464 1.987058 8.017112
v 4.436047 1.987058 7.991697
v 4.401327 1.987058 7.982394
v 4.366607 1.987058 7.991697
v 4.341191 1.987058 8.017112
v 4.331888 1.987058 8.051833
v 4.341191 1.987058 8.086553
v 4.366607 1.987058 8.111970
v 4.401327 1.987058 8.121273
v 4.436047 1.987058 8.111970
v 4.461464 1.987058 8.086553
v 4.470767 1.987058 8.051833
v 4.461464 2.114205 8.017112
v 4.436047 2.114205 7.991697
v 4.401327 2.114205 7.982394
v 4.366607 2.114205 7.991697
v 4.341191 2.114205 8.017112
v 4.331888 2.114205 8.051833
v 4.341191 2.114205 8.086553
v 4.366607 2.114205 8.111970
v 4.401327 2.114205 8.121273
v 4.436047 2.114205 8.111970
v 4.461464 2.114205 8.086553
v 4.470767 2.114205 8.051833
v 4.401327 2.114205 8.051833
vt 0.375000 0.312500
vt 0.395833 0.312500
vt 0.416667 0.312500
vt 0.437500 0.312500
vt 0.458333 0.312500
vt 0.479167 0.312500
vt 0.500000 0.312500
vt 0.520833 0.312500
vt 0.541667 0.312500
vt 0.562500 0.312500
vt 0.583333 0.312500
vt 0.604167 0.312500
vt 0.625000 0.312500
vt 0.375000 0.688440
vt 0.395833 0.688440
vt 0.416667 0.688440
vt 0.437500 0.688440
vt 0.458333 0.688440
vt 0.479167 0.688440
vt 0.500000 0.688440
vt 0.520833 0.688440
vt 0.541667 0.688440
vt 0.562500 0.688440
vt 0.583333 0.688440
vt 0.604167 0.688440
vt 0.625000 0.688440
vt 0.635316 0.765625
vt 0.578125 0.708434
vt 0.500000 0.687500
vt 0.421875 0.708434
vt 0.364684 0.765625
vt 0.343750 0.843750
vt 0.364684 0.921875
vt 0.421875 0.979066
vt 0.500000 1.000000
vt 0.578125 0.979066
vt 0.635316 0.921875
vt 0.656250 0.843750
vt 0.500000 0.837500
vn 0.707088 0.000000 -0.707126
vn 0.707088 0.000000 -0.707126
vn 0.707088 0.000000 -0.707126
vn 0.707088 0.000000 -0.707126
vn 0.258805 0.000000 -0.965930
vn 0.258805 0.000000 -0.965930
vn 0.258805 0.000000 -0.965930
vn 0.258805 0.000000 -0.965930
vn -0.258808 0.000000 -0.965929
vn -0.258808 0.000000 -0.965929
vn -0.258808 0.000000 -0.965929
vn -0.258808 0.000000 -0.965929
vn -0.707088 0.000000 -0.707126
vn -0.707088 0.000000 -0.707126
vn -0.707088 0.000000 -0.707126
vn -0.707088 0.000000 -0.707126
vn -0.965929 0.000000 -0.258807
vn -0.965929 0.000000 -0.258807
vn -0.965929 0.000000 -0.258807
vn -0.965929 0.000000 -0.258807
vn -0.965928 0.000000 0.258813
vn -0.965928 0.000000 0.258813
vn -0.965928 0.000000 0.258813
vn -0.965928 0.000000 0.258813
vn -0.707111 0.000000 0.707103
vn -0.707111 0.000000 0.707103
vn -0.707111 0.000000 0.707103
vn -0.707111 0.000000 0.707103
vn -0.258830 0.000000 0.965923
vn -0.258830 0.000000 0.965923
vn -0.258830 0.000000 0.965923
vn -0.258830 0.000000 0.965923
vn 0.258827 0.000000 0.965924
vn 0.258827 0.000000 0.965924
vn 0.258827 0.000000 0.965924
vn 0.258827 0.000000 0.965924
vn 0.707111 0.000000 0.707103
vn 0.707111 0.000000 0.707103
vn 0.707111 0.000000 0.707103
vn 0.707111 0.000000 0.707103
vn 0.965924 0.000000 0.258824
vn 0.965924 0.000000 0.258824
vn 0.965924 0.000000 0.258824
vn 0.965924 0.000000 0.258824
vn 0.965926 0.000000 -0.258819
vn 0.965926 0.000000 -0.258819
vn 0.965926 0.000000 -0.258819
vn 0.965926 0.000000 -0.258819
vn 0.000000 1.000000 0.000000
vn 0.000000 1.000000 0.000000
vn 0.000000 1.000000 0.000000
vn 0.000000 1.000000 0.000000
vn 0.000000 1.000000 0.000000
vn 0.000000 1.000000 0.000000
vn 0.000000 1.000000 0.000000
vn 0.000000 1.000000 0.000000
vn 0.000000 1.000000 0.000000
vn 0.000000 1.000000 0.000000
vn 0.000000 1.000000 0.000000
vn 0.000000 1.000000 0.000000
vn 0.000000 1.000000 0.000000
s off
g Adicionales group16 group15 pCylinder35
usemtl initialShadingGroup
f 2630/3993/5682 2631/3994/5683 2643/4007/5684 2642/4006/5685
f 2631/3994/5686 2632/3995/5687 2644/4008/5688 2643/4007/5689
f 2632/3995/5690 2633/3996/5691 2645/4009/5692 2644/4008/5693
f 2633/3996/5694 2634/3997/5695 2646/4010/5696 2645/4009/5697
f 2634/3997/5698 2635/3998/5699 2647/4011/5700 2646/4010/5701
f 2635/3998/5702 2636/3999/5703 2648/4012/5704 2647/4011/5705
f 2636/3999/5706 2637/4000/5707 2649/4013/5708 2648/4012/5709
f 2637/4000/5710 2638/4001/5711 2650/4014/5712 2649/4013/5713
f 2638/4001/5714 2639/4002/5715 2651/4015/5716 2650/4014/5717
f 2639/4002/5718 2640/4003/5719 2652/4016/5720 2651/4015/5721
f 2640/4003/5722 2641/4004/5723 2653/4017/5724 2652/4016/5725
f 2641/4004/5726 2630/4005/5727 2642/4018/5728 2653/4017/5729
s 1
f 2642/4029/5730 2643/4028/5731 2654/4031/5732
f 2643/4028/5731 2644/4027/5733 2654/4031/5732
f 2644/4027/5733 2645/4026/5734 2654/4031/5732
f 2645/4026/5734 2646/4025/5735 2654/4031/5732
f 2646/4025/5735 2647/4024/5736 2654/4031/5732
f 2647/4024/5736 2648/4023/5737 2654/4031/5732
f 2648/4023/5737 2649/4022/5738 2654/4031/5732
f 2649/4022/5738 2650/4021/5739 2654/4031/5732
f 2650/4021/5739 2651/4020/5740 2654/4031/5732
f 2651/4020/5740 2652/4019/5741 2654/4031/5732
f 2652/4019/5741 2653/4030/5742 2654/4031/5732
f 2653/4030/5742 2642/4029/5730 2654/4031/5732
g default
v 4.444868 2.113581 8.026695
v 4.426466 2.113581 8.008291
v 4.401327 2.113581 8.001556
v 4.376189 2.113581 8.008291
v 4.357785 2.113581 8.026695
v 4.351050 2.113581 8.051833
v 4.357785 2.113581 8.076971
v 4.376189 2.113581 8.095374
v 4.401327 2.113581 8.102110
v 4.426466 2.113581 8.095374
v 4.444868 2.113581 8.076971
v 4.451605 2.113581 8.051833
v 4.444868 2.507466 8.026695
v 4.426466 2.507466 8.008291
v 4.401327 2.507466 8.001556
v 4.376189 2.507466 8.008291
v 4.357785 2.507466 8.026695
v 4.351050 2.507466 8.051833
v 4.357785 2.507466 8.076971
v 4.376189 2.507466 8.095374
v 4.401327 2.507466 8.102110
v 4.426466 2.507466 8.095374
v 4.444868 2.507466 8.076971
v 4.451605 2.507466 8.051833
v 4.401327 2.507466 8.051833
vt 0.375000 0.312500
vt 0.395833 0.312500
vt 0.416667 0.312500
vt 0.437500 0.312500
vt 0.458333 0.312500
vt 0.479167 0.312500
vt 0.500000 0.312500
vt 0.520833 0.312500
vt 0.541667 0.312500
vt 0.562500 0.312500
vt 0.583333 0.312500
vt 0.604167 0.312500
vt 0.625000 0.312500
vt 0.375000 0.688440
vt 0.395833 0.688440
vt 0.416667 0.688440
vt 0.437500 0.688440
vt 0.458333 0.688440
vt 0.479167 0.688440
vt 0.500000 0.688440
vt 0.520833 0.688440
vt 0.541667 0.688440
vt 0.562500 0.688440
vt 0.583333 0.688440
vt 0.604167 0.688440
vt 0.625000 0.688440
vt 0.635316 0.765625
vt 0.578125 0.708434
vt 0.500000 0.687500
vt 0.421875 0.708434
vt 0.364684 0.765625
vt 0.343750 0.843750
vt 0.364684 0.921875
vt 0.421875 0.979066
vt 0.500000 1.000000
vt 0.578125 0.979066
vt 0.635316 0.921875
vt 0.656250 0.843750
vt 0.500000 0.837500
vn 0.707128 0.000000 -0.707086
vn 0.707128 0.000000 -0.707086
vn 0.707128 0.000000 -0.707086
vn 0.707128 0.000000 -0.707086
vn 0.258786 0.000000 -0.965935
vn 0.258786 0.000000 -0.965935
vn 0.258786 0.000000 -0.965935
vn 0.258786 0.000000 -0.965935
vn -0.258790 0.000000 -0.965934
vn -0.258790 0.000000 -0.965934
vn -0.258790 0.000000 -0.965934
vn -0.258790 0.000000 -0.965934
vn -0.707119 0.000000 -0.707094
vn -0.707119 0.000000 -0.707094
vn -0.707119 0.000000 -0.707094
vn -0.707119 0.000000 -0.707094
vn -0.965927 0.000000 -0.258814
vn -0.965927 0.000000 -0.258814
vn -0.965927 0.000000 -0.258814
vn -0.965927 0.000000 -0.258814
vn -0.965928 0.000000 0.258809
vn -0.965928 0.000000 0.258809
vn -0.965928 0.000000 0.258809
vn -0.965928 0.000000 0.258809
vn -0.707089 0.000000 0.707125
vn -0.707089 0.000000 0.707125
vn -0.707089 0.000000 0.707125
vn -0.707089 0.000000 0.707125
vn -0.258847 0.000000 0.965918
vn -0.258847 0.000000 0.965918
vn -0.258847 0.000000 0.965918
vn -0.258847 0.000000 0.965918
vn 0.258843 0.000000 0.965919
vn 0.258843 0.000000 0.965919
vn 0.258843 0.000000 0.965919
vn 0.258843 0.000000 0.965919
vn 0.707097 0.000000 0.707116
vn 0.707097 0.000000 0.707116
vn 0.707097 0.000000 0.707116
vn 0.707097 0.000000 0.707116
vn 0.965920 0.000000 0.258841
vn 0.965920 0.000000 0.258841
vn 0.965920 0.000000 0.258841
vn 0.965920 0.000000 0.258841
vn 0.965918 0.000000 -0.258846
vn 0.965918 0.000000 -0.258846
vn 0.965918 0.000000 -0.258846
vn 0.965918 0.000000 -0.258846
vn 0.000000 1.000000 -0.000010
vn 0.000000 1.000000 0.000000
vn 0.000000 1.000000 -0.000002
vn 0.000000 1.000000 0.000000
vn 0.000000 1.000000 0.000005
vn 0.000000 1.000000 -0.000000
vn 0.000000 1.000000 -0.000005
vn 0.000000 1.000000 -0.000005
vn 0.000000 1.000000 -0.000005
vn 0.000000 1.000000 0.000000
vn 0.000000 1.000000 0.000000
vn 0.000000 1.000000 0.000005
vn 0.000000 1.000000 -0.000005
s off
g Adicionales group16 group15 pCylinder34
usemtl initialShadingGroup
f 2655/4032/5743 2656/4033/5744 2668/4046/5745 2667/4045/5746
f 2656/4033/5747 2657/4034/5748 2669/4047/5749 2668/4046/5750
f 2657/4034/5751 2658/4035/5752 2670/4048/5753 2669/4047/5754
f 2658/4035/5755 2659/4036/5756 2671/4049/5757 2670/4048/5758
f 2659/4036/5759 2660/4037/5760 2672/4050/5761 2671/4049/5762
f 2660/4037/5763 2661/4038/5764 2673/4051/5765 2672/4050/5766
f 2661/4038/5767 2662/4039/5768 2674/4052/5769 2673/4051/5770
f 2662/4039/5771 2663/4040/5772 2675/4053/5773 2674/4052/5774
f 2663/4040/5775 2664/4041/5776 2676/4054/5777 2675/4053/5778
f 2664/4041/5779 2665/4042/5780 2677/4055/5781 2676/4054/5782
f 2665/4042/5783 2666/4043/5784 2678/4056/5785 2677/4055/5786
f 2666/4043/5787 2655/4044/5788 2667/4057/5789 2678/4056/5790
s 1
f 2667/4068/5791 2668/4067/5792 2679/4070/5793
f 2668/4067/5792 2669/4066/5794 2679/4070/5793
f 2669/4066/5794 2670/4065/5795 2679/4070/5793
f 2670/4065/5795 2671/4064/5796 2679/4070/5793
f 2671/4064/5796 2672/4063/5797 2679/4070/5793
f 2672/4063/5797 2673/4062/5798 2679/4070/5793
f 2673/4062/5798 2674/4061/5799 2679/4070/5793
f 2674/4061/5799 2675/4060/5800 2679/4070/5793
f 2675/4060/5800 2676/4059/5801 2679/4070/5793
f 2676/4059/5801 2677/4058/5802 2679/4070/5793
f 2677/4058/5802 2678/4069/5803 2679/4070/5793
f 2678/4069/5803 2667/4068/5791 2679/4070/5793
g default
v 8.423044 2.559635 7.240933
v 8.420864 2.352301 6.901507
v 8.390490 2.557469 7.243918
v 8.344484 2.347219 6.908510
v 8.460257 2.482222 7.034570
v 8.327029 2.473360 7.046784
v 8.357267 2.521248 7.138647
v 8.441126 2.526826 7.130959
v 8.321416 2.411885 6.976031
v 8.460995 2.421170 6.963234
v 8.408685 2.551034 7.247831
v 8.402548 2.516615 7.140077
v 8.398374 2.470460 7.045825
v 8.396113 2.409208 6.974764
v 8.386853 2.342393 6.910207
vt 0.000000 0.000000
vt 1.000000 0.000000
vt 0.000000 1.000000
vt 1.000000 1.000000
vt 0.548974 0.000000
vt 0.548974 1.000000
vt 0.279760 1.000000
vt 0.279760 0.000000
vt 0.792447 1.000000
vt 0.792447 0.000000
vt 0.000000 0.472051
vt 0.279760 0.472051
vt 0.548974 0.472051
vt 0.792447 0.472051
vt 1.000000 0.472051
vn -0.097855 0.908156 -0.407034
vn -0.106661 0.821751 -0.559776
vn 0.036195 0.816835 -0.575736
vn 0.097548 0.899642 -0.425593
vn -0.114147 0.738225 -0.664826
vn -0.101470 0.719065 -0.687495
vn 0.048117 0.710393 -0.702158
vn 0.030541 0.737981 -0.674131
vn -0.088969 0.939133 -0.331835
vn 0.189247 0.921045 -0.340384
vn -0.397246 0.870495 -0.290575
vn -0.312124 0.865785 -0.391145
vn -0.262973 0.793563 -0.548729
vn -0.264684 0.725180 -0.635655
vn -0.288446 0.706492 -0.646272
s 1
g Adicionales group16 pPlane4 Maceta
usemtl initialShadingGroup
f 2691/4082/5804 2692/4083/5805 2685/4076/5806 2686/4077/5807
f 2693/4084/5808 2694/4085/5809 2683/4074/5810 2688/4079/5811
f 2690/4081/5812 2691/4082/5804 2686/4077/5807 2682/4073/5813
f 2692/4083/5805 2693/4084/5808 2688/4079/5811 2685/4076/5806
f 2680/4071/5814 2687/4078/5815 2691/4082/5804 2690/4081/5812
f 2687/4078/5815 2684/4075/5816 2692/4083/5805 2691/4082/5804
f 2684/4075/5816 2689/4080/5817 2693/4084/5808 2692/4083/5805
f 2689/4080/5817 2681/4072/5818 2694/4085/5809 2693/4084/5808
g default
v 8.431675 3.310196 7.328929
v 8.428751 3.032279 6.873953
v 8.388037 3.307293 7.332931
v 8.326369 3.025469 6.883340
v 8.481555 3.206430 7.052314
v 8.302973 3.194551 7.068686
v 8.343505 3.258741 7.191822
v 8.455911 3.266218 7.181517
v 8.295448 3.112148 6.973846
v 8.482544 3.124593 6.956694
v 8.412426 3.298668 7.338177
v 8.404200 3.252531 7.193739
v 8.398605 3.190664 7.067401
v 8.395576 3.108560 6.972149
v 8.383162 3.018999 6.885615
vt 0.000000 0.000000
vt 1.000000 0.000000
vt 0.000000 1.000000
vt 1.000000 1.000000
vt 0.548974 0.000000
vt 0.548974 1.000000
vt 0.279760 1.000000
vt 0.279760 0.000000
vt 0.792447 1.000000
vt 0.792447 0.000000
vt 0.000000 0.472051
vt 0.279760 0.472051
vt 0.548974 0.472051
vt 0.792447 0.472051
vt 1.000000 0.472051
vn -0.097854 0.908155 -0.407038
vn -0.106661 0.821751 -0.559775
vn 0.036195 0.816834 -0.575736
vn 0.097555 0.899638 -0.425600
vn -0.114145 0.738228 -0.664823
vn -0.101466 0.719067 -0.687493
vn 0.048114 0.710395 -0.702157
vn 0.030537 0.737983 -0.674128
vn -0.088967 0.939130 -0.331842
vn 0.189254 0.921041 -0.340392
vn -0.397246 0.870494 -0.290579
vn -0.312130 0.865784 -0.391143
vn -0.262972 0.793565 -0.548726
vn -0.264676 0.725184 -0.635654
vn -0.288438 0.706497 -0.646270
s 1
g Adicionales group16 Maceta pPlane3
usemtl initialShadingGroup
f 2706/4097/5819 2707/4098/5820 2700/4091/5821 2701/4092/5822
f 2708/4099/5823 2709/4100/5824 2698/4089/5825 2703/4094/5826
f 2705/4096/5827 2706/4097/5819 2701/4092/5822 2697/4088/5828
f 2707/4098/5820 2708/4099/5823 2703/4094/5826 2700/4091/5821
f 2695/4086/5829 2702/4093/5830 2706/4097/5819 2705/4096/5827
f 2702/4093/5830 2699/4090/5831 2707/4098/5820 2706/4097/5819
f 2699/4090/5831 2704/4095/5832 2708/4099/5823 2707/4098/5820
f 2704/4095/5832 2696/4087/5833 2709/4100/5824 2708/4099/5823
g default
v 8.449370 3.993675 7.630072
v 8.444924 3.571033 6.938166
v 8.383008 3.989261 7.636157
v 8.289227 3.560676 6.952440
v 8.525226 3.835872 7.209409
v 8.253647 3.817806 7.234307
v 8.315286 3.915425 7.421566
v 8.486227 3.926796 7.405893
v 8.242204 3.692492 7.090079
v 8.526730 3.711419 7.063993
v 8.420097 3.976144 7.644134
v 8.407588 3.905980 7.424481
v 8.399080 3.811896 7.232352
v 8.394472 3.687037 7.087497
v 8.375595 3.550836 6.955901
vt 0.000000 0.000000
vt 1.000000 0.000000
vt 0.000000 1.000000
vt 1.000000 1.000000
vt 0.548974 0.000000
vt 0.548974 1.000000
vt 0.279760 1.000000
vt 0.279760 0.000000
vt 0.792447 1.000000
vt 0.792447 0.000000
vt 0.000000 0.472051
vt 0.279760 0.472051
vt 0.548974 0.472051
vt 0.792447 0.472051
vt 1.000000 0.472051
vn -0.097855 0.908154 -0.407040
vn -0.106660 0.821751 -0.559775
vn 0.036196 0.816833 -0.575738
vn 0.097553 0.899637 -0.425602
vn -0.114143 0.738229 -0.664823
vn -0.101463 0.719068 -0.687493
vn 0.048122 0.710398 -0.702153
vn 0.030543 0.737984 -0.674127
vn -0.088969 0.939130 -0.331842
vn 0.189255 0.921041 -0.340392
vn -0.397255 0.870490 -0.290579
vn -0.312130 0.865783 -0.391145
vn -0.262971 0.793566 -0.548725
vn -0.264678 0.725184 -0.635653
vn -0.288441 0.706494 -0.646273
s 1
g Adicionales group16 Maceta pPlane2
usemtl initialShadingGroup
f 2721/4112/5834 2722/4113/5835 2715/4106/5836 2716/4107/5837
f 2723/4114/5838 2724/4115/5839 2713/4104/5840 2718/4109/5841
f 2720/4111/5842 2721/4112/5834 2716/4107/5837 2712/4103/5843
f 2722/4113/5835 2723/4114/5838 2718/4109/5841 2715/4106/5836
f 2710/4101/5844 2717/4108/5845 2721/4112/5834 2720/4111/5842
f 2717/4108/5845 2714/4105/5846 2722/4113/5835 2721/4112/5834
f 2714/4105/5846 2719/4110/5847 2723/4114/5838 2722/4113/5835
f 2719/4110/5847 2711/4102/5848 2724/4115/5839 2723/4114/5838
g default
v 8.355903 1.321619 6.920863
v 8.358153 1.319460 6.909588
v 8.349344 1.317629 6.902112
v 8.338284 1.317958 6.905910
v 8.336035 1.320118 6.917184
v 8.344843 1.321948 6.924661
v 8.344916 1.589811 6.883449
v 8.347118 1.588843 6.872001
v 8.338280 1.587760 6.864416
v 8.327238 1.587647 6.868278
v 8.325036 1.588616 6.879725
v 8.333876 1.589698 6.887311
v 8.325480 2.055649 6.827673
v 8.327721 2.053729 6.816354
v 8.318906 2.052049 6.808849
v 8.307851 2.052289 6.812664
v 8.305610 2.054209 6.823984
v 8.314424 2.055889 6.831488
v 8.307220 2.518236 6.745237
v 8.309504 2.515209 6.734170
v 8.300714 2.512833 6.726825
v 8.289643 2.513485 6.730545
v 8.287361 2.516512 6.741611
v 8.296149 2.518888 6.748957
v 8.296128 2.858954 6.623318
v 8.298462 2.854365 6.612814
v 8.289705 2.851008 6.605822
v 8.278615 2.852241 6.609333
v 8.276282 2.856830 6.619837
v 8.285039 2.860187 6.626830
v 8.291699 3.179290 6.352934
v 8.294071 3.168651 6.348689
v 8.285339 3.161494 6.345628
v 8.274235 3.164976 6.346813
v 8.271862 3.175615 6.351058
v 8.280594 3.182772 6.354119
vt 0.000000 0.000000
vt 0.005872 0.000000
vt 0.011744 0.000000
vt 0.017617 0.000000
vt 0.023489 0.000000
vt 0.029361 0.000000
vt 0.035233 0.000000
vt 0.000000 0.136046
vt 0.005872 0.136046
vt 0.011744 0.136046
vt 0.017617 0.136046
vt 0.023489 0.136046
vt 0.029361 0.136046
vt 0.035233 0.136046
vt 0.000000 0.371764
vt 0.005872 0.371764
vt 0.011744 0.371764
vt 0.017617 0.371764
vt 0.023489 0.371764
vt 0.029361 0.371764
vt 0.035233 0.371764
vt 0.000000 0.607815
vt 0.005872 0.607815
vt 0.011744 0.607815
vt 0.017617 0.607815
vt 0.023489 0.607815
vt 0.029361 0.607815
vt 0.035233 0.607815
vt 0.000000 0.789558
vt 0.005872 0.789558
vt 0.011744 0.789558
vt 0.017617 0.789558
vt 0.023489 0.789558
vt 0.029361 0.789558
vt 0.035233 0.789558
vt 0.000000 1.000000
vt 0.005872 1.000000
vt 0.011744 1.000000
vt 0.017617 1.000000
vt 0.023489 1.000000
vt 0.029361 1.000000
vt 0.035233 1.000000
vn 0.980881 0.065738 0.183170
vn 0.980881 0.065738 0.183170
vn 0.980965 0.063920 0.183362
vn 0.980962 0.063980 0.183356
vn 0.654657 -0.078106 -0.751881
vn 0.187096 -0.128244 -0.973935
vn 0.189460 -0.115859 -0.975029
vn 0.654345 -0.068616 -0.753076
vn -0.325364 -0.143746 -0.934599
vn -0.325927 -0.132442 -0.936072
vn -0.980888 -0.065732 -0.183135
vn -0.980888 -0.065732 -0.183135
vn -0.980965 -0.063967 -0.183349
vn -0.980967 -0.063907 -0.183356
vn -0.654637 0.078066 0.751902
vn -0.192736 0.127817 0.972890
vn -0.189525 0.116020 0.974997
vn -0.654358 0.068386 0.753086
vn 0.325329 0.143703 0.934618
vn 0.325922 0.132267 0.936098
vn 0.980834 0.066988 0.182969
vn 0.980827 0.067133 0.182951
vn 0.191673 -0.136552 -0.971913
vn 0.654928 -0.085362 -0.750855
vn -0.325041 -0.152213 -0.933370
vn -0.980830 -0.067125 -0.182937
vn -0.980837 -0.066979 -0.182955
vn -0.188942 0.137335 0.972337
vn -0.654958 0.084949 0.750875
vn 0.325045 0.151985 0.933406
vn 0.980334 0.081433 0.179759
vn 0.980327 0.081638 0.179705
vn 0.198356 -0.234287 -0.951717
vn 0.658768 -0.162990 -0.734479
vn -0.322201 -0.244471 -0.914560
vn -0.980338 -0.081612 -0.179655
vn -0.980345 -0.081408 -0.179710
vn -0.190311 0.235862 0.952969
vn -0.658764 0.162467 0.734599
vn 0.322196 0.244218 0.914630
vn 0.978184 0.123658 0.166926
vn 0.978427 0.120146 0.168067
vn 0.206167 -0.497234 -0.842765
vn 0.654937 -0.366443 -0.660891
vn -0.305886 -0.484562 -0.819532
vn -0.978444 -0.119991 -0.168078
vn -0.978202 -0.123487 -0.166949
vn -0.189305 0.492864 0.849264
vn -0.654008 0.379457 0.654436
vn 0.305013 0.495052 0.813566
vn 0.976174 0.147570 0.159081
vn 0.976174 0.147570 0.159081
vn 0.212071 -0.626361 -0.750132
vn 0.636804 -0.490400 -0.594969
vn -0.286210 -0.618087 -0.732156
vn -0.976188 -0.147410 -0.159145
vn -0.976188 -0.147410 -0.159145
vn -0.169019 0.634566 0.754161
vn -0.637022 0.492076 0.593351
vn 0.286333 0.620617 0.729965
s 1
g Adicionales group16 Maceta sweep2
usemtl initialShadingGroup
f 2725/4116/5849 2726/4117/5850 2732/4124/5851 2731/4123/5852
s 2
f 2726/4117/5853 2727/4118/5854 2733/4125/5855 2732/4124/5856
f 2727/4118/5854 2728/4119/5857 2734/4126/5858 2733/4125/5855
s 3
f 2728/4119/5859 2729/4120/5860 2735/4127/5861 2734/4126/5862
s 4
f 2729/4120/5863 2730/4121/5864 2736/4128/5865 2735/4127/5866
f 2730/4121/5864 2725/4122/5867 2731/4129/5868 2736/4128/5865
s 1
f 2731/4123/5852 2732/4124/5851 2738/4131/5869 2737/4130/5870
s 2
f 2732/4124/5856 2733/4125/5855 2739/4132/5871 2738/4131/5872
f 2733/4125/5855 2734/4126/5858 2740/4133/5873 2739/4132/5871
s 3
f 2734/4126/5862 2735/4127/5861 2741/4134/5874 2740/4133/5875
s 4
f 2735/4127/5866 2736/4128/5865 2742/4135/5876 2741/4134/5877
f 2736/4128/5865 2731/4129/5868 2737/4136/5878 2742/4135/5876
s 1
f 2737/4130/5870 2738/4131/5869 2744/4138/5879 2743/4137/5880
s 2
f 2738/4131/5872 2739/4132/5871 2745/4139/5881 2744/4138/5882
f 2739/4132/5871 2740/4133/5873 2746/4140/5883 2745/4139/5881
s 3
f 2740/4133/5875 2741/4134/5874 2747/4141/5884 2746/4140/5885
s 4
f 2741/4134/5877 2742/4135/5876 2748/4142/5886 2747/4141/5887
f 2742/4135/5876 2737/4136/5878 2743/4143/5888 2748/4142/5886
s 1
f 2743/4137/5880 2744/4138/5879 2750/4145/5889 2749/4144/5890
s 2
f 2744/4138/5882 2745/4139/5881 2751/4146/5891 2750/4145/5892
f 2745/4139/5881 2746/4140/5883 2752/4147/5893 2751/4146/5891
s 3
f 2746/4140/5885 2747/4141/5884 2753/4148/5894 2752/4147/5895
s 4
f 2747/4141/5887 2748/4142/5886 2754/4149/5896 2753/4148/5897
f 2748/4142/5886 2743/4143/5888 2749/4150/5898 2754/4149/5896
s 1
f 2749/4144/5890 2750/4145/5889 2756/4152/5899 2755/4151/5900
s 2
f 2750/4145/5892 2751/4146/5891 2757/4153/5901 2756/4152/5902
f 2751/4146/5891 2752/4147/5893 2758/4154/5903 2757/4153/5901
s 3
f 2752/4147/5895 2753/4148/5894 2759/4155/5904 2758/4154/5905
s 4
f 2753/4148/5897 2754/4149/5896 2760/4156/5906 2759/4155/5907
f 2754/4149/5896 2749/4150/5898 2755/4157/5908 2760/4156/5906
g default
v 8.344325 1.262825 6.951428
v 8.341689 1.262788 6.969234
v 8.355791 1.262714 6.980420
v 8.372530 1.262677 6.973800
v 8.375166 1.262714 6.955994
v 8.361064 1.262788 6.944808
v 8.345664 1.679200 6.928284
v 8.343034 1.681013 6.945998
v 8.357140 1.682101 6.957126
v 8.373876 1.681377 6.950540
v 8.376506 1.679564 6.932826
v 8.362400 1.678475 6.921698
v 8.347980 2.399711 6.874159
v 8.345345 2.400049 6.891962
v 8.359448 2.400212 6.903146
v 8.376186 2.400035 6.896527
v 8.378821 2.399696 6.878724
v 8.364718 2.399534 6.867540
v 8.350306 3.123158 6.861300
v 8.347665 3.121748 6.879049
v 8.361765 3.120812 6.890199
v 8.378505 3.121285 6.883600
v 8.381145 3.122695 6.865851
v 8.367045 3.123632 6.854701
v 8.352077 3.674028 6.944331
v 8.349428 3.670092 6.961694
v 8.363523 3.667568 6.972602
v 8.380265 3.668981 6.966147
v 8.382914 3.672918 6.948783
v 8.368819 3.675441 6.937875
v 8.353889 4.237794 7.257822
v 8.351205 4.222872 7.267524
v 8.365277 4.213448 7.273619
v 8.382033 4.218945 7.270012
v 8.384717 4.233867 7.260310
v 8.370646 4.243291 7.254215
vt 0.000000 0.000000
vt 0.000000 0.000000
vt 0.000000 0.000000
vt 0.000000 0.000000
vt 0.000000 0.000000
vt 0.000000 0.000000
vt 0.000000 0.000000
vt 0.000000 0.000000
vt 0.000000 0.000000
vt 0.000000 0.000000
vt 0.000000 0.000000
vt 0.000000 0.000000
vt 0.000000 0.000000
vt 0.000000 0.000000
vt 0.000000 0.000000
vt 0.000000 0.000000
vt 0.000000 0.000000
vt 0.000000 0.000000
vt 0.000000 0.000000
vt 0.000000 0.000000
vt 0.000000 0.000000
vt 0.000000 0.000000
vt 0.000000 0.000000
vt 0.000000 0.000000
vt 0.000000 0.000000
vt 0.000000 0.000000
vt 0.000000 0.000000
vt 0.000000 0.000000
vt 0.000000 0.000000
vt 0.000000 0.000000
vt 0.000000 0.000000
vt 0.000000 0.000000
vt 0.000000 0.000000
vt 0.000000 0.000000
vt 0.000000 0.000000
vt 0.000000 0.000000
vt 0.000000 0.000000
vt 0.000000 0.000000
vt 0.000000 0.000000
vt 0.000000 0.000000
vt 0.000000 0.000000
vt 0.000000 0.000000
vt 0.000000 0.000000
vt 0.000000 0.000000
vt 0.000000 0.000000
vt 0.000000 0.000000
vt 0.000000 0.000000
vt 0.000000 0.000000
vt 0.000000 0.000000
vt 0.000000 0.000000
vt 0.000000 0.000000
vt 0.000000 0.000000
vt 0.000000 0.000000
vt 0.000000 0.000000
vt 0.000000 0.000000
vt 0.000000 0.000000
vt 0.000000 0.000000
vt 0.000000 0.000000
vt 0.000000 0.000000
vt 0.000000 0.000000
vt 0.000000 0.000000
vt 0.000000 0.000000
vt 0.000000 0.000000
vt 0.000000 0.000000
vt 0.000000 0.000000
vt 0.000000 0.000000
vt 0.000000 0.000000
vt 0.000000 0.000000
vt 0.000000 0.000000
vt 0.000000 0.000000
vt 0.000000 0.000000
vt 0.000000 0.000000
vt 0.000000 0.000000
vt 0.000000 0.000000
vt 0.000000 0.000000
vt 0.000000 0.000000
vt 0.000000 0.000000
vt 0.000000 0.000000
vt 0.000000 0.000000
vt 0.000000 0.000000
vt 0.000000 0.000000
vt 0.000000 0.000000
vt 0.000000 0.000000
vt 0.000000 0.000000
vt 0.000000 0.000000
vt 0.000000 0.000000
vt 0.000000 0.000000
vt 0.000000 0.000000
vt 0.000000 0.000000
vt 0.000000 0.000000
vt 0.000000 0.000000
vt 0.000000 0.000000
vt 0.000000 0.000000
vt 0.000000 0.000000
vt 0.000000 0.000000
vt 0.000000 0.000000
vt 0.000000 0.000000
vt 0.000000 0.000000
vt 0.000000 0.000000
vt 0.000000 0.000000
vt 0.000000 0.000000
vt 0.000000 0.000000
vt 0.000000 0.000000
vt 0.000000 0.000000
vt 0.000000 0.000000
vt 0.000000 0.000000
vt 0.000000 0.000000
vt 0.000000 0.000000
vt 0.000000 0.000000
vt 0.000000 0.000000
vt 0.000000 0.000000
vt 0.000000 0.000000
vt 0.000000 0.000000
vt 0.000000 0.000000
vn -0.989212 -0.004954 -0.146410
vn -0.989212 -0.004954 -0.146410
vn -0.989223 -0.006790 -0.146259
vn -0.989223 -0.006729 -0.146264
vn -0.620756 0.045474 0.782684
vn -0.143202 0.055352 0.988144
vn -0.146054 0.067622 0.986963
vn -0.620854 0.055019 0.781993
vn 0.367462 0.050407 0.928672
vn 0.367642 0.061787 0.927913
vn 0.989211 0.004953 0.146412
vn 0.989211 0.004953 0.146412
vn 0.989222 0.006727 0.146268
vn 0.989223 0.006788 0.146263
vn 0.620776 -0.045502 -0.782666
vn 0.148878 -0.055363 -0.987305
vn 0.146088 -0.067451 -0.986970
vn 0.620856 -0.055243 -0.781976
vn -0.367480 -0.050446 -0.928662
vn -0.367644 -0.061959 -0.927901
vn -0.989209 -0.003694 -0.146468
vn -0.989208 -0.003547 -0.146478
vn -0.147493 0.046654 0.987962
vn -0.620828 0.038149 0.783018
vn 0.367528 0.041849 0.929070
vn 0.989207 0.003549 0.146481
vn 0.989208 0.003696 0.146471
vn 0.144721 -0.046061 -0.988400
vn 0.620849 -0.038557 -0.782982
vn -0.367521 -0.042076 -0.929063
vn -0.989209 0.011110 -0.146091
vn -0.989208 0.011321 -0.146077
vn -0.150720 -0.053313 0.987138
vn -0.621935 -0.041262 0.781981
vn 0.367940 -0.052345 0.928375
vn 0.989208 -0.011317 0.146079
vn 0.989209 -0.011106 0.146093
vn 0.142613 0.054340 -0.988286
vn 0.621958 0.040731 -0.781991
vn -0.367920 0.052089 -0.928397
vn -0.988381 0.055045 -0.141677
vn -0.988517 0.051373 -0.142112
vn -0.151453 -0.332431 0.930887
vn -0.612216 -0.254805 0.748509
vn 0.358280 -0.306679 0.881807
vn 0.988516 -0.051295 0.142143
vn 0.988381 -0.054953 0.141712
vn 0.134557 0.326325 -0.935632
vn 0.610928 0.268859 -0.744636
vn -0.357574 0.318118 -0.878033
vn -0.987098 0.080071 -0.138657
vn -0.987098 0.080071 -0.138657
vn -0.155430 -0.477105 0.864993
vn -0.591375 -0.388414 0.706690
vn 0.340957 -0.455144 0.822552
vn 0.987096 -0.080010 0.138708
vn 0.987096 -0.080010 0.138708
vn 0.111918 0.482900 -0.868494
vn 0.591462 0.390518 -0.705456
vn -0.341031 0.458000 -0.820935
s 1
g Adicionales group16 Maceta sweep1
usemtl initialShadingGroup
f 2761/4158/5909 2762/4159/5910 2768/4160/5911 2767/4161/5912
s 2
f 2762/4159/5913 2763/4199/5914 2769/4162/5915 2768/4163/5916
f 2763/4200/5914 2764/4201/5917 2770/4164/5918 2769/4165/5915
s 3
f 2764/4202/5919 2765/4203/5920 2771/4166/5921 2770/4167/5922
s 4
f 2765/4204/5923 2766/4205/5924 2772/4168/5925 2771/4169/5926
f 2766/4206/5924 2761/4207/5927 2767/4170/5928 2772/4208/5925
s 1
f 2767/4209/5912 2768/4210/5911 2774/4171/5929 2773/4172/5930
s 2
f 2768/4211/5916 2769/4212/5915 2775/4173/5931 2774/4213/5932
f 2769/4214/5915 2770/4215/5918 2776/4174/5933 2775/4216/5931
s 3
f 2770/4217/5922 2771/4169/5921 2777/4175/5934 2776/4218/5935
s 4
f 2771/4169/5926 2772/4219/5925 2778/4176/5936 2777/4220/5937
f 2772/4221/5925 2767/4222/5928 2773/4177/5938 2778/4223/5936
s 1
f 2773/4172/5930 2774/4224/5929 2780/4178/5939 2779/4179/5940
s 2
f 2774/4225/5932 2775/4226/5931 2781/4180/5941 2780/4227/5942
f 2775/4228/5931 2776/4229/5933 2782/4181/5943 2781/4230/5941
s 3
f 2776/4231/5935 2777/4232/5934 2783/4182/5944 2782/4233/5945
s 4
f 2777/4234/5937 2778/4235/5936 2784/4183/5946 2783/4236/5947
f 2778/4237/5936 2773/4238/5938 2779/4184/5948 2784/4239/5946
s 1
f 2779/4179/5940 2780/4240/5939 2786/4185/5949 2785/4186/5950
s 2
f 2780/4241/5942 2781/4242/5941 2787/4187/5951 2786/4243/5952
f 2781/4244/5941 2782/4245/5943 2788/4188/5953 2787/4246/5951
s 3
f 2782/4247/5945 2783/4248/5944 2789/4189/5954 2788/4249/5955
s 4
f 2783/4250/5947 2784/4251/5946 2790/4190/5956 2789/4252/5957
f 2784/4253/5946 2779/4254/5948 2785/4191/5958 2790/4255/5956
s 1
f 2785/4186/5950 2786/4256/5949 2792/4192/5959 2791/4193/5960
s 2
f 2786/4257/5952 2787/4258/5951 2793/4194/5961 2792/4259/5962
f 2787/4260/5951 2788/4261/5953 2794/4195/5963 2793/4262/5961
s 3
f 2788/4263/5955 2789/4264/5954 2795/4196/5964 2794/4265/5965
s 4
f 2789/4266/5957 2790/4267/5956 2796/4197/5966 2795/4268/5967
f 2790/4269/5956 2785/4270/5958 2791/4198/5968 2796/4271/5966
g default
v 8.679134 0.137678 6.729544
v 8.534379 0.137678 6.584790
v 8.336641 0.137678 6.531807
v 8.138904 0.137678 6.584790
v 7.994150 0.137678 6.729544
v 7.941166 0.137678 6.927283
v 7.994150 0.137678 7.125021
v 8.138904 0.137678 7.269776
v 8.336641 0.137678 7.322759
v 8.534379 0.137678 7.269776
v 8.679134 0.137678 7.125021
v 8.732117 0.137678 6.927283
v 8.797031 1.378429 6.661477
v 8.602448 1.378429 6.466893
v 8.336641 1.378429 6.395670
v 8.070835 1.378429 6.466893
v 7.876252 1.378429 6.661477
v 7.805029 1.378429 6.927283
v 7.876252 1.378429 7.193089
v 8.070835 1.378429 7.387672
v 8.336641 1.378429 7.458895
v 8.602448 1.378429 7.387672
v 8.797031 1.378429 7.193089
v 8.868253 1.378429 6.927283
v 8.746813 1.378429 6.690471
v 8.573454 1.378429 6.517112
v 8.336641 1.378429 6.453659
v 8.099830 1.378429 6.517112
v 7.926471 1.378429 6.690471
v 7.863018 1.378429 6.927283
v 7.926471 1.378429 7.164095
v 8.099830 1.378429 7.337453
v 8.336641 1.378429 7.400907
v 8.573454 1.378429 7.337453
v 8.746813 1.378429 7.164095
v 8.810265 1.378429 6.927283
v 8.746813 1.304795 6.690471
v 8.573454 1.304795 6.517112
v 8.336641 1.304795 6.453659
v 8.099830 1.304795 6.517112
v 7.926471 1.304795 6.690471
v 7.863018 1.304795 6.927283
v 7.926471 1.304795 7.164095
v 8.099830 1.304795 7.337453
v 8.336641 1.304795 7.400907
v 8.573454 1.304795 7.337453
v 8.746813 1.304795 7.164095
v 8.810265 1.304795 6.927283
v 8.336641 1.304795 6.927282
v 7.935250 0.573553 6.695539
v 8.104898 0.573553 6.525891
v 8.336641 0.573553 6.463795
v 8.568386 0.573553 6.525891
v 8.738034 0.573553 6.695539
v 8.800129 0.573553 6.927283
v 8.738034 0.573553 7.159026
v 8.568386 0.573553 7.328675
v 8.336641 0.573553 7.390770
v 8.104898 0.573553 7.328675
v 7.935250 0.573553 7.159026
v 7.873154 0.573553 6.927283
v 7.878454 1.287969 6.662748
v 8.072107 1.287969 6.469096
v 8.336641 1.287969 6.398214
v 8.601176 1.287969 6.469096
v 8.794829 1.287969 6.662748
v 8.865710 1.287969 6.927283
v 8.794829 1.287969 7.191817
v 8.601176 1.287969 7.385470
v 8.336641 1.287969 7.456352
v 8.072107 1.287969 7.385470
v 7.878454 1.287969 7.191817
v 7.807573 1.287969 6.927283
vt 0.375000 0.312500
vt 0.395833 0.312500
vt 0.416667 0.312500
vt 0.437500 0.312500
vt 0.458333 0.312500
vt 0.479167 0.312500
vt 0.500000 0.312500
vt 0.520833 0.312500
vt 0.541667 0.312500
vt 0.562500 0.312500
vt 0.583333 0.312500
vt 0.604167 0.312500
vt 0.625000 0.312500
vt 0.375000 0.688440
vt 0.395833 0.688440
vt 0.416667 0.688440
vt 0.437500 0.688440
vt 0.458333 0.688440
vt 0.479167 0.688440
vt 0.500000 0.688440
vt 0.520833 0.688440
vt 0.541667 0.688440
vt 0.562500 0.688440
vt 0.583333 0.688440
vt 0.604167 0.688440
vt 0.625000 0.688440
vt 0.000000 0.000000
vt 1.000000 0.000000
vt 1.000000 1.000000
vt 0.000000 1.000000
vt 0.000000 0.000000
vt 1.000000 0.000000
vt 1.000000 1.000000
vt 0.000000 1.000000
vt 0.000000 0.000000
vt 1.000000 0.000000
vt 1.000000 1.000000
vt 0.000000 1.000000
vt 0.000000 0.000000
vt 1.000000 0.000000
vt 1.000000 1.000000
vt 0.000000 1.000000
vt 0.000000 0.000000
vt 1.000000 0.000000
vt 1.000000 1.000000
vt 0.000000 1.000000
vt 0.000000 0.000000
vt 1.000000 0.000000
vt 1.000000 1.000000
vt 0.000000 1.000000
vt 0.000000 0.000000
vt 1.000000 0.000000
vt 1.000000 1.000000
vt 0.000000 1.000000
vt 0.000000 0.000000
vt 1.000000 0.000000
vt 1.000000 1.000000
vt 0.000000 1.000000
vt 0.000000 0.000000
vt 1.000000 0.000000
vt 1.000000 1.000000
vt 0.000000 1.000000
vt 0.000000 0.000000
vt 1.000000 0.000000
vt 1.000000 1.000000
vt 0.000000 1.000000
vt 0.000000 0.000000
vt 1.000000 0.000000
vt 1.000000 1.000000
vt 0.000000 1.000000
vt 0.000000 0.000000
vt 1.000000 0.000000
vt 1.000000 1.000000
vt 0.000000 1.000000
vt 0.000000 0.000000
vt 1.000000 0.000000
vt 1.000000 1.000000
vt 0.000000 1.000000
vt 0.000000 0.000000
vt 1.000000 0.000000
vt 1.000000 1.000000
vt 0.000000 1.000000
vt 0.000000 0.000000
vt 1.000000 0.000000
vt 1.000000 1.000000
vt 0.000000 1.000000
vt 0.000000 0.000000
vt 1.000000 0.000000
vt 1.000000 1.000000
vt 0.000000 1.000000
vt 0.000000 0.000000
vt 1.000000 0.000000
vt 1.000000 1.000000
vt 0.000000 1.000000
vt 0.000000 0.000000
vt 1.000000 0.000000
vt 1.000000 1.000000
vt 0.000000 1.000000
vt 0.000000 0.000000
vt 1.000000 0.000000
vt 1.000000 1.000000
vt 0.000000 1.000000
vt 0.000000 0.000000
vt 1.000000 0.000000
vt 1.000000 1.000000
vt 0.000000 1.000000
vt 0.000000 0.000000
vt 1.000000 0.000000
vt 1.000000 1.000000
vt 0.000000 1.000000
vt 0.000000 0.000000
vt 1.000000 0.000000
vt 1.000000 1.000000
vt 0.000000 1.000000
vt 0.000000 0.000000
vt 1.000000 0.000000
vt 1.000000 1.000000
vt 0.000000 1.000000
vt 0.000000 0.000000
vt 1.000000 0.000000
vt 1.000000 1.000000
vt 0.000000 1.000000
vt 0.000000 1.000000
vt 0.458333 0.460282
vt 0.437500 0.460282
vt 0.416667 0.460282
vt 0.395833 0.460282
vt 0.625000 0.460282
vt 0.375000 0.460282
vt 0.604167 0.460282
vt 0.583333 0.460282
vt 0.562500 0.460282
vt 0.541667 0.460282
vt 0.520833 0.460282
vt 0.500000 0.460282
vt 0.479167 0.460282
vt 0.458333 0.565450
vt 0.437500 0.565450
vt 0.416667 0.565450
vt 0.395833 0.565450
vt 0.625000 0.565450
vt 0.375000 0.565450
vt 0.604167 0.565450
vt 0.583333 0.565450
vt 0.562500 0.565450
vt 0.541667 0.565450
vt 0.520833 0.565450
vt 0.500000 0.565450
vt 0.479167 0.565450
vn 0.699211 -0.149035 -0.699208
vn 0.699211 -0.149035 -0.699208
vn 0.702903 -0.108891 -0.702901
vn 0.702903 -0.108891 -0.702901
vn 0.255927 -0.149034 -0.955139
vn 0.255927 -0.149034 -0.955139
vn 0.257280 -0.108891 -0.960182
vn 0.257280 -0.108891 -0.960182
vn -0.255928 -0.149035 -0.955139
vn -0.255928 -0.149035 -0.955139
vn -0.257281 -0.108891 -0.960182
vn -0.257281 -0.108891 -0.960182
vn -0.699211 -0.149034 -0.699209
vn -0.699211 -0.149034 -0.699209
vn -0.702903 -0.108891 -0.702902
vn -0.702903 -0.108891 -0.702902
vn -0.955138 -0.149033 -0.255930
vn -0.955138 -0.149033 -0.255930
vn -0.960182 -0.108891 -0.257281
vn -0.960182 -0.108891 -0.257281
vn -0.955138 -0.149033 0.255930
vn -0.955138 -0.149033 0.255930
vn -0.960182 -0.108891 0.257281
vn -0.960182 -0.108891 0.257281
vn -0.699210 -0.149034 0.699210
vn -0.699210 -0.149034 0.699210
vn -0.702902 -0.108891 0.702902
vn -0.702902 -0.108891 0.702902
vn -0.255928 -0.149033 0.955139
vn -0.255928 -0.149033 0.955139
vn -0.257280 -0.108891 0.960182
vn -0.257280 -0.108891 0.960182
vn 0.255927 -0.149033 0.955139
vn 0.255927 -0.149033 0.955139
vn 0.257279 -0.108891 0.960182
vn 0.257279 -0.108891 0.960182
vn 0.699210 -0.149035 0.699210
vn 0.699210 -0.149035 0.699210
vn 0.702903 -0.108892 0.702902
vn 0.702903 -0.108892 0.702902
vn 0.955139 -0.149033 0.255928
vn 0.955139 -0.149033 0.255928
vn 0.960182 -0.108890 0.257279
vn 0.960182 -0.108890 0.257279
vn 0.955139 -0.149034 -0.255928
vn 0.955139 -0.149034 -0.255928
vn 0.960182 -0.108891 -0.257279
vn 0.960182 -0.108891 -0.257279
vn 0.000000 1.000000 -0.000000
vn 0.000000 1.000000 -0.000000
vn 0.000000 1.000000 -0.000000
vn 0.000000 1.000000 -0.000000
vn 0.000000 1.000000 0.000001
vn 0.000000 1.000000 0.000001
vn 0.000000 1.000000 0.000001
vn 0.000000 1.000000 0.000001
vn 0.000000 1.000000 0.000002
vn 0.000000 1.000000 0.000002
vn 0.000000 1.000000 0.000002
vn 0.000000 1.000000 0.000002
vn 0.000000 1.000000 0.000000
vn 0.000000 1.000000 0.000000
vn 0.000000 1.000000 0.000000
vn 0.000000 1.000000 0.000000
vn 0.000000 1.000000 0.000000
vn 0.000000 1.000000 0.000000
vn 0.000000 1.000000 0.000000
vn 0.000000 1.000000 0.000000
vn 0.000000 1.000000 -0.000000
vn 0.000000 1.000000 -0.000000
vn 0.000000 1.000000 -0.000000
vn 0.000000 1.000000 -0.000000
vn 0.000000 1.000000 0.000000
vn 0.000000 1.000000 0.000000
vn 0.000000 1.000000 0.000000
vn 0.000000 1.000000 0.000000
vn 0.000000 1.000000 -0.000001
vn 0.000000 1.000000 -0.000001
vn 0.000000 1.000000 -0.000001
vn 0.000000 1.000000 -0.000001
vn 0.000000 1.000000 -0.000002
vn 0.000000 1.000000 -0.000002
vn 0.000000 1.000000 -0.000002
vn 0.000000 1.000000 -0.000002
vn 0.000000 1.000000 -0.000000
vn 0.000000 1.000000 -0.000000
vn 0.000000 1.000000 -0.000000
vn 0.000000 1.000000 -0.000000
vn 0.000000 1.000000 0.000000
vn 0.000000 1.000000 0.000000
vn 0.000000 1.000000 0.000000
vn 0.000000 1.000000 0.000000
vn 0.000000 1.000000 0.000000
vn 0.000000 1.000000 0.000000
vn 0.000000 1.000000 0.000000
vn 0.000000 1.000000 0.000000
vn -0.707107 0.000000 0.707106
vn -0.707107 0.000000 0.707106
vn -0.707107 0.000000 0.707106
vn -0.707107 0.000000 0.707106
vn -0.258818 0.000000 0.965926
vn -0.258818 0.000000 0.965926
vn -0.258818 0.000000 0.965926
vn -0.258818 0.000000 0.965926
vn 0.258820 0.000000 0.965926
vn 0.258820 0.000000 0.965926
vn 0.258820 0.000000 0.965926
vn 0.258820 0.000000 0.965926
vn 0.707107 0.000000 0.707107
vn 0.707107 0.000000 0.707107
vn 0.707107 0.000000 0.707107
vn 0.707107 0.000000 0.707107
vn 0.965926 0.000000 0.258817
vn 0.965926 0.000000 0.258817
vn 0.965926 0.000000 0.258817
vn 0.965926 0.000000 0.258817
vn 0.965926 0.000000 -0.258817
vn 0.965926 0.000000 -0.258817
vn 0.965926 0.000000 -0.258817
vn 0.965926 0.000000 -0.258817
vn 0.707105 0.000000 -0.707108
vn 0.707105 0.000000 -0.707108
vn 0.707105 0.000000 -0.707108
vn 0.707105 0.000000 -0.707108
vn 0.258823 0.000000 -0.965925
vn 0.258823 0.000000 -0.965925
vn 0.258823 0.000000 -0.965925
vn 0.258823 0.000000 -0.965925
vn -0.258821 0.000000 -0.965925
vn -0.258821 0.000000 -0.965925
vn -0.258821 0.000000 -0.965925
vn -0.258821 0.000000 -0.965925
vn -0.707106 0.000000 -0.707108
vn -0.707106 0.000000 -0.707108
vn -0.707106 0.000000 -0.707108
vn -0.707106 0.000000 -0.707108
vn -0.965927 0.000000 -0.258815
vn -0.965927 0.000000 -0.258815
vn -0.965927 0.000000 -0.258815
vn -0.965927 0.000000 -0.258815
vn -0.965927 0.000000 0.258815
vn -0.965927 0.000000 0.258815
vn -0.965927 0.000000 0.258815
vn -0.965927 0.000000 0.258815
vn -0.000000 1.000000 0.000000
vn 0.000000 1.000000 0.000000
vn 0.000000 1.000000 -0.000000
vn -0.000000 1.000000 0.000000
vn 0.000000 1.000000 0.000000
vn 0.000000 1.000000 0.000000
vn 0.000000 1.000000 0.000000
vn 0.000000 1.000000 0.000000
vn 0.000000 1.000000 0.000000
vn -0.000000 1.000000 0.000000
vn -0.000000 1.000000 0.000000
vn -0.000000 1.000000 0.000000
vn -0.000000 1.000000 -0.000000
vn -0.704787 -0.080943 -0.704786
vn -0.704787 -0.080943 -0.704786
vn -0.257972 -0.080943 -0.962756
vn -0.257972 -0.080943 -0.962756
vn 0.257971 -0.080943 -0.962756
vn 0.257971 -0.080943 -0.962756
vn 0.704787 -0.080943 -0.704786
vn 0.704787 -0.080943 -0.704786
vn 0.962757 -0.080941 -0.257969
vn 0.962757 -0.080941 -0.257969
vn 0.962757 -0.080942 0.257969
vn 0.962757 -0.080942 0.257969
vn 0.704787 -0.080943 0.704786
vn 0.704787 -0.080943 0.704786
vn 0.257969 -0.080943 0.962757
vn 0.257969 -0.080943 0.962757
vn -0.257970 -0.080943 0.962756
vn -0.257970 -0.080943 0.962756
vn -0.704787 -0.080943 0.704786
vn -0.704787 -0.080943 0.704786
vn -0.962756 -0.080943 0.257970
vn -0.962756 -0.080943 0.257970
vn -0.962756 -0.080944 -0.257970
vn -0.962756 -0.080944 -0.257970
vn -0.706847 -0.027148 -0.706845
vn -0.706847 -0.027148 -0.706845
vn -0.258722 -0.027149 -0.965570
vn -0.258722 -0.027149 -0.965570
vn 0.258721 -0.027150 -0.965570
vn 0.258721 -0.027150 -0.965570
vn 0.706848 -0.027150 -0.706844
vn 0.706848 -0.027150 -0.706844
vn 0.965570 -0.027140 -0.258723
vn 0.965570 -0.027140 -0.258723
vn 0.965570 -0.027145 0.258723
vn 0.965570 -0.027145 0.258723
vn 0.706848 -0.027153 0.706844
vn 0.706848 -0.027153 0.706844
vn 0.258723 -0.027149 0.965570
vn 0.258723 -0.027149 0.965570
vn -0.258724 -0.027149 0.965570
vn -0.258724 -0.027149 0.965570
vn -0.706847 -0.027151 0.706845
vn -0.706847 -0.027151 0.706845
vn -0.965570 -0.027148 0.258724
vn -0.965570 -0.027148 0.258724
vn -0.965570 -0.027153 -0.258724
vn -0.965570 -0.027153 -0.258724
s 1
g Adicionales group16 Maceta pCylinder38
usemtl initialShadingGroup
f 2797/4272/5969 2798/4273/5970 2849/4398/5971 2850/4400/5972
s 2
f 2798/4273/5973 2799/4274/5974 2848/4397/5975 2849/4398/5976
s 3
f 2799/4274/5977 2800/4275/5978 2847/4396/5979 2848/4397/5980
s 4
f 2800/4275/5981 2801/4276/5982 2846/4395/5983 2847/4396/5984
s 5
f 2801/4276/5985 2802/4277/5986 2857/4407/5987 2846/4395/5988
s 6
f 2802/4277/5989 2803/4278/5990 2856/4406/5991 2857/4407/5992
s 7
f 2803/4278/5993 2804/4279/5994 2855/4405/5995 2856/4406/5996
s 8
f 2804/4279/5997 2805/4280/5998 2854/4404/5999 2855/4405/6000
s 9
f 2805/4280/6001 2806/4281/6002 2853/4403/6003 2854/4404/6004
s 10
f 2806/4281/6005 2807/4282/6006 2852/4402/6007 2853/4403/6008
s 11
f 2807/4282/6009 2808/4283/6010 2851/4401/6011 2852/4402/6012
s 12
f 2808/4283/6013 2797/4284/6014 2850/4399/6015 2851/4401/6016
s off
f 2809/4298/6017 2810/4299/6018 2822/4300/6019 2821/4301/6020
f 2810/4302/6021 2811/4303/6022 2823/4304/6023 2822/4305/6024
f 2811/4306/6025 2812/4307/6026 2824/4308/6027 2823/4309/6028
f 2812/4310/6029 2813/4311/6030 2825/4312/6031 2824/4313/6032
f 2813/4314/6033 2814/4315/6034 2826/4316/6035 2825/4317/6036
f 2814/4318/6037 2815/4319/6038 2827/4320/6039 2826/4321/6040
f 2815/4322/6041 2816/4323/6042 2828/4324/6043 2827/4325/6044
f 2816/4326/6045 2817/4327/6046 2829/4328/6047 2828/4329/6048
f 2817/4330/6049 2818/4331/6050 2830/4332/6051 2829/4333/6052
f 2818/4334/6053 2819/4335/6054 2831/4336/6055 2830/4337/6056
f 2819/4338/6057 2820/4339/6058 2832/4340/6059 2831/4341/6060
f 2820/4342/6061 2809/4343/6062 2821/4344/6063 2832/4345/6064
f 2821/4346/6065 2822/4347/6066 2834/4348/6067 2833/4349/6068
f 2822/4350/6069 2823/4351/6070 2835/4352/6071 2834/4353/6072
f 2823/4354/6073 2824/4355/6074 2836/4356/6075 2835/4357/6076
f 2824/4358/6077 2825/4359/6078 2837/4360/6079 2836/4361/6080
f 2825/4362/6081 2826/4363/6082 2838/4364/6083 2837/4365/6084
f 2826/4366/6085 2827/4367/6086 2839/4368/6087 2838/4369/6088
f 2827/4370/6089 2828/4371/6090 2840/4372/6091 2839/4373/6092
f 2828/4374/6093 2829/4375/6094 2841/4376/6095 2840/4377/6096
f 2829/4378/6097 2830/4379/6098 2842/4380/6099 2841/4381/6100
f 2830/4382/6101 2831/4383/6102 2843/4384/6103 2842/4385/6104
f 2831/4386/6105 2832/4387/6106 2844/4388/6107 2843/4389/6108
f 2832/4390/6109 2821/4391/6110 2833/4392/6111 2844/4393/6112
s 13
f 2841/4381/6113 2845/4394/6114 2840/4377/6115
f 2834/4353/6116 2835/4357/6117 2845/4394/6114
f 2845/4394/6114 2835/4357/6117 2836/4361/6118
f 2845/4394/6114 2836/4361/6118 2837/4365/6119
f 2845/4394/6114 2837/4365/6119 2838/4369/6120
f 2845/4394/6114 2838/4369/6120 2839/4373/6121
f 2845/4394/6114 2839/4373/6121 2840/4377/6115
f 2842/4385/6122 2845/4394/6114 2841/4381/6113
f 2843/4389/6123 2845/4394/6114 2842/4385/6122
f 2844/4393/6124 2845/4394/6114 2843/4389/6123
f 2833/4349/6125 2845/4394/6114 2844/4393/6124
f 2834/4353/6116 2845/4394/6114 2833/4349/6125
s 4
f 2847/4396/5984 2846/4395/5983 2858/4408/6126 2859/4409/6127
s 3
f 2848/4397/5980 2847/4396/5979 2859/4409/6128 2860/4410/6129
s 2
f 2849/4398/5976 2848/4397/5975 2860/4410/6130 2861/4411/6131
s 1
f 2850/4400/5972 2849/4398/5971 2861/4411/6132 2862/4413/6133
s 12
f 2851/4401/6016 2850/4399/6015 2862/4412/6134 2863/4414/6135
s 11
f 2852/4402/6012 2851/4401/6011 2863/4414/6136 2864/4415/6137
s 10
f 2853/4403/6008 2852/4402/6007 2864/4415/6138 2865/4416/6139
s 9
f 2854/4404/6004 2853/4403/6003 2865/4416/6140 2866/4417/6141
s 8
f 2855/4405/6000 2854/4404/5999 2866/4417/6142 2867/4418/6143
s 7
f 2856/4406/5996 2855/4405/5995 2867/4418/6144 2868/4419/6145
s 6
f 2857/4407/5992 2856/4406/5991 2868/4419/6146 2869/4420/6147
s 5
f 2846/4395/5988 2857/4407/5987 2869/4420/6148 2858/4408/6149
s 4
f 2859/4409/6127 2858/4408/6126 2813/4289/6150 2812/4288/6151
s 3
f 2860/4410/6129 2859/4409/6128 2812/4288/6152 2811/4287/6153
s 2
f 2861/4411/6131 2860/4410/6130 2811/4287/6154 2810/4286/6155
s 1
f 2862/4413/6133 2861/4411/6132 2810/4286/6156 2809/4285/6157
s 12
f 2863/4414/6135 2862/4412/6134 2809/4297/6158 2820/4296/6159
s 11
f 2864/4415/6137 2863/4414/6136 2820/4296/6160 2819/4295/6161
s 10
f 2865/4416/6139 2864/4415/6138 2819/4295/6162 2818/4294/6163
s 9
f 2866/4417/6141 2865/4416/6140 2818/4294/6164 2817/4293/6165
s 8
f 2867/4418/6143 2866/4417/6142 2817/4293/6166 2816/4292/6167
s 7
f 2868/4419/6145 2867/4418/6144 2816/4292/6168 2815/4291/6169
s 6
f 2869/4420/6147 2868/4419/6146 2815/4291/6170 2814/4290/6171
s 5
f 2858/4408/6149 2869/4420/6148 2814/4290/6172 2813/4289/6173
g default
v 4.173402 3.079274 7.942008
v 4.053253 2.971398 7.924186
v 4.173378 3.079211 7.955785
v 4.053171 2.971179 7.972216
v 4.092276 3.037015 7.920374
v 4.092179 3.036759 7.976757
v 4.129682 3.060158 7.966480
v 4.129742 3.060319 7.930991
v 4.065061 3.008082 7.977924
v 4.065162 3.008350 7.918854
v 4.176036 3.076300 7.948503
v 4.132358 3.057298 7.947735
v 4.094875 3.033950 7.946981
v 4.067760 3.005279 7.946730
v 4.055860 2.968351 7.946850
vt 0.000000 0.000000
vt 1.000000 0.000000
vt 0.000000 1.000000
vt 1.000000 1.000000
vt 0.548974 0.000000
vt 0.548974 1.000000
vt 0.279760 1.000000
vt 0.279760 0.000000
vt 0.792447 1.000000
vt 0.792447 0.000000
vt 0.000000 0.472051
vt 0.279760 0.472051
vt 0.548974 0.472051
vt 0.792447 0.472051
vt 1.000000 0.472051
vn -0.503127 0.864206 0.003196
vn -0.646619 0.762807 0.003036
vn -0.647768 0.748841 -0.140120
vn -0.501288 0.843669 -0.192181
vn -0.855925 0.517098 0.001396
vn -0.948964 0.315381 -0.001256
vn -0.942127 0.312710 -0.120868
vn -0.839020 0.529092 -0.126914
vn -0.430874 0.902412 -0.000544
vn -0.409968 0.869122 -0.276683
vn -0.413741 0.854583 0.313859
vn -0.504412 0.834912 0.220209
vn -0.648370 0.744076 0.161145
vn -0.837019 0.527959 0.143734
vn -0.940182 0.312916 0.134688
s 1
g Adicionales group16 pPlane1 Macetita
usemtl initialShadingGroup
f 2881/4432/6174 2882/4433/6175 2875/4426/6176 2876/4427/6177
f 2883/4434/6178 2884/4435/6179 2873/4424/6180 2878/4429/6181
f 2880/4431/6182 2881/4432/6174 2876/4427/6177 2872/4423/6183
f 2882/4433/6175 2883/4434/6178 2878/4429/6181 2875/4426/6176
f 2870/4421/6184 2877/4428/6185 2881/4432/6174 2880/4431/6182
f 2877/4428/6185 2874/4425/6186 2882/4433/6175 2881/4432/6174
f 2874/4425/6186 2879/4430/6187 2883/4434/6178 2882/4433/6175
f 2879/4430/6187 2871/4422/6188 2884/4435/6179 2883/4434/6178
g default
v 4.023181 2.896546 7.910412
v 3.983481 2.896546 7.893968
v 3.943781 2.896546 7.910412
v 3.927336 2.896546 7.950111
v 3.943781 2.896546 7.989812
v 3.983481 2.896546 8.006256
v 4.023181 2.896546 7.989812
v 4.039625 2.896546 7.950111
v 4.052243 2.937646 7.881349
v 3.983481 2.937646 7.852867
v 3.914718 2.937646 7.881349
v 3.886236 2.937646 7.950111
v 3.914718 2.937646 8.018873
v 3.983481 2.937646 8.047357
v 4.052243 2.937646 8.018873
v 4.080726 2.937646 7.950111
v 4.062881 2.993791 7.870711
v 3.983481 2.993791 7.837823
v 3.904081 2.993791 7.870711
v 3.871192 2.993791 7.950111
v 3.904081 2.993791 8.029511
v 3.983481 2.993791 8.062401
v 4.062881 2.993791 8.029511
v 4.095769 2.993791 7.950111
v 3.983481 2.881502 7.950111
v 4.056718 2.993791 7.876875
v 3.983481 2.993791 7.846539
v 3.910244 2.993791 7.876875
v 3.879909 2.993791 7.950111
v 3.910244 2.993791 8.023348
v 3.983481 2.993791 8.053684
v 4.056718 2.993791 8.023348
v 4.087053 2.993791 7.950111
v 4.056718 2.981555 7.876875
v 3.983481 2.981555 7.846539
v 3.910244 2.981555 7.876875
v 3.879909 2.981555 7.950111
v 3.910244 2.981555 8.023348
v 3.983481 2.981555 8.053684
v 4.056718 2.981555 8.023348
v 4.087053 2.981555 7.950111
vt 0.000000 0.166667
vt 0.125000 0.166667
vt 0.250000 0.166667
vt 0.375000 0.166667
vt 0.500000 0.166667
vt 0.625000 0.166667
vt 0.750000 0.166667
vt 0.875000 0.166667
vt 1.000000 0.166667
vt 0.000000 0.333333
vt 0.125000 0.333333
vt 0.250000 0.333333
vt 0.375000 0.333333
vt 0.500000 0.333333
vt 0.625000 0.333333
vt 0.750000 0.333333
vt 0.875000 0.333333
vt 1.000000 0.333333
vt 0.000000 0.500000
vt 0.125000 0.500000
vt 0.250000 0.500000
vt 0.375000 0.500000
vt 0.500000 0.500000
vt 0.625000 0.500000
vt 0.750000 0.500000
vt 0.875000 0.500000
vt 1.000000 0.500000
vt 0.062500 0.000000
vt 0.187500 0.000000
vt 0.312500 0.000000
vt 0.437500 0.000000
vt 0.562500 0.000000
vt 0.687500 0.000000
vt 0.812500 0.000000
vt 0.937500 0.000000
vt 0.000000 0.000000
vt 1.000000 0.000000
vt 1.000000 1.000000
vt 0.000000 1.000000
vt 0.000000 0.000000
vt 1.000000 0.000000
vt 1.000000 1.000000
vt 0.000000 1.000000
vt 0.000000 0.000000
vt 1.000000 0.000000
vt 1.000000 1.000000
vt 0.000000 1.000000
vt 0.000000 0.000000
vt 1.000000 0.000000
vt 1.000000 1.000000
vt 0.000000 1.000000
vt 0.000000 0.000000
vt 1.000000 0.000000
vt 1.000000 1.000000
vt 0.000000 1.000000
vt 0.000000 0.000000
vt 1.000000 0.000000
vt 1.000000 1.000000
vt 0.000000 1.000000
vt 0.000000 0.000000
vt 1.000000 0.000000
vt 1.000000 1.000000
vt 0.000000 1.000000
vt 0.000000 0.000000
vt 1.000000 0.000000
vt 1.000000 1.000000
vt 0.000000 1.000000
vt 0.000000 0.000000
vt 1.000000 0.000000
vt 1.000000 1.000000
vt 0.000000 1.000000
vt 0.000000 0.000000
vt 1.000000 0.000000
vt 1.000000 1.000000
vt 0.000000 1.000000
vt 0.000000 0.000000
vt 1.000000 0.000000
vt 1.000000 1.000000
vt 0.000000 1.000000
vt 0.000000 0.000000
vt 1.000000 0.000000
vt 1.000000 1.000000
vt 0.000000 1.000000
vt 0.000000 0.000000
vt 1.000000 0.000000
vt 1.000000 1.000000
vt 0.000000 1.000000
vt 0.000000 0.000000
vt 1.000000 0.000000
vt 1.000000 1.000000
vt 0.000000 1.000000
vt 0.000000 0.000000
vt 1.000000 0.000000
vt 1.000000 1.000000
vt 0.000000 1.000000
vt 0.000000 0.000000
vt 1.000000 0.000000
vt 1.000000 1.000000
vt 0.000000 1.000000
vn 0.281082 -0.678601 -0.678597
vn 0.281082 -0.678601 -0.678597
vn 0.281082 -0.678601 -0.678597
vn 0.281082 -0.678601 -0.678597
vn -0.281083 -0.678599 -0.678599
vn -0.281083 -0.678599 -0.678599
vn -0.281083 -0.678599 -0.678599
vn -0.281083 -0.678599 -0.678599
vn -0.678593 -0.678605 -0.281082
vn -0.678593 -0.678605 -0.281082
vn -0.678593 -0.678604 -0.281082
vn -0.678593 -0.678604 -0.281082
vn -0.678603 -0.678594 0.281085
vn -0.678603 -0.678594 0.281085
vn -0.678603 -0.678594 0.281085
vn -0.678603 -0.678594 0.281085
vn -0.281086 -0.678592 0.678604
vn -0.281086 -0.678593 0.678604
vn -0.281086 -0.678593 0.678604
vn -0.281086 -0.678593 0.678604
vn 0.281084 -0.678596 0.678601
vn 0.281084 -0.678596 0.678601
vn 0.281083 -0.678596 0.678601
vn 0.281084 -0.678596 0.678601
vn 0.678604 -0.678591 0.281090
vn 0.678604 -0.678590 0.281090
vn 0.678604 -0.678590 0.281090
vn 0.678604 -0.678590 0.281090
vn 0.678597 -0.678597 -0.281091
vn 0.678597 -0.678597 -0.281091
vn 0.678597 -0.678597 -0.281091
vn 0.678597 -0.678597 -0.281091
vn 0.371463 -0.240300 -0.896812
vn 0.371463 -0.240300 -0.896812
vn 0.371463 -0.240300 -0.896812
vn 0.371463 -0.240300 -0.896812
vn -0.371464 -0.240298 -0.896812
vn -0.371464 -0.240298 -0.896812
vn -0.371464 -0.240298 -0.896812
vn -0.371464 -0.240298 -0.896812
vn -0.896811 -0.240297 -0.371467
vn -0.896811 -0.240297 -0.371467
vn -0.896811 -0.240297 -0.371467
vn -0.896811 -0.240297 -0.371467
vn -0.896809 -0.240302 0.371468
vn -0.896809 -0.240302 0.371468
vn -0.896809 -0.240302 0.371468
vn -0.896809 -0.240302 0.371467
vn -0.371468 -0.240304 0.896808
vn -0.371468 -0.240304 0.896808
vn -0.371468 -0.240304 0.896808
vn -0.371468 -0.240304 0.896808
vn 0.371468 -0.240306 0.896808
vn 0.371468 -0.240306 0.896808
vn 0.371468 -0.240306 0.896808
vn 0.371468 -0.240306 0.896808
vn 0.896809 -0.240294 0.371473
vn 0.896809 -0.240294 0.371473
vn 0.896809 -0.240294 0.371473
vn 0.896809 -0.240294 0.371473
vn 0.896809 -0.240296 -0.371474
vn 0.896809 -0.240296 -0.371474
vn 0.896809 -0.240296 -0.371474
vn 0.896808 -0.240296 -0.371474
vn 0.106596 -0.960421 -0.257348
vn 0.106596 -0.960421 -0.257348
vn 0.106596 -0.960421 -0.257348
vn -0.106599 -0.960423 -0.257342
vn -0.106599 -0.960423 -0.257343
vn -0.106599 -0.960423 -0.257342
vn -0.257343 -0.960423 -0.106599
vn -0.257342 -0.960423 -0.106599
vn -0.257342 -0.960423 -0.106599
vn -0.257342 -0.960423 0.106597
vn -0.257342 -0.960423 0.106597
vn -0.257342 -0.960423 0.106597
vn -0.106598 -0.960424 0.257339
vn -0.106598 -0.960424 0.257339
vn -0.106598 -0.960424 0.257339
vn 0.106595 -0.960422 0.257345
vn 0.106595 -0.960422 0.257345
vn 0.106595 -0.960422 0.257345
vn 0.257339 -0.960425 0.106583
vn 0.257339 -0.960425 0.106583
vn 0.257339 -0.960425 0.106583
vn 0.257339 -0.960424 -0.106592
vn 0.257339 -0.960424 -0.106592
vn 0.257339 -0.960424 -0.106592
vn 0.000000 1.000000 0.000000
vn 0.000000 1.000000 0.000000
vn 0.000000 1.000000 0.000000
vn 0.000000 1.000000 0.000000
vn 0.000000 1.000000 0.000000
vn 0.000000 1.000000 0.000000
vn 0.000000 1.000000 0.000000
vn 0.000000 1.000000 0.000000
vn 0.000000 1.000000 -0.000006
vn 0.000000 1.000000 -0.000006
vn 0.000000 1.000000 -0.000006
vn 0.000000 1.000000 -0.000006
vn 0.000000 1.000000 -0.000006
vn 0.000000 1.000000 -0.000006
vn 0.000000 1.000000 -0.000006
vn 0.000000 1.000000 -0.000006
vn 0.000000 1.000000 -0.000006
vn 0.000000 1.000000 -0.000006
vn 0.000000 1.000000 -0.000006
vn 0.000000 1.000000 -0.000006
vn 0.000000 1.000000 0.000000
vn 0.000000 1.000000 0.000000
vn 0.000000 1.000000 0.000000
vn 0.000000 1.000000 0.000000
vn 0.000000 1.000000 0.000000
vn 0.000000 1.000000 0.000000
vn 0.000000 1.000000 0.000000
vn 0.000000 1.000000 0.000000
vn 0.000000 1.000000 0.000000
vn 0.000000 1.000000 0.000000
vn 0.000000 1.000000 0.000000
vn 0.000000 1.000000 0.000000
vn -0.382692 0.000000 0.923876
vn -0.382692 0.000000 0.923876
vn -0.382692 0.000000 0.923876
vn -0.382692 0.000000 0.923876
vn 0.382692 0.000000 0.923876
vn 0.382692 0.000000 0.923876
vn 0.382692 0.000000 0.923876
vn 0.382692 0.000000 0.923876
vn 0.923880 0.000000 0.382682
vn 0.923880 0.000000 0.382682
vn 0.923880 0.000000 0.382682
vn 0.923880 0.000000 0.382682
vn 0.923880 0.000000 -0.382682
vn 0.923880 0.000000 -0.382682
vn 0.923880 0.000000 -0.382682
vn 0.923880 0.000000 -0.382682
vn 0.382692 0.000000 -0.923876
vn 0.382692 0.000000 -0.923876
vn 0.382692 0.000000 -0.923876
vn 0.382692 0.000000 -0.923876
vn -0.382692 0.000000 -0.923876
vn -0.382692 0.000000 -0.923876
vn -0.382692 0.000000 -0.923876
vn -0.382692 0.000000 -0.923876
vn -0.923880 0.000000 -0.382682
vn -0.923880 0.000000 -0.382682
vn -0.923880 0.000000 -0.382682
vn -0.923880 0.000000 -0.382682
vn -0.923880 0.000000 0.382682
vn -0.923880 0.000000 0.382682
vn -0.923880 0.000000 0.382682
vn -0.923880 0.000000 0.382682
vn 0.000000 1.000000 0.000000
vn 0.000000 1.000000 0.000000
vn 0.000000 1.000000 0.000000
vn 0.000000 1.000000 0.000000
vn 0.000000 1.000000 0.000000
vn 0.000000 1.000000 0.000000
vn 0.000000 1.000000 0.000000
vn 0.000000 1.000000 0.000000
s off
g Adicionales group16 Macetita pSphere11
usemtl initialShadingGroup
f 2885/4436/6189 2886/4437/6190 2894/4446/6191 2893/4445/6192
f 2886/4437/6193 2887/4438/6194 2895/4447/6195 2894/4446/6196
f 2887/4438/6197 2888/4439/6198 2896/4448/6199 2895/4447/6200
f 2888/4439/6201 2889/4440/6202 2897/4449/6203 2896/4448/6204
f 2889/4440/6205 2890/4441/6206 2898/4450/6207 2897/4449/6208
f 2890/4441/6209 2891/4442/6210 2899/4451/6211 2898/4450/6212
f 2891/4442/6213 2892/4443/6214 2900/4452/6215 2899/4451/6216
f 2892/4443/6217 2885/4444/6218 2893/4453/6219 2900/4452/6220
f 2893/4445/6221 2894/4446/6222 2902/4455/6223 2901/4454/6224
f 2894/4446/6225 2895/4447/6226 2903/4456/6227 2902/4455/6228
f 2895/4447/6229 2896/4448/6230 2904/4457/6231 2903/4456/6232
f 2896/4448/6233 2897/4449/6234 2905/4458/6235 2904/4457/6236
f 2897/4449/6237 2898/4450/6238 2906/4459/6239 2905/4458/6240
f 2898/4450/6241 2899/4451/6242 2907/4460/6243 2906/4459/6244
f 2899/4451/6245 2900/4452/6246 2908/4461/6247 2907/4460/6248
f 2900/4452/6249 2893/4453/6250 2901/4462/6251 2908/4461/6252
f 2886/4437/6253 2885/4436/6254 2909/4463/6255
f 2887/4438/6256 2886/4437/6257 2909/4464/6258
f 2888/4439/6259 2887/4438/6260 2909/4465/6261
f 2889/4440/6262 2888/4439/6263 2909/4466/6264
f 2890/4441/6265 2889/4440/6266 2909/4467/6267
f 2891/4442/6268 2890/4441/6269 2909/4468/6270
f 2892/4443/6271 2891/4442/6272 2909/4469/6273
f 2885/4444/6274 2892/4443/6275 2909/4470/6276
f 2901/4471/6277 2902/4472/6278 2911/4473/6279 2910/4474/6280
f 2902/4475/6281 2903/4476/6282 2912/4477/6283 2911/4478/6284
f 2903/4479/6285 2904/4480/6286 2913/4481/6287 2912/4482/6288
f 2904/4483/6289 2905/4484/6290 2914/4485/6291 2913/4486/6292
f 2905/4487/6293 2906/4488/6294 2915/4489/6295 2914/4490/6296
f 2906/4491/6297 2907/4492/6298 2916/4493/6299 2915/4494/6300
f 2907/4495/6301 2908/4496/6302 2917/4497/6303 2916/4498/6304
f 2908/4499/6305 2901/4500/6306 2910/4501/6307 2917/4502/6308
f 2910/4503/6309 2911/4504/6310 2919/4505/6311 2918/4506/6312
f 2911/4507/6313 2912/4508/6314 2920/4509/6315 2919/4510/6316
f 2912/4511/6317 2913/4512/6318 2921/4513/6319 2920/4514/6320
f 2913/4515/6321 2914/4516/6322 2922/4517/6323 2921/4518/6324
f 2914/4519/6325 2915/4520/6326 2923/4521/6327 2922/4522/6328
f 2915/4523/6329 2916/4524/6330 2924/4525/6331 2923/4526/6332
f 2916/4527/6333 2917/4528/6334 2925/4529/6335 2924/4530/6336
f 2917/4531/6337 2910/4532/6338 2918/4533/6339 2925/4534/6340
f 2919/4510/6341 2920/4514/6342 2921/4518/6343 2922/4522/6344 2923/4526/6345 2924/4530/6346 2925/4534/6347 2918/4506/6348
g default
v 4.890924 1.232240 8.105284
v 5.890924 1.232240 8.105284
v 4.890924 1.261218 8.105284
v 5.890924 1.261218 8.105284
v 4.890924 1.261218 7.863932
v 5.890924 1.261218 7.863932
v 4.890924 1.232240 7.863932
v 5.890924 1.232240 7.863932
v 5.614318 1.261218 7.863932
v 5.614318 1.232240 7.863932
v 5.614318 1.232240 8.105284
v 5.614318 1.261218 8.105284
v 5.567529 1.261218 7.863932
v 5.567529 1.232240 7.863932
v 5.567529 1.232240 8.105284
v 5.567529 1.261218 8.105284
v 5.209990 1.261218 7.863932
v 5.209990 1.232240 7.863932
v 5.209990 1.232240 8.105284
v 5.209990 1.261218 8.105284
v 5.171858 1.261218 7.863932
v 5.171858 1.232240 7.863932
v 5.171858 1.232240 8.105284
v 5.171858 1.261218 8.105284
v 5.171858 1.194370 7.987749
v 4.890924 1.194370 7.987749
v 4.890924 1.165393 7.987749
v 5.171858 1.165393 7.987749
v 5.209990 1.165393 7.987749
v 5.567529 1.165393 7.987749
v 5.614318 1.165393 7.987749
v 5.890924 1.165393 7.987749
v 5.890924 1.194370 7.987749
v 5.614318 1.194370 7.987749
v 5.567529 1.194370 7.987749
v 5.209990 1.194370 7.987749
v 4.890924 1.216427 7.911983
v 4.890924 1.187449 7.911983
v 5.171858 1.187449 7.911983
v 5.209990 1.187449 7.911983
v 5.567529 1.187449 7.911983
v 5.614318 1.187449 7.911983
v 5.890924 1.187449 7.911983
v 5.890924 1.216427 7.911983
v 5.614318 1.216427 7.911983
v 5.567529 1.216427 7.911983
v 5.209990 1.216427 7.911983
v 5.171858 1.216427 7.911983
v 4.890924 1.212595 8.052935
v 4.890924 1.183618 8.052935
v 5.171858 1.183618 8.052935
v 5.209990 1.183618 8.052935
v 5.567529 1.183618 8.052935
v 5.614318 1.183618 8.052935
v 5.890924 1.183618 8.052935
v 5.890924 1.212595 8.052935
v 5.614318 1.212595 8.052935
v 5.567529 1.212595 8.052935
v 5.209990 1.212595 8.052935
v 5.171858 1.212595 8.052935
v 5.567529 1.103121 8.052935
v 5.567529 1.103121 8.105284
v 5.614318 1.103121 8.052935
v 5.614318 1.103121 8.105284
v 5.567529 1.103121 7.987749
v 5.614318 1.103121 7.987749
v 5.567529 1.103121 7.911983
v 5.614318 1.103121 7.911983
v 5.567529 1.103121 7.863932
v 5.614318 1.103121 7.863932
v 5.171858 1.103121 8.052935
v 5.171858 1.103121 8.105284
v 5.209990 1.103121 8.052935
v 5.209990 1.103121 8.105284
v 5.171858 1.103121 7.987749
v 5.209990 1.103121 7.987749
v 5.171858 1.103121 7.911983
v 5.209990 1.103121 7.911983
v 5.171858 1.103121 7.863932
v 5.209990 1.103121 7.863932
vt 0.375000 0.000000
vt 0.625000 0.000000
vt 0.375000 0.250000
vt 0.625000 0.250000
vt 0.375000 0.500000
vt 0.625000 0.500000
vt 0.375000 0.750000
vt 0.625000 0.750000
vt 0.375000 1.000000
vt 0.625000 1.000000
vt 0.875000 0.000000
vt 0.875000 0.250000
vt 0.125000 0.000000
vt 0.125000 0.250000
vt 0.575000 0.500000
vt 0.575000 0.750000
vt 0.575000 0.000000
vt 0.575000 1.000000
vt 0.575000 0.250000
vt 0.525000 0.500000
vt 0.525000 0.750000
vt 0.525000 0.000000
vt 0.525000 1.000000
vt 0.525000 0.250000
vt 0.475000 0.500000
vt 0.475000 0.750000
vt 0.475000 0.000000
vt 0.475000 1.000000
vt 0.475000 0.250000
vt 0.425000 0.500000
vt 0.425000 0.750000
vt 0.425000 0.000000
vt 0.425000 1.000000
vt 0.425000 0.250000
vt 0.425000 0.371747
vt 0.253253 0.250000
vt 0.375000 0.371747
vt 0.253253 0.000000
vt 0.375000 0.878253
vt 0.425000 0.878253
vt 0.475000 0.878253
vt 0.525000 0.878253
vt 0.575000 0.878253
vt 0.625000 0.878253
vt 0.746747 0.000000
vt 0.625000 0.371747
vt 0.746747 0.250000
vt 0.575000 0.371747
vt 0.525000 0.371747
vt 0.475000 0.371747
vt 0.174773 0.250000
vt 0.375000 0.450227
vt 0.174773 0.000000
vt 0.375000 0.799773
vt 0.425000 0.799773
vt 0.475000 0.799773
vt 0.525000 0.799773
vt 0.575000 0.799773
vt 0.625000 0.799773
vt 0.825227 0.000000
vt 0.625000 0.450227
vt 0.825227 0.250000
vt 0.575000 0.450227
vt 0.525000 0.450227
vt 0.475000 0.450227
vt 0.425000 0.450227
vt 0.320774 0.250000
vt 0.375000 0.304226
vt 0.320774 0.000000
vt 0.375000 0.945774
vt 0.425000 0.945774
vt 0.475000 0.945774
vt 0.525000 0.945774
vt 0.575000 0.945774
vt 0.625000 0.945774
vt 0.679226 0.000000
vt 0.625000 0.304226
vt 0.679226 0.250000
vt 0.575000 0.304226
vt 0.525000 0.304226
vt 0.475000 0.304226
vt 0.425000 0.304226
vt 0.525000 1.000000
vt 0.525000 0.945774
vt 0.575000 0.945774
vt 0.575000 1.000000
vt 0.425000 1.000000
vt 0.425000 0.945774
vt 0.475000 0.945774
vt 0.475000 1.000000
vt 0.425000 0.878253
vt 0.425000 0.799773
vt 0.475000 0.799773
vt 0.475000 0.878253
vt 0.525000 0.878253
vt 0.525000 0.799773
vt 0.575000 0.799773
vt 0.575000 0.878253
vt 0.425000 0.750000
vt 0.475000 0.750000
vt 0.525000 0.750000
vt 0.575000 0.750000
vn 0.000000 0.000000 1.000000
vn 0.000000 0.000000 1.000000
vn 0.000000 0.000000 1.000000
vn 0.000000 0.000000 1.000000
vn 0.000000 0.732708 -0.680544
vn 0.000000 0.732708 -0.680544
vn 0.000000 0.869247 -0.494379
vn 0.000000 0.869247 -0.494379
vn 0.000000 0.000000 -1.000000
vn 0.000000 0.000000 -1.000000
vn 0.000000 0.000000 -1.000000
vn 0.000000 0.000000 -1.000000
vn 0.000000 -0.869247 0.494378
vn 0.000000 -0.869247 0.494378
vn 0.000000 -0.732708 0.680543
vn 0.000000 -0.732708 0.680543
vn 1.000000 0.000000 0.000000
vn 1.000000 0.000000 0.000000
vn 1.000000 0.000000 0.000000
vn 1.000000 0.000000 0.000000
vn -1.000000 0.000000 0.000000
vn -1.000000 0.000000 0.000000
vn -1.000000 0.000000 0.000000
vn -1.000000 0.000000 0.000000
vn 0.000000 0.000000 -1.000000
vn 0.000000 0.000000 -1.000000
vn 0.000000 0.000000 -1.000000
vn 0.000000 0.000000 -1.000000
vn 0.000000 -0.732709 0.680543
vn 0.000000 -0.869247 0.494378
vn 0.000000 -0.869247 0.494378
vn 0.000000 -0.732709 0.680543
vn 0.000000 0.000000 1.000000
vn 0.000000 0.000000 1.000000
vn 0.000000 0.000000 1.000000
vn 0.000000 0.000000 1.000000
vn 0.000000 0.869247 -0.494378
vn 0.000000 0.732708 -0.680543
vn 0.000000 0.732709 -0.680543
vn 0.000000 0.869247 -0.494378
vn 0.000000 0.000000 -1.000000
vn 0.000000 0.000000 -1.000000
vn 0.000000 -1.000000 0.000009
vn 0.000000 -1.000000 0.000004
vn 0.000000 -1.000000 0.000004
vn 0.000000 -1.000000 0.000009
vn 0.000000 0.000000 1.000000
vn 0.000000 0.000000 1.000000
vn 0.000000 0.869247 -0.494379
vn 0.000000 0.732708 -0.680544
vn 0.000000 0.000000 -1.000000
vn 0.000000 0.000000 -1.000000
vn 0.000000 -0.732709 0.680542
vn 0.000000 -0.869247 0.494378
vn 0.000000 -0.869247 0.494378
vn 0.000000 -0.732709 0.680542
vn 0.000000 0.000000 1.000000
vn 0.000000 0.000000 1.000000
vn 0.000000 0.869247 -0.494379
vn 0.000000 0.732708 -0.680543
vn 0.000000 -1.000000 0.000009
vn 0.000000 -1.000000 0.000004
vn 0.000000 -1.000000 0.000004
vn 0.000000 -1.000000 0.000009
vn 0.000000 0.999631 0.027172
vn 0.000000 0.999631 0.027172
vn 0.000000 0.879946 0.475073
vn 0.000000 0.879946 0.475073
vn -1.000000 0.000000 0.000000
vn -1.000000 0.000000 0.000000
vn -1.000000 0.000000 0.000000
vn -1.000000 0.000000 0.000000
vn 0.000000 -0.879947 -0.475072
vn 0.000000 -0.879947 -0.475072
vn 0.000000 -0.999631 -0.027172
vn 0.000000 -0.999631 -0.027172
vn 0.000000 -1.000000 0.000000
vn 0.000000 -1.000000 0.000000
vn 0.000000 -1.000000 -0.000004
vn 0.000000 -1.000000 -0.000004
vn 0.000000 -0.999631 -0.027172
vn 0.000000 -0.999631 -0.027172
vn 0.000000 -0.879947 -0.475072
vn 0.000000 -0.879947 -0.475072
vn 0.000000 -1.000000 0.000000
vn 0.000000 -1.000000 0.000000
vn 0.000000 -1.000000 -0.000004
vn 0.000000 -1.000000 -0.000004
vn 0.000000 -0.999631 -0.027173
vn 0.000000 -0.999631 -0.027173
vn 0.000000 -0.879947 -0.475072
vn 0.000000 -0.879947 -0.475072
vn 1.000000 0.000000 0.000000
vn 1.000000 0.000000 0.000000
vn 1.000000 0.000000 0.000000
vn 1.000000 0.000000 0.000000
vn 0.000000 0.879946 0.475073
vn 0.000000 0.999631 0.027172
vn 0.000000 0.999631 0.027172
vn 0.000000 0.879947 0.475073
vn 0.000000 0.879947 0.475073
vn 0.000000 0.999631 0.027172
vn 0.000000 0.879947 0.475073
vn 0.000000 0.999631 0.027172
vn -1.000000 0.000000 0.000000
vn -1.000000 0.000000 0.000000
vn 0.000000 -0.731486 -0.681856
vn 0.000000 -0.731486 -0.681856
vn 0.000000 -1.000000 -0.000010
vn 0.000000 -1.000000 -0.000010
vn 0.000000 -0.731487 -0.681855
vn 0.000000 -0.731487 -0.681855
vn 0.000000 -1.000000 -0.000010
vn 0.000000 -1.000000 -0.000010
vn 0.000000 -0.731487 -0.681855
vn 0.000000 -0.731487 -0.681855
vn 1.000000 0.000000 0.000000
vn 1.000000 0.000000 0.000000
vn 0.000000 0.731486 0.681856
vn 0.000000 0.731486 0.681856
vn 0.000000 0.731486 0.681857
vn 0.000000 0.731486 0.681857
vn 0.000000 0.731485 0.681857
vn 0.000000 0.731486 0.681857
vn -1.000000 0.000000 0.000000
vn -1.000000 0.000000 0.000000
vn -1.000000 0.000000 0.000000
vn -1.000000 0.000000 0.000000
vn 1.000000 0.000000 0.000000
vn 1.000000 0.000000 0.000000
vn 1.000000 0.000000 0.000000
vn 1.000000 0.000000 0.000000
vn 0.000000 0.000000 1.000000
vn 0.000000 0.000000 1.000000
vn 0.000000 0.000000 1.000000
vn 0.000000 0.000000 1.000000
vn -1.000000 0.000000 0.000000
vn -1.000000 0.000000 0.000000
vn -1.000000 0.000000 0.000000
vn -1.000000 0.000000 0.000000
vn 1.000000 0.000000 0.000000
vn 1.000000 0.000000 0.000000
vn 1.000000 0.000000 0.000000
vn 1.000000 0.000000 0.000000
vn -1.000000 0.000000 0.000000
vn -1.000000 0.000000 0.000000
vn -1.000000 0.000000 0.000000
vn -1.000000 0.000000 0.000000
vn 0.000000 0.000000 -1.000000
vn 0.000000 0.000000 -1.000000
vn 0.000000 0.000000 -1.000000
vn 0.000000 0.000000 -1.000000
vn 1.000000 0.000000 0.000000
vn 1.000000 0.000000 0.000000
vn 1.000000 0.000000 0.000000
vn 1.000000 0.000000 0.000000
vn -1.000000 0.000000 0.000000
vn -1.000000 0.000000 0.000000
vn -1.000000 0.000000 0.000000
vn -1.000000 0.000000 0.000000
vn 1.000000 0.000000 0.000000
vn 1.000000 0.000000 0.000000
vn 1.000000 0.000000 0.000000
vn 1.000000 0.000000 0.000000
vn -1.000000 0.000000 0.000000
vn -1.000000 0.000000 0.000000
vn -1.000000 0.000000 0.000000
vn -1.000000 0.000000 0.000000
vn 1.000000 0.000000 0.000000
vn 1.000000 0.000000 0.000000
vn 1.000000 0.000000 0.000000
vn 1.000000 0.000000 0.000000
vn 0.000000 0.000000 1.000000
vn 0.000000 0.000000 1.000000
vn 0.000000 0.000000 1.000000
vn 0.000000 0.000000 1.000000
vn -1.000000 0.000000 0.000000
vn -1.000000 0.000000 0.000000
vn -1.000000 0.000000 0.000000
vn -1.000000 0.000000 0.000000
vn 1.000000 0.000000 0.000000
vn 1.000000 0.000000 0.000000
vn 1.000000 0.000000 0.000000
vn 1.000000 0.000000 0.000000
vn -1.000000 0.000000 0.000000
vn -1.000000 0.000000 0.000000
vn -1.000000 0.000000 0.000000
vn -1.000000 0.000000 0.000000
vn 0.000000 0.000000 -1.000000
vn 0.000000 0.000000 -1.000000
vn 0.000000 0.000000 -1.000000
vn 0.000000 0.000000 -1.000000
vn 1.000000 0.000000 0.000000
vn 1.000000 0.000000 0.000000
vn 1.000000 0.000000 0.000000
vn 1.000000 0.000000 0.000000
vn -1.000000 0.000000 0.000000
vn -1.000000 0.000000 0.000000
vn -1.000000 0.000000 0.000000
vn -1.000000 0.000000 0.000000
vn 1.000000 0.000000 0.000000
vn 1.000000 0.000000 0.000000
vn 1.000000 0.000000 0.000000
vn 1.000000 0.000000 0.000000
s 1
g Adicionales group16 pCube79 Decorativo2
usemtl initialShadingGroup
f 2926/4535/6349 2948/4566/6350 2949/4568/6351 2928/4537/6352
s 2
f 2928/4537/6353 2949/4568/6354 2985/4616/6355 2974/4602/6356
s 3
f 2930/4539/6357 2946/4564/6358 2947/4565/6359 2932/4541/6360
s 4
f 2975/4604/6361 2976/4605/6362 2948/4567/6363 2926/4543/6364
s 5
f 2927/4536/6365 2980/4610/6366 2981/4612/6367 2929/4538/6368
s 6
f 2975/4603/6369 2926/4535/6370 2928/4537/6371 2974/4601/6372
s 3
f 2934/4549/6373 2931/4540/6374 2933/4542/6375 2935/4550/6376
s 8
f 2936/4552/6377 2979/4608/6378 2980/4609/6379 2927/4544/6380
s 1
f 2937/4553/6381 2936/4551/6382 2927/4536/6383 2929/4538/6384
s 2
f 2982/4613/6385 2937/4553/6386 2929/4538/6387 2981/4611/6388
s 3
f 2938/4554/6389 2934/4549/6373 2935/4550/6376 2939/4555/6390
s 11
f 2987/4617/6391 2986/4618/6392 2988/4619/6393 2989/4620/6394
s 1
f 2941/4558/6395 2940/4556/6396 2936/4551/6382 2937/4553/6381
s 2
f 2983/4614/6397 2941/4558/6398 2937/4553/6386 2982/4613/6385
s 3
f 2942/4559/6399 2938/4554/6389 2939/4555/6390 2943/4560/6400
s 12
f 2944/4562/6401 2977/4606/6402 2978/4607/6403 2940/4557/6404
s 1
f 2945/4563/6405 2944/4561/6406 2940/4556/6396 2941/4558/6395
s 2
f 2984/4615/6407 2945/4563/6408 2941/4558/6398 2983/4614/6397
s 3
f 2946/4564/6358 2942/4559/6399 2943/4560/6400 2947/4565/6359
s 13
f 2997/4621/6409 2996/4622/6410 2998/4623/6411 2999/4624/6412
s 1
f 2949/4568/6351 2948/4566/6350 2944/4561/6406 2945/4563/6405
s 2
f 2984/4615/6407 2985/4616/6355 2949/4568/6354 2945/4563/6408
f 2951/4571/6413 2950/4569/6414 2973/4600/6415 2962/4586/6416
s 6
f 2963/4587/6417 2952/4572/6418 2951/4570/6419 2962/4585/6420
s 4
f 2963/4588/6421 2964/4589/6422 2953/4574/6423 2952/4573/6424
s 13
f 3001/4628/6425 3000/4625/6426 3002/4626/6427 3003/4627/6428
s 12
f 2955/4576/6429 2954/4575/6430 2965/4590/6431 2966/4591/6432
s 11
f 2991/4632/6433 2990/4629/6434 2992/4630/6435 2993/4631/6436
s 8
f 2957/4578/6437 2956/4577/6438 2967/4592/6439 2968/4593/6440
s 5
f 2958/4581/6441 2957/4579/6442 2968/4594/6443 2969/4596/6444
s 2
f 2970/4597/6445 2959/4582/6446 2958/4580/6447 2969/4595/6448
f 2971/4598/6449 2960/4583/6450 2959/4582/6446 2970/4597/6445
f 2972/4599/6451 2961/4584/6452 2960/4583/6450 2971/4598/6449
f 2973/4600/6415 2950/4569/6414 2961/4584/6452 2972/4599/6451
s 6
f 2932/4547/6453 2963/4587/6417 2962/4585/6420 2930/4548/6454
s 4
f 2932/4541/6455 2947/4565/6456 2964/4589/6422 2963/4588/6421
s 13
f 3003/4627/6428 3002/4626/6427 3004/4633/6457 3005/4634/6458
s 12
f 2966/4591/6432 2965/4590/6431 2943/4560/6459 2939/4555/6460
s 11
f 2993/4631/6436 2992/4630/6435 2994/4635/6461 2995/4636/6462
s 8
f 2968/4593/6440 2967/4592/6439 2935/4550/6463 2933/4542/6464
s 5
f 2969/4596/6444 2968/4594/6443 2933/4545/6465 2931/4546/6466
s 2
f 2934/4549/6467 2970/4597/6445 2969/4595/6448 2931/4540/6468
f 2938/4554/6469 2971/4598/6449 2970/4597/6445 2934/4549/6467
f 2942/4559/6470 2972/4599/6451 2971/4598/6449 2938/4554/6469
f 2946/4564/6471 2973/4600/6415 2972/4599/6451 2942/4559/6470
f 2962/4586/6416 2973/4600/6415 2946/4564/6471 2930/4539/6472
s 6
f 2952/4572/6418 2975/4603/6369 2974/4601/6372 2951/4570/6419
s 4
f 2952/4573/6424 2953/4574/6423 2976/4605/6362 2975/4604/6361
s 13
f 2998/4623/6411 2996/4622/6410 3000/4625/6426 3001/4628/6425
s 12
f 2978/4607/6403 2977/4606/6402 2954/4575/6430 2955/4576/6429
s 11
f 2988/4619/6393 2986/4618/6392 2990/4629/6434 2991/4632/6433
s 8
f 2980/4609/6379 2979/4608/6378 2956/4577/6438 2957/4578/6437
s 5
f 2981/4612/6367 2980/4610/6366 2957/4579/6442 2958/4581/6441
s 2
f 2959/4582/6446 2982/4613/6385 2981/4611/6388 2958/4580/6447
f 2960/4583/6450 2983/4614/6397 2982/4613/6385 2959/4582/6446
f 2961/4584/6452 2984/4615/6407 2983/4614/6397 2960/4583/6450
f 2961/4584/6452 2950/4569/6414 2985/4616/6355 2984/4615/6407
f 2974/4602/6356 2985/4616/6355 2950/4569/6414 2951/4571/6413
s off
f 2940/4557/6473 2978/4607/6474 2986/4618/6475 2987/4617/6476
f 2979/4608/6477 2936/4552/6478 2989/4620/6479 2988/4619/6480
f 2936/4552/6481 2940/4557/6482 2987/4617/6483 2989/4620/6484
f 2955/4567/6485 2966/4605/6486 2992/4622/6487 2990/4621/6488
f 2967/4606/6489 2956/4562/6490 2991/4624/6491 2993/4623/6492
f 2966/4562/6493 2939/4567/6494 2994/4621/6495 2992/4624/6496
f 2939/4574/6497 2935/4589/6498 2995/4626/6499 2994/4625/6500
f 2935/4590/6501 2967/4575/6502 2993/4628/6503 2995/4627/6504
f 2978/4576/6505 2955/4591/6506 2990/4630/6507 2986/4629/6508
f 2956/4592/6509 2979/4577/6510 2988/4632/6511 2991/4631/6512
f 2948/4589/6513 2976/4565/6514 2996/4633/6515 2997/4626/6516
f 2977/4565/6517 2944/4560/6518 2999/4634/6519 2998/4633/6520
f 2944/4560/6521 2948/4590/6522 2997/4627/6523 2999/4634/6524
f 2953/4591/6525 2964/4555/6526 3002/4635/6527 3000/4630/6528
f 2965/4555/6529 2954/4550/6530 3001/4636/6531 3003/4635/6532
f 2964/4550/6533 2947/4592/6534 3004/4631/6535 3002/4636/6536
f 2947/4605/6537 2943/4574/6538 3005/4625/6539 3004/4622/6540
f 2943/4575/6541 2965/4606/6542 3003/4623/6543 3005/4628/6544
f 2976/4607/6545 2953/4576/6546 3000/4629/6547 2996/4618/6548
f 2954/4577/6549 2977/4608/6550 2998/4619/6551 3001/4632/6552
g default
v 5.426108 1.240843 7.930394
v 5.382003 1.240843 7.912125
v 5.337898 1.240843 7.930394
v 5.319629 1.240843 7.974499
v 5.337898 1.240843 8.018604
v 5.382003 1.240843 8.036873
v 5.426108 1.240843 8.018604
v 5.444377 1.240843 7.974499
v 5.458395 1.286504 7.898107
v 5.382003 1.286504 7.866463
v 5.305611 1.286504 7.898107
v 5.273968 1.286504 7.974499
v 5.305611 1.286504 8.050892
v 5.382003 1.286504 8.082534
v 5.458395 1.286504 8.050891
v 5.490038 1.286504 7.974499
v 5.470213 1.348878 7.886289
v 5.382003 1.348878 7.849751
v 5.293793 1.348878 7.886289
v 5.257255 1.348878 7.974499
v 5.293793 1.348878 8.062709
v 5.382003 1.348878 8.099247
v 5.470213 1.348878 8.062709
v 5.506751 1.348878 7.974499
v 5.458395 1.411252 7.898107
v 5.382003 1.411252 7.866463
v 5.305611 1.411252 7.898107
v 5.273968 1.411252 7.974499
v 5.305611 1.411252 8.050892
v 5.382003 1.411252 8.082534
v 5.458395 1.411252 8.050891
v 5.490038 1.411252 7.974499
v 5.426108 1.456913 7.930394
v 5.382003 1.456913 7.912125
v 5.337898 1.456913 7.930394
v 5.319629 1.456913 7.974499
v 5.337898 1.456913 8.018604
v 5.382003 1.456913 8.036873
v 5.426108 1.456913 8.018604
v 5.444377 1.456913 7.974499
v 5.382003 1.224130 7.974499
v 5.382003 1.473626 7.974499
vt 0.000000 0.166667
vt 0.125000 0.166667
vt 0.250000 0.166667
vt 0.375000 0.166667
vt 0.500000 0.166667
vt 0.625000 0.166667
vt 0.750000 0.166667
vt 0.875000 0.166667
vt 1.000000 0.166667
vt 0.000000 0.333333
vt 0.125000 0.333333
vt 0.250000 0.333333
vt 0.375000 0.333333
vt 0.500000 0.333333
vt 0.625000 0.333333
vt 0.750000 0.333333
vt 0.875000 0.333333
vt 1.000000 0.333333
vt 0.000000 0.500000
vt 0.125000 0.500000
vt 0.250000 0.500000
vt 0.375000 0.500000
vt 0.500000 0.500000
vt 0.625000 0.500000
vt 0.750000 0.500000
vt 0.875000 0.500000
vt 1.000000 0.500000
vt 0.000000 0.666667
vt 0.125000 0.666667
vt 0.250000 0.666667
vt 0.375000 0.666667
vt 0.500000 0.666667
vt 0.625000 0.666667
vt 0.750000 0.666667
vt 0.875000 0.666667
vt 1.000000 0.666667
vt 0.000000 0.833333
vt 0.125000 0.833333
vt 0.250000 0.833333
vt 0.375000 0.833333
vt 0.500000 0.833333
vt 0.625000 0.833333
vt 0.750000 0.833333
vt 0.875000 0.833333
vt 1.000000 0.833333
vt 0.062500 0.000000
vt 0.187500 0.000000
vt 0.312500 0.000000
vt 0.437500 0.000000
vt 0.562500 0.000000
vt 0.687500 0.000000
vt 0.812500 0.000000
vt 0.937500 0.000000
vt 0.062500 1.000000
vt 0.187500 1.000000
vt 0.312500 1.000000
vt 0.437500 1.000000
vt 0.562500 1.000000
vt 0.687500 1.000000
vt 0.812500 1.000000
vt 0.937500 1.000000
vn 0.281093 -0.678597 -0.678596
vn 0.281093 -0.678597 -0.678596
vn 0.281093 -0.678597 -0.678596
vn 0.281093 -0.678597 -0.678596
vn -0.281094 -0.678599 -0.678594
vn -0.281094 -0.678599 -0.678594
vn -0.281094 -0.678599 -0.678594
vn -0.281094 -0.678599 -0.678594
vn -0.678598 -0.678598 -0.281087
vn -0.678598 -0.678598 -0.281087
vn -0.678598 -0.678598 -0.281087
vn -0.678598 -0.678598 -0.281087
vn -0.678602 -0.678595 0.281086
vn -0.678602 -0.678594 0.281086
vn -0.678602 -0.678594 0.281086
vn -0.678602 -0.678594 0.281086
vn -0.281081 -0.678600 0.678598
vn -0.281081 -0.678600 0.678598
vn -0.281081 -0.678600 0.678598
vn -0.281081 -0.678600 0.678598
vn 0.281080 -0.678598 0.678601
vn 0.281080 -0.678598 0.678601
vn 0.281080 -0.678598 0.678601
vn 0.281080 -0.678598 0.678601
vn 0.678604 -0.678593 0.281086
vn 0.678604 -0.678593 0.281086
vn 0.678604 -0.678593 0.281086
vn 0.678604 -0.678593 0.281086
vn 0.678602 -0.678594 -0.281087
vn 0.678602 -0.678594 -0.281087
vn 0.678602 -0.678594 -0.281087
vn 0.678602 -0.678594 -0.281087
vn 0.371475 -0.240299 -0.896807
vn 0.371475 -0.240299 -0.896807
vn 0.371475 -0.240299 -0.896807
vn 0.371475 -0.240299 -0.896807
vn -0.371477 -0.240294 -0.896807
vn -0.371477 -0.240294 -0.896807
vn -0.371477 -0.240294 -0.896807
vn -0.371477 -0.240294 -0.896807
vn -0.896809 -0.240296 -0.371473
vn -0.896809 -0.240296 -0.371473
vn -0.896809 -0.240296 -0.371473
vn -0.896808 -0.240296 -0.371473
vn -0.896810 -0.240295 0.371471
vn -0.896810 -0.240295 0.371471
vn -0.896810 -0.240295 0.371471
vn -0.896810 -0.240295 0.371471
vn -0.371469 -0.240291 0.896812
vn -0.371468 -0.240291 0.896812
vn -0.371468 -0.240291 0.896812
vn -0.371469 -0.240291 0.896812
vn 0.371477 -0.240295 0.896807
vn 0.371477 -0.240295 0.896807
vn 0.371477 -0.240295 0.896807
vn 0.371477 -0.240295 0.896807
vn 0.896808 -0.240298 0.371474
vn 0.896808 -0.240298 0.371474
vn 0.896808 -0.240298 0.371474
vn 0.896808 -0.240298 0.371474
vn 0.896808 -0.240302 -0.371470
vn 0.896808 -0.240302 -0.371470
vn 0.896808 -0.240302 -0.371470
vn 0.896808 -0.240302 -0.371470
vn 0.371476 0.240297 -0.896807
vn 0.371476 0.240297 -0.896807
vn 0.371476 0.240297 -0.896807
vn 0.371476 0.240297 -0.896807
vn -0.371478 0.240294 -0.896807
vn -0.371478 0.240294 -0.896807
vn -0.371478 0.240294 -0.896807
vn -0.371478 0.240294 -0.896807
vn -0.896809 0.240297 -0.371472
vn -0.896809 0.240297 -0.371472
vn -0.896809 0.240297 -0.371472
vn -0.896809 0.240297 -0.371472
vn -0.896810 0.240295 0.371471
vn -0.896810 0.240295 0.371471
vn -0.896810 0.240295 0.371471
vn -0.896810 0.240295 0.371471
vn -0.371469 0.240293 0.896811
vn -0.371469 0.240293 0.896811
vn -0.371469 0.240293 0.896811
vn -0.371469 0.240293 0.896811
vn 0.371477 0.240295 0.896807
vn 0.371477 0.240295 0.896807
vn 0.371477 0.240295 0.896807
vn 0.371477 0.240295 0.896807
vn 0.896808 0.240298 0.371474
vn 0.896808 0.240298 0.371474
vn 0.896808 0.240298 0.371474
vn 0.896808 0.240298 0.371474
vn 0.896809 0.240302 -0.371469
vn 0.896809 0.240302 -0.371469
vn 0.896809 0.240302 -0.371469
vn 0.896809 0.240302 -0.371469
vn 0.281092 0.678600 -0.678594
vn 0.281092 0.678600 -0.678594
vn 0.281092 0.678600 -0.678594
vn 0.281092 0.678600 -0.678594
vn -0.281093 0.678599 -0.678594
vn -0.281093 0.678599 -0.678594
vn -0.281093 0.678599 -0.678594
vn -0.281093 0.678599 -0.678594
vn -0.678598 0.678598 -0.281085
vn -0.678598 0.678598 -0.281085
vn -0.678598 0.678598 -0.281085
vn -0.678598 0.678598 -0.281085
vn -0.678602 0.678595 0.281084
vn -0.678602 0.678595 0.281084
vn -0.678602 0.678595 0.281084
vn -0.678602 0.678595 0.281084
vn -0.281081 0.678598 0.678600
vn -0.281081 0.678598 0.678600
vn -0.281081 0.678598 0.678600
vn -0.281081 0.678598 0.678600
vn 0.281080 0.678598 0.678600
vn 0.281080 0.678598 0.678600
vn 0.281080 0.678598 0.678600
vn 0.281080 0.678598 0.678600
vn 0.678604 0.678593 0.281085
vn 0.678604 0.678593 0.281085
vn 0.678604 0.678593 0.281085
vn 0.678604 0.678593 0.281085
vn 0.678600 0.678596 -0.281086
vn 0.678600 0.678596 -0.281086
vn 0.678600 0.678596 -0.281086
vn 0.678600 0.678596 -0.281086
vn 0.106592 -0.960424 -0.257338
vn 0.106592 -0.960424 -0.257338
vn 0.106592 -0.960424 -0.257338
vn -0.106594 -0.960424 -0.257341
vn -0.106594 -0.960424 -0.257341
vn -0.106594 -0.960424 -0.257341
vn -0.257343 -0.960423 -0.106593
vn -0.257343 -0.960423 -0.106593
vn -0.257343 -0.960423 -0.106593
vn -0.257341 -0.960424 0.106592
vn -0.257341 -0.960424 0.106592
vn -0.257341 -0.960424 0.106592
vn -0.106595 -0.960423 0.257343
vn -0.106595 -0.960423 0.257343
vn -0.106595 -0.960423 0.257343
vn 0.106591 -0.960425 0.257336
vn 0.106591 -0.960425 0.257336
vn 0.106591 -0.960425 0.257336
vn 0.257341 -0.960424 0.106592
vn 0.257341 -0.960424 0.106592
vn 0.257341 -0.960424 0.106592
vn 0.257343 -0.960423 -0.106593
vn 0.257343 -0.960423 -0.106593
vn 0.257343 -0.960423 -0.106593
vn 0.106592 0.960424 -0.257341
vn 0.106592 0.960424 -0.257341
vn 0.106592 0.960424 -0.257341
vn -0.106594 0.960422 -0.257346
vn -0.106594 0.960422 -0.257346
vn -0.106594 0.960422 -0.257346
vn -0.257353 0.960420 -0.106598
vn -0.257353 0.960420 -0.106598
vn -0.257353 0.960420 -0.106598
vn -0.257341 0.960423 0.106598
vn -0.257341 0.960423 0.106598
vn -0.257341 0.960423 0.106598
vn -0.106593 0.960423 0.257343
vn -0.106593 0.960423 0.257343
vn -0.106593 0.960423 0.257343
vn 0.106592 0.960424 0.257341
vn 0.106592 0.960424 0.257341
vn 0.106592 0.960424 0.257341
vn 0.257341 0.960423 0.106598
vn 0.257341 0.960423 0.106598
vn 0.257341 0.960423 0.106598
vn 0.257353 0.960420 -0.106598
vn 0.257353 0.960420 -0.106598
vn 0.257353 0.960420 -0.106598
s off
g Adicionales group16 Decorativo2 pSphere9
usemtl initialShadingGroup
f 3006/4637/6553 3007/4638/6554 3015/4647/6555 3014/4646/6556
f 3007/4638/6557 3008/4639/6558 3016/4648/6559 3015/4647/6560
f 3008/4639/6561 3009/4640/6562 3017/4649/6563 3016/4648/6564
f 3009/4640/6565 3010/4641/6566 3018/4650/6567 3017/4649/6568
f 3010/4641/6569 3011/4642/6570 3019/4651/6571 3018/4650/6572
f 3011/4642/6573 3012/4643/6574 3020/4652/6575 3019/4651/6576
f 3012/4643/6577 3013/4644/6578 3021/4653/6579 3020/4652/6580
f 3013/4644/6581 3006/4645/6582 3014/4654/6583 3021/4653/6584
f 3014/4646/6585 3015/4647/6586 3023/4656/6587 3022/4655/6588
f 3015/4647/6589 3016/4648/6590 3024/4657/6591 3023/4656/6592
f 3016/4648/6593 3017/4649/6594 3025/4658/6595 3024/4657/6596
f 3017/4649/6597 3018/4650/6598 3026/4659/6599 3025/4658/6600
f 3018/4650/6601 3019/4651/6602 3027/4660/6603 3026/4659/6604
f 3019/4651/6605 3020/4652/6606 3028/4661/6607 3027/4660/6608
f 3020/4652/6609 3021/4653/6610 3029/4662/6611 3028/4661/6612
f 3021/4653/6613 3014/4654/6614 3022/4663/6615 3029/4662/6616
f 3022/4655/6617 3023/4656/6618 3031/4665/6619 3030/4664/6620
f 3023/4656/6621 3024/4657/6622 3032/4666/6623 3031/4665/6624
f 3024/4657/6625 3025/4658/6626 3033/4667/6627 3032/4666/6628
f 3025/4658/6629 3026/4659/6630 3034/4668/6631 3033/4667/6632
f 3026/4659/6633 3027/4660/6634 3035/4669/6635 3034/4668/6636
f 3027/4660/6637 3028/4661/6638 3036/4670/6639 3035/4669/6640
f 3028/4661/6641 3029/4662/6642 3037/4671/6643 3036/4670/6644
f 3029/4662/6645 3022/4663/6646 3030/4672/6647 3037/4671/6648
f 3030/4664/6649 3031/4665/6650 3039/4674/6651 3038/4673/6652
f 3031/4665/6653 3032/4666/6654 3040/4675/6655 3039/4674/6656
f 3032/4666/6657 3033/4667/6658 3041/4676/6659 3040/4675/6660
f 3033/4667/6661 3034/4668/6662 3042/4677/6663 3041/4676/6664
f 3034/4668/6665 3035/4669/6666 3043/4678/6667 3042/4677/6668
f 3035/4669/6669 3036/4670/6670 3044/4679/6671 3043/4678/6672
f 3036/4670/6673 3037/4671/6674 3045/4680/6675 3044/4679/6676
f 3037/4671/6677 3030/4672/6678 3038/4681/6679 3045/4680/6680
f 3007/4638/6681 3006/4637/6682 3046/4682/6683
f 3008/4639/6684 3007/4638/6685 3046/4683/6686
f 3009/4640/6687 3008/4639/6688 3046/4684/6689
f 3010/4641/6690 3009/4640/6691 3046/4685/6692
f 3011/4642/6693 3010/4641/6694 3046/4686/6695
f 3012/4643/6696 3011/4642/6697 3046/4687/6698
f 3013/4644/6699 3012/4643/6700 3046/4688/6701
f 3006/4645/6702 3013/4644/6703 3046/4689/6704
f 3038/4673/6705 3039/4674/6706 3047/4690/6707
f 3039/4674/6708 3040/4675/6709 3047/4691/6710
f 3040/4675/6711 3041/4676/6712 3047/4692/6713
f 3041/4676/6714 3042/4677/6715 3047/4693/6716
f 3042/4677/6717 3043/4678/6718 3047/4694/6719
f 3043/4678/6720 3044/4679/6721 3047/4695/6722
f 3044/4679/6723 3045/4680/6724 3047/4696/6725
f 3045/4680/6726 3038/4681/6727 3047/4697/6728
g default
v 5.110396 1.238112 7.923047
v 5.058944 1.238112 7.901734
v 5.007492 1.238112 7.923047
v 4.986180 1.238112 7.974499
v 5.007492 1.238112 8.025951
v 5.058944 1.238112 8.047263
v 5.110396 1.238112 8.025951
v 5.131709 1.238112 7.974499
v 5.148062 1.291379 7.885381
v 5.058944 1.291379 7.848467
v 4.969826 1.291379 7.885381
v 4.932912 1.291379 7.974499
v 4.969826 1.291379 8.063617
v 5.058944 1.291379 8.100531
v 5.148062 1.291379 8.063617
v 5.184976 1.291379 7.974499
v 5.161849 1.364144 7.871594
v 5.058944 1.364144 7.828970
v 4.956040 1.364144 7.871594
v 4.913415 1.364144 7.974499
v 4.956040 1.364144 8.077403
v 5.058944 1.364144 8.120028
v 5.161849 1.364144 8.077403
v 5.204473 1.364144 7.974499
v 5.148062 1.436908 7.885381
v 5.058944 1.436908 7.848467
v 4.969826 1.436908 7.885381
v 4.932912 1.436908 7.974499
v 4.969826 1.436908 8.063617
v 5.058944 1.436908 8.100531
v 5.148062 1.436908 8.063617
v 5.184976 1.436908 7.974499
v 5.110396 1.490176 7.923047
v 5.058944 1.490176 7.901734
v 5.007492 1.490176 7.923047
v 4.986180 1.490176 7.974499
v 5.007492 1.490176 8.025951
v 5.058944 1.490176 8.047263
v 5.110396 1.490176 8.025951
v 5.131709 1.490176 7.974499
v 5.058944 1.218615 7.974499
v 5.058944 1.509673 7.974499
vt 0.000000 0.166667
vt 0.125000 0.166667
vt 0.250000 0.166667
vt 0.375000 0.166667
vt 0.500000 0.166667
vt 0.625000 0.166667
vt 0.750000 0.166667
vt 0.875000 0.166667
vt 1.000000 0.166667
vt 0.000000 0.333333
vt 0.125000 0.333333
vt 0.250000 0.333333
vt 0.375000 0.333333
vt 0.500000 0.333333
vt 0.625000 0.333333
vt 0.750000 0.333333
vt 0.875000 0.333333
vt 1.000000 0.333333
vt 0.000000 0.500000
vt 0.125000 0.500000
vt 0.250000 0.500000
vt 0.375000 0.500000
vt 0.500000 0.500000
vt 0.625000 0.500000
vt 0.750000 0.500000
vt 0.875000 0.500000
vt 1.000000 0.500000
vt 0.000000 0.666667
vt 0.125000 0.666667
vt 0.250000 0.666667
vt 0.375000 0.666667
vt 0.500000 0.666667
vt 0.625000 0.666667
vt 0.750000 0.666667
vt 0.875000 0.666667
vt 1.000000 0.666667
vt 0.000000 0.833333
vt 0.125000 0.833333
vt 0.250000 0.833333
vt 0.375000 0.833333
vt 0.500000 0.833333
vt 0.625000 0.833333
vt 0.750000 0.833333
vt 0.875000 0.833333
vt 1.000000 0.833333
vt 0.062500 0.000000
vt 0.187500 0.000000
vt 0.312500 0.000000
vt 0.437500 0.000000
vt 0.562500 0.000000
vt 0.687500 0.000000
vt 0.812500 0.000000
vt 0.937500 0.000000
vt 0.062500 1.000000
vt 0.187500 1.000000
vt 0.312500 1.000000
vt 0.437500 1.000000
vt 0.562500 1.000000
vt 0.687500 1.000000
vt 0.812500 1.000000
vt 0.937500 1.000000
vn 0.281083 -0.678599 -0.678598
vn 0.281083 -0.678599 -0.678598
vn 0.281083 -0.678599 -0.678598
vn 0.281083 -0.678599 -0.678598
vn -0.281083 -0.678601 -0.678597
vn -0.281083 -0.678601 -0.678597
vn -0.281083 -0.678601 -0.678597
vn -0.281083 -0.678601 -0.678597
vn -0.678594 -0.678602 -0.281087
vn -0.678594 -0.678602 -0.281087
vn -0.678594 -0.678602 -0.281087
vn -0.678594 -0.678602 -0.281087
vn -0.678601 -0.678596 0.281083
vn -0.678601 -0.678596 0.281083
vn -0.678601 -0.678596 0.281083
vn -0.678601 -0.678596 0.281083
vn -0.281072 -0.678604 0.678598
vn -0.281072 -0.678604 0.678598
vn -0.281072 -0.678604 0.678598
vn -0.281072 -0.678604 0.678598
vn 0.281074 -0.678600 0.678601
vn 0.281074 -0.678600 0.678601
vn 0.281074 -0.678600 0.678601
vn 0.281074 -0.678600 0.678601
vn 0.678603 -0.678595 0.281084
vn 0.678603 -0.678594 0.281084
vn 0.678603 -0.678595 0.281084
vn 0.678603 -0.678594 0.281084
vn 0.678593 -0.678603 -0.281086
vn 0.678593 -0.678603 -0.281086
vn 0.678593 -0.678603 -0.281086
vn 0.678593 -0.678603 -0.281086
vn 0.371474 -0.240297 -0.896808
vn 0.371474 -0.240297 -0.896808
vn 0.371474 -0.240297 -0.896808
vn 0.371474 -0.240297 -0.896808
vn -0.371473 -0.240297 -0.896808
vn -0.371474 -0.240297 -0.896808
vn -0.371474 -0.240297 -0.896808
vn -0.371474 -0.240297 -0.896808
vn -0.896809 -0.240294 -0.371473
vn -0.896809 -0.240294 -0.371473
vn -0.896809 -0.240294 -0.371473
vn -0.896809 -0.240294 -0.371473
vn -0.896811 -0.240292 0.371471
vn -0.896811 -0.240292 0.371471
vn -0.896811 -0.240292 0.371471
vn -0.896811 -0.240292 0.371471
vn -0.371474 -0.240296 0.896808
vn -0.371474 -0.240296 0.896808
vn -0.371474 -0.240296 0.896808
vn -0.371474 -0.240296 0.896808
vn 0.371474 -0.240296 0.896808
vn 0.371474 -0.240296 0.896808
vn 0.371474 -0.240296 0.896808
vn 0.371474 -0.240296 0.896809
vn 0.896809 -0.240299 0.371470
vn 0.896809 -0.240299 0.371470
vn 0.896809 -0.240299 0.371470
vn 0.896809 -0.240299 0.371470
vn 0.896807 -0.240300 -0.371473
vn 0.896807 -0.240300 -0.371473
vn 0.896807 -0.240300 -0.371473
vn 0.896807 -0.240300 -0.371473
vn 0.371467 0.240298 -0.896811
vn 0.371467 0.240298 -0.896811
vn 0.371467 0.240298 -0.896811
vn 0.371467 0.240298 -0.896811
vn -0.371467 0.240296 -0.896811
vn -0.371467 0.240296 -0.896811
vn -0.371467 0.240296 -0.896811
vn -0.371467 0.240296 -0.896811
vn -0.896810 0.240292 -0.371471
vn -0.896810 0.240292 -0.371471
vn -0.896810 0.240292 -0.371471
vn -0.896810 0.240292 -0.371471
vn -0.896812 0.240290 0.371469
vn -0.896812 0.240290 0.371469
vn -0.896812 0.240290 0.371469
vn -0.896812 0.240290 0.371469
vn -0.371467 0.240295 0.896811
vn -0.371467 0.240295 0.896811
vn -0.371467 0.240296 0.896811
vn -0.371467 0.240295 0.896811
vn 0.371467 0.240295 0.896811
vn 0.371467 0.240295 0.896811
vn 0.371467 0.240295 0.896811
vn 0.371467 0.240295 0.896811
vn 0.896810 0.240297 0.371468
vn 0.896810 0.240297 0.371468
vn 0.896810 0.240297 0.371468
vn 0.896810 0.240297 0.371468
vn 0.896809 0.240299 -0.371471
vn 0.896809 0.240299 -0.371471
vn 0.896809 0.240299 -0.371471
vn 0.896809 0.240299 -0.371471
vn 0.281083 0.678600 -0.678598
vn 0.281083 0.678600 -0.678598
vn 0.281083 0.678600 -0.678598
vn 0.281083 0.678600 -0.678598
vn -0.281082 0.678601 -0.678597
vn -0.281083 0.678601 -0.678597
vn -0.281083 0.678601 -0.678597
vn -0.281083 0.678601 -0.678597
vn -0.678594 0.678602 -0.281086
vn -0.678594 0.678602 -0.281086
vn -0.678594 0.678602 -0.281086
vn -0.678594 0.678602 -0.281086
vn -0.678601 0.678596 0.281083
vn -0.678601 0.678596 0.281083
vn -0.678601 0.678596 0.281083
vn -0.678601 0.678596 0.281083
vn -0.281073 0.678603 0.678598
vn -0.281073 0.678603 0.678598
vn -0.281073 0.678603 0.678598
vn -0.281073 0.678603 0.678598
vn 0.281074 0.678600 0.678601
vn 0.281074 0.678600 0.678601
vn 0.281074 0.678600 0.678601
vn 0.281074 0.678600 0.678601
vn 0.678603 0.678595 0.281083
vn 0.678603 0.678595 0.281083
vn 0.678603 0.678595 0.281083
vn 0.678603 0.678595 0.281083
vn 0.678593 0.678603 -0.281086
vn 0.678593 0.678603 -0.281086
vn 0.678593 0.678603 -0.281086
vn 0.678593 0.678603 -0.281086
vn 0.106591 -0.960423 -0.257346
vn 0.106591 -0.960423 -0.257346
vn 0.106591 -0.960423 -0.257346
vn -0.106591 -0.960423 -0.257346
vn -0.106591 -0.960423 -0.257346
vn -0.106591 -0.960423 -0.257346
vn -0.257342 -0.960423 -0.106596
vn -0.257342 -0.960423 -0.106596
vn -0.257342 -0.960423 -0.106596
vn -0.257342 -0.960423 0.106596
vn -0.257342 -0.960423 0.106596
vn -0.257342 -0.960423 0.106596
vn -0.106605 -0.960422 0.257342
vn -0.106605 -0.960422 0.257342
vn -0.106605 -0.960422 0.257342
vn 0.106605 -0.960422 0.257342
vn 0.106605 -0.960422 0.257342
vn 0.106605 -0.960422 0.257342
vn 0.257342 -0.960423 0.106596
vn 0.257342 -0.960423 0.106596
vn 0.257342 -0.960423 0.106596
vn 0.257342 -0.960423 -0.106596
vn 0.257342 -0.960423 -0.106596
vn 0.257342 -0.960423 -0.106596
vn 0.106591 0.960423 -0.257346
vn 0.106591 0.960423 -0.257346
vn 0.106591 0.960423 -0.257346
vn -0.106591 0.960423 -0.257346
vn -0.106591 0.960423 -0.257346
vn -0.106591 0.960423 -0.257346
vn -0.257342 0.960423 -0.106596
vn -0.257342 0.960423 -0.106596
vn -0.257342 0.960423 -0.106596
vn -0.257342 0.960423 0.106596
vn -0.257342 0.960423 0.106596
vn -0.257342 0.960423 0.106596
vn -0.106605 0.960422 0.257342
vn -0.106605 0.960422 0.257342
vn -0.106605 0.960422 0.257342
vn 0.106605 0.960422 0.257342
vn 0.106605 0.960422 0.257342
vn 0.106605 0.960422 0.257342
vn 0.257342 0.960423 0.106596
vn 0.257342 0.960423 0.106596
vn 0.257342 0.960423 0.106596
vn 0.257342 0.960423 -0.106596
vn 0.257342 0.960423 -0.106596
vn 0.257342 0.960423 -0.106596
s off
g Adicionales group16 Decorativo2 pSphere10
usemtl initialShadingGroup
f 3048/4698/6729 3049/4699/6730 3057/4708/6731 3056/4707/6732
f 3049/4699/6733 3050/4700/6734 3058/4709/6735 3057/4708/6736
f 3050/4700/6737 3051/4701/6738 3059/4710/6739 3058/4709/6740
f 3051/4701/6741 3052/4702/6742 3060/4711/6743 3059/4710/6744
f 3052/4702/6745 3053/4703/6746 3061/4712/6747 3060/4711/6748
f 3053/4703/6749 3054/4704/6750 3062/4713/6751 3061/4712/6752
f 3054/4704/6753 3055/4705/6754 3063/4714/6755 3062/4713/6756
f 3055/4705/6757 3048/4706/6758 3056/4715/6759 3063/4714/6760
f 3056/4707/6761 3057/4708/6762 3065/4717/6763 3064/4716/6764
f 3057/4708/6765 3058/4709/6766 3066/4718/6767 3065/4717/6768
f 3058/4709/6769 3059/4710/6770 3067/4719/6771 3066/4718/6772
f 3059/4710/6773 3060/4711/6774 3068/4720/6775 3067/4719/6776
f 3060/4711/6777 3061/4712/6778 3069/4721/6779 3068/4720/6780
f 3061/4712/6781 3062/4713/6782 3070/4722/6783 3069/4721/6784
f 3062/4713/6785 3063/4714/6786 3071/4723/6787 3070/4722/6788
f 3063/4714/6789 3056/4715/6790 3064/4724/6791 3071/4723/6792
f 3064/4716/6793 3065/4717/6794 3073/4726/6795 3072/4725/6796
f 3065/4717/6797 3066/4718/6798 3074/4727/6799 3073/4726/6800
f 3066/4718/6801 3067/4719/6802 3075/4728/6803 3074/4727/6804
f 3067/4719/6805 3068/4720/6806 3076/4729/6807 3075/4728/6808
f 3068/4720/6809 3069/4721/6810 3077/4730/6811 3076/4729/6812
f 3069/4721/6813 3070/4722/6814 3078/4731/6815 3077/4730/6816
f 3070/4722/6817 3071/4723/6818 3079/4732/6819 3078/4731/6820
f 3071/4723/6821 3064/4724/6822 3072/4733/6823 3079/4732/6824
f 3072/4725/6825 3073/4726/6826 3081/4735/6827 3080/4734/6828
f 3073/4726/6829 3074/4727/6830 3082/4736/6831 3081/4735/6832
f 3074/4727/6833 3075/4728/6834 3083/4737/6835 3082/4736/6836
f 3075/4728/6837 3076/4729/6838 3084/4738/6839 3083/4737/6840
f 3076/4729/6841 3077/4730/6842 3085/4739/6843 3084/4738/6844
f 3077/4730/6845 3078/4731/6846 3086/4740/6847 3085/4739/6848
f 3078/4731/6849 3079/4732/6850 3087/4741/6851 3086/4740/6852
f 3079/4732/6853 3072/4733/6854 3080/4742/6855 3087/4741/6856
f 3049/4699/6857 3048/4698/6858 3088/4743/6859
f 3050/4700/6860 3049/4699/6861 3088/4744/6862
f 3051/4701/6863 3050/4700/6864 3088/4745/6865
f 3052/4702/6866 3051/4701/6867 3088/4746/6868
f 3053/4703/6869 3052/4702/6870 3088/4747/6871
f 3054/4704/6872 3053/4703/6873 3088/4748/6874
f 3055/4705/6875 3054/4704/6876 3088/4749/6877
f 3048/4706/6878 3055/4705/6879 3088/4750/6880
f 3080/4734/6881 3081/4735/6882 3089/4751/6883
f 3081/4735/6884 3082/4736/6885 3089/4752/6886
f 3082/4736/6887 3083/4737/6888 3089/4753/6889
f 3083/4737/6890 3084/4738/6891 3089/4754/6892
f 3084/4738/6893 3085/4739/6894 3089/4755/6895
f 3085/4739/6896 3086/4740/6897 3089/4756/6898
f 3086/4740/6899 3087/4741/6900 3089/4757/6901
f 3087/4741/6902 3080/4742/6903 3089/4758/6904
g default
v 5.728533 1.243391 7.934980
v 5.689014 1.243391 7.918611
v 5.649496 1.243391 7.934980
v 5.633127 1.243391 7.974499
v 5.649496 1.243391 8.014018
v 5.689014 1.243391 8.030387
v 5.728533 1.243391 8.014018
v 5.744903 1.243391 7.974499
v 5.757463 1.284304 7.906050
v 5.689014 1.284304 7.877697
v 5.620566 1.284304 7.906050
v 5.592214 1.284304 7.974499
v 5.620566 1.284304 8.042948
v 5.689014 1.284304 8.071300
v 5.757463 1.284304 8.042948
v 5.785816 1.284304 7.974499
v 5.768052 1.340192 7.895461
v 5.689014 1.340192 7.862722
v 5.609977 1.340192 7.895461
v 5.577239 1.340192 7.974499
v 5.609977 1.340192 8.053536
v 5.689014 1.340192 8.086274
v 5.768052 1.340192 8.053536
v 5.800791 1.340192 7.974499
v 5.757463 1.396080 7.906050
v 5.689014 1.396080 7.877697
v 5.620566 1.396080 7.906050
v 5.592214 1.396080 7.974499
v 5.620566 1.396080 8.042948
v 5.689014 1.396080 8.071300
v 5.757463 1.396080 8.042948
v 5.785816 1.396080 7.974499
v 5.728533 1.436993 7.934980
v 5.689014 1.436993 7.918611
v 5.649496 1.436993 7.934980
v 5.633127 1.436993 7.974499
v 5.649496 1.436993 8.014018
v 5.689014 1.436993 8.030387
v 5.728533 1.436993 8.014018
v 5.744903 1.436993 7.974499
v 5.689014 1.228416 7.974499
v 5.689014 1.451968 7.974499
vt 0.000000 0.166667
vt 0.125000 0.166667
vt 0.250000 0.166667
vt 0.375000 0.166667
vt 0.500000 0.166667
vt 0.625000 0.166667
vt 0.750000 0.166667
vt 0.875000 0.166667
vt 1.000000 0.166667
vt 0.000000 0.333333
vt 0.125000 0.333333
vt 0.250000 0.333333
vt 0.375000 0.333333
vt 0.500000 0.333333
vt 0.625000 0.333333
vt 0.750000 0.333333
vt 0.875000 0.333333
vt 1.000000 0.333333
vt 0.000000 0.500000
vt 0.125000 0.500000
vt 0.250000 0.500000
vt 0.375000 0.500000
vt 0.500000 0.500000
vt 0.625000 0.500000
vt 0.750000 0.500000
vt 0.875000 0.500000
vt 1.000000 0.500000
vt 0.000000 0.666667
vt 0.125000 0.666667
vt 0.250000 0.666667
vt 0.375000 0.666667
vt 0.500000 0.666667
vt 0.625000 0.666667
vt 0.750000 0.666667
vt 0.875000 0.666667
vt 1.000000 0.666667
vt 0.000000 0.833333
vt 0.125000 0.833333
vt 0.250000 0.833333
vt 0.375000 0.833333
vt 0.500000 0.833333
vt 0.625000 0.833333
vt 0.750000 0.833333
vt 0.875000 0.833333
vt 1.000000 0.833333
vt 0.062500 0.000000
vt 0.187500 0.000000
vt 0.312500 0.000000
vt 0.437500 0.000000
vt 0.562500 0.000000
vt 0.687500 0.000000
vt 0.812500 0.000000
vt 0.937500 0.000000
vt 0.062500 1.000000
vt 0.187500 1.000000
vt 0.312500 1.000000
vt 0.437500 1.000000
vt 0.562500 1.000000
vt 0.687500 1.000000
vt 0.812500 1.000000
vt 0.937500 1.000000
vn 0.281083 -0.678602 -0.678596
vn 0.281083 -0.678602 -0.678596
vn 0.281083 -0.678602 -0.678596
vn 0.281083 -0.678602 -0.678596
vn -0.281083 -0.678603 -0.678594
vn -0.281083 -0.678603 -0.678594
vn -0.281083 -0.678603 -0.678594
vn -0.281083 -0.678603 -0.678594
vn -0.678599 -0.678599 -0.281083
vn -0.678599 -0.678599 -0.281083
vn -0.678599 -0.678599 -0.281083
vn -0.678599 -0.678599 -0.281083
vn -0.678594 -0.678603 0.281084
vn -0.678594 -0.678603 0.281084
vn -0.678594 -0.678603 0.281084
vn -0.678594 -0.678603 0.281084
vn -0.281085 -0.678598 0.678598
vn -0.281085 -0.678598 0.678598
vn -0.281085 -0.678598 0.678598
vn -0.281085 -0.678598 0.678598
vn 0.281085 -0.678597 0.678600
vn 0.281085 -0.678597 0.678599
vn 0.281085 -0.678597 0.678599
vn 0.281085 -0.678597 0.678599
vn 0.678591 -0.678605 0.281086
vn 0.678591 -0.678605 0.281086
vn 0.678591 -0.678605 0.281086
vn 0.678591 -0.678605 0.281086
vn 0.678598 -0.678598 -0.281085
vn 0.678598 -0.678598 -0.281085
vn 0.678598 -0.678598 -0.281085
vn 0.678598 -0.678598 -0.281085
vn 0.371474 -0.240293 -0.896809
vn 0.371474 -0.240293 -0.896809
vn 0.371474 -0.240293 -0.896809
vn 0.371474 -0.240293 -0.896809
vn -0.371474 -0.240292 -0.896809
vn -0.371474 -0.240292 -0.896809
vn -0.371474 -0.240292 -0.896809
vn -0.371474 -0.240292 -0.896809
vn -0.896810 -0.240297 -0.371469
vn -0.896810 -0.240297 -0.371469
vn -0.896810 -0.240297 -0.371469
vn -0.896810 -0.240297 -0.371469
vn -0.896811 -0.240294 0.371469
vn -0.896811 -0.240294 0.371469
vn -0.896811 -0.240294 0.371469
vn -0.896811 -0.240294 0.371469
vn -0.371458 -0.240288 0.896817
vn -0.371458 -0.240288 0.896817
vn -0.371459 -0.240288 0.896817
vn -0.371459 -0.240288 0.896817
vn 0.371457 -0.240290 0.896817
vn 0.371457 -0.240290 0.896817
vn 0.371457 -0.240290 0.896817
vn 0.371457 -0.240290 0.896817
vn 0.896809 -0.240296 0.371471
vn 0.896809 -0.240296 0.371471
vn 0.896809 -0.240296 0.371471
vn 0.896809 -0.240296 0.371471
vn 0.896810 -0.240293 -0.371472
vn 0.896810 -0.240293 -0.371472
vn 0.896810 -0.240293 -0.371472
vn 0.896810 -0.240293 -0.371472
vn 0.371474 0.240293 -0.896809
vn 0.371474 0.240293 -0.896809
vn 0.371474 0.240293 -0.896809
vn 0.371474 0.240293 -0.896809
vn -0.371474 0.240292 -0.896809
vn -0.371474 0.240292 -0.896809
vn -0.371474 0.240292 -0.896809
vn -0.371474 0.240292 -0.896809
vn -0.896810 0.240297 -0.371469
vn -0.896810 0.240297 -0.371469
vn -0.896810 0.240297 -0.371469
vn -0.896810 0.240297 -0.371469
vn -0.896809 0.240300 0.371469
vn -0.896809 0.240300 0.371469
vn -0.896810 0.240300 0.371469
vn -0.896809 0.240300 0.371469
vn -0.371458 0.240288 0.896817
vn -0.371458 0.240288 0.896817
vn -0.371458 0.240288 0.896817
vn -0.371458 0.240288 0.896817
vn 0.371457 0.240291 0.896816
vn 0.371457 0.240291 0.896816
vn 0.371457 0.240291 0.896816
vn 0.371457 0.240291 0.896817
vn 0.896809 0.240296 0.371472
vn 0.896809 0.240296 0.371472
vn 0.896809 0.240296 0.371472
vn 0.896809 0.240296 0.371472
vn 0.896810 0.240293 -0.371472
vn 0.896810 0.240293 -0.371472
vn 0.896810 0.240293 -0.371472
vn 0.896810 0.240293 -0.371472
vn 0.281083 0.678602 -0.678595
vn 0.281083 0.678602 -0.678595
vn 0.281083 0.678602 -0.678595
vn 0.281083 0.678602 -0.678595
vn -0.281083 0.678604 -0.678593
vn -0.281083 0.678604 -0.678593
vn -0.281083 0.678604 -0.678593
vn -0.281084 0.678604 -0.678593
vn -0.678599 0.678599 -0.281083
vn -0.678599 0.678599 -0.281083
vn -0.678599 0.678599 -0.281083
vn -0.678599 0.678599 -0.281083
vn -0.678594 0.678603 0.281084
vn -0.678594 0.678603 0.281084
vn -0.678594 0.678603 0.281084
vn -0.678594 0.678603 0.281084
vn -0.281085 0.678599 0.678598
vn -0.281085 0.678599 0.678598
vn -0.281085 0.678599 0.678598
vn -0.281085 0.678599 0.678598
vn 0.281085 0.678595 0.678602
vn 0.281085 0.678595 0.678602
vn 0.281085 0.678595 0.678602
vn 0.281085 0.678595 0.678602
vn 0.678591 0.678605 0.281086
vn 0.678591 0.678605 0.281086
vn 0.678591 0.678605 0.281086
vn 0.678591 0.678605 0.281086
vn 0.678598 0.678598 -0.281085
vn 0.678598 0.678598 -0.281085
vn 0.678598 0.678598 -0.281085
vn 0.678598 0.678598 -0.281085
vn 0.106600 -0.960421 -0.257348
vn 0.106600 -0.960421 -0.257348
vn 0.106600 -0.960421 -0.257348
vn -0.106600 -0.960422 -0.257345
vn -0.106600 -0.960422 -0.257345
vn -0.106600 -0.960422 -0.257345
vn -0.257348 -0.960422 -0.106594
vn -0.257348 -0.960422 -0.106594
vn -0.257348 -0.960422 -0.106594
vn -0.257345 -0.960423 0.106593
vn -0.257345 -0.960423 0.106593
vn -0.257345 -0.960423 0.106593
vn -0.106601 -0.960422 0.257345
vn -0.106600 -0.960422 0.257345
vn -0.106600 -0.960422 0.257345
vn 0.106599 -0.960422 0.257345
vn 0.106599 -0.960422 0.257345
vn 0.106599 -0.960422 0.257345
vn 0.257339 -0.960425 0.106590
vn 0.257339 -0.960425 0.106590
vn 0.257339 -0.960425 0.106590
vn 0.257339 -0.960425 -0.106590
vn 0.257339 -0.960425 -0.106590
vn 0.257339 -0.960425 -0.106590
vn 0.106599 0.960421 -0.257348
vn 0.106599 0.960421 -0.257348
vn 0.106599 0.960421 -0.257348
vn -0.106600 0.960421 -0.257348
vn -0.106600 0.960421 -0.257348
vn -0.106600 0.960421 -0.257348
vn -0.257348 0.960421 -0.106600
vn -0.257348 0.960421 -0.106600
vn -0.257348 0.960421 -0.106600
vn -0.257351 0.960420 0.106599
vn -0.257351 0.960420 0.106599
vn -0.257351 0.960420 0.106599
vn -0.106599 0.960422 0.257345
vn -0.106599 0.960422 0.257345
vn -0.106599 0.960422 0.257345
vn 0.106600 0.960420 0.257351
vn 0.106600 0.960420 0.257351
vn 0.106600 0.960420 0.257351
vn 0.257345 0.960423 0.106593
vn 0.257345 0.960423 0.106593
vn 0.257345 0.960423 0.106593
vn 0.257339 0.960424 -0.106596
vn 0.257339 0.960424 -0.106596
vn 0.257339 0.960424 -0.106596
s off
g Adicionales group16 Decorativo2 pSphere8
usemtl initialShadingGroup
f 3090/4759/6905 3091/4760/6906 3099/4769/6907 3098/4768/6908
f 3091/4760/6909 3092/4761/6910 3100/4770/6911 3099/4769/6912
f 3092/4761/6913 3093/4762/6914 3101/4771/6915 3100/4770/6916
f 3093/4762/6917 3094/4763/6918 3102/4772/6919 3101/4771/6920
f 3094/4763/6921 3095/4764/6922 3103/4773/6923 3102/4772/6924
f 3095/4764/6925 3096/4765/6926 3104/4774/6927 3103/4773/6928
f 3096/4765/6929 3097/4766/6930 3105/4775/6931 3104/4774/6932
f 3097/4766/6933 3090/4767/6934 3098/4776/6935 3105/4775/6936
f 3098/4768/6937 3099/4769/6938 3107/4778/6939 3106/4777/6940
f 3099/4769/6941 3100/4770/6942 3108/4779/6943 3107/4778/6944
f 3100/4770/6945 3101/4771/6946 3109/4780/6947 3108/4779/6948
f 3101/4771/6949 3102/4772/6950 3110/4781/6951 3109/4780/6952
f 3102/4772/6953 3103/4773/6954 3111/4782/6955 3110/4781/6956
f 3103/4773/6957 3104/4774/6958 3112/4783/6959 3111/4782/6960
f 3104/4774/6961 3105/4775/6962 3113/4784/6963 3112/4783/6964
f 3105/4775/6965 3098/4776/6966 3106/4785/6967 3113/4784/6968
f 3106/4777/6969 3107/4778/6970 3115/4787/6971 3114/4786/6972
f 3107/4778/6973 3108/4779/6974 3116/4788/6975 3115/4787/6976
f 3108/4779/6977 3109/4780/6978 3117/4789/6979 3116/4788/6980
f 3109/4780/6981 3110/4781/6982 3118/4790/6983 3117/4789/6984
f 3110/4781/6985 3111/4782/6986 3119/4791/6987 3118/4790/6988
f 3111/4782/6989 3112/4783/6990 3120/4792/6991 3119/4791/6992
f 3112/4783/6993 3113/4784/6994 3121/4793/6995 3120/4792/6996
f 3113/4784/6997 3106/4785/6998 3114/4794/6999 3121/4793/7000
f 3114/4786/7001 3115/4787/7002 3123/4796/7003 3122/4795/7004
f 3115/4787/7005 3116/4788/7006 3124/4797/7007 3123/4796/7008
f 3116/4788/7009 3117/4789/7010 3125/4798/7011 3124/4797/7012
f 3117/4789/7013 3118/4790/7014 3126/4799/7015 3125/4798/7016
f 3118/4790/7017 3119/4791/7018 3127/4800/7019 3126/4799/7020
f 3119/4791/7021 3120/4792/7022 3128/4801/7023 3127/4800/7024
f 3120/4792/7025 3121/4793/7026 3129/4802/7027 3128/4801/7028
f 3121/4793/7029 3114/4794/7030 3122/4803/7031 3129/4802/7032
f 3091/4760/7033 3090/4759/7034 3130/4804/7035
f 3092/4761/7036 3091/4760/7037 3130/4805/7038
f 3093/4762/7039 3092/4761/7040 3130/4806/7041
f 3094/4763/7042 3093/4762/7043 3130/4807/7044
f 3095/4764/7045 3094/4763/7046 3130/4808/7047
f 3096/4765/7048 3095/4764/7049 3130/4809/7050
f 3097/4766/7051 3096/4765/7052 3130/4810/7053
f 3090/4767/7054 3097/4766/7055 3130/4811/7056
f 3122/4795/7057 3123/4796/7058 3131/4812/7059
f 3123/4796/7060 3124/4797/7061 3131/4813/7062
f 3124/4797/7063 3125/4798/7064 3131/4814/7065
f 3125/4798/7066 3126/4799/7067 3131/4815/7068
f 3126/4799/7069 3127/4800/7070 3131/4816/7071
f 3127/4800/7072 3128/4801/7073 3131/4817/7074
f 3128/4801/7075 3129/4802/7076 3131/4818/7077
f 3129/4802/7078 3122/4803/7079 3131/4819/7080
g default
v 9.143152 0.148286 -2.040944
v 9.143231 0.148286 -7.893090
v 9.143152 5.957185 -2.040936
v 9.143231 5.957185 -7.893091
v 9.508990 0.148286 -7.893085
v 9.508990 5.957185 -7.893087
v 9.508909 0.148286 -2.040944
v 9.508909 5.957185 -2.040936
vt 0.257324 0.910339
vt 0.374695 0.712646
vt 0.383789 0.814976
vt 0.262299 0.807959
vt 0.374695 0.705566
vt 0.374695 0.814976
vt 0.262299 0.705566
vt 0.262299 0.814976
vt 0.257324 0.814976
vt 0.262299 0.910339
vt 0.262299 0.712646
vt 0.374695 0.910339
vt 0.374695 0.807959
vt 0.383789 0.910339
vn -1.000000 -0.000000 -0.000014
vn -1.000000 -0.000000 -0.000014
vn -1.000000 -0.000000 -0.000014
vn -1.000000 -0.000000 -0.000014
vn 0.000011 -0.000000 -1.000000
vn 0.000011 -0.000000 -1.000000
vn 0.000011 -0.000000 -1.000000
vn 0.000011 -0.000000 -1.000000
vn 1.000000 0.000000 0.000014
vn 1.000000 0.000000 0.000014
vn 1.000000 0.000000 0.000014
vn 1.000000 0.000000 0.000014
vn 0.000000 -0.000001 1.000000
vn 0.000000 -0.000001 1.000000
vn 0.000000 -0.000001 1.000000
vn 0.000000 -0.000001 1.000000
vn 0.000000 1.000000 -0.000000
vn 0.000000 1.000000 -0.000000
vn 0.000000 1.000000 -0.000000
vn 0.000000 1.000000 -0.000000
vn 0.000000 -1.000000 0.000000
vn 0.000000 -1.000000 0.000000
vn 0.000000 -1.000000 0.000000
vn 0.000000 -1.000000 0.000000
s off
g group16 Cube_23_ group7 Consultorio1
usemtl Plane_4_SG
f 3134/4830/7081 3135/4821/7082 3133/4832/7083 3132/4823/7084
f 3135/4833/7085 3137/4831/7086 3136/4825/7087 3133/4822/7088
f 3137/4831/7089 3139/4829/7090 3138/4827/7091 3136/4825/7092
f 3139/4829/7093 3134/4820/7094 3132/4828/7095 3138/4827/7096
f 3139/4826/7097 3137/4824/7098 3135/4821/7099 3134/4830/7100
f 3132/4823/7101 3133/4832/7102 3136/4825/7103 3138/4827/7104
g default
v 9.156919 0.148286 -7.893090
v 9.156919 0.148286 8.562836
v -12.102712 0.148286 -7.893090
v -12.102712 0.148286 8.562836
vt 0.428833 0.362183
vt 0.428833 0.003052
vt 0.744873 0.003052
vt 0.744873 0.362183
vn 0.000000 1.000000 0.000000
vn 0.000000 1.000000 0.000000
vn 0.000000 1.000000 0.000000
vn 0.000000 1.000000 0.000000
s off
g group16 group7 Consultorio1 Plane_4_
usemtl Plane_4_SG
f 3143/4834/7105 3141/4835/7106 3140/4836/7107 3142/4837/7108
g default
v 9.232020 0.152781 -1.989572
v 9.232064 0.152781 -2.039577
v 9.232020 4.038049 -1.989572
v 9.232064 4.038049 -2.039577
v 9.436172 0.152781 -2.039577
v 9.436172 4.038049 -2.039577
v 9.436128 0.152781 -1.989572
v 9.436128 4.038049 -1.989572
v 9.397476 0.152781 -1.989572
v 9.397476 4.038049 -1.989572
v 9.270671 0.152781 -1.989572
v 9.270671 4.038049 -1.989572
v 9.397476 4.038049 -2.019398
v 9.270671 4.038049 -2.019398
v 9.270671 0.152781 -2.019398
v 9.397476 0.152781 -2.019398
vt 0.872368 0.200134
vt 0.870228 0.200134
vt 0.872383 0.107849
vt 0.880142 0.200134
vt 0.880157 0.107849
vt 0.878002 0.200134
vt 0.878018 0.107849
vt 0.870243 0.107849
vt 0.876139 0.107849
vt 0.876124 0.200134
vt 0.874261 0.107849
vt 0.874246 0.200134
vt 0.876124 0.200134
vt 0.874246 0.200134
vt 0.874261 0.107849
vt 0.876139 0.107849
vn -1.000000 0.000000 -0.000873
vn -1.000000 0.000000 -0.000873
vn -1.000000 0.000000 -0.000873
vn -1.000000 0.000000 -0.000873
vn 0.000000 0.000000 1.000000
vn 0.000000 0.000000 1.000000
vn 0.000000 0.000000 1.000000
vn 0.000000 0.000000 1.000000
vn 1.000000 0.000000 0.000893
vn 1.000000 0.000000 0.000893
vn 1.000000 0.000000 0.000893
vn 1.000000 0.000000 0.000893
vn 0.000000 0.000000 1.000000
vn 0.000000 0.000000 1.000000
vn 0.000000 0.000000 1.000000
vn 0.000000 0.000000 1.000000
vn 0.000000 0.000000 1.000000
vn 0.000000 0.000000 1.000000
vn 0.000000 0.000000 1.000000
vn 0.000000 0.000000 1.000000
vn 1.000000 0.000000 0.000000
vn 1.000000 0.000000 0.000000
vn 1.000000 0.000000 0.000000
vn 1.000000 0.000000 0.000000
vn -1.000000 0.000000 0.000000
vn -1.000000 0.000000 0.000000
vn -1.000000 0.000000 0.000000
vn -1.000000 0.000000 0.000000
s off
g group16 group7 Consultorio1 Cube_23_1
usemtl Plane_4_SG
f 3146/4838/7109 3147/4839/7110 3145/4845/7111 3144/4840/7112
f 3155/4849/7113 3146/4838/7114 3144/4840/7115 3154/4848/7116
f 3148/4842/7117 3149/4841/7118 3151/4843/7119 3150/4844/7120
f 3151/4843/7121 3153/4847/7122 3152/4846/7123 3150/4844/7124
f 3156/4850/7125 3157/4851/7126 3158/4852/7127 3159/4853/7128
f 3155/4849/7129 3154/4848/7130 3158/4852/7131 3157/4851/7132
f 3152/4846/7133 3153/4847/7134 3156/4850/7135 3159/4853/7136
g default
v 9.143062 0.148286 8.200308
v 9.143136 0.148286 3.079682
v 9.143062 5.957185 8.200308
v 9.143142 5.957185 3.079682
v 9.508895 0.148286 3.079682
v 9.508904 5.957185 3.079682
v 9.508820 0.148286 8.200308
v 9.508820 5.957185 8.200308
vt 0.852173 0.637726
vt 0.746765 0.835388
vt 0.739784 0.733032
vt 0.845156 0.740082
vt 0.746765 0.842407
vt 0.746811 0.733032
vt 0.845154 0.842438
vt 0.845158 0.733063
vt 0.852180 0.733063
vt 0.845154 0.637726
vt 0.845154 0.835419
vt 0.746826 0.637695
vt 0.746810 0.740051
vt 0.739807 0.637695
vn -1.000000 0.000001 -0.000015
vn -1.000000 0.000001 -0.000015
vn -1.000000 0.000001 -0.000015
vn -1.000000 0.000001 -0.000015
vn 0.000000 0.000000 -1.000000
vn 0.000000 0.000000 -1.000000
vn 0.000000 0.000000 -1.000000
vn 0.000000 0.000000 -1.000000
vn 1.000000 -0.000001 0.000016
vn 1.000000 -0.000001 0.000016
vn 1.000000 -0.000001 0.000016
vn 1.000000 -0.000001 0.000016
vn 0.000000 0.000000 1.000000
vn 0.000000 0.000000 1.000000
vn 0.000000 0.000000 1.000000
vn 0.000000 0.000000 1.000000
vn 0.000000 1.000000 0.000000
vn 0.000000 1.000000 0.000000
vn 0.000000 1.000000 0.000000
vn 0.000000 1.000000 0.000000
vn 0.000000 -1.000000 0.000000
vn 0.000000 -1.000000 0.000000
vn 0.000000 -1.000000 0.000000
vn 0.000000 -1.000000 0.000000
s off
g group16 group7 Consultorio1 Cube_26_
usemtl Plane_4_SG
f 3162/4864/7137 3163/4855/7138 3161/4866/7139 3160/4857/7140
f 3163/4867/7141 3165/4865/7142 3164/4859/7143 3161/4856/7144
f 3165/4865/7145 3167/4863/7146 3166/4861/7147 3164/4859/7148
f 3167/4863/7149 3162/4854/7150 3160/4862/7151 3166/4861/7152
f 3167/4860/7153 3165/4858/7154 3163/4855/7155 3162/4864/7156
f 3160/4857/7157 3161/4866/7158 3164/4859/7159 3166/4861/7160
g default
v -12.164313 0.159784 8.215501
v -12.091081 0.159784 8.215501
v -12.164433 5.968684 8.207892
v -12.091205 5.968684 8.207892
v -12.164433 5.968684 -7.900044
v -12.091205 5.968684 -7.900044
v -12.164313 0.159784 -7.892436
v -12.091081 0.159784 -7.892436
vt 0.758911 0.633423
vt 0.758911 0.632202
vt 0.854248 0.632202
vt 0.855469 0.632202
vt 0.854248 0.322815
vt 0.854248 0.321594
vt 0.758911 0.322815
vt 0.757690 0.322815
vt 0.758911 0.321594
vt 0.855469 0.322815
vt 0.854248 0.633423
vt 0.757690 0.632202
vn 0.000000 -0.940649 0.339381
vn 0.999910 -0.012591 0.004550
vn 0.999910 0.012620 0.004541
vn 0.000000 0.940754 0.339089
vn 0.999910 0.012633 -0.004550
vn 0.000000 0.940652 -0.339373
vn 0.999911 -0.012578 -0.004541
vn 0.000000 -0.940751 -0.339097
s 1
g group16 group7 Consultorio1 pCube35
usemtl Plane_4_SG
f 3168/4868/7161 3169/4869/7162 3171/4870/7163 3170/4878/7164
f 3170/4871/7164 3171/4870/7163 3173/4872/7165 3172/4877/7166
f 3172/4873/7166 3173/4872/7165 3175/4874/7167 3174/4876/7168
f 3174/4875/7168 3175/4874/7167 3169/4869/7162 3168/4879/7161
f 3169/4869/7162 3175/4874/7167 3173/4872/7165 3171/4870/7163
g default
v 1.454179 0.107041 8.189107
v 1.147867 0.107041 8.189101
v 1.454179 5.946287 8.189107
v 1.147867 5.946287 8.189101
v 1.147867 0.107041 8.015033
v 1.147867 5.946287 8.015033
v 1.454179 0.107041 8.015038
v 1.454179 5.946287 8.015038
v 1.389556 5.946287 8.015036
v 1.389556 0.107041 8.015036
v 1.212489 5.946287 8.015036
v 1.212489 0.107041 8.015036
v 1.212489 5.946287 8.033467
v 1.389556 5.946287 8.033467
v 1.389556 0.107041 8.033467
v 1.212489 0.107041 8.033467
vt 0.906525 0.104736
vt 0.893673 0.104736
vt 0.893677 0.003113
vt 0.906525 0.003113
vt 0.892319 0.104736
vt 0.892323 0.003113
vt 0.877712 0.104736
vt 0.864868 0.104736
vt 0.864868 0.003113
vt 0.877716 0.003113
vt 0.879066 0.104736
vt 0.879070 0.003113
vt 0.890961 0.104736
vt 0.880428 0.104736
vt 0.880432 0.003113
vt 0.890965 0.003113
vn -1.000000 0.000000 0.000000
vn -1.000000 0.000000 0.000000
vn -1.000000 0.000000 0.000000
vn -1.000000 0.000000 0.000000
vn 0.000056 0.000000 -1.000000
vn 0.000056 0.000000 -1.000000
vn 0.000056 0.000000 -1.000000
vn 0.000056 0.000000 -1.000000
vn 1.000000 0.000000 0.000000
vn 1.000000 0.000000 0.000000
vn 1.000000 0.000000 0.000000
vn 1.000000 0.000000 0.000000
vn 0.000025 0.000000 -1.000000
vn 0.000025 0.000000 -1.000000
vn 0.000025 0.000000 -1.000000
vn 0.000025 0.000000 -1.000000
vn 0.000000 0.000000 -1.000000
vn 0.000000 0.000000 -1.000000
vn 0.000000 0.000000 -1.000000
vn 0.000000 0.000000 -1.000000
vn -1.000000 0.000000 0.000000
vn -1.000000 0.000000 0.000000
vn -1.000000 0.000000 0.000000
vn -1.000000 0.000000 0.000000
vn 1.000000 0.000000 0.000000
vn 1.000000 0.000000 0.000000
vn 1.000000 0.000000 0.000000
vn 1.000000 0.000000 0.000000
s off
g group16 group7 Consultorio1 Soporte
usemtl Plane_4_SG
f 3179/4880/7169 3181/4881/7170 3180/4882/7171 3177/4883/7172
f 3181/4881/7173 3186/4884/7174 3187/4885/7175 3180/4882/7176
f 3183/4886/7177 3178/4887/7178 3176/4888/7179 3182/4889/7180
f 3184/4890/7181 3183/4886/7182 3182/4889/7183 3185/4891/7184
f 3188/4892/7185 3189/4893/7186 3190/4894/7187 3191/4895/7188
f 3184/4890/7189 3185/4891/7190 3190/4894/7191 3189/4893/7192
f 3187/4885/7193 3186/4884/7194 3188/4892/7195 3191/4895/7196
g default
v 9.143061 0.148286 8.566068
v -11.889618 0.148286 8.566057
v 9.143061 5.957185 8.566068
v -11.889618 5.957185 8.566057
v -11.889618 0.148286 8.200296
v -11.889618 5.957185 8.200296
v 9.143061 0.148286 8.200307
v 9.143069 5.957185 8.200307
vt 0.213745 0.372681
vt 0.015991 0.010376
vt 0.118351 0.003418
vt 0.111389 0.365601
vt 0.008972 0.010376
vt 0.118355 0.010376
vt 0.009033 0.365601
vt 0.118412 0.365601
vt 0.118416 0.372681
vt 0.213745 0.365601
vt 0.016052 0.365601
vt 0.213684 0.010376
vt 0.111329 0.010376
vt 0.213684 0.003296
vn -0.000001 0.000000 1.000000
vn -0.000001 0.000000 1.000000
vn -0.000001 0.000000 1.000000
vn -0.000001 0.000000 1.000000
vn -1.000000 0.000000 0.000000
vn -1.000000 0.000000 0.000000
vn -1.000000 0.000000 0.000000
vn -1.000000 0.000000 0.000000
vn 0.000001 -0.000000 -1.000000
vn 0.000001 -0.000000 -1.000000
vn 0.000001 -0.000000 -1.000000
vn 0.000001 -0.000000 -1.000000
vn 1.000000 -0.000001 0.000011
vn 1.000000 -0.000001 0.000011
vn 1.000000 -0.000001 0.000011
vn 1.000000 -0.000001 0.000011
vn 0.000000 1.000000 0.000001
vn 0.000000 1.000000 0.000001
vn 0.000000 1.000000 0.000001
vn 0.000000 1.000000 0.000001
vn 0.000000 -1.000000 0.000000
vn 0.000000 -1.000000 0.000000
vn 0.000000 -1.000000 0.000000
vn 0.000000 -1.000000 0.000000
s off
g group16 group7 Consultorio1 Cube_19_
usemtl Plane_4_SG
f 3194/4906/7197 3195/4897/7198 3193/4908/7199 3192/4899/7200
f 3195/4909/7201 3197/4907/7202 3196/4901/7203 3193/4898/7204
f 3197/4907/7205 3199/4905/7206 3198/4903/7207 3196/4901/7208
f 3199/4905/7209 3194/4896/7210 3192/4904/7211 3198/4903/7212
f 3199/4902/7213 3197/4900/7214 3195/4897/7215 3194/4906/7216
f 3192/4899/7217 3193/4908/7218 3196/4901/7219 3198/4903/7220
g default
v -11.889592 0.148286 -7.945025
v -11.889618 0.148286 8.200297
v -11.889592 5.958175 -7.945028
v -11.889618 5.958175 8.200307
v -12.101149 5.958175 8.200297
v -12.101124 5.958175 -7.945028
v -11.889602 5.958175 7.085872
v -11.889602 0.148286 6.310933
v -12.101137 5.958175 7.085856
v -11.889596 5.958175 -6.874930
v -11.889596 0.148286 -6.100014
v -12.101127 5.958175 -6.874941
v -11.889602 5.958175 2.895664
v -12.101133 5.958175 2.895645
v -11.889596 5.958175 -2.684719
v -12.101133 5.958175 -2.684736
v -11.889618 1.479854 8.200300
v -11.889602 1.479854 6.856436
v -11.889596 1.479854 -6.645511
v -11.889592 1.479854 -7.945025
v -11.889618 4.797411 8.200301
v -11.889602 4.554806 5.673780
v -11.889602 5.365304 2.484315
v -11.889596 5.365304 -2.273380
v -11.889596 4.554806 -5.462848
v -11.889592 4.797411 -7.945028
v -11.889618 3.138633 8.200301
v -11.889602 3.138633 6.808700
v -11.889596 3.138633 -6.597773
v -11.889592 3.138633 -7.945028
v -11.942390 1.479854 6.856436
v -11.942390 0.148286 6.310933
v -11.942380 1.479854 -6.645511
v -11.942380 0.148286 -6.100014
v -11.942390 4.554806 5.673780
v -11.942390 3.138633 6.808700
v -11.942390 5.365304 2.484315
v -11.942380 5.365304 -2.273380
v -11.942380 4.554806 -5.462848
v -11.942380 3.138633 -6.597773
v -11.942380 5.145159 -3.868112
v -11.889596 5.145159 -3.868112
v -11.889596 5.958175 -4.779825
v -12.101133 5.958175 -4.779842
v -11.942390 5.145159 4.079048
v -11.889602 5.145159 4.079048
v -11.889602 5.958175 4.990766
v -12.101133 5.958175 4.990745
v -11.889618 3.968022 8.200301
v -11.889602 3.846719 6.480581
v -11.942390 3.846719 6.480581
v -11.942380 3.846719 -6.269648
v -11.889596 3.846719 -6.269648
v -11.889592 3.968022 -7.945028
v -11.889618 0.899472 8.200297
v -11.889602 0.899472 6.692222
v -11.942390 0.899472 6.692222
v -11.942380 0.899472 -6.481300
v -11.889596 0.899472 -6.481300
v -11.889592 0.899472 -7.945025
v -11.942390 1.481344 6.929040
v -11.942390 0.869787 6.751150
v -11.942380 1.481345 -6.718112
v -11.942380 0.869789 -6.540227
v -11.942390 4.607086 5.681670
v -11.942390 3.887586 6.523408
v -11.942390 5.189121 4.067888
v -11.942390 5.404141 2.467904
v -11.942380 5.404141 -2.256968
v -11.942380 4.607086 -5.470741
v -11.942380 3.887586 -6.312482
v -11.942380 5.189121 -3.856953
v -11.942390 3.142520 6.878219
v -11.942380 3.142520 -6.667288
v -11.942390 0.117862 6.360728
v -11.942380 0.117863 -6.149808
v -12.102031 1.481346 6.929040
v -12.102031 0.869786 6.751150
v -12.102022 1.481345 -6.718112
v -12.102022 0.869791 -6.540227
v -12.102031 4.607088 5.681670
v -12.102031 3.887585 6.523408
v -12.102031 5.189122 4.067888
v -12.102022 5.404139 2.467904
v -12.102022 5.404139 -2.256968
v -12.102022 4.607086 -5.470741
v -12.102022 3.887586 -6.312482
v -12.102022 5.189122 -3.856953
v -12.102031 3.142518 6.878219
v -12.102022 3.142520 -6.667288
v -12.102031 0.117858 6.360728
v -12.102022 0.117868 -6.149808
vt 0.752411 0.318726
vt 0.752350 0.297852
vt 0.775986 0.270813
vt 0.771439 0.318726
vt 0.748779 0.318726
vt 0.748718 0.297852
vt 0.753143 0.027893
vt 0.752258 0.006714
vt 0.771072 0.005981
vt 0.777100 0.053894
vt 0.749603 0.028015
vt 0.748749 0.006836
vt 0.752930 0.257202
vt 0.753632 0.216553
vt 0.763596 0.208679
vt 0.766708 0.239746
vt 0.749329 0.257141
vt 0.750031 0.216492
vt 0.754486 0.067749
vt 0.768204 0.085083
vt 0.750946 0.067810
vt 0.754944 0.108063
vt 0.764725 0.116150
vt 0.751343 0.108032
vt 0.826050 0.028625
vt 0.824570 0.003296
vt 0.833893 0.002686
vt 0.835632 0.031128
vt 0.825775 0.319458
vt 0.826279 0.294556
vt 0.835876 0.291687
vt 0.835236 0.319702
vt 0.784492 0.005371
vt 0.787987 0.037964
vt 0.787498 0.286560
vt 0.785080 0.318848
vt 0.799224 0.031128
vt 0.797845 0.004761
vt 0.798661 0.318970
vt 0.799085 0.293091
vt 0.835297 0.031921
vt 0.826050 0.029541
vt 0.826248 0.293701
vt 0.835510 0.290894
vt 0.788605 0.038574
vt 0.777908 0.054260
vt 0.769073 0.085205
vt 0.765625 0.116180
vt 0.764496 0.208649
vt 0.776794 0.270447
vt 0.788101 0.285950
vt 0.767593 0.239563
vt 0.799427 0.031982
vt 0.799259 0.292236
vt 0.845978 0.001953
vt 0.848175 0.037537
vt 0.847778 0.038330
vt 0.848297 0.284729
vt 0.847870 0.283997
vt 0.847473 0.319946
vt 0.001820 0.026978
vt 0.001930 0.016724
vt 0.004432 0.016724
vt 0.004542 0.026978
vt 0.001951 0.380615
vt 0.001844 0.370605
vt 0.004535 0.370605
vt 0.004428 0.380615
vt 0.001821 0.088867
vt 0.001821 0.068665
vt 0.004543 0.068665
vt 0.004544 0.088867
vt 0.001822 0.121643
vt 0.004544 0.121643
vt 0.001824 0.244507
vt 0.001822 0.152863
vt 0.004546 0.152863
vt 0.004548 0.244507
vt 0.001826 0.328674
vt 0.001826 0.308472
vt 0.004549 0.308472
vt 0.004551 0.328674
vt 0.001826 0.275757
vt 0.004548 0.275757
vt 0.001820 0.054443
vt 0.004543 0.054565
vt 0.001820 0.342896
vt 0.004558 0.342896
vt 0.001969 0.003784
vt 0.004392 0.003784
vt 0.001979 0.393555
vt 0.004401 0.393555
vn 0.994708 0.102743 0.000002
vn 0.988971 0.148108 0.000001
vn 0.999564 -0.025970 0.014043
vn 1.000000 -0.000001 0.000002
vn 0.000000 1.000000 0.000000
vn 0.000000 1.000000 0.000000
vn 0.989094 0.147286 0.000007
vn 0.994549 0.104273 0.000009
vn 1.000000 -0.000001 0.000008
vn 0.999571 -0.025771 -0.013930
vn 0.000000 1.000000 0.000000
vn 0.000000 1.000000 0.000000
vn 0.979892 0.199529 0.000000
vn 0.915647 0.401984 0.000001
vn 0.997982 -0.063466 0.002201
vn 0.998788 -0.047703 0.012123
vn 0.000000 1.000000 0.000000
vn 0.000000 1.000000 0.000000
vn 0.979893 0.199523 0.000000
vn 0.998787 -0.047712 -0.012124
vn 0.000000 1.000000 0.000000
vn 0.915656 0.401963 0.000001
vn 0.997981 -0.063468 -0.002199
vn 0.000000 1.000000 0.000000
vn 0.999363 0.001854 -0.035639
vn 1.000000 -0.000001 0.000011
vn 1.000000 -0.000003 0.000010
vn 0.999487 0.012137 -0.029626
vn 1.000000 -0.000002 0.000002
vn 0.999320 0.001914 0.036828
vn 0.999458 0.012488 0.030473
vn 1.000000 0.000005 0.000002
vn 1.000000 0.000004 0.000008
vn 0.999630 -0.017020 -0.021236
vn 0.999612 -0.017411 0.021726
vn 1.000000 -0.000000 0.000002
vn 0.999449 -0.005208 -0.032786
vn 1.000000 0.000000 0.000011
vn 1.000000 -0.000000 0.000002
vn 0.999413 -0.005372 0.033835
vn 0.000000 0.379087 -0.925361
vn 0.000000 0.051949 -0.998650
vn 0.000000 0.051942 0.998650
vn 0.000000 0.379093 0.925359
vn 0.000000 -0.625359 -0.780337
vn 0.000000 -0.879655 -0.475613
vn 0.000000 -0.969195 -0.246296
vn 0.000000 -0.999400 -0.034636
vn 0.000000 -0.999400 0.034635
vn 0.000000 -0.879656 0.475611
vn 0.000000 -0.625360 0.780336
vn 0.000000 -0.969195 0.246294
vn 0.000000 -0.156833 -0.987625
vn 0.000000 -0.156833 0.987625
vn 1.000000 -0.000005 0.000009
vn 0.998604 0.023904 -0.047095
vn 0.000000 0.452607 -0.891710
vn 0.998528 0.024555 0.048362
vn 0.000000 0.452629 0.891699
vn 1.000000 0.000007 0.000002
vn -0.000003 0.055823 -0.998441
vn 0.000001 0.384724 -0.923032
vn 0.000001 0.384724 -0.923032
vn -0.000003 0.055822 -0.998441
vn 0.000004 0.384724 0.923032
vn -0.000002 0.055819 0.998441
vn -0.000002 0.055819 0.998441
vn 0.000004 0.384723 0.923032
vn -0.000006 -0.883557 -0.468323
vn 0.000003 -0.632691 -0.774404
vn 0.000003 -0.632690 -0.774405
vn -0.000006 -0.883558 -0.468323
vn -0.000005 -0.970595 -0.240718
vn -0.000005 -0.970595 -0.240718
vn 0.000008 -0.999423 0.033977
vn 0.000008 -0.999423 -0.033976
vn 0.000008 -0.999423 -0.033976
vn 0.000008 -0.999423 0.033977
vn -0.000001 -0.632689 0.774406
vn -0.000001 -0.883557 0.468323
vn -0.000001 -0.883557 0.468323
vn -0.000001 -0.632689 0.774406
vn 0.000000 -0.970595 0.240720
vn 0.000000 -0.970595 0.240720
vn -0.000003 -0.166231 -0.986087
vn -0.000003 -0.166228 -0.986087
vn -0.000004 -0.166227 0.986088
vn -0.000004 -0.166228 0.986087
vn -0.000000 0.460811 -0.887498
vn -0.000000 0.460811 -0.887498
vn 0.000004 0.460812 0.887498
vn 0.000004 0.460812 0.887498
s 1
g group16 group7 Consultorio1 Cube_16_2
usemtl Plane_4_SG
f 3202/4910/7221 3209/4911/7222 3224/4912/7223 3225/4913/7224
f 3205/4914/7225 3211/4915/7226 3209/4911/7222 3202/4910/7221
f 3206/4916/7227 3203/4917/7228 3220/4918/7229 3221/4919/7230
f 3206/4916/7227 3208/4920/7231 3204/4921/7232 3203/4917/7228
f 3242/4922/7233 3214/4923/7234 3223/4924/7235 3241/4925/7236
f 3242/4922/7233 3243/4926/7237 3215/4927/7238 3214/4923/7234
f 3246/4928/7239 3206/4916/7227 3221/4919/7230 3245/4929/7240
f 3246/4928/7239 3247/4930/7241 3208/4920/7231 3206/4916/7227
f 3214/4923/7234 3212/4931/7242 3222/4932/7243 3223/4924/7235
f 3214/4923/7234 3215/4927/7238 3213/4933/7244 3212/4931/7242
f 3217/4934/7245 3216/4935/7246 3254/4936/7247 3255/4937/7248
f 3219/4938/7249 3218/4939/7250 3258/4940/7251 3259/4941/7252
f 3221/4919/7230 3220/4918/7229 3248/4942/7253 3249/4943/7254
f 3225/4913/7224 3224/4912/7223 3252/4944/7255 3253/4945/7256
f 3227/4946/7257 3226/4947/7258 3216/4935/7246 3217/4934/7245
f 3229/4948/7259 3228/4949/7260 3218/4939/7250 3219/4938/7249
f 3217/4934/7245 3255/4937/7248 3256/4950/7261 3230/4951/7262
f 3258/4940/7251 3218/4939/7250 3232/4952/7263 3257/4953/7264
f 3221/4919/7230 3249/4943/7254 3250/4954/7265 3234/4955/7266
f 3245/4929/7240 3221/4919/7230 3234/4955/7266 3244/4956/7267
f 3223/4924/7235 3222/4932/7243 3236/4957/7268 3237/4958/7269
f 3252/4944/7255 3224/4912/7223 3238/4959/7270 3251/4960/7271
f 3241/4925/7236 3223/4924/7235 3237/4958/7269 3240/4961/7272
f 3227/4946/7257 3217/4934/7245 3230/4951/7262 3235/4962/7273
f 3218/4939/7250 3228/4949/7260 3239/4963/7274 3232/4952/7263
f 3224/4912/7223 3241/4925/7236 3240/4961/7272 3238/4959/7270
f 3209/4911/7222 3242/4922/7233 3241/4925/7236 3224/4912/7223
f 3209/4911/7222 3211/4915/7226 3243/4926/7237 3242/4922/7233
f 3222/4932/7243 3245/4929/7240 3244/4956/7267 3236/4957/7268
f 3212/4931/7242 3246/4928/7239 3245/4929/7240 3222/4932/7243
f 3212/4931/7242 3213/4933/7244 3247/4930/7241 3246/4928/7239
f 3249/4943/7254 3248/4942/7253 3226/4947/7258 3227/4946/7257
f 3250/4954/7265 3249/4943/7254 3227/4946/7257 3235/4962/7273
f 3228/4949/7260 3252/4944/7255 3251/4960/7271 3239/4963/7274
f 3253/4945/7256 3252/4944/7255 3228/4949/7260 3229/4948/7259
f 3255/4937/7248 3254/4936/7247 3201/4964/7275 3207/4965/7276
f 3256/4950/7261 3255/4937/7248 3207/4965/7276 3231/4966/7277
f 3210/4967/7278 3258/4940/7251 3257/4953/7264 3233/4968/7279
f 3259/4941/7252 3258/4940/7251 3210/4967/7278 3200/4969/7280
s 6
f 3260/4970/7281 3261/4971/7282 3277/4972/7283 3276/4973/7284
f 3263/4974/7285 3262/4975/7286 3278/4976/7287 3279/4977/7288
f 3264/4978/7289 3265/4979/7290 3281/4980/7291 3280/4981/7292
f 3266/4982/7293 3264/4978/7289 3280/4981/7292 3282/4983/7294
f 3268/4984/7295 3267/4985/7296 3283/4986/7297 3284/4987/7298
f 3270/4988/7299 3269/4989/7300 3285/4990/7301 3286/4991/7302
f 3271/4992/7303 3268/4984/7295 3284/4987/7298 3287/4993/7304
f 3272/4994/7305 3260/4970/7281 3276/4973/7284 3288/4995/7306
f 3262/4975/7286 3273/4996/7307 3289/4997/7308 3278/4976/7287
f 3269/4989/7300 3271/4992/7303 3287/4993/7304 3285/4990/7301
f 3267/4985/7296 3266/4982/7293 3282/4983/7294 3283/4986/7297
f 3265/4979/7290 3272/4994/7305 3288/4995/7306 3281/4980/7291
f 3273/4996/7307 3270/4988/7299 3286/4991/7302 3289/4997/7308
f 3261/4971/7282 3274/4998/7309 3290/4999/7310 3277/4972/7283
f 3275/5000/7311 3263/4974/7285 3279/4977/7288 3291/5001/7312
g default
v -11.889483 0.148286 -8.258846
v 9.143156 0.148286 -8.258843
v -11.889483 5.957185 -8.258846
v 9.143156 5.957185 -8.258843
v 9.143145 0.148286 -7.893084
v 9.143145 5.957185 -7.893084
v -11.889483 0.148286 -7.893087
v -11.889483 5.957185 -7.893087
vt 0.219849 0.003418
vt 0.417480 0.365662
vt 0.315186 0.372688
vt 0.322144 0.010417
vt 0.424561 0.365662
vt 0.315186 0.365662
vt 0.424561 0.010437
vt 0.315186 0.010418
vt 0.315186 0.003391
vt 0.219849 0.010437
vt 0.417480 0.010437
vt 0.219849 0.365662
vt 0.322144 0.365663
vt 0.219849 0.372681
vn 0.000000 0.000000 -1.000000
vn 0.000000 0.000000 -1.000000
vn 0.000000 0.000000 -1.000000
vn 0.000000 0.000000 -1.000000
vn 1.000000 0.000000 0.000030
vn 1.000000 0.000000 0.000030
vn 1.000000 0.000000 0.000030
vn 1.000000 0.000000 0.000030
vn -0.000000 0.000000 1.000000
vn -0.000000 0.000000 1.000000
vn -0.000000 0.000000 1.000000
vn -0.000000 0.000000 1.000000
vn -1.000000 0.000000 0.000000
vn -1.000000 0.000000 0.000000
vn -1.000000 0.000000 0.000000
vn -1.000000 0.000000 0.000000
vn 0.000000 1.000000 0.000000
vn 0.000000 1.000000 0.000000
vn 0.000000 1.000000 0.000000
vn 0.000000 1.000000 0.000000
vn 0.000000 -1.000000 0.000000
vn 0.000000 -1.000000 0.000000
vn 0.000000 -1.000000 0.000000
vn 0.000000 -1.000000 0.000000
s off
g group16 group7 Consultorio1 Cube_22_
usemtl Plane_4_SG
f 3294/5012/7313 3295/5003/7314 3293/5014/7315 3292/5005/7316
f 3295/5015/7317 3297/5013/7318 3296/5007/7319 3293/5004/7320
f 3297/5013/7321 3299/5011/7322 3298/5009/7323 3296/5007/7324
f 3299/5011/7325 3294/5002/7326 3292/5010/7327 3298/5009/7328
f 3299/5008/7329 3297/5006/7330 3295/5003/7331 3294/5012/7332
f 3292/5005/7333 3293/5014/7334 3296/5007/7335 3298/5009/7336
g default
v -11.991307 0.151304 8.136663
v -12.010621 0.199034 8.136663
v -11.991307 0.199034 8.136663
v -12.010621 0.199034 -7.776857
v -11.991307 0.199034 -7.776857
v -11.991307 0.151304 -7.776857
vt 0.860840 0.310434
vt 0.860474 0.310434
vt 0.860474 0.004865
vt 0.860840 0.004865
vt 0.859497 0.310434
vt 0.859497 0.004865
vn 0.000000 1.000000 0.000000
vn 0.926988 0.375090 0.000000
vn 0.926988 0.375090 0.000000
vn 0.000000 1.000000 0.000000
vn 1.000000 0.000000 0.000000
vn 1.000000 0.000000 0.000000
s 1
g group16 Consultorio1 pCube36 group10
usemtl Plane_4_SG
f 3301/5016/7337 3302/5017/7338 3304/5018/7339 3303/5019/7340
f 3300/5020/7341 3305/5021/7342 3304/5018/7339 3302/5017/7338
g default
v -3.344794 0.776584 -7.653445
v -7.734109 0.776584 -7.653448
v -3.344794 1.382954 -7.653445
v -7.734109 1.382954 -7.653448
v -7.734109 0.776584 -7.895451
v -7.734109 1.382954 -7.895451
v -3.344794 0.776584 -7.895443
v -3.344794 1.382954 -7.895443
v -7.734109 1.298849 -7.653448
v -7.734109 1.298849 -7.895451
v -7.734109 0.860688 -7.653448
v -7.734109 0.860688 -7.895451
v -3.421427 1.298849 -7.653445
v -3.421427 0.860688 -7.653445
v -3.421427 0.860688 -7.895443
v -3.421425 1.298849 -7.895443
vt 0.279022 0.005650
vt 0.014761 0.237793
vt 0.283508 0.240307
vt 0.001826 0.007202
vt 0.001826 0.002808
vt 0.014761 0.998047
vt 0.001824 0.763367
vt 0.001824 0.730957
vt 0.014761 0.730957
vt 0.014761 0.261230
vt 0.311432 0.240307
vt 0.001824 0.496282
vt 0.001824 0.491785
vt 0.014761 0.491785
vt 0.001824 0.237793
vt 0.001824 0.261230
vt 0.014765 0.002808
vt 0.279022 0.240307
vt 0.014761 0.763367
vt 0.283508 0.009748
vt 0.014765 0.007202
vt 0.306946 0.240305
vt 0.306946 0.009748
vt 0.311432 0.005650
vt 0.014761 0.496283
vt 0.001824 0.998047
vn -1.000000 0.000000 0.000000
vn -1.000000 0.000000 0.000000
vn -1.000000 0.000000 0.000000
vn -1.000000 0.000000 0.000000
vn -1.000000 0.000000 0.000000
vn -1.000000 0.000000 0.000000
vn -1.000000 0.000000 0.000000
vn -1.000000 0.000000 0.000000
vn -0.000006 0.000000 1.000000
vn -0.000006 0.000000 1.000000
vn -0.000006 0.000000 1.000000
vn -0.000006 0.000000 1.000000
vn 1.000000 0.000000 0.000000
vn 1.000000 0.000000 0.000000
vn 1.000000 0.000000 0.000000
vn 1.000000 0.000000 0.000000
vn -0.000001 0.000000 1.000000
vn -0.000001 0.000000 1.000000
vn -0.000001 0.000000 1.000000
vn -0.000001 0.000000 1.000000
vn -0.000001 -0.000000 1.000000
vn -0.000001 -0.000000 1.000000
vn -0.000001 -0.000000 1.000000
vn -0.000001 -0.000000 1.000000
vn 0.000000 -1.000000 0.000000
vn 0.000000 -1.000000 0.000000
vn 0.000000 -1.000000 0.000000
vn 0.000000 -1.000000 0.000000
vn 0.000000 1.000000 0.000000
vn 0.000000 1.000000 0.000000
vn 0.000000 1.000000 0.000000
vn 0.000000 1.000000 0.000000
vn 0.000000 1.000000 0.000000
vn 0.000000 1.000000 0.000000
vn 0.000000 1.000000 0.000000
vn 0.000000 1.000000 0.000000
vn -1.000000 0.000000 -0.000006
vn -1.000000 0.000000 -0.000006
vn -1.000000 0.000000 -0.000006
vn -1.000000 0.000000 -0.000006
vn 0.000000 -1.000000 0.000000
vn 0.000000 -1.000000 0.000000
vn 0.000000 -1.000000 0.000000
vn 0.000000 -1.000000 0.000000
s off
g group16 Consultorio1 madera ASSETS
usemtl lambert3SG
f 3316/5042/7343 3317/5025/7344 3310/5026/7345 3307/5038/7346
f 3311/5033/7347 3315/5034/7348 3314/5035/7349 3309/5046/7350
f 3318/5044/7351 3319/5041/7352 3306/5022/7353 3308/5045/7354
f 3313/5029/7355 3308/5030/7356 3306/5040/7357 3312/5028/7358
f 3314/5043/7359 3318/5044/7360 3308/5045/7361 3309/5032/7362
f 3319/5041/7363 3316/5024/7364 3307/5039/7365 3306/5022/7366
f 3312/5028/7367 3306/5040/7368 3307/5027/7369 3310/5047/7370
f 3308/5030/7371 3313/5029/7372 3311/5033/7373 3309/5046/7374
f 3320/5036/7375 3317/5025/7376 3316/5042/7377 3319/5023/7378
f 3319/5023/7379 3318/5031/7380 3321/5037/7381 3320/5036/7382
f 3314/5035/7383 3315/5034/7384 3321/5037/7385 3318/5031/7386
g default
v -10.680549 22.494515 -7.893084
v -10.680549 22.494515 8.195963
v 10.429446 22.494515 -7.893084
v 10.429446 22.494515 8.195963
vt 0.736084 0.368896
vt 0.736084 0.725464
vt 0.427124 0.725464
vt 0.427124 0.368896
vn 0.000000 -1.000000 0.000000
vn 0.000000 -1.000000 0.000000
vn 0.000000 -1.000000 0.000000
vn 0.000000 -1.000000 0.000000
s off
g group16 Consultorio1 Plane_4_1 techo
usemtl Plane_4_SG
f 3325/5048/7387 3323/5049/7388 3322/5050/7389 3324/5051/7390
g default
v -2.137054 2.847125 7.928695
v -1.691946 2.847125 7.928695
v -2.137054 3.477072 7.928695
v -1.691946 3.477072 7.928695
v -2.137054 3.477072 7.922606
v -1.691946 3.477072 7.922606
v -2.137054 2.847125 7.922606
v -1.691946 2.847125 7.922606
vt 0.375000 0.000000
vt 0.625000 0.000000
vt 0.375000 0.250000
vt 0.625000 0.250000
vt 0.375000 0.500000
vt 0.625000 0.500000
vt 0.375000 0.750000
vt 0.625000 0.750000
vt 0.875000 0.000000
vt 0.875000 0.250000
vt 0.125000 0.000000
vt 0.125000 0.250000
vn 0.000000 1.000000 0.000000
vn 0.000000 1.000000 0.000000
vn 0.000000 1.000000 0.000000
vn 0.000000 1.000000 0.000000
vn 0.000000 0.000000 -1.000000
vn 0.000000 0.000000 -1.000000
vn 0.000000 0.000000 -1.000000
vn 0.000000 0.000000 -1.000000
vn 1.000000 0.000000 0.000000
vn 1.000000 0.000000 0.000000
vn 1.000000 0.000000 0.000000
vn 1.000000 0.000000 0.000000
vn -1.000000 0.000000 0.000000
vn -1.000000 0.000000 0.000000
vn -1.000000 0.000000 0.000000
vn -1.000000 0.000000 0.000000
s off
g Adicionales group16 pCube80 Cuadro Cuadros
usemtl initialShadingGroup
f 3328/5054/7391 3329/5055/7392 3331/5057/7393 3330/5056/7394
f 3330/5056/7395 3331/5057/7396 3333/5059/7397 3332/5058/7398
f 3327/5053/7399 3333/5060/7400 3331/5061/7401 3329/5055/7402
f 3332/5062/7403 3326/5052/7404 3328/5054/7405 3330/5063/7406
g default
v -2.093639 3.435999 7.915016
v -1.735361 3.435999 7.915016
v -2.093639 2.888197 7.915016
v -1.735361 2.888197 7.915016
vt 0.375000 0.500000
vt 0.625000 0.500000
vt 0.375000 0.750000
vt 0.625000 0.750000
vn 0.000000 0.000000 -1.000000
vn 0.000000 0.000000 -1.000000
vn 0.000000 0.000000 -1.000000
vn 0.000000 0.000000 -1.000000
s off
g Adicionales group16 Cuadro Cuadros pCube81
usemtl initialShadingGroup
f 3334/5064/7407 3335/5065/7408 3337/5067/7409 3336/5066/7410
g default
v -3.295860 2.847125 7.928695
v -2.850751 2.847125 7.928695
v -3.295860 3.477072 7.928695
v -2.850751 3.477072 7.928695
v -3.295860 3.477072 7.922606
v -2.850751 3.477072 7.922606
v -3.295860 2.847125 7.922606
v -2.850751 2.847125 7.922606
vt 0.375000 0.000000
vt 0.625000 0.000000
vt 0.375000 0.250000
vt 0.625000 0.250000
vt 0.375000 0.500000
vt 0.625000 0.500000
vt 0.375000 0.750000
vt 0.625000 0.750000
vt 0.875000 0.000000
vt 0.875000 0.250000
vt 0.125000 0.000000
vt 0.125000 0.250000
vn 0.000000 1.000000 0.000000
vn 0.000000 1.000000 0.000000
vn 0.000000 1.000000 0.000000
vn 0.000000 1.000000 0.000000
vn 0.000000 0.000000 -1.000000
vn 0.000000 0.000000 -1.000000
vn 0.000000 0.000000 -1.000000
vn 0.000000 0.000000 -1.000000
vn 1.000000 0.000000 0.000000
vn 1.000000 0.000000 0.000000
vn 1.000000 0.000000 0.000000
vn 1.000000 0.000000 0.000000
vn -1.000000 0.000000 0.000000
vn -1.000000 0.000000 0.000000
vn -1.000000 0.000000 0.000000
vn -1.000000 0.000000 0.000000
s off
g Adicionales group16 Cuadros pCube80 Cuadro2
usemtl initialShadingGroup
f 3340/5070/7411 3341/5071/7412 3343/5073/7413 3342/5072/7414
f 3342/5072/7415 3343/5073/7416 3345/5075/7417 3344/5074/7418
f 3339/5069/7419 3345/5076/7420 3343/5077/7421 3341/5071/7422
f 3344/5078/7423 3338/5068/7424 3340/5070/7425 3342/5079/7426
g default
v -3.252445 3.435999 7.915016
v -2.894166 3.435999 7.915016
v -3.252445 2.888197 7.915016
v -2.894166 2.888197 7.915016
vt 0.375000 0.500000
vt 0.625000 0.500000
vt 0.375000 0.750000
vt 0.625000 0.750000
vn 0.000000 0.000000 -1.000000
vn 0.000000 0.000000 -1.000000
vn 0.000000 0.000000 -1.000000
vn 0.000000 0.000000 -1.000000
s off
g Adicionales group16 Cuadros Cuadro2 pCube81
usemtl initialShadingGroup
f 3346/5080/7427 3347/5081/7428 3349/5083/7429 3348/5082/7430
g default
v -4.520021 2.847125 7.928695
v -4.074913 2.847125 7.928695
v -4.520021 3.477072 7.928695
v -4.074913 3.477072 7.928695
v -4.520021 3.477072 7.922606
v -4.074913 3.477072 7.922606
v -4.520021 2.847125 7.922606
v -4.074913 2.847125 7.922606
vt 0.375000 0.000000
vt 0.625000 0.000000
vt 0.375000 0.250000
vt 0.625000 0.250000
vt 0.375000 0.500000
vt 0.625000 0.500000
vt 0.375000 0.750000
vt 0.625000 0.750000
vt 0.875000 0.000000
vt 0.875000 0.250000
vt 0.125000 0.000000
vt 0.125000 0.250000
vn 0.000000 1.000000 0.000000
vn 0.000000 1.000000 0.000000
vn 0.000000 1.000000 0.000000
vn 0.000000 1.000000 0.000000
vn 0.000000 0.000000 -1.000000
vn 0.000000 0.000000 -1.000000
vn 0.000000 0.000000 -1.000000
vn 0.000000 0.000000 -1.000000
vn 1.000000 0.000000 0.000000
vn 1.000000 0.000000 0.000000
vn 1.000000 0.000000 0.000000
vn 1.000000 0.000000 0.000000
vn -1.000000 0.000000 0.000000
vn -1.000000 0.000000 0.000000
vn -1.000000 0.000000 0.000000
vn -1.000000 0.000000 0.000000
s off
g Adicionales group16 Cuadros pCube80 Cuadro3
usemtl initialShadingGroup
f 3352/5086/7431 3353/5087/7432 3355/5089/7433 3354/5088/7434
f 3354/5088/7435 3355/5089/7436 3357/5091/7437 3356/5090/7438
f 3351/5085/7439 3357/5092/7440 3355/5093/7441 3353/5087/7442
f 3356/5094/7443 3350/5084/7444 3352/5086/7445 3354/5095/7446
g default
v -4.476606 3.435999 7.915016
v -4.118328 3.435999 7.915016
v -4.476606 2.888197 7.915016
v -4.118328 2.888197 7.915016
vt 0.375000 0.500000
vt 0.625000 0.500000
vt 0.375000 0.750000
vt 0.625000 0.750000
vn 0.000000 0.000000 -1.000000
vn 0.000000 0.000000 -1.000000
vn 0.000000 0.000000 -1.000000
vn 0.000000 0.000000 -1.000000
s off
g Adicionales group16 Cuadros Cuadro3 pCube81
usemtl initialShadingGroup
f 3358/5096/7447 3359/5097/7448 3361/5099/7449 3360/5098/7450
g default
v 7.458412 0.162438 8.182246
v 3.027929 0.162438 8.182241
v 7.458412 3.692525 8.182246
v 3.027929 3.692525 8.182241
v 3.027929 0.162438 7.858905
v 3.027929 3.692525 7.858905
v 7.458412 0.162438 7.858914
v 7.458412 3.692525 7.858914
v 3.027929 0.986738 7.858905
v 3.027929 0.986738 8.182241
v 7.458412 0.986738 8.182246
v 7.458412 0.986738 7.858914
v 3.027929 1.867515 7.858905
v 3.027929 1.867515 8.182241
v 7.458412 1.867515 8.182246
v 7.458412 1.867515 7.858914
v 3.027929 2.708617 7.858905
v 3.027929 2.708617 8.182241
v 7.458412 2.708617 8.182246
v 7.458412 2.708617 7.858914
v 7.393855 2.828550 7.858910
v 7.393855 2.708617 7.858910
v 7.393855 1.987448 7.858910
v 7.393855 1.867515 7.858910
v 7.393849 1.104175 7.858910
v 7.393849 0.986738 7.858910
v 3.092488 2.828550 7.858910
v 3.092488 2.708617 7.858910
v 3.092488 1.987448 7.858910
v 3.092488 1.867515 7.858910
v 3.092488 1.104175 7.858910
v 3.092488 0.986738 7.858910
v 7.393855 3.557727 7.858910
v 3.092488 3.557727 7.858905
v 7.393849 0.302607 7.858910
v 3.092488 0.302607 7.858910
v 3.092488 2.708617 8.166946
v 3.092488 1.987448 8.166946
v 7.393855 2.708617 8.166949
v 7.393855 1.987448 8.166949
v 3.092488 1.867515 8.166946
v 3.092488 1.104175 8.166946
v 7.393855 1.867515 8.166949
v 7.393849 1.104175 8.166949
v 3.092488 0.986738 8.166946
v 3.092488 0.302607 8.166946
v 7.393849 0.986738 8.166949
v 7.393849 0.302607 8.166949
v 7.393855 3.557727 8.166949
v 3.092488 3.557727 8.166944
v 7.393855 2.828550 8.166949
v 3.092488 2.828550 8.166946
vt 0.860218 0.003830
vt 0.874478 0.003815
vt 0.412636 0.207031
vt 0.897738 0.131134
vt 0.860226 0.101463
vt 0.874487 0.101456
vt 0.468582 0.005770
vt 0.860228 0.131210
vt 0.897729 0.033493
vt 0.883469 0.033501
vt 0.883465 0.003754
vt 0.897726 0.003754
vt 0.505417 0.004836
vt 0.316589 0.002005
vt 0.375580 0.003754
vt 0.860224 0.069677
vt 0.874484 0.069676
vt 0.897732 0.065278
vt 0.883471 0.065279
vt 0.576950 0.004806
vt 0.345184 0.001991
vt 0.860220 0.039330
vt 0.874481 0.039330
vt 0.897735 0.095627
vt 0.883474 0.095627
vt 0.541199 0.004791
vt 0.452534 0.220612
vt 0.426223 0.003723
vt 0.371216 0.218880
vt 0.545502 0.194505
vt 0.581268 0.194520
vt 0.403137 0.220638
vt 0.509674 0.194549
vt 0.341248 0.218893
vt 0.473602 0.197289
vt 0.594864 0.004807
vt 0.371216 0.015579
vt 0.527588 0.194504
vt 0.345184 0.205292
vt 0.523239 0.004833
vt 0.403122 0.017338
vt 0.563354 0.194519
vt 0.375580 0.207054
vt 0.487122 0.005770
vt 0.341278 0.015593
vt 0.491852 0.194550
vt 0.316574 0.205305
vt 0.426223 0.207031
vt 0.426223 0.017319
vt 0.452534 0.017319
vt 0.559113 0.004791
vt 0.545517 0.004791
vt 0.452534 0.207031
vt 0.900581 0.099953
vt 0.559097 0.194508
vt 0.900574 0.008804
vt 0.487122 0.197290
vt 0.505432 0.194549
vt 0.316589 0.015589
vt 0.473602 0.005770
vt 0.877335 0.101456
vt 0.900576 0.037735
vt 0.523254 0.194546
vt 0.576950 0.194520
vt 0.375580 0.017338
vt 0.509644 0.004835
vt 0.877331 0.069676
vt 0.900579 0.069605
vt 0.594864 0.194519
vt 0.541183 0.194504
vt 0.345200 0.015579
vt 0.581268 0.004806
vt 0.877329 0.039322
vt 0.468582 0.197290
vt 0.874489 0.131195
vt 0.883476 0.131134
vt 0.491821 0.004837
vt 0.341263 0.205307
vt 0.563354 0.004807
vt 0.403137 0.207054
vt 0.527603 0.004787
vt 0.371201 0.205296
vt 0.375580 0.220638
vt 0.900579 0.065278
vt 0.345184 0.218880
vt 0.900581 0.095627
vt 0.371216 0.001995
vt 0.877331 0.065349
vt 0.403137 0.003754
vt 0.877333 0.097221
vt 0.316559 0.218889
vt 0.900576 0.033493
vt 0.341278 0.002007
vt 0.877337 0.126144
vt 0.426223 0.220612
vt 0.900585 0.126266
vt 0.452534 0.003723
vt 0.877329 0.034996
vt 0.407772 0.014465
vt 0.412636 0.017319
vt 0.877327 0.008682
vt 0.407772 0.209869
vn -1.000000 0.000000 0.000000
vn -1.000000 0.000000 0.000000
vn -1.000000 0.000000 0.000000
vn -1.000000 0.000000 0.000000
vn 1.000000 0.000000 0.000000
vn 1.000000 0.000000 0.000000
vn 1.000000 0.000000 0.000000
vn 1.000000 0.000000 0.000000
vn 0.000075 0.000000 -1.000000
vn 0.000075 0.000000 -1.000000
vn 0.000075 0.000000 -1.000000
vn 0.000075 0.000000 -1.000000
vn 0.000060 0.000000 -1.000000
vn 0.000060 0.000000 -1.000000
vn 0.000060 0.000000 -1.000000
vn -1.000000 0.000000 0.000000
vn -1.000000 0.000000 0.000000
vn -1.000000 0.000000 0.000000
vn -1.000000 0.000000 0.000000
vn 1.000000 0.000000 0.000000
vn 1.000000 0.000000 0.000000
vn 1.000000 0.000000 0.000000
vn 1.000000 0.000000 0.000000
vn 0.000104 0.000000 -1.000000
vn 0.000104 0.000000 -1.000000
vn 0.000104 0.000000 -1.000000
vn 0.000104 0.000000 -1.000000
vn 0.000059 0.000000 -1.000000
vn 0.000059 0.000000 -1.000000
vn 0.000059 0.000000 -1.000000
vn -1.000000 0.000000 0.000000
vn -1.000000 0.000000 0.000000
vn -1.000000 0.000000 0.000000
vn -1.000000 0.000000 0.000000
vn 1.000000 0.000000 0.000000
vn 1.000000 0.000000 0.000000
vn 1.000000 0.000000 0.000000
vn 1.000000 0.000000 0.000000
vn 0.000073 0.000000 -1.000000
vn 0.000073 0.000000 -1.000000
vn 0.000073 0.000000 -1.000000
vn 0.000073 0.000000 -1.000000
vn 0.000059 0.000000 -1.000000
vn 0.000059 0.000000 -1.000000
vn 0.000059 0.000000 -1.000000
vn 0.000059 0.000000 -1.000000
vn 0.000059 0.000000 -1.000000
vn 0.000059 0.000000 -1.000000
vn 0.000064 0.000000 -1.000000
vn 0.000064 0.000000 -1.000000
vn 0.000064 0.000000 -1.000000
vn 0.000064 0.000000 -1.000000
vn 0.000059 0.000000 -1.000000
vn 0.000059 0.000000 -1.000000
vn 0.000059 0.000000 -1.000000
vn 0.000035 -0.000000 -1.000000
vn 0.000035 -0.000000 -1.000000
vn 0.000035 -0.000000 -1.000000
vn 0.000035 -0.000000 -1.000000
vn 0.000060 0.000000 -1.000000
vn 0.000060 0.000000 -1.000000
vn 0.000060 0.000000 -1.000000
vn 0.000075 0.000000 -1.000000
vn 0.000075 0.000000 -1.000000
vn 0.000075 0.000000 -1.000000
vn 0.000075 0.000000 -1.000000
vn 0.000002 0.000013 -1.000000
vn 0.000002 0.000013 -1.000000
vn 0.000002 0.000013 -1.000000
vn 0.000002 0.000013 -1.000000
vn 0.000000 0.000000 -1.000000
vn 0.000000 0.000000 -1.000000
vn 0.000000 0.000000 -1.000000
vn 0.000000 0.000000 -1.000000
vn 0.000001 0.000000 -1.000000
vn 0.000001 0.000000 -1.000000
vn 0.000001 0.000000 -1.000000
vn 0.000001 0.000000 -1.000000
vn 0.000000 0.000000 -1.000000
vn 0.000000 0.000000 -1.000000
vn 0.000000 0.000000 -1.000000
vn 0.000000 0.000000 -1.000000
vn 0.000001 0.000000 -1.000000
vn 0.000001 0.000000 -1.000000
vn 0.000001 0.000000 -1.000000
vn 0.000001 0.000000 -1.000000
vn 0.000000 0.000000 -1.000000
vn 0.000000 0.000000 -1.000000
vn 0.000000 0.000000 -1.000000
vn 0.000000 0.000000 -1.000000
vn 0.000001 0.000000 -1.000000
vn 0.000001 0.000000 -1.000000
vn 0.000001 0.000000 -1.000000
vn 0.000001 0.000000 -1.000000
vn 0.000001 -0.000001 -1.000000
vn 0.000001 -0.000001 -1.000000
vn 0.000001 -0.000001 -1.000000
vn 0.000001 -0.000001 -1.000000
vn 0.000033 -0.000003 -1.000000
vn 0.000033 -0.000003 -1.000000
vn 0.000033 -0.000003 -1.000000
vn 0.000033 -0.000003 -1.000000
vn -1.000000 0.000000 0.000000
vn -1.000000 0.000000 0.000000
vn -1.000000 0.000000 0.000000
vn -1.000000 0.000000 0.000000
vn 1.000000 0.000000 0.000000
vn 1.000000 0.000000 0.000000
vn 1.000000 0.000000 0.000000
vn 1.000000 0.000000 0.000000
vn 0.000066 0.000000 -1.000000
vn 0.000066 0.000000 -1.000000
vn 0.000066 0.000000 -1.000000
vn 0.000066 0.000000 -1.000000
vn 0.000001 0.000006 -1.000000
vn 0.000001 0.000006 -1.000000
vn 0.000001 0.000006 -1.000000
vn 0.000001 0.000006 -1.000000
vn 1.000000 0.000000 0.000000
vn 1.000000 0.000000 0.000000
vn 1.000000 0.000000 0.000000
vn 1.000000 0.000000 0.000000
vn 0.000000 -1.000000 0.000000
vn 0.000000 -1.000000 0.000000
vn 0.000000 -1.000000 0.000000
vn 0.000000 -1.000000 0.000000
vn -1.000000 0.000000 0.000000
vn -1.000000 0.000000 0.000000
vn -1.000000 0.000000 0.000000
vn -1.000000 0.000000 0.000000
vn 0.000000 1.000000 0.000000
vn 0.000000 1.000000 0.000000
vn 0.000000 1.000000 0.000000
vn 0.000000 1.000000 0.000000
vn 1.000000 0.000000 0.000000
vn 1.000000 0.000000 0.000000
vn 1.000000 0.000000 0.000000
vn 1.000000 0.000000 0.000000
vn 0.000000 -1.000000 0.000000
vn 0.000000 -1.000000 0.000000
vn 0.000000 -1.000000 0.000000
vn 0.000000 -1.000000 0.000000
vn -1.000000 0.000010 0.000000
vn -1.000000 0.000010 0.000000
vn -1.000000 0.000010 0.000000
vn -1.000000 0.000010 0.000000
vn 0.000000 1.000000 0.000000
vn 0.000000 1.000000 0.000000
vn 0.000000 1.000000 0.000000
vn 0.000000 1.000000 0.000000
vn 1.000000 0.000000 0.000000
vn 1.000000 0.000000 0.000000
vn 1.000000 0.000000 0.000000
vn 1.000000 0.000000 0.000000
vn 0.000000 -1.000000 0.000000
vn 0.000000 -1.000000 0.000000
vn 0.000000 -1.000000 0.000000
vn 0.000000 -1.000000 0.000000
vn -1.000000 0.000000 0.000000
vn -1.000000 0.000000 0.000000
vn -1.000000 0.000000 0.000000
vn -1.000000 0.000000 0.000000
vn 0.000000 1.000000 0.000000
vn 0.000000 1.000000 0.000000
vn 0.000000 1.000000 0.000000
vn 0.000000 1.000000 0.000000
vn 0.000000 -1.000000 0.000000
vn 0.000000 -1.000000 0.000000
vn 0.000000 -1.000000 0.000000
vn 0.000000 -1.000000 0.000000
vn -1.000000 0.000000 0.000000
vn -1.000000 0.000000 0.000000
vn -1.000000 0.000000 0.000000
vn -1.000000 0.000000 0.000000
vn 0.000000 1.000000 0.000000
vn 0.000000 1.000000 0.000000
vn 0.000000 1.000000 0.000000
vn 0.000000 1.000000 0.000000
vn 1.000000 0.000000 0.000000
vn 1.000000 0.000000 0.000000
vn 1.000000 0.000000 0.000000
vn 1.000000 0.000000 0.000000
s off
g group16 Consultorio1 ASSETS Estanteria librero
usemtl lambert3SG
f 3371/5104/7451 3370/5105/7452 3366/5174/7453 3363/5107/7454
f 3373/5108/7455 3372/5109/7456 3362/5110/7457 3368/5111/7458
f 3370/5105/7459 3393/5160/7460 3397/5193/7461 3366/5174/7462
f 3370/5105/7463 3392/5189/7464 3393/5160/7465
f 3375/5115/7466 3374/5116/7467 3370/5105/7468 3371/5104/7469
f 3377/5117/7470 3376/5118/7471 3372/5109/7472 3373/5108/7473
f 3374/5116/7474 3391/5166/7475 3392/5189/7476 3370/5105/7477
f 3374/5116/7478 3390/5187/7479 3391/5166/7480
f 3379/5121/7481 3378/5122/7482 3374/5116/7483 3375/5115/7484
f 3381/5123/7485 3380/5124/7486 3376/5118/7487 3377/5117/7488
f 3378/5122/7489 3389/5172/7490 3390/5187/7491 3374/5116/7492
f 3378/5122/7493 3388/5197/7494 3389/5172/7495
f 3383/5185/7496 3382/5153/7497 3381/5123/7498
f 3384/5167/7499 3383/5185/7500 3381/5123/7501 3377/5117/7502
f 3385/5183/7503 3384/5167/7504 3377/5117/7505
f 3386/5161/7506 3385/5183/7507 3377/5117/7508 3373/5108/7509
f 3387/5191/7510 3386/5161/7511 3373/5108/7512
f 3368/5111/7513 3396/5155/7514 3387/5191/7515 3373/5108/7516
f 3367/5201/7517 3369/5198/7518 3394/5199/7519 3395/5102/7520
f 3389/5125/7521 3388/5151/7522 3382/5129/7523 3383/5169/7524
f 3399/5170/7525 3398/5136/7526 3400/5181/7527 3401/5138/7528
f 3391/5119/7529 3390/5171/7530 3384/5130/7531 3385/5163/7532
f 3403/5164/7533 3402/5140/7534 3404/5179/7535 3405/5142/7536
f 3393/5112/7537 3392/5165/7538 3386/5132/7539 3387/5157/7540
f 3407/5158/7541 3406/5144/7542 3408/5177/7543 3409/5146/7544
f 3411/5147/7545 3410/5148/7546 3412/5149/7547 3413/5152/7548
f 3367/5101/7549 3395/5200/7550 3388/5197/7551 3378/5122/7552
f 3365/5100/7553 3367/5101/7554 3378/5122/7555 3379/5121/7556
f 3369/5103/7557 3364/5175/7558 3380/5124/7559 3381/5123/7560
f 3394/5195/7561 3369/5103/7562 3381/5123/7563 3382/5153/7564
f 3366/5106/7565 3397/5159/7566 3396/5134/7567 3368/5173/7568
f 3390/5120/7569 3389/5186/7570 3398/5136/7571 3399/5170/7572
f 3389/5125/7573 3383/5169/7574 3400/5137/7575 3398/5180/7576
f 3383/5128/7577 3384/5184/7578 3401/5138/7579 3400/5181/7580
f 3384/5130/7581 3390/5171/7582 3399/5135/7583 3401/5168/7584
f 3392/5114/7585 3391/5188/7586 3402/5140/7587 3403/5164/7588
f 3391/5119/7589 3385/5163/7590 3404/5141/7591 3402/5178/7592
f 3385/5131/7593 3386/5182/7594 3405/5142/7595 3404/5179/7596
f 3386/5132/7597 3392/5165/7598 3403/5139/7599 3405/5162/7600
f 3397/5113/7601 3393/5192/7602 3406/5144/7603 3407/5158/7604
f 3393/5112/7605 3387/5157/7606 3408/5145/7607 3406/5176/7608
f 3387/5133/7609 3396/5190/7610 3409/5146/7611 3408/5177/7612
f 3396/5134/7613 3397/5159/7614 3407/5143/7615 3409/5156/7616
f 3395/5102/7617 3394/5199/7618 3410/5148/7619 3411/5147/7620
f 3394/5127/7621 3382/5196/7622 3412/5149/7623 3410/5148/7624
f 3382/5129/7625 3388/5151/7626 3413/5150/7627 3412/5154/7628
f 3388/5126/7629 3395/5194/7630 3411/5147/7631 3413/5152/7632
g default
v 3.666317 1.985995 8.165174
v 3.605695 1.985995 8.165167
v 3.666317 2.561119 8.165174
v 3.605695 2.561119 8.165167
v 3.605695 1.985995 7.843833
v 3.605695 2.561119 7.843833
v 3.666317 1.985995 7.843840
v 3.666317 2.561119 7.843840
v 3.636004 2.561119 7.824826
v 3.636004 1.985995 7.824826
v 3.651161 2.561119 7.827001
v 3.651161 1.985995 7.827001
v 3.620851 2.561119 7.826997
v 3.620851 1.985995 7.826997
vt 0.285461 0.244741
vt 0.584820 0.245782
vt 0.264708 0.258913
vt 0.264706 0.244741
vt 0.585487 0.246524
vt 0.264707 0.259912
vt 0.285460 0.262262
vt 0.587490 0.231609
vt 0.264709 0.276436
vt 0.264708 0.262262
vt 0.285460 0.260588
vt 0.586824 0.246524
vt 0.264707 0.261263
vt 0.264708 0.260588
vt 0.285460 0.259912
vt 0.586157 0.246620
vt 0.285460 0.261263
vt 0.587494 0.245781
vt 0.285461 0.276436
vt 0.285460 0.258913
vt 0.584818 0.231609
vn -0.997696 0.067842 0.000000
vn -0.998814 0.019173 -0.044766
vn -0.998997 0.000000 -0.044774
vn -1.000000 0.000000 0.000000
vn -0.424719 0.600751 -0.677283
vn -0.531273 0.000000 -0.847201
vn 0.998813 0.019178 -0.044765
vn 0.997801 0.066277 0.000000
vn 1.000000 0.000000 0.000000
vn 0.998997 0.000000 -0.044774
vn 0.000081 0.641983 -0.766719
vn 0.522022 0.186941 -0.832194
vn 0.531390 0.000000 -0.847127
vn 0.000105 0.000000 -1.000000
s 1
g group16 Consultorio1 ASSETS librero Cube_19_5
usemtl lambert3SG
f 3417/5202/7633 3419/5221/7634 3418/5204/7635 3415/5205/7636
f 3419/5221/7634 3426/5216/7637 3427/5207/7638 3418/5204/7635
f 3421/5208/7639 3416/5220/7640 3414/5210/7641 3420/5211/7642
f 3417/5222/7633 3426/5206/7637 3419/5203/7634
f 3422/5212/7643 3424/5218/7644 3425/5214/7645 3423/5215/7646
f 3416/5209/7640 3424/5213/7644 3422/5217/7643
f 3424/5218/7644 3421/5208/7639 3420/5211/7642 3425/5214/7645
f 3421/5219/7639 3424/5213/7644 3416/5209/7640
f 3426/5216/7637 3422/5212/7643 3423/5215/7646 3427/5207/7638
f 3416/5209/7640 3422/5217/7643 3426/5206/7637 3417/5222/7633
g default
v 3.368809 1.985995 8.165174
v 3.308183 1.985995 8.165167
v 3.368809 2.561119 8.165174
v 3.308183 2.561119 8.165167
v 3.308183 1.985995 7.843833
v 3.308183 2.561119 7.843833
v 3.368809 1.985995 7.843840
v 3.368809 2.561119 7.843840
v 3.338496 2.561119 7.824826
v 3.338496 1.985995 7.824826
v 3.353653 2.561119 7.827001
v 3.353653 1.985995 7.827001
v 3.323343 2.561119 7.826997
v 3.323343 1.985995 7.826997
vt 0.580532 0.235800
vt 0.271862 0.031172
vt 0.559781 0.249971
vt 0.559780 0.235800
vt 0.272532 0.031914
vt 0.559781 0.250971
vt 0.580534 0.253321
vt 0.274534 0.016999
vt 0.559780 0.267494
vt 0.559781 0.253321
vt 0.580534 0.251646
vt 0.273869 0.031914
vt 0.559781 0.252321
vt 0.559781 0.251646
vt 0.580534 0.250971
vt 0.273199 0.032010
vt 0.580534 0.252321
vt 0.274536 0.031171
vt 0.580536 0.267494
vt 0.580534 0.249971
vt 0.271860 0.016999
vn -0.997696 0.067838 0.000000
vn -0.998813 0.019181 -0.044776
vn -0.998997 0.000000 -0.044784
vn -1.000000 0.000000 0.000000
vn -0.424698 0.600717 -0.677326
vn -0.531230 0.000000 -0.847228
vn 0.998813 0.019184 -0.044765
vn 0.997801 0.066274 0.000000
vn 1.000000 0.000000 0.000000
vn 0.998997 0.000000 -0.044774
vn 0.000081 0.641948 -0.766748
vn 0.522024 0.186918 -0.832197
vn 0.531390 0.000000 -0.847127
vn 0.000105 0.000000 -1.000000
s 1
g group16 Consultorio1 ASSETS librero Cube_19_2
usemtl lambert3SG
f 3431/5223/7647 3433/5242/7648 3432/5225/7649 3429/5226/7650
f 3433/5242/7648 3440/5237/7651 3441/5228/7652 3432/5225/7649
f 3435/5229/7653 3430/5241/7654 3428/5231/7655 3434/5232/7656
f 3431/5243/7647 3440/5227/7651 3433/5224/7648
f 3436/5233/7657 3438/5239/7658 3439/5235/7659 3437/5236/7660
f 3430/5230/7654 3438/5234/7658 3436/5238/7657
f 3438/5239/7658 3435/5229/7653 3434/5232/7656 3439/5235/7659
f 3435/5240/7653 3438/5234/7658 3430/5230/7654
f 3440/5237/7651 3436/5233/7657 3437/5236/7660 3441/5228/7652
f 3430/5230/7654 3436/5238/7657 3440/5227/7651 3431/5243/7647
g default
v 3.270398 1.985995 8.165174
v 3.209773 1.985995 8.165167
v 3.270398 2.561119 8.165174
v 3.209773 2.561119 8.165167
v 3.209773 1.985995 7.843833
v 3.209773 2.561119 7.843833
v 3.270398 1.985995 7.843840
v 3.270398 2.561119 7.843840
v 3.240082 2.561119 7.824826
v 3.240082 1.985995 7.824826
v 3.255239 2.561119 7.827001
v 3.255239 1.985995 7.827001
v 3.224929 2.561119 7.826997
v 3.224929 1.985995 7.826997
vt 0.906006 0.230415
vt 0.028650 0.040105
vt 0.885253 0.244587
vt 0.885254 0.230415
vt 0.029320 0.040848
vt 0.885254 0.245586
vt 0.906007 0.247936
vt 0.031322 0.025932
vt 0.885254 0.262110
vt 0.885253 0.247936
vt 0.906006 0.246262
vt 0.030657 0.040847
vt 0.885254 0.246937
vt 0.885254 0.246262
vt 0.906006 0.245586
vt 0.029987 0.040943
vt 0.906006 0.246937
vt 0.031324 0.040104
vt 0.906006 0.262110
vt 0.906006 0.244587
vt 0.028648 0.025932
vn -0.997696 0.067838 0.000000
vn -0.998814 0.019175 -0.044766
vn -0.998997 0.000000 -0.044774
vn -1.000000 0.000000 0.000000
vn -0.424726 0.600733 -0.677295
vn -0.531273 0.000000 -0.847201
vn 0.998813 0.019177 -0.044775
vn 0.997801 0.066273 0.000000
vn 1.000000 0.000000 0.000000
vn 0.998997 0.000000 -0.044784
vn 0.000081 0.641991 -0.766712
vn 0.521975 0.186994 -0.832211
vn 0.531347 0.000000 -0.847154
vn 0.000105 0.000000 -1.000000
s 1
g group16 Consultorio1 ASSETS librero Cube_19_1
usemtl lambert3SG
f 3445/5244/7661 3447/5263/7662 3446/5246/7663 3443/5247/7664
f 3447/5263/7662 3454/5258/7665 3455/5249/7666 3446/5246/7663
f 3449/5250/7667 3444/5262/7668 3442/5252/7669 3448/5253/7670
f 3445/5264/7661 3454/5248/7665 3447/5245/7662
f 3450/5254/7671 3452/5260/7672 3453/5256/7673 3451/5257/7674
f 3444/5251/7668 3452/5255/7672 3450/5259/7671
f 3452/5260/7672 3449/5250/7667 3448/5253/7670 3453/5256/7673
f 3449/5261/7667 3452/5255/7672 3444/5251/7668
f 3454/5258/7665 3450/5254/7671 3451/5257/7674 3455/5249/7666
f 3444/5251/7668 3450/5259/7671 3454/5248/7665 3445/5264/7661
g default
v 3.458693 1.985995 8.165174
v 3.398067 1.985995 8.165167
v 3.458693 2.561119 8.165174
v 3.398067 2.561119 8.165167
v 3.398067 1.985995 7.843833
v 3.398067 2.561119 7.843833
v 3.458693 1.985995 7.843840
v 3.458693 2.561119 7.843840
v 3.428380 2.561119 7.824826
v 3.428380 1.985995 7.824826
v 3.443536 2.561119 7.827001
v 3.443536 1.985995 7.827001
v 3.413227 2.561119 7.826997
v 3.413227 1.985995 7.826997
vt 0.580532 0.200033
vt 0.087666 0.020430
vt 0.559781 0.214205
vt 0.559780 0.200033
vt 0.088335 0.021173
vt 0.559781 0.215204
vt 0.580534 0.217554
vt 0.090338 0.006257
vt 0.559780 0.231728
vt 0.559781 0.217554
vt 0.580534 0.215879
vt 0.089670 0.021172
vt 0.559781 0.216555
vt 0.559781 0.215879
vt 0.580534 0.215204
vt 0.089003 0.021268
vt 0.580534 0.216555
vt 0.090340 0.020430
vt 0.580532 0.231728
vt 0.580534 0.214205
vt 0.087664 0.006258
vn -0.997696 0.067838 0.000000
vn -0.998813 0.019179 -0.044776
vn -0.998997 0.000000 -0.044784
vn -1.000000 0.000000 0.000000
vn -0.424699 0.600715 -0.677328
vn -0.531230 0.000000 -0.847228
vn 0.998813 0.019184 -0.044765
vn 0.997801 0.066274 0.000000
vn 1.000000 0.000000 0.000000
vn 0.998997 0.000000 -0.044774
vn 0.000081 0.641960 -0.766738
vn 0.522022 0.186946 -0.832193
vn 0.531390 0.000000 -0.847127
vn 0.000105 0.000000 -1.000000
s 1
g group16 Consultorio1 ASSETS librero Cube_19_3
usemtl lambert3SG
f 3459/5265/7675 3461/5284/7676 3460/5267/7677 3457/5268/7678
f 3461/5284/7676 3468/5279/7679 3469/5270/7680 3460/5267/7677
f 3463/5271/7681 3458/5283/7682 3456/5273/7683 3462/5274/7684
f 3459/5285/7675 3468/5269/7679 3461/5266/7676
f 3464/5275/7685 3466/5281/7686 3467/5277/7687 3465/5278/7688
f 3458/5272/7682 3466/5276/7686 3464/5280/7685
f 3466/5281/7686 3463/5271/7681 3462/5274/7684 3467/5277/7687
f 3463/5282/7681 3466/5276/7686 3458/5272/7682
f 3468/5279/7679 3464/5275/7685 3465/5278/7688 3469/5270/7680
f 3458/5272/7682 3464/5280/7685 3468/5269/7679 3459/5285/7675
g default
v 3.560229 1.985995 8.165174
v 3.499606 1.985995 8.165167
v 3.560229 2.561119 8.165174
v 3.499606 2.561119 8.165167
v 3.499606 1.985995 7.843833
v 3.499606 2.561119 7.843833
v 3.560229 1.985995 7.843840
v 3.560229 2.561119 7.843840
v 3.529919 2.561119 7.824826
v 3.529919 1.985995 7.824826
v 3.545076 2.561119 7.827001
v 3.545076 1.985995 7.827001
v 3.514763 2.561119 7.826997
v 3.514763 1.985995 7.826997
vt 0.796921 0.241163
vt 0.028650 0.018666
vt 0.776168 0.255337
vt 0.776169 0.241165
vt 0.029320 0.019408
vt 0.776168 0.256336
vt 0.796921 0.258686
vt 0.031322 0.004493
vt 0.776169 0.272860
vt 0.776168 0.258686
vt 0.796921 0.257011
vt 0.030657 0.019408
vt 0.776168 0.257687
vt 0.776168 0.257011
vt 0.796921 0.256336
vt 0.029987 0.019504
vt 0.796921 0.257687
vt 0.031324 0.018665
vt 0.796921 0.272858
vt 0.796921 0.255337
vt 0.028648 0.004493
vn -0.997696 0.067842 0.000000
vn -0.998813 0.019180 -0.044766
vn -0.998997 0.000000 -0.044774
vn -1.000000 0.000000 0.000000
vn -0.424696 0.600723 -0.677322
vn -0.531230 0.000000 -0.847228
vn 0.998814 0.019179 -0.044755
vn 0.997801 0.066278 -0.000000
vn 1.000000 0.000000 0.000000
vn 0.998998 0.000000 -0.044764
vn 0.000081 0.641934 -0.766760
vn 0.522066 0.186919 -0.832171
vn 0.531432 0.000000 -0.847101
vn 0.000105 0.000000 -1.000000
s 1
g group16 Consultorio1 ASSETS librero Cube_19_4
usemtl lambert3SG
f 3473/5286/7689 3475/5305/7690 3474/5288/7691 3471/5289/7692
f 3475/5305/7690 3482/5300/7693 3483/5291/7694 3474/5288/7691
f 3477/5292/7695 3472/5304/7696 3470/5294/7697 3476/5295/7698
f 3473/5306/7689 3482/5290/7693 3475/5287/7690
f 3478/5296/7699 3480/5302/7700 3481/5298/7701 3479/5299/7702
f 3472/5293/7696 3480/5297/7700 3478/5301/7699
f 3480/5302/7700 3477/5292/7695 3476/5295/7698 3481/5298/7701
f 3477/5303/7695 3480/5297/7700 3472/5293/7696
f 3482/5300/7693 3478/5296/7699 3479/5299/7702 3483/5291/7694
f 3472/5293/7696 3478/5301/7699 3482/5290/7693 3473/5306/7689
g default
v 0.878372 0.225803 -0.861952
v 0.534457 0.225803 -1.250149
v 0.049534 0.225803 -1.434056
v -0.465308 0.225803 -1.371543
v -0.892134 0.225803 -1.076931
v -1.133148 0.225803 -0.617710
v -1.133148 0.225803 -0.099086
v -0.892134 0.225803 0.360133
v -0.465308 0.225803 0.654745
v 0.049530 0.225803 0.717260
v 0.534457 0.225803 0.533353
v 0.878372 0.225803 0.145158
v 1.002481 0.225803 -0.358400
v 0.878372 0.263584 -0.861952
v 0.534457 0.263584 -1.250149
v 0.049534 0.263584 -1.434056
v -0.465308 0.263584 -1.371543
v -0.892134 0.263584 -1.076931
v -1.133148 0.263584 -0.617710
v -1.133148 0.263584 -0.099086
v -0.892134 0.263584 0.360133
v -0.465308 0.263584 0.654745
v 0.049530 0.263584 0.717260
v 0.534457 0.263584 0.533353
v 0.878372 0.263584 0.145158
v 1.002481 0.263584 -0.358400
v 0.849846 0.226374 -0.846732
v 0.516330 0.226374 -1.223197
v 0.046063 0.226374 -1.401545
v -0.453221 0.226374 -1.340922
v -0.867140 0.226374 -1.055213
v -1.100872 0.226374 -0.609872
v -1.100872 0.226374 -0.106924
v -0.867140 0.226374 0.338415
v -0.453221 0.226374 0.624125
v 0.046059 0.226374 0.684749
v 0.516330 0.226374 0.506401
v 0.849846 0.226374 0.129936
v 0.970208 0.226374 -0.358400
v 0.849846 0.263013 -0.846732
v 0.516330 0.263013 -1.223197
v 0.046063 0.263013 -1.401545
v -0.453221 0.263013 -1.340922
v -0.867140 0.263013 -1.055213
v -1.100872 0.263013 -0.609872
v -1.100872 0.263013 -0.106924
v -0.867140 0.263013 0.338415
v -0.453221 0.263013 0.624125
v 0.046059 0.263013 0.684749
v 0.516330 0.263013 0.506401
v 0.849846 0.263013 0.129936
v 0.970208 0.263013 -0.358400
vt 0.199800 0.143831
vt 0.199800 0.123715
vt 0.201271 0.123715
vt 0.201271 0.143831
vt 0.199799 0.103606
vt 0.201271 0.103606
vt 0.199799 0.083496
vt 0.201263 0.083496
vt 0.199799 0.063386
vt 0.201263 0.063386
vt 0.199799 0.043274
vt 0.201263 0.043274
vt 0.199799 0.023162
vt 0.201263 0.023162
vt 0.199799 0.002867
vt 0.201263 0.264682
vt 0.199799 0.244370
vt 0.201263 0.244370
vt 0.199799 0.224263
vt 0.201263 0.224263
vt 0.199799 0.204153
vt 0.201263 0.204153
vt 0.199799 0.184044
vt 0.201263 0.184044
vt 0.199799 0.163935
vt 0.201271 0.163935
vt 0.204000 0.143831
vt 0.204000 0.123714
vt 0.204002 0.103606
vt 0.203995 0.083496
vt 0.203995 0.063386
vt 0.203995 0.043274
vt 0.204010 0.023162
vt 0.204010 0.002867
vt 0.204010 0.244370
vt 0.203995 0.224263
vt 0.203995 0.204154
vt 0.203995 0.184044
vt 0.204002 0.163935
vt 0.202534 0.123715
vt 0.202534 0.143831
vt 0.202530 0.103606
vt 0.202530 0.083496
vt 0.202530 0.063386
vt 0.202530 0.043274
vt 0.202545 0.023162
vt 0.202545 0.264682
vt 0.202545 0.244370
vt 0.202530 0.224263
vt 0.202530 0.204153
vt 0.202530 0.184044
vt 0.202530 0.163935
vt 0.198547 0.002867
vt 0.198547 0.264682
vt 0.204010 0.264682
vt 0.202545 0.002867
vt 0.201263 0.002867
vt 0.198540 0.163935
vt 0.198540 0.143831
vt 0.198532 0.184044
vt 0.198532 0.204154
vt 0.198532 0.224263
vt 0.198547 0.244370
vt 0.199799 0.264682
vt 0.198547 0.023162
vt 0.198532 0.043274
vt 0.198532 0.063386
vt 0.198532 0.083496
vt 0.198540 0.103606
vt 0.198540 0.123714
vn 0.717808 -0.585522 -0.376717
vn 0.459794 -0.587297 -0.666087
vn 0.459800 0.587283 -0.666095
vn 0.717817 0.585507 -0.376722
vn 0.097367 -0.589801 -0.801657
vn 0.097367 0.589798 -0.801660
vn -0.285644 -0.592462 -0.753258
vn -0.285644 0.592458 -0.753260
vn -0.601776 -0.594654 -0.533153
vn -0.601778 0.594650 -0.533155
vn -0.779748 -0.595864 -0.192196
vn -0.779750 0.595861 -0.192196
vn -0.779763 -0.595843 0.192200
vn -0.779765 0.595840 0.192200
vn -0.601787 -0.594633 0.533165
vn -0.601789 0.594630 0.533166
vn -0.285647 -0.592458 0.753259
vn -0.285647 0.592458 0.753259
vn 0.097365 -0.589795 0.801662
vn 0.097365 0.589789 0.801666
vn 0.459787 -0.587307 0.666082
vn 0.459795 0.587287 0.666095
vn 0.717817 -0.585509 0.376721
vn 0.717826 0.585494 0.376726
vn 0.811134 -0.584860 0.000000
vn 0.811136 0.584857 -0.000000
vn -0.621293 -0.712514 0.326065
vn -0.397677 -0.714120 0.576096
vn -0.084125 -0.716384 0.692616
vn 0.246507 -0.718797 0.650050
vn 0.518826 -0.720787 0.459659
vn 0.671905 -0.721883 0.165616
vn 0.671924 -0.721864 -0.165621
vn 0.518840 -0.720768 -0.459673
vn 0.246511 -0.718793 -0.650053
vn -0.084123 -0.716379 -0.692621
vn -0.397670 -0.714129 -0.576089
vn -0.621304 -0.712503 -0.326069
vn -0.702269 -0.711911 0.000000
vn -0.397680 0.714113 0.576101
vn -0.621299 0.712508 0.326067
vn -0.084124 0.716388 0.692612
vn 0.246506 0.718801 0.650046
vn 0.518823 0.720790 0.459656
vn 0.671901 0.721887 0.165615
vn 0.671920 0.721868 -0.165620
vn 0.518837 0.720772 -0.459670
vn 0.246509 0.718799 -0.650047
vn -0.084123 0.716381 -0.692620
vn -0.397676 0.714118 -0.576098
vn -0.621309 0.712497 -0.326072
vn -0.702265 0.711916 0.000000
s 1
g group16 Consultorio1 ASSETS pCylinder24 mesa
usemtl lambert3SG
f 3484/5307/7703 3485/5308/7704 3498/5309/7705 3497/5310/7706
f 3485/5308/7704 3486/5311/7707 3499/5312/7708 3498/5309/7705
f 3486/5311/7707 3487/5313/7709 3500/5314/7710 3499/5312/7708
f 3487/5313/7709 3488/5315/7711 3501/5316/7712 3500/5314/7710
f 3488/5315/7711 3489/5317/7713 3502/5318/7714 3501/5316/7712
f 3489/5317/7713 3490/5319/7715 3503/5320/7716 3502/5318/7714
f 3490/5319/7715 3491/5321/7717 3504/5363/7718 3503/5320/7716
f 3491/5370/7717 3492/5323/7719 3505/5324/7720 3504/5322/7718
f 3492/5323/7719 3493/5325/7721 3506/5326/7722 3505/5324/7720
f 3493/5325/7721 3494/5327/7723 3507/5328/7724 3506/5326/7722
f 3494/5327/7723 3495/5329/7725 3508/5330/7726 3507/5328/7724
f 3495/5329/7725 3496/5331/7727 3509/5332/7728 3508/5330/7726
f 3496/5331/7727 3484/5307/7703 3497/5310/7706 3509/5332/7728
f 3485/5308/7704 3484/5307/7703 3510/5365/7729 3511/5376/7730
f 3486/5311/7707 3485/5308/7704 3511/5376/7730 3512/5375/7731
f 3487/5313/7709 3486/5311/7707 3512/5375/7731 3513/5374/7732
f 3488/5315/7711 3487/5313/7709 3513/5374/7732 3514/5373/7733
f 3489/5317/7713 3488/5315/7711 3514/5373/7733 3515/5372/7734
f 3490/5319/7715 3489/5317/7713 3515/5372/7734 3516/5371/7735
f 3491/5321/7717 3490/5319/7715 3516/5371/7735 3517/5359/7736
f 3492/5323/7719 3491/5370/7717 3517/5360/7736 3518/5369/7737
f 3493/5325/7721 3492/5323/7719 3518/5369/7737 3519/5368/7738
f 3494/5327/7723 3493/5325/7721 3519/5368/7738 3520/5367/7739
f 3495/5329/7725 3494/5327/7723 3520/5367/7739 3521/5366/7740
f 3496/5331/7727 3495/5329/7725 3521/5366/7740 3522/5364/7741
f 3484/5307/7703 3496/5331/7727 3522/5364/7741 3510/5365/7729
f 3497/5310/7706 3498/5309/7705 3524/5346/7742 3523/5347/7743
f 3498/5309/7705 3499/5312/7708 3525/5348/7744 3524/5346/7742
f 3499/5312/7708 3500/5314/7710 3526/5349/7745 3525/5348/7744
f 3500/5314/7710 3501/5316/7712 3527/5350/7746 3526/5349/7745
f 3501/5316/7712 3502/5318/7714 3528/5351/7747 3527/5350/7746
f 3502/5318/7714 3503/5320/7716 3529/5352/7748 3528/5351/7747
f 3503/5320/7716 3504/5363/7718 3530/5362/7749 3529/5352/7748
f 3504/5322/7718 3505/5324/7720 3531/5354/7750 3530/5353/7749
f 3505/5324/7720 3506/5326/7722 3532/5355/7751 3531/5354/7750
f 3506/5326/7722 3507/5328/7724 3533/5356/7752 3532/5355/7751
f 3507/5328/7724 3508/5330/7726 3534/5357/7753 3533/5356/7752
f 3508/5330/7726 3509/5332/7728 3535/5358/7754 3534/5357/7753
f 3509/5332/7728 3497/5310/7706 3523/5347/7743 3535/5358/7754
f 3511/5334/7730 3510/5333/7729 3523/5347/7743 3524/5346/7742
f 3510/5333/7729 3522/5345/7741 3535/5358/7754 3523/5347/7743
f 3522/5345/7741 3521/5344/7740 3534/5357/7753 3535/5358/7754
f 3521/5344/7740 3520/5343/7739 3533/5356/7752 3534/5357/7753
f 3520/5343/7739 3519/5342/7738 3532/5355/7751 3533/5356/7752
f 3519/5342/7738 3518/5341/7737 3531/5354/7750 3532/5355/7751
f 3518/5341/7737 3517/5361/7736 3530/5353/7749 3531/5354/7750
f 3517/5340/7736 3516/5339/7735 3529/5352/7748 3530/5362/7749
f 3516/5339/7735 3515/5338/7734 3528/5351/7747 3529/5352/7748
f 3515/5338/7734 3514/5337/7733 3527/5350/7746 3528/5351/7747
f 3514/5337/7733 3513/5336/7732 3526/5349/7745 3527/5350/7746
f 3513/5336/7732 3512/5335/7731 3525/5348/7744 3526/5349/7745
f 3512/5335/7731 3511/5334/7730 3524/5346/7742 3525/5348/7744
g default
v 0.878372 0.845754 -0.861950
v 0.534457 0.845754 -1.250148
v 0.049538 0.845754 -1.434054
v -0.465308 0.845754 -1.371541
v -0.892130 0.845754 -1.076929
v -1.133141 0.845754 -0.617710
v -1.133141 0.845754 -0.099086
v -0.892130 0.845754 0.360135
v -0.465308 0.845754 0.654749
v 0.049534 0.845754 0.717260
v 0.534457 0.845754 0.533353
v 0.878372 0.845754 0.145158
v 1.002485 0.845754 -0.358400
v 0.878372 0.883535 -0.861950
v 0.534457 0.883535 -1.250148
v 0.049538 0.883535 -1.434054
v -0.465308 0.883535 -1.371541
v -0.892130 0.883535 -1.076929
v -1.133141 0.883535 -0.617710
v -1.133141 0.883535 -0.099086
v -0.892130 0.883535 0.360135
v -0.465308 0.883535 0.654749
v 0.049534 0.883535 0.717260
v 0.534457 0.883535 0.533353
v 0.878372 0.883535 0.145158
v 1.002485 0.883535 -0.358400
v -0.081072 0.883535 -0.358400
vt 0.193178 0.145806
vt 0.193178 0.125323
vt 0.311204 0.262360
vt 0.316109 0.282249
vt 0.193176 0.104840
vt 0.316105 0.242470
vt 0.193176 0.084357
vt 0.329689 0.227139
vt 0.193176 0.063873
vt 0.348839 0.219874
vt 0.193176 0.043390
vt 0.369171 0.222343
vt 0.193176 0.022907
vt 0.386032 0.233978
vt 0.193176 0.002424
vt 0.395550 0.252113
vt 0.193176 0.248222
vt 0.395552 0.272598
vt 0.193176 0.227739
vt 0.386032 0.290733
vt 0.193176 0.207255
vt 0.369179 0.302372
vt 0.193176 0.186772
vt 0.348846 0.304841
vt 0.193176 0.166289
vt 0.329689 0.297577
vt 0.353999 0.262357
vt 0.194670 0.145806
vt 0.194672 0.166289
vt 0.194672 0.186772
vt 0.194672 0.207255
vt 0.194672 0.227738
vt 0.194672 0.248221
vt 0.194672 0.268704
vt 0.194672 0.002424
vt 0.194672 0.022907
vt 0.193176 0.268704
vt 0.194672 0.043390
vt 0.194672 0.063874
vt 0.194672 0.084357
vt 0.194672 0.104840
vt 0.194670 0.125323
vn 0.885455 0.000000 -0.464725
vn 0.568065 0.000000 -0.822984
vn 0.046659 0.996621 -0.067597
vn 0.072727 0.996621 -0.038170
vn 0.120536 0.000000 -0.992709
vn 0.009900 0.996621 -0.081538
vn -0.354603 0.000000 -0.935017
vn -0.029126 0.996621 -0.076798
vn -0.748513 0.000000 -0.663120
vn -0.061480 0.996621 -0.054466
vn -0.970943 0.000000 -0.239311
vn -0.079749 0.996621 -0.019656
vn -0.970943 0.000000 0.239310
vn -0.079749 0.996621 0.019656
vn -0.748514 0.000000 0.663119
vn -0.061480 0.996621 0.054466
vn -0.354604 0.000000 0.935016
vn -0.029126 0.996621 0.076799
vn 0.120538 0.000000 0.992709
vn 0.009900 0.996621 0.081537
vn 0.568063 0.000000 0.822985
vn 0.046658 0.996621 0.067596
vn 0.885456 0.000000 0.464723
vn 0.072728 0.996621 0.038170
vn 1.000000 0.000000 0.000000
vn 0.082136 0.996621 0.000000
vn 0.000000 1.000000 0.000000
s 1
g group16 Consultorio1 ASSETS mesa pCylinder22
usemtl lambert3SG
f 3536/5377/7755 3537/5378/7756 3550/5418/7757 3549/5404/7758
f 3537/5378/7756 3538/5381/7759 3551/5417/7760 3550/5418/7757
f 3538/5381/7759 3539/5383/7761 3552/5416/7762 3551/5417/7760
f 3539/5383/7761 3540/5385/7763 3553/5415/7764 3552/5416/7762
f 3540/5385/7763 3541/5387/7765 3554/5414/7766 3553/5415/7764
f 3541/5387/7765 3542/5389/7767 3555/5412/7768 3554/5414/7766
f 3542/5389/7767 3543/5391/7769 3556/5411/7770 3555/5412/7768
f 3543/5413/7769 3544/5393/7771 3557/5409/7772 3556/5410/7770
f 3544/5393/7771 3545/5395/7773 3558/5408/7774 3557/5409/7772
f 3545/5395/7773 3546/5397/7775 3559/5407/7776 3558/5408/7774
f 3546/5397/7775 3547/5399/7777 3560/5406/7778 3559/5407/7776
f 3547/5399/7777 3548/5401/7779 3561/5405/7780 3560/5406/7778
f 3548/5401/7779 3536/5377/7755 3549/5404/7758 3561/5405/7780
f 3549/5380/7758 3550/5379/7757 3562/5403/7781
f 3550/5379/7757 3551/5382/7760 3562/5403/7781
f 3551/5382/7760 3552/5384/7762 3562/5403/7781
f 3552/5384/7762 3553/5386/7764 3562/5403/7781
f 3553/5386/7764 3554/5388/7766 3562/5403/7781
f 3554/5388/7766 3555/5390/7768 3562/5403/7781
f 3555/5390/7768 3556/5392/7770 3562/5403/7781
f 3556/5392/7770 3557/5394/7772 3562/5403/7781
f 3557/5394/7772 3558/5396/7774 3562/5403/7781
f 3558/5396/7774 3559/5398/7776 3562/5403/7781
f 3559/5398/7776 3560/5400/7778 3562/5403/7781
f 3560/5400/7778 3561/5402/7780 3562/5403/7781
f 3561/5402/7780 3549/5380/7758 3562/5403/7781
g default
v 9.134887 0.281297 -7.908489
v 9.102043 0.281297 -7.908578
v 9.134887 4.026351 -7.908489
v 9.102043 4.026351 -7.908578
v 9.117805 4.026351 -2.264313
v 9.084961 4.026351 -2.264403
v 9.117805 0.281297 -2.264313
v 9.084961 0.281297 -2.264403
vt 0.683182 0.005707
vt 0.684937 0.005707
vt 0.684937 0.143723
vt 0.683182 0.143723
vt 0.805832 0.143723
vt 0.804077 0.143723
vt 0.804077 0.005692
vt 0.805832 0.005692
vn 0.002721 0.000000 -0.999996
vn 0.002721 0.000000 -0.999996
vn 0.002721 0.000000 -0.999996
vn 0.002721 0.000000 -0.999996
vn -0.002721 0.000000 0.999996
vn -0.002721 0.000000 0.999996
vn -0.002721 0.000000 0.999996
vn -0.002721 0.000000 0.999996
vn -0.999995 0.000000 -0.003027
vn -0.999995 0.000000 -0.003027
vn -0.999995 0.000000 -0.003027
vn -0.999995 0.000000 -0.003027
s off
g group16 Consultorio1 ASSETS pCube38 cuadro
usemtl lambert3SG
f 3563/5419/7782 3564/5420/7783 3566/5421/7784 3565/5422/7785
f 3567/5423/7786 3568/5424/7787 3570/5425/7788 3569/5426/7789
f 3564/5420/7790 3570/5425/7791 3568/5424/7792 3566/5421/7793
g default
v -7.623795 1.548695 0.597266
v -7.641576 1.549274 0.452565
v -7.623567 1.557597 0.597273
v -7.641348 1.558176 0.452572
v -7.768652 1.561302 0.615115
v -7.786429 1.561880 0.470415
v -7.768880 1.552400 0.615108
v -7.786661 1.552979 0.470407
vt 0.421660 0.013201
vt 0.415293 0.013567
vt 0.415293 0.013200
vt 0.421294 0.013201
vt 0.415293 0.007182
vt 0.421294 0.007182
vt 0.414927 0.007182
vt 0.421294 0.006815
vt 0.421660 0.007182
vt 0.415293 0.006815
vt 0.421294 0.013567
vt 0.414926 0.013200
vn 0.992199 -0.025534 -0.122024
vn 0.992199 -0.025534 -0.122024
vn 0.992199 -0.025534 -0.122024
vn 0.992199 -0.025534 -0.122024
vn 0.025631 0.999671 0.000852
vn 0.025631 0.999671 0.000852
vn 0.025631 0.999671 0.000852
vn 0.025631 0.999671 0.000852
vn -0.992205 0.025350 0.122011
vn -0.992205 0.025350 0.122011
vn -0.992205 0.025350 0.122011
vn -0.992205 0.025350 0.122011
vn -0.121962 0.003947 -0.992527
vn -0.121962 0.003947 -0.992527
vn -0.121962 0.003947 -0.992527
vn -0.121962 0.003947 -0.992527
vn 0.121962 -0.003869 0.992527
vn 0.121962 -0.003869 0.992527
vn 0.121962 -0.003869 0.992527
vn 0.121962 -0.003869 0.992527
s off
g group16 Consultorio1 ASSETS pCube12 mesa1
usemtl lambert3SG
f 3571/5437/7794 3572/5428/7795 3574/5429/7796 3573/5430/7797
f 3573/5430/7798 3574/5429/7799 3576/5431/7800 3575/5432/7801
f 3575/5432/7802 3576/5431/7803 3578/5436/7804 3577/5434/7805
f 3572/5438/7806 3578/5433/7807 3576/5431/7808 3574/5429/7809
f 3577/5435/7810 3571/5427/7811 3573/5430/7812 3575/5432/7813
g default
v -7.160637 1.718084 0.544554
v -7.346180 1.722282 -0.533579
v -7.099940 2.405533 0.536783
v -7.285480 2.409732 -0.541346
v -7.125470 2.407837 0.541187
v -7.311013 2.412035 -0.536944
v -7.186166 1.720388 0.548955
v -7.371709 1.724586 -0.529174
v -7.165272 2.403094 -0.189459
v -7.225968 1.715646 -0.181690
v -7.200439 1.713341 -0.186092
v -7.139742 2.400791 -0.193861
v -7.103423 2.401695 0.169917
v -7.164123 1.714246 0.177686
v -7.138590 1.711942 0.173284
v -7.077890 2.399391 0.165515
v -7.317182 2.050666 -0.537287
v -7.125122 2.037561 -0.196371
v -7.063277 2.036162 0.163007
v -7.131642 2.046468 0.540842
v -7.157175 2.048772 0.545246
v -7.135125 2.042630 0.173976
v -7.196978 2.044029 -0.185400
v -7.342715 2.052971 -0.532887
v -7.255119 1.717034 -0.363263
v -7.202965 2.043336 -0.370256
v -7.194422 2.404483 -0.371030
v -7.219956 2.406787 -0.366628
v -7.251658 2.047722 -0.362571
v -7.280652 1.719338 -0.358858
v -7.131327 1.714232 0.356066
v -7.079173 2.040534 0.349071
v -7.070634 2.401681 0.348295
v -7.096164 2.403985 0.352700
v -7.127865 2.044920 0.356758
v -7.156860 1.716536 0.360467
v -7.162017 1.721953 -0.007658
v -7.086708 2.046172 -0.017937
v -7.101321 2.409402 -0.015427
v -7.126854 2.411706 -0.011023
v -7.158556 2.052640 -0.006966
v -7.187551 1.724257 -0.003253
vt 0.907791 0.003595
vt 0.913776 0.143501
vt 0.900108 0.143503
vt 0.900108 0.135435
vt 0.907757 0.032330
vt 0.885254 0.143501
vt 0.906757 0.039665
vt 0.806362 0.148228
vt 0.906715 0.017295
vt 0.791557 0.156077
vt 0.777958 0.156078
vt 0.777958 0.148228
vt 0.913776 0.181950
vt 0.906708 0.106438
vt 0.791557 0.194221
vt 0.900108 0.181950
vt 0.791555 0.178635
vt 0.791557 0.186268
vt 0.777958 0.186268
vt 0.777956 0.178635
vt 0.900110 0.166060
vt 0.913776 0.166061
vt 0.913776 0.173779
vt 0.900108 0.173779
vt 0.806362 0.178635
vt 0.907791 0.062454
vt 0.885254 0.173779
vt 0.906757 0.070261
vt 0.791555 0.163612
vt 0.791556 0.171124
vt 0.777956 0.171124
vt 0.777956 0.163612
vt 0.900110 0.151121
vt 0.913776 0.151119
vt 0.913776 0.158573
vt 0.900110 0.158574
vt 0.806362 0.163612
vt 0.907791 0.047368
vt 0.885253 0.158573
vt 0.906716 0.054911
vt 0.806362 0.194221
vt 0.907757 0.077703
vt 0.906721 0.062545
vt 0.806361 0.171124
vt 0.885254 0.166061
vt 0.907795 0.054911
vt 0.906721 0.047277
vt 0.806362 0.156078
vt 0.885254 0.151119
vt 0.907772 0.039910
vt 0.906712 0.077815
vt 0.806362 0.186268
vt 0.885254 0.181950
vt 0.907772 0.070019
vt 0.907799 0.092737
vt 0.906715 0.092738
vt 0.906712 0.032218
vt 0.791557 0.148227
vt 0.885254 0.135437
vt 0.907791 0.017295
vt 0.907791 0.106438
vt 0.777958 0.194221
vt 0.906708 0.003595
vt 0.913776 0.135437
vn 0.939145 -0.110966 0.325104
vn 0.980465 -0.153734 0.122698
vn 0.989063 -0.085788 0.119975
vn 0.942445 -0.079624 0.324742
vn 0.946447 0.025149 0.321877
vn 0.992006 0.040770 0.119423
vn -0.985037 0.161143 -0.061122
vn -0.989447 0.143233 -0.021900
vn -0.995923 0.087693 -0.021151
vn -0.994360 0.087110 -0.060490
vn -0.994360 0.087117 -0.060481
vn -0.995930 0.087703 -0.020768
vn 0.780970 -0.107000 -0.615335
vn -0.932484 0.086298 0.350752
vn -0.932354 0.086286 0.351098
vn 0.784170 -0.076277 -0.615840
vn -0.963935 0.087946 0.251188
vn -0.918019 0.085430 0.387225
vn -0.918021 0.085428 0.387220
vn -0.963755 0.087930 0.251883
vn 0.955651 -0.089989 -0.280417
vn 0.938063 -0.208373 -0.276801
vn 0.885044 -0.150678 -0.440446
vn 0.894169 -0.083742 -0.439828
vn -0.955630 0.159961 0.247352
vn 0.954658 0.091031 -0.283445
vn 0.897140 0.041839 -0.439760
vn -0.908920 0.159469 0.385270
vn -0.992385 0.088589 0.085583
vn -0.981580 0.088578 0.169278
vn -0.981580 0.088582 0.169276
vn -0.992446 0.088597 0.084855
vn 0.994370 -0.090889 -0.054484
vn 0.976181 -0.210206 -0.053711
vn 0.959367 -0.228116 -0.166065
vn 0.981999 -0.083899 -0.169231
vn -0.983180 0.160587 0.086993
vn 0.994552 0.091143 -0.050597
vn 0.979439 0.111326 -0.168240
vn -0.972010 0.164305 0.167928
vn -0.925899 0.142047 0.350049
vn 0.789004 0.027765 -0.613760
s 1
g group16 Consultorio1 ASSETS mesa1 pCube4
usemtl lambert3SG
f 3579/5502/7814 3609/5440/7815 3610/5441/7816 3598/5442/7817
f 3581/5443/7818 3611/5488/7819 3612/5445/7820 3583/5495/7821
f 3599/5496/7822 3613/5448/7823 3614/5449/7824 3585/5450/7825
f 3580/5499/7826 3586/5452/7827 3602/5494/7828 3595/5493/7829
f 3585/5501/7825 3579/5439/7814 3598/5498/7817 3599/5447/7822
f 3601/5455/7830 3607/5456/7831 3608/5457/7832 3588/5458/7833
f 3596/5459/7834 3589/5460/7835 3603/5461/7836 3604/5462/7837
f 3587/5481/7838 3590/5464/7839 3605/5492/7840 3606/5466/7841
f 3600/5467/7842 3619/5468/7843 3620/5469/7844 3592/5470/7845
f 3597/5471/7846 3593/5472/7847 3615/5473/7848 3616/5474/7849
f 3591/5485/7850 3594/5476/7851 3617/5484/7852 3618/5478/7853
f 3590/5483/7839 3596/5459/7834 3604/5462/7837 3605/5465/7840
f 3594/5487/7851 3597/5471/7846 3616/5474/7849 3617/5477/7852
f 3598/5442/7817 3610/5441/7816 3611/5444/7819 3581/5497/7818
f 3599/5447/7822 3598/5498/7817 3581/5443/7818 3583/5495/7821
f 3583/5446/7821 3612/5486/7820 3613/5448/7823 3599/5496/7822
f 3591/5475/7850 3618/5482/7853 3619/5468/7843 3600/5467/7842
f 3587/5463/7838 3606/5490/7841 3607/5456/7831 3601/5455/7830
f 3595/5493/7829 3602/5494/7828 3584/5489/7854 3582/5480/7855
f 3604/5462/7837 3603/5461/7836 3580/5451/7826 3595/5454/7829
f 3605/5465/7840 3604/5462/7837 3595/5454/7829 3582/5491/7855
f 3606/5466/7841 3605/5492/7840 3582/5480/7855 3584/5489/7854
f 3607/5456/7831 3606/5490/7841 3584/5479/7854 3602/5453/7828
f 3608/5457/7832 3607/5456/7831 3602/5453/7828 3586/5500/7827
f 3609/5440/7815 3593/5472/7847 3597/5471/7846 3610/5441/7816
f 3611/5444/7819 3610/5441/7816 3597/5471/7846 3594/5487/7851
f 3612/5445/7820 3611/5488/7819 3594/5476/7851 3591/5485/7850
f 3613/5448/7823 3612/5486/7820 3591/5475/7850 3600/5467/7842
f 3614/5449/7824 3613/5448/7823 3600/5467/7842 3592/5470/7845
f 3616/5474/7849 3615/5473/7848 3589/5460/7835 3596/5459/7834
f 3617/5477/7852 3616/5474/7849 3596/5459/7834 3590/5483/7839
f 3618/5478/7853 3617/5484/7852 3590/5464/7839 3587/5481/7838
f 3619/5468/7843 3618/5482/7853 3587/5463/7838 3601/5455/7830
f 3620/5469/7844 3619/5468/7843 3601/5455/7830 3588/5458/7833
g default
v -7.599875 1.547963 0.796534
v -7.620588 1.548638 0.627991
v -7.599646 1.556865 0.796541
v -7.620359 1.557539 0.627998
v -7.744735 1.560570 0.814382
v -7.765441 1.561244 0.645841
v -7.744963 1.551668 0.814375
v -7.765669 1.552342 0.645833
vt 0.185253 0.006325
vt 0.185620 0.013681
vt 0.185254 0.013681
vt 0.185253 0.006692
vt 0.179235 0.013682
vt 0.179235 0.006693
vt 0.179235 0.014049
vt 0.178867 0.006693
vt 0.179235 0.006326
vt 0.178868 0.013682
vt 0.185619 0.006692
vt 0.185254 0.014048
vn 0.992212 -0.024939 -0.122037
vn 0.992212 -0.024939 -0.122037
vn 0.992212 -0.024939 -0.122037
vn 0.992212 -0.024939 -0.122037
vn 0.025631 0.999671 0.000850
vn 0.025631 0.999671 0.000850
vn 0.025631 0.999671 0.000850
vn 0.025631 0.999671 0.000850
vn -0.992192 0.025918 0.121996
vn -0.992192 0.025918 0.121996
vn -0.992192 0.025918 0.121996
vn -0.992192 0.025918 0.121996
vn -0.121966 0.003940 -0.992527
vn -0.121966 0.003940 -0.992527
vn -0.121966 0.003940 -0.992527
vn -0.121966 0.003940 -0.992527
vn 0.121937 -0.003901 0.992530
vn 0.121937 -0.003901 0.992530
vn 0.121937 -0.003901 0.992530
vn 0.121937 -0.003901 0.992530
s off
g group16 Consultorio1 ASSETS mesa1 pCube8
usemtl lambert3SG
f 3621/5513/7856 3622/5504/7857 3624/5505/7858 3623/5506/7859
f 3623/5506/7860 3624/5505/7861 3626/5507/7862 3625/5508/7863
f 3625/5508/7864 3626/5507/7865 3628/5512/7866 3627/5510/7867
f 3622/5514/7868 3628/5509/7869 3626/5507/7870 3624/5505/7871
f 3627/5511/7872 3621/5503/7873 3623/5506/7874 3625/5508/7875
g default
v -7.065545 1.529063 0.206499
v -7.078499 1.529063 -0.220846
v -7.065545 1.545491 0.206499
v -7.078499 1.545491 -0.220846
v -7.288477 1.545491 0.213257
v -7.301430 1.545491 -0.214088
v -7.288477 1.529063 0.213257
v -7.301430 1.529063 -0.214088
vt 0.072247 0.023243
vt 0.071568 0.004969
vt 0.072245 0.004969
vt 0.072247 0.022566
vt 0.081425 0.004967
vt 0.081428 0.022566
vt 0.081425 0.004292
vt 0.082104 0.022566
vt 0.081428 0.023241
vt 0.082101 0.004967
vt 0.071570 0.022566
vt 0.072245 0.004292
vn 0.999541 0.000000 -0.030297
vn 0.999541 0.000000 -0.030297
vn 0.999541 0.000000 -0.030297
vn 0.999541 0.000000 -0.030297
vn 0.000000 1.000000 0.000000
vn 0.000000 1.000000 0.000000
vn 0.000000 1.000000 0.000000
vn 0.000000 1.000000 0.000000
vn -0.999541 0.000000 0.030297
vn -0.999541 0.000000 0.030297
vn -0.999541 0.000000 0.030297
vn -0.999541 0.000000 0.030297
vn -0.030295 0.000000 -0.999541
vn -0.030295 0.000000 -0.999541
vn -0.030295 0.000000 -0.999541
vn -0.030295 0.000000 -0.999541
vn 0.030302 0.000000 0.999541
vn 0.030302 0.000000 0.999541
vn 0.030302 0.000000 0.999541
vn 0.030302 0.000000 0.999541
s off
g group16 Consultorio1 ASSETS mesa1 pCube6
usemtl lambert3SG
f 3629/5525/7876 3630/5516/7877 3632/5517/7878 3631/5518/7879
f 3631/5518/7880 3632/5517/7881 3634/5519/7882 3633/5520/7883
f 3633/5520/7884 3634/5519/7885 3636/5524/7886 3635/5522/7887
f 3630/5526/7888 3636/5521/7889 3634/5519/7890 3632/5517/7891
f 3635/5523/7892 3629/5515/7893 3631/5518/7894 3633/5520/7895
g default
v -7.562066 1.531862 0.820708
v -7.683759 1.535824 -0.169645
v -7.561645 1.548283 0.820723
v -7.683339 1.552246 -0.169632
v -7.867614 1.556097 0.858351
v -7.989304 1.560060 -0.132003
v -7.868034 1.539675 0.858338
v -7.989728 1.543637 -0.132017
vt 0.109978 0.021198
vt 0.110649 0.062946
vt 0.109974 0.062946
vt 0.109978 0.021875
vt 0.097282 0.062944
vt 0.097286 0.021873
vt 0.097282 0.063622
vt 0.096611 0.021873
vt 0.097286 0.021198
vt 0.096603 0.062944
vt 0.110657 0.021875
vt 0.109974 0.063623
vn 0.992203 -0.025366 -0.122022
vn 0.992203 -0.025366 -0.122022
vn 0.992203 -0.025366 -0.122022
vn 0.992203 -0.025366 -0.122022
vn 0.025634 0.999671 0.000850
vn 0.025634 0.999671 0.000850
vn 0.025634 0.999671 0.000850
vn 0.025634 0.999671 0.000850
vn -0.992207 0.025215 0.122020
vn -0.992207 0.025215 0.122020
vn -0.992207 0.025215 0.122020
vn -0.992207 0.025215 0.122020
vn -0.121962 0.003948 -0.992527
vn -0.121962 0.003948 -0.992527
vn -0.121962 0.003948 -0.992527
vn -0.121962 0.003948 -0.992527
vn 0.121951 -0.003927 0.992528
vn 0.121951 -0.003927 0.992528
vn 0.121951 -0.003927 0.992528
vn 0.121951 -0.003927 0.992528
s off
g group16 Consultorio1 ASSETS mesa1 pCube7
usemtl lambert3SG
f 3637/5537/7896 3638/5528/7897 3640/5529/7898 3639/5530/7899
f 3639/5530/7900 3640/5529/7901 3642/5531/7902 3641/5532/7903
f 3641/5532/7904 3642/5531/7905 3644/5536/7906 3643/5534/7907
f 3638/5538/7908 3644/5533/7909 3642/5531/7910 3640/5529/7911
f 3643/5535/7912 3637/5527/7913 3639/5530/7914 3641/5532/7915
g default
v -7.759334 1.550894 0.814572
v -7.780043 1.551569 0.646027
v -7.759102 1.559796 0.814580
v -7.779815 1.560470 0.646036
v -7.833125 1.561686 0.823682
v -7.853834 1.562360 0.655139
v -7.833353 1.552784 0.823675
v -7.854062 1.553459 0.655131
vt 0.064277 0.011690
vt 0.064642 0.019046
vt 0.064276 0.019047
vt 0.064277 0.012057
vt 0.061205 0.019046
vt 0.061206 0.012056
vt 0.061205 0.019413
vt 0.060840 0.012056
vt 0.061206 0.011690
vt 0.060839 0.019046
vt 0.064643 0.012057
vt 0.064276 0.019413
vn 0.992201 -0.025418 -0.122026
vn 0.992201 -0.025418 -0.122026
vn 0.992201 -0.025418 -0.122026
vn 0.992201 -0.025418 -0.122026
vn 0.025633 0.999671 0.000849
vn 0.025633 0.999671 0.000849
vn 0.025633 0.999671 0.000849
vn 0.025633 0.999671 0.000849
vn -0.992208 0.025204 0.122014
vn -0.992208 0.025204 0.122014
vn -0.992208 0.025204 0.122014
vn -0.992208 0.025204 0.122014
vn -0.121979 0.004096 -0.992524
vn -0.121979 0.004096 -0.992524
vn -0.121979 0.004096 -0.992524
vn -0.121979 0.004096 -0.992524
vn 0.121955 -0.003954 0.992528
vn 0.121955 -0.003954 0.992528
vn 0.121955 -0.003954 0.992528
vn 0.121955 -0.003954 0.992528
s off
g group16 Consultorio1 ASSETS mesa1 pCube11
usemtl lambert3SG
f 3645/5549/7916 3646/5540/7917 3648/5541/7918 3647/5542/7919
f 3647/5542/7920 3648/5541/7921 3650/5543/7922 3649/5544/7923
f 3649/5544/7924 3650/5543/7925 3652/5548/7926 3651/5546/7927
f 3646/5550/7928 3652/5545/7929 3650/5543/7930 3648/5541/7931
f 3651/5547/7932 3645/5539/7933 3647/5542/7934 3649/5544/7935
g default
v -7.171241 1.544564 0.036093
v -7.171865 1.544564 -0.039610
v -7.146639 1.726621 0.035892
v -7.147263 1.726621 -0.039815
v -7.157139 1.726621 0.035981
v -7.157762 1.726621 -0.039728
v -7.196289 1.544564 0.036303
v -7.196916 1.544564 -0.039403
v -7.140181 1.726621 -0.002019
v -7.153895 1.726621 -0.001986
v -7.189834 1.544564 -0.001607
v -7.164783 1.544564 -0.001814
v -7.147263 1.685866 -0.039815
v -7.140181 1.685866 -0.002019
v -7.146639 1.685866 0.035892
v -7.157139 1.685866 0.035981
v -7.150681 1.685866 -0.001932
v -7.157762 1.685866 -0.039728
vt 0.209269 0.013303
vt 0.209269 0.011730
vt 0.215190 0.011730
vt 0.215189 0.013303
vt 0.216877 0.013303
vt 0.216877 0.011730
vt 0.216877 0.007914
vt 0.216876 0.006354
vt 0.215190 0.014020
vt 0.215189 0.007913
vt 0.209269 0.007914
vt 0.209270 0.006354
vt 0.209269 0.010157
vt 0.209269 0.009461
vt 0.215190 0.009461
vt 0.215190 0.010156
vt 0.216876 0.010157
vt 0.216877 0.009461
vt 0.266495 0.017569
vt 0.216876 0.014020
vt 0.215190 0.006354
vt 0.266495 0.020685
vt 0.266496 0.019129
vt 0.266994 0.020685
vt 0.266994 0.019129
vt 0.209270 0.014020
vt 0.266994 0.017569
vn 0.811952 -0.140555 0.566549
vn 0.985146 -0.171526 -0.008111
vn 0.991037 -0.133339 -0.008162
vn 0.870544 -0.117600 0.477832
vn 0.874403 0.288357 0.390217
vn 0.966944 0.254865 -0.007962
vn -0.964443 0.264165 0.008107
vn -0.962260 0.231159 0.143603
vn -0.934847 0.194739 0.296881
vn -0.979582 0.200884 0.008047
vn -0.963653 0.267040 0.007958
vn -0.940619 0.261134 0.216898
vn 0.802455 -0.140543 -0.579926
vn -0.944066 0.261132 -0.201371
vn -0.939540 0.194889 -0.281573
vn 0.862512 -0.117597 -0.492182
vn 0.868048 0.287554 -0.404729
vn -0.964461 0.231136 -0.128025
s 1
g group16 Consultorio1 ASSETS mesa1 pCube5
usemtl lambert3SG
f 3653/5551/7936 3664/5552/7937 3666/5553/7938 3667/5554/7939
f 3655/5577/7940 3661/5575/7941 3662/5573/7942 3657/5569/7943
f 3668/5571/7944 3669/5560/7945 3663/5561/7946 3659/5562/7947
f 3654/5563/7948 3660/5564/7949 3670/5565/7950 3665/5566/7951
f 3659/5576/7947 3653/5551/7936 3667/5554/7939 3668/5559/7944
f 3661/5575/7941 3656/5574/7952 3658/5572/7953 3662/5573/7942
f 3663/5561/7946 3669/5560/7945 3670/5565/7950 3660/5564/7949
f 3666/5553/7938 3664/5552/7937 3654/5563/7948 3665/5566/7951
f 3661/5556/7941 3666/5553/7938 3665/5566/7951 3656/5567/7952
f 3667/5554/7939 3666/5553/7938 3661/5556/7941 3655/5555/7940
f 3668/5559/7944 3667/5554/7939 3655/5555/7940 3657/5570/7943
f 3657/5558/7943 3662/5557/7942 3669/5560/7945 3668/5571/7944
f 3670/5565/7950 3669/5560/7945 3662/5557/7942 3658/5568/7953
f 3665/5566/7951 3670/5565/7950 3658/5568/7953 3656/5567/7952
g default
v -6.333840 1.417734 -1.510004
v -7.998212 1.417734 -1.510004
v -6.333840 1.507286 -1.510004
v -7.998212 1.507286 -1.510004
v -6.333840 1.507286 1.960559
v -7.998212 1.507286 1.960559
v -6.333840 1.417734 1.960559
v -7.998212 1.417734 1.960559
vt 0.023406 0.214276
vt 0.023407 0.282784
vt 0.019714 0.282784
vt 0.019720 0.214276
vt 0.019714 0.071423
vt 0.019714 0.002915
vt 0.023376 0.425638
vt 0.023407 0.071423
vt 0.019714 0.425637
vt 0.023438 0.002915
vn 0.000000 0.000000 -1.000000
vn 0.000000 0.000000 -1.000000
vn 0.000000 0.000000 -1.000000
vn 0.000000 0.000000 -1.000000
vn -0.000000 0.000000 1.000000
vn -0.000000 0.000000 1.000000
vn -0.000000 0.000000 1.000000
vn -0.000000 0.000000 1.000000
vn -1.000000 0.000000 -0.000000
vn -1.000000 0.000000 -0.000000
vn -1.000000 0.000000 -0.000000
vn -1.000000 0.000000 -0.000000
vn 1.000000 0.000000 0.000000
vn 1.000000 0.000000 0.000000
vn 1.000000 0.000000 0.000000
vn 1.000000 0.000000 0.000000
s off
g group16 Consultorio1 ASSETS mesa1 pCube45
usemtl lambert3SG
f 3671/5578/7954 3672/5579/7955 3674/5580/7956 3673/5581/7957
f 3675/5582/7958 3676/5583/7959 3678/5587/7960 3677/5585/7961
f 3672/5579/7962 3678/5584/7963 3676/5586/7964 3674/5580/7965
f 3677/5585/7966 3671/5578/7967 3673/5581/7968 3675/5582/7969
g default
v -7.644762 1.549558 0.421374
v -7.710634 1.546104 -0.133145
v -7.644533 1.558460 0.421381
v -7.710409 1.555006 -0.133137
v -7.677239 1.559295 0.425404
v -7.743115 1.555842 -0.129114
v -7.677468 1.550393 0.425395
v -7.743340 1.546939 -0.129123
vt 0.030373 0.046616
vt 0.030741 0.069972
vt 0.030375 0.069968
vt 0.030373 0.046983
vt 0.029018 0.069963
vt 0.029015 0.046977
vt 0.029016 0.070329
vt 0.028648 0.046981
vt 0.029016 0.046610
vt 0.028650 0.069967
vt 0.030739 0.046986
vt 0.030373 0.070335
vn 0.992718 -0.025308 -0.117772
vn 0.992718 -0.025308 -0.117772
vn 0.992718 -0.025308 -0.117772
vn 0.992718 -0.025308 -0.117772
vn 0.024404 0.999660 -0.009126
vn 0.024404 0.999660 -0.009126
vn 0.024404 0.999660 -0.009126
vn 0.024404 0.999660 -0.009126
vn -0.992710 0.025635 0.117772
vn -0.992710 0.025635 0.117772
vn -0.992710 0.025635 0.117772
vn -0.992710 0.025635 0.117772
vn -0.121896 0.004025 -0.992535
vn -0.121896 0.004025 -0.992535
vn -0.121896 0.004025 -0.992535
vn -0.121896 0.004025 -0.992535
vn 0.121984 -0.004015 0.992524
vn 0.121984 -0.004015 0.992524
vn 0.121984 -0.004015 0.992524
vn 0.121984 -0.004015 0.992524
s off
g group16 Consultorio1 ASSETS mesa1 pCube9
usemtl lambert3SG
f 3679/5598/7970 3680/5589/7971 3682/5590/7972 3681/5591/7973
f 3681/5591/7974 3682/5590/7975 3684/5592/7976 3683/5593/7977
f 3683/5593/7978 3684/5592/7979 3686/5597/7980 3685/5595/7981
f 3680/5599/7982 3686/5594/7983 3684/5592/7984 3682/5590/7985
f 3685/5596/7986 3679/5588/7987 3681/5591/7988 3683/5593/7989
g default
v -6.213179 0.216782 -1.339163
v -8.118869 0.216782 -1.339163
v -6.213179 1.402597 -1.777221
v -8.118869 1.402597 -1.777221
v -6.213179 1.402597 2.227775
v -8.118869 1.402597 2.227775
v -6.213179 0.216782 1.789720
v -8.118869 0.216782 1.789720
v -6.213179 1.327306 -1.798407
v -6.213179 1.327306 2.248961
v -8.118869 1.327306 2.248961
v -8.118869 1.327306 -1.798407
v -8.118869 1.327306 2.206868
v -6.213179 1.402597 0.892778
v -6.213179 1.327306 0.899838
v -6.213179 0.216782 1.232471
v -6.213179 1.402597 -0.442224
v -6.213179 1.327306 -0.449286
v -6.213179 0.216782 -0.781917
v -6.213179 1.327306 0.586558
v -6.213179 0.216782 0.764711
v -8.118869 1.327306 -1.756650
v -6.213179 1.327306 -0.136004
v -6.213179 0.216782 -0.314157
v -6.213179 0.904231 -0.203875
v -6.213179 0.904231 0.654430
v -6.213179 0.831349 -0.215567
v -6.213179 0.831349 0.666120
v -6.291000 0.904231 -0.203875
v -6.291000 0.216782 -0.781917
v -6.291000 1.327306 -0.449286
v -6.291000 1.327306 -0.136004
v -6.291000 0.216782 1.232471
v -6.291000 0.904231 0.654430
v -6.291000 1.327306 0.586558
v -6.291000 1.327306 0.899838
v -6.291000 0.831349 -0.215567
v -6.291000 0.831349 0.666120
v -6.291000 0.216782 -0.314157
v -6.291000 0.216782 0.764711
v -8.118869 0.216782 -1.297224
v -8.118869 0.216782 1.747642
v -6.936879 1.327306 2.206868
v -6.936879 0.216782 1.747642
v -6.936879 0.216782 -1.297224
v -6.936879 1.327306 -1.756650
vt 0.139587 0.315918
vt 0.113861 0.241822
vt 0.160065 0.224716
vt 0.186554 0.299240
vt 0.110825 0.242041
vt 0.031769 0.241455
vt 0.111275 0.186502
vt 0.114655 0.076164
vt 0.140961 0.004654
vt 0.186401 0.021469
vt 0.159653 0.093582
vt 0.254974 0.256676
vt 0.187714 0.300537
vt 0.114426 0.186824
vt 0.599121 0.177986
vt 0.111679 0.075890
vt 0.032761 0.075272
vt 0.111504 0.130973
vt 0.114624 0.130657
vt 0.159958 0.116425
vt 0.913324 0.190605
vt 0.895870 0.187439
vt 0.602325 0.177986
vt 0.648041 0.191673
vt 0.648041 0.204563
vt 0.029633 0.076126
vt 0.651253 0.234306
vt 0.602337 0.260902
vt 0.892406 0.223217
vt 0.913324 0.226383
vt 0.648048 0.247200
vt 0.895870 0.223217
vt 0.895870 0.190605
vt 0.090889 0.029400
vt 0.087936 0.072933
vt 0.062626 0.026234
vt 0.227859 0.192806
vt 0.227859 0.067478
vt 0.273575 0.048576
vt 0.273575 0.211716
vt 0.602337 0.241646
vt 0.599136 0.241646
vt 0.062626 0.029400
vt 0.087936 0.029400
vt 0.087936 0.069771
vt 0.209259 0.022514
vt 0.254974 0.003613
vt 0.187531 0.020218
vt 0.209259 0.237762
vt 0.140686 0.317238
vt 0.028656 0.240585
vt 0.136261 0.316818
vt 0.138000 0.003540
vt 0.142029 0.003387
vt 0.062626 0.069771
vt 0.603245 0.174919
vt 0.160469 0.201492
vt 0.648960 0.188599
vt 0.651245 0.191666
vt 0.599129 0.197239
vt 0.651253 0.247200
vt 0.648968 0.250267
vt 0.114586 0.143719
vt 0.913324 0.223217
vt 0.114464 0.173776
vt 0.651245 0.204563
vt 0.603256 0.263969
vt 0.599136 0.260902
vt 0.627632 0.237583
vt 0.090889 0.069771
vt 0.627627 0.201294
vt 0.087936 0.026234
vt 0.630631 0.237103
vt 0.895870 0.226383
vt 0.630627 0.201775
vt 0.892406 0.190605
vt 0.062626 0.072933
vt 0.602329 0.197239
vt 0.648045 0.234306
vt 0.913324 0.187439
vn 0.000000 -0.382151 -0.924100
vn 0.000000 -0.382151 -0.924100
vn 0.000000 -0.382151 -0.924100
vn 0.000000 -0.382151 -0.924100
vn 0.000000 1.000000 0.000000
vn 0.000000 1.000000 0.000000
vn 0.000000 1.000000 0.000000
vn -0.000000 -0.382148 0.924101
vn -0.000000 -0.382148 0.924101
vn -0.000000 -0.382148 0.924101
vn -0.000000 -0.382148 0.924101
vn -1.000000 0.000000 -0.000000
vn -1.000000 0.000000 -0.000000
vn -1.000000 0.000000 -0.000000
vn -1.000000 0.000000 -0.000000
vn 1.000000 -0.000002 0.000000
vn 1.000000 -0.000002 0.000000
vn 1.000000 -0.000002 0.000000
vn 1.000000 -0.000002 0.000000
vn 1.000000 0.000000 0.000000
vn 1.000000 0.000000 0.000000
vn 1.000000 0.000000 0.000000
vn 1.000000 0.000000 0.000000
vn -0.000000 0.270869 0.962616
vn -0.000000 0.270869 0.962616
vn -0.000000 0.270869 0.962616
vn -0.000000 0.270869 0.962616
vn -1.000000 0.000000 -0.000000
vn -1.000000 0.000000 -0.000000
vn -1.000000 0.000000 -0.000000
vn 0.000000 0.270869 -0.962616
vn 0.000000 0.270869 -0.962616
vn 0.000000 0.270869 -0.962616
vn 0.000000 0.270869 -0.962616
vn 0.000000 1.000000 0.000000
vn 0.000000 1.000000 0.000000
vn 0.000000 1.000000 0.000000
vn 1.000000 0.000034 0.000000
vn 1.000000 0.000034 0.000000
vn 1.000000 0.000034 0.000000
vn 1.000000 0.000034 0.000000
vn 1.000000 -0.000002 0.000000
vn 1.000000 -0.000002 0.000000
vn 1.000000 -0.000002 0.000000
vn 1.000000 -0.000002 0.000000
vn 1.000000 0.000000 0.000000
vn 1.000000 0.000000 0.000000
vn 1.000000 0.000000 0.000000
vn 1.000000 -0.000005 0.000000
vn 1.000000 -0.000005 0.000000
vn 1.000000 -0.000005 0.000000
vn 1.000000 -0.000005 0.000000
vn -1.000000 -0.000053 -0.000000
vn -1.000000 -0.000053 -0.000000
vn -1.000000 -0.000053 -0.000000
vn -1.000000 -0.000053 -0.000000
vn 0.000000 1.000000 0.000000
vn 0.000000 1.000000 0.000000
vn 0.000000 1.000000 0.000000
vn 0.000000 1.000000 0.000000
vn 1.000000 0.000046 0.000000
vn 1.000000 0.000046 0.000000
vn 1.000000 0.000046 0.000000
vn 1.000000 0.000003 0.000000
vn 1.000000 0.000003 0.000000
vn 1.000000 0.000003 0.000000
vn 1.000000 0.000003 0.000000
vn 1.000000 0.000011 0.000000
vn 1.000000 0.000011 0.000000
vn 1.000000 0.000011 0.000000
vn 1.000000 0.000011 0.000000
vn 1.000000 0.000006 0.000000
vn 1.000000 0.000006 0.000000
vn 1.000000 0.000006 0.000000
vn 1.000000 0.000006 0.000000
vn 1.000000 0.000052 0.000000
vn 1.000000 0.000052 0.000000
vn 1.000000 0.000052 0.000000
vn 1.000000 0.000000 0.000000
vn 1.000000 0.000000 0.000000
vn 1.000000 0.000000 0.000000
vn 1.000000 0.000031 0.000000
vn 1.000000 0.000031 0.000000
vn 1.000000 0.000031 0.000000
vn 1.000000 0.000031 0.000000
vn 1.000000 -0.000006 0.000000
vn 1.000000 -0.000006 0.000000
vn 1.000000 -0.000006 0.000000
vn -1.000000 -0.000001 -0.000000
vn -1.000000 -0.000001 -0.000000
vn -1.000000 -0.000001 -0.000000
vn -1.000000 -0.000001 -0.000000
vn 1.000000 -0.000012 0.000000
vn 1.000000 -0.000012 0.000000
vn 1.000000 -0.000012 0.000000
vn 1.000000 -0.000005 0.000000
vn 1.000000 -0.000005 0.000000
vn 1.000000 -0.000005 0.000000
vn 1.000000 -0.000005 0.000000
vn -0.000000 -0.286925 0.957953
vn -0.000000 -0.286925 0.957953
vn -0.000000 -0.286925 0.957953
vn -0.000000 -0.286925 0.957953
vn 0.000000 -1.000000 -0.000000
vn 0.000000 -1.000000 -0.000000
vn 0.000000 -1.000000 -0.000000
vn 0.000000 -1.000000 -0.000000
vn 0.000000 0.158398 -0.987375
vn 0.000000 0.158398 -0.987375
vn 0.000000 0.158398 -0.987375
vn 0.000000 0.158398 -0.987375
vn -0.000000 0.158404 0.987374
vn -0.000000 0.158404 0.987374
vn -0.000000 0.158404 0.987374
vn -0.000000 0.158404 0.987374
vn 0.000000 -1.000000 -0.000000
vn 0.000000 -1.000000 -0.000000
vn 0.000000 -1.000000 -0.000000
vn 0.000000 -1.000000 -0.000000
vn 0.000000 -0.286934 -0.957950
vn 0.000000 -0.286934 -0.957950
vn 0.000000 -0.286934 -0.957950
vn 0.000000 -0.286934 -0.957950
vn 0.000000 1.000000 0.000000
vn 0.000000 1.000000 0.000000
vn 0.000000 1.000000 0.000000
vn 0.000000 1.000000 0.000000
vn 0.000000 -1.000000 -0.000000
vn 0.000000 -1.000000 -0.000000
vn 0.000000 -1.000000 -0.000000
vn 0.000000 -1.000000 -0.000000
vn 0.000000 1.000000 0.000000
vn 0.000000 1.000000 0.000000
vn 0.000000 1.000000 0.000000
vn 0.000000 1.000000 0.000000
vn 0.000000 0.158397 -0.987376
vn 0.000000 0.158397 -0.987376
vn 0.000000 0.158397 -0.987376
vn 0.000000 0.158397 -0.987376
vn 0.000000 1.000000 0.000000
vn 0.000000 1.000000 0.000000
vn 0.000000 1.000000 0.000000
vn 0.000000 1.000000 0.000000
vn -0.000000 0.158397 0.987376
vn -0.000000 0.158397 0.987376
vn -0.000000 0.158397 0.987376
vn -0.000000 0.158397 0.987376
vn -1.000000 0.000000 -0.000000
vn -1.000000 0.000000 -0.000000
vn -1.000000 0.000000 -0.000000
vn -1.000000 0.000000 -0.000000
vn -1.000000 0.000000 -0.000000
vn -1.000000 0.000000 -0.000000
vn -1.000000 0.000000 -0.000000
vn 0.000000 0.382138 -0.924105
vn 0.000000 0.382138 -0.924105
vn 0.000000 0.382138 -0.924105
vn 0.000000 0.382138 -0.924105
vn -0.000000 0.382279 0.924047
vn -0.000000 0.382279 0.924047
vn -0.000000 0.382279 0.924047
vn -0.000000 0.382279 0.924047
s off
g group16 Consultorio1 ASSETS mesa1 pCube46
usemtl lambert3SG
f 3698/5600/7990 3695/5601/7991 3687/5602/7992 3688/5603/7993
f 3689/5604/7994 3690/5605/7995 3703/5606/7996
f 3696/5607/7997 3697/5608/7998 3694/5609/7999 3693/5610/8000
f 3708/5649/8001 3698/5600/8002 3688/5603/8003 3727/5612/8004
f 3687/5602/8005 3695/5601/8006 3704/5613/8007 3705/5656/8008
f 3695/5601/8009 3689/5604/8010 3703/5606/8011 3704/5613/8012
f 3691/5615/8013 3692/5652/8014 3697/5608/8015 3696/5607/8016
f 3698/5600/8017 3708/5649/8018 3690/5651/8019
f 3695/5601/8020 3698/5600/8021 3690/5651/8022 3689/5604/8023
f 3700/5617/8024 3692/5616/8025 3691/5615/8026
f 3701/5618/8027 3700/5617/8028 3691/5615/8029 3696/5607/8030
f 3702/5619/8031 3701/5618/8032 3696/5607/8033 3693/5610/8034
f 3709/5664/8035 3704/5613/8036 3703/5606/8037
f 3715/5674/8038 3716/5622/8039 3717/5623/8040 3718/5624/8041
f 3708/5650/8042 3699/5625/8043 3692/5616/8044 3690/5605/8045
f 3692/5616/8046 3700/5617/8047 3703/5606/8048 3690/5605/8049
f 3701/5618/8050 3706/5662/8051 3700/5617/8052
f 3719/5627/8053 3720/5672/8054 3721/5678/8055 3722/5630/8056
f 3706/5662/8057 3709/5664/8058 3703/5606/8059 3700/5617/8060
f 3712/5631/8061 3711/5632/8062 3709/5620/8063 3706/5663/8064
f 3723/5670/8065 3716/5622/8066 3715/5674/8067
f 3719/5627/8068 3724/5668/8069 3720/5672/8070
f 3724/5668/8071 3723/5670/8072 3715/5674/8073 3720/5672/8074
f 3725/5677/8075 3716/5622/8076 3723/5670/8077
f 3731/5636/8078 3730/5637/8079 3729/5638/8080 3732/5639/8081
f 3719/5627/8082 3726/5640/8083 3724/5668/8084
f 3707/5654/8085 3710/5642/8086 3713/5643/8087 3714/5644/8088
f 3704/5657/8089 3717/5623/8090 3716/5622/8091 3705/5655/8092
f 3704/5658/8093 3709/5665/8094 3718/5624/8095 3717/5623/8096
f 3709/5620/8097 3711/5632/8098 3715/5621/8099 3718/5679/8100
f 3712/5631/8101 3706/5663/8102 3721/5629/8103 3720/5673/8104
f 3706/5626/8105 3701/5660/8106 3722/5630/8107 3721/5678/8108
f 3719/5627/8109 3722/5630/8110 3701/5661/8111 3702/5666/8112
f 3714/5644/8113 3713/5643/8114 3723/5633/8115 3724/5669/8116
f 3711/5632/8117 3712/5631/8118 3720/5628/8119 3715/5675/8120
f 3710/5659/8121 3705/5614/8122 3716/5622/8123 3725/5677/8124
f 3713/5643/8125 3710/5642/8126 3725/5635/8127 3723/5671/8128
f 3702/5667/8129 3707/5641/8130 3726/5640/8131 3719/5627/8132
f 3707/5654/8133 3714/5644/8134 3724/5634/8135 3726/5676/8136
f 3728/5647/8137 3694/5609/8138 3697/5608/8139 3699/5653/8140
f 3692/5652/8141 3699/5653/8142 3697/5608/8143
f 3728/5645/8144 3699/5646/8145 3729/5638/8146 3730/5637/8147
f 3708/5611/8148 3727/5648/8149 3731/5636/8150 3732/5639/8151
g default
v -6.213179 1.507801 -1.777221
v -8.118869 1.507801 -1.777221
v -6.213179 1.530484 -1.777221
v -8.118869 1.530484 -1.777221
v -6.213179 1.530484 2.227776
v -8.118869 1.530484 2.227776
v -6.213179 1.507801 2.227776
v -8.118869 1.507801 2.227776
vt 0.679428 0.169601
vt 0.600052 0.170532
vt 0.600052 0.169601
vt 0.678497 0.169601
vt 0.600052 0.004745
vt 0.678497 0.004745
vt 0.599121 0.004745
vt 0.678497 0.003815
vt 0.679428 0.004745
vt 0.600052 0.003815
vt 0.678497 0.170532
vt 0.599121 0.169601
vn 0.000000 0.000000 -1.000000
vn 0.000000 0.000000 -1.000000
vn 0.000000 0.000000 -1.000000
vn 0.000000 0.000000 -1.000000
vn 0.000000 1.000000 0.000000
vn 0.000000 1.000000 0.000000
vn 0.000000 1.000000 0.000000
vn 0.000000 1.000000 0.000000
vn -0.000000 0.000000 1.000000
vn -0.000000 0.000000 1.000000
vn -0.000000 0.000000 1.000000
vn -0.000000 0.000000 1.000000
vn -1.000000 0.000000 -0.000000
vn -1.000000 0.000000 -0.000000
vn -1.000000 0.000000 -0.000000
vn -1.000000 0.000000 -0.000000
vn 1.000000 0.000000 0.000000
vn 1.000000 0.000000 0.000000
vn 1.000000 0.000000 0.000000
vn 1.000000 0.000000 0.000000
s off
g group16 Consultorio1 ASSETS mesa1 pCube40
usemtl lambert3SG
f 3733/5690/8152 3734/5681/8153 3736/5682/8154 3735/5683/8155
f 3735/5683/8156 3736/5682/8157 3738/5684/8158 3737/5685/8159
f 3737/5685/8160 3738/5684/8161 3740/5689/8162 3739/5687/8163
f 3734/5691/8164 3740/5686/8165 3738/5684/8166 3736/5682/8167
f 3739/5688/8168 3733/5680/8169 3735/5683/8170 3737/5685/8171
g default
v -7.360866 1.528545 1.074400
v -7.312169 1.521985 0.984040
v -7.360394 1.544232 1.073513
v -7.311698 1.537673 0.983154
v -7.498397 1.550040 0.995023
v -7.449701 1.543480 0.904662
v -7.499046 1.529333 0.996174
v -7.450350 1.522774 0.905816
v -7.347401 1.520940 0.940691
v -7.346807 1.540100 0.939620
v -7.415828 1.549396 1.067698
v -7.416426 1.530237 1.068769
v -7.317566 1.525131 1.039441
v -7.316971 1.544290 1.038370
v -7.378425 1.580118 1.001861
v -7.492874 1.550368 0.939436
v -7.493650 1.526188 0.940775
vt 0.102940 0.016133
vt 0.099820 0.016787
vt 0.099944 0.016054
vt 0.102341 0.015851
vt 0.100407 0.013139
vt 0.103452 0.013733
vt 0.103258 0.009079
vt 0.101191 0.008040
vt 0.101343 0.007166
vt 0.103630 0.008183
vt 0.097499 0.015706
vt 0.096604 0.012603
vt 0.097383 0.012692
vt 0.097805 0.015033
vt 0.104214 0.013875
vt 0.097987 0.008028
vt 0.098894 0.008329
vt 0.098841 0.007361
vt 0.097075 0.015162
vt 0.104214 0.009051
vt 0.102368 0.016530
vn 0.287332 0.044934 0.956777
vn 0.880295 -0.000389 0.474426
vn 0.521228 0.823616 0.223558
vn 0.214928 0.778355 0.589890
vn 0.055188 0.997670 -0.040113
vn -0.240057 0.862243 0.445994
vn -0.441804 0.858524 0.260281
vn -0.256211 0.943033 -0.212236
vn -0.880265 0.001536 -0.474480
vn -0.868858 0.054733 0.492027
vn 0.957135 -0.045467 -0.286053
vn 0.477320 -0.063715 -0.876417
vn 0.305305 0.792481 -0.527979
vn 0.660976 0.714195 -0.230298
vn -0.506716 0.063867 0.859744
vn -0.030477 -0.054491 -0.998049
vn 0.045909 0.796359 -0.603079
s 1
g group16 Consultorio1 ASSETS mesa1 Mouse
usemtl lambert3SG
f 3741/5712/8172 3753/5693/8173 3754/5694/8174 3743/5695/8175
f 3743/5695/8175 3754/5694/8174 3755/5696/8176 3751/5697/8177
f 3745/5698/8178 3756/5699/8179 3757/5700/8180 3747/5701/8181
f 3742/5710/8182 3749/5703/8183 3750/5704/8184 3744/5705/8185
f 3752/5706/8186 3741/5692/8172 3743/5695/8175 3751/5697/8177
f 3749/5703/8183 3748/5707/8187 3746/5708/8188 3750/5704/8184
f 3751/5697/8177 3755/5696/8176 3756/5699/8179 3745/5698/8178
f 3747/5711/8181 3752/5706/8186 3751/5697/8177 3745/5698/8178
f 3753/5693/8173 3742/5702/8182 3744/5705/8185 3754/5694/8174
f 3755/5696/8176 3754/5694/8174 3744/5705/8185 3750/5704/8184
f 3756/5699/8179 3755/5696/8176 3750/5704/8184 3746/5708/8188
f 3757/5700/8180 3756/5699/8179 3746/5708/8188 3748/5709/8187
g default
v -7.714171 1.553834 0.436023
v -7.785327 1.556293 -0.127665
v -7.713943 1.562735 0.436033
v -7.785099 1.565195 -0.127657
v -7.884652 1.567095 0.457026
v -7.955804 1.569554 -0.106662
v -7.884880 1.558193 0.457017
v -7.956033 1.560653 -0.106671
vt 0.592264 0.200195
vt 0.592632 0.223948
vt 0.592266 0.223948
vt 0.592266 0.200562
vt 0.585184 0.223972
vt 0.585184 0.200585
vt 0.585184 0.224339
vt 0.584818 0.200585
vt 0.585182 0.200219
vt 0.584818 0.223972
vt 0.592632 0.200562
vt 0.592266 0.224316
vn 0.991788 -0.025602 -0.125307
vn 0.991788 -0.025602 -0.125307
vn 0.991788 -0.025602 -0.125307
vn 0.991788 -0.025602 -0.125307
vn 0.025668 0.999670 0.001121
vn 0.025668 0.999670 0.001121
vn 0.025668 0.999670 0.001121
vn 0.025668 0.999670 0.001121
vn -0.991798 0.025227 0.125302
vn -0.991798 0.025227 0.125302
vn -0.991798 0.025227 0.125302
vn -0.991798 0.025227 0.125302
vn -0.121967 0.004044 -0.992526
vn -0.121967 0.004044 -0.992526
vn -0.121967 0.004044 -0.992526
vn -0.121967 0.004044 -0.992526
vn 0.121961 -0.004182 0.992526
vn 0.121961 -0.004182 0.992526
vn 0.121961 -0.004182 0.992526
vn 0.121961 -0.004182 0.992526
s off
g group16 Consultorio1 ASSETS mesa1 pCube10
usemtl lambert3SG
f 3758/5723/8189 3759/5714/8190 3761/5715/8191 3760/5716/8192
f 3760/5716/8193 3761/5715/8194 3763/5717/8195 3762/5718/8196
f 3762/5718/8197 3763/5717/8198 3765/5722/8199 3764/5720/8200
f 3759/5724/8201 3765/5719/8202 3763/5717/8203 3761/5715/8204
f 3764/5721/8205 3758/5713/8206 3760/5716/8207 3762/5718/8208
g default
v -4.944738 1.387929 -7.689424
v -4.601518 1.387929 -7.689424
v -4.944738 1.769827 -7.796698
v -4.601518 1.769827 -7.796698
v -4.944738 1.767711 -7.804231
v -4.601518 1.767711 -7.804231
v -4.944738 1.385813 -7.696957
v -4.601518 1.385813 -7.696957
v -4.620419 1.753806 -7.792198
v -4.925838 1.753806 -7.792198
v -4.925838 1.751690 -7.799731
v -4.620419 1.751690 -7.799731
v -4.620419 1.403949 -7.693924
v -4.925838 1.403949 -7.693924
v -4.925838 1.401833 -7.701457
v -4.620419 1.401833 -7.701457
vt 0.801643 0.260105
vt 0.802725 0.261049
vt 0.801643 0.282499
vt 0.801643 0.282938
vt 0.801205 0.260105
vt 0.821146 0.260105
vt 0.821146 0.259659
vt 0.821146 0.282499
vt 0.821590 0.282499
vt 0.820066 0.261049
vt 0.820066 0.281549
vt 0.802725 0.281549
vt 0.819828 0.281349
vt 0.819828 0.261251
vt 0.802965 0.261251
vt 0.802965 0.281349
vt 0.821146 0.282938
vt 0.821590 0.260105
vt 0.801643 0.259659
vt 0.801205 0.282499
vn 0.000000 0.962740 -0.270430
vn 0.000000 0.962740 -0.270430
vn 0.000000 0.962740 -0.270430
vn 0.000000 0.962740 -0.270430
vn 0.000000 -0.962740 0.270430
vn 0.000000 -0.962740 0.270430
vn 0.000000 -0.962740 0.270430
vn 0.000000 -0.962740 0.270430
vn 0.000000 0.270430 0.962740
vn 0.000000 0.270430 0.962740
vn 0.000000 0.270430 0.962740
vn 0.000000 0.270430 0.962740
vn 0.000000 0.270430 0.962740
vn 0.000000 0.270430 0.962740
vn 0.000000 0.270430 0.962740
vn 0.000000 0.270430 0.962740
vn -0.000024 0.270430 0.962740
vn -0.000024 0.270430 0.962740
vn -0.000024 0.270430 0.962740
vn -0.000024 0.270430 0.962740
vn 0.000000 0.270430 0.962740
vn 0.000000 0.270430 0.962740
vn 0.000000 0.270430 0.962740
vn 0.000000 0.270430 0.962740
vn -1.000000 0.000000 0.000000
vn -1.000000 0.000000 0.000000
vn -1.000000 0.000000 0.000000
vn -1.000000 0.000000 0.000000
vn 1.000000 0.000000 0.000000
vn 1.000000 0.000000 0.000000
vn 1.000000 0.000000 0.000000
vn 1.000000 0.000000 0.000000
vn -1.000000 0.000000 0.000000
vn -1.000000 0.000000 0.000000
vn -1.000000 0.000000 0.000000
vn -1.000000 0.000000 0.000000
vn 1.000000 0.000000 0.000000
vn 1.000000 0.000000 0.000000
vn 1.000000 0.000000 0.000000
vn 1.000000 0.000000 0.000000
vn 0.000000 0.962740 -0.270430
vn 0.000000 0.962740 -0.270430
vn 0.000000 0.962740 -0.270430
vn 0.000000 0.962740 -0.270430
vn 0.000000 -0.962740 0.270430
vn 0.000000 -0.962740 0.270430
vn 0.000000 -0.962740 0.270430
vn 0.000000 -0.962740 0.270430
s off
g group16 Consultorio1 ASSETS pCube28 cuadros_c
usemtl lambert3SG
f 3768/5727/8209 3769/5732/8210 3771/5741/8211 3770/5728/8212
f 3766/5725/8213 3772/5743/8214 3773/5731/8215 3767/5730/8216
f 3779/5726/8217 3766/5725/8218 3767/5730/8219 3778/5734/8220
f 3768/5727/8221 3775/5736/8222 3774/5735/8223 3769/5732/8224
f 3774/5735/8225 3778/5734/8226 3767/5730/8227 3769/5732/8228
f 3766/5725/8229 3779/5726/8230 3775/5736/8231 3768/5727/8232
f 3772/5729/8233 3766/5725/8234 3768/5727/8235 3770/5744/8236
f 3767/5730/8237 3773/5742/8238 3771/5733/8239 3769/5732/8240
f 3777/5737/8241 3781/5738/8242 3778/5734/8243 3774/5735/8244
f 3780/5739/8245 3776/5740/8246 3775/5736/8247 3779/5726/8248
f 3779/5726/8249 3778/5734/8250 3781/5738/8251 3780/5739/8252
f 3777/5737/8253 3774/5735/8254 3775/5736/8255 3776/5740/8256
g default
v -0.728060 2.015446 -7.882251
v -0.384837 2.015446 -7.882251
v -0.728060 2.540870 -7.882251
v -0.384837 2.540870 -7.882251
v -0.728060 2.540870 -7.890076
v -0.384837 2.540870 -7.890076
v -0.728060 2.015446 -7.890076
v -0.384837 2.015446 -7.890076
v -0.403740 2.518828 -7.882251
v -0.709160 2.518828 -7.882251
v -0.709160 2.518828 -7.890076
v -0.403740 2.518828 -7.890076
v -0.403740 2.037487 -7.882251
v -0.709160 2.037487 -7.882251
v -0.709160 2.037487 -7.890076
v -0.403740 2.037487 -7.890076
vt 0.209703 0.249447
vt 0.210779 0.250687
vt 0.209703 0.278824
vt 0.209703 0.279266
vt 0.209269 0.249447
vt 0.229181 0.249447
vt 0.229181 0.249001
vt 0.229181 0.278824
vt 0.229620 0.278824
vt 0.228109 0.250687
vt 0.228109 0.277580
vt 0.210779 0.277580
vt 0.227842 0.277409
vt 0.227842 0.250858
vt 0.211048 0.250858
vt 0.211048 0.277409
vt 0.229181 0.279266
vt 0.229620 0.249447
vt 0.209703 0.249001
vt 0.209269 0.278824
vn 0.000000 1.000000 0.000000
vn 0.000000 1.000000 0.000000
vn 0.000000 1.000000 0.000000
vn 0.000000 1.000000 0.000000
vn 0.000000 -1.000000 0.000000
vn 0.000000 -1.000000 0.000000
vn 0.000000 -1.000000 0.000000
vn 0.000000 -1.000000 0.000000
vn 0.000000 0.000000 1.000000
vn 0.000000 0.000000 1.000000
vn 0.000000 0.000000 1.000000
vn 0.000000 0.000000 1.000000
vn 0.000000 0.000000 1.000000
vn 0.000000 0.000000 1.000000
vn 0.000000 0.000000 1.000000
vn 0.000000 0.000000 1.000000
vn -0.000007 0.000000 1.000000
vn -0.000007 0.000000 1.000000
vn -0.000007 0.000000 1.000000
vn -0.000007 0.000000 1.000000
vn 0.000000 0.000000 1.000000
vn 0.000000 0.000000 1.000000
vn 0.000000 0.000000 1.000000
vn 0.000000 0.000000 1.000000
vn -1.000000 0.000000 0.000000
vn -1.000000 0.000000 0.000000
vn -1.000000 0.000000 0.000000
vn -1.000000 0.000000 0.000000
vn 1.000000 0.000000 0.000000
vn 1.000000 0.000000 0.000000
vn 1.000000 0.000000 0.000000
vn 1.000000 0.000000 0.000000
vn -1.000000 0.000000 0.000000
vn -1.000000 0.000000 0.000000
vn -1.000000 0.000000 0.000000
vn -1.000000 0.000000 0.000000
vn 1.000000 0.000000 0.000000
vn 1.000000 0.000000 0.000000
vn 1.000000 0.000000 0.000000
vn 1.000000 0.000000 0.000000
vn 0.000000 1.000000 0.000000
vn 0.000000 1.000000 0.000000
vn 0.000000 1.000000 0.000000
vn 0.000000 1.000000 0.000000
vn 0.000000 -1.000000 0.000000
vn 0.000000 -1.000000 0.000000
vn 0.000000 -1.000000 0.000000
vn 0.000000 -1.000000 0.000000
s off
g group16 Consultorio1 ASSETS cuadros_c pCube49
usemtl lambert3SG
f 3784/5747/8257 3785/5752/8258 3787/5761/8259 3786/5748/8260
f 3782/5745/8261 3788/5763/8262 3789/5751/8263 3783/5750/8264
f 3795/5746/8265 3782/5745/8266 3783/5750/8267 3794/5754/8268
f 3784/5747/8269 3791/5756/8270 3790/5755/8271 3785/5752/8272
f 3790/5755/8273 3794/5754/8274 3783/5750/8275 3785/5752/8276
f 3782/5745/8277 3795/5746/8278 3791/5756/8279 3784/5747/8280
f 3788/5749/8281 3782/5745/8282 3784/5747/8283 3786/5764/8284
f 3783/5750/8285 3789/5762/8286 3787/5753/8287 3785/5752/8288
f 3793/5757/8289 3797/5758/8290 3794/5754/8291 3790/5755/8292
f 3796/5759/8293 3792/5760/8294 3791/5756/8295 3795/5746/8296
f 3795/5746/8297 3794/5754/8298 3797/5758/8299 3796/5759/8300
f 3793/5757/8301 3790/5755/8302 3791/5756/8303 3792/5760/8304
g default
v -4.892726 1.435790 -7.703392
v -4.654963 1.435790 -7.703392
v -4.892726 1.721461 -7.783636
v -4.654963 1.721461 -7.783636
vt 0.636679 0.257988
vt 0.649391 0.257988
vt 0.649389 0.273851
vt 0.636678 0.273851
vn 0.000000 0.270430 0.962740
vn 0.000000 0.270430 0.962740
vn 0.000000 0.270430 0.962740
vn 0.000000 0.270430 0.962740
s off
g group16 Consultorio1 ASSETS cuadros_c pCube31
usemtl lambert3SG
f 3798/5765/8305 3799/5766/8306 3801/5767/8307 3800/5768/8308
g default
v -4.930518 1.404661 -7.700008
v -4.617173 1.404661 -7.700008
v -4.930518 1.752590 -7.797740
v -4.617173 1.752590 -7.797740
vt 0.234306 0.258072
vt 0.251057 0.258072
vt 0.251057 0.277391
vt 0.234306 0.277391
vn 0.000000 0.270430 0.962740
vn 0.000000 0.270430 0.962740
vn 0.000000 0.270430 0.962740
vn 0.000000 0.270430 0.962740
s off
g group16 Consultorio1 ASSETS cuadros_c pCube48
usemtl lambert3SG
f 3802/5769/8309 3803/5770/8310 3805/5771/8311 3804/5772/8312
g default
v -0.676045 2.082707 -7.884618
v -0.438284 2.082707 -7.884618
v -0.676045 2.475741 -7.884618
v -0.438284 2.475741 -7.884618
vt 0.087664 0.244684
vt 0.100374 0.244684
vt 0.100374 0.265696
vt 0.087664 0.265696
vn 0.000000 0.000000 1.000000
vn 0.000000 0.000000 1.000000
vn 0.000000 0.000000 1.000000
vn 0.000000 0.000000 1.000000
s off
g group16 Consultorio1 ASSETS cuadros_c pCube47
usemtl lambert3SG
f 3806/5773/8313 3807/5774/8314 3809/5775/8315 3808/5776/8316
g default
v -0.713840 2.039879 -7.885310
v -0.400492 2.039879 -7.885310
v -0.713840 2.518569 -7.885310
v -0.400492 2.518569 -7.885310
vt 0.289743 0.245987
vt 0.306496 0.245987
vt 0.306498 0.271576
vt 0.289745 0.271580
vn 0.000000 0.000000 1.000000
vn 0.000000 0.000000 1.000000
vn 0.000000 0.000000 1.000000
vn 0.000000 0.000000 1.000000
s off
g group16 Consultorio1 ASSETS cuadros_c pCube30
usemtl lambert3SG
f 3810/5777/8317 3811/5778/8318 3813/5779/8319 3812/5780/8320
g default
v 8.735651 2.499372 8.164773
v 8.735651 2.761155 8.164773
v 9.095651 2.499372 7.799004
v 9.095651 2.761155 7.799004
v 8.735651 2.499372 7.799008
v 8.735651 2.761155 7.799008
v 9.095651 2.761155 7.809807
v 8.744793 2.761155 7.809751
v 8.745479 2.761155 8.164773
v 9.095651 2.791224 7.809807
v 8.744793 2.791224 7.809751
v 8.745479 2.791224 8.164773
vt 0.792206 0.198424
vt 0.791912 0.217431
vt 0.778071 0.217402
vt 0.778400 0.198229
vt 0.792263 0.237030
vt 0.777958 0.237034
vt 0.792759 0.198427
vt 0.792450 0.217523
vt 0.792805 0.237032
vt 0.794376 0.198448
vt 0.794098 0.217537
vt 0.794468 0.237011
vn -0.000009 0.040596 -0.999176
vn -0.712443 0.027111 -0.701206
vn -0.712705 0.000000 -0.701463
vn -0.000009 0.000000 -1.000000
vn -0.999364 0.035653 0.000000
vn -1.000000 0.000000 -0.000000
vn 0.000151 0.341129 -0.940016
vn -0.576709 0.586291 -0.568920
vn -0.952534 0.304427 0.001843
vn 0.000161 0.000000 -1.000000
vn -0.711896 0.000000 -0.702285
vn -0.999998 0.000000 0.001934
s 1
g group16 Consultorio1 ASSETS Iluminador group12
usemtl lambert3SG
f 3817/5781/8321 3819/5782/8322 3818/5783/8323 3816/5784/8324
f 3819/5782/8322 3815/5785/8325 3814/5786/8326 3818/5783/8323
f 3819/5782/8322 3817/5781/8321 3820/5787/8327 3821/5788/8328
f 3815/5785/8325 3819/5782/8322 3821/5788/8328 3822/5789/8329
f 3821/5788/8328 3820/5787/8327 3823/5790/8330 3824/5791/8331
f 3822/5789/8329 3821/5788/8328 3824/5791/8331 3825/5792/8332
g default
v -1.023910 0.162438 8.182246
v -5.454393 0.162438 8.182241
v -1.023910 3.692525 8.182246
v -5.454393 3.692525 8.182241
v -5.454393 0.162438 7.858905
v -5.454393 3.692525 7.858905
v -1.023910 0.162438 7.858914
v -1.023910 3.692525 7.858914
v -5.454393 0.986738 7.858905
v -5.454393 0.986738 8.182241
v -1.023910 0.986738 8.182246
v -1.023910 0.986738 7.858914
v -5.454393 1.867515 7.858905
v -5.454393 1.867515 8.182241
v -1.023910 1.867515 8.182246
v -1.023910 1.867515 7.858914
v -5.454393 2.708617 7.858905
v -5.454393 2.708617 8.182241
v -1.023910 2.708617 8.182246
v -1.023910 2.708617 7.858914
v -1.088466 2.828550 7.858910
v -1.088466 2.708617 7.858910
v -1.088466 1.987448 7.858910
v -1.088466 1.867515 7.858910
v -1.088473 1.104175 7.858910
v -1.088473 0.986738 7.858910
v -5.389834 2.828550 7.858910
v -5.389834 2.708617 7.858910
v -5.389834 1.987448 7.858910
v -5.389834 1.867515 7.858910
v -5.389834 1.104175 7.858910
v -5.389834 0.986738 7.858910
v -1.088466 3.557727 7.858910
v -5.389834 3.557727 7.858905
v -1.088473 0.302607 7.858910
v -5.389834 0.302607 7.858910
v -5.389834 2.708617 8.166946
v -5.389834 1.987448 8.166946
v -1.088466 2.708617 8.166949
v -1.088466 1.987448 8.166949
v -5.389834 1.867515 8.166946
v -5.389834 1.104175 8.166946
v -1.088466 1.867515 8.166949
v -1.088473 1.104175 8.166949
v -5.389834 0.986738 8.166946
v -5.389834 0.302607 8.166946
v -1.088473 0.986738 8.166949
v -1.088473 0.302607 8.166949
v -1.088466 3.557727 8.166949
v -5.389834 3.557727 8.166944
v -1.088466 2.828550 8.166949
v -5.389834 2.828550 8.166946
vt 0.860218 0.003830
vt 0.874478 0.003815
vt 0.412636 0.207031
vt 0.897738 0.131134
vt 0.860226 0.101463
vt 0.874487 0.101456
vt 0.468582 0.005770
vt 0.860228 0.131210
vt 0.897729 0.033493
vt 0.883469 0.033501
vt 0.883465 0.003754
vt 0.897726 0.003754
vt 0.505417 0.004836
vt 0.316589 0.002005
vt 0.375580 0.003754
vt 0.860224 0.069677
vt 0.874484 0.069676
vt 0.897732 0.065278
vt 0.883471 0.065279
vt 0.576950 0.004806
vt 0.345184 0.001991
vt 0.860220 0.039330
vt 0.874481 0.039330
vt 0.897735 0.095627
vt 0.883474 0.095627
vt 0.541199 0.004791
vt 0.452534 0.220612
vt 0.426223 0.003723
vt 0.371216 0.218880
vt 0.545502 0.194505
vt 0.581268 0.194520
vt 0.403137 0.220638
vt 0.509674 0.194549
vt 0.341248 0.218893
vt 0.473602 0.197289
vt 0.594864 0.004807
vt 0.371216 0.015579
vt 0.527588 0.194504
vt 0.345184 0.205292
vt 0.523239 0.004833
vt 0.403122 0.017338
vt 0.563354 0.194519
vt 0.375580 0.207054
vt 0.487122 0.005770
vt 0.341278 0.015593
vt 0.491852 0.194550
vt 0.316574 0.205305
vt 0.426223 0.207031
vt 0.426223 0.017319
vt 0.452534 0.017319
vt 0.559113 0.004791
vt 0.545517 0.004791
vt 0.452534 0.207031
vt 0.900581 0.099953
vt 0.559097 0.194508
vt 0.900574 0.008804
vt 0.487122 0.197290
vt 0.505432 0.194549
vt 0.316589 0.015589
vt 0.473602 0.005770
vt 0.877335 0.101456
vt 0.900576 0.037735
vt 0.523254 0.194546
vt 0.576950 0.194520
vt 0.375580 0.017338
vt 0.509644 0.004835
vt 0.877331 0.069676
vt 0.900579 0.069605
vt 0.594864 0.194519
vt 0.541183 0.194504
vt 0.345200 0.015579
vt 0.581268 0.004806
vt 0.877329 0.039322
vt 0.468582 0.197290
vt 0.874489 0.131195
vt 0.883476 0.131134
vt 0.491821 0.004837
vt 0.341263 0.205307
vt 0.563354 0.004807
vt 0.403137 0.207054
vt 0.527603 0.004787
vt 0.371201 0.205296
vt 0.375580 0.220638
vt 0.900579 0.065278
vt 0.345184 0.218880
vt 0.900581 0.095627
vt 0.371216 0.001995
vt 0.877331 0.065349
vt 0.403137 0.003754
vt 0.877333 0.097221
vt 0.316559 0.218889
vt 0.900576 0.033493
vt 0.341278 0.002007
vt 0.877337 0.126144
vt 0.426223 0.220612
vt 0.900585 0.126266
vt 0.452534 0.003723
vt 0.877329 0.034996
vt 0.407772 0.014465
vt 0.412636 0.017319
vt 0.877327 0.008682
vt 0.407772 0.209869
vn -1.000000 0.000000 0.000000
vn -1.000000 0.000000 0.000000
vn -1.000000 0.000000 0.000000
vn -1.000000 0.000000 0.000000
vn 1.000000 0.000000 0.000000
vn 1.000000 0.000000 0.000000
vn 1.000000 0.000000 0.000000
vn 1.000000 0.000000 0.000000
vn 0.000075 0.000000 -1.000000
vn 0.000075 0.000000 -1.000000
vn 0.000075 0.000000 -1.000000
vn 0.000075 0.000000 -1.000000
vn 0.000060 0.000000 -1.000000
vn 0.000060 0.000000 -1.000000
vn 0.000060 0.000000 -1.000000
vn -1.000000 0.000000 0.000000
vn -1.000000 0.000000 0.000000
vn -1.000000 0.000000 0.000000
vn -1.000000 0.000000 0.000000
vn 1.000000 0.000000 0.000000
vn 1.000000 0.000000 0.000000
vn 1.000000 0.000000 0.000000
vn 1.000000 0.000000 0.000000
vn 0.000104 0.000000 -1.000000
vn 0.000104 0.000000 -1.000000
vn 0.000104 0.000000 -1.000000
vn 0.000104 0.000000 -1.000000
vn 0.000059 0.000000 -1.000000
vn 0.000059 0.000000 -1.000000
vn 0.000059 0.000000 -1.000000
vn -1.000000 0.000000 0.000000
vn -1.000000 0.000000 0.000000
vn -1.000000 0.000000 0.000000
vn -1.000000 0.000000 0.000000
vn 1.000000 0.000000 0.000000
vn 1.000000 0.000000 0.000000
vn 1.000000 0.000000 0.000000
vn 1.000000 0.000000 0.000000
vn 0.000073 0.000000 -1.000000
vn 0.000073 0.000000 -1.000000
vn 0.000073 0.000000 -1.000000
vn 0.000073 0.000000 -1.000000
vn 0.000059 0.000000 -1.000000
vn 0.000059 0.000000 -1.000000
vn 0.000059 0.000000 -1.000000
vn 0.000059 0.000000 -1.000000
vn 0.000059 0.000000 -1.000000
vn 0.000059 0.000000 -1.000000
vn 0.000064 0.000000 -1.000000
vn 0.000064 0.000000 -1.000000
vn 0.000064 0.000000 -1.000000
vn 0.000064 0.000000 -1.000000
vn 0.000059 0.000000 -1.000000
vn 0.000059 0.000000 -1.000000
vn 0.000059 0.000000 -1.000000
vn 0.000035 -0.000000 -1.000000
vn 0.000035 -0.000000 -1.000000
vn 0.000035 -0.000000 -1.000000
vn 0.000035 -0.000000 -1.000000
vn 0.000060 0.000000 -1.000000
vn 0.000060 0.000000 -1.000000
vn 0.000060 0.000000 -1.000000
vn 0.000075 0.000000 -1.000000
vn 0.000075 0.000000 -1.000000
vn 0.000075 0.000000 -1.000000
vn 0.000075 0.000000 -1.000000
vn 0.000002 0.000013 -1.000000
vn 0.000002 0.000013 -1.000000
vn 0.000002 0.000013 -1.000000
vn 0.000002 0.000013 -1.000000
vn 0.000000 0.000000 -1.000000
vn 0.000000 0.000000 -1.000000
vn 0.000000 0.000000 -1.000000
vn 0.000000 0.000000 -1.000000
vn 0.000001 0.000000 -1.000000
vn 0.000001 0.000000 -1.000000
vn 0.000001 0.000000 -1.000000
vn 0.000001 0.000000 -1.000000
vn 0.000000 0.000000 -1.000000
vn 0.000000 0.000000 -1.000000
vn 0.000000 0.000000 -1.000000
vn 0.000000 0.000000 -1.000000
vn 0.000001 0.000000 -1.000000
vn 0.000001 0.000000 -1.000000
vn 0.000001 0.000000 -1.000000
vn 0.000001 0.000000 -1.000000
vn 0.000000 0.000000 -1.000000
vn 0.000000 0.000000 -1.000000
vn 0.000000 0.000000 -1.000000
vn 0.000000 0.000000 -1.000000
vn 0.000001 0.000000 -1.000000
vn 0.000001 0.000000 -1.000000
vn 0.000001 0.000000 -1.000000
vn 0.000001 0.000000 -1.000000
vn 0.000001 -0.000001 -1.000000
vn 0.000001 -0.000001 -1.000000
vn 0.000001 -0.000001 -1.000000
vn 0.000001 -0.000001 -1.000000
vn 0.000033 -0.000003 -1.000000
vn 0.000033 -0.000003 -1.000000
vn 0.000033 -0.000003 -1.000000
vn 0.000033 -0.000003 -1.000000
vn -1.000000 0.000000 0.000000
vn -1.000000 0.000000 0.000000
vn -1.000000 0.000000 0.000000
vn -1.000000 0.000000 0.000000
vn 1.000000 0.000000 0.000000
vn 1.000000 0.000000 0.000000
vn 1.000000 0.000000 0.000000
vn 1.000000 0.000000 0.000000
vn 0.000066 0.000000 -1.000000
vn 0.000066 0.000000 -1.000000
vn 0.000066 0.000000 -1.000000
vn 0.000066 0.000000 -1.000000
vn 0.000001 0.000006 -1.000000
vn 0.000001 0.000006 -1.000000
vn 0.000001 0.000006 -1.000000
vn 0.000001 0.000006 -1.000000
vn 1.000000 0.000000 0.000000
vn 1.000000 0.000000 0.000000
vn 1.000000 0.000000 0.000000
vn 1.000000 0.000000 0.000000
vn 0.000000 -1.000000 0.000000
vn 0.000000 -1.000000 0.000000
vn 0.000000 -1.000000 0.000000
vn 0.000000 -1.000000 0.000000
vn -1.000000 0.000000 0.000000
vn -1.000000 0.000000 0.000000
vn -1.000000 0.000000 0.000000
vn -1.000000 0.000000 0.000000
vn 0.000000 1.000000 0.000000
vn 0.000000 1.000000 0.000000
vn 0.000000 1.000000 0.000000
vn 0.000000 1.000000 0.000000
vn 1.000000 0.000000 0.000000
vn 1.000000 0.000000 0.000000
vn 1.000000 0.000000 0.000000
vn 1.000000 0.000000 0.000000
vn 0.000000 -1.000000 0.000000
vn 0.000000 -1.000000 0.000000
vn 0.000000 -1.000000 0.000000
vn 0.000000 -1.000000 0.000000
vn -1.000000 0.000010 0.000000
vn -1.000000 0.000010 0.000000
vn -1.000000 0.000010 0.000000
vn -1.000000 0.000010 0.000000
vn 0.000000 1.000000 0.000000
vn 0.000000 1.000000 0.000000
vn 0.000000 1.000000 0.000000
vn 0.000000 1.000000 0.000000
vn 1.000000 0.000000 0.000000
vn 1.000000 0.000000 0.000000
vn 1.000000 0.000000 0.000000
vn 1.000000 0.000000 0.000000
vn 0.000000 -1.000000 0.000000
vn 0.000000 -1.000000 0.000000
vn 0.000000 -1.000000 0.000000
vn 0.000000 -1.000000 0.000000
vn -1.000000 0.000000 0.000000
vn -1.000000 0.000000 0.000000
vn -1.000000 0.000000 0.000000
vn -1.000000 0.000000 0.000000
vn 0.000000 1.000000 0.000000
vn 0.000000 1.000000 0.000000
vn 0.000000 1.000000 0.000000
vn 0.000000 1.000000 0.000000
vn 0.000000 -1.000000 0.000000
vn 0.000000 -1.000000 0.000000
vn 0.000000 -1.000000 0.000000
vn 0.000000 -1.000000 0.000000
vn -1.000000 0.000000 0.000000
vn -1.000000 0.000000 0.000000
vn -1.000000 0.000000 0.000000
vn -1.000000 0.000000 0.000000
vn 0.000000 1.000000 0.000000
vn 0.000000 1.000000 0.000000
vn 0.000000 1.000000 0.000000
vn 0.000000 1.000000 0.000000
vn 1.000000 0.000000 0.000000
vn 1.000000 0.000000 0.000000
vn 1.000000 0.000000 0.000000
vn 1.000000 0.000000 0.000000
s off
g group16 Consultorio1 ASSETS Estanteria librero1
usemtl lambert3SG
f 3835/5797/8333 3834/5798/8334 3830/5867/8335 3827/5800/8336
f 3837/5801/8337 3836/5802/8338 3826/5803/8339 3832/5804/8340
f 3834/5798/8341 3857/5853/8342 3861/5886/8343 3830/5867/8344
f 3834/5798/8345 3856/5882/8346 3857/5853/8347
f 3839/5808/8348 3838/5809/8349 3834/5798/8350 3835/5797/8351
f 3841/5810/8352 3840/5811/8353 3836/5802/8354 3837/5801/8355
f 3838/5809/8356 3855/5859/8357 3856/5882/8358 3834/5798/8359
f 3838/5809/8360 3854/5880/8361 3855/5859/8362
f 3843/5814/8363 3842/5815/8364 3838/5809/8365 3839/5808/8366
f 3845/5816/8367 3844/5817/8368 3840/5811/8369 3841/5810/8370
f 3842/5815/8371 3853/5865/8372 3854/5880/8373 3838/5809/8374
f 3842/5815/8375 3852/5890/8376 3853/5865/8377
f 3847/5878/8378 3846/5846/8379 3845/5816/8380
f 3848/5860/8381 3847/5878/8382 3845/5816/8383 3841/5810/8384
f 3849/5876/8385 3848/5860/8386 3841/5810/8387
f 3850/5854/8388 3849/5876/8389 3841/5810/8390 3837/5801/8391
f 3851/5884/8392 3850/5854/8393 3837/5801/8394
f 3832/5804/8395 3860/5848/8396 3851/5884/8397 3837/5801/8398
f 3831/5894/8399 3833/5891/8400 3858/5892/8401 3859/5795/8402
f 3853/5818/8403 3852/5844/8404 3846/5822/8405 3847/5862/8406
f 3863/5863/8407 3862/5829/8408 3864/5874/8409 3865/5831/8410
f 3855/5812/8411 3854/5864/8412 3848/5823/8413 3849/5856/8414
f 3867/5857/8415 3866/5833/8416 3868/5872/8417 3869/5835/8418
f 3857/5805/8419 3856/5858/8420 3850/5825/8421 3851/5850/8422
f 3871/5851/8423 3870/5837/8424 3872/5870/8425 3873/5839/8426
f 3875/5840/8427 3874/5841/8428 3876/5842/8429 3877/5845/8430
f 3831/5794/8431 3859/5893/8432 3852/5890/8433 3842/5815/8434
f 3829/5793/8435 3831/5794/8436 3842/5815/8437 3843/5814/8438
f 3833/5796/8439 3828/5868/8440 3844/5817/8441 3845/5816/8442
f 3858/5888/8443 3833/5796/8444 3845/5816/8445 3846/5846/8446
f 3830/5799/8447 3861/5852/8448 3860/5827/8449 3832/5866/8450
f 3854/5813/8451 3853/5879/8452 3862/5829/8453 3863/5863/8454
f 3853/5818/8455 3847/5862/8456 3864/5830/8457 3862/5873/8458
f 3847/5821/8459 3848/5877/8460 3865/5831/8461 3864/5874/8462
f 3848/5823/8463 3854/5864/8464 3863/5828/8465 3865/5861/8466
f 3856/5807/8467 3855/5881/8468 3866/5833/8469 3867/5857/8470
f 3855/5812/8471 3849/5856/8472 3868/5834/8473 3866/5871/8474
f 3849/5824/8475 3850/5875/8476 3869/5835/8477 3868/5872/8478
f 3850/5825/8479 3856/5858/8480 3867/5832/8481 3869/5855/8482
f 3861/5806/8483 3857/5885/8484 3870/5837/8485 3871/5851/8486
f 3857/5805/8487 3851/5850/8488 3872/5838/8489 3870/5869/8490
f 3851/5826/8491 3860/5883/8492 3873/5839/8493 3872/5870/8494
f 3860/5827/8495 3861/5852/8496 3871/5836/8497 3873/5849/8498
f 3859/5795/8499 3858/5892/8500 3874/5841/8501 3875/5840/8502
f 3858/5820/8503 3846/5889/8504 3876/5842/8505 3874/5841/8506
f 3846/5822/8507 3852/5844/8508 3877/5843/8509 3876/5847/8510
f 3852/5819/8511 3859/5887/8512 3875/5840/8513 3877/5845/8514
g default
v -4.816005 1.985995 8.165174
v -4.876627 1.985995 8.165167
v -4.816005 2.561119 8.165174
v -4.876627 2.561119 8.165167
v -4.876627 1.985995 7.843833
v -4.876627 2.561119 7.843833
v -4.816005 1.985995 7.843840
v -4.816005 2.561119 7.843840
v -4.846317 2.561119 7.824826
v -4.846317 1.985995 7.824826
v -4.831161 2.561119 7.827001
v -4.831161 1.985995 7.827001
v -4.861471 2.561119 7.826997
v -4.861471 1.985995 7.826997
vt 0.285461 0.244741
vt 0.584820 0.245782
vt 0.264708 0.258913
vt 0.264706 0.244741
vt 0.585487 0.246524
vt 0.264707 0.259912
vt 0.285460 0.262262
vt 0.587490 0.231609
vt 0.264709 0.276436
vt 0.264708 0.262262
vt 0.285460 0.260588
vt 0.586824 0.246524
vt 0.264707 0.261263
vt 0.264708 0.260588
vt 0.285460 0.259912
vt 0.586157 0.246620
vt 0.285460 0.261263
vt 0.587494 0.245781
vt 0.285461 0.276436
vt 0.285460 0.258913
vt 0.584818 0.231609
vn -0.997696 0.067842 0.000000
vn -0.998814 0.019173 -0.044766
vn -0.998997 0.000000 -0.044774
vn -1.000000 0.000000 0.000000
vn -0.424719 0.600751 -0.677283
vn -0.531273 0.000000 -0.847201
vn 0.998813 0.019178 -0.044765
vn 0.997801 0.066277 0.000000
vn 1.000000 0.000000 0.000000
vn 0.998997 0.000000 -0.044774
vn 0.000081 0.641983 -0.766719
vn 0.522022 0.186941 -0.832194
vn 0.531390 0.000000 -0.847127
vn 0.000105 0.000000 -1.000000
s 1
g group16 Consultorio1 ASSETS librero1 Cube_19_5
usemtl lambert3SG
f 3881/5895/8515 3883/5914/8516 3882/5897/8517 3879/5898/8518
f 3883/5914/8516 3890/5909/8519 3891/5900/8520 3882/5897/8517
f 3885/5901/8521 3880/5913/8522 3878/5903/8523 3884/5904/8524
f 3881/5915/8515 3890/5899/8519 3883/5896/8516
f 3886/5905/8525 3888/5911/8526 3889/5907/8527 3887/5908/8528
f 3880/5902/8522 3888/5906/8526 3886/5910/8525
f 3888/5911/8526 3885/5901/8521 3884/5904/8524 3889/5907/8527
f 3885/5912/8521 3888/5906/8526 3880/5902/8522
f 3890/5909/8519 3886/5905/8525 3887/5908/8528 3891/5900/8520
f 3880/5902/8522 3886/5910/8525 3890/5899/8519 3881/5915/8515
g default
v -5.113513 1.985995 8.165174
v -5.174139 1.985995 8.165167
v -5.113513 2.561119 8.165174
v -5.174139 2.561119 8.165167
v -5.174139 1.985995 7.843833
v -5.174139 2.561119 7.843833
v -5.113513 1.985995 7.843840
v -5.113513 2.561119 7.843840
v -5.143826 2.561119 7.824826
v -5.143826 1.985995 7.824826
v -5.128669 2.561119 7.827001
v -5.128669 1.985995 7.827001
v -5.158979 2.561119 7.826997
v -5.158979 1.985995 7.826997
vt 0.580532 0.235800
vt 0.271862 0.031172
vt 0.559781 0.249971
vt 0.559780 0.235800
vt 0.272532 0.031914
vt 0.559781 0.250971
vt 0.580534 0.253321
vt 0.274534 0.016999
vt 0.559780 0.267494
vt 0.559781 0.253321
vt 0.580534 0.251646
vt 0.273869 0.031914
vt 0.559781 0.252321
vt 0.559781 0.251646
vt 0.580534 0.250971
vt 0.273199 0.032010
vt 0.580534 0.252321
vt 0.274536 0.031171
vt 0.580536 0.267494
vt 0.580534 0.249971
vt 0.271860 0.016999
vn -0.997696 0.067838 0.000000
vn -0.998813 0.019181 -0.044776
vn -0.998997 0.000000 -0.044784
vn -1.000000 0.000000 0.000000
vn -0.424698 0.600717 -0.677326
vn -0.531230 0.000000 -0.847228
vn 0.998813 0.019184 -0.044765
vn 0.997801 0.066274 0.000000
vn 1.000000 0.000000 0.000000
vn 0.998997 0.000000 -0.044774
vn 0.000081 0.641948 -0.766748
vn 0.522024 0.186918 -0.832197
vn 0.531390 0.000000 -0.847127
vn 0.000105 0.000000 -1.000000
s 1
g group16 Consultorio1 ASSETS librero1 Cube_19_2
usemtl lambert3SG
f 3895/5916/8529 3897/5935/8530 3896/5918/8531 3893/5919/8532
f 3897/5935/8530 3904/5930/8533 3905/5921/8534 3896/5918/8531
f 3899/5922/8535 3894/5934/8536 3892/5924/8537 3898/5925/8538
f 3895/5936/8529 3904/5920/8533 3897/5917/8530
f 3900/5926/8539 3902/5932/8540 3903/5928/8541 3901/5929/8542
f 3894/5923/8536 3902/5927/8540 3900/5931/8539
f 3902/5932/8540 3899/5922/8535 3898/5925/8538 3903/5928/8541
f 3899/5933/8535 3902/5927/8540 3894/5923/8536
f 3904/5930/8533 3900/5926/8539 3901/5929/8542 3905/5921/8534
f 3894/5923/8536 3900/5931/8539 3904/5920/8533 3895/5936/8529
g default
v -5.211923 1.985995 8.165174
v -5.272549 1.985995 8.165167
v -5.211923 2.561119 8.165174
v -5.272549 2.561119 8.165167
v -5.272549 1.985995 7.843833
v -5.272549 2.561119 7.843833
v -5.211923 1.985995 7.843840
v -5.211923 2.561119 7.843840
v -5.242240 2.561119 7.824826
v -5.242240 1.985995 7.824826
v -5.227083 2.561119 7.827001
v -5.227083 1.985995 7.827001
v -5.257393 2.561119 7.826997
v -5.257393 1.985995 7.826997
vt 0.906006 0.230415
vt 0.028650 0.040105
vt 0.885253 0.244587
vt 0.885254 0.230415
vt 0.029320 0.040848
vt 0.885254 0.245586
vt 0.906007 0.247936
vt 0.031322 0.025932
vt 0.885254 0.262110
vt 0.885253 0.247936
vt 0.906006 0.246262
vt 0.030657 0.040847
vt 0.885254 0.246937
vt 0.885254 0.246262
vt 0.906006 0.245586
vt 0.029987 0.040943
vt 0.906006 0.246937
vt 0.031324 0.040104
vt 0.906006 0.262110
vt 0.906006 0.244587
vt 0.028648 0.025932
vn -0.997696 0.067838 0.000000
vn -0.998814 0.019175 -0.044766
vn -0.998997 0.000000 -0.044774
vn -1.000000 0.000000 0.000000
vn -0.424726 0.600733 -0.677295
vn -0.531273 0.000000 -0.847201
vn 0.998813 0.019177 -0.044775
vn 0.997801 0.066273 0.000000
vn 1.000000 0.000000 0.000000
vn 0.998997 0.000000 -0.044784
vn 0.000081 0.641991 -0.766712
vn 0.521975 0.186994 -0.832211
vn 0.531347 0.000000 -0.847154
vn 0.000105 0.000000 -1.000000
s 1
g group16 Consultorio1 ASSETS librero1 Cube_19_1
usemtl lambert3SG
f 3909/5937/8543 3911/5956/8544 3910/5939/8545 3907/5940/8546
f 3911/5956/8544 3918/5951/8547 3919/5942/8548 3910/5939/8545
f 3913/5943/8549 3908/5955/8550 3906/5945/8551 3912/5946/8552
f 3909/5957/8543 3918/5941/8547 3911/5938/8544
f 3914/5947/8553 3916/5953/8554 3917/5949/8555 3915/5950/8556
f 3908/5944/8550 3916/5948/8554 3914/5952/8553
f 3916/5953/8554 3913/5943/8549 3912/5946/8552 3917/5949/8555
f 3913/5954/8549 3916/5948/8554 3908/5944/8550
f 3918/5951/8547 3914/5947/8553 3915/5950/8556 3919/5942/8548
f 3908/5944/8550 3914/5952/8553 3918/5941/8547 3909/5957/8543
g default
v -5.017200 1.985995 8.165174
v -5.090684 1.985995 8.165167
v -5.017200 2.561119 8.165174
v -5.090684 2.561119 8.165167
v -5.090684 1.985995 7.843833
v -5.090684 2.561119 7.843833
v -5.017200 1.985995 7.843840
v -5.017200 2.561119 7.843840
v -5.053942 2.561119 7.824826
v -5.053942 1.985995 7.824826
v -5.035571 2.561119 7.827001
v -5.035571 1.985995 7.827001
v -5.072309 2.561119 7.826997
v -5.072309 1.985995 7.826997
vt 0.580532 0.200033
vt 0.087666 0.020430
vt 0.559781 0.214205
vt 0.559780 0.200033
vt 0.088335 0.021173
vt 0.559781 0.215204
vt 0.580534 0.217554
vt 0.090338 0.006257
vt 0.559780 0.231728
vt 0.559781 0.217554
vt 0.580534 0.215879
vt 0.089670 0.021172
vt 0.559781 0.216555
vt 0.559781 0.215879
vt 0.580534 0.215204
vt 0.089003 0.021268
vt 0.580534 0.216555
vt 0.090340 0.020430
vt 0.580532 0.231728
vt 0.580534 0.214205
vt 0.087664 0.006258
vn -0.996621 0.082137 0.000000
vn -0.998257 0.023234 -0.054243
vn -0.998527 0.000000 -0.054258
vn -1.000000 0.000000 0.000000
vn -0.360932 0.618801 -0.697720
vn -0.459465 0.000000 -0.888196
vn 0.998258 0.023239 -0.054230
vn 0.996775 0.080248 0.000000
vn 1.000000 0.000000 0.000000
vn 0.998528 0.000000 -0.054245
vn 0.000067 0.641960 -0.766738
vn 0.450734 0.195653 -0.870953
vn 0.459617 0.000000 -0.888117
vn 0.000087 0.000000 -1.000000
s 1
g group16 Consultorio1 ASSETS librero1 Cube_19_3
usemtl lambert3SG
f 3923/5958/8557 3925/5977/8558 3924/5960/8559 3921/5961/8560
f 3925/5977/8558 3932/5972/8561 3933/5963/8562 3924/5960/8559
f 3927/5964/8563 3922/5976/8564 3920/5966/8565 3926/5967/8566
f 3923/5978/8557 3932/5962/8561 3925/5959/8558
f 3928/5968/8567 3930/5974/8568 3931/5970/8569 3929/5971/8570
f 3922/5965/8564 3930/5969/8568 3928/5973/8567
f 3930/5974/8568 3927/5964/8563 3926/5967/8566 3931/5970/8569
f 3927/5975/8563 3930/5969/8568 3922/5965/8564
f 3932/5972/8561 3928/5968/8567 3929/5971/8570 3933/5963/8562
f 3922/5965/8564 3928/5973/8567 3932/5962/8561 3923/5978/8557
g default
v -4.915664 1.985995 8.165174
v -4.989145 1.985995 8.165167
v -4.915664 2.561119 8.165174
v -4.989145 2.561119 8.165167
v -4.989145 1.985995 7.843833
v -4.989145 2.561119 7.843833
v -4.915664 1.985995 7.843840
v -4.915664 2.561119 7.843840
v -4.952402 2.561119 7.824826
v -4.952402 1.985995 7.824826
v -4.934031 2.561119 7.827001
v -4.934031 1.985995 7.827001
v -4.970774 2.561119 7.826997
v -4.970774 1.985995 7.826997
vt 0.796921 0.241163
vt 0.028650 0.018666
vt 0.776168 0.255337
vt 0.776169 0.241165
vt 0.029320 0.019408
vt 0.776168 0.256336
vt 0.796921 0.258686
vt 0.031322 0.004493
vt 0.776169 0.272860
vt 0.776168 0.258686
vt 0.796921 0.257011
vt 0.030657 0.019408
vt 0.776168 0.257687
vt 0.776168 0.257011
vt 0.796921 0.256336
vt 0.029987 0.019504
vt 0.796921 0.257687
vt 0.031324 0.018665
vt 0.796921 0.272858
vt 0.796921 0.255337
vt 0.028648 0.004493
vn -0.996621 0.082143 0.000000
vn -0.998258 0.023235 -0.054231
vn -0.998528 0.000000 -0.054245
vn -1.000000 0.000000 0.000000
vn -0.360929 0.618809 -0.697714
vn -0.459465 0.000000 -0.888196
vn 0.998259 0.023233 -0.054218
vn 0.996775 0.080253 -0.000000
vn 1.000000 0.000000 0.000000
vn 0.998528 0.000000 -0.054233
vn 0.000067 0.641934 -0.766760
vn 0.450776 0.195627 -0.870937
vn 0.459658 0.000000 -0.888096
vn 0.000087 0.000000 -1.000000
s 1
g group16 Consultorio1 ASSETS librero1 Cube_19_4
usemtl lambert3SG
f 3937/5979/8571 3939/5998/8572 3938/5981/8573 3935/5982/8574
f 3939/5998/8572 3946/5993/8575 3947/5984/8576 3938/5981/8573
f 3941/5985/8577 3936/5997/8578 3934/5987/8579 3940/5988/8580
f 3937/5999/8571 3946/5983/8575 3939/5980/8572
f 3942/5989/8581 3944/5995/8582 3945/5991/8583 3943/5992/8584
f 3936/5986/8578 3944/5990/8582 3942/5994/8581
f 3944/5995/8582 3941/5985/8577 3940/5988/8580 3945/5991/8583
f 3941/5996/8577 3944/5990/8582 3936/5986/8578
f 3946/5993/8575 3942/5989/8581 3943/5992/8584 3947/5984/8576
f 3936/5986/8578 3942/5994/8581 3946/5983/8575 3937/5999/8571
g default
v 0.822166 0.260403 -0.874787
v 0.845691 0.260403 -0.891998
v 0.814283 0.850633 -0.885568
v 0.837800 0.850633 -0.902777
v 0.797078 0.849974 -0.909077
v 0.820595 0.849974 -0.926284
v 0.804965 0.259744 -0.898299
v 0.828482 0.259744 -0.915508
vt 0.119730 0.007469
vt 0.120880 0.007470
vt 0.116278 0.030787
vt 0.119730 0.030787
vt 0.118578 0.030786
vt 0.117428 0.030787
vt 0.117428 0.007469
vt 0.118578 0.007470
vt 0.116276 0.007470
vt 0.120880 0.030787
vn -0.153148 0.016004 0.988074
vn 0.988103 0.016000 0.152960
vn 0.988103 0.016000 0.152957
vn -0.153146 0.016004 0.988074
vn -0.988105 -0.015991 -0.152945
vn 0.153123 -0.015996 -0.988078
vn 0.153126 -0.015996 -0.988077
vn -0.988106 -0.015991 -0.152942
s 1
g group16 Consultorio1 ASSETS mesa pCube50 group13
usemtl lambert3SG
f 3948/6000/8585 3949/6001/8586 3951/6009/8587 3950/6003/8588
f 3952/6004/8589 3953/6005/8590 3955/6006/8591 3954/6007/8592
f 3949/6008/8586 3955/6006/8591 3953/6005/8590 3951/6002/8587
f 3954/6007/8592 3948/6000/8585 3950/6003/8588 3952/6004/8589
g default
v -0.880707 0.260410 0.371727
v -0.857183 0.260410 0.354516
v -0.888591 0.850640 0.360947
v -0.865073 0.850640 0.343738
v -0.905796 0.849981 0.337437
v -0.882279 0.849981 0.320230
v -0.897909 0.259751 0.348215
v -0.874392 0.259751 0.331006
vt 0.119730 0.007469
vt 0.120880 0.007470
vt 0.116278 0.030787
vt 0.119730 0.030787
vt 0.118578 0.030786
vt 0.117428 0.030787
vt 0.117428 0.007469
vt 0.118578 0.007470
vt 0.116276 0.007470
vt 0.120880 0.030787
vn -0.153102 0.016003 0.988081
vn 0.988104 0.015998 0.152952
vn 0.988104 0.015997 0.152950
vn -0.153100 0.016003 0.988081
vn -0.988103 -0.015992 -0.152959
vn 0.153099 -0.015997 -0.988081
vn 0.153102 -0.015997 -0.988081
vn -0.988104 -0.015992 -0.152956
s 1
g group16 Consultorio1 ASSETS mesa group13 pCube37
usemtl lambert3SG
f 3956/6010/8593 3957/6011/8594 3959/6019/8595 3958/6013/8596
f 3960/6014/8597 3961/6015/8598 3963/6016/8599 3962/6017/8600
f 3957/6018/8594 3963/6016/8599 3961/6015/8598 3959/6012/8595
f 3962/6017/8600 3956/6010/8593 3958/6013/8596 3960/6014/8597
g default
v -0.631005 0.260403 -1.220840
v -0.648301 0.260403 -1.244302
v -0.641759 0.850633 -1.212917
v -0.659051 0.850633 -1.236372
v -0.665204 0.849974 -1.195627
v -0.682496 0.849974 -1.219082
v -0.654454 0.259744 -1.203553
v -0.671750 0.259744 -1.227006
vt 0.119730 0.007469
vt 0.120880 0.007470
vt 0.116278 0.030787
vt 0.119730 0.030787
vt 0.118578 0.030786
vt 0.117428 0.030787
vt 0.117428 0.007469
vt 0.118578 0.007470
vt 0.116276 0.007470
vt 0.120880 0.030787
vn 0.988622 0.016007 0.149564
vn 0.149312 0.016002 -0.988661
vn 0.149309 0.016002 -0.988661
vn 0.988622 0.016007 0.149564
vn -0.149344 -0.015990 0.988656
vn -0.988625 -0.015995 -0.149546
vn -0.988625 -0.015995 -0.149547
vn -0.149341 -0.015990 0.988657
s 1
g group16 Consultorio1 ASSETS mesa pCube50 group14
usemtl lambert3SG
f 3964/6020/8601 3965/6021/8602 3967/6029/8603 3966/6023/8604
f 3968/6024/8605 3969/6025/8606 3971/6026/8607 3970/6027/8608
f 3965/6028/8602 3971/6026/8607 3969/6025/8606 3967/6022/8603
f 3970/6027/8608 3964/6020/8601 3966/6023/8604 3968/6024/8605
g default
v 0.621583 0.260410 0.443651
v 0.604287 0.260410 0.420191
v 0.610833 0.850640 0.451574
v 0.593537 0.850640 0.428119
v 0.587388 0.849981 0.468865
v 0.570092 0.849981 0.445412
v 0.598134 0.259751 0.460940
v 0.580842 0.259751 0.437485
vt 0.119730 0.007469
vt 0.120880 0.007470
vt 0.116278 0.030787
vt 0.119730 0.030787
vt 0.118578 0.030786
vt 0.117428 0.030787
vt 0.117428 0.007469
vt 0.118578 0.007470
vt 0.116276 0.007470
vt 0.120880 0.030787
vn 0.988630 0.015998 0.149513
vn 0.149313 0.015999 -0.988661
vn 0.149309 0.015999 -0.988661
vn 0.988631 0.015999 0.149511
vn -0.149344 -0.015994 0.988656
vn -0.988633 -0.015993 -0.149493
vn -0.988633 -0.015993 -0.149497
vn -0.149345 -0.015994 0.988656
s 1
g group16 Consultorio1 ASSETS mesa group14 pCube37
usemtl lambert3SG
f 3972/6030/8609 3973/6031/8610 3975/6039/8611 3974/6033/8612
f 3976/6034/8613 3977/6035/8614 3979/6036/8615 3978/6037/8616
f 3973/6038/8610 3979/6036/8615 3977/6035/8614 3975/6032/8611
f 3978/6037/8616 3972/6030/8609 3974/6033/8612 3976/6034/8613
