# This file uses meters as units for non-parametric coordinates.

mtllib LOBBY.mtl
g default
v -3.472083 7.063728 -3.803364
v 9.959081 7.063728 -3.803266
v -3.472083 12.608390 -3.803364
v 9.959081 12.608390 -3.803267
v 9.959075 7.063728 -3.467487
v 9.959075 12.608390 -3.467488
v -3.472085 7.063728 -3.467585
v -3.472086 12.608390 -3.467587
vt 0.554544 0.380791
vt 0.370245 0.633707
vt 0.468707 0.633714
vt 0.468727 0.380784
vt 0.376568 0.633707
vt 0.462384 0.633714
vt 0.376587 0.380776
vt 0.468727 0.374460
vt 0.462403 0.380783
vt 0.554544 0.374467
vt 0.370263 0.380775
vt 0.468705 0.640036
vt 0.554524 0.640044
vt 0.554524 0.633720
vn -0.024939 0.060429 -0.997861
vn 0.024954 0.060429 -0.997860
vn 0.024954 -0.060429 -0.997861
vn -0.024939 -0.060429 -0.997861
vn 0.024939 0.060430 0.997861
vn 0.024939 -0.060430 0.997861
vn -0.024954 0.060430 0.997861
vn -0.024954 -0.060429 0.997860
s 1
g Pared6 Recepcion2
usemtl lambert6SG
f 3/1/1 4/14/2 2/3/3 1/4/4
f 4/14/2 6/13/5 5/12/6 2/3/3
f 6/5/5 8/7/7 7/9/8 5/6/6
f 8/10/7 3/1/1 1/4/4 7/8/8
f 8/7/7 6/5/5 4/2/2 3/11/1
f 1/4/4 2/3/3 5/6/6 7/9/8
g default
v -8.313042 13.236076 -9.320663
v -6.571442 13.236076 -9.320663
v -8.616783 14.078938 -9.106789
v -6.267700 14.078938 -9.106789
v -8.616783 14.078938 -10.760857
v -6.267700 14.078938 -10.760857
v -8.313042 13.236076 -10.546982
v -6.571442 13.236076 -10.546982
v -8.575527 14.179493 -9.135841
v -6.308960 14.179493 -9.135841
v -6.308960 14.179493 -10.731796
v -8.575527 14.179493 -10.731796
vt 0.375000 0.000000
vt 0.625000 0.000000
vt 0.375000 0.250000
vt 0.625000 0.250000
vt 0.375000 0.500000
vt 0.625000 0.500000
vt 0.375000 0.750000
vt 0.625000 0.750000
vt 0.875000 0.000000
vt 0.875000 0.250000
vt 0.125000 0.000000
vt 0.125000 0.250000
vt 0.375000 0.250000
vt 0.625000 0.250000
vt 0.625000 0.500000
vt 0.375000 0.500000
vn 0.000000 -0.245954 0.969282
vn 0.000000 -0.245954 0.969282
vn 0.000000 -0.245954 0.969282
vn 0.000000 -0.245954 0.969282
vn 0.000000 1.000000 0.000000
vn 0.000000 1.000000 0.000000
vn 0.000000 1.000000 0.000000
vn 0.000000 1.000000 0.000000
vn 0.000000 -0.245954 -0.969282
vn 0.000000 -0.245954 -0.969282
vn 0.000000 -0.245954 -0.969282
vn 0.000000 -0.245954 -0.969282
vn 0.940777 -0.339027 0.000000
vn 0.940777 -0.339027 0.000000
vn 0.940777 -0.339027 0.000000
vn 0.940777 -0.339027 0.000000
vn -0.940777 -0.339027 0.000000
vn -0.940777 -0.339027 0.000000
vn -0.940777 -0.339027 0.000000
vn -0.940777 -0.339027 0.000000
vn 0.000000 0.277569 0.960706
vn 0.000000 0.277569 0.960706
vn 0.000000 0.277569 0.960706
vn 0.000000 0.277569 0.960706
vn 0.925150 0.379602 0.000000
vn 0.925150 0.379602 0.000000
vn 0.925150 0.379602 0.000000
vn 0.925150 0.379602 0.000000
vn 0.000000 0.277640 -0.960685
vn 0.000000 0.277640 -0.960685
vn 0.000000 0.277640 -0.960685
vn 0.000000 0.277640 -0.960685
vn -0.925159 0.379580 0.000000
vn -0.925159 0.379580 0.000000
vn -0.925159 0.379580 0.000000
vn -0.925159 0.379580 0.000000
s off
g pCube28 Añadidos
usemtl initialShadingGroup
f 9/15/9 10/16/10 12/18/11 11/17/12
f 17/27/13 18/28/14 19/29/15 20/30/16
f 13/19/17 14/20/18 16/22/19 15/21/20
f 10/16/21 16/23/22 14/24/23 12/18/24
f 15/25/25 9/15/26 11/17/27 13/26/28
f 11/17/29 12/18/30 18/28/31 17/27/32
f 12/18/33 14/20/34 19/29/35 18/28/36
f 14/20/37 13/19/38 20/30/39 19/29/40
f 13/19/41 11/17/42 17/27/43 20/30/44
g default
v -7.432072 14.191677 -9.584351
v -6.809006 14.191677 -9.910217
v -7.051163 14.191677 -10.283295
v -7.674225 14.191677 -9.957424
v -7.432072 14.179764 -9.584351
v -6.809006 14.179764 -9.910217
v -7.051163 14.179764 -10.283295
v -7.674225 14.179764 -9.957424
vt 0.375000 0.250000
vt 0.625000 0.250000
vt 0.625000 0.500000
vt 0.375000 0.500000
vt 0.000000 0.000000
vt 1.000000 0.000000
vt 1.000000 1.000000
vt 0.000000 1.000000
vt 0.000000 0.000000
vt 1.000000 0.000000
vt 1.000000 1.000000
vt 0.000000 1.000000
vt 0.000000 0.000000
vt 1.000000 0.000000
vt 1.000000 1.000000
vt 0.000000 1.000000
vt 0.000000 0.000000
vt 1.000000 0.000000
vt 1.000000 1.000000
vt 0.000000 1.000000
vn 0.000000 1.000000 0.000000
vn 0.000000 1.000000 0.000000
vn 0.000000 1.000000 0.000000
vn 0.000000 1.000000 0.000000
vn 0.463417 0.000000 0.886140
vn 0.463417 0.000000 0.886140
vn 0.463417 0.000000 0.886140
vn 0.463417 0.000000 0.886140
vn 0.838777 0.000000 -0.544475
vn 0.838777 0.000000 -0.544475
vn 0.838777 0.000000 -0.544475
vn 0.838777 0.000000 -0.544475
vn -0.463468 0.000000 -0.886114
vn -0.463468 0.000000 -0.886114
vn -0.463468 0.000000 -0.886114
vn -0.463468 0.000000 -0.886114
vn -0.838795 0.000000 0.544447
vn -0.838795 0.000000 0.544447
vn -0.838795 0.000000 0.544447
vn -0.838795 0.000000 0.544447
s off
g Añadidos pCube29
usemtl initialShadingGroup
f 21/31/45 22/32/46 23/33/47 24/34/48
f 22/35/49 21/36/50 25/37/51 26/38/52
f 23/39/53 22/40/54 26/41/55 27/42/56
f 24/43/57 23/44/58 27/45/59 28/46/60
f 21/47/61 24/48/62 28/49/63 25/50/64
g default
v -3.594315 14.616943 -7.174278
v 9.190460 14.616943 -7.174278
v -3.594315 15.493507 -7.174278
v 9.190460 15.493507 -7.174278
v -3.594315 15.493507 -7.184998
v 9.190460 15.493507 -7.184998
v -3.594315 14.616943 -7.184998
v 9.190460 14.616943 -7.184998
vt 0.375000 0.250000
vt 0.625000 0.250000
vt 0.375000 0.500000
vt 0.625000 0.500000
vt 0.375000 0.750000
vt 0.625000 0.750000
vt 0.375000 1.000000
vt 0.625000 1.000000
vn 0.000000 1.000000 0.000000
vn 0.000000 1.000000 0.000000
vn 0.000000 1.000000 0.000000
vn 0.000000 1.000000 0.000000
vn 0.000000 0.000000 -1.000000
vn 0.000000 0.000000 -1.000000
vn 0.000000 0.000000 -1.000000
vn 0.000000 0.000000 -1.000000
vn 0.000000 -1.000000 0.000000
vn 0.000000 -1.000000 0.000000
vn 0.000000 -1.000000 0.000000
vn 0.000000 -1.000000 0.000000
s off
g Añadidos pCube30
usemtl initialShadingGroup
f 31/51/65 32/52/66 34/54/67 33/53/68
f 33/53/69 34/54/70 36/56/71 35/55/72
f 35/55/73 36/56/74 30/58/75 29/57/76
g default
v -11.147911 15.034416 -7.793510
v -6.692142 15.034416 -7.793510
v -11.147911 16.500038 -7.793510
v -6.692142 16.500038 -7.793510
v -11.147911 16.500038 -7.836292
v -6.692142 16.500038 -7.836292
v -11.147911 15.034416 -7.836292
v -6.692142 15.034416 -7.836292
vt 0.375000 0.000000
vt 0.625000 0.000000
vt 0.375000 0.250000
vt 0.625000 0.250000
vt 0.375000 0.500000
vt 0.625000 0.500000
vt 0.375000 0.750000
vt 0.625000 0.750000
vt 0.375000 1.000000
vt 0.625000 1.000000
vt 0.875000 0.000000
vt 0.875000 0.250000
vt 0.125000 0.000000
vt 0.125000 0.250000
vn 0.000000 1.000000 0.000000
vn 0.000000 1.000000 0.000000
vn 0.000000 1.000000 0.000000
vn 0.000000 1.000000 0.000000
vn 0.000000 0.000000 -1.000000
vn 0.000000 0.000000 -1.000000
vn 0.000000 0.000000 -1.000000
vn 0.000000 0.000000 -1.000000
vn 0.000000 -1.000000 0.000000
vn 0.000000 -1.000000 0.000000
vn 0.000000 -1.000000 0.000000
vn 0.000000 -1.000000 0.000000
vn 1.000000 0.000000 0.000000
vn 1.000000 0.000000 0.000000
vn 1.000000 0.000000 0.000000
vn 1.000000 0.000000 0.000000
vn -1.000000 0.000000 0.000000
vn -1.000000 0.000000 0.000000
vn -1.000000 0.000000 0.000000
vn -1.000000 0.000000 0.000000
s off
g Añadidos Cuadro
usemtl initialShadingGroup
f 39/61/77 40/62/78 42/64/79 41/63/80
f 41/63/81 42/64/82 44/66/83 43/65/84
f 43/65/85 44/66/86 38/68/87 37/67/88
f 38/60/89 44/69/90 42/70/91 40/62/92
f 43/71/93 37/59/94 39/61/95 41/72/96
g default
v -11.784233 12.839996 -9.102079
v -11.780699 12.839188 -9.089344
v -11.769958 12.837418 -9.084657
v -11.760099 12.835999 -9.091545
v -11.758547 12.836044 -9.104823
v -11.766470 12.837479 -9.114492
v -11.777903 12.839233 -9.113271
v -11.772930 13.031998 -9.098479
v -11.769363 13.031647 -9.085735
v -11.758533 13.031319 -9.081021
v -11.748592 13.031235 -9.087885
v -11.747028 13.031479 -9.101159
v -11.755016 13.031853 -9.110847
v -11.766544 13.032074 -9.109655
v -11.795448 13.611450 -9.087596
v -11.791885 13.611092 -9.074853
v -11.781055 13.610687 -9.070139
v -11.771116 13.610542 -9.077005
v -11.769552 13.610771 -9.090280
v -11.777540 13.611198 -9.099967
v -11.789064 13.611504 -9.098773
v -11.768278 13.941540 -9.081410
v -11.764757 13.940613 -9.068678
v -11.754056 13.938496 -9.063997
v -11.744236 13.936790 -9.070891
v -11.742691 13.936771 -9.084170
v -11.750583 13.938454 -9.093834
v -11.761971 13.940586 -9.092606
v -11.676674 14.366047 -9.064781
v -11.673090 14.365570 -9.052049
v -11.662397 14.363411 -9.047367
v -11.652643 14.361198 -9.054261
v -11.651177 14.360607 -9.067540
v -11.659102 14.362064 -9.077204
v -11.670449 14.364483 -9.075975
v -11.686312 14.753784 -9.066198
v -11.682798 14.752817 -9.053466
v -11.672115 14.750580 -9.048784
v -11.662308 14.748754 -9.055678
v -11.660764 14.748717 -9.068958
v -11.668641 14.750496 -9.078622
v -11.680012 14.752751 -9.077394
v -11.764089 15.476532 -9.052607
v -11.760599 15.477154 -9.039845
v -11.749992 15.479740 -9.035072
v -11.740256 15.482347 -9.041883
v -11.738721 15.483009 -9.055149
v -11.746545 15.481228 -9.064879
v -11.757833 15.478346 -9.063747
v -11.778446 15.987236 -9.043016
v -11.774885 15.986794 -9.030273
v -11.764065 15.986145 -9.025562
v -11.754129 15.985783 -9.032431
v -11.752565 15.985977 -9.045704
v -11.760547 15.986580 -9.055390
v -11.772062 15.987141 -9.054194
v -11.772625 16.416763 -9.034957
v -11.769065 16.416725 -9.022207
v -11.758246 16.417290 -9.017473
v -11.748316 16.418045 -9.024319
v -11.746751 16.418411 -9.037590
v -11.754728 16.418114 -9.047293
v -11.766244 16.417389 -9.046122
v -11.786287 16.649887 -9.030577
v -11.782825 16.650650 -9.017812
v -11.772300 16.653664 -9.013032
v -11.762640 16.656677 -9.019835
v -11.761115 16.657394 -9.033100
v -11.768879 16.655296 -9.042837
v -11.780083 16.651955 -9.041714
v -11.833418 16.874649 -9.026342
v -11.829880 16.874878 -9.013587
v -11.819118 16.876320 -9.008837
v -11.809240 16.877853 -9.015668
v -11.807684 16.878342 -9.028936
v -11.815620 16.877426 -9.038651
v -11.827072 16.875771 -9.037497
v -11.825953 17.097656 -9.022160
v -11.822416 17.096878 -9.009423
v -11.811666 17.095184 -9.004732
v -11.801800 17.093872 -9.011617
v -11.800243 17.093910 -9.024894
v -11.808170 17.095276 -9.034565
v -11.819613 17.096939 -9.033348
v -11.827997 17.157555 -9.021034
v -11.824528 17.158287 -9.008270
v -11.813993 17.161263 -9.003490
v -11.804319 17.164215 -9.010296
v -11.802795 17.164925 -9.023560
v -11.810568 17.162872 -9.033297
v -11.821783 17.159599 -9.032171
vt 0.000000 0.000000
vt 0.000000 0.000000
vt 0.000000 0.000000
vt 0.000000 0.000000
vt 0.000000 0.000000
vt 0.000000 0.000000
vt 0.000000 0.000000
vt 0.000000 0.000000
vt 0.000000 0.000000
vt 0.000000 0.000000
vt 0.000000 0.000000
vt 0.000000 0.000000
vt 0.000000 0.000000
vt 0.000000 0.000000
vt 0.000000 0.000000
vt 0.000000 0.000000
vt 0.000000 0.000000
vt 0.000000 0.000000
vt 0.000000 0.000000
vt 0.000000 0.000000
vt 0.000000 0.000000
vt 0.000000 0.000000
vt 0.000000 0.000000
vt 0.000000 0.000000
vt 0.000000 0.000000
vt 0.000000 0.000000
vt 0.000000 0.000000
vt 0.000000 0.000000
vt 0.000000 0.000000
vt 0.000000 0.000000
vt 0.000000 0.000000
vt 0.000000 0.000000
vt 0.000000 0.000000
vt 0.000000 0.000000
vt 0.000000 0.000000
vt 0.000000 0.000000
vt 0.000000 0.000000
vt 0.000000 0.000000
vt 0.000000 0.000000
vt 0.000000 0.000000
vt 0.000000 0.000000
vt 0.000000 0.000000
vt 0.000000 0.000000
vt 0.000000 0.000000
vt 0.000000 0.000000
vt 0.000000 0.000000
vt 0.000000 0.000000
vt 0.000000 0.000000
vt 0.000000 0.000000
vt 0.000000 0.000000
vt 0.000000 0.000000
vt 0.000000 0.000000
vt 0.000000 0.000000
vt 0.000000 0.000000
vt 0.000000 0.000000
vt 0.000000 0.000000
vt 0.000000 0.000000
vt 0.000000 0.000000
vt 0.000000 0.000000
vt 0.000000 0.000000
vt 0.000000 0.000000
vt 0.000000 0.000000
vt 0.000000 0.000000
vt 0.000000 0.000000
vt 0.000000 0.000000
vt 0.000000 0.000000
vt 0.000000 0.000000
vt 0.000000 0.000000
vt 0.000000 0.000000
vt 0.000000 0.000000
vt 0.000000 0.000000
vt 0.000000 0.000000
vt 0.000000 0.000000
vt 0.000000 0.000000
vt 0.000000 0.000000
vt 0.000000 0.000000
vt 0.000000 0.000000
vt 0.000000 0.000000
vt 0.000000 0.000000
vt 0.000000 0.000000
vt 0.000000 0.000000
vt 0.000000 0.000000
vt 0.000000 0.000000
vt 0.000000 0.000000
vt 0.000000 0.000000
vt 0.000000 0.000000
vt 0.000000 0.000000
vt 0.000000 0.000000
vt 0.000000 0.000000
vt 0.000000 0.000000
vt 0.000000 0.000000
vt 0.000000 0.000000
vt 0.000000 0.000000
vt 0.000000 0.000000
vt 0.000000 0.000000
vt 0.000000 0.000000
vt 0.000000 0.000000
vt 0.000000 0.000000
vt 0.000000 0.000000
vt 0.000000 0.000000
vt 0.000000 0.000000
vt 0.000000 0.000000
vt 0.000000 0.000000
vt 0.000000 0.000000
vt 0.000000 0.000000
vt 0.000000 0.000000
vt 0.000000 0.000000
vt 0.000000 0.000000
vt 0.000000 0.000000
vt 0.000000 0.000000
vt 0.000000 0.000000
vt 0.000000 0.000000
vt 0.000000 0.000000
vt 0.000000 0.000000
vt 0.000000 0.000000
vt 0.000000 0.000000
vt 0.000000 0.000000
vt 0.000000 0.000000
vt 0.000000 0.000000
vt 0.000000 0.000000
vt 0.000000 0.000000
vt 0.000000 0.000000
vt 0.000000 0.000000
vt 0.000000 0.000000
vt 0.000000 0.000000
vt 0.000000 0.000000
vt 0.000000 0.000000
vt 0.000000 0.000000
vt 0.000000 0.000000
vt 0.000000 0.000000
vt 0.000000 0.000000
vt 0.000000 0.000000
vt 0.000000 0.000000
vt 0.000000 0.000000
vt 0.000000 0.000000
vt 0.000000 0.000000
vt 0.000000 0.000000
vt 0.000000 0.000000
vt 0.000000 0.000000
vt 0.000000 0.000000
vt 0.000000 0.000000
vt 0.000000 0.000000
vt 0.000000 0.000000
vt 0.000000 0.000000
vt 0.000000 0.000000
vt 0.000000 0.000000
vt 0.000000 0.000000
vt 0.000000 0.000000
vt 0.000000 0.000000
vt 0.000000 0.000000
vt 0.000000 0.000000
vt 0.000000 0.000000
vt 0.000000 0.000000
vt 0.000000 0.000000
vt 0.000000 0.000000
vt 0.000000 0.000000
vt 0.000000 0.000000
vt 0.000000 0.000000
vt 0.000000 0.000000
vt 0.000000 0.000000
vt 0.000000 0.000000
vt 0.000000 0.000000
vt 0.000000 0.000000
vt 0.000000 0.000000
vt 0.000000 0.000000
vt 0.000000 0.000000
vt 0.000000 0.000000
vt 0.000000 0.000000
vt 0.000000 0.000000
vt 0.000000 0.000000
vt 0.000000 0.000000
vt 0.000000 0.000000
vt 0.000000 0.000000
vt 0.000000 0.000000
vt 0.000000 0.000000
vt 0.000000 0.000000
vt 0.000000 0.000000
vt 0.000000 0.000000
vt 0.000000 0.000000
vt 0.000000 0.000000
vt 0.000000 0.000000
vt 0.000000 0.000000
vt 0.000000 0.000000
vt 0.000000 0.000000
vt 0.000000 0.000000
vt 0.000000 0.000000
vt 0.000000 0.000000
vt 0.000000 0.000000
vt 0.000000 0.000000
vt 0.000000 0.000000
vt 0.000000 0.000000
vt 0.000000 0.000000
vt 0.000000 0.000000
vt 0.000000 0.000000
vt 0.000000 0.000000
vt 0.000000 0.000000
vt 0.000000 0.000000
vt 0.000000 0.000000
vt 0.000000 0.000000
vt 0.000000 0.000000
vt 0.000000 0.000000
vt 0.000000 0.000000
vt 0.000000 0.000000
vt 0.000000 0.000000
vt 0.000000 0.000000
vt 0.000000 0.000000
vt 0.000000 0.000000
vt 0.000000 0.000000
vt 0.000000 0.000000
vt 0.000000 0.000000
vt 0.000000 0.000000
vt 0.000000 0.000000
vt 0.000000 0.000000
vt 0.000000 0.000000
vt 0.000000 0.000000
vt 0.000000 0.000000
vt 0.000000 0.000000
vt 0.000000 0.000000
vt 0.000000 0.000000
vt 0.000000 0.000000
vt 0.000000 0.000000
vt 0.000000 0.000000
vt 0.000000 0.000000
vt 0.000000 0.000000
vt 0.000000 0.000000
vt 0.000000 0.000000
vt 0.000000 0.000000
vt 0.000000 0.000000
vt 0.000000 0.000000
vt 0.000000 0.000000
vt 0.000000 0.000000
vt 0.000000 0.000000
vt 0.000000 0.000000
vt 0.000000 0.000000
vt 0.000000 0.000000
vt 0.000000 0.000000
vt 0.000000 0.000000
vt 0.000000 0.000000
vt 0.000000 0.000000
vt 0.000000 0.000000
vt 0.000000 0.000000
vt 0.000000 0.000000
vt 0.000000 0.000000
vt 0.000000 0.000000
vt 0.000000 0.000000
vt 0.000000 0.000000
vt 0.000000 0.000000
vt 0.000000 0.000000
vt 0.000000 0.000000
vt 0.000000 0.000000
vt 0.000000 0.000000
vt 0.000000 0.000000
vt 0.000000 0.000000
vt 0.000000 0.000000
vt 0.000000 0.000000
vt 0.000000 0.000000
vt 0.000000 0.000000
vt 0.000000 0.000000
vt 0.000000 0.000000
vt 0.000000 0.000000
vt 0.000000 0.000000
vt 0.000000 0.000000
vt 0.000000 0.000000
vt 0.000000 0.000000
vt 0.000000 0.000000
vt 0.000000 0.000000
vt 0.000000 0.000000
vt 0.000000 0.000000
vt 0.000000 0.000000
vt 0.000000 0.000000
vt 0.000000 0.000000
vt 0.000000 0.000000
vt 0.000000 0.000000
vt 0.000000 0.000000
vt 0.000000 0.000000
vt 0.000000 0.000000
vt 0.000000 0.000000
vt 0.000000 0.000000
vt 0.000000 0.000000
vt 0.000000 0.000000
vt 0.000000 0.000000
vt 0.000000 0.000000
vt 0.000000 0.000000
vt 0.000000 0.000000
vt 0.000000 0.000000
vt 0.000000 0.000000
vt 0.000000 0.000000
vt 0.000000 0.000000
vt 0.000000 0.000000
vt 0.000000 0.000000
vt 0.000000 0.000000
vt 0.000000 0.000000
vt 0.000000 0.000000
vt 0.000000 0.000000
vt 0.000000 0.000000
vt 0.000000 0.000000
vt 0.000000 0.000000
vt 0.000000 0.000000
vt 0.000000 0.000000
vt 0.000000 0.000000
vt 0.000000 0.000000
vt 0.000000 0.000000
vt 0.000000 0.000000
vt 0.000000 0.000000
vt 0.000000 0.000000
vt 0.000000 0.000000
vt 0.000000 0.000000
vt 0.000000 0.000000
vt 0.000000 0.000000
vt 0.000000 0.000000
vt 0.000000 0.000000
vt 0.000000 0.000000
vt 0.000000 0.000000
vt 0.000000 0.000000
vt 0.000000 0.000000
vt 0.000000 0.000000
vt 0.000000 0.000000
vt 0.000000 0.000000
vt 0.000000 0.000000
vt 0.000000 0.000000
vt 0.000000 0.000000
vt 0.000000 0.000000
vt 0.000000 0.000000
vn -0.991111 0.060580 -0.118448
vn -0.758797 0.032491 0.650517
vn -0.765321 -0.023145 0.643233
vn -0.992850 -0.012301 -0.118735
vn 0.133953 -0.026474 0.990634
vn 0.119824 -0.016822 0.992653
vn 0.873673 -0.060546 0.482731
vn 0.871999 0.003151 0.489498
vn 0.963506 -0.051866 -0.262614
vn 0.964133 0.018615 -0.264765
vn 0.425221 -0.008091 -0.905053
vn 0.414094 0.023089 -0.909941
vn -0.547190 0.047890 -0.835638
vn -0.557124 0.007571 -0.830395
vn -0.778952 -0.007835 0.627035
vn -0.993321 0.007294 -0.115155
vn 0.082877 -0.019185 0.996375
vn 0.863990 -0.013545 0.503327
vn 0.961769 0.000568 -0.273860
vn 0.383062 0.015380 -0.923595
vn -0.580756 0.018202 -0.813874
vn -0.770386 0.102390 0.629302
vn -0.980514 0.158486 -0.116083
vn 0.079962 -0.043575 0.995845
vn 0.852421 -0.149436 0.501047
vn 0.949774 -0.140850 -0.279447
vn 0.378193 -0.032178 -0.925167
vn -0.568126 0.113747 -0.815043
vn -0.751691 0.062473 0.656549
vn -0.988799 0.098702 -0.111958
vn 0.135799 -0.027662 0.990350
vn 0.868610 -0.097803 0.485748
vn 0.961161 -0.095524 -0.258932
vn 0.427906 -0.023622 -0.903514
vn -0.545744 0.073204 -0.834748
vn -0.762012 -0.067849 0.643999
vn -0.989541 -0.078659 -0.120919
vn 0.144423 0.003400 0.989510
vn 0.879091 0.062746 0.472507
vn 0.963331 0.075699 -0.257416
vn 0.435007 0.045759 -0.899264
vn -0.548703 -0.032058 -0.835402
vn -0.775072 -0.069833 0.628002
vn -0.990423 -0.073386 -0.116952
vn 0.101777 -0.009044 0.994766
vn 0.868573 0.054476 0.492558
vn 0.961453 0.074919 -0.264565
vn 0.402145 0.048557 -0.914288
vn -0.573171 -0.026457 -0.819009
vn -0.776399 -0.018799 0.629961
vn -0.993219 -0.006503 -0.116075
vn 0.094457 -0.018267 0.995361
vn 0.867420 -0.001706 0.497574
vn 0.962875 0.013601 -0.269603
vn 0.394490 0.020383 -0.918674
vn -0.575159 0.010033 -0.817980
vn -0.766587 -0.021176 0.641792
vn -0.992866 -0.009299 -0.118869
vn 0.118629 -0.017470 0.992785
vn 0.872172 0.001977 0.489196
vn 0.964141 0.017458 -0.264816
vn 0.413789 0.022040 -0.910106
vn -0.558172 0.008708 -0.829680
vn -0.755837 -0.112146 0.645085
vn -0.984495 -0.125672 -0.122375
vn 0.125415 -0.005595 0.992089
vn 0.865118 0.106721 0.490083
vn 0.955788 0.133996 -0.261753
vn 0.415598 0.069614 -0.906880
vn -0.546405 -0.058313 -0.835489
vn -0.781439 -0.081254 0.618668
vn -0.989438 -0.087097 -0.115871
vn 0.062092 -0.011112 0.998009
vn 0.854707 0.066158 0.514879
vn 0.956509 0.089556 -0.277616
vn 0.363384 0.051373 -0.930222
vn -0.588815 -0.036187 -0.807457
vn -0.779492 0.002851 0.626406
vn -0.993197 0.020171 -0.114684
vn 0.090899 -0.018969 0.995680
vn 0.867584 -0.024730 0.496675
vn 0.962815 -0.012299 -0.269881
vn 0.392665 0.011309 -0.919612
vn -0.579603 0.026619 -0.814464
vn -0.741269 -0.038119 0.670125
vn -0.991559 -0.031670 -0.125732
vn 0.199012 -0.011205 0.979933
vn 0.891157 0.023364 0.453093
vn 0.969126 0.039273 -0.243417
vn 0.482103 0.033682 -0.875467
vn -0.510782 -0.001465 -0.859709
s 1
g Añadidos Raiz
usemtl initialShadingGroup
f 45/73/97 46/74/98 53/75/99 52/76/100
f 46/74/98 47/176/101 54/77/102 53/78/99
f 47/177/101 48/178/103 55/79/104 54/80/102
f 48/179/103 49/180/105 56/81/106 55/82/104
f 49/181/105 50/182/107 57/83/108 56/84/106
f 50/183/107 51/184/109 58/85/110 57/86/108
f 51/185/109 45/186/97 52/87/100 58/187/110
f 52/188/100 53/189/99 60/88/111 59/89/112
f 53/190/99 54/191/102 61/90/113 60/192/111
f 54/193/102 55/194/104 62/91/114 61/195/113
f 55/196/104 56/197/106 63/92/115 62/198/114
f 56/199/106 57/86/108 64/93/116 63/200/115
f 57/86/108 58/201/110 65/94/117 64/202/116
f 58/203/110 52/204/100 59/95/112 65/205/117
f 59/89/112 60/206/111 67/96/118 66/97/119
f 60/207/111 61/208/113 68/98/120 67/209/118
f 61/210/113 62/211/114 69/99/121 68/212/120
f 62/213/114 63/214/115 70/100/122 69/215/121
f 63/216/115 64/217/116 71/101/123 70/218/122
f 64/219/116 65/220/117 72/102/124 71/221/123
f 65/222/117 59/223/112 66/103/119 72/224/124
f 66/97/119 67/225/118 74/104/125 73/105/126
f 67/226/118 68/227/120 75/106/127 74/228/125
f 68/229/120 69/230/121 76/107/128 75/231/127
f 69/232/121 70/233/122 77/108/129 76/234/128
f 70/235/122 71/236/123 78/109/130 77/237/129
f 71/238/123 72/239/124 79/110/131 78/240/130
f 72/241/124 66/242/119 73/111/126 79/243/131
f 73/105/126 74/244/125 81/112/132 80/113/133
f 74/245/125 75/246/127 82/114/134 81/247/132
f 75/248/127 76/249/128 83/115/135 82/250/134
f 76/251/128 77/252/129 84/116/136 83/253/135
f 77/254/129 78/255/130 85/117/137 84/256/136
f 78/257/130 79/258/131 86/118/138 85/259/137
f 79/260/131 73/261/126 80/119/133 86/262/138
f 80/113/133 81/263/132 88/120/139 87/121/140
f 81/264/132 82/265/134 89/122/141 88/266/139
f 82/267/134 83/268/135 90/123/142 89/269/141
f 83/270/135 84/271/136 91/124/143 90/272/142
f 84/273/136 85/274/137 92/125/144 91/275/143
f 85/276/137 86/277/138 93/126/145 92/278/144
f 86/279/138 80/280/133 87/127/140 93/281/145
f 87/121/140 88/282/139 95/128/146 94/129/147
f 88/283/139 89/284/141 96/130/148 95/285/146
f 89/286/141 90/287/142 97/131/149 96/288/148
f 90/289/142 91/290/143 98/132/150 97/291/149
f 91/292/143 92/293/144 99/133/151 98/294/150
f 92/295/144 93/296/145 100/134/152 99/297/151
f 93/298/145 87/299/140 94/135/147 100/300/152
f 94/129/147 95/301/146 102/136/153 101/137/154
f 95/302/146 96/303/148 103/138/155 102/304/153
f 96/305/148 97/306/149 104/139/156 103/307/155
f 97/308/149 98/309/150 105/140/157 104/310/156
f 98/311/150 99/312/151 106/141/158 105/313/157
f 99/314/151 100/315/152 107/142/159 106/316/158
f 100/317/152 94/318/147 101/143/154 107/319/159
f 101/137/154 102/320/153 109/144/160 108/145/161
f 102/321/153 103/322/155 110/146/162 109/323/160
f 103/324/155 104/325/156 111/147/163 110/326/162
f 104/327/156 105/328/157 112/148/164 111/329/163
f 105/330/157 106/331/158 113/149/165 112/332/164
f 106/333/158 107/334/159 114/150/166 113/335/165
f 107/336/159 101/337/154 108/151/161 114/338/166
f 108/145/161 109/339/160 116/152/167 115/153/168
f 109/340/160 110/341/162 117/154/169 116/342/167
f 110/343/162 111/344/163 118/155/170 117/345/169
f 111/346/163 112/347/164 119/156/171 118/348/170
f 112/349/164 113/350/165 120/157/172 119/351/171
f 113/352/165 114/353/166 121/158/173 120/354/172
f 114/355/166 108/356/161 115/159/168 121/357/173
f 115/153/168 116/358/167 123/160/174 122/161/175
f 116/359/167 117/360/169 124/162/176 123/361/174
f 117/362/169 118/363/170 125/163/177 124/364/176
f 118/365/170 119/366/171 126/164/178 125/367/177
f 119/368/171 120/369/172 127/165/179 126/370/178
f 120/371/172 121/372/173 128/166/180 127/373/179
f 121/374/173 115/375/168 122/167/175 128/376/180
f 122/161/175 123/377/174 130/168/181 129/169/182
f 123/378/174 124/379/176 131/170/183 130/380/181
f 124/381/176 125/382/177 132/171/184 131/383/183
f 125/384/177 126/385/178 133/172/185 132/386/184
f 126/387/178 127/388/179 134/173/186 133/389/185
f 127/390/179 128/391/180 135/174/187 134/392/186
f 128/393/180 122/394/175 129/175/182 135/395/187
g default
v -9.618694 13.713627 -6.013634
v -9.577732 13.713627 -6.013634
v -9.618694 13.987991 -6.013634
v -9.577732 13.987991 -6.013634
v -9.618694 13.987991 -17.047058
v -9.577732 13.987991 -17.047058
v -9.618694 13.713627 -17.047058
v -9.577732 13.713627 -17.047058
v -9.476261 13.987991 -16.728155
v -9.517220 13.987991 -16.728155
v -9.517220 13.713627 -16.728155
v -9.476261 13.713627 -16.728155
v -9.476261 13.987991 -6.332531
v -9.517220 13.987991 -6.332531
v -9.517220 13.713627 -6.332531
v -9.476261 13.713627 -6.332531
vt 0.375000 0.000000
vt 0.625000 0.000000
vt 0.375000 0.250000
vt 0.625000 0.250000
vt 0.375000 0.500000
vt 0.625000 0.500000
vt 0.875000 0.000000
vt 0.875000 0.250000
vt 0.125000 0.000000
vt 0.125000 0.250000
vt 0.625000 0.416667
vt 0.791667 0.250000
vt 0.208333 0.250000
vt 0.375000 0.416667
vt 0.208333 0.000000
vt 0.791667 0.000000
vt 0.625000 0.333333
vt 0.708333 0.250000
vt 0.291667 0.250000
vt 0.375000 0.333333
vt 0.291667 0.000000
vt 0.708333 0.000000
vn 0.000000 1.000000 0.000000
vn 0.000000 1.000000 0.000000
vn 0.000000 1.000000 0.000000
vn 0.000000 1.000000 0.000000
vn 0.952923 0.000000 0.303214
vn 0.999955 0.000000 0.009470
vn 0.999955 0.000000 0.009470
vn 0.952923 0.000000 0.303214
vn -0.999955 0.000000 -0.009470
vn -0.952919 0.000000 -0.303224
vn -0.952919 0.000000 -0.303224
vn -0.999955 0.000000 -0.009470
vn 0.000000 1.000000 0.000000
vn 0.000000 1.000000 0.000000
vn 0.000000 1.000000 0.000000
vn 0.000000 1.000000 0.000000
vn -0.952921 0.000000 0.303220
vn -0.999955 0.000000 0.009470
vn -0.999955 0.000000 0.009470
vn -0.952921 0.000000 0.303220
vn 0.999955 0.000000 -0.009470
vn 0.999955 0.000000 -0.009470
vn 0.952924 0.000000 -0.303210
vn 0.952924 0.000000 -0.303210
s 1
g Añadidos pCube31
usemtl initialShadingGroup
f 138/398/188 139/399/189 148/412/190 149/415/191
s 2
f 137/397/192 151/417/193 148/413/194 139/399/195
s 3
f 150/416/196 136/396/197 138/398/198 149/414/199
s 1
f 145/409/200 144/406/201 141/401/202 140/400/203
s 3
f 142/404/204 146/410/205 145/408/206 140/405/207
s 2
f 144/407/208 147/411/209 143/402/210 141/403/211
s 1
f 149/415/191 148/412/190 144/406/201 145/409/200
s 3
f 146/410/205 150/416/196 149/414/199 145/408/206
s 2
f 148/413/194 151/417/193 147/411/209 144/407/208
g default
v -5.665688 17.410362 -7.213341
v -5.695610 12.938309 -7.210495
v -5.230595 17.403336 -7.211529
v -5.260513 12.931286 -7.208679
v -5.237011 17.403316 -7.242310
v -5.266930 12.931267 -7.239464
v -5.672100 17.410339 -7.244114
v -5.702019 12.938290 -7.241272
vt 0.375000 0.000000
vt 0.625000 0.000000
vt 0.375000 0.250000
vt 0.625000 0.250000
vt 0.375000 0.500000
vt 0.625000 0.500000
vt 0.375000 0.750000
vt 0.625000 0.750000
vt 0.375000 1.000000
vt 0.125000 0.000000
vt 0.125000 0.250000
vn 0.978940 -0.006679 -0.204040
vn 0.978940 -0.006679 -0.204040
vn 0.978940 -0.006679 -0.204040
vn 0.978940 -0.006679 -0.204040
vn 0.004141 -0.000664 -0.999991
vn 0.004141 -0.000664 -0.999991
vn 0.004141 -0.000664 -0.999991
vn 0.004141 -0.000664 -0.999991
vn 0.016160 0.999861 -0.004062
vn 0.016160 0.999861 -0.004062
vn 0.016160 0.999861 -0.004062
vn 0.016160 0.999861 -0.004062
vn -0.004160 0.000665 0.999991
vn -0.004160 0.000665 0.999991
vn -0.004160 0.000665 0.999991
vn -0.004160 0.000665 0.999991
s off
g Añadidos Cuadro1
usemtl initialShadingGroup
f 154/420/212 155/421/213 157/423/214 156/422/215
f 156/422/216 157/423/217 159/425/218 158/424/219
f 158/427/220 152/418/221 154/420/222 156/428/223
f 153/419/224 155/421/225 154/420/226 152/426/227
g default
v -5.652206 17.410484 -7.456310
v -5.675827 12.938454 -7.453625
v -5.335533 17.403183 -7.452141
v -5.359150 12.931156 -7.449455
v -5.340405 17.403168 -7.482948
v -5.364014 12.931145 -7.480267
v -5.657074 17.410469 -7.487114
v -5.680687 12.938438 -7.484432
vt 0.375000 0.000000
vt 0.625000 0.000000
vt 0.375000 0.250000
vt 0.625000 0.250000
vt 0.375000 0.500000
vt 0.625000 0.500000
vt 0.375000 0.750000
vt 0.625000 0.750000
vt 0.375000 1.000000
vt 0.125000 0.000000
vt 0.125000 0.250000
vn 0.987735 -0.005309 -0.156047
vn 0.987735 -0.005309 -0.156047
vn 0.987735 -0.005309 -0.156047
vn 0.987735 -0.005309 -0.156047
vn 0.013139 -0.000669 -0.999913
vn 0.013139 -0.000669 -0.999914
vn 0.013139 -0.000669 -0.999914
vn 0.013139 -0.000669 -0.999914
vn 0.023105 0.999725 -0.004113
vn 0.023105 0.999725 -0.004113
vn 0.023105 0.999725 -0.004113
vn 0.023105 0.999725 -0.004113
vn -0.013153 0.000670 0.999913
vn -0.013153 0.000670 0.999913
vn -0.013153 0.000670 0.999913
vn -0.013153 0.000670 0.999913
s off
g Añadidos Cuadro2
usemtl initialShadingGroup
f 162/431/228 163/432/229 165/434/230 164/433/231
f 164/433/232 165/434/233 167/436/234 166/435/235
f 166/438/236 160/429/237 162/431/238 164/439/239
f 161/430/240 163/432/241 162/431/242 160/437/243
g default
v -5.674469 17.410461 -7.679985
v -5.694370 12.938427 -7.677383
v -5.411686 17.403210 -7.674747
v -5.431587 12.931179 -7.672138
v -5.415852 17.403194 -7.705566
v -5.435753 12.931164 -7.702957
v -5.678635 17.410446 -7.710808
v -5.698540 12.938416 -7.708199
vt 0.375000 0.000000
vt 0.625000 0.000000
vt 0.375000 0.250000
vt 0.625000 0.250000
vt 0.375000 0.500000
vt 0.625000 0.500000
vt 0.375000 0.750000
vt 0.625000 0.750000
vt 0.375000 1.000000
vt 0.125000 0.000000
vt 0.125000 0.250000
vn 0.990978 -0.004488 -0.133947
vn 0.990978 -0.004488 -0.133947
vn 0.990978 -0.004488 -0.133947
vn 0.990978 -0.004488 -0.133947
vn 0.019923 -0.000672 -0.999801
vn 0.019923 -0.000672 -0.999801
vn 0.019923 -0.000672 -0.999801
vn 0.019923 -0.000672 -0.999801
vn 0.027669 0.999608 -0.004249
vn 0.027669 0.999608 -0.004249
vn 0.027669 0.999608 -0.004249
vn 0.027669 0.999608 -0.004249
vn -0.019921 0.000671 0.999801
vn -0.019921 0.000671 0.999801
vn -0.019921 0.000671 0.999801
vn -0.019921 0.000671 0.999801
s off
g Añadidos Cuadro3
usemtl initialShadingGroup
f 170/442/244 171/443/245 173/445/246 172/444/247
f 172/444/248 173/445/249 175/447/250 174/446/251
f 174/449/252 168/440/253 170/442/254 172/450/255
f 169/441/256 171/443/257 170/442/258 168/448/259
g default
v 4.885180 17.083115 -7.457592
v 4.618095 17.076233 -7.457592
v 4.613591 18.645721 -7.461107
v 4.728531 17.978083 -7.459335
v 4.517850 17.746754 -7.458583
v 4.416250 18.645721 -7.461096
v 4.486073 17.977922 -7.459335
v 4.656611 18.399250 -7.460144
v 4.442381 18.397919 -7.460146
v 3.832610 17.070286 -7.457592
v 4.088993 17.076233 -7.457592
v 4.084823 18.645721 -7.461107
v 3.979656 17.978149 -7.459335
v 4.189060 17.746754 -7.458583
v 4.291479 18.645721 -7.461096
v 4.220578 17.977922 -7.459335
v 4.047106 18.400045 -7.460144
v 4.264268 18.397919 -7.460146
v 4.770930 17.746754 -7.458574
v 3.942574 17.746756 -7.458588
v 4.656611 18.399250 -7.420310
v 4.442381 18.397919 -7.420309
v 4.416250 18.645721 -7.419359
v 4.613591 18.645721 -7.419347
v 4.486073 17.977922 -7.421121
v 4.728531 17.978083 -7.421121
v 4.517850 17.746754 -7.421872
v 4.770930 17.746754 -7.421881
v 4.885180 17.083115 -7.422863
v 4.618095 17.076233 -7.422863
v 4.084823 18.645721 -7.419347
v 4.047106 18.400045 -7.420310
v 4.291479 18.645721 -7.419359
v 4.264268 18.397919 -7.420309
v 3.979656 17.978149 -7.421121
v 4.220578 17.977922 -7.421121
v 4.189060 17.746754 -7.421872
v 3.942574 17.746756 -7.421866
v 4.088993 17.076233 -7.422863
v 3.832610 17.070286 -7.422863
vt 1.000000 1.000000
vt 0.666667 1.000000
vt 0.551298 0.333333
vt 0.666667 0.520606
vt 0.571139 0.603805
vt 0.521655 0.333333
vt 0.557542 0.524038
vt 0.625135 0.453189
vt 0.544623 0.455385
vt 0.557542 0.524038
vt 0.571139 0.603805
vt 0.625135 0.453189
vt 0.544623 0.455385
vt 0.521655 0.333333
vt 0.551298 0.333333
vt 0.666667 0.520606
vt 1.000000 1.000000
vt 0.666667 1.000000
vt 0.812076 0.729731
vt 0.809462 0.725971
vt 0.000000 0.000000
vt 1.000000 0.000000
vt 0.000000 0.000000
vt 1.000000 0.000000
vt 0.000000 0.000000
vt 1.000000 0.000000
vt 0.000000 0.000000
vt 1.000000 0.000000
vt 0.000000 0.000000
vt 1.000000 0.000000
vt 0.000000 0.000000
vt 1.000000 0.000000
vt 0.000000 0.000000
vt 1.000000 0.000000
vt 0.000000 0.000000
vt 1.000000 0.000000
vt 0.000000 0.000000
vt 1.000000 0.000000
vt 0.000000 0.000000
vt 1.000000 0.000000
vt 0.000000 0.000000
vt 1.000000 0.000000
vt 0.000000 0.000000
vt 1.000000 0.000000
vt 0.000000 0.000000
vt 1.000000 0.000000
vt 0.000000 0.000000
vt 1.000000 0.000000
vt 0.000000 0.000000
vt 1.000000 0.000000
vt 0.000000 0.000000
vt 1.000000 0.000000
vt 0.000000 0.000000
vt 1.000000 0.000000
vt 0.000000 0.000000
vt 1.000000 0.000000
vt 0.000000 0.000000
vt 1.000000 0.000000
vt 0.000000 0.000000
vt 1.000000 0.000000
vt 0.625135 0.453189
vt 0.544623 0.455385
vt 0.521655 0.333333
vt 0.551298 0.333333
vt 0.557542 0.524038
vt 0.666667 0.520606
vt 0.571139 0.603805
vt 0.812076 0.729731
vt 1.000000 1.000000
vt 0.666667 1.000000
vt 0.625135 0.453189
vt 0.551298 0.333333
vt 0.521655 0.333333
vt 0.544623 0.455385
vt 0.557542 0.524038
vt 0.666667 0.520606
vt 0.571139 0.603805
vt 0.809462 0.725971
vt 0.666667 1.000000
vt 1.000000 1.000000
vt 0.000000 0.000000
vt 1.000000 0.000000
vt 0.000000 0.000000
vt 1.000000 0.000000
vt 0.000000 0.000000
vt 1.000000 0.000000
vt 0.000000 0.000000
vt 1.000000 0.000000
vt 0.000000 0.000000
vt 1.000000 0.000000
vt 0.000000 0.000000
vt 1.000000 0.000000
vt 0.000000 0.000000
vt 1.000000 0.000000
vt 0.000000 0.000000
vt 1.000000 0.000000
vt 0.000000 0.000000
vt 1.000000 0.000000
vt 0.000000 0.000000
vt 1.000000 0.000000
vt 0.000000 0.000000
vt 1.000000 0.000000
vt 0.000000 0.000000
vt 1.000000 0.000000
vt 0.000000 0.000000
vt 1.000000 0.000000
vt 0.000000 0.000000
vt 1.000000 0.000000
vt 0.000000 0.000000
vt 1.000000 0.000000
vt 0.000000 0.000000
vt 1.000000 0.000000
vt 0.000000 0.000000
vt 1.000000 0.000000
vt 0.000000 0.000000
vt 1.000000 0.000000
vt 0.000000 0.000000
vt 1.000000 0.000000
vt 0.000000 0.000000
vt 1.000000 0.000000
vn 0.000003 -0.002511 0.999997
vn -0.000012 -0.003872 0.999993
vn -0.000012 -0.003872 0.999993
vn 0.000002 -0.002656 0.999996
vn 0.000013 -0.002379 0.999997
vn 0.000014 -0.002498 0.999997
vn 0.000033 -0.001980 0.999998
vn 0.000038 -0.001473 0.999999
vn 0.000038 -0.001473 0.999999
vn 0.000034 -0.001846 0.999998
vn -0.000009 -0.002531 0.999997
vn -0.000007 -0.002667 0.999997
vn 0.000005 -0.003877 0.999992
vn 0.000005 -0.003877 0.999992
vn -0.000006 -0.002363 0.999997
vn -0.000004 -0.002472 0.999997
vn 0.000025 -0.001982 0.999998
vn 0.000027 -0.001855 0.999998
vn 0.000031 -0.001480 0.999999
vn 0.000031 -0.001480 0.999999
vn 0.000000 -0.003249 0.999995
vn 0.000000 -0.003249 0.999995
vn 0.000000 -0.003249 0.999995
vn 0.000000 -0.003249 0.999995
vn 0.000000 -0.003833 0.999993
vn 0.000000 -0.003833 0.999993
vn 0.000000 -0.003833 0.999993
vn 0.000000 -0.003833 0.999993
vn 0.025758 -0.999668 0.000000
vn 0.025758 -0.999668 0.000000
vn 0.025758 -0.999668 0.000000
vn 0.025758 -0.999668 0.000000
vn -0.994632 -0.103472 0.000000
vn -0.994632 -0.103472 0.000000
vn -0.994632 -0.103472 0.000000
vn -0.994632 -0.103472 0.000000
vn 0.000000 1.000000 0.000000
vn 0.000000 1.000000 0.000000
vn 0.000000 1.000000 0.000000
vn 0.000000 1.000000 0.000000
vn -0.987828 0.155547 0.000000
vn -0.987828 0.155547 0.000000
vn -0.988420 0.151745 0.000000
vn -0.988420 0.151745 0.000000
vn -0.987440 0.157995 0.000000
vn -0.987440 0.157995 0.000000
vn -0.987139 0.159863 0.000000
vn -0.987139 0.159863 0.000000
vn 0.989046 -0.147604 0.000000
vn 0.989046 -0.147604 0.000000
vn 0.989047 -0.147604 0.000000
vn 0.989047 -0.147604 0.000000
vn -0.987044 0.160448 0.000000
vn -0.987044 0.160448 0.000000
vn 0.000000 1.000000 0.000000
vn 0.000000 1.000000 0.000000
vn 0.000000 1.000000 0.000000
vn 0.000000 1.000000 0.000000
vn 0.000000 1.000000 0.000000
vn 0.000000 1.000000 0.000000
vn 0.000000 1.000000 0.000000
vn 0.000000 1.000000 0.000000
vn 0.000003 -0.002508 -0.999997
vn 0.000002 -0.002654 -0.999997
vn -0.000009 -0.003872 -0.999992
vn -0.000009 -0.003872 -0.999993
vn 0.000011 -0.002379 -0.999997
vn 0.000012 -0.002498 -0.999997
vn 0.000030 -0.001982 -0.999998
vn 0.000032 -0.001847 -0.999998
vn 0.000036 -0.001473 -0.999999
vn 0.000036 -0.001473 -0.999999
vn -0.000008 -0.002529 -0.999997
vn 0.000002 -0.003877 -0.999993
vn 0.000002 -0.003877 -0.999992
vn -0.000007 -0.002665 -0.999997
vn -0.000006 -0.002363 -0.999997
vn -0.000005 -0.002473 -0.999997
vn 0.000022 -0.001983 -0.999998
vn 0.000024 -0.001856 -0.999998
vn 0.000029 -0.001479 -0.999999
vn 0.000029 -0.001479 -0.999999
vn 0.000000 -0.003255 -0.999995
vn 0.000000 -0.003255 -0.999995
vn 0.000000 -0.003255 -0.999995
vn 0.000000 -0.003255 -0.999995
vn 0.000000 -0.003833 -0.999993
vn 0.000000 -0.003833 -0.999993
vn 0.000000 -0.003833 -0.999993
vn 0.000000 -0.003833 -0.999993
vn 0.985107 0.171945 0.000000
vn 0.985107 0.171945 0.000000
vn 0.985107 0.171945 0.000000
vn 0.985107 0.171945 0.000000
vn 0.983616 0.180279 0.000000
vn 0.985018 0.172452 0.000000
vn 0.985018 0.172452 0.000000
vn 0.983616 0.180279 0.000000
vn -0.989008 -0.147861 0.000000
vn -0.989008 -0.147861 0.000000
vn -0.989008 -0.147861 0.000000
vn -0.989008 -0.147861 0.000000
vn 0.000000 1.000000 0.000000
vn 0.000000 1.000000 0.000000
vn 0.985731 0.168325 0.000000
vn 0.985731 0.168325 0.000000
vn 0.994633 -0.103466 0.000000
vn 0.994633 -0.103466 0.000000
vn 0.994633 -0.103466 0.000000
vn 0.994633 -0.103466 0.000000
vn 0.023190 -0.999731 0.000000
vn 0.023190 -0.999731 0.000000
vn 0.023190 -0.999731 0.000000
vn 0.023190 -0.999731 0.000000
vn 0.985502 0.169663 0.000000
vn 0.985502 0.169663 0.000000
vn 0.985502 0.169663 0.000000
vn 0.985502 0.169663 0.000000
vn 0.000000 -1.000000 0.000000
vn 0.000000 -1.000000 0.000000
vn 0.000000 -1.000000 0.000000
vn 0.000000 -1.000000 0.000000
vn 0.000000 -1.000000 0.000000
vn 0.000000 -1.000000 0.000000
vn 0.000000 -1.000000 0.000000
vn 0.000000 -1.000000 0.000000
s 1
g Añadidos pPlane4 Letras
usemtl initialShadingGroup
f 196/458/260 199/453/261 198/456/262 197/459/263
f 200/457/264 201/454/265 196/458/260 197/459/263
f 202/455/266 205/452/267 204/451/268 203/469/269
s 2
f 207/462/270 209/463/271 208/464/272 206/465/273
f 211/460/274 209/463/271 207/462/270 210/466/275
f 212/461/276 211/460/274 210/466/275 213/470/277
s 1
f 202/455/266 203/469/269 201/454/265 200/457/264
s 2
f 212/461/276 213/470/277 215/467/278 214/468/279
s off
f 200/457/280 211/460/281 212/461/282 202/455/283
f 198/456/284 208/464/285 209/463/286 197/459/287
f 176/532/288 204/472/289 205/471/290 177/531/291
f 200/484/292 197/483/293 184/543/294 182/544/295
f 187/546/296 206/486/297 208/485/298 190/545/299
s 3
f 192/548/300 207/488/301 206/487/302 187/547/303
f 188/552/304 210/492/305 207/491/301 192/551/300
f 195/554/306 213/494/307 210/493/305 188/553/304
s off
f 189/558/308 212/498/309 214/497/310 186/557/311
s 3
f 185/562/312 215/502/313 213/501/307 195/561/306
s off
f 191/566/314 211/506/315 200/505/316 182/565/317
s 4
f 190/570/318 208/510/319 198/509/320 181/569/321
s 5
f 183/511/322 184/512/323 181/513/324 178/514/325
f 182/515/326 184/512/323 183/511/322 179/516/327
f 180/517/328 194/518/329 176/519/330 177/520/331
s 6
f 192/521/332 187/522/333 190/523/334 193/524/335
f 191/525/336 188/526/337 192/521/332 193/524/335
f 189/527/338 195/528/339 188/526/337 191/525/336
s 5
f 180/517/328 182/515/326 179/516/327 194/518/329
s 6
f 189/527/338 186/529/340 185/530/341 195/528/339
s off
f 182/515/342 180/517/343 189/527/344 191/525/345
f 181/513/346 184/512/347 193/524/348 190/523/349
f 183/533/350 178/534/351 199/474/352 196/473/353
s 7
f 194/535/354 179/536/355 201/476/356 203/475/357
s off
f 180/537/358 177/538/359 205/478/360 202/477/361
s 4
f 178/539/362 181/540/321 198/480/320 199/479/363
s 7
f 179/541/355 183/542/364 196/482/365 201/481/356
s off
f 191/549/366 193/550/367 209/490/368 211/489/369
f 185/555/370 186/556/371 214/496/372 215/495/373
f 176/559/374 194/560/375 203/500/376 204/499/377
f 189/563/378 180/564/379 202/504/380 212/503/381
f 209/507/382 193/567/383 184/568/384 197/508/385
g default
v 5.357788 17.051254 -7.375074
v 5.199135 16.772995 -7.374989
v 4.952023 16.552177 -7.374931
v 4.640661 16.410400 -7.374893
v 4.295505 16.361534 -7.374870
v 3.950348 16.410400 -7.374893
v 3.950350 18.309006 -7.375435
v 4.295505 18.357864 -7.375458
v 4.640659 18.309006 -7.375443
v 4.952023 18.167229 -7.375397
v 5.199135 17.946404 -7.375336
v 5.357788 17.668152 -7.375252
v 5.412453 17.359695 -7.375163
v 5.357788 17.044815 -7.401560
v 5.199135 16.766556 -7.401478
v 4.952023 16.545723 -7.401413
v 4.640661 16.403954 -7.401375
v 4.295505 16.355103 -7.401360
v 3.950348 16.403954 -7.401375
v 3.950350 18.302574 -7.401917
v 4.295505 18.351433 -7.401947
v 4.640659 18.302574 -7.401917
v 4.952023 18.160805 -7.401886
v 5.199135 17.939964 -7.401821
v 5.357788 17.661713 -7.401741
v 5.412453 17.353256 -7.401650
v 5.122131 17.119667 -7.375093
v 4.998680 16.903137 -7.375031
v 4.806393 16.731308 -7.374981
v 4.564093 16.620972 -7.374947
v 4.295505 16.582962 -7.374939
v 3.989111 16.629082 -7.374947
v 3.989109 18.090317 -7.375374
v 4.295505 18.136444 -7.375389
v 4.564093 18.098427 -7.375374
v 4.806393 17.988091 -7.375343
v 4.998676 17.816261 -7.375294
v 5.122131 17.599724 -7.375233
v 5.164680 17.359695 -7.375163
v 5.122131 17.113243 -7.401581
v 4.998680 16.896706 -7.401516
v 4.806393 16.724869 -7.401470
v 4.564093 16.614540 -7.401436
v 4.295505 16.576523 -7.401428
v 3.989111 16.622650 -7.401436
v 3.989109 18.083878 -7.401855
v 4.295505 18.129997 -7.401878
v 4.564093 18.091980 -7.401863
v 4.806393 17.981651 -7.401829
v 4.998676 17.809822 -7.401783
v 5.122131 17.593292 -7.401718
v 5.164680 17.353256 -7.401649
vt 0.375000 0.312500
vt 0.387500 0.312500
vt 0.400000 0.312500
vt 0.412500 0.312500
vt 0.425000 0.312500
vt 0.437500 0.312500
vt 0.537500 0.312500
vt 0.550000 0.312500
vt 0.562500 0.312500
vt 0.575000 0.312500
vt 0.587500 0.312500
vt 0.600000 0.312500
vt 0.612500 0.312500
vt 0.625000 0.312500
vt 0.375000 0.688440
vt 0.387500 0.688440
vt 0.400000 0.688440
vt 0.412500 0.688440
vt 0.425000 0.688440
vt 0.437500 0.688440
vt 0.537500 0.688440
vt 0.550000 0.688440
vt 0.562500 0.688440
vt 0.575000 0.688440
vt 0.587500 0.688440
vt 0.600000 0.688440
vt 0.612500 0.688440
vt 0.625000 0.688440
vt 0.000000 0.000000
vt 1.000000 0.000000
vt 0.500000 1.000000
vt 0.500000 1.000000
vt 0.000000 0.000000
vt 1.000000 0.000000
vt 0.500000 1.000000
vt 0.000000 0.000000
vt 1.000000 0.000000
vt 0.500000 1.000000
vt 0.000000 0.000000
vt 1.000000 0.000000
vt 0.500000 1.000000
vt 0.000000 0.000000
vt 1.000000 0.000000
vt 0.500000 1.000000
vt 0.000000 0.000000
vt 1.000000 0.000000
vt 0.500000 1.000000
vt 0.500000 1.000000
vt 0.000000 0.000000
vt 1.000000 0.000000
vt 0.500000 1.000000
vt 0.000000 0.000000
vt 1.000000 0.000000
vt 0.500000 1.000000
vt 0.000000 0.000000
vt 1.000000 0.000000
vt 0.500000 1.000000
vt 0.000000 0.000000
vt 1.000000 0.000000
vt 0.500000 1.000000
vt 0.000000 0.000000
vt 1.000000 0.000000
vt 0.500000 1.000000
vt 0.000000 0.000000
vt 1.000000 0.000000
vt 0.000000 0.000000
vt 1.000000 0.000000
vt 0.500000 1.000000
vt 0.500000 1.000000
vt 0.000000 0.000000
vt 1.000000 0.000000
vt 0.500000 1.000000
vt 0.000000 0.000000
vt 1.000000 0.000000
vt 0.500000 1.000000
vt 0.000000 0.000000
vt 1.000000 0.000000
vt 0.500000 1.000000
vt 0.000000 0.000000
vt 1.000000 0.000000
vt 0.500000 1.000000
vt 0.000000 0.000000
vt 1.000000 0.000000
vt 0.500000 1.000000
vt 0.500000 1.000000
vt 0.000000 0.000000
vt 1.000000 0.000000
vt 0.500000 1.000000
vt 0.000000 0.000000
vt 1.000000 0.000000
vt 0.500000 1.000000
vt 0.000000 0.000000
vt 1.000000 0.000000
vt 0.500000 1.000000
vt 0.000000 0.000000
vt 1.000000 0.000000
vt 0.500000 1.000000
vt 0.000000 0.000000
vt 1.000000 0.000000
vt 0.500000 1.000000
vt 0.000000 0.000000
vt 1.000000 0.000000
vt 0.000000 0.000000
vt 1.000000 0.000000
vt 0.000000 0.000000
vt 1.000000 0.000000
vn 0.944939 -0.317986 0.077304
vn 0.778870 -0.609411 0.148257
vn 0.754466 -0.637733 0.155168
vn 0.927537 -0.363154 0.088286
vn 0.543739 -0.815428 0.198558
vn 0.522977 -0.828146 0.201667
vn 0.277086 -0.933599 0.227192
vn 0.265763 -0.936706 0.227930
vn 0.000001 -0.971695 0.236241
vn 0.000001 -0.971694 0.236241
vn -0.136277 -0.962629 0.234037
vn -0.136277 -0.962629 0.234037
vn -0.136293 0.962696 -0.233753
vn -0.000011 0.971760 -0.235971
vn -0.000010 0.971760 -0.235971
vn -0.136293 0.962696 -0.233753
vn 0.265817 0.936808 -0.227445
vn 0.277119 0.933712 -0.226688
vn 0.523105 0.828214 -0.201053
vn 0.543768 0.815548 -0.197984
vn 0.754486 0.637770 -0.154923
vn 0.778883 0.609441 -0.148061
vn 0.927541 0.363143 -0.088284
vn 0.944943 0.317974 -0.077304
vn 0.999629 0.026451 -0.006432
vn 0.999630 -0.026435 0.006424
vn -0.000006 0.000294 1.000000
vn 0.000001 0.000295 1.000000
vn 0.000000 0.000295 1.000000
vn -0.000007 0.000293 1.000000
vn -0.000001 0.000277 1.000000
vn 0.000001 0.000276 1.000000
vn 0.000010 0.000276 1.000000
vn 0.000010 0.000277 1.000000
vn 0.000002 0.000281 1.000000
vn 0.000002 0.000281 1.000000
vn -0.000005 0.000278 1.000000
vn -0.000005 0.000278 1.000000
vn 0.000004 0.000307 1.000000
vn 0.000013 0.000296 1.000000
vn 0.000013 0.000296 1.000000
vn 0.000004 0.000307 1.000000
vn -0.000001 0.000315 1.000000
vn -0.000001 0.000315 1.000000
vn 0.000008 0.000302 1.000000
vn 0.000007 0.000304 1.000000
vn 0.000008 0.000296 1.000000
vn 0.000009 0.000295 1.000000
vn 0.000002 0.000292 1.000000
vn 0.000002 0.000292 1.000000
vn 0.000001 0.000288 1.000000
vn 0.000001 0.000288 1.000000
vn 0.000002 -0.000293 -1.000000
vn 0.000005 -0.000296 -1.000000
vn 0.000006 -0.000296 -1.000000
vn 0.000002 -0.000294 -1.000000
vn 0.000009 -0.000297 -1.000000
vn 0.000009 -0.000298 -1.000000
vn 0.000005 -0.000300 -1.000000
vn 0.000005 -0.000300 -1.000000
vn -0.000003 -0.000297 -1.000000
vn -0.000003 -0.000297 -1.000000
vn -0.000008 -0.000294 -1.000000
vn -0.000008 -0.000294 -1.000000
vn -0.000038 -0.000298 -1.000000
vn -0.000003 -0.000293 -1.000000
vn -0.000003 -0.000293 -1.000000
vn -0.000038 -0.000298 -1.000000
vn 0.000009 -0.000283 -1.000000
vn 0.000011 -0.000284 -1.000000
vn -0.000012 -0.000287 -1.000000
vn -0.000012 -0.000286 -1.000000
vn -0.000009 -0.000296 -1.000000
vn -0.000009 -0.000295 -1.000000
vn -0.000005 -0.000294 -1.000000
vn -0.000005 -0.000294 -1.000000
vn -0.000000 -0.000291 -1.000000
vn -0.000000 -0.000291 -1.000000
vn -0.983769 0.174363 -0.042385
vn -0.983769 0.174363 -0.042385
vn -0.983769 0.174363 -0.042385
vn -0.983769 0.174363 -0.042385
vn -0.983773 -0.174342 0.042370
vn -0.983773 -0.174342 0.042370
vn -0.983773 -0.174342 0.042370
vn -0.983773 -0.174342 0.042370
vn 0.144747 0.961502 -0.233585
vn 0.144747 0.961502 -0.233585
vn 0.144747 0.961502 -0.233585
vn 0.144747 0.961502 -0.233585
vn -0.136255 0.962670 -0.233884
vn -0.136255 0.962670 -0.233884
vn -0.136255 0.962670 -0.233884
vn -0.136255 0.962670 -0.233884
vn -0.404670 0.888616 -0.215878
vn -0.404670 0.888616 -0.215878
vn -0.404670 0.888616 -0.215878
vn -0.404670 0.888616 -0.215878
vn -0.655689 0.733689 -0.178250
vn -0.655689 0.733689 -0.178250
vn -0.655689 0.733689 -0.178250
vn -0.655689 0.733689 -0.178250
vn -0.862540 0.491719 -0.119322
vn -0.862540 0.491719 -0.119322
vn -0.862540 0.491719 -0.119322
vn -0.862540 0.491719 -0.119322
vn -0.983767 0.174383 -0.042342
vn -0.983767 0.174383 -0.042342
vn -0.983767 0.174383 -0.042342
vn -0.983767 0.174383 -0.042342
vn -0.983768 -0.174373 0.042368
vn -0.983768 -0.174373 0.042368
vn -0.983768 -0.174373 0.042368
vn -0.983768 -0.174373 0.042368
vn -0.862516 -0.491728 0.119460
vn -0.862516 -0.491728 0.119460
vn -0.862516 -0.491728 0.119460
vn -0.862516 -0.491727 0.119460
vn -0.655675 -0.733676 0.178354
vn -0.655675 -0.733676 0.178354
vn -0.655675 -0.733676 0.178354
vn -0.655675 -0.733676 0.178354
vn -0.404645 -0.888578 0.216082
vn -0.404645 -0.888578 0.216082
vn -0.404645 -0.888578 0.216082
vn -0.404645 -0.888578 0.216082
vn 0.144742 -0.961417 0.233936
vn 0.144742 -0.961417 0.233936
vn 0.144742 -0.961417 0.233936
vn 0.144742 -0.961417 0.233936
vn -0.136261 -0.962580 0.234249
vn -0.136261 -0.962580 0.234249
vn -0.136261 -0.962580 0.234249
vn -0.136261 -0.962580 0.234249
s 1
g Añadidos Letras pCylinder20
usemtl initialShadingGroup
f 216/571/386 217/572/387 230/586/388 229/585/389
f 217/572/387 218/573/390 231/587/391 230/586/388
f 218/573/390 219/574/392 232/588/393 231/587/391
f 219/574/392 220/575/394 233/589/395 232/588/393
f 220/575/394 221/576/396 234/590/397 233/589/395
f 222/577/398 223/578/399 236/592/400 235/591/401
f 223/578/399 224/579/402 237/593/403 236/592/400
f 224/579/402 225/580/404 238/594/405 237/593/403
f 225/580/404 226/581/406 239/595/407 238/594/405
f 226/581/406 227/582/408 240/596/409 239/595/407
f 227/582/408 228/583/410 241/597/411 240/596/409
f 228/583/410 216/584/386 229/598/389 241/597/411
s 3
f 217/599/412 216/600/413 242/601/414 243/602/415
f 218/603/416 217/604/412 243/602/415 244/605/417
f 219/606/418 218/607/416 244/605/417 245/608/419
f 220/609/420 219/610/418 245/608/419 246/611/421
f 221/612/422 220/613/420 246/611/421 247/614/423
f 223/615/424 222/616/425 248/617/426 249/618/427
f 224/619/428 223/620/424 249/618/427 250/621/429
f 225/622/430 224/623/428 250/621/429 251/624/431
f 226/625/432 225/626/430 251/624/431 252/627/433
f 227/628/434 226/629/432 252/627/433 253/630/435
f 228/631/436 227/632/434 253/630/435 254/633/437
f 216/634/413 228/635/436 254/633/437 242/601/414
s 5
f 229/636/438 230/637/439 256/638/440 255/639/441
f 230/640/439 231/641/442 257/642/443 256/638/440
f 231/643/442 232/644/444 258/645/445 257/642/443
f 232/646/444 233/647/446 259/648/447 258/645/445
f 233/649/446 234/650/448 260/651/449 259/648/447
f 235/652/450 236/653/451 262/654/452 261/655/453
f 236/656/451 237/657/454 263/658/455 262/654/452
f 237/659/454 238/660/456 264/661/457 263/658/455
f 238/662/456 239/663/458 265/664/459 264/661/457
f 239/665/458 240/666/460 266/667/461 265/664/459
f 240/668/460 241/669/462 267/670/463 266/667/461
f 241/671/462 229/672/438 255/639/441 267/670/463
s off
f 234/673/464 221/674/465 247/614/466 260/651/467
f 222/675/468 235/676/469 261/655/470 248/617/471
f 247/614/472 246/611/473 259/648/474 260/651/475
f 246/611/476 245/608/477 258/645/478 259/648/479
f 245/608/480 244/605/481 257/642/482 258/645/483
f 244/605/484 243/602/485 256/638/486 257/642/487
f 243/602/488 242/601/489 255/639/490 256/638/491
f 242/601/492 254/633/493 267/670/494 255/639/495
f 254/633/496 253/630/497 266/667/498 267/670/499
f 253/630/500 252/627/501 265/664/502 266/667/503
f 252/627/504 251/624/505 264/661/506 265/664/507
f 251/624/508 250/621/509 263/658/510 264/661/511
f 249/618/512 248/617/513 261/655/514 262/654/515
f 250/621/516 249/618/517 262/654/518 263/658/519
g default
v 6.812172 19.907820 -9.070621
v 6.476247 19.655931 -9.137851
v 6.809965 19.908882 -9.030093
v 6.469048 19.658667 -8.985573
v 6.473952 19.657249 -9.101554
v 6.811195 19.908674 -9.063308
v 6.470407 19.658333 -9.019392
v 6.810066 19.908993 -9.036320
v 6.682156 19.826550 -8.944273
v 6.683932 19.825846 -8.981081
v 6.691317 19.823303 -9.144422
v 6.694016 19.821621 -9.183504
v 6.547813 19.726561 -8.901683
v 6.551411 19.725376 -8.982801
v 6.558228 19.723047 -9.134157
v 6.562741 19.720888 -9.217363
v 6.819360 19.916491 -9.050575
v 6.700244 19.810030 -9.062168
v 6.567440 19.709667 -9.057896
v 6.485539 19.653406 -9.059967
vt 0.000000 0.000000
vt 1.000000 0.000000
vt 0.000000 1.000000
vt 1.000000 1.000000
vt 1.000000 0.500000
vt 0.000000 0.500000
vt 1.000000 0.750000
vt 0.000000 0.750000
vt 0.500000 1.000000
vt 0.500000 0.750000
vt 0.500000 0.500000
vt 0.500000 0.000000
vt 0.750000 1.000000
vt 0.750000 0.750000
vt 0.750000 0.500000
vt 0.750000 0.000000
vt 0.000000 0.625000
vt 0.500000 0.625000
vt 0.750000 0.625000
vt 1.000000 0.625000
vn -0.609472 0.790544 -0.059867
vn -0.630802 0.773741 -0.058428
vn -0.591597 0.800053 0.099636
vn -0.598929 0.796860 0.079365
vn -0.587859 0.807782 -0.043691
vn -0.561072 0.826895 -0.037979
vn -0.578647 0.794706 -0.183329
vn -0.595286 0.786674 -0.163642
vn -0.628193 0.777160 -0.037366
vn -0.611485 0.790276 -0.039374
vn -0.596186 0.784431 -0.170967
vn -0.597293 0.801046 -0.039579
vn -0.559498 0.828056 -0.035842
vn -0.612419 0.764772 -0.200168
vn -0.648136 0.759110 -0.060597
vn -0.618097 0.785430 -0.032495
vn -0.534062 0.840818 -0.088335
vn -0.590509 0.804421 -0.064846
vn -0.598424 0.798111 0.070047
vn -0.638937 0.759797 0.120280
s 1
g Añadidos pPlane15 Maceta
usemtl initialShadingGroup
f 283/692/520 269/678/521 272/681/522 282/691/523
f 286/695/524 287/696/525 274/683/526 281/690/527
f 281/690/527 274/683/526 271/680/528 280/689/529
f 277/686/530 276/685/531 270/679/532 275/684/533
f 284/693/534 285/694/535 277/686/530 275/684/533
f 268/677/536 279/688/537 278/687/538 273/682/539
f 277/686/530 281/690/527 280/689/529 276/685/531
f 285/694/535 286/695/524 281/690/527 277/686/530
f 279/688/537 283/692/520 282/691/523 278/687/538
f 273/682/539 278/687/538 285/694/535 284/693/534
f 278/687/538 282/691/523 286/695/524 285/694/535
f 282/691/523 272/681/522 287/696/525 286/695/524
g default
v 6.081517 19.448837 -9.055397
v 6.336927 19.119047 -8.997289
v 6.082198 19.449287 -9.095981
v 6.338082 19.119810 -9.149725
v 6.337946 19.119719 -9.033649
v 6.082383 19.449409 -9.062747
v 6.338132 19.119843 -9.115883
v 6.082399 19.449419 -9.089757
v 6.178379 19.336813 -9.185322
v 6.178054 19.336597 -9.148473
v 6.177250 19.336067 -8.984978
v 6.175858 19.335148 -8.945814
v 6.277747 19.205641 -9.231513
v 6.277438 19.205437 -9.150321
v 6.276725 19.204966 -8.998823
v 6.275351 19.204058 -8.915503
v 6.076173 19.459055 -9.075267
v 6.161404 19.325603 -9.066725
v 6.260834 19.194473 -9.074572
v 6.323934 19.119028 -9.074766
vt 0.000000 0.000000
vt 1.000000 0.000000
vt 0.000000 1.000000
vt 1.000000 1.000000
vt 1.000000 0.500000
vt 0.000000 0.500000
vt 1.000000 0.750000
vt 0.000000 0.750000
vt 0.500000 1.000000
vt 0.500000 0.750000
vt 0.500000 0.500000
vt 0.500000 0.000000
vt 0.750000 1.000000
vt 0.750000 0.750000
vt 0.750000 0.500000
vt 0.750000 0.000000
vt 0.000000 0.625000
vt 0.500000 0.625000
vt 0.750000 0.625000
vt 1.000000 0.625000
vn 0.802281 0.596376 0.026095
vn 0.818525 0.573972 0.023930
vn 0.780852 0.610121 -0.134249
vn 0.787995 0.605051 -0.113917
vn 0.785111 0.619271 0.010260
vn 0.763830 0.645399 0.004941
vn 0.777923 0.609512 0.152749
vn 0.791529 0.596794 0.131605
vn 0.816049 0.577976 0.002698
vn 0.803296 0.595556 0.005296
vn 0.792081 0.594442 0.138732
vn 0.792368 0.610014 0.005961
vn 0.762513 0.646964 0.003405
vn 0.803773 0.570736 0.167958
vn 0.831567 0.554810 0.026132
vn 0.808227 0.588869 -0.001654
vn 0.743094 0.666717 0.057437
vn 0.787741 0.615189 0.031716
vn 0.788116 0.606554 -0.104712
vn 0.815391 0.557270 -0.156801
s 1
g Añadidos Maceta pPlane14
usemtl initialShadingGroup
f 303/712/540 289/698/541 292/701/542 302/711/543
f 306/715/544 307/716/545 294/703/546 301/710/547
f 301/710/547 294/703/546 291/700/548 300/709/549
f 297/706/550 296/705/551 290/699/552 295/704/553
f 304/713/554 305/714/555 297/706/550 295/704/553
f 288/697/556 299/708/557 298/707/558 293/702/559
f 297/706/550 301/710/547 300/709/549 296/705/551
f 305/714/555 306/715/544 301/710/547 297/706/550
f 299/708/557 303/712/540 302/711/543 298/707/558
f 293/702/559 298/707/558 305/714/555 304/713/554
f 298/707/558 302/711/543 306/715/544 305/714/555
f 302/711/543 292/701/542 307/716/545 306/715/544
g default
v 5.940865 19.925425 -9.065875
v 6.120226 19.941168 -9.041395
v 5.940846 19.925758 -9.082972
v 6.120195 19.941736 -9.105612
v 6.120199 19.941669 -9.056714
v 5.940842 19.925848 -9.068972
v 6.120194 19.941761 -9.091355
v 5.940841 19.925858 -9.080349
v 6.004013 19.934263 -9.120607
v 6.004022 19.934105 -9.105084
v 6.004043 19.933708 -9.036210
v 6.004080 19.933027 -9.019711
v 6.074864 19.939760 -9.140066
v 6.074873 19.939610 -9.105863
v 6.074892 19.939257 -9.042042
v 6.074929 19.938583 -9.006943
v 5.935873 19.925823 -9.074245
v 6.004466 19.925932 -9.070647
v 6.075316 19.931459 -9.073953
v 6.117375 19.936676 -9.074035
vt 0.000000 0.000000
vt 1.000000 0.000000
vt 0.000000 1.000000
vt 1.000000 1.000000
vt 1.000000 0.500000
vt 0.000000 0.500000
vt 1.000000 0.750000
vt 0.000000 0.750000
vt 0.500000 1.000000
vt 0.500000 0.750000
vt 0.500000 0.500000
vt 0.500000 0.000000
vt 0.750000 1.000000
vt 0.750000 0.750000
vt 0.750000 0.500000
vt 0.750000 0.000000
vt 0.000000 0.625000
vt 0.500000 0.625000
vt 0.750000 0.625000
vt 1.000000 0.625000
vn -0.068603 0.997322 0.025348
vn -0.042441 0.998827 0.023320
vn -0.090591 0.987284 -0.130625
vn -0.083032 0.990295 -0.111450
vn -0.096026 0.995329 0.009930
vn -0.127854 0.991781 0.004816
vn -0.091612 0.984613 0.148808
vn -0.074550 0.988867 0.128781
vn -0.046886 0.998897 0.002585
vn -0.067475 0.997708 0.005136
vn -0.072288 0.988160 0.135328
vn -0.084845 0.996377 0.005829
vn -0.129860 0.991526 0.003506
vn -0.047454 0.985349 0.163815
vn -0.020491 0.999466 0.025459
vn -0.059810 0.998209 -0.001395
vn -0.155640 0.986216 0.056162
vn -0.091335 0.995341 0.030878
vn -0.083869 0.991201 -0.102407
vn -0.030693 0.987770 -0.152868
s 1
g Añadidos Maceta pPlane3
usemtl initialShadingGroup
f 323/732/560 309/718/561 312/721/562 322/731/563
f 326/735/564 327/736/565 314/723/566 321/730/567
f 321/730/567 314/723/566 311/720/568 320/729/569
f 317/726/570 316/725/571 310/719/572 315/724/573
f 324/733/574 325/734/575 317/726/570 315/724/573
f 308/717/576 319/728/577 318/727/578 313/722/579
f 317/726/570 321/730/567 320/729/569 316/725/571
f 325/734/575 326/735/564 321/730/567 317/726/570
f 319/728/577 323/732/560 322/731/563 318/727/578
f 313/722/579 318/727/578 325/734/575 324/733/574
f 318/727/578 322/731/563 326/735/564 325/734/575
f 322/731/563 312/721/562 327/736/565 326/735/564
g default
v 6.637100 16.564941 -9.430962
v 6.340511 16.564941 -9.520592
v 6.042934 16.564941 -9.433746
v 5.858032 16.564941 -9.203579
v 5.856445 16.564941 -8.918022
v 6.038742 16.564941 -8.686142
v 6.335335 16.564941 -8.596504
v 6.632910 16.564941 -8.683365
v 6.817818 16.564941 -8.913521
v 6.819412 16.564941 -9.199080
v 6.637093 17.989204 -9.430962
v 6.340509 17.989204 -9.520592
v 6.042931 17.989204 -9.433739
v 5.858032 17.989204 -9.203579
v 5.856445 17.989204 -8.918024
v 6.038750 17.989204 -8.686142
v 6.335335 17.989204 -8.596504
v 6.632912 17.989204 -8.683365
v 6.817818 17.989204 -8.913521
v 6.819412 17.989204 -9.199080
v 6.337923 16.564941 -9.058552
v 6.042934 17.277075 -9.433746
v 6.340511 17.277075 -9.520592
v 6.637100 17.277075 -9.430962
v 6.819412 17.277075 -9.199080
v 6.817810 17.277075 -8.913521
v 6.632912 17.277075 -8.683365
v 6.335331 17.277075 -8.596504
v 6.038750 17.277075 -8.686142
v 5.856445 17.277075 -8.918024
v 5.858032 17.277075 -9.203579
v 6.181740 16.921013 -9.497986
v 6.494110 16.921013 -9.497986
v 6.746826 16.921013 -9.330135
v 6.843353 16.921013 -9.058552
v 6.746826 16.921013 -8.786972
v 6.494110 16.921013 -8.619125
v 6.181740 16.921013 -8.619125
v 5.929016 16.921013 -8.786972
v 5.832497 16.921013 -9.058552
v 5.929016 16.921013 -9.330143
v 6.181736 17.633141 -9.497986
v 6.494110 17.633141 -9.497986
v 6.746826 17.633141 -9.330135
v 6.843353 17.633141 -9.058552
v 6.746826 17.633141 -8.786972
v 6.494110 17.633141 -8.619125
v 6.181736 17.633141 -8.619125
v 5.929016 17.633141 -8.786972
v 5.832497 17.633141 -9.058552
v 5.929016 17.633141 -9.330139
v 6.615608 17.989204 -9.404205
v 6.340326 17.989204 -9.487396
v 6.064131 17.989204 -9.406792
v 5.892509 17.989204 -9.193157
v 5.891022 17.989204 -8.928118
v 6.060242 17.989204 -8.712898
v 6.335520 17.989204 -8.629707
v 6.611721 17.989204 -8.710312
v 6.783340 17.989204 -8.923943
v 6.784828 17.989204 -9.188987
v 6.615608 17.914375 -9.404205
v 6.340326 17.914375 -9.487396
v 6.064131 17.914375 -9.406792
v 5.892509 17.914375 -9.193157
v 5.891022 17.914375 -8.928118
v 6.060242 17.914375 -8.712898
v 6.335520 17.914375 -8.629707
v 6.611721 17.914375 -8.710312
v 6.783340 17.914375 -8.923943
v 6.784828 17.914375 -9.188987
v 6.337923 17.914375 -9.058553
vt 0.626409 0.064409
vt 0.548284 0.007647
vt 0.451716 0.007647
vt 0.373591 0.064409
vt 0.343750 0.156250
vt 0.373591 0.248091
vt 0.451716 0.304853
vt 0.548284 0.304853
vt 0.626409 0.248091
vt 0.656250 0.156250
vt 0.375000 0.312500
vt 0.400000 0.312500
vt 0.425000 0.312500
vt 0.450000 0.312500
vt 0.475000 0.312500
vt 0.500000 0.312500
vt 0.525000 0.312500
vt 0.550000 0.312500
vt 0.575000 0.312500
vt 0.600000 0.312500
vt 0.625000 0.312500
vt 0.375000 0.688440
vt 0.400000 0.688440
vt 0.425000 0.688440
vt 0.450000 0.688440
vt 0.475000 0.688440
vt 0.500000 0.688440
vt 0.525000 0.688440
vt 0.550000 0.688440
vt 0.575000 0.688440
vt 0.600000 0.688440
vt 0.625000 0.688440
vt 0.500000 0.150000
vt 0.425000 0.500470
vt 0.400000 0.500470
vt 0.625000 0.500470
vt 0.375000 0.500470
vt 0.600000 0.500470
vt 0.575000 0.500470
vt 0.550000 0.500470
vt 0.525000 0.500470
vt 0.500000 0.500470
vt 0.475000 0.500470
vt 0.450000 0.500470
vt 0.425000 0.406485
vt 0.400000 0.406485
vt 0.625000 0.406485
vt 0.375000 0.406485
vt 0.600000 0.406485
vt 0.575000 0.406485
vt 0.550000 0.406485
vt 0.525000 0.406485
vt 0.500000 0.406485
vt 0.475000 0.406485
vt 0.450000 0.406485
vt 0.425000 0.594455
vt 0.400000 0.594455
vt 0.625000 0.594455
vt 0.375000 0.594455
vt 0.600000 0.594455
vt 0.575000 0.594455
vt 0.550000 0.594455
vt 0.525000 0.594455
vt 0.500000 0.594455
vt 0.475000 0.594455
vt 0.450000 0.594455
vt 0.000000 0.000000
vt 1.000000 0.000000
vt 1.000000 1.000000
vt 0.000000 1.000000
vt 0.000000 0.000000
vt 1.000000 0.000000
vt 1.000000 1.000000
vt 0.000000 1.000000
vt 0.000000 0.000000
vt 1.000000 0.000000
vt 1.000000 1.000000
vt 0.000000 1.000000
vt 0.000000 0.000000
vt 1.000000 0.000000
vt 1.000000 1.000000
vt 0.000000 1.000000
vt 0.000000 0.000000
vt 1.000000 0.000000
vt 1.000000 1.000000
vt 0.000000 1.000000
vt 0.000000 0.000000
vt 1.000000 0.000000
vt 1.000000 1.000000
vt 0.000000 1.000000
vt 0.000000 0.000000
vt 1.000000 0.000000
vt 1.000000 1.000000
vt 0.000000 1.000000
vt 0.000000 0.000000
vt 1.000000 0.000000
vt 1.000000 1.000000
vt 0.000000 1.000000
vt 0.000000 0.000000
vt 1.000000 0.000000
vt 1.000000 1.000000
vt 0.000000 1.000000
vt 0.000000 0.000000
vt 1.000000 0.000000
vt 1.000000 1.000000
vt 0.000000 1.000000
vt 0.000000 0.000000
vt 1.000000 0.000000
vt 1.000000 1.000000
vt 0.000000 1.000000
vt 0.000000 0.000000
vt 1.000000 0.000000
vt 1.000000 1.000000
vt 0.000000 1.000000
vt 0.000000 0.000000
vt 1.000000 0.000000
vt 1.000000 1.000000
vt 0.000000 1.000000
vt 0.000000 0.000000
vt 1.000000 0.000000
vt 1.000000 1.000000
vt 0.000000 1.000000
vt 0.000000 0.000000
vt 1.000000 0.000000
vt 1.000000 1.000000
vt 0.000000 1.000000
vt 0.000000 0.000000
vt 1.000000 0.000000
vt 1.000000 1.000000
vt 0.000000 1.000000
vt 0.000000 0.000000
vt 1.000000 0.000000
vt 1.000000 1.000000
vt 0.000000 1.000000
vt 0.000000 0.000000
vt 1.000000 0.000000
vt 1.000000 1.000000
vt 0.000000 1.000000
vt 0.000000 0.000000
vt 1.000000 0.000000
vt 1.000000 1.000000
vt 0.000000 1.000000
vt 0.000000 0.000000
vt 1.000000 0.000000
vt 1.000000 1.000000
vt 0.000000 1.000000
vt 0.000000 1.000000
vn 0.424427 0.000002 -0.905462
vn 0.424427 0.000002 -0.905462
vn 0.424427 -0.000000 -0.905463
vn 0.424427 -0.000000 -0.905463
vn -0.140962 -0.000001 -0.990015
vn -0.140962 -0.000001 -0.990015
vn -0.140961 0.000000 -0.990015
vn -0.140961 -0.000000 -0.990015
vn -0.672828 -0.000006 -0.739799
vn -0.672828 -0.000006 -0.739799
vn -0.672828 0.000000 -0.739799
vn -0.672828 -0.000000 -0.739799
vn -0.984848 0.000006 -0.173419
vn -0.984848 0.000006 -0.173419
vn -0.984848 0.000001 -0.173419
vn -0.984848 0.000001 -0.173419
vn -0.874809 -0.000012 0.484468
vn -0.874809 -0.000012 0.484468
vn -0.874807 0.000003 0.484472
vn -0.874807 0.000003 0.484472
vn -0.424424 0.000029 0.905464
vn -0.424424 0.000029 0.905464
vn -0.424428 0.000003 0.905462
vn -0.424428 0.000003 0.905462
vn 0.140985 0.000029 0.990012
vn 0.140985 0.000029 0.990012
vn 0.140984 0.000001 0.990012
vn 0.140984 0.000001 0.990012
vn 0.672824 0.000009 0.739802
vn 0.672824 0.000009 0.739802
vn 0.672827 0.000000 0.739800
vn 0.672827 0.000000 0.739800
vn 0.984843 0.000020 0.173448
vn 0.984843 0.000020 0.173448
vn 0.984842 0.000007 0.173455
vn 0.984842 0.000007 0.173455
vn 0.874793 0.000005 -0.484496
vn 0.874793 0.000005 -0.484496
vn 0.874794 -0.000001 -0.484495
vn 0.874794 -0.000001 -0.484495
vn 0.000000 -1.000000 -0.000002
vn 0.000000 -1.000000 0.000002
vn 0.000000 -1.000000 -0.000001
vn 0.000000 -1.000000 -0.000003
vn 0.000000 -1.000000 0.000000
vn 0.000000 -1.000000 0.000000
vn 0.000000 -1.000000 0.000002
vn 0.000000 -1.000000 -0.000002
vn 0.000000 -1.000000 -0.000003
vn 0.000000 -1.000000 0.000000
vn 0.000000 -1.000000 0.000000
vn -0.140959 -0.000001 -0.990015
vn -0.140959 -0.000001 -0.990015
vn -0.140965 0.000002 -0.990015
vn -0.140965 0.000002 -0.990015
vn 0.424426 -0.000000 -0.905463
vn 0.424426 -0.000000 -0.905463
vn 0.424428 0.000004 -0.905462
vn 0.424428 0.000004 -0.905462
vn 0.874794 -0.000001 -0.484495
vn 0.874794 -0.000001 -0.484495
vn 0.874790 0.000003 -0.484502
vn 0.874790 0.000003 -0.484502
vn 0.984841 -0.000000 0.173461
vn 0.984841 -0.000000 0.173461
vn 0.984842 -0.000009 0.173454
vn 0.984842 -0.000009 0.173454
vn 0.672831 -0.000000 0.739797
vn 0.672831 0.000000 0.739797
vn 0.672827 -0.000002 0.739799
vn 0.672827 -0.000002 0.739799
vn 0.140983 0.000000 0.990012
vn 0.140983 0.000000 0.990012
vn 0.140984 -0.000001 0.990012
vn 0.140984 -0.000001 0.990012
vn -0.424433 -0.000002 0.905459
vn -0.424433 -0.000002 0.905459
vn -0.424433 0.000001 0.905460
vn -0.424433 0.000001 0.905460
vn -0.874804 0.000000 0.484477
vn -0.874804 -0.000000 0.484477
vn -0.874803 0.000000 0.484479
vn -0.874803 -0.000000 0.484479
vn -0.984848 -0.000000 -0.173420
vn -0.984848 0.000000 -0.173420
vn -0.984848 -0.000000 -0.173420
vn -0.984848 -0.000000 -0.173420
vn -0.672832 0.000002 -0.739795
vn -0.672832 0.000002 -0.739795
vn -0.672834 0.000003 -0.739794
vn -0.672834 0.000003 -0.739794
vn -0.140971 0.000007 -0.990014
vn -0.140971 0.000007 -0.990014
vn 0.424429 0.000005 -0.905461
vn 0.424429 0.000005 -0.905461
vn 0.874787 0.000000 -0.484508
vn 0.874787 0.000000 -0.484508
vn 0.984843 -0.000021 0.173447
vn 0.984843 -0.000021 0.173447
vn 0.672823 -0.000012 0.739803
vn 0.672823 -0.000012 0.739803
vn 0.140984 -0.000029 0.990012
vn 0.140984 -0.000029 0.990012
vn -0.424431 -0.000019 0.905460
vn -0.424431 -0.000019 0.905460
vn -0.874803 0.000018 0.484478
vn -0.874803 0.000018 0.484478
vn -0.984848 -0.000005 -0.173421
vn -0.984848 -0.000005 -0.173421
vn -0.672832 0.000007 -0.739796
vn -0.672832 0.000007 -0.739796
vn 0.000000 1.000000 -0.000031
vn 0.000000 1.000000 -0.000031
vn 0.000000 1.000000 -0.000031
vn 0.000000 1.000000 -0.000031
vn 0.000000 1.000000 0.000007
vn 0.000000 1.000000 0.000007
vn 0.000000 1.000000 0.000007
vn 0.000000 1.000000 0.000007
vn 0.000000 1.000000 0.000000
vn 0.000000 1.000000 0.000000
vn 0.000000 1.000000 0.000000
vn 0.000000 1.000000 0.000000
vn 0.000000 1.000000 -0.000006
vn 0.000000 1.000000 -0.000006
vn 0.000000 1.000000 -0.000006
vn 0.000000 1.000000 -0.000006
vn 0.000000 1.000000 0.000013
vn 0.000000 1.000000 0.000013
vn 0.000000 1.000000 0.000013
vn 0.000000 1.000000 0.000013
vn 0.000000 1.000000 0.000022
vn 0.000000 1.000000 0.000022
vn 0.000000 1.000000 0.000022
vn 0.000000 1.000000 0.000022
vn 0.000000 1.000000 -0.000009
vn 0.000000 1.000000 -0.000009
vn 0.000000 1.000000 -0.000009
vn 0.000000 1.000000 -0.000009
vn 0.000000 1.000000 0.000013
vn 0.000000 1.000000 0.000013
vn 0.000000 1.000000 0.000013
vn 0.000000 1.000000 0.000013
vn 0.000000 1.000000 0.000006
vn 0.000000 1.000000 0.000006
vn 0.000000 1.000000 0.000006
vn 0.000000 1.000000 0.000006
vn 0.000000 1.000000 0.000000
vn 0.000000 1.000000 0.000000
vn 0.000000 1.000000 0.000000
vn 0.000000 1.000000 0.000000
vn -0.289279 0.000000 0.957245
vn -0.289279 0.000000 0.957245
vn -0.289279 0.000000 0.957245
vn -0.289279 0.000000 0.957245
vn 0.280151 0.000000 0.959956
vn 0.280151 0.000000 0.959956
vn 0.280151 0.000000 0.959956
vn 0.280151 0.000000 0.959956
vn 0.779599 0.000000 0.626279
vn 0.779599 0.000000 0.626279
vn 0.779599 0.000000 0.626279
vn 0.779599 0.000000 0.626279
vn 0.999984 0.000000 0.005613
vn 0.999984 0.000000 0.005613
vn 0.999984 0.000000 0.005613
vn 0.999984 0.000000 0.005613
vn 0.786105 0.000000 -0.618093
vn 0.786105 0.000000 -0.618093
vn 0.786105 0.000000 -0.618093
vn 0.786105 0.000000 -0.618093
vn 0.289285 0.000000 -0.957243
vn 0.289285 0.000000 -0.957243
vn 0.289285 0.000000 -0.957243
vn 0.289285 0.000000 -0.957243
vn -0.280145 0.000000 -0.959958
vn -0.280145 0.000000 -0.959958
vn -0.280145 0.000000 -0.959958
vn -0.280145 0.000000 -0.959958
vn -0.779593 0.000000 -0.626286
vn -0.779593 0.000000 -0.626286
vn -0.779593 0.000000 -0.626286
vn -0.779593 0.000000 -0.626286
vn -0.999984 0.000000 -0.005613
vn -0.999984 0.000000 -0.005613
vn -0.999984 0.000000 -0.005613
vn -0.999984 0.000000 -0.005613
vn -0.786104 0.000000 0.618095
vn -0.786104 0.000000 0.618095
vn -0.786104 0.000000 0.618095
vn -0.786104 0.000000 0.618095
vn 0.000000 1.000000 -0.000002
vn 0.000000 1.000000 -0.000002
vn 0.000000 1.000000 -0.000002
vn 0.000000 1.000000 -0.000006
vn 0.000000 1.000000 -0.000002
vn 0.000000 1.000000 0.000000
vn 0.000000 1.000000 -0.000004
vn 0.000000 1.000000 -0.000006
vn 0.000000 1.000000 -0.000001
vn 0.000000 1.000000 0.000003
vn 0.000000 1.000000 -0.000002
s 1
g Añadidos Maceta pCylinder19
usemtl initialShadingGroup
f 328/747/580 329/748/581 360/782/582 361/784/583
s 2
f 329/748/584 330/749/585 359/781/586 360/782/587
s 3
f 330/749/588 331/750/589 368/791/590 359/781/591
s 4
f 331/750/592 332/751/593 367/790/594 368/791/595
s 5
f 332/751/596 333/752/597 366/789/598 367/790/599
s 6
f 333/752/600 334/753/601 365/788/602 366/789/603
s 7
f 334/753/604 335/754/605 364/787/606 365/788/607
s 8
f 335/754/608 336/755/609 363/786/610 364/787/611
s 9
f 336/755/612 337/756/613 362/785/614 363/786/615
s 10
f 337/756/616 328/757/617 361/783/618 362/785/619
s 11
f 329/738/620 328/737/621 348/769/622
f 330/739/623 329/738/620 348/769/622
f 331/740/624 330/739/623 348/769/622
f 332/741/625 331/740/624 348/769/622
f 333/742/626 332/741/625 348/769/622
f 334/743/627 333/742/626 348/769/622
f 335/744/628 334/743/627 348/769/622
f 336/745/629 335/744/628 348/769/622
f 337/746/630 336/745/629 348/769/622
f 328/737/621 337/746/630 348/769/622
s 2
f 350/771/631 349/770/632 369/792/633 370/793/634
s 1
f 351/773/635 350/771/636 370/793/637 371/795/638
s 10
f 352/774/639 351/772/640 371/794/641 372/796/642
s 9
f 353/775/643 352/774/644 372/796/645 373/797/646
s 8
f 354/776/647 353/775/648 373/797/649 374/798/650
s 7
f 355/777/651 354/776/652 374/798/653 375/799/654
s 6
f 356/778/655 355/777/656 375/799/657 376/800/658
s 5
f 357/779/659 356/778/660 376/800/661 377/801/662
s 4
f 358/780/663 357/779/664 377/801/665 378/802/666
s 3
f 349/770/667 358/780/668 378/802/669 369/792/670
s 2
f 360/782/587 359/781/586 349/770/632 350/771/631
s 1
f 361/784/583 360/782/582 350/771/636 351/773/635
s 10
f 362/785/619 361/783/618 351/772/640 352/774/639
s 9
f 363/786/615 362/785/614 352/774/644 353/775/643
s 8
f 364/787/611 363/786/610 353/775/648 354/776/647
s 7
f 365/788/607 364/787/606 354/776/652 355/777/651
s 6
f 366/789/603 365/788/602 355/777/656 356/778/655
s 5
f 367/790/599 366/789/598 356/778/660 357/779/659
s 4
f 368/791/595 367/790/594 357/779/664 358/780/663
s 3
f 359/781/591 368/791/590 358/780/668 349/770/667
s 2
f 370/793/634 369/792/633 340/760/671 339/759/672
s 1
f 371/795/638 370/793/637 339/759/673 338/758/674
s 10
f 372/796/642 371/794/641 338/768/675 347/767/676
s 9
f 373/797/646 372/796/645 347/767/677 346/766/678
s 8
f 374/798/650 373/797/649 346/766/679 345/765/680
s 7
f 375/799/654 374/798/653 345/765/681 344/764/682
s 6
f 376/800/658 375/799/657 344/764/683 343/763/684
s 5
f 377/801/662 376/800/661 343/763/685 342/762/686
s 4
f 378/802/666 377/801/665 342/762/687 341/761/688
s 3
f 369/792/670 378/802/669 341/761/689 340/760/690
s off
f 338/803/691 339/804/692 380/805/693 379/806/694
f 339/807/695 340/808/696 381/809/697 380/810/698
f 340/811/699 341/812/700 382/813/701 381/814/702
f 341/815/703 342/816/704 383/817/705 382/818/706
f 342/819/707 343/820/708 384/821/709 383/822/710
f 343/823/711 344/824/712 385/825/713 384/826/714
f 344/827/715 345/828/716 386/829/717 385/830/718
f 345/831/719 346/832/720 387/833/721 386/834/722
f 346/835/723 347/836/724 388/837/725 387/838/726
f 347/839/727 338/840/728 379/841/729 388/842/730
f 379/843/731 380/844/732 390/845/733 389/846/734
f 380/847/735 381/848/736 391/849/737 390/850/738
f 381/851/739 382/852/740 392/853/741 391/854/742
f 382/855/743 383/856/744 393/857/745 392/858/746
f 383/859/747 384/860/748 394/861/749 393/862/750
f 384/863/751 385/864/752 395/865/753 394/866/754
f 385/867/755 386/868/756 396/869/757 395/870/758
f 386/871/759 387/872/760 397/873/761 396/874/762
f 387/875/763 388/876/764 398/877/765 397/878/766
f 388/879/767 379/880/768 389/881/769 398/882/770
s 12
f 396/874/771 399/883/772 395/870/773
f 390/850/774 391/854/775 399/883/772
f 399/883/772 391/854/775 392/858/776
f 399/883/772 392/858/776 393/862/777
f 399/883/772 393/862/777 394/866/778
f 399/883/772 394/866/778 395/870/773
f 397/878/779 399/883/772 396/874/771
f 398/882/780 399/883/772 397/878/779
f 389/846/781 399/883/772 398/882/780
f 390/850/774 399/883/772 389/846/781
g default
v 6.284058 17.452362 -9.026199
v 6.290146 17.451904 -9.030563
v 6.290222 17.451721 -9.037643
v 6.284203 17.451904 -9.042114
v 6.276649 17.452393 -9.040604
v 6.273239 17.452759 -9.034256
v 6.276535 17.452759 -9.027832
v 6.295860 17.611542 -9.030289
v 6.301926 17.610870 -9.034645
v 6.301994 17.610657 -9.041733
v 6.295998 17.611053 -9.046204
v 6.288452 17.611755 -9.044708
v 6.285042 17.612213 -9.038353
v 6.288338 17.612122 -9.031944
v 6.319878 17.945374 -9.038818
v 6.325981 17.945007 -9.043175
v 6.326042 17.944824 -9.050262
v 6.320030 17.944946 -9.054733
v 6.312469 17.945282 -9.053223
v 6.309044 17.945587 -9.046867
v 6.312347 17.945618 -9.040459
v 6.341011 18.279404 -9.047253
v 6.347107 18.279129 -9.051628
v 6.347168 18.278961 -9.058708
v 6.341148 18.278992 -9.063175
v 6.333588 18.279221 -9.061661
v 6.330162 18.279465 -9.055298
v 6.333473 18.279556 -9.048889
v 6.354637 18.652962 -9.056116
v 6.360725 18.652718 -9.060485
v 6.360794 18.652534 -9.067569
v 6.354774 18.652550 -9.072035
v 6.347206 18.652752 -9.070518
v 6.343788 18.652981 -9.064163
v 6.347092 18.653076 -9.057755
v 6.343925 18.958313 -9.062415
v 6.350014 18.958467 -9.066792
v 6.350082 18.958317 -9.073875
v 6.344063 18.957973 -9.078333
v 6.336502 18.957699 -9.076808
v 6.333084 18.957695 -9.070448
v 6.336388 18.957970 -9.064042
v 6.324837 19.263313 -9.068192
v 6.330898 19.263824 -9.072571
v 6.330963 19.263687 -9.079659
v 6.324978 19.263023 -9.084110
v 6.317444 19.262299 -9.082577
v 6.314041 19.262085 -9.076210
v 6.317329 19.262543 -9.069809
v 6.271963 19.560883 -9.072380
v 6.277891 19.562164 -9.076767
v 6.277945 19.562103 -9.083855
v 6.272085 19.560699 -9.088295
v 6.264723 19.559021 -9.086754
v 6.261404 19.558350 -9.080376
v 6.264627 19.559174 -9.073982
v 6.176392 19.848389 -9.074722
v 6.182009 19.850616 -9.079124
v 6.182039 19.850586 -9.086220
v 6.176462 19.848328 -9.090637
v 6.169476 19.845551 -9.089081
v 6.166343 19.844330 -9.082710
v 6.169418 19.845581 -9.076309
v 6.036465 20.118652 -9.074425
v 6.041763 20.121521 -9.078812
v 6.041779 20.121521 -9.085892
v 6.036480 20.118744 -9.090332
v 6.029877 20.115204 -9.088776
v 6.026924 20.113586 -9.082397
v 6.029861 20.115143 -9.076012
v 5.936592 20.285858 -9.073563
v 5.941811 20.288849 -9.077957
v 5.941803 20.288940 -9.085037
v 5.936592 20.285980 -9.089478
v 5.930084 20.282288 -9.087921
v 5.927193 20.280518 -9.081558
v 5.930077 20.282135 -9.075165
vt 0.000000 0.000000
vt 0.000000 0.000000
vt 0.000000 0.000000
vt 0.000000 0.000000
vt 0.000000 0.000000
vt 0.000000 0.000000
vt 0.000000 0.000000
vt 0.000000 0.000000
vt 0.000000 0.000000
vt 0.000000 0.000000
vt 0.000000 0.000000
vt 0.000000 0.000000
vt 0.000000 0.000000
vt 0.000000 0.000000
vt 0.000000 0.000000
vt 0.000000 0.000000
vt 0.000000 0.000000
vt 0.000000 0.000000
vt 0.000000 0.000000
vt 0.000000 0.000000
vt 0.000000 0.000000
vt 0.000000 0.000000
vt 0.000000 0.000000
vt 0.000000 0.000000
vt 0.000000 0.000000
vt 0.000000 0.000000
vt 0.000000 0.000000
vt 0.000000 0.000000
vt 0.000000 0.000000
vt 0.000000 0.000000
vt 0.000000 0.000000
vt 0.000000 0.000000
vt 0.000000 0.000000
vt 0.000000 0.000000
vt 0.000000 0.000000
vt 0.000000 0.000000
vt 0.000000 0.000000
vt 0.000000 0.000000
vt 0.000000 0.000000
vt 0.000000 0.000000
vt 0.000000 0.000000
vt 0.000000 0.000000
vt 0.000000 0.000000
vt 0.000000 0.000000
vt 0.000000 0.000000
vt 0.000000 0.000000
vt 0.000000 0.000000
vt 0.000000 0.000000
vt 0.000000 0.000000
vt 0.000000 0.000000
vt 0.000000 0.000000
vt 0.000000 0.000000
vt 0.000000 0.000000
vt 0.000000 0.000000
vt 0.000000 0.000000
vt 0.000000 0.000000
vt 0.000000 0.000000
vt 0.000000 0.000000
vt 0.000000 0.000000
vt 0.000000 0.000000
vt 0.000000 0.000000
vt 0.000000 0.000000
vt 0.000000 0.000000
vt 0.000000 0.000000
vt 0.000000 0.000000
vt 0.000000 0.000000
vt 0.000000 0.000000
vt 0.000000 0.000000
vt 0.000000 0.000000
vt 0.000000 0.000000
vt 0.000000 0.000000
vt 0.000000 0.000000
vt 0.000000 0.000000
vt 0.000000 0.000000
vt 0.000000 0.000000
vt 0.000000 0.000000
vt 0.000000 0.000000
vt 0.000000 0.000000
vt 0.000000 0.000000
vt 0.000000 0.000000
vt 0.000000 0.000000
vt 0.000000 0.000000
vt 0.000000 0.000000
vt 0.000000 0.000000
vt 0.000000 0.000000
vt 0.000000 0.000000
vt 0.000000 0.000000
vt 0.000000 0.000000
vt 0.000000 0.000000
vt 0.000000 0.000000
vt 0.000000 0.000000
vt 0.000000 0.000000
vt 0.000000 0.000000
vt 0.000000 0.000000
vt 0.000000 0.000000
vt 0.000000 0.000000
vt 0.000000 0.000000
vt 0.000000 0.000000
vt 0.000000 0.000000
vt 0.000000 0.000000
vt 0.000000 0.000000
vt 0.000000 0.000000
vt 0.000000 0.000000
vt 0.000000 0.000000
vt 0.000000 0.000000
vt 0.000000 0.000000
vt 0.000000 0.000000
vt 0.000000 0.000000
vt 0.000000 0.000000
vt 0.000000 0.000000
vt 0.000000 0.000000
vt 0.000000 0.000000
vt 0.000000 0.000000
vt 0.000000 0.000000
vt 0.000000 0.000000
vt 0.000000 0.000000
vt 0.000000 0.000000
vt 0.000000 0.000000
vt 0.000000 0.000000
vt 0.000000 0.000000
vt 0.000000 0.000000
vt 0.000000 0.000000
vt 0.000000 0.000000
vt 0.000000 0.000000
vt 0.000000 0.000000
vt 0.000000 0.000000
vt 0.000000 0.000000
vt 0.000000 0.000000
vt 0.000000 0.000000
vt 0.000000 0.000000
vt 0.000000 0.000000
vt 0.000000 0.000000
vt 0.000000 0.000000
vt 0.000000 0.000000
vt 0.000000 0.000000
vt 0.000000 0.000000
vt 0.000000 0.000000
vt 0.000000 0.000000
vt 0.000000 0.000000
vt 0.000000 0.000000
vt 0.000000 0.000000
vt 0.000000 0.000000
vt 0.000000 0.000000
vt 0.000000 0.000000
vt 0.000000 0.000000
vt 0.000000 0.000000
vt 0.000000 0.000000
vt 0.000000 0.000000
vt 0.000000 0.000000
vt 0.000000 0.000000
vt 0.000000 0.000000
vt 0.000000 0.000000
vt 0.000000 0.000000
vt 0.000000 0.000000
vt 0.000000 0.000000
vt 0.000000 0.000000
vt 0.000000 0.000000
vt 0.000000 0.000000
vt 0.000000 0.000000
vt 0.000000 0.000000
vt 0.000000 0.000000
vt 0.000000 0.000000
vt 0.000000 0.000000
vt 0.000000 0.000000
vt 0.000000 0.000000
vt 0.000000 0.000000
vt 0.000000 0.000000
vt 0.000000 0.000000
vt 0.000000 0.000000
vt 0.000000 0.000000
vt 0.000000 0.000000
vt 0.000000 0.000000
vt 0.000000 0.000000
vt 0.000000 0.000000
vt 0.000000 0.000000
vt 0.000000 0.000000
vt 0.000000 0.000000
vt 0.000000 0.000000
vt 0.000000 0.000000
vt 0.000000 0.000000
vt 0.000000 0.000000
vt 0.000000 0.000000
vt 0.000000 0.000000
vt 0.000000 0.000000
vt 0.000000 0.000000
vt 0.000000 0.000000
vt 0.000000 0.000000
vt 0.000000 0.000000
vt 0.000000 0.000000
vt 0.000000 0.000000
vt 0.000000 0.000000
vt 0.000000 0.000000
vt 0.000000 0.000000
vt 0.000000 0.000000
vt 0.000000 0.000000
vt 0.000000 0.000000
vt 0.000000 0.000000
vt 0.000000 0.000000
vt 0.000000 0.000000
vt 0.000000 0.000000
vt 0.000000 0.000000
vt 0.000000 0.000000
vt 0.000000 0.000000
vt 0.000000 0.000000
vt 0.000000 0.000000
vt 0.000000 0.000000
vt 0.000000 0.000000
vt 0.000000 0.000000
vt 0.000000 0.000000
vt 0.000000 0.000000
vt 0.000000 0.000000
vt 0.000000 0.000000
vt 0.000000 0.000000
vt 0.000000 0.000000
vt 0.000000 0.000000
vt 0.000000 0.000000
vt 0.000000 0.000000
vt 0.000000 0.000000
vt 0.000000 0.000000
vt 0.000000 0.000000
vt 0.000000 0.000000
vt 0.000000 0.000000
vt 0.000000 0.000000
vt 0.000000 0.000000
vt 0.000000 0.000000
vt 0.000000 0.000000
vt 0.000000 0.000000
vt 0.000000 0.000000
vt 0.000000 0.000000
vt 0.000000 0.000000
vt 0.000000 0.000000
vt 0.000000 0.000000
vt 0.000000 0.000000
vt 0.000000 0.000000
vt 0.000000 0.000000
vt 0.000000 0.000000
vt 0.000000 0.000000
vt 0.000000 0.000000
vt 0.000000 0.000000
vt 0.000000 0.000000
vt 0.000000 0.000000
vt 0.000000 0.000000
vt 0.000000 0.000000
vt 0.000000 0.000000
vt 0.000000 0.000000
vt 0.000000 0.000000
vt 0.000000 0.000000
vt 0.000000 0.000000
vt 0.000000 0.000000
vt 0.000000 0.000000
vt 0.000000 0.000000
vt 0.000000 0.000000
vt 0.000000 0.000000
vt 0.000000 0.000000
vt 0.000000 0.000000
vt 0.000000 0.000000
vt 0.000000 0.000000
vt 0.000000 0.000000
vt 0.000000 0.000000
vt 0.000000 0.000000
vt 0.000000 0.000000
vt 0.000000 0.000000
vt 0.000000 0.000000
vt 0.000000 0.000000
vt 0.000000 0.000000
vt 0.000000 0.000000
vt 0.000000 0.000000
vt 0.000000 0.000000
vt 0.000000 0.000000
vn 0.192306 0.010982 0.981274
vn 0.876985 -0.052717 0.477617
vn 0.878941 -0.051733 0.474117
vn 0.197680 0.010732 0.980208
vn 0.885123 -0.077378 -0.458880
vn 0.886904 -0.076104 -0.455642
vn 0.206129 -0.040422 -0.977690
vn 0.212833 -0.040448 -0.976251
vn -0.583794 0.022350 -0.811594
vn -0.579883 0.021293 -0.814421
vn -0.997223 0.073536 -0.011744
vn -0.997326 0.072173 -0.011449
vn -0.597488 0.064821 0.799254
vn -0.593471 0.063664 0.802333
vn 0.879031 -0.047353 0.474408
vn 0.197460 0.011523 0.980243
vn 0.887179 -0.071533 -0.455848
vn 0.212740 -0.039211 -0.976322
vn -0.580521 0.018569 -0.814034
vn -0.997676 0.067217 -0.011116
vn -0.593515 0.060509 0.802545
vn 0.880605 -0.031635 0.472794
vn 0.199925 0.014064 0.979710
vn 0.888359 -0.054696 -0.455881
vn 0.214600 -0.034482 -0.976093
vn -0.579957 0.008535 -0.814602
vn -0.998747 0.048896 -0.010645
vn -0.592872 0.048744 0.803820
vn 0.883081 0.006596 0.469174
vn 0.205608 0.021149 0.978406
vn 0.890645 -0.014130 -0.454479
vn 0.220076 -0.022563 -0.975222
vn -0.576507 -0.015676 -0.816942
vn -0.999947 0.003895 -0.009551
vn -0.589679 0.020573 0.807375
vn 0.880937 0.052291 0.470335
vn 0.200522 0.029183 0.979254
vn 0.888664 0.034304 -0.457275
vn 0.215165 -0.008794 -0.976538
vn -0.579520 -0.044379 -0.813748
vn -0.998767 -0.048964 -0.008196
vn -0.592523 -0.013005 0.805448
vn 0.878743 0.112500 0.463848
vn 0.210163 0.041563 0.976783
vn 0.885737 0.098006 -0.453723
vn 0.224322 0.010960 -0.974453
vn -0.568407 -0.081244 -0.818727
vn -0.992874 -0.118938 -0.007397
vn -0.581426 -0.055969 0.811672
vn 0.859911 0.222964 0.459173
vn 0.210577 0.064798 0.975427
vn 0.865368 0.214215 -0.453045
vn 0.222309 0.045880 -0.973896
vn -0.553548 -0.149375 -0.819312
vn -0.969144 -0.246437 -0.005411
vn -0.564771 -0.134127 0.814275
vn 0.819311 0.347326 0.456173
vn 0.204253 0.090166 0.974757
vn 0.821912 0.344995 -0.453254
vn 0.210628 0.085716 -0.973801
vn -0.527818 -0.225733 -0.818812
vn -0.921036 -0.389449 -0.004630
vn -0.535025 -0.222831 0.814920
vn 0.778264 0.425299 0.461980
vn 0.185472 0.099189 0.977631
vn 0.779407 0.428240 -0.457313
vn 0.187924 0.105761 -0.976473
vn -0.513588 -0.279379 -0.811280
vn -0.876819 -0.480800 -0.004437
vn -0.516208 -0.285104 0.807617
vn 0.760025 0.451546 0.467405
vn 0.172153 0.097820 0.980201
vn 0.760278 0.456432 -0.462220
vn 0.173409 0.108552 -0.978849
vn -0.509997 -0.300537 -0.805965
vn -0.858469 -0.512822 -0.006765
vn -0.511347 -0.309577 0.801677
s 1
g Añadidos Maceta sweep1
usemtl initialShadingGroup
f 400/884/782 401/885/783 408/886/784 407/887/785
f 401/885/783 402/971/786 409/888/787 408/889/784
f 402/972/786 403/973/788 410/890/789 409/891/787
f 403/974/788 404/975/790 411/892/791 410/893/789
f 404/976/790 405/977/792 412/894/793 411/895/791
f 405/978/792 406/979/794 413/896/795 412/897/793
f 406/980/794 400/981/782 407/898/785 413/982/795
f 407/983/785 408/984/784 415/899/796 414/900/797
f 408/985/784 409/986/787 416/901/798 415/987/796
f 409/988/787 410/989/789 417/902/799 416/990/798
f 410/991/789 411/992/791 418/903/800 417/993/799
f 411/994/791 412/897/793 419/904/801 418/995/800
f 412/897/793 413/996/795 420/905/802 419/997/801
f 413/998/795 407/999/785 414/906/797 420/1000/802
f 414/900/797 415/1001/796 422/907/803 421/908/804
f 415/1002/796 416/1003/798 423/909/805 422/1004/803
f 416/1005/798 417/1006/799 424/910/806 423/1007/805
f 417/1008/799 418/1009/800 425/911/807 424/1010/806
f 418/1011/800 419/1012/801 426/912/808 425/1013/807
f 419/1014/801 420/1015/802 427/913/809 426/1016/808
f 420/1017/802 414/1018/797 421/914/804 427/1019/809
f 421/908/804 422/1020/803 429/915/810 428/916/811
f 422/1021/803 423/1022/805 430/917/812 429/1023/810
f 423/1024/805 424/1025/806 431/918/813 430/1026/812
f 424/1027/806 425/1028/807 432/919/814 431/1029/813
f 425/1030/807 426/1031/808 433/920/815 432/1032/814
f 426/1033/808 427/1034/809 434/921/816 433/1035/815
f 427/1036/809 421/1037/804 428/922/811 434/1038/816
f 428/916/811 429/1039/810 436/923/817 435/924/818
f 429/1040/810 430/1041/812 437/925/819 436/1042/817
f 430/1043/812 431/1044/813 438/926/820 437/1045/819
f 431/1046/813 432/1047/814 439/927/821 438/1048/820
f 432/1049/814 433/1050/815 440/928/822 439/1051/821
f 433/1052/815 434/1053/816 441/929/823 440/1054/822
f 434/1055/816 428/1056/811 435/930/818 441/1057/823
f 435/924/818 436/1058/817 443/931/824 442/932/825
f 436/1059/817 437/1060/819 444/933/826 443/1061/824
f 437/1062/819 438/1063/820 445/934/827 444/1064/826
f 438/1065/820 439/1066/821 446/935/828 445/1067/827
f 439/1068/821 440/1069/822 447/936/829 446/1070/828
f 440/1071/822 441/1072/823 448/937/830 447/1073/829
f 441/1074/823 435/1075/818 442/938/825 448/1076/830
f 442/932/825 443/1077/824 450/939/831 449/940/832
f 443/1078/824 444/1079/826 451/941/833 450/1080/831
f 444/1081/826 445/1082/827 452/942/834 451/1083/833
f 445/1084/827 446/1085/828 453/943/835 452/1086/834
f 446/1087/828 447/1088/829 454/944/836 453/1089/835
f 447/1090/829 448/1091/830 455/945/837 454/1092/836
f 448/1093/830 442/1094/825 449/946/832 455/1095/837
f 449/940/832 450/1096/831 457/947/838 456/948/839
f 450/1097/831 451/1098/833 458/949/840 457/1099/838
f 451/1100/833 452/1101/834 459/950/841 458/1102/840
f 452/1103/834 453/1104/835 460/951/842 459/1105/841
f 453/1106/835 454/1107/836 461/952/843 460/1108/842
f 454/1109/836 455/1110/837 462/953/844 461/1111/843
f 455/1112/837 449/1113/832 456/954/839 462/1114/844
f 456/948/839 457/1115/838 464/955/845 463/956/846
f 457/1116/838 458/1117/840 465/957/847 464/1118/845
f 458/1119/840 459/1120/841 466/958/848 465/1121/847
f 459/1122/841 460/1123/842 467/959/849 466/1124/848
f 460/1125/842 461/1126/843 468/960/850 467/1127/849
f 461/1128/843 462/1129/844 469/961/851 468/1130/850
f 462/1131/844 456/1132/839 463/962/846 469/1133/851
f 463/956/846 464/1134/845 471/963/852 470/964/853
f 464/1135/845 465/1136/847 472/965/854 471/1137/852
f 465/1138/847 466/1139/848 473/966/855 472/1140/854
f 466/1141/848 467/1142/849 474/967/856 473/1143/855
f 467/1144/849 468/1145/850 475/968/857 474/1146/856
f 468/1147/850 469/1148/851 476/969/858 475/1149/857
f 469/1150/851 463/1151/846 470/970/853 476/1152/858
g default
v 6.421310 17.452362 -9.099411
v 6.417252 17.451904 -9.093399
v 6.419861 17.451721 -9.086731
v 6.427193 17.451904 -9.084427
v 6.433716 17.452393 -9.088242
v 6.434525 17.452759 -9.095276
v 6.429008 17.452759 -9.100250
v 6.411789 17.611542 -9.091843
v 6.407722 17.610870 -9.085838
v 6.410347 17.610657 -9.079178
v 6.417664 17.611053 -9.076874
v 6.424179 17.611755 -9.080658
v 6.424988 17.612213 -9.087700
v 6.419456 17.612122 -9.092674
v 6.392464 17.945374 -9.076263
v 6.388390 17.945007 -9.070251
v 6.390999 17.944824 -9.063576
v 6.398338 17.944946 -9.061287
v 6.404869 17.945282 -9.065086
v 6.405670 17.945587 -9.072128
v 6.400139 17.945618 -9.077110
v 6.375824 18.279404 -9.061680
v 6.371750 18.279129 -9.055656
v 6.374359 18.278961 -9.048985
v 6.381699 18.278992 -9.046700
v 6.388222 18.279221 -9.050503
v 6.389038 18.279465 -9.057545
v 6.383514 18.279556 -9.062523
v 6.366379 18.652962 -9.049065
v 6.362305 18.652718 -9.043042
v 6.364914 18.652534 -9.036374
v 6.372253 18.652550 -9.034082
v 6.378784 18.652752 -9.037890
v 6.379593 18.652981 -9.044935
v 6.374077 18.653076 -9.049908
v 6.378807 18.958313 -9.046534
v 6.374741 18.958467 -9.040503
v 6.377357 18.958317 -9.033834
v 6.384682 18.957973 -9.031548
v 6.391212 18.957699 -9.035366
v 6.392014 18.957695 -9.042415
v 6.386490 18.957970 -9.047383
v 6.398907 19.263313 -9.047134
v 6.394863 19.263824 -9.041107
v 6.397484 19.263687 -9.034439
v 6.404774 19.263023 -9.032150
v 6.411274 19.262299 -9.035965
v 6.412060 19.262085 -9.043011
v 6.406551 19.262543 -9.047981
v 6.450104 19.560883 -9.059891
v 6.446201 19.562164 -9.053894
v 6.448826 19.562103 -9.047226
v 6.456001 19.560699 -9.044907
v 6.462328 19.559021 -9.048683
v 6.463037 19.558350 -9.055710
v 6.457598 19.559174 -9.060699
v 6.540689 19.848389 -9.087852
v 6.537079 19.850616 -9.081955
v 6.539725 19.850586 -9.075272
v 6.546635 19.848328 -9.072876
v 6.552603 19.845551 -9.076553
v 6.553138 19.844330 -9.083511
v 6.547836 19.845581 -9.088547
v 6.671894 20.118652 -9.132278
v 6.668579 20.121521 -9.126480
v 6.671249 20.121521 -9.119843
v 6.677898 20.118744 -9.117340
v 6.683510 20.115204 -9.120880
v 6.683868 20.113586 -9.127792
v 6.678696 20.115143 -9.132874
v 6.765305 20.285858 -9.164597
v 6.762077 20.288849 -9.158829
v 6.764763 20.288940 -9.152176
v 6.771309 20.285980 -9.149658
v 6.776840 20.282288 -9.153168
v 6.777145 20.280518 -9.160065
v 6.772034 20.282135 -9.165161
vt 0.000000 0.000000
vt 0.002560 0.000000
vt 0.005119 0.000000
vt 0.007679 0.000000
vt 0.010239 0.000000
vt 0.012798 0.000000
vt 0.015358 0.000000
vt 0.017918 0.000000
vt 0.000000 0.054803
vt 0.002560 0.054803
vt 0.005119 0.054803
vt 0.007679 0.054803
vt 0.010239 0.054803
vt 0.012798 0.054803
vt 0.015358 0.054803
vt 0.017918 0.054803
vt 0.000000 0.169729
vt 0.002560 0.169729
vt 0.005119 0.169729
vt 0.007679 0.169729
vt 0.010239 0.169729
vt 0.012798 0.169729
vt 0.015358 0.169729
vt 0.017918 0.169729
vt 0.000000 0.284659
vt 0.002560 0.284659
vt 0.005119 0.284659
vt 0.007679 0.284659
vt 0.010239 0.284659
vt 0.012798 0.284659
vt 0.015358 0.284659
vt 0.017918 0.284659
vt 0.000000 0.413023
vt 0.002560 0.413023
vt 0.005119 0.413023
vt 0.007679 0.413023
vt 0.010239 0.413023
vt 0.012798 0.413023
vt 0.015358 0.413023
vt 0.017918 0.413023
vt 0.000000 0.517940
vt 0.002560 0.517940
vt 0.005119 0.517940
vt 0.007679 0.517940
vt 0.010239 0.517940
vt 0.012798 0.517940
vt 0.015358 0.517940
vt 0.017918 0.517940
vt 0.000000 0.622859
vt 0.002560 0.622859
vt 0.005119 0.622859
vt 0.007679 0.622859
vt 0.010239 0.622859
vt 0.012798 0.622859
vt 0.015358 0.622859
vt 0.017918 0.622859
vt 0.000000 0.726510
vt 0.002560 0.726510
vt 0.005119 0.726510
vt 0.007679 0.726510
vt 0.010239 0.726510
vt 0.012798 0.726510
vt 0.015358 0.726510
vt 0.017918 0.726510
vt 0.000000 0.830138
vt 0.002560 0.830138
vt 0.005119 0.830138
vt 0.007679 0.830138
vt 0.010239 0.830138
vt 0.012798 0.830138
vt 0.015358 0.830138
vt 0.017918 0.830138
vt 0.000000 0.933794
vt 0.002560 0.933794
vt 0.005119 0.933794
vt 0.007679 0.933794
vt 0.010239 0.933794
vt 0.012798 0.933794
vt 0.015358 0.933794
vt 0.017918 0.933794
vt 0.000000 1.000000
vt 0.002560 1.000000
vt 0.005119 1.000000
vt 0.007679 1.000000
vt 0.010239 1.000000
vt 0.012798 1.000000
vt 0.015358 1.000000
vt 0.017918 1.000000
vn -0.500948 0.011148 -0.865405
vn -0.991593 -0.053794 -0.117681
vn -0.991999 -0.052678 -0.114730
vn -0.505978 0.010881 -0.862478
vn -0.665008 -0.075127 0.743048
vn -0.667734 -0.073859 0.740727
vn 0.114314 -0.040311 0.992627
vn 0.107903 -0.040320 0.993344
vn 0.828525 0.022983 0.559481
vn 0.826165 0.021919 0.563002
vn 0.929764 0.072790 -0.360888
vn 0.929287 0.071423 -0.362386
vn 0.299893 0.063202 -0.951877
vn 0.295705 0.062078 -0.953260
vn -0.992102 -0.048167 -0.115816
vn -0.505510 0.011723 -0.862741
vn -0.668280 -0.069422 0.740663
vn 0.108267 -0.039070 0.993354
vn 0.826905 0.019148 0.562016
vn 0.929335 0.066504 -0.363199
vn 0.296258 0.059015 -0.953283
vn -0.992955 -0.032170 -0.114043
vn -0.507173 0.014366 -0.861725
vn -0.669623 -0.053100 0.740800
vn 0.106418 -0.034350 0.993728
vn 0.826425 0.008805 0.562978
vn 0.930419 0.048362 -0.363294
vn 0.295666 0.047547 -0.954108
vn -0.993914 0.006720 -0.109950
vn -0.511911 0.021614 -0.858766
vn -0.672253 -0.013710 0.740195
vn 0.100919 -0.022469 0.994641
vn 0.824052 -0.016180 0.566283
vn 0.931059 0.003839 -0.364848
vn 0.291551 0.020072 -0.956345
vn -0.992383 0.053209 -0.111110
vn -0.507512 0.029795 -0.861129
vn -0.669449 0.033305 0.742111
vn 0.105803 -0.008754 0.994349
vn 0.825765 -0.045781 0.562154
vn 0.929377 -0.048414 -0.365943
vn 0.294683 -0.012676 -0.955511
vn -0.987767 0.114325 -0.106047
vn -0.516209 0.042394 -0.855413
vn -0.668300 0.095278 0.737765
vn 0.096770 0.010909 0.995247
vn 0.816700 -0.083916 0.570928
vn 0.923530 -0.117592 -0.365053
vn 0.282850 -0.054567 -0.957611
vn -0.967909 0.226446 -0.108968
vn -0.515878 0.065869 -0.854126
vn -0.650838 0.208564 0.730007
vn 0.098650 0.045654 0.994074
vn 0.802263 -0.154379 0.576665
vn 0.901351 -0.243710 -0.358011
vn 0.267261 -0.130905 -0.954691
vn -0.927871 0.352551 -0.121502
vn -0.509181 0.091436 -0.855789
vn -0.612290 0.336449 0.715474
vn 0.109386 0.085520 0.990314
vn 0.776418 -0.233129 0.585514
vn 0.857297 -0.385581 -0.341128
vn 0.240442 -0.217880 -0.945894
vn -0.890708 0.432539 -0.139822
vn -0.492771 0.101349 -0.864237
vn -0.571942 0.417542 0.706074
vn 0.131126 0.105819 0.985702
vn 0.758575 -0.287114 0.584919
vn 0.817688 -0.476630 -0.322816
vn 0.225967 -0.279563 -0.933158
vn -0.875460 0.461217 -0.144392
vn -0.483421 0.102050 -0.869419
vn -0.549992 0.443918 0.707422
vn 0.145058 0.108971 0.983404
vn 0.750519 -0.306090 0.585687
vn 0.804234 -0.508759 -0.307200
vn 0.224860 -0.304585 -0.925563
s 1
g Añadidos Maceta sweep2
usemtl initialShadingGroup
f 477/1153/859 478/1154/860 485/1162/861 484/1161/862
f 478/1154/860 479/1155/863 486/1163/864 485/1162/861
f 479/1155/863 480/1156/865 487/1164/866 486/1163/864
f 480/1156/865 481/1157/867 488/1165/868 487/1164/866
f 481/1157/867 482/1158/869 489/1166/870 488/1165/868
f 482/1158/869 483/1159/871 490/1167/872 489/1166/870
f 483/1159/871 477/1160/859 484/1168/862 490/1167/872
f 484/1161/862 485/1162/861 492/1170/873 491/1169/874
f 485/1162/861 486/1163/864 493/1171/875 492/1170/873
f 486/1163/864 487/1164/866 494/1172/876 493/1171/875
f 487/1164/866 488/1165/868 495/1173/877 494/1172/876
f 488/1165/868 489/1166/870 496/1174/878 495/1173/877
f 489/1166/870 490/1167/872 497/1175/879 496/1174/878
f 490/1167/872 484/1168/862 491/1176/874 497/1175/879
f 491/1169/874 492/1170/873 499/1178/880 498/1177/881
f 492/1170/873 493/1171/875 500/1179/882 499/1178/880
f 493/1171/875 494/1172/876 501/1180/883 500/1179/882
f 494/1172/876 495/1173/877 502/1181/884 501/1180/883
f 495/1173/877 496/1174/878 503/1182/885 502/1181/884
f 496/1174/878 497/1175/879 504/1183/886 503/1182/885
f 497/1175/879 491/1176/874 498/1184/881 504/1183/886
f 498/1177/881 499/1178/880 506/1186/887 505/1185/888
f 499/1178/880 500/1179/882 507/1187/889 506/1186/887
f 500/1179/882 501/1180/883 508/1188/890 507/1187/889
f 501/1180/883 502/1181/884 509/1189/891 508/1188/890
f 502/1181/884 503/1182/885 510/1190/892 509/1189/891
f 503/1182/885 504/1183/886 511/1191/893 510/1190/892
f 504/1183/886 498/1184/881 505/1192/888 511/1191/893
f 505/1185/888 506/1186/887 513/1194/894 512/1193/895
f 506/1186/887 507/1187/889 514/1195/896 513/1194/894
f 507/1187/889 508/1188/890 515/1196/897 514/1195/896
f 508/1188/890 509/1189/891 516/1197/898 515/1196/897
f 509/1189/891 510/1190/892 517/1198/899 516/1197/898
f 510/1190/892 511/1191/893 518/1199/900 517/1198/899
f 511/1191/893 505/1192/888 512/1200/895 518/1199/900
f 512/1193/895 513/1194/894 520/1202/901 519/1201/902
f 513/1194/894 514/1195/896 521/1203/903 520/1202/901
f 514/1195/896 515/1196/897 522/1204/904 521/1203/903
f 515/1196/897 516/1197/898 523/1205/905 522/1204/904
f 516/1197/898 517/1198/899 524/1206/906 523/1205/905
f 517/1198/899 518/1199/900 525/1207/907 524/1206/906
f 518/1199/900 512/1200/895 519/1208/902 525/1207/907
f 519/1201/902 520/1202/901 527/1210/908 526/1209/909
f 520/1202/901 521/1203/903 528/1211/910 527/1210/908
f 521/1203/903 522/1204/904 529/1212/911 528/1211/910
f 522/1204/904 523/1205/905 530/1213/912 529/1212/911
f 523/1205/905 524/1206/906 531/1214/913 530/1213/912
f 524/1206/906 525/1207/907 532/1215/914 531/1214/913
f 525/1207/907 519/1208/902 526/1216/909 532/1215/914
f 526/1209/909 527/1210/908 534/1218/915 533/1217/916
f 527/1210/908 528/1211/910 535/1219/917 534/1218/915
f 528/1211/910 529/1212/911 536/1220/918 535/1219/917
f 529/1212/911 530/1213/912 537/1221/919 536/1220/918
f 530/1213/912 531/1214/913 538/1222/920 537/1221/919
f 531/1214/913 532/1215/914 539/1223/921 538/1222/920
f 532/1215/914 526/1216/909 533/1224/916 539/1223/921
f 533/1217/916 534/1218/915 541/1226/922 540/1225/923
f 534/1218/915 535/1219/917 542/1227/924 541/1226/922
f 535/1219/917 536/1220/918 543/1228/925 542/1227/924
f 536/1220/918 537/1221/919 544/1229/926 543/1228/925
f 537/1221/919 538/1222/920 545/1230/927 544/1229/926
f 538/1222/920 539/1223/921 546/1231/928 545/1230/927
f 539/1223/921 533/1224/916 540/1232/923 546/1231/928
f 540/1225/923 541/1226/922 548/1234/929 547/1233/930
f 541/1226/922 542/1227/924 549/1235/931 548/1234/929
f 542/1227/924 543/1228/925 550/1236/932 549/1235/931
f 543/1228/925 544/1229/926 551/1237/933 550/1236/932
f 544/1229/926 545/1230/927 552/1238/934 551/1237/933
f 545/1230/927 546/1231/928 553/1239/935 552/1238/934
f 546/1231/928 540/1232/923 547/1240/930 553/1239/935
g default
v 6.346535 17.864349 -9.056702
v 6.349495 17.864319 -9.053802
v 6.353806 17.864227 -9.054077
v 6.356277 17.864136 -9.057343
v 6.355003 17.864136 -9.061142
v 6.350975 17.864258 -9.062607
v 6.347191 17.864349 -9.060638
v 6.349571 17.953766 -9.055832
v 6.352509 17.953552 -9.052910
v 6.356842 17.953430 -9.053192
v 6.359299 17.953430 -9.056458
v 6.358040 17.953583 -9.060257
v 6.354004 17.953766 -9.061714
v 6.350243 17.953827 -9.059746
v 6.355881 18.141113 -9.054337
v 6.358826 18.141083 -9.051414
v 6.363152 18.140961 -9.051697
v 6.365601 18.140808 -9.054970
v 6.364334 18.140778 -9.058769
v 6.360298 18.140869 -9.060234
v 6.356537 18.141022 -9.058258
v 6.362000 18.328491 -9.054325
v 6.364937 18.328506 -9.051411
v 6.369263 18.328400 -9.051693
v 6.371719 18.328217 -9.054962
v 6.370453 18.328110 -9.058758
v 6.366417 18.328156 -9.060215
v 6.362648 18.328323 -9.058243
v 6.368027 18.537720 -9.059380
v 6.370964 18.537766 -9.056464
v 6.375298 18.537643 -9.056748
v 6.377747 18.537453 -9.060019
v 6.376480 18.537334 -9.063809
v 6.372444 18.537373 -9.065271
v 6.368683 18.537544 -9.063299
v 6.371384 18.708076 -9.074597
v 6.374336 18.708340 -9.071697
v 6.378662 18.708239 -9.071982
v 6.381111 18.707848 -9.075238
v 6.379837 18.707458 -9.079013
v 6.375793 18.707371 -9.080463
v 6.372032 18.707645 -9.078499
v 6.374039 18.877968 -9.094048
v 6.376991 18.878433 -9.091171
v 6.381325 18.878342 -9.091457
v 6.383766 18.877762 -9.094692
v 6.382488 18.877136 -9.098434
v 6.378448 18.876915 -9.099869
v 6.374687 18.877304 -9.097919
v 6.374189 19.042648 -9.130402
v 6.377142 19.043564 -9.127625
v 6.381470 19.043503 -9.127914
v 6.383917 19.042526 -9.131058
v 6.382635 19.041351 -9.134689
v 6.378595 19.040894 -9.136063
v 6.374836 19.041458 -9.134155
v 6.371268 19.200378 -9.188110
v 6.374211 19.201813 -9.185524
v 6.378539 19.201752 -9.185829
v 6.380993 19.200317 -9.188797
v 6.379725 19.198547 -9.192192
v 6.375690 19.197784 -9.193466
v 6.371925 19.198608 -9.191658
v 6.364704 19.347107 -9.267754
v 6.367638 19.348846 -9.265335
v 6.371964 19.348846 -9.265671
v 6.374432 19.347107 -9.268478
v 6.373177 19.344910 -9.271667
v 6.369148 19.343964 -9.272827
v 6.365387 19.344910 -9.271088
v 6.359642 19.437408 -9.323776
v 6.362572 19.439270 -9.321426
v 6.366875 19.439270 -9.321747
v 6.369362 19.437500 -9.324509
v 6.368111 19.435181 -9.327637
v 6.364090 19.434174 -9.328766
v 6.360321 19.435181 -9.327057
vt 0.000000 0.000000
vt 0.002560 0.000000
vt 0.005119 0.000000
vt 0.007679 0.000000
vt 0.010239 0.000000
vt 0.012798 0.000000
vt 0.015358 0.000000
vt 0.017918 0.000000
vt 0.000000 0.054803
vt 0.002560 0.054803
vt 0.005119 0.054803
vt 0.007679 0.054803
vt 0.010239 0.054803
vt 0.012798 0.054803
vt 0.015358 0.054803
vt 0.017918 0.054803
vt 0.000000 0.169729
vt 0.002560 0.169729
vt 0.005119 0.169729
vt 0.007679 0.169729
vt 0.010239 0.169729
vt 0.012798 0.169729
vt 0.015358 0.169729
vt 0.017918 0.169729
vt 0.000000 0.284659
vt 0.002560 0.284659
vt 0.005119 0.284659
vt 0.007679 0.284659
vt 0.010239 0.284659
vt 0.012798 0.284659
vt 0.015358 0.284659
vt 0.017918 0.284659
vt 0.000000 0.413023
vt 0.002560 0.413023
vt 0.005119 0.413023
vt 0.007679 0.413023
vt 0.010239 0.413023
vt 0.012798 0.413023
vt 0.015358 0.413023
vt 0.017918 0.413023
vt 0.000000 0.517940
vt 0.002560 0.517940
vt 0.005119 0.517940
vt 0.007679 0.517940
vt 0.010239 0.517940
vt 0.012798 0.517940
vt 0.015358 0.517940
vt 0.017918 0.517940
vt 0.000000 0.622859
vt 0.002560 0.622859
vt 0.005119 0.622859
vt 0.007679 0.622859
vt 0.010239 0.622859
vt 0.012798 0.622859
vt 0.015358 0.622859
vt 0.017918 0.622859
vt 0.000000 0.726510
vt 0.002560 0.726510
vt 0.005119 0.726510
vt 0.007679 0.726510
vt 0.010239 0.726510
vt 0.012798 0.726510
vt 0.015358 0.726510
vt 0.017918 0.726510
vt 0.000000 0.830138
vt 0.002560 0.830138
vt 0.005119 0.830138
vt 0.007679 0.830138
vt 0.010239 0.830138
vt 0.012798 0.830138
vt 0.015358 0.830138
vt 0.017918 0.830138
vt 0.000000 0.933794
vt 0.002560 0.933794
vt 0.005119 0.933794
vt 0.007679 0.933794
vt 0.010239 0.933794
vt 0.012798 0.933794
vt 0.015358 0.933794
vt 0.017918 0.933794
vt 0.000000 1.000000
vt 0.002560 1.000000
vt 0.005119 1.000000
vt 0.007679 1.000000
vt 0.010239 1.000000
vt 0.012798 1.000000
vt 0.015358 1.000000
vt 0.017918 1.000000
vn -0.949375 0.029160 0.312789
vn -0.345302 0.002383 0.938488
vn -0.339935 0.003377 0.940443
vn -0.947385 0.029252 0.318757
vn 0.462084 -0.024498 0.886498
vn 0.462030 -0.023217 0.886560
vn 0.986229 -0.035049 0.161628
vn 0.985092 -0.034664 0.168500
vn 0.700925 -0.016674 -0.713040
vn 0.705316 -0.017697 -0.708672
vn -0.065980 0.012189 -0.997747
vn -0.065094 0.010761 -0.997821
vn -0.798285 0.033140 -0.601367
vn -0.799617 0.032149 -0.599650
vn -0.340399 0.007532 0.940251
vn -0.947709 0.030118 0.317712
vn 0.463135 -0.018859 0.886087
vn 0.985305 -0.033345 0.167520
vn 0.704744 -0.020528 -0.709165
vn -0.065252 0.006182 -0.997850
vn -0.799608 0.028904 -0.599826
vn -0.339087 0.022363 0.940489
vn -0.947044 0.032982 0.319406
vn 0.463133 -0.002814 0.886284
vn 0.985110 -0.028078 0.169618
vn 0.705505 -0.030646 -0.708042
vn -0.065621 -0.010590 -0.997788
vn -0.800918 0.016929 -0.598535
vn -0.335628 0.058451 0.940179
vn -0.945016 0.040845 0.324464
vn 0.462578 0.035764 0.885857
vn 0.984481 -0.014875 0.174858
vn 0.708130 -0.055087 -0.703929
vn -0.066098 -0.051703 -0.996473
vn -0.804254 -0.011812 -0.594169
vn -0.336499 0.101345 0.936215
vn -0.946402 0.049235 0.319215
vn 0.465098 0.081597 0.881491
vn 0.985686 -0.000275 0.168589
vn 0.704433 -0.084272 -0.704750
vn -0.067374 -0.099946 -0.992709
vn -0.802565 -0.046422 -0.594757
vn -0.331723 0.157987 0.930054
vn -0.942505 0.062624 0.328272
vn 0.462788 0.142123 0.875002
vn 0.984090 0.021129 0.176412
vn 0.710716 -0.121537 -0.692901
vn -0.067783 -0.163337 -0.984239
vn -0.808301 -0.090328 -0.581799
vn -0.330470 0.262056 0.906707
vn -0.941155 0.086755 0.326650
vn 0.462244 0.252251 0.850118
vn 0.983382 0.058198 0.171967
vn 0.713842 -0.190450 -0.673913
vn -0.067598 -0.279644 -0.957721
vn -0.810979 -0.170303 -0.559741
vn -0.332451 0.380066 0.863149
vn -0.941421 0.112970 0.317750
vn 0.462203 0.376891 0.802696
vn 0.982576 0.100167 0.156562
vn 0.717979 -0.267708 -0.642525
vn -0.064768 -0.411263 -0.909213
vn -0.811888 -0.261266 -0.522090
vn -0.340382 0.454640 0.823069
vn -0.945369 0.125414 0.300914
vn 0.462394 0.457597 0.759471
vn 0.983234 0.124128 0.133579
vn 0.715445 -0.320331 -0.620908
vn -0.063614 -0.497793 -0.864960
vn -0.807041 -0.322685 -0.494529
vn -0.342081 0.481366 0.807011
vn -0.944532 0.133275 0.300162
vn 0.458289 0.486860 0.743598
vn 0.981815 0.136758 0.131671
vn 0.719404 -0.336437 -0.607675
vn -0.065174 -0.528498 -0.846429
vn -0.808561 -0.342167 -0.478698
s 1
g Añadidos Maceta sweep3
usemtl initialShadingGroup
f 554/1241/936 555/1242/937 562/1250/938 561/1249/939
f 555/1242/937 556/1243/940 563/1251/941 562/1250/938
f 556/1243/940 557/1244/942 564/1252/943 563/1251/941
f 557/1244/942 558/1245/944 565/1253/945 564/1252/943
f 558/1245/944 559/1246/946 566/1254/947 565/1253/945
f 559/1246/946 560/1247/948 567/1255/949 566/1254/947
f 560/1247/948 554/1248/936 561/1256/939 567/1255/949
f 561/1249/939 562/1250/938 569/1258/950 568/1257/951
f 562/1250/938 563/1251/941 570/1259/952 569/1258/950
f 563/1251/941 564/1252/943 571/1260/953 570/1259/952
f 564/1252/943 565/1253/945 572/1261/954 571/1260/953
f 565/1253/945 566/1254/947 573/1262/955 572/1261/954
f 566/1254/947 567/1255/949 574/1263/956 573/1262/955
f 567/1255/949 561/1256/939 568/1264/951 574/1263/956
f 568/1257/951 569/1258/950 576/1266/957 575/1265/958
f 569/1258/950 570/1259/952 577/1267/959 576/1266/957
f 570/1259/952 571/1260/953 578/1268/960 577/1267/959
f 571/1260/953 572/1261/954 579/1269/961 578/1268/960
f 572/1261/954 573/1262/955 580/1270/962 579/1269/961
f 573/1262/955 574/1263/956 581/1271/963 580/1270/962
f 574/1263/956 568/1264/951 575/1272/958 581/1271/963
f 575/1265/958 576/1266/957 583/1274/964 582/1273/965
f 576/1266/957 577/1267/959 584/1275/966 583/1274/964
f 577/1267/959 578/1268/960 585/1276/967 584/1275/966
f 578/1268/960 579/1269/961 586/1277/968 585/1276/967
f 579/1269/961 580/1270/962 587/1278/969 586/1277/968
f 580/1270/962 581/1271/963 588/1279/970 587/1278/969
f 581/1271/963 575/1272/958 582/1280/965 588/1279/970
f 582/1273/965 583/1274/964 590/1282/971 589/1281/972
f 583/1274/964 584/1275/966 591/1283/973 590/1282/971
f 584/1275/966 585/1276/967 592/1284/974 591/1283/973
f 585/1276/967 586/1277/968 593/1285/975 592/1284/974
f 586/1277/968 587/1278/969 594/1286/976 593/1285/975
f 587/1278/969 588/1279/970 595/1287/977 594/1286/976
f 588/1279/970 582/1280/965 589/1288/972 595/1287/977
f 589/1281/972 590/1282/971 597/1290/978 596/1289/979
f 590/1282/971 591/1283/973 598/1291/980 597/1290/978
f 591/1283/973 592/1284/974 599/1292/981 598/1291/980
f 592/1284/974 593/1285/975 600/1293/982 599/1292/981
f 593/1285/975 594/1286/976 601/1294/983 600/1293/982
f 594/1286/976 595/1287/977 602/1295/984 601/1294/983
f 595/1287/977 589/1288/972 596/1296/979 602/1295/984
f 596/1289/979 597/1290/978 604/1298/985 603/1297/986
f 597/1290/978 598/1291/980 605/1299/987 604/1298/985
f 598/1291/980 599/1292/981 606/1300/988 605/1299/987
f 599/1292/981 600/1293/982 607/1301/989 606/1300/988
f 600/1293/982 601/1294/983 608/1302/990 607/1301/989
f 601/1294/983 602/1295/984 609/1303/991 608/1302/990
f 602/1295/984 596/1296/979 603/1304/986 609/1303/991
f 603/1297/986 604/1298/985 611/1306/992 610/1305/993
f 604/1298/985 605/1299/987 612/1307/994 611/1306/992
f 605/1299/987 606/1300/988 613/1308/995 612/1307/994
f 606/1300/988 607/1301/989 614/1309/996 613/1308/995
f 607/1301/989 608/1302/990 615/1310/997 614/1309/996
f 608/1302/990 609/1303/991 616/1311/998 615/1310/997
f 609/1303/991 603/1304/986 610/1312/993 616/1311/998
f 610/1305/993 611/1306/992 618/1314/999 617/1313/1000
f 611/1306/992 612/1307/994 619/1315/1001 618/1314/999
f 612/1307/994 613/1308/995 620/1316/1002 619/1315/1001
f 613/1308/995 614/1309/996 621/1317/1003 620/1316/1002
f 614/1309/996 615/1310/997 622/1318/1004 621/1317/1003
f 615/1310/997 616/1311/998 623/1319/1005 622/1318/1004
f 616/1311/998 610/1312/993 617/1320/1000 623/1319/1005
f 617/1313/1000 618/1314/999 625/1322/1006 624/1321/1007
f 618/1314/999 619/1315/1001 626/1323/1008 625/1322/1006
f 619/1315/1001 620/1316/1002 627/1324/1009 626/1323/1008
f 620/1316/1002 621/1317/1003 628/1325/1010 627/1324/1009
f 621/1317/1003 622/1318/1004 629/1326/1011 628/1325/1010
f 622/1318/1004 623/1319/1005 630/1327/1012 629/1326/1011
f 623/1319/1005 617/1320/1000 624/1328/1007 630/1327/1012
g default
v 9.920763 7.072757 -11.643478
v 9.920763 7.072757 -3.875321
v -3.475009 7.072757 -11.643478
v -3.475009 7.072757 -3.875321
vt 0.143158 0.628824
vt 0.143158 0.376561
vt 0.289445 0.376561
vt 0.289445 0.628824
vn 0.000000 1.000000 0.000000
vn 0.000000 1.000000 0.000000
vn 0.000000 1.000000 0.000000
vn 0.000000 1.000000 0.000000
s off
g Recepcion2 Tapete1 Pisos Recepcion
usemtl lambert6SG
f 634/1329/1013 632/1330/1014 631/1331/1015 633/1332/1016
g default
v 9.959140 7.063942 -20.592216
v 9.959140 7.063942 -3.803267
v -9.516042 7.063942 -20.592216
v -9.516042 7.063942 -3.803267
vt 0.783730 0.002680
vt 0.467566 0.002680
vt 0.783730 0.369429
vt 0.467566 0.369429
vn 0.000000 1.000000 0.000000
vn 0.000000 1.000000 0.000000
vn 0.000000 1.000000 0.000000
vn 0.000000 1.000000 0.000000
s off
g Recepcion2 Pisos Recepcion Piso
usemtl lambert6SG
f 638/1336/1017 636/1334/1018 635/1333/1019 637/1335/1020
g default
v -9.742738 7.033548 -18.048972
v -9.742738 7.033548 -6.024373
v -15.333405 7.033548 -18.048972
v -15.333405 7.033548 -6.024373
vt 0.399194 0.859001
vt 0.399194 0.632559
vt 0.293913 0.859001
vt 0.293913 0.632559
vn 0.000000 1.000000 0.000000
vn 0.000000 1.000000 0.000000
vn 0.000000 1.000000 0.000000
vn 0.000000 1.000000 0.000000
s off
g Recepcion2 Pisos Recepcion Tapete
usemtl lambert6SG
f 642/1340/1021 640/1338/1022 639/1337/1023 641/1339/1024
g default
v -9.516100 7.063942 -18.255393
v -9.516100 7.063942 -5.817957
v -15.560122 7.063942 -18.255393
v -15.560122 7.063942 -5.817957
vt 0.672983 0.859880
vt 0.672983 0.625665
vt 0.559165 0.859880
vt 0.559165 0.625665
vn 0.000000 1.000000 0.000000
vn 0.000000 1.000000 0.000000
vn 0.000000 1.000000 0.000000
vn 0.000000 1.000000 0.000000
s off
g Recepcion2 Pisos Recepcion Piso1
usemtl lambert6SG
f 646/1344/1025 644/1342/1026 643/1341/1027 645/1343/1028
g default
v 6.345309 7.129744 -8.656933
v 0.479223 7.129744 -8.478093
v 6.345309 9.104113 -8.656933
v 0.479223 9.104113 -8.478093
v 6.517608 9.104113 -6.927613
v 0.412542 9.104113 -6.743060
v 6.517608 7.129744 -6.927613
v 0.412542 7.129744 -6.743060
v 6.153092 9.104113 -8.825209
v 6.167329 9.104113 -8.358240
v 6.153092 7.129744 -8.825209
v 0.680066 9.104113 -8.691831
v 0.694303 9.104113 -8.224861
v 0.680066 7.129744 -8.691831
v 4.594307 9.104113 -9.119336
v 4.608543 9.104113 -8.652367
v 4.594307 7.129744 -9.119336
v 6.518815 9.104113 -6.888029
v 6.208522 9.104113 -7.007060
v 6.208522 7.129744 -7.007060
v 6.518815 7.129744 -6.888029
v 0.735497 9.104113 -6.873681
v 0.735497 7.129744 -6.873681
v 0.413796 9.104113 -6.701905
v 0.413796 7.129744 -6.701905
v 5.886558 9.104113 -8.956584
v 5.900794 9.104113 -8.489615
v 5.886558 7.129744 -8.956584
v 0.944251 9.104113 -8.814246
v 0.958487 9.104113 -8.347277
v 0.944251 7.129744 -8.814246
v 0.944251 8.294618 -8.814246
v 4.594307 8.294618 -9.119336
v 5.886558 8.294618 -8.956584
v 6.153092 8.294618 -8.825209
v 6.345309 8.294618 -8.656933
v 6.517608 8.294618 -6.927613
v 6.518815 8.253490 -6.888029
v 6.208522 8.254068 -7.007060
v 6.167329 8.294618 -8.358240
v 5.900794 8.294618 -8.489615
v 4.608543 8.294618 -8.652367
v 0.958487 8.294618 -8.347277
v 0.694302 8.294618 -8.224861
v 0.735497 8.254068 -6.873681
v 0.413796 8.261155 -6.701905
v 0.412542 8.294618 -6.743060
v 0.479223 8.294618 -8.478093
v 0.680065 8.294618 -8.691831
v 0.944251 8.186176 -8.814246
v 4.594307 7.747200 -9.119336
v 5.886558 7.572610 -8.956584
v 6.153092 7.548847 -8.825209
v 6.345309 7.547505 -8.656933
v 6.500551 7.537101 -7.487104
v 0.412542 8.261155 -6.743060
v 0.479223 8.246515 -8.478093
v 0.680066 8.224192 -8.691831
v 6.517608 8.206155 -6.927613
v 6.207205 7.129744 -7.050253
v 6.207347 8.254068 -7.045620
v 6.207205 8.294618 -7.050253
v 6.207205 9.104113 -7.050253
v 0.734128 7.129744 -6.918590
v 0.734128 8.254068 -6.918590
v 0.734126 8.294618 -6.918590
v 0.734128 9.104113 -6.918590
v 4.592893 7.747200 -9.051828
v 4.592893 8.294618 -9.051828
v 0.961695 8.186176 -8.748314
v 0.961695 8.294618 -8.748314
v 5.866980 7.572610 -8.891364
v 5.866980 8.294618 -8.891364
v 6.112248 7.548847 -8.770470
v 6.112248 8.294618 -8.770470
v 6.281577 7.547505 -8.629846
v 6.281577 8.294618 -8.629846
v 6.433425 7.537101 -7.485058
v 6.450483 8.294618 -6.925567
v 6.450483 8.206155 -6.925567
v 0.479665 8.261155 -6.745107
v 0.544470 8.246515 -8.455443
v 0.479665 8.294618 -6.745107
v 0.544470 8.294618 -8.455444
v 0.722708 8.224192 -8.637575
v 0.722708 8.294618 -8.637575
v 6.296359 8.254068 -8.533536
v 6.296359 7.129744 -8.533536
v 5.937189 8.254068 -8.710570
v 5.937189 7.129744 -8.710570
v 4.608612 8.254068 -8.877897
v 4.608612 7.129744 -8.877897
v 0.920839 8.254068 -8.569655
v 0.920839 7.129744 -8.569655
v 6.341455 7.129744 -7.054346
v 6.341455 8.254068 -7.054346
v 0.554590 8.254068 -8.399946
v 0.554590 7.129744 -8.399946
v 0.599878 8.254068 -6.914497
v 0.599878 7.129744 -6.914497
v 6.207347 8.294618 -7.045620
v 5.940812 8.294618 -7.176995
v 4.648561 8.294618 -7.339747
v 0.998505 8.294618 -7.034657
v 0.734320 8.294618 -6.912241
v 6.207347 8.252767 -7.045620
v 5.940812 8.252767 -7.176995
v 4.648561 8.252767 -7.339747
v 0.998505 8.252767 -7.034657
v 0.734320 8.252767 -6.912241
v 0.367166 7.129744 -8.231399
v 0.367166 8.261156 -8.231399
v 0.434991 8.261156 -8.210437
v 0.434991 8.294618 -8.210438
v 0.367166 8.294618 -8.231399
v 0.367166 9.104113 -8.231399
v 0.680996 9.104113 -8.661331
v 0.945181 9.104113 -8.783746
v 4.595236 9.104113 -9.088836
v 5.887487 9.104113 -8.926084
v 6.154022 9.104113 -8.794709
v 6.472185 9.104113 -8.417524
v 6.472185 8.294618 -8.417524
v 6.405775 8.294618 -8.391998
v 6.405775 7.546825 -8.391998
v 6.472185 7.546825 -8.417524
v 6.472185 7.129744 -8.417524
v 2.625554 7.129744 -9.076431
v 2.625554 7.984785 -9.076431
v 2.633569 7.984785 -9.009710
v 2.633569 8.294618 -9.009710
v 2.625554 8.294618 -9.076431
v 2.625554 9.104113 -9.076431
v 2.626484 9.104113 -9.045930
v 2.639790 9.104113 -8.609461
v 2.639790 8.294618 -8.609461
v 2.679809 8.294618 -7.296841
v 2.679809 8.252767 -7.296841
v 2.641906 7.129744 -8.847439
v 2.641906 8.254068 -8.847439
vt 0.326109 0.175106
vt 0.320917 0.218885
vt 0.263859 0.227239
vt 0.249880 0.203787
vt 0.126621 0.261144
vt 0.133119 0.273934
vt 0.131119 0.273644
vt 0.116071 0.249247
vt 0.109917 0.099442
vt 0.091714 0.075880
vt 0.172888 0.007102
vt 0.192350 0.030082
vt 0.324585 0.620933
vt 0.323531 0.636073
vt 0.259499 0.634785
vt 0.260190 0.620698
vt 0.291112 0.145468
vt 0.245709 0.175492
vt 0.140196 0.289273
vt 0.138214 0.289283
vt 0.410933 0.510739
vt 0.330166 0.510739
vt 0.330166 0.482786
vt 0.410933 0.482786
vt 0.311350 0.252539
vt 0.268407 0.254844
vt 0.204773 0.610024
vt 0.206583 0.622785
vt 0.205634 0.634815
vt 0.203541 0.610984
vt 0.318596 0.738133
vt 0.255439 0.734088
vt 0.255608 0.714156
vt 0.319829 0.718524
vt 0.261108 0.605109
vt 0.325482 0.604027
vt 0.162086 0.373943
vt 0.185562 0.498554
vt 0.183734 0.498972
vt 0.160083 0.374210
vt 0.410933 0.257638
vt 0.330166 0.257638
vt 0.330166 0.140239
vt 0.410933 0.140239
vt 0.267244 0.356826
vt 0.312873 0.353343
vt 0.321764 0.483403
vt 0.265617 0.487774
vt 0.047993 0.145352
vt 0.099360 0.262855
vt 0.027618 0.116457
vt 0.410933 0.617369
vt 0.330166 0.617369
vt 0.193983 0.026885
vt 0.196625 0.100868
vt 0.116146 0.098378
vt 0.320698 0.739340
vt 0.330166 0.004643
vt 0.184418 0.715238
vt 0.204242 0.726146
vt 0.207426 0.715338
vt 0.207769 0.734908
vt 0.256671 0.711897
vt 0.319377 0.715185
vt 0.330166 0.390929
vt 0.410933 0.390929
vt 0.203190 0.596962
vt 0.201687 0.597643
vt 0.330166 0.113177
vt 0.410933 0.113177
vt 0.262532 0.589318
vt 0.326110 0.586702
vt 0.217921 0.363179
vt 0.237094 0.490577
vt 0.196060 0.271513
vt 0.188046 0.251033
vt 0.180423 0.233358
vt 0.171834 0.214773
vt 0.108249 0.105783
vt 0.046064 0.142669
vt 0.029741 0.119475
vt 0.638806 0.379087
vt 0.001992 0.214416
vt 0.638806 0.360732
vt 0.107767 0.287975
vt 0.638806 0.272246
vt 0.131113 0.378275
vt 0.104601 0.516537
vt 0.157209 0.505376
vt 0.130058 0.635794
vt 0.638806 0.020930
vt 0.179274 0.609396
vt 0.185071 0.631190
vt 0.253196 0.736535
vt 0.252329 0.711867
vt 0.249988 0.620794
vt 0.250276 0.634707
vt 0.249296 0.605527
vt 0.248495 0.590182
vt 0.222487 0.362340
vt 0.262461 0.356632
vt 0.261403 0.487524
vt 0.241215 0.489882
vt 0.201059 0.270534
vt 0.262324 0.255345
vt 0.193054 0.249568
vt 0.256668 0.228698
vt 0.247134 0.206769
vt 0.185637 0.232354
vt 0.238562 0.178223
vt 0.175951 0.210731
vt 0.117573 0.101883
vt 0.193816 0.105918
vt 0.112282 0.104489
vt 0.256562 0.619602
vt 0.255839 0.635649
vt 0.253930 0.635640
vt 0.253616 0.619710
vt 0.253050 0.605020
vt 0.257351 0.604701
vt 0.252250 0.589550
vt 0.258684 0.588924
vt 0.410933 0.626998
vt 0.089478 0.073211
vt 0.254060 0.711643
vt 0.254941 0.711649
vt 0.330166 0.013638
vt 0.410933 0.013638
vt 0.729089 0.360732
vt 0.729089 0.379087
vt 0.729089 0.272246
vt 0.729089 0.136950
vt 0.729089 0.002765
vt 0.729089 0.020930
vt 0.731881 0.360732
vt 0.731881 0.379087
vt 0.731881 0.272246
vt 0.731881 0.136951
vt 0.731881 0.002765
vt 0.731881 0.020930
vt 0.127307 0.619112
vt 0.638806 0.136951
vt 0.638806 0.002765
vt 0.076134 0.391512
vt 0.052206 0.306993
vt 0.045635 0.289653
vt 0.330166 0.626998
vt 0.170357 0.004113
vt 0.174670 0.003613
vt 0.194661 0.032851
vt 0.086617 0.074959
vt 0.132137 0.716596
vt 0.410933 0.004643
vt 0.255297 0.736507
vt 0.319980 0.716316
vt 0.321745 0.719625
vt 0.318443 0.740550
vt 0.042762 0.143392
vt 0.050539 0.186252
vt 0.026139 0.120270
vt 0.207812 0.737319
vt 0.205624 0.736021
vt 0.205469 0.716351
vt 0.062391 0.167742
vt 0.207417 0.713146
vn 0.787335 0.000000 -0.616526
vn 0.545248 0.000000 -0.838274
vn 0.542718 0.130970 -0.829641
vn 0.779466 0.141258 -0.610311
vn 0.785452 0.071581 -0.614769
vn 0.546341 0.043674 -0.836423
vn -0.000000 1.000000 -0.000000
vn 0.944392 0.315070 -0.094094
vn -0.309137 0.000000 0.951017
vn -0.438089 0.000000 0.898932
vn -0.456293 -0.040357 0.888914
vn -0.251316 -0.026417 0.967544
vn -0.827857 0.000000 -0.560939
vn -0.999277 0.000000 -0.038022
vn -0.998142 0.048923 -0.036325
vn -0.828753 0.053636 -0.557038
vn 0.993561 0.000000 -0.113301
vn 0.987624 0.109505 -0.112280
vn 0.185285 0.037877 -0.981955
vn -0.000000 1.000000 0.000000
vn -0.971479 0.000000 0.237127
vn -0.971479 0.000000 0.237127
vn -0.199917 0.000000 0.979813
vn -0.199917 0.000000 0.979813
vn 0.175854 0.000000 -0.984416
vn 0.182522 0.108792 -0.977164
vn -0.585336 0.041205 -0.809743
vn -0.825030 0.070513 -0.560673
vn -0.941636 0.334681 -0.036189
vn -0.000000 1.000000 0.000000
vn 0.559550 -0.041671 0.827748
vn 0.542962 -0.000000 0.839757
vn 0.394302 0.000000 0.918981
vn 0.374505 -0.025316 0.926879
vn -0.593565 0.052160 -0.803094
vn -0.588003 0.000000 -0.808859
vn 0.036702 0.036238 -0.998669
vn -0.083240 0.036133 -0.995874
vn -0.000000 1.000000 0.000000
vn -0.000000 1.000000 0.000000
vn 0.083295 -0.000000 0.996525
vn 0.083295 -0.000000 0.996525
vn 0.209624 -0.000000 0.977782
vn 0.209624 -0.000000 0.977782
vn 0.032221 0.095252 -0.994932
vn 0.025615 0.000000 -0.999672
vn -0.091930 0.000000 -0.995765
vn -0.087758 0.076292 -0.993216
vn 0.989469 0.141565 -0.030166
vn -0.856447 0.482967 0.182321
vn -0.972125 0.232581 0.029637
vn -0.998207 0.000186 -0.059857
vn -0.998207 0.000186 -0.059857
vn 0.998833 -0.037476 -0.030452
vn 0.993361 0.090711 -0.070746
vn 0.945018 0.180249 -0.272858
vn 0.287635 -0.061845 -0.955741
vn 0.293368 0.000000 -0.955999
vn 0.966849 0.253641 -0.029477
vn -0.988920 0.145356 0.030149
vn 0.377193 0.033685 0.925522
vn 0.557820 0.055541 0.828101
vn -0.997938 0.057195 0.029128
vn -0.999480 -0.010553 0.030471
vn -0.041499 -0.000000 0.999138
vn -0.041499 -0.000000 0.999138
vn -0.193792 0.038388 -0.980291
vn -0.000000 1.000000 0.000000
vn 0.981712 -0.000000 0.190370
vn 0.981712 -0.000000 0.190370
vn -0.196105 0.067416 -0.978263
vn -0.198124 0.000000 -0.980177
vn 0.036612 -0.079042 -0.996199
vn -0.083033 -0.079249 -0.993391
vn 0.184915 -0.073616 -0.979994
vn 0.545478 -0.071128 -0.835102
vn 0.785341 -0.073522 -0.614682
vn 0.992792 -0.067678 -0.098916
vn -0.251542 0.034907 0.967217
vn -0.458814 0.053222 0.886937
vn -0.914532 0.354582 0.194686
vn -0.999536 -0.000000 0.030473
vn -0.096905 0.852559 0.513568
vn -0.165100 0.455137 0.874981
vn -0.019815 0.841974 0.539154
vn -0.032078 0.486948 0.872842
vn 0.045032 0.841256 0.538758
vn 0.072677 0.488571 0.869492
vn 0.924215 0.353215 0.145138
vn 0.100370 0.855656 0.507719
vn 0.172447 0.457517 0.872319
vn 0.847200 0.514346 0.133044
vn 0.999536 -0.000002 -0.030474
vn -0.996479 -0.078816 0.028594
vn -0.824875 -0.073112 -0.560567
vn -0.996958 -0.067877 -0.038315
vn -0.584439 -0.068974 -0.808501
vn -0.193364 -0.076702 -0.978124
vn 0.050288 -0.136914 -0.989306
vn 0.073591 0.136330 -0.987926
vn -0.031174 0.204174 -0.978438
vn -0.059648 -0.211063 -0.975651
vn 0.187999 -0.115655 -0.975336
vn 0.210941 0.122981 -0.969732
vn 0.531527 -0.102570 -0.840808
vn 0.538898 0.105623 -0.835723
vn 0.786467 0.105817 -0.608501
vn 0.785855 -0.105721 -0.609307
vn 0.990139 0.087346 -0.109526
vn 0.985433 -0.129384 -0.110374
vn 0.502409 0.506334 -0.700864
vn 0.994634 0.079750 -0.065896
vn 0.983458 -0.176542 -0.040548
vn -0.403933 0.837162 -0.368780
vn -0.387761 0.921351 -0.027453
vn -0.387725 -0.921569 -0.019509
vn -0.431704 -0.846295 -0.312117
vn -0.370833 -0.731488 -0.572196
vn -0.305782 0.714097 -0.629732
vn -0.160322 -0.354514 -0.921204
vn -0.119473 0.333236 -0.935243
vn 0.996279 -0.078725 -0.035085
vn -0.333942 -0.057248 -0.940854
vn -0.340534 0.001959 -0.940230
vn 0.992735 0.000000 -0.120317
vn 0.992735 0.000000 -0.120317
vn -0.443518 -0.896240 -0.006786
vn -0.443518 0.896240 -0.006785
vn -0.006233 0.999435 0.033031
vn -0.023124 0.998631 0.046913
vn -0.001132 0.999525 0.030800
vn 0.002556 0.999529 0.030580
vn 0.019582 0.998915 0.042259
vn 0.006476 0.999442 0.032759
vn -0.185418 0.000000 0.982660
vn -0.442113 0.000000 0.896960
vn -0.036727 0.000000 0.999325
vn 0.083295 0.000000 0.996525
vn 0.420427 0.000000 0.907326
vn 0.193935 0.000000 0.981014
s 1
g Recepcion2 Escritorio group2 Objetos_Recepcion
usemtl lambert7SG
f 647/1345/1029 657/1346/1030 699/1347/1031 700/1348/1032
f 649/1349/1033 655/1350/1034 767/1351/1035 768/1352/1036
f 684/1353/1037 685/1354/1038 666/1355/1039 667/1356/1040
f 648/1357/1041 757/1358/1042 758/1359/1043 703/1360/1044
f 773/1361/1045 647/1345/1029 700/1348/1032 772/1362/1046
f 655/1350/1034 672/1363/1047 766/1364/1048 767/1351/1035
f 734/1365/1049 733/1366/1050 735/1367/1051 736/1368/1052
f 699/1347/1031 657/1346/1030 674/1369/1053 698/1370/1054
f 658/1371/1055 650/1372/1056 762/1373/1057 763/1374/1058
f 669/1375/1059 691/1376/1060 692/1377/1061 671/1378/1062
f 704/1379/1063 660/1380/1064 648/1357/1041 703/1360/1044
f 661/1381/1065 779/1382/1066 780/1383/1067 765/1384/1068
f 785/1385/1069 786/1386/1070 739/1387/1071 740/1388/1072
f 697/1389/1073 663/1390/1074 774/1391/1075 775/1392/1076
f 651/1508/1077 656/1394/1078 709/1503/1079
f 733/1366/1050 734/1365/1049 741/1396/1080 742/1397/1081
f 653/1494/1082 701/1399/1083 705/1400/1084
f 710/1501/1085 711/1498/1086 691/1376/1060 669/1375/1059
f 713/1506/1087 652/1507/1088 670/1405/1089 668/1406/1090
f 702/1407/1091 654/1499/1092 671/1378/1062 692/1377/1061
f 654/1500/1092 710/1401/1085 669/1375/1059 671/1378/1062
f 672/1363/1047 661/1381/1065 765/1384/1068 766/1364/1048
f 736/1368/1052 735/1367/1051 737/1409/1093 738/1410/1094
f 698/1370/1054 674/1369/1053 663/1390/1074 697/1389/1073
f 675/1411/1095 658/1371/1055 763/1374/1058 764/1412/1096
f 740/1388/1072 739/1387/1071 743/1413/1097 744/1414/1098
f 704/1379/1063 696/1415/1099 677/1416/1100 660/1380/1064
f 661/1381/1065 679/1417/1101 778/1418/1102 779/1382/1066
f 672/1363/1047 680/1419/1103 679/1417/1101 661/1381/1065
f 655/1350/1034 681/1420/1104 680/1419/1103 672/1363/1047
f 682/1421/1105 681/1420/1104 655/1350/1034 649/1349/1033
f 769/1422/1106 682/1421/1105 649/1349/1033 768/1352/1036
f 664/1424/1107 665/1425/1108 685/1354/1038 684/1353/1037
f 656/1394/1078 686/1490/1109 708/1427/1110 709/1503/1079
f 687/1489/1111 686/1490/1109 656/1394/1078 673/1429/1112
f 688/1488/1113 687/1489/1111 673/1429/1112 662/1431/1114
f 782/1432/1115 688/1488/1113 662/1431/1114 781/1433/1116
f 690/1434/1117 689/1485/1118 676/1436/1119 659/1437/1120
f 691/1376/1060 712/1438/1121 713/1505/1087 668/1406/1090
f 692/1377/1061 691/1376/1060 668/1406/1090 670/1405/1089
f 652/1509/1088 693/1439/1122 692/1377/1061 670/1405/1089
f 694/1440/1123 761/1441/1124 762/1373/1057 650/1372/1056
f 658/1371/1055 695/1442/1125 694/1440/1123 650/1372/1056
f 675/1411/1095 678/1443/1126 695/1442/1125 658/1371/1055
f 715/1444/1127 714/1445/1128 776/1446/1129 777/1447/1130
f 719/1448/1131 718/1449/1132 714/1445/1128 715/1444/1127
f 721/1450/1133 720/1451/1134 718/1449/1132 719/1448/1131
f 722/1452/1135 720/1451/1134 721/1450/1133 723/1453/1136
f 771/1454/1137 722/1452/1135 723/1453/1136 770/1455/1138
f 726/1456/1139 724/1457/1140 725/1458/1141
f 691/1376/1060 711/1498/1086 712/1438/1121
f 693/1439/1122 702/1407/1091 692/1377/1061
f 728/1459/1142 759/1460/1143 760/1461/1144 730/1462/1145
f 732/1463/1146 731/1464/1147 728/1459/1142 730/1462/1145
f 732/1463/1146 717/1465/1148 716/1466/1149 731/1464/1147
f 684/1353/1037 705/1400/1084 683/1423/1150
f 653/1494/1082 705/1400/1084 684/1353/1037 667/1356/1040
f 706/1493/1151 653/1398/1082 667/1356/1040 666/1355/1039
f 707/1468/1152 706/1492/1151 666/1355/1039 685/1354/1038
f 708/1495/1110 707/1468/1152 685/1354/1038
f 709/1395/1079 708/1495/1110 685/1354/1038 665/1425/1108
f 651/1502/1077 709/1504/1079 665/1425/1108 664/1424/1107
f 684/1353/1037 683/1423/1150 651/1393/1077 664/1424/1107
f 744/1414/1098 743/1413/1097 745/1471/1153 746/1472/1154
f 713/1403/1087 712/1496/1121 690/1434/1117 659/1437/1120
f 659/1437/1120 652/1404/1088 713/1403/1087
f 697/1389/1073 775/1392/1076 776/1446/1129 714/1445/1128
f 778/1418/1102 679/1417/1101 715/1444/1127 777/1447/1130
f 698/1370/1054 697/1389/1073 714/1445/1128 718/1449/1132
f 679/1417/1101 680/1419/1103 719/1448/1131 715/1444/1127
f 699/1347/1031 698/1370/1054 718/1449/1132 720/1451/1134
f 680/1419/1103 681/1420/1104 721/1450/1133 719/1448/1131
f 700/1348/1032 699/1347/1031 720/1451/1134 722/1452/1135
f 681/1420/1104 682/1421/1105 723/1453/1136 721/1450/1133
f 772/1362/1046 700/1348/1032 722/1452/1135 771/1454/1137
f 682/1421/1105 769/1422/1106 770/1455/1138 723/1453/1136
f 705/1400/1084 701/1399/1083 724/1457/1140 726/1456/1139
f 683/1423/1150 705/1400/1084 726/1456/1139 725/1458/1141
f 703/1360/1044 758/1359/1043 759/1460/1143 728/1459/1142
f 761/1441/1124 694/1440/1123 730/1462/1145 760/1461/1144
f 704/1379/1063 703/1360/1044 728/1459/1142 731/1464/1147
f 694/1440/1123 695/1442/1125 732/1463/1146 730/1462/1145
f 695/1442/1125 678/1443/1126 717/1465/1148 732/1463/1146
f 696/1415/1099 704/1379/1063 731/1464/1147 716/1466/1149
f 702/1407/1091 693/1439/1122 729/1469/1155 727/1470/1156
f 706/1467/1151 707/1491/1152 742/1397/1081 741/1396/1080
f 711/1402/1086 710/1497/1085 746/1472/1154 745/1471/1153
f 686/1426/1109 687/1428/1111 748/1473/1157 747/1474/1158
f 687/1428/1111 688/1430/1113 749/1475/1159 748/1473/1157
f 688/1430/1113 782/1486/1115 783/1476/1160 749/1475/1159
f 689/1435/1118 690/1487/1117 751/1477/1161 750/1478/1162
f 747/1474/1158 748/1473/1157 753/1479/1163 752/1480/1164
f 748/1473/1157 749/1475/1159 754/1481/1165 753/1479/1163
f 749/1475/1159 783/1476/1160 784/1482/1166 754/1481/1165
f 750/1478/1162 751/1477/1161 756/1483/1167 755/1484/1168
f 757/1358/1042 654/1408/1092 702/1407/1091 758/1359/1043
f 759/1460/1143 758/1359/1043 702/1407/1091 727/1470/1156
f 760/1461/1144 759/1460/1143 727/1470/1156 729/1469/1155
f 693/1439/1122 761/1441/1124 760/1461/1144 729/1469/1155
f 762/1373/1057 761/1441/1124 693/1439/1122 652/1509/1088
f 763/1374/1058 762/1373/1057 652/1404/1088 659/1437/1120
f 764/1412/1096 763/1374/1058 659/1437/1120 676/1436/1119
f 765/1384/1068 780/1383/1067 781/1433/1116 662/1431/1114
f 766/1364/1048 765/1384/1068 662/1431/1114 673/1429/1112
f 767/1351/1035 766/1364/1048 673/1429/1112 656/1394/1078
f 768/1352/1036 767/1351/1035 656/1394/1078 651/1508/1077
f 683/1423/1150 769/1422/1106 768/1352/1036 651/1393/1077
f 770/1455/1138 769/1422/1106 683/1423/1150 725/1458/1141
f 724/1457/1140 771/1454/1137 770/1455/1138 725/1458/1141
f 701/1399/1083 772/1362/1046 771/1454/1137 724/1457/1140
f 653/1494/1082 773/1361/1045 772/1362/1046 701/1399/1083
f 775/1392/1076 774/1391/1075 677/1416/1100 696/1415/1099
f 776/1446/1129 775/1392/1076 696/1415/1099 716/1466/1149
f 777/1447/1130 776/1446/1129 716/1466/1149 717/1465/1148
f 678/1443/1126 778/1418/1102 777/1447/1130 717/1465/1148
f 779/1382/1066 778/1418/1102 678/1443/1126 675/1411/1095
f 780/1383/1067 779/1382/1066 675/1411/1095 764/1412/1096
f 781/1433/1116 780/1383/1067 764/1412/1096 676/1436/1119
f 689/1485/1118 782/1432/1115 781/1433/1116 676/1436/1119
f 783/1476/1160 782/1486/1115 689/1435/1118 750/1478/1162
f 784/1482/1166 783/1476/1160 750/1478/1162 755/1484/1168
f 738/1410/1094 737/1409/1093 786/1386/1070 785/1385/1069
g default
v 3.505279 17.697123 -7.447537
v 3.756098 17.697123 -7.447537
v 3.505279 17.336185 -7.447537
v 3.756098 17.336185 -7.447537
v 3.505279 17.408373 -7.447537
v 3.756098 17.408373 -7.447537
v 3.505279 17.480560 -7.447537
v 3.756098 17.480560 -7.447537
v 3.505279 17.552748 -7.447537
v 3.756098 17.552748 -7.447537
v 3.505279 17.624935 -7.447537
v 3.756098 17.624935 -7.447537
v 3.664871 17.697123 -7.447537
v 3.664871 17.624935 -7.447537
v 3.664871 17.552748 -7.447537
v 3.664871 17.480560 -7.447537
v 3.664871 17.408373 -7.447537
v 3.664871 17.336185 -7.447537
v 3.505279 17.408373 -7.412038
v 3.664871 17.408373 -7.412038
v 3.664871 17.336185 -7.412038
v 3.505279 17.336185 -7.412038
v 3.505279 17.552748 -7.412038
v 3.664871 17.552748 -7.412038
v 3.664871 17.480560 -7.412038
v 3.505279 17.480560 -7.412038
v 3.505279 17.697123 -7.412038
v 3.664871 17.697123 -7.412038
v 3.664871 17.624935 -7.412038
v 3.505279 17.624935 -7.412038
v 3.756098 17.697123 -7.412038
v 3.756098 17.624935 -7.412038
v 3.756098 17.552748 -7.412038
v 3.756098 17.480560 -7.412038
v 3.756098 17.408373 -7.412038
v 3.756098 17.336185 -7.412038
vt 0.000000 0.800000
vt 0.000000 1.000000
vt 0.787952 1.000000
vt 0.787952 0.800000
vt 0.000000 0.400000
vt 0.000000 0.600000
vt 0.787952 0.600000
vt 0.787952 0.400000
vt 0.000000 0.000000
vt 0.000000 0.200000
vt 0.787952 0.200000
vt 0.787952 0.000000
vt 1.000000 0.200000
vt 1.000000 0.000000
vt 1.000000 0.400000
vt 1.000000 0.600000
vt 1.000000 0.800000
vt 1.000000 1.000000
vt 0.000000 0.800000
vt 0.787952 0.800000
vt 0.787952 1.000000
vt 0.000000 1.000000
vt 0.000000 0.400000
vt 0.787952 0.400000
vt 0.787952 0.600000
vt 0.000000 0.600000
vt 0.000000 0.000000
vt 0.787952 0.000000
vt 0.787952 0.200000
vt 0.000000 0.200000
vt 1.000000 0.000000
vt 1.000000 0.200000
vt 1.000000 0.400000
vt 1.000000 0.600000
vt 1.000000 0.800000
vt 1.000000 1.000000
vt 0.000000 0.800000
vt 0.787952 0.800000
vt 0.787952 1.000000
vt 0.000000 1.000000
vt 0.000000 0.400000
vt 0.787952 0.400000
vt 0.787952 0.600000
vt 0.000000 0.600000
vt 0.000000 0.000000
vt 0.787952 0.000000
vt 0.787952 0.200000
vt 0.000000 0.200000
vt 1.000000 0.000000
vt 1.000000 0.200000
vt 1.000000 0.400000
vt 1.000000 0.600000
vt 1.000000 0.800000
vt 1.000000 1.000000
vn 0.000000 0.000000 1.000000
vn 0.000000 0.000000 1.000000
vn 0.000000 0.000000 1.000000
vn 0.000000 0.000000 1.000000
vn 0.000000 0.000000 1.000000
vn 0.000000 0.000000 1.000000
vn 0.000000 0.000000 1.000000
vn 0.000000 0.000000 1.000000
vn 0.000000 0.000000 1.000000
vn 0.000000 0.000000 1.000000
vn 0.000000 0.000000 1.000000
vn 0.000000 0.000000 1.000000
vn 0.000000 0.000000 1.000000
vn 0.000000 0.000000 1.000000
vn 0.000000 0.000000 1.000000
vn 0.000000 0.000000 1.000000
vn 0.000000 0.000000 1.000000
vn 0.000000 0.000000 1.000000
vn 0.000000 0.000000 -1.000000
vn 0.000000 0.000000 -1.000000
vn 0.000000 0.000000 -1.000000
vn 0.000000 0.000000 -1.000000
vn 0.000000 0.000000 -1.000000
vn 0.000000 0.000000 -1.000000
vn 0.000000 0.000000 -1.000000
vn 0.000000 0.000000 -1.000000
vn 0.000000 0.000000 -1.000000
vn 0.000000 0.000000 -1.000000
vn 0.000000 0.000000 -1.000000
vn 0.000000 0.000000 -1.000000
vn 0.000000 0.000000 -1.000000
vn 0.000000 0.000000 -1.000000
vn 0.000000 0.000000 -1.000000
vn 0.000000 0.000000 -1.000000
vn 0.000000 0.000000 -1.000000
vn 0.000000 0.000000 -1.000000
vn 0.000000 1.000000 0.000000
vn 0.000000 1.000000 0.000000
vn 0.000000 1.000000 0.000000
vn 0.000000 1.000000 0.000000
vn 0.000000 -1.000000 0.000000
vn 0.000000 -1.000000 0.000000
vn 0.000000 -1.000000 0.000000
vn 0.000000 -1.000000 0.000000
vn -1.000000 0.000000 0.000000
vn -1.000000 0.000000 0.000000
vn -1.000000 0.000000 0.000000
vn -1.000000 0.000000 0.000000
vn 0.000000 1.000000 0.000000
vn 0.000000 1.000000 0.000000
vn 0.000000 1.000000 0.000000
vn 0.000000 1.000000 0.000000
vn 0.000000 -1.000000 0.000000
vn 0.000000 -1.000000 0.000000
vn 0.000000 -1.000000 0.000000
vn 0.000000 -1.000000 0.000000
vn -1.000000 0.000000 0.000000
vn -1.000000 0.000000 0.000000
vn -1.000000 0.000000 0.000000
vn -1.000000 0.000000 0.000000
vn 0.000000 1.000000 0.000000
vn 0.000000 1.000000 0.000000
vn 0.000000 1.000000 0.000000
vn 0.000000 1.000000 0.000000
vn 0.000000 -1.000000 0.000000
vn 0.000000 -1.000000 0.000000
vn 0.000000 -1.000000 0.000000
vn 0.000000 -1.000000 0.000000
vn -1.000000 0.000000 0.000000
vn -1.000000 0.000000 0.000000
vn -1.000000 0.000000 0.000000
vn -1.000000 0.000000 0.000000
vn 0.000000 1.000000 0.000000
vn 0.000000 1.000000 0.000000
vn 1.000000 0.000000 0.000000
vn 1.000000 0.000000 0.000000
vn 1.000000 0.000000 0.000000
vn 1.000000 0.000000 0.000000
vn -1.000000 0.000000 0.000000
vn -1.000000 0.000000 0.000000
vn -1.000000 0.000000 0.000000
vn -1.000000 0.000000 0.000000
vn 1.000000 0.000000 0.000000
vn 1.000000 0.000000 0.000000
vn 1.000000 0.000000 0.000000
vn 1.000000 0.000000 0.000000
vn -1.000000 0.000000 0.000000
vn -1.000000 0.000000 0.000000
vn -1.000000 0.000000 0.000000
vn -1.000000 0.000000 0.000000
vn 1.000000 0.000000 0.000000
vn 1.000000 0.000000 0.000000
vn 1.000000 0.000000 0.000000
vn 1.000000 0.000000 0.000000
vn 0.000000 -1.000000 0.000000
vn 0.000000 -1.000000 0.000000
s 1
g Añadidos Letras polySurface1 Letras_superiores
usemtl initialShadingGroup
f 805/1510/1169 808/1511/1170 807/1512/1171 806/1513/1172
f 809/1514/1173 812/1515/1174 811/1516/1175 810/1517/1176
f 813/1518/1177 816/1519/1178 815/1520/1179 814/1521/1180
f 814/1521/1180 815/1520/1179 818/1522/1181 817/1523/1182
f 810/1517/1176 819/1524/1183 818/1522/1181 815/1520/1179
f 811/1516/1175 820/1525/1184 819/1524/1183 810/1517/1176
f 806/1513/1172 821/1526/1185 820/1525/1184 811/1516/1175
f 807/1512/1171 822/1527/1186 821/1526/1185 806/1513/1172
s 4
f 791/1528/1187 803/1529/1188 804/1530/1189 789/1531/1190
f 795/1532/1191 801/1533/1192 802/1534/1193 793/1535/1194
f 787/1536/1195 799/1537/1196 800/1538/1197 797/1539/1198
f 799/1537/1196 788/1540/1199 798/1541/1200 800/1538/1197
f 801/1533/1192 800/1538/1197 798/1541/1200 796/1542/1201
f 802/1534/1193 801/1533/1192 796/1542/1201 794/1543/1202
f 803/1529/1188 802/1534/1193 794/1543/1202 792/1544/1203
f 804/1530/1189 803/1529/1188 792/1544/1203 790/1545/1204
s off
f 791/1546/1205 805/1510/1206 806/1513/1207 803/1547/1208
s 7
f 804/1548/1209 807/1512/1210 808/1511/1211 789/1549/1212
s off
f 789/1549/1213 808/1511/1214 805/1510/1215 791/1546/1216
f 795/1550/1217 809/1514/1218 810/1517/1219 801/1551/1220
f 802/1552/1221 811/1516/1222 812/1515/1223 793/1553/1224
f 793/1553/1225 812/1515/1226 809/1514/1227 795/1550/1228
s 8
f 787/1554/1229 813/1518/1230 814/1521/1231 799/1555/1232
s off
f 800/1556/1233 815/1520/1234 816/1519/1235 797/1557/1236
f 797/1557/1237 816/1519/1238 813/1518/1239 787/1554/1240
s 8
f 799/1555/1232 814/1521/1231 817/1523/1241 788/1558/1242
s 9
f 788/1558/1243 817/1523/1244 818/1522/1245 798/1559/1246
s off
f 801/1551/1247 810/1517/1248 815/1520/1249 800/1556/1250
s 9
f 798/1559/1246 818/1522/1245 819/1524/1251 796/1560/1252
f 796/1560/1252 819/1524/1251 820/1525/1253 794/1561/1254
s off
f 803/1547/1255 806/1513/1256 811/1516/1257 802/1552/1258
s 9
f 794/1561/1254 820/1525/1253 821/1526/1259 792/1562/1260
f 792/1562/1260 821/1526/1259 822/1527/1261 790/1563/1262
s 7
f 790/1563/1263 822/1527/1264 807/1512/1210 804/1548/1209
g default
v 3.178322 17.696653 -7.447018
v 3.469351 17.696653 -7.447018
v 3.372341 17.337353 -7.447018
v 3.372341 17.696653 -7.447018
v 3.275331 17.337353 -7.447018
v 3.275331 17.696653 -7.447018
v 3.178322 17.618877 -7.447018
v 3.275331 17.618877 -7.447018
v 3.372341 17.618877 -7.447018
v 3.469351 17.618877 -7.447018
v 3.275331 17.618877 -7.412559
v 3.372341 17.618877 -7.412559
v 3.372341 17.337353 -7.412559
v 3.275331 17.337353 -7.412559
v 3.178322 17.696653 -7.412559
v 3.275331 17.696653 -7.412559
v 3.178322 17.618877 -7.412559
v 3.372341 17.696653 -7.412559
v 3.469351 17.696653 -7.412559
v 3.469351 17.618877 -7.412559
vt 0.333333 0.334573
vt 0.333333 1.000000
vt 0.666667 1.000000
vt 0.666667 0.334573
vt 0.000000 0.000000
vt 0.000000 0.334573
vt 0.333333 0.000000
vt 0.666667 0.000000
vt 1.000000 0.334573
vt 1.000000 0.000000
vt 0.333333 0.334573
vt 0.666667 0.334573
vt 0.666667 1.000000
vt 0.333333 1.000000
vt 0.000000 0.000000
vt 0.333333 0.000000
vt 0.000000 0.334573
vt 0.666667 0.000000
vt 1.000000 0.000000
vt 1.000000 0.334573
vt 0.666667 0.334573
vt 0.666667 1.000000
vt 0.333333 1.000000
vt 0.333333 0.334573
vt 0.000000 0.000000
vt 0.333333 0.000000
vt 0.000000 0.334573
vt 0.666667 0.000000
vt 1.000000 0.000000
vt 1.000000 0.334573
vn 0.000000 0.000000 1.000000
vn 0.000000 0.000000 1.000000
vn 0.000000 0.000000 1.000000
vn 0.000000 0.000000 1.000000
vn 0.000000 0.000000 1.000000
vn 0.000000 0.000000 1.000000
vn 0.000000 0.000000 1.000000
vn 0.000000 0.000000 1.000000
vn 0.000000 0.000000 1.000000
vn 0.000000 0.000000 1.000000
vn 0.000000 0.000000 -1.000000
vn 0.000000 0.000000 -1.000000
vn 0.000000 0.000000 -1.000000
vn 0.000000 0.000000 -1.000000
vn 0.000000 0.000000 -1.000000
vn 0.000000 0.000000 -1.000000
vn 0.000000 0.000000 -1.000000
vn 0.000000 0.000000 -1.000000
vn 0.000000 0.000000 -1.000000
vn 0.000000 0.000000 -1.000000
vn 1.000000 0.000000 0.000000
vn 1.000000 0.000000 0.000000
vn 1.000000 0.000000 0.000000
vn 1.000000 0.000000 0.000000
vn 0.000000 -1.000000 0.000000
vn 0.000000 -1.000000 0.000000
vn 0.000000 -1.000000 0.000000
vn 0.000000 -1.000000 0.000000
vn -1.000000 0.000000 0.000000
vn -1.000000 0.000000 0.000000
vn -1.000000 0.000000 0.000000
vn -1.000000 0.000000 0.000000
vn 0.000000 1.000000 0.000000
vn 0.000000 1.000000 0.000000
vn 0.000000 1.000000 0.000000
vn 0.000000 1.000000 0.000000
vn 0.000000 -1.000000 0.000000
vn 0.000000 -1.000000 0.000000
vn 0.000000 -1.000000 0.000000
vn 0.000000 -1.000000 0.000000
vn -1.000000 0.000000 0.000000
vn -1.000000 0.000000 0.000000
vn -1.000000 0.000000 0.000000
vn -1.000000 0.000000 0.000000
vn 0.000000 1.000000 0.000000
vn 0.000000 1.000000 0.000000
vn 0.000000 1.000000 0.000000
vn 0.000000 1.000000 0.000000
vn 1.000000 0.000000 0.000000
vn 1.000000 0.000000 0.000000
vn 1.000000 0.000000 0.000000
vn 1.000000 0.000000 0.000000
vn 0.000000 -1.000000 0.000000
vn 0.000000 -1.000000 0.000000
vn 0.000000 -1.000000 0.000000
vn 0.000000 -1.000000 0.000000
s 1
g Añadidos Letras Letras_superiores polySurface2
usemtl initialShadingGroup
f 833/1564/1265 836/1565/1266 835/1566/1267 834/1567/1268
f 837/1568/1269 839/1569/1270 833/1564/1265 838/1570/1271
f 838/1570/1271 833/1564/1265 834/1567/1268 840/1571/1272
f 840/1571/1272 834/1567/1268 842/1572/1273 841/1573/1274
s 2
f 830/1574/1275 831/1575/1276 825/1576/1277 827/1577/1278
f 823/1578/1279 828/1579/1280 830/1574/1275 829/1580/1281
f 828/1579/1280 826/1581/1282 831/1575/1276 830/1574/1275
f 826/1581/1282 824/1582/1283 832/1583/1284 831/1575/1276
s off
f 831/1584/1285 834/1567/1286 835/1566/1287 825/1585/1288
f 825/1585/1289 835/1566/1290 836/1565/1291 827/1586/1292
f 827/1586/1293 836/1565/1294 833/1564/1295 830/1587/1296
s 3
f 823/1588/1297 837/1568/1298 838/1570/1299 828/1589/1300
s off
f 830/1587/1301 833/1564/1302 839/1569/1303 829/1590/1304
f 829/1590/1305 839/1569/1306 837/1568/1307 823/1588/1308
s 3
f 828/1589/1300 838/1570/1299 840/1571/1309 826/1591/1310
f 826/1591/1310 840/1571/1309 841/1573/1311 824/1592/1312
s off
f 824/1592/1313 841/1573/1314 842/1572/1315 832/1593/1316
f 832/1593/1317 842/1572/1318 834/1567/1319 831/1584/1320
g default
v 2.823878 17.693529 -7.445241
v 3.127895 17.693529 -7.445241
v 2.823878 17.325916 -7.445241
v 3.127895 17.325916 -7.445241
v 3.026556 17.693529 -7.445241
v 3.026556 17.325916 -7.445241
v 2.925217 17.693529 -7.445241
v 2.925217 17.325916 -7.445241
v 2.823878 17.467350 -7.445241
v 2.925217 17.467350 -7.445241
v 3.026556 17.467350 -7.445241
v 3.127895 17.467350 -7.445241
v 2.823878 17.552095 -7.445241
v 2.925217 17.552095 -7.445241
v 3.026556 17.552095 -7.445241
v 3.127895 17.552095 -7.445241
v 2.823878 17.467350 -7.414335
v 2.925217 17.467350 -7.414335
v 2.925217 17.325916 -7.414335
v 2.823878 17.325916 -7.414335
v 3.026556 17.467350 -7.414335
v 3.127895 17.467350 -7.414335
v 3.127895 17.325916 -7.414335
v 3.026556 17.325916 -7.414335
v 2.823878 17.552095 -7.414335
v 2.925217 17.552095 -7.414335
v 3.026556 17.552095 -7.414335
v 3.127895 17.552095 -7.414335
v 2.823878 17.693529 -7.414335
v 2.925217 17.693529 -7.414335
v 3.026556 17.693529 -7.414335
v 3.127895 17.693529 -7.414335
vt 0.000000 0.666667
vt 0.000000 1.000000
vt 0.333333 1.000000
vt 0.333333 0.666667
vt 0.666667 0.666667
vt 0.666667 1.000000
vt 1.000000 1.000000
vt 1.000000 0.666667
vt 0.000000 0.333333
vt 0.333333 0.333333
vt 0.666667 0.333333
vt 1.000000 0.333333
vt 0.000000 0.000000
vt 0.333333 0.000000
vt 0.666667 0.000000
vt 1.000000 0.000000
vt 0.000000 0.666667
vt 0.333333 0.666667
vt 0.333333 1.000000
vt 0.000000 1.000000
vt 0.666667 0.666667
vt 1.000000 0.666667
vt 1.000000 1.000000
vt 0.666667 1.000000
vt 0.000000 0.333333
vt 0.333333 0.333333
vt 0.666667 0.333333
vt 1.000000 0.333333
vt 0.000000 0.000000
vt 0.333333 0.000000
vt 0.666667 0.000000
vt 1.000000 0.000000
vt 0.333333 0.666667
vt 0.333333 1.000000
vt 0.000000 1.000000
vt 0.000000 0.666667
vt 1.000000 0.666667
vt 1.000000 1.000000
vt 0.666667 1.000000
vt 0.666667 0.666667
vt 0.000000 0.333333
vt 0.333333 0.333333
vt 0.666667 0.333333
vt 1.000000 0.333333
vt 0.000000 0.000000
vt 0.333333 0.000000
vt 0.666667 0.000000
vt 1.000000 0.000000
vn 0.000000 0.000000 1.000000
vn 0.000000 0.000000 1.000000
vn 0.000000 0.000000 1.000000
vn 0.000000 0.000000 1.000000
vn 0.000000 0.000000 1.000000
vn 0.000000 0.000000 1.000000
vn 0.000000 0.000000 1.000000
vn 0.000000 0.000000 1.000000
vn 0.000000 0.000000 1.000000
vn 0.000000 0.000000 1.000000
vn 0.000000 0.000000 1.000000
vn 0.000000 0.000000 1.000000
vn 0.000000 0.000000 1.000000
vn 0.000000 0.000000 1.000000
vn 0.000000 0.000000 1.000000
vn 0.000000 0.000000 1.000000
vn 0.000000 0.000000 -1.000000
vn 0.000000 0.000000 -1.000000
vn 0.000000 0.000000 -1.000000
vn 0.000000 0.000000 -1.000000
vn 0.000000 0.000000 -1.000000
vn 0.000000 0.000000 -1.000000
vn 0.000000 0.000000 -1.000000
vn 0.000000 0.000000 -1.000000
vn 0.000000 0.000000 -1.000000
vn 0.000000 0.000000 -1.000000
vn 0.000000 0.000000 -1.000000
vn 0.000000 0.000000 -1.000000
vn 0.000000 0.000000 -1.000000
vn 0.000000 0.000000 -1.000000
vn 0.000000 0.000000 -1.000000
vn 0.000000 0.000000 -1.000000
vn 1.000000 0.000000 0.000000
vn 1.000000 0.000000 0.000000
vn 1.000000 0.000000 0.000000
vn 1.000000 0.000000 0.000000
vn 0.000000 -1.000000 0.000000
vn 0.000000 -1.000000 0.000000
vn 0.000000 -1.000000 0.000000
vn 0.000000 -1.000000 0.000000
vn -1.000000 0.000000 0.000000
vn -1.000000 0.000000 0.000000
vn -1.000000 0.000000 0.000000
vn -1.000000 0.000000 0.000000
vn 1.000000 0.000000 0.000000
vn 1.000000 0.000000 0.000000
vn 1.000000 0.000000 0.000000
vn 1.000000 0.000000 0.000000
vn 0.000000 -1.000000 0.000000
vn 0.000000 -1.000000 0.000000
vn 0.000000 -1.000000 0.000000
vn 0.000000 -1.000000 0.000000
vn -1.000000 0.000000 0.000000
vn -1.000000 0.000000 0.000000
vn -1.000000 0.000000 0.000000
vn -1.000000 0.000000 0.000000
vn -1.000000 0.000000 0.000000
vn -1.000000 0.000000 0.000000
vn 0.000000 1.000000 0.000000
vn 0.000000 1.000000 0.000000
vn 0.000000 1.000000 0.000000
vn 0.000000 1.000000 0.000000
vn 0.000000 -1.000000 0.000000
vn 0.000000 -1.000000 0.000000
vn 0.000000 -1.000000 0.000000
vn 0.000000 -1.000000 0.000000
vn 1.000000 0.000000 0.000000
vn 1.000000 0.000000 0.000000
vn 0.000000 1.000000 0.000000
vn 0.000000 1.000000 0.000000
vn 0.000000 1.000000 0.000000
vn 0.000000 1.000000 0.000000
vn 1.000000 0.000000 0.000000
vn 1.000000 0.000000 0.000000
vn 1.000000 0.000000 0.000000
vn 1.000000 0.000000 0.000000
vn -1.000000 0.000000 0.000000
vn -1.000000 0.000000 0.000000
vn 0.000000 1.000000 0.000000
vn 0.000000 1.000000 0.000000
vn 0.000000 1.000000 0.000000
vn 0.000000 1.000000 0.000000
vn 1.000000 0.000000 0.000000
vn 1.000000 0.000000 0.000000
vn -1.000000 0.000000 0.000000
vn -1.000000 0.000000 0.000000
vn -1.000000 0.000000 0.000000
vn -1.000000 0.000000 0.000000
s 1
g Añadidos Letras Letras_superiores polySurface3
usemtl initialShadingGroup
f 859/1594/1321 862/1595/1322 861/1596/1323 860/1597/1324
f 863/1598/1325 866/1599/1326 865/1600/1327 864/1601/1328
f 867/1602/1329 859/1594/1321 860/1597/1324 868/1603/1330
f 868/1603/1330 860/1597/1324 863/1598/1325 869/1604/1331
f 869/1604/1331 863/1598/1325 864/1601/1328 870/1605/1332
f 871/1606/1333 867/1602/1329 868/1603/1330 872/1607/1334
f 873/1608/1335 869/1604/1331 870/1605/1332 874/1609/1336
s 3
f 851/1610/1337 852/1611/1338 850/1612/1339 845/1613/1340
f 853/1614/1341 854/1615/1342 846/1616/1343 848/1617/1344
f 855/1618/1345 856/1619/1346 852/1611/1338 851/1610/1337
f 856/1619/1346 857/1620/1347 853/1614/1341 852/1611/1338
f 857/1620/1347 858/1621/1348 854/1615/1342 853/1614/1341
f 843/1622/1349 849/1623/1350 856/1619/1346 855/1618/1345
f 847/1624/1351 844/1625/1352 858/1621/1348 857/1620/1347
s off
f 852/1626/1353 860/1597/1354 861/1596/1355 850/1627/1356
f 850/1627/1357 861/1596/1358 862/1595/1359 845/1628/1360
s 5
f 845/1628/1361 862/1595/1362 859/1594/1363 851/1629/1364
s 6
f 854/1630/1365 864/1601/1366 865/1600/1367 846/1631/1368
s off
f 846/1631/1369 865/1600/1370 866/1599/1371 848/1632/1372
f 848/1632/1373 866/1599/1374 863/1598/1375 853/1633/1376
s 5
f 851/1629/1364 859/1594/1363 867/1602/1377 855/1634/1378
s off
f 856/1635/1379 868/1603/1380 869/1604/1381 857/1636/1382
f 853/1633/1383 863/1598/1384 860/1597/1385 852/1626/1386
s 6
f 858/1637/1387 870/1605/1388 864/1601/1366 854/1630/1365
s off
f 843/1638/1389 871/1606/1390 872/1607/1391 849/1639/1392
f 849/1639/1393 872/1607/1394 868/1603/1395 856/1635/1396
s 5
f 855/1634/1378 867/1602/1377 871/1606/1397 843/1638/1398
s off
f 847/1640/1399 873/1608/1400 874/1609/1401 844/1641/1402
s 6
f 844/1641/1403 874/1609/1404 870/1605/1388 858/1637/1387
s off
f 857/1636/1405 869/1604/1406 873/1608/1407 847/1640/1408
g default
v 2.511008 17.697123 -7.446243
v 2.761828 17.697123 -7.446243
v 2.511008 17.336185 -7.446243
v 2.761828 17.336185 -7.446243
v 2.511008 17.408373 -7.446243
v 2.761828 17.408373 -7.446243
v 2.511008 17.480560 -7.446243
v 2.761828 17.480560 -7.446243
v 2.511008 17.552748 -7.446243
v 2.761828 17.552748 -7.446243
v 2.511008 17.624935 -7.446243
v 2.761828 17.624935 -7.446243
v 2.670600 17.697123 -7.446243
v 2.670600 17.624935 -7.446243
v 2.670600 17.552748 -7.446243
v 2.670600 17.480560 -7.446243
v 2.670600 17.408373 -7.446243
v 2.670600 17.336185 -7.446243
v 2.511008 17.408373 -7.413332
v 2.670600 17.408373 -7.413332
v 2.670600 17.336185 -7.413332
v 2.511008 17.336185 -7.413332
v 2.511008 17.552748 -7.413332
v 2.670600 17.552748 -7.413332
v 2.670600 17.480560 -7.413332
v 2.511008 17.480560 -7.413332
v 2.511008 17.697123 -7.413332
v 2.670600 17.697123 -7.413332
v 2.670600 17.624935 -7.413332
v 2.511008 17.624935 -7.413332
v 2.761828 17.697123 -7.413332
v 2.761828 17.624935 -7.413332
v 2.761828 17.552748 -7.413332
v 2.761828 17.480560 -7.413332
v 2.761828 17.408373 -7.413332
v 2.761828 17.336185 -7.413332
vt 0.000000 0.800000
vt 0.000000 1.000000
vt 0.787952 1.000000
vt 0.787952 0.800000
vt 0.000000 0.400000
vt 0.000000 0.600000
vt 0.787952 0.600000
vt 0.787952 0.400000
vt 0.000000 0.000000
vt 0.000000 0.200000
vt 0.787952 0.200000
vt 0.787952 0.000000
vt 1.000000 0.200000
vt 1.000000 0.000000
vt 1.000000 0.400000
vt 1.000000 0.600000
vt 1.000000 0.800000
vt 1.000000 1.000000
vt 0.000000 0.800000
vt 0.787952 0.800000
vt 0.787952 1.000000
vt 0.000000 1.000000
vt 0.000000 0.400000
vt 0.787952 0.400000
vt 0.787952 0.600000
vt 0.000000 0.600000
vt 0.000000 0.000000
vt 0.787952 0.000000
vt 0.787952 0.200000
vt 0.000000 0.200000
vt 1.000000 0.000000
vt 1.000000 0.200000
vt 1.000000 0.400000
vt 1.000000 0.600000
vt 1.000000 0.800000
vt 1.000000 1.000000
vt 0.000000 0.800000
vt 0.787952 0.800000
vt 0.787952 1.000000
vt 0.000000 1.000000
vt 0.000000 0.400000
vt 0.787952 0.400000
vt 0.787952 0.600000
vt 0.000000 0.600000
vt 0.000000 0.000000
vt 0.787952 0.000000
vt 0.787952 0.200000
vt 0.000000 0.200000
vt 1.000000 0.000000
vt 1.000000 0.200000
vt 1.000000 0.400000
vt 1.000000 0.600000
vt 1.000000 0.800000
vt 1.000000 1.000000
vn 0.000000 0.000000 1.000000
vn 0.000000 0.000000 1.000000
vn 0.000000 0.000000 1.000000
vn 0.000000 0.000000 1.000000
vn 0.000000 0.000000 1.000000
vn 0.000000 0.000000 1.000000
vn 0.000000 0.000000 1.000000
vn 0.000000 0.000000 1.000000
vn 0.000000 0.000000 1.000000
vn 0.000000 0.000000 1.000000
vn 0.000000 0.000000 1.000000
vn 0.000000 0.000000 1.000000
vn 0.000000 0.000000 1.000000
vn 0.000000 0.000000 1.000000
vn 0.000000 0.000000 1.000000
vn 0.000000 0.000000 1.000000
vn 0.000000 0.000000 1.000000
vn 0.000000 0.000000 1.000000
vn 0.000000 0.000000 -1.000000
vn 0.000000 0.000000 -1.000000
vn 0.000000 0.000000 -1.000000
vn 0.000000 0.000000 -1.000000
vn 0.000000 0.000000 -1.000000
vn 0.000000 0.000000 -1.000000
vn 0.000000 0.000000 -1.000000
vn 0.000000 0.000000 -1.000000
vn 0.000000 0.000000 -1.000000
vn 0.000000 0.000000 -1.000000
vn 0.000000 0.000000 -1.000000
vn 0.000000 0.000000 -1.000000
vn 0.000000 0.000000 -1.000000
vn 0.000000 0.000000 -1.000000
vn 0.000000 0.000000 -1.000000
vn 0.000000 0.000000 -1.000000
vn 0.000000 0.000000 -1.000000
vn 0.000000 0.000000 -1.000000
vn 0.000000 1.000000 0.000000
vn 0.000000 1.000000 0.000000
vn 0.000000 1.000000 0.000000
vn 0.000000 1.000000 0.000000
vn 0.000000 -1.000000 0.000000
vn 0.000000 -1.000000 0.000000
vn 0.000000 -1.000000 0.000000
vn 0.000000 -1.000000 0.000000
vn -1.000000 0.000000 0.000000
vn -1.000000 0.000000 0.000000
vn -1.000000 0.000000 0.000000
vn -1.000000 0.000000 0.000000
vn 0.000000 1.000000 0.000000
vn 0.000000 1.000000 0.000000
vn 0.000000 1.000000 0.000000
vn 0.000000 1.000000 0.000000
vn 0.000000 -1.000000 0.000000
vn 0.000000 -1.000000 0.000000
vn 0.000000 -1.000000 0.000000
vn 0.000000 -1.000000 0.000000
vn -1.000000 0.000000 0.000000
vn -1.000000 0.000000 0.000000
vn -1.000000 0.000000 0.000000
vn -1.000000 0.000000 0.000000
vn 0.000000 1.000000 0.000000
vn 0.000000 1.000000 0.000000
vn 0.000000 1.000000 0.000000
vn 0.000000 1.000000 0.000000
vn 0.000000 -1.000000 0.000000
vn 0.000000 -1.000000 0.000000
vn 0.000000 -1.000000 0.000000
vn 0.000000 -1.000000 0.000000
vn -1.000000 0.000000 0.000000
vn -1.000000 0.000000 0.000000
vn -1.000000 0.000000 0.000000
vn -1.000000 0.000000 0.000000
vn 0.000000 1.000000 0.000000
vn 0.000000 1.000000 0.000000
vn 1.000000 0.000000 0.000000
vn 1.000000 0.000000 0.000000
vn 1.000000 0.000000 0.000000
vn 1.000000 0.000000 0.000000
vn -1.000000 0.000000 0.000000
vn -1.000000 0.000000 0.000000
vn -1.000000 0.000000 0.000000
vn -1.000000 0.000000 0.000000
vn 1.000000 0.000000 0.000000
vn 1.000000 0.000000 0.000000
vn 1.000000 0.000000 0.000000
vn 1.000000 0.000000 0.000000
vn -1.000000 0.000000 0.000000
vn -1.000000 0.000000 0.000000
vn -1.000000 0.000000 0.000000
vn -1.000000 0.000000 0.000000
vn 1.000000 0.000000 0.000000
vn 1.000000 0.000000 0.000000
vn 1.000000 0.000000 0.000000
vn 1.000000 0.000000 0.000000
vn 0.000000 -1.000000 0.000000
vn 0.000000 -1.000000 0.000000
s 1
g Añadidos Letras Letras_superiores polySurface4
usemtl initialShadingGroup
f 893/1642/1409 896/1643/1410 895/1644/1411 894/1645/1412
f 897/1646/1413 900/1647/1414 899/1648/1415 898/1649/1416
f 901/1650/1417 904/1651/1418 903/1652/1419 902/1653/1420
f 902/1653/1420 903/1652/1419 906/1654/1421 905/1655/1422
f 898/1649/1416 907/1656/1423 906/1654/1421 903/1652/1419
f 899/1648/1415 908/1657/1424 907/1656/1423 898/1649/1416
f 894/1645/1412 909/1658/1425 908/1657/1424 899/1648/1415
f 895/1644/1411 910/1659/1426 909/1658/1425 894/1645/1412
s 4
f 879/1660/1427 891/1661/1428 892/1662/1429 877/1663/1430
f 883/1664/1431 889/1665/1432 890/1666/1433 881/1667/1434
f 875/1668/1435 887/1669/1436 888/1670/1437 885/1671/1438
f 887/1669/1436 876/1672/1439 886/1673/1440 888/1670/1437
f 889/1665/1432 888/1670/1437 886/1673/1440 884/1674/1441
f 890/1666/1433 889/1665/1432 884/1674/1441 882/1675/1442
f 891/1661/1428 890/1666/1433 882/1675/1442 880/1676/1443
f 892/1662/1429 891/1661/1428 880/1676/1443 878/1677/1444
s off
f 879/1678/1445 893/1642/1446 894/1645/1447 891/1679/1448
s 7
f 892/1680/1449 895/1644/1450 896/1643/1451 877/1681/1452
s off
f 877/1681/1453 896/1643/1454 893/1642/1455 879/1678/1456
f 883/1682/1457 897/1646/1458 898/1649/1459 889/1683/1460
f 890/1684/1461 899/1648/1462 900/1647/1463 881/1685/1464
f 881/1685/1465 900/1647/1466 897/1646/1467 883/1682/1468
s 8
f 875/1686/1469 901/1650/1470 902/1653/1471 887/1687/1472
s off
f 888/1688/1473 903/1652/1474 904/1651/1475 885/1689/1476
f 885/1689/1477 904/1651/1478 901/1650/1479 875/1686/1480
s 8
f 887/1687/1472 902/1653/1471 905/1655/1481 876/1690/1482
s 9
f 876/1690/1483 905/1655/1484 906/1654/1485 886/1691/1486
s off
f 889/1683/1487 898/1649/1488 903/1652/1489 888/1688/1490
s 9
f 886/1691/1486 906/1654/1485 907/1656/1491 884/1692/1492
f 884/1692/1492 907/1656/1491 908/1657/1493 882/1693/1494
s off
f 891/1679/1495 894/1645/1496 899/1648/1497 890/1684/1498
s 9
f 882/1693/1494 908/1657/1493 909/1658/1499 880/1694/1500
f 880/1694/1500 909/1658/1499 910/1659/1501 878/1695/1502
s 7
f 878/1695/1503 910/1659/1504 895/1644/1450 892/1680/1449
g default
v 2.459437 17.693529 -7.446762
v 2.459437 17.325916 -7.446762
v 2.459437 17.511312 -7.446762
v 2.368152 17.693529 -7.446762
v 2.368152 17.511312 -7.446762
v 2.368152 17.325916 -7.446762
v 2.142856 17.693529 -7.446762
v 2.142856 17.511312 -7.446762
v 2.118862 17.325916 -7.446762
v 2.236749 17.511312 -7.446762
v 2.329218 17.511312 -7.446762
v 2.216712 17.325916 -7.446762
v 2.237386 17.693529 -7.446762
v 2.329622 17.693529 -7.446762
v 2.142856 17.634245 -7.446762
v 2.237178 17.634245 -7.446762
v 2.329490 17.634245 -7.446762
v 2.368152 17.634245 -7.446762
v 2.459437 17.634245 -7.446762
v 2.142856 17.573689 -7.446762
v 2.236967 17.573689 -7.446762
v 2.329356 17.573689 -7.446762
v 2.368152 17.573689 -7.446762
v 2.459437 17.573689 -7.446762
v 2.368152 17.573689 -7.412814
v 2.459437 17.573689 -7.412814
v 2.459437 17.511312 -7.412814
v 2.368152 17.511312 -7.412814
v 2.459437 17.325916 -7.412814
v 2.368152 17.325916 -7.412814
v 2.329218 17.511312 -7.412814
v 2.329356 17.573689 -7.412814
v 2.236749 17.511312 -7.412814
v 2.118862 17.325916 -7.412814
v 2.216712 17.325916 -7.412814
v 2.142856 17.573689 -7.412814
v 2.236967 17.573689 -7.412814
v 2.142856 17.511312 -7.412814
v 2.142856 17.693529 -7.412814
v 2.237386 17.693529 -7.412814
v 2.237178 17.634245 -7.412814
v 2.142856 17.634245 -7.412814
v 2.329490 17.634245 -7.412814
v 2.329622 17.693529 -7.412814
v 2.368152 17.634245 -7.412814
v 2.368152 17.693529 -7.412814
v 2.459437 17.693529 -7.412814
v 2.459437 17.634245 -7.412814
vt 0.459659 0.000000
vt 0.302788 0.000000
vt 0.397856 0.000000
vt 0.603980 0.000000
vt 0.761050 1.000000
vt 1.000000 1.000000
vt 0.267437 0.000000
vt 0.406308 0.000000
vt 0.192121 1.000000
vt 0.415435 1.000000
vt 0.183476 0.000000
vt 0.116037 0.000000
vt 0.076436 0.000000
vt 0.279031 0.000000
vt 0.192121 0.000000
vt 0.154483 0.000000
vt 0.371798 0.000000
vt 0.462617 0.000000
vt 0.541129 0.000000
vt 0.673117 0.000000
vt 0.611955 0.000000
vt 0.761050 0.000000
vt 0.804093 0.000000
vt 1.000000 0.000000
vt 0.459659 0.000000
vt 0.603980 0.000000
vt 0.397856 0.000000
vt 0.302788 0.000000
vt 1.000000 1.000000
vt 0.761050 1.000000
vt 0.267437 0.000000
vt 0.406308 0.000000
vt 0.192121 1.000000
vt 0.183476 0.000000
vt 0.415435 1.000000
vt 0.116037 0.000000
vt 0.279031 0.000000
vt 0.076436 0.000000
vt 0.192121 0.000000
vt 0.462617 0.000000
vt 0.371798 0.000000
vt 0.154483 0.000000
vt 0.541129 0.000000
vt 0.673117 0.000000
vt 0.611955 0.000000
vt 0.761050 0.000000
vt 1.000000 0.000000
vt 0.804093 0.000000
vt 0.603980 0.000000
vt 0.397856 0.000000
vt 1.000000 1.000000
vt 0.761050 1.000000
vt 0.302788 0.000000
vt 0.406308 0.000000
vt 0.459659 0.000000
vt 0.267437 0.000000
vt 0.192121 1.000000
vt 0.183476 0.000000
vt 0.415435 1.000000
vt 0.076436 0.000000
vt 0.116037 0.000000
vt 0.279031 0.000000
vt 0.192121 0.000000
vt 0.462617 0.000000
vt 0.154483 0.000000
vt 0.541129 0.000000
vt 0.371798 0.000000
vt 0.673117 0.000000
vt 0.611955 0.000000
vt 0.761050 0.000000
vt 1.000000 0.000000
vt 0.804093 0.000000
vn 0.000000 0.000000 1.000000
vn 0.000000 0.000000 1.000000
vn 0.000000 0.000000 1.000000
vn 0.000000 0.000000 1.000000
vn 0.000000 0.000000 1.000000
vn 0.000000 0.000000 1.000000
vn 0.000000 0.000000 1.000000
vn 0.000000 0.000000 1.000000
vn 0.000000 0.000000 1.000000
vn 0.000000 0.000000 1.000000
vn 0.000000 0.000000 1.000000
vn 0.000000 0.000000 1.000000
vn 0.000000 0.000000 1.000000
vn 0.000000 0.000000 1.000000
vn 0.000000 0.000000 1.000000
vn 0.000000 0.000000 1.000000
vn 0.000000 0.000000 1.000000
vn 0.000000 0.000000 1.000000
vn 0.000000 0.000000 1.000000
vn 0.000000 0.000000 1.000000
vn 0.000000 0.000000 1.000000
vn 0.000000 0.000000 1.000000
vn 0.000000 0.000000 1.000000
vn 0.000000 0.000000 1.000000
vn 0.000000 0.000000 -1.000000
vn 0.000000 0.000000 -1.000000
vn 0.000000 0.000000 -1.000000
vn 0.000000 0.000000 -1.000000
vn 0.000000 0.000000 -1.000000
vn 0.000000 0.000000 -1.000000
vn 0.000000 0.000000 -1.000000
vn 0.000000 0.000000 -1.000000
vn 0.000000 0.000000 -1.000000
vn 0.000000 0.000000 -1.000000
vn 0.000000 0.000000 -1.000000
vn 0.000000 0.000000 -1.000000
vn 0.000000 0.000000 -1.000000
vn 0.000000 0.000000 -1.000000
vn 0.000000 0.000000 -1.000000
vn 0.000000 0.000000 -1.000000
vn 0.000000 0.000000 -1.000000
vn 0.000000 0.000000 -1.000000
vn 0.000000 0.000000 -1.000000
vn 0.000000 0.000000 -1.000000
vn 0.000000 0.000000 -1.000000
vn 0.000000 0.000000 -1.000000
vn 0.000000 0.000000 -1.000000
vn 0.000000 0.000000 -1.000000
vn 1.000000 0.000000 0.000000
vn 1.000000 0.000000 0.000000
vn 1.000000 -0.000001 0.000000
vn 1.000000 -0.000001 0.000000
vn 1.000000 -0.000001 0.000000
vn 1.000000 -0.000001 0.000000
vn 0.000000 -1.000000 0.000000
vn 0.000000 -1.000000 0.000000
vn 0.000000 -1.000000 0.000000
vn 0.000000 -1.000000 0.000000
vn -1.000000 0.000001 0.000000
vn -1.000000 0.000001 0.000000
vn -1.000000 0.000001 0.000000
vn -1.000000 0.000001 0.000000
vn 0.000000 1.000000 0.000000
vn 0.000000 1.000000 0.000000
vn 0.000000 1.000000 0.000000
vn 0.000000 1.000000 0.000000
vn 0.000000 -1.000000 0.000000
vn 0.000000 -1.000000 0.000000
vn 0.000000 -1.000000 0.000000
vn 0.000000 -1.000000 0.000000
vn -0.843856 0.536570 0.000000
vn -0.843856 0.536570 0.000000
vn -0.843856 0.536570 0.000000
vn -0.843856 0.536570 0.000000
vn 0.854905 -0.518785 0.000000
vn 0.854905 -0.518785 0.000000
vn 0.854905 -0.518785 0.000000
vn 0.854905 -0.518785 0.000000
vn 0.000000 -1.000000 0.000000
vn 0.000000 -1.000000 0.000000
vn 0.000000 -1.000000 0.000000
vn 0.000000 -1.000000 0.000000
vn 0.000000 -1.000000 0.000000
vn 0.000000 -1.000000 0.000000
vn 0.000000 -1.000000 0.000000
vn 0.000000 -1.000000 0.000000
vn -1.000000 0.000000 0.000000
vn -1.000000 0.000000 0.000000
vn -1.000000 0.000000 0.000000
vn -1.000000 0.000000 0.000000
vn 0.000000 1.000000 0.000000
vn 0.000000 1.000000 0.000000
vn 0.000000 1.000000 0.000000
vn 0.000000 1.000000 0.000000
vn 0.000000 1.000000 0.000000
vn 0.000000 1.000000 0.000000
vn -1.000000 0.000000 0.000000
vn -1.000000 0.000000 0.000000
vn -1.000000 0.000000 0.000000
vn -1.000000 0.000000 0.000000
vn 0.000000 -1.000000 0.000000
vn 0.000000 -1.000000 0.000000
vn 0.000000 -1.000000 0.000000
vn 0.000000 -1.000000 0.000000
vn 0.000000 1.000000 0.000000
vn 0.000000 1.000000 0.000000
vn 0.000000 -1.000000 0.000000
vn 0.000000 -1.000000 0.000000
vn 0.000000 1.000000 0.000000
vn 0.000000 1.000000 0.000000
vn 0.000000 1.000000 0.000000
vn 0.000000 1.000000 0.000000
vn 1.000000 0.000000 0.000000
vn 1.000000 0.000000 0.000000
vn 1.000000 0.000000 0.000000
vn 1.000000 0.000000 0.000000
vn 0.999994 -0.003490 0.000000
vn 0.999994 -0.003490 0.000000
vn 0.999994 -0.003490 0.000000
vn 0.999994 -0.003490 0.000000
vn -1.000000 0.000000 0.000000
vn -1.000000 0.000000 0.000000
vn -1.000000 0.000000 0.000000
vn -1.000000 0.000000 0.000000
s 1
g Añadidos Letras Letras_superiores polySurface5
usemtl initialShadingGroup
f 935/1696/1505 938/1697/1506 937/1698/1507 936/1699/1508
f 938/1697/1506 940/1700/1509 939/1701/1510 937/1698/1507
f 941/1702/1511 938/1697/1506 935/1696/1505 942/1703/1512
f 944/1704/1513 945/1705/1514 941/1702/1511 943/1706/1515
f 946/1707/1516 948/1708/1517 943/1706/1515 947/1709/1518
f 943/1706/1515 941/1702/1511 942/1703/1512 947/1709/1518
f 949/1710/1519 952/1711/1520 951/1712/1521 950/1713/1522
f 953/1714/1523 954/1715/1524 950/1713/1522 951/1712/1521
f 955/1716/1525 956/1717/1526 954/1715/1524 953/1714/1523
f 956/1717/1526 955/1716/1525 958/1718/1527 957/1719/1528
f 952/1711/1520 946/1707/1516 947/1709/1518 951/1712/1521
f 955/1716/1525 935/1696/1505 936/1699/1508 958/1718/1527
s 2
f 933/1720/1529 934/1721/1530 913/1722/1531 915/1723/1532
f 915/1723/1532 913/1722/1531 912/1724/1533 916/1725/1534
f 921/1726/1535 932/1727/1536 933/1720/1529 915/1723/1532
f 919/1728/1537 920/1729/1538 921/1726/1535 922/1730/1539
f 930/1731/1540 931/1732/1541 920/1729/1538 918/1733/1542
f 920/1729/1538 931/1732/1541 932/1727/1536 921/1726/1535
f 917/1734/1543 923/1735/1544 926/1736/1545 925/1737/1546
f 927/1738/1547 926/1736/1545 923/1735/1544 924/1739/1548
f 928/1740/1549 927/1738/1547 924/1739/1548 914/1741/1550
f 914/1741/1550 911/1742/1551 929/1743/1552 928/1740/1549
f 925/1737/1546 926/1736/1545 931/1732/1541 930/1731/1540
f 928/1740/1549 929/1743/1552 934/1721/1530 933/1720/1529
s 5
f 934/1744/1553 936/1699/1554 937/1698/1555 913/1745/1556
f 913/1745/1556 937/1698/1555 939/1701/1557 912/1746/1558
s off
f 912/1746/1559 939/1701/1560 940/1700/1561 916/1747/1562
f 916/1747/1563 940/1700/1564 938/1697/1565 915/1748/1566
s 6
f 932/1749/1567 942/1703/1568 935/1696/1569 933/1750/1570
s off
f 915/1748/1571 938/1697/1572 941/1702/1573 921/1751/1574
f 919/1752/1575 944/1704/1576 943/1706/1577 920/1753/1578
f 921/1751/1579 941/1702/1580 945/1705/1581 922/1754/1582
f 922/1754/1583 945/1705/1584 944/1704/1585 919/1752/1586
f 920/1753/1587 943/1706/1588 948/1708/1589 918/1755/1590
s 7
f 918/1755/1591 948/1708/1592 946/1707/1593 930/1756/1594
s 6
f 931/1757/1595 947/1709/1596 942/1703/1568 932/1749/1567
s 8
f 917/1758/1597 949/1710/1598 950/1713/1599 923/1759/1600
s 7
f 925/1760/1601 952/1711/1602 949/1710/1603 917/1758/1604
s 9
f 927/1761/1605 953/1714/1606 951/1712/1607 926/1762/1608
s 8
f 923/1759/1600 950/1713/1599 954/1715/1609 924/1763/1610
s 9
f 928/1764/1611 955/1716/1612 953/1714/1606 927/1761/1605
s 8
f 924/1763/1610 954/1715/1609 956/1717/1613 914/1765/1614
f 914/1765/1614 956/1717/1613 957/1719/1615 911/1766/1616
s 5
f 911/1766/1617 957/1719/1618 958/1718/1619 929/1767/1620
s off
f 926/1762/1621 951/1712/1622 947/1709/1623 931/1757/1624
s 7
f 930/1756/1594 946/1707/1593 952/1711/1602 925/1760/1601
s 5
f 929/1767/1620 958/1718/1619 936/1699/1554 934/1744/1553
s off
f 933/1750/1625 935/1696/1626 955/1716/1627 928/1764/1628
g default
v 1.730662 17.693529 -7.446470
v 2.070353 17.693529 -7.446470
v 1.730662 17.325916 -7.446470
v 2.070353 17.325916 -7.446470
v 1.981665 17.693529 -7.446470
v 1.981665 17.325916 -7.446470
v 1.819351 17.693529 -7.446470
v 1.819351 17.325916 -7.446470
v 1.730662 17.484074 -7.446470
v 1.819351 17.484074 -7.446470
v 1.981665 17.544033 -7.446470
v 2.070353 17.544033 -7.446470
v 1.730662 17.484074 -7.413105
v 1.819351 17.484074 -7.413105
v 1.819351 17.325916 -7.413105
v 1.730662 17.325916 -7.413105
v 2.070353 17.544033 -7.413105
v 2.070353 17.325916 -7.413105
v 1.981665 17.325916 -7.413105
v 1.981665 17.544033 -7.413105
v 1.981665 17.693529 -7.413105
v 1.819351 17.693529 -7.413105
v 1.730662 17.693529 -7.413105
v 2.070353 17.693529 -7.413105
vt 0.000000 0.666667
vt 0.000000 1.000000
vt 0.333333 1.000000
vt 0.333333 0.666667
vt 1.000000 0.333333
vt 0.666667 0.333333
vt 0.666667 1.000000
vt 1.000000 1.000000
vt 0.666667 0.000000
vt 0.333333 0.000000
vt 0.000000 0.000000
vt 1.000000 0.000000
vt 0.000000 0.666667
vt 0.333333 0.666667
vt 0.333333 1.000000
vt 0.000000 1.000000
vt 1.000000 0.333333
vt 1.000000 1.000000
vt 0.666667 1.000000
vt 0.666667 0.333333
vt 0.666667 0.000000
vt 0.333333 0.000000
vt 0.000000 0.000000
vt 1.000000 0.000000
vt 0.333333 1.000000
vt 0.000000 1.000000
vt 0.000000 0.666667
vt 1.000000 0.333333
vt 1.000000 1.000000
vt 0.666667 1.000000
vt 0.666667 0.333333
vt 0.333333 0.666667
vt 0.666667 0.000000
vt 0.333333 0.000000
vt 0.000000 0.000000
vt 1.000000 0.000000
vn 0.000000 0.000000 1.000000
vn 0.000000 0.000000 1.000000
vn 0.000000 0.000000 1.000000
vn 0.000000 0.000000 1.000000
vn 0.000000 0.000000 1.000000
vn 0.000000 0.000000 1.000000
vn 0.000000 0.000000 1.000000
vn 0.000000 0.000000 1.000000
vn 0.000000 0.000000 1.000000
vn 0.000000 0.000000 1.000000
vn 0.000000 0.000000 1.000000
vn 0.000000 0.000000 1.000000
vn 0.000000 0.000000 -1.000000
vn 0.000000 0.000000 -1.000000
vn 0.000000 0.000000 -1.000000
vn 0.000000 0.000000 -1.000000
vn 0.000000 0.000000 -1.000000
vn 0.000000 0.000000 -1.000000
vn 0.000000 0.000000 -1.000000
vn 0.000000 0.000000 -1.000000
vn 0.000000 0.000000 -1.000000
vn 0.000000 0.000000 -1.000000
vn 0.000000 0.000000 -1.000000
vn 0.000000 0.000000 -1.000000
vn 0.000000 -1.000000 0.000000
vn 0.000000 -1.000000 0.000000
vn 0.000000 -1.000000 0.000000
vn 0.000000 -1.000000 0.000000
vn -1.000000 0.000000 0.000000
vn -1.000000 0.000000 0.000000
vn -1.000000 0.000000 0.000000
vn -1.000000 0.000000 0.000000
vn 1.000000 0.000000 0.000000
vn 1.000000 0.000000 0.000000
vn 1.000000 0.000000 0.000000
vn 1.000000 0.000000 0.000000
vn 0.000000 -1.000000 0.000000
vn 0.000000 -1.000000 0.000000
vn 0.000000 -1.000000 0.000000
vn 0.000000 -1.000000 0.000000
vn -1.000000 0.000000 0.000000
vn -1.000000 0.000000 0.000000
vn -1.000000 0.000000 0.000000
vn -1.000000 0.000000 0.000000
vn 0.802246 -0.596994 0.000000
vn 0.802246 -0.596994 0.000000
vn 0.802246 -0.596994 0.000000
vn 0.802246 -0.596994 0.000000
vn -0.790440 0.612540 0.000000
vn -0.790440 0.612540 0.000000
vn -0.790440 0.612540 0.000000
vn -0.790440 0.612540 0.000000
vn 1.000000 0.000000 0.000000
vn 1.000000 0.000000 0.000000
vn 1.000000 0.000000 0.000000
vn 1.000000 0.000000 0.000000
vn -1.000000 0.000000 0.000000
vn -1.000000 0.000000 0.000000
vn 0.000000 1.000000 0.000000
vn 0.000000 1.000000 0.000000
vn 0.000000 1.000000 0.000000
vn 0.000000 1.000000 0.000000
vn 0.000000 1.000000 0.000000
vn 0.000000 1.000000 0.000000
vn 0.000000 1.000000 0.000000
vn 0.000000 1.000000 0.000000
vn 1.000000 0.000000 0.000000
vn 1.000000 0.000000 0.000000
s 1
g Añadidos Letras Letras_superiores polySurface8
usemtl initialShadingGroup
f 971/1768/1629 974/1769/1630 973/1770/1631 972/1771/1632
f 975/1772/1633 978/1773/1634 977/1774/1635 976/1775/1636
f 978/1773/1634 979/1776/1637 972/1771/1632 973/1770/1631
f 980/1777/1638 981/1778/1639 971/1768/1629 972/1771/1632
f 979/1776/1637 978/1773/1634 975/1772/1633 982/1779/1640
s 3
f 967/1780/1641 968/1781/1642 966/1782/1643 961/1783/1644
f 970/1784/1645 962/1785/1646 964/1786/1647 969/1787/1648
f 969/1787/1648 966/1782/1643 968/1781/1642 963/1788/1649
f 965/1789/1650 968/1781/1642 967/1780/1641 959/1790/1651
f 963/1788/1649 960/1791/1652 970/1784/1645 969/1787/1648
s off
f 966/1792/1653 973/1770/1654 974/1769/1655 961/1793/1656
s 5
f 961/1793/1657 974/1769/1658 971/1768/1659 967/1794/1660
s 6
f 970/1795/1661 975/1772/1662 976/1775/1663 962/1796/1664
s off
f 962/1796/1665 976/1775/1666 977/1774/1667 964/1797/1668
f 964/1797/1669 977/1774/1670 978/1773/1671 969/1798/1672
f 969/1798/1673 978/1773/1674 973/1770/1675 966/1792/1676
f 968/1799/1677 972/1771/1678 979/1776/1679 963/1800/1680
f 965/1801/1681 980/1777/1682 972/1771/1683 968/1799/1684
s 5
f 967/1794/1660 971/1768/1659 981/1778/1685 959/1802/1686
s off
f 959/1802/1687 981/1778/1688 980/1777/1689 965/1801/1690
f 963/1800/1691 979/1776/1692 982/1779/1693 960/1803/1694
s 6
f 960/1803/1695 982/1779/1696 975/1772/1662 970/1795/1661
g default
v 1.676147 17.326963 -7.440799
v 1.587358 17.325855 -7.453310
v 1.580741 17.693666 -7.451241
v 1.618270 17.523092 -7.451649
v 1.556243 17.458450 -7.451494
v 1.519039 17.694407 -7.451167
v 1.542057 17.523060 -7.451651
v 1.596856 17.615204 -7.450859
v 1.528017 17.614912 -7.450877
v 1.326234 17.324554 -7.453366
v 1.411465 17.325855 -7.453310
v 1.415414 17.694008 -7.451226
v 1.381026 17.523106 -7.451649
v 1.442582 17.458450 -7.451494
v 1.480028 17.694407 -7.451167
v 1.456745 17.523060 -7.451651
v 1.401003 17.615376 -7.450852
v 1.470784 17.614912 -7.450877
v 1.638156 17.456627 -7.447943
v 1.362848 17.458500 -7.451512
v 1.676147 17.327148 -7.419024
v 1.587358 17.325645 -7.418984
v 1.580741 17.693449 -7.414835
v 1.618270 17.522882 -7.417310
v 1.556243 17.458244 -7.418558
v 1.519039 17.694191 -7.414896
v 1.542057 17.522848 -7.417310
v 1.596856 17.614992 -7.416543
v 1.528017 17.614700 -7.416529
v 1.326234 17.324343 -7.418951
v 1.411465 17.325645 -7.418984
v 1.415414 17.693790 -7.414844
v 1.381026 17.522898 -7.417311
v 1.442582 17.458244 -7.418558
v 1.480028 17.694191 -7.414896
v 1.456745 17.522848 -7.417310
v 1.401003 17.615166 -7.416548
v 1.470784 17.614700 -7.416529
v 1.638156 17.456875 -7.418557
v 1.362848 17.458290 -7.418539
vt 1.000000 1.000000
vt 0.666667 1.000000
vt 0.551298 0.333333
vt 0.666667 0.520606
vt 0.571139 0.603805
vt 0.521655 0.333333
vt 0.557542 0.524038
vt 0.625135 0.453189
vt 0.544623 0.455385
vt 0.557542 0.524038
vt 0.571139 0.603805
vt 0.625135 0.453189
vt 0.544623 0.455385
vt 0.521655 0.333333
vt 0.551298 0.333333
vt 0.666667 0.520606
vt 1.000000 1.000000
vt 0.666667 1.000000
vt 0.812076 0.729731
vt 0.809462 0.725971
vt 0.000000 0.000000
vt 1.000000 0.000000
vt 0.000000 0.000000
vt 1.000000 0.000000
vt 0.000000 0.000000
vt 1.000000 0.000000
vt 0.000000 0.000000
vt 1.000000 0.000000
vt 0.000000 0.000000
vt 1.000000 0.000000
vt 0.000000 0.000000
vt 1.000000 0.000000
vt 0.000000 0.000000
vt 1.000000 0.000000
vt 0.000000 0.000000
vt 1.000000 0.000000
vt 0.000000 0.000000
vt 1.000000 0.000000
vt 0.000000 0.000000
vt 1.000000 0.000000
vt 0.000000 0.000000
vt 1.000000 0.000000
vt 0.000000 0.000000
vt 1.000000 0.000000
vt 0.000000 0.000000
vt 1.000000 0.000000
vt 0.000000 0.000000
vt 1.000000 0.000000
vt 0.000000 0.000000
vt 1.000000 0.000000
vt 0.000000 0.000000
vt 1.000000 0.000000
vt 0.000000 0.000000
vt 1.000000 0.000000
vt 0.000000 0.000000
vt 1.000000 0.000000
vt 0.000000 0.000000
vt 1.000000 0.000000
vt 0.000000 0.000000
vt 1.000000 0.000000
vt 0.625135 0.453189
vt 0.544623 0.455385
vt 0.521655 0.333333
vt 0.551298 0.333333
vt 0.557542 0.524038
vt 0.666667 0.520606
vt 0.571139 0.603805
vt 0.812076 0.729731
vt 1.000000 1.000000
vt 0.666667 1.000000
vt 0.625135 0.453189
vt 0.551298 0.333333
vt 0.521655 0.333333
vt 0.544623 0.455385
vt 0.557542 0.524038
vt 0.666667 0.520606
vt 0.571139 0.603805
vt 0.809462 0.725971
vt 0.666667 1.000000
vt 1.000000 1.000000
vt 0.000000 0.000000
vt 1.000000 0.000000
vt 0.000000 0.000000
vt 1.000000 0.000000
vt 0.000000 0.000000
vt 1.000000 0.000000
vt 0.000000 0.000000
vt 1.000000 0.000000
vt 0.000000 0.000000
vt 1.000000 0.000000
vt 0.000000 0.000000
vt 1.000000 0.000000
vt 0.000000 0.000000
vt 1.000000 0.000000
vt 0.000000 0.000000
vt 1.000000 0.000000
vt 0.000000 0.000000
vt 1.000000 0.000000
vt 0.000000 0.000000
vt 1.000000 0.000000
vt 0.000000 0.000000
vt 1.000000 0.000000
vt 0.000000 0.000000
vt 1.000000 0.000000
vt 0.000000 0.000000
vt 1.000000 0.000000
vt 0.000000 0.000000
vt 1.000000 0.000000
vt 0.000000 0.000000
vt 1.000000 0.000000
vt 0.000000 0.000000
vt 1.000000 0.000000
vt 0.000000 0.000000
vt 1.000000 0.000000
vt 0.000000 0.000000
vt 1.000000 0.000000
vt 0.000000 0.000000
vt 1.000000 0.000000
vt 0.000000 0.000000
vt 1.000000 0.000000
vn -0.000094 0.003754 -0.999993
vn -0.000152 0.002399 -0.999997
vn -0.000440 -0.004327 -0.999991
vn -0.000440 -0.004327 -0.999991
vn 0.008472 -0.003672 -0.999957
vn 0.011541 -0.008149 -0.999900
vn 0.066066 -0.006432 -0.997795
vn 0.076913 -0.002156 -0.997036
vn 0.093693 0.004468 -0.995591
vn 0.093693 0.004468 -0.995591
vn 0.000006 0.003648 -0.999993
vn 0.000257 -0.004239 -0.999991
vn 0.000257 -0.004239 -0.999991
vn 0.000046 0.002378 -0.999997
vn -0.000060 0.004532 -0.999990
vn -0.000027 0.003085 -0.999995
vn 0.000250 0.007632 -0.999971
vn 0.000283 0.009781 -0.999952
vn 0.000344 0.013684 -0.999906
vn 0.000344 0.013684 -0.999906
vn 0.000000 -0.002421 -0.999997
vn 0.000000 -0.002421 -0.999997
vn 0.000000 -0.002421 -0.999997
vn 0.000000 -0.002421 -0.999997
vn 0.000000 -0.003647 -0.999993
vn 0.000000 -0.003647 -0.999993
vn 0.000000 -0.003647 -0.999993
vn 0.000000 -0.003647 -0.999993
vn 0.979554 0.201180 0.001221
vn 0.979554 0.201180 0.001221
vn 0.979554 0.201180 0.001221
vn 0.979554 0.201180 0.001221
vn 0.957768 0.287544 -0.000176
vn 0.957768 0.287544 -0.000176
vn 0.957768 0.287544 -0.000176
vn 0.957768 0.287544 -0.000176
vn -0.973556 -0.228444 -0.001418
vn -0.973556 -0.228445 -0.001418
vn -0.973556 -0.228445 -0.001418
vn -0.973556 -0.228444 -0.001418
vn 0.012009 0.999911 0.005901
vn 0.012009 0.999911 0.005901
vn 0.012009 0.999911 0.005901
vn 0.012009 0.999911 0.005901
vn 0.974026 0.226431 0.001395
vn 0.974026 0.226431 0.001395
vn 0.974026 0.226431 0.001395
vn 0.974026 0.226431 0.001395
vn 0.988521 -0.151083 -0.000925
vn 0.988521 -0.151083 -0.000925
vn 0.988521 -0.151083 -0.000925
vn 0.988521 -0.151083 -0.000925
vn 0.015272 -0.999865 -0.006144
vn 0.015272 -0.999865 -0.006144
vn 0.015272 -0.999865 -0.006144
vn 0.015272 -0.999865 -0.006144
vn 0.959690 0.281050 -0.002379
vn 0.959690 0.281050 -0.002379
vn 0.959690 0.281050 -0.002379
vn 0.959690 0.281050 -0.002379
vn 0.000000 -0.999981 -0.006241
vn 0.000000 -0.999981 -0.006241
vn 0.000000 -0.999981 -0.006241
vn 0.000000 -0.999981 -0.006241
vn 0.000000 -0.999981 -0.006185
vn 0.000000 -0.999981 -0.006185
vn 0.000000 -0.999981 -0.006185
vn 0.000000 -0.999981 -0.006185
vn -0.000093 -0.013152 0.999914
vn -0.000447 -0.021215 0.999775
vn -0.000447 -0.021215 0.999775
vn -0.000152 -0.014504 0.999895
vn 0.000007 -0.012454 0.999922
vn -0.000034 -0.013951 0.999903
vn 0.000070 -0.009434 0.999956
vn 0.000222 -0.003346 0.999994
vn 0.000222 -0.003346 0.999994
vn 0.000129 -0.007084 0.999975
vn -0.000005 -0.013259 0.999912
vn 0.000035 -0.014527 0.999894
vn 0.000247 -0.021133 0.999777
vn 0.000247 -0.021133 0.999777
vn -0.000064 -0.012375 0.999923
vn -0.000029 -0.013818 0.999905
vn 0.000248 -0.009275 0.999957
vn 0.000279 -0.007129 0.999975
vn 0.000337 -0.003231 0.999995
vn 0.000337 -0.003231 0.999995
vn 0.000000 -0.019320 0.999813
vn 0.000000 -0.019320 0.999813
vn 0.000000 -0.019320 0.999813
vn 0.000000 -0.019320 0.999813
vn 0.000000 -0.020535 0.999789
vn 0.000000 -0.020535 0.999789
vn 0.000000 -0.020535 0.999789
vn 0.000000 -0.020535 0.999789
vn 0.014734 -0.999891 -0.000431
vn 0.014734 -0.999891 -0.000431
vn 0.014734 -0.999891 -0.000431
vn 0.014734 -0.999891 -0.000431
vn -0.988520 -0.151087 -0.000925
vn -0.988520 -0.151087 -0.000925
vn -0.988520 -0.151087 -0.000925
vn -0.988520 -0.151087 -0.000925
vn -0.006184 0.999963 0.005942
vn -0.006184 0.999963 0.005942
vn -0.006184 0.999963 0.005942
vn -0.006184 0.999963 0.005942
vn -0.983617 0.180266 0.001086
vn -0.983617 0.180266 0.001086
vn -0.983617 0.180266 0.001086
vn -0.983617 0.180266 0.001086
vn -0.977355 0.211601 0.001288
vn -0.977355 0.211601 0.001288
vn -0.977355 0.211601 0.001288
vn -0.977355 0.211601 0.001288
vn -0.962626 0.270827 0.001689
vn -0.962627 0.270827 0.001689
vn -0.962627 0.270827 0.001689
vn -0.962626 0.270827 0.001689
vn 0.973554 -0.228453 -0.001405
vn 0.973554 -0.228453 -0.001405
vn 0.973554 -0.228453 -0.001405
vn 0.973554 -0.228453 -0.001405
vn -0.964613 0.263666 0.001656
vn -0.964613 0.263666 0.001656
vn -0.964613 0.263666 0.001656
vn -0.964613 0.263666 0.001656
vn 0.000000 0.999981 0.006185
vn 0.000000 0.999981 0.006185
vn 0.000000 0.999981 0.006185
vn 0.000000 0.999981 0.006185
vn 0.000000 0.999982 0.005940
vn 0.000000 0.999982 0.005940
vn 0.000000 0.999982 0.005940
vn 0.000000 0.999982 0.005940
s 1
g Añadidos Letras Letras_superiores pPlane13
usemtl initialShadingGroup
f 990/1811/1697 991/1812/1698 988/1809/1699 985/1806/1700
f 989/1810/1701 991/1812/1698 990/1811/1697 986/1807/1702
f 987/1808/1703 1001/1822/1704 983/1804/1705 984/1805/1706
s 2
f 999/1815/1707 994/1818/1708 997/1817/1709 1000/1816/1710
f 998/1813/1711 995/1819/1712 999/1815/1707 1000/1816/1710
f 996/1814/1713 1002/1823/1714 995/1819/1712 998/1813/1711
s 1
f 987/1808/1703 989/1810/1701 986/1807/1702 1001/1822/1704
s 2
f 996/1814/1713 993/1821/1715 992/1820/1716 1002/1823/1714
s off
f 989/1810/1717 987/1808/1718 996/1814/1719 998/1813/1720
f 988/1809/1721 991/1812/1722 1000/1816/1723 997/1817/1724
f 990/1826/1725 985/1827/1726 1005/1887/1727 1010/1886/1728
f 1001/1828/1729 986/1829/1730 1006/1889/1731 1021/1888/1732
f 987/1830/1733 984/1831/1734 1004/1891/1735 1007/1890/1736
f 985/1832/1737 988/1833/1738 1008/1893/1739 1005/1892/1740
f 986/1834/1741 990/1835/1742 1010/1895/1743 1006/1894/1744
f 998/1842/1745 1000/1843/1746 1020/1903/1747 1018/1902/1748
f 992/1848/1749 993/1849/1750 1013/1909/1751 1012/1908/1752
f 983/1852/1753 1001/1853/1754 1021/1913/1755 1003/1912/1756
f 996/1856/1757 987/1857/1758 1007/1917/1759 1016/1916/1760
f 1000/1860/1761 991/1861/1762 1011/1921/1763 1020/1920/1764
s 3
f 1010/1864/1765 1005/1867/1766 1008/1866/1767 1011/1865/1768
f 1009/1868/1769 1006/1869/1770 1010/1864/1765 1011/1865/1768
f 1007/1870/1771 1004/1873/1772 1003/1872/1773 1021/1871/1774
s 4
f 1019/1874/1775 1020/1877/1776 1017/1876/1777 1014/1875/1778
f 1018/1878/1779 1020/1877/1776 1019/1874/1775 1015/1879/1780
f 1016/1880/1781 1018/1878/1779 1015/1879/1780 1022/1881/1782
s 3
f 1007/1870/1771 1021/1871/1774 1006/1869/1770 1009/1868/1769
s 4
f 1016/1880/1781 1022/1881/1782 1012/1883/1783 1013/1882/1784
s off
f 1009/1868/1785 1018/1878/1786 1016/1880/1787 1007/1870/1788
f 1008/1866/1789 1017/1876/1790 1020/1877/1791 1011/1865/1792
f 983/1825/1793 1003/1885/1794 1004/1884/1795 984/1824/1796
f 989/1837/1797 1009/1897/1798 1011/1896/1799 991/1836/1800
f 994/1839/1801 1014/1899/1802 1017/1898/1803 997/1838/1804
f 999/1841/1805 1019/1901/1806 1014/1900/1807 994/1840/1808
f 995/1845/1809 1015/1905/1810 1019/1904/1811 999/1844/1812
f 1002/1847/1813 1022/1907/1814 1015/1906/1815 995/1846/1816
f 996/1851/1817 1016/1911/1818 1013/1910/1819 993/1850/1820
f 992/1855/1821 1012/1915/1822 1022/1914/1823 1002/1854/1824
f 998/1859/1825 1018/1919/1826 1009/1918/1827 989/1858/1828
f 997/1863/1829 1017/1923/1830 1008/1922/1831 988/1862/1832
g default
v 1.260771 17.693529 -7.444872
v 0.970152 17.325916 -7.444872
v 1.260771 17.325916 -7.444872
v 1.260771 17.422203 -7.444872
v 0.970152 17.422203 -7.444872
v 1.148998 17.693529 -7.444872
v 1.148998 17.422203 -7.444872
v 1.148997 17.325916 -7.444872
v 1.148998 17.422203 -7.414704
v 0.970152 17.422203 -7.414704
v 1.148997 17.325916 -7.414704
v 0.970152 17.325916 -7.414704
v 1.260771 17.693529 -7.414704
v 1.260771 17.422203 -7.414704
v 1.148998 17.693529 -7.414704
v 1.260771 17.325916 -7.414704
vt 0.397856 0.000000
vt 0.000000 1.000000
vt 0.744169 1.000000
vt 0.101784 0.000000
vt 1.000000 0.000000
vt 0.744169 0.000000
vt 0.000000 0.000000
vt 1.000000 1.000000
vt 0.397856 0.000000
vt 0.101784 0.000000
vt 0.744169 1.000000
vt 0.000000 1.000000
vt 1.000000 0.000000
vt 0.000000 0.000000
vt 0.744169 0.000000
vt 1.000000 1.000000
vt 0.397856 0.000000
vt 0.101784 0.000000
vt 0.744169 1.000000
vt 0.000000 1.000000
vt 1.000000 0.000000
vt 0.000000 0.000000
vt 0.744169 0.000000
vt 1.000000 1.000000
vn 0.000000 0.000000 1.000000
vn 0.000000 0.000000 1.000000
vn 0.000000 0.000000 1.000000
vn 0.000000 0.000000 1.000000
vn 0.000000 0.000000 1.000000
vn 0.000000 0.000000 1.000000
vn 0.000000 0.000000 1.000000
vn 0.000000 0.000000 1.000000
vn 0.000000 0.000000 -1.000000
vn 0.000000 0.000000 -1.000000
vn 0.000000 0.000000 -1.000000
vn 0.000000 0.000000 -1.000000
vn 0.000000 0.000000 -1.000000
vn 0.000000 0.000000 -1.000000
vn 0.000000 0.000000 -1.000000
vn 0.000000 0.000000 -1.000000
vn 0.000000 1.000000 0.000000
vn 0.000000 1.000000 0.000000
vn 0.000000 1.000000 0.000000
vn 0.000000 1.000000 0.000000
vn 0.000000 -1.000000 0.000000
vn 0.000000 -1.000000 0.000000
vn 0.000000 -1.000000 0.000000
vn 0.000000 -1.000000 0.000000
vn -1.000000 0.000000 0.000000
vn -1.000000 0.000000 0.000000
vn -1.000000 0.000000 0.000000
vn -1.000000 0.000000 0.000000
vn 1.000000 0.000000 0.000000
vn 1.000000 0.000000 0.000000
vn 1.000000 0.000000 0.000000
vn 1.000000 0.000000 0.000000
vn -1.000000 0.000000 0.000000
vn -1.000000 0.000000 0.000000
vn -1.000000 0.000000 0.000000
vn -1.000000 0.000000 0.000000
vn 0.000000 1.000000 0.000000
vn 0.000000 1.000000 0.000000
vn 0.000000 1.000000 0.000000
vn 0.000000 1.000000 0.000000
vn 1.000000 0.000000 0.000000
vn 1.000000 0.000000 0.000000
vn 0.000000 -1.000000 0.000000
vn 0.000000 -1.000000 0.000000
s 1
g Añadidos Letras Letras_superiores polySurface9
usemtl initialShadingGroup
f 1032/1924/1833 1034/1925/1834 1033/1926/1835 1031/1927/1836
f 1035/1928/1837 1037/1929/1838 1031/1927/1836 1036/1930/1839
f 1033/1926/1835 1038/1931/1840 1036/1930/1839 1031/1927/1836
s 2
f 1027/1932/1841 1029/1933/1842 1030/1934/1843 1024/1935/1844
f 1023/1936/1845 1026/1937/1846 1029/1933/1842 1028/1938/1847
f 1030/1934/1843 1029/1933/1842 1026/1937/1846 1025/1939/1848
s off
f 1027/1940/1849 1032/1924/1850 1031/1927/1851 1029/1941/1852
s 3
f 1030/1942/1853 1033/1926/1854 1034/1925/1855 1024/1943/1856
s off
f 1024/1943/1857 1034/1925/1858 1032/1924/1859 1027/1940/1860
s 4
f 1023/1944/1861 1035/1928/1862 1036/1930/1863 1026/1945/1864
s off
f 1029/1941/1865 1031/1927/1866 1037/1929/1867 1028/1946/1868
f 1028/1946/1869 1037/1929/1870 1035/1928/1871 1023/1944/1872
s 4
f 1026/1945/1864 1036/1930/1863 1038/1931/1873 1025/1947/1874
s 3
f 1025/1947/1875 1038/1931/1876 1033/1926/1854 1030/1942/1853
g default
v 3.775368 16.855247 -7.426941
v 3.730232 16.793938 -7.426937
v 3.662685 16.752960 -7.426941
v 3.583005 16.738571 -7.426941
v 3.503326 16.752960 -7.426941
v 3.435776 16.793938 -7.426941
v 3.390648 16.855247 -7.426941
v 3.374802 16.927597 -7.426942
v 3.390648 16.999931 -7.426941
v 3.435776 17.061256 -7.426941
v 3.503326 17.102226 -7.426941
v 3.583005 17.116615 -7.426941
v 3.662685 17.102226 -7.426941
v 3.730232 17.061256 -7.426941
v 3.775368 16.999931 -7.426941
v 3.791214 16.927597 -7.426942
v 3.775368 16.855255 -7.458755
v 3.730232 16.793930 -7.458755
v 3.662685 16.752960 -7.458755
v 3.583005 16.738571 -7.458755
v 3.503326 16.752960 -7.458755
v 3.435776 16.793930 -7.458759
v 3.390648 16.855255 -7.458755
v 3.374802 16.927597 -7.458755
v 3.390648 16.999931 -7.458755
v 3.435776 17.061256 -7.458755
v 3.503326 17.102226 -7.458755
v 3.583005 17.116615 -7.458763
v 3.662685 17.102226 -7.458755
v 3.730232 17.061256 -7.458755
v 3.775368 16.999931 -7.458755
v 3.791214 16.927597 -7.458755
v 3.692135 16.883224 -7.426941
v 3.665531 16.846420 -7.426941
v 3.627102 16.822548 -7.426941
v 3.583005 16.814514 -7.426941
v 3.538908 16.822548 -7.426945
v 3.500477 16.846420 -7.426941
v 3.473877 16.883224 -7.426943
v 3.464310 16.927597 -7.426942
v 3.473877 16.971970 -7.426943
v 3.500477 17.008766 -7.426941
v 3.538908 17.032623 -7.426937
v 3.583005 17.040665 -7.426941
v 3.627102 17.032623 -7.426937
v 3.665531 17.008766 -7.426941
v 3.692123 16.971970 -7.426943
v 3.701633 16.927597 -7.426942
v 3.692135 16.883232 -7.458755
v 3.665531 16.846420 -7.458755
v 3.627102 16.822556 -7.458759
v 3.583005 16.814514 -7.458755
v 3.538908 16.822556 -7.458759
v 3.500477 16.846420 -7.458755
v 3.473877 16.883232 -7.458755
v 3.464310 16.927597 -7.458755
v 3.473877 16.971962 -7.458757
v 3.500477 17.008766 -7.458755
v 3.538908 17.032623 -7.458752
v 3.583005 17.040672 -7.458755
v 3.627102 17.032623 -7.458752
v 3.665531 17.008766 -7.458755
v 3.692123 16.971962 -7.458757
v 3.701633 16.927597 -7.458755
vt 0.375000 0.312500
vt 0.390625 0.312500
vt 0.406250 0.312500
vt 0.421875 0.312500
vt 0.437500 0.312500
vt 0.453125 0.312500
vt 0.468750 0.312500
vt 0.484375 0.312500
vt 0.500000 0.312500
vt 0.515625 0.312500
vt 0.531250 0.312500
vt 0.546875 0.312500
vt 0.562500 0.312500
vt 0.578125 0.312500
vt 0.593750 0.312500
vt 0.609375 0.312500
vt 0.625000 0.312500
vt 0.375000 0.688440
vt 0.390625 0.688440
vt 0.406250 0.688440
vt 0.421875 0.688440
vt 0.437500 0.688440
vt 0.453125 0.688440
vt 0.468750 0.688440
vt 0.484375 0.688440
vt 0.500000 0.688440
vt 0.515625 0.688440
vt 0.531250 0.688440
vt 0.546875 0.688440
vt 0.562500 0.688440
vt 0.578125 0.688440
vt 0.593750 0.688440
vt 0.609375 0.688440
vt 0.625000 0.688440
vt 0.000000 0.000000
vt 1.000000 0.000000
vt 1.000000 1.000000
vt 0.000000 1.000000
vt 0.000000 0.000000
vt 1.000000 0.000000
vt 1.000000 1.000000
vt 0.000000 1.000000
vt 0.000000 0.000000
vt 1.000000 0.000000
vt 1.000000 1.000000
vt 0.000000 1.000000
vt 0.000000 0.000000
vt 1.000000 0.000000
vt 1.000000 1.000000
vt 0.000000 1.000000
vt 0.000000 0.000000
vt 1.000000 0.000000
vt 1.000000 1.000000
vt 0.000000 1.000000
vt 0.000000 0.000000
vt 1.000000 0.000000
vt 1.000000 1.000000
vt 0.000000 1.000000
vt 0.000000 0.000000
vt 1.000000 0.000000
vt 1.000000 1.000000
vt 0.000000 1.000000
vt 0.000000 0.000000
vt 1.000000 0.000000
vt 1.000000 1.000000
vt 0.000000 1.000000
vt 0.000000 0.000000
vt 1.000000 0.000000
vt 1.000000 1.000000
vt 0.000000 1.000000
vt 0.000000 0.000000
vt 1.000000 0.000000
vt 1.000000 1.000000
vt 0.000000 1.000000
vt 0.000000 0.000000
vt 1.000000 0.000000
vt 1.000000 1.000000
vt 0.000000 1.000000
vt 0.000000 0.000000
vt 1.000000 0.000000
vt 1.000000 1.000000
vt 0.000000 1.000000
vt 0.000000 0.000000
vt 1.000000 0.000000
vt 1.000000 1.000000
vt 0.000000 1.000000
vt 0.000000 0.000000
vt 1.000000 0.000000
vt 1.000000 1.000000
vt 0.000000 1.000000
vt 0.000000 0.000000
vt 1.000000 0.000000
vt 1.000000 1.000000
vt 0.000000 1.000000
vt 0.000000 0.000000
vt 1.000000 0.000000
vt 1.000000 1.000000
vt 0.000000 1.000000
vt 0.000000 0.000000
vt 1.000000 0.000000
vt 1.000000 1.000000
vt 0.000000 1.000000
vt 0.000000 0.000000
vt 1.000000 0.000000
vt 1.000000 1.000000
vt 0.000000 1.000000
vt 0.000000 0.000000
vt 1.000000 0.000000
vt 1.000000 1.000000
vt 0.000000 1.000000
vt 0.000000 0.000000
vt 1.000000 0.000000
vt 1.000000 1.000000
vt 0.000000 1.000000
vt 0.000000 0.000000
vt 1.000000 0.000000
vt 1.000000 1.000000
vt 0.000000 1.000000
vt 0.000000 0.000000
vt 1.000000 0.000000
vt 1.000000 1.000000
vt 0.000000 1.000000
vt 0.000000 0.000000
vt 1.000000 0.000000
vt 1.000000 1.000000
vt 0.000000 1.000000
vt 0.000000 0.000000
vt 1.000000 0.000000
vt 1.000000 1.000000
vt 0.000000 1.000000
vt 0.000000 0.000000
vt 1.000000 0.000000
vt 1.000000 1.000000
vt 0.000000 1.000000
vt 0.000000 0.000000
vt 1.000000 0.000000
vt 1.000000 1.000000
vt 0.000000 1.000000
vt 0.000000 0.000000
vt 1.000000 0.000000
vt 1.000000 1.000000
vt 0.000000 1.000000
vt 0.000000 0.000000
vt 1.000000 0.000000
vt 1.000000 1.000000
vt 0.000000 1.000000
vt 0.000000 0.000000
vt 1.000000 0.000000
vt 1.000000 1.000000
vt 0.000000 1.000000
vt 0.000000 0.000000
vt 1.000000 0.000000
vt 1.000000 1.000000
vt 0.000000 1.000000
vt 0.000000 0.000000
vt 1.000000 0.000000
vt 1.000000 1.000000
vt 0.000000 1.000000
vt 0.000000 0.000000
vt 1.000000 0.000000
vt 1.000000 1.000000
vt 0.000000 1.000000
vn 0.909771 -0.415110 -0.000013
vn 0.672157 -0.740408 0.000049
vn 0.672128 -0.740435 0.000049
vn 0.909797 -0.415054 -0.000013
vn 0.351979 -0.936008 0.000048
vn 0.351977 -0.936009 0.000048
vn 0.000000 -1.000000 0.000000
vn 0.000000 -1.000000 0.000000
vn -0.351969 -0.936012 0.000048
vn -0.351971 -0.936011 0.000048
vn -0.672168 -0.740398 0.000049
vn -0.672139 -0.740425 0.000049
vn -0.909792 -0.415066 -0.000013
vn -0.909814 -0.415015 -0.000013
vn -1.000000 -0.000001 -0.000013
vn -1.000000 -0.000001 -0.000013
vn -0.909802 0.415042 0.000000
vn -0.909803 0.415041 0.000000
vn -0.672169 0.740398 0.000000
vn -0.672169 0.740398 0.000000
vn -0.351935 0.936025 0.000000
vn -0.351929 0.936027 0.000000
vn 0.000000 1.000000 0.000000
vn 0.000000 1.000000 0.000000
vn 0.351941 0.936022 0.000000
vn 0.351936 0.936024 0.000000
vn 0.672157 0.740409 0.000000
vn 0.672157 0.740409 0.000000
vn 0.909781 0.415089 0.000000
vn 0.909781 0.415088 0.000000
vn 1.000000 0.000000 -0.000013
vn 1.000000 0.000000 -0.000013
vn -0.000016 0.000024 1.000000
vn 0.000002 0.000032 1.000000
vn 0.000001 0.000033 1.000000
vn -0.000019 0.000020 1.000000
vn -0.000026 0.000001 1.000000
vn -0.000024 0.000001 1.000000
vn -0.000019 0.000016 1.000000
vn -0.000019 0.000016 1.000000
vn 0.000012 0.000015 1.000000
vn 0.000007 0.000017 1.000000
vn 0.000017 0.000012 1.000000
vn 0.000021 0.000010 1.000000
vn 0.000002 0.000011 1.000000
vn 0.000001 0.000012 1.000000
vn 0.000011 0.000000 1.000000
vn 0.000011 -0.000000 1.000000
vn 0.000009 -0.000011 1.000000
vn 0.000008 -0.000012 1.000000
vn -0.000016 -0.000011 1.000000
vn -0.000019 -0.000009 1.000000
vn -0.000009 0.000015 1.000000
vn -0.000004 0.000017 1.000000
vn -0.000000 0.000032 1.000000
vn -0.000000 0.000032 1.000000
vn 0.000009 0.000015 1.000000
vn 0.000004 0.000017 1.000000
vn 0.000016 -0.000011 1.000000
vn 0.000019 -0.000009 1.000000
vn -0.000003 -0.000015 1.000000
vn -0.000003 -0.000016 1.000000
vn -0.000001 0.000007 1.000000
vn -0.000001 0.000007 1.000000
vn 0.000001 0.000000 -1.000000
vn 0.000015 -0.000000 -1.000000
vn 0.000018 -0.000001 -1.000000
vn 0.000002 0.000000 -1.000000
vn 0.000011 -0.000015 -1.000000
vn 0.000008 -0.000017 -1.000000
vn -0.000000 -0.000032 -1.000000
vn -0.000000 -0.000032 -1.000000
vn 0.000012 -0.000015 -1.000000
vn 0.000012 -0.000017 -1.000000
vn 0.000009 0.000023 -1.000000
vn 0.000009 0.000019 -1.000000
vn 0.000004 0.000019 -1.000000
vn 0.000004 0.000021 -1.000000
vn -0.000004 -0.000007 -1.000000
vn -0.000004 -0.000007 -1.000000
vn -0.000009 0.000002 -1.000000
vn -0.000009 0.000004 -1.000000
vn 0.000010 0.000011 -1.000000
vn 0.000013 0.000009 -1.000000
vn -0.000018 -0.000044 -1.000000
vn -0.000025 -0.000051 -1.000000
vn 0.000000 -0.000097 -1.000000
vn 0.000000 -0.000097 -1.000000
vn 0.000021 -0.000044 -1.000000
vn 0.000028 -0.000051 -1.000000
vn -0.000011 0.000011 -1.000000
vn -0.000013 0.000009 -1.000000
vn 0.000006 0.000002 -1.000000
vn 0.000005 0.000004 -1.000000
vn 0.000006 -0.000007 -1.000000
vn 0.000006 -0.000007 -1.000000
vn -0.810474 0.585775 0.000062
vn -0.810474 0.585775 0.000062
vn -0.810474 0.585775 0.000062
vn -0.810474 0.585775 0.000062
vn -0.977843 0.209341 0.000021
vn -0.977843 0.209341 0.000021
vn -0.977843 0.209341 0.000021
vn -0.977843 0.209341 0.000021
vn -0.977792 -0.209579 0.000021
vn -0.977792 -0.209579 0.000021
vn -0.977792 -0.209579 0.000021
vn -0.977792 -0.209579 0.000021
vn -0.810534 -0.585691 0.000062
vn -0.810534 -0.585691 0.000062
vn -0.810534 -0.585691 0.000062
vn -0.810534 -0.585691 0.000062
vn -0.527435 -0.849595 0.000000
vn -0.527435 -0.849595 0.000000
vn -0.527435 -0.849595 0.000000
vn -0.527435 -0.849595 0.000000
vn -0.179482 -0.983761 -0.000125
vn -0.179482 -0.983761 -0.000125
vn -0.179482 -0.983761 -0.000125
vn -0.179482 -0.983761 -0.000125
vn 0.179478 -0.983762 -0.000125
vn 0.179478 -0.983762 -0.000125
vn 0.179478 -0.983762 -0.000125
vn 0.179478 -0.983762 -0.000125
vn 0.527417 -0.849607 0.000000
vn 0.527416 -0.849607 0.000000
vn 0.527417 -0.849607 0.000000
vn 0.527416 -0.849607 0.000000
vn 0.810456 -0.585799 0.000062
vn 0.810456 -0.585799 0.000062
vn 0.810456 -0.585799 0.000062
vn 0.810456 -0.585799 0.000062
vn 0.977532 -0.210786 0.000021
vn 0.977532 -0.210786 0.000021
vn 0.977532 -0.210786 0.000021
vn 0.977532 -0.210786 0.000021
vn 0.977532 0.210787 0.000031
vn 0.977532 0.210787 0.000031
vn 0.977532 0.210787 0.000031
vn 0.977532 0.210787 0.000031
vn 0.810513 0.585721 0.000062
vn 0.810513 0.585721 0.000062
vn 0.810513 0.585721 0.000062
vn 0.810513 0.585721 0.000062
vn 0.527596 0.849496 0.000083
vn 0.527596 0.849496 0.000083
vn 0.527596 0.849496 0.000083
vn 0.527596 0.849496 0.000083
vn 0.179314 0.983792 0.000125
vn 0.179314 0.983792 0.000125
vn 0.179314 0.983792 0.000125
vn 0.179314 0.983792 0.000125
vn -0.179318 0.983791 0.000125
vn -0.179318 0.983791 0.000125
vn -0.179318 0.983791 0.000125
vn -0.179318 0.983791 0.000125
vn -0.527612 0.849486 0.000083
vn -0.527612 0.849486 0.000083
vn -0.527612 0.849486 0.000083
vn -0.527612 0.849486 0.000083
s 1
g Añadidos Letras pCylinder21 Letras_inferiores
usemtl initialShadingGroup
f 1039/1948/1877 1040/1949/1878 1056/1966/1879 1055/1965/1880
f 1040/1949/1878 1041/1950/1881 1057/1967/1882 1056/1966/1879
f 1041/1950/1881 1042/1951/1883 1058/1968/1884 1057/1967/1882
f 1042/1951/1883 1043/1952/1885 1059/1969/1886 1058/1968/1884
f 1043/1952/1885 1044/1953/1887 1060/1970/1888 1059/1969/1886
f 1044/1953/1887 1045/1954/1889 1061/1971/1890 1060/1970/1888
f 1045/1954/1889 1046/1955/1891 1062/1972/1892 1061/1971/1890
f 1046/1955/1891 1047/1956/1893 1063/1973/1894 1062/1972/1892
f 1047/1956/1893 1048/1957/1895 1064/1974/1896 1063/1973/1894
f 1048/1957/1895 1049/1958/1897 1065/1975/1898 1064/1974/1896
f 1049/1958/1897 1050/1959/1899 1066/1976/1900 1065/1975/1898
f 1050/1959/1899 1051/1960/1901 1067/1977/1902 1066/1976/1900
f 1051/1960/1901 1052/1961/1903 1068/1978/1904 1067/1977/1902
f 1052/1961/1903 1053/1962/1905 1069/1979/1906 1068/1978/1904
f 1053/1962/1905 1054/1963/1907 1070/1980/1908 1069/1979/1906
f 1054/1963/1907 1039/1964/1877 1055/1981/1880 1070/1980/1908
s 2
f 1040/1982/1909 1039/1983/1910 1071/1984/1911 1072/1985/1912
f 1041/1986/1913 1040/1987/1909 1072/1988/1912 1073/1989/1914
f 1042/1990/1915 1041/1991/1913 1073/1992/1914 1074/1993/1916
f 1043/1994/1917 1042/1995/1915 1074/1996/1916 1075/1997/1918
f 1044/1998/1919 1043/1999/1917 1075/2000/1918 1076/2001/1920
f 1045/2002/1921 1044/2003/1919 1076/2004/1920 1077/2005/1922
f 1046/2006/1923 1045/2007/1921 1077/2008/1922 1078/2009/1924
f 1047/2010/1925 1046/2011/1923 1078/2012/1924 1079/2013/1926
f 1048/2014/1927 1047/2015/1925 1079/2016/1926 1080/2017/1928
f 1049/2018/1929 1048/2019/1927 1080/2020/1928 1081/2021/1930
f 1050/2022/1931 1049/2023/1929 1081/2024/1930 1082/2025/1932
f 1051/2026/1933 1050/2027/1931 1082/2028/1932 1083/2029/1934
f 1052/2030/1935 1051/2031/1933 1083/2032/1934 1084/2033/1936
f 1053/2034/1937 1052/2035/1935 1084/2036/1936 1085/2037/1938
f 1054/2038/1939 1053/2039/1937 1085/2040/1938 1086/2041/1940
f 1039/2042/1910 1054/2043/1939 1086/2044/1940 1071/2045/1911
s 3
f 1055/2046/1941 1056/2047/1942 1088/2048/1943 1087/2049/1944
f 1056/2050/1942 1057/2051/1945 1089/2052/1946 1088/2053/1943
f 1057/2054/1945 1058/2055/1947 1090/2056/1948 1089/2057/1946
f 1058/2058/1947 1059/2059/1949 1091/2060/1950 1090/2061/1948
f 1059/2062/1949 1060/2063/1951 1092/2064/1952 1091/2065/1950
f 1060/2066/1951 1061/2067/1953 1093/2068/1954 1092/2069/1952
f 1061/2070/1953 1062/2071/1955 1094/2072/1956 1093/2073/1954
f 1062/2074/1955 1063/2075/1957 1095/2076/1958 1094/2077/1956
f 1063/2078/1957 1064/2079/1959 1096/2080/1960 1095/2081/1958
f 1064/2082/1959 1065/2083/1961 1097/2084/1962 1096/2085/1960
f 1065/2086/1961 1066/2087/1963 1098/2088/1964 1097/2089/1962
f 1066/2090/1963 1067/2091/1965 1099/2092/1966 1098/2093/1964
f 1067/2094/1965 1068/2095/1967 1100/2096/1968 1099/2097/1966
f 1068/2098/1967 1069/2099/1969 1101/2100/1970 1100/2101/1968
f 1069/2102/1969 1070/2103/1971 1102/2104/1972 1101/2105/1970
f 1070/2106/1971 1055/2107/1941 1087/2108/1944 1102/2109/1972
s off
f 1072/1985/1973 1071/1984/1974 1087/2049/1975 1088/2048/1976
f 1071/2045/1977 1086/2044/1978 1102/2109/1979 1087/2108/1980
f 1086/2041/1981 1085/2040/1982 1101/2105/1983 1102/2104/1984
f 1085/2037/1985 1084/2036/1986 1100/2101/1987 1101/2100/1988
f 1084/2033/1989 1083/2032/1990 1099/2097/1991 1100/2096/1992
f 1083/2029/1993 1082/2028/1994 1098/2093/1995 1099/2092/1996
f 1082/2025/1997 1081/2024/1998 1097/2089/1999 1098/2088/2000
f 1081/2021/2001 1080/2020/2002 1096/2085/2003 1097/2084/2004
f 1080/2017/2005 1079/2016/2006 1095/2081/2007 1096/2080/2008
f 1079/2013/2009 1078/2012/2010 1094/2077/2011 1095/2076/2012
f 1078/2009/2013 1077/2008/2014 1093/2073/2015 1094/2072/2016
f 1077/2005/2017 1076/2004/2018 1092/2069/2019 1093/2068/2020
f 1076/2001/2021 1075/2000/2022 1091/2065/2023 1092/2064/2024
f 1075/1997/2025 1074/1996/2026 1090/2061/2027 1091/2060/2028
f 1074/1993/2029 1073/1992/2030 1089/2057/2031 1090/2056/2032
f 1073/1989/2033 1072/1988/2034 1088/2053/2035 1089/2052/2036
g default
v 3.311775 17.101053 -7.447536
v 3.311775 16.735159 -7.447536
v 3.311775 16.919687 -7.447536
v 3.219673 17.101053 -7.447536
v 3.219673 16.919687 -7.447536
v 3.219673 16.735159 -7.447536
v 2.992360 17.101053 -7.447536
v 2.992360 16.919687 -7.447536
v 2.968151 16.735159 -7.447536
v 3.087094 16.919687 -7.447536
v 3.180391 16.919687 -7.447536
v 3.066877 16.735159 -7.447536
v 3.087737 17.101053 -7.447536
v 3.180798 17.101053 -7.447536
v 2.992360 17.042044 -7.447536
v 3.087527 17.042044 -7.447536
v 3.180665 17.042044 -7.447536
v 3.219673 17.042044 -7.447536
v 3.311775 17.042044 -7.447536
v 2.992360 16.981770 -7.447536
v 3.087314 16.981770 -7.447536
v 3.180530 16.981770 -7.447536
v 3.219673 16.981770 -7.447536
v 3.311775 16.981770 -7.447536
v 3.219673 16.981770 -7.412039
v 3.311775 16.981770 -7.412039
v 3.311775 16.919687 -7.412039
v 3.219673 16.919687 -7.412039
v 3.311775 16.735159 -7.412039
v 3.219673 16.735159 -7.412039
v 3.180391 16.919687 -7.412039
v 3.180530 16.981770 -7.412039
v 3.087094 16.919687 -7.412039
v 2.968151 16.735159 -7.412039
v 3.066877 16.735159 -7.412039
v 2.992360 16.981770 -7.412039
v 3.087314 16.981770 -7.412039
v 2.992360 16.919687 -7.412039
v 2.992360 17.101053 -7.412039
v 3.087737 17.101053 -7.412039
v 3.087527 17.042044 -7.412039
v 2.992360 17.042044 -7.412039
v 3.180665 17.042044 -7.412039
v 3.180798 17.101053 -7.412039
v 3.219673 17.042044 -7.412039
v 3.219673 17.101053 -7.412039
v 3.311775 17.101053 -7.412039
v 3.311775 17.042044 -7.412039
vt 0.459659 0.000000
vt 0.302788 0.000000
vt 0.397856 0.000000
vt 0.603980 0.000000
vt 0.761050 1.000000
vt 1.000000 1.000000
vt 0.267437 0.000000
vt 0.406308 0.000000
vt 0.192121 1.000000
vt 0.415435 1.000000
vt 0.183476 0.000000
vt 0.116037 0.000000
vt 0.076436 0.000000
vt 0.279031 0.000000
vt 0.192121 0.000000
vt 0.154483 0.000000
vt 0.371798 0.000000
vt 0.462617 0.000000
vt 0.541129 0.000000
vt 0.673117 0.000000
vt 0.611955 0.000000
vt 0.761050 0.000000
vt 0.804093 0.000000
vt 1.000000 0.000000
vt 0.459659 0.000000
vt 0.603980 0.000000
vt 0.397856 0.000000
vt 0.302788 0.000000
vt 1.000000 1.000000
vt 0.761050 1.000000
vt 0.267437 0.000000
vt 0.406308 0.000000
vt 0.192121 1.000000
vt 0.183476 0.000000
vt 0.415435 1.000000
vt 0.116037 0.000000
vt 0.279031 0.000000
vt 0.076436 0.000000
vt 0.192121 0.000000
vt 0.462617 0.000000
vt 0.371798 0.000000
vt 0.154483 0.000000
vt 0.541129 0.000000
vt 0.673117 0.000000
vt 0.611955 0.000000
vt 0.761050 0.000000
vt 1.000000 0.000000
vt 0.804093 0.000000
vt 0.603980 0.000000
vt 0.397856 0.000000
vt 1.000000 1.000000
vt 0.761050 1.000000
vt 0.302788 0.000000
vt 0.406308 0.000000
vt 0.459659 0.000000
vt 0.267437 0.000000
vt 0.192121 1.000000
vt 0.183476 0.000000
vt 0.415435 1.000000
vt 0.076436 0.000000
vt 0.116037 0.000000
vt 0.279031 0.000000
vt 0.192121 0.000000
vt 0.462617 0.000000
vt 0.154483 0.000000
vt 0.541129 0.000000
vt 0.371798 0.000000
vt 0.673117 0.000000
vt 0.611955 0.000000
vt 0.761050 0.000000
vt 1.000000 0.000000
vt 0.804093 0.000000
vn 0.000000 0.000000 1.000000
vn 0.000000 0.000000 1.000000
vn 0.000000 0.000000 1.000000
vn 0.000000 0.000000 1.000000
vn 0.000000 0.000000 1.000000
vn 0.000000 0.000000 1.000000
vn 0.000000 0.000000 1.000000
vn 0.000000 0.000000 1.000000
vn 0.000000 0.000000 1.000000
vn 0.000000 0.000000 1.000000
vn 0.000000 0.000000 1.000000
vn 0.000000 0.000000 1.000000
vn 0.000000 0.000000 1.000000
vn 0.000000 0.000000 1.000000
vn 0.000000 0.000000 1.000000
vn 0.000000 0.000000 1.000000
vn 0.000000 0.000000 1.000000
vn 0.000000 0.000000 1.000000
vn 0.000000 0.000000 1.000000
vn 0.000000 0.000000 1.000000
vn 0.000000 0.000000 1.000000
vn 0.000000 0.000000 1.000000
vn 0.000000 0.000000 1.000000
vn 0.000000 0.000000 1.000000
vn 0.000000 0.000000 -1.000000
vn 0.000000 0.000000 -1.000000
vn 0.000000 0.000000 -1.000000
vn 0.000000 0.000000 -1.000000
vn 0.000000 0.000000 -1.000000
vn 0.000000 0.000000 -1.000000
vn 0.000000 0.000000 -1.000000
vn 0.000000 0.000000 -1.000000
vn 0.000000 0.000000 -1.000000
vn 0.000000 0.000000 -1.000000
vn 0.000000 0.000000 -1.000000
vn 0.000000 0.000000 -1.000000
vn 0.000000 0.000000 -1.000000
vn 0.000000 0.000000 -1.000000
vn 0.000000 0.000000 -1.000000
vn 0.000000 0.000000 -1.000000
vn 0.000000 0.000000 -1.000000
vn 0.000000 0.000000 -1.000000
vn 0.000000 0.000000 -1.000000
vn 0.000000 0.000000 -1.000000
vn 0.000000 0.000000 -1.000000
vn 0.000000 0.000000 -1.000000
vn 0.000000 0.000000 -1.000000
vn 0.000000 0.000000 -1.000000
vn 1.000000 0.000000 0.000000
vn 1.000000 0.000000 0.000000
vn 1.000000 0.000000 0.000000
vn 1.000000 0.000000 0.000000
vn 1.000000 0.000000 0.000000
vn 1.000000 0.000000 0.000000
vn 0.000000 -1.000000 0.000000
vn 0.000000 -1.000000 0.000000
vn 0.000000 -1.000000 0.000000
vn 0.000000 -1.000000 0.000000
vn -1.000000 0.000000 0.000000
vn -1.000000 0.000000 0.000000
vn -1.000000 0.000000 0.000000
vn -1.000000 0.000000 0.000000
vn 0.000000 1.000000 0.000000
vn 0.000000 1.000000 0.000000
vn 0.000000 1.000000 0.000000
vn 0.000000 1.000000 0.000000
vn 0.000000 -1.000000 0.000000
vn 0.000000 -1.000000 0.000000
vn 0.000000 -1.000000 0.000000
vn 0.000000 -1.000000 0.000000
vn -0.840521 0.541779 0.000000
vn -0.840521 0.541779 0.000000
vn -0.840521 0.541779 0.000000
vn -0.840521 0.541779 0.000000
vn 0.851746 -0.523954 0.000000
vn 0.851746 -0.523954 0.000000
vn 0.851746 -0.523954 0.000000
vn 0.851746 -0.523954 0.000000
vn 0.000000 -1.000000 0.000000
vn 0.000000 -1.000000 0.000000
vn 0.000000 -1.000000 0.000000
vn 0.000000 -1.000000 0.000000
vn 0.000000 -1.000000 0.000000
vn 0.000000 -1.000000 0.000000
vn 0.000000 -1.000000 0.000000
vn 0.000000 -1.000000 0.000000
vn -1.000000 0.000000 0.000000
vn -1.000000 0.000000 0.000000
vn -1.000000 0.000000 0.000000
vn -1.000000 0.000000 0.000000
vn 0.000000 1.000000 0.000000
vn 0.000000 1.000000 0.000000
vn 0.000000 1.000000 0.000000
vn 0.000000 1.000000 0.000000
vn 0.000000 1.000000 0.000000
vn 0.000000 1.000000 0.000000
vn -1.000000 0.000000 0.000000
vn -1.000000 0.000000 0.000000
vn -1.000000 0.000000 0.000000
vn -1.000000 0.000000 0.000000
vn 0.000000 -1.000000 0.000000
vn 0.000000 -1.000000 0.000000
vn 0.000000 -1.000000 0.000000
vn 0.000000 -1.000000 0.000000
vn 0.000000 1.000000 0.000000
vn 0.000000 1.000000 0.000000
vn 0.000000 -1.000000 0.000000
vn 0.000000 -1.000000 0.000000
vn 0.000000 1.000000 0.000000
vn 0.000000 1.000000 0.000000
vn 0.000000 1.000000 0.000000
vn 0.000000 1.000000 0.000000
vn 1.000000 0.000000 0.000000
vn 1.000000 0.000000 0.000000
vn 1.000000 0.000000 0.000000
vn 1.000000 0.000000 0.000000
vn 0.999994 -0.003542 0.000000
vn 0.999994 -0.003542 0.000000
vn 0.999994 -0.003542 0.000000
vn 0.999994 -0.003542 0.000000
vn -1.000000 0.000000 0.000000
vn -1.000000 0.000000 0.000000
vn -1.000000 0.000000 0.000000
vn -1.000000 0.000000 0.000000
s 1
g Añadidos Letras Letras_inferiores polySurface6
usemtl initialShadingGroup
f 1127/2110/2037 1130/2111/2038 1129/2112/2039 1128/2113/2040
f 1130/2111/2038 1132/2114/2041 1131/2115/2042 1129/2112/2039
f 1133/2116/2043 1130/2111/2038 1127/2110/2037 1134/2117/2044
f 1136/2118/2045 1137/2119/2046 1133/2116/2043 1135/2120/2047
f 1138/2121/2048 1140/2122/2049 1135/2120/2047 1139/2123/2050
f 1135/2120/2047 1133/2116/2043 1134/2117/2044 1139/2123/2050
f 1141/2124/2051 1144/2125/2052 1143/2126/2053 1142/2127/2054
f 1145/2128/2055 1146/2129/2056 1142/2127/2054 1143/2126/2053
f 1147/2130/2057 1148/2131/2058 1146/2129/2056 1145/2128/2055
f 1148/2131/2058 1147/2130/2057 1150/2132/2059 1149/2133/2060
f 1144/2125/2052 1138/2121/2048 1139/2123/2050 1143/2126/2053
f 1147/2130/2057 1127/2110/2037 1128/2113/2040 1150/2132/2059
s 2
f 1125/2134/2061 1126/2135/2062 1105/2136/2063 1107/2137/2064
f 1107/2137/2064 1105/2136/2063 1104/2138/2065 1108/2139/2066
f 1113/2140/2067 1124/2141/2068 1125/2134/2061 1107/2137/2064
f 1111/2142/2069 1112/2143/2070 1113/2140/2067 1114/2144/2071
f 1122/2145/2072 1123/2146/2073 1112/2143/2070 1110/2147/2074
f 1112/2143/2070 1123/2146/2073 1124/2141/2068 1113/2140/2067
f 1109/2148/2075 1115/2149/2076 1118/2150/2077 1117/2151/2078
f 1119/2152/2079 1118/2150/2077 1115/2149/2076 1116/2153/2080
f 1120/2154/2081 1119/2152/2079 1116/2153/2080 1106/2155/2082
f 1106/2155/2082 1103/2156/2083 1121/2157/2084 1120/2154/2081
f 1117/2151/2078 1118/2150/2077 1123/2146/2073 1122/2145/2072
f 1120/2154/2081 1121/2157/2084 1126/2135/2062 1125/2134/2061
s 5
f 1126/2158/2085 1128/2113/2086 1129/2112/2087 1105/2159/2088
f 1105/2159/2088 1129/2112/2087 1131/2115/2089 1104/2160/2090
s off
f 1104/2160/2091 1131/2115/2092 1132/2114/2093 1108/2161/2094
f 1108/2161/2095 1132/2114/2096 1130/2111/2097 1107/2162/2098
s 6
f 1124/2163/2099 1134/2117/2100 1127/2110/2101 1125/2164/2102
s off
f 1107/2162/2103 1130/2111/2104 1133/2116/2105 1113/2165/2106
f 1111/2166/2107 1136/2118/2108 1135/2120/2109 1112/2167/2110
f 1113/2165/2111 1133/2116/2112 1137/2119/2113 1114/2168/2114
f 1114/2168/2115 1137/2119/2116 1136/2118/2117 1111/2166/2118
f 1112/2167/2119 1135/2120/2120 1140/2122/2121 1110/2169/2122
s 7
f 1110/2169/2123 1140/2122/2124 1138/2121/2125 1122/2170/2126
s 6
f 1123/2171/2127 1139/2123/2128 1134/2117/2100 1124/2163/2099
s 8
f 1109/2172/2129 1141/2124/2130 1142/2127/2131 1115/2173/2132
s 7
f 1117/2174/2133 1144/2125/2134 1141/2124/2135 1109/2172/2136
s 9
f 1119/2175/2137 1145/2128/2138 1143/2126/2139 1118/2176/2140
s 8
f 1115/2173/2132 1142/2127/2131 1146/2129/2141 1116/2177/2142
s 9
f 1120/2178/2143 1147/2130/2144 1145/2128/2138 1119/2175/2137
s 8
f 1116/2177/2142 1146/2129/2141 1148/2131/2145 1106/2179/2146
f 1106/2179/2146 1148/2131/2145 1149/2133/2147 1103/2180/2148
s 5
f 1103/2180/2149 1149/2133/2150 1150/2132/2151 1121/2181/2152
s off
f 1118/2176/2153 1143/2126/2154 1139/2123/2155 1123/2171/2156
s 7
f 1122/2170/2126 1138/2121/2125 1144/2125/2134 1117/2174/2133
s 5
f 1121/2181/2152 1150/2132/2151 1128/2113/2086 1126/2158/2085
s off
f 1125/2164/2157 1127/2110/2158 1147/2130/2159 1120/2178/2160
g default
v 2.915983 17.101053 -7.447536
v 2.915983 16.735159 -7.447536
v 2.915983 16.919687 -7.447536
v 2.823881 17.101053 -7.447536
v 2.823881 16.919687 -7.447536
v 2.823881 16.735159 -7.447536
v 2.596568 17.101053 -7.447536
v 2.596568 16.919687 -7.447536
v 2.691302 16.919687 -7.447536
v 2.691944 17.101053 -7.447536
v 2.596568 17.042044 -7.447536
v 2.691735 17.042044 -7.447536
v 2.823881 17.042044 -7.447536
v 2.915983 17.042044 -7.447536
v 2.596568 16.981770 -7.447536
v 2.691522 16.981770 -7.447536
v 2.823881 16.981770 -7.447536
v 2.915983 16.981770 -7.447536
v 2.823881 16.981770 -7.412039
v 2.915983 16.981770 -7.412039
v 2.915983 16.919687 -7.412039
v 2.823881 16.919687 -7.412039
v 2.915983 16.735159 -7.412039
v 2.823881 16.735159 -7.412039
v 2.691522 16.981770 -7.412039
v 2.691302 16.919687 -7.412039
v 2.596568 16.981770 -7.412039
v 2.596568 16.919687 -7.412039
v 2.596568 17.101053 -7.412039
v 2.691944 17.101053 -7.412039
v 2.691735 17.042044 -7.412039
v 2.596568 17.042044 -7.412039
v 2.823881 17.101053 -7.412039
v 2.823881 17.042044 -7.412039
v 2.915983 17.101053 -7.412039
v 2.915983 17.042044 -7.412039
vt 0.459659 0.000000
vt 0.302788 0.000000
vt 0.397856 0.000000
vt 0.603980 0.000000
vt 0.761050 1.000000
vt 1.000000 1.000000
vt 0.279031 0.000000
vt 0.183476 0.000000
vt 0.116037 0.000000
vt 0.076436 0.000000
vt 0.192121 0.000000
vt 0.154483 0.000000
vt 0.371798 0.000000
vt 0.462617 0.000000
vt 0.611955 0.000000
vt 0.761050 0.000000
vt 0.804093 0.000000
vt 1.000000 0.000000
vt 0.459659 0.000000
vt 0.603980 0.000000
vt 0.397856 0.000000
vt 0.302788 0.000000
vt 1.000000 1.000000
vt 0.761050 1.000000
vt 0.279031 0.000000
vt 0.183476 0.000000
vt 0.116037 0.000000
vt 0.076436 0.000000
vt 0.192121 0.000000
vt 0.462617 0.000000
vt 0.371798 0.000000
vt 0.154483 0.000000
vt 0.761050 0.000000
vt 0.611955 0.000000
vt 1.000000 0.000000
vt 0.804093 0.000000
vt 0.603980 0.000000
vt 0.397856 0.000000
vt 1.000000 1.000000
vt 0.761050 1.000000
vt 0.302788 0.000000
vt 0.279031 0.000000
vt 0.459659 0.000000
vt 0.183476 0.000000
vt 0.076436 0.000000
vt 0.116037 0.000000
vt 0.192121 0.000000
vt 0.462617 0.000000
vt 0.154483 0.000000
vt 0.761050 0.000000
vt 0.611955 0.000000
vt 0.371798 0.000000
vt 1.000000 0.000000
vt 0.804093 0.000000
vn 0.000000 0.000000 1.000000
vn 0.000000 0.000000 1.000000
vn 0.000000 0.000000 1.000000
vn 0.000000 0.000000 1.000000
vn 0.000000 0.000000 1.000000
vn 0.000000 0.000000 1.000000
vn 0.000000 0.000000 1.000000
vn 0.000000 0.000000 1.000000
vn 0.000000 0.000000 1.000000
vn 0.000000 0.000000 1.000000
vn 0.000000 0.000000 1.000000
vn 0.000000 0.000000 1.000000
vn 0.000000 0.000000 1.000000
vn 0.000000 0.000000 1.000000
vn 0.000000 0.000000 1.000000
vn 0.000000 0.000000 1.000000
vn 0.000000 0.000000 1.000000
vn 0.000000 0.000000 1.000000
vn 0.000000 0.000000 -1.000000
vn 0.000000 0.000000 -1.000000
vn 0.000000 0.000000 -1.000000
vn 0.000000 0.000000 -1.000000
vn 0.000000 0.000000 -1.000000
vn 0.000000 0.000000 -1.000000
vn 0.000000 0.000000 -1.000000
vn 0.000000 0.000000 -1.000000
vn 0.000000 0.000000 -1.000000
vn 0.000000 0.000000 -1.000000
vn 0.000000 0.000000 -1.000000
vn 0.000000 0.000000 -1.000000
vn 0.000000 0.000000 -1.000000
vn 0.000000 0.000000 -1.000000
vn 0.000000 0.000000 -1.000000
vn 0.000000 0.000000 -1.000000
vn 0.000000 0.000000 -1.000000
vn 0.000000 0.000000 -1.000000
vn 1.000000 0.000000 0.000000
vn 1.000000 0.000000 0.000000
vn 1.000000 -0.000001 0.000000
vn 1.000000 -0.000001 0.000000
vn 1.000000 -0.000001 0.000000
vn 1.000000 -0.000001 0.000000
vn 0.000000 -1.000000 0.000000
vn 0.000000 -1.000000 0.000000
vn 0.000000 -1.000000 0.000000
vn 0.000000 -1.000000 0.000000
vn -1.000000 0.000000 0.000000
vn -1.000000 0.000000 0.000000
vn -1.000000 0.000000 0.000000
vn -1.000000 0.000000 0.000000
vn 0.000000 1.000000 0.000000
vn 0.000000 1.000000 0.000000
vn 0.000000 1.000000 0.000000
vn 0.000000 1.000000 0.000000
vn 0.000000 -1.000000 0.000000
vn 0.000000 -1.000000 0.000000
vn 0.000000 -1.000000 0.000000
vn 0.000000 -1.000000 0.000000
vn 0.000000 -1.000000 0.000000
vn 0.000000 -1.000000 0.000000
vn -1.000000 0.000000 0.000000
vn -1.000000 0.000000 0.000000
vn -1.000000 0.000000 0.000000
vn -1.000000 0.000000 0.000000
vn 0.000000 1.000000 0.000000
vn 0.000000 1.000000 0.000000
vn 0.000000 1.000000 0.000000
vn 0.000000 1.000000 0.000000
vn -1.000000 0.000000 0.000000
vn -1.000000 0.000000 0.000000
vn -1.000000 0.000000 0.000000
vn -1.000000 0.000000 0.000000
vn 0.000000 1.000000 0.000000
vn 0.000000 1.000000 0.000000
vn 0.000000 -1.000000 0.000000
vn 0.000000 -1.000000 0.000000
vn 0.000000 -1.000000 0.000000
vn 0.000000 -1.000000 0.000000
vn 0.000000 1.000000 0.000000
vn 0.000000 1.000000 0.000000
vn 1.000000 0.000000 0.000000
vn 1.000000 0.000000 0.000000
vn 1.000000 0.000000 0.000000
vn 1.000000 0.000000 0.000000
vn 0.999994 -0.003545 0.000000
vn 0.999994 -0.003545 0.000000
vn 0.999994 -0.003545 0.000000
vn 0.999994 -0.003545 0.000000
vn -1.000000 0.000000 0.000000
vn -1.000000 0.000000 0.000000
vn -1.000000 0.000000 0.000000
vn -1.000000 0.000000 0.000000
s 1
g Añadidos Letras Letras_inferiores polySurface7
usemtl initialShadingGroup
f 1169/2182/2161 1172/2183/2162 1171/2184/2163 1170/2185/2164
f 1172/2183/2162 1174/2186/2165 1173/2187/2166 1171/2184/2163
f 1175/2188/2167 1176/2189/2168 1172/2183/2162 1169/2182/2161
f 1177/2190/2169 1178/2191/2170 1176/2189/2168 1175/2188/2167
f 1179/2192/2171 1182/2193/2172 1181/2194/2173 1180/2195/2174
f 1180/2195/2174 1181/2194/2173 1184/2196/2175 1183/2197/2176
f 1183/2197/2176 1184/2196/2175 1186/2198/2177 1185/2199/2178
f 1182/2193/2172 1177/2190/2169 1175/2188/2167 1181/2194/2173
f 1184/2196/2175 1169/2182/2161 1170/2185/2164 1186/2198/2177
s 2
f 1167/2200/2179 1168/2201/2180 1153/2202/2181 1155/2203/2182
f 1155/2203/2182 1153/2202/2181 1152/2204/2183 1156/2205/2184
f 1166/2206/2185 1167/2200/2179 1155/2203/2182 1159/2207/2186
f 1165/2208/2187 1166/2206/2185 1159/2207/2186 1158/2209/2188
f 1157/2210/2189 1160/2211/2190 1162/2212/2191 1161/2213/2192
f 1160/2211/2190 1154/2214/2193 1163/2215/2194 1162/2212/2191
f 1154/2214/2193 1151/2216/2195 1164/2217/2196 1163/2215/2194
f 1161/2213/2192 1162/2212/2191 1166/2206/2185 1165/2208/2187
f 1163/2215/2194 1164/2217/2196 1168/2201/2180 1167/2200/2179
s 4
f 1168/2218/2197 1170/2185/2198 1171/2184/2199 1153/2219/2200
f 1153/2219/2200 1171/2184/2199 1173/2187/2201 1152/2220/2202
s off
f 1152/2220/2203 1173/2187/2204 1174/2186/2205 1156/2221/2206
f 1156/2221/2207 1174/2186/2208 1172/2183/2209 1155/2222/2210
f 1166/2223/2211 1175/2188/2212 1169/2182/2213 1167/2224/2214
s 5
f 1155/2222/2215 1172/2183/2216 1176/2189/2217 1159/2225/2218
f 1159/2225/2218 1176/2189/2217 1178/2191/2219 1158/2226/2220
s 6
f 1158/2226/2221 1178/2191/2222 1177/2190/2223 1165/2227/2224
s 7
f 1157/2228/2225 1179/2192/2226 1180/2195/2227 1160/2229/2228
s 6
f 1161/2230/2229 1182/2193/2230 1179/2192/2231 1157/2228/2232
s 7
f 1160/2229/2228 1180/2195/2227 1183/2197/2233 1154/2231/2234
s off
f 1163/2232/2235 1184/2196/2236 1181/2194/2237 1162/2233/2238
s 7
f 1154/2231/2234 1183/2197/2233 1185/2199/2239 1151/2234/2240
s 4
f 1151/2234/2241 1185/2199/2242 1186/2198/2243 1164/2235/2244
s off
f 1162/2233/2245 1181/2194/2246 1175/2188/2247 1166/2223/2248
s 6
f 1165/2227/2224 1177/2190/2223 1182/2193/2230 1161/2230/2229
s 4
f 1164/2235/2244 1186/2198/2243 1170/2185/2198 1168/2218/2197
s off
f 1167/2224/2249 1169/2182/2250 1184/2196/2251 1163/2232/2252
g default
v 17.512027 36.330637 -6.788137
v 17.607519 36.330596 -6.763301
v 17.512027 36.330637 -15.416938
v 17.600008 36.330584 -15.438017
v 17.599850 36.296866 -15.438003
v 17.607360 36.296878 -6.763288
v 17.511868 36.296919 -6.788124
v 17.511868 36.296919 -15.416924
v 17.511868 36.289238 -14.841670
v 17.600350 36.289186 -14.859689
v 17.511868 36.264939 -14.266417
v 17.600851 36.264888 -14.281374
v 17.512027 36.330637 -11.702124
v 17.511868 36.201056 -13.691164
v 17.601352 36.201005 -13.703061
v 17.603242 36.330590 -11.703437
v 17.511868 36.118719 -13.115910
v 17.601853 36.118670 -13.124746
v 17.511868 36.011964 -12.540656
v 17.602353 36.011915 -12.546431
v 17.511868 35.989897 -11.965403
v 17.602854 35.989849 -11.968117
v 17.511868 36.071013 -11.390150
v 17.603354 36.070966 -11.389803
v 17.511868 36.158614 -10.814897
v 17.603855 36.158568 -10.811488
v 17.511868 36.204962 -10.239644
v 17.604356 36.204917 -10.233174
v 17.511868 36.227561 -9.664390
v 17.604856 36.227516 -9.654859
v 17.511868 36.244436 -9.089137
v 17.605357 36.244392 -9.076546
v 17.511868 36.264121 -8.513884
v 17.605858 36.264078 -8.498231
v 17.511868 36.279046 -7.938630
v 17.606359 36.279004 -7.919917
v 17.511868 36.289238 -7.363377
v 17.606860 36.289197 -7.341603
v 17.511868 36.120132 -11.121238
v 17.603588 36.120085 -11.119461
v 17.511868 36.186627 -10.512563
v 17.604118 36.186581 -10.507546
v 17.511868 36.018962 -11.702111
v 17.603084 36.018916 -11.703424
v 17.511868 35.985360 -12.285163
v 17.602576 35.985312 -12.289578
vt 0.026753 0.046853
vt 0.261035 0.804789
vt 0.028804 0.025692
vt 0.114543 0.810137
vt 0.257656 0.804799
vt 0.118592 0.801199
vt 0.028804 0.167732
vt 0.118584 0.951778
vt 0.115093 0.951872
vt 0.026753 0.170309
vt 0.261847 0.948131
vt 0.257667 0.958358
vt 0.028804 0.165112
vt 0.264302 0.937903
vt 0.028804 0.162188
vt 0.117145 0.884209
vt 0.270751 0.927678
vt 0.257685 0.892307
vt 0.028804 0.159195
vt 0.279064 0.917456
vt 0.028804 0.155983
vt 0.289845 0.907231
vt 0.028804 0.152488
vt 0.082093 0.895148
vt 0.026753 0.154706
vt 0.292078 0.897002
vt 0.028804 0.144455
vt 0.085539 0.884586
vt 0.026753 0.149449
vt 0.283898 0.886764
vt 0.028804 0.133864
vt 0.096078 0.874111
vt 0.026753 0.139354
vt 0.275061 0.876515
vt 0.028804 0.122842
vt 0.103265 0.863675
vt 0.026753 0.128242
vt 0.270379 0.866265
vt 0.028804 0.110837
vt 0.268093 0.856019
vt 0.028804 0.097861
vt 0.266384 0.845774
vt 0.028804 0.083136
vt 0.264391 0.835530
vt 0.028804 0.066363
vt 0.262879 0.825285
vt 0.026753 0.155983
vt 0.292533 0.902690
vt 0.026753 0.152488
vt 0.289147 0.892317
vt 0.026753 0.133864
vt 0.272233 0.871127
vt 0.026753 0.144455
vt 0.278943 0.881973
vt 0.026753 0.066363
vt 0.261853 0.815039
vt 0.026753 0.083136
vt 0.026753 0.097861
vt 0.026753 0.110837
vt 0.026753 0.122842
vt 0.026753 0.159195
vt 0.026753 0.162188
vt 0.026753 0.165112
vt 0.026753 0.167732
vt 0.261071 0.958359
vt 0.026753 0.025692
vt 0.084813 0.899745
vt 0.028804 0.154706
vt 0.082558 0.889367
vt 0.028804 0.149449
vt 0.100228 0.868793
vt 0.028804 0.128242
vt 0.090921 0.878925
vt 0.028804 0.139354
vt 0.113272 0.820287
vt 0.028804 0.046853
vt 0.111648 0.829996
vt 0.109550 0.839703
vt 0.107706 0.849408
vt 0.105245 0.859092
vt 0.095800 0.910126
vt 0.104468 0.920566
vt 0.111313 0.930968
vt 0.114060 0.941395
vt 0.028804 0.170309
vt 0.115571 0.801069
vn 0.161027 -0.986838 0.014856
vn 0.210783 -0.977449 0.012832
vn -0.162287 -0.986656 0.013141
vn -0.168208 -0.985629 0.015555
vn 0.999996 -0.002656 -0.000845
vn -0.999997 0.002633 -0.000020
vn -0.116311 -0.992782 -0.029243
vn -0.999998 0.001998 0.000030
vn -0.176063 -0.984292 -0.013104
vn 0.223804 -0.974545 -0.013171
vn 0.104595 -0.994174 -0.026023
vn 0.999998 -0.002002 -0.000896
vn -0.970838 -0.238973 -0.019126
vn 0.969379 -0.244854 -0.018749
vn -0.967593 -0.250460 -0.032140
vn -1.000000 0.000950 0.000012
vn 0.966446 -0.254773 -0.032759
vn 0.999999 -0.000948 -0.000877
vn -0.930583 -0.361205 -0.059547
vn 0.928736 -0.365778 -0.060468
vn -0.903659 -0.422937 -0.067264
vn 0.899992 -0.430242 -0.070046
vn -0.845472 -0.533113 0.031117
vn -0.850373 -0.525827 -0.019262
vn 0.853247 -0.521067 -0.021429
vn 0.845632 -0.532950 0.029515
vn -0.862643 -0.498350 0.086572
vn -0.835376 -0.544302 0.076693
vn 0.836935 -0.542082 0.075414
vn 0.863236 -0.497477 0.085675
vn -0.833525 -0.549215 0.059990
vn -0.862629 -0.500090 0.076040
vn 0.861993 -0.501302 0.075258
vn 0.832516 -0.550839 0.059114
vn -0.787032 -0.616184 0.029948
vn -0.791818 -0.608778 0.049135
vn 0.790952 -0.609986 0.048088
vn 0.776887 -0.628959 0.029282
vn -0.673263 -0.738964 0.025499
vn 0.670980 -0.741069 0.024544
vn -0.963814 -0.266441 0.008449
vn 0.963039 -0.269252 0.007698
vn -0.969527 -0.244871 0.007496
vn 0.968658 -0.248315 0.006457
vn -0.122788 -0.992188 0.022065
vn 0.113848 -0.993275 0.021046
s 1
g Recepcion2 Recepcion Accesorio_techo group1 Techo
usemtl lambert6SG
f 1224/2236/2253 1192/2301/2254 1193/2238/2255 1223/2311/2256
f 1188/2240/2257 1192/2237/2254 1224/2291/2253
f 1193/2321/2255 1187/2241/2258 1223/2239/2256
f 1195/2319/2259 1189/2243/2260 1194/2244/2261
f 1191/2245/2262 1196/2299/2263 1195/2242/2259 1194/2320/2261
f 1190/2247/2264 1196/2246/2263 1191/2300/2262
f 1197/2318/2265 1189/2243/2260 1195/2319/2259
f 1196/2299/2263 1198/2298/2266 1197/2248/2265 1195/2242/2259
f 1190/2247/2264 1198/2249/2266 1196/2246/2263
f 1200/2317/2267 1199/2251/2268 1189/2243/2260 1197/2318/2265
f 1198/2298/2266 1201/2297/2269 1200/2250/2267 1197/2248/2265
f 1190/2247/2264 1202/2253/2270 1201/2252/2269 1198/2249/2266
f 1203/2316/2271 1199/2251/2268 1200/2317/2267
f 1201/2297/2269 1204/2296/2272 1203/2254/2271 1200/2250/2267
f 1202/2253/2270 1204/2255/2272 1201/2252/2269
f 1205/2302/2273 1199/2251/2268 1203/2316/2271
f 1204/2296/2272 1206/2282/2274 1205/2256/2273 1203/2254/2271
f 1202/2253/2270 1206/2257/2274 1204/2255/2272
f 1207/2304/2275 1199/2251/2268 1231/2259/2276
f 1232/2260/2277 1208/2284/2278 1207/2258/2275 1231/2303/2276
f 1202/2253/2270 1208/2261/2278 1232/2283/2277
f 1209/2308/2279 1199/2251/2268 1229/2263/2280
f 1230/2264/2281 1210/2288/2282 1209/2262/2279 1229/2305/2280
f 1202/2253/2270 1210/2265/2282 1230/2285/2281
f 1211/2306/2283 1199/2251/2268 1225/2267/2284
f 1226/2268/2285 1212/2286/2286 1211/2266/2283 1225/2309/2284
f 1202/2253/2270 1212/2269/2286 1226/2289/2285
f 1213/2315/2287 1199/2251/2268 1227/2271/2288
f 1228/2272/2289 1214/2295/2290 1213/2270/2287 1227/2307/2288
f 1202/2253/2270 1214/2273/2290 1228/2287/2289
f 1215/2314/2291 1199/2251/2268 1213/2315/2287
f 1214/2295/2290 1216/2294/2292 1215/2274/2291 1213/2270/2287
f 1202/2253/2270 1216/2275/2292 1214/2273/2290
f 1217/2313/2293 1199/2251/2268 1215/2314/2291
f 1216/2294/2292 1218/2293/2294 1217/2276/2293 1215/2274/2291
f 1202/2253/2270 1218/2277/2294 1216/2275/2292
f 1219/2312/2295 1187/2241/2258 1199/2251/2268 1217/2313/2293
f 1218/2293/2294 1220/2292/2296 1219/2278/2295 1217/2276/2293
f 1202/2253/2270 1188/2240/2257 1220/2279/2296 1218/2277/2294
f 1221/2310/2297 1187/2241/2258 1219/2312/2295
f 1220/2292/2296 1222/2290/2298 1221/2280/2297 1219/2278/2295
f 1188/2240/2257 1222/2281/2298 1220/2279/2296
f 1223/2239/2256 1187/2241/2258 1221/2310/2297
f 1222/2290/2298 1224/2236/2253 1223/2311/2256 1221/2280/2297
f 1188/2240/2257 1224/2291/2253 1222/2281/2298
f 1225/2267/2284 1199/2251/2268 1209/2308/2279
f 1210/2288/2282 1226/2268/2285 1225/2309/2284 1209/2262/2279
f 1202/2253/2270 1226/2289/2285 1210/2265/2282
f 1227/2271/2288 1199/2251/2268 1211/2306/2283
f 1212/2286/2286 1228/2272/2289 1227/2307/2288 1211/2266/2283
f 1202/2253/2270 1228/2287/2289 1212/2269/2286
f 1229/2263/2280 1199/2251/2268 1207/2304/2275
f 1208/2284/2278 1230/2264/2281 1229/2305/2280 1207/2258/2275
f 1202/2253/2270 1230/2285/2281 1208/2261/2278
f 1231/2259/2276 1199/2251/2268 1205/2302/2273
f 1206/2282/2274 1232/2260/2277 1231/2303/2276 1205/2256/2273
f 1202/2253/2270 1232/2283/2277 1206/2257/2274
g default
v -9.600797 30.870271 -18.182495
v -9.600797 30.870271 -5.745056
v -15.644820 30.870271 -18.182495
v -15.644820 30.870271 -5.745056
vt 0.834001 0.590382
vt 0.947819 0.590403
vt 0.947776 0.824619
vt 0.833957 0.824597
vn 0.000000 1.000000 0.000000
vn 0.000000 1.000000 0.000000
vn 0.000000 1.000000 0.000000
vn 0.000000 1.000000 0.000000
s off
g Recepcion2 Recepcion group1 Techo Techo_superior
usemtl lambert6SG
f 1236/2322/2299 1234/2323/2300 1233/2324/2301 1235/2325/2302
g default
v 21.910645 36.943414 -6.788137
v 22.006137 36.943373 -6.763301
v 21.910645 36.943414 -15.416938
v 21.998627 36.943361 -15.438017
v 21.998468 36.909643 -15.438003
v 22.005980 36.909655 -6.763288
v 21.910487 36.909696 -6.788124
v 21.910487 36.909696 -15.416924
v 21.910487 36.892331 -14.841670
v 21.998970 36.892279 -14.859689
v 21.910645 36.943414 -13.997574
v 21.910487 36.835145 -14.266417
v 21.999470 36.835094 -14.281374
v 21.999862 36.943364 -14.011100
v 21.910487 36.815770 -13.691164
v 21.999971 36.815720 -13.703061
v 21.910487 36.840603 -13.115910
v 22.000471 36.840553 -13.124746
v 21.910645 36.943414 -11.965417
v 21.910487 36.873171 -12.540656
v 22.000973 36.873123 -12.546431
v 22.001631 36.943366 -11.968130
v 21.910487 36.890432 -11.965403
v 22.001474 36.890385 -11.968117
v 21.910487 36.878197 -11.390150
v 22.001973 36.878151 -11.389803
v 21.910645 36.943414 -9.089150
v 21.910487 36.748478 -10.814897
v 22.002474 36.748432 -10.811488
v 22.004135 36.943370 -9.076558
v 21.910487 36.545662 -10.239644
v 22.002974 36.545616 -10.233174
v 21.910487 36.427278 -9.664390
v 22.003476 36.427233 -9.654859
v 21.910487 36.413622 -9.089137
v 22.003976 36.413578 -9.076546
v 21.910487 36.435504 -8.513884
v 22.004477 36.435461 -8.498231
v 21.910487 36.563065 -7.938630
v 22.004978 36.563023 -7.919917
v 21.910487 36.830098 -7.363377
v 22.005478 36.830057 -7.341603
v 21.910487 36.845162 -11.121238
v 22.002208 36.845115 -11.119461
v 21.910487 36.639679 -10.512563
v 22.002737 36.639633 -10.507546
v 21.910487 36.891084 -11.702111
v 22.001702 36.891037 -11.703424
v 21.910487 36.868337 -14.551320
v 21.999222 36.868286 -14.567794
v 21.910487 36.825281 -13.425957
v 22.000202 36.825231 -13.436443
v 21.910487 36.816411 -13.997560
v 21.999704 36.816360 -14.011087
v 21.910487 36.754423 -7.583457
v 22.005287 36.754381 -7.562854
v 21.910487 36.888488 -7.127272
v 22.005684 36.888447 -7.104241
v 21.910487 36.470788 -8.230619
v 22.004723 36.470745 -8.213459
v 21.910487 36.418124 -8.826812
v 22.004205 36.418081 -8.812825
v 21.910487 36.414361 -9.407018
v 22.003699 36.414317 -9.396119
v 21.910487 36.473406 -9.988946
v 22.003193 36.473360 -9.981143
vt 0.971354 0.361088
vt 0.126617 0.824648
vt 0.973337 0.348443
vt 0.546238 0.823963
vt 0.122180 0.826758
vt 0.551846 0.817860
vt 0.973337 0.522655
vt 0.550529 0.969492
vt 0.547221 0.969410
vt 0.971354 0.533626
vt 0.140261 0.957266
vt 0.139691 0.965339
vt 0.973337 0.510750
vt 0.551134 0.945079
vt 0.543532 0.954428
vt 0.971354 0.516715
vt 0.141325 0.949105
vt 0.132798 0.948848
vt 0.973337 0.502758
vt 0.538651 0.944801
vt 0.971354 0.506375
vt 0.140055 0.941852
vt 0.973337 0.499045
vt 0.539719 0.934982
vt 0.971354 0.500602
vt 0.135840 0.935615
vt 0.973337 0.496709
vt 0.551840 0.909999
vt 0.131065 0.929529
vt 0.123640 0.924157
vt 0.973337 0.494130
vt 0.127985 0.923270
vt 0.973337 0.489761
vt 0.546569 0.905326
vt 0.971354 0.492460
vt 0.129949 0.913612
vt 0.973337 0.480341
vt 0.551861 0.858914
vt 0.541898 0.895016
vt 0.971354 0.486590
vt 0.143156 0.903083
vt 0.122167 0.871734
vt 0.973337 0.469355
vt 0.521056 0.884222
vt 0.971354 0.474021
vt 0.164358 0.892459
vt 0.973337 0.465378
vt 0.504178 0.874923
vt 0.971354 0.466672
vt 0.176798 0.881731
vt 0.973337 0.461655
vt 0.498180 0.864578
vt 0.971354 0.464380
vt 0.178198 0.871080
vt 0.973337 0.451388
vt 0.498553 0.854260
vt 0.971354 0.457918
vt 0.175869 0.860436
vt 0.973337 0.425739
vt 0.503886 0.843654
vt 0.971354 0.442839
vt 0.162423 0.849863
vt 0.973337 0.375092
vt 0.532645 0.832120
vt 0.971354 0.390757
vt 0.134484 0.838989
vt 0.971354 0.469355
vt 0.171959 0.887771
vt 0.971354 0.465378
vt 0.178141 0.876959
vt 0.971354 0.461655
vt 0.177712 0.866223
vt 0.971354 0.451388
vt 0.172143 0.855209
vt 0.971354 0.375092
vt 0.128352 0.834342
vt 0.971354 0.425739
vt 0.142369 0.843273
vt 0.971354 0.510750
vt 0.141371 0.945483
vt 0.971354 0.502758
vt 0.138246 0.938938
vt 0.971354 0.522655
vt 0.140444 0.953266
vt 0.971354 0.494130
vt 0.128566 0.919286
vt 0.971354 0.480341
vt 0.154486 0.897530
vt 0.971354 0.489761
vt 0.133237 0.908688
vt 0.971354 0.496709
vt 0.971354 0.499045
vt 0.141909 0.964403
vt 0.971354 0.348443
vt 0.511513 0.879377
vt 0.973337 0.466672
vt 0.499493 0.869154
vt 0.973337 0.464380
vt 0.498100 0.858925
vt 0.973337 0.457918
vt 0.500311 0.848694
vt 0.973337 0.442839
vt 0.540316 0.828185
vt 0.973337 0.361088
vt 0.513242 0.838458
vt 0.973337 0.390757
vt 0.540390 0.949461
vt 0.973337 0.506375
vt 0.538695 0.939529
vt 0.973337 0.500602
vt 0.545762 0.959476
vt 0.973337 0.516715
vt 0.546565 0.909934
vt 0.973337 0.492460
vt 0.532095 0.889585
vt 0.973337 0.474021
vt 0.545246 0.899789
vt 0.973337 0.486590
vt 0.544726 0.919806
vt 0.541328 0.929666
vt 0.973337 0.533626
vt 0.548391 0.817867
vn 0.971307 -0.236011 0.029368
vn 0.228963 -0.971560 0.060387
vn -0.199714 -0.977954 0.060998
vn -0.976885 -0.211438 0.031465
vn 0.999998 -0.001725 -0.000818
vn -0.999998 0.001733 -0.000049
vn -0.830529 -0.556265 -0.028143
vn -0.999995 0.003193 0.000067
vn -0.189390 -0.981457 -0.029544
vn 0.232083 -0.972249 -0.029473
vn 0.803205 -0.595066 -0.027518
vn 0.999994 -0.003172 -0.000933
vn -0.577718 -0.812843 -0.074342
vn -0.999998 0.001814 0.000008
vn -0.861900 -0.504509 -0.050986
vn 0.854424 -0.517062 -0.051058
vn 0.562871 -0.822753 -0.079074
vn 0.999998 -0.001806 -0.000874
vn -0.566152 -0.824182 0.014001
vn -0.534531 -0.844752 -0.025906
vn 0.536061 -0.843602 -0.031217
vn 0.564527 -0.825340 0.011106
vn -0.908758 -0.416709 0.022624
vn -0.620610 -0.783378 0.034089
vn 0.629965 -0.775942 0.032519
vn 0.914355 -0.404375 0.020890
vn -0.898241 -0.439102 0.018782
vn -0.999998 0.001943 -0.000007
vn 0.898553 -0.438482 0.018311
vn 0.999998 -0.001946 -0.000859
vn -0.299041 -0.954029 0.020099
vn 0.297120 -0.954625 0.020254
vn -0.982493 -0.185716 -0.014752
vn -0.261535 -0.964973 -0.020660
vn 0.261334 -0.965029 -0.020572
vn 0.982025 -0.188105 -0.015597
vn -0.971024 -0.226505 -0.076211
vn -1.000000 0.000540 -0.000009
vn -0.984049 -0.173537 -0.039152
vn 0.983871 -0.174351 -0.039989
vn 0.971518 -0.224303 -0.076428
vn 0.999999 -0.000539 -0.000857
vn -0.965125 -0.249528 -0.079176
vn -0.970122 -0.228870 -0.080506
vn 0.970821 -0.225973 -0.080266
vn 0.965990 -0.246317 -0.078683
vn -0.932081 -0.360321 -0.037322
vn -0.952481 -0.298239 -0.061922
vn 0.951857 -0.300271 -0.061689
vn 0.933739 -0.356144 -0.035944
vn -0.938436 -0.345447 0.001976
vn -0.935848 -0.352291 -0.008905
vn 0.934537 -0.355762 -0.008644
vn 0.940478 -0.339852 0.001653
vn -0.935864 -0.351089 0.029917
vn -0.936002 -0.351764 0.012777
vn 0.934596 -0.355463 0.013265
vn 0.937575 -0.346419 0.030769
vn -0.964315 -0.243010 0.105085
vn -0.940811 -0.331369 0.071198
vn 0.941533 -0.328668 0.074113
vn 0.962110 -0.249673 0.109576
vn -0.980584 -0.187939 0.055983
vn -0.978751 -0.185776 0.086800
vn 0.977620 -0.191559 0.086968
vn 0.978597 -0.197952 0.056236
s 1
g Recepcion2 Recepcion group1 Techo Accesorio_techo1
usemtl lambert6SG
f 1294/2326/2303 1242/2419/2304 1243/2328/2305 1293/2429/2306
f 1238/2330/2307 1242/2327/2304 1294/2401/2303
f 1243/2447/2305 1237/2331/2308 1293/2329/2306
f 1245/2436/2309 1239/2333/2310 1244/2334/2311
f 1241/2335/2312 1246/2408/2313 1245/2332/2309 1244/2446/2311
f 1240/2337/2314 1246/2336/2313 1241/2418/2312
f 1248/2432/2315 1247/2339/2316 1285/2340/2317
f 1286/2341/2318 1249/2404/2319 1248/2338/2315 1285/2437/2317
f 1250/2343/2320 1249/2342/2319 1286/2409/2318
f 1251/2434/2321 1247/2339/2316 1289/2345/2322
f 1290/2346/2323 1252/2406/2324 1251/2344/2321 1289/2433/2322
f 1250/2343/2320 1252/2347/2324 1290/2405/2323
f 1253/2445/2325 1247/2339/2316 1287/2349/2326
f 1288/2350/2327 1254/2417/2328 1253/2348/2325 1287/2435/2326
f 1250/2343/2320 1254/2351/2328 1288/2407/2327
f 1256/2444/2329 1255/2353/2330 1247/2339/2316 1253/2445/2325
f 1254/2417/2328 1257/2416/2331 1256/2352/2329 1253/2348/2325
f 1250/2343/2320 1258/2355/2332 1257/2354/2331 1254/2351/2328
f 1259/2438/2333 1255/2353/2330 1256/2444/2329
f 1257/2416/2331 1260/2410/2334 1259/2356/2333 1256/2352/2329
f 1258/2355/2332 1260/2357/2334 1257/2354/2331
f 1261/2442/2335 1255/2353/2330 1283/2359/2336
f 1284/2360/2337 1262/2414/2338 1261/2358/2335 1283/2439/2336
f 1258/2355/2332 1262/2361/2338 1284/2411/2337
f 1264/2440/2339 1263/2363/2340 1279/2364/2341
f 1280/2365/2342 1265/2412/2343 1264/2362/2339 1279/2443/2341
f 1266/2367/2344 1265/2366/2343 1280/2415/2342
f 1267/2420/2345 1263/2363/2340 1281/2369/2346
f 1282/2370/2347 1268/2392/2348 1267/2368/2345 1281/2441/2346
f 1266/2367/2344 1268/2371/2348 1282/2413/2347
f 1269/2422/2349 1263/2363/2340 1301/2373/2350
f 1302/2374/2351 1270/2394/2352 1269/2372/2349 1301/2421/2350
f 1266/2367/2344 1270/2375/2352 1302/2393/2351
f 1271/2424/2353 1263/2363/2340 1299/2377/2354
f 1300/2378/2355 1272/2396/2356 1271/2376/2353 1299/2423/2354
f 1266/2367/2344 1272/2379/2356 1300/2395/2355
f 1273/2426/2357 1263/2363/2340 1297/2381/2358
f 1298/2382/2359 1274/2398/2360 1273/2380/2357 1297/2425/2358
f 1266/2367/2344 1274/2383/2360 1298/2397/2359
f 1275/2430/2361 1263/2363/2340 1295/2385/2362
f 1296/2386/2363 1276/2402/2364 1275/2384/2361 1295/2427/2362
f 1266/2367/2344 1276/2387/2364 1296/2399/2363
f 1277/2428/2365 1263/2363/2340 1291/2389/2366
f 1292/2390/2367 1278/2400/2368 1277/2388/2365 1291/2431/2366
f 1266/2367/2344 1278/2391/2368 1292/2403/2367
f 1279/2364/2341 1263/2363/2340 1255/2353/2330 1261/2442/2335
f 1262/2414/2338 1280/2365/2342 1279/2443/2341 1261/2358/2335
f 1258/2355/2332 1266/2367/2344 1280/2415/2342 1262/2361/2338
f 1281/2369/2346 1263/2363/2340 1264/2440/2339
f 1265/2412/2343 1282/2370/2347 1281/2441/2346 1264/2362/2339
f 1266/2367/2344 1282/2413/2347 1265/2366/2343
f 1283/2359/2336 1255/2353/2330 1259/2438/2333
f 1260/2410/2334 1284/2360/2337 1283/2439/2336 1259/2356/2333
f 1258/2355/2332 1284/2411/2337 1260/2357/2334
f 1285/2340/2317 1247/2339/2316 1239/2333/2310 1245/2436/2309
f 1246/2408/2313 1286/2341/2318 1285/2437/2317 1245/2332/2309
f 1240/2337/2314 1250/2343/2320 1286/2409/2318 1246/2336/2313
f 1287/2349/2326 1247/2339/2316 1251/2434/2321
f 1252/2406/2324 1288/2350/2327 1287/2435/2326 1251/2344/2321
f 1250/2343/2320 1288/2407/2327 1252/2347/2324
f 1289/2345/2322 1247/2339/2316 1248/2432/2315
f 1249/2404/2319 1290/2346/2323 1289/2433/2322 1248/2338/2315
f 1250/2343/2320 1290/2405/2323 1249/2342/2319
f 1291/2389/2366 1263/2363/2340 1275/2430/2361
f 1276/2402/2364 1292/2390/2367 1291/2431/2366 1275/2384/2361
f 1266/2367/2344 1292/2403/2367 1276/2387/2364
f 1293/2329/2306 1237/2331/2308 1263/2363/2340 1277/2428/2365
f 1278/2400/2368 1294/2326/2303 1293/2429/2306 1277/2388/2365
f 1266/2367/2344 1238/2330/2307 1294/2401/2303 1278/2391/2368
f 1295/2385/2362 1263/2363/2340 1273/2426/2357
f 1274/2398/2360 1296/2386/2363 1295/2427/2362 1273/2380/2357
f 1266/2367/2344 1296/2399/2363 1274/2383/2360
f 1297/2381/2358 1263/2363/2340 1271/2424/2353
f 1272/2396/2356 1298/2382/2359 1297/2425/2358 1271/2376/2353
f 1266/2367/2344 1298/2397/2359 1272/2379/2356
f 1299/2377/2354 1263/2363/2340 1269/2422/2349
f 1270/2394/2352 1300/2378/2355 1299/2423/2354 1269/2372/2349
f 1266/2367/2344 1300/2395/2355 1270/2375/2352
f 1301/2373/2350 1263/2363/2340 1267/2420/2345
f 1268/2392/2348 1302/2374/2351 1301/2421/2350 1267/2368/2345
f 1266/2367/2344 1302/2393/2351 1268/2371/2348
g default
v 9.874385 30.870271 -20.519335
v 9.874385 30.870271 -3.730382
v -9.600797 30.870271 -20.519335
v -9.600797 30.870271 -3.730382
vt 0.145130 0.369399
vt 0.145067 0.002651
vt 0.461229 0.002596
vt 0.461293 0.369345
vn 0.000000 1.000000 0.000000
vn 0.000000 1.000000 0.000000
vn 0.000000 1.000000 0.000000
vn 0.000000 1.000000 0.000000
s off
g Recepcion2 Recepcion group1 Techo Techo_accesorio
usemtl lambert6SG
f 1306/2448/2369 1304/2449/2370 1303/2450/2371 1305/2451/2372
g default
v 14.421821 36.782786 -6.788137
v 14.517313 36.782745 -6.763301
v 14.421821 36.782786 -15.416938
v 14.509803 36.782733 -15.438017
v 14.509644 36.749015 -15.438003
v 14.517154 36.749027 -6.763288
v 14.421661 36.749068 -6.788124
v 14.421661 36.749068 -15.416924
v 14.421661 36.741387 -14.841670
v 14.510145 36.741335 -14.859689
v 14.421821 36.782786 -11.121253
v 14.421661 36.717088 -14.266417
v 14.510645 36.717037 -14.281374
v 14.513541 36.782740 -11.119474
v 14.421661 36.653205 -13.691164
v 14.511146 36.653154 -13.703061
v 14.421661 36.570868 -13.115910
v 14.511647 36.570819 -13.124746
v 14.421661 36.477932 -12.540656
v 14.512148 36.477884 -12.546431
v 14.421661 36.385034 -11.965403
v 14.512648 36.384986 -11.968117
v 14.421661 36.316605 -11.390150
v 14.513149 36.316559 -11.389803
v 14.421661 36.316605 -10.814897
v 14.513650 36.316559 -10.811488
v 14.421661 36.385034 -10.239644
v 14.514149 36.384988 -10.233174
v 14.421661 36.477932 -9.664390
v 14.514651 36.477887 -9.654859
v 14.421661 36.570868 -9.089137
v 14.515152 36.570824 -9.076546
v 14.421661 36.653205 -8.513884
v 14.515652 36.653162 -8.498231
v 14.421661 36.717088 -7.938630
v 14.516153 36.717046 -7.919917
v 14.421661 36.741387 -7.363377
v 14.516653 36.741346 -7.341603
v 14.421661 36.301362 -11.121238
v 14.513383 36.301316 -11.119461
v 14.421661 36.344956 -10.512563
v 14.513913 36.344910 -10.507546
v 14.421661 36.346101 -11.702111
v 14.512877 36.346054 -11.703424
vt 0.954179 0.354960
vt 0.066465 0.721495
vt 0.956005 0.336373
vt 0.969985 0.793400
vt 0.063092 0.721474
vt 0.974165 0.783219
vt 0.956005 0.504709
vt 0.974175 0.935941
vt 0.970771 0.935941
vt 0.954179 0.509713
vt 0.067202 0.864871
vt 0.063032 0.875093
vt 0.956005 0.499549
vt 0.974170 0.859909
vt 0.069647 0.854650
vt 0.063010 0.798771
vt 0.956005 0.493531
vt 0.076081 0.844433
vt 0.956005 0.486504
vt 0.084373 0.834225
vt 0.956005 0.479538
vt 0.093742 0.824031
vt 0.956005 0.473547
vt 0.103126 0.813835
vt 0.956005 0.470897
vt 0.930074 0.870192
vt 0.954179 0.471892
vt 0.110059 0.803628
vt 0.956005 0.466013
vt 0.925555 0.859912
vt 0.954179 0.469359
vt 0.110094 0.793403
vt 0.956005 0.453744
vt 0.929957 0.849139
vt 0.954179 0.460812
vt 0.103216 0.783151
vt 0.956005 0.435532
vt 0.093869 0.772875
vt 0.956005 0.415444
vt 0.084502 0.762578
vt 0.956005 0.394581
vt 0.076186 0.752284
vt 0.956005 0.373880
vt 0.069729 0.742002
vt 0.934006 0.874852
vt 0.956005 0.471892
vt 0.927095 0.854491
vt 0.956005 0.460812
vt 0.927094 0.864671
vt 0.956005 0.469359
vt 0.967532 0.803582
vt 0.956005 0.354960
vt 0.961082 0.813764
vt 0.952769 0.823946
vt 0.943384 0.834126
vt 0.934005 0.844308
vt 0.943387 0.885034
vt 0.952771 0.895216
vt 0.961087 0.905396
vt 0.967539 0.915577
vt 0.969994 0.925759
vt 0.956005 0.509713
vt 0.970761 0.783221
vt 0.954179 0.473547
vt 0.107066 0.809166
vt 0.954179 0.466013
vt 0.107249 0.788018
vt 0.954179 0.470897
vt 0.111614 0.798851
vt 0.954179 0.373880
vt 0.067279 0.731733
vt 0.954179 0.394581
vt 0.954179 0.415444
vt 0.954179 0.435532
vt 0.954179 0.453744
vt 0.954179 0.479538
vt 0.954179 0.486504
vt 0.954179 0.493531
vt 0.954179 0.499549
vt 0.954179 0.504709
vt 0.066440 0.875091
vt 0.954179 0.336373
vn 0.931390 -0.363922 0.008518
vn 0.210780 -0.977449 0.012832
vn -0.162286 -0.986656 0.013140
vn -0.933525 -0.358354 0.010670
vn 0.999995 -0.002999 -0.000845
vn -0.999995 0.003003 -0.000022
vn -0.940570 -0.339451 -0.010063
vn -0.999995 0.003008 0.000022
vn -0.176059 -0.984292 -0.013105
vn 0.223798 -0.974547 -0.013172
vn 0.938800 -0.344325 -0.009738
vn 0.999995 -0.002969 -0.000887
vn -0.950938 -0.308393 -0.024714
vn -1.000000 0.000513 0.000000
vn 0.948180 -0.316827 -0.023967
vn 0.999999 -0.000508 -0.000866
vn -0.930852 -0.362448 -0.046323
vn 0.928882 -0.367378 -0.047022
vn -0.944685 -0.324239 -0.049399
vn 0.943703 -0.326935 -0.050373
vn -0.946017 -0.319991 -0.051547
vn 0.945616 -0.321015 -0.052534
vn -0.933353 -0.354631 -0.055575
vn 0.932274 -0.357260 -0.056844
vn -0.925958 -0.376516 -0.028933
vn -0.933412 -0.356316 -0.042204
vn 0.933876 -0.355007 -0.042964
vn 0.926494 -0.375145 -0.029585
vn -0.926298 -0.375845 0.026698
vn -0.905283 -0.424808 -0.000219
vn 0.905856 -0.423586 -0.000492
vn 0.926785 -0.374683 0.026138
vn -0.934089 -0.352762 0.055098
vn -0.932057 -0.359814 0.042459
vn 0.932677 -0.358265 0.041958
vn 0.931033 -0.360664 0.055662
vn -0.944649 -0.323906 0.052182
vn 0.943835 -0.326340 0.051752
vn -0.942130 -0.331418 0.050532
vn 0.940596 -0.335824 0.050014
vn -0.926242 -0.373879 0.047855
vn 0.923426 -0.380892 0.046977
vn -0.946294 -0.322265 0.025941
vn 0.942866 -0.332361 0.023215
s 1
g Recepcion2 Recepcion group1 Techo Accesorio_techo3
usemtl lambert6SG
f 1344/2452/2373 1312/2533/2374 1313/2454/2375 1343/2503/2376
f 1308/2456/2377 1312/2453/2374 1344/2522/2373
f 1313/2514/2375 1307/2457/2378 1343/2455/2376
f 1315/2512/2379 1309/2459/2380 1314/2460/2381
f 1311/2461/2382 1316/2531/2383 1315/2458/2379 1314/2513/2381
f 1310/2463/2384 1316/2462/2383 1311/2532/2382
f 1318/2511/2385 1317/2465/2386 1309/2459/2380 1315/2512/2379
f 1316/2531/2383 1319/2530/2387 1318/2464/2385 1315/2458/2379
f 1310/2463/2384 1320/2467/2388 1319/2466/2387 1316/2462/2383
f 1321/2510/2389 1317/2465/2386 1318/2511/2385
f 1319/2530/2387 1322/2529/2390 1321/2468/2389 1318/2464/2385
f 1320/2467/2388 1322/2469/2390 1319/2466/2387
f 1323/2509/2391 1317/2465/2386 1321/2510/2389
f 1322/2529/2390 1324/2528/2392 1323/2470/2391 1321/2468/2389
f 1320/2467/2388 1324/2471/2392 1322/2469/2390
f 1325/2508/2393 1317/2465/2386 1323/2509/2391
f 1324/2528/2392 1326/2527/2394 1325/2472/2393 1323/2470/2391
f 1320/2467/2388 1326/2473/2394 1324/2471/2392
f 1327/2496/2395 1317/2465/2386 1325/2508/2393
f 1326/2527/2394 1328/2515/2396 1327/2474/2395 1325/2472/2393
f 1320/2467/2388 1328/2475/2396 1326/2473/2394
f 1329/2500/2397 1317/2465/2386 1349/2477/2398
f 1350/2478/2399 1330/2519/2400 1329/2476/2397 1349/2497/2398
f 1320/2467/2388 1330/2479/2400 1350/2516/2399
f 1331/2498/2401 1317/2465/2386 1345/2481/2402
f 1346/2482/2403 1332/2517/2404 1331/2480/2401 1345/2501/2402
f 1320/2467/2388 1332/2483/2404 1346/2520/2403
f 1333/2507/2405 1317/2465/2386 1347/2485/2406
f 1348/2486/2407 1334/2526/2408 1333/2484/2405 1347/2499/2406
f 1320/2467/2388 1334/2487/2408 1348/2518/2407
f 1335/2506/2409 1317/2465/2386 1333/2507/2405
f 1334/2526/2408 1336/2525/2410 1335/2488/2409 1333/2484/2405
f 1320/2467/2388 1336/2489/2410 1334/2487/2408
f 1337/2505/2411 1317/2465/2386 1335/2506/2409
f 1336/2525/2410 1338/2524/2412 1337/2490/2411 1335/2488/2409
f 1320/2467/2388 1338/2491/2412 1336/2489/2410
f 1339/2504/2413 1317/2465/2386 1337/2505/2411
f 1338/2524/2412 1340/2523/2414 1339/2492/2413 1337/2490/2411
f 1320/2467/2388 1340/2493/2414 1338/2491/2412
f 1341/2502/2415 1317/2465/2386 1339/2504/2413
f 1340/2523/2414 1342/2521/2416 1341/2494/2415 1339/2492/2413
f 1320/2467/2388 1342/2495/2416 1340/2493/2414
f 1343/2455/2376 1307/2457/2378 1317/2465/2386 1341/2502/2415
f 1342/2521/2416 1344/2452/2373 1343/2503/2376 1341/2494/2415
f 1320/2467/2388 1308/2456/2377 1344/2522/2373 1342/2495/2416
f 1345/2481/2402 1317/2465/2386 1329/2500/2397
f 1330/2519/2400 1346/2482/2403 1345/2501/2402 1329/2476/2397
f 1320/2467/2388 1346/2520/2403 1330/2479/2400
f 1347/2485/2406 1317/2465/2386 1331/2498/2401
f 1332/2517/2404 1348/2486/2407 1347/2499/2406 1331/2480/2401
f 1320/2467/2388 1348/2518/2407 1332/2483/2404
f 1349/2477/2398 1317/2465/2386 1327/2496/2395
f 1328/2515/2396 1350/2478/2399 1349/2497/2398 1327/2474/2395
f 1320/2467/2388 1350/2516/2399 1328/2475/2396
g default
v 19.071866 39.004166 -3.064590
v 19.137877 39.004124 -3.018310
v 19.071866 39.004166 -19.143739
v 19.132685 39.004112 -19.183019
v 19.132576 38.969723 -19.182994
v 19.137768 38.969735 -3.018286
v 19.071756 38.969777 -3.064566
v 19.071756 38.969777 -19.143714
v 19.071756 38.952067 -18.071770
v 19.132922 38.952014 -18.105346
v 19.071866 39.004166 -16.498858
v 19.071756 38.893744 -16.999826
v 19.133268 38.893691 -17.027698
v 19.133539 39.004114 -16.524062
v 19.071756 38.873982 -15.927885
v 19.133614 38.873931 -15.950053
v 19.071756 38.899309 -14.855940
v 19.133960 38.899259 -14.872405
v 19.071866 39.004166 -12.712079
v 19.071756 38.932526 -13.783996
v 19.134308 38.932476 -13.794756
v 19.134762 39.004117 -12.717135
v 19.071756 38.950130 -12.712052
v 19.134653 38.950082 -12.717110
v 19.071756 38.937651 -11.640109
v 19.134999 38.937604 -11.639463
v 19.071866 39.004166 -7.352362
v 19.071756 38.805352 -10.568167
v 19.135345 38.805306 -10.561815
v 19.136493 39.004121 -7.328898
v 19.071756 38.598501 -9.496224
v 19.135691 38.598455 -9.484169
v 19.071756 38.477763 -8.424280
v 19.136037 38.477717 -8.406521
v 19.071756 38.463835 -7.352337
v 19.136383 38.463790 -7.328875
v 19.071756 38.486152 -6.280394
v 19.136729 38.486109 -6.251227
v 19.071756 38.616251 -5.208451
v 19.137076 38.616208 -5.173580
v 19.071756 38.888596 -4.136508
v 19.137422 38.888554 -4.095933
v 19.071756 38.903959 -11.139012
v 19.135161 38.903912 -11.135701
v 19.071756 38.694389 -10.004791
v 19.135527 38.694342 -9.995441
v 19.071756 38.950794 -12.221426
v 19.134811 38.950747 -12.223873
v 19.071756 38.927596 -17.530723
v 19.133097 38.927543 -17.561421
v 19.071756 38.883682 -15.433690
v 19.133774 38.883632 -15.453229
v 19.071756 38.874636 -16.498831
v 19.133430 38.874585 -16.524038
v 19.071756 38.811415 -4.546611
v 19.137289 38.811373 -4.508219
v 19.071756 38.948147 -3.696544
v 19.137564 38.948105 -3.653627
v 19.071756 38.522138 -5.752551
v 19.136900 38.522095 -5.720575
v 19.071756 38.468428 -6.863514
v 19.136541 38.468383 -6.837449
v 19.071756 38.464590 -7.944687
v 19.136192 38.464544 -7.924376
v 19.071756 38.524808 -9.029068
v 19.135842 38.524762 -9.014526
vt 0.971354 0.361088
vt 0.126617 0.824648
vt 0.973337 0.348443
vt 0.546238 0.823963
vt 0.122180 0.826758
vt 0.551846 0.817860
vt 0.973337 0.522655
vt 0.550529 0.969492
vt 0.547221 0.969410
vt 0.971354 0.533626
vt 0.140261 0.957266
vt 0.139691 0.965339
vt 0.973337 0.510750
vt 0.551134 0.945079
vt 0.543532 0.954428
vt 0.971354 0.516715
vt 0.141325 0.949105
vt 0.132798 0.948848
vt 0.973337 0.502758
vt 0.538651 0.944801
vt 0.971354 0.506375
vt 0.140055 0.941852
vt 0.973337 0.499045
vt 0.539719 0.934982
vt 0.971354 0.500602
vt 0.135840 0.935615
vt 0.973337 0.496709
vt 0.551840 0.909999
vt 0.131065 0.929529
vt 0.123640 0.924157
vt 0.973337 0.494130
vt 0.127985 0.923270
vt 0.973337 0.489761
vt 0.546569 0.905326
vt 0.971354 0.492460
vt 0.129949 0.913612
vt 0.973337 0.480341
vt 0.551861 0.858914
vt 0.541898 0.895016
vt 0.971354 0.486590
vt 0.143156 0.903083
vt 0.122167 0.871734
vt 0.973337 0.469355
vt 0.521056 0.884222
vt 0.971354 0.474021
vt 0.164358 0.892459
vt 0.973337 0.465378
vt 0.504178 0.874923
vt 0.971354 0.466672
vt 0.176798 0.881731
vt 0.973337 0.461655
vt 0.498180 0.864578
vt 0.971354 0.464380
vt 0.178198 0.871080
vt 0.973337 0.451388
vt 0.498553 0.854260
vt 0.971354 0.457918
vt 0.175869 0.860436
vt 0.973337 0.425739
vt 0.503886 0.843654
vt 0.971354 0.442839
vt 0.162423 0.849863
vt 0.973337 0.375092
vt 0.532645 0.832120
vt 0.971354 0.390757
vt 0.134484 0.838989
vt 0.971354 0.469355
vt 0.171959 0.887771
vt 0.971354 0.465378
vt 0.178141 0.876959
vt 0.971354 0.461655
vt 0.177712 0.866223
vt 0.971354 0.451388
vt 0.172143 0.855209
vt 0.971354 0.375092
vt 0.128352 0.834342
vt 0.971354 0.425739
vt 0.142369 0.843273
vt 0.971354 0.510750
vt 0.141371 0.945483
vt 0.971354 0.502758
vt 0.138246 0.938938
vt 0.971354 0.522655
vt 0.140444 0.953266
vt 0.971354 0.494130
vt 0.128566 0.919286
vt 0.971354 0.480341
vt 0.154486 0.897530
vt 0.971354 0.489761
vt 0.133237 0.908688
vt 0.971354 0.496709
vt 0.971354 0.499045
vt 0.141909 0.964403
vt 0.971354 0.348443
vt 0.511513 0.879377
vt 0.973337 0.466672
vt 0.499493 0.869154
vt 0.973337 0.464380
vt 0.498100 0.858925
vt 0.973337 0.457918
vt 0.500311 0.848694
vt 0.973337 0.442839
vt 0.540316 0.828185
vt 0.973337 0.361088
vt 0.513242 0.838458
vt 0.973337 0.390757
vt 0.540390 0.949461
vt 0.973337 0.506375
vt 0.538695 0.939529
vt 0.973337 0.500602
vt 0.545762 0.959476
vt 0.973337 0.516715
vt 0.546565 0.909934
vt 0.973337 0.492460
vt 0.532095 0.889585
vt 0.973337 0.474021
vt 0.545246 0.899789
vt 0.973337 0.486590
vt 0.544726 0.919806
vt 0.541328 0.929666
vt 0.973337 0.533626
vt 0.548391 0.817867
vn 0.986647 -0.162494 0.011067
vn 0.328238 -0.944049 0.032115
vn -0.288330 -0.956974 0.032669
vn -0.989341 -0.145140 0.011821
vn 0.999999 -0.001169 -0.000303
vn -0.999999 0.001175 -0.000018
vn -0.910504 -0.413341 -0.011445
vn -0.999998 0.002164 0.000025
vn -0.273783 -0.961661 -0.015844
vn 0.332141 -0.943100 -0.015648
vn 0.893597 -0.448726 -0.011357
vn 0.999998 -0.002150 -0.000346
vn -0.723246 -0.689727 -0.034526
vn -0.999999 0.001229 0.000003
vn -0.929323 -0.368705 -0.020394
vn 0.925001 -0.379412 -0.020506
vn 0.709901 -0.703329 -0.036997
vn 0.999999 -0.001224 -0.000324
vn -0.711805 -0.702347 0.006530
vn -0.682356 -0.730917 -0.012268
vn 0.683871 -0.729453 -0.014774
vn 0.710307 -0.703873 0.005184
vn -0.954903 -0.296787 0.008819
vn -0.759758 -0.650022 0.015481
vn 0.767562 -0.640806 0.014698
vn 0.957859 -0.287125 0.008118
vn -0.949224 -0.314515 0.007363
vn -0.999999 0.001317 -0.000002
vn 0.949390 -0.314017 0.007177
vn 0.999999 -0.001319 -0.000319
vn -0.419721 -0.907593 0.010465
vn 0.417279 -0.908717 0.010552
vn -0.991877 -0.127080 -0.005525
vn -0.371261 -0.928465 -0.010880
vn 0.370997 -0.928571 -0.010834
vn 0.991660 -0.128748 -0.005843
vn -0.987323 -0.156101 -0.028747
vn -1.000000 0.000366 -0.000003
vn -0.992825 -0.118672 -0.014654
vn 0.992752 -0.119241 -0.014969
vn 0.987566 -0.154543 -0.028821
vn 1.000000 -0.000365 -0.000318
vn -0.984548 -0.172533 -0.029963
vn -0.986999 -0.157826 -0.030385
vn 0.987329 -0.155768 -0.030283
vn 0.984955 -0.170231 -0.029762
vn -0.967245 -0.253439 -0.014368
vn -0.977940 -0.207549 -0.023586
vn 0.977626 -0.209033 -0.023504
vn 0.968077 -0.250271 -0.013824
vn -0.970255 -0.242082 0.000758
vn -0.968951 -0.247229 -0.003421
vn 0.968281 -0.249842 -0.003323
vn 0.971290 -0.237898 0.000633
vn -0.969096 -0.246417 0.011493
vn -0.969043 -0.246841 0.004907
vn 0.968328 -0.249628 0.005099
vn 0.969975 -0.242916 0.011809
vn -0.984942 -0.168235 0.039817
vn -0.972304 -0.232119 0.027297
vn 0.972740 -0.230154 0.028405
vn 0.984029 -0.173083 0.041576
vn -0.991449 -0.128796 0.020998
vn -0.991298 -0.127533 0.032613
vn 0.990766 -0.131584 0.032697
vn 0.990511 -0.135805 0.021116
s 1
g Recepcion2 Recepcion group1 Techo Accesorio_techo4
usemtl lambert6SG
f 1408/2534/2417 1356/2627/2418 1357/2536/2419 1407/2637/2420
f 1352/2538/2421 1356/2535/2418 1408/2609/2417
f 1357/2655/2419 1351/2539/2422 1407/2537/2420
f 1359/2644/2423 1353/2541/2424 1358/2542/2425
f 1355/2543/2426 1360/2616/2427 1359/2540/2423 1358/2654/2425
f 1354/2545/2428 1360/2544/2427 1355/2626/2426
f 1362/2640/2429 1361/2547/2430 1399/2548/2431
f 1400/2549/2432 1363/2612/2433 1362/2546/2429 1399/2645/2431
f 1364/2551/2434 1363/2550/2433 1400/2617/2432
f 1365/2642/2435 1361/2547/2430 1403/2553/2436
f 1404/2554/2437 1366/2614/2438 1365/2552/2435 1403/2641/2436
f 1364/2551/2434 1366/2555/2438 1404/2613/2437
f 1367/2653/2439 1361/2547/2430 1401/2557/2440
f 1402/2558/2441 1368/2625/2442 1367/2556/2439 1401/2643/2440
f 1364/2551/2434 1368/2559/2442 1402/2615/2441
f 1370/2652/2443 1369/2561/2444 1361/2547/2430 1367/2653/2439
f 1368/2625/2442 1371/2624/2445 1370/2560/2443 1367/2556/2439
f 1364/2551/2434 1372/2563/2446 1371/2562/2445 1368/2559/2442
f 1373/2646/2447 1369/2561/2444 1370/2652/2443
f 1371/2624/2445 1374/2618/2448 1373/2564/2447 1370/2560/2443
f 1372/2563/2446 1374/2565/2448 1371/2562/2445
f 1375/2650/2449 1369/2561/2444 1397/2567/2450
f 1398/2568/2451 1376/2622/2452 1375/2566/2449 1397/2647/2450
f 1372/2563/2446 1376/2569/2452 1398/2619/2451
f 1378/2648/2453 1377/2571/2454 1393/2572/2455
f 1394/2573/2456 1379/2620/2457 1378/2570/2453 1393/2651/2455
f 1380/2575/2458 1379/2574/2457 1394/2623/2456
f 1381/2628/2459 1377/2571/2454 1395/2577/2460
f 1396/2578/2461 1382/2600/2462 1381/2576/2459 1395/2649/2460
f 1380/2575/2458 1382/2579/2462 1396/2621/2461
f 1383/2630/2463 1377/2571/2454 1415/2581/2464
f 1416/2582/2465 1384/2602/2466 1383/2580/2463 1415/2629/2464
f 1380/2575/2458 1384/2583/2466 1416/2601/2465
f 1385/2632/2467 1377/2571/2454 1413/2585/2468
f 1414/2586/2469 1386/2604/2470 1385/2584/2467 1413/2631/2468
f 1380/2575/2458 1386/2587/2470 1414/2603/2469
f 1387/2634/2471 1377/2571/2454 1411/2589/2472
f 1412/2590/2473 1388/2606/2474 1387/2588/2471 1411/2633/2472
f 1380/2575/2458 1388/2591/2474 1412/2605/2473
f 1389/2638/2475 1377/2571/2454 1409/2593/2476
f 1410/2594/2477 1390/2610/2478 1389/2592/2475 1409/2635/2476
f 1380/2575/2458 1390/2595/2478 1410/2607/2477
f 1391/2636/2479 1377/2571/2454 1405/2597/2480
f 1406/2598/2481 1392/2608/2482 1391/2596/2479 1405/2639/2480
f 1380/2575/2458 1392/2599/2482 1406/2611/2481
f 1393/2572/2455 1377/2571/2454 1369/2561/2444 1375/2650/2449
f 1376/2622/2452 1394/2573/2456 1393/2651/2455 1375/2566/2449
f 1372/2563/2446 1380/2575/2458 1394/2623/2456 1376/2569/2452
f 1395/2577/2460 1377/2571/2454 1378/2648/2453
f 1379/2620/2457 1396/2578/2461 1395/2649/2460 1378/2570/2453
f 1380/2575/2458 1396/2621/2461 1379/2574/2457
f 1397/2567/2450 1369/2561/2444 1373/2646/2447
f 1374/2618/2448 1398/2568/2451 1397/2647/2450 1373/2564/2447
f 1372/2563/2446 1398/2619/2451 1374/2565/2448
f 1399/2548/2431 1361/2547/2430 1353/2541/2424 1359/2644/2423
f 1360/2616/2427 1400/2549/2432 1399/2645/2431 1359/2540/2423
f 1354/2545/2428 1364/2551/2434 1400/2617/2432 1360/2544/2427
f 1401/2557/2440 1361/2547/2430 1365/2642/2435
f 1366/2614/2438 1402/2558/2441 1401/2643/2440 1365/2552/2435
f 1364/2551/2434 1402/2615/2441 1366/2555/2438
f 1403/2553/2436 1361/2547/2430 1362/2640/2429
f 1363/2612/2433 1404/2554/2437 1403/2641/2436 1362/2546/2429
f 1364/2551/2434 1404/2613/2437 1363/2550/2433
f 1405/2597/2480 1377/2571/2454 1389/2638/2475
f 1390/2610/2478 1406/2598/2481 1405/2639/2480 1389/2592/2475
f 1380/2575/2458 1406/2611/2481 1390/2595/2478
f 1407/2537/2420 1351/2539/2422 1377/2571/2454 1391/2636/2479
f 1392/2608/2482 1408/2534/2417 1407/2637/2420 1391/2596/2479
f 1380/2575/2458 1352/2538/2421 1408/2609/2417 1392/2599/2482
f 1409/2593/2476 1377/2571/2454 1387/2634/2471
f 1388/2606/2474 1410/2594/2477 1409/2635/2476 1387/2588/2471
f 1380/2575/2458 1410/2607/2477 1388/2591/2474
f 1411/2589/2472 1377/2571/2454 1385/2632/2467
f 1386/2604/2470 1412/2590/2473 1411/2633/2472 1385/2584/2467
f 1380/2575/2458 1412/2605/2473 1386/2587/2470
f 1413/2585/2468 1377/2571/2454 1383/2630/2463
f 1384/2602/2466 1414/2586/2469 1413/2631/2468 1383/2580/2463
f 1380/2575/2458 1414/2603/2469 1384/2583/2466
f 1415/2581/2464 1377/2571/2454 1381/2628/2459
f 1382/2600/2462 1416/2582/2465 1415/2629/2464 1381/2576/2459
f 1380/2575/2458 1416/2601/2465 1382/2579/2462
g default
v 16.849072 38.481330 -3.064590
v 16.915084 38.481267 -3.018310
v 16.849072 38.481330 -19.143739
v 16.909892 38.481249 -19.183019
v 16.909783 38.428938 -19.182994
v 16.914974 38.428956 -3.018286
v 16.848963 38.429019 -3.064566
v 16.848963 38.429019 -19.143714
v 16.848963 38.417103 -18.071770
v 16.910128 38.417023 -18.105346
v 16.848963 38.379405 -16.999826
v 16.910475 38.379325 -17.027698
v 16.849072 38.481330 -12.221452
v 16.848963 38.280294 -15.927885
v 16.910821 38.280216 -15.950053
v 16.912127 38.481257 -12.223897
v 16.848962 38.152555 -14.855940
v 16.911167 38.152479 -14.872405
v 16.848962 37.986931 -13.783996
v 16.911513 37.986856 -13.794756
v 16.848962 37.952696 -12.712052
v 16.911859 37.952623 -12.717110
v 16.848962 38.078542 -11.640109
v 16.912205 38.078470 -11.639463
v 16.848962 38.214448 -10.568167
v 16.912551 38.214377 -10.561815
v 16.848962 38.286355 -9.496224
v 16.912898 38.286284 -9.484169
v 16.848962 38.321415 -8.424280
v 16.913243 38.321346 -8.406521
v 16.848962 38.347595 -7.352337
v 16.913590 38.347527 -7.328875
v 16.848962 38.378136 -6.280394
v 16.913936 38.378069 -6.251227
v 16.848962 38.401290 -5.208451
v 16.914282 38.401225 -5.173580
v 16.848962 38.417103 -4.136508
v 16.914628 38.417040 -4.095933
v 16.848962 38.154746 -11.139012
v 16.912367 38.154674 -11.135701
v 16.848962 38.257909 -10.004791
v 16.912733 38.257838 -9.995441
v 16.848962 37.997789 -12.221426
v 16.912018 37.997717 -12.223873
v 16.848962 37.945658 -13.307903
v 16.911667 37.945583 -13.316129
vt 0.026753 0.046853
vt 0.261035 0.804789
vt 0.028804 0.025692
vt 0.114543 0.810137
vt 0.257656 0.804799
vt 0.118592 0.801199
vt 0.028804 0.167732
vt 0.118584 0.951778
vt 0.115093 0.951872
vt 0.026753 0.170309
vt 0.261847 0.948131
vt 0.257667 0.958358
vt 0.028804 0.165112
vt 0.264302 0.937903
vt 0.028804 0.162188
vt 0.117145 0.884209
vt 0.270751 0.927678
vt 0.257685 0.892307
vt 0.028804 0.159195
vt 0.279064 0.917456
vt 0.028804 0.155983
vt 0.289845 0.907231
vt 0.028804 0.152488
vt 0.082093 0.895148
vt 0.026753 0.154706
vt 0.292078 0.897002
vt 0.028804 0.144455
vt 0.085539 0.884586
vt 0.026753 0.149449
vt 0.283898 0.886764
vt 0.028804 0.133864
vt 0.096078 0.874111
vt 0.026753 0.139354
vt 0.275061 0.876515
vt 0.028804 0.122842
vt 0.103265 0.863675
vt 0.026753 0.128242
vt 0.270379 0.866265
vt 0.028804 0.110837
vt 0.268093 0.856019
vt 0.028804 0.097861
vt 0.266384 0.845774
vt 0.028804 0.083136
vt 0.264391 0.835530
vt 0.028804 0.066363
vt 0.262879 0.825285
vt 0.026753 0.155983
vt 0.292533 0.902690
vt 0.026753 0.152488
vt 0.289147 0.892317
vt 0.026753 0.133864
vt 0.272233 0.871127
vt 0.026753 0.144455
vt 0.278943 0.881973
vt 0.026753 0.066363
vt 0.261853 0.815039
vt 0.026753 0.083136
vt 0.026753 0.097861
vt 0.026753 0.110837
vt 0.026753 0.122842
vt 0.026753 0.159195
vt 0.026753 0.162188
vt 0.026753 0.165112
vt 0.026753 0.167732
vt 0.261071 0.958359
vt 0.026753 0.025692
vt 0.084813 0.899745
vt 0.028804 0.154706
vt 0.082558 0.889367
vt 0.028804 0.149449
vt 0.100228 0.868793
vt 0.028804 0.128242
vt 0.090921 0.878925
vt 0.028804 0.139354
vt 0.113272 0.820287
vt 0.028804 0.046853
vt 0.111648 0.829996
vt 0.109550 0.839703
vt 0.107706 0.849408
vt 0.105245 0.859092
vt 0.095800 0.910126
vt 0.104468 0.920566
vt 0.111313 0.930968
vt 0.114060 0.941395
vt 0.028804 0.170309
vt 0.115571 0.801069
vn 0.343854 -0.938949 0.011768
vn 0.435614 -0.900080 0.009838
vn -0.346283 -0.938072 0.010402
vn -0.357646 -0.933777 0.012270
vn 0.999999 -0.001183 -0.000314
vn -0.999999 0.001173 -0.000007
vn -0.254219 -0.966856 -0.023711
vn -1.000000 0.000890 0.000011
vn -0.372524 -0.927966 -0.010286
vn 0.458108 -0.888840 -0.010001
vn 0.229746 -0.973020 -0.021205
vn 1.000000 -0.000892 -0.000332
vn -0.994013 -0.109022 -0.007264
vn 0.993701 -0.111839 -0.007130
vn -0.993340 -0.114569 -0.012240
vn -1.000000 0.000423 0.000004
vn 0.993095 -0.116651 -0.012488
vn 1.000000 -0.000422 -0.000325
vn -0.985102 -0.170373 -0.023384
vn 0.984670 -0.172798 -0.023783
vn -0.978582 -0.204075 -0.027022
vn 0.977668 -0.208251 -0.028228
vn -0.962641 -0.270462 0.013143
vn -0.964045 -0.265615 -0.008101
vn 0.964877 -0.262550 -0.008989
vn 0.962684 -0.270340 0.012465
vn -0.967802 -0.249122 0.036031
vn -0.959833 -0.278660 0.032690
vn 0.960293 -0.277140 0.032100
vn 0.967962 -0.248556 0.035639
vn -0.959187 -0.281611 0.025610
vn -0.967734 -0.249978 0.031646
vn 0.967552 -0.250722 0.031338
vn 0.958878 -0.282694 0.025258
vn -0.944112 -0.329355 0.013327
vn -0.945804 -0.324009 0.021773
vn 0.945506 -0.324905 0.021325
vn 0.940586 -0.339301 0.013152
vn -0.898253 -0.439298 0.012621
vn 0.897171 -0.441516 0.012174
vn -0.992494 -0.122253 0.003228
vn 0.992325 -0.123621 0.002943
vn -0.993723 -0.111832 0.002850
vn 0.993537 -0.113485 0.002457
vn -0.267568 -0.963374 0.017837
vn 0.249091 -0.968329 0.017082
s 1
g Recepcion2 Recepcion group1 Techo Accesorio_techo5
usemtl lambert6SG
f 1454/2656/2483 1422/2721/2484 1423/2658/2485 1453/2731/2486
f 1418/2660/2487 1422/2657/2484 1454/2711/2483
f 1423/2741/2485 1417/2661/2488 1453/2659/2486
f 1425/2739/2489 1419/2663/2490 1424/2664/2491
f 1421/2665/2492 1426/2719/2493 1425/2662/2489 1424/2740/2491
f 1420/2667/2494 1426/2666/2493 1421/2720/2492
f 1427/2738/2495 1419/2663/2490 1425/2739/2489
f 1426/2719/2493 1428/2718/2496 1427/2668/2495 1425/2662/2489
f 1420/2667/2494 1428/2669/2496 1426/2666/2493
f 1430/2737/2497 1429/2671/2498 1419/2663/2490 1427/2738/2495
f 1428/2718/2496 1431/2717/2499 1430/2670/2497 1427/2668/2495
f 1420/2667/2494 1432/2673/2500 1431/2672/2499 1428/2669/2496
f 1433/2736/2501 1429/2671/2498 1430/2737/2497
f 1431/2717/2499 1434/2716/2502 1433/2674/2501 1430/2670/2497
f 1432/2673/2500 1434/2675/2502 1431/2672/2499
f 1435/2722/2503 1429/2671/2498 1433/2736/2501
f 1434/2716/2502 1436/2702/2504 1435/2676/2503 1433/2674/2501
f 1432/2673/2500 1436/2677/2504 1434/2675/2502
f 1437/2724/2505 1429/2671/2498 1461/2679/2506
f 1462/2680/2507 1438/2704/2508 1437/2678/2505 1461/2723/2506
f 1432/2673/2500 1438/2681/2508 1462/2703/2507
f 1439/2728/2509 1429/2671/2498 1459/2683/2510
f 1460/2684/2511 1440/2708/2512 1439/2682/2509 1459/2725/2510
f 1432/2673/2500 1440/2685/2512 1460/2705/2511
f 1441/2726/2513 1429/2671/2498 1455/2687/2514
f 1456/2688/2515 1442/2706/2516 1441/2686/2513 1455/2729/2514
f 1432/2673/2500 1442/2689/2516 1456/2709/2515
f 1443/2735/2517 1429/2671/2498 1457/2691/2518
f 1458/2692/2519 1444/2715/2520 1443/2690/2517 1457/2727/2518
f 1432/2673/2500 1444/2693/2520 1458/2707/2519
f 1445/2734/2521 1429/2671/2498 1443/2735/2517
f 1444/2715/2520 1446/2714/2522 1445/2694/2521 1443/2690/2517
f 1432/2673/2500 1446/2695/2522 1444/2693/2520
f 1447/2733/2523 1429/2671/2498 1445/2734/2521
f 1446/2714/2522 1448/2713/2524 1447/2696/2523 1445/2694/2521
f 1432/2673/2500 1448/2697/2524 1446/2695/2522
f 1449/2732/2525 1417/2661/2488 1429/2671/2498 1447/2733/2523
f 1448/2713/2524 1450/2712/2526 1449/2698/2525 1447/2696/2523
f 1432/2673/2500 1418/2660/2487 1450/2699/2526 1448/2697/2524
f 1451/2730/2527 1417/2661/2488 1449/2732/2525
f 1450/2712/2526 1452/2710/2528 1451/2700/2527 1449/2698/2525
f 1418/2660/2487 1452/2701/2528 1450/2699/2526
f 1453/2659/2486 1417/2661/2488 1451/2730/2527
f 1452/2710/2528 1454/2656/2483 1453/2731/2486 1451/2700/2527
f 1418/2660/2487 1454/2711/2483 1452/2701/2528
f 1455/2687/2514 1429/2671/2498 1439/2728/2509
f 1440/2708/2512 1456/2688/2515 1455/2729/2514 1439/2682/2509
f 1432/2673/2500 1456/2709/2515 1440/2685/2512
f 1457/2691/2518 1429/2671/2498 1441/2726/2513
f 1442/2706/2516 1458/2692/2519 1457/2727/2518 1441/2686/2513
f 1432/2673/2500 1458/2707/2519 1442/2689/2516
f 1459/2683/2510 1429/2671/2498 1437/2724/2505
f 1438/2704/2508 1460/2684/2511 1459/2725/2510 1437/2678/2505
f 1432/2673/2500 1460/2705/2511 1438/2681/2508
f 1461/2679/2506 1429/2671/2498 1435/2722/2503
f 1436/2702/2504 1462/2680/2507 1461/2723/2506 1435/2676/2503
f 1432/2673/2500 1462/2703/2507 1436/2677/2504
g default
v 14.436537 38.808065 -3.064590
v 14.502548 38.808029 -3.018310
v 14.436537 38.808065 -19.143739
v 14.497356 38.808019 -19.183019
v 14.497247 38.778531 -19.182994
v 14.502439 38.778542 -3.018286
v 14.436426 38.778577 -3.064566
v 14.436426 38.778577 -19.143714
v 14.436426 38.771860 -18.071770
v 14.497593 38.771815 -18.105346
v 14.436537 38.808065 -11.139040
v 14.436426 38.750610 -16.999826
v 14.497939 38.750565 -17.027698
v 14.499941 38.808024 -11.135724
v 14.436426 38.694741 -15.927885
v 14.498285 38.694697 -15.950053
v 14.436426 38.622735 -14.855940
v 14.498631 38.622692 -14.872405
v 14.436426 38.541459 -13.783996
v 14.498978 38.541417 -13.794756
v 14.436426 38.460216 -12.712052
v 14.499323 38.460174 -12.717110
v 14.436426 38.400372 -11.640109
v 14.499670 38.400332 -11.639463
v 14.436426 38.400372 -10.568167
v 14.500016 38.400332 -10.561815
v 14.436426 38.460216 -9.496224
v 14.500361 38.460176 -9.484169
v 14.436426 38.541459 -8.424280
v 14.500708 38.541420 -8.406521
v 14.436426 38.622735 -7.352337
v 14.501054 38.622697 -7.328875
v 14.436426 38.694741 -6.280394
v 14.501400 38.694703 -6.251227
v 14.436426 38.750610 -5.208451
v 14.501747 38.750573 -5.173580
v 14.436426 38.771860 -4.136508
v 14.502092 38.771824 -4.095933
v 14.436426 38.387042 -11.139012
v 14.499831 38.387001 -11.135701
v 14.436426 38.425166 -10.004791
v 14.500198 38.425126 -9.995441
v 14.436426 38.426168 -12.221426
v 14.499482 38.426127 -12.223873
vt 0.954179 0.354960
vt 0.066465 0.721495
vt 0.956005 0.336373
vt 0.969985 0.793400
vt 0.063092 0.721474
vt 0.974165 0.783219
vt 0.956005 0.504709
vt 0.974175 0.935941
vt 0.970771 0.935941
vt 0.954179 0.509713
vt 0.067202 0.864871
vt 0.063032 0.875093
vt 0.956005 0.499549
vt 0.974170 0.859909
vt 0.069647 0.854650
vt 0.063010 0.798771
vt 0.956005 0.493531
vt 0.076081 0.844433
vt 0.956005 0.486504
vt 0.084373 0.834225
vt 0.956005 0.479538
vt 0.093742 0.824031
vt 0.956005 0.473547
vt 0.103126 0.813835
vt 0.956005 0.470897
vt 0.930074 0.870192
vt 0.954179 0.471892
vt 0.110059 0.803628
vt 0.956005 0.466013
vt 0.925555 0.859912
vt 0.954179 0.469359
vt 0.110094 0.793403
vt 0.956005 0.453744
vt 0.929957 0.849139
vt 0.954179 0.460812
vt 0.103216 0.783151
vt 0.956005 0.435532
vt 0.093869 0.772875
vt 0.956005 0.415444
vt 0.084502 0.762578
vt 0.956005 0.394581
vt 0.076186 0.752284
vt 0.956005 0.373880
vt 0.069729 0.742002
vt 0.934006 0.874852
vt 0.956005 0.471892
vt 0.927095 0.854491
vt 0.956005 0.460812
vt 0.927094 0.864671
vt 0.956005 0.469359
vt 0.967532 0.803582
vt 0.956005 0.354960
vt 0.961082 0.813764
vt 0.952769 0.823946
vt 0.943384 0.834126
vt 0.934005 0.844308
vt 0.943387 0.885034
vt 0.952771 0.895216
vt 0.961087 0.905396
vt 0.967539 0.915577
vt 0.969994 0.925759
vt 0.956005 0.509713
vt 0.970761 0.783221
vt 0.954179 0.473547
vt 0.107066 0.809166
vt 0.954179 0.466013
vt 0.107249 0.788018
vt 0.954179 0.470897
vt 0.111614 0.798851
vt 0.954179 0.373880
vt 0.067279 0.731733
vt 0.954179 0.394581
vt 0.954179 0.415444
vt 0.954179 0.435532
vt 0.954179 0.453744
vt 0.954179 0.479538
vt 0.954179 0.486504
vt 0.954179 0.493531
vt 0.954179 0.499549
vt 0.954179 0.504709
vt 0.066440 0.875091
vt 0.954179 0.336373
vn 0.955462 -0.295098 0.003242
vn 0.263187 -0.964727 0.005944
vn -0.203717 -0.979011 0.006119
vn -0.956910 -0.290357 0.004057
vn 0.999997 -0.002371 -0.000313
vn -0.999997 0.002374 -0.000008
vn -0.961629 -0.274328 -0.003817
vn -0.999997 0.002378 0.000008
vn -0.220702 -0.975322 -0.006094
vn 0.278981 -0.960277 -0.006091
vn 0.960444 -0.278448 -0.003696
vn 0.999997 -0.002347 -0.000329
vn -0.968636 -0.248307 -0.009339
vn -1.000000 0.000406 0.000000
vn 0.966805 -0.255356 -0.009066
vn 1.000000 -0.000402 -0.000321
vn -0.955607 -0.294117 -0.017642
vn 0.954292 -0.298339 -0.017921
vn -0.964943 -0.261791 -0.018719
vn 0.964314 -0.264071 -0.019095
vn -0.965881 -0.258249 -0.019524
vn 0.965640 -0.259120 -0.019901
vn -0.957524 -0.287578 -0.021151
vn 0.956832 -0.289836 -0.021643
vn -0.951974 -0.305979 -0.011035
vn -0.957242 -0.288841 -0.016056
vn 0.957570 -0.287736 -0.016343
vn 0.952347 -0.304808 -0.011281
vn -0.952174 -0.305387 0.010181
vn -0.937580 -0.347770 -0.000084
vn 0.937977 -0.346697 -0.000189
vn 0.952497 -0.304385 0.009966
vn -0.958006 -0.285981 0.020963
vn -0.956335 -0.291824 0.016161
vn 0.956742 -0.290498 0.015967
vn 0.955963 -0.292721 0.021202
vn -0.964989 -0.261545 0.019775
vn 0.964436 -0.263587 0.019618
vn -0.963270 -0.267848 0.019167
vn 0.962234 -0.271560 0.018981
vn -0.952523 -0.303919 0.018257
vn 0.950589 -0.309933 0.017940
vn -0.965579 -0.259926 0.009820
vn 0.963267 -0.268400 0.008798
s 1
g Recepcion2 Recepcion group1 Techo Accesorio_techo6
usemtl lambert6SG
f 1500/2742/2529 1468/2823/2530 1469/2744/2531 1499/2793/2532
f 1464/2746/2533 1468/2743/2530 1500/2812/2529
f 1469/2804/2531 1463/2747/2534 1499/2745/2532
f 1471/2802/2535 1465/2749/2536 1470/2750/2537
f 1467/2751/2538 1472/2821/2539 1471/2748/2535 1470/2803/2537
f 1466/2753/2540 1472/2752/2539 1467/2822/2538
f 1474/2801/2541 1473/2755/2542 1465/2749/2536 1471/2802/2535
f 1472/2821/2539 1475/2820/2543 1474/2754/2541 1471/2748/2535
f 1466/2753/2540 1476/2757/2544 1475/2756/2543 1472/2752/2539
f 1477/2800/2545 1473/2755/2542 1474/2801/2541
f 1475/2820/2543 1478/2819/2546 1477/2758/2545 1474/2754/2541
f 1476/2757/2544 1478/2759/2546 1475/2756/2543
f 1479/2799/2547 1473/2755/2542 1477/2800/2545
f 1478/2819/2546 1480/2818/2548 1479/2760/2547 1477/2758/2545
f 1476/2757/2544 1480/2761/2548 1478/2759/2546
f 1481/2798/2549 1473/2755/2542 1479/2799/2547
f 1480/2818/2548 1482/2817/2550 1481/2762/2549 1479/2760/2547
f 1476/2757/2544 1482/2763/2550 1480/2761/2548
f 1483/2786/2551 1473/2755/2542 1481/2798/2549
f 1482/2817/2550 1484/2805/2552 1483/2764/2551 1481/2762/2549
f 1476/2757/2544 1484/2765/2552 1482/2763/2550
f 1485/2790/2553 1473/2755/2542 1505/2767/2554
f 1506/2768/2555 1486/2809/2556 1485/2766/2553 1505/2787/2554
f 1476/2757/2544 1486/2769/2556 1506/2806/2555
f 1487/2788/2557 1473/2755/2542 1501/2771/2558
f 1502/2772/2559 1488/2807/2560 1487/2770/2557 1501/2791/2558
f 1476/2757/2544 1488/2773/2560 1502/2810/2559
f 1489/2797/2561 1473/2755/2542 1503/2775/2562
f 1504/2776/2563 1490/2816/2564 1489/2774/2561 1503/2789/2562
f 1476/2757/2544 1490/2777/2564 1504/2808/2563
f 1491/2796/2565 1473/2755/2542 1489/2797/2561
f 1490/2816/2564 1492/2815/2566 1491/2778/2565 1489/2774/2561
f 1476/2757/2544 1492/2779/2566 1490/2777/2564
f 1493/2795/2567 1473/2755/2542 1491/2796/2565
f 1492/2815/2566 1494/2814/2568 1493/2780/2567 1491/2778/2565
f 1476/2757/2544 1494/2781/2568 1492/2779/2566
f 1495/2794/2569 1473/2755/2542 1493/2795/2567
f 1494/2814/2568 1496/2813/2570 1495/2782/2569 1493/2780/2567
f 1476/2757/2544 1496/2783/2570 1494/2781/2568
f 1497/2792/2571 1473/2755/2542 1495/2794/2569
f 1496/2813/2570 1498/2811/2572 1497/2784/2571 1495/2782/2569
f 1476/2757/2544 1498/2785/2572 1496/2783/2570
f 1499/2745/2532 1463/2747/2534 1473/2755/2542 1497/2792/2571
f 1498/2811/2572 1500/2742/2529 1499/2793/2532 1497/2784/2571
f 1476/2757/2544 1464/2746/2533 1500/2812/2529 1498/2785/2572
f 1501/2771/2558 1473/2755/2542 1485/2790/2553
f 1486/2809/2556 1502/2772/2559 1501/2791/2558 1485/2766/2553
f 1476/2757/2544 1502/2810/2559 1486/2769/2556
f 1503/2775/2562 1473/2755/2542 1487/2788/2557
f 1488/2807/2560 1504/2776/2563 1503/2789/2562 1487/2770/2557
f 1476/2757/2544 1504/2808/2563 1488/2773/2560
f 1505/2767/2554 1473/2755/2542 1483/2786/2551
f 1484/2805/2552 1506/2768/2555 1505/2787/2554 1483/2764/2551
f 1476/2757/2544 1506/2806/2555 1484/2765/2552
g default
v 19.071866 41.533647 -5.261495
v 19.137877 41.533606 -5.227867
v 19.071866 41.533647 -16.944914
v 19.132685 41.533594 -16.973456
v 19.132576 41.499205 -16.973437
v 19.137768 41.499217 -5.227850
v 19.071756 41.499259 -5.261477
v 19.071756 41.499259 -16.944896
v 19.071756 41.481549 -16.166001
v 19.132922 41.481496 -16.190398
v 19.071866 41.533647 -15.023093
v 19.071756 41.423226 -15.387106
v 19.133268 41.423173 -15.407358
v 19.133539 41.533596 -15.041406
v 19.071756 41.403464 -14.608213
v 19.133614 41.403413 -14.624320
v 19.071756 41.428791 -13.829317
v 19.133960 41.428741 -13.841281
v 19.071866 41.533647 -12.271546
v 19.071756 41.462008 -13.050421
v 19.134308 41.461958 -13.058240
v 19.134762 41.533599 -12.275220
v 19.071756 41.479612 -12.271526
v 19.134653 41.479563 -12.275201
v 19.071756 41.467133 -11.492632
v 19.134999 41.467086 -11.492163
v 19.071866 41.533647 -8.377072
v 19.071756 41.334834 -10.713738
v 19.135345 41.334787 -10.709123
v 19.136493 41.533603 -8.360023
v 19.071756 41.127983 -9.934844
v 19.135691 41.127937 -9.926084
v 19.071756 41.007245 -9.155949
v 19.136037 41.007199 -9.143045
v 19.071756 40.993317 -8.377054
v 19.136383 40.993272 -8.360006
v 19.071756 41.015634 -7.598160
v 19.136729 41.015591 -7.576967
v 19.071756 41.145733 -6.819266
v 19.137076 41.145690 -6.793928
v 19.071756 41.418078 -6.040371
v 19.137422 41.418036 -6.010889
v 19.071756 41.433441 -11.128525
v 19.135161 41.433394 -11.126120
v 19.071756 41.223871 -10.304378
v 19.135527 41.223824 -10.297585
v 19.071756 41.480276 -11.915028
v 19.134811 41.480229 -11.916806
v 19.071756 41.457078 -15.772866
v 19.133097 41.457025 -15.795171
v 19.071756 41.413164 -14.249121
v 19.133774 41.413114 -14.263319
v 19.071756 41.404118 -15.023073
v 19.133430 41.404067 -15.041389
v 19.071756 41.340897 -6.338360
v 19.137289 41.340855 -6.310464
v 19.071756 41.477629 -5.720685
v 19.137564 41.477587 -5.689501
v 19.071756 41.051620 -7.214619
v 19.136900 41.051577 -7.191385
v 19.071756 40.997909 -8.021866
v 19.136541 40.997865 -8.002927
v 19.071756 40.994071 -8.807467
v 19.136192 40.994026 -8.792709
v 19.071756 41.054290 -9.595399
v 19.135842 41.054244 -9.584833
vt 0.971354 0.361088
vt 0.126617 0.824648
vt 0.973337 0.348443
vt 0.546238 0.823963
vt 0.122180 0.826758
vt 0.551846 0.817860
vt 0.973337 0.522655
vt 0.550529 0.969492
vt 0.547221 0.969410
vt 0.971354 0.533626
vt 0.140261 0.957266
vt 0.139691 0.965339
vt 0.973337 0.510750
vt 0.551134 0.945079
vt 0.543532 0.954428
vt 0.971354 0.516715
vt 0.141325 0.949105
vt 0.132798 0.948848
vt 0.973337 0.502758
vt 0.538651 0.944801
vt 0.971354 0.506375
vt 0.140055 0.941852
vt 0.973337 0.499045
vt 0.539719 0.934982
vt 0.971354 0.500602
vt 0.135840 0.935615
vt 0.973337 0.496709
vt 0.551840 0.909999
vt 0.131065 0.929529
vt 0.123640 0.924157
vt 0.973337 0.494130
vt 0.127985 0.923270
vt 0.973337 0.489761
vt 0.546569 0.905326
vt 0.971354 0.492460
vt 0.129949 0.913612
vt 0.973337 0.480341
vt 0.551861 0.858914
vt 0.541898 0.895016
vt 0.971354 0.486590
vt 0.143156 0.903083
vt 0.122167 0.871734
vt 0.973337 0.469355
vt 0.521056 0.884222
vt 0.971354 0.474021
vt 0.164358 0.892459
vt 0.973337 0.465378
vt 0.504178 0.874923
vt 0.971354 0.466672
vt 0.176798 0.881731
vt 0.973337 0.461655
vt 0.498180 0.864578
vt 0.971354 0.464380
vt 0.178198 0.871080
vt 0.973337 0.451388
vt 0.498553 0.854260
vt 0.971354 0.457918
vt 0.175869 0.860436
vt 0.973337 0.425739
vt 0.503886 0.843654
vt 0.971354 0.442839
vt 0.162423 0.849863
vt 0.973337 0.375092
vt 0.532645 0.832120
vt 0.971354 0.390757
vt 0.134484 0.838989
vt 0.971354 0.469355
vt 0.171959 0.887771
vt 0.971354 0.465378
vt 0.178141 0.876959
vt 0.971354 0.461655
vt 0.177712 0.866223
vt 0.971354 0.451388
vt 0.172143 0.855209
vt 0.971354 0.375092
vt 0.128352 0.834342
vt 0.971354 0.425739
vt 0.142369 0.843273
vt 0.971354 0.510750
vt 0.141371 0.945483
vt 0.971354 0.502758
vt 0.138246 0.938938
vt 0.971354 0.522655
vt 0.140444 0.953266
vt 0.971354 0.494130
vt 0.128566 0.919286
vt 0.971354 0.480341
vt 0.154486 0.897530
vt 0.971354 0.489761
vt 0.133237 0.908688
vt 0.971354 0.496709
vt 0.971354 0.499045
vt 0.141909 0.964403
vt 0.971354 0.348443
vt 0.511513 0.879377
vt 0.973337 0.466672
vt 0.499493 0.869154
vt 0.973337 0.464380
vt 0.498100 0.858925
vt 0.973337 0.457918
vt 0.500311 0.848694
vt 0.973337 0.442839
vt 0.540316 0.828185
vt 0.973337 0.361088
vt 0.513242 0.838458
vt 0.973337 0.390757
vt 0.540390 0.949461
vt 0.973337 0.506375
vt 0.538695 0.939529
vt 0.973337 0.500602
vt 0.545762 0.959476
vt 0.973337 0.516715
vt 0.546565 0.909934
vt 0.973337 0.492460
vt 0.532095 0.889585
vt 0.973337 0.474021
vt 0.545246 0.899789
vt 0.973337 0.486590
vt 0.544726 0.919806
vt 0.541328 0.929666
vt 0.973337 0.533626
vt 0.548391 0.817867
vn 0.986593 -0.162485 0.015230
vn 0.328087 -0.943614 0.044178
vn -0.288192 -0.956517 0.044939
vn -0.989279 -0.145131 0.016268
vn 0.999999 -0.001169 -0.000417
vn -0.999999 0.001175 -0.000025
vn -0.910451 -0.413317 -0.015751
vn -0.999998 0.002164 0.000034
vn -0.273752 -0.961553 -0.021802
vn 0.332105 -0.942997 -0.021533
vn 0.893546 -0.448700 -0.015630
vn 0.999998 -0.002150 -0.000476
vn -0.722861 -0.689359 -0.047491
vn -0.999999 0.001229 0.000004
vn -0.929150 -0.368637 -0.028062
vn 0.924827 -0.379341 -0.028216
vn 0.709467 -0.702899 -0.050885
vn 0.999999 -0.001224 -0.000446
vn -0.711792 -0.702333 0.008987
vn -0.682311 -0.730868 -0.016883
vn 0.683805 -0.729382 -0.020330
vn 0.710299 -0.703864 0.007134
vn -0.954870 -0.296776 0.012137
vn -0.759676 -0.649952 0.021304
vn 0.767488 -0.640744 0.020227
vn 0.957830 -0.287117 0.011172
vn -0.949201 -0.314507 0.010133
vn -0.999999 0.001317 -0.000003
vn 0.949369 -0.314009 0.009877
vn 0.999999 -0.001319 -0.000439
vn -0.419700 -0.907548 0.014402
vn 0.417259 -0.908672 0.014522
vn -0.991863 -0.127079 -0.007604
vn -0.371241 -0.928416 -0.014973
vn 0.370978 -0.928522 -0.014909
vn 0.991645 -0.128746 -0.008041
vn -0.986958 -0.156044 -0.039548
vn -1.000000 0.000366 -0.000005
vn -0.992730 -0.118661 -0.020165
vn 0.992653 -0.119230 -0.020598
vn 0.987199 -0.154486 -0.039650
vn 1.000000 -0.000365 -0.000437
vn -0.984153 -0.172464 -0.041220
vn -0.986592 -0.157761 -0.041800
vn 0.986925 -0.155705 -0.041659
vn 0.984565 -0.170164 -0.040944
vn -0.967156 -0.253415 -0.019772
vn -0.977697 -0.207497 -0.032451
vn 0.977385 -0.208982 -0.032340
vn 0.967994 -0.250250 -0.019024
vn -0.970255 -0.242082 0.001043
vn -0.968946 -0.247227 -0.004707
vn 0.968276 -0.249841 -0.004573
vn 0.971290 -0.237898 0.000872
vn -0.969039 -0.246403 0.015816
vn -0.969033 -0.246839 0.006753
vn 0.968317 -0.249625 0.007017
vn 0.969915 -0.242901 0.016251
vn -0.984245 -0.168116 0.054759
vn -0.971980 -0.232042 0.037554
vn 0.972389 -0.230071 0.039078
vn 0.983270 -0.172950 0.057174
vn -0.991253 -0.128771 0.028893
vn -0.990827 -0.127473 0.044862
vn 0.990293 -0.131521 0.044977
vn 0.990313 -0.135778 0.029055
s 1
g Recepcion2 Recepcion group1 Techo Accesorio_techo7
usemtl lambert6SG
f 1564/2824/2573 1512/2917/2574 1513/2826/2575 1563/2927/2576
f 1508/2828/2577 1512/2825/2574 1564/2899/2573
f 1513/2945/2575 1507/2829/2578 1563/2827/2576
f 1515/2934/2579 1509/2831/2580 1514/2832/2581
f 1511/2833/2582 1516/2906/2583 1515/2830/2579 1514/2944/2581
f 1510/2835/2584 1516/2834/2583 1511/2916/2582
f 1518/2930/2585 1517/2837/2586 1555/2838/2587
f 1556/2839/2588 1519/2902/2589 1518/2836/2585 1555/2935/2587
f 1520/2841/2590 1519/2840/2589 1556/2907/2588
f 1521/2932/2591 1517/2837/2586 1559/2843/2592
f 1560/2844/2593 1522/2904/2594 1521/2842/2591 1559/2931/2592
f 1520/2841/2590 1522/2845/2594 1560/2903/2593
f 1523/2943/2595 1517/2837/2586 1557/2847/2596
f 1558/2848/2597 1524/2915/2598 1523/2846/2595 1557/2933/2596
f 1520/2841/2590 1524/2849/2598 1558/2905/2597
f 1526/2942/2599 1525/2851/2600 1517/2837/2586 1523/2943/2595
f 1524/2915/2598 1527/2914/2601 1526/2850/2599 1523/2846/2595
f 1520/2841/2590 1528/2853/2602 1527/2852/2601 1524/2849/2598
f 1529/2936/2603 1525/2851/2600 1526/2942/2599
f 1527/2914/2601 1530/2908/2604 1529/2854/2603 1526/2850/2599
f 1528/2853/2602 1530/2855/2604 1527/2852/2601
f 1531/2940/2605 1525/2851/2600 1553/2857/2606
f 1554/2858/2607 1532/2912/2608 1531/2856/2605 1553/2937/2606
f 1528/2853/2602 1532/2859/2608 1554/2909/2607
f 1534/2938/2609 1533/2861/2610 1549/2862/2611
f 1550/2863/2612 1535/2910/2613 1534/2860/2609 1549/2941/2611
f 1536/2865/2614 1535/2864/2613 1550/2913/2612
f 1537/2918/2615 1533/2861/2610 1551/2867/2616
f 1552/2868/2617 1538/2890/2618 1537/2866/2615 1551/2939/2616
f 1536/2865/2614 1538/2869/2618 1552/2911/2617
f 1539/2920/2619 1533/2861/2610 1571/2871/2620
f 1572/2872/2621 1540/2892/2622 1539/2870/2619 1571/2919/2620
f 1536/2865/2614 1540/2873/2622 1572/2891/2621
f 1541/2922/2623 1533/2861/2610 1569/2875/2624
f 1570/2876/2625 1542/2894/2626 1541/2874/2623 1569/2921/2624
f 1536/2865/2614 1542/2877/2626 1570/2893/2625
f 1543/2924/2627 1533/2861/2610 1567/2879/2628
f 1568/2880/2629 1544/2896/2630 1543/2878/2627 1567/2923/2628
f 1536/2865/2614 1544/2881/2630 1568/2895/2629
f 1545/2928/2631 1533/2861/2610 1565/2883/2632
f 1566/2884/2633 1546/2900/2634 1545/2882/2631 1565/2925/2632
f 1536/2865/2614 1546/2885/2634 1566/2897/2633
f 1547/2926/2635 1533/2861/2610 1561/2887/2636
f 1562/2888/2637 1548/2898/2638 1547/2886/2635 1561/2929/2636
f 1536/2865/2614 1548/2889/2638 1562/2901/2637
f 1549/2862/2611 1533/2861/2610 1525/2851/2600 1531/2940/2605
f 1532/2912/2608 1550/2863/2612 1549/2941/2611 1531/2856/2605
f 1528/2853/2602 1536/2865/2614 1550/2913/2612 1532/2859/2608
f 1551/2867/2616 1533/2861/2610 1534/2938/2609
f 1535/2910/2613 1552/2868/2617 1551/2939/2616 1534/2860/2609
f 1536/2865/2614 1552/2911/2617 1535/2864/2613
f 1553/2857/2606 1525/2851/2600 1529/2936/2603
f 1530/2908/2604 1554/2858/2607 1553/2937/2606 1529/2854/2603
f 1528/2853/2602 1554/2909/2607 1530/2855/2604
f 1555/2838/2587 1517/2837/2586 1509/2831/2580 1515/2934/2579
f 1516/2906/2583 1556/2839/2588 1555/2935/2587 1515/2830/2579
f 1510/2835/2584 1520/2841/2590 1556/2907/2588 1516/2834/2583
f 1557/2847/2596 1517/2837/2586 1521/2932/2591
f 1522/2904/2594 1558/2848/2597 1557/2933/2596 1521/2842/2591
f 1520/2841/2590 1558/2905/2597 1522/2845/2594
f 1559/2843/2592 1517/2837/2586 1518/2930/2585
f 1519/2902/2589 1560/2844/2593 1559/2931/2592 1518/2836/2585
f 1520/2841/2590 1560/2903/2593 1519/2840/2589
f 1561/2887/2636 1533/2861/2610 1545/2928/2631
f 1546/2900/2634 1562/2888/2637 1561/2929/2636 1545/2882/2631
f 1536/2865/2614 1562/2901/2637 1546/2885/2634
f 1563/2827/2576 1507/2829/2578 1533/2861/2610 1547/2926/2635
f 1548/2898/2638 1564/2824/2573 1563/2927/2576 1547/2886/2635
f 1536/2865/2614 1508/2828/2577 1564/2899/2573 1548/2889/2638
f 1565/2883/2632 1533/2861/2610 1543/2924/2627
f 1544/2896/2630 1566/2884/2633 1565/2925/2632 1543/2878/2627
f 1536/2865/2614 1566/2897/2633 1544/2881/2630
f 1567/2879/2628 1533/2861/2610 1541/2922/2623
f 1542/2894/2626 1568/2880/2629 1567/2923/2628 1541/2874/2623
f 1536/2865/2614 1568/2895/2629 1542/2877/2626
f 1569/2875/2624 1533/2861/2610 1539/2920/2619
f 1540/2892/2622 1570/2876/2625 1569/2921/2624 1539/2870/2619
f 1536/2865/2614 1570/2893/2625 1540/2873/2622
f 1571/2871/2620 1533/2861/2610 1537/2918/2615
f 1538/2890/2618 1572/2872/2621 1571/2919/2620 1537/2866/2615
f 1536/2865/2614 1572/2891/2621 1538/2869/2618
g default
v 16.849072 41.010812 -5.045445
v 16.915084 41.010749 -5.010573
v 16.849072 41.010812 -17.161153
v 16.909892 41.010731 -17.190750
v 16.909783 40.958420 -17.190731
v 16.914974 40.958438 -5.010555
v 16.848963 40.958501 -5.045427
v 16.848963 40.958501 -17.161134
v 16.848963 40.946585 -16.353419
v 16.910128 40.946504 -16.378719
v 16.848963 40.908887 -15.545705
v 16.910475 40.908807 -15.566707
v 16.849072 41.010812 -11.945179
v 16.848963 40.809776 -14.737993
v 16.910821 40.809698 -14.754696
v 16.912127 41.010739 -11.947022
v 16.848962 40.682037 -13.930277
v 16.911167 40.681961 -13.942684
v 16.848962 40.516413 -13.122563
v 16.911513 40.516338 -13.130671
v 16.848962 40.482178 -12.314849
v 16.911859 40.482105 -12.318660
v 16.848962 40.608024 -11.507136
v 16.912205 40.607952 -11.506649
v 16.848962 40.743930 -10.699422
v 16.912551 40.743859 -10.694636
v 16.848962 40.815837 -9.891709
v 16.912898 40.815766 -9.882625
v 16.848962 40.850897 -9.083995
v 16.913243 40.850828 -9.070613
v 16.848962 40.877077 -8.276281
v 16.913590 40.877009 -8.258602
v 16.848962 40.907618 -7.468568
v 16.913936 40.907551 -7.446590
v 16.848962 40.930772 -6.660854
v 16.914282 40.930707 -6.634578
v 16.848962 40.946585 -5.853140
v 16.914628 40.946522 -5.822567
v 16.848962 40.684228 -11.129556
v 16.912367 40.684156 -11.127062
v 16.848962 40.787391 -10.274916
v 16.912733 40.787320 -10.267871
v 16.848962 40.527271 -11.945160
v 16.912018 40.527199 -11.947004
v 16.848962 40.475140 -12.763825
v 16.911667 40.475065 -12.770023
vt 0.026753 0.046853
vt 0.261035 0.804789
vt 0.028804 0.025692
vt 0.114543 0.810137
vt 0.257656 0.804799
vt 0.118592 0.801199
vt 0.028804 0.167732
vt 0.118584 0.951778
vt 0.115093 0.951872
vt 0.026753 0.170309
vt 0.261847 0.948131
vt 0.257667 0.958358
vt 0.028804 0.165112
vt 0.264302 0.937903
vt 0.028804 0.162188
vt 0.117145 0.884209
vt 0.270751 0.927678
vt 0.257685 0.892307
vt 0.028804 0.159195
vt 0.279064 0.917456
vt 0.028804 0.155983
vt 0.289845 0.907231
vt 0.028804 0.152488
vt 0.082093 0.895148
vt 0.026753 0.154706
vt 0.292078 0.897002
vt 0.028804 0.144455
vt 0.085539 0.884586
vt 0.026753 0.149449
vt 0.283898 0.886764
vt 0.028804 0.133864
vt 0.096078 0.874111
vt 0.026753 0.139354
vt 0.275061 0.876515
vt 0.028804 0.122842
vt 0.103265 0.863675
vt 0.026753 0.128242
vt 0.270379 0.866265
vt 0.028804 0.110837
vt 0.268093 0.856019
vt 0.028804 0.097861
vt 0.266384 0.845774
vt 0.028804 0.083136
vt 0.264391 0.835530
vt 0.028804 0.066363
vt 0.262879 0.825285
vt 0.026753 0.155983
vt 0.292533 0.902690
vt 0.026753 0.152488
vt 0.289147 0.892317
vt 0.026753 0.133864
vt 0.272233 0.871127
vt 0.026753 0.144455
vt 0.278943 0.881973
vt 0.026753 0.066363
vt 0.261853 0.815039
vt 0.026753 0.083136
vt 0.026753 0.097861
vt 0.026753 0.110837
vt 0.026753 0.122842
vt 0.026753 0.159195
vt 0.026753 0.162188
vt 0.026753 0.165112
vt 0.026753 0.167732
vt 0.261071 0.958359
vt 0.026753 0.025692
vt 0.084813 0.899745
vt 0.028804 0.154706
vt 0.082558 0.889367
vt 0.028804 0.149449
vt 0.100228 0.868793
vt 0.028804 0.128242
vt 0.090921 0.878925
vt 0.028804 0.139354
vt 0.113272 0.820287
vt 0.028804 0.046853
vt 0.111648 0.829996
vt 0.109550 0.839703
vt 0.107706 0.849408
vt 0.105245 0.859092
vt 0.095800 0.910126
vt 0.104468 0.920566
vt 0.111313 0.930968
vt 0.114060 0.941395
vt 0.028804 0.170309
vt 0.115571 0.801069
vn 0.343836 -0.938900 0.015617
vn 0.435598 -0.900047 0.013056
vn -0.346269 -0.938034 0.013804
vn -0.357626 -0.933723 0.016282
vn 0.999999 -0.001183 -0.000416
vn -0.999999 0.001173 -0.000010
vn -0.254165 -0.966649 -0.031461
vn -1.000000 0.000890 0.000015
vn -0.372509 -0.927928 -0.013650
vn 0.458090 -0.888807 -0.013273
vn 0.229707 -0.972853 -0.028137
vn 0.999999 -0.000892 -0.000441
vn -0.993993 -0.109020 -0.009641
vn 0.993681 -0.111836 -0.009462
vn -0.993283 -0.114562 -0.016243
vn -1.000000 0.000423 0.000006
vn 0.993036 -0.116644 -0.016572
vn 1.000000 -0.000422 -0.000432
vn -0.984897 -0.170338 -0.031028
vn 0.984458 -0.172760 -0.031556
vn -0.978310 -0.204018 -0.035852
vn 0.977372 -0.208188 -0.037451
vn -0.962578 -0.270444 0.017442
vn -0.964021 -0.265608 -0.010751
vn 0.964847 -0.262542 -0.011930
vn 0.962627 -0.270324 0.016542
vn -0.967324 -0.248999 0.047794
vn -0.959443 -0.278547 0.043366
vn 0.959917 -0.277032 0.042584
vn 0.967494 -0.248436 0.047275
vn -0.958948 -0.281540 0.033979
vn -0.967366 -0.249883 0.041982
vn 0.967190 -0.250628 0.041574
vn 0.958645 -0.282626 0.033513
vn -0.944048 -0.329332 0.017686
vn -0.945633 -0.323950 0.028890
vn 0.945343 -0.324849 0.028297
vn 0.940524 -0.339279 0.017453
vn -0.898198 -0.439271 0.016748
vn 0.897120 -0.441491 0.016156
vn -0.992490 -0.122252 0.004284
vn 0.992322 -0.123620 0.003905
vn -0.993720 -0.111831 0.003783
vn 0.993534 -0.113485 0.003260
vn -0.267536 -0.963257 0.023670
vn 0.249063 -0.968222 0.022668
s 1
g Recepcion2 Recepcion group1 Techo Accesorio_techo8
usemtl lambert6SG
f 1610/2946/2639 1578/3011/2640 1579/2948/2641 1609/3021/2642
f 1574/2950/2643 1578/2947/2640 1610/3001/2639
f 1579/3031/2641 1573/2951/2644 1609/2949/2642
f 1581/3029/2645 1575/2953/2646 1580/2954/2647
f 1577/2955/2648 1582/3009/2649 1581/2952/2645 1580/3030/2647
f 1576/2957/2650 1582/2956/2649 1577/3010/2648
f 1583/3028/2651 1575/2953/2646 1581/3029/2645
f 1582/3009/2649 1584/3008/2652 1583/2958/2651 1581/2952/2645
f 1576/2957/2650 1584/2959/2652 1582/2956/2649
f 1586/3027/2653 1585/2961/2654 1575/2953/2646 1583/3028/2651
f 1584/3008/2652 1587/3007/2655 1586/2960/2653 1583/2958/2651
f 1576/2957/2650 1588/2963/2656 1587/2962/2655 1584/2959/2652
f 1589/3026/2657 1585/2961/2654 1586/3027/2653
f 1587/3007/2655 1590/3006/2658 1589/2964/2657 1586/2960/2653
f 1588/2963/2656 1590/2965/2658 1587/2962/2655
f 1591/3012/2659 1585/2961/2654 1589/3026/2657
f 1590/3006/2658 1592/2992/2660 1591/2966/2659 1589/2964/2657
f 1588/2963/2656 1592/2967/2660 1590/2965/2658
f 1593/3014/2661 1585/2961/2654 1617/2969/2662
f 1618/2970/2663 1594/2994/2664 1593/2968/2661 1617/3013/2662
f 1588/2963/2656 1594/2971/2664 1618/2993/2663
f 1595/3018/2665 1585/2961/2654 1615/2973/2666
f 1616/2974/2667 1596/2998/2668 1595/2972/2665 1615/3015/2666
f 1588/2963/2656 1596/2975/2668 1616/2995/2667
f 1597/3016/2669 1585/2961/2654 1611/2977/2670
f 1612/2978/2671 1598/2996/2672 1597/2976/2669 1611/3019/2670
f 1588/2963/2656 1598/2979/2672 1612/2999/2671
f 1599/3025/2673 1585/2961/2654 1613/2981/2674
f 1614/2982/2675 1600/3005/2676 1599/2980/2673 1613/3017/2674
f 1588/2963/2656 1600/2983/2676 1614/2997/2675
f 1601/3024/2677 1585/2961/2654 1599/3025/2673
f 1600/3005/2676 1602/3004/2678 1601/2984/2677 1599/2980/2673
f 1588/2963/2656 1602/2985/2678 1600/2983/2676
f 1603/3023/2679 1585/2961/2654 1601/3024/2677
f 1602/3004/2678 1604/3003/2680 1603/2986/2679 1601/2984/2677
f 1588/2963/2656 1604/2987/2680 1602/2985/2678
f 1605/3022/2681 1573/2951/2644 1585/2961/2654 1603/3023/2679
f 1604/3003/2680 1606/3002/2682 1605/2988/2681 1603/2986/2679
f 1588/2963/2656 1574/2950/2643 1606/2989/2682 1604/2987/2680
f 1607/3020/2683 1573/2951/2644 1605/3022/2681
f 1606/3002/2682 1608/3000/2684 1607/2990/2683 1605/2988/2681
f 1574/2950/2643 1608/2991/2684 1606/2989/2682
f 1609/2949/2642 1573/2951/2644 1607/3020/2683
f 1608/3000/2684 1610/2946/2639 1609/3021/2642 1607/2990/2683
f 1574/2950/2643 1610/3001/2639 1608/2991/2684
f 1611/2977/2670 1585/2961/2654 1595/3018/2665
f 1596/2998/2668 1612/2978/2671 1611/3019/2670 1595/2972/2665
f 1588/2963/2656 1612/2999/2671 1596/2975/2668
f 1613/2981/2674 1585/2961/2654 1597/3016/2669
f 1598/2996/2672 1614/2982/2675 1613/3017/2674 1597/2976/2669
f 1588/2963/2656 1614/2997/2675 1598/2979/2672
f 1615/2973/2666 1585/2961/2654 1593/3014/2661
f 1594/2994/2664 1616/2974/2667 1615/3015/2666 1593/2968/2661
f 1588/2963/2656 1616/2995/2667 1594/2971/2664
f 1617/2969/2662 1585/2961/2654 1591/3012/2659
f 1592/2992/2660 1618/2970/2663 1617/3013/2662 1591/2966/2659
f 1588/2963/2656 1618/2993/2663 1592/2967/2660
g default
v 14.436537 41.337791 -5.257203
v 14.502548 41.337756 -5.223550
v 14.436537 41.337791 -16.949210
v 14.497356 41.337745 -16.977773
v 14.497247 41.308223 -16.977754
v 14.502439 41.308234 -5.223533
v 14.436426 41.308269 -5.257185
v 14.436426 41.308269 -16.949192
v 14.436426 41.301545 -16.169724
v 14.497593 41.301499 -16.194139
v 14.436537 41.337791 -11.128566
v 14.436426 41.280269 -15.390257
v 14.497939 41.280224 -15.410524
v 14.499941 41.337751 -11.126155
v 14.436426 41.224336 -14.610791
v 14.498285 41.224292 -14.626910
v 14.436426 41.152246 -13.831322
v 14.498631 41.152203 -13.843295
v 14.436426 41.070876 -13.051855
v 14.498978 41.070833 -13.059679
v 14.436426 40.989538 -12.272387
v 14.499323 40.989497 -12.276065
v 14.436426 40.929625 -11.492920
v 14.499670 40.929585 -11.492450
v 14.436426 40.929625 -10.713454
v 14.500016 40.929585 -10.708835
v 14.436426 40.989538 -9.933987
v 14.500361 40.989498 -9.925221
v 14.436426 41.070876 -9.154519
v 14.500708 41.070836 -9.141606
v 14.436426 41.152246 -8.375052
v 14.501054 41.152208 -8.357992
v 14.436426 41.224336 -7.595586
v 14.501400 41.224298 -7.574377
v 14.436426 41.280269 -6.816118
v 14.501747 41.280232 -6.790762
v 14.436426 41.301545 -6.036652
v 14.502092 41.301509 -6.007147
v 14.436426 40.916279 -11.128546
v 14.499831 40.916239 -11.126138
v 14.436426 40.954448 -10.303793
v 14.500198 40.954408 -10.296994
v 14.436426 40.955451 -11.915627
v 14.499482 40.955410 -11.917406
vt 0.954179 0.354960
vt 0.066465 0.721495
vt 0.956005 0.336373
vt 0.969985 0.793400
vt 0.063092 0.721474
vt 0.974165 0.783219
vt 0.956005 0.504709
vt 0.974175 0.935941
vt 0.970771 0.935941
vt 0.954179 0.509713
vt 0.067202 0.864871
vt 0.063032 0.875093
vt 0.956005 0.499549
vt 0.974170 0.859909
vt 0.069647 0.854650
vt 0.063010 0.798771
vt 0.956005 0.493531
vt 0.076081 0.844433
vt 0.956005 0.486504
vt 0.084373 0.834225
vt 0.956005 0.479538
vt 0.093742 0.824031
vt 0.956005 0.473547
vt 0.103126 0.813835
vt 0.956005 0.470897
vt 0.930074 0.870192
vt 0.954179 0.471892
vt 0.110059 0.803628
vt 0.956005 0.466013
vt 0.925555 0.859912
vt 0.954179 0.469359
vt 0.110094 0.793403
vt 0.956005 0.453744
vt 0.929957 0.849139
vt 0.954179 0.460812
vt 0.103216 0.783151
vt 0.956005 0.435532
vt 0.093869 0.772875
vt 0.956005 0.415444
vt 0.084502 0.762578
vt 0.956005 0.394581
vt 0.076186 0.752284
vt 0.956005 0.373880
vt 0.069729 0.742002
vt 0.934006 0.874852
vt 0.956005 0.471892
vt 0.927095 0.854491
vt 0.956005 0.460812
vt 0.927094 0.864671
vt 0.956005 0.469359
vt 0.967532 0.803582
vt 0.956005 0.354960
vt 0.961082 0.813764
vt 0.952769 0.823946
vt 0.943384 0.834126
vt 0.934005 0.844308
vt 0.943387 0.885034
vt 0.952771 0.895216
vt 0.961087 0.905396
vt 0.967539 0.915577
vt 0.969994 0.925759
vt 0.956005 0.509713
vt 0.970761 0.783221
vt 0.954179 0.473547
vt 0.107066 0.809166
vt 0.954179 0.466013
vt 0.107249 0.788018
vt 0.954179 0.470897
vt 0.111614 0.798851
vt 0.954179 0.373880
vt 0.067279 0.731733
vt 0.954179 0.394581
vt 0.954179 0.415444
vt 0.954179 0.435532
vt 0.954179 0.453744
vt 0.954179 0.479538
vt 0.954179 0.486504
vt 0.954179 0.493531
vt 0.954179 0.499549
vt 0.954179 0.504709
vt 0.066440 0.875091
vt 0.954179 0.336373
vn 0.955554 -0.294784 0.004459
vn 0.263467 -0.964634 0.008183
vn -0.203940 -0.978947 0.008424
vn -0.956996 -0.290047 0.005580
vn 0.999997 -0.002368 -0.000431
vn -0.999997 0.002371 -0.000011
vn -0.961706 -0.274032 -0.005249
vn -0.999997 0.002375 0.000011
vn -0.220942 -0.975251 -0.008390
vn 0.279275 -0.960175 -0.008386
vn 0.960525 -0.278148 -0.005083
vn 0.999997 -0.002344 -0.000453
vn -0.968668 -0.248027 -0.012843
vn -1.000000 0.000405 0.000000
vn 0.966842 -0.255069 -0.012468
vn 1.000000 -0.000401 -0.000442
vn -0.955570 -0.293764 -0.024260
vn 0.954254 -0.297981 -0.024644
vn -0.964869 -0.261468 -0.025741
vn 0.964235 -0.263743 -0.026258
vn -0.965792 -0.257925 -0.026847
vn 0.965545 -0.258794 -0.027366
vn -0.957425 -0.287214 -0.029084
vn 0.956725 -0.289467 -0.029761
vn -0.952026 -0.305641 -0.015176
vn -0.957225 -0.288501 -0.022081
vn 0.957548 -0.287395 -0.022475
vn 0.952395 -0.304470 -0.015515
vn -0.952233 -0.305052 0.014002
vn -0.937711 -0.347416 -0.000116
vn 0.938108 -0.346343 -0.000260
vn 0.952557 -0.304052 0.013706
vn -0.957909 -0.285620 0.028826
vn -0.956319 -0.291481 0.022225
vn 0.956727 -0.290157 0.021958
vn 0.955866 -0.292352 0.029155
vn -0.964897 -0.261217 0.027192
vn 0.964349 -0.263257 0.026976
vn -0.963193 -0.267516 0.026356
vn 0.962162 -0.271224 0.026101
vn -0.952484 -0.303554 0.025106
vn 0.950559 -0.309564 0.024670
vn -0.965613 -0.259634 0.013505
vn 0.963314 -0.268102 0.012100
s 1
g Recepcion2 Recepcion group1 Techo Accesorio_techo9
usemtl lambert6SG
f 1656/3032/2685 1624/3113/2686 1625/3034/2687 1655/3083/2688
f 1620/3036/2689 1624/3033/2686 1656/3102/2685
f 1625/3094/2687 1619/3037/2690 1655/3035/2688
f 1627/3092/2691 1621/3039/2692 1626/3040/2693
f 1623/3041/2694 1628/3111/2695 1627/3038/2691 1626/3093/2693
f 1622/3043/2696 1628/3042/2695 1623/3112/2694
f 1630/3091/2697 1629/3045/2698 1621/3039/2692 1627/3092/2691
f 1628/3111/2695 1631/3110/2699 1630/3044/2697 1627/3038/2691
f 1622/3043/2696 1632/3047/2700 1631/3046/2699 1628/3042/2695
f 1633/3090/2701 1629/3045/2698 1630/3091/2697
f 1631/3110/2699 1634/3109/2702 1633/3048/2701 1630/3044/2697
f 1632/3047/2700 1634/3049/2702 1631/3046/2699
f 1635/3089/2703 1629/3045/2698 1633/3090/2701
f 1634/3109/2702 1636/3108/2704 1635/3050/2703 1633/3048/2701
f 1632/3047/2700 1636/3051/2704 1634/3049/2702
f 1637/3088/2705 1629/3045/2698 1635/3089/2703
f 1636/3108/2704 1638/3107/2706 1637/3052/2705 1635/3050/2703
f 1632/3047/2700 1638/3053/2706 1636/3051/2704
f 1639/3076/2707 1629/3045/2698 1637/3088/2705
f 1638/3107/2706 1640/3095/2708 1639/3054/2707 1637/3052/2705
f 1632/3047/2700 1640/3055/2708 1638/3053/2706
f 1641/3080/2709 1629/3045/2698 1661/3057/2710
f 1662/3058/2711 1642/3099/2712 1641/3056/2709 1661/3077/2710
f 1632/3047/2700 1642/3059/2712 1662/3096/2711
f 1643/3078/2713 1629/3045/2698 1657/3061/2714
f 1658/3062/2715 1644/3097/2716 1643/3060/2713 1657/3081/2714
f 1632/3047/2700 1644/3063/2716 1658/3100/2715
f 1645/3087/2717 1629/3045/2698 1659/3065/2718
f 1660/3066/2719 1646/3106/2720 1645/3064/2717 1659/3079/2718
f 1632/3047/2700 1646/3067/2720 1660/3098/2719
f 1647/3086/2721 1629/3045/2698 1645/3087/2717
f 1646/3106/2720 1648/3105/2722 1647/3068/2721 1645/3064/2717
f 1632/3047/2700 1648/3069/2722 1646/3067/2720
f 1649/3085/2723 1629/3045/2698 1647/3086/2721
f 1648/3105/2722 1650/3104/2724 1649/3070/2723 1647/3068/2721
f 1632/3047/2700 1650/3071/2724 1648/3069/2722
f 1651/3084/2725 1629/3045/2698 1649/3085/2723
f 1650/3104/2724 1652/3103/2726 1651/3072/2725 1649/3070/2723
f 1632/3047/2700 1652/3073/2726 1650/3071/2724
f 1653/3082/2727 1629/3045/2698 1651/3084/2725
f 1652/3103/2726 1654/3101/2728 1653/3074/2727 1651/3072/2725
f 1632/3047/2700 1654/3075/2728 1652/3073/2726
f 1655/3035/2688 1619/3037/2690 1629/3045/2698 1653/3082/2727
f 1654/3101/2728 1656/3032/2685 1655/3083/2688 1653/3074/2727
f 1632/3047/2700 1620/3036/2689 1656/3102/2685 1654/3075/2728
f 1657/3061/2714 1629/3045/2698 1641/3080/2709
f 1642/3099/2712 1658/3062/2715 1657/3081/2714 1641/3056/2709
f 1632/3047/2700 1658/3100/2715 1642/3059/2712
f 1659/3065/2718 1629/3045/2698 1643/3078/2713
f 1644/3097/2716 1660/3066/2719 1659/3079/2718 1643/3060/2713
f 1632/3047/2700 1660/3098/2719 1644/3063/2716
f 1661/3057/2710 1629/3045/2698 1639/3076/2707
f 1640/3095/2708 1662/3058/2711 1661/3077/2710 1639/3054/2707
f 1632/3047/2700 1662/3096/2711 1640/3055/2708
g default
v 3.964750 9.143073 -20.136157
v 3.980425 9.149906 -20.136157
v 3.996100 9.143073 -20.136157
v 4.002593 9.126582 -20.136157
v 3.996100 9.110087 -20.136157
v 3.980425 9.103256 -20.136157
v 3.964750 9.110087 -20.136157
v 3.958257 9.126582 -20.136157
v 3.964750 9.143073 -20.222325
v 3.980425 9.149906 -20.222325
v 3.996100 9.143073 -20.222325
v 4.002593 9.126582 -20.222325
v 3.996100 9.110087 -20.222325
v 3.980425 9.103256 -20.222325
v 3.964750 9.110087 -20.222325
v 3.958257 9.126582 -20.222325
vt 0.125984 0.049144
vt 0.125984 0.048825
vt 0.127607 0.048825
vt 0.127607 0.049145
vt 0.125984 0.048505
vt 0.127607 0.048506
vt 0.125984 0.048186
vt 0.127607 0.048186
vt 0.125984 0.047866
vt 0.127607 0.047867
vt 0.125984 0.047547
vt 0.127607 0.050103
vt 0.125984 0.049783
vt 0.127607 0.049784
vt 0.125984 0.049464
vt 0.127607 0.049464
vt 0.125984 0.050103
vt 0.127607 0.047547
vn -0.724847 0.688910 0.000000
vn 0.000000 1.000000 0.000000
vn 0.000000 1.000000 0.000000
vn -0.724847 0.688910 0.000000
vn 0.724842 0.688915 0.000000
vn 0.724842 0.688915 0.000000
vn 1.000000 -0.000000 0.000000
vn 1.000000 -0.000000 0.000000
vn 0.724865 -0.688890 0.000000
vn 0.724865 -0.688890 0.000000
vn -0.000000 -1.000000 0.000000
vn -0.000000 -1.000000 0.000000
vn -0.724870 -0.688885 0.000000
vn -0.724870 -0.688885 0.000000
vn -1.000000 -0.000000 0.000000
vn -1.000000 -0.000000 0.000000
s 1
g Recepcion2 Recepcion Manija_puerta2 group13 group12
usemtl lambert6SG
f 1663/3114/2729 1664/3115/2730 1672/3116/2731 1671/3117/2732
f 1664/3115/2730 1665/3118/2733 1673/3119/2734 1672/3116/2731
f 1665/3118/2733 1666/3120/2735 1674/3121/2736 1673/3119/2734
f 1666/3120/2735 1667/3122/2737 1675/3123/2738 1674/3121/2736
f 1667/3122/2737 1668/3124/2739 1676/3131/2740 1675/3123/2738
f 1668/3130/2739 1669/3126/2741 1677/3127/2742 1676/3125/2740
f 1669/3126/2741 1670/3128/2743 1678/3129/2744 1677/3127/2742
f 1670/3128/2743 1663/3114/2729 1671/3117/2732 1678/3129/2744
g default
v -9.555024 12.566165 -20.355314
v -9.543396 7.001431 -20.488274
v 2.245042 12.566165 -20.355314
v 2.256670 7.001431 -20.488274
vt 0.087915 0.998006
vt 0.001947 0.998008
vt 0.001945 0.911943
vt 0.087913 0.911941
vn 0.000000 -0.023886 0.999715
vn 0.000000 -0.023886 0.999715
vn 0.000000 -0.023886 0.999715
vn 0.000000 -0.023886 0.999715
s off
g Recepcion2 Recepcion group13 group12 Vidrio_entrada
usemtl lambert6SG
f 1681/3132/2745 1679/3133/2746 1680/3134/2747 1682/3135/2748
g default
v 3.959790 8.345717 -20.102882
v 3.980425 8.345717 -20.094333
v 4.001060 8.345717 -20.102882
v 4.009607 8.345717 -20.123515
v 4.001060 8.345717 -20.144152
v 3.980425 8.345717 -20.152697
v 3.959790 8.345717 -20.144152
v 3.951242 8.345717 -20.123515
v 3.959790 9.907446 -20.102882
v 3.980425 9.907446 -20.094333
v 4.001060 9.907446 -20.102882
v 4.009607 9.907446 -20.123515
v 4.001060 9.907446 -20.144152
v 3.980425 9.907446 -20.152697
v 3.959790 9.907446 -20.144152
v 3.951242 9.907446 -20.123515
v 3.980425 9.907446 -20.123515
vt 0.035648 0.067466
vt 0.036068 0.067466
vt 0.132730 0.045404
vt 0.132439 0.045156
vt 0.036489 0.067466
vt 0.132730 0.046027
vt 0.036909 0.067466
vt 0.132282 0.046224
vt 0.037330 0.067466
vt 0.131874 0.046055
vt 0.037751 0.067466
vt 0.131709 0.045690
vt 0.034806 0.067466
vt 0.131813 0.045356
vt 0.035227 0.067466
vt 0.132090 0.045150
vt 0.132211 0.045632
vt 0.035652 0.095417
vt 0.035231 0.095417
vt 0.034810 0.095417
vt 0.034390 0.095417
vt 0.037755 0.095417
vt 0.037334 0.095417
vt 0.034386 0.067466
vt 0.036913 0.095417
vt 0.036493 0.095417
vt 0.036072 0.095417
vn -0.707089 0.000000 0.707124
vn 0.000000 0.000000 1.000000
vn 0.000000 0.007006 0.999975
vn -0.707072 0.007007 0.707107
vn 0.707089 0.000000 0.707124
vn 0.707072 0.007007 0.707107
vn 1.000000 0.000000 0.000000
vn 0.999975 0.007007 0.000000
vn 0.707103 0.000000 -0.707110
vn 0.707086 0.007007 -0.707093
vn 0.000000 0.000000 -1.000000
vn 0.000000 0.007008 -0.999975
vn -0.707103 0.000000 -0.707110
vn -0.707086 0.007007 -0.707093
vn -1.000000 0.000000 0.000000
vn -0.999975 0.007007 0.000000
vn 0.000000 1.000000 0.000000
s 1
g Recepcion2 Recepcion group13 group12 Manija_puerta1
usemtl lambert6SG
f 1683/3136/2749 1684/3137/2750 1692/3162/2751 1691/3153/2752
f 1684/3137/2750 1685/3140/2753 1693/3161/2754 1692/3162/2751
f 1685/3140/2753 1686/3142/2755 1694/3160/2756 1693/3161/2754
f 1686/3142/2755 1687/3144/2757 1695/3158/2758 1694/3160/2756
f 1687/3144/2757 1688/3146/2759 1696/3157/2760 1695/3158/2758
f 1688/3159/2759 1689/3148/2761 1697/3155/2762 1696/3156/2760
f 1689/3148/2761 1690/3150/2763 1698/3154/2764 1697/3155/2762
f 1690/3150/2763 1683/3136/2749 1691/3153/2752 1698/3154/2764
f 1691/3139/2752 1692/3138/2751 1699/3152/2765
f 1692/3138/2751 1693/3141/2754 1699/3152/2765
f 1693/3141/2754 1694/3143/2756 1699/3152/2765
f 1694/3143/2756 1695/3145/2758 1699/3152/2765
f 1695/3145/2758 1696/3147/2760 1699/3152/2765
f 1696/3147/2760 1697/3149/2762 1699/3152/2765
f 1697/3149/2762 1698/3151/2764 1699/3152/2765
f 1698/3151/2764 1691/3139/2752 1699/3152/2765
g default
v 2.985425 11.116093 -20.481624
v 2.400985 11.116093 -20.481624
v 2.985425 11.403632 -20.481624
v 2.400985 11.403632 -20.481624
v 2.985425 11.403632 -20.448703
v 2.400985 11.403632 -20.448703
v 2.985425 11.116093 -20.448703
v 2.400985 11.116093 -20.448703
vt 0.034387 0.057018
vt 0.034386 0.046012
vt 0.039532 0.046012
vt 0.039533 0.057018
vt 0.039532 0.045392
vt 0.040153 0.057018
vt 0.034386 0.045393
vt 0.034387 0.057638
vt 0.039533 0.057638
vt 0.040152 0.046012
vn 0.056242 0.000000 0.998417
vn -0.056242 0.000000 0.998417
vn -0.055878 -0.113574 0.991957
vn 0.055878 -0.113574 0.991957
vn -0.441459 -0.897281 0.000000
vn 0.441459 -0.897281 0.000000
vn -1.000000 0.000000 0.000000
vn 1.000000 0.000000 0.000000
s 1
g Recepcion2 Recepcion group13 group12 Seguro_puerta
usemtl lambert6SG
f 1704/3163/2766 1705/3164/2767 1707/3165/2768 1706/3166/2769
f 1706/3166/2769 1707/3165/2768 1701/3172/2770 1700/3168/2771
f 1701/3167/2770 1707/3165/2768 1705/3164/2767 1703/3169/2772
f 1706/3166/2769 1700/3171/2771 1702/3170/2773 1704/3163/2766
g default
v 2.989685 7.063942 -20.480305
v 2.405245 7.063942 -20.480305
v 2.989685 7.271176 -20.480305
v 2.405245 7.271176 -20.480305
v 2.989685 7.271176 -20.447381
v 2.405245 7.271176 -20.447381
v 2.989685 7.063942 -20.447381
v 2.405245 7.063942 -20.447381
vt 0.130235 0.055113
vt 0.130878 0.066910
vt 0.130235 0.066910
vt 0.130235 0.055855
vt 0.126650 0.066910
vt 0.126650 0.055855
vt 0.125984 0.066910
vt 0.125984 0.055855
vt 0.126650 0.055113
vt 0.130878 0.055855
vn 0.334189 0.942506 0.000000
vn 0.000000 1.000000 0.000000
vn 0.000000 0.156907 0.987613
vn 0.055549 0.156664 0.986089
vn 0.000000 -0.156907 0.987613
vn 0.055549 -0.156664 0.986089
vn 0.000000 -1.000000 0.000000
vn 0.334189 -0.942506 0.000000
s 1
g Recepcion2 Recepcion group13 group12 Seguro_puerta_bajo
usemtl lambert6SG
f 1710/3182/2774 1711/3174/2775 1713/3175/2776 1712/3176/2777
f 1712/3176/2777 1713/3175/2776 1715/3177/2778 1714/3178/2779
f 1714/3178/2779 1715/3177/2778 1709/3179/2780 1708/3180/2781
f 1714/3178/2779 1708/3181/2781 1710/3173/2774 1712/3176/2777
g default
v 4.072502 8.333304 -20.240309
v 3.894108 8.333304 -20.240309
v 4.072502 9.877256 -20.240309
v 3.894108 9.877256 -20.240309
v 4.072502 9.877256 -20.221785
v 3.894108 9.877256 -20.221785
v 4.072502 8.333304 -20.221785
v 3.894108 8.333304 -20.221785
vt 0.139585 0.079993
vt 0.135876 0.080340
vt 0.135876 0.079992
vt 0.139236 0.079993
vt 0.135874 0.052362
vt 0.139234 0.052363
vt 0.135525 0.052362
vt 0.139233 0.052014
vt 0.139583 0.052363
vt 0.135873 0.052013
vt 0.139237 0.080342
vt 0.135527 0.079992
vn 0.993391 0.114779 0.000000
vn -0.993391 0.114779 0.000000
vn -0.103278 0.011933 0.994581
vn 0.103278 0.011933 0.994581
vn -0.103278 -0.011933 0.994581
vn 0.103278 -0.011933 0.994581
vn -0.993391 -0.114779 0.000000
vn 0.993391 -0.114779 0.000000
s 1
g Recepcion2 Recepcion group13 group12 Manija_puerta
usemtl lambert6SG
f 1718/3193/2782 1719/3184/2783 1721/3185/2784 1720/3186/2785
f 1720/3186/2785 1721/3185/2784 1723/3187/2786 1722/3188/2787
f 1722/3188/2787 1723/3187/2786 1717/3192/2788 1716/3190/2789
f 1717/3189/2788 1723/3187/2786 1721/3185/2784 1719/3194/2783
f 1722/3188/2787 1716/3191/2789 1718/3183/2782 1720/3186/2785
g default
v 6.215609 11.576025 -20.355313
v 6.214787 11.419673 -20.355313
v 2.402933 11.598208 -20.355313
v 2.402112 11.441855 -20.355313
v 6.214787 11.419673 -20.568704
v 2.402112 11.441855 -20.568704
v 6.215609 11.576025 -20.568704
v 2.402933 11.598208 -20.568704
vt 0.236665 0.928292
vt 0.247500 0.928292
vt 0.247500 0.842475
vt 0.250299 0.842475
vt 0.243482 0.928292
vt 0.243482 0.842475
vt 0.240683 0.928292
vt 0.240683 0.842475
vt 0.236665 0.842475
vt 0.250299 0.928292
vn 0.004693 0.806628 0.591041
vn -0.004693 -0.806628 0.591041
vn -0.004693 -0.806628 0.591041
vn 0.004693 0.806628 0.591041
vn -0.004693 -0.806628 -0.591041
vn -0.004693 -0.806628 -0.591041
vn 0.004693 0.806628 -0.591041
vn 0.004693 0.806628 -0.591041
s 1
g Recepcion2 Recepcion group13 group12 Barrote_Puerta1
usemtl lambert6SG
f 1726/3204/2790 1727/3196/2791 1725/3197/2792 1724/3198/2793
f 1727/3196/2791 1729/3199/2794 1728/3200/2795 1725/3197/2792
f 1729/3199/2794 1731/3201/2796 1730/3202/2797 1728/3200/2795
f 1731/3201/2796 1726/3195/2790 1724/3203/2793 1730/3202/2797
g default
v 2.393708 12.569637 -20.564874
v 2.390641 11.581015 -20.564874
v 6.219377 12.558764 -20.564874
v 6.216310 11.570143 -20.564874
vt 0.087915 0.998006
vt 0.001947 0.998008
vt 0.001945 0.911943
vt 0.087913 0.911941
vn 0.000000 0.000000 1.000000
vn 0.000000 0.000000 1.000000
vn 0.000000 0.000000 1.000000
vn 0.000000 0.000000 1.000000
s off
g Recepcion2 Recepcion group13 group12 Vidrio_entrada1
usemtl lambert6SG
f 1734/3205/2798 1732/3206/2799 1733/3207/2800 1735/3208/2801
g default
v 4.338880 11.396802 -20.464741
v 4.338880 7.107076 -20.464741
v 6.217984 11.396802 -20.464741
v 6.217984 7.107076 -20.464741
vt 0.667066 0.944404
vt 0.631679 0.944403
vt 0.631681 0.867607
vt 0.667067 0.867608
vn 0.000000 0.000000 1.000000
vn 0.000000 0.000000 1.000000
vn 0.000000 0.000000 1.000000
vn 0.000000 0.000000 1.000000
s off
g Recepcion2 Recepcion group13 group12 Vidrio_puerta_puerta1
usemtl lambert6SG
f 1738/3209/2802 1736/3210/2803 1737/3211/2804 1739/3212/2805
g default
v 4.596640 9.143073 -20.136157
v 4.612315 9.149906 -20.136157
v 4.627990 9.143073 -20.136157
v 4.634483 9.126582 -20.136157
v 4.627990 9.110087 -20.136157
v 4.612315 9.103256 -20.136157
v 4.596640 9.110087 -20.136157
v 4.590147 9.126582 -20.136157
v 4.596640 9.143073 -20.222325
v 4.612315 9.149906 -20.222325
v 4.627990 9.143073 -20.222325
v 4.634483 9.126582 -20.222325
v 4.627990 9.110087 -20.222325
v 4.612315 9.103256 -20.222325
v 4.596640 9.110087 -20.222325
v 4.590147 9.126582 -20.222325
vt 0.125984 0.049144
vt 0.125984 0.048825
vt 0.127607 0.048825
vt 0.127607 0.049145
vt 0.125984 0.048505
vt 0.127607 0.048506
vt 0.125984 0.048186
vt 0.127607 0.048186
vt 0.125984 0.047866
vt 0.127607 0.047867
vt 0.125984 0.047547
vt 0.127607 0.050103
vt 0.125984 0.049783
vt 0.127607 0.049784
vt 0.125984 0.049464
vt 0.127607 0.049464
vt 0.125984 0.050103
vt 0.127607 0.047547
vn -0.724847 0.688910 0.000000
vn 0.000000 1.000000 0.000000
vn 0.000000 1.000000 0.000000
vn -0.724847 0.688910 0.000000
vn 0.724842 0.688915 0.000000
vn 0.724842 0.688915 0.000000
vn 1.000000 -0.000000 0.000000
vn 1.000000 -0.000000 0.000000
vn 0.724865 -0.688890 0.000000
vn 0.724865 -0.688890 0.000000
vn -0.000000 -1.000000 0.000000
vn -0.000000 -1.000000 0.000000
vn -0.724870 -0.688885 0.000000
vn -0.724870 -0.688885 0.000000
vn -1.000000 -0.000000 0.000000
vn -1.000000 -0.000000 0.000000
s 1
g Recepcion2 Recepcion group13 group12 Manija_puerta3
usemtl lambert6SG
f 1740/3213/2806 1741/3214/2807 1749/3215/2808 1748/3216/2809
f 1741/3214/2807 1742/3217/2810 1750/3218/2811 1749/3215/2808
f 1742/3217/2810 1743/3219/2812 1751/3220/2813 1750/3218/2811
f 1743/3219/2812 1744/3221/2814 1752/3222/2815 1751/3220/2813
f 1744/3221/2814 1745/3223/2816 1753/3230/2817 1752/3222/2815
f 1745/3229/2816 1746/3225/2818 1754/3226/2819 1753/3224/2817
f 1746/3225/2818 1747/3227/2820 1755/3228/2821 1754/3226/2819
f 1747/3227/2820 1740/3213/2806 1748/3216/2809 1755/3228/2821
g default
v 4.704392 8.333304 -20.240309
v 4.525999 8.333304 -20.240309
v 4.704392 9.877256 -20.240309
v 4.525999 9.877256 -20.240309
v 4.704392 9.877256 -20.221785
v 4.525999 9.877256 -20.221785
v 4.704392 8.333304 -20.221785
v 4.525999 8.333304 -20.221785
vt 0.139585 0.079993
vt 0.135876 0.080340
vt 0.135876 0.079992
vt 0.139236 0.079993
vt 0.135874 0.052362
vt 0.139234 0.052363
vt 0.135525 0.052362
vt 0.139233 0.052014
vt 0.139583 0.052363
vt 0.135873 0.052013
vt 0.139237 0.080342
vt 0.135527 0.079992
vn 0.993391 0.114779 0.000000
vn -0.993391 0.114779 0.000000
vn -0.103278 0.011933 0.994581
vn 0.103278 0.011933 0.994581
vn -0.103278 -0.011933 0.994581
vn 0.103278 -0.011933 0.994581
vn -0.993391 -0.114779 0.000000
vn 0.993391 -0.114779 0.000000
s 1
g Recepcion2 Recepcion group13 group12 Manija_puerta4
usemtl lambert6SG
f 1758/3241/2822 1759/3232/2823 1761/3233/2824 1760/3234/2825
f 1760/3234/2825 1761/3233/2824 1763/3235/2826 1762/3236/2827
f 1762/3236/2827 1763/3235/2826 1757/3240/2828 1756/3238/2829
f 1757/3237/2828 1763/3235/2826 1761/3233/2824 1759/3242/2823
f 1762/3236/2827 1756/3239/2829 1758/3231/2822 1760/3234/2825
g default
v 4.591680 8.345717 -20.102882
v 4.612315 8.345717 -20.094333
v 4.632950 8.345717 -20.102882
v 4.641498 8.345717 -20.123515
v 4.632950 8.345717 -20.144152
v 4.612315 8.345717 -20.152697
v 4.591680 8.345717 -20.144152
v 4.583132 8.345717 -20.123515
v 4.591680 9.907446 -20.102882
v 4.612315 9.907446 -20.094333
v 4.632950 9.907446 -20.102882
v 4.641498 9.907446 -20.123515
v 4.632950 9.907446 -20.144152
v 4.612315 9.907446 -20.152697
v 4.591680 9.907446 -20.144152
v 4.583132 9.907446 -20.123515
v 4.612315 9.907446 -20.123515
vt 0.035648 0.067466
vt 0.036068 0.067466
vt 0.132730 0.045404
vt 0.132439 0.045156
vt 0.036489 0.067466
vt 0.132730 0.046027
vt 0.036909 0.067466
vt 0.132282 0.046224
vt 0.037330 0.067466
vt 0.131874 0.046055
vt 0.037751 0.067466
vt 0.131709 0.045690
vt 0.034806 0.067466
vt 0.131813 0.045356
vt 0.035227 0.067466
vt 0.132090 0.045150
vt 0.132211 0.045632
vt 0.035652 0.095417
vt 0.035231 0.095417
vt 0.034810 0.095417
vt 0.034390 0.095417
vt 0.037755 0.095417
vt 0.037334 0.095417
vt 0.034386 0.067466
vt 0.036913 0.095417
vt 0.036493 0.095417
vt 0.036072 0.095417
vn -0.707089 0.000000 0.707124
vn 0.000000 0.000000 1.000000
vn 0.000000 0.007006 0.999975
vn -0.707072 0.007007 0.707107
vn 0.707089 0.000000 0.707124
vn 0.707072 0.007007 0.707107
vn 1.000000 0.000000 0.000000
vn 0.999975 0.007007 0.000000
vn 0.707103 0.000000 -0.707110
vn 0.707086 0.007007 -0.707093
vn 0.000000 0.000000 -1.000000
vn 0.000000 0.007008 -0.999975
vn -0.707103 0.000000 -0.707110
vn -0.707086 0.007007 -0.707093
vn -1.000000 0.000000 0.000000
vn -0.999975 0.007007 0.000000
vn 0.000000 1.000000 0.000000
s 1
g Recepcion2 Recepcion group13 group12 Manija_puerta5
usemtl lambert6SG
f 1764/3243/2830 1765/3244/2831 1773/3269/2832 1772/3260/2833
f 1765/3244/2831 1766/3247/2834 1774/3268/2835 1773/3269/2832
f 1766/3247/2834 1767/3249/2836 1775/3267/2837 1774/3268/2835
f 1767/3249/2836 1768/3251/2838 1776/3265/2839 1775/3267/2837
f 1768/3251/2838 1769/3253/2840 1777/3264/2841 1776/3265/2839
f 1769/3266/2840 1770/3255/2842 1778/3262/2843 1777/3263/2841
f 1770/3255/2842 1771/3257/2844 1779/3261/2845 1778/3262/2843
f 1771/3257/2844 1764/3243/2830 1772/3260/2833 1779/3261/2845
f 1772/3246/2833 1773/3245/2832 1780/3259/2846
f 1773/3245/2832 1774/3248/2835 1780/3259/2846
f 1774/3248/2835 1775/3250/2837 1780/3259/2846
f 1775/3250/2837 1776/3252/2839 1780/3259/2846
f 1776/3252/2839 1777/3254/2841 1780/3259/2846
f 1777/3254/2841 1778/3256/2843 1780/3259/2846
f 1778/3256/2843 1779/3258/2845 1780/3259/2846
f 1779/3258/2845 1772/3246/2833 1780/3259/2846
g default
v 6.238725 7.063723 -20.480305
v 5.654284 7.063723 -20.480305
v 6.238725 7.270956 -20.480305
v 5.654284 7.270956 -20.480305
v 6.238725 7.270956 -20.447381
v 5.654284 7.270956 -20.447381
v 6.238725 7.063723 -20.447381
v 5.654284 7.063723 -20.447381
vt 0.130235 0.055113
vt 0.130878 0.066910
vt 0.130235 0.066910
vt 0.130235 0.055855
vt 0.126650 0.066910
vt 0.126650 0.055855
vt 0.125984 0.066910
vt 0.125984 0.055855
vt 0.126650 0.055113
vt 0.130878 0.055855
vn 0.334189 0.942506 0.000000
vn 0.000000 1.000000 0.000000
vn 0.000000 0.156907 0.987613
vn 0.055549 0.156664 0.986089
vn 0.000000 -0.156907 0.987613
vn 0.055549 -0.156664 0.986089
vn 0.000000 -1.000000 0.000000
vn 0.334189 -0.942506 0.000000
s 1
g Recepcion2 Recepcion group13 group12 Seguro_puerta_bajo1
usemtl lambert6SG
f 1783/3279/2847 1784/3271/2848 1786/3272/2849 1785/3273/2850
f 1785/3273/2850 1786/3272/2849 1788/3274/2851 1787/3275/2852
f 1787/3275/2852 1788/3274/2851 1782/3276/2853 1781/3277/2854
f 1787/3275/2852 1781/3278/2854 1783/3270/2847 1785/3273/2850
g default
v 6.234464 11.136155 -20.481624
v 5.650024 11.136155 -20.481624
v 6.234464 11.423694 -20.481624
v 5.650024 11.423694 -20.481624
v 6.234464 11.423694 -20.448703
v 5.650024 11.423694 -20.448703
v 6.234464 11.136155 -20.448703
v 5.650024 11.136155 -20.448703
vt 0.034387 0.057018
vt 0.034386 0.046012
vt 0.039532 0.046012
vt 0.039533 0.057018
vt 0.039532 0.045392
vt 0.040153 0.057018
vt 0.034386 0.045393
vt 0.034387 0.057638
vt 0.039533 0.057638
vt 0.040152 0.046012
vn 0.056242 0.000000 0.998417
vn -0.056242 0.000000 0.998417
vn -0.055878 -0.113574 0.991957
vn 0.055878 -0.113574 0.991957
vn -0.441459 -0.897281 0.000000
vn 0.441459 -0.897281 0.000000
vn -1.000000 0.000000 0.000000
vn 1.000000 0.000000 0.000000
s 1
g Recepcion2 Recepcion group13 group12 Seguro_puerta1
usemtl lambert6SG
f 1793/3280/2855 1794/3281/2856 1796/3282/2857 1795/3283/2858
f 1795/3283/2858 1796/3282/2857 1790/3289/2859 1789/3285/2860
f 1790/3284/2859 1796/3282/2857 1794/3281/2856 1792/3286/2861
f 1795/3283/2858 1789/3288/2860 1791/3287/2862 1793/3280/2855
g default
v 6.367847 7.060334 -20.355313
v 6.219247 7.060334 -20.355313
v 6.367847 12.585123 -20.355313
v 6.219247 12.585123 -20.355313
v 6.219247 7.060334 -20.568704
v 6.219247 12.585123 -20.568704
v 6.367847 7.060334 -20.568704
v 6.367847 12.585123 -20.568704
vt 0.236665 0.928292
vt 0.247500 0.928292
vt 0.247500 0.842475
vt 0.250299 0.842475
vt 0.243482 0.928292
vt 0.243482 0.842475
vt 0.240683 0.928292
vt 0.240683 0.842475
vt 0.236665 0.842475
vt 0.250299 0.928292
vn 0.820627 0.000000 0.571464
vn -0.820627 0.000000 0.571464
vn -0.820627 0.000000 0.571464
vn 0.820627 0.000000 0.571464
vn -0.820627 0.000000 -0.571464
vn -0.820627 0.000000 -0.571464
vn 0.820627 0.000000 -0.571464
vn 0.820627 0.000000 -0.571464
s 1
g Recepcion2 Recepcion group13 group12 Barrote_Puerta2
usemtl lambert6SG
f 1799/3299/2863 1800/3291/2864 1798/3292/2865 1797/3293/2866
f 1800/3291/2864 1802/3294/2867 1801/3295/2868 1798/3292/2865
f 1802/3294/2867 1804/3296/2869 1803/3297/2870 1801/3295/2868
f 1804/3296/2869 1799/3290/2863 1797/3298/2866 1803/3297/2870
g default
v 6.362697 12.570351 -20.583336
v 6.321704 6.992844 -20.594269
v 9.962226 12.570351 -20.583336
v 9.921234 6.992844 -20.594269
vt 0.087915 0.998006
vt 0.001947 0.998008
vt 0.001945 0.911943
vt 0.087913 0.911941
vn 0.000000 -0.001960 0.999998
vn 0.000000 -0.001960 0.999998
vn 0.000000 -0.001960 0.999998
vn 0.000000 -0.001960 0.999998
s off
g Recepcion2 Recepcion group13 group12 Vidrio_entrada2
usemtl lambert6SG
f 1807/3300/2871 1805/3301/2872 1806/3302/2873 1808/3303/2874
g default
v 2.396199 7.060334 -20.355313
v 2.247600 7.060334 -20.355313
v 2.396199 12.585123 -20.355313
v 2.247600 12.585123 -20.355313
v 2.247600 7.060334 -20.568704
v 2.247600 12.585123 -20.568704
v 2.396199 7.060334 -20.568704
v 2.396199 12.585123 -20.568704
vt 0.236665 0.928292
vt 0.247500 0.928292
vt 0.247500 0.842475
vt 0.250299 0.842475
vt 0.243482 0.928292
vt 0.243482 0.842475
vt 0.240683 0.928292
vt 0.240683 0.842475
vt 0.236665 0.842475
vt 0.250299 0.928292
vn 0.820627 0.000000 0.571464
vn -0.820627 0.000000 0.571464
vn -0.820627 0.000000 0.571464
vn 0.820627 0.000000 0.571464
vn -0.820627 0.000000 -0.571464
vn -0.820627 0.000000 -0.571464
vn 0.820627 0.000000 -0.571464
vn 0.820627 0.000000 -0.571464
s 1
g Recepcion2 Recepcion group13 group12 Barrote_Puerta3
usemtl lambert6SG
f 1811/3313/2875 1812/3305/2876 1810/3306/2877 1809/3307/2878
f 1812/3305/2876 1814/3308/2879 1813/3309/2880 1810/3306/2877
f 1814/3308/2879 1816/3310/2881 1815/3311/2882 1813/3309/2880
f 1816/3310/2881 1811/3304/2875 1809/3312/2878 1815/3311/2882
g default
v 2.418075 11.396802 -20.464741
v 2.418075 7.107076 -20.464741
v 4.297179 11.396802 -20.464741
v 4.297179 7.107076 -20.464741
vt 0.667066 0.944404
vt 0.631679 0.944403
vt 0.631681 0.867607
vt 0.667067 0.867608
vn 0.000000 0.000000 1.000000
vn 0.000000 0.000000 1.000000
vn 0.000000 0.000000 1.000000
vn 0.000000 0.000000 1.000000
s off
g Recepcion2 Recepcion group13 group12 Vidrio_puerta_puerta2
usemtl lambert6SG
f 1819/3314/2883 1817/3315/2884 1818/3316/2885 1820/3317/2886
g default
v -9.851853 7.022179 -18.577564
v -9.851833 7.022179 -20.594002
v -9.851853 12.566842 -18.577564
v -9.851833 12.566842 -20.594002
v -9.516061 7.022179 -20.594002
v -9.516061 12.566842 -20.594002
v -9.516074 7.022179 -18.577556
v -9.516074 12.566842 -18.577556
vt 0.001950 0.901461
vt 0.052571 0.723501
vt 0.058898 0.815640
vt 0.008269 0.809321
vt 0.052571 0.717177
vt 0.052575 0.815641
vt 0.008263 0.717180
vt 0.008268 0.815644
vt 0.001945 0.815644
vt 0.008273 0.901460
vt 0.008263 0.723503
vt 0.052580 0.901458
vt 0.052576 0.809318
vt 0.058903 0.901457
vn -0.984664 0.059630 0.163957
vn -0.984661 0.059630 -0.163973
vn -0.984661 -0.059630 -0.163973
vn -0.984664 -0.059630 0.163957
vn 0.984664 0.059629 -0.163957
vn 0.984664 -0.059629 -0.163957
vn 0.984661 0.059629 0.163973
vn 0.984661 -0.059629 0.163973
s 1
g Recepcion2 Recepcion group12 Pared2 group14
usemtl lambert6SG
f 1823/3328/2887 1824/3319/2888 1822/3330/2889 1821/3321/2890
f 1824/3331/2888 1826/3329/2891 1825/3323/2892 1822/3320/2889
f 1826/3329/2891 1828/3327/2893 1827/3325/2894 1825/3323/2892
f 1828/3327/2893 1823/3318/2887 1821/3326/2890 1827/3325/2894
f 1828/3324/2893 1826/3322/2891 1824/3319/2888 1823/3328/2887
f 1821/3321/2890 1822/3330/2889 1825/3323/2892 1827/3325/2894
g default
v -9.516061 7.006864 -3.912765
v -8.844503 7.006864 -3.912693
v -9.516061 12.601504 -3.912765
v -8.844503 12.601504 -3.912693
v -8.844503 7.006864 -3.576914
v -8.844509 12.601504 -3.576914
v -9.516061 7.006864 -3.576986
v -9.516067 12.601504 -3.576986
vt 0.213652 0.918264
vt 0.232622 0.924587
vt 0.201007 0.832448
vt 0.219978 0.826133
vt 0.232622 0.918264
vt 0.232626 0.832448
vt 0.219976 0.918264
vt 0.219978 0.832449
vt 0.213653 0.832448
vt 0.219975 0.924585
vt 0.194684 0.832448
vt 0.232624 0.826122
vt 0.194683 0.918263
vt 0.201006 0.918263
vn -0.446493 0.053603 -0.893180
vn 0.446649 0.053606 -0.893102
vn 0.446649 -0.053606 -0.893102
vn -0.446493 -0.053603 -0.893180
vn 0.446493 0.053604 0.893180
vn 0.446493 -0.053603 0.893180
vn -0.446649 0.053605 0.893102
vn -0.446648 -0.053606 0.893102
s 1
g Recepcion2 Recepcion group12 group14 Pared5
usemtl lambert6SG
f 1831/3332/2895 1832/3345/2896 1830/3334/2897 1829/3340/2898
f 1832/3345/2896 1834/3344/2899 1833/3342/2900 1830/3334/2897
f 1834/3336/2899 1836/3338/2901 1835/3339/2902 1833/3337/2900
f 1836/3338/2901 1831/3332/2895 1829/3340/2898 1835/3339/2902
f 1836/3338/2901 1834/3336/2899 1832/3333/2896 1831/3341/2895
f 1829/3335/2898 1830/3343/2897 1833/3337/2900 1835/3339/2902
g default
v -15.560094 7.041069 -18.241818
v -15.560076 7.041069 -5.817975
v -15.560094 12.585732 -18.241818
v -15.560076 12.585732 -5.817974
v -15.895855 7.041069 -5.817976
v -15.895855 12.585732 -5.817976
v -15.895875 7.041069 -18.241818
v -15.895875 12.585732 -18.241818
vt 0.743444 0.382672
vt 0.559191 0.616653
vt 0.657655 0.616642
vt 0.657628 0.382682
vt 0.565514 0.616652
vt 0.651331 0.616642
vt 0.565488 0.382692
vt 0.657625 0.376358
vt 0.651305 0.382682
vt 0.743443 0.376348
vt 0.559165 0.382692
vt 0.657656 0.622965
vt 0.743472 0.622955
vt 0.743471 0.616632
vn 0.997808 0.060426 -0.026969
vn 0.997808 0.060426 0.026966
vn 0.997808 -0.060426 0.026966
vn 0.997808 -0.060426 -0.026969
vn -0.997808 0.060426 0.026969
vn -0.997808 -0.060426 0.026969
vn -0.997808 0.060426 -0.026966
vn -0.997808 -0.060426 -0.026966
s 1
g Recepcion2 Recepcion group12 group14 Pared
usemtl lambert6SG
f 1839/3346/2903 1840/3359/2904 1838/3348/2905 1837/3349/2906
f 1840/3359/2904 1842/3358/2907 1841/3357/2908 1838/3348/2905
f 1842/3350/2907 1844/3352/2909 1843/3354/2910 1841/3351/2908
f 1844/3355/2909 1839/3346/2903 1837/3349/2906 1843/3353/2910
f 1844/3352/2909 1842/3350/2907 1840/3347/2904 1839/3356/2903
f 1837/3349/2906 1838/3348/2905 1841/3351/2908 1843/3354/2910
g default
v -9.851894 6.972884 -3.800924
v -9.851880 6.972884 -5.482182
v -9.851894 12.594620 -3.800922
v -9.851880 12.594620 -5.482180
v -9.516100 6.972884 -5.482179
v -9.516100 12.594620 -5.482179
v -9.516114 6.972884 -3.800922
v -9.516114 12.594620 -3.800920
vt 0.450818 0.838107
vt 0.482479 0.838110
vt 0.406502 0.923918
vt 0.450809 0.923923
vt 0.482480 0.831787
vt 0.412825 0.923919
vt 0.450819 0.831783
vt 0.444486 0.923923
vt 0.450808 0.930247
vt 0.444495 0.838106
vt 0.482469 0.930250
vt 0.412834 0.838102
vt 0.482470 0.923926
vt 0.406511 0.838102
vn -0.978957 0.058472 0.195509
vn -0.978954 0.058472 -0.195524
vn -0.978954 -0.058472 -0.195525
vn -0.978957 -0.058472 0.195509
vn 0.978957 0.058472 -0.195509
vn 0.978957 -0.058472 -0.195509
vn 0.978954 0.058472 0.195525
vn 0.978954 -0.058472 0.195524
s 1
g Recepcion2 Recepcion group12 group14 Pared3
usemtl lambert6SG
f 1847/3360/2911 1848/3361/2912 1846/3372/2913 1845/3363/2914
f 1848/3373/2912 1850/3371/2915 1849/3365/2916 1846/3362/2913
f 1850/3371/2915 1852/3369/2917 1851/3367/2918 1849/3365/2916
f 1852/3369/2917 1847/3360/2911 1845/3363/2914 1851/3367/2918
f 1852/3366/2917 1850/3364/2915 1848/3361/2912 1847/3360/2911
f 1845/3363/2914 1846/3372/2913 1849/3370/2916 1851/3368/2918
g default
v -15.560094 7.021035 -18.577590
v -9.516074 7.021035 -18.577556
v -15.560094 12.565698 -18.577590
v -9.516074 12.565698 -18.577556
v -9.516074 7.021035 -18.241777
v -9.516074 12.565698 -18.241777
v -15.560094 7.021035 -18.241811
v -15.560094 12.565698 -18.241811
vt 0.406506 0.826633
vt 0.526639 0.648671
vt 0.532968 0.740810
vt 0.412824 0.734491
vt 0.526639 0.642348
vt 0.526644 0.740811
vt 0.412822 0.642354
vt 0.412824 0.740815
vt 0.406502 0.740816
vt 0.412829 0.826632
vt 0.412822 0.648676
vt 0.526649 0.826629
vt 0.526643 0.734487
vt 0.532972 0.826629
vn -0.055363 0.060355 -0.996640
vn 0.055374 0.060356 -0.996640
vn 0.055374 -0.060356 -0.996640
vn -0.055363 -0.060355 -0.996640
vn 0.055363 0.060355 0.996640
vn 0.055363 -0.060355 0.996640
vn -0.055374 0.060356 0.996640
vn -0.055374 -0.060356 0.996640
s 1
g Recepcion2 Recepcion group12 group14 Pared1
usemtl lambert6SG
f 1855/3384/2919 1856/3375/2920 1854/3386/2921 1853/3377/2922
f 1856/3387/2920 1858/3385/2923 1857/3379/2924 1854/3376/2921
f 1858/3385/2923 1860/3383/2925 1859/3381/2926 1857/3379/2924
f 1860/3383/2925 1855/3374/2919 1853/3382/2922 1859/3381/2926
f 1860/3380/2925 1858/3378/2923 1856/3375/2920 1855/3384/2919
f 1853/3377/2922 1854/3386/2921 1857/3379/2924 1859/3381/2926
g default
v -15.437751 7.063942 -5.817975
v -15.437751 11.858862 -5.817974
v -15.437760 11.858862 -12.027132
v -15.437752 7.063942 -6.491506
v -15.440761 11.184933 -12.027132
v -15.437753 11.071169 -7.543591
v -15.457967 10.528652 -7.305551
v -15.439001 11.222531 -7.838958
v -15.437751 7.063942 -18.236289
v -15.437751 11.858862 -18.236289
v -15.437752 7.063942 -17.562759
v -15.437753 11.071169 -16.510673
v -15.457967 10.528652 -16.748715
v -15.439001 11.222531 -16.215306
v -15.531115 7.063942 -6.491506
v -15.551330 10.528652 -7.305551
v -15.531116 11.071169 -7.543591
v -15.532364 11.222531 -7.838958
v -15.534124 11.184933 -12.027132
v -15.531115 7.063942 -17.562759
v -15.551330 10.528652 -16.748715
v -15.531116 11.071169 -16.510673
v -15.532364 11.222531 -16.215306
v -15.531115 7.080900 -6.426313
v -15.551330 10.552046 -7.242182
v -15.531116 11.120614 -7.495616
v -15.532364 11.291453 -7.824149
v -15.534124 11.255593 -12.027132
v -15.531115 7.080900 -17.627951
v -15.551330 10.552045 -16.812083
v -15.531116 11.120613 -16.558649
v -15.532364 11.291453 -16.230116
v -15.767401 7.079482 -6.425910
v -15.787550 10.554929 -7.244118
v -15.767338 11.123999 -7.497401
v -15.768653 11.291240 -7.823748
v -15.770413 11.255582 -12.027132
v -15.767401 7.079482 -17.628353
v -15.787550 10.554929 -16.810146
v -15.767338 11.123998 -16.556862
v -15.768653 11.291239 -16.230516
vt 0.743675 0.830621
vt 0.767838 0.859229
vt 0.680136 0.859218
vt 0.680124 0.846252
vt 0.756299 0.820768
vt 0.753719 0.826355
vt 0.767802 0.741166
vt 0.755775 0.741240
vt 0.743366 0.653805
vt 0.681901 0.639664
vt 0.681684 0.627154
vt 0.766400 0.625675
vt 0.755594 0.663362
vt 0.753042 0.657893
vt 0.679699 0.844505
vt 0.743134 0.828676
vt 0.752790 0.825280
vt 0.754521 0.820726
vt 0.754023 0.741247
vt 0.742936 0.655490
vt 0.681523 0.641356
vt 0.753852 0.663416
vt 0.752125 0.658926
vt 0.679386 0.843250
vt 0.809149 0.427436
vt 0.809149 0.440172
vt 0.809149 0.443985
vt 0.809149 0.493585
vt 0.809149 0.563567
vt 0.809149 0.624872
vt 0.809149 0.547835
vt 0.809149 0.553210
vt 0.813991 0.328377
vt 0.813991 0.427436
vt 0.813991 0.440172
vt 0.813991 0.443985
vt 0.813991 0.493585
vt 0.813991 0.563567
vt 0.813991 0.624872
vt 0.813991 0.547835
vt 0.813991 0.553210
vt 0.752763 0.741253
vt 0.752660 0.663198
vt 0.751641 0.659510
vt 0.742716 0.656703
vt 0.681244 0.642570
vt 0.753306 0.820958
vt 0.742888 0.827419
vt 0.752312 0.824672
vt 0.809149 0.328377
vn 0.997727 -0.015842 -0.065506
vn 0.999971 -0.000393 -0.007548
vn 0.999947 0.001438 -0.010240
vn 0.997536 -0.012389 -0.069052
vn 0.997593 -0.069320 -0.001885
vn 0.995582 -0.070814 -0.061660
vn 0.999996 -0.002998 -0.000000
vn 0.992981 -0.118278 0.000000
vn 0.997727 -0.015841 0.065506
vn 0.997536 -0.012389 0.069053
vn 0.999947 0.001439 0.010240
vn 0.999971 -0.000393 0.007548
vn 0.997593 -0.069323 0.001885
vn 0.995582 -0.070812 0.061660
vn -0.583152 -0.189027 -0.790065
vn -0.610003 -0.201078 -0.766462
vn -0.681798 -0.433082 -0.589569
vn -0.654455 -0.755869 -0.018704
vn -0.597049 -0.802205 0.000000
vn -0.609996 -0.201080 0.766466
vn -0.583143 -0.189030 0.790071
vn -0.654452 -0.755873 0.018704
vn -0.681802 -0.433078 0.589568
vn -0.270992 -0.221912 -0.936653
vn -0.251406 -0.247859 -0.935607
vn -0.222102 -0.599749 -0.768747
vn -0.243852 -0.969398 -0.028363
vn -0.283395 -0.959003 -0.000000
vn -0.251398 -0.247859 0.935609
vn -0.270984 -0.221912 0.936655
vn -0.243851 -0.969398 0.028364
vn -0.222098 -0.599749 0.768748
vn 0.002449 -0.228969 -0.973431
vn 0.002358 -0.255982 -0.966679
vn -0.000621 -0.618348 -0.785904
vn 0.000071 -0.999568 -0.029388
vn 0.000482 -1.000000 -0.000000
vn 0.002363 -0.255981 0.966679
vn 0.002454 -0.228969 0.973431
vn 0.000072 -0.999568 0.029388
vn -0.000614 -0.618349 0.785903
s 1
g Recepcion2 Recepcion group12 group14 Placa_pared
usemtl lambert6SG
f 1867/3388/2927 1862/3389/2928 1861/3390/2929 1864/3391/2930
f 1868/3392/2931 1862/3389/2928 1866/3393/2932
f 1863/3394/2933 1862/3389/2928 1868/3392/2931 1865/3395/2934
f 1866/3393/2932 1862/3389/2928 1867/3388/2927
f 1873/3396/2935 1871/3397/2936 1869/3398/2937 1870/3399/2938
f 1874/3400/2939 1872/3401/2940 1870/3399/2938
f 1863/3394/2933 1865/3395/2934 1874/3400/2939 1870/3399/2938
f 1872/3401/2940 1873/3396/2935 1870/3399/2938
f 1867/3388/2927 1864/3391/2930 1875/3402/2941 1876/3403/2942
f 1868/3392/2931 1866/3393/2932 1877/3404/2943 1878/3405/2944
f 1866/3393/2932 1867/3388/2927 1876/3403/2942 1877/3404/2943
f 1865/3395/2934 1868/3392/2931 1878/3405/2944 1879/3406/2945
f 1871/3397/2936 1873/3396/2935 1881/3407/2946 1880/3408/2947
f 1872/3401/2940 1874/3400/2939 1883/3409/2948 1882/3410/2949
f 1873/3396/2935 1872/3401/2940 1882/3410/2949 1881/3407/2946
f 1874/3400/2939 1865/3395/2934 1879/3406/2945 1883/3409/2948
f 1876/3403/2942 1875/3402/2941 1884/3411/2950 1885/3435/2951
f 1878/3405/2944 1877/3404/2943 1886/3436/2952 1887/3434/2953
f 1877/3404/2943 1876/3403/2942 1885/3435/2951 1886/3436/2952
f 1879/3406/2945 1878/3405/2944 1887/3434/2953 1888/3429/2954
f 1880/3408/2947 1881/3407/2946 1890/3432/2955 1889/3433/2956
f 1882/3410/2949 1883/3409/2948 1892/3430/2957 1891/3431/2958
f 1881/3407/2946 1882/3410/2949 1891/3431/2958 1890/3432/2955
f 1883/3409/2948 1879/3406/2945 1888/3429/2954 1892/3430/2957
f 1885/3412/2951 1884/3437/2950 1893/3420/2959 1894/3421/2960
f 1887/3414/2953 1886/3413/2952 1895/3422/2961 1896/3423/2962
f 1886/3413/2952 1885/3412/2951 1894/3421/2960 1895/3422/2961
f 1888/3415/2954 1887/3414/2953 1896/3423/2962 1897/3424/2963
f 1889/3417/2956 1890/3416/2955 1899/3425/2964 1898/3426/2965
f 1891/3419/2958 1892/3418/2957 1901/3427/2966 1900/3428/2967
f 1890/3416/2955 1891/3419/2958 1900/3428/2967 1899/3425/2964
f 1892/3418/2957 1888/3415/2954 1897/3424/2963 1901/3427/2966
g default
v -15.560122 6.972884 -5.817989
v -9.516100 6.972884 -5.817957
v -15.560122 12.594621 -5.817989
v -9.516100 12.594621 -5.817958
v -9.516100 6.972884 -5.482178
v -9.516100 12.594621 -5.482179
v -15.560122 6.972884 -5.482210
v -15.560122 12.594621 -5.482210
vt 0.244250 0.820173
vt 0.130362 0.635936
vt 0.130399 0.734399
vt 0.244217 0.734356
vt 0.130364 0.642259
vt 0.130396 0.728076
vt 0.244183 0.642216
vt 0.250541 0.734354
vt 0.244215 0.728033
vt 0.250573 0.820170
vt 0.244180 0.635892
vt 0.124076 0.734401
vt 0.124108 0.820218
vt 0.130431 0.820216
vn -0.055366 0.059531 -0.996690
vn 0.055377 0.059531 -0.996689
vn 0.055377 -0.059531 -0.996689
vn -0.055366 -0.059531 -0.996690
vn 0.055366 0.059531 0.996690
vn 0.055366 -0.059531 0.996690
vn -0.055377 0.059531 0.996689
vn -0.055377 -0.059531 0.996689
s 1
g Recepcion2 Recepcion group12 group14 Pared4
usemtl lambert6SG
f 1904/3438/2968 1905/3451/2969 1903/3440/2970 1902/3441/2971
f 1905/3451/2969 1907/3450/2972 1906/3449/2973 1903/3440/2970
f 1907/3442/2972 1909/3444/2974 1908/3446/2975 1906/3443/2973
f 1909/3447/2974 1904/3438/2968 1902/3441/2971 1908/3445/2975
f 1909/3444/2974 1907/3442/2972 1905/3439/2969 1904/3448/2968
f 1902/3441/2971 1903/3440/2970 1906/3443/2973 1908/3446/2975
g default
v -3.277867 9.975699 -3.708766
v 10.089502 9.975699 -3.700449
v 9.611656 9.975698 -3.947827
v -2.810203 9.975698 -3.947830
v 9.846165 9.975698 -3.883878
v -3.070754 9.975699 -3.883885
v 9.611656 8.449298 -3.947827
v -2.810203 8.449298 -3.947830
v -3.070754 8.449299 -3.883885
v -3.277867 8.449299 -3.708766
v 10.089502 8.449299 -3.700449
v 9.846165 8.449298 -3.883878
v -3.277868 9.975699 -3.662684
v -3.277868 8.449299 -3.662684
v -3.070753 9.975699 -3.837803
v 10.089502 9.975699 -3.654367
v 10.089502 8.449299 -3.654367
v 9.611656 9.975698 -3.901744
v 9.846165 9.975698 -3.837795
v -2.810204 9.975698 -3.901748
v 9.611656 8.449298 -3.901744
v -2.810204 8.449298 -3.901748
v -3.070753 8.449299 -3.837803
v 9.846165 8.449298 -3.837795
v -3.277868 9.918318 -3.662684
v -3.070753 9.918318 -3.837803
v 9.611656 9.918318 -3.901744
v 9.846165 9.918318 -3.837795
v -2.810204 9.918318 -3.901748
v 10.089502 9.918318 -3.654367
v 9.611656 8.506680 -3.901744
v -2.810204 8.506680 -3.901748
v -3.070753 8.506680 -3.837803
v -3.277868 8.506680 -3.662684
v 10.089502 8.506680 -3.654367
v 9.846165 8.506680 -3.837795
v -3.210311 9.918318 -3.535873
v -3.025385 9.918318 -3.699445
v 9.598833 9.918318 -3.750750
v 9.802219 9.918318 -3.697635
v -2.798613 9.918318 -3.750433
v 10.027258 9.918318 -3.523313
v 9.598833 8.506680 -3.750750
v -2.798613 8.506680 -3.750433
v -3.025385 8.506680 -3.699445
v -3.210311 8.506680 -3.535873
v 10.027258 8.506680 -3.523313
v 9.802219 8.506680 -3.697635
vt 0.832889 0.584594
vt 0.832979 0.579582
vt 0.860241 0.579597
vt 0.860259 0.584702
vt 0.832917 0.340569
vt 0.832912 0.336010
vt 0.860243 0.336006
vt 0.860239 0.340565
vt 0.832878 0.330265
vt 0.860274 0.330261
vt 0.832954 0.574567
vt 0.860265 0.574567
vt 0.832438 0.584698
vt 0.832253 0.580021
vt 0.832049 0.340564
vt 0.832146 0.335598
vt 0.832172 0.329727
vt 0.832086 0.574572
vt 0.861107 0.340560
vt 0.861133 0.574572
vt 0.860995 0.580010
vt 0.860937 0.585288
vt 0.860980 0.329723
vt 0.861008 0.335594
vt 0.884776 0.586538
vt 0.883316 0.589203
vt 0.881745 0.588641
vt 0.883476 0.586121
vt 0.886174 0.341486
vt 0.887277 0.345295
vt 0.884392 0.345529
vt 0.883787 0.341942
vt 0.886484 0.583200
vt 0.883609 0.582970
vt 0.884013 0.337157
vt 0.881664 0.337672
vt 0.870101 0.343885
vt 0.872926 0.344126
vt 0.869382 0.581733
vt 0.868306 0.576853
vt 0.871146 0.576659
vt 0.871973 0.580976
vt 0.872447 0.585658
vt 0.874817 0.584517
vt 0.869444 0.339579
vt 0.871605 0.333265
vt 0.874764 0.333672
vt 0.872660 0.339536
vn -0.645303 0.033337 -0.763199
vn -0.455035 0.023850 -0.890154
vn -0.455035 -0.023850 -0.890154
vn -0.645303 -0.033337 -0.763199
vn 0.005051 0.030081 -0.999535
vn 0.459614 0.023420 -0.887810
vn 0.459614 -0.023420 -0.887810
vn 0.005051 -0.030081 -0.999535
vn -0.005039 -0.030081 -0.999535
vn -0.005039 0.030081 -0.999535
vn 0.601595 0.034002 -0.798077
vn 0.601596 -0.034002 -0.798077
vn 0.000000 1.000000 -0.000000
vn 0.000001 1.000000 -0.000000
vn 0.000000 1.000000 -0.000003
vn -0.000002 1.000000 0.000000
vn 0.000000 1.000000 -0.000003
vn -0.000003 1.000000 0.000000
vn 0.000000 -1.000000 0.000003
vn -0.000000 -1.000000 0.000003
vn -0.000002 -1.000000 -0.000001
vn 0.000000 -1.000000 -0.000001
vn 0.000005 -1.000000 0.000000
vn 0.000003 -1.000000 0.000000
vn 0.000000 1.000000 -0.000000
vn 0.000000 1.000000 -0.000000
vn 0.000000 1.000000 -0.000000
vn 0.000000 1.000000 -0.000000
vn 0.000000 1.000000 0.000000
vn 0.000000 1.000000 0.000000
vn 0.000000 1.000000 0.000000
vn 0.000000 1.000000 -0.000000
vn 0.000000 1.000000 0.000000
vn 0.000000 1.000000 0.000000
vn 0.000000 1.000000 -0.000001
vn 0.000000 1.000000 -0.000001
vn -0.000000 -1.000000 0.000000
vn 0.000000 -1.000000 0.000000
vn 0.000000 -1.000000 0.000000
vn -0.000000 -1.000000 0.000000
vn -0.000001 -1.000000 0.000000
vn -0.000001 -1.000000 0.000000
vn 0.000000 -1.000000 0.000000
vn 0.000000 -1.000000 0.000000
vn 0.000001 -1.000000 0.000000
vn 0.000001 -1.000000 0.000000
vn 0.000001 -1.000000 0.000000
vn 0.000001 -1.000000 0.000000
s 1
g Recepcion2 Recepcion group12 Accesorio_pared group15
usemtl lambert6SG
f 1910/3452/2976 1915/3453/2977 1918/3454/2978 1919/3455/2979
f 1912/3456/2980 1914/3457/2981 1921/3458/2982 1916/3459/2983
f 1912/3456/2980 1916/3459/2983 1917/3463/2984 1913/3462/2985
f 1914/3457/2981 1911/3460/2986 1920/3461/2987 1921/3458/2982
f 1915/3453/2977 1913/3462/2985 1917/3463/2984 1918/3454/2978
f 1915/3453/2977 1910/3452/2976 1922/3464/2988 1924/3465/2989
f 1914/3457/2981 1912/3456/2980 1927/3466/2990 1928/3467/2991
f 1929/3469/2992 1927/3466/2990 1912/3456/2980 1913/3462/2985
f 1911/3460/2986 1914/3457/2981 1928/3467/2991 1925/3468/2993
f 1913/3462/2985 1915/3453/2977 1924/3465/2989 1929/3469/2992
f 1916/3459/2983 1930/3470/2994 1931/3471/2995 1917/3463/2984
f 1918/3454/2978 1917/3463/2984 1931/3471/2995 1932/3472/2996
f 1919/3455/2979 1918/3454/2978 1932/3472/2996 1923/3473/2997
f 1921/3458/2982 1920/3461/2987 1926/3474/2998 1933/3475/2999
f 1916/3459/2983 1921/3458/2982 1933/3475/2999 1930/3470/2994
s 3
f 1935/3476/3000 1934/3477/3001 1946/3478/3002 1947/3479/3003
f 1937/3480/3004 1936/3481/3005 1948/3482/3006 1949/3483/3007
f 1936/3481/3005 1938/3484/3008 1950/3485/3009 1948/3482/3006
f 1939/3486/3010 1937/3480/3004 1949/3483/3007 1951/3487/3011
f 1938/3484/3008 1935/3476/3000 1947/3479/3003 1950/3485/3009
s 5
f 1941/3491/3012 1940/3488/3013 1952/3489/3014 1953/3492/3015
f 1942/3490/3016 1941/3491/3012 1953/3492/3015 1954/3493/3017
f 1943/3494/3018 1942/3490/3016 1954/3493/3017 1955/3495/3019
f 1945/3496/3020 1944/3497/3021 1956/3498/3022 1957/3499/3023
f 1940/3488/3013 1945/3496/3020 1957/3499/3023 1952/3489/3014
g default
v -3.470892 7.046478 -3.815819
v -4.206243 7.046477 -3.815822
v -3.470891 11.716668 -3.815806
v -4.206243 11.716668 -3.815809
vt 0.351666 0.864200
vt 0.351652 0.947784
vt 0.337804 0.947782
vt 0.337818 0.864197
vn 0.000003 0.000003 -1.000000
vn 0.000003 0.000003 -1.000000
vn 0.000003 0.000003 -1.000000
vn 0.000003 0.000003 -1.000000
s off
g Recepcion2 Recepcion group12 group15 Vidrio_puerta_pasillo
usemtl lambert6SG
f 1959/3500/3024 1961/3501/3025 1960/3502/3026 1958/3503/3027
g default
v -3.467431 11.723018 -3.628502
v -8.841852 11.723018 -3.628555
v -3.467437 11.856013 -3.628506
v -8.841853 11.856013 -3.628560
v -8.841850 11.723018 -3.789620
v -8.841850 11.856013 -3.789620
v -3.467431 11.723018 -3.789566
v -3.467431 11.856013 -3.789571
vt 0.185456 0.828671
vt 0.185437 0.929879
vt 0.183057 0.929878
vt 0.183075 0.828671
vt 0.187170 0.929879
vt 0.187188 0.828671
vt 0.189568 0.828671
vt 0.181325 0.929878
vt 0.181343 0.828670
vt 0.189550 0.929880
vn -0.000006 0.771104 0.636709
vn -0.000006 0.771098 0.636717
vn -0.000006 -0.771082 0.636736
vn -0.000006 -0.771097 0.636717
vn 0.000006 0.771095 -0.636720
vn 0.000006 0.771076 -0.636744
vn 0.000006 -0.771103 -0.636711
vn 0.000006 -0.771105 -0.636708
s 1
g Recepcion2 Recepcion group12 group15 Barrote_puerta_dentro
usemtl lambert6SG
f 1964/3504/3028 1965/3505/3029 1963/3506/3030 1962/3507/3031
f 1967/3508/3032 1969/3509/3033 1968/3510/3034 1966/3513/3035
f 1969/3509/3033 1967/3508/3032 1965/3505/3029 1964/3504/3028
f 1962/3507/3031 1963/3506/3030 1966/3511/3035 1968/3512/3034
g default
v -3.408735 7.063942 -3.895020
v -3.408735 11.858862 -3.895020
v 9.958635 7.063942 -3.886703
v 9.958635 11.858862 -3.886703
v 9.480789 11.858862 -4.134080
v 9.480789 7.063942 -4.134080
v -2.941071 11.858862 -4.134084
v -2.941071 7.063942 -4.134084
v 9.715298 11.858862 -4.070132
v 9.715298 7.063942 -4.070132
v -3.201621 11.858862 -4.070139
v -3.201621 7.063942 -4.070139
v 9.480789 7.312469 -4.134080
v -2.941071 7.312469 -4.134084
v -3.201621 7.312469 -4.070139
v -3.408735 7.312469 -3.895020
v 9.958635 7.312469 -3.886703
v 9.715298 7.312469 -4.070132
v 9.480789 11.327554 -4.134080
v -2.941071 11.327554 -4.134084
v -3.201621 11.327555 -4.070139
v -3.408735 11.327555 -3.895020
v 9.958635 11.327555 -3.886703
v 9.715298 11.327554 -4.070132
v 7.422624 7.063942 -4.134081
v 7.421692 7.312469 -4.134081
v 5.989625 11.327555 -4.134081
v 7.415242 9.020843 -4.134081
v 7.225384 7.312469 -4.134081
v 5.759104 11.327555 -4.134081
v 7.211437 8.971702 -4.134081
v 0.385128 11.327555 -4.134082
v -0.653964 7.312469 -4.134083
v -0.656493 7.063942 -4.134083
v -0.624226 10.236193 -4.134083
v -0.834222 7.312469 -4.134083
v -1.838492 11.327554 -4.134083
v -0.811139 10.235930 -4.134083
v 9.480789 7.312469 -3.881164
v 7.421692 7.312469 -3.881164
v 9.715298 7.312469 -3.817215
v -2.941071 11.327554 -3.881166
v -2.941070 7.312469 -3.881166
v 9.480789 11.327554 -3.881164
v 5.989625 11.327555 -3.881164
v 9.715298 11.327554 -3.817215
v 7.415177 9.037966 -3.881164
v 7.225384 7.312469 -3.881164
v -0.653964 7.312469 -3.881166
v 5.759104 11.327555 -3.881164
v 0.385128 11.327555 -3.881166
v 7.211437 8.971702 -3.881164
v -0.624226 10.236193 -3.881166
v -0.834222 7.312469 -3.881166
v -1.838492 11.327554 -3.881166
v -0.811140 10.235930 -3.881166
v 5.836537 11.858862 -4.134081
vt 0.709926 0.860955
vt 0.715033 0.860955
vt 0.715033 0.870465
vt 0.709924 0.870464
vt 0.908152 0.572039
vt 0.908028 0.576748
vt 0.736649 0.937285
vt 0.898668 0.571997
vt 0.720085 0.860956
vt 0.898456 0.506325
vt 0.361637 0.865556
vt 0.898152 0.400795
vt 0.380733 0.863815
vt 0.897956 0.338179
vt 0.730911 0.946794
vt 0.730910 0.937285
vt 0.914108 0.542163
vt 0.365371 0.945752
vt 0.917603 0.570880
vt 0.914313 0.570949
vt 0.715027 0.942323
vt 0.720079 0.942323
vt 0.914105 0.336774
vt 0.715026 0.946771
vt 0.709919 0.942322
vt 0.709919 0.946770
vt 0.918085 0.574178
vt 0.730910 0.865426
vt 0.730910 0.860980
vt 0.736649 0.860979
vt 0.361637 0.945752
vt 0.365371 0.916192
vt 0.361637 0.916192
vt 0.914249 0.388025
vt 0.380733 0.943625
vt 0.803268 0.994901
vt 0.486650 0.865364
vt 0.380733 0.891344
vt 0.370071 0.945752
vt 0.921125 0.570915
vt 0.921808 0.574432
vt 0.893194 0.338202
vt 0.724842 0.942323
vt 0.893924 0.572068
vt 0.893692 0.506342
vt 0.741412 0.937285
vt 0.370071 0.916192
vt 0.491278 0.919905
vt 0.923181 0.538589
vt 0.356887 0.865556
vt 0.893389 0.400808
vt 0.356887 0.916192
vt 0.491278 0.865364
vt 0.925131 0.384068
vt 0.375969 0.863815
vt 0.375969 0.891344
vt 0.898033 0.358927
vt 0.893273 0.358943
vt 0.375969 0.943625
vt 0.919451 0.384080
vt 0.491278 0.838013
vt 0.820321 0.922682
vt 0.898444 0.501984
vt 0.893682 0.501998
vt 0.356887 0.945752
vt 0.918351 0.538574
vt 0.918801 0.388081
vt 0.923632 0.388094
vt 0.370071 0.865556
vt 0.365371 0.865556
vt 0.917592 0.542127
vt 0.921128 0.542129
vt 0.925090 0.336751
vt 0.919410 0.336761
vt 0.720078 0.946771
vt 0.720085 0.870465
vt 0.724847 0.870465
vt 0.907479 0.338137
vt 0.893114 0.576954
vt 0.898257 0.576490
vt 0.741411 0.865427
vt 0.736649 0.865427
vt 0.914637 0.574473
vt 0.736649 0.946794
vt 0.486650 0.838013
vt 0.778617 0.922685
vt 0.797871 0.942202
vt 0.799844 0.995060
vt 0.486650 0.919905
vt 0.801400 0.942107
vt 0.907954 0.503418
vn -0.645662 0.000000 -0.763624
vn -0.455165 0.000000 -0.890407
vn -0.455165 -0.000000 -0.890407
vn -0.645661 -0.000000 -0.763624
vn 0.016816 -0.000000 -0.999858
vn 0.459739 0.000000 -0.888054
vn -0.118844 -0.055863 -0.991340
vn 0.015269 -0.418957 -0.907878
vn 0.184431 -0.165766 -0.968766
vn 0.000000 -0.000000 -1.000000
vn 0.601944 0.000000 -0.798539
vn 0.601944 0.000000 -0.798539
vn -0.041564 -0.000000 -0.999136
vn 0.434221 -0.167071 -0.885178
vn 0.000000 0.000000 -1.000000
vn 0.393110 0.472935 -0.788541
vn 0.019713 0.707052 -0.706886
vn 0.027876 0.000000 -0.999611
vn -0.455165 -0.000000 -0.890407
vn 0.392607 0.281624 -0.875527
vn -0.026024 0.000000 -0.999661
vn -0.455165 0.000000 -0.890407
vn -0.645660 -0.000000 -0.763625
vn -0.645660 0.000000 -0.763625
vn -0.194332 0.061970 -0.978976
vn 0.601944 0.000000 -0.798539
vn 0.601944 0.000000 -0.798539
vn 0.459739 0.000000 -0.888054
vn -0.110345 0.523079 -0.845111
vn 0.784057 0.270724 -0.558537
vn -0.675090 -0.246538 -0.695322
vn -0.122172 -0.354006 -0.927229
vn 0.000000 0.000000 -1.000000
vn -0.461125 0.335960 -0.821276
vn 0.222575 0.597567 -0.770308
vn 0.375116 -0.097078 -0.921881
vn -0.373644 -0.093457 -0.922852
vn -0.148199 -0.289161 -0.945740
vn 0.034279 -0.200493 -0.979095
vn 0.639222 0.769022 0.000000
vn 0.000000 1.000000 0.000000
vn -0.998826 0.048451 0.000000
vn 0.964302 -0.264805 0.000001
vn 0.885495 0.464649 0.000001
vn -0.000000 -1.000000 0.000000
vn 0.743648 -0.668391 -0.015521
vn -0.998826 -0.048451 0.000000
vn 0.938409 0.345332 -0.011570
vn 0.349042 0.937107 0.000000
vn -0.206411 0.978465 0.000000
vn -0.326232 -0.945290 0.000000
vn 0.168525 -0.985697 0.000000
vn -0.939323 -0.343034 0.000000
vn 0.968106 -0.250543 0.000000
vn -0.808239 0.588854 -0.000000
vn -0.456102 -0.889928 -0.000001
vn -0.970114 -0.242649 -0.000000
s 1
g Recepcion2 Recepcion group12 group15 Pared_recepcion
usemtl lambert6SG
f 1971/3514/3036 1980/3515/3037 1990/3516/3038 1991/3517/3039
f 1974/3518/3040 1978/3519/3041 1993/3593/3042 1988/3521/3043
f 1974/3518/3040 1988/3521/3043 1996/3523/3044 2026/3604/3045
f 1978/3597/3041 1973/3528/3046 1992/3529/3047 1993/3520/3042
f 1980/3515/3037 1976/3522/3048 1989/3589/3049 1990/3516/3038
f 1994/3530/3050 1995/3584/3051 1982/3532/3052 1975/3533/3053
f 1984/3534/3054 1983/3535/3055 1977/3588/3056 1981/3537/3057
f 1985/3538/3058 1984/3534/3054 1981/3537/3057 1970/3539/3059
f 1987/3595/3060 1986/3541/3061 1972/3542/3062 1979/3543/3063
f 1982/3532/3052 1987/3540/3060 1979/3596/3063 1975/3533/3053
f 1990/3516/3038 1989/3589/3049 1983/3535/3055 1984/3534/3054
f 1991/3517/3039 1990/3516/3038 1984/3534/3054 1985/3538/3058
f 1993/3520/3042 1992/3529/3047 1986/3541/3061 1987/3595/3060
f 1994/3530/3050 1998/3579/3064 1995/3584/3051
f 1997/3545/3065 2000/3546/3066 1999/3524/3067 1996/3583/3044
f 2003/3547/3068 2005/3573/3069 2002/3580/3070
f 2004/3603/3071 2007/3600/3072 2006/3599/3073 2001/3575/3074
f 2003/3547/3068 2002/3580/3070 1998/3579/3064 1994/3530/3050
f 1983/3587/3055 2005/3573/3069 2003/3547/3068 1977/3536/3056
f 1982/3532/3052 1995/3584/3051 2009/3585/3075 2008/3553/3076
f 1987/3540/3060 1982/3532/3052 2008/3553/3076 2010/3554/3077
f 1983/3535/3055 1989/3589/3049 2011/3590/3078 2012/3556/3079
f 1996/3523/3044 1988/3521/3043 2013/3557/3080 2014/3558/3081
f 1993/3520/3042 1987/3595/3060 2010/3594/3077 2015/3559/3082
f 1988/3521/3043 1993/3593/3042 2015/3592/3082 2013/3557/3080
f 1997/3545/3065 1996/3583/3044 2014/3582/3081 2016/3560/3083
f 1998/3579/3064 2002/3580/3070 2018/3581/3084 2017/3562/3085
f 2001/3525/3074 1999/3576/3067 2019/3577/3086 2020/3564/3087
f 2000/3546/3066 1998/3544/3064 2017/3578/3085 2021/3565/3088
f 1999/3524/3067 2000/3546/3066 2021/3565/3088 2019/3563/3086
f 2004/3550/3071 2001/3598/3074 2020/3574/3087 2022/3566/3089
f 2002/3602/3070 2004/3550/3071 2022/3566/3089 2018/3561/3084
f 2005/3573/3069 1983/3587/3055 2012/3586/3079 2023/3567/3090
f 1989/3527/3049 2006/3570/3073 2024/3571/3091 2011/3555/3078
f 2007/3551/3072 2005/3548/3069 2023/3572/3090 2025/3569/3092
f 2006/3526/3073 2007/3551/3072 2025/3569/3092 2024/3568/3091
f 2005/3601/3069 2007/3600/3072 2004/3603/3071 2002/3549/3070
f 1995/3531/3051 1997/3545/3065 2016/3560/3083 2009/3552/3075
f 1998/3544/3064 2000/3546/3066 1997/3545/3065 1995/3531/3051
f 1976/3591/3048 2006/3570/3073 1989/3527/3049
f 1976/3591/3048 2001/3525/3074 2006/3570/3073
f 2026/3604/3045 1999/3576/3067 2001/3525/3074 1976/3591/3048
f 2026/3604/3045 1996/3523/3044 1999/3576/3067
g default
v -3.465332 12.603430 -3.731595
v -3.464170 11.848299 -3.731597
v -8.854786 12.589381 -3.731589
v -8.853625 11.834250 -3.731592
vt 0.351666 0.864200
vt 0.351652 0.947784
vt 0.337804 0.947782
vt 0.337818 0.864197
vn -0.000001 0.000003 -1.000000
vn -0.000001 0.000003 -1.000000
vn -0.000001 0.000003 -1.000000
vn -0.000001 0.000003 -1.000000
s off
g Recepcion2 Recepcion group12 group15 Vidrio_puerta_pasillo1
usemtl lambert6SG
f 2028/3605/3093 2030/3606/3094 2029/3607/3095 2027/3608/3096
g default
v -10.704704 7.042642 -17.576191
v -10.749730 7.042642 -17.664560
v -10.819861 7.042642 -17.734691
v -10.908231 7.042642 -17.779717
v -11.006189 7.042642 -17.795233
v -11.104148 7.042642 -17.779717
v -11.192517 7.042642 -17.734691
v -11.262647 7.042642 -17.664560
v -11.307674 7.042642 -17.576191
v -11.323188 7.042642 -17.478234
v -11.307674 7.042642 -17.380275
v -11.262647 7.042642 -17.291905
v -11.192517 7.042642 -17.221775
v -11.104148 7.042642 -17.176748
v -11.006189 7.042642 -17.161233
v -10.908231 7.042642 -17.176748
v -10.819861 7.042642 -17.221775
v -10.749730 7.042642 -17.291905
v -10.704703 7.042642 -17.380275
v -10.689189 7.042642 -17.478234
v -10.704704 7.072225 -17.576191
v -10.749730 7.072225 -17.664560
v -10.819861 7.072225 -17.734691
v -10.908231 7.072225 -17.779717
v -11.006189 7.072225 -17.795233
v -11.104148 7.072225 -17.779717
v -11.192517 7.072225 -17.734691
v -11.262647 7.072225 -17.664560
v -11.307674 7.072225 -17.576191
v -11.323188 7.072225 -17.478234
v -11.307674 7.072225 -17.380275
v -11.262647 7.072225 -17.291905
v -11.192517 7.072225 -17.221775
v -11.104148 7.072225 -17.176748
v -11.006189 7.072225 -17.161233
v -10.908231 7.072225 -17.176748
v -10.819861 7.072225 -17.221775
v -10.749730 7.072225 -17.291905
v -10.704703 7.072225 -17.380275
v -10.689189 7.072225 -17.478234
vt 0.978700 0.178600
vt 0.978700 0.174486
vt 0.980929 0.174486
vt 0.980929 0.178600
vt 0.978700 0.172898
vt 0.980929 0.172898
vt 0.978700 0.167528
vt 0.980929 0.167528
vt 0.978700 0.158853
vt 0.980929 0.158853
vt 0.978700 0.147959
vt 0.980929 0.147959
vt 0.978700 0.135713
vt 0.980929 0.135713
vt 0.978700 0.122881
vt 0.980929 0.240813
vt 0.978700 0.235050
vt 0.980929 0.235050
vt 0.978700 0.229577
vt 0.980929 0.229577
vt 0.978700 0.224761
vt 0.980929 0.224761
vt 0.978700 0.220704
vt 0.980929 0.220704
vt 0.978700 0.217263
vt 0.980929 0.217263
vt 0.978700 0.213929
vt 0.980929 0.213929
vt 0.978700 0.210276
vt 0.980929 0.210276
vt 0.978700 0.206074
vt 0.980929 0.206074
vt 0.978700 0.201275
vt 0.980929 0.201275
vt 0.978700 0.195988
vt 0.980929 0.195988
vt 0.978700 0.190425
vt 0.980929 0.190425
vt 0.978700 0.184691
vt 0.980929 0.184691
vt 0.978700 0.240813
vt 0.980929 0.122881
vn 0.951056 0.000000 -0.309018
vn 0.809018 0.000000 -0.587784
vn 0.809018 0.000000 -0.587784
vn 0.951056 0.000000 -0.309018
vn 0.587783 0.000000 -0.809019
vn 0.587783 0.000000 -0.809019
vn 0.309015 0.000000 -0.951057
vn 0.309015 0.000000 -0.951057
vn 0.000000 0.000000 -1.000000
vn 0.000000 0.000000 -1.000000
vn -0.309015 0.000000 -0.951057
vn -0.309015 0.000000 -0.951057
vn -0.587786 0.000000 -0.809016
vn -0.587786 0.000000 -0.809016
vn -0.809015 0.000000 -0.587788
vn -0.809015 0.000000 -0.587788
vn -0.951056 0.000000 -0.309018
vn -0.951056 0.000000 -0.309018
vn -1.000000 0.000000 0.000000
vn -1.000000 0.000000 0.000000
vn -0.951057 0.000000 0.309016
vn -0.951057 0.000000 0.309016
vn -0.809016 0.000000 0.587787
vn -0.809016 0.000000 0.587787
vn -0.587786 0.000000 0.809016
vn -0.587786 0.000000 0.809016
vn -0.309015 0.000000 0.951057
vn -0.309015 0.000000 0.951057
vn 0.000000 0.000000 1.000000
vn 0.000000 0.000000 1.000000
vn 0.309015 0.000000 0.951057
vn 0.309015 0.000000 0.951057
vn 0.587783 0.000000 0.809019
vn 0.587783 0.000000 0.809019
vn 0.809016 0.000000 0.587787
vn 0.809016 0.000000 0.587787
vn 0.951057 0.000000 0.309016
vn 0.951057 0.000000 0.309016
vn 1.000000 0.000000 -0.000006
vn 1.000000 0.000000 -0.000006
s 1
g Recepcion2 group2 Objetos_Recepcion pCylinder11 group3
usemtl lambert7SG
f 2031/3609/3097 2032/3610/3098 2052/3611/3099 2051/3612/3100
f 2032/3610/3098 2033/3613/3101 2053/3614/3102 2052/3611/3099
f 2033/3613/3101 2034/3615/3103 2054/3616/3104 2053/3614/3102
f 2034/3615/3103 2035/3617/3105 2055/3618/3106 2054/3616/3104
f 2035/3617/3105 2036/3619/3107 2056/3620/3108 2055/3618/3106
f 2036/3619/3107 2037/3621/3109 2057/3622/3110 2056/3620/3108
f 2037/3621/3109 2038/3623/3111 2058/3650/3112 2057/3622/3110
f 2038/3649/3111 2039/3625/3113 2059/3626/3114 2058/3624/3112
f 2039/3625/3113 2040/3627/3115 2060/3628/3116 2059/3626/3114
f 2040/3627/3115 2041/3629/3117 2061/3630/3118 2060/3628/3116
f 2041/3629/3117 2042/3631/3119 2062/3632/3120 2061/3630/3118
f 2042/3631/3119 2043/3633/3121 2063/3634/3122 2062/3632/3120
f 2043/3633/3121 2044/3635/3123 2064/3636/3124 2063/3634/3122
f 2044/3635/3123 2045/3637/3125 2065/3638/3126 2064/3636/3124
f 2045/3637/3125 2046/3639/3127 2066/3640/3128 2065/3638/3126
f 2046/3639/3127 2047/3641/3129 2067/3642/3130 2066/3640/3128
f 2047/3641/3129 2048/3643/3131 2068/3644/3132 2067/3642/3130
f 2048/3643/3131 2049/3645/3133 2069/3646/3134 2068/3644/3132
f 2049/3645/3133 2050/3647/3135 2070/3648/3136 2069/3646/3134
f 2050/3647/3135 2031/3609/3097 2051/3612/3100 2070/3648/3136
g default
v -10.954951 7.076723 -17.503868
v -10.977643 7.076723 -17.526558
v -11.008638 7.076723 -17.534863
v -11.039634 7.076723 -17.526558
v -11.062325 7.076723 -17.503868
v -11.070629 7.076723 -17.472872
v -11.062325 7.076723 -17.441876
v -11.039634 7.076723 -17.419187
v -11.008638 7.076723 -17.410880
v -10.977643 7.076723 -17.419187
v -10.954951 7.076723 -17.441876
v -10.946646 7.076723 -17.472872
v -10.954951 8.360205 -17.503868
v -10.977643 8.360205 -17.526558
v -11.008638 8.360205 -17.534863
v -11.039634 8.360205 -17.526558
v -11.062325 8.360205 -17.503868
v -11.070629 8.360205 -17.472872
v -11.062325 8.360205 -17.441876
v -11.039634 8.360205 -17.419187
v -11.008638 8.360205 -17.410880
v -10.977643 8.360205 -17.419187
v -10.954951 8.360205 -17.441876
v -10.946646 8.360205 -17.472872
vt 0.019627 0.023769
vt 0.021830 0.023769
vt 0.021818 0.107509
vt 0.019615 0.107509
vt 0.024033 0.023770
vt 0.024021 0.107509
vt 0.026236 0.023770
vt 0.026224 0.107510
vt 0.028439 0.023770
vt 0.001992 0.107506
vt 0.004207 0.023767
vt 0.004195 0.107506
vt 0.006409 0.023767
vt 0.006398 0.107507
vt 0.008612 0.023768
vt 0.008601 0.107507
vt 0.010815 0.023768
vt 0.010804 0.107507
vt 0.013018 0.023768
vt 0.013006 0.107508
vt 0.015221 0.023769
vt 0.015209 0.107508
vt 0.017424 0.023769
vt 0.017412 0.107508
vt 0.002004 0.023767
vt 0.028427 0.107510
vn 0.866019 0.000000 -0.500012
vn 0.499999 0.000000 -0.866026
vn 0.499999 0.000000 -0.866026
vn 0.866019 0.000000 -0.500012
vn 0.000000 0.000000 -1.000000
vn 0.000000 0.000000 -1.000000
vn -0.499990 0.000000 -0.866031
vn -0.499990 0.000000 -0.866031
vn -0.866028 0.000000 -0.499996
vn -0.866028 0.000000 -0.499996
vn -1.000000 0.000000 0.000000
vn -1.000000 0.000000 0.000000
vn -0.866025 0.000000 0.500001
vn -0.866025 0.000000 0.500001
vn -0.499999 0.000000 0.866026
vn -0.499999 0.000000 0.866026
vn 0.000000 0.000000 1.000000
vn 0.000000 0.000000 1.000000
vn 0.500008 0.000000 0.866021
vn 0.500008 0.000000 0.866021
vn 0.866016 0.000000 0.500016
vn 0.866016 0.000000 0.500016
vn 1.000000 0.000000 0.000000
vn 1.000000 0.000000 0.000000
s 1
g Recepcion2 group2 Objetos_Recepcion group3 pCylinder8
usemtl lambert7SG
f 2071/3651/3137 2072/3652/3138 2084/3653/3139 2083/3654/3140
f 2072/3652/3138 2073/3655/3141 2085/3656/3142 2084/3653/3139
f 2073/3655/3141 2074/3657/3143 2086/3658/3144 2085/3656/3142
f 2074/3657/3143 2075/3659/3145 2087/3676/3146 2086/3658/3144
f 2075/3675/3145 2076/3661/3147 2088/3662/3148 2087/3660/3146
f 2076/3661/3147 2077/3663/3149 2089/3664/3150 2088/3662/3148
f 2077/3663/3149 2078/3665/3151 2090/3666/3152 2089/3664/3150
f 2078/3665/3151 2079/3667/3153 2091/3668/3154 2090/3666/3152
f 2079/3667/3153 2080/3669/3155 2092/3670/3156 2091/3668/3154
f 2080/3669/3155 2081/3671/3157 2093/3672/3158 2092/3670/3156
f 2081/3671/3157 2082/3673/3159 2094/3674/3160 2093/3672/3158
f 2082/3673/3159 2071/3651/3137 2083/3654/3140 2094/3674/3160
g default
v -10.979472 8.366426 -17.189360
v -11.007396 8.366395 -17.215780
v -11.045538 8.366353 -17.225451
v -11.083681 8.366313 -17.215780
v -11.111605 8.366282 -17.189360
v -11.121826 8.366271 -17.153272
v -11.111605 8.366282 -17.117182
v -11.083681 8.366313 -17.090762
v -11.045538 8.366353 -17.081091
v -11.007396 8.366395 -17.090762
v -10.979472 8.366426 -17.117182
v -10.969251 8.366437 -17.153272
v -10.943746 8.580416 -17.208745
v -10.986665 8.580362 -17.249355
v -11.045297 8.580308 -17.264218
v -11.103927 8.580244 -17.249355
v -11.146850 8.580190 -17.208745
v -11.162559 8.580179 -17.153272
v -11.146850 8.580190 -17.097797
v -11.103927 8.580244 -17.057190
v -11.045297 8.580308 -17.042326
v -10.986665 8.580362 -17.057190
v -10.943746 8.580416 -17.097797
v -10.928037 8.580427 -17.153272
v -11.104044 8.480979 -17.057190
v -11.146963 8.480936 -17.097797
v -11.162672 8.480915 -17.153272
v -11.146963 8.480936 -17.208745
v -11.104044 8.480979 -17.249355
v -11.045412 8.481044 -17.264218
v -10.986782 8.481109 -17.249355
v -10.943861 8.481152 -17.208745
v -10.928150 8.481168 -17.153272
v -10.943861 8.481152 -17.097797
v -10.986782 8.481109 -17.057190
v -11.045412 8.481044 -17.042326
v -10.947305 8.580405 -17.206801
v -10.988721 8.580362 -17.245989
v -11.045297 8.580308 -17.260332
v -11.101873 8.580244 -17.245989
v -11.143289 8.580201 -17.206801
v -11.158450 8.580179 -17.153272
v -11.143289 8.580201 -17.099741
v -11.101873 8.580244 -17.060556
v -11.045297 8.580308 -17.046210
v -10.988721 8.580362 -17.060556
v -10.947305 8.580405 -17.099741
v -10.932144 8.580427 -17.153272
v -10.947312 8.571316 -17.206801
v -10.988731 8.571273 -17.245989
v -11.045307 8.571209 -17.260332
v -11.101882 8.571154 -17.245989
v -11.143299 8.571111 -17.206801
v -11.158460 8.571090 -17.153272
v -11.143299 8.571111 -17.099741
v -11.101882 8.571154 -17.060556
v -11.045307 8.571209 -17.046210
v -10.988731 8.571273 -17.060556
v -10.947312 8.571316 -17.099741
v -10.932154 8.571338 -17.153272
v -11.045307 8.571209 -17.153272
vt 0.972840 0.026321
vt 0.972840 0.022536
vt 0.981608 0.022536
vt 0.981608 0.026321
vt 0.972840 0.018653
vt 0.981608 0.018653
vt 0.972840 0.014780
vt 0.981608 0.014780
vt 0.972840 0.011041
vt 0.981608 0.054389
vt 0.972840 0.051232
vt 0.981608 0.051232
vt 0.972840 0.047939
vt 0.981608 0.047939
vt 0.972840 0.044484
vt 0.981608 0.044484
vt 0.972840 0.040917
vt 0.981608 0.040917
vt 0.972840 0.037275
vt 0.981608 0.037275
vt 0.972840 0.033642
vt 0.981608 0.033642
vt 0.972840 0.030027
vt 0.981608 0.030027
vt 0.987578 0.044484
vt 0.987578 0.047939
vt 0.987578 0.051232
vt 0.987578 0.054389
vt 0.987578 0.014780
vt 0.987578 0.018653
vt 0.987578 0.022536
vt 0.987578 0.026321
vt 0.987578 0.030027
vt 0.987578 0.033642
vt 0.987578 0.037275
vt 0.987578 0.040917
vt 0.987826 0.022536
vt 0.987826 0.026321
vt 0.987826 0.018653
vt 0.987826 0.014780
vt 0.987826 0.054389
vt 0.987826 0.051232
vt 0.987826 0.047939
vt 0.987826 0.044484
vt 0.987826 0.040917
vt 0.987826 0.037275
vt 0.987826 0.033642
vt 0.987826 0.030027
vt 0.151027 0.013788
vt 0.149118 0.010370
vt 0.151026 0.017794
vt 0.149116 0.021317
vt 0.145809 0.023411
vt 0.141992 0.023516
vt 0.138686 0.021604
vt 0.136777 0.018186
vt 0.136778 0.014179
vt 0.138688 0.010657
vt 0.141994 0.008562
vt 0.145812 0.008458
vt 0.143902 0.015987
vt 0.988398 0.026321
vt 0.988398 0.030027
vt 0.988398 0.033642
vt 0.988398 0.037275
vt 0.988398 0.040917
vt 0.988398 0.044484
vt 0.988398 0.047939
vt 0.988398 0.051232
vt 0.988398 0.054389
vt 0.988398 0.014780
vt 0.988398 0.018653
vt 0.988398 0.022536
vt 0.987826 0.011041
vt 0.988398 0.011041
vt 0.987578 0.011041
vt 0.981608 0.011041
vt 0.972840 0.054389
vn 0.803743 -0.332820 -0.493182
vn 0.451578 -0.324418 -0.831162
vn 0.474337 -0.160804 -0.865532
vn 0.842617 -0.165170 -0.512558
vn 0.000063 -0.320222 -0.947343
vn 0.000146 -0.158417 -0.987372
vn -0.451624 -0.323637 -0.831442
vn -0.474178 -0.159843 -0.865798
vn -0.804144 -0.331423 -0.493469
vn -0.842780 -0.163459 -0.512839
vn -0.941999 -0.335615 0.000000
vn -0.986222 -0.165426 0.000000
vn -0.804147 -0.331417 0.493468
vn -0.842781 -0.163454 0.512838
vn -0.451621 -0.323627 0.831447
vn -0.474170 -0.159838 0.865803
vn 0.000068 -0.320210 0.947347
vn 0.000151 -0.158411 0.987373
vn 0.451572 -0.324405 0.831170
vn 0.474327 -0.160798 0.865539
vn 0.803743 -0.332820 0.493182
vn 0.842614 -0.165168 0.512563
vn 0.941413 -0.337256 -0.000001
vn 0.985889 -0.167402 -0.000000
vn -0.478847 0.033191 0.877271
vn -0.853034 0.034185 0.520734
vn -0.999400 0.034646 -0.000000
vn -0.853034 0.034184 -0.520734
vn -0.478862 0.033196 -0.877262
vn 0.000301 0.032373 -0.999476
vn 0.479397 0.032099 -0.877011
vn 0.853282 0.032242 -0.520452
vn 0.999476 0.032361 0.000000
vn 0.853276 0.032243 0.520461
vn 0.479382 0.032092 0.877020
vn 0.000305 0.032363 0.999476
vn -0.427122 0.456481 0.780507
vn -0.753903 0.469494 0.459571
vn -0.000738 0.450021 0.893018
vn 0.425947 0.455952 0.781458
vn 0.753779 0.468804 0.460477
vn 0.879751 0.475435 0.000002
vn 0.753796 0.468766 -0.460488
vn 0.425977 0.455842 -0.781505
vn -0.000743 0.449924 -0.893067
vn -0.427139 0.456422 -0.780532
vn -0.753904 0.469490 -0.459573
vn -0.879248 0.476364 -0.000000
vn -0.095056 0.980464 0.172203
vn -0.165725 0.981039 0.100485
vn -0.000959 0.980244 0.197791
vn 0.093116 0.980659 0.172156
vn 0.163685 0.981377 0.100529
vn 0.190262 0.981733 -0.000002
vn 0.163687 0.981376 -0.100533
vn 0.093114 0.980660 -0.172152
vn -0.000960 0.980242 -0.197797
vn -0.095056 0.980464 -0.172202
vn -0.165727 0.981039 -0.100486
vn -0.192415 0.981314 -0.000000
vn -0.001062 0.999999 -0.000000
s 1
g Recepcion2 group2 Objetos_Recepcion group3 Maceta
usemtl lambert7SG
f 2095/3677/3161 2096/3678/3162 2125/3679/3163 2126/3680/3164
f 2096/3678/3162 2097/3681/3165 2124/3682/3166 2125/3679/3163
f 2097/3681/3165 2098/3683/3167 2123/3684/3168 2124/3682/3166
f 2098/3683/3167 2099/3685/3169 2122/3753/3170 2123/3684/3168
f 2099/3754/3169 2100/3687/3171 2121/3688/3172 2122/3686/3170
f 2100/3687/3171 2101/3689/3173 2120/3690/3174 2121/3688/3172
f 2101/3689/3173 2102/3691/3175 2119/3692/3176 2120/3690/3174
f 2102/3691/3175 2103/3693/3177 2130/3694/3178 2119/3692/3176
f 2103/3693/3177 2104/3695/3179 2129/3696/3180 2130/3694/3178
f 2104/3695/3179 2105/3697/3181 2128/3698/3182 2129/3696/3180
f 2105/3697/3181 2106/3699/3183 2127/3700/3184 2128/3698/3182
f 2106/3699/3183 2095/3677/3161 2126/3680/3164 2127/3700/3184
f 2120/3690/3174 2119/3692/3176 2114/3701/3185 2113/3702/3186
f 2121/3688/3172 2120/3690/3174 2113/3702/3186 2112/3703/3187
f 2122/3686/3170 2121/3688/3172 2112/3703/3187 2111/3704/3188
f 2123/3684/3168 2122/3753/3170 2111/3752/3188 2110/3705/3189
f 2124/3682/3166 2123/3684/3168 2110/3705/3189 2109/3706/3190
f 2125/3679/3163 2124/3682/3166 2109/3706/3190 2108/3707/3191
f 2126/3680/3164 2125/3679/3163 2108/3707/3191 2107/3708/3192
f 2127/3700/3184 2126/3680/3164 2107/3708/3192 2118/3709/3193
f 2128/3698/3182 2127/3700/3184 2118/3709/3193 2117/3710/3194
f 2129/3696/3180 2128/3698/3182 2117/3710/3194 2116/3711/3195
f 2130/3694/3178 2129/3696/3180 2116/3711/3195 2115/3712/3196
f 2119/3692/3176 2130/3694/3178 2115/3712/3196 2114/3701/3185
f 2107/3708/3192 2108/3707/3191 2132/3713/3197 2131/3714/3198
f 2108/3707/3191 2109/3706/3190 2133/3715/3199 2132/3713/3197
f 2109/3706/3190 2110/3705/3189 2134/3716/3200 2133/3715/3199
f 2110/3705/3189 2111/3752/3188 2135/3750/3201 2134/3716/3200
f 2111/3704/3188 2112/3703/3187 2136/3718/3202 2135/3717/3201
f 2112/3703/3187 2113/3702/3186 2137/3719/3203 2136/3718/3202
f 2113/3702/3186 2114/3701/3185 2138/3720/3204 2137/3719/3203
f 2114/3701/3185 2115/3712/3196 2139/3721/3205 2138/3720/3204
f 2115/3712/3196 2116/3711/3195 2140/3722/3206 2139/3721/3205
f 2116/3711/3195 2117/3710/3194 2141/3723/3207 2140/3722/3206
f 2117/3710/3194 2118/3709/3193 2142/3724/3208 2141/3723/3207
f 2118/3709/3193 2107/3708/3192 2131/3714/3198 2142/3724/3208
f 2131/3714/3198 2132/3713/3197 2144/3749/3209 2143/3738/3210
f 2132/3713/3197 2133/3715/3199 2145/3748/3211 2144/3749/3209
f 2133/3715/3199 2134/3716/3200 2146/3747/3212 2145/3748/3211
f 2134/3716/3200 2135/3750/3201 2147/3751/3213 2146/3747/3212
f 2135/3717/3201 2136/3718/3202 2148/3745/3214 2147/3746/3213
f 2136/3718/3202 2137/3719/3203 2149/3744/3215 2148/3745/3214
f 2137/3719/3203 2138/3720/3204 2150/3743/3216 2149/3744/3215
f 2138/3720/3204 2139/3721/3205 2151/3742/3217 2150/3743/3216
f 2139/3721/3205 2140/3722/3206 2152/3741/3218 2151/3742/3217
f 2140/3722/3206 2141/3723/3207 2153/3740/3219 2152/3741/3218
f 2141/3723/3207 2142/3724/3208 2154/3739/3220 2153/3740/3219
f 2142/3724/3208 2131/3714/3198 2143/3738/3210 2154/3739/3220
f 2143/3726/3210 2144/3725/3209 2155/3737/3221
f 2144/3725/3209 2145/3727/3211 2155/3737/3221
f 2145/3727/3211 2146/3728/3212 2155/3737/3221
f 2146/3728/3212 2147/3729/3213 2155/3737/3221
f 2147/3729/3213 2148/3730/3214 2155/3737/3221
f 2148/3730/3214 2149/3731/3215 2155/3737/3221
f 2149/3731/3215 2150/3732/3216 2155/3737/3221
f 2150/3732/3216 2151/3733/3217 2155/3737/3221
f 2151/3733/3217 2152/3734/3218 2155/3737/3221
f 2152/3734/3218 2153/3735/3219 2155/3737/3221
f 2153/3735/3219 2154/3736/3220 2155/3737/3221
f 2154/3736/3220 2143/3726/3210 2155/3737/3221
g default
v -10.367498 8.340533 -17.685757
v -10.462887 8.340533 -17.872965
v -10.611456 8.340533 -18.021534
v -10.798666 8.340533 -18.116923
v -11.006189 8.340533 -18.149791
v -11.213712 8.340533 -18.116923
v -11.400921 8.340533 -18.021534
v -11.549491 8.340533 -17.872965
v -11.644879 8.340533 -17.685757
v -11.677747 8.340533 -17.478234
v -11.644879 8.340533 -17.270710
v -11.549491 8.340533 -17.083501
v -11.400921 8.340533 -16.934931
v -11.213712 8.340533 -16.839543
v -11.006189 8.340533 -16.806675
v -10.798666 8.340533 -16.839543
v -10.611456 8.340533 -16.934931
v -10.462887 8.340533 -17.083501
v -10.367498 8.340533 -17.270710
v -10.334631 8.340533 -17.478234
v -10.367498 8.371035 -17.685757
v -10.462887 8.371035 -17.872965
v -10.611456 8.371035 -18.021534
v -10.798666 8.371035 -18.116923
v -11.006189 8.371035 -18.149791
v -11.213712 8.371035 -18.116923
v -11.400921 8.371035 -18.021534
v -11.549491 8.371035 -17.872965
v -11.644879 8.371035 -17.685757
v -11.677747 8.371035 -17.478234
v -11.644879 8.371035 -17.270710
v -11.549491 8.371035 -17.083501
v -11.400921 8.371035 -16.934931
v -11.213712 8.371035 -16.839543
v -11.006189 8.371035 -16.806675
v -10.798666 8.371035 -16.839543
v -10.611456 8.371035 -16.934931
v -10.462887 8.371035 -17.083501
v -10.367498 8.371035 -17.270710
v -10.334631 8.371035 -17.478234
v -11.006189 8.371035 -17.478234
vt 0.916279 0.127560
vt 0.917073 0.119483
vt 0.875834 0.919238
vt 0.880289 0.905520
vt 0.916769 0.116036
vt 0.867357 0.930908
vt 0.915698 0.103502
vt 0.855689 0.939388
vt 0.914987 0.084048
vt 0.841972 0.943847
vt 0.914484 0.060084
vt 0.827548 0.943849
vt 0.914243 0.032682
vt 0.813830 0.939393
vt 0.914238 0.004124
vt 0.802159 0.930917
vt 0.916359 0.255690
vt 0.793680 0.919249
vt 0.916196 0.246834
vt 0.789221 0.905531
vt 0.916087 0.236392
vt 0.789219 0.891108
vt 0.916082 0.225508
vt 0.793674 0.877389
vt 0.916196 0.214561
vt 0.802151 0.865719
vt 0.916392 0.204890
vt 0.813819 0.857239
vt 0.916498 0.196412
vt 0.827536 0.852780
vt 0.916466 0.187938
vt 0.841960 0.852778
vt 0.916326 0.178667
vt 0.855678 0.857234
vt 0.916156 0.167787
vt 0.867349 0.865710
vt 0.916008 0.155652
vt 0.875829 0.877378
vt 0.915865 0.142286
vt 0.880287 0.891096
vt 0.834754 0.898314
vt 0.917848 0.127583
vt 0.917808 0.142322
vt 0.917773 0.155649
vt 0.917740 0.167776
vt 0.917711 0.178656
vt 0.917686 0.187927
vt 0.917664 0.196411
vt 0.917641 0.204895
vt 0.917615 0.214566
vt 0.917586 0.225513
vt 0.917557 0.236393
vt 0.917529 0.246826
vt 0.917505 0.255683
vt 0.917484 0.263507
vt 0.918102 0.032679
vt 0.918029 0.060070
vt 0.917965 0.083987
vt 0.917913 0.103448
vt 0.917879 0.116037
vt 0.917870 0.119480
vt 0.916404 0.263515
vt 0.918179 0.004123
vn 0.951057 0.000000 -0.309017
vn 0.809015 0.000000 -0.587788
vn 0.081245 0.994945 -0.059029
vn 0.095510 0.994945 -0.031034
vn 0.587784 0.000000 -0.809018
vn 0.059028 0.994945 -0.081245
vn 0.309018 0.000000 -0.951056
vn 0.031033 0.994945 -0.095509
vn 0.000000 0.000000 -1.000000
vn 0.000000 0.994945 -0.100424
vn -0.309018 0.000000 -0.951056
vn -0.031033 0.994945 -0.095509
vn -0.587786 0.000000 -0.809017
vn -0.059028 0.994945 -0.081245
vn -0.809015 0.000000 -0.587788
vn -0.081245 0.994945 -0.059028
vn -0.951056 0.000000 -0.309017
vn -0.095510 0.994945 -0.031033
vn -1.000000 0.000000 0.000000
vn -0.100424 0.994945 0.000000
vn -0.951057 0.000000 0.309016
vn -0.095509 0.994945 0.031033
vn -0.809017 0.000000 0.587786
vn -0.081245 0.994945 0.059029
vn -0.587786 0.000000 0.809017
vn -0.059028 0.994945 0.081245
vn -0.309017 0.000000 0.951056
vn -0.031033 0.994945 0.095509
vn 0.000001 0.000000 1.000000
vn 0.000000 0.994945 0.100424
vn 0.309017 0.000000 0.951056
vn 0.031033 0.994945 0.095508
vn 0.587785 0.000000 0.809017
vn 0.059028 0.994945 0.081244
vn 0.809017 0.000000 0.587786
vn 0.081245 0.994945 0.059028
vn 0.951057 0.000000 0.309016
vn 0.095510 0.994945 0.031033
vn 1.000000 0.000000 0.000000
vn 0.100424 0.994945 0.000000
vn 0.000000 1.000000 0.000000
s 1
g Recepcion2 group2 Objetos_Recepcion group3 pCylinder9
usemtl lambert7SG
f 2156/3755/3222 2157/3756/3223 2177/3815/3224 2176/3796/3225
f 2157/3756/3223 2158/3759/3226 2178/3814/3227 2177/3815/3224
f 2158/3759/3226 2159/3761/3228 2179/3813/3229 2178/3814/3227
f 2159/3761/3228 2160/3763/3230 2180/3812/3231 2179/3813/3229
f 2160/3763/3230 2161/3765/3232 2181/3811/3233 2180/3812/3231
f 2161/3765/3232 2162/3767/3234 2182/3810/3235 2181/3811/3233
f 2162/3767/3234 2163/3769/3236 2183/3817/3237 2182/3810/3235
f 2163/3816/3236 2164/3771/3238 2184/3808/3239 2183/3809/3237
f 2164/3771/3238 2165/3773/3240 2185/3807/3241 2184/3808/3239
f 2165/3773/3240 2166/3775/3242 2186/3806/3243 2185/3807/3241
f 2166/3775/3242 2167/3777/3244 2187/3805/3245 2186/3806/3243
f 2167/3777/3244 2168/3779/3246 2188/3804/3247 2187/3805/3245
f 2168/3779/3246 2169/3781/3248 2189/3803/3249 2188/3804/3247
f 2169/3781/3248 2170/3783/3250 2190/3802/3251 2189/3803/3249
f 2170/3783/3250 2171/3785/3252 2191/3801/3253 2190/3802/3251
f 2171/3785/3252 2172/3787/3254 2192/3800/3255 2191/3801/3253
f 2172/3787/3254 2173/3789/3256 2193/3799/3257 2192/3800/3255
f 2173/3789/3256 2174/3791/3258 2194/3798/3259 2193/3799/3257
f 2174/3791/3258 2175/3793/3260 2195/3797/3261 2194/3798/3259
f 2175/3793/3260 2156/3755/3222 2176/3796/3225 2195/3797/3261
f 2176/3758/3225 2177/3757/3224 2196/3795/3262
f 2177/3757/3224 2178/3760/3227 2196/3795/3262
f 2178/3760/3227 2179/3762/3229 2196/3795/3262
f 2179/3762/3229 2180/3764/3231 2196/3795/3262
f 2180/3764/3231 2181/3766/3233 2196/3795/3262
f 2181/3766/3233 2182/3768/3235 2196/3795/3262
f 2182/3768/3235 2183/3770/3237 2196/3795/3262
f 2183/3770/3237 2184/3772/3239 2196/3795/3262
f 2184/3772/3239 2185/3774/3241 2196/3795/3262
f 2185/3774/3241 2186/3776/3243 2196/3795/3262
f 2186/3776/3243 2187/3778/3245 2196/3795/3262
f 2187/3778/3245 2188/3780/3247 2196/3795/3262
f 2188/3780/3247 2189/3782/3249 2196/3795/3262
f 2189/3782/3249 2190/3784/3251 2196/3795/3262
f 2190/3784/3251 2191/3786/3253 2196/3795/3262
f 2191/3786/3253 2192/3788/3255 2196/3795/3262
f 2192/3788/3255 2193/3790/3257 2196/3795/3262
f 2193/3790/3257 2194/3792/3259 2196/3795/3262
f 2194/3792/3259 2195/3794/3261 2196/3795/3262
f 2195/3794/3261 2176/3758/3225 2196/3795/3262
g default
v -11.043306 8.644774 -17.153272
v -11.016824 8.567046 -17.187370
v -11.027018 8.567046 -17.193256
v -11.059594 8.567046 -17.193256
v -11.069791 8.567046 -17.187370
v -11.086077 8.567046 -17.159158
v -11.086077 8.567046 -17.147385
v -11.069791 8.567046 -17.119174
v -11.059594 8.567046 -17.113288
v -11.027018 8.567046 -17.113288
v -11.016824 8.567046 -17.119174
v -11.000536 8.567046 -17.147385
v -11.000536 8.567046 -17.159158
v -11.013251 8.595090 -17.193555
v -11.023449 8.595090 -17.199441
v -11.063165 8.595090 -17.199441
v -11.073360 8.595090 -17.193555
v -11.093222 8.595090 -17.159158
v -11.093222 8.595090 -17.147385
v -11.073360 8.595090 -17.112988
v -11.063165 8.595090 -17.107101
v -11.023449 8.595090 -17.107101
v -11.013251 8.595090 -17.112988
v -10.993394 8.595090 -17.147385
v -10.993394 8.595090 -17.159158
v -11.016824 8.623134 -17.187370
v -11.027018 8.623134 -17.193256
v -11.059594 8.623134 -17.193256
v -11.069791 8.623134 -17.187370
v -11.086077 8.623134 -17.159158
v -11.086077 8.623134 -17.147385
v -11.069791 8.623134 -17.119174
v -11.059594 8.623134 -17.113288
v -11.027018 8.623134 -17.113288
v -11.016824 8.623134 -17.119174
v -11.000536 8.623134 -17.147385
v -11.000536 8.623134 -17.159158
v -11.036775 8.643674 -17.176357
v -11.026580 8.643674 -17.170470
v -11.060032 8.643674 -17.170470
v -11.049839 8.643674 -17.176357
v -11.066564 8.643674 -17.147385
v -11.066564 8.643674 -17.159158
v -11.049839 8.643674 -17.130187
v -11.060032 8.643674 -17.136073
v -11.026580 8.643674 -17.136073
v -11.036775 8.643674 -17.130187
v -11.020049 8.643674 -17.159158
v -11.020049 8.643674 -17.147385
v -11.025949 8.566443 -17.195108
v -11.015753 8.566443 -17.189221
v -11.022301 8.595090 -17.201426
v -11.012105 8.595090 -17.195541
v -11.026026 8.624342 -17.194975
v -11.015830 8.624342 -17.189089
v -11.035992 8.645324 -17.177712
v -11.025796 8.645324 -17.171827
v -11.070857 8.566443 -17.189221
v -11.060664 8.566443 -17.195108
v -11.074508 8.595090 -17.195541
v -11.064313 8.595090 -17.201426
v -11.070783 8.624342 -17.189089
v -11.060587 8.624342 -17.194975
v -11.060816 8.645324 -17.171827
v -11.050620 8.645324 -17.177712
v -11.088218 8.566443 -17.147385
v -11.088218 8.566443 -17.159158
v -11.095514 8.595090 -17.147385
v -11.095514 8.595090 -17.159158
v -11.088062 8.624342 -17.147385
v -11.088062 8.624342 -17.159158
v -11.068131 8.645324 -17.147385
v -11.068131 8.645324 -17.159158
v -11.060664 8.566443 -17.111436
v -11.070857 8.566443 -17.117322
v -11.064313 8.595090 -17.105116
v -11.074508 8.595090 -17.111003
v -11.060587 8.624342 -17.111569
v -11.070783 8.624342 -17.117454
v -11.050620 8.645324 -17.128830
v -11.060816 8.645324 -17.134716
v -11.015756 8.566443 -17.117322
v -11.025949 8.566443 -17.111436
v -11.012105 8.595090 -17.111003
v -11.022301 8.595090 -17.105116
v -11.015830 8.624342 -17.117454
v -11.026026 8.624342 -17.111569
v -11.025796 8.645324 -17.134716
v -11.035992 8.645324 -17.128830
v -10.998396 8.566443 -17.159158
v -10.998396 8.566443 -17.147385
v -10.991100 8.595090 -17.159158
v -10.991100 8.595090 -17.147385
v -10.998551 8.624342 -17.159158
v -10.998551 8.624342 -17.147385
v -11.018484 8.645324 -17.159158
v -11.018484 8.645324 -17.147385
vt 0.813473 0.024967
vt 0.997392 0.116172
vt 0.811888 0.025416
vt 0.810706 0.024267
vt 0.812292 0.023818
vt 0.997389 0.125938
vt 0.997538 0.109516
vt 0.811111 0.022669
vt 0.996281 0.109499
vt 0.996281 0.097958
vt 0.997335 0.098087
vt 0.812828 0.073986
vt 0.813711 0.074012
vt 0.813653 0.076085
vt 0.812838 0.076088
vt 0.997196 0.122256
vt 0.996427 0.122242
vt 0.996467 0.120436
vt 0.997222 0.120450
vt 0.996450 0.079846
vt 0.997335 0.079873
vt 0.997271 0.081949
vt 0.996456 0.081949
vt 0.997194 0.132024
vt 0.996426 0.132009
vt 0.996469 0.130203
vt 0.997225 0.130217
vt 0.996610 0.103713
vt 0.997391 0.103724
vt 0.997358 0.105557
vt 0.996593 0.105547
vt 0.996464 0.092130
vt 0.997244 0.092130
vt 0.997236 0.093963
vt 0.996471 0.093963
vt 0.813631 0.077982
vt 0.812864 0.077983
vt 0.996477 0.118571
vt 0.997279 0.118585
vt 0.997242 0.083846
vt 0.996476 0.083846
vt 0.996477 0.128336
vt 0.997279 0.128350
vt 0.997356 0.107450
vt 0.996543 0.107439
vt 0.997260 0.095855
vt 0.996447 0.095855
vt 0.813640 0.079819
vt 0.812857 0.079819
vt 0.996445 0.116531
vt 0.997386 0.116547
vt 0.997254 0.085680
vt 0.996474 0.085680
vt 0.996445 0.126296
vt 0.997382 0.126314
vt 0.997400 0.109465
vt 0.996447 0.109507
vt 0.997329 0.097922
vt 0.996449 0.097952
vt 0.813877 0.074017
vt 0.996809 0.025772
vt 0.997366 0.120452
vt 0.813809 0.076087
vt 0.996283 0.122239
vt 0.203721 0.021865
vt 0.996299 0.081949
vt 0.996322 0.120433
vt 0.997501 0.079879
vt 0.996809 0.049212
vt 0.997369 0.130220
vt 0.997427 0.081951
vt 0.996281 0.132006
vt 0.260370 0.019912
vt 0.996446 0.105545
vt 0.996324 0.130200
vt 0.997538 0.103727
vt 0.996809 0.037492
vt 0.996324 0.093963
vt 0.997505 0.105560
vt 0.997391 0.092131
vt 0.104097 0.019912
vt 0.812682 0.076088
vt 0.997383 0.093963
vt 0.997433 0.118591
vt 0.813778 0.077982
vt 0.996329 0.083846
vt 0.996324 0.118571
vt 0.997433 0.128354
vt 0.997389 0.083846
vt 0.996387 0.107435
vt 0.996323 0.128336
vt 0.996291 0.095853
vt 0.997512 0.107451
vt 0.812716 0.077983
vt 0.997416 0.095853
vt 0.996473 0.085827
vt 0.812857 0.079966
vt 0.994573 0.029529
vt 0.994328 0.027650
vt 0.994573 0.025772
vt 0.203051 0.027394
vt 0.203721 0.025622
vt 0.203966 0.023744
vt 0.996281 0.079847
vt 0.996140 0.054742
vt 0.996809 0.052969
vt 0.997054 0.051091
vt 0.997339 0.132026
vt 0.101861 0.023669
vt 0.101616 0.021790
vt 0.101861 0.019912
vt 0.996140 0.031301
vt 0.996809 0.029529
vt 0.997054 0.027650
vt 0.997341 0.122258
vt 0.103428 0.025441
vt 0.813787 0.079818
vt 0.104097 0.023669
vt 0.104343 0.021790
vt 0.812660 0.073988
vt 0.996281 0.116535
vt 0.201485 0.025622
vt 0.201240 0.023744
vt 0.201485 0.021865
vt 0.997401 0.085679
vt 0.994573 0.052970
vt 0.994328 0.051091
vt 0.994573 0.049213
vt 0.260370 0.023669
vt 0.259701 0.025441
vt 0.260616 0.021790
vt 0.996462 0.103712
vt 0.996281 0.126300
vt 0.258134 0.023669
vt 0.257889 0.021790
vt 0.258134 0.019912
vt 0.812696 0.022221
vt 0.994573 0.041249
vt 0.994328 0.039370
vt 0.994573 0.037492
vt 0.996809 0.041249
vt 0.996139 0.043021
vt 0.997054 0.039371
vt 0.996317 0.092131
vt 0.813877 0.023370
vt 0.996455 0.098117
vt 0.812710 0.079818
vt 0.996412 0.116347
vt 0.996327 0.085680
vt 0.997254 0.085827
vt 0.997494 0.097915
vt 0.813640 0.079966
vt 0.997546 0.126323
vt 0.996412 0.126112
vt 0.996412 0.109718
vt 0.997549 0.116557
vt 0.258804 0.025441
vt 0.811888 0.022221
vt 0.995242 0.043021
vt 0.813473 0.022670
vt 0.813877 0.024267
vt 0.102531 0.025441
vt 0.812696 0.025416
vt 0.995243 0.031301
vt 0.810706 0.023370
vt 0.995243 0.054742
vt 0.811111 0.024967
vt 0.202155 0.027394
vn -0.509141 0.829288 -0.230340
vn -0.454780 0.827765 0.328603
vn 0.000001 1.000000 0.000000
vn 0.512028 0.827738 0.229515
vn 0.055084 0.829271 0.556125
vn -0.081005 0.682758 0.726140
vn 0.435201 0.844502 0.312116
vn 0.454094 0.829263 -0.325764
vn -0.057239 0.827740 -0.558184
vn 0.635204 -0.242619 -0.733247
vn 0.317367 -0.242618 -0.916741
vn 0.357089 0.002611 -0.934067
vn 0.630332 0.002608 -0.776322
vn -0.317409 -0.242625 -0.916725
vn -0.635172 -0.242660 -0.733262
vn -0.630339 0.002594 -0.776315
vn -0.357128 0.002603 -0.934052
vn -0.952586 -0.242582 -0.183668
vn -0.952588 -0.242577 0.183664
vn -0.987468 0.002668 0.157795
vn -0.987468 0.002668 -0.157797
vn -0.635194 -0.242672 0.733239
vn -0.317404 -0.242640 0.916723
vn -0.357138 0.002613 0.934048
vn -0.630350 0.002606 0.776307
vn 0.317395 -0.242664 0.916719
vn 0.635210 -0.242672 0.733225
vn 0.630348 0.002605 0.776309
vn 0.357117 0.002616 0.934056
vn 0.952584 -0.242609 0.183642
vn 0.952582 -0.242616 -0.183642
vn 0.987465 0.002648 -0.157817
vn 0.987465 0.002648 0.157816
vn 0.295052 0.472497 -0.830476
vn 0.571680 0.472452 -0.670799
vn -0.571665 0.472462 -0.670804
vn -0.295065 0.472472 -0.830486
vn -0.866752 0.472477 0.159707
vn -0.866747 0.472486 -0.159710
vn -0.295033 0.472492 0.830486
vn -0.571639 0.472459 0.670829
vn 0.571645 0.472476 0.670812
vn 0.295023 0.472505 0.830482
vn 0.866744 0.472497 -0.159691
vn 0.866748 0.472490 0.159689
vn 0.165924 0.730423 -0.662534
vn 0.490931 0.730337 -0.474968
vn -0.490895 0.730346 -0.474992
vn -0.165964 0.730396 -0.662553
vn -0.656759 0.730368 0.187697
vn -0.656735 0.730388 -0.187702
vn -0.165855 0.730378 0.662601
vn -0.490845 0.730342 0.475048
vn 0.490854 0.730379 0.474984
vn 0.165821 0.730394 0.662592
vn 0.656788 0.730380 -0.187549
vn 0.656801 0.730369 0.187546
vn -0.048651 -0.209218 -0.976658
vn 0.048649 -0.209210 -0.976660
vn 0.068033 0.000001 -0.997683
vn -0.068031 0.000001 -0.997683
vn -0.870128 -0.209217 -0.446212
vn -0.821477 -0.209209 -0.530478
vn -0.829988 -0.000000 -0.557781
vn -0.898026 -0.000006 -0.439943
vn -0.821480 -0.209201 0.530477
vn -0.870131 -0.209209 0.446209
vn -0.898030 -0.000004 0.439935
vn -0.829990 0.000000 0.557779
vn 0.048646 -0.209252 0.976651
vn -0.048649 -0.209262 0.976649
vn -0.068015 -0.000001 0.997684
vn 0.068017 0.000002 0.997684
vn 0.870140 -0.209219 0.446187
vn 0.821483 -0.209207 0.530469
vn 0.829998 0.000000 0.557766
vn 0.898045 -0.000009 0.439904
vn 0.821482 -0.209203 -0.530473
vn 0.870151 -0.209206 -0.446172
vn 0.898049 0.000000 -0.439895
vn 0.829995 0.000000 -0.557770
vn 0.080939 0.330279 -0.940407
vn -0.080942 0.330305 -0.940397
vn -0.773944 0.330300 -0.540290
vn -0.854891 0.330278 -0.400099
vn -0.854892 0.330278 0.400096
vn -0.773949 0.330298 0.540284
vn -0.080920 0.330322 0.940393
vn 0.080918 0.330312 0.940397
vn 0.773956 0.330282 0.540283
vn 0.854906 0.330271 0.400071
vn 0.854910 0.330254 -0.400077
vn 0.773954 0.330275 -0.540291
vn 0.052725 0.844496 -0.532960
vn -0.588343 0.682796 -0.433177
vn -0.487901 0.844511 0.220803
vn 0.669397 0.682722 -0.292914
s 1
g Recepcion2 group2 Objetos_Recepcion group3 Cactus
usemtl lambert7SG
f 2236/3820/3263 2238/3821/3264 2197/3822/3265
f 2242/3954/3266 2240/3825/3267 2243/3975/3268
f 2242/3954/3266 2245/3977/3269 2244/3962/3270 2197/3822/3265
f 2244/3962/3270 2234/3818/3271 2197/3822/3265
f 2247/3829/3272 2246/3830/3273 2248/3831/3274 2249/3832/3275
f 2255/3833/3276 2254/3834/3277 2256/3835/3278 2257/3836/3279
f 2263/3837/3280 2262/3838/3281 2264/3839/3282 2265/3840/3283
f 2271/3841/3284 2270/3842/3285 2272/3843/3286 2273/3844/3287
f 2279/3845/3288 2278/3846/3289 2280/3847/3290 2281/3848/3291
f 2287/3849/3292 2286/3850/3293 2288/3851/3294 2289/3852/3295
f 2249/3832/3275 2248/3831/3274 2250/3853/3296 2251/3854/3297
f 2257/3836/3279 2256/3835/3278 2258/3855/3298 2259/3856/3299
f 2265/3840/3283 2264/3839/3282 2266/3857/3300 2267/3858/3301
f 2273/3844/3287 2272/3843/3286 2274/3859/3302 2275/3860/3303
f 2281/3848/3291 2280/3847/3290 2282/3861/3304 2283/3862/3305
f 2289/3852/3295 2288/3851/3294 2290/3863/3306 2291/3864/3307
f 2251/3854/3297 2250/3853/3296 2252/3865/3308 2253/3866/3309
f 2259/3856/3299 2258/3855/3298 2260/3867/3310 2261/3868/3311
f 2267/3858/3301 2266/3857/3300 2268/3869/3312 2269/3870/3313
f 2275/3860/3303 2274/3859/3302 2276/3871/3314 2277/3872/3315
f 2283/3862/3305 2282/3861/3304 2284/3873/3316 2285/3874/3317
f 2291/3864/3307 2290/3863/3306 2292/3875/3318 2293/3876/3319
f 2199/3917/3320 2200/3878/3321 2212/3931/3322 2211/3916/3323
f 2201/3941/3324 2202/3882/3325 2214/3920/3326 2213/3940/3327
f 2203/3945/3328 2204/3886/3329 2216/3924/3330 2215/3944/3331
f 2205/3953/3332 2206/3890/3333 2218/3948/3334 2217/3952/3335
f 2207/3957/3336 2208/3894/3337 2220/3960/3338 2219/3956/3339
f 2209/3928/3340 2198/3898/3341 2210/3936/3342 2221/3927/3343
f 2211/3916/3323 2212/3931/3322 2224/3930/3344 2223/3915/3345
f 2213/3940/3327 2214/3920/3326 2226/3919/3346 2225/3939/3347
f 2215/3944/3331 2216/3924/3330 2228/3923/3348 2227/3943/3349
f 2217/3952/3335 2218/3948/3334 2230/3946/3350 2229/3951/3351
f 2219/3956/3339 2220/3960/3338 2232/3958/3352 2231/3955/3353
f 2221/3927/3343 2210/3936/3342 2222/3935/3354 2233/3926/3355
f 2223/3915/3345 2224/3930/3344 2237/3929/3356 2234/3981/3271
f 2225/3939/3347 2226/3919/3346 2239/3918/3357 2236/3985/3263
f 2227/3943/3349 2228/3923/3348 2241/3922/3358 2238/3983/3264
f 2229/3951/3351 2230/3946/3350 2243/3947/3268 2240/3974/3267
f 2231/3955/3353 2232/3958/3352 2245/3959/3269 2242/3976/3266
f 2233/3926/3355 2222/3935/3354 2235/3933/3359 2244/3979/3270
f 2199/3877/3320 2211/3880/3323 2248/3831/3274 2246/3830/3273
f 2210/3899/3342 2198/3937/3341 2247/3829/3272 2249/3832/3275
f 2211/3880/3323 2223/3902/3345 2250/3853/3296 2248/3831/3274
f 2222/3911/3354 2210/3899/3342 2249/3832/3275 2251/3854/3297
f 2223/3902/3345 2234/3934/3271 2252/3865/3308 2250/3853/3296
f 2234/3969/3271 2235/3914/3359 2253/3866/3309 2252/3865/3308
f 2235/3964/3359 2222/3911/3354 2251/3854/3297 2253/3866/3309
f 2201/3881/3324 2213/3884/3327 2256/3835/3278 2254/3834/3277
f 2212/3879/3322 2200/3932/3321 2255/3833/3276 2257/3836/3279
f 2213/3884/3327 2225/3904/3347 2258/3855/3298 2256/3835/3278
f 2224/3901/3344 2212/3879/3322 2257/3836/3279 2259/3856/3299
f 2225/3904/3347 2236/3938/3263 2260/3867/3310 2258/3855/3298
f 2236/3965/3263 2237/3819/3356 2261/3868/3311 2260/3867/3310
f 2237/3973/3356 2224/3901/3344 2259/3856/3299 2261/3868/3311
f 2203/3885/3328 2215/3888/3331 2264/3839/3282 2262/3838/3281
f 2214/3883/3326 2202/3921/3325 2263/3837/3280 2265/3840/3283
f 2215/3888/3331 2227/3906/3349 2266/3857/3300 2264/3839/3282
f 2226/3903/3346 2214/3883/3326 2265/3840/3283 2267/3858/3301
f 2227/3906/3349 2238/3942/3264 2268/3869/3312 2266/3857/3300
f 2238/3967/3264 2239/3913/3357 2269/3870/3313 2268/3869/3312
f 2239/3966/3357 2226/3903/3346 2267/3858/3301 2269/3870/3313
f 2205/3889/3332 2217/3892/3335 2272/3843/3286 2270/3842/3285
f 2216/3887/3330 2204/3925/3329 2271/3841/3284 2273/3844/3287
f 2217/3892/3335 2229/3908/3351 2274/3859/3302 2272/3843/3286
f 2228/3905/3348 2216/3887/3330 2273/3844/3287 2275/3860/3303
f 2229/3908/3351 2240/3950/3267 2276/3871/3314 2274/3859/3302
f 2240/3971/3267 2241/3823/3358 2277/3872/3315 2276/3871/3314
f 2241/3970/3358 2228/3905/3348 2275/3860/3303 2277/3872/3315
f 2207/3893/3336 2219/3896/3339 2280/3847/3290 2278/3846/3289
f 2218/3891/3334 2206/3949/3333 2279/3845/3288 2281/3848/3291
f 2219/3896/3339 2231/3910/3353 2282/3861/3304 2280/3847/3290
f 2230/3907/3350 2218/3891/3334 2281/3848/3291 2283/3862/3305
f 2231/3910/3353 2242/3824/3266 2284/3873/3316 2282/3861/3304
f 2242/3824/3266 2243/3972/3268 2285/3874/3317 2284/3873/3316
f 2243/3826/3268 2230/3907/3350 2283/3862/3305 2285/3874/3317
f 2209/3897/3340 2221/3900/3343 2288/3851/3294 2286/3850/3293
f 2220/3895/3338 2208/3961/3337 2287/3849/3292 2289/3852/3295
f 2221/3900/3343 2233/3912/3355 2290/3863/3306 2288/3851/3294
f 2232/3909/3352 2220/3895/3338 2289/3852/3295 2291/3864/3307
f 2233/3912/3355 2244/3968/3270 2292/3875/3318 2290/3863/3306
f 2244/3828/3270 2245/3963/3269 2293/3876/3319 2292/3875/3318
f 2245/3827/3269 2232/3909/3352 2291/3864/3307 2293/3876/3319
f 2238/3821/3264 2236/3820/3263 2239/3984/3357
f 2238/3821/3264 2241/3982/3358 2240/3825/3267 2197/3822/3265
f 2234/3818/3271 2237/3980/3356 2236/3820/3263 2197/3822/3265
f 2234/3818/3271 2244/3962/3270 2235/3978/3359
f 2240/3825/3267 2242/3954/3266 2197/3822/3265
g default
v -10.683552 7.072052 -17.583063
v -10.731738 7.072052 -17.677633
v -10.806788 7.072052 -17.752684
v -10.901358 7.072052 -17.800869
v -11.006189 7.072052 -17.817472
v -11.111020 7.072052 -17.800869
v -11.205589 7.072052 -17.752684
v -11.280640 7.072052 -17.677633
v -11.328826 7.072052 -17.583063
v -11.345429 7.072052 -17.478234
v -11.328826 7.072052 -17.373402
v -11.280640 7.072052 -17.278833
v -11.205589 7.072052 -17.203782
v -11.111020 7.072052 -17.155597
v -11.006189 7.072052 -17.138993
v -10.901358 7.072052 -17.155597
v -10.806788 7.072052 -17.203782
v -10.731738 7.072052 -17.278833
v -10.683552 7.072052 -17.373402
v -10.666949 7.072052 -17.478234
v -10.683552 7.087461 -17.583063
v -10.731738 7.087461 -17.677633
v -10.806788 7.087461 -17.752684
v -10.901358 7.087461 -17.800869
v -11.006189 7.087461 -17.817472
v -11.111020 7.087461 -17.800869
v -11.205589 7.087461 -17.752684
v -11.280640 7.087461 -17.677633
v -11.328826 7.087461 -17.583063
v -11.345429 7.087461 -17.478234
v -11.328826 7.087461 -17.373402
v -11.280640 7.087461 -17.278833
v -11.205589 7.087461 -17.203782
v -11.111020 7.087461 -17.155597
v -11.006189 7.087461 -17.138993
v -10.901358 7.087461 -17.155597
v -10.806788 7.087461 -17.203782
v -10.731738 7.087461 -17.278833
v -10.683552 7.087461 -17.373402
v -10.666949 7.087461 -17.478234
v -11.006189 7.087461 -17.478234
vt 0.973806 0.219018
vt 0.973806 0.229736
vt 0.102392 0.057203
vt 0.104645 0.050274
vt 0.973806 0.236673
vt 0.098108 0.063097
vt 0.973806 0.240451
vt 0.092213 0.067379
vt 0.973806 0.242352
vt 0.085282 0.069629
vt 0.973806 0.244047
vt 0.077996 0.069628
vt 0.973806 0.246301
vt 0.071067 0.067375
vt 0.973806 0.248956
vt 0.065173 0.063091
vt 0.973806 0.107719
vt 0.060891 0.057196
vt 0.973806 0.117916
vt 0.058641 0.050266
vt 0.973806 0.127562
vt 0.058642 0.042980
vt 0.973806 0.136319
vt 0.060895 0.036050
vt 0.973806 0.144067
vt 0.065179 0.030156
vt 0.973806 0.150940
vt 0.071074 0.025875
vt 0.973806 0.157760
vt 0.078005 0.023624
vt 0.973806 0.165262
vt 0.085291 0.023626
vt 0.973806 0.173974
vt 0.092220 0.025879
vt 0.973806 0.183791
vt 0.098114 0.030162
vt 0.973806 0.194609
vt 0.102396 0.036058
vt 0.973806 0.206360
vt 0.104646 0.042988
vt 0.081643 0.046627
vt 0.972840 0.219018
vt 0.972840 0.206360
vt 0.972840 0.194609
vt 0.972840 0.183791
vt 0.972840 0.173974
vt 0.972840 0.165262
vt 0.972840 0.157760
vt 0.972840 0.150940
vt 0.972840 0.144067
vt 0.972840 0.136319
vt 0.972840 0.127562
vt 0.972840 0.117916
vt 0.972840 0.107719
vt 0.972840 0.097294
vt 0.972840 0.246301
vt 0.972840 0.244047
vt 0.972840 0.242352
vt 0.972840 0.240451
vt 0.972840 0.236673
vt 0.972840 0.229736
vt 0.973806 0.097294
vt 0.972840 0.248956
vn 0.951056 0.000000 -0.309017
vn 0.809019 0.000000 -0.587783
vn 0.081246 0.994945 -0.059028
vn 0.095511 0.994945 -0.031033
vn 0.587784 0.000000 -0.809018
vn 0.059029 0.994944 -0.081248
vn 0.309011 0.000000 -0.951058
vn 0.031033 0.994945 -0.095511
vn 0.000000 0.000000 -1.000000
vn 0.000000 0.994945 -0.100425
vn -0.309011 0.000000 -0.951058
vn -0.031032 0.994945 -0.095510
vn -0.587784 0.000000 -0.809018
vn -0.059029 0.994944 -0.081247
vn -0.809019 0.000000 -0.587783
vn -0.081247 0.994944 -0.059029
vn -0.951056 0.000000 -0.309017
vn -0.095511 0.994945 -0.031033
vn -1.000000 0.000000 0.000000
vn -0.100425 0.994945 0.000000
vn -0.951057 0.000000 0.309016
vn -0.095510 0.994945 0.031032
vn -0.809017 0.000000 0.587785
vn -0.081246 0.994945 0.059028
vn -0.587786 0.000000 0.809016
vn -0.059028 0.994945 0.081246
vn -0.309015 0.000000 0.951057
vn -0.031032 0.994945 0.095509
vn 0.000000 0.000000 1.000000
vn 0.000000 0.994945 0.100426
vn 0.309015 0.000000 0.951057
vn 0.031033 0.994945 0.095511
vn 0.587786 0.000000 0.809016
vn 0.059028 0.994945 0.081246
vn 0.809017 0.000000 0.587785
vn 0.081246 0.994945 0.059028
vn 0.951057 0.000000 0.309016
vn 0.095511 0.994945 0.031033
vn 1.000000 0.000000 0.000000
vn 0.100425 0.994945 0.000000
vn 0.000000 1.000000 0.000000
s 1
g Recepcion2 group2 Objetos_Recepcion group3 pCylinder10
usemtl lambert7SG
f 2294/3986/3360 2295/3987/3361 2315/4046/3362 2314/4027/3363
f 2295/3987/3361 2296/3990/3364 2316/4045/3365 2315/4046/3362
f 2296/3990/3364 2297/3992/3366 2317/4044/3367 2316/4045/3365
f 2297/3992/3366 2298/3994/3368 2318/4043/3369 2317/4044/3367
f 2298/3994/3368 2299/3996/3370 2319/4042/3371 2318/4043/3369
f 2299/3996/3370 2300/3998/3372 2320/4041/3373 2319/4042/3371
f 2300/3998/3372 2301/4000/3374 2321/4048/3375 2320/4041/3373
f 2301/4047/3374 2302/4002/3376 2322/4039/3377 2321/4040/3375
f 2302/4002/3376 2303/4004/3378 2323/4038/3379 2322/4039/3377
f 2303/4004/3378 2304/4006/3380 2324/4037/3381 2323/4038/3379
f 2304/4006/3380 2305/4008/3382 2325/4036/3383 2324/4037/3381
f 2305/4008/3382 2306/4010/3384 2326/4035/3385 2325/4036/3383
f 2306/4010/3384 2307/4012/3386 2327/4034/3387 2326/4035/3385
f 2307/4012/3386 2308/4014/3388 2328/4033/3389 2327/4034/3387
f 2308/4014/3388 2309/4016/3390 2329/4032/3391 2328/4033/3389
f 2309/4016/3390 2310/4018/3392 2330/4031/3393 2329/4032/3391
f 2310/4018/3392 2311/4020/3394 2331/4030/3395 2330/4031/3393
f 2311/4020/3394 2312/4022/3396 2332/4029/3397 2331/4030/3395
f 2312/4022/3396 2313/4024/3398 2333/4028/3399 2332/4029/3397
f 2313/4024/3398 2294/3986/3360 2314/4027/3363 2333/4028/3399
f 2314/3989/3363 2315/3988/3362 2334/4026/3400
f 2315/3988/3362 2316/3991/3365 2334/4026/3400
f 2316/3991/3365 2317/3993/3367 2334/4026/3400
f 2317/3993/3367 2318/3995/3369 2334/4026/3400
f 2318/3995/3369 2319/3997/3371 2334/4026/3400
f 2319/3997/3371 2320/3999/3373 2334/4026/3400
f 2320/3999/3373 2321/4001/3375 2334/4026/3400
f 2321/4001/3375 2322/4003/3377 2334/4026/3400
f 2322/4003/3377 2323/4005/3379 2334/4026/3400
f 2323/4005/3379 2324/4007/3381 2334/4026/3400
f 2324/4007/3381 2325/4009/3383 2334/4026/3400
f 2325/4009/3383 2326/4011/3385 2334/4026/3400
f 2326/4011/3385 2327/4013/3387 2334/4026/3400
f 2327/4013/3387 2328/4015/3389 2334/4026/3400
f 2328/4015/3389 2329/4017/3391 2334/4026/3400
f 2329/4017/3391 2330/4019/3393 2334/4026/3400
f 2330/4019/3393 2331/4021/3395 2334/4026/3400
f 2331/4021/3395 2332/4023/3397 2334/4026/3400
f 2332/4023/3397 2333/4025/3399 2334/4026/3400
f 2333/4025/3399 2314/3989/3363 2334/4026/3400
g default
v -11.352229 8.371487 -17.494974
v -10.680671 8.371487 -17.494974
v -11.352229 8.387941 -17.494974
v -10.680671 8.387941 -17.494974
v -11.352229 8.407497 -17.986665
v -10.680671 8.407497 -17.986665
v -11.352229 8.371487 -17.986665
v -10.680671 8.371487 -17.986665
vt 0.769689 0.075489
vt 0.769685 0.029314
vt 0.770768 0.029315
vt 0.770808 0.075752
vt 0.804826 0.029513
vt 0.804245 0.076266
vt 0.804749 0.027133
vt 0.806632 0.076292
vt 0.804033 0.078655
vt 0.807208 0.029533
vt 0.769726 0.075753
vt 0.770730 0.028230
vn -0.759429 0.000000 0.650590
vn 0.759429 0.000000 0.650590
vn 0.039862 0.996536 0.072983
vn -0.039862 0.996536 0.072983
vn 0.038072 0.998716 -0.033420
vn -0.038072 0.998716 -0.033420
vn 0.470599 0.000000 -0.882347
vn -0.470599 0.000000 -0.882347
s 1
g Recepcion2 group2 Objetos_Recepcion group3 Revista
usemtl lambert7SG
f 2335/4059/3401 2336/4050/3402 2338/4051/3403 2337/4052/3404
f 2337/4052/3404 2338/4051/3403 2340/4053/3405 2339/4054/3406
f 2339/4054/3406 2340/4053/3405 2342/4058/3407 2341/4056/3408
f 2336/4060/3402 2342/4055/3407 2340/4053/3405 2338/4051/3403
f 2341/4057/3408 2335/4049/3401 2337/4052/3404 2339/4054/3406
g default
v -13.094646 10.367138 -18.225614
v -13.093895 11.389953 -18.204084
v -13.700322 10.367138 -18.204483
v -13.699570 11.389953 -18.182952
vt 0.907625 0.010552
vt 0.907622 0.077301
vt 0.859542 0.077299
vt 0.859545 0.010550
vn 0.034860 -0.021059 0.999170
vn 0.034860 -0.021059 0.999170
vn 0.034860 -0.021059 0.999170
vn 0.034860 -0.021059 0.999170
s off
g Recepcion2 group2 Objetos_Recepcion pPlane2 group4
usemtl lambert7SG
f 2343/4061/3409 2344/4062/3410 2346/4063/3411 2345/4064/3412
g default
v -12.813346 10.312302 -18.236741
v -12.812514 11.444789 -18.212902
v -13.990666 10.312302 -18.195665
v -13.989834 11.444789 -18.171826
vt 0.703284 0.850162
vt 0.777190 0.850175
vt 0.777174 0.943634
vt 0.703268 0.943621
vn 0.034860 -0.021059 0.999170
vn 0.034860 -0.021059 0.999170
vn 0.034860 -0.021059 0.999170
vn 0.034860 -0.021059 0.999170
s off
g Recepcion2 group2 Objetos_Recepcion group4 pPlane1
usemtl lambert7SG
f 2347/4065/3413 2348/4066/3414 2350/4067/3415 2349/4068/3416
g default
v -12.747547 10.253428 -18.213348
v -12.749165 10.254510 -18.259740
v -12.746623 11.510656 -18.186882
v -12.748242 11.511738 -18.233275
v -14.021744 11.510656 -18.142395
v -14.023363 11.511738 -18.188787
v -14.022667 10.253428 -18.168860
v -14.024286 10.254510 -18.215253
v -12.815740 11.439050 -18.185980
v -13.952733 11.439050 -18.146311
v -12.816558 10.325033 -18.209431
v -13.953551 10.325033 -18.169762
v -12.817564 11.440270 -18.238274
v -12.818382 10.326253 -18.261725
v -13.954557 11.440270 -18.198605
v -13.955375 10.326253 -18.222056
vt 0.611523 0.950875
vt 0.633998 0.109139
vt 0.633998 0.227105
vt 0.630992 0.227105
vt 0.693592 0.849769
vt 0.630992 0.001914
vt 0.765435 0.003110
vt 0.765435 0.243288
vt 0.633998 0.312415
vt 0.633998 0.390623
vt 0.765435 0.170906
vt 0.765435 0.079596
vt 0.761871 0.079596
vt 0.761871 0.003110
vt 0.761871 0.243288
vt 0.761871 0.170906
vt 0.633998 0.001914
vt 0.630992 0.390623
vt 0.761871 0.331686
vt 0.688897 0.945395
vt 0.630992 0.109139
vt 0.693565 0.950875
vt 0.611458 0.849598
vt 0.630992 0.312415
vt 0.688916 0.855245
vt 0.616132 0.855087
vt 0.616197 0.945394
vt 0.765435 0.331686
vn 0.518483 0.485773 0.703705
vn 0.702104 0.712031 -0.007882
vn -0.700946 0.712031 0.041069
vn -0.468178 0.485773 0.738129
vn -0.469747 -0.516499 0.715937
vn 0.518501 -0.516499 0.681458
vn -0.185585 0.203543 0.961316
vn 0.252131 0.203542 0.946045
vn -0.702104 -0.712031 0.007882
vn 0.700946 -0.712031 -0.041069
vn 0.252007 -0.243755 0.936523
vn -0.186126 -0.243755 0.951809
vn -0.699865 -0.714233 0.007752
vn -0.698703 0.714233 0.041043
vn 0.699865 0.714233 -0.007752
vn 0.698703 -0.714233 -0.041043
s 1
g Recepcion2 group2 Objetos_Recepcion group4 pCube24
usemtl lambert7SG
f 2353/4089/3417 2354/4070/3418 2356/4071/3419 2355/4072/3420
f 2357/4073/3421 2351/4090/3422 2361/4088/3423 2362/4093/3424
f 2357/4092/3421 2358/4077/3425 2352/4078/3426 2351/4086/3422
f 2360/4094/3427 2359/4095/3428 2353/4069/3417 2355/4091/3420
f 2351/4074/3422 2352/4085/3426 2354/4070/3418 2353/4089/3417
f 2361/4088/3423 2351/4090/3422 2353/4069/3417 2359/4095/3428
f 2357/4073/3421 2362/4093/3424 2360/4094/3427 2355/4091/3420
f 2355/4072/3420 2356/4071/3419 2358/4077/3425 2357/4092/3421
f 2361/4075/3423 2359/4080/3428 2363/4081/3429 2364/4082/3430
f 2360/4079/3427 2362/4076/3424 2366/4083/3431 2365/4084/3432
f 2359/4080/3428 2360/4079/3427 2365/4084/3432 2363/4081/3429
f 2362/4076/3424 2361/4096/3423 2364/4087/3430 2366/4083/3431
g default
v -13.153626 7.881313 -17.224980
v -13.154046 7.873613 -17.229184
v -13.153900 7.864856 -17.227725
v -13.153257 7.859141 -17.221284
v -13.152418 7.859141 -17.212876
v -13.151775 7.864856 -17.206433
v -13.151629 7.873613 -17.204972
v -13.152049 7.881313 -17.209177
v -13.152837 7.884354 -17.217080
v -13.167078 7.881313 -17.223639
v -13.167497 7.873613 -17.227844
v -13.167351 7.864856 -17.226382
v -13.166709 7.859141 -17.219941
v -13.165870 7.859141 -17.211532
v -13.165227 7.864856 -17.205092
v -13.165082 7.873613 -17.203632
v -13.165501 7.881313 -17.207836
v -13.166290 7.884354 -17.215737
v -13.166290 7.871355 -17.215737
vt 0.813588 0.065882
vt 0.813589 0.066462
vt 0.265703 0.022550
vt 0.265901 0.023095
vt 0.813589 0.067042
vt 0.265901 0.022005
vt 0.813589 0.067623
vt 0.266404 0.021715
vt 0.813588 0.062982
vt 0.266975 0.021816
vt 0.813588 0.063562
vt 0.267348 0.022260
vt 0.813588 0.064142
vt 0.267348 0.022841
vt 0.813588 0.064722
vt 0.266975 0.023285
vt 0.813588 0.065302
vt 0.266403 0.023385
vt 0.266551 0.022550
vt 0.812660 0.065882
vt 0.812660 0.065302
vt 0.812660 0.064722
vt 0.812660 0.064142
vt 0.812660 0.063562
vt 0.812660 0.062982
vt 0.812660 0.062402
vt 0.812661 0.067043
vt 0.812660 0.066462
vt 0.813588 0.062401
vt 0.812661 0.067623
vn -0.065648 0.749652 -0.658569
vn -0.097853 0.165304 -0.981376
vn -0.425819 0.155721 -0.891308
vn -0.403648 0.703974 -0.584371
vn -0.087052 -0.481063 -0.872353
vn -0.418792 -0.452660 -0.787218
vn -0.035532 -0.933853 -0.355888
vn -0.379918 -0.875356 -0.299023
vn 0.035509 -0.933875 0.355833
vn -0.313286 -0.875391 0.368160
vn 0.086977 -0.481083 0.872350
vn -0.254958 -0.452693 0.854438
vn 0.097793 0.165274 0.981387
vn -0.241478 0.155717 0.957831
vn 0.065640 0.749656 0.658565
vn -0.280264 0.704018 0.652542
vn -0.000005 1.000000 -0.000015
vn -0.348521 0.936656 0.034757
vn -0.995062 0.000000 0.099259
s 1
g Recepcion2 group2 Objetos_Recepcion pCylinder6 group5
usemtl lambert7SG
f 2367/4097/3433 2368/4098/3434 2377/4124/3435 2376/4116/3436
f 2368/4098/3434 2369/4101/3437 2378/4123/3438 2377/4124/3435
f 2369/4101/3437 2370/4103/3439 2379/4126/3440 2378/4123/3438
f 2370/4125/3439 2371/4105/3441 2380/4121/3442 2379/4122/3440
f 2371/4105/3441 2372/4107/3443 2381/4120/3444 2380/4121/3442
f 2372/4107/3443 2373/4109/3445 2382/4119/3446 2381/4120/3444
f 2373/4109/3445 2374/4111/3447 2383/4118/3448 2382/4119/3446
f 2374/4111/3447 2375/4113/3449 2384/4117/3450 2383/4118/3448
f 2375/4113/3449 2367/4097/3433 2376/4116/3436 2384/4117/3450
f 2376/4100/3436 2377/4099/3435 2385/4115/3451
f 2377/4099/3435 2378/4102/3438 2385/4115/3451
f 2378/4102/3438 2379/4104/3440 2385/4115/3451
f 2379/4104/3440 2380/4106/3442 2385/4115/3451
f 2380/4106/3442 2381/4108/3444 2385/4115/3451
f 2381/4108/3444 2382/4110/3446 2385/4115/3451
f 2382/4110/3446 2383/4112/3448 2385/4115/3451
f 2383/4112/3448 2384/4114/3450 2385/4115/3451
f 2384/4114/3450 2376/4100/3436 2385/4115/3451
g default
v -13.270303 7.058882 -17.354397
v -13.283265 7.062742 -17.360895
v -13.297590 7.065270 -17.357333
v -13.306576 7.065282 -17.345379
v -13.306019 7.062773 -17.330624
v -13.296179 7.058917 -17.319975
v -13.281659 7.055519 -17.318411
v -13.269256 7.054167 -17.326668
v -13.264771 7.055496 -17.340878
v -13.071985 8.074549 -17.205471
v -13.084565 8.078295 -17.211778
v -13.098469 8.080748 -17.208321
v -13.107192 8.080760 -17.196719
v -13.106651 8.078325 -17.182398
v -13.097100 8.074583 -17.172062
v -13.083008 8.071284 -17.170546
v -13.070969 8.069973 -17.178559
v -13.066616 8.071262 -17.192353
v -13.158582 7.558186 -17.243769
v -13.179474 7.560461 -17.229861
v -13.203928 7.566186 -17.232492
v -13.220502 7.572680 -17.250431
v -13.221441 7.576906 -17.275279
v -13.206305 7.576885 -17.295416
v -13.182177 7.572628 -17.301414
v -13.160346 7.566127 -17.290470
v -13.151028 7.560423 -17.267703
vt 0.274297 0.048848
vt 0.275659 0.048848
vt 0.275659 0.083370
vt 0.274297 0.083370
vt 0.277019 0.048848
vt 0.277019 0.083370
vt 0.278370 0.048848
vt 0.278370 0.083370
vt 0.279739 0.048848
vt 0.279739 0.083370
vt 0.281101 0.048848
vt 0.281101 0.083370
vt 0.282467 0.048848
vt 0.282467 0.083370
vt 0.283836 0.048848
vt 0.271563 0.083370
vt 0.272932 0.048848
vt 0.272932 0.083370
vt 0.271563 0.117633
vt 0.282467 0.117633
vt 0.281101 0.117633
vt 0.279739 0.117633
vt 0.278370 0.117633
vt 0.277019 0.117633
vt 0.275659 0.117633
vt 0.274297 0.117633
vt 0.272932 0.117633
vt 0.283836 0.117633
vt 0.283836 0.083370
vt 0.271563 0.048848
vn 0.720174 -0.069111 -0.690342
vn 0.127484 0.089957 -0.987753
vn 0.133407 0.118207 -0.983987
vn 0.726234 -0.041355 -0.686203
vn -0.528701 0.194334 -0.826263
vn -0.523253 0.223116 -0.822451
vn -0.940464 0.194674 -0.278621
vn -0.935298 0.223620 -0.274248
vn -0.913447 0.090805 0.396698
vn -0.908033 0.119484 0.401496
vn -0.463170 -0.068167 0.883644
vn -0.457416 -0.039888 0.888358
vn 0.201305 -0.208573 0.957065
vn 0.207088 -0.180635 0.961502
vn 0.770761 -0.264566 0.579596
vn 0.776439 -0.236872 0.583981
vn 0.975193 -0.209186 -0.072384
vn 0.981021 -0.181601 -0.067969
vn 0.781677 -0.208703 0.587728
vn 0.213249 -0.152332 0.965049
vn -0.450734 -0.011382 0.892586
vn -0.901626 0.148344 0.406281
vn -0.929204 0.252743 -0.269630
vn -0.516934 0.252037 -0.818081
vn 0.139837 0.146583 -0.979265
vn 0.732052 -0.013356 -0.681118
vn 0.986102 -0.153600 -0.063317
s 1
g Recepcion2 group2 Objetos_Recepcion group5 pCylinder4
usemtl lambert7SG
f 2386/4127/3452 2387/4128/3453 2410/4129/3454 2411/4130/3455
f 2387/4128/3453 2388/4131/3456 2409/4132/3457 2410/4129/3454
f 2388/4131/3456 2389/4133/3458 2408/4134/3459 2409/4132/3457
f 2389/4133/3458 2390/4135/3460 2407/4136/3461 2408/4134/3459
f 2390/4135/3460 2391/4137/3462 2406/4138/3463 2407/4136/3461
f 2391/4137/3462 2392/4139/3464 2405/4140/3465 2406/4138/3463
f 2392/4139/3464 2393/4141/3466 2404/4155/3467 2405/4140/3465
f 2393/4156/3466 2394/4143/3468 2412/4144/3469 2404/4142/3467
f 2394/4143/3468 2386/4127/3452 2411/4130/3455 2412/4144/3469
f 2405/4140/3465 2404/4155/3467 2402/4154/3470 2401/4146/3471
f 2406/4138/3463 2405/4140/3465 2401/4146/3471 2400/4147/3472
f 2407/4136/3461 2406/4138/3463 2400/4147/3472 2399/4148/3473
f 2408/4134/3459 2407/4136/3461 2399/4148/3473 2398/4149/3474
f 2409/4132/3457 2408/4134/3459 2398/4149/3474 2397/4150/3475
f 2410/4129/3454 2409/4132/3457 2397/4150/3475 2396/4151/3476
f 2411/4130/3455 2410/4129/3454 2396/4151/3476 2395/4152/3477
f 2412/4144/3469 2411/4130/3455 2395/4152/3477 2403/4153/3478
f 2404/4142/3467 2412/4144/3469 2403/4153/3478 2402/4145/3470
g default
v -13.082163 7.857300 -16.761924
v -13.085448 7.854776 -16.761595
v -13.089508 7.854776 -16.761190
v -13.092794 7.857300 -16.760863
v -13.094048 7.861384 -16.760738
v -13.092794 7.865467 -16.760863
v -13.089508 7.867991 -16.761190
v -13.085448 7.867991 -16.761595
v -13.082163 7.865467 -16.761924
v -13.080909 7.861384 -16.762048
v -13.125646 7.857300 -17.197769
v -13.128930 7.854776 -17.197441
v -13.132991 7.854776 -17.197035
v -13.136276 7.857300 -17.196708
v -13.137531 7.861384 -17.196583
v -13.136276 7.865467 -17.196708
v -13.132991 7.867991 -17.197035
v -13.128930 7.867991 -17.197441
v -13.125646 7.865467 -17.197769
v -13.124391 7.861384 -17.197895
vt 0.230826 0.038628
vt 0.231107 0.038628
vt 0.231101 0.068697
vt 0.230821 0.068697
vt 0.231387 0.038628
vt 0.231382 0.068697
vt 0.231667 0.038628
vt 0.231662 0.068697
vt 0.231947 0.038628
vt 0.231942 0.068697
vt 0.232227 0.038628
vt 0.232222 0.068697
vt 0.232507 0.038628
vt 0.232502 0.068697
vt 0.232787 0.038628
vt 0.232782 0.068697
vt 0.233067 0.038628
vt 0.233062 0.068697
vt 0.233348 0.038628
vt 0.230541 0.068697
vt 0.230546 0.038628
vt 0.233343 0.068697
vn 0.818847 -0.568170 -0.081692
vn 0.321860 -0.946243 -0.032111
vn 0.321916 -0.946223 -0.032116
vn 0.818863 -0.568146 -0.081694
vn -0.321828 -0.946253 0.032108
vn -0.321870 -0.946239 0.032112
vn -0.818796 -0.568243 0.081688
vn -0.818818 -0.568211 0.081690
vn -0.995060 0.000001 0.099274
vn -0.995060 0.000001 0.099274
vn -0.818794 0.568245 0.081689
vn -0.818817 0.568213 0.081691
vn -0.321825 0.946254 0.032107
vn -0.321867 0.946240 0.032111
vn 0.321861 0.946242 -0.032109
vn 0.321918 0.946223 -0.032115
vn 0.818845 0.568172 -0.081693
vn 0.818861 0.568148 -0.081694
vn 0.995060 -0.000001 -0.099274
vn 0.995060 -0.000001 -0.099274
s 1
g Recepcion2 group2 Objetos_Recepcion group5 pCylinder5
usemtl lambert7SG
f 2413/4157/3479 2414/4158/3480 2424/4159/3481 2423/4160/3482
f 2414/4158/3480 2415/4161/3483 2425/4162/3484 2424/4159/3481
f 2415/4161/3483 2416/4163/3485 2426/4164/3486 2425/4162/3484
f 2416/4163/3485 2417/4165/3487 2427/4166/3488 2426/4164/3486
f 2417/4165/3487 2418/4167/3489 2428/4168/3490 2427/4166/3488
f 2418/4167/3489 2419/4169/3491 2429/4170/3492 2428/4168/3490
f 2419/4169/3491 2420/4171/3493 2430/4172/3494 2429/4170/3492
f 2420/4171/3493 2421/4173/3495 2431/4174/3496 2430/4172/3494
f 2421/4173/3495 2422/4175/3497 2432/4178/3498 2431/4174/3496
f 2422/4177/3497 2413/4157/3479 2423/4160/3482 2432/4176/3498
g default
v -13.119908 8.233342 -16.644908
v -12.189046 8.233342 -16.737777
v -13.119908 8.279730 -16.644908
v -12.189046 8.279730 -16.737777
v -13.212399 9.010490 -17.571982
v -12.281536 9.010490 -17.664850
v -13.216326 8.997819 -17.611347
v -12.285463 8.997819 -17.704217
v -13.180424 8.280000 -17.251487
v -13.182317 8.233612 -17.270456
v -12.251452 8.233612 -17.363325
v -12.249561 8.280000 -17.344353
v -12.722513 8.103413 -17.373303
v -12.651509 8.135400 -16.661598
v -12.651509 8.181787 -16.661598
v -12.720620 8.149801 -17.354332
v -12.762487 9.219868 -17.773979
v -12.766414 9.207197 -17.813346
v -12.885103 8.207373 -16.647179
v -12.950559 8.193032 -17.303280
v -12.991986 9.190103 -17.718528
v -12.995914 9.177432 -17.757895
v -12.952451 8.146644 -17.322249
v -12.885103 8.160985 -16.647179
v -12.419671 8.207373 -16.693615
v -12.485128 8.193032 -17.349714
v -12.526554 9.190103 -17.764963
v -12.530482 9.177432 -17.804329
v -12.487021 8.146644 -17.368684
v -12.419671 8.160985 -16.693615
v -12.271749 8.653296 -17.566759
v -12.513057 8.691567 -17.629662
v -12.748988 8.684834 -17.638679
v -12.978488 8.691567 -17.583228
v -13.202612 8.653296 -17.473891
v -13.205523 8.623767 -17.503058
v -12.981398 8.662038 -17.612397
v -12.751899 8.655305 -17.667848
v -12.515968 8.662038 -17.658832
v -12.274660 8.623767 -17.595927
v -12.453444 8.160168 -17.032137
v -12.688936 8.125760 -17.036754
v -12.918876 8.160168 -16.985703
v -13.150166 8.239831 -16.948198
v -13.151112 8.193443 -16.957681
v -12.919821 8.113780 -16.995187
v -12.689884 8.079372 -17.046239
v -12.454390 8.113780 -17.041621
v -12.220249 8.193443 -17.050550
v -12.219303 8.239831 -17.041066
v -13.102830 9.100296 -17.651644
v -13.106757 9.087626 -17.691010
v -13.094097 8.642903 -17.564117
v -13.067384 8.177981 -17.296353
v -13.035467 8.141465 -16.976434
v -13.003550 8.185871 -16.656515
v -13.003550 8.232259 -16.656515
v -13.034521 8.187853 -16.966950
v -13.065491 8.224369 -17.277384
v -13.091188 8.672431 -17.534948
v -12.404683 9.100296 -17.721295
v -12.408610 9.087626 -17.760661
v -12.395950 8.642903 -17.633768
v -12.369236 8.198179 -17.366004
v -12.337320 8.145561 -17.046087
v -12.305403 8.183891 -16.726167
v -12.305403 8.232259 -16.726167
v -12.336374 8.198192 -17.036602
v -12.367344 8.234708 -17.347034
v -12.393040 8.672431 -17.604600
v -12.264605 8.459255 -17.495146
v -12.384967 8.443055 -17.523685
v -12.504057 8.426855 -17.539446
v -12.739988 8.401873 -17.548462
v -12.969488 8.426855 -17.493012
v -13.083115 8.443055 -17.454033
v -13.195468 8.459255 -17.402278
v -13.197869 8.421296 -17.426347
v -13.085516 8.405097 -17.478103
v -12.971889 8.388897 -17.517082
v -12.739921 8.363915 -17.547796
v -12.506458 8.388897 -17.563516
v -12.387369 8.405097 -17.547753
v -12.267006 8.421296 -17.519216
v -12.235851 8.213527 -17.206937
v -12.353278 8.163819 -17.206045
v -12.470706 8.130212 -17.205153
v -12.706198 8.091393 -17.209770
v -12.936136 8.130212 -17.158717
v -13.051425 8.159723 -17.136393
v -13.166715 8.213527 -17.114068
v -13.165295 8.259915 -17.099842
v -13.050006 8.206111 -17.122167
v -12.934718 8.176600 -17.144491
v -12.704778 8.137780 -17.195543
v -12.469286 8.176600 -17.190926
v -12.351858 8.216450 -17.191817
v -12.234432 8.259915 -17.192711
v -12.204174 8.245088 -16.889421
v -12.320888 8.207960 -16.881385
v -12.437603 8.172093 -16.873348
v -12.673095 8.142097 -16.877966
v -12.903034 8.172093 -16.826914
v -13.019035 8.207960 -16.811732
v -13.135037 8.245088 -16.796553
v -13.135510 8.198700 -16.801294
v -13.019509 8.158874 -16.816476
v -12.903508 8.137383 -16.831656
v -12.673568 8.107386 -16.882708
v -12.438076 8.137383 -16.878090
v -12.321362 8.167336 -16.886126
v -12.204647 8.198700 -16.894164
v -12.277111 8.831893 -17.620507
v -12.399331 8.886364 -17.667649
v -12.520276 8.940835 -17.702014
v -12.756207 8.952351 -17.711033
v -12.985707 8.940835 -17.655581
v -13.097478 8.886364 -17.597998
v -13.207974 8.831893 -17.527639
v -13.211393 8.810793 -17.561907
v -13.100897 8.865264 -17.632267
v -12.987096 8.919735 -17.669513
v -12.759626 8.931252 -17.745299
v -12.523695 8.919735 -17.736283
v -12.402750 8.865264 -17.701916
v -12.280530 8.810793 -17.654775
vt 0.623178 0.116387
vt 0.902053 0.710064
vt 0.626128 0.100173
vt 0.517694 0.811929
vt 0.532803 0.827527
vt 0.520579 0.828326
vt 0.626128 0.285138
vt 0.537335 0.942533
vt 0.897900 0.845137
vt 0.908021 0.836882
vt 0.623178 0.137738
vt 0.901138 0.726378
vt 0.623178 0.003778
vt 0.827985 0.727443
vt 0.626128 0.448242
vt 0.607711 0.814610
vt 0.623178 0.224820
vt 0.907041 0.769604
vt 0.626128 0.197986
vt 0.527834 0.889080
vt 0.896945 0.790083
vt 0.896637 0.767778
vt 0.602121 0.868925
vt 0.832384 0.769048
vt 0.832213 0.788677
vt 0.626128 0.388316
vt 0.537893 0.868192
vt 0.537878 0.889794
vt 0.869536 0.728464
vt 0.849180 0.726752
vt 0.848138 0.710331
vt 0.623178 0.059000
vt 0.565143 0.810445
vt 0.626128 0.031900
vt 0.564698 0.829764
vt 0.584912 0.827957
vt 0.565199 0.889575
vt 0.564861 0.867221
vt 0.582302 0.867009
vt 0.583052 0.889306
vt 0.869064 0.855816
vt 0.566361 0.952931
vt 0.585271 0.949671
vt 0.850078 0.852705
vt 0.869749 0.767024
vt 0.869598 0.789175
vt 0.851684 0.790043
vt 0.852357 0.766998
vt 0.543949 0.810448
vt 0.544137 0.827441
vt 0.547311 0.889926
vt 0.547286 0.867477
vt 0.888099 0.853035
vt 0.547256 0.950294
vt 0.887252 0.767188
vt 0.887506 0.790330
vt 0.623178 0.086131
vt 0.890207 0.726063
vt 0.595495 0.828103
vt 0.626128 0.018163
vt 0.591890 0.867758
vt 0.592467 0.888825
vt 0.594909 0.941632
vt 0.840376 0.844681
vt 0.842245 0.789658
vt 0.842508 0.768214
vt 0.838672 0.727030
vt 0.837598 0.712739
vt 0.584759 0.929845
vt 0.584086 0.910101
vt 0.593598 0.907300
vt 0.594324 0.924475
vt 0.565947 0.931853
vt 0.565568 0.911017
vt 0.547087 0.930538
vt 0.547041 0.910757
vt 0.626128 0.250017
vt 0.537446 0.908319
vt 0.537356 0.925532
vt 0.527255 0.920044
vt 0.623178 0.268382
vt 0.907599 0.806351
vt 0.897809 0.827331
vt 0.897590 0.809392
vt 0.869424 0.812390
vt 0.888010 0.811925
vt 0.888380 0.832007
vt 0.869251 0.834017
vt 0.850848 0.811644
vt 0.850400 0.832175
vt 0.841307 0.808956
vt 0.840790 0.826890
vt 0.603550 0.903973
vt 0.623178 0.374685
vt 0.830843 0.821167
vt 0.626128 0.363674
vt 0.564722 0.855679
vt 0.583373 0.854546
vt 0.545886 0.854915
vt 0.626128 0.178825
vt 0.535825 0.855514
vt 0.909645 0.755826
vt 0.898552 0.754700
vt 0.869758 0.755206
vt 0.888537 0.754282
vt 0.851105 0.754272
vt 0.841151 0.754655
vt 0.604132 0.855573
vt 0.623178 0.418126
vt 0.593480 0.854915
vt 0.604845 0.933065
vt 0.623178 0.353323
vt 0.623178 0.432675
vt 0.840134 0.741011
vt 0.850303 0.740813
vt 0.869706 0.742315
vt 0.889335 0.740586
vt 0.899750 0.740816
vt 0.911254 0.741470
vt 0.626128 0.158139
vt 0.534424 0.841925
vt 0.544925 0.841539
vt 0.564627 0.843074
vt 0.584048 0.841439
vt 0.594388 0.841604
vt 0.605156 0.841990
vt 0.626128 0.344486
vt 0.626128 0.298005
vt 0.626128 0.308215
vt 0.626128 0.336100
vt 0.626128 0.322453
vt 0.623178 0.344486
vt 0.623178 0.308215
vt 0.623178 0.298005
vt 0.623178 0.336100
vt 0.623178 0.322453
vt 0.830411 0.836257
vt 0.623178 0.363674
vt 0.829220 0.741432
vt 0.623178 0.448242
vt 0.830354 0.755397
vt 0.831356 0.805759
vt 0.623178 0.388316
vt 0.623178 0.405533
vt 0.626128 0.353323
vt 0.604211 0.918663
vt 0.606272 0.828402
vt 0.626128 0.432675
vt 0.626128 0.418126
vt 0.602492 0.887706
vt 0.626128 0.374685
vt 0.626128 0.405533
vt 0.527130 0.934413
vt 0.626128 0.268382
vt 0.522761 0.842876
vt 0.626128 0.137738
vt 0.524617 0.856936
vt 0.527433 0.905397
vt 0.626128 0.226875
vt 0.527485 0.870232
vt 0.626128 0.466948
vt 0.596582 0.814253
vt 0.626128 0.086131
vt 0.532406 0.811747
vt 0.585959 0.811967
vt 0.626128 0.059000
vt 0.626128 0.116387
vt 0.623178 0.285138
vt 0.907854 0.821780
vt 0.623178 0.158139
vt 0.912908 0.726607
vt 0.623178 0.178825
vt 0.623178 0.248203
vt 0.906989 0.789233
vt 0.623178 0.197986
vt 0.914678 0.710512
vt 0.826334 0.713175
vt 0.623178 0.018163
vt 0.890378 0.708678
vt 0.623178 0.100173
vt 0.623178 0.031900
vt 0.868979 0.708675
vt 0.626128 0.003778
vt 0.623178 0.466948
vn -0.538648 -0.706145 0.459584
vn -0.237785 -0.887275 0.395224
vn 0.286839 0.955492 0.068980
vn 0.006211 0.998706 0.050477
vn 0.285830 0.944853 -0.159854
vn -0.055997 0.989596 -0.132533
vn 0.143234 0.357539 0.922849
vn 0.218027 0.416098 0.882795
vn -0.421560 -0.114793 -0.899505
vn -0.658935 -0.083720 -0.747526
vn -0.575272 -0.800913 0.166134
vn -0.263020 -0.952424 0.153980
vn 0.608995 -0.718196 0.336629
vn 0.575723 -0.816424 0.044661
vn 0.050504 0.990580 -0.127278
vn 0.004395 0.998430 0.055831
vn -0.616270 -0.428774 -0.660578
vn -0.619898 -0.664517 -0.417305
vn 0.053786 0.814636 0.577473
vn 0.119858 0.511798 0.850704
vn -0.379299 -0.476243 -0.793300
vn -0.387982 -0.774633 -0.499413
vn 0.122675 0.823041 0.554576
vn 0.486578 -0.694419 -0.530118
vn 0.458990 -0.441484 -0.770986
vn 0.068503 0.517026 0.853224
vn 0.387624 0.776194 0.497263
vn 0.380016 0.475373 0.793479
vn 0.013909 -0.990137 0.139410
vn 0.165544 -0.979257 0.116835
vn 0.187671 -0.926449 0.326300
vn 0.032183 -0.945995 0.322581
vn 0.006262 0.998010 0.062752
vn -0.124126 0.989170 0.078330
vn -0.013735 0.990382 -0.137676
vn -0.180219 0.976337 -0.119527
vn 0.086916 0.483175 0.871199
vn 0.058971 0.804439 0.591101
vn -0.180956 0.792069 0.582993
vn -0.117302 0.475286 0.871976
vn -0.117580 -0.115012 -0.986381
vn 0.090524 0.410479 0.907366
vn 0.022302 0.401680 0.915509
vn 0.096764 -0.086589 -0.991534
vn -0.060364 -0.793893 -0.605053
vn -0.086665 -0.487742 -0.868675
vn 0.088863 -0.477744 -0.873993
vn 0.167156 -0.786759 -0.594197
vn 0.137324 0.989250 0.050263
vn 0.145733 0.976772 -0.157095
vn 0.283141 0.474512 0.833469
vn 0.279099 0.791710 0.543415
vn -0.299330 -0.122088 -0.946306
vn 0.159009 0.401682 0.901869
vn -0.261795 -0.787162 -0.558426
vn -0.251682 -0.476147 -0.842580
vn -0.112075 -0.925672 0.361344
vn -0.127192 -0.980658 0.148768
vn -0.310892 0.946625 -0.085125
vn -0.266427 0.955051 0.129976
vn -0.285843 0.776404 0.561685
vn -0.218002 0.479164 0.850222
vn -0.039319 0.416096 0.908470
vn 0.303203 -0.084433 -0.949178
vn 0.219442 -0.483402 -0.847448
vn 0.285244 -0.767264 -0.574405
vn 0.287767 -0.953417 0.090482
vn 0.312057 -0.895263 0.318002
vn -0.068527 0.252707 0.965113
vn -0.079730 0.291983 0.953095
vn -0.196253 0.296894 0.934526
vn -0.202769 0.252456 0.946124
vn 0.096027 0.253605 0.962530
vn 0.094908 0.293246 0.951315
vn 0.257849 0.252706 0.932552
vn 0.266457 0.291982 0.918557
vn 0.151746 0.318788 0.935600
vn 0.377016 0.296894 0.877333
vn 0.385695 0.252457 0.887414
vn 0.143406 0.271458 0.951707
vn -0.620073 -0.238290 -0.747481
vn -0.612385 -0.277300 -0.740331
vn -0.340845 -0.260970 -0.903172
vn -0.362184 -0.298992 -0.882851
vn -0.104570 -0.312311 -0.944207
vn -0.251241 -0.297188 -0.921172
vn -0.253677 -0.264881 -0.930315
vn -0.115777 -0.264403 -0.957437
vn 0.062249 -0.314392 -0.947250
vn 0.066312 -0.262755 -0.962581
vn 0.194260 -0.305560 -0.932146
vn 0.197137 -0.263728 -0.944237
vn 0.036089 0.318786 0.947139
vn 0.454047 -0.277301 -0.846726
vn 0.460172 -0.238288 -0.855255
vn 0.047450 0.271458 0.961280
vn 0.008816 0.996050 0.088358
vn -0.216499 0.969468 0.115153
vn 0.208040 0.975365 0.073368
vn 0.068963 0.990744 0.116917
vn 0.350607 0.933528 0.074833
vn -0.660716 -0.750219 -0.025011
vn -0.350175 -0.933939 -0.071666
vn -0.008561 -0.996274 -0.085815
vn -0.207542 -0.975667 -0.070707
vn 0.211071 -0.970045 -0.120254
vn 0.327821 -0.930721 -0.162145
vn 0.042783 0.991891 0.119670
vn 0.609838 -0.773246 -0.173745
vn -0.329799 0.933207 0.142676
vn 0.041915 0.357537 0.932958
vn 0.498254 -0.083720 -0.862980
vn 0.594015 -0.801273 -0.071468
vn 0.307962 -0.950914 -0.030349
vn 0.183269 -0.982948 0.014997
vn 0.002539 -0.999673 0.025449
vn -0.163478 -0.985398 0.047592
vn -0.307361 -0.951276 0.024564
vn -0.618977 -0.784166 0.044166
vn 0.005256 0.999822 0.018127
vn 0.319731 0.947290 -0.020313
vn 0.178922 0.983673 -0.019368
vn 0.000703 0.999975 0.007057
vn -0.199424 0.979634 0.023395
vn -0.317683 0.946352 0.059129
vn 0.066057 0.997396 0.028958
s 1
g Recepcion2 group2 Objetos_Recepcion group5 pCube19
usemtl lambert7SG
f 2433/4179/3499 2488/4358/3500 2489/4181/3501 2435/4345/3502
f 2435/4182/3502 2489/4342/3501 2536/4183/3503 2537/4184/3504
f 2437/4185/3505 2483/4306/3506 2484/4312/3507 2439/4346/3508
f 2538/4349/3509 2539/4190/3510 2488/4180/3500 2433/4354/3499
f 2434/4362/3511 2544/4318/3512 2531/4193/3513 2436/4339/3514
f 2538/4189/3509 2433/4179/3499 2435/4345/3502 2537/4334/3504
f 2510/4195/3515 2442/4353/3516 2441/4197/3517 2509/4337/3518
f 2510/4352/3515 2511/4199/3519 2486/4200/3520 2442/4196/3516
f 2444/4330/3521 2443/4322/3522 2516/4321/3523 2503/4204/3524
f 2441/4338/3517 2491/4205/3525 2508/4206/3526 2509/4198/3518
f 2541/4207/3527 2542/4208/3528 2462/4209/3529 2446/4360/3530
f 2447/4344/3531 2446/4210/3530 2462/4359/3529 2457/4212/3532
f 2534/4213/3533 2447/4211/3531 2457/4343/3532 2533/4214/3534
f 2506/4215/3535 2448/4216/3536 2458/4217/3537 2505/4218/3538
f 2450/4314/3539 2449/4309/3540 2459/4308/3541 2460/4313/3542
f 2445/4223/3543 2513/4224/3544 2514/4225/3545 2461/4226/3546
f 2451/4227/3547 2447/4211/3531 2534/4213/3533 2535/4228/3548
f 2507/4229/3549 2452/4230/3550 2448/4216/3536 2506/4215/3535
f 2454/4311/3551 2453/4307/3552 2449/4309/3540 2450/4314/3539
f 2455/4233/3553 2512/4234/3554 2513/4224/3544 2445/4223/3543
f 2456/4357/3555 2540/4236/3556 2541/4207/3527 2446/4360/3530
f 2451/4341/3547 2456/4235/3555 2446/4210/3530 2447/4344/3531
f 2532/4237/3557 2533/4214/3534 2457/4343/3532 2499/4340/3558
f 2505/4218/3538 2458/4217/3537 2501/4239/3559 2504/4240/3560
f 2460/4313/3542 2459/4308/3541 2493/4305/3561 2494/4310/3562
f 2461/4226/3546 2514/4225/3545 2515/4243/3563 2496/4244/3564
f 2462/4209/3529 2542/4208/3528 2543/4245/3565 2498/4246/3566
f 2457/4212/3532 2462/4359/3529 2498/4356/3566 2499/4238/3558
f 2547/4247/3567 2464/4248/3568 2502/4249/3569 2546/4250/3570
f 2548/4251/3571 2465/4252/3572 2464/4248/3568 2547/4247/3567
f 2549/4253/3573 2466/4254/3574 2465/4252/3572 2548/4251/3571
f 2467/4336/3575 2492/4256/3576 2550/4257/3577 2551/4258/3578
f 2552/4259/3579 2468/4351/3580 2467/4255/3575 2551/4332/3578
f 2552/4347/3579 2553/4261/3581 2485/4262/3582 2468/4260/3580
f 2470/4263/3583 2469/4264/3584 2554/4265/3585 2555/4266/3586
f 2471/4267/3587 2470/4263/3583 2555/4266/3586 2556/4268/3588
f 2495/4269/3589 2471/4267/3587 2556/4268/3588 2557/4270/3590
f 2463/4329/3591 2472/4272/3592 2558/4316/3593 2545/4274/3594
f 2448/4216/3536 2527/4275/3595 2528/4276/3596 2458/4217/3537
f 2526/4277/3597 2527/4275/3595 2448/4216/3536 2452/4230/3550
f 2524/4335/3598 2525/4279/3599 2491/4205/3525 2441/4338/3517
f 2442/4353/3516 2523/4350/3600 2524/4278/3598 2441/4197/3517
f 2442/4196/3516 2486/4200/3520 2522/4281/3601 2523/4280/3600
f 2520/4282/3602 2521/4283/3603 2455/4233/3553 2445/4223/3543
f 2445/4223/3543 2461/4226/3546 2519/4284/3604 2520/4282/3602
f 2518/4285/3605 2519/4284/3604 2461/4226/3546 2496/4244/3564
f 2530/4327/3606 2517/4287/3607 2443/4322/3522 2444/4330/3521
f 2458/4217/3537 2528/4276/3596 2529/4288/3608 2501/4239/3559
f 2483/4306/3506 2453/4307/3552 2454/4311/3551 2484/4312/3507
f 2485/4262/3582 2553/4261/3581 2554/4265/3585 2469/4264/3584
f 2486/4200/3520 2511/4199/3519 2512/4234/3554 2455/4233/3553
f 2522/4281/3601 2486/4200/3520 2455/4233/3553 2521/4283/3603
f 2488/4180/3500 2539/4190/3510 2540/4236/3556 2456/4357/3555
f 2489/4181/3501 2488/4358/3500 2456/4235/3555 2451/4341/3547
f 2536/4183/3503 2489/4342/3501 2451/4227/3547 2535/4228/3548
f 2491/4205/3525 2525/4279/3599 2526/4277/3597 2452/4230/3550
f 2508/4206/3526 2491/4205/3525 2452/4230/3550 2507/4229/3549
f 2550/4257/3577 2492/4256/3576 2466/4254/3574 2549/4253/3573
f 2494/4310/3562 2493/4305/3561 2438/4323/3609 2440/4290/3610
f 2472/4320/3592 2495/4269/3589 2557/4270/3590 2558/4273/3593
f 2496/4244/3564 2515/4243/3563 2516/4203/3523 2443/4202/3522
f 2517/4319/3607 2518/4285/3605 2496/4244/3564 2443/4202/3522
f 2498/4246/3566 2543/4245/3565 2544/4192/3512 2434/4355/3511
f 2499/4238/3558 2498/4356/3566 2434/4191/3511 2436/4361/3514
f 2531/4325/3513 2532/4237/3557 2499/4340/3558 2436/4194/3514
f 2501/4239/3559 2529/4288/3608 2530/4286/3606 2444/4201/3521
f 2504/4240/3560 2501/4239/3559 2444/4201/3521 2503/4328/3524
f 2546/4250/3570 2502/4249/3569 2463/4271/3591 2545/4324/3594
f 2502/4249/3569 2504/4240/3560 2503/4328/3524 2463/4271/3591
f 2464/4248/3568 2505/4218/3538 2504/4240/3560 2502/4249/3569
f 2465/4252/3572 2506/4215/3535 2505/4218/3538 2464/4248/3568
f 2466/4254/3574 2507/4229/3549 2506/4215/3535 2465/4252/3572
f 2492/4256/3576 2508/4206/3526 2507/4229/3549 2466/4254/3574
f 2509/4198/3518 2508/4206/3526 2492/4256/3576 2467/4336/3575
f 2468/4351/3580 2510/4195/3515 2509/4337/3518 2467/4255/3575
f 2468/4260/3580 2485/4262/3582 2511/4199/3519 2510/4352/3515
f 2512/4234/3554 2511/4199/3519 2485/4262/3582 2469/4264/3584
f 2513/4224/3544 2512/4234/3554 2469/4264/3584 2470/4263/3583
f 2514/4225/3545 2513/4224/3544 2470/4263/3583 2471/4267/3587
f 2515/4243/3563 2514/4225/3545 2471/4267/3587 2495/4269/3589
f 2516/4203/3523 2515/4243/3563 2495/4269/3589 2472/4320/3592
f 2503/4204/3524 2516/4321/3523 2472/4272/3592 2463/4329/3591
f 2481/4317/3611 2497/4292/3612 2518/4285/3605 2517/4319/3607
f 2497/4292/3612 2480/4293/3613 2519/4284/3604 2518/4285/3605
f 2520/4282/3602 2519/4284/3604 2480/4293/3613 2479/4294/3614
f 2479/4294/3614 2478/4295/3615 2521/4283/3603 2520/4282/3602
f 2487/4296/3616 2522/4281/3601 2521/4283/3603 2478/4295/3615
f 2523/4280/3600 2522/4281/3601 2487/4296/3616 2477/4297/3617
f 2524/4278/3598 2523/4350/3600 2477/4348/3617 2476/4298/3618
f 2476/4333/3618 2490/4299/3619 2525/4279/3599 2524/4335/3598
f 2526/4277/3597 2525/4279/3599 2490/4299/3619 2475/4300/3620
f 2475/4300/3620 2474/4301/3621 2527/4275/3595 2526/4277/3597
f 2528/4276/3596 2527/4275/3595 2474/4301/3621 2473/4302/3622
f 2529/4288/3608 2528/4276/3596 2473/4302/3622 2500/4303/3623
f 2530/4286/3606 2529/4288/3608 2500/4303/3623 2482/4304/3624
f 2482/4326/3624 2481/4291/3611 2517/4287/3607 2530/4327/3606
f 2482/4304/3624 2500/4303/3623 2532/4237/3557 2531/4325/3513
f 2500/4303/3623 2473/4302/3622 2533/4214/3534 2532/4237/3557
f 2474/4301/3621 2534/4213/3533 2533/4214/3534 2473/4302/3622
f 2535/4228/3548 2534/4213/3533 2474/4301/3621 2475/4300/3620
f 2490/4299/3619 2536/4183/3503 2535/4228/3548 2475/4300/3620
f 2537/4184/3504 2536/4183/3503 2490/4299/3619 2476/4333/3618
f 2477/4348/3617 2538/4189/3509 2537/4334/3504 2476/4298/3618
f 2477/4297/3617 2487/4296/3616 2539/4190/3510 2538/4349/3509
f 2540/4236/3556 2539/4190/3510 2487/4296/3616 2478/4295/3615
f 2541/4207/3527 2540/4236/3556 2478/4295/3615 2479/4294/3614
f 2479/4294/3614 2480/4293/3613 2542/4208/3528 2541/4207/3527
f 2543/4245/3565 2542/4208/3528 2480/4293/3613 2497/4292/3612
f 2544/4192/3512 2543/4245/3565 2497/4292/3612 2481/4317/3611
f 2531/4193/3513 2544/4318/3512 2481/4291/3611 2482/4326/3624
f 2493/4241/3561 2546/4250/3570 2545/4324/3594 2438/4289/3609
f 2459/4221/3541 2547/4247/3567 2546/4250/3570 2493/4241/3561
f 2449/4220/3540 2548/4251/3571 2547/4247/3567 2459/4221/3541
f 2453/4232/3552 2549/4253/3573 2548/4251/3571 2449/4220/3540
f 2483/4186/3506 2550/4257/3577 2549/4253/3573 2453/4232/3552
f 2551/4258/3578 2550/4257/3577 2483/4186/3506 2437/4331/3505
f 2439/4346/3508 2552/4259/3579 2551/4332/3578 2437/4185/3505
f 2439/4188/3508 2484/4187/3507 2553/4261/3581 2552/4347/3579
f 2554/4265/3585 2553/4261/3581 2484/4187/3507 2454/4231/3551
f 2555/4266/3586 2554/4265/3585 2454/4231/3551 2450/4219/3539
f 2556/4268/3588 2555/4266/3586 2450/4219/3539 2460/4222/3542
f 2557/4270/3590 2556/4268/3588 2460/4222/3542 2494/4242/3562
f 2558/4273/3593 2557/4270/3590 2494/4242/3562 2440/4315/3610
f 2545/4274/3594 2558/4316/3593 2440/4290/3610 2438/4323/3609
g default
v -9.668010 7.753549 -9.385338
v -9.705045 7.753549 -9.385338
v -9.668010 10.050164 -9.385338
v -9.705045 10.050164 -9.385338
v -9.668010 10.675336 -5.966082
v -9.705045 10.675336 -5.966082
v -9.668010 7.753549 -5.966082
v -9.705045 7.753549 -5.966082
v -9.668010 10.675336 -8.461392
v -9.668010 7.753549 -8.461392
v -9.705045 7.753549 -8.461392
v -9.705045 10.675336 -8.461392
v -9.668010 9.641683 -9.385338
v -9.668010 9.641683 -5.966082
v -9.705045 9.641683 -5.966082
v -9.705045 9.641683 -9.385338
vt 0.798998 0.472211
vt 0.618406 0.005414
vt 0.671123 0.463509
vt 0.615365 0.253697
vt 0.948842 0.472224
vt 0.618406 0.289188
vt 0.603673 0.526925
vt 0.989623 0.535648
vt 0.922175 0.706947
vt 0.618406 0.449670
vt 0.794273 0.698259
vt 0.615365 0.496169
vt 0.794302 0.526957
vt 0.798995 0.535639
vt 0.798986 0.706941
vt 0.603644 0.698227
vt 0.615365 0.423150
vt 0.618406 0.253697
vt 0.794312 0.463530
vt 0.922188 0.472218
vt 0.615365 0.005414
vt 0.644470 0.463505
vt 0.618406 0.339694
vt 0.615365 0.289188
vt 0.615365 0.339694
vt 0.618406 0.423150
vt 0.671083 0.698238
vt 0.618406 0.496169
vt 0.989615 0.706951
vt 0.615365 0.449670
vn 0.999765 0.000000 -0.021658
vn -0.999765 0.000001 -0.021658
vn -0.999897 0.000000 -0.014334
vn 0.999897 0.000000 -0.014334
vn 0.999911 0.008871 -0.009924
vn -0.999911 0.008870 -0.009924
vn -0.999677 0.024999 -0.004571
vn 0.999677 0.025000 -0.004571
vn 0.999890 0.000000 0.014840
vn -0.999890 0.000000 0.014840
vn -0.999780 0.000000 0.020982
vn 0.999780 0.000000 0.020982
vn -1.000000 0.000001 0.000000
vn 1.000000 0.000000 -0.000000
vn -0.999624 0.025341 0.010497
vn 0.999624 0.025341 0.010497
s 1
g Recepcion2 group2 Objetos_Recepcion pCube2 group6
usemtl lambert7SG
f 2559/4383/3625 2560/4364/3626 2574/4380/3627 2571/4366/3628
f 2561/4386/3629 2562/4368/3630 2570/4385/3631 2567/4387/3632
f 2572/4392/3633 2573/4372/3634 2566/4390/3635 2565/4374/3636
f 2560/4381/3626 2569/4375/3637 2566/4373/3635 2574/4365/3627
f 2568/4376/3638 2559/4363/3625 2571/4382/3628 2565/4377/3636
f 2567/4387/3632 2570/4385/3631 2564/4388/3639 2563/4379/3640
f 2565/4377/3636 2571/4382/3628 2561/4367/3629 2567/4370/3632
f 2572/4371/3633 2565/4377/3636 2567/4370/3632 2563/4391/3640
f 2563/4379/3640 2564/4388/3639 2573/4372/3634 2572/4392/3633
f 2570/4369/3631 2566/4373/3635 2573/4389/3634 2564/4378/3639
f 2574/4365/3627 2566/4373/3635 2570/4369/3631 2562/4384/3630
f 2571/4366/3628 2574/4380/3627 2562/4368/3630 2561/4386/3629
g default
v -9.544131 7.732409 -9.447606
v -9.842487 7.732409 -9.447606
v -9.544131 7.741575 -5.890736
v -9.842487 7.741575 -5.890736
v -9.544131 7.759368 -9.386611
v -9.842487 7.759368 -9.386611
v -9.544131 7.095497 -9.475900
v -9.544131 7.095497 -5.864724
v -9.842487 7.095497 -5.864724
v -9.842487 7.095497 -9.475900
v -9.842487 7.686226 -5.864724
v -9.544133 7.686226 -5.864724
v -9.544133 7.686226 -9.475900
v -9.842487 7.686226 -9.475900
v -9.544131 7.759368 -5.945541
v -9.842487 7.759368 -5.945541
v -9.862635 7.095497 -9.496046
v -9.523985 7.095497 -9.496046
v -9.523985 7.095497 -5.844577
v -9.862635 7.095497 -5.844577
v -9.523985 7.073835 -9.496046
v -9.862635 7.073835 -9.496046
v -9.862635 7.073835 -5.844577
v -9.523985 7.073835 -5.844577
v -9.510555 7.052760 -9.509478
v -9.510555 7.073835 -9.509478
v -9.876066 7.052760 -9.509478
v -9.876066 7.073835 -9.509478
v -9.876066 7.073835 -5.831146
v -9.876066 7.052760 -5.831146
v -9.510555 7.073835 -5.831146
v -9.510555 7.052760 -5.831146
vt 0.418318 0.025980
vt 0.418318 0.003532
vt 0.419775 0.553144
vt 0.419775 0.025980
vt 0.811057 0.220614
vt 0.924005 0.012891
vt 0.924023 0.248746
vt 0.736506 0.287704
vt 0.419775 0.283691
vt 0.419775 0.299273
vt 0.418318 0.299273
vt 0.418318 0.283691
vt 0.809299 0.216427
vt 0.756974 0.046959
vt 0.806286 0.214484
vt 0.736505 0.295598
vt 0.809884 0.460603
vt 0.756986 0.291598
vt 0.928789 0.254288
vt 0.756973 0.043380
vt 0.421202 0.300457
vt 0.421202 0.282486
vt 0.421202 0.027167
vt 0.421202 0.005106
vt 0.416116 0.025195
vt 0.417432 0.025195
vt 0.416116 0.002613
vt 0.417432 0.554078
vt 0.417432 0.298481
vt 0.416116 0.298481
vt 0.417432 0.284495
vt 0.416116 0.284495
vt 0.736477 0.334208
vt 0.767744 0.214482
vt 0.756975 0.004840
vt 0.967303 0.254273
vt 0.967297 0.006480
vt 0.928775 0.006478
vt 0.756986 0.287703
vt 0.924820 0.004882
vt 0.756974 0.051505
vt 0.811045 0.456841
vt 0.736494 0.051507
vt 0.736498 0.046963
vt 0.736491 0.004840
vt 0.736495 0.043378
vt 0.925168 0.252485
vt 0.756995 0.295598
vt 0.757020 0.334210
vt 0.736513 0.291596
vt 0.767731 0.462387
vt 0.806272 0.462388
vt 0.421202 0.551741
vt 0.417432 0.002613
vt 0.418318 0.553144
vt 0.416116 0.554078
vt 0.419775 0.003532
vn 0.697533 0.713627 -0.064692
vn -0.697510 0.713649 -0.064690
vn -0.890276 0.447873 -0.082567
vn 0.890304 0.447818 -0.082570
vn 0.363245 0.931666 -0.007172
vn -0.363243 0.931667 -0.007172
vn -0.357697 0.933826 0.004753
vn 0.357699 0.933825 0.004753
vn 0.890304 0.447819 0.082570
vn -0.890276 0.447874 0.082567
vn -0.697509 0.713650 0.064690
vn 0.697532 0.713628 0.064692
vn 0.048192 0.772687 -0.632955
vn -0.048191 0.772685 -0.632958
vn 0.996421 0.003754 -0.084452
vn 0.996345 0.003439 0.085351
vn 0.058507 0.740169 0.669871
vn -0.058506 0.740168 0.669872
vn -0.996345 0.003436 0.085351
vn -0.996421 0.003752 -0.084452
vn -0.995058 0.055681 0.082212
vn 0.995058 0.055681 0.082212
vn 0.995058 0.055681 -0.082212
vn -0.995058 0.055681 -0.082212
vn 0.995099 0.000000 0.098882
vn 0.995099 0.000000 -0.098882
vn 0.940327 0.327192 -0.093439
vn 0.940327 0.327191 0.093439
vn -0.995099 0.000000 -0.098882
vn -0.940320 0.327211 -0.093439
vn -0.995099 0.000000 0.098882
vn -0.940321 0.327209 0.093439
s 1
g Recepcion2 group2 Objetos_Recepcion group6 pCube1
usemtl lambert7SG
f 2595/4393/3641 2596/4394/3642 2591/4449/3643 2592/4396/3644
f 2579/4435/3645 2580/4433/3646 2590/4431/3647 2589/4400/3648
f 2593/4401/3649 2594/4402/3650 2597/4403/3651 2598/4404/3652
f 2597/4403/3651 2594/4402/3650 2591/4395/3643 2596/4447/3642
f 2595/4393/3641 2592/4396/3644 2593/4401/3649 2598/4404/3652
f 2575/4436/3653 2576/4406/3654 2580/4433/3646 2579/4435/3645
f 2587/4407/3655 2575/4405/3653 2579/4397/3645
f 2586/4444/3656 2587/4407/3655 2579/4397/3645 2589/4434/3648
f 2577/4442/3657 2578/4410/3658 2585/4440/3659 2586/4408/3656
f 2588/4430/3660 2585/4411/3659 2590/4399/3647 2580/4398/3646
f 2588/4430/3660 2580/4398/3646 2576/4432/3654
f 2587/4438/3655 2588/4412/3660 2576/4406/3654 2575/4436/3653
f 2586/4408/3656 2585/4440/3659 2583/4441/3661 2582/4425/3662
f 2581/4426/3663 2587/4407/3655 2586/4444/3656 2582/4443/3662
f 2581/4437/3663 2584/4427/3664 2588/4412/3660 2587/4438/3655
f 2588/4430/3660 2584/4429/3664 2583/4428/3661 2585/4411/3659
f 2586/4444/3656 2589/4434/3648 2577/4409/3657
f 2590/4399/3647 2585/4411/3659 2578/4439/3658
f 2589/4400/3648 2590/4431/3647 2578/4410/3658 2577/4442/3657
f 2584/4416/3664 2581/4415/3663 2592/4396/3644 2591/4449/3643
f 2582/4414/3662 2583/4413/3661 2594/4402/3650 2593/4401/3649
f 2591/4395/3643 2594/4402/3650 2583/4413/3661 2584/4445/3664
f 2593/4401/3649 2592/4396/3644 2581/4415/3663 2582/4414/3662
f 2606/4424/3665 2599/4417/3666 2600/4418/3667 2605/4423/3668
f 2599/4417/3666 2601/4419/3669 2602/4446/3670 2600/4418/3667
f 2602/4420/3670 2601/4448/3669 2604/4422/3671 2603/4421/3672
f 2605/4423/3668 2603/4421/3672 2604/4422/3671 2606/4424/3665
f 2605/4423/3668 2600/4418/3667 2595/4393/3641 2598/4404/3652
f 2596/4394/3642 2595/4393/3641 2600/4418/3667 2602/4446/3670
f 2597/4403/3651 2596/4447/3642 2602/4420/3670 2603/4421/3672
f 2598/4404/3652 2597/4403/3651 2603/4421/3672 2605/4423/3668
g default
v -10.807693 7.782916 -6.240893
v -12.065337 7.782916 -6.247984
v -10.818878 8.419943 -6.136240
v -12.055333 8.419943 -6.143212
v -10.819480 8.426634 -6.029388
v -12.055936 8.426634 -6.036359
v -10.846758 7.782916 -6.031309
v -12.028638 7.782916 -6.037973
v -11.438078 8.455631 -5.967257
v -11.438283 8.455631 -5.930769
v -11.438283 7.782916 -5.930769
v -11.436940 7.782916 -6.169131
v -11.752372 8.455631 -5.989640
v -11.752578 8.455631 -5.953152
v -11.752578 7.782916 -5.953152
v -11.751234 7.782916 -6.191514
v -11.123550 8.455631 -5.986094
v -11.123756 8.455631 -5.949606
v -11.123756 7.782916 -5.949606
v -11.122412 7.782916 -6.187969
v -12.065247 8.119274 -6.263965
v -11.751825 8.119274 -6.086801
v -11.437530 8.119274 -6.064419
v -11.123003 8.119274 -6.083256
v -10.807603 8.119274 -6.256874
v -10.808886 8.119274 -6.029328
v -11.123756 8.119274 -5.949606
v -11.438283 8.119274 -5.930769
v -11.752578 8.119274 -5.953152
v -12.066530 8.119274 -6.036419
vt 0.845149 0.004008
vt 0.906090 0.114434
vt 0.871588 0.114861
vt 0.876449 0.078153
vt 0.844457 0.081073
vt 0.837652 0.115531
vt 0.834127 0.116173
vt 0.832821 0.084163
vt 0.825566 0.049336
vt 0.802220 0.115705
vt 0.769685 0.115685
vt 0.769842 0.086023
vt 0.909286 0.211818
vt 0.820805 0.271319
vt 0.804517 0.211932
vt 0.850882 0.243783
vt 0.837659 0.147088
vt 0.838166 0.178480
vt 0.834671 0.177902
vt 0.834059 0.147118
vt 0.769935 0.147922
vt 0.802321 0.147459
vt 0.803051 0.179090
vt 0.770693 0.180053
vt 0.871275 0.146914
vt 0.905639 0.146857
vt 0.906114 0.179219
vt 0.871766 0.178862
vt 0.844877 0.212314
vt 0.834209 0.209373
vt 0.909298 0.081652
vt 0.853637 0.044620
vt 0.802721 0.082522
vt 0.818067 0.008552
vt 0.876613 0.215282
vt 0.842360 0.275702
vt 0.827919 0.238871
vt 0.771785 0.209490
vn 0.351069 0.092591 -0.931761
vn -0.203984 0.209668 -0.956258
vn -0.229189 0.253442 -0.939808
vn 0.152523 0.208551 -0.966045
vn 0.058816 0.432562 -0.899684
vn -0.209608 0.443617 -0.871360
vn 0.157897 0.149684 0.976045
vn 0.581895 0.204448 0.787146
vn 0.662817 -0.013283 0.748664
vn 0.157471 -0.003342 0.987518
vn 0.160940 -0.008755 0.986925
vn 0.668028 -0.038813 0.743123
vn -0.340540 0.092591 -0.935660
vn -0.676365 -0.038813 0.735543
vn -0.671216 -0.013283 0.741142
vn -0.141621 0.208550 -0.967704
vn 0.005229 0.373992 -0.927417
vn 0.219420 0.443616 -0.868941
vn -0.168893 0.149684 0.974202
vn -0.005608 0.103403 0.994624
vn -0.005638 0.000000 0.999984
vn -0.005638 0.000000 0.999984
vn -0.168596 -0.003342 0.985679
vn -0.172057 -0.008755 0.985048
vn 0.005400 0.287306 -0.957824
vn 0.005383 0.297246 -0.954786
vn 0.214753 0.209668 -0.953897
vn 0.239772 0.253442 -0.937164
vn -0.048668 0.432562 -0.900290
vn -0.590734 0.204448 0.780535
s 1
g Recepcion2 group2 Objetos_Recepcion pCube27 group7
usemtl lambert7SG
f 2607/4480/3673 2626/4451/3674 2630/4452/3675 2631/4453/3676
f 2609/4454/3677 2623/4455/3678 2624/4456/3679 2611/4457/3680
f 2632/4482/3681 2633/4459/3682 2625/4460/3683 2613/4461/3684
f 2608/4485/3685 2614/4463/3686 2636/4486/3687 2627/4465/3688
f 2613/4483/3684 2607/4450/3673 2631/4481/3676 2632/4458/3681
f 2615/4466/3689 2619/4467/3690 2620/4468/3691 2616/4469/3692
f 2617/4470/3693 2634/4471/3694 2635/4472/3695 2621/4473/3696
f 2629/4474/3697 2618/4475/3698 2622/4476/3699 2628/4477/3700
f 2619/4467/3690 2610/4478/3701 2612/4479/3702 2620/4468/3691
f 2621/4473/3696 2635/4472/3695 2636/4464/3687 2614/4487/3686
f 2628/4477/3700 2622/4476/3699 2608/4462/3685 2627/4484/3688
f 2623/4455/3678 2615/4466/3689 2616/4469/3692 2624/4456/3679
f 2625/4460/3683 2633/4459/3682 2634/4471/3694 2617/4470/3693
f 2630/4452/3675 2626/4451/3674 2618/4475/3698 2629/4474/3697
f 2619/4467/3690 2628/4477/3700 2627/4484/3688 2610/4478/3701
f 2615/4466/3689 2629/4474/3697 2628/4477/3700 2619/4467/3690
f 2623/4455/3678 2630/4452/3675 2629/4474/3697 2615/4466/3689
f 2631/4453/3676 2630/4452/3675 2623/4455/3678 2609/4454/3677
f 2632/4458/3681 2631/4481/3676 2609/4454/3677 2611/4457/3680
f 2611/4457/3680 2624/4456/3679 2633/4459/3682 2632/4482/3681
f 2634/4471/3694 2633/4459/3682 2624/4456/3679 2616/4469/3692
f 2635/4472/3695 2634/4471/3694 2616/4469/3692 2620/4468/3691
f 2636/4464/3687 2635/4472/3695 2620/4468/3691 2612/4479/3702
f 2627/4465/3688 2636/4486/3687 2612/4479/3702 2610/4478/3701
g default
v -10.782981 6.839893 -7.124779
v -10.766341 6.841030 -7.120875
v -10.752949 6.842388 -7.131473
v -10.752891 6.842943 -7.148591
v -10.766209 6.842278 -7.159339
v -10.782876 6.840894 -7.155624
v -10.790340 6.839832 -7.140243
v -10.850737 7.780246 -7.096055
v -10.834096 7.781384 -7.092151
v -10.820704 7.782741 -7.102748
v -10.820646 7.783296 -7.119867
v -10.833964 7.782631 -7.130616
v -10.850631 7.781247 -7.126901
v -10.858096 7.780185 -7.111519
vt 0.003688 0.112786
vt 0.005385 0.112786
vt 0.005385 0.201500
vt 0.003688 0.201500
vt 0.007081 0.112786
vt 0.007081 0.201500
vt 0.008777 0.112786
vt 0.008777 0.201500
vt 0.010969 0.112786
vt 0.010969 0.201500
vt 0.013253 0.112786
vt 0.013253 0.201500
vt 0.014945 0.112786
vt 0.001992 0.201500
vt 0.001992 0.112786
vt 0.014945 0.201500
vn -0.624039 -0.068740 0.778364
vn 0.219671 -0.013968 0.975474
vn 0.217576 -0.014133 0.975941
vn -0.624844 -0.068779 0.777715
vn 0.897442 0.051281 0.438142
vn 0.896721 0.051184 0.439627
vn 0.900139 0.077948 -0.428572
vn 0.900098 0.077948 -0.428658
vn 0.226011 0.046006 -0.973038
vn 0.224290 0.045894 -0.973441
vn -0.618309 -0.020553 -0.785666
vn -0.619960 -0.020712 -0.784360
vn -0.997409 -0.071677 -0.006167
vn -0.997412 -0.071703 -0.005304
s 1
g Recepcion2 group2 Objetos_Recepcion group7 pCylinder18
usemtl lambert7SG
f 2637/4488/3703 2638/4489/3704 2645/4490/3705 2644/4491/3706
f 2638/4489/3704 2639/4492/3707 2646/4493/3708 2645/4490/3705
f 2639/4492/3707 2640/4494/3709 2647/4495/3710 2646/4493/3708
f 2640/4494/3709 2641/4496/3711 2648/4497/3712 2647/4495/3710
f 2641/4496/3711 2642/4498/3713 2649/4499/3714 2648/4497/3712
f 2642/4498/3713 2643/4500/3715 2650/4503/3716 2649/4499/3714
f 2643/4502/3715 2637/4488/3703 2644/4491/3706 2650/4501/3716
g default
v -10.856702 7.763935 -7.337352
v -10.883688 7.763935 -7.337504
v -10.815932 8.150594 -7.337122
v -10.851670 8.150594 -7.337324
v -10.806805 8.427445 -6.032266
v -10.848783 8.427445 -6.122226
v -10.834354 7.763935 -6.044167
v -10.888723 7.763935 -6.110706
v -10.739014 8.397438 -6.690159
v -10.690469 8.397438 -6.689885
v -10.743762 7.763935 -6.690186
v -10.798505 7.763935 -6.690495
v -10.884900 7.969186 -7.337511
v -10.854599 7.969186 -7.337340
v -10.690469 8.102802 -6.689885
v -10.781060 8.102802 -6.043867
v -10.959082 8.102802 -6.111102
v -10.868864 8.102802 -6.690891
v -10.887643 8.102802 -7.014262
v -10.840155 7.763935 -7.013994
v -10.785413 7.763935 -7.013685
v -10.732119 8.102802 -7.013385
v -10.732119 8.314126 -7.013385
v -10.774261 8.314126 -7.013623
v -10.753503 7.763935 -6.366976
v -10.700210 8.102802 -6.366676
v -10.700210 8.427445 -6.366676
v -10.748755 8.427445 -6.366949
v -10.878605 8.102802 -6.367682
v -10.808246 7.763935 -6.367285
v -12.005506 7.763935 -7.343829
v -11.978520 7.763935 -7.343677
v -12.046275 8.150594 -7.344059
v -12.010538 8.150594 -7.343857
v -12.070115 8.427445 -6.039389
v -12.027126 8.427445 -6.128870
v -12.042434 7.763935 -6.050979
v -11.987318 7.763935 -6.116899
v -12.130483 8.397438 -6.698004
v -12.179029 8.397438 -6.698278
v -12.125735 7.763935 -6.697977
v -12.070993 7.763935 -6.697669
v -11.977308 7.969186 -7.343670
v -12.007609 7.969186 -7.343841
v -12.179029 8.102802 -6.698278
v -12.095728 8.102802 -6.051279
v -11.916959 8.102802 -6.116503
v -12.000634 8.102802 -6.697272
v -11.978210 8.102802 -7.020410
v -12.025697 7.763935 -7.020678
v -12.080440 7.763935 -7.020987
v -12.133733 8.102802 -7.021287
v -12.133733 8.314126 -7.021287
v -12.091592 8.314126 -7.021050
v -12.119640 7.763935 -6.374678
v -12.172933 8.102802 -6.374979
v -12.172933 8.427445 -6.374979
v -12.124388 8.427445 -6.374705
v -11.994538 8.102802 -6.373973
v -12.064897 7.763935 -6.374370
vt 0.567908 0.658547
vt 0.524611 0.690261
vt 0.499012 0.659773
vt 0.539780 0.655763
vt 0.515160 0.611335
vt 0.511603 0.612644
vt 0.506095 0.583318
vt 0.510149 0.582319
vt 0.530026 0.516798
vt 0.459320 0.518381
vt 0.425883 0.549021
vt 0.440651 0.485978
vt 0.462829 0.639202
vt 0.447543 0.607816
vt 0.479011 0.594204
vt 0.492876 0.623747
vt 0.569767 0.581816
vt 0.569767 0.617992
vt 0.533832 0.614406
vt 0.535811 0.582005
vt 0.504525 0.553781
vt 0.500051 0.553924
vt 0.492040 0.528602
vt 0.497787 0.519904
vt 0.567447 0.547285
vt 0.533955 0.550424
vt 0.467481 0.562791
vt 0.434991 0.575955
vt 0.515978 0.649823
vt 0.519840 0.648683
vt 0.997848 0.238779
vt 0.973826 0.302699
vt 0.934432 0.292284
vt 0.916685 0.280263
vt 0.946462 0.341157
vt 0.940090 0.369337
vt 0.936132 0.368198
vt 0.943108 0.339678
vt 0.898151 0.453015
vt 0.992678 0.439548
vt 0.860056 0.465072
vt 0.885566 0.414116
vt 0.896576 0.309952
vt 0.925469 0.327536
vt 0.909757 0.356055
vt 0.878961 0.340462
vt 0.997866 0.370846
vt 0.965237 0.370393
vt 0.964566 0.339176
vt 0.997449 0.336453
vt 0.933457 0.397634
vt 0.926224 0.431951
vt 0.920036 0.422937
vt 0.928966 0.397371
vt 0.962806 0.401499
vt 0.995813 0.404727
vt 0.896544 0.387054
vt 0.864330 0.372043
vt 0.954775 0.305941
vt 0.950504 0.303706
vt 0.885932 0.414110
vt 0.884626 0.435849
vt 0.958677 0.435104
vt 0.961548 0.272336
vt 0.966851 0.276308
vt 0.853682 0.399055
vt 0.866135 0.472930
vt 0.992579 0.234513
vt 0.994685 0.301011
vt 0.470711 0.502071
vt 0.521261 0.668400
vt 0.518012 0.669392
vt 0.564208 0.512286
vt 0.527499 0.689367
vt 0.480426 0.670278
vt 0.458107 0.535764
vt 0.435613 0.493408
vn 0.940876 -0.095603 -0.324979
vn -0.995915 -0.089128 0.014451
vn -0.998081 0.053333 -0.031448
vn 0.937110 -0.094270 -0.336063
vn 0.960377 0.151046 -0.234226
vn -0.837118 0.542891 -0.067101
vn -0.846345 0.530703 -0.045322
vn 0.984890 0.162490 -0.059909
vn 0.807411 -0.050813 0.587797
vn -0.996924 0.059889 0.050557
vn -0.978592 -0.165189 0.122762
vn 0.758587 -0.160004 0.631621
vn -0.987015 -0.134988 0.087061
vn -0.981810 -0.187378 0.030632
vn -0.995050 0.098933 0.009391
vn -0.991322 0.125527 0.039022
vn 0.986672 -0.155130 -0.049123
vn 0.973080 -0.128371 -0.191407
vn 0.977990 -0.092400 -0.187079
vn 0.995337 -0.085191 -0.045238
vn 0.974284 0.164497 0.153988
vn -0.839725 0.518140 -0.162457
vn -0.881475 0.470077 0.045059
vn 0.755611 0.149848 0.637650
vn 0.978299 -0.153980 0.138638
vn 0.986458 -0.070824 0.147934
vn -0.981587 0.081377 -0.172813
vn -0.968344 -0.201231 -0.147700
vn -0.878139 0.443596 -0.179147
vn 0.918680 0.069715 -0.388801
vn -0.937153 -0.095603 -0.335567
vn -0.933261 -0.094269 -0.346608
vn 0.998373 0.053333 -0.020192
vn 0.995689 -0.089128 0.025679
vn -0.957675 0.151046 -0.245040
vn -0.984152 0.162489 -0.071011
vn 0.846803 0.530702 -0.035776
vn 0.837822 0.542890 -0.057658
vn -0.813988 -0.050813 0.578655
vn -0.765660 -0.160004 0.623028
vn 0.977145 -0.165189 0.133788
vn 0.996291 0.059888 0.061795
vn 0.985971 -0.134988 0.098185
vn 0.990819 0.125527 0.050197
vn 0.994881 0.098933 0.020610
vn 0.981403 -0.187377 0.041701
vn -0.986055 -0.155130 -0.060246
vn -0.994764 -0.085191 -0.056458
vn -0.975818 -0.092399 -0.198094
vn -0.970860 -0.128371 -0.202366
vn -0.975958 0.164497 0.142993
vn -0.762753 0.149848 0.629090
vn 0.880911 0.470077 0.054996
vn 0.841504 0.518140 -0.152978
vn -0.988063 -0.070824 0.136802
vn -0.979800 -0.153980 0.127598
vn 0.983473 0.081377 -0.161734
vn 0.969948 -0.201231 -0.136772
vn -0.914238 0.069715 -0.399135
vn 0.880104 0.443595 -0.169234
s 1
g Recepcion2 group2 Objetos_Recepcion group7 pCube26
usemtl lambert7SG
f 2651/4577/3717 2652/4505/3718 2663/4575/3719 2664/4574/3720
f 2673/4508/3721 2674/4509/3722 2659/4510/3723 2660/4511/3724
f 2666/4573/3725 2667/4513/3726 2658/4580/3727 2657/4515/3728
f 2670/4516/3729 2662/4517/3730 2668/4518/3731 2669/4519/3732
f 2661/4520/3733 2671/4521/3734 2672/4522/3735 2665/4523/3736
f 2677/4524/3737 2678/4525/3738 2656/4526/3739 2655/4527/3740
f 2657/4576/3728 2675/4528/3741 2676/4529/3742 2666/4512/3725
f 2679/4530/3743 2680/4531/3744 2658/4514/3727 2667/4579/3726
f 2664/4574/3720 2663/4575/3719 2654/4532/3745 2653/4533/3746
f 2665/4523/3736 2672/4522/3735 2673/4508/3721 2660/4511/3724
f 2666/4512/3725 2676/4529/3742 2677/4524/3737 2655/4527/3740
f 2655/4527/3740 2656/4526/3739 2667/4513/3726 2666/4573/3725
f 2678/4525/3738 2679/4530/3743 2667/4579/3726 2656/4526/3739
f 2674/4509/3722 2669/4519/3732 2668/4518/3731 2659/4510/3723
f 2652/4578/3718 2670/4516/3729 2669/4519/3732 2663/4506/3719
f 2672/4522/3735 2671/4521/3734 2651/4504/3717 2664/4507/3720
f 2673/4508/3721 2672/4522/3735 2664/4507/3720 2653/4533/3746
f 2653/4533/3746 2654/4532/3745 2674/4509/3722 2673/4508/3721
f 2663/4506/3719 2669/4519/3732 2674/4509/3722 2654/4532/3745
f 2675/4528/3741 2661/4520/3733 2665/4523/3736 2676/4529/3742
f 2677/4524/3737 2676/4529/3742 2665/4523/3736 2660/4511/3724
f 2660/4511/3724 2659/4510/3723 2678/4525/3738 2677/4524/3737
f 2659/4510/3723 2668/4518/3731 2679/4530/3743 2678/4525/3738
f 2668/4518/3731 2662/4517/3730 2680/4531/3744 2679/4530/3743
s 5
f 2681/4534/3747 2694/4568/3748 2693/4567/3749 2682/4571/3750
f 2703/4538/3751 2690/4539/3752 2689/4540/3753 2704/4541/3754
f 2696/4542/3755 2687/4570/3756 2688/4544/3757 2697/4565/3758
f 2700/4546/3759 2699/4547/3760 2698/4548/3761 2692/4549/3762
f 2691/4550/3763 2695/4551/3764 2702/4552/3765 2701/4553/3766
f 2707/4554/3767 2685/4555/3768 2686/4556/3769 2708/4557/3770
f 2687/4543/3756 2696/4566/3755 2706/4558/3771 2705/4559/3772
f 2709/4560/3773 2697/4564/3758 2688/4569/3757 2710/4561/3774
f 2694/4568/3748 2683/4562/3775 2684/4563/3776 2693/4567/3749
f 2695/4551/3764 2690/4539/3752 2703/4538/3751 2702/4552/3765
f 2696/4566/3755 2685/4555/3768 2707/4554/3767 2706/4558/3771
f 2685/4555/3768 2696/4542/3755 2697/4565/3758 2686/4556/3769
f 2708/4557/3770 2686/4556/3769 2697/4545/3758 2709/4560/3773
f 2704/4541/3754 2689/4540/3753 2698/4548/3761 2699/4547/3760
f 2682/4537/3750 2693/4536/3749 2699/4547/3760 2700/4546/3759
f 2702/4552/3765 2694/4535/3748 2681/4572/3747 2701/4553/3766
f 2703/4538/3751 2683/4562/3775 2694/4535/3748 2702/4552/3765
f 2683/4562/3775 2703/4538/3751 2704/4541/3754 2684/4563/3776
f 2693/4536/3749 2684/4563/3776 2704/4541/3754 2699/4547/3760
f 2705/4559/3772 2706/4558/3771 2695/4551/3764 2691/4550/3763
f 2707/4554/3767 2690/4539/3752 2695/4551/3764 2706/4558/3771
f 2690/4539/3752 2707/4554/3767 2708/4557/3770 2689/4540/3753
f 2689/4540/3753 2708/4557/3770 2709/4560/3773 2698/4548/3761
f 2698/4548/3761 2709/4560/3773 2710/4561/3774 2692/4549/3762
g default
v -10.873328 7.763509 -7.338667
v -11.987328 7.763509 -7.344948
v -10.873328 7.787081 -7.338667
v -11.987328 7.787081 -7.344948
v -10.880545 7.787081 -6.058576
v -11.994546 7.787081 -6.064856
v -10.880545 7.763509 -6.058576
v -11.994546 7.763509 -6.064856
v -11.430328 7.820562 -7.341807
v -11.437545 7.820562 -6.061716
v -11.437545 7.763509 -6.061716
v -11.430328 7.763509 -7.341807
v -12.073982 7.820562 -6.705369
v -11.433937 7.931796 -6.701761
v -10.793891 7.820562 -6.698152
v -10.793891 7.763509 -6.698152
v -12.073982 7.763509 -6.705369
v -11.110305 7.763509 -7.340003
v -11.110305 7.820562 -7.340003
v -11.113914 7.898220 -6.699957
v -11.117522 7.820562 -6.059912
v -11.117522 7.763509 -6.059912
v -11.750351 7.763509 -7.343612
v -11.750351 7.820562 -7.343612
v -11.753959 7.898220 -6.703565
v -11.757568 7.820562 -6.063520
v -11.757568 7.763509 -6.063520
v -12.072178 7.763509 -7.025393
v -12.072178 7.820562 -7.025393
v -11.752155 7.866762 -7.023588
v -11.432132 7.894010 -7.021784
v -11.112109 7.866762 -7.019980
v -10.792087 7.820562 -7.018176
v -10.792087 7.763509 -7.018176
v -12.075787 7.763509 -6.385347
v -12.075787 7.820562 -6.385347
v -11.755764 7.866762 -6.383543
v -11.435741 7.894010 -6.381739
v -11.115718 7.866762 -6.379934
v -10.795695 7.820562 -6.378130
v -10.795695 7.763509 -6.378130
vt 0.227285 0.745647
vt 0.256247 0.742515
vt 0.256477 0.748234
vt 0.231014 0.747411
vt 0.256498 0.782217
vt 0.222584 0.782405
vt 0.231963 0.882384
vt 0.256951 0.881863
vt 0.256686 0.887507
vt 0.231702 0.884746
vt 0.348498 0.746860
vt 0.360939 0.781568
vt 0.355515 0.782479
vt 0.348180 0.749201
vt 0.216870 0.781546
vt 0.290050 0.748410
vt 0.323344 0.749140
vt 0.322665 0.782410
vt 0.289734 0.782449
vt 0.290317 0.887466
vt 0.290248 0.881793
vt 0.323417 0.881069
vt 0.323815 0.886671
vt 0.290131 0.742702
vt 0.323743 0.743519
vt 0.289722 0.815286
vt 0.322341 0.815198
vt 0.322723 0.847930
vt 0.289912 0.848018
vt 0.222654 0.815942
vt 0.256890 0.815483
vt 0.256962 0.848507
vt 0.223811 0.849051
vt 0.218353 0.850091
vt 0.216867 0.816061
vt 0.355973 0.815169
vt 0.361642 0.815170
vt 0.360911 0.848724
vt 0.355500 0.847815
vt 0.348184 0.880994
vt 0.350419 0.881705
vt 0.348499 0.883327
vt 0.350424 0.748487
vt 0.229722 0.883156
vt 0.230779 0.745004
vn 0.711084 0.000000 -0.703107
vn 0.005638 0.000000 -0.999984
vn 0.087008 0.952583 -0.291574
vn 0.258822 0.930837 -0.257979
vn 0.116730 0.986045 -0.118699
vn 0.323026 0.941238 -0.098613
vn 0.255897 0.930837 0.260882
vn 0.083714 0.952583 0.292537
vn -0.005637 0.000000 0.999984
vn 0.703110 0.000000 0.711081
vn -0.703111 0.000000 -0.711080
vn -0.993660 0.000000 -0.112430
vn -0.321893 0.941238 -0.102249
vn -0.255897 0.930837 -0.260881
vn 0.994864 0.000000 -0.101219
vn 0.001934 0.939318 -0.343042
vn -0.083715 0.952583 -0.292536
vn -0.115384 0.986045 -0.120008
vn 0.000821 0.989335 -0.145657
vn -0.005638 0.000000 0.999984
vn -0.001934 0.939318 0.343043
vn -0.087008 0.952583 0.291574
vn -0.005639 0.000000 0.999984
vn 0.005638 0.000000 -0.999984
vn 0.005638 0.000000 -0.999984
vn 0.000000 1.000000 -0.000000
vn -0.142329 0.989819 -0.000802
vn -0.116730 0.986045 0.118700
vn -0.000821 0.989335 0.145658
vn 0.348477 0.937315 0.001965
vn 0.142329 0.989819 0.000802
vn 0.115384 0.986045 0.120008
vn 0.321894 0.941238 0.102249
vn 0.993659 0.000000 0.112430
vn 0.999984 0.000000 0.005638
vn -0.348477 0.937315 -0.001965
vn -0.999984 0.000000 -0.005638
vn -0.994864 0.000000 0.101219
vn -0.323026 0.941238 0.098613
vn -0.258822 0.930837 0.257980
vn -0.711083 0.000000 0.703108
s 1
g Recepcion2 group2 Objetos_Recepcion group7 pCube25
usemtl lambert7SG
f 2711/4625/3777 2728/4582/3778 2729/4583/3779 2713/4584/3780
f 2713/4584/3780 2729/4583/3779 2742/4585/3781 2743/4586/3782
f 2715/4587/3783 2731/4588/3784 2732/4589/3785 2717/4590/3786
f 2712/4623/3787 2738/4592/3788 2739/4593/3789 2714/4594/3790
f 2744/4595/3791 2711/4581/3777 2713/4584/3780 2743/4586/3782
f 2719/4596/3792 2734/4597/3793 2740/4598/3794 2741/4599/3795
f 2721/4600/3796 2720/4601/3797 2736/4602/3798 2737/4603/3799
f 2719/4596/3792 2722/4604/3800 2733/4605/3801 2734/4597/3793
f 2724/4606/3802 2735/4607/3803 2747/4608/3804 2748/4609/3805
f 2725/4610/3806 2730/4611/3807 2749/4612/3808 2750/4613/3809
f 2751/4614/3810 2726/4615/3811 2725/4610/3806 2750/4613/3809
f 2723/4616/3812 2727/4617/3813 2745/4618/3814 2746/4619/3815
f 2728/4582/3778 2722/4604/3800 2719/4596/3792 2729/4583/3779
f 2742/4585/3781 2729/4583/3779 2719/4596/3792 2741/4599/3795
f 2749/4612/3808 2730/4611/3807 2724/4606/3802 2748/4609/3805
f 2732/4589/3785 2731/4588/3784 2720/4601/3797 2721/4600/3796
f 2734/4597/3793 2733/4605/3801 2712/4591/3787 2714/4594/3790
f 2740/4598/3794 2734/4597/3793 2714/4594/3790 2739/4593/3789
f 2747/4608/3804 2735/4607/3803 2723/4616/3812 2746/4619/3815
f 2737/4603/3799 2736/4602/3798 2716/4620/3816 2718/4622/3817
f 2738/4592/3788 2727/4617/3813 2723/4616/3812 2739/4593/3789
f 2735/4607/3803 2740/4598/3794 2739/4593/3789 2723/4616/3812
f 2741/4599/3795 2740/4598/3794 2735/4607/3803 2724/4606/3802
f 2730/4611/3807 2742/4585/3781 2741/4599/3795 2724/4606/3802
f 2743/4586/3782 2742/4585/3781 2730/4611/3807 2725/4610/3806
f 2726/4615/3811 2744/4595/3791 2743/4586/3782 2725/4610/3806
f 2746/4619/3815 2745/4618/3814 2718/4621/3817 2716/4620/3816
f 2736/4602/3798 2747/4608/3804 2746/4619/3815 2716/4620/3816
f 2748/4609/3805 2747/4608/3804 2736/4602/3798 2720/4601/3797
f 2731/4588/3784 2749/4612/3808 2748/4609/3805 2720/4601/3797
f 2750/4613/3809 2749/4612/3808 2731/4588/3784 2715/4587/3783
f 2717/4624/3786 2751/4614/3810 2750/4613/3809 2715/4587/3783
g default
v 2.814581 8.675923 -8.170511
v 1.098442 8.677923 -8.082966
v 2.812891 9.815018 -8.227162
v 1.096752 9.817019 -8.139618
v 2.814972 9.817265 -8.186414
v 1.098833 9.819266 -8.098870
v 2.816663 8.678170 -8.129763
v 1.100523 8.680170 -8.042219
v 1.668057 9.811249 -8.261458
v 1.669747 8.672153 -8.204806
v 1.667666 8.669906 -8.245554
v 1.665975 9.809002 -8.302205
v 2.240103 9.810581 -8.290639
v 2.241793 8.671487 -8.233988
v 2.239712 8.669240 -8.274736
v 2.238022 9.808335 -8.331387
v 1.097635 9.222052 -8.110028
v 1.665299 9.209976 -8.346273
v 2.237346 9.209309 -8.375454
v 2.813774 9.220051 -8.197572
v 2.815855 9.222298 -8.156825
v 2.240986 9.215614 -8.261049
v 1.668939 9.216282 -8.231868
v 1.099716 9.224299 -8.069280
v 1.381115 8.673741 -8.193290
v 1.379529 9.215841 -8.257180
v 1.379425 9.812837 -8.249941
v 1.381506 9.815084 -8.209194
v 1.382389 9.220117 -8.179604
v 1.383197 8.675988 -8.152542
v 2.526122 8.672406 -8.251699
v 2.524535 9.214505 -8.315590
v 2.524431 9.811501 -8.308351
v 2.526512 9.813748 -8.267603
v 2.527395 9.218781 -8.238013
v 2.528203 8.674653 -8.210951
v 1.953125 8.685408 -8.271524
v 1.950759 9.225478 -8.372243
v 1.951435 9.824503 -8.328176
v 1.953516 9.826750 -8.287428
v 1.954398 9.231783 -8.257838
v 1.955206 8.687655 -8.230777
vt 0.365327 0.944894
vt 0.365327 0.923943
vt 0.400962 0.923943
vt 0.400962 0.944894
vt 0.440038 0.944894
vt 0.440038 0.923943
vt 0.442856 0.923943
vt 0.986699 0.838592
vt 0.400962 0.947622
vt 0.947807 0.858954
vt 0.912284 0.858954
vt 0.912284 0.838592
vt 0.365327 0.823007
vt 0.365327 0.820332
vt 0.947807 0.959078
vt 0.400962 0.823007
vt 0.947807 0.917975
vt 0.947807 0.938093
vt 0.912284 0.938093
vt 0.912284 0.917975
vt 0.400962 0.864552
vt 0.365327 0.864552
vt 0.365327 0.844238
vt 0.400962 0.844238
vt 0.986699 0.917975
vt 0.440038 0.864552
vt 0.440038 0.844238
vt 0.442856 0.844238
vt 0.947807 0.878561
vt 0.947807 0.898264
vt 0.912284 0.898264
vt 0.912284 0.878561
vt 0.400962 0.903915
vt 0.365327 0.903915
vt 0.365327 0.884226
vt 0.400962 0.884226
vt 0.986699 0.878561
vt 0.440038 0.903915
vt 0.440038 0.884226
vt 0.442856 0.884226
vt 0.986699 0.959078
vt 0.440038 0.823007
vt 0.442856 0.864552
vt 0.986699 0.898264
vt 0.442856 0.903915
vt 0.986699 0.858954
vt 0.986699 0.938093
vt 0.442856 0.944894
vt 0.947807 0.838592
vt 0.365327 0.947622
vt 0.440038 0.820332
vt 0.400962 0.820332
vt 0.912284 0.959078
vt 0.442856 0.823007
vt 0.440038 0.947622
vn 0.434996 -0.074052 -0.897382
vn 0.239037 -0.112634 -0.964456
vn 0.237164 -0.047731 -0.970296
vn 0.434925 -0.044164 -0.899383
vn 0.432498 0.055503 -0.899925
vn 0.236892 0.072591 -0.968820
vn -0.178421 0.119338 0.976691
vn -0.139936 0.102013 0.984892
vn -0.139855 0.048977 0.988960
vn -0.178729 0.048608 0.982697
vn -0.178724 0.048608 0.982698
vn -0.139476 0.048980 0.989013
vn -0.517868 -0.072638 -0.852371
vn 0.237006 0.048608 0.970291
vn 0.237369 0.048604 0.970203
vn -0.517923 -0.043334 -0.854329
vn 0.134388 0.049421 0.989696
vn 0.274955 0.048165 0.960250
vn 0.274950 0.048165 0.960251
vn 0.135099 0.049417 0.989599
vn -0.164404 -0.051556 -0.985045
vn -0.163022 -0.164839 -0.972755
vn -0.331852 -0.111161 -0.936759
vn -0.330030 -0.047214 -0.942789
vn 0.131587 0.118200 0.984233
vn -0.167794 0.120448 -0.978436
vn -0.329773 0.072185 -0.941296
vn 0.274208 0.118892 0.954293
vn -0.033445 0.049595 0.998209
vn 0.050941 0.049683 0.997465
vn 0.050941 0.049683 0.997465
vn -0.034176 0.049593 0.998185
vn 0.064568 -0.051813 -0.996567
vn 0.063358 -0.166005 -0.984087
vn -0.050371 -0.183311 -0.981764
vn -0.050853 -0.045220 -0.997682
vn -0.031029 0.118371 0.992485
vn 0.068333 0.121162 -0.990278
vn -0.050389 0.140254 -0.988832
vn 0.050707 0.122027 0.991231
vn 0.237151 0.101846 0.966120
vn -0.515404 0.055651 -0.855138
s 1
g Recepcion2 group2 Objetos_Recepcion pCube4 group8
usemtl lambert7SG
f 2752/4626/3818 2782/4627/3819 2783/4628/3820 2771/4629/3821
f 2754/4630/3822 2784/4631/3823 2785/4632/3824 2756/4673/3825
f 2772/4674/3826 2786/4635/3827 2787/4636/3828 2758/4637/3829
f 2753/4638/3830 2759/4639/3831 2775/4677/3832 2768/4641/3833
f 2758/4675/3829 2752/4626/3818 2771/4629/3821 2772/4634/3826
f 2774/4642/3834 2780/4643/3835 2781/4644/3836 2761/4645/3837
f 2769/4646/3838 2762/4647/3839 2776/4648/3840 2777/4649/3841
f 2760/4668/3842 2763/4651/3843 2778/4652/3844 2779/4653/3845
f 2773/4654/3846 2792/4655/3847 2793/4656/3848 2765/4657/3849
f 2770/4658/3850 2766/4659/3851 2788/4660/3852 2789/4661/3853
f 2764/4670/3854 2767/4663/3855 2790/4664/3856 2791/4665/3857
f 2763/4651/3843 2769/4646/3838 2777/4649/3841 2778/4652/3844
f 2767/4663/3855 2770/4658/3850 2789/4661/3853 2790/4664/3856
f 2771/4629/3821 2783/4628/3820 2784/4631/3823 2754/4630/3822
f 2772/4634/3826 2771/4629/3821 2754/4630/3822 2756/4680/3825
f 2756/4633/3825 2785/4671/3824 2786/4635/3827 2772/4674/3826
f 2764/4662/3854 2791/4669/3857 2792/4655/3847 2773/4654/3846
f 2760/4650/3842 2779/4672/3845 2780/4643/3835 2774/4642/3834
f 2768/4641/3833 2775/4677/3832 2757/4676/3858 2755/4667/3859
f 2777/4649/3841 2776/4648/3840 2753/4638/3830 2768/4641/3833
f 2778/4652/3844 2777/4649/3841 2768/4641/3833 2755/4667/3859
f 2779/4653/3845 2778/4652/3844 2755/4667/3859 2757/4679/3858
f 2780/4643/3835 2779/4672/3845 2757/4666/3858 2775/4640/3832
f 2781/4644/3836 2780/4643/3835 2775/4640/3832 2759/4678/3831
f 2782/4627/3819 2766/4659/3851 2770/4658/3850 2783/4628/3820
f 2784/4631/3823 2783/4628/3820 2770/4658/3850 2767/4663/3855
f 2785/4632/3824 2784/4631/3823 2767/4663/3855 2764/4670/3854
f 2786/4635/3827 2785/4671/3824 2764/4662/3854 2773/4654/3846
f 2787/4636/3828 2786/4635/3827 2773/4654/3846 2765/4657/3849
f 2789/4661/3853 2788/4660/3852 2762/4647/3839 2769/4646/3838
f 2790/4664/3856 2789/4661/3853 2769/4646/3838 2763/4651/3843
f 2791/4665/3857 2790/4664/3856 2763/4651/3843 2760/4668/3842
f 2792/4655/3847 2791/4669/3857 2760/4650/3842 2774/4642/3834
f 2793/4656/3848 2792/4655/3847 2774/4642/3834 2761/4645/3837
g default
v 2.016540 8.390420 -8.237940
v 1.897660 8.390420 -8.234950
v 2.015569 8.691311 -8.276573
v 1.896688 8.691311 -8.273583
v 2.015983 8.691311 -8.260087
v 1.897103 8.691311 -8.257097
v 2.017530 8.390420 -8.198605
v 1.898649 8.390420 -8.195615
v 1.955861 8.691311 -8.285711
v 1.956276 8.691311 -8.264171
v 1.957822 8.390420 -8.207742
v 1.956833 8.390420 -8.247077
v 1.896688 8.623955 -8.273583
v 1.955861 8.623955 -8.285711
v 2.015569 8.623955 -8.276573
v 2.015983 8.623955 -8.260087
v 1.956275 8.623955 -8.269224
v 1.897103 8.623955 -8.257097
vt 0.125436 0.014711
vt 0.129529 0.014711
vt 0.109430 0.030084
vt 0.125436 0.030084
vt 0.125436 0.034599
vt 0.129529 0.034599
vt 0.119473 0.034599
vt 0.123598 0.034599
vt 0.123598 0.030084
vt 0.119473 0.030084
vt 0.119473 0.014711
vt 0.123598 0.014711
vt 0.113516 0.014711
vt 0.115352 0.014711
vt 0.115352 0.030084
vt 0.113516 0.030084
vt 0.113516 0.034599
vt 0.115352 0.034599
vt 0.119473 0.035949
vt 0.109430 0.034599
vt 0.129529 0.030084
vt 0.115352 0.035949
vt 0.123598 0.035949
vt 0.109430 0.014711
vn 0.553328 -0.133707 -0.822162
vn -0.024803 -0.163260 -0.986271
vn -0.024938 -0.126842 -0.991609
vn 0.463405 -0.111844 -0.879060
vn 0.376936 0.275197 -0.884413
vn -0.024387 0.243018 -0.969715
vn 0.024495 0.251888 0.967446
vn 0.160257 0.220268 0.962185
vn 0.313185 0.185404 0.931418
vn 0.024638 0.191272 0.981228
vn 0.024310 0.254667 0.966723
vn 0.233498 0.248999 0.939935
vn -0.593952 -0.133707 -0.793311
vn -0.185957 0.248999 0.950484
vn -0.266088 0.185548 0.945922
vn -0.507003 -0.111844 -0.854657
vn -0.421010 0.274424 -0.864547
vn -0.111976 0.220206 0.969005
s 1
g Recepcion2 group2 Objetos_Recepcion group8 pCube5
usemtl lambert7SG
f 2794/4681/3860 2805/4682/3861 2807/4701/3862 2808/4684/3863
f 2796/4703/3864 2802/4699/3865 2803/4687/3866 2798/4688/3867
f 2809/4689/3868 2810/4690/3869 2804/4691/3870 2800/4692/3871
f 2795/4693/3872 2801/4694/3873 2811/4695/3874 2806/4696/3875
f 2800/4692/3871 2794/4681/3860 2808/4684/3863 2809/4689/3868
f 2802/4699/3865 2797/4702/3876 2799/4698/3877 2803/4687/3866
f 2804/4691/3870 2810/4690/3869 2811/4695/3874 2801/4694/3873
f 2807/4683/3862 2805/4704/3861 2795/4693/3872 2806/4696/3875
f 2802/4700/3865 2807/4683/3862 2806/4696/3875 2797/4697/3876
f 2808/4684/3863 2807/4701/3862 2802/4686/3865 2796/4685/3864
f 2809/4689/3868 2808/4684/3863 2796/4685/3864 2798/4688/3867
f 2798/4688/3867 2803/4687/3866 2810/4690/3869 2809/4689/3868
f 2811/4695/3874 2810/4690/3869 2803/4687/3866 2799/4698/3877
f 2806/4696/3875 2811/4695/3874 2799/4698/3877 2797/4697/3876
g default
v 2.281364 8.364803 -8.408448
v 1.610552 8.364803 -8.376784
v 2.281364 8.391952 -8.408448
v 1.610552 8.391952 -8.376784
v 2.297882 8.391952 -8.058509
v 1.627070 8.391952 -8.026845
v 2.297882 8.364803 -8.058509
v 1.627070 8.364803 -8.026845
vt 0.264176 0.029237
vt 0.265958 0.077094
vt 0.264188 0.077096
vt 0.264176 0.031008
vt 0.240127 0.077122
vt 0.240136 0.031007
vt 0.240128 0.078896
vt 0.238365 0.031006
vt 0.240138 0.029236
vt 0.238355 0.077123
vt 0.265947 0.031008
vt 0.264190 0.078866
vn 0.420195 0.000000 -0.907434
vn -0.503804 0.000000 -0.863818
vn -0.043869 0.996202 -0.075218
vn 0.036589 0.996202 -0.079016
vn -0.036589 0.996202 0.079016
vn 0.043869 0.996202 0.075218
vn -0.420195 0.000000 0.907434
vn 0.503804 0.000000 0.863818
s 1
g Recepcion2 group2 Objetos_Recepcion group8 pCube6
usemtl lambert7SG
f 2812/4715/3878 2813/4706/3879 2815/4707/3880 2814/4708/3881
f 2814/4708/3881 2815/4707/3880 2817/4709/3882 2816/4710/3883
f 2816/4710/3883 2817/4709/3882 2819/4714/3884 2818/4712/3885
f 2813/4716/3879 2819/4711/3884 2817/4709/3882 2815/4707/3880
f 2818/4713/3885 2812/4705/3878 2814/4708/3881 2816/4710/3883
g default
v 2.127075 8.427015 -7.754973
v 1.235767 8.426991 -7.709934
v 2.127134 8.441672 -7.753714
v 1.235826 8.441648 -7.708675
v 2.139824 8.416043 -7.484866
v 1.248517 8.416019 -7.439827
v 2.139765 8.401386 -7.486125
v 1.248457 8.401362 -7.441086
vt 0.054708 0.029755
vt 0.055674 0.091980
vt 0.054714 0.091981
vt 0.054712 0.030714
vt 0.036161 0.092042
vt 0.036160 0.030776
vt 0.036165 0.093003
vt 0.035200 0.030776
vt 0.036157 0.029817
vt 0.035201 0.092042
vt 0.055672 0.030714
vt 0.054717 0.092941
vn 0.241751 0.082091 -0.966860
vn -0.337365 0.081939 -0.937801
vn -0.014387 0.999040 0.041386
vn 0.018494 0.999045 0.039585
vn -0.008982 0.988738 0.149387
vn 0.023868 0.988755 0.147626
vn -0.241655 -0.082089 0.966884
vn 0.337456 -0.081932 0.937769
s 1
g Recepcion2 group2 Objetos_Recepcion group8 pCube10
usemtl lambert7SG
f 2820/4727/3886 2821/4718/3887 2823/4719/3888 2822/4720/3889
f 2822/4720/3889 2823/4719/3888 2825/4721/3890 2824/4722/3891
f 2824/4722/3891 2825/4721/3890 2827/4726/3892 2826/4724/3893
f 2821/4728/3887 2827/4723/3892 2825/4721/3890 2823/4719/3888
f 2826/4725/3893 2820/4717/3886 2822/4720/3889 2824/4722/3891
g default
v 2.112331 8.433431 -7.865456
v 1.235998 8.424548 -7.828626
v 2.112391 8.448088 -7.864196
v 1.236057 8.439205 -7.827367
v 2.114822 8.443178 -7.812691
v 1.238489 8.434295 -7.775861
v 2.114763 8.428521 -7.813950
v 1.238430 8.419638 -7.777120
vt 0.991064 0.063342
vt 0.991995 0.124544
vt 0.991035 0.124534
vt 0.991029 0.064332
vt 0.987481 0.124520
vt 0.987474 0.064316
vt 0.987479 0.125483
vt 0.986514 0.064326
vt 0.987471 0.063350
vt 0.986521 0.124530
vt 0.991989 0.064341
vt 0.991032 0.125493
vn 0.015878 0.085526 -0.996209
vn -0.101914 0.085566 -0.991106
vn -0.033840 0.982647 -0.182372
vn -0.001351 0.983809 -0.179214
vn -0.010190 0.931278 0.364167
vn 0.021879 0.932311 0.360994
vn -0.016629 -0.085523 0.996197
vn 0.101164 -0.085571 0.991183
s 1
g Recepcion2 group2 Objetos_Recepcion group8 pCube9
usemtl lambert7SG
f 2828/4739/3894 2829/4730/3895 2831/4731/3896 2830/4732/3897
f 2830/4732/3897 2831/4731/3896 2833/4733/3898 2832/4734/3899
f 2832/4734/3899 2833/4733/3898 2835/4738/3900 2834/4736/3901
f 2829/4740/3895 2835/4735/3900 2833/4733/3898 2831/4731/3896
f 2834/4737/3901 2828/4729/3894 2830/4732/3897 2832/4734/3899
g default
v 2.747546 8.413389 -7.950488
v 1.181985 8.413389 -7.876589
v 2.747656 8.440428 -7.948165
v 1.182095 8.440428 -7.874266
v 2.770401 8.394493 -7.466298
v 1.204841 8.394493 -7.392399
v 2.770292 8.367453 -7.468621
v 1.204731 8.367453 -7.394722
vt 0.324156 0.025662
vt 0.325949 0.135022
vt 0.324178 0.135023
vt 0.324166 0.027422
vt 0.290924 0.135026
vt 0.290915 0.027428
vt 0.290924 0.136797
vt 0.289144 0.027428
vt 0.290915 0.025658
vt 0.289153 0.135026
vt 0.325937 0.027422
vt 0.324178 0.136794
vn 0.250169 0.081870 -0.964734
vn -0.339930 0.081868 -0.936881
vn -0.015438 0.999092 0.039721
vn 0.019111 0.999092 0.038090
vn -0.010172 0.988496 0.150906
vn 0.024342 0.988496 0.149276
vn -0.250165 -0.081870 0.964736
vn 0.339927 -0.081868 0.936882
s 1
g Recepcion2 group2 Objetos_Recepcion group8 pCube7
usemtl lambert7SG
f 2836/4751/3902 2837/4742/3903 2839/4743/3904 2838/4744/3905
f 2838/4744/3905 2839/4743/3904 2841/4745/3906 2840/4746/3907
f 2840/4746/3907 2841/4745/3906 2843/4750/3908 2842/4748/3909
f 2837/4752/3903 2843/4747/3908 2841/4745/3906 2839/4743/3904
f 2842/4749/3909 2836/4741/3902 2838/4744/3905 2840/4746/3907
g default
v 2.390305 8.433044 -7.877606
v 2.161561 8.433044 -7.866808
v 2.390364 8.447700 -7.876346
v 2.161621 8.447700 -7.865549
v 2.401150 8.425919 -7.647853
v 2.172406 8.425919 -7.637056
v 2.401090 8.411262 -7.649112
v 2.172346 8.411262 -7.638315
vt 0.234450 0.010797
vt 0.251131 0.009838
vt 0.251131 0.010798
vt 0.235410 0.010797
vt 0.251129 0.026565
vt 0.235408 0.026565
vt 0.252089 0.026565
vt 0.235408 0.027525
vt 0.234448 0.026565
vt 0.251129 0.027525
vt 0.235410 0.009837
vt 0.252091 0.010798
vn 0.674345 0.060487 -0.735935
vn -0.740668 0.060484 -0.669143
vn -0.062484 0.997471 0.033882
vn 0.065398 0.997471 0.027846
vn -0.056425 0.985393 0.160677
vn 0.071309 0.985393 0.154646
vn -0.674357 -0.060495 0.735924
vn 0.740670 -0.060493 0.669140
s 1
g Recepcion2 group2 Objetos_Recepcion group8 pCube12
usemtl lambert7SG
f 2844/4763/3910 2845/4754/3911 2847/4755/3912 2846/4756/3913
f 2846/4756/3913 2847/4755/3912 2849/4757/3914 2848/4758/3915
f 2848/4758/3915 2849/4757/3914 2851/4762/3916 2850/4760/3917
f 2845/4764/3911 2851/4759/3916 2849/4757/3914 2847/4755/3912
f 2850/4761/3917 2844/4753/3910 2846/4756/3913 2848/4758/3915
g default
v 2.705244 8.433044 -7.891581
v 2.438809 8.433044 -7.879004
v 2.705304 8.447700 -7.890322
v 2.438869 8.447700 -7.877745
v 2.716089 8.425919 -7.661828
v 2.449654 8.425919 -7.649252
v 2.716030 8.411262 -7.663087
v 2.449595 8.411262 -7.650511
vt 0.313685 0.004972
vt 0.314649 0.024245
vt 0.313688 0.024245
vt 0.313686 0.005933
vt 0.297922 0.024242
vt 0.297918 0.005932
vt 0.297922 0.025202
vt 0.296957 0.005932
vt 0.297918 0.004971
vt 0.296962 0.024242
vt 0.314646 0.005933
vt 0.313688 0.025205
vn 0.616348 0.064929 -0.784793
vn -0.687534 0.064925 -0.723244
vn -0.053468 0.998008 0.033474
vn 0.056383 0.998008 0.028289
vn -0.047415 0.985923 0.160338
vn 0.062307 0.985923 0.155160
vn -0.616349 -0.064927 0.784792
vn 0.687540 -0.064922 0.723238
s 1
g Recepcion2 group2 Objetos_Recepcion group8 pCube8
usemtl lambert7SG
f 2852/4775/3918 2853/4766/3919 2855/4767/3920 2854/4768/3921
f 2854/4768/3921 2855/4767/3920 2857/4769/3922 2856/4770/3923
f 2856/4770/3923 2857/4769/3922 2859/4774/3924 2858/4772/3925
f 2853/4776/3919 2859/4771/3924 2857/4769/3922 2855/4767/3920
f 2858/4773/3925 2852/4765/3918 2854/4768/3921 2856/4770/3923
g default
v 2.714633 8.407258 -7.640844
v 2.448199 8.407258 -7.628268
v 2.714692 8.421915 -7.639585
v 2.448258 8.421915 -7.627008
v 2.720195 8.410802 -7.523015
v 2.453761 8.410802 -7.510438
v 2.720136 8.396145 -7.524274
v 2.453701 8.396145 -7.511697
vt 0.280567 0.022584
vt 0.281528 0.041853
vt 0.280568 0.041853
vt 0.280567 0.023544
vt 0.272523 0.041857
vt 0.272523 0.023547
vt 0.272524 0.042818
vt 0.271563 0.023547
vt 0.272523 0.022587
vt 0.271563 0.041857
vt 0.281527 0.023543
vt 0.280568 0.042813
vn 0.358886 0.078460 -0.930078
vn -0.444893 0.078451 -0.892141
vn -0.056055 0.998052 -0.027372
vn 0.053227 0.998052 -0.032533
vn -0.044260 0.974524 0.219874
vn 0.064775 0.974524 0.214726
vn -0.358887 -0.078463 0.930077
vn 0.444895 -0.078453 0.892140
s 1
g Recepcion2 group2 Objetos_Recepcion group8 pCube11
usemtl lambert7SG
f 2860/4787/3926 2861/4778/3927 2863/4779/3928 2862/4780/3929
f 2862/4780/3929 2863/4779/3928 2865/4781/3930 2864/4782/3931
f 2864/4782/3931 2865/4781/3930 2867/4786/3932 2866/4784/3933
f 2861/4788/3927 2867/4783/3932 2865/4781/3930 2863/4779/3928
f 2866/4785/3933 2860/4777/3926 2862/4780/3929 2864/4782/3931
g default
v 3.079441 8.389339 -7.930769
v 2.918060 8.389339 -7.923152
v 3.079554 8.415196 -7.928383
v 2.918173 8.415196 -7.920765
v 3.086203 8.399829 -7.679359
v 2.924822 8.399829 -7.671741
v 3.086057 8.365691 -7.682456
v 2.924676 8.365691 -7.674839
v 2.888183 8.381655 -7.840960
v 2.888319 8.413240 -7.838081
v 3.117063 8.413240 -7.848879
v 3.116928 8.381655 -7.851757
v 2.997163 8.392546 -7.960605
v 2.997298 8.424131 -7.957727
v 3.001731 8.471887 -7.840707
v 3.007123 8.402349 -7.641413
v 3.006954 8.362484 -7.645003
vt 0.208528 0.021100
vt 0.219688 0.021099
vt 0.219243 0.023037
vt 0.213033 0.023366
vt 0.217800 0.030816
vt 0.209399 0.029979
vt 0.211282 0.041629
vt 0.216493 0.043846
vt 0.216272 0.046122
vt 0.210416 0.043806
vt 0.225461 0.024392
vt 0.227438 0.032200
vt 0.225498 0.031979
vt 0.224537 0.026024
vt 0.207100 0.029934
vt 0.224139 0.043293
vt 0.222019 0.042672
vt 0.222452 0.044972
vt 0.226360 0.025708
vt 0.209010 0.041979
vt 0.212935 0.021462
vn 0.673542 0.064582 -0.736322
vn -0.046953 0.091379 -0.994709
vn -0.021426 0.865042 -0.501241
vn 0.461180 0.776528 -0.429322
vn 0.005685 0.997516 0.070208
vn 0.583080 0.810558 0.054893
vn 0.524732 0.784331 0.330879
vn 0.015225 0.901123 0.433295
vn 0.046963 -0.090105 0.994824
vn 0.871218 -0.047955 0.488549
vn -0.739903 0.064576 -0.669607
vn -0.999083 0.000484 0.042805
vn -0.573656 0.814017 0.091075
vn -0.503314 0.772211 -0.387769
vn 0.999952 -0.003366 -0.009157
vn -0.841477 -0.045135 0.538404
vn -0.500768 0.787549 0.359164
s 1
g Recepcion2 group2 Objetos_Recepcion group8 Mouse
usemtl lambert7SG
f 2868/4809/3934 2880/4790/3935 2881/4791/3936 2870/4792/3937
f 2870/4792/3937 2881/4791/3936 2882/4793/3938 2878/4794/3939
f 2872/4795/3940 2883/4796/3941 2884/4797/3942 2874/4798/3943
f 2869/4807/3944 2876/4800/3945 2877/4801/3946 2871/4802/3947
f 2879/4803/3948 2868/4789/3934 2870/4792/3937 2878/4794/3939
f 2876/4800/3945 2875/4804/3949 2873/4805/3950 2877/4801/3946
f 2878/4794/3939 2882/4793/3938 2883/4796/3941 2872/4795/3940
f 2874/4808/3943 2879/4803/3948 2878/4794/3939 2872/4795/3940
f 2880/4790/3935 2869/4799/3944 2871/4802/3947 2881/4791/3936
f 2882/4793/3938 2881/4791/3936 2871/4802/3947 2877/4801/3946
f 2883/4796/3941 2882/4793/3938 2877/4801/3946 2873/4805/3950
f 2884/4797/3942 2883/4796/3941 2873/4805/3950 2875/4806/3949
g default
v -4.204498 12.886511 -5.639146
v -4.241767 12.886511 -5.660663
v -4.284148 12.886511 -5.653190
v -4.311810 12.886511 -5.620224
v -4.311810 12.886511 -5.577189
v -4.284148 12.886511 -5.544223
v -4.241767 12.886511 -5.536750
v -4.204498 12.886511 -5.558267
v -4.189779 12.886511 -5.598706
v -4.204498 13.250946 -5.639146
v -4.241767 13.250946 -5.660663
v -4.284148 13.250946 -5.653190
v -4.311810 13.250946 -5.620224
v -4.311810 13.250946 -5.577189
v -4.284148 13.250946 -5.544223
v -4.241767 13.250946 -5.536750
v -4.204498 13.250946 -5.558267
v -4.189779 13.250946 -5.598706
v -4.252692 12.886511 -5.598706
v -4.189779 13.141453 -5.598706
v -4.204498 13.141453 -5.558267
v -4.241767 13.141453 -5.536750
v -4.284148 13.141453 -5.544223
v -4.311810 13.141453 -5.577189
v -4.311810 13.141453 -5.620224
v -4.284148 13.141453 -5.653190
v -4.241767 13.141453 -5.660663
v -4.204498 13.141453 -5.639146
v -4.189779 13.154999 -5.598706
v -4.204498 13.154999 -5.558267
v -4.241767 13.154999 -5.536750
v -4.284148 13.154999 -5.544223
v -4.311810 13.154999 -5.577189
v -4.311810 13.154999 -5.620224
v -4.284148 13.154999 -5.653190
v -4.241767 13.154999 -5.660663
v -4.204498 13.154999 -5.639146
v -4.195391 13.142076 -5.598706
v -4.208756 13.142076 -5.561987
v -4.195391 13.154377 -5.598706
v -4.208756 13.154377 -5.561987
v -4.242597 13.142076 -5.542449
v -4.242597 13.154377 -5.542449
v -4.281080 13.142076 -5.549234
v -4.281080 13.154377 -5.549234
v -4.306197 13.142076 -5.579168
v -4.306197 13.154377 -5.579168
v -4.306197 13.142076 -5.618244
v -4.306197 13.154377 -5.618244
v -4.281080 13.142076 -5.648179
v -4.281080 13.154377 -5.648179
v -4.242597 13.142076 -5.654964
v -4.242597 13.154377 -5.654964
v -4.208756 13.142076 -5.635426
v -4.208756 13.154377 -5.635426
vt 0.058632 0.022990
vt 0.064602 0.024042
vt 0.069852 0.021010
vt 0.071924 0.015313
vt 0.069850 0.009617
vt 0.064600 0.006587
vt 0.058630 0.007640
vt 0.054734 0.012285
vt 0.054735 0.018347
vt 0.063062 0.015314
vt 0.017421 0.749687
vt 0.017421 0.755801
vt 0.015654 0.755801
vt 0.015654 0.749687
vt 0.017421 0.797503
vt 0.015654 0.743420
vt 0.017421 0.791717
vt 0.015654 0.791717
vt 0.017421 0.785798
vt 0.015654 0.785798
vt 0.017421 0.779851
vt 0.015654 0.779851
vt 0.017421 0.773876
vt 0.015654 0.773876
vt 0.017421 0.767883
vt 0.015654 0.767883
vt 0.017421 0.761862
vt 0.015654 0.761862
vt 0.014862 0.749687
vt 0.014862 0.755801
vt 0.001992 0.755801
vt 0.001992 0.749687
vt 0.014862 0.797503
vt 0.001992 0.743420
vt 0.014862 0.791717
vt 0.001992 0.791717
vt 0.014862 0.785798
vt 0.001992 0.785798
vt 0.014862 0.779851
vt 0.001992 0.779851
vt 0.014862 0.773876
vt 0.001992 0.773876
vt 0.014862 0.767883
vt 0.001992 0.767883
vt 0.014862 0.761862
vt 0.001992 0.761862
vt 0.018247 0.749687
vt 0.018247 0.755801
vt 0.018247 0.797503
vt 0.018247 0.791717
vt 0.018247 0.785798
vt 0.018247 0.779851
vt 0.018247 0.773876
vt 0.018247 0.767883
vt 0.018247 0.761862
vt 0.001992 0.797503
vt 0.018247 0.743420
vt 0.014862 0.743420
vt 0.015654 0.797503
vt 0.017421 0.743420
vt 0.052371 0.755801
vt 0.052371 0.761862
vt 0.052371 0.749687
vt 0.052371 0.797503
vt 0.052371 0.743420
vt 0.052371 0.791717
vt 0.052371 0.785798
vt 0.052371 0.779851
vt 0.052371 0.773876
vt 0.052371 0.767883
vn 0.762540 -0.095529 -0.639849
vn 0.172853 -0.095528 -0.980304
vn 0.173607 0.016752 -0.984672
vn 0.765934 0.016450 -0.642709
vn -0.497715 -0.095527 -0.862064
vn -0.499940 0.017092 -0.865891
vn -0.935397 -0.095528 -0.340452
vn -0.939555 0.017312 -0.341960
vn -0.935397 -0.095528 0.340452
vn -0.939555 0.017312 0.341960
vn -0.497715 -0.095528 0.862064
vn -0.499940 0.017092 0.865891
vn 0.172853 -0.095528 0.980304
vn 0.173607 0.016752 0.984672
vn 0.762541 -0.095528 0.639848
vn 0.765934 0.016450 0.642709
vn 0.995427 -0.095528 0.000000
vn 0.999867 0.016329 0.000000
vn 0.000000 -1.000000 0.000000
vn 0.670340 0.484305 0.562221
vn 0.876367 0.481644 0.000002
vn 0.876367 -0.481644 -0.000001
vn 0.670337 -0.484303 0.562228
vn 0.151567 0.491019 0.857862
vn 0.151565 -0.491015 0.857865
vn -0.433193 0.498606 0.750824
vn -0.433192 -0.498606 0.750824
vn -0.811838 0.503532 0.295592
vn -0.811838 -0.503532 0.295591
vn -0.811837 0.503532 -0.295595
vn -0.811839 -0.503534 -0.295587
vn -0.433190 0.498608 -0.750824
vn -0.433194 -0.498612 -0.750819
vn 0.151566 0.491024 -0.857860
vn 0.151566 -0.491021 -0.857861
vn 0.670341 0.484307 -0.562218
vn 0.670338 -0.484304 -0.562225
vn 0.765299 -0.043543 0.642200
vn 0.999065 -0.043225 -0.000000
vn 1.000000 0.000000 -0.000000
vn 0.766044 0.000000 0.642788
vn 0.173435 -0.044342 0.983847
vn 0.173647 0.000000 0.984808
vn -0.499520 -0.045240 0.865120
vn -0.500001 0.000000 0.866025
vn -0.938712 -0.045821 0.341644
vn -0.939694 0.000000 0.342016
vn -0.938712 -0.045821 -0.341643
vn -0.939694 0.000000 -0.342016
vn -0.499521 -0.045240 -0.865120
vn -0.500001 0.000000 -0.866025
vn 0.173435 -0.044342 -0.983847
vn 0.173647 0.000000 -0.984808
vn 0.765299 -0.043543 -0.642200
vn 0.766044 0.000000 -0.642788
s 1
g Recepcion2 group2 Objetos_Recepcion pCylinder14 group9
usemtl lambert7SG
f 2885/4871/3951 2886/4879/3952 2911/4863/3953 2912/4864/3954
f 2886/4879/3952 2887/4878/3955 2910/4862/3956 2911/4863/3953
f 2887/4878/3955 2888/4877/3957 2909/4861/3958 2910/4862/3956
f 2888/4877/3957 2889/4876/3959 2908/4860/3960 2909/4861/3958
f 2889/4876/3959 2890/4875/3961 2907/4859/3962 2908/4860/3960
f 2890/4875/3961 2891/4873/3963 2906/4858/3964 2907/4859/3962
f 2891/4874/3963 2892/4872/3965 2905/4856/3966 2906/4866/3964
f 2892/4872/3965 2893/4870/3967 2904/4857/3968 2905/4856/3966
f 2893/4870/3967 2885/4871/3951 2912/4864/3954 2904/4857/3968
f 2886/4811/3952 2885/4810/3951 2903/4819/3969
f 2887/4812/3955 2886/4811/3952 2903/4819/3969
f 2888/4813/3957 2887/4812/3955 2903/4819/3969
f 2889/4814/3959 2888/4813/3957 2903/4819/3969
f 2890/4815/3961 2889/4814/3959 2903/4819/3969
f 2891/4816/3963 2890/4815/3961 2903/4819/3969
f 2892/4817/3965 2891/4816/3963 2903/4819/3969
f 2893/4818/3967 2892/4817/3965 2903/4819/3969
f 2885/4810/3951 2893/4818/3967 2903/4819/3969
f 2923/4820/3970 2922/4821/3971 2924/4822/3972 2925/4823/3973
f 2926/4869/3974 2923/4820/3970 2925/4823/3973 2927/4825/3975
f 2928/4826/3976 2926/4824/3974 2927/4868/3975 2929/4827/3977
f 2930/4828/3978 2928/4826/3976 2929/4827/3977 2931/4829/3979
f 2932/4830/3980 2930/4828/3978 2931/4829/3979 2933/4831/3981
f 2934/4832/3982 2932/4830/3980 2933/4831/3981 2935/4833/3983
f 2936/4834/3984 2934/4832/3982 2935/4833/3983 2937/4835/3985
f 2938/4836/3986 2936/4834/3984 2937/4835/3985 2939/4837/3987
f 2922/4821/3971 2938/4836/3986 2939/4837/3987 2924/4822/3972
f 2914/4838/3988 2913/4839/3989 2902/4840/3990 2901/4841/3991
f 2915/4867/3992 2914/4838/3988 2901/4841/3991 2900/4843/3993
f 2916/4844/3994 2915/4842/3992 2900/4865/3993 2899/4845/3995
f 2917/4846/3996 2916/4844/3994 2899/4845/3995 2898/4847/3997
f 2918/4848/3998 2917/4846/3996 2898/4847/3997 2897/4849/3999
f 2919/4850/4000 2918/4848/3998 2897/4849/3999 2896/4851/4001
f 2920/4852/4002 2919/4850/4000 2896/4851/4001 2895/4853/4003
f 2921/4854/4004 2920/4852/4002 2895/4853/4003 2894/4855/4005
f 2913/4839/3989 2921/4854/4004 2894/4855/4005 2902/4840/3990
f 2905/4856/3966 2904/4857/3968 2922/4821/3971 2923/4820/3970
f 2913/4839/3989 2914/4838/3988 2925/4823/3973 2924/4822/3972
f 2906/4866/3964 2905/4856/3966 2923/4820/3970 2926/4869/3974
f 2914/4838/3988 2915/4867/3992 2927/4825/3975 2925/4823/3973
f 2907/4859/3962 2906/4858/3964 2926/4824/3974 2928/4826/3976
f 2915/4842/3992 2916/4844/3994 2929/4827/3977 2927/4868/3975
f 2908/4860/3960 2907/4859/3962 2928/4826/3976 2930/4828/3978
f 2916/4844/3994 2917/4846/3996 2931/4829/3979 2929/4827/3977
f 2909/4861/3958 2908/4860/3960 2930/4828/3978 2932/4830/3980
f 2917/4846/3996 2918/4848/3998 2933/4831/3981 2931/4829/3979
f 2910/4862/3956 2909/4861/3958 2932/4830/3980 2934/4832/3982
f 2918/4848/3998 2919/4850/4000 2935/4833/3983 2933/4831/3981
f 2911/4863/3953 2910/4862/3956 2934/4832/3982 2936/4834/3984
f 2919/4850/4000 2920/4852/4002 2937/4835/3985 2935/4833/3983
f 2912/4864/3954 2911/4863/3953 2936/4834/3984 2938/4836/3986
f 2920/4852/4002 2921/4854/4004 2939/4837/3987 2937/4835/3985
f 2904/4857/3968 2912/4864/3954 2938/4836/3986 2922/4821/3971
f 2921/4854/4004 2913/4839/3989 2924/4822/3972 2939/4837/3987
g default
v -4.241041 13.242937 -5.607226
v -4.248893 13.242937 -5.611759
v -4.257821 13.242937 -5.610185
v -4.263650 13.242937 -5.603240
v -4.263650 13.242937 -5.594173
v -4.257821 13.242937 -5.587228
v -4.248893 13.242937 -5.585654
v -4.241041 13.242937 -5.590187
v -4.237940 13.242937 -5.598706
v -4.237940 13.963277 -5.598706
v -4.241041 13.963277 -5.590187
v -4.248893 13.963277 -5.585654
v -4.257821 13.963277 -5.587228
v -4.263650 13.963277 -5.594173
v -4.263650 13.963277 -5.603240
v -4.257821 13.963277 -5.610185
v -4.248893 13.963277 -5.611759
v -4.241041 13.963277 -5.607226
vt 0.990345 0.132523
vt 0.991622 0.132523
vt 0.991622 0.228959
vt 0.990345 0.228959
vt 0.992900 0.132523
vt 0.992900 0.228959
vt 0.994177 0.132523
vt 0.994177 0.228959
vt 0.995454 0.132523
vt 0.995454 0.228959
vt 0.996731 0.132523
vt 0.996731 0.228959
vt 0.998008 0.132523
vt 0.986514 0.228959
vt 0.987791 0.132523
vt 0.987791 0.228959
vt 0.989068 0.132523
vt 0.989068 0.228959
vt 0.986514 0.132523
vt 0.998008 0.228959
vn 0.766043 0.000000 -0.642789
vn 0.173647 0.000000 -0.984808
vn 0.173647 0.000000 -0.984808
vn 0.766043 0.000000 -0.642789
vn -0.499989 0.000000 -0.866032
vn -0.499989 0.000000 -0.866032
vn -0.939682 0.000000 -0.342049
vn -0.939682 0.000000 -0.342049
vn -0.939683 0.000000 0.342047
vn -0.939683 0.000000 0.342047
vn -0.499989 0.000000 0.866032
vn -0.499989 0.000000 0.866032
vn 0.173647 0.000000 0.984808
vn 0.173647 0.000000 0.984808
vn 0.766042 0.000000 0.642791
vn 0.766042 0.000000 0.642791
vn 1.000000 0.000000 0.000000
vn 1.000000 0.000000 0.000000
s 1
g Recepcion2 group2 Objetos_Recepcion group9 pCylinder17
usemtl lambert7SG
f 2940/4880/4006 2941/4881/4007 2956/4882/4008 2957/4883/4009
f 2941/4881/4007 2942/4884/4010 2955/4885/4011 2956/4882/4008
f 2942/4884/4010 2943/4886/4012 2954/4887/4013 2955/4885/4011
f 2943/4886/4012 2944/4888/4014 2953/4889/4015 2954/4887/4013
f 2944/4888/4014 2945/4890/4016 2952/4891/4017 2953/4889/4015
f 2945/4890/4016 2946/4892/4018 2951/4899/4019 2952/4891/4017
f 2946/4898/4018 2947/4894/4020 2950/4895/4021 2951/4893/4019
f 2947/4894/4020 2948/4896/4022 2949/4897/4023 2950/4895/4021
f 2948/4896/4022 2940/4880/4006 2957/4883/4009 2949/4897/4023
g default
v -9.600797 31.630657 -5.745056
v -15.644820 31.630657 -5.745056
v 9.874384 31.626504 -3.730382
v -9.600797 31.626504 -3.730382
v 9.874385 31.626504 -7.421594
v -1.029418 31.628853 -5.758184
v -3.826730 31.629494 -5.753519
v -9.600797 31.630657 -7.038960
v -15.644820 31.630657 -10.504193
v 9.248492 31.626637 -6.964829
v 8.513450 31.626794 -6.805493
v 7.812026 31.626943 -6.930926
v 7.189325 31.627077 -7.425987
v 6.643136 31.627193 -8.029937
v 6.145304 31.627299 -8.540250
v 5.485522 31.627439 -8.931490
v 4.640942 31.627620 -9.204726
v 3.611666 31.627839 -9.172226
v 2.611244 31.628053 -8.714151
v 1.961880 31.628191 -8.168592
v 1.430943 31.628304 -7.436334
v 0.711385 31.628458 -6.795382
v 0.199742 31.628566 -6.414454
v -0.468430 31.628696 -6.004753
v -1.750972 31.629009 -5.547882
v -2.576489 31.629158 -5.426865
v -3.169317 31.629340 -5.512820
v -4.539879 31.629611 -6.165660
v -5.329891 31.629746 -6.799583
v -6.221952 31.629936 -7.282083
v -7.005950 31.630103 -7.519328
v -7.989188 31.630313 -7.603567
v -8.931283 31.630514 -7.385772
v -10.172420 31.630657 -6.805346
v -10.983061 31.630657 -6.588675
v -11.795719 31.630657 -6.580164
v -12.497547 31.630657 -6.894522
v -13.124339 31.630657 -7.322970
v -13.561770 31.630657 -7.734227
v -13.980187 31.630657 -8.164315
v -14.493803 31.630657 -8.762957
v -14.855610 31.630657 -9.287248
v -15.217475 31.630657 -9.867640
v 7.885847 31.626927 -6.917725
v -3.850645 31.629498 -5.753483
v 9.874385 31.441757 -7.421594
v -15.644820 31.445910 -10.504193
v 9.248492 31.441890 -6.964829
v 8.513450 31.442047 -6.805493
v 7.885847 31.442181 -6.917725
v 7.812026 31.442197 -6.930926
v 7.189325 31.442330 -7.425987
v 6.643136 31.442446 -8.029937
v 6.145304 31.442553 -8.540250
v 5.485522 31.442693 -8.931490
v 4.640942 31.442873 -9.204726
v 3.611666 31.443093 -9.172226
v 2.611244 31.443306 -8.714151
v 1.961880 31.443444 -8.168592
v 1.430943 31.443557 -7.436334
v 0.711385 31.443711 -6.795382
v 0.199742 31.443819 -6.414454
v -0.468430 31.443950 -6.004753
v -1.029418 31.444107 -5.758184
v -1.750972 31.444262 -5.547882
v -2.576489 31.444411 -5.426865
v -3.169317 31.444593 -5.512820
v -3.826730 31.444747 -5.753519
v -4.539879 31.444865 -6.165660
v -5.329891 31.445000 -6.799583
v -6.221952 31.445190 -7.282083
v -7.005950 31.445356 -7.519328
v -7.989188 31.445566 -7.603567
v -8.931283 31.445767 -7.385772
v -9.600797 31.445910 -7.038960
v -10.172420 31.445910 -6.805346
v -10.983061 31.445910 -6.588675
v -11.795719 31.445910 -6.580164
v -12.497547 31.445910 -6.894522
v -13.124339 31.445910 -7.322970
v -13.561770 31.445910 -7.734227
v -13.980187 31.445910 -8.164315
v -14.493803 31.445910 -8.762957
v -14.855610 31.445910 -9.287248
v -15.217475 31.445910 -9.867640
v 4.108172 31.442988 -9.217575
v 4.108172 31.627734 -9.217575
v -15.568187 31.445910 -10.390046
v -15.594129 31.630657 -10.385191
v 9.800178 31.441773 -7.367440
v 9.800178 31.626519 -7.367440
v -9.502829 31.630636 -7.089708
v -9.502829 31.445888 -7.089708
v -9.741662 31.630657 -6.981390
v -9.741662 31.445910 -6.981390
vt 0.072076 0.373212
vt 0.068596 0.380693
vt 0.049038 0.369061
vt 0.117037 0.009798
vt 0.115888 0.011078
vt 0.048316 0.002815
vt 0.060020 0.261608
vt 0.066331 0.275646
vt 0.059974 0.262053
vt 0.107347 0.020586
vt 0.102986 0.033966
vt 0.103886 0.045860
vt 0.103991 0.047259
vt 0.112027 0.059786
vt 0.122235 0.071094
vt 0.130792 0.081326
vt 0.136825 0.094346
vt 0.140311 0.110582
vt 0.139541 0.120522
vt 0.137756 0.129677
vt 0.127334 0.147427
vt 0.115948 0.158477
vt 0.101313 0.166969
vt 0.088020 0.179144
vt 0.079961 0.187943
vt 0.071070 0.199601
vt 0.065419 0.209573
vt 0.060139 0.222602
vt 0.011487 0.365253
vt 0.056324 0.237734
vt 0.056797 0.248926
vt 0.076605 0.291511
vt 0.083872 0.308969
vt 0.086794 0.323944
vt 0.086515 0.342286
vt 0.080766 0.359237
vt 0.074353 0.369123
vt 0.073289 0.370793
vt 0.065110 0.396607
vt 0.064627 0.412614
vt 0.046673 0.488100
vt 0.070545 0.426560
vt 0.078740 0.439075
vt 0.086669 0.447854
vt 0.094977 0.456264
vt 0.106566 0.466618
vt 0.116751 0.473953
vt 0.128040 0.481310
vt 0.138085 0.488932
vt 0.001945 0.001991
vt 0.007249 0.001991
vt 0.007249 0.002769
vt 0.001945 0.002769
vt 0.007249 0.009308
vt 0.007249 0.018215
vt 0.001945 0.018215
vt 0.001945 0.009308
vt 0.007249 0.028088
vt 0.001945 0.028088
vt 0.007249 0.029497
vt 0.001945 0.029497
vt 0.007249 0.046904
vt 0.001945 0.046904
vt 0.007249 0.067619
vt 0.001945 0.067619
vt 0.007249 0.087969
vt 0.001945 0.087969
vt 0.007249 0.111722
vt 0.001945 0.111722
vt 0.007249 0.139625
vt 0.001945 0.139625
vt 0.007249 0.155293
vt 0.001945 0.155293
vt 0.007249 0.168216
vt 0.001945 0.168216
vt 0.007249 0.193525
vt 0.001945 0.193525
vt 0.007249 0.211485
vt 0.001945 0.211485
vt 0.007249 0.229602
vt 0.001945 0.229602
vt 0.007249 0.248501
vt 0.001945 0.248501
vt 0.007249 0.261001
vt 0.001945 0.261001
vt 0.007249 0.276414
vt 0.001945 0.276414
vt 0.007249 0.288710
vt 0.001945 0.288710
vt 0.007249 0.304222
vt 0.001945 0.304222
vt 0.007249 0.321871
vt 0.001945 0.321871
vt 0.007249 0.334710
vt 0.001945 0.334710
vt 0.007249 0.349677
vt 0.001945 0.349677
vt 0.007249 0.367153
vt 0.001945 0.367153
vt 0.007249 0.388440
vt 0.001945 0.388440
vt 0.007249 0.409660
vt 0.001945 0.409660
vt 0.007249 0.426828
vt 0.001945 0.426828
vt 0.007249 0.447785
vt 0.001945 0.447785
vt 0.007249 0.468701
vt 0.001945 0.468701
vt 0.007249 0.482702
vt 0.007249 0.485074
vt 0.001945 0.485074
vt 0.001945 0.482702
vt 0.007249 0.488269
vt 0.007249 0.497704
vt 0.001945 0.497704
vt 0.001945 0.488269
vt 0.007249 0.514177
vt 0.001945 0.514177
vt 0.007249 0.529526
vt 0.001945 0.529526
vt 0.007249 0.543158
vt 0.001945 0.543158
vt 0.007249 0.556057
vt 0.001945 0.556057
vt 0.007249 0.565619
vt 0.001945 0.565619
vt 0.007249 0.574411
vt 0.001945 0.574411
vt 0.007249 0.585333
vt 0.001945 0.585333
vt 0.007249 0.593531
vt 0.001945 0.593531
vt 0.007249 0.602205
vt 0.001945 0.602205
vt 0.007249 0.609987
vt 0.001945 0.609987
vt 0.007249 0.611586
vt 0.001945 0.611586
vt 0.140409 0.489977
vn -0.121296 0.947207 -0.296792
vn -0.084475 0.959979 -0.267030
vn 0.000173 0.999999 0.001502
vn -0.119305 0.979258 -0.163767
vn -0.102040 0.984864 -0.140108
vn 0.000116 1.000000 0.000714
vn 0.041929 0.995298 -0.087316
vn 0.069199 0.992658 -0.099205
vn 0.000062 1.000000 0.000827
vn -0.040703 0.994768 -0.093697
vn -0.003540 0.994071 -0.108672
vn 0.017425 0.995205 -0.096244
vn 0.093407 0.987404 -0.127702
vn 0.357286 0.853274 -0.379830
vn 0.368268 0.863387 -0.344880
vn 0.107599 0.984585 -0.137895
vn 0.043645 0.994195 -0.098341
vn 0.020121 0.995192 -0.095855
vn -0.001895 0.997771 -0.066706
vn -0.015144 0.998842 -0.045660
vn -0.026442 0.998690 -0.043812
vn -0.032776 0.998998 -0.030469
vn -0.029045 0.999223 -0.026643
vn -0.030154 0.998875 -0.036585
vn -0.025303 0.998955 -0.038052
vn -0.026897 0.998343 -0.050866
vn -0.021238 0.997957 -0.060256
vn -0.001834 0.999972 -0.007228
vn 0.000132 0.999998 0.001826
vn -0.000168 0.999982 -0.006017
vn 0.030805 0.992731 -0.116347
vn 0.064016 0.993304 -0.096177
vn 0.051308 0.991568 -0.118996
vn 0.031576 0.984514 -0.172438
vn -0.014373 0.977571 -0.210113
vn -0.080419 0.968059 -0.237474
vn -0.114562 0.968394 -0.221557
vn -0.125853 0.952377 -0.277740
vn -0.008344 0.998155 -0.060150
vn 0.009838 0.998764 -0.048720
vn 0.000000 1.000000 -0.000001
vn 0.068599 0.990070 -0.122699
vn 0.075923 0.992460 -0.096223
vn 0.088017 0.992087 -0.089535
vn 0.091545 0.992341 -0.082941
vn 0.106083 0.990912 -0.082701
vn 0.115248 0.990464 -0.075498
vn 0.116100 0.990283 -0.076553
vn 0.193750 0.972411 -0.129911
vn -0.589490 0.000000 -0.807775
vn -0.589497 0.000000 -0.807770
vn -0.400262 0.000000 -0.916401
vn -0.034590 0.000000 -0.999402
vn 0.176034 0.000000 -0.984384
vn 0.589450 0.000000 -0.807805
vn 0.684985 0.000000 -0.728557
vn 0.729735 0.000000 -0.683730
vn 0.614462 0.000000 -0.788946
vn 0.404061 0.000000 -0.914732
vn 0.203395 0.000000 -0.979097
vn -0.031547 0.000000 -0.999502
vn -0.318733 0.000000 -0.947844
vn -0.519706 0.000000 -0.854345
vn -0.734568 0.000000 -0.678535
vn -0.739382 0.000000 -0.673286
vn -0.638668 0.000000 -0.769482
vn -0.556697 0.000000 -0.830715
vn -0.471003 0.000000 -0.882132
vn -0.335582 0.000000 -0.942011
vn -0.209424 0.000000 -0.977825
vn -0.024749 0.000000 -0.999694
vn 0.252760 0.000000 -0.967529
vn 0.430021 0.000000 -0.902819
vn 0.571198 0.000000 -0.820813
vn 0.553010 0.000000 -0.833175
vn 0.394602 0.000000 -0.918852
vn 0.178999 0.000000 -0.983849
vn -0.069167 0.000000 -0.997605
vn -0.321443 0.000000 -0.946929
vn -0.459958 0.000000 -0.887941
vn -0.413040 0.000000 -0.910713
vn -0.378313 0.000000 -0.925678
vn -0.301617 0.000000 -0.953429
vn -0.137403 0.000000 -0.990515
vn 0.197952 0.000000 -0.980212
vn 0.487993 0.000000 -0.872848
vn 0.619429 0.000000 -0.785052
vn 0.701038 0.000000 -0.713124
vn 0.741077 0.000000 -0.671420
vn 0.788660 0.000000 -0.614829
vn 0.836490 0.000000 -0.547982
vn 0.834442 0.031308 -0.550206
vn 0.828092 0.065455 -0.556758
vn 0.875637 0.067761 -0.478193
vn 0.527930 0.798854 -0.288308
s 1
g Recepcion2 Recepcion group1 Techo polySurface10 Foma_techo1_high
usemtl lambert6SG
f 3051/4900/4024 2991/4901/4025 2958/4902/4026
f 2962/4903/4027 3048/4904/4028 2960/4905/4029
f 2964/4906/4030 2985/4907/4031 2958/4902/4026 3002/4908/4032
f 2960/4905/4029 2967/4909/4033 2968/4910/4034
f 2960/4905/4029 2968/4910/4034 3001/4911/4035
f 2960/4905/4029 3001/4911/4035 2969/4912/4036 2970/4913/4037
f 2960/4905/4029 2970/4913/4037 2971/4914/4038
f 2960/4905/4029 2971/4914/4038 2972/4915/4039
f 2960/4905/4029 2972/4915/4039 2973/4916/4040
f 2960/4905/4029 2973/4916/4040 2974/4917/4041
f 2960/4905/4029 2974/4917/4041 3044/4918/4042
f 2960/4905/4029 2975/4919/4043 2976/4920/4044
f 2960/4905/4029 2976/4920/4044 2977/4921/4045
f 2960/4905/4029 2978/4922/4046 2979/4923/4047
f 2960/4905/4029 2977/4921/4045 2978/4922/4046
f 2960/4905/4029 2979/4923/4047 2980/4924/4048
f 2960/4905/4029 2980/4924/4048 2981/4925/4049
f 2960/4905/4029 2981/4925/4049 2963/4926/4050
f 2960/4905/4029 2963/4926/4050 2982/4927/4051
f 2961/4928/4052 2960/4905/4029 2982/4927/4051 2983/4929/4053
f 2961/4928/4052 2983/4929/4053 2984/4930/4054
f 3002/4908/4032 2961/4928/4052 2984/4930/4054 2964/4906/4030
f 2958/4902/4026 2961/4928/4052 3002/4908/4032
f 2985/4907/4031 2986/4931/4055 2958/4902/4026
f 2986/4931/4055 2987/4932/4056 2958/4902/4026
f 2987/4932/4056 2988/4933/4057 2958/4902/4026
f 2988/4933/4057 2989/4934/4058 2958/4902/4026
f 2989/4934/4058 2990/4935/4059 2958/4902/4026
f 3049/4936/4060 2965/4937/4061 2958/4902/4026
f 2991/4901/4025 2992/4938/4062 2958/4902/4026
f 2992/4938/4062 2993/4939/4063 2959/4940/4064 2958/4902/4026
f 2993/4939/4063 2994/4941/4065 2959/4940/4064
f 2994/4941/4065 2995/4942/4066 2959/4940/4064
f 2995/4942/4066 2996/4943/4067 2959/4940/4064
f 2996/4943/4067 2997/4944/4068 2959/4940/4064
f 2997/4944/4068 2998/4945/4069 2959/4940/4064
f 2998/4945/4069 2999/4946/4070 2959/4940/4064
f 2999/4946/4070 3000/4947/4071 2959/4940/4064
f 3000/4947/4071 3046/4948/4072 2959/4940/4064
f 2960/4905/4029 3044/4918/4042 2975/4919/4043
f 2962/4949/4027 3003/4950/4073 3047/4951/4074 3048/4952/4028
f 3005/4953/4075 3006/4954/4076 2968/4955/4034 2967/4956/4033
f 3006/4954/4076 3007/4957/4077 3001/4958/4035 2968/4955/4034
f 3007/4957/4077 3008/4959/4078 2969/4960/4036 3001/4958/4035
f 3008/4959/4078 3009/4961/4079 2970/4962/4037 2969/4960/4036
f 3009/4961/4079 3010/4963/4080 2971/4964/4038 2970/4962/4037
f 3010/4963/4080 3011/4965/4081 2972/4966/4039 2971/4964/4038
f 3011/4965/4081 3012/4967/4082 2973/4968/4040 2972/4966/4039
f 3012/4967/4082 3013/4969/4083 2974/4970/4041 2973/4968/4040
f 3013/4969/4083 3043/4971/4084 3044/4972/4042 2974/4970/4041
f 3043/4971/4084 3014/4973/4085 2975/4974/4043 3044/4972/4042
f 3014/4973/4085 3015/4975/4086 2976/4976/4044 2975/4974/4043
f 3015/4975/4086 3016/4977/4087 2977/4978/4045 2976/4976/4044
f 3016/4977/4087 3017/4979/4088 2978/4980/4046 2977/4978/4045
f 3017/4979/4088 3018/4981/4089 2979/4982/4047 2978/4980/4046
f 3018/4981/4089 3019/4983/4090 2980/4984/4048 2979/4982/4047
f 3019/4983/4090 3020/4985/4091 2981/4986/4049 2980/4984/4048
f 3020/4985/4091 3021/4987/4092 2963/4988/4050 2981/4986/4049
f 3021/4987/4092 3022/4989/4093 2982/4990/4051 2963/4988/4050
f 3022/4989/4093 3023/4991/4094 2983/4992/4053 2982/4990/4051
f 3023/4991/4094 3024/4993/4095 2984/4994/4054 2983/4992/4053
f 3024/4993/4095 3025/4995/4096 2964/4996/4030 2984/4994/4054
f 3025/4995/4096 3026/4997/4097 2985/4998/4031 2964/4996/4030
f 3026/4997/4097 3027/4999/4098 2986/5000/4055 2985/4998/4031
f 3027/4999/4098 3028/5001/4099 2987/5002/4056 2986/5000/4055
f 3028/5001/4099 3029/5003/4100 2988/5004/4057 2987/5002/4056
f 3029/5003/4100 3030/5005/4101 2989/5006/4058 2988/5004/4057
f 3030/5005/4101 3031/5007/4102 2990/5008/4059 2989/5006/4058
f 3050/5009/4103 3032/5010/4104 2965/5011/4061 3049/5012/4060
f 3052/5013/4105 3033/5014/4106 2991/5015/4025 3051/5016/4024
f 3033/5014/4106 3034/5017/4107 2992/5018/4062 2991/5015/4025
f 3034/5017/4107 3035/5019/4108 2993/5020/4063 2992/5018/4062
f 3035/5019/4108 3036/5021/4109 2994/5022/4065 2993/5020/4063
f 3036/5021/4109 3037/5023/4110 2995/5024/4066 2994/5022/4065
f 3037/5023/4110 3038/5025/4111 2996/5026/4067 2995/5024/4066
f 3038/5025/4111 3039/5027/4112 2997/5028/4068 2996/5026/4067
f 3039/5027/4112 3040/5029/4113 2998/5030/4069 2997/5028/4068
f 3040/5029/4113 3041/5031/4114 2999/5032/4070 2998/5030/4069
f 3041/5031/4114 3042/5033/4115 3000/5034/4071 2999/5032/4070
f 3042/5033/4115 3045/5035/4116 3046/5036/4072 3000/5034/4071
f 3046/5036/4072 3045/5035/4116 3004/5037/4117 2966/5038/4118
f 3046/4948/4072 2966/5039/4118 2959/4940/4064
f 3048/4952/4028 3047/4951/4074 3005/4953/4075 2967/4956/4033
f 2960/4905/4029 3048/4904/4028 2967/4909/4033
f 3049/4936/4060 2958/4902/4026 2990/4935/4059
f 3050/5009/4103 3049/5012/4060 2990/5008/4059 3031/5007/4102
f 3051/4900/4024 2958/4902/4026 2965/4937/4061
f 3052/5013/4105 3051/5016/4024 2965/5011/4061 3032/5010/4104
g default
v 9.874385 31.626504 -20.519335
v 9.874385 31.626504 -15.098029
v -2.254194 31.629090 -18.185824
v -2.919193 31.626504 -20.519335
v 9.066020 31.626676 -14.890793
v 8.131225 31.626876 -14.746929
v 7.328772 31.627047 -14.744949
v 6.276883 31.627285 -15.037501
v 5.594442 31.627417 -15.267811
v 4.466595 31.627657 -15.680790
v 3.199311 31.627927 -15.885527
v 2.363508 31.628105 -15.976294
v 1.465550 31.628298 -15.917259
v 0.615009 31.628478 -15.875571
v -0.239438 31.628660 -15.990699
v -1.077402 31.628838 -16.461879
v -1.614440 31.628954 -17.058527
v -1.976744 31.629031 -17.638091
v -2.511768 31.627802 -18.941861
v -2.715497 31.626711 -19.579459
v 9.874385 31.441757 -15.098029
v 9.066020 31.441930 -14.890793
v 8.131225 31.442129 -14.746929
v 7.328772 31.442300 -14.744949
v 6.276883 31.442539 -15.037501
v 5.594442 31.442671 -15.267811
v 4.466595 31.442911 -15.680790
v 3.199311 31.443181 -15.885527
v 2.363508 31.443358 -15.976294
v 1.465550 31.443551 -15.917259
v 0.615009 31.443732 -15.875571
v -0.239438 31.443914 -15.990699
v -1.077402 31.444093 -16.461879
v -1.614440 31.444207 -17.058527
v -1.976744 31.444284 -17.638091
v -2.254194 31.444344 -18.185824
v -2.511768 31.443055 -18.941861
v -2.715497 31.441964 -19.579459
v -2.919193 31.441757 -20.519335
v -2.885243 31.626541 -20.345713
v -2.881564 31.441795 -20.345713
v 9.718221 31.626537 -15.057994
v 9.718221 31.441790 -15.057994
v -2.446090 31.628130 -18.749084
v -2.446090 31.443383 -18.749084
vt 0.074324 0.720994
vt 0.064012 0.715765
vt 0.053099 0.708941
vt 0.118264 0.733528
vt 0.084931 0.724610
vt 0.015477 0.495529
vt 0.016231 0.492589
vt 0.118324 0.492587
vt 0.009616 0.525408
vt 0.012329 0.507808
vt 0.009578 0.540516
vt 0.015076 0.560318
vt 0.019414 0.573172
vt 0.027180 0.594405
vt 0.031031 0.618272
vt 0.032735 0.634012
vt 0.031615 0.650925
vt 0.030828 0.666943
vt 0.032993 0.683038
vt 0.041864 0.698822
vt 0.797700 0.334526
vt 0.797700 0.330542
vt 0.802966 0.330542
vt 0.802966 0.334526
vt 0.797700 0.373960
vt 0.797700 0.351102
vt 0.802966 0.351102
vt 0.802966 0.373960
vt 0.797700 0.392692
vt 0.802966 0.392692
vt 0.797700 0.417593
vt 0.802966 0.417593
vt 0.797700 0.433753
vt 0.802966 0.433753
vt 0.797700 0.460747
vt 0.802966 0.460747
vt 0.797700 0.490216
vt 0.802966 0.490216
vt 0.797700 0.510419
vt 0.802966 0.510419
vt 0.797700 0.532489
vt 0.802966 0.532489
vt 0.797700 0.552525
vt 0.802966 0.552525
vt 0.797700 0.570735
vt 0.802966 0.570735
vt 0.797700 0.588482
vt 0.802966 0.588482
vt 0.797700 0.601258
vt 0.802966 0.601258
vt 0.797700 0.610365
vt 0.802966 0.610365
vt 0.797700 0.617123
vt 0.802966 0.617123
vt 0.797700 0.622464
vt 0.802966 0.622464
vt 0.797700 0.635555
vt 0.797700 0.624956
vt 0.802966 0.624956
vt 0.802966 0.635555
vt 0.797700 0.648834
vt 0.802966 0.648834
vt 0.802966 0.651861
vt 0.797700 0.651861
vt 0.114995 0.732888
vt 0.100566 0.729689
vt 0.088561 0.725848
vn -0.279674 0.952856 0.117677
vn -0.859737 0.150970 0.487913
vn -0.210045 0.964410 0.160604
vn -0.002197 0.999998 0.000168
vn -0.848520 0.443721 0.288316
vn 0.015936 0.997990 0.061331
vn 0.015252 0.998161 0.058671
vn 0.000040 1.000000 -0.000251
vn 0.006064 0.997548 0.069717
vn 0.013299 0.997680 0.066767
vn -0.009664 0.997962 0.063076
vn -0.017663 0.998085 0.059284
vn -0.018266 0.998481 0.051988
vn -0.002234 0.999961 0.008533
vn -0.000936 0.999978 0.006567
vn -0.001295 0.996457 0.084097
vn 0.004507 0.997206 0.074571
vn -0.003420 0.996485 0.083697
vn -0.036010 0.993896 0.104279
vn -0.090926 0.988945 0.117137
vn 0.248333 0.000000 0.968675
vn 0.248333 0.000000 0.968675
vn 0.083673 0.000000 0.996493
vn 0.192358 0.000000 0.981325
vn -0.154780 0.000000 0.987949
vn -0.288640 0.000000 0.957438
vn -0.334837 0.000000 0.942276
vn -0.249753 0.000000 0.968310
vn -0.139148 0.000000 0.990272
vn -0.018319 0.000000 0.999832
vn 0.057513 0.000000 0.998345
vn -0.043013 0.000000 0.999074
vn -0.327310 0.000000 0.944917
vn -0.613341 0.000000 0.789818
vn -0.794388 0.000000 0.607410
vn -0.869705 0.000000 0.493572
vn -0.921194 0.000000 0.389104
vn -0.946574 0.000000 0.322488
vn -0.966698 -0.005258 0.255865
vn -0.951194 0.000000 0.308593
vn -0.840421 0.468806 0.271872
vn -0.924335 0.292985 0.244467
vn -0.977263 -0.009730 0.211806
vn -0.977268 0.009592 0.211789
vn -0.979362 -0.009750 0.201880
s 1
g Recepcion2 Recepcion group1 Techo Foma_techo1_high polySurface11
usemtl lambert6SG
f 3055/5040/4119 3070/5041/4120 3069/5042/4121
f 3056/5043/4122 3096/5044/4123 3055/5040/4119
f 3094/5045/4124 3054/5046/4125 3053/5047/4126
f 3058/5048/4127 3057/5049/4128 3053/5047/4126
f 3059/5050/4129 3058/5048/4127 3053/5047/4126
f 3060/5051/4130 3059/5050/4129 3053/5047/4126
f 3061/5052/4131 3060/5051/4130 3053/5047/4126
f 3062/5053/4132 3061/5052/4131 3053/5047/4126
f 3063/5054/4133 3062/5053/4132 3053/5047/4126 3056/5043/4122
f 3064/5055/4134 3063/5054/4133 3056/5043/4122
f 3065/5056/4135 3064/5055/4134 3056/5043/4122
f 3066/5057/4136 3065/5056/4135 3056/5043/4122
f 3067/5058/4137 3066/5057/4136 3056/5043/4122
f 3068/5059/4138 3067/5058/4137 3056/5043/4122
f 3069/5042/4121 3068/5059/4138 3056/5043/4122
f 3069/5042/4121 3056/5043/4122 3055/5040/4119
f 3095/5060/4139 3073/5061/4140 3054/5062/4125 3094/5063/4124
f 3075/5064/4141 3074/5065/4142 3057/5066/4128 3058/5067/4127
f 3076/5068/4143 3075/5064/4141 3058/5067/4127 3059/5069/4129
f 3077/5070/4144 3076/5068/4143 3059/5069/4129 3060/5071/4130
f 3078/5072/4145 3077/5070/4144 3060/5071/4130 3061/5073/4131
f 3079/5074/4146 3078/5072/4145 3061/5073/4131 3062/5075/4132
f 3080/5076/4147 3079/5074/4146 3062/5075/4132 3063/5077/4133
f 3081/5078/4148 3080/5076/4147 3063/5077/4133 3064/5079/4134
f 3082/5080/4149 3081/5078/4148 3064/5079/4134 3065/5081/4135
f 3083/5082/4150 3082/5080/4149 3065/5081/4135 3066/5083/4136
f 3084/5084/4151 3083/5082/4150 3066/5083/4136 3067/5085/4137
f 3085/5086/4152 3084/5084/4151 3067/5085/4137 3068/5087/4138
f 3086/5088/4153 3085/5086/4152 3068/5087/4138 3069/5089/4121
f 3087/5090/4154 3086/5088/4153 3069/5089/4121 3070/5091/4120
f 3088/5092/4155 3087/5090/4154 3070/5091/4120 3055/5093/4119
f 3097/5094/4156 3088/5092/4155 3055/5093/4119 3096/5095/4123
f 3090/5096/4157 3089/5097/4158 3071/5098/4159 3072/5099/4160
f 3093/5100/4161 3090/5096/4157 3072/5099/4160 3092/5101/4162
f 3093/5100/4161 3092/5101/4162 3056/5102/4122 3091/5103/4163
f 3094/5045/4124 3053/5047/4126 3057/5049/4128
f 3095/5060/4139 3094/5063/4124 3057/5066/4128 3074/5065/4142
f 3092/5104/4162 3072/5105/4160 3056/5043/4122
f 3096/5044/4123 3056/5043/4122 3072/5105/4160 3071/5106/4159
f 3097/5094/4156 3096/5095/4123 3071/5098/4159 3089/5097/4158
g default
v -9.600797 31.630657 -18.182495
v -15.644820 31.630657 -18.182495
v -9.600797 31.626504 -20.519335
v -6.870009 31.626504 -20.519335
v -6.593907 31.630103 -18.183672
v -9.600797 31.630657 -16.426096
v -15.644820 31.630657 -15.680489
v -6.556475 31.627566 -19.617218
v -7.014292 31.630144 -17.222176
v -7.672733 31.630246 -16.614450
v -8.414148 31.630404 -16.256901
v -9.024014 31.630534 -16.238298
v -10.424440 31.630657 -16.806018
v -11.420420 31.630657 -17.340481
v -12.417917 31.630657 -17.614784
v -13.292247 31.630657 -17.404888
v -14.008615 31.630657 -17.056493
v -14.620811 31.630657 -16.580344
v -15.095653 31.630657 -16.058760
v -15.644820 31.445910 -15.680489
v -6.870009 31.441757 -20.519335
v -6.556475 31.442820 -19.617218
v -6.593907 31.445356 -18.183672
v -7.014292 31.445397 -17.222176
v -7.672733 31.445499 -16.614450
v -8.414148 31.445657 -16.256901
v -9.024014 31.445788 -16.238298
v -9.600797 31.445910 -16.426096
v -10.424440 31.445910 -16.806018
v -11.420420 31.445910 -17.340481
v -12.417917 31.445910 -17.614784
v -13.292247 31.445910 -17.404888
v -14.008615 31.445910 -17.056493
v -14.620811 31.445910 -16.580344
v -15.095653 31.445910 -16.058760
v -9.512163 31.630638 -16.397237
v -9.512163 31.445891 -16.397237
v -9.711609 31.445910 -16.477210
v -9.711609 31.630657 -16.477210
v -15.579744 31.630657 -15.725314
v -15.579744 31.445910 -15.725314
vt 0.767685 0.920226
vt 0.823690 0.859909
vt 0.827406 0.868829
vt 0.750278 0.915701
vt 0.746176 0.864432
vt 0.790048 0.860927
vt 0.822375 0.894758
vt 0.811959 0.908031
vt 0.827971 0.880305
vt 0.820599 0.329412
vt 0.826055 0.329412
vt 0.826055 0.355464
vt 0.820599 0.355464
vt 0.826055 0.394353
vt 0.820599 0.394353
vt 0.826055 0.407045
vt 0.820599 0.407045
vt 0.826055 0.409121
vt 0.820599 0.409121
vt 0.826055 0.418719
vt 0.820599 0.418719
vt 0.826055 0.430784
vt 0.820599 0.430784
vt 0.826055 0.443520
vt 0.820599 0.443520
vt 0.826055 0.449660
vt 0.826055 0.472840
vt 0.820599 0.472840
vt 0.820599 0.449660
vt 0.826055 0.505252
vt 0.820599 0.505252
vt 0.826055 0.532892
vt 0.820599 0.532892
vt 0.826055 0.553453
vt 0.820599 0.553453
vt 0.826055 0.567889
vt 0.820599 0.567889
vt 0.826055 0.578073
vt 0.820599 0.578073
vt 0.826055 0.584715
vt 0.820599 0.584715
vt 0.826055 0.589252
vt 0.820599 0.589252
vt 0.794539 0.917367
vt 0.814650 0.843402
vt 0.821892 0.856288
vt 0.803117 0.825503
vt 0.796475 0.807196
vt 0.780968 0.747472
vt 0.799105 0.790470
vt 0.804559 0.776495
vt 0.812588 0.764292
vt 0.821661 0.754599
vt 0.827199 0.745007
vt 0.823016 0.858290
vt 0.826055 0.446105
vt 0.820599 0.446105
vt 0.827943 0.743718
vt 0.826055 0.589906
vt 0.820599 0.589906
vn 0.070161 0.997489 -0.009655
vn -0.007039 0.999683 0.024185
vn -0.013910 0.993748 0.110774
vn 0.028844 0.999517 -0.011602
vn 0.000132 0.999999 -0.001624
vn 0.000501 1.000000 -0.000714
vn 0.110641 0.980903 0.159964
vn 0.255166 0.950940 0.174941
vn 0.040287 0.988812 0.143627
vn 0.944577 0.000000 -0.328291
vn 0.993055 0.000000 -0.117654
vn 0.657578 0.742940 0.125020
vn 0.982250 0.000000 0.187577
vn 0.824055 0.000000 0.566510
vn 0.567697 0.000000 0.823237
vn 0.268214 0.000000 0.963359
vn -0.126741 0.000000 0.991936
vn -0.309596 0.000000 0.950868
vn -0.112723 0.963107 0.244375
vn -0.102460 0.973842 0.202815
vn -0.450915 0.000000 0.892567
vn -0.418859 0.000000 0.908051
vn -0.092055 0.969558 0.226899
vn -0.375945 0.000000 0.926642
vn -0.002498 0.997357 0.072609
vn -0.034389 0.000000 0.999409
vn 0.024904 0.997168 0.070958
vn 0.331167 0.000000 0.943572
vn 0.099409 0.982070 0.160177
vn 0.527325 0.000000 0.849663
vn 0.125174 0.982717 0.136380
vn 0.676196 0.000000 0.736721
vn 0.134605 0.979332 0.150962
vn 0.665513 0.000000 0.746386
vn 0.137116 0.970347 0.199063
vn 0.567261 0.000000 0.823538
vn 0.000000 1.000000 0.000001
vn -0.003262 0.999940 0.010482
vn -0.372164 0.000000 0.928167
vn 0.158554 0.960144 0.230185
vn 0.567262 0.000000 0.823537
s 1
g Recepcion2 Recepcion group1 Techo Foma_techo1_high polySurface12
usemtl lambert6SG
f 3105/5107/4164 3133/5108/4165 3109/5109/4166
f 3105/5107/4164 3101/5110/4167 3100/5111/4168 3098/5112/4169
f 3105/5107/4164 3107/5113/4170 3106/5114/4171
f 3105/5107/4164 3108/5115/4172 3107/5113/4170
f 3105/5107/4164 3109/5109/4166 3108/5115/4172
f 3118/5116/4173 3101/5117/4167 3105/5118/4164 3119/5119/4174
f 3105/5118/4164 3102/5120/4175 3120/5121/4176 3119/5119/4174
f 3102/5120/4175 3106/5122/4171 3121/5123/4177 3120/5121/4176
f 3106/5122/4171 3107/5124/4170 3122/5125/4178 3121/5123/4177
f 3107/5124/4170 3108/5126/4172 3123/5127/4179 3122/5125/4178
f 3108/5126/4172 3109/5128/4166 3124/5129/4180 3123/5127/4179
f 3109/5128/4166 3133/5130/4165 3134/5131/4181 3124/5129/4180
f 3136/5132/4182 3110/5133/4183 3126/5134/4184 3135/5135/4185
f 3110/5133/4183 3111/5136/4186 3127/5137/4187 3126/5134/4184
f 3111/5136/4186 3112/5138/4188 3128/5139/4189 3127/5137/4187
f 3112/5138/4188 3113/5140/4190 3129/5141/4191 3128/5139/4189
f 3113/5140/4190 3114/5142/4192 3130/5143/4193 3129/5141/4191
f 3114/5142/4192 3115/5144/4194 3131/5145/4195 3130/5143/4193
f 3115/5144/4194 3116/5146/4196 3132/5147/4197 3131/5145/4195
f 3116/5146/4196 3137/5148/4198 3138/5149/4199 3132/5147/4197
f 3105/5107/4164 3106/5114/4171 3102/5150/4175
f 3098/5112/4169 3110/5151/4183 3136/5152/4182
f 3098/5112/4169 3111/5153/4186 3110/5151/4183
f 3098/5112/4169 3112/5154/4188 3111/5153/4186
f 3098/5112/4169 3099/5155/4200 3113/5156/4190 3112/5154/4188
f 3099/5155/4200 3114/5157/4192 3113/5156/4190
f 3099/5155/4200 3115/5158/4194 3114/5157/4192
f 3099/5155/4200 3116/5159/4196 3115/5158/4194
f 3099/5155/4200 3137/5160/4198 3116/5159/4196
f 3105/5107/4164 3098/5112/4169 3103/5161/4201 3133/5108/4165
f 3133/5130/4165 3103/5162/4201 3125/5163/4202 3134/5131/4181
f 3103/5162/4201 3136/5132/4182 3135/5135/4185 3125/5163/4202
f 3098/5112/4169 3136/5152/4182 3103/5161/4201
f 3137/5160/4198 3099/5155/4200 3104/5164/4203
f 3137/5148/4198 3104/5165/4203 3117/5166/4204 3138/5149/4199
g default
v 9.742659 11.858933 -14.825768
v 9.742636 8.104858 -11.636240
v 9.742640 8.231997 -12.080669
v 9.742642 8.419872 -12.386263
v 9.742643 8.712111 -12.565956
v 9.742644 9.019766 -12.633917
v 9.742645 9.385511 -12.687493
v 9.742646 9.851286 -12.934996
v 9.742649 10.213607 -13.322100
v 9.742653 10.342348 -13.823163
v 9.742656 10.690114 -14.322811
v 9.742659 11.096748 -14.639803
v 9.742650 11.858933 -13.780418
v 9.742636 9.452165 -11.633666
v 9.742650 11.402973 -13.534373
v 9.742647 11.201057 -13.202956
v 9.742645 10.941599 -12.802919
v 9.742643 10.681702 -12.582983
v 9.742643 10.305151 -12.460388
v 9.742642 10.044010 -12.378570
v 9.742641 9.710402 -12.186106
v 9.742640 9.551456 -11.992838
v 9.742660 11.858933 -8.434949
v 9.742640 8.231997 -11.180047
v 9.742642 8.419872 -10.874454
v 9.742643 8.712111 -10.694759
v 9.742644 9.019766 -10.626798
v 9.742645 9.385511 -10.573223
v 9.742646 9.851286 -10.325721
v 9.742649 10.213607 -9.938617
v 9.742653 10.342348 -9.437553
v 9.742655 10.690114 -8.937905
v 9.742657 11.096748 -8.620913
v 9.742653 11.858933 -9.480298
v 9.742650 11.402973 -9.726344
v 9.742647 11.201057 -10.057759
v 9.742645 10.941599 -10.457798
v 9.742643 10.681702 -10.677733
v 9.742643 10.305151 -10.800329
v 9.742642 10.044010 -10.882147
v 9.742641 9.710402 -11.074611
v 9.742640 9.551456 -11.267878
v 9.792703 8.104858 -11.636240
v 9.792707 8.231997 -12.080669
v 9.792709 8.419872 -12.386263
v 9.792710 8.712111 -12.565956
v 9.792710 9.019766 -12.633917
v 9.792710 9.385511 -12.687493
v 9.792713 9.851286 -12.934996
v 9.792716 10.213607 -13.322100
v 9.792719 10.342348 -13.823163
v 9.792723 10.690114 -14.322811
v 9.792727 11.096748 -14.639803
v 9.792727 11.858933 -14.825768
v 9.792719 11.858933 -13.780418
v 9.792717 11.402973 -13.534373
v 9.792715 11.201057 -13.202956
v 9.792710 10.941599 -12.802919
v 9.792710 10.681702 -12.582983
v 9.792710 10.305151 -12.460388
v 9.792709 10.044010 -12.378570
v 9.792708 9.710402 -12.186106
v 9.792706 9.551456 -11.992838
v 9.792703 9.452165 -11.633666
v 9.792724 11.096748 -8.620913
v 9.792727 11.858933 -8.434949
v 9.792719 11.858933 -9.480298
v 9.792722 10.690114 -8.937905
v 9.792717 11.402973 -9.726344
v 9.792720 10.342348 -9.437553
v 9.792715 11.201057 -10.057759
v 9.792710 10.941599 -10.457798
v 9.792716 10.213607 -9.938617
v 9.792710 10.681702 -10.677733
v 9.792713 9.851286 -10.325721
v 9.792710 10.305151 -10.800329
v 9.792709 10.044010 -10.882147
v 9.792710 9.385511 -10.573223
v 9.792708 9.710402 -11.074611
v 9.792710 9.019766 -10.626798
v 9.792710 8.712111 -10.694759
v 9.792706 9.551456 -11.267878
v 9.792709 8.419872 -10.874454
v 9.792707 8.231997 -11.180047
v 9.792703 8.175518 -11.636020
v 9.792707 8.297158 -12.054695
v 9.792709 8.470959 -12.339868
v 9.792710 8.739713 -12.504136
v 9.792710 9.033156 -12.567979
v 9.792710 9.408500 -12.623991
v 9.792713 9.895541 -12.882643
v 9.792716 10.276176 -13.290894
v 9.792719 10.407097 -13.796274
v 9.792723 10.742573 -14.277822
v 9.792727 11.128694 -14.579903
v 9.792727 11.815623 -14.772704
v 9.792719 11.797866 -13.814206
v 9.792717 11.353220 -13.582060
v 9.792715 11.140401 -13.237406
v 9.792710 10.887457 -12.846072
v 9.792710 10.646056 -12.640968
v 9.792710 10.282640 -12.524044
v 9.792709 10.014425 -12.439556
v 9.792708 9.663467 -12.236306
v 9.792706 9.488146 -12.022662
v 9.792703 9.381505 -11.633815
v 9.792724 11.128694 -8.680813
v 9.792727 11.815623 -8.488013
v 9.792719 11.797866 -9.446511
v 9.792722 10.742573 -8.982895
v 9.792717 11.353220 -9.678657
v 9.792720 10.407097 -9.464442
v 9.792715 11.140401 -10.023311
v 9.792710 10.887457 -10.414645
v 9.792716 10.276176 -9.969823
v 9.792710 10.646056 -10.619748
v 9.792713 9.895541 -10.378074
v 9.792710 10.282640 -10.736672
v 9.792709 10.014425 -10.821161
v 9.792710 9.408499 -10.636725
v 9.792708 9.663467 -11.024411
v 9.792710 9.033156 -10.692738
v 9.792710 8.739714 -10.756580
v 9.792706 9.488076 -11.238188
v 9.792709 8.470959 -10.920848
v 9.792707 8.297247 -11.205819
v 9.962628 8.175517 -11.636020
v 9.962631 8.297157 -12.054694
v 9.962633 8.470958 -12.339868
v 9.962635 8.739712 -12.504136
v 9.962636 9.033155 -12.567979
v 9.962637 9.408499 -12.623991
v 9.962638 9.895541 -12.882642
v 9.962640 10.276176 -13.290893
v 9.962644 10.407097 -13.796274
v 9.962649 10.742573 -14.277821
v 9.962651 11.128694 -14.579903
v 9.962651 11.815624 -14.772703
v 9.962644 11.797867 -13.814204
v 9.962642 11.353220 -13.582059
v 9.962639 11.140401 -13.237405
v 9.962637 10.887456 -12.846072
v 9.962635 10.646056 -12.640968
v 9.962635 10.282639 -12.524044
v 9.962633 10.014424 -12.439555
v 9.962633 9.663466 -12.236306
v 9.962631 9.488145 -12.022662
v 9.962628 9.381505 -11.633816
v 9.962649 11.128693 -8.680813
v 9.962652 11.815623 -8.488013
v 9.962644 11.797866 -9.446512
v 9.962647 10.742572 -8.982895
v 9.962642 11.353219 -9.678658
v 9.962645 10.407096 -9.464443
v 9.962639 11.140400 -10.023312
v 9.962637 10.887456 -10.414645
v 9.962640 10.276175 -9.969824
v 9.962635 10.646055 -10.619748
v 9.962638 9.895541 -10.378075
v 9.962635 10.282639 -10.736673
v 9.962633 10.014424 -10.821161
v 9.962637 9.408499 -10.636725
v 9.962633 9.663465 -11.024411
v 9.962636 9.033155 -10.692738
v 9.962635 8.739713 -10.756580
v 9.962631 9.488076 -11.238188
v 9.962633 8.470958 -10.920849
v 9.962631 8.297246 -11.205819
v 9.742655 10.493727 -14.040656
v 9.792721 10.499945 -14.049589
v 9.792721 10.547685 -13.998075
v 9.962646 10.567261 -14.026176
v 9.742655 10.528319 -9.170360
v 9.792721 10.529435 -9.168758
v 9.962645 10.540487 -9.272971
v 9.792721 10.554992 -9.252151
v 9.742647 10.012681 -10.153286
v 9.792715 10.005443 -10.161019
v 9.962638 10.005462 -10.260178
v 9.742648 10.011029 -13.105665
v 9.792715 10.009324 -13.103843
v 9.742640 9.626972 -12.084661
v 9.792707 9.622300 -12.078979
v 9.742640 9.633475 -11.168149
v 9.792707 9.630727 -11.171490
vt 0.688806 0.950252
vt 0.681331 0.937143
vt 0.703709 0.935041
vt 0.680386 0.927272
vt 0.700924 0.925520
vt 0.702577 0.918249
vt 0.681736 0.920704
vt 0.682838 0.915719
vt 0.704458 0.909441
vt 0.687994 0.907104
vt 0.703995 0.903257
vt 0.700897 0.896906
vt 0.688554 0.901566
vt 0.688921 0.897243
vt 0.698737 0.892596
vt 0.686847 0.888139
vt 0.697215 0.886104
vt 0.683575 0.882854
vt 0.697505 0.883882
vt 0.697856 0.881887
vt 0.681115 0.878256
vt 0.680242 0.872607
vt 0.923566 0.925549
vt 0.682087 0.866776
vt 0.686372 0.860033
vt 0.906552 0.854103
vt 0.920793 0.866915
vt 0.900297 0.866214
vt 0.918884 0.875869
vt 0.899770 0.875285
vt 0.920920 0.882629
vt 0.900954 0.880254
vt 0.923243 0.890935
vt 0.923235 0.896949
vt 0.907543 0.893949
vt 0.902395 0.885957
vt 0.920666 0.903407
vt 0.908175 0.899287
vt 0.918874 0.907953
vt 0.917833 0.914949
vt 0.906488 0.913340
vt 0.908568 0.903642
vt 0.903019 0.919371
vt 0.918323 0.917172
vt 0.918939 0.919538
vt 0.900478 0.924683
vt 0.899802 0.931109
vt 0.902210 0.937598
vt 0.681302 0.866399
vt 0.685631 0.859564
vt 0.679386 0.872535
vt 0.680284 0.878519
vt 0.682815 0.883289
vt 0.686012 0.888450
vt 0.688015 0.897357
vt 0.687650 0.901434
vt 0.681969 0.915319
vt 0.687109 0.906746
vt 0.680696 0.920699
vt 0.680404 0.937480
vt 0.679389 0.927256
vt 0.689534 0.950966
vt 0.704644 0.934763
vt 0.701878 0.925458
vt 0.703512 0.918453
vt 0.705406 0.909526
vt 0.704891 0.903006
vt 0.701735 0.896496
vt 0.699587 0.892303
vt 0.698077 0.885981
vt 0.698283 0.883876
vt 0.924351 0.924941
vt 0.698611 0.882282
vt 0.899443 0.865941
vt 0.905732 0.853684
vt 0.921405 0.866232
vt 0.898851 0.875323
vt 0.919777 0.875862
vt 0.900027 0.880447
vt 0.921795 0.882375
vt 0.924151 0.890791
vt 0.906705 0.894309
vt 0.901581 0.886348
vt 0.924124 0.897128
vt 0.907303 0.899566
vt 0.921532 0.903744
vt 0.919781 0.908178
vt 0.905574 0.913015
vt 0.907625 0.903525
vt 0.918763 0.915004
vt 0.902149 0.918913
vt 0.899528 0.924428
vt 0.919166 0.917048
vt 0.919764 0.919016
vt 0.898839 0.931237
vt 0.901344 0.938071
vt 0.791601 0.657576
vt 0.791601 0.340101
vt 0.788158 0.340101
vt 0.788158 0.330035
vt 0.791601 0.347713
vt 0.788158 0.347713
vt 0.791601 0.354694
vt 0.788158 0.354694
vt 0.791601 0.361224
vt 0.788158 0.361224
vt 0.791601 0.369397
vt 0.788158 0.369397
vt 0.791601 0.381314
vt 0.788158 0.381314
vt 0.791601 0.393486
vt 0.788158 0.393486
vt 0.791601 0.405000
vt 0.788158 0.405000
vt 0.791601 0.410660
vt 0.788158 0.410660
vt 0.791601 0.417543
vt 0.791601 0.427715
vt 0.788158 0.427715
vt 0.788158 0.417543
vt 0.791601 0.442211
vt 0.788158 0.442211
vt 0.791601 0.462508
vt 0.788158 0.462508
vt 0.791601 0.472547
vt 0.788158 0.472547
vt 0.791601 0.480549
vt 0.788158 0.480549
vt 0.791601 0.489298
vt 0.788158 0.489298
vt 0.791601 0.494710
vt 0.788158 0.494710
vt 0.791601 0.500530
vt 0.788158 0.500530
vt 0.791601 0.504287
vt 0.788158 0.504287
vt 0.791601 0.509028
vt 0.788158 0.509028
vt 0.791601 0.511822
vt 0.788158 0.511822
vt 0.791601 0.515339
vt 0.788158 0.515339
vt 0.791601 0.538992
vt 0.791601 0.543150
vt 0.788158 0.543150
vt 0.788158 0.538992
vt 0.791601 0.533757
vt 0.788158 0.533757
vt 0.791601 0.546993
vt 0.788158 0.546993
vt 0.791601 0.531202
vt 0.788158 0.531202
vt 0.788158 0.551034
vt 0.791601 0.551034
vt 0.791601 0.555429
vt 0.788158 0.555429
vt 0.791601 0.526444
vt 0.791601 0.529000
vt 0.788158 0.529000
vt 0.788158 0.526444
vt 0.791601 0.567943
vt 0.788158 0.567943
vt 0.791601 0.524828
vt 0.788158 0.524828
vt 0.791601 0.583853
vt 0.788158 0.583853
vt 0.788158 0.579064
vt 0.791601 0.521855
vt 0.791601 0.523108
vt 0.788158 0.523108
vt 0.788158 0.521855
vt 0.791601 0.602248
vt 0.788158 0.602248
vt 0.791601 0.519958
vt 0.788158 0.519958
vt 0.791601 0.615330
vt 0.788158 0.615330
vt 0.791601 0.625627
vt 0.788158 0.625627
vt 0.791601 0.518314
vt 0.788158 0.518314
vt 0.791601 0.635932
vt 0.788158 0.635932
vt 0.791601 0.645946
vt 0.788158 0.645946
vt 0.788158 0.657576
vt 0.791601 0.330035
vt 0.921672 0.867104
vt 0.907166 0.853423
vt 0.704437 0.935755
vt 0.687917 0.950755
vt 0.906806 0.945726
vt 0.907620 0.945147
vt 0.701351 0.876470
vt 0.702071 0.876937
vn -0.985550 0.126718 -0.112396
vn -0.997217 -0.029466 -0.068481
vn -0.994875 0.095343 0.033656
vn -0.998814 -0.034274 -0.034582
vn -0.999198 0.026422 0.030095
vn -0.998417 0.047583 0.030005
vn -0.999240 -0.031986 -0.022270
vn -0.998393 -0.052763 -0.020677
vn -0.998228 0.045625 0.038213
vn -0.998643 -0.047263 -0.021859
vn -0.997841 0.031128 0.057837
vn -0.996925 0.023923 0.074628
vn -0.998267 -0.042960 -0.040215
vn -0.996453 -0.046740 -0.069983
vn -0.997516 0.029502 0.063962
vn -0.995286 -0.033017 -0.091196
vn -0.998430 0.032362 0.045726
vn -0.994179 -0.019135 -0.106029
vn -0.999224 0.030424 0.025013
vn -0.999296 0.035008 0.013465
vn -0.998334 -0.022014 -0.053331
vn -0.997752 -0.047638 -0.047139
vn -0.998966 0.045458 -0.000000
vn -0.996493 -0.077145 -0.032409
vn -0.996044 -0.088857 0.000000
vn -0.985551 0.126719 0.112392
vn -0.994875 0.095344 -0.033656
vn -0.997217 -0.029462 0.068479
vn -0.999138 0.027396 -0.031204
vn -0.998898 -0.032616 0.033766
vn -0.998484 0.046551 -0.029356
vn -0.999182 -0.033184 0.023103
vn -0.998335 0.044218 -0.037035
vn -0.997835 0.031169 -0.057909
vn -0.998636 -0.047380 0.021951
vn -0.998365 -0.052893 0.021691
vn -0.996920 0.023942 -0.074680
vn -0.998221 -0.043533 0.040753
vn -0.997525 0.029449 -0.063854
vn -0.998464 0.031727 -0.045422
vn -0.995175 -0.033400 0.092252
vn -0.996484 -0.046501 0.069694
vn -0.994303 -0.018928 0.104895
vn -0.999238 0.030150 -0.024786
vn -0.999268 0.035678 -0.013832
vn -0.998374 -0.021746 0.052687
vn -0.997786 -0.047276 0.046780
vn -0.996488 -0.077377 0.032004
vn 0.000000 -0.921979 -0.387241
vn 0.000000 -1.000000 -0.000000
vn 0.000000 -0.710883 -0.703310
vn 0.000000 -0.381591 -0.924331
vn 0.000000 -0.177613 -0.984100
vn 0.000000 -0.340453 -0.940262
vn 0.000000 -0.555452 -0.831549
vn 0.000000 -0.730087 -0.683355
vn 0.000000 -0.931109 -0.364740
vn 0.000000 -0.907672 -0.419681
vn -0.000008 -0.820763 -0.571268
vn 0.000000 -0.395267 -0.918566
vn -0.000005 -0.703999 -0.710201
vn 0.000000 0.748141 -0.663540
vn 0.000000 0.942951 0.332933
vn 0.000000 0.659686 0.751541
vn 0.000000 0.845801 0.533499
vn 0.000000 0.766569 0.642162
vn 0.000000 0.473915 0.880571
vn 0.000000 0.305252 0.952272
vn 0.000000 0.418784 0.908086
vn -0.000002 0.577619 0.816306
vn -0.000004 0.772353 0.635194
vn 0.000000 1.000000 0.000000
vn 0.000000 0.933272 0.359171
vn 0.000000 -0.395267 0.918566
vn 0.000000 0.748144 0.663536
vn 0.000000 0.942951 -0.332932
vn -0.000001 -0.694828 0.719176
vn 0.000000 0.659682 -0.751545
vn -0.000006 -0.820764 0.571267
vn 0.000000 0.845801 -0.533499
vn 0.000000 0.766571 -0.642159
vn 0.000006 -0.907398 0.420273
vn -0.000003 -0.925269 0.379312
vn 0.000000 0.473915 -0.880571
vn 0.000008 -0.730092 0.683348
vn 0.000000 0.305253 -0.952271
vn 0.000000 0.418783 -0.908087
vn 0.000000 -0.340451 0.940262
vn 0.000000 -0.555046 0.831820
vn 0.000000 0.572571 -0.819855
vn 0.000000 -0.177612 0.984101
vn 0.000000 -0.381595 0.924330
vn -0.000005 0.772352 -0.635195
vn -0.000002 0.932308 -0.361666
vn 0.000000 -0.710888 0.703306
vn 0.000000 -0.924105 0.382138
vn -0.000005 -1.000000 0.000104
vn -0.000004 -0.922064 -0.387036
vn -0.000004 -0.922065 -0.387036
vn -0.000005 -1.000000 0.000104
vn -0.000006 -0.712545 -0.701626
vn -0.000006 -0.712544 -0.701627
vn -0.000004 -0.375978 -0.926628
vn -0.000004 -0.375978 -0.926628
vn 0.000001 -0.176403 -0.984318
vn 0.000001 -0.176403 -0.984318
vn 0.000001 -0.342771 -0.939419
vn 0.000001 -0.342771 -0.939419
vn 0.000002 -0.609399 -0.792863
vn 0.000002 -0.609399 -0.792864
vn 0.000004 -0.872538 -0.488547
vn 0.000004 -0.872538 -0.488546
vn 0.000000 -0.931647 -0.363363
vn 0.000000 -0.931647 -0.363364
vn -0.000001 -0.820516 -0.571624
vn -0.000001 -0.820516 -0.571624
vn -0.000002 -0.704965 -0.709243
vn 0.000003 -0.418799 -0.908079
vn 0.000003 -0.418799 -0.908079
vn -0.000002 -0.704965 -0.709242
vn 0.000001 0.752977 -0.658046
vn 0.000001 0.752979 -0.658045
vn -0.000006 0.932171 0.362019
vn -0.000006 0.932170 0.362020
vn -0.000006 0.659487 0.751716
vn -0.000006 0.659487 0.751716
vn -0.000002 0.845007 0.534755
vn -0.000002 0.845007 0.534755
vn 0.000001 0.769924 0.638135
vn 0.000001 0.769925 0.638135
vn 0.000001 0.469973 0.882681
vn 0.000001 0.469973 0.882681
vn -0.000000 0.303805 0.952734
vn -0.000000 0.303805 0.952734
vn 0.000001 0.421430 0.906861
vn 0.000001 0.421430 0.906861
vn 0.000002 0.620938 0.783860
vn 0.000002 0.620938 0.783860
vn 0.000003 0.905723 0.423871
vn 0.000003 0.905722 0.423872
vn 0.000003 1.000000 0.000088
vn 0.000003 1.000000 0.000089
vn 0.000003 0.752973 0.658051
vn 0.000000 -0.418799 0.908079
vn 0.000000 -0.418799 0.908079
vn 0.000003 0.752973 0.658051
vn -0.000002 0.932170 -0.362021
vn -0.000002 0.932170 -0.362020
vn -0.000005 -0.707590 0.706623
vn -0.000005 -0.707590 0.706623
vn -0.000003 0.659485 -0.751717
vn -0.000003 0.659486 -0.751717
vn -0.000003 -0.820518 0.571621
vn -0.000004 -0.820518 0.571621
vn -0.000002 -0.933549 0.358451
vn -0.000002 -0.933549 0.358450
vn 0.000002 0.769924 -0.638135
vn 0.000001 0.845007 -0.534755
vn 0.000001 0.845007 -0.534755
vn 0.000002 0.769924 -0.638135
vn -0.000002 -0.872538 0.488546
vn -0.000002 -0.872538 0.488546
vn 0.000001 0.469972 -0.882681
vn 0.000001 0.469972 -0.882681
vn 0.000000 -0.609400 0.792863
vn 0.000000 -0.609400 0.792863
vn -0.000001 -0.731414 0.681934
vn 0.000000 0.421430 -0.906861
vn 0.000001 0.303804 -0.952734
vn 0.000001 0.303804 -0.952734
vn 0.000000 0.421430 -0.906861
vn 0.000001 -0.342771 0.939419
vn 0.000001 -0.342772 0.939419
vn 0.000002 0.621010 -0.783803
vn 0.000002 0.621010 -0.783802
vn 0.000000 -0.176403 0.984318
vn 0.000000 -0.176403 0.984318
vn 0.000003 -0.375978 0.926628
vn 0.000003 -0.375978 0.926629
vn 0.000003 0.907564 -0.419914
vn 0.000003 0.907563 -0.419916
vn 0.000002 -0.712457 0.701716
vn 0.000002 -0.712457 0.701716
vn -0.000004 -0.924242 0.381808
vn -0.000004 -0.924242 0.381808
s 1
g Recepcion2 Recepcion group12 Forma_pared2 group10 group11
usemtl lambert6SG
f 3139/5167/4205 3150/5168/4206 3151/5169/4207
f 3151/5169/4207 3150/5168/4206 3149/5170/4208 3153/5171/4209
f 3154/5172/4210 3307/5173/4211 3148/5174/4212 3155/5175/4213
f 3155/5175/4213 3148/5174/4212 3147/5176/4214 3156/5177/4215
f 3157/5178/4216 3318/5179/4217 3146/5180/4218 3158/5181/4219
f 3158/5181/4219 3146/5180/4218 3145/5182/4220 3159/5183/4221
f 3159/5183/4221 3145/5182/4220 3144/5184/4222 3320/5185/4223
f 3160/5186/4224 3143/5187/4225 3142/5188/4226 3152/5360/4227
f 3152/5360/4227 3142/5188/4226 3141/5190/4228
f 3152/5360/4227 3141/5190/4228 3140/5191/4229
f 3161/5192/4230 3172/5193/4231 3171/5194/4232
f 3172/5193/4231 3173/5195/4233 3170/5196/4234 3171/5194/4232
f 3173/5195/4233 3174/5197/4235 3311/5198/4236 3170/5196/4234
f 3175/5199/4237 3176/5200/4238 3168/5201/4239 3169/5202/4240
f 3176/5200/4238 3177/5203/4241 3315/5204/4242 3168/5201/4239
f 3178/5205/4243 3179/5206/4244 3166/5207/4245 3167/5208/4246
f 3165/5209/4247 3322/5210/4248 3180/5211/4249 3164/5212/4250
f 3180/5211/4249 3152/5189/4227 3163/5213/4251 3164/5212/4250
f 3152/5189/4227 3162/5214/4252 3163/5213/4251
f 3152/5189/4227 3140/5359/4229 3162/5214/4252
f 3140/5191/4229 3141/5190/4228 3182/5215/4253 3181/5216/4254
f 3141/5190/4228 3142/5188/4226 3183/5217/4255 3182/5215/4253
f 3142/5188/4226 3143/5187/4225 3184/5218/4256 3183/5217/4255
f 3143/5187/4225 3144/5184/4222 3185/5219/4257 3184/5218/4256
f 3144/5184/4222 3145/5182/4220 3186/5220/4258 3185/5219/4257
f 3145/5182/4220 3146/5180/4218 3187/5221/4259 3186/5220/4258
f 3146/5180/4218 3318/5179/4217 3319/5222/4260 3187/5221/4259
f 3147/5176/4214 3148/5174/4212 3189/5223/4261 3188/5224/4262
f 3148/5174/4212 3307/5173/4211 3308/5225/4263 3189/5223/4261
f 3149/5170/4208 3150/5168/4206 3191/5226/4264 3190/5227/4265
f 3150/5168/4206 3139/5167/4205 3192/5357/4266 3191/5226/4264
f 3139/5167/4205 3151/5169/4207 3193/5356/4267 3192/5228/4266
f 3151/5169/4207 3153/5171/4209 3194/5230/4268 3193/5229/4267
f 3153/5171/4209 3154/5172/4210 3195/5231/4269 3194/5230/4268
f 3154/5172/4210 3155/5175/4213 3196/5232/4270 3195/5231/4269
f 3155/5175/4213 3156/5177/4215 3197/5233/4271 3196/5232/4270
f 3156/5177/4215 3157/5178/4216 3198/5234/4272 3197/5233/4271
f 3157/5178/4216 3158/5181/4219 3199/5235/4273 3198/5234/4272
f 3158/5181/4219 3159/5183/4221 3200/5236/4274 3199/5235/4273
f 3159/5183/4221 3320/5185/4223 3321/5237/4275 3200/5236/4274
f 3160/5186/4224 3152/5360/4227 3202/5361/4276 3201/5239/4277
f 3161/5192/4230 3171/5194/4232 3203/5240/4278 3204/5241/4279
f 3172/5193/4231 3161/5192/4230 3204/5355/4279 3205/5242/4280
f 3171/5194/4232 3170/5196/4234 3206/5243/4281 3203/5240/4278
f 3173/5195/4233 3172/5193/4231 3205/5354/4280 3207/5244/4282
f 3170/5196/4234 3311/5198/4236 3312/5245/4283 3206/5243/4281
f 3175/5199/4237 3174/5197/4235 3209/5246/4284 3210/5247/4285
f 3174/5197/4235 3173/5195/4233 3207/5244/4282 3209/5246/4284
f 3169/5202/4240 3168/5201/4239 3211/5248/4286 3208/5249/4287
f 3176/5200/4238 3175/5199/4237 3210/5247/4285 3212/5250/4288
f 3168/5201/4239 3315/5204/4242 3316/5251/4289 3211/5248/4286
f 3178/5205/4243 3177/5203/4241 3214/5252/4290 3215/5253/4291
f 3177/5203/4241 3176/5200/4238 3212/5250/4288 3214/5252/4290
f 3167/5208/4246 3166/5207/4245 3216/5254/4292 3213/5255/4293
f 3179/5206/4244 3178/5205/4243 3215/5253/4291 3217/5256/4294
f 3166/5207/4245 3165/5209/4247 3218/5257/4295 3216/5254/4292
f 3165/5209/4247 3164/5212/4250 3219/5258/4296 3218/5257/4295
f 3180/5211/4249 3322/5210/4248 3323/5259/4297 3220/5260/4298
f 3164/5212/4250 3163/5213/4251 3221/5261/4299 3219/5258/4296
f 3152/5189/4227 3180/5211/4249 3220/5260/4298 3202/5238/4276
f 3163/5213/4251 3162/5214/4252 3222/5262/4300 3221/5261/4299
f 3162/5214/4252 3140/5359/4229 3181/5358/4254 3222/5262/4300
s 5
f 3223/5353/4301 3224/5264/4302 3266/5265/4303 3265/5266/4304
f 3224/5264/4302 3225/5267/4305 3267/5268/4306 3266/5265/4303
f 3225/5267/4305 3226/5269/4307 3268/5270/4308 3267/5268/4306
f 3226/5269/4307 3227/5271/4309 3269/5272/4310 3268/5270/4308
f 3227/5271/4309 3228/5273/4311 3270/5274/4312 3269/5272/4310
f 3228/5273/4311 3229/5275/4313 3271/5276/4314 3270/5274/4312
f 3229/5275/4313 3230/5277/4315 3272/5278/4316 3271/5276/4314
f 3230/5277/4315 3231/5279/4317 3273/5280/4318 3272/5278/4316
f 3231/5279/4317 3309/5281/4319 3310/5282/4320 3273/5280/4318
f 3232/5283/4321 3233/5284/4322 3275/5285/4323 3274/5286/4324
f 3233/5284/4322 3234/5287/4325 3276/5288/4326 3275/5285/4323
f 3234/5287/4325 3235/5289/4327 3277/5290/4328 3276/5288/4326
f 3235/5289/4327 3236/5291/4329 3278/5292/4330 3277/5290/4328
f 3236/5291/4329 3237/5293/4331 3279/5294/4332 3278/5292/4330
f 3237/5293/4331 3238/5295/4333 3280/5296/4334 3279/5294/4332
f 3238/5295/4333 3239/5297/4335 3281/5298/4336 3280/5296/4334
f 3239/5297/4335 3240/5299/4337 3282/5300/4338 3281/5298/4336
f 3240/5299/4337 3241/5301/4339 3283/5302/4340 3282/5300/4338
f 3241/5301/4339 3242/5303/4341 3284/5304/4342 3283/5302/4340
f 3242/5303/4341 3243/5305/4343 3285/5306/4344 3284/5304/4342
f 3243/5305/4343 3244/5307/4345 3286/5308/4346 3285/5306/4344
f 3246/5309/4347 3245/5310/4348 3287/5311/4349 3288/5312/4350
f 3247/5313/4351 3246/5309/4347 3288/5312/4350 3289/5314/4352
f 3245/5310/4348 3248/5315/4353 3290/5316/4354 3287/5311/4349
f 3249/5317/4355 3247/5313/4351 3289/5314/4352 3291/5318/4356
f 3313/5319/4357 3314/5320/4358 3250/5321/4359 3292/5322/4360
f 3252/5323/4361 3251/5324/4362 3293/5325/4363 3294/5326/4364
f 3251/5324/4362 3249/5317/4355 3291/5318/4356 3293/5325/4363
f 3250/5321/4359 3253/5327/4365 3295/5328/4366 3292/5322/4360
f 3254/5329/4367 3252/5323/4361 3294/5326/4364 3296/5330/4368
f 3253/5327/4365 3255/5331/4369 3297/5332/4370 3317/5333/4371 3295/5328/4366
f 3257/5334/4372 3256/5335/4373 3298/5336/4374 3299/5337/4375
f 3256/5335/4373 3254/5329/4367 3296/5330/4368 3298/5336/4374
f 3255/5331/4369 3258/5338/4376 3300/5339/4377 3297/5332/4370
f 3259/5340/4378 3257/5334/4372 3299/5337/4375 3301/5341/4379
f 3258/5338/4376 3260/5342/4380 3302/5343/4381 3300/5339/4377
f 3260/5342/4380 3261/5344/4382 3303/5345/4383 3302/5343/4381
f 3262/5346/4384 3259/5340/4378 3301/5341/4379 3304/5347/4385
f 3261/5344/4382 3263/5348/4386 3305/5349/4387 3303/5345/4383
f 3244/5307/4345 3262/5346/4384 3304/5347/4385 3286/5308/4346
f 3263/5348/4386 3264/5350/4388 3306/5351/4389 3305/5349/4387
f 3264/5350/4388 3223/5263/4301 3265/5352/4304 3306/5351/4389
s 1
f 3153/5171/4209 3149/5170/4208 3307/5173/4211 3154/5172/4210
f 3308/5225/4263 3307/5173/4211 3149/5170/4208 3190/5227/4265
s 5
f 3310/5282/4320 3309/5281/4319 3232/5283/4321 3274/5286/4324
s 1
f 3311/5198/4236 3174/5197/4235 3175/5199/4237 3169/5202/4240
f 3312/5245/4283 3311/5198/4236 3169/5202/4240 3208/5249/4287
s 5
f 3248/5315/4353 3314/5320/4358 3313/5319/4357 3290/5316/4354
s 1
f 3315/5204/4242 3177/5203/4241 3178/5205/4243 3167/5208/4246
f 3316/5251/4289 3315/5204/4242 3167/5208/4246 3213/5255/4293
f 3156/5177/4215 3147/5176/4214 3318/5179/4217 3157/5178/4216
f 3319/5222/4260 3318/5179/4217 3147/5176/4214 3188/5224/4262
f 3320/5185/4223 3144/5184/4222 3143/5187/4225 3160/5186/4224
f 3321/5237/4275 3320/5185/4223 3160/5186/4224 3201/5239/4277
f 3179/5206/4244 3322/5210/4248 3165/5209/4247 3166/5207/4245
f 3323/5259/4297 3322/5210/4248 3179/5206/4244 3217/5256/4294
g default
v 9.732436 7.064013 -18.934160
v 9.732434 10.567718 -18.934160
v 9.732404 7.064013 -14.659182
v 9.732431 10.513877 -18.463513
v 9.732428 10.274891 -18.033170
v 9.732425 9.882550 -17.757401
v 9.732424 9.491530 -17.581220
v 9.732424 9.040635 -17.457636
v 9.732423 8.612106 -17.305056
v 9.732420 8.240061 -16.988347
v 9.732419 7.982919 -16.649040
v 9.732415 7.848039 -16.164572
v 9.732411 7.794617 -15.739904
v 9.732408 7.680079 -15.157599
v 9.732405 7.460210 -14.809334
v 9.732420 7.064013 -16.956099
v 9.732408 7.064013 -15.144577
v 9.801133 7.064013 -18.934160
v 9.801131 10.567718 -18.934160
v 9.801128 10.513877 -18.463513
v 9.801125 10.274891 -18.033170
v 9.801122 9.882550 -17.757401
v 9.801121 9.491530 -17.581220
v 9.801121 9.040635 -17.457636
v 9.801120 8.612106 -17.305056
v 9.801117 8.240061 -16.988347
v 9.801116 7.982919 -16.649040
v 9.801112 7.848039 -16.164572
v 9.801108 7.794617 -15.739904
v 9.801105 7.680079 -15.157599
v 9.801102 7.460210 -14.809334
v 9.801101 7.064013 -14.659182
v 9.801117 7.064013 -16.956099
v 9.801105 7.064013 -15.144577
v 9.801133 7.113978 -18.886672
v 9.801129 7.134674 -18.447663
v 9.801131 10.515123 -18.889313
v 9.801131 9.446691 -18.867002
v 9.801128 10.446309 -18.483164
v 9.801125 10.221296 -18.076936
v 9.801122 9.846236 -17.815008
v 9.801121 9.466523 -17.644033
v 9.801121 9.018434 -17.521389
v 9.801120 8.575508 -17.362501
v 9.801117 8.187514 -17.033244
v 9.801116 7.919032 -16.677729
v 9.801112 7.778635 -16.177176
v 9.801108 7.724770 -15.750064
v 9.801105 7.614013 -15.181421
v 9.801102 7.414425 -14.860482
v 9.801101 7.103659 -14.714770
v 9.801125 7.134674 -18.016068
v 9.801124 7.134674 -17.729360
v 9.801120 7.134674 -17.288478
v 9.801117 7.134674 -16.956099
v 9.801115 7.134674 -16.630477
v 9.801112 7.134674 -16.145310
v 9.801108 7.134674 -15.727390
v 9.801105 7.134674 -15.144577
v 9.801133 7.510725 -18.867002
v 9.801131 9.022503 -18.867002
v 9.987744 7.113977 -18.886672
v 9.987741 7.134673 -18.447660
v 9.987744 10.515122 -18.889313
v 9.987744 9.446691 -18.867002
v 9.987740 10.446308 -18.483162
v 9.987737 10.221295 -18.076936
v 9.987735 9.846235 -17.815008
v 9.987734 9.466523 -17.644033
v 9.987734 9.018433 -17.521389
v 9.987734 8.575507 -17.362501
v 9.987729 8.187513 -17.033244
v 9.987728 7.919032 -16.677729
v 9.987725 7.778635 -16.177176
v 9.987721 7.724769 -15.750064
v 9.987717 7.614012 -15.181418
v 9.987714 7.414424 -14.860482
v 9.987713 7.103659 -14.714770
v 9.987737 7.134674 -18.016065
v 9.987736 7.134674 -17.729357
v 9.987734 7.134674 -17.288478
v 9.987729 7.134674 -16.956099
v 9.987727 7.134674 -16.630475
v 9.987725 7.134674 -16.145310
v 9.987721 7.134674 -15.727390
v 9.987717 7.134675 -15.144577
v 9.987744 7.510725 -18.867002
v 9.987744 9.022503 -18.867002
vt 0.560973 0.867955
vt 0.568069 0.871778
vt 0.560498 0.878122
vt 0.560467 0.949639
vt 0.560583 0.912532
vt 0.571734 0.878453
vt 0.573740 0.889483
vt 0.574710 0.897553
vt 0.577114 0.906765
vt 0.581615 0.913219
vt 0.588226 0.919189
vt 0.595833 0.922127
vt 0.610777 0.927847
vt 0.603840 0.924503
vt 0.617709 0.933056
vt 0.621918 0.941113
vt 0.622870 0.949924
vt 0.560462 0.950926
vt 0.559179 0.949635
vt 0.624184 0.949772
vt 0.623139 0.940728
vt 0.618688 0.932240
vt 0.611469 0.926736
vt 0.604303 0.923300
vt 0.596243 0.920919
vt 0.588889 0.918125
vt 0.582545 0.912388
vt 0.578270 0.906258
vt 0.575979 0.897309
vt 0.575032 0.889279
vt 0.572971 0.878042
vt 0.568979 0.870866
vt 0.559528 0.867904
vt 0.559287 0.912532
vt 0.559165 0.878111
vt 0.019119 0.152226
vt 0.019119 0.141817
vt 0.022726 0.141817
vt 0.022726 0.152226
vt 0.019119 0.100975
vt 0.019119 0.086943
vt 0.022726 0.086943
vt 0.022726 0.100975
vt 0.019119 0.081942
vt 0.022726 0.081942
vt 0.019119 0.077526
vt 0.022726 0.077526
vt 0.019119 0.073740
vt 0.022726 0.073740
vt 0.019119 0.070778
vt 0.022726 0.070778
vt 0.019119 0.067150
vt 0.022726 0.067150
vt 0.019119 0.062509
vt 0.022726 0.062509
vt 0.019119 0.055779
vt 0.022726 0.055779
vt 0.019119 0.048196
vt 0.022726 0.048196
vt 0.019119 0.037716
vt 0.022726 0.037716
vt 0.019119 0.028825
vt 0.022726 0.028825
vt 0.019119 0.016805
vt 0.022726 0.016805
vt 0.019119 0.009290
vt 0.022726 0.009290
vt 0.019119 0.002791
vt 0.022726 0.244531
vt 0.019119 0.164540
vt 0.022726 0.164540
vt 0.019119 0.173366
vt 0.022726 0.173366
vt 0.019119 0.187020
vt 0.022726 0.187020
vt 0.019119 0.196330
vt 0.022726 0.196330
vt 0.019119 0.204567
vt 0.022726 0.204567
vt 0.019119 0.215525
vt 0.022726 0.215525
vt 0.019119 0.224318
vt 0.022726 0.224318
vt 0.019119 0.235925
vt 0.022726 0.235925
vt 0.019119 0.133968
vt 0.022726 0.133968
vt 0.019119 0.107555
vt 0.022726 0.107555
vt 0.019119 0.244531
vt 0.022726 0.002791
vt 0.561676 0.866718
vt 0.622864 0.951211
vn -0.898390 -0.283700 0.335276
vn -0.947315 0.201464 0.249010
vn -0.985928 -0.167169 -0.000007
vn -0.983367 -0.089290 -0.158165
vn -0.998967 0.043218 0.014039
vn -0.954726 0.040211 -0.294755
vn -0.998678 0.038330 0.034264
vn -0.998818 0.024289 0.042092
vn -0.992754 -0.120162 -0.000007
vn -0.999866 0.008278 0.014114
vn -0.999690 0.007463 0.023759
vn -0.987681 0.112938 0.108312
vn -0.991806 0.115357 0.054890
vn -0.989071 0.144376 0.029895
vn -0.998712 0.050044 0.008340
vn -0.997786 0.062592 0.022486
vn -0.433233 0.302309 0.849069
vn 0.000000 0.951033 0.309091
vn 0.000000 0.135172 -0.990822
vn 0.000000 0.745483 0.666525
vn 0.000000 0.499732 0.866180
vn 0.000000 0.335423 0.942068
vn 0.000000 0.299603 0.954064
vn 0.000000 0.505709 0.862704
vn 0.000000 0.721711 0.692195
vn 0.000000 0.902967 0.429710
vn 0.000000 0.979216 0.202819
vn 0.000000 0.986373 0.164525
vn 0.000000 0.941080 0.338183
vn 0.000000 0.628969 0.777431
vn 0.000000 -0.645949 0.763380
vn 0.000000 -0.491623 -0.870808
vn 0.000000 -1.000000 -0.000000
vn 0.000000 -1.000000 -0.000000
vn -0.000004 -0.999718 0.023766
vn -0.000002 -0.744490 -0.667634
vn -0.000002 -0.744488 -0.667636
vn -0.000004 -0.999718 0.023766
vn 0.000001 -0.014946 -0.999888
vn 0.000001 0.358470 -0.933541
vn 0.000001 0.358465 -0.933543
vn 0.000001 -0.014946 -0.999888
vn 0.000002 0.940381 0.340124
vn 0.000002 0.940380 0.340125
vn 0.000002 0.743995 0.668186
vn 0.000002 0.743995 0.668185
vn 0.000004 0.497528 0.867448
vn 0.000004 0.497528 0.867448
vn 0.000002 0.334291 0.942470
vn 0.000002 0.334291 0.942470
vn 0.000001 0.301285 0.953534
vn 0.000001 0.301285 0.953534
vn 0.000003 0.506532 0.862221
vn 0.000003 0.506532 0.862221
vn 0.000004 0.721864 0.692035
vn 0.000004 0.721864 0.692035
vn 0.000001 0.902358 0.430987
vn 0.000001 0.902358 0.430988
vn 0.000000 0.978770 0.204963
vn 0.000000 0.978770 0.204964
vn 0.000001 0.986608 0.163110
vn 0.000001 0.986608 0.163110
vn 0.000002 0.944192 0.329395
vn 0.000002 0.944192 0.329397
vn 0.000002 0.674801 0.738000
vn 0.000002 0.674802 0.737999
vn 0.000005 -0.712532 0.701639
vn 0.000005 -0.712535 0.701636
vn -0.000001 -1.000000 0.000001
vn -0.000001 -1.000000 0.000001
vn 0.000000 -1.000000 -0.000000
vn 0.000000 -1.000000 -0.000000
vn 0.000000 -1.000000 -0.000000
vn 0.000000 -1.000000 -0.000000
vn 0.000000 -1.000000 -0.000000
vn 0.000000 -1.000000 -0.000000
vn 0.000000 -1.000000 -0.000000
vn 0.000000 -1.000000 -0.000000
vn 0.000000 -1.000000 0.000000
vn 0.000000 -1.000000 0.000000
vn 0.000001 -1.000000 0.000000
vn 0.000001 -1.000000 0.000000
vn 0.000002 -0.999531 -0.030614
vn 0.000002 -0.999531 -0.030614
vn -0.000003 0.010306 -0.999947
vn -0.000003 0.010306 -0.999947
vn -0.000003 0.000000 -1.000000
vn -0.000003 0.000000 -1.000000
s 1
g Recepcion2 Recepcion group12 group10 group11 Forma_pared
usemtl lambert6SG
f 3326/5362/4390 3338/5363/4391 3340/5364/4392
f 3324/5365/4393 3327/5377/4394 3325/5378/4395
f 3324/5365/4393 3328/5376/4396 3327/5377/4394
f 3324/5365/4393 3329/5374/4397 3328/5376/4396
f 3324/5365/4393 3339/5366/4398 3332/5372/4399 3331/5373/4400
f 3339/5366/4398 3333/5371/4401 3332/5372/4399
f 3339/5366/4398 3334/5370/4402 3333/5371/4401
f 3339/5366/4398 3335/5369/4403 3334/5370/4402
f 3339/5366/4398 3336/5368/4404 3335/5369/4403
f 3339/5366/4398 3340/5364/4392 3337/5367/4405 3336/5368/4404
f 3340/5364/4392 3338/5363/4391 3337/5367/4405
f 3329/5374/4397 3331/5373/4400 3330/5375/4406
f 3325/5378/4395 3327/5377/4394 3343/5382/4407 3342/5381/4408
f 3327/5377/4394 3328/5376/4396 3344/5383/4409 3343/5382/4407
f 3328/5376/4396 3329/5374/4397 3345/5384/4410 3344/5383/4409
f 3329/5374/4397 3330/5375/4406 3346/5385/4411 3345/5384/4410
f 3330/5375/4406 3331/5373/4400 3347/5386/4412 3346/5385/4411
f 3331/5373/4400 3332/5372/4399 3348/5387/4413 3347/5386/4412
f 3332/5372/4399 3333/5371/4401 3349/5388/4414 3348/5387/4413
f 3333/5371/4401 3334/5370/4402 3350/5389/4415 3349/5388/4414
f 3334/5370/4402 3335/5369/4403 3351/5390/4416 3350/5389/4415
f 3335/5369/4403 3336/5368/4404 3352/5391/4417 3351/5390/4416
f 3336/5368/4404 3337/5367/4405 3353/5392/4418 3352/5391/4417
f 3337/5367/4405 3338/5363/4391 3354/5393/4419 3353/5392/4418
f 3338/5363/4391 3326/5362/4390 3355/5453/4420 3354/5393/4419
f 3339/5366/4398 3324/5365/4393 3341/5380/4421 3356/5395/4422
f 3340/5364/4392 3339/5366/4398 3356/5395/4422 3357/5396/4423
f 3326/5362/4390 3340/5364/4392 3357/5396/4423 3355/5394/4420
f 3342/5454/4408 3341/5379/4421 3324/5365/4393 3325/5378/4395
s 4
f 3359/5397/4424 3358/5398/4425 3385/5399/4426 3386/5400/4427
f 3361/5401/4428 3360/5402/4429 3387/5403/4430 3388/5404/4431
f 3360/5402/4429 3362/5405/4432 3389/5406/4433 3387/5403/4430
f 3362/5405/4432 3363/5407/4434 3390/5408/4435 3389/5406/4433
f 3363/5407/4434 3364/5409/4436 3391/5410/4437 3390/5408/4435
f 3364/5409/4436 3365/5411/4438 3392/5412/4439 3391/5410/4437
f 3365/5411/4438 3366/5413/4440 3393/5414/4441 3392/5412/4439
f 3366/5413/4440 3367/5415/4442 3394/5416/4443 3393/5414/4441
f 3367/5415/4442 3368/5417/4444 3395/5418/4445 3394/5416/4443
f 3368/5417/4444 3369/5419/4446 3396/5420/4447 3395/5418/4445
f 3369/5419/4446 3370/5421/4448 3397/5422/4449 3396/5420/4447
f 3370/5421/4448 3371/5423/4450 3398/5424/4451 3397/5422/4449
f 3371/5423/4450 3372/5425/4452 3399/5426/4453 3398/5424/4451
f 3372/5425/4452 3373/5427/4454 3400/5428/4455 3399/5426/4453
f 3373/5427/4454 3374/5429/4456 3401/5452/4457 3400/5428/4455
f 3375/5431/4458 3359/5397/4424 3386/5400/4427 3402/5432/4459
f 3376/5433/4460 3375/5431/4458 3402/5432/4459 3403/5434/4461
f 3377/5435/4462 3376/5433/4460 3403/5434/4461 3404/5436/4463
f 3378/5437/4464 3377/5435/4462 3404/5436/4463 3405/5438/4465
f 3379/5439/4466 3378/5437/4464 3405/5438/4465 3406/5440/4467
f 3380/5441/4468 3379/5439/4466 3406/5440/4467 3407/5442/4469
f 3381/5443/4470 3380/5441/4468 3407/5442/4469 3408/5444/4471
f 3382/5445/4472 3381/5443/4470 3408/5444/4471 3409/5446/4473
f 3374/5451/4456 3382/5445/4472 3409/5446/4473 3401/5430/4457
f 3358/5398/4425 3383/5447/4474 3410/5448/4475 3385/5399/4426
f 3383/5447/4474 3384/5449/4476 3411/5450/4477 3410/5448/4475
f 3384/5449/4476 3361/5401/4428 3388/5404/4431 3411/5450/4477
s 1
f 3324/5365/4393 3331/5373/4400 3329/5374/4397
g default
v 10.294919 7.065463 -20.592216
v 10.294859 7.065463 -3.803268
v 10.294919 12.608390 -20.592216
v 10.294859 12.608390 -3.803266
v 9.959081 7.065463 -3.803268
v 9.959081 12.608390 -3.803267
v 9.959140 7.065463 -20.592216
v 9.959140 12.608390 -20.592216
vt 0.974365 0.331429
vt 0.796390 0.008957
vt 0.888520 0.002628
vt 0.882234 0.325107
vt 0.790067 0.008957
vt 0.888526 0.008952
vt 0.790084 0.325119
vt 0.888556 0.325107
vt 0.888549 0.331435
vt 0.974369 0.325104
vt 0.796408 0.325119
vt 0.974346 0.008947
vt 0.882204 0.008952
vt 0.974346 0.002624
vn 0.997971 0.060455 -0.019956
vn 0.997971 0.060455 0.019963
vn 0.997971 -0.060455 0.019963
vn 0.997971 -0.060455 -0.019956
vn -0.997971 0.060455 0.019956
vn -0.997971 -0.060455 0.019956
vn -0.997971 0.060455 -0.019963
vn -0.997971 -0.060455 -0.019963
s 1
g Recepcion2 Recepcion group12 group10 group11 Pared7
usemtl lambert6SG
f 3414/5465/4478 3415/5456/4479 3413/5467/4480 3412/5458/4481
f 3415/5468/4479 3417/5466/4482 3416/5460/4483 3413/5457/4480
f 3417/5466/4482 3419/5464/4484 3418/5462/4485 3416/5460/4483
f 3419/5464/4484 3414/5455/4478 3412/5463/4481 3418/5462/4485
f 3419/5461/4484 3417/5459/4482 3415/5456/4479 3414/5465/4478
f 3412/5458/4481 3413/5467/4480 3416/5460/4483 3418/5462/4485
g default
v 9.716602 7.035115 -18.905107
v 9.716602 12.582211 -18.905107
v 9.716602 12.582211 -20.594270
v 9.716602 7.035115 -20.594270
v 9.770657 7.035115 -18.905107
v 9.770657 12.582211 -18.905107
v 9.770657 12.582211 -20.594270
v 9.770657 7.035115 -18.977814
v 9.770657 12.524451 -18.956518
v 9.770657 12.517510 -20.594270
v 10.131119 7.035115 -18.977814
v 10.131119 12.524451 -18.956518
v 10.131119 12.517510 -20.594270
vt 0.330451 0.952958
vt 0.298596 0.952959
vt 0.298596 0.866952
vt 0.330451 0.866952
vt 0.297730 0.952959
vt 0.297730 0.866952
vt 0.330451 0.865779
vt 0.885481 0.910908
vt 0.885481 0.828582
vt 0.892334 0.828582
vt 0.892334 0.910908
vt 0.885481 0.943307
vt 0.892334 0.943307
vt 0.298596 0.865778
vn -1.000000 0.000000 0.000000
vn -0.999488 0.000000 0.031984
vn -0.999441 0.009739 0.031983
vn -0.999952 0.009744 0.000000
vn 0.000000 0.000000 1.000000
vn 0.000000 0.291308 0.956629
vn 0.000000 1.000000 0.000000
vn 0.000000 0.282808 0.959177
vn 0.000000 -0.003880 0.999992
vn 0.000000 -0.003880 0.999992
vn 0.000000 0.282808 0.959177
vn 0.000000 0.999991 -0.004238
vn 0.000000 0.999991 -0.004238
s 1
g Recepcion2 Recepcion group12 group10 group11 Forma_pared3
usemtl lambert6SG
f 3423/5469/4486 3420/5470/4487 3421/5471/4488 3422/5472/4489
f 3421/5471/4488 3420/5470/4487 3424/5473/4490 3425/5474/4491
f 3422/5472/4489 3421/5471/4488 3425/5482/4491 3426/5475/4492
s 2
f 3428/5476/4493 3427/5477/4494 3430/5478/4495 3431/5479/4496
f 3429/5480/4497 3428/5476/4493 3431/5479/4496 3432/5481/4498
g default
v 9.739034 11.858933 -18.920088
v 9.739034 10.567718 -18.920088
v 9.739004 7.064013 -14.645111
v 9.739031 10.513877 -18.449441
v 9.739028 10.274891 -18.019099
v 9.739025 9.882550 -17.743330
v 9.739024 9.491530 -17.567149
v 9.739024 9.040635 -17.443564
v 9.739023 8.612106 -17.290984
v 9.739020 8.240061 -16.974275
v 9.739019 7.982919 -16.634969
v 9.739014 7.848039 -16.150501
v 9.739012 7.794617 -15.725833
v 9.739008 7.680079 -15.143527
v 9.739005 7.460210 -14.795262
v 9.739023 11.858933 -17.323983
v 9.739000 7.064013 -14.031936
v 9.739019 11.522981 -16.793933
v 9.739017 11.070753 -16.526169
v 9.739014 10.449196 -16.358308
v 9.739014 9.876960 -16.107829
v 9.739012 9.574447 -15.836402
v 9.739008 9.459956 -15.286632
v 9.739007 9.310372 -14.948716
v 9.739003 8.992547 -14.532281
v 9.739001 8.487234 -14.246957
v 9.739000 7.877976 -14.059073
v 9.739031 11.858933 -18.436133
v 9.739028 11.858933 -17.991421
v 9.739005 7.200949 -14.697006
v 9.807416 11.858933 -18.920088
v 9.807416 10.567718 -18.920088
v 9.807386 7.064013 -14.645111
v 9.807382 7.064013 -14.031936
v 9.807412 10.513877 -18.449441
v 9.807410 10.274891 -18.019099
v 9.807407 9.882550 -17.743330
v 9.807405 9.491530 -17.567149
v 9.807405 9.040635 -17.443564
v 9.807404 8.612106 -17.290984
v 9.807402 8.240061 -16.974275
v 9.807401 7.982919 -16.634969
v 9.807398 7.848039 -16.150501
v 9.807394 7.794617 -15.725833
v 9.807390 7.680079 -15.143527
v 9.807387 7.460210 -14.795262
v 9.807387 7.200949 -14.697006
v 9.807404 11.858933 -17.323983
v 9.807410 11.858933 -17.991421
v 9.807401 11.522981 -16.793933
v 9.807398 11.070753 -16.526169
v 9.807397 10.449196 -16.358308
v 9.807396 9.876960 -16.107829
v 9.807394 9.574447 -15.836402
v 9.807390 9.459956 -15.286632
v 9.807388 9.310372 -14.948716
v 9.807385 8.992547 -14.532281
v 9.807383 8.487234 -14.246957
v 9.807382 7.877976 -14.059073
v 9.807412 11.858933 -18.436133
v 9.807416 11.808968 -18.872600
v 9.807416 10.614906 -18.870100
v 9.807386 7.122504 -14.607431
v 9.807382 7.113094 -14.080248
v 9.807412 10.581445 -18.429790
v 9.807410 10.328486 -17.975333
v 9.807407 9.918863 -17.685720
v 9.807405 9.516537 -17.504340
v 9.807405 9.062837 -17.379809
v 9.807404 8.648704 -17.233539
v 9.807402 8.292608 -16.929377
v 9.807401 8.046807 -16.606277
v 9.807398 7.917444 -16.137894
v 9.807394 7.864464 -15.715670
v 9.807390 7.746144 -15.119705
v 9.807387 7.505996 -14.744111
v 9.807387 7.227122 -14.634627
v 9.807404 11.790852 -17.341964
v 9.807410 11.788272 -17.991421
v 9.807401 11.472643 -16.841062
v 9.807398 11.042134 -16.587570
v 9.807397 10.424686 -16.421295
v 9.807396 9.837405 -16.163479
v 9.807394 9.512598 -15.868881
v 9.807390 9.392385 -15.306273
v 9.807388 9.248803 -14.981668
v 9.807385 8.944918 -14.581888
v 9.807383 8.458104 -14.308142
v 9.807382 7.865714 -14.125210
v 9.807412 11.788272 -18.436133
v 9.983689 11.808968 -18.872600
v 9.983689 10.614907 -18.870100
v 9.983659 7.122503 -14.607431
v 9.983655 7.113094 -14.080248
v 9.983685 10.581446 -18.429790
v 9.983683 10.328485 -17.975333
v 9.983680 9.918862 -17.685720
v 9.983679 9.516537 -17.504340
v 9.983679 9.062837 -17.379809
v 9.983677 8.648703 -17.233539
v 9.983674 8.292607 -16.929377
v 9.983674 8.046805 -16.606277
v 9.983670 7.917444 -16.137892
v 9.983667 7.864465 -15.715668
v 9.983663 7.746144 -15.119705
v 9.983660 7.505995 -14.744111
v 9.983660 7.227121 -14.634627
v 9.983677 11.790852 -17.341964
v 9.983683 11.788271 -17.991421
v 9.983674 11.472643 -16.841060
v 9.983670 11.042133 -16.587568
v 9.983670 10.424686 -16.421295
v 9.983669 9.837404 -16.163479
v 9.983667 9.512597 -15.868878
v 9.983663 9.392384 -15.306273
v 9.983661 9.248802 -14.981668
v 9.983658 8.944918 -14.581888
v 9.983656 8.458104 -14.308141
v 9.983655 7.865713 -14.125210
v 9.983685 11.788272 -18.436130
vt 0.870777 0.850382
vt 0.853422 0.832742
vt 0.860062 0.826161
vt 0.876741 0.843018
vt 0.867571 0.859451
vt 0.847342 0.838731
vt 0.868444 0.868189
vt 0.838350 0.847576
vt 0.859227 0.930065
vt 0.835212 0.920709
vt 0.836995 0.911374
vt 0.865813 0.921182
vt 0.870721 0.875607
vt 0.835234 0.858777
vt 0.874429 0.883137
vt 0.837071 0.868136
vt 0.877442 0.890700
vt 0.842299 0.878486
vt 0.877558 0.899563
vt 0.845812 0.889207
vt 0.875959 0.907186
vt 0.845736 0.896621
vt 0.870965 0.915079
vt 0.839759 0.905171
vt 0.857040 0.937318
vt 0.837338 0.930772
vt 0.850952 0.951898
vt 0.841989 0.940919
vt 0.858566 0.941979
vt 0.859428 0.944402
vt 0.859131 0.825223
vt 0.877680 0.842088
vt 0.860588 0.943964
vt 0.851788 0.952843
vt 0.872716 0.851483
vt 0.868805 0.859675
vt 0.869672 0.867944
vt 0.871906 0.875130
vt 0.875613 0.882617
vt 0.878691 0.890463
vt 0.878854 0.899681
vt 0.877129 0.907680
vt 0.872007 0.915828
vt 0.866813 0.921968
vt 0.860309 0.930662
vt 0.858228 0.937376
vt 0.859688 0.941595
vt 0.837270 0.846934
vt 0.846411 0.837796
vt 0.833957 0.858693
vt 0.835854 0.868562
vt 0.841112 0.878982
vt 0.844602 0.889445
vt 0.844605 0.896187
vt 0.838678 0.904532
vt 0.835762 0.911014
vt 0.833960 0.920733
vt 0.836131 0.931175
vt 0.840939 0.941595
vt 0.852497 0.831803
vt 0.011486 0.192481
vt 0.011486 0.155855
vt 0.014648 0.155855
vt 0.014648 0.192481
vt 0.011486 0.031772
vt 0.011486 0.023844
vt 0.014648 0.322568
vt 0.014648 0.031772
vt 0.011486 0.203277
vt 0.014648 0.203277
vt 0.011486 0.209077
vt 0.014648 0.209077
vt 0.011486 0.209706
vt 0.014648 0.209706
vt 0.011486 0.213022
vt 0.014648 0.213022
vt 0.011486 0.220039
vt 0.014648 0.220039
vt 0.011486 0.228669
vt 0.014648 0.228669
vt 0.011486 0.239801
vt 0.014648 0.239801
vt 0.011486 0.250616
vt 0.014648 0.250616
vt 0.011486 0.264590
vt 0.014648 0.264590
vt 0.011486 0.277614
vt 0.014648 0.277614
vt 0.011486 0.296640
vt 0.014648 0.296640
vt 0.011486 0.310322
vt 0.014648 0.310322
vt 0.011486 0.319358
vt 0.014648 0.319358
vt 0.011486 0.128715
vt 0.011486 0.110671
vt 0.014648 0.110671
vt 0.014648 0.128715
vt 0.011486 0.095778
vt 0.014648 0.095778
vt 0.011486 0.084813
vt 0.014648 0.084813
vt 0.011486 0.073410
vt 0.014648 0.073410
vt 0.011486 0.064294
vt 0.014648 0.064294
vt 0.011486 0.060358
vt 0.014648 0.060358
vt 0.011486 0.058114
vt 0.014648 0.058114
vt 0.011486 0.057570
vt 0.014648 0.057570
vt 0.011486 0.054470
vt 0.014648 0.054470
vt 0.011486 0.048970
vt 0.014648 0.048970
vt 0.011486 0.041537
vt 0.014648 0.041537
vt 0.011486 0.142049
vt 0.014648 0.142049
vt 0.849971 0.952696
vt 0.860262 0.945347
vt 0.877856 0.843760
vt 0.861000 0.825231
vt 0.011486 0.322568
vt 0.014648 0.023844
vn -0.998972 -0.043102 -0.014016
vn -0.998757 0.049837 -0.000007
vn -0.988960 0.052006 -0.138759
vn -0.989670 -0.047347 -0.135320
vn -0.999388 -0.026080 -0.023326
vn -0.998766 0.049664 -0.000008
vn -0.999492 -0.015917 -0.027597
vn -0.998385 0.054706 0.015340
vn -0.999126 -0.039343 -0.014146
vn -0.998426 0.036390 0.042677
vn -0.999090 0.036251 0.022456
vn -0.998960 -0.044977 -0.007508
vn -0.999365 -0.011948 -0.033561
vn -0.998669 0.036701 0.036251
vn -0.999167 -0.012219 -0.038923
vn -0.998462 0.020847 0.051382
vn -0.999164 -0.020666 -0.035261
vn -0.998768 0.016413 0.046826
vn -0.999146 -0.029826 -0.028611
vn -0.999307 0.019067 0.031954
vn -0.999087 -0.038572 -0.018363
vn -0.999496 0.028320 0.014374
vn -0.999206 -0.039020 -0.008089
vn -0.999077 0.041182 0.012245
vn -0.999192 -0.027392 -0.029398
vn -0.996403 0.033118 0.077997
vn -0.975461 -0.128648 0.178676
vn -0.988929 0.022167 0.146725
vn -0.999072 -0.015259 -0.040266
vn -0.992837 -0.117016 -0.024101
vn 0.000000 0.350964 -0.936389
vn 0.000000 -0.330273 -0.943886
vn 0.000000 -0.979454 -0.201670
vn 0.000000 -0.584294 0.811542
vn 0.000000 -0.951032 -0.309092
vn 0.000000 -0.745480 -0.666528
vn 0.000000 -0.499733 -0.866179
vn 0.000000 -0.335425 -0.942067
vn 0.000000 -0.299602 -0.954064
vn 0.000000 -0.505709 -0.862704
vn 0.000000 -0.721711 -0.692195
vn 0.000000 -0.902968 -0.429708
vn 0.000000 -0.979216 -0.202819
vn 0.000000 -0.986373 -0.164525
vn 0.000000 -0.941081 -0.338182
vn 0.000000 -0.681777 -0.731560
vn 0.000000 -0.354387 -0.935099
vn 0.000000 0.962828 0.270116
vn 0.000000 1.000000 0.000000
vn 0.000000 0.711387 0.702800
vn 0.000000 0.375930 0.926648
vn 0.000000 0.330710 0.943732
vn 0.000000 0.512367 0.858767
vn 0.000000 0.891628 0.452768
vn 0.000000 0.958487 0.285135
vn 0.000000 0.850048 0.526706
vn 0.000000 0.648771 0.760983
vn 0.000000 0.390804 0.920474
vn 0.000000 0.149386 0.988779
vn 0.000000 1.000000 0.000000
vn 0.000005 -0.339334 -0.940666
vn 0.000003 0.346886 -0.937907
vn 0.000003 0.346883 -0.937909
vn 0.000005 -0.339329 -0.940668
vn -0.000004 -0.544299 0.838891
vn -0.000003 -0.979495 -0.201466
vn -0.000003 -0.979495 -0.201468
vn -0.000004 -0.544304 0.838888
vn 0.000003 -0.952394 -0.304869
vn 0.000003 -0.952395 -0.304867
vn 0.000001 -0.746817 -0.665030
vn 0.000001 -0.746817 -0.665029
vn -0.000000 -0.501768 -0.865003
vn -0.000000 -0.501768 -0.865003
vn 0.000000 -0.336520 -0.941676
vn 0.000000 -0.336520 -0.941676
vn -0.000000 -0.297878 -0.954604
vn -0.000000 -0.297878 -0.954604
vn -0.000002 -0.504815 -0.863228
vn -0.000002 -0.504815 -0.863228
vn -0.000004 -0.721545 -0.692368
vn -0.000004 -0.721545 -0.692368
vn -0.000004 -0.903628 -0.428319
vn -0.000004 -0.903628 -0.428319
vn -0.000000 -0.979678 -0.200578
vn -0.000000 -0.979678 -0.200577
vn 0.000004 -0.986141 -0.165908
vn 0.000004 -0.986141 -0.165908
vn 0.000003 -0.938178 -0.346154
vn 0.000003 -0.938178 -0.346152
vn 0.000000 -0.682812 -0.730594
vn 0.000000 -0.682813 -0.730593
vn 0.000002 -0.335723 -0.941961
vn 0.000002 -0.335723 -0.941961
vn 0.000004 0.999997 -0.002358
vn 0.000003 0.964359 0.264596
vn 0.000003 0.964360 0.264594
vn 0.000004 0.999997 -0.002358
vn -0.000007 0.709772 0.704432
vn -0.000007 0.709771 0.704433
vn -0.000014 0.371835 0.928299
vn -0.000014 0.371834 0.928299
vn -0.000006 0.332048 0.943262
vn -0.000006 0.332048 0.943262
vn -0.000002 0.518051 0.855350
vn -0.000002 0.518051 0.855350
vn -0.000001 0.887524 0.460761
vn -0.000001 0.887526 0.460758
vn 0.000003 0.958528 0.285000
vn 0.000003 0.958528 0.284999
vn 0.000002 0.850771 0.525537
vn 0.000002 0.850771 0.525537
vn -0.000002 0.648448 0.761259
vn -0.000002 0.648449 0.761258
vn -0.000005 0.389706 0.920939
vn -0.000005 0.389706 0.920939
vn -0.000003 0.167056 0.985947
vn -0.000003 0.167056 0.985947
vn 0.000000 0.999724 0.023481
vn 0.000000 0.999724 0.023481
s 1
g Recepcion2 Recepcion group12 group10 group11 Forma_pared4
usemtl lambert6SG
f 3436/5483/4499 3460/5484/4500 3433/5485/4501 3434/5486/4502
f 3437/5487/4503 3461/5488/4504 3460/5484/4500 3436/5483/4499
f 3438/5489/4505 3448/5490/4506 3461/5488/4504 3437/5487/4503
f 3446/5491/4507 3457/5492/4508 3456/5493/4509 3445/5494/4510
f 3439/5495/4511 3450/5496/4512 3448/5490/4506 3438/5489/4505
f 3440/5497/4513 3451/5498/4514 3450/5496/4512 3439/5495/4511
f 3441/5499/4515 3452/5500/4516 3451/5498/4514 3440/5497/4513
f 3442/5501/4517 3453/5502/4518 3452/5500/4516 3441/5499/4515
f 3443/5503/4519 3454/5504/4520 3453/5502/4518 3442/5501/4517
f 3444/5505/4521 3455/5506/4522 3454/5504/4520 3443/5503/4519
f 3445/5494/4510 3456/5493/4509 3455/5506/4522 3444/5505/4521
f 3447/5507/4523 3458/5508/4524 3457/5492/4508 3446/5491/4507
f 3449/5509/4525 3459/5510/4526 3462/5511/4527 3435/5512/4528
f 3462/5511/4527 3459/5510/4526 3458/5508/4524 3447/5507/4523
f 3434/5486/4502 3433/5485/4501 3463/5606/4529 3464/5514/4530
f 3449/5509/4525 3435/5512/4528 3465/5604/4531 3466/5516/4532
f 3436/5483/4499 3434/5486/4502 3464/5605/4530 3467/5517/4533
f 3437/5487/4503 3436/5483/4499 3467/5517/4533 3468/5518/4534
f 3438/5489/4505 3437/5487/4503 3468/5518/4534 3469/5519/4535
f 3439/5495/4511 3438/5489/4505 3469/5519/4535 3470/5520/4536
f 3440/5497/4513 3439/5495/4511 3470/5520/4536 3471/5521/4537
f 3441/5499/4515 3440/5497/4513 3471/5521/4537 3472/5522/4538
f 3442/5501/4517 3441/5499/4515 3472/5522/4538 3473/5523/4539
f 3443/5503/4519 3442/5501/4517 3473/5523/4539 3474/5524/4540
f 3444/5505/4521 3443/5503/4519 3474/5524/4540 3475/5525/4541
f 3445/5494/4510 3444/5505/4521 3475/5525/4541 3476/5526/4542
f 3446/5491/4507 3445/5494/4510 3476/5526/4542 3477/5527/4543
f 3447/5507/4523 3446/5491/4507 3477/5527/4543 3478/5528/4544
f 3462/5511/4527 3447/5507/4523 3478/5528/4544 3479/5529/4545
f 3461/5488/4504 3448/5490/4506 3480/5530/4546 3481/5531/4547
f 3448/5490/4506 3450/5496/4512 3482/5532/4548 3480/5530/4546
f 3450/5496/4512 3451/5498/4514 3483/5533/4549 3482/5532/4548
f 3451/5498/4514 3452/5500/4516 3484/5534/4550 3483/5533/4549
f 3452/5500/4516 3453/5502/4518 3485/5535/4551 3484/5534/4550
f 3453/5502/4518 3454/5504/4520 3486/5536/4552 3485/5535/4551
f 3454/5504/4520 3455/5506/4522 3487/5537/4553 3486/5536/4552
f 3455/5506/4522 3456/5493/4509 3488/5538/4554 3487/5537/4553
f 3456/5493/4509 3457/5492/4508 3489/5539/4555 3488/5538/4554
f 3457/5492/4508 3458/5508/4524 3490/5540/4556 3489/5539/4555
f 3458/5508/4524 3459/5510/4526 3491/5541/4557 3490/5540/4556
f 3459/5510/4526 3449/5509/4525 3466/5603/4532 3491/5541/4557
f 3433/5485/4501 3460/5484/4500 3492/5542/4558 3463/5513/4529
f 3460/5484/4500 3461/5488/4504 3481/5531/4547 3492/5542/4558
f 3435/5512/4528 3462/5511/4527 3479/5529/4545 3465/5515/4531
s 4
f 3494/5543/4559 3493/5544/4560 3523/5545/4561 3524/5546/4562
f 3496/5547/4563 3495/5548/4564 3525/5608/4565 3526/5550/4566
f 3497/5551/4567 3494/5543/4559 3524/5546/4562 3527/5552/4568
f 3498/5553/4569 3497/5551/4567 3527/5552/4568 3528/5554/4570
f 3499/5555/4571 3498/5553/4569 3528/5554/4570 3529/5556/4572
f 3500/5557/4573 3499/5555/4571 3529/5556/4572 3530/5558/4574
f 3501/5559/4575 3500/5557/4573 3530/5558/4574 3531/5560/4576
f 3502/5561/4577 3501/5559/4575 3531/5560/4576 3532/5562/4578
f 3503/5563/4579 3502/5561/4577 3532/5562/4578 3533/5564/4580
f 3504/5565/4581 3503/5563/4579 3533/5564/4580 3534/5566/4582
f 3505/5567/4583 3504/5565/4581 3534/5566/4582 3535/5568/4584
f 3506/5569/4585 3505/5567/4583 3535/5568/4584 3536/5570/4586
f 3507/5571/4587 3506/5569/4585 3536/5570/4586 3537/5572/4588
f 3508/5573/4589 3507/5571/4587 3537/5572/4588 3538/5574/4590
f 3509/5575/4591 3508/5573/4589 3538/5574/4590 3539/5576/4592
f 3511/5577/4593 3510/5578/4594 3540/5579/4595 3541/5580/4596
f 3510/5578/4594 3512/5581/4597 3542/5582/4598 3540/5579/4595
f 3512/5581/4597 3513/5583/4599 3543/5584/4600 3542/5582/4598
f 3513/5583/4599 3514/5585/4601 3544/5586/4602 3543/5584/4600
f 3514/5585/4601 3515/5587/4603 3545/5588/4604 3544/5586/4602
f 3515/5587/4603 3516/5589/4605 3546/5590/4606 3545/5588/4604
f 3516/5589/4605 3517/5591/4607 3547/5592/4608 3546/5590/4606
f 3517/5591/4607 3518/5593/4609 3548/5594/4610 3547/5592/4608
f 3518/5593/4609 3519/5595/4611 3549/5596/4612 3548/5594/4610
f 3519/5595/4611 3520/5597/4613 3550/5598/4614 3549/5596/4612
f 3520/5597/4613 3521/5599/4615 3551/5600/4616 3550/5598/4614
f 3521/5599/4615 3496/5547/4563 3526/5550/4566 3551/5600/4616
f 3493/5544/4560 3522/5601/4617 3552/5602/4618 3523/5545/4561
f 3522/5601/4617 3511/5577/4593 3541/5580/4596 3552/5602/4618
f 3495/5607/4564 3509/5575/4591 3539/5576/4592 3525/5549/4565
