# This file uses centimeters as units for non-parametric coordinates.

mtllib Compu.mtl
g default
v -77.001419 8.616669 23.609310
v -76.633827 8.616669 23.609310
v -77.001419 31.837465 23.609310
v -76.633827 31.837465 23.609310
v -77.001419 31.837465 22.929420
v -76.633827 31.837465 22.929420
v -77.001419 8.616669 22.929420
v -76.633827 8.616669 22.929420
vt 0.984117 0.117519
vt 0.986397 0.117520
vt 0.986373 0.261543
vt 0.986372 0.263824
vt 0.990590 0.261544
vt 0.992870 0.261545
vt 0.990614 0.117520
vt 0.992893 0.117521
vt 0.990589 0.263824
vt 0.984093 0.261543
vn 0.000000 0.000000 1.000000
vn 0.000000 0.000000 1.000000
vn 0.000000 0.000000 1.000000
vn 0.000000 0.000000 1.000000
vn 0.000000 1.000000 0.000000
vn 0.000000 1.000000 0.000000
vn 0.000000 1.000000 0.000000
vn 0.000000 1.000000 0.000000
vn 0.000000 0.000000 -1.000000
vn 0.000000 0.000000 -1.000000
vn 0.000000 0.000000 -1.000000
vn 0.000000 0.000000 -1.000000
vn 1.000000 0.000000 0.000000
vn 1.000000 0.000000 0.000000
vn 1.000000 0.000000 0.000000
vn 1.000000 0.000000 0.000000
s off
g pCube23 Protectores group1
usemtl lambert2SG
f 1/1/1 2/2/2 4/3/3 3/10/4
f 3/4/5 4/3/6 6/5/7 5/9/8
f 5/6/9 6/5/10 8/7/11 7/8/12
f 2/2/13 8/7/14 6/5/15 4/3/16
g default
v -77.494080 55.944454 82.171638
v -76.783867 55.944454 82.171638
v -77.494080 56.944454 82.171638
v -76.783867 56.944454 82.171638
v -77.494080 56.944454 -37.008381
v -76.783867 56.944454 -37.008381
v -77.494080 55.944454 -37.008381
v -76.783867 55.944454 -37.008381
vt 0.005375 0.867543
vt 0.005375 0.863138
vt 0.744576 0.863121
vt 0.744576 0.867526
vt 0.744576 0.852514
vt 0.744576 0.856919
vt 0.005375 0.856935
vt 0.005375 0.852530
vn 0.000000 1.000000 0.000000
vn 0.000000 1.000000 0.000000
vn 0.000000 1.000000 0.000000
vn 0.000000 1.000000 0.000000
vn 0.000000 -1.000000 0.000000
vn 0.000000 -1.000000 0.000000
vn 0.000000 -1.000000 0.000000
vn 0.000000 -1.000000 0.000000
vn 1.000000 0.000000 0.000000
vn 1.000000 0.000000 0.000000
vn 1.000000 0.000000 0.000000
vn 1.000000 0.000000 0.000000
s off
g Protectores group1 pCube27
usemtl lambert2SG
f 11/11/17 12/12/18 14/13/19 13/14/20
f 15/15/21 16/16/22 10/17/23 9/18/24
f 10/17/25 16/16/26 14/13/27 12/12/28
g default
v 43.295746 22.755535 75.455620
v 44.746540 22.755535 75.455620
v 43.295746 30.594797 75.455620
v 44.746540 30.594797 75.455620
v 43.295746 30.594797 75.266876
v 44.746540 30.594797 75.266876
v 43.295746 22.755535 75.266876
v 44.746540 22.755535 75.266876
v 44.021141 30.594797 75.485023
v 44.021141 30.594797 75.296280
v 44.021141 22.755535 75.485023
vt 0.390368 0.113533
vt 0.390370 0.118036
vt 0.341778 0.118045
vt 0.341726 0.113543
vt 0.340611 0.118045
vt 0.340554 0.113523
vt 0.390370 0.122539
vt 0.390370 0.123710
vt 0.341728 0.123718
vt 0.341728 0.122547
vt 0.390368 0.112363
vt 0.340555 0.122568
vt 0.341726 0.112372
vn -0.040506 0.000000 0.999179
vn 0.000000 0.000000 1.000000
vn 0.000000 0.000000 1.000000
vn -0.040506 0.000000 0.999179
vn 0.000000 1.000000 0.000000
vn 0.000000 1.000000 0.000000
vn 0.000000 1.000000 0.000000
vn 0.000000 1.000000 0.000000
vn 1.000000 0.000000 0.000000
vn 1.000000 0.000000 0.000000
vn 1.000000 0.000000 0.000000
vn 1.000000 0.000000 0.000000
vn -1.000000 0.000000 0.000000
vn -1.000000 0.000000 0.000000
vn -1.000000 0.000000 0.000000
vn -1.000000 0.000000 0.000000
vn 0.000000 1.000000 0.000000
vn 0.000000 1.000000 0.000000
vn 0.040506 0.000000 0.999179
vn 0.040506 0.000000 0.999179
s 1
g group1 pCube5 Monitor
usemtl lambert2SG
f 17/19/29 27/20/30 25/21/31 19/22/32
s 2
f 19/22/33 25/21/34 26/23/35 21/24/36
s off
f 18/25/37 24/26/38 22/27/39 20/28/40
f 23/29/41 17/19/42 19/22/43 21/31/44
s 2
f 25/21/34 20/28/45 22/30/46 26/23/35
s 1
f 25/21/31 27/20/30 18/25/47 20/28/48
g default
v 42.208199 23.042833 69.232666
v 53.479362 23.042833 69.232666
v 42.208199 23.175537 69.230743
v 53.479362 23.175537 69.230743
v 42.208199 23.167650 68.685989
v 53.479362 23.167650 68.685989
v 42.208199 23.034946 68.687904
v 53.479362 23.034946 68.687904
vt 0.546178 0.211487
vt 0.475447 0.212310
vt 0.475447 0.211487
vt 0.545355 0.211487
vt 0.475447 0.208108
vt 0.545355 0.208108
vt 0.474624 0.208108
vt 0.545355 0.207285
vt 0.475447 0.207284
vt 0.546178 0.208108
vt 0.474624 0.211487
vt 0.545355 0.212310
vn 0.000000 0.014486 0.999895
vn 0.000000 0.014486 0.999895
vn 0.000000 0.014486 0.999895
vn 0.000000 0.014486 0.999895
vn 0.000000 0.999895 -0.014477
vn 0.000000 0.999895 -0.014477
vn 0.000000 0.999895 -0.014477
vn 0.000000 0.999895 -0.014477
vn 0.000000 -0.014429 -0.999896
vn 0.000000 -0.014429 -0.999896
vn 0.000000 -0.014429 -0.999896
vn 0.000000 -0.014429 -0.999896
vn 1.000000 -0.000005 0.000000
vn 1.000000 -0.000005 0.000000
vn 1.000000 -0.000005 0.000000
vn 1.000000 -0.000005 0.000000
vn -1.000000 -0.000001 0.000000
vn -1.000000 -0.000001 0.000000
vn -1.000000 -0.000001 0.000000
vn -1.000000 -0.000001 0.000000
s off
g group1 pCube10
usemtl lambert2SG
f 28/43/49 29/33/50 31/34/51 30/35/52
f 30/35/53 31/34/54 33/36/55 32/37/56
f 32/37/57 33/36/58 35/40/59 34/39/60
f 29/42/61 35/38/62 33/36/63 31/34/64
f 34/41/65 28/32/66 30/35/67 32/37/68
g default
v -51.584621 139.722229 -12.231514
v -51.716492 139.722229 -12.261613
v -51.822243 139.722229 -12.177279
v -51.822243 139.722229 -12.042018
v -51.716492 139.722229 -11.957684
v -51.584621 139.722229 -11.987782
v -51.525932 139.722229 -12.109648
v -51.584621 148.316162 -12.231514
v -51.716492 148.316162 -12.261613
v -51.822243 148.316162 -12.177279
v -51.822243 148.316162 -12.042018
v -51.716492 148.316162 -11.957684
v -51.584621 148.316162 -11.987782
v -51.525932 148.316162 -12.109648
vt 0.837454 0.004947
vt 0.838293 0.004947
vt 0.838293 0.058249
vt 0.837454 0.058249
vt 0.839132 0.004947
vt 0.839132 0.058249
vt 0.839971 0.004947
vt 0.839971 0.058249
vt 0.840810 0.004947
vt 0.840810 0.058249
vt 0.841649 0.004947
vt 0.841649 0.058249
vt 0.842488 0.004947
vt 0.836615 0.058249
vt 0.836615 0.004947
vt 0.842488 0.058249
vn 0.222523 0.000000 -0.974928
vn 0.222523 0.000000 -0.974928
vn 0.222523 0.000000 -0.974928
vn 0.222523 0.000000 -0.974928
vn -0.623492 0.000000 -0.781830
vn -0.623492 0.000000 -0.781830
vn -0.623492 0.000000 -0.781830
vn -0.623492 0.000000 -0.781830
vn -1.000000 0.000000 0.000000
vn -1.000000 0.000000 0.000000
vn -1.000000 0.000000 0.000000
vn -1.000000 0.000000 0.000000
vn -0.623492 0.000000 0.781830
vn -0.623492 0.000000 0.781830
vn -0.623492 0.000000 0.781830
vn -0.623492 0.000000 0.781830
vn 0.222516 0.000000 0.974929
vn 0.222516 0.000000 0.974929
vn 0.222516 0.000000 0.974929
vn 0.222516 0.000000 0.974929
vn 0.900965 0.000000 0.433893
vn 0.900965 0.000000 0.433893
vn 0.900965 0.000000 0.433893
vn 0.900965 0.000000 0.433893
vn 0.900965 0.000000 -0.433893
vn 0.900965 0.000000 -0.433893
vn 0.900965 0.000000 -0.433893
vn 0.900965 0.000000 -0.433893
s off
g group1 pCylinder2 Luz_techo
usemtl lambert2SG
f 36/44/69 37/45/70 44/46/71 43/47/72
f 37/45/73 38/48/74 45/49/75 44/46/76
f 38/48/77 39/50/78 46/51/79 45/49/80
f 39/50/81 40/52/82 47/53/83 46/51/84
f 40/52/85 41/54/86 48/55/87 47/53/88
f 41/54/89 42/56/90 49/59/91 48/55/92
f 42/58/93 36/44/94 43/47/95 49/57/96
g default
v 59.534924 22.770409 71.934509
v 64.890274 22.770409 71.934509
v 59.534924 23.917879 71.934509
v 64.890274 23.917879 71.934509
v 59.534924 23.917879 65.311127
v 64.890274 23.917879 65.311127
v 59.534924 22.770409 65.311127
v 64.890274 22.770409 65.311127
v 59.534924 22.870409 71.934509
v 64.790268 22.870409 71.934509
v 64.790268 23.817879 71.934509
v 59.534924 23.817879 71.934509
v 59.534924 23.817879 65.311127
v 64.790268 23.817879 65.311127
v 64.790268 22.870409 65.311127
v 59.534924 22.870409 65.311127
v 59.634918 22.870409 71.834511
v 64.790268 22.870409 71.834511
v 64.790268 23.817879 71.834511
v 59.634918 23.817879 71.834511
v 59.634918 23.817879 65.411125
v 64.790268 23.817879 65.411125
v 64.790268 22.870409 65.411125
v 59.634918 22.870409 65.411125
vt 0.291705 0.271341
vt 0.791924 0.038818
vt 0.791924 0.046139
vt 0.793646 0.080087
vt 0.793048 0.079071
vt 0.793048 0.045771
vt 0.834797 0.045771
vt 0.834797 0.079071
vt 0.251866 0.277221
vt 0.835890 0.046233
vt 0.835890 0.038818
vt 0.834167 0.004947
vt 0.834797 0.005928
vt 0.834797 0.038818
vt 0.793048 0.038818
vt 0.793048 0.005928
vt 0.792584 0.038818
vt 0.792584 0.005575
vt 0.792584 0.046139
vt 0.792584 0.079439
vt 0.835226 0.046233
vt 0.835226 0.079439
vt 0.835226 0.038818
vt 0.835226 0.005575
vt 0.291706 0.277218
vt 0.835890 0.078964
vt 0.251865 0.271345
vt 0.791924 0.006276
vt 0.219890 0.271348
vt 0.219891 0.277224
vt 0.323682 0.277215
vt 0.323681 0.271338
vt 0.835890 0.006096
vt 0.834011 0.080087
vt 0.791924 0.078691
vt 0.793600 0.004947
vn 0.000000 0.000000 1.000000
vn 0.000000 0.000000 1.000000
vn 0.000000 0.000000 1.000000
vn 0.000000 0.000000 1.000000
vn 0.000000 1.000000 0.000000
vn 0.000000 1.000000 0.000000
vn 0.000000 1.000000 0.000000
vn 0.000000 1.000000 0.000000
vn 0.000000 0.000000 -1.000000
vn 0.000000 0.000000 -1.000000
vn 0.000000 0.000000 -1.000000
vn 0.000000 0.000000 -1.000000
vn 0.000000 -1.000000 0.000000
vn 0.000000 -1.000000 0.000000
vn 0.000000 -1.000000 0.000000
vn 0.000000 -1.000000 0.000000
vn 1.000000 0.000000 0.000000
vn 1.000000 0.000000 0.000000
vn 1.000000 0.000000 0.000000
vn 1.000000 0.000000 0.000000
vn -1.000000 0.000000 0.000000
vn -1.000000 0.000000 0.000000
vn -1.000000 0.000000 0.000000
vn -1.000000 0.000000 0.000000
vn 0.000000 0.000000 1.000000
vn 0.000008 0.000000 1.000000
vn 0.000008 0.000000 1.000000
vn 0.000000 0.000000 1.000000
vn 0.000008 0.000000 1.000000
vn 0.000008 0.000000 1.000000
vn 0.000000 0.000000 1.000000
vn 0.000000 0.000000 1.000000
vn 0.000000 0.000000 -1.000000
vn 0.000003 0.000000 -1.000000
vn 0.000003 0.000000 -1.000000
vn 0.000000 0.000000 -1.000000
vn 0.000003 0.000000 -1.000000
vn 0.000003 0.000000 -1.000000
vn 0.000000 0.000000 -1.000000
vn 0.000000 0.000000 -1.000000
vn -1.000000 0.000000 0.000000
vn -1.000000 0.000000 0.000000
vn -1.000000 0.000000 0.000000
vn -1.000000 0.000000 0.000000
vn -1.000000 0.000000 0.000000
vn -1.000000 0.000000 0.000000
vn -1.000000 0.000000 0.000000
vn -1.000000 0.000000 0.000000
vn 0.000000 1.000000 0.000000
vn 0.000000 1.000000 0.000000
vn 0.000000 1.000000 0.000000
vn 0.000000 1.000000 0.000000
vn -1.000000 0.000000 0.000000
vn -1.000000 0.000000 0.000000
vn -1.000000 0.000000 0.000000
vn -1.000000 0.000000 0.000000
vn 0.000000 -1.000000 0.000000
vn 0.000000 -1.000000 0.000000
vn 0.000000 -1.000000 0.000000
vn 0.000000 -1.000000 0.000000
vn 0.000000 -1.000000 0.000000
vn 0.000000 -1.000000 0.000000
vn 0.000000 -1.000000 0.000000
vn 0.000000 -1.000000 0.000000
vn -1.000000 0.000000 0.000000
vn -1.000000 0.000000 0.000000
vn -1.000000 0.000000 0.000000
vn -1.000000 0.000000 0.000000
vn 0.000000 1.000000 0.000000
vn 0.000000 1.000000 0.000000
vn 0.000000 1.000000 0.000000
vn 0.000000 1.000000 0.000000
s off
g group1 pCube34 Accesorios_escritorio
usemtl lambert2SG
f 66/60/97 67/91/98 68/90/99 69/84/100
f 52/64/101 53/65/102 55/66/103 54/67/104
f 70/68/105 71/89/106 72/88/107 73/86/108
f 56/72/109 57/73/110 51/74/111 50/75/112
f 51/74/113 57/73/114 55/66/115 53/65/116
f 73/86/117 66/60/118 69/84/119 70/68/120
s 1
f 50/75/121 51/74/122 59/76/123 58/77/124
f 51/74/122 53/65/125 60/78/126 59/76/123
f 53/65/125 52/64/127 61/79/128 60/78/126
s 2
f 54/67/129 55/66/130 63/80/131 62/81/132
f 55/66/130 57/73/133 64/82/134 63/80/131
f 57/73/133 56/72/135 65/83/136 64/82/134
s off
f 56/72/137 50/75/138 58/77/139 65/83/140
f 52/64/141 54/67/142 62/81/143 61/79/144
s 3
f 58/77/145 59/76/146 67/61/147 66/87/148
s off
f 59/76/149 60/78/150 68/62/151 67/61/152
s 4
f 60/78/153 61/79/154 69/94/155 68/62/156
f 62/81/157 63/80/158 71/69/159 70/85/160
s off
f 63/80/161 64/82/162 72/70/163 71/69/164
s 3
f 64/82/165 65/83/166 73/92/167 72/70/168
f 65/83/166 58/77/145 66/95/148 73/71/167
s 4
f 61/79/154 62/81/157 70/93/160 69/63/155
g default
v 6.009242 8.535973 81.186569
v 19.141186 8.535973 81.186569
v 6.009242 43.170502 81.186569
v 19.141186 43.170502 81.186569
v 6.009242 43.170502 68.856461
v 19.141186 43.170502 68.856461
v 6.009242 8.535973 68.856461
v 19.141186 8.535973 68.856461
v 18.403664 43.170502 80.472519
v 18.403664 43.170502 69.570511
v 6.746763 43.170502 80.472519
v 6.746763 43.170502 69.570511
v 19.141186 9.261425 80.472519
v 19.141186 9.261425 69.570511
v 18.403664 9.261425 68.856461
v 6.746763 9.261425 68.856461
v 6.009242 9.261425 69.570511
v 6.009242 9.261425 80.472519
v 19.141186 42.445049 80.472519
v 19.141186 42.445049 69.570511
v 18.403664 42.445049 68.856461
v 6.746763 42.445049 68.856461
v 6.009242 42.445049 69.570511
v 6.009242 42.445049 80.472519
v 6.746763 42.770496 80.472519
v 6.746763 42.770496 69.570511
v 18.403664 42.770496 80.472519
v 18.403664 42.770496 69.570511
v 18.741186 9.261425 80.472519
v 18.741186 9.261425 69.570511
v 18.741186 42.445049 69.570511
v 18.741186 42.445049 80.472519
v 6.746763 42.445049 69.256462
v 6.746763 9.261425 69.256462
v 18.403664 42.445049 69.256462
v 18.403664 9.261425 69.256462
v 6.409242 9.261425 69.570511
v 6.409242 9.261425 80.472519
v 6.409242 42.445049 80.472519
v 6.409242 42.445049 69.570511
vt 0.254150 0.224583
vt 0.167744 0.300539
vt 0.172962 0.224516
vt 0.168327 0.219960
vt 0.086893 0.304893
vt 0.009865 0.219671
vt 0.249641 0.219880
vt 0.082375 0.220332
vt 0.086903 0.225074
vt 0.168234 0.229098
vt 0.177421 0.219978
vt 0.091605 0.300423
vt 0.091574 0.229493
vt 0.091545 0.220355
vt 0.166598 0.230864
vt 0.166017 0.298895
vt 0.093209 0.298660
vt 0.093328 0.231127
vt 0.005993 0.005058
vt 0.010477 0.009804
vt 0.086921 0.006031
vt 0.082476 0.010508
vt 0.091515 0.010504
vt 0.172845 0.004948
vt 0.168238 0.009645
vt 0.177362 0.009655
vt 0.254120 0.005079
vt 0.249659 0.009611
vt 0.012459 0.011198
vt 0.080578 0.012005
vt 0.080375 0.218942
vt 0.011778 0.218175
vt 0.166366 0.011183
vt 0.166343 0.218579
vt 0.093415 0.218820
vt 0.093507 0.011873
vt 0.179362 0.011028
vt 0.247761 0.011129
vt 0.247643 0.218507
vt 0.179317 0.218463
vt 0.172459 0.305122
vt 0.005377 0.224153
vn 1.000000 0.000000 0.000000
vn 1.000000 0.000000 0.000000
vn 1.000000 0.000000 0.000000
vn 1.000000 0.000000 0.000000
vn 0.000000 1.000000 -0.000002
vn 0.000000 1.000000 -0.000002
vn 0.000000 1.000000 0.000004
vn 0.000000 1.000000 0.000003
vn -1.000000 0.000000 0.000000
vn -1.000000 0.000000 0.000000
vn -1.000000 0.000000 0.000000
vn -1.000000 0.000000 0.000000
vn 0.000000 1.000000 0.000004
vn 0.000000 1.000000 -0.000002
vn 0.000000 1.000000 -0.000002
vn 0.000000 1.000000 0.000003
vn 0.000000 1.000000 0.000000
vn 0.000000 1.000000 0.000000
vn 0.000000 1.000000 0.000000
vn 0.000000 1.000000 0.000000
vn 0.000007 0.000000 -1.000000
vn 0.000007 0.000000 -1.000000
vn -0.000005 0.000000 -1.000000
vn -0.000005 0.000000 -1.000000
vn 1.000000 -0.000000 0.000000
vn 1.000000 -0.000000 0.000000
vn 1.000000 -0.000000 0.000000
vn 1.000000 -0.000000 0.000000
vn 0.000007 0.000000 -1.000000
vn 0.000007 0.000000 -1.000000
vn -0.000005 0.000000 -1.000000
vn -0.000005 0.000000 -1.000000
vn -1.000000 0.000000 0.000000
vn -1.000000 0.000000 0.000000
vn -1.000000 0.000000 0.000000
vn -1.000000 0.000000 0.000000
vn 1.000000 0.000000 0.000000
vn 1.000000 0.000000 0.000000
vn 1.000000 0.000000 0.000000
vn 1.000000 0.000000 0.000000
vn 0.000000 0.000000 -1.000000
vn 0.000000 0.000000 -1.000000
vn 0.000000 0.000000 -1.000000
vn 0.000000 0.000000 -1.000000
vn -1.000000 0.000000 0.000000
vn -1.000000 0.000000 0.000000
vn -1.000000 0.000000 0.000000
vn -1.000000 0.000000 0.000000
vn 1.000000 0.000000 0.000000
vn 1.000000 0.000000 0.000000
vn 1.000000 0.000000 0.000000
vn 1.000000 0.000000 0.000000
vn 0.000000 0.000000 -1.000000
vn 0.000000 0.000000 -1.000000
vn 0.000000 0.000000 -1.000000
vn 0.000000 0.000000 -1.000000
vn -1.000000 0.000000 0.000000
vn -1.000000 0.000000 0.000000
vn -1.000000 0.000000 0.000000
vn -1.000000 0.000000 0.000000
vn 0.000000 0.000000 1.000000
vn 0.000000 0.000000 1.000000
vn 0.000000 0.000000 1.000000
vn 0.000000 0.000000 1.000000
vn 0.000000 1.000000 0.000000
vn 0.000000 1.000000 0.000000
vn 0.000000 1.000000 0.000000
vn 0.000000 1.000000 0.000000
vn 0.000000 0.000000 1.000000
vn 0.000000 0.000000 1.000000
vn 0.000000 0.000000 1.000000
vn 0.000000 0.000000 1.000000
vn 0.000000 -1.000000 0.000000
vn 0.000000 -1.000000 0.000000
vn 0.000000 -1.000000 0.000000
vn 0.000000 -1.000000 0.000000
vn 0.000000 0.000000 -1.000000
vn 0.000000 0.000000 -1.000000
vn 0.000000 0.000000 -1.000000
vn 0.000000 0.000000 -1.000000
vn 1.000000 0.000000 0.000000
vn 1.000000 0.000000 0.000000
vn 1.000000 0.000000 0.000000
vn 1.000000 0.000000 0.000000
vn 0.000000 -1.000000 0.000000
vn 0.000000 -1.000000 0.000000
vn 0.000000 -1.000000 0.000000
vn 0.000000 -1.000000 0.000000
vn -1.000000 0.000000 0.000000
vn -1.000000 0.000000 0.000000
vn -1.000000 0.000000 0.000000
vn -1.000000 0.000000 0.000000
vn 0.000000 1.000000 0.000000
vn 0.000000 1.000000 0.000000
vn 0.000000 1.000000 0.000000
vn 0.000000 1.000000 0.000000
vn 0.000000 1.000000 0.000000
vn 0.000000 1.000000 0.000000
vn 0.000000 1.000000 0.000000
vn 0.000000 1.000000 0.000000
vn 0.000000 0.000000 -1.000000
vn 0.000000 0.000000 -1.000000
vn 0.000000 0.000000 -1.000000
vn 0.000000 0.000000 -1.000000
vn 0.000000 -1.000000 0.000000
vn 0.000000 -1.000000 0.000000
vn 0.000000 -1.000000 0.000000
vn 0.000000 -1.000000 0.000000
vn 0.000000 0.000000 1.000000
vn 0.000000 0.000000 1.000000
vn 0.000000 0.000000 1.000000
vn 0.000000 0.000000 1.000000
s 1
g group1 Disco_duro
usemtl lambert2SG
f 92/101/169 93/103/170 79/104/171 77/137/172
s 2
f 76/136/173 84/97/174 85/105/175 78/98/176
s 3
f 96/106/177 97/102/178 76/96/179 78/98/180
s 2
f 83/108/181 82/107/182 77/100/183 79/104/184
f 76/136/173 77/100/183 82/107/182 84/97/174
s off
f 99/110/185 98/111/186 100/112/187 101/113/188
s 2
f 78/98/176 85/105/175 83/108/181 79/104/184
s 4
f 95/99/189 78/98/190 79/104/191 94/109/192
s 1
f 75/114/193 81/116/194 87/117/195 86/115/196
s 4
f 80/119/197 89/120/198 88/118/199 81/116/200
s 3
f 80/119/201 74/122/202 91/123/203 90/121/204
s 1
f 75/114/193 86/115/196 92/101/169 77/137/172
s off
f 102/124/205 103/125/206 104/126/207 105/127/208
s 1
f 87/117/195 81/116/194 79/104/171 93/103/170
s 4
f 88/118/199 94/109/192 79/104/191 81/116/200
s off
f 107/128/209 106/129/210 108/130/211 109/131/212
s 4
f 78/98/190 95/99/189 89/120/198 80/119/197
s 3
f 80/119/201 90/121/204 96/106/177 78/98/180
s off
f 110/132/213 111/133/214 112/134/215 113/135/216
s 3
f 91/123/203 74/122/202 76/96/179 97/102/178
s off
f 85/105/217 84/97/218 98/111/219 99/110/220
f 84/97/221 82/107/222 100/112/223 98/111/224
f 82/107/225 83/108/226 101/113/227 100/112/228
f 83/108/229 85/105/230 99/110/231 101/113/232
f 86/115/233 87/117/234 103/125/235 102/124/236
f 87/117/237 93/103/238 104/126/239 103/125/240
f 93/103/241 92/101/242 105/127/243 104/126/244
f 92/101/245 86/115/246 102/124/247 105/127/248
f 89/120/249 95/99/250 106/129/251 107/128/252
f 95/99/253 94/109/254 108/130/255 106/129/256
f 94/109/257 88/118/258 109/131/259 108/130/260
f 88/118/261 89/120/262 107/128/263 109/131/264
f 90/121/265 91/123/266 111/133/267 110/132/268
f 91/123/269 97/102/270 112/134/271 111/133/272
f 97/102/273 96/106/274 113/135/275 112/134/276
f 96/106/277 90/121/278 110/132/279 113/135/280
g default
v 19.119335 16.158457 80.578842
v 19.119335 16.312592 80.489845
v 19.119335 16.487867 80.520752
v 19.119335 16.602270 80.657097
v 19.119335 16.602270 80.835068
v 19.119335 16.487867 80.971413
v 19.119337 16.312592 81.002319
v 19.119335 16.158457 80.913322
v 19.119335 16.097584 80.746086
v 19.639713 16.158457 80.578842
v 19.639713 16.312592 80.489845
v 19.639713 16.487867 80.520752
v 19.639713 16.602272 80.657097
v 19.639713 16.602272 80.835068
v 19.639713 16.487867 80.971413
v 19.639713 16.312592 81.002319
v 19.639713 16.158457 80.913322
v 19.639713 16.097584 80.746086
v 19.639713 16.357773 80.746086
vt 0.853250 0.006051
vt 0.853250 0.007155
vt 0.339263 0.013397
vt 0.339071 0.012310
vt 0.853250 0.008259
vt 0.338711 0.014353
vt 0.853250 0.009363
vt 0.337674 0.014731
vt 0.853250 0.010466
vt 0.336636 0.014353
vt 0.853250 0.011570
vt 0.336084 0.013397
vt 0.853250 0.012674
vt 0.336276 0.012310
vt 0.853250 0.013778
vt 0.337121 0.011600
vt 0.853250 0.014882
vt 0.338225 0.011600
vt 0.337673 0.013117
vt 0.853250 0.004947
vt 0.850023 0.004947
vt 0.850022 0.014882
vt 0.850023 0.006051
vt 0.850022 0.013778
vt 0.850022 0.012674
vt 0.850022 0.011570
vt 0.850022 0.010466
vt 0.850022 0.009362
vt 0.850022 0.008258
vt 0.850022 0.007155
vn 0.000000 -0.500032 -0.866007
vn 0.000000 -0.500032 -0.866007
vn 0.000000 -0.500032 -0.866007
vn 0.000000 -0.500032 -0.866007
vn 0.000000 0.173651 -0.984807
vn 0.000000 0.173651 -0.984807
vn 0.000000 0.173651 -0.984807
vn 0.000000 0.173651 -0.984807
vn 0.000000 0.766054 -0.642776
vn 0.000000 0.766054 -0.642776
vn 0.000000 0.766054 -0.642776
vn 0.000000 0.766054 -0.642776
vn -0.000004 1.000000 0.000000
vn -0.000004 1.000000 0.000000
vn -0.000004 1.000000 0.000000
vn -0.000004 1.000000 0.000000
vn -0.000003 0.766054 0.642776
vn -0.000003 0.766054 0.642776
vn -0.000003 0.766054 0.642776
vn -0.000003 0.766054 0.642776
vn 0.000000 0.173653 0.984807
vn 0.000000 0.173653 0.984807
vn 0.000000 0.173653 0.984807
vn 0.000000 0.173653 0.984807
vn 0.000000 -0.500032 0.866007
vn 0.000000 -0.500032 0.866007
vn 0.000000 -0.500032 0.866007
vn 0.000000 -0.500032 0.866007
vn 0.000000 -0.939685 0.342042
vn 0.000000 -0.939685 0.342042
vn 0.000000 -0.939685 0.342042
vn 0.000000 -0.939685 0.342042
vn 0.000000 -0.939690 -0.342028
vn 0.000000 -0.939690 -0.342028
vn 0.000000 -0.939690 -0.342028
vn 0.000000 -0.939690 -0.342028
vn 1.000000 -0.000005 0.000000
vn 1.000000 -0.000005 0.000000
vn 1.000000 -0.000003 0.000000
vn 1.000000 0.000000 0.000000
vn 1.000000 -0.000003 0.000000
vn 1.000000 0.000003 0.000000
vn 1.000000 -0.000005 0.000000
vn 1.000000 -0.000011 0.000000
vn 1.000000 0.000000 0.000000
vn 1.000000 0.000000 0.000000
s off
g group1 Disco_duro pCylinder1
usemtl lambert2SG
f 114/138/281 115/139/282 124/167/283 123/160/284
f 115/139/285 116/142/286 125/166/287 124/167/288
f 116/142/289 117/144/290 126/165/291 125/166/292
f 117/144/293 118/146/294 127/164/295 126/165/296
f 118/146/297 119/148/298 128/163/299 127/164/300
f 119/148/301 120/150/302 129/162/303 128/163/304
f 120/150/305 121/152/306 130/161/307 129/162/308
f 121/152/309 122/154/310 131/159/311 130/161/312
f 122/157/313 114/138/314 123/160/315 131/158/316
s 1
f 123/141/317 124/140/318 132/156/319
f 124/140/318 125/143/320 132/156/319
f 125/143/320 126/145/321 132/156/319
f 126/145/321 127/147/322 132/156/319
f 127/147/322 128/149/323 132/156/319
f 128/149/323 129/151/324 132/156/319
f 129/151/324 130/153/325 132/156/319
f 130/153/325 131/155/326 132/156/319
f 131/155/326 123/141/317 132/156/319
g default
v 54.333286 22.856804 71.422844
v 59.006310 22.856804 71.422844
v 54.333286 22.856804 64.353416
v 59.006310 22.856804 64.353416
vt 0.349494 0.088242
vt 0.349491 0.059258
vt 0.393339 0.059253
vt 0.393342 0.088237
vn 0.000000 1.000000 0.000000
vn 0.000000 1.000000 0.000000
vn 0.000000 1.000000 0.000000
vn 0.000000 1.000000 0.000000
s off
g group1 Accesorios_escritorio pPlane1
usemtl lambert2SG
f 133/168/327 134/169/328 136/170/329 135/171/330
g default
v -37.250053 9.198504 81.730141
v -37.461266 9.198504 81.576691
v -37.722336 9.198504 81.576691
v -37.933548 9.198504 81.730141
v -38.014221 9.198504 81.978432
v -37.169376 9.198504 81.978439
v -37.250053 53.782509 81.730141
v -37.461266 53.782509 81.576691
v -37.722336 53.782509 81.576691
v -37.933548 53.782509 81.730141
v -38.014221 53.782509 81.978432
v -37.169376 53.782509 81.978439
v -37.591801 53.782509 81.978439
vt 0.100845 0.304949
vt 0.102464 0.304949
vt 0.333425 0.033729
vt 0.332115 0.034681
vt 0.104084 0.304949
vt 0.335044 0.033729
vt 0.105703 0.304949
vt 0.336355 0.034680
vt 0.107322 0.304949
vt 0.107336 0.581476
vt 0.099226 0.304951
vt 0.331615 0.036221
vt 0.334235 0.036221
vt 0.099240 0.581476
vt 0.100859 0.581476
vt 0.105717 0.581476
vt 0.336855 0.036220
vt 0.104097 0.581476
vt 0.102478 0.581476
vn 0.587781 0.000000 -0.809020
vn 0.587781 0.000000 -0.809020
vn 0.587781 0.000000 -0.809020
vn 0.587781 0.000000 -0.809020
vn 0.000000 0.000000 -1.000000
vn 0.000000 0.000000 -1.000000
vn 0.000000 0.000000 -1.000000
vn 0.000000 0.000000 -1.000000
vn -0.587781 0.000000 -0.809020
vn -0.587781 0.000000 -0.809020
vn -0.587781 0.000000 -0.809020
vn -0.587781 0.000000 -0.809020
vn -0.951058 0.000000 -0.309012
vn -0.951058 0.000000 -0.309012
vn -0.951058 0.000000 -0.309012
vn -0.951058 0.000000 -0.309012
vn 0.951056 0.000000 -0.309019
vn 0.951056 0.000000 -0.309019
vn 0.951056 0.000000 -0.309019
vn 0.951056 0.000000 -0.309019
vn 0.000000 1.000000 0.000000
vn 0.000000 1.000000 0.000000
vn 0.000000 1.000000 0.000002
vn 0.000000 1.000000 0.000005
vn 0.000000 1.000000 0.000005
vn 0.000000 1.000000 0.000000
vn 0.000000 1.000000 0.000000
s off
g group1 pCylinder6 Cables
usemtl lambert2SG
f 137/172/331 138/173/332 144/190/333 143/186/334
f 138/173/335 139/176/336 145/189/337 144/190/338
f 139/176/339 140/178/340 146/187/341 145/189/342
f 140/178/343 141/180/344 147/181/345 146/187/346
f 142/182/347 137/172/348 143/186/349 148/185/350
s 1
f 143/175/351 144/174/352 149/184/353
f 144/174/352 145/177/354 149/184/353
f 145/177/354 146/179/355 149/184/353
f 146/179/355 147/188/356 149/184/353
f 148/183/357 143/175/351 149/184/353
g default
v 29.795218 22.993372 67.540344
v 32.323044 22.993372 67.540344
v 29.795218 23.569414 67.540344
v 32.323044 23.569414 67.540344
v 30.062319 23.323360 64.629196
v 32.055943 23.323360 64.629196
v 30.062319 22.993372 64.629196
v 32.055943 22.993372 64.629196
v 31.059132 23.323360 63.968983
v 31.059132 22.993372 63.968983
v 31.059132 22.993372 68.628914
v 31.059132 23.569414 68.628914
v 31.059132 23.872627 66.336029
v 29.617769 23.569414 66.336029
v 29.617769 22.993372 66.336029
v 32.500492 22.993372 66.336029
v 32.500492 23.569414 66.336029
v 30.427174 22.993372 68.225510
v 30.427174 23.569414 68.225510
v 30.338449 23.721020 66.336029
v 30.560726 23.323360 64.195290
v 30.560726 22.993372 64.195290
v 31.557535 22.993372 64.195290
v 31.557535 23.323360 64.195290
v 31.779812 23.721020 66.336029
v 31.691088 23.569414 68.225510
v 31.691088 22.993372 68.225510
vt 0.815886 0.130369
vt 0.809646 0.137703
vt 0.807784 0.134411
vt 0.812030 0.130345
vt 0.808293 0.122973
vt 0.812523 0.122864
vt 0.810155 0.112157
vt 0.806838 0.109557
vt 0.807782 0.107576
vt 0.811513 0.110295
vt 0.793505 0.133735
vt 0.791925 0.122553
vt 0.795352 0.123101
vt 0.796051 0.130566
vt 0.815935 0.122220
vt 0.800667 0.109642
vt 0.797423 0.112333
vt 0.795390 0.111685
vt 0.799670 0.107688
vt 0.800407 0.134513
vt 0.798636 0.137855
vt 0.799583 0.123093
vt 0.804172 0.139984
vt 0.804123 0.136439
vt 0.803939 0.123077
vt 0.803735 0.108325
vt 0.803706 0.106251
vt 0.796015 0.110509
vt 0.812169 0.111452
vt 0.792197 0.130696
vt 0.814662 0.133443
vn -0.735072 0.000000 0.677989
vn -0.652592 0.000000 0.757709
vn -0.652592 0.000000 0.757709
vn -0.735072 0.000000 0.677989
vn -0.141437 0.988091 0.060589
vn -0.142774 0.984604 0.100847
vn -0.159732 0.985293 -0.060700
vn -0.167279 0.983315 -0.071485
vn -0.656618 0.000000 -0.754223
vn -0.552192 0.000000 -0.833717
vn -0.552192 0.000000 -0.833717
vn -0.656618 0.000000 -0.754223
vn 0.989319 0.000000 0.145770
vn 0.997723 0.000000 -0.067449
vn 0.998311 0.000000 -0.058097
vn 0.989319 0.000000 0.145770
vn -0.997723 0.000000 -0.067449
vn -0.989319 0.000000 0.145770
vn -0.989319 0.000000 0.145770
vn -0.998311 0.000000 -0.058097
vn 0.552192 0.000000 -0.833717
vn 0.656618 0.000000 -0.754223
vn 0.656618 0.000000 -0.754223
vn 0.552192 0.000000 -0.833717
vn 0.652593 0.000000 0.757709
vn 0.652593 0.000000 0.757709
vn 0.735072 0.000000 0.677989
vn 0.735072 0.000000 0.677989
vn 0.167280 0.983315 -0.071485
vn 0.159732 0.985293 -0.060699
vn 0.142774 0.984604 0.100847
vn 0.141438 0.988091 0.060590
vn -0.165850 0.964254 -0.206658
vn -0.188693 0.962729 -0.193771
vn -0.967715 0.000000 -0.252046
vn -0.967715 0.000000 -0.252045
vn 0.967715 0.000000 -0.252046
vn 0.967715 0.000000 -0.252045
vn 0.165850 0.964255 -0.206656
vn 0.188694 0.962729 -0.193773
vn -0.000000 0.000000 1.000000
vn -0.000000 0.000000 1.000000
vn -0.000000 0.993805 0.111139
vn -0.000000 0.998777 -0.049439
vn -0.000000 0.977013 -0.213179
vn 0.000000 0.000000 -1.000000
vn 0.000000 0.000000 -1.000000
s 1
g group1 pCube14
usemtl lambert2SG
f 150/221/358 167/192/359 168/193/360 152/194/361
s 2
f 152/194/362 168/193/363 169/195/364 163/196/365
s 3
f 154/197/366 170/198/367 171/199/368 156/200/369
s 4
f 151/220/370 165/202/371 166/203/372 153/204/373
s 5
f 164/205/374 150/191/375 152/194/376 163/196/377
s 3
f 173/206/378 155/207/379 157/218/380 172/209/381
s 1
f 175/210/382 176/211/383 151/201/384 153/204/385
s 2
f 166/203/386 174/212/387 175/210/388 153/204/389
f 163/196/365 169/195/364 170/198/390 154/197/391
s 5
f 156/219/392 164/205/374 163/196/377 154/197/393
s 4
f 166/203/372 165/202/371 157/208/394 155/207/395
s 2
f 173/206/396 174/212/387 166/203/386 155/207/397
s 1
f 167/192/359 160/213/398 161/214/399 168/193/360
s 2
f 169/195/364 168/193/363 161/214/400 162/215/401
f 170/198/390 169/195/364 162/215/401 158/216/402
s 3
f 171/199/368 170/198/367 158/216/403 159/217/404
f 158/216/403 173/206/378 172/209/381 159/217/404
s 2
f 158/216/402 162/215/401 174/212/387 173/206/396
f 175/210/388 174/212/387 162/215/401 161/214/400
s 1
f 161/214/399 160/213/398 176/211/383 175/210/382
g default
v 14.970697 23.003042 70.180771
v 15.103177 22.960394 70.162415
v 15.158053 22.857443 70.118088
v 15.103177 22.754488 70.073784
v 14.970697 22.711842 70.055412
v 14.838222 22.754488 70.073784
v 14.783345 22.857443 70.118088
v 14.838222 22.960394 70.162415
v 14.970697 23.264797 69.366020
v 15.103177 23.222620 69.346390
v 15.158053 23.120804 69.299019
v 15.103177 23.018984 69.251671
v 14.970697 22.976810 69.232040
v 14.838222 23.018984 69.251671
v 14.783345 23.120804 69.299019
v 14.838222 23.222620 69.346390
v 14.970697 24.523643 67.960724
v 15.103177 24.503580 67.915565
v 15.158053 24.455149 67.806541
v 15.103177 24.406715 67.697517
v 14.970697 24.386656 67.652359
v 14.838222 24.406715 67.697517
v 14.783345 24.455149 67.806541
v 14.838222 24.503580 67.915565
v 14.970697 26.347080 67.428200
v 15.103177 26.342157 67.378250
v 15.158053 26.330275 67.257698
v 15.103177 26.318390 67.137131
v 14.970697 26.313467 67.087189
v 14.838222 26.318390 67.137131
v 14.783345 26.330275 67.257698
v 14.838222 26.342157 67.378250
v 14.970697 28.245113 67.495064
v 15.103177 28.253084 67.445610
v 15.158053 28.272327 67.326187
v 15.103177 28.291571 67.206779
v 14.970697 28.299540 67.157310
v 14.838222 28.291571 67.206779
v 14.783345 28.272327 67.326187
v 14.838222 28.253084 67.445610
v 14.970697 30.031511 68.313805
v 15.103177 30.062845 68.277161
v 15.158053 30.138483 68.188683
v 15.103177 30.214125 68.100212
v 14.970697 30.245455 68.063568
v 14.838222 30.214125 68.100212
v 14.783345 30.138483 68.188683
v 14.838222 30.062845 68.277161
v 14.970697 30.944790 70.153809
v 15.103177 30.990404 70.149117
v 15.158053 31.100523 70.137749
v 15.103177 31.210642 70.126396
v 14.970697 31.256256 70.121681
v 14.838222 31.210642 70.126396
v 14.783345 31.100523 70.137749
v 14.838222 30.990404 70.149117
vt 0.542236 0.202046
vt 0.542236 0.196268
vt 0.536887 0.196268
vt 0.536887 0.195390
vt 0.542236 0.197058
vt 0.536887 0.197058
vt 0.542236 0.197837
vt 0.536887 0.197837
vt 0.542236 0.198715
vt 0.536887 0.198715
vt 0.542236 0.199604
vt 0.536887 0.199604
vt 0.542236 0.200378
vt 0.536887 0.200378
vt 0.542236 0.201167
vt 0.536887 0.201167
vt 0.524643 0.196268
vt 0.524643 0.195390
vt 0.524643 0.197058
vt 0.524643 0.197837
vt 0.524643 0.198715
vt 0.524643 0.199604
vt 0.524643 0.200378
vt 0.524643 0.201167
vt 0.512571 0.196268
vt 0.512571 0.195390
vt 0.512571 0.197058
vt 0.512571 0.197837
vt 0.512571 0.198715
vt 0.512571 0.199604
vt 0.512571 0.200378
vt 0.512571 0.201167
vt 0.500518 0.196268
vt 0.500518 0.195390
vt 0.500518 0.197058
vt 0.500518 0.197837
vt 0.500518 0.198715
vt 0.500518 0.199604
vt 0.500518 0.200378
vt 0.500518 0.201167
vt 0.487953 0.196268
vt 0.487953 0.195390
vt 0.487953 0.197058
vt 0.487953 0.197837
vt 0.487953 0.198715
vt 0.487953 0.199604
vt 0.487953 0.200378
vt 0.487953 0.201167
vt 0.474624 0.196268
vt 0.474624 0.195390
vt 0.474624 0.197058
vt 0.474624 0.197837
vt 0.474624 0.198715
vt 0.474624 0.199604
vt 0.474624 0.200378
vt 0.474624 0.201167
vt 0.474624 0.202046
vt 0.487953 0.202046
vt 0.500518 0.202046
vt 0.512571 0.202046
vt 0.524643 0.202046
vt 0.536887 0.202046
vt 0.542236 0.195390
vn -0.000001 0.952061 0.305907
vn 0.632432 0.737474 0.236985
vn 0.674152 0.608645 0.418413
vn -0.000000 0.822946 0.568120
vn 0.999665 0.024667 0.007887
vn 0.997110 -0.059575 -0.047148
vn 0.654916 -0.719387 -0.231446
vn 0.608289 -0.651772 -0.452966
vn 0.000008 -0.951934 -0.306302
vn 0.000002 -0.822539 -0.568709
vn -0.654918 -0.719386 -0.231446
vn -0.608295 -0.651767 -0.452964
vn -0.999665 0.024663 0.007885
vn -0.997110 -0.059576 -0.047148
vn -0.632444 0.737465 0.236982
vn -0.674162 0.608636 0.418410
vn 0.699139 0.382083 0.604332
vn -0.000000 0.539936 0.841707
vn 0.996590 -0.053803 -0.062567
vn 0.625596 -0.420666 -0.657016
vn 0.000000 -0.532143 -0.846655
vn -0.625607 -0.420660 -0.657010
vn -0.996589 -0.053803 -0.062570
vn -0.699147 0.382077 0.604327
vn 0.694765 0.089497 0.713647
vn -0.000000 0.125165 0.992136
vn 0.998938 -0.006970 -0.045541
vn 0.651744 -0.095026 -0.752462
vn 0.000000 -0.124429 -0.992229
vn -0.651754 -0.095026 -0.752454
vn -0.998938 -0.006971 -0.045544
vn -0.694772 0.089497 0.713640
vn 0.695232 -0.169013 0.698632
vn -0.000000 -0.237270 0.971444
vn 0.998265 0.018373 -0.055938
vn 0.641190 0.184101 -0.744971
vn 0.000000 0.237043 -0.971499
vn -0.641200 0.184099 -0.744963
vn -0.998265 0.018375 -0.055941
vn -0.695239 -0.169012 0.698625
vn 0.701790 -0.500940 0.506508
vn -0.000003 -0.705216 0.708992
vn 0.994974 0.075307 -0.066002
vn 0.611487 0.559394 -0.559609
vn 0.000000 0.703835 -0.710363
vn -0.611498 0.559387 -0.559604
vn -0.994974 0.075305 -0.066005
vn -0.701798 -0.500935 0.506501
vn 0.667313 -0.667365 0.330632
vn -0.000006 -0.895884 0.444289
vn 0.993468 0.102494 -0.050163
vn 0.571808 0.736190 -0.362023
vn 0.000000 0.897468 -0.441079
vn -0.571816 0.736185 -0.362019
vn -0.993469 0.102488 -0.050163
vn -0.667323 -0.667358 0.330626
s 1
g group1 Cables sweep5
usemtl lambert2SG
f 177/284/405 178/223/406 186/224/407 185/225/408
f 178/223/406 179/226/409 187/227/410 186/224/407
f 179/226/409 180/228/411 188/229/412 187/227/410
f 180/228/411 181/230/413 189/231/414 188/229/412
f 181/230/413 182/232/415 190/233/416 189/231/414
f 182/232/415 183/234/417 191/235/418 190/233/416
f 183/234/417 184/236/419 192/237/420 191/235/418
f 184/236/419 177/222/405 185/283/408 192/237/420
f 185/225/408 186/224/407 194/238/421 193/239/422
f 186/224/407 187/227/410 195/240/423 194/238/421
f 187/227/410 188/229/412 196/241/424 195/240/423
f 188/229/412 189/231/414 197/242/425 196/241/424
f 189/231/414 190/233/416 198/243/426 197/242/425
f 190/233/416 191/235/418 199/244/427 198/243/426
f 191/235/418 192/237/420 200/245/428 199/244/427
f 192/237/420 185/283/408 193/282/422 200/245/428
f 193/239/422 194/238/421 202/246/429 201/247/430
f 194/238/421 195/240/423 203/248/431 202/246/429
f 195/240/423 196/241/424 204/249/432 203/248/431
f 196/241/424 197/242/425 205/250/433 204/249/432
f 197/242/425 198/243/426 206/251/434 205/250/433
f 198/243/426 199/244/427 207/252/435 206/251/434
f 199/244/427 200/245/428 208/253/436 207/252/435
f 200/245/428 193/282/422 201/281/430 208/253/436
f 201/247/430 202/246/429 210/254/437 209/255/438
f 202/246/429 203/248/431 211/256/439 210/254/437
f 203/248/431 204/249/432 212/257/440 211/256/439
f 204/249/432 205/250/433 213/258/441 212/257/440
f 205/250/433 206/251/434 214/259/442 213/258/441
f 206/251/434 207/252/435 215/260/443 214/259/442
f 207/252/435 208/253/436 216/261/444 215/260/443
f 208/253/436 201/281/430 209/280/438 216/261/444
f 209/255/438 210/254/437 218/262/445 217/263/446
f 210/254/437 211/256/439 219/264/447 218/262/445
f 211/256/439 212/257/440 220/265/448 219/264/447
f 212/257/440 213/258/441 221/266/449 220/265/448
f 213/258/441 214/259/442 222/267/450 221/266/449
f 214/259/442 215/260/443 223/268/451 222/267/450
f 215/260/443 216/261/444 224/269/452 223/268/451
f 216/261/444 209/280/438 217/279/446 224/269/452
f 217/263/446 218/262/445 226/270/453 225/271/454
f 218/262/445 219/264/447 227/272/455 226/270/453
f 219/264/447 220/265/448 228/273/456 227/272/455
f 220/265/448 221/266/449 229/274/457 228/273/456
f 221/266/449 222/267/450 230/275/458 229/274/457
f 222/267/450 223/268/451 231/276/459 230/275/458
f 223/268/451 224/269/452 232/277/460 231/276/459
f 224/269/452 217/279/446 225/278/454 232/277/460
g default
v -77.211975 26.020704 58.238239
v -77.074478 25.988859 58.285454
v -77.017532 25.911982 58.399445
v -77.074478 25.835102 58.513439
v -77.211975 25.803259 58.560654
v -77.349464 25.835102 58.513439
v -77.406418 25.911982 58.399445
v -77.349464 25.988859 58.285454
v -77.211975 22.254404 56.272388
v -77.074478 22.233006 56.325165
v -77.017532 22.181347 56.452583
v -77.074478 22.129686 56.580002
v -77.211975 22.108288 56.632782
v -77.349464 22.129686 56.580002
v -77.406418 22.181347 56.452583
v -77.349464 22.233006 56.325165
v -77.211975 19.718212 55.346874
v -77.074478 19.699902 55.400803
v -77.017532 19.655699 55.530998
v -77.074478 19.611494 55.661190
v -77.211975 19.593185 55.715118
v -77.349464 19.611494 55.661190
v -77.406418 19.655699 55.530998
v -77.349464 19.699902 55.400803
v -77.211975 17.187931 54.462879
v -77.074478 17.167404 54.516003
v -77.017532 17.117844 54.644253
v -77.074478 17.068283 54.772503
v -77.211975 17.047754 54.825626
v -77.349464 17.068283 54.772503
v -77.406418 17.117844 54.644253
v -77.349464 17.167404 54.516003
v -77.211975 14.799588 53.320026
v -77.074478 14.769332 53.368275
v -77.017532 14.696288 53.484760
v -77.074478 14.623244 53.601246
v -77.211975 14.592988 53.649498
v -77.349464 14.623244 53.601246
v -77.406418 14.696288 53.484760
v -77.349464 14.769332 53.368275
v -77.211975 12.899371 51.549419
v -77.074478 12.853212 51.582779
v -77.017532 12.741776 51.663315
v -77.074478 12.630339 51.743851
v -77.211975 12.584180 51.777210
v -77.349464 12.630339 51.743851
v -77.406418 12.741776 51.663315
v -77.349464 12.853212 51.582779
v -77.211975 11.598938 48.959290
v -77.074478 11.544807 48.976990
v -77.017532 11.414124 49.019722
v -77.074478 11.283441 49.062458
v -77.211975 11.229310 49.080158
v -77.349464 11.283441 49.062458
v -77.406418 11.414124 49.019722
v -77.349464 11.544807 48.976990
v -77.211975 11.118092 46.098301
v -77.074478 11.061149 46.099281
v -77.017532 10.923676 46.101646
v -77.074478 10.786203 46.104015
v -77.211975 10.729260 46.104996
v -77.349464 10.786203 46.104015
v -77.406418 10.923676 46.101646
v -77.349464 11.061149 46.099281
v -77.211975 11.511886 43.188831
v -77.074478 11.457151 43.173096
v -77.017532 11.325011 43.135105
v -77.074478 11.192871 43.097115
v -77.211975 11.138137 43.081375
v -77.349464 11.192871 43.097115
v -77.406418 11.325011 43.135105
v -77.349464 11.457151 43.173096
v -77.211975 12.756536 40.538158
v -77.074478 12.709608 40.505890
v -77.017532 12.596315 40.427986
v -77.074478 12.483023 40.350082
v -77.211975 12.436095 40.317814
v -77.349464 12.483023 40.350082
v -77.406418 12.596315 40.427986
v -77.349464 12.709608 40.505890
v -77.211975 14.765821 38.398708
v -77.074478 14.730487 38.354046
v -77.017532 14.645182 38.246216
v -77.074478 14.559876 38.138386
v -77.211975 14.524542 38.093719
v -77.349464 14.559876 38.138386
v -77.406418 14.645182 38.246216
v -77.349464 14.730487 38.354046
v -77.211975 17.313614 36.918320
v -77.074478 17.290520 36.866261
v -77.017532 17.234766 36.740578
v -77.074478 17.179012 36.614899
v -77.211975 17.155918 36.562840
v -77.349464 17.179012 36.614899
v -77.406418 17.234766 36.740578
v -77.349464 17.290520 36.866261
v -77.211975 20.207415 35.742020
v -77.074478 20.186270 35.689140
v -77.017532 20.135220 35.561474
v -77.074478 20.084171 35.433811
v -77.211975 20.063026 35.380928
v -77.349464 20.084171 35.433811
v -77.406418 20.135220 35.561474
v -77.349464 20.186270 35.689140
v -77.211975 23.104853 34.540073
v -77.074478 23.082293 34.487782
v -77.017532 23.027828 34.361534
v -77.074478 22.973364 34.235291
v -77.211975 22.950804 34.182999
v -77.349464 22.973364 34.235291
v -77.406418 23.027828 34.361534
v -77.349464 23.082293 34.487782
v -77.211975 25.968559 33.260208
v -77.074478 25.944702 33.208496
v -77.017532 25.887106 33.083649
v -77.074478 25.829510 32.958801
v -77.211975 25.805653 32.907085
v -77.349464 25.829510 32.958801
v -77.406418 25.887106 33.083649
v -77.349464 25.944702 33.208496
vt 0.175200 0.712070
vt 0.175200 0.711145
vt 0.201330 0.711145
vt 0.201330 0.712070
vt 0.175200 0.710224
vt 0.201330 0.710224
vt 0.175200 0.709307
vt 0.201330 0.709307
vt 0.175200 0.708384
vt 0.201330 0.708384
vt 0.175200 0.707461
vt 0.201330 0.707461
vt 0.175200 0.706544
vt 0.201330 0.713919
vt 0.175200 0.712995
vt 0.201330 0.712995
vt 0.218030 0.711145
vt 0.218030 0.712070
vt 0.218030 0.710224
vt 0.218030 0.709307
vt 0.218030 0.708384
vt 0.218030 0.707461
vt 0.218030 0.713919
vt 0.218030 0.712995
vt 0.234731 0.711145
vt 0.234731 0.712070
vt 0.234731 0.710224
vt 0.234731 0.709307
vt 0.234731 0.708384
vt 0.234731 0.707461
vt 0.234731 0.713919
vt 0.234731 0.712995
vt 0.251356 0.711145
vt 0.251356 0.712070
vt 0.251356 0.710224
vt 0.251356 0.709307
vt 0.251356 0.708384
vt 0.251356 0.707461
vt 0.251356 0.713919
vt 0.251356 0.712995
vt 0.267791 0.711145
vt 0.267791 0.712070
vt 0.267791 0.710224
vt 0.267791 0.709307
vt 0.267791 0.708384
vt 0.267791 0.707461
vt 0.267791 0.713919
vt 0.267791 0.712995
vt 0.286028 0.711145
vt 0.286028 0.712070
vt 0.286028 0.710224
vt 0.286028 0.709307
vt 0.286028 0.708384
vt 0.286028 0.707461
vt 0.286028 0.713919
vt 0.286028 0.712995
vt 0.304284 0.711145
vt 0.304284 0.712070
vt 0.304284 0.710224
vt 0.304284 0.709307
vt 0.304284 0.708384
vt 0.304284 0.707461
vt 0.304284 0.713919
vt 0.304284 0.712995
vt 0.322753 0.711145
vt 0.322753 0.712070
vt 0.322753 0.710224
vt 0.322753 0.709307
vt 0.322753 0.708384
vt 0.322753 0.707461
vt 0.322753 0.713919
vt 0.322753 0.712995
vt 0.341192 0.711145
vt 0.341192 0.712070
vt 0.341192 0.710224
vt 0.341192 0.709307
vt 0.341192 0.708384
vt 0.341192 0.707461
vt 0.341192 0.713919
vt 0.341192 0.712995
vt 0.359657 0.711145
vt 0.359657 0.712070
vt 0.359657 0.710224
vt 0.359657 0.709307
vt 0.359657 0.708384
vt 0.359657 0.707461
vt 0.359657 0.713919
vt 0.359657 0.712995
vt 0.378189 0.711145
vt 0.378189 0.712070
vt 0.378189 0.710224
vt 0.378189 0.709307
vt 0.378189 0.708384
vt 0.378189 0.707461
vt 0.378189 0.713919
vt 0.378189 0.712995
vt 0.397638 0.711145
vt 0.397638 0.712070
vt 0.397638 0.710224
vt 0.397638 0.709307
vt 0.397638 0.708384
vt 0.397638 0.707461
vt 0.397638 0.713919
vt 0.397638 0.712995
vt 0.417099 0.711145
vt 0.417099 0.712070
vt 0.417099 0.710224
vt 0.417099 0.709307
vt 0.417099 0.708384
vt 0.417099 0.707461
vt 0.417099 0.713919
vt 0.417099 0.712995
vt 0.436562 0.711145
vt 0.436562 0.712070
vt 0.436562 0.710224
vt 0.436562 0.709307
vt 0.436562 0.708384
vt 0.436562 0.707461
vt 0.436562 0.713919
vt 0.436562 0.712995
vt 0.175200 0.713919
vt 0.417099 0.706544
vt 0.436562 0.706544
vt 0.397638 0.706544
vt 0.378189 0.706544
vt 0.359657 0.706544
vt 0.341192 0.706544
vt 0.322753 0.706544
vt 0.304284 0.706544
vt 0.286028 0.706544
vt 0.267791 0.706544
vt 0.251356 0.706544
vt 0.234731 0.706544
vt 0.218030 0.706544
vt 0.201330 0.706544
vn 0.000001 0.462704 -0.886513
vn 0.690339 0.334757 -0.641382
vn 0.697071 0.298928 -0.651716
vn 0.000001 0.416519 -0.909127
vn 0.999582 0.013373 -0.025626
vn 0.999825 0.008242 -0.016807
vn 0.719213 -0.321423 0.615970
vn 0.715767 -0.290954 0.634842
vn 0.000001 -0.462586 0.886575
vn 0.000000 -0.417003 0.908905
vn -0.719219 -0.321398 0.615976
vn -0.715769 -0.290942 0.634844
vn -0.999582 0.013399 -0.025628
vn -0.999825 0.008262 -0.016808
vn -0.690340 0.334756 -0.641381
vn -0.697069 0.298939 -0.651713
vn 0.706106 0.238163 -0.666853
vn 0.000000 0.336318 -0.941748
vn 0.999998 0.000623 -0.001646
vn 0.707861 -0.237551 0.665209
vn -0.000000 -0.336332 0.941743
vn -0.707860 -0.237556 0.665208
vn -0.999998 0.000618 -0.001647
vn -0.706105 0.238167 -0.666852
vn 0.713982 0.266847 -0.647320
vn -0.000000 0.381332 -0.924438
vn 0.999892 -0.005940 0.013435
vn 0.699317 -0.272838 0.660693
vn 0.000000 -0.381462 0.924385
vn -0.699316 -0.272842 0.660692
vn -0.999892 -0.005956 0.013435
vn -0.713984 0.266837 -0.647322
vn 0.726294 0.386503 -0.568430
vn -0.000001 0.563225 -0.826304
vn 0.999201 -0.023809 0.032093
vn 0.686372 -0.409954 0.600692
vn 0.000001 -0.562615 0.826719
vn -0.686376 -0.409949 0.600691
vn -0.999201 -0.023806 0.032096
vn -0.726295 0.386496 -0.568434
vn 0.729566 0.551248 -0.404795
vn -0.000004 0.805679 -0.592352
vn 0.998923 -0.036879 0.028158
vn 0.683088 -0.588239 0.432857
vn 0.000000 -0.805839 0.592135
vn -0.683091 -0.588238 0.432854
vn -0.998923 -0.036880 0.028160
vn -0.729570 0.551240 -0.404798
vn 0.725881 0.653792 -0.213665
vn -0.000006 0.950533 -0.310625
vn 0.999229 -0.037312 0.012213
vn 0.686584 -0.691044 0.225966
vn 0.000002 -0.950472 0.310809
vn -0.686574 -0.691055 0.225961
vn -0.999229 -0.037324 0.012213
vn -0.725885 0.653788 -0.213665
vn 0.726205 0.687400 -0.010382
vn -0.000004 0.999887 -0.015049
vn 0.999223 -0.039422 0.000561
vn 0.686719 -0.726839 0.011037
vn 0.000002 -0.999884 0.015233
vn -0.686716 -0.726842 0.011036
vn -0.999223 -0.039418 0.000561
vn -0.726200 0.687406 -0.010382
vn 0.726213 0.659427 0.194348
vn -0.000001 0.959147 0.282909
vn 0.999200 -0.038275 -0.011562
vn 0.686194 -0.697713 -0.205753
vn -0.000001 -0.959230 -0.282625
vn -0.686199 -0.697708 -0.205754
vn -0.999201 -0.038270 -0.011564
vn -0.726206 0.659435 0.194347
vn 0.727054 0.567954 0.385773
vn -0.000001 0.827326 0.561722
vn 0.999151 -0.034221 -0.022950
vn 0.685784 -0.602117 -0.408847
vn 0.000002 -0.827184 -0.561932
vn -0.685778 -0.602127 -0.408840
vn -0.999150 -0.034243 -0.022952
vn -0.727056 0.567949 0.385777
vn 0.725721 0.427986 0.538662
vn -0.000001 0.622087 0.782948
vn 0.999283 -0.023665 -0.029544
vn 0.687800 -0.451868 -0.568108
vn 0.000002 -0.622466 -0.782647
vn -0.687795 -0.451885 -0.568100
vn -0.999283 -0.023684 -0.029546
vn -0.725725 0.427972 0.538668
vn 0.715476 0.306634 0.627750
vn -0.000001 0.439389 0.898297
vn 0.999833 -0.008706 -0.016073
vn 0.697245 -0.315203 -0.643814
vn 0.000000 -0.439182 -0.898398
vn -0.697247 -0.315198 -0.643814
vn -0.999833 -0.008707 -0.016075
vn -0.715476 0.306627 0.627753
vn 0.706641 0.268793 0.654529
vn -0.000001 0.379870 0.925040
vn 1.000000 0.000323 0.000755
vn 0.707453 -0.268492 -0.653775
vn -0.000000 -0.379900 -0.925028
vn -0.707454 -0.268488 -0.653776
vn -1.000000 0.000323 0.000755
vn -0.706640 0.268797 0.654529
vn 0.705338 0.280452 0.651034
vn -0.000000 0.395638 0.918407
vn 0.999994 0.001400 0.003246
vn 0.708874 -0.279052 -0.647787
vn -0.000000 -0.395640 -0.918406
vn -0.708872 -0.279061 -0.647785
vn -0.999994 0.001401 0.003246
vn -0.705336 0.280460 0.651032
vn 0.705504 0.289167 0.647029
vn -0.000001 0.408024 0.912971
vn 0.999995 0.001285 0.002865
vn 0.708647 -0.287887 -0.644159
vn -0.000001 -0.408038 -0.912965
vn -0.708644 -0.287895 -0.644159
vn -0.999995 0.001286 0.002866
vn -0.705502 0.289175 0.647028
s 1
g group1 Cables sweep9
usemtl lambert2SG
f 233/285/461 234/286/462 242/287/463 241/288/464
f 234/286/462 235/289/465 243/290/466 242/287/463
f 235/289/465 236/291/467 244/292/468 243/290/466
f 236/291/467 237/293/469 245/294/470 244/292/468
f 237/293/469 238/295/471 246/296/472 245/294/470
f 238/295/471 239/297/473 247/419/474 246/296/472
f 239/405/473 240/299/475 248/300/476 247/298/474
f 240/299/475 233/285/461 241/288/464 248/300/476
f 241/288/464 242/287/463 250/301/477 249/302/478
f 242/287/463 243/290/466 251/303/479 250/301/477
f 243/290/466 244/292/468 252/304/480 251/303/479
f 244/292/468 245/294/470 253/305/481 252/304/480
f 245/294/470 246/296/472 254/306/482 253/305/481
f 246/296/472 247/419/474 255/418/483 254/306/482
f 247/298/474 248/300/476 256/308/484 255/307/483
f 248/300/476 241/288/464 249/302/478 256/308/484
f 249/302/478 250/301/477 258/309/485 257/310/486
f 250/301/477 251/303/479 259/311/487 258/309/485
f 251/303/479 252/304/480 260/312/488 259/311/487
f 252/304/480 253/305/481 261/313/489 260/312/488
f 253/305/481 254/306/482 262/314/490 261/313/489
f 254/306/482 255/418/483 263/417/491 262/314/490
f 255/307/483 256/308/484 264/316/492 263/315/491
f 256/308/484 249/302/478 257/310/486 264/316/492
f 257/310/486 258/309/485 266/317/493 265/318/494
f 258/309/485 259/311/487 267/319/495 266/317/493
f 259/311/487 260/312/488 268/320/496 267/319/495
f 260/312/488 261/313/489 269/321/497 268/320/496
f 261/313/489 262/314/490 270/322/498 269/321/497
f 262/314/490 263/417/491 271/416/499 270/322/498
f 263/315/491 264/316/492 272/324/500 271/323/499
f 264/316/492 257/310/486 265/318/494 272/324/500
f 265/318/494 266/317/493 274/325/501 273/326/502
f 266/317/493 267/319/495 275/327/503 274/325/501
f 267/319/495 268/320/496 276/328/504 275/327/503
f 268/320/496 269/321/497 277/329/505 276/328/504
f 269/321/497 270/322/498 278/330/506 277/329/505
f 270/322/498 271/416/499 279/415/507 278/330/506
f 271/323/499 272/324/500 280/332/508 279/331/507
f 272/324/500 265/318/494 273/326/502 280/332/508
f 273/326/502 274/325/501 282/333/509 281/334/510
f 274/325/501 275/327/503 283/335/511 282/333/509
f 275/327/503 276/328/504 284/336/512 283/335/511
f 276/328/504 277/329/505 285/337/513 284/336/512
f 277/329/505 278/330/506 286/338/514 285/337/513
f 278/330/506 279/415/507 287/414/515 286/338/514
f 279/331/507 280/332/508 288/340/516 287/339/515
f 280/332/508 273/326/502 281/334/510 288/340/516
f 281/334/510 282/333/509 290/341/517 289/342/518
f 282/333/509 283/335/511 291/343/519 290/341/517
f 283/335/511 284/336/512 292/344/520 291/343/519
f 284/336/512 285/337/513 293/345/521 292/344/520
f 285/337/513 286/338/514 294/346/522 293/345/521
f 286/338/514 287/414/515 295/413/523 294/346/522
f 287/339/515 288/340/516 296/348/524 295/347/523
f 288/340/516 281/334/510 289/342/518 296/348/524
f 289/342/518 290/341/517 298/349/525 297/350/526
f 290/341/517 291/343/519 299/351/527 298/349/525
f 291/343/519 292/344/520 300/352/528 299/351/527
f 292/344/520 293/345/521 301/353/529 300/352/528
f 293/345/521 294/346/522 302/354/530 301/353/529
f 294/346/522 295/413/523 303/412/531 302/354/530
f 295/347/523 296/348/524 304/356/532 303/355/531
f 296/348/524 289/342/518 297/350/526 304/356/532
f 297/350/526 298/349/525 306/357/533 305/358/534
f 298/349/525 299/351/527 307/359/535 306/357/533
f 299/351/527 300/352/528 308/360/536 307/359/535
f 300/352/528 301/353/529 309/361/537 308/360/536
f 301/353/529 302/354/530 310/362/538 309/361/537
f 302/354/530 303/412/531 311/411/539 310/362/538
f 303/355/531 304/356/532 312/364/540 311/363/539
f 304/356/532 297/350/526 305/358/534 312/364/540
f 305/358/534 306/357/533 314/365/541 313/366/542
f 306/357/533 307/359/535 315/367/543 314/365/541
f 307/359/535 308/360/536 316/368/544 315/367/543
f 308/360/536 309/361/537 317/369/545 316/368/544
f 309/361/537 310/362/538 318/370/546 317/369/545
f 310/362/538 311/411/539 319/410/547 318/370/546
f 311/363/539 312/364/540 320/372/548 319/371/547
f 312/364/540 305/358/534 313/366/542 320/372/548
f 313/366/542 314/365/541 322/373/549 321/374/550
f 314/365/541 315/367/543 323/375/551 322/373/549
f 315/367/543 316/368/544 324/376/552 323/375/551
f 316/368/544 317/369/545 325/377/553 324/376/552
f 317/369/545 318/370/546 326/378/554 325/377/553
f 318/370/546 319/410/547 327/409/555 326/378/554
f 319/371/547 320/372/548 328/380/556 327/379/555
f 320/372/548 313/366/542 321/374/550 328/380/556
f 321/374/550 322/373/549 330/381/557 329/382/558
f 322/373/549 323/375/551 331/383/559 330/381/557
f 323/375/551 324/376/552 332/384/560 331/383/559
f 324/376/552 325/377/553 333/385/561 332/384/560
f 325/377/553 326/378/554 334/386/562 333/385/561
f 326/378/554 327/409/555 335/408/563 334/386/562
f 327/379/555 328/380/556 336/388/564 335/387/563
f 328/380/556 321/374/550 329/382/558 336/388/564
f 329/382/558 330/381/557 338/389/565 337/390/566
f 330/381/557 331/383/559 339/391/567 338/389/565
f 331/383/559 332/384/560 340/392/568 339/391/567
f 332/384/560 333/385/561 341/393/569 340/392/568
f 333/385/561 334/386/562 342/394/570 341/393/569
f 334/386/562 335/408/563 343/406/571 342/394/570
f 335/387/563 336/388/564 344/396/572 343/395/571
f 336/388/564 329/382/558 337/390/566 344/396/572
f 337/390/566 338/389/565 346/397/573 345/398/574
f 338/389/565 339/391/567 347/399/575 346/397/573
f 339/391/567 340/392/568 348/400/576 347/399/575
f 340/392/568 341/393/569 349/401/577 348/400/576
f 341/393/569 342/394/570 350/402/578 349/401/577
f 342/394/570 343/406/571 351/407/579 350/402/578
f 343/395/571 344/396/572 352/404/580 351/403/579
f 344/396/572 337/390/566 345/398/574 352/404/580
g default
v 35.404720 23.002127 68.093628
v 38.716091 23.002127 68.093628
v 35.404720 23.134830 68.091713
v 38.716091 23.134830 68.091713
v 35.404720 23.074333 63.912758
v 38.716091 23.074333 63.912758
v 35.404720 22.941629 63.914673
v 38.716091 22.941629 63.914673
vt 0.370723 0.102622
vt 0.335704 0.102619
vt 0.335662 0.103931
vt 0.370683 0.103933
vt 0.331572 0.089557
vt 0.366807 0.089565
vt 0.331615 0.088238
vt 0.366848 0.088247
vn 0.000000 0.014429 0.999896
vn 0.000000 0.014429 0.999896
vn 0.000000 0.014429 0.999896
vn 0.000000 0.014429 0.999896
vn 0.000000 0.999895 -0.014475
vn 0.000000 0.999895 -0.014475
vn 0.000000 0.999895 -0.014475
vn 0.000000 0.999895 -0.014475
vn 0.000000 -0.014429 -0.999896
vn 0.000000 -0.014429 -0.999896
vn 0.000000 -0.014429 -0.999896
vn 0.000000 -0.014429 -0.999896
vn 1.000000 0.000004 0.000000
vn 1.000000 0.000004 0.000000
vn 1.000000 0.000004 0.000000
vn 1.000000 0.000004 0.000000
vn -1.000000 -0.000008 0.000000
vn -1.000000 -0.000008 0.000000
vn -1.000000 -0.000008 0.000000
vn -1.000000 -0.000008 0.000000
s off
g group1 pCube9
usemtl lambert2SG
f 353/420/581 354/421/582 356/422/583 355/423/584
f 355/423/585 356/422/586 358/424/587 357/425/588
f 357/425/589 358/424/590 360/426/591 359/427/592
f 354/421/593 360/426/594 358/424/595 356/422/596
f 359/427/597 353/420/598 355/423/599 357/425/600
g default
v -53.398605 148.154480 -10.872418
v 53.398605 148.154480 -10.872418
v -53.398605 148.664474 -10.872418
v 53.398605 148.664474 -10.872418
v -53.398605 148.664474 -13.369855
v 53.398605 148.664474 -13.369855
v -53.398605 148.154480 -13.369855
v 53.398605 148.154480 -13.369855
vt 0.835352 0.206345
vt 0.835309 0.868740
vt 0.835309 0.871902
vt 0.832188 0.206345
vt 0.850842 0.203182
vt 0.853962 0.868740
vt 0.850799 0.868740
vt 0.850842 0.206345
vt 0.850799 0.871906
vt 0.854005 0.206348
vt 0.832146 0.868740
vt 0.835352 0.203182
vn 0.000000 0.000000 1.000000
vn 0.000000 0.000000 1.000000
vn 0.000000 0.000000 1.000000
vn 0.000000 0.000000 1.000000
vn 0.000000 0.000000 -1.000000
vn 0.000000 0.000000 -1.000000
vn 0.000000 0.000000 -1.000000
vn 0.000000 0.000000 -1.000000
vn 0.000000 -1.000000 0.000000
vn 0.000000 -1.000000 0.000000
vn 0.000000 -1.000000 0.000000
vn 0.000000 -1.000000 0.000000
vn 1.000000 0.000000 0.000000
vn 1.000000 0.000000 0.000000
vn 1.000000 0.000000 0.000000
vn 1.000000 0.000000 0.000000
vn -1.000000 0.000000 0.000000
vn -1.000000 0.000000 0.000000
vn -1.000000 0.000000 0.000000
vn -1.000000 0.000000 0.000000
s off
g group1 Luz_techo pCube30
usemtl lambert2SG
f 361/428/601 362/429/602 364/438/603 363/431/604
f 365/437/605 366/433/606 368/434/607 367/435/608
f 367/435/609 368/434/610 362/429/611 361/428/612
f 362/429/613 368/434/614 366/436/615 364/430/616
f 367/435/617 361/428/618 363/439/619 365/432/620
g default
v -51.414909 147.281296 -12.433073
v -51.777061 147.281296 -12.515732
v -52.067486 147.281296 -12.284126
v -52.067486 147.281296 -11.912660
v -51.777061 147.281296 -11.681054
v -51.414909 147.281296 -11.763713
v -51.253735 147.281296 -12.098393
v -51.414909 147.839310 -12.433073
v -51.777061 147.839310 -12.515732
v -52.067486 147.839310 -12.284126
v -52.067486 147.839310 -11.912660
v -51.777061 147.839310 -11.681054
v -51.414909 147.839310 -11.763713
v -51.253735 147.839310 -12.098393
v -51.681805 147.281296 -12.098393
vt 0.331615 0.028005
vt 0.332128 0.030251
vt 0.331615 0.062723
vt 0.345439 0.062722
vt 0.334204 0.031251
vt 0.333919 0.062723
vt 0.336280 0.030251
vt 0.336223 0.062723
vt 0.336792 0.028005
vt 0.338527 0.062722
vt 0.335356 0.026204
vt 0.340831 0.062722
vt 0.333052 0.026204
vt 0.343135 0.062722
vt 0.334204 0.028596
vt 0.347743 0.059261
vt 0.331615 0.059262
vt 0.347743 0.062722
vt 0.343135 0.059261
vt 0.345439 0.059261
vt 0.340831 0.059261
vt 0.338527 0.059261
vt 0.336223 0.059262
vt 0.333919 0.059262
vn 0.222520 0.000000 -0.974928
vn 0.222520 0.000000 -0.974928
vn 0.222520 0.000000 -0.974928
vn 0.222520 0.000000 -0.974928
vn -0.623492 0.000000 -0.781830
vn -0.623492 0.000000 -0.781830
vn -0.623492 0.000000 -0.781830
vn -0.623492 0.000000 -0.781830
vn -1.000000 0.000000 0.000000
vn -1.000000 0.000000 0.000000
vn -1.000000 0.000000 0.000000
vn -1.000000 0.000000 0.000000
vn -0.623492 0.000000 0.781830
vn -0.623492 0.000000 0.781830
vn -0.623492 0.000000 0.781830
vn -0.623492 0.000000 0.781830
vn 0.222518 0.000000 0.974929
vn 0.222518 0.000000 0.974929
vn 0.222518 0.000000 0.974929
vn 0.222518 0.000000 0.974929
vn 0.900969 0.000000 0.433884
vn 0.900969 0.000000 0.433884
vn 0.900969 0.000000 0.433884
vn 0.900969 0.000000 0.433884
vn 0.900968 0.000000 -0.433885
vn 0.900968 0.000000 -0.433885
vn 0.900968 0.000000 -0.433885
vn 0.900968 0.000000 -0.433885
vn 0.000000 -1.000000 0.000007
vn 0.000000 -1.000000 0.000007
vn 0.000000 -1.000000 0.000004
vn 0.000000 -1.000000 0.000000
vn 0.000000 -1.000000 0.000007
vn 0.000000 -1.000000 0.000007
vn 0.000000 -1.000000 0.000000
vn 0.000000 -1.000000 0.000000
s off
g group1 Luz_techo pCylinder3
usemtl lambert2SG
f 369/459/621 370/455/622 377/457/623 376/443/624
f 370/456/625 371/463/626 378/445/627 377/442/628
f 371/463/629 372/462/630 379/447/631 378/445/632
f 372/462/633 373/461/634 380/449/635 379/447/636
f 373/461/637 374/460/638 381/451/639 380/449/640
f 374/460/641 375/458/642 382/453/643 381/451/644
f 375/458/645 369/459/646 376/443/647 382/453/648
s 1
f 370/441/649 369/440/650 383/454/651
f 371/444/652 370/441/649 383/454/651
f 372/446/653 371/444/652 383/454/651
f 373/448/654 372/446/653 383/454/651
f 374/450/655 373/448/654 383/454/651
f 375/452/656 374/450/655 383/454/651
f 369/440/650 375/452/656 383/454/651
g default
v 16.947542 24.863148 69.458038
v 17.018122 24.840427 69.448257
v 17.047356 24.785580 69.424644
v 17.018122 24.730730 69.401039
v 16.947542 24.708010 69.391251
v 16.876965 24.730730 69.401039
v 16.847729 24.785580 69.424644
v 16.876965 24.840427 69.448257
v 16.947542 25.002600 69.023972
v 17.018122 24.980129 69.013519
v 17.047356 24.925886 68.988281
v 17.018122 24.871641 68.963058
v 16.947542 24.849173 68.952599
v 16.876965 24.871641 68.963058
v 16.847729 24.925886 68.988281
v 16.876965 24.980129 69.013519
v 16.947542 25.673256 68.275299
v 17.018122 25.662567 68.251244
v 17.047356 25.636765 68.193161
v 17.018122 25.610962 68.135071
v 16.947542 25.600275 68.111015
v 16.876965 25.610962 68.135071
v 16.847729 25.636765 68.193161
v 16.876965 25.662567 68.251244
v 16.947542 26.644701 67.991592
v 17.018122 26.642078 67.964981
v 17.047356 26.635748 67.900757
v 17.018122 26.629416 67.836525
v 16.947542 26.626793 67.809921
v 16.876965 26.629416 67.836525
v 16.847729 26.635748 67.900757
v 16.876965 26.642078 67.964981
v 16.947542 27.655888 68.027222
v 17.018122 27.660133 68.000870
v 17.047356 27.670385 67.937248
v 17.018122 27.680637 67.873634
v 16.947542 27.684883 67.847275
v 16.876965 27.680637 67.873634
v 16.847729 27.670385 67.937248
v 16.876965 27.660133 68.000870
v 16.947542 28.607599 68.463402
v 17.018122 28.624292 68.443878
v 17.047356 28.664589 68.396744
v 17.018122 28.704887 68.349609
v 16.947542 28.721579 68.330086
v 16.876965 28.704887 68.349609
v 16.847729 28.664589 68.396744
v 16.876965 28.624292 68.443878
v 16.947542 29.094152 69.443672
v 17.018122 29.118454 69.441177
v 17.047356 29.177120 69.435120
v 17.018122 29.235786 69.429070
v 16.947542 29.260088 69.426559
v 16.876965 29.235786 69.429070
v 16.847729 29.177120 69.435120
v 16.876965 29.118454 69.441177
vt 0.367624 0.106169
vt 0.367624 0.103090
vt 0.364775 0.103090
vt 0.364775 0.102622
vt 0.367624 0.103511
vt 0.364775 0.103511
vt 0.367624 0.103925
vt 0.364775 0.103925
vt 0.367624 0.104395
vt 0.364775 0.104395
vt 0.367624 0.104867
vt 0.364775 0.104867
vt 0.367624 0.105281
vt 0.364775 0.105281
vt 0.367624 0.105701
vt 0.364775 0.105701
vt 0.358254 0.103090
vt 0.358254 0.102622
vt 0.358254 0.103511
vt 0.358254 0.103925
vt 0.358254 0.104395
vt 0.358254 0.104867
vt 0.358254 0.105281
vt 0.358254 0.105701
vt 0.351825 0.103090
vt 0.351825 0.102622
vt 0.351825 0.103511
vt 0.351825 0.103925
vt 0.351825 0.104395
vt 0.351825 0.104867
vt 0.351825 0.105281
vt 0.351825 0.105701
vt 0.345406 0.103090
vt 0.345406 0.102622
vt 0.345406 0.103511
vt 0.345406 0.103925
vt 0.345406 0.104395
vt 0.345406 0.104867
vt 0.345406 0.105281
vt 0.345406 0.105701
vt 0.338714 0.103090
vt 0.338714 0.102622
vt 0.338714 0.103511
vt 0.338714 0.103925
vt 0.338714 0.104395
vt 0.338714 0.104867
vt 0.338714 0.105281
vt 0.338714 0.105701
vt 0.331615 0.103090
vt 0.331615 0.102622
vt 0.331615 0.103511
vt 0.331615 0.103925
vt 0.331615 0.104395
vt 0.331615 0.104867
vt 0.331615 0.105281
vt 0.331615 0.105701
vt 0.331615 0.106169
vt 0.338714 0.106169
vt 0.345406 0.106169
vt 0.351825 0.106169
vt 0.358254 0.106169
vt 0.364775 0.106169
vt 0.367624 0.102622
vn 0.000002 0.952063 0.305902
vn 0.632432 0.737475 0.236982
vn 0.674147 0.608649 0.418417
vn 0.000001 0.822943 0.568123
vn 0.999665 0.024658 0.007885
vn 0.997110 -0.059573 -0.047145
vn 0.654944 -0.719363 -0.231441
vn 0.608303 -0.651761 -0.452964
vn 0.000001 -0.951934 -0.306302
vn 0.000000 -0.822536 -0.568714
vn -0.654942 -0.719366 -0.231439
vn -0.608301 -0.651764 -0.452961
vn -0.999665 0.024667 0.007885
vn -0.997110 -0.059574 -0.047147
vn -0.632434 0.737473 0.236983
vn -0.674142 0.608655 0.418416
vn 0.699129 0.382086 0.604342
vn 0.000000 0.539937 0.841706
vn 0.996590 -0.053800 -0.062567
vn 0.625608 -0.420653 -0.657012
vn 0.000000 -0.532144 -0.846654
vn -0.625609 -0.420654 -0.657011
vn -0.996589 -0.053804 -0.062570
vn -0.699126 0.382093 0.604342
vn 0.694764 0.089498 0.713648
vn -0.000000 0.125167 0.992136
vn 0.998938 -0.006970 -0.045539
vn 0.651753 -0.095024 -0.752455
vn 0.000000 -0.124425 -0.992229
vn -0.651754 -0.095023 -0.752454
vn -0.998938 -0.006972 -0.045541
vn -0.694763 0.089498 0.713649
vn 0.695252 -0.169003 0.698615
vn -0.000000 -0.237272 0.971443
vn 0.998266 0.018378 -0.055932
vn 0.641182 0.184105 -0.744977
vn -0.000022 0.237035 -0.971501
vn -0.641204 0.184094 -0.744961
vn -0.998265 0.018378 -0.055935
vn -0.695251 -0.169004 0.698616
vn 0.701805 -0.500931 0.506496
vn -0.000001 -0.705222 0.708987
vn 0.994974 0.075303 -0.066005
vn 0.611478 0.559397 -0.559616
vn -0.000022 0.703832 -0.710366
vn -0.611499 0.559388 -0.559601
vn -0.994973 0.075312 -0.066009
vn -0.701804 -0.500931 0.506498
vn 0.667310 -0.667371 0.330626
vn -0.000001 -0.895887 0.444282
vn 0.993471 0.102472 -0.050158
vn 0.571811 0.736188 -0.362022
vn 0.000001 0.897470 -0.441075
vn -0.571808 0.736192 -0.362018
vn -0.993469 0.102488 -0.050161
vn -0.667309 -0.667370 0.330629
s 1
g group1 Cables sweep3
usemtl lambert2SG
f 384/526/657 385/465/658 393/466/659 392/467/660
f 385/465/658 386/468/661 394/469/662 393/466/659
f 386/468/661 387/470/663 395/471/664 394/469/662
f 387/470/663 388/472/665 396/473/666 395/471/664
f 388/472/665 389/474/667 397/475/668 396/473/666
f 389/474/667 390/476/669 398/477/670 397/475/668
f 390/476/669 391/478/671 399/479/672 398/477/670
f 391/478/671 384/464/657 392/525/660 399/479/672
f 392/467/660 393/466/659 401/480/673 400/481/674
f 393/466/659 394/469/662 402/482/675 401/480/673
f 394/469/662 395/471/664 403/483/676 402/482/675
f 395/471/664 396/473/666 404/484/677 403/483/676
f 396/473/666 397/475/668 405/485/678 404/484/677
f 397/475/668 398/477/670 406/486/679 405/485/678
f 398/477/670 399/479/672 407/487/680 406/486/679
f 399/479/672 392/525/660 400/524/674 407/487/680
f 400/481/674 401/480/673 409/488/681 408/489/682
f 401/480/673 402/482/675 410/490/683 409/488/681
f 402/482/675 403/483/676 411/491/684 410/490/683
f 403/483/676 404/484/677 412/492/685 411/491/684
f 404/484/677 405/485/678 413/493/686 412/492/685
f 405/485/678 406/486/679 414/494/687 413/493/686
f 406/486/679 407/487/680 415/495/688 414/494/687
f 407/487/680 400/524/674 408/523/682 415/495/688
f 408/489/682 409/488/681 417/496/689 416/497/690
f 409/488/681 410/490/683 418/498/691 417/496/689
f 410/490/683 411/491/684 419/499/692 418/498/691
f 411/491/684 412/492/685 420/500/693 419/499/692
f 412/492/685 413/493/686 421/501/694 420/500/693
f 413/493/686 414/494/687 422/502/695 421/501/694
f 414/494/687 415/495/688 423/503/696 422/502/695
f 415/495/688 408/523/682 416/522/690 423/503/696
f 416/497/690 417/496/689 425/504/697 424/505/698
f 417/496/689 418/498/691 426/506/699 425/504/697
f 418/498/691 419/499/692 427/507/700 426/506/699
f 419/499/692 420/500/693 428/508/701 427/507/700
f 420/500/693 421/501/694 429/509/702 428/508/701
f 421/501/694 422/502/695 430/510/703 429/509/702
f 422/502/695 423/503/696 431/511/704 430/510/703
f 423/503/696 416/522/690 424/521/698 431/511/704
f 424/505/698 425/504/697 433/512/705 432/513/706
f 425/504/697 426/506/699 434/514/707 433/512/705
f 426/506/699 427/507/700 435/515/708 434/514/707
f 427/507/700 428/508/701 436/516/709 435/515/708
f 428/508/701 429/509/702 437/517/710 436/516/709
f 429/509/702 430/510/703 438/518/711 437/517/710
f 430/510/703 431/511/704 439/519/712 438/518/711
f 431/511/704 424/521/698 432/520/706 439/519/712
g default
v -76.652817 37.680893 65.766907
v -76.234207 37.680893 65.766907
v -76.652817 53.914059 65.766907
v -76.234207 53.914059 65.766907
v -76.652817 53.914059 55.767822
v -76.234207 53.914059 55.767822
v -76.652817 37.680893 55.767822
v -76.234207 37.680893 55.767822
vt 0.112633 0.476706
vt 0.115230 0.476706
vt 0.115238 0.577390
vt 0.115238 0.579987
vt 0.177256 0.577385
vt 0.179852 0.577384
vt 0.177248 0.476701
vt 0.177247 0.474104
vt 0.179844 0.476701
vt 0.177256 0.579982
vt 0.112641 0.577390
vt 0.115229 0.474109
vn 0.000000 0.000000 1.000000
vn 0.000000 0.000000 1.000000
vn 0.000000 0.000000 1.000000
vn 0.000000 0.000000 1.000000
vn 0.000000 1.000000 0.000000
vn 0.000000 1.000000 0.000000
vn 0.000000 1.000000 0.000000
vn 0.000000 1.000000 0.000000
vn 0.000000 0.000000 -1.000000
vn 0.000000 0.000000 -1.000000
vn 0.000000 0.000000 -1.000000
vn 0.000000 0.000000 -1.000000
vn 0.000000 -1.000000 0.000000
vn 0.000000 -1.000000 0.000000
vn 0.000000 -1.000000 0.000000
vn 0.000000 -1.000000 0.000000
vn 1.000000 0.000000 0.000000
vn 1.000000 0.000000 0.000000
vn 1.000000 0.000000 0.000000
vn 1.000000 0.000000 0.000000
s off
g group1 pCube20 Pantallas
usemtl lambert2SG
f 440/527/713 441/528/714 443/529/715 442/537/716
f 442/530/717 443/529/718 445/531/719 444/536/720
f 444/532/721 445/531/722 447/533/723 446/535/724
f 446/534/725 447/533/726 441/528/727 440/538/728
f 441/528/729 447/533/730 445/531/731 443/529/732
g default
v 38.751003 27.660517 74.773232
v 38.665977 27.660345 74.771683
v 38.606956 27.654587 74.710732
v 38.608513 27.646614 74.626083
v 38.669739 27.641098 74.567314
v 38.754761 27.641268 74.568863
v 38.813786 27.647028 74.629814
v 38.812229 27.655001 74.714470
v 38.751221 26.941254 74.783768
v 38.666191 26.941305 74.782211
v 38.607166 26.944233 74.721062
v 38.608723 26.948322 74.636131
v 38.669945 26.951181 74.577179
v 38.754971 26.951132 74.578728
v 38.813992 26.948206 74.639885
v 38.812443 26.944113 74.724808
v 38.751884 24.719587 75.042671
v 38.666862 24.719631 75.041122
v 38.607838 24.722353 74.979958
v 38.609390 24.726158 74.895020
v 38.670609 24.728821 74.836052
v 38.755638 24.728777 74.837608
v 38.814663 24.726053 74.898766
v 38.813107 24.722246 74.983711
v 38.752708 23.414801 74.907501
v 38.667679 23.415236 74.906036
v 38.608639 23.436983 74.848824
v 38.610165 23.467304 74.769386
v 38.671371 23.488438 74.714256
v 38.756401 23.488001 74.715729
v 38.815441 23.466253 74.772942
v 38.813911 23.435932 74.852379
v 38.755039 22.717052 73.788177
v 38.670013 22.718483 73.787949
v 38.610912 22.779003 73.779198
v 38.612362 22.863159 73.767044
v 38.673512 22.921654 73.758606
v 38.758541 22.920221 73.758835
v 38.817638 22.859701 73.767586
v 38.816189 22.775545 73.779739
v 38.747208 22.670424 72.491699
v 38.662189 22.671972 72.493065
v 38.603168 22.733191 72.493736
v 38.604710 22.818218 72.493317
v 38.665916 22.877243 72.492058
v 38.750935 22.875692 72.490692
v 38.809956 22.814474 72.490021
v 38.808414 22.729448 72.490440
v 38.736839 22.672754 70.960632
v 38.651810 22.674314 70.960663
v 38.592793 22.735527 70.961906
v 38.594353 22.820538 70.963623
v 38.655579 22.879543 70.964813
v 38.740604 22.877985 70.964783
v 38.799622 22.816769 70.963547
v 38.798061 22.731760 70.961823
v 38.736832 22.697609 69.732025
v 38.651806 22.699169 69.732056
v 38.592781 22.760384 69.733292
v 38.594345 22.845392 69.735016
v 38.655571 22.904400 69.736206
v 38.740597 22.902838 69.736176
v 38.799614 22.841625 69.734940
v 38.798054 22.756617 69.733215
v 38.736828 22.709288 69.154739
v 38.651802 22.710848 69.154770
v 38.592781 22.772062 69.156006
v 38.594341 22.857071 69.157730
v 38.655567 22.916079 69.158920
v 38.740593 22.914518 69.158890
v 38.799614 22.853304 69.157654
v 38.798054 22.768293 69.155930
vt 0.846088 0.067438
vt 0.845553 0.067438
vt 0.849715 0.063005
vt 0.846088 0.063005
vt 0.849198 0.067438
vt 0.849198 0.063005
vt 0.848695 0.067438
vt 0.848695 0.063005
vt 0.848171 0.067438
vt 0.848171 0.063005
vt 0.847635 0.067438
vt 0.847635 0.063005
vt 0.847106 0.067438
vt 0.847106 0.063005
vt 0.846606 0.067438
vt 0.846606 0.063005
vt 0.849715 0.048980
vt 0.846088 0.048980
vt 0.849198 0.048980
vt 0.848695 0.048980
vt 0.848171 0.048980
vt 0.847635 0.048980
vt 0.847106 0.048980
vt 0.846606 0.048980
vt 0.849715 0.041137
vt 0.846088 0.041137
vt 0.849198 0.041137
vt 0.848695 0.041137
vt 0.848171 0.041137
vt 0.847635 0.041137
vt 0.847106 0.041137
vt 0.846606 0.041137
vt 0.849715 0.033930
vt 0.846088 0.033930
vt 0.849198 0.033930
vt 0.848695 0.033930
vt 0.848171 0.033930
vt 0.847635 0.033930
vt 0.847106 0.033930
vt 0.846606 0.033930
vt 0.849715 0.025917
vt 0.846088 0.025917
vt 0.849198 0.025917
vt 0.848695 0.025917
vt 0.848171 0.025917
vt 0.847635 0.025917
vt 0.847106 0.025917
vt 0.846606 0.025917
vt 0.849715 0.016302
vt 0.846088 0.016302
vt 0.849198 0.016302
vt 0.848695 0.016302
vt 0.848171 0.016302
vt 0.847635 0.016302
vt 0.847106 0.016302
vt 0.846606 0.016302
vt 0.849715 0.008577
vt 0.846088 0.008577
vt 0.849198 0.008577
vt 0.848695 0.008577
vt 0.848171 0.008577
vt 0.847635 0.008577
vt 0.847106 0.008577
vt 0.846606 0.008577
vt 0.849715 0.004947
vt 0.846088 0.004947
vt 0.849198 0.004947
vt 0.848695 0.004947
vt 0.848171 0.004947
vt 0.847635 0.004947
vt 0.847106 0.004947
vt 0.846606 0.004947
vt 0.845553 0.008577
vt 0.845553 0.004947
vt 0.845553 0.016302
vt 0.845553 0.025917
vt 0.845553 0.033930
vt 0.845553 0.041137
vt 0.845553 0.048980
vt 0.845553 0.063005
vt 0.849715 0.067438
vn 0.357135 0.013766 0.933951
vn -0.390256 0.013347 0.920610
vn -0.405350 0.084003 0.910294
vn 0.371064 0.085603 0.924653
vn -0.922435 0.005361 0.386116
vn -0.938104 0.030607 0.344999
vn -0.924422 -0.005749 -0.381327
vn -0.905232 -0.039967 -0.423034
vn -0.372523 -0.013398 -0.927926
vn -0.353633 -0.085259 -0.931491
vn 0.406800 -0.012957 -0.913426
vn 0.386532 -0.083886 -0.918453
vn 0.937896 -0.004697 -0.346885
vn 0.920154 -0.036419 -0.389859
vn 0.907807 0.006389 0.419339
vn 0.924550 0.034383 0.379507
vn -0.384600 0.031579 0.922543
vn 0.351756 0.032268 0.935535
vn -0.918180 0.014727 0.395890
vn -0.926408 -0.014153 -0.376255
vn -0.372859 -0.037515 -0.927129
vn 0.407234 -0.036541 -0.912592
vn 0.939807 -0.011975 -0.341496
vn 0.903140 0.016614 0.429024
vn -0.361515 -0.480521 0.799003
vn 0.331158 -0.484840 0.809484
vn -0.888280 -0.257569 0.380285
vn -0.955298 0.139095 -0.260879
vn -0.411568 0.480678 -0.774313
vn 0.447265 0.472235 -0.759571
vn 0.965560 0.121823 -0.229900
vn 0.872187 -0.270574 0.407529
vn -0.358875 -0.894231 0.267506
vn 0.331712 -0.904394 0.268400
vn -0.897188 -0.419698 0.137507
vn -0.934477 0.344957 -0.088077
vn -0.372432 0.892912 -0.252987
vn 0.406624 0.878496 -0.250800
vn 0.946874 0.310785 -0.082719
vn 0.882387 -0.448823 0.141249
vn -0.396877 -0.917717 0.016863
vn 0.363800 -0.931398 0.012141
vn -0.928672 -0.370713 0.011804
vn -0.918528 0.395355 -0.000079
vn -0.367521 0.929941 -0.011762
vn 0.400495 0.916151 -0.016452
vn 0.932186 0.361799 -0.011425
vn 0.914697 -0.404139 0.000425
vn -0.399407 -0.916743 -0.007552
vn 0.363906 -0.931376 -0.010546
vn -0.929947 -0.367694 -0.000121
vn -0.917853 0.396852 0.007384
vn -0.367465 0.929978 0.010541
vn 0.399690 0.916620 0.007509
vn 0.931503 0.363735 0.000090
vn 0.915582 -0.402063 -0.007377
vn -0.399571 -0.916515 -0.018538
vn 0.365672 -0.930554 -0.018827
vn -0.930743 -0.365599 -0.007390
vn -0.916702 0.399489 0.008087
vn -0.365662 0.930557 0.018828
vn 0.399583 0.916510 0.018539
vn 0.930750 0.365582 0.007391
vn 0.916712 -0.399466 -0.008085
vn -0.399570 -0.916515 -0.018537
vn 0.365665 -0.930556 -0.018825
vn -0.930751 -0.365578 -0.007392
vn -0.916690 0.399517 0.008084
vn -0.365672 0.930553 0.018828
vn 0.399582 0.916510 0.018543
vn 0.930745 0.365593 0.007396
vn 0.916709 -0.399473 -0.008083
s 1
g group1 Cables sweep2
usemtl lambert2SG
f 448/539/733 449/540/734 457/618/735 456/542/736
f 449/619/734 450/543/737 458/544/738 457/541/735
f 450/543/737 451/545/739 459/546/740 458/544/738
f 451/545/739 452/547/741 460/548/742 459/546/740
f 452/547/741 453/549/743 461/550/744 460/548/742
f 453/549/743 454/551/745 462/552/746 461/550/744
f 454/551/745 455/553/747 463/554/748 462/552/746
f 455/553/747 448/539/733 456/542/736 463/554/748
f 456/542/736 457/618/735 465/617/749 464/556/750
f 457/541/735 458/544/738 466/557/751 465/555/749
f 458/544/738 459/546/740 467/558/752 466/557/751
f 459/546/740 460/548/742 468/559/753 467/558/752
f 460/548/742 461/550/744 469/560/754 468/559/753
f 461/550/744 462/552/746 470/561/755 469/560/754
f 462/552/746 463/554/748 471/562/756 470/561/755
f 463/554/748 456/542/736 464/556/750 471/562/756
f 464/556/750 465/617/749 473/616/757 472/564/758
f 465/555/749 466/557/751 474/565/759 473/563/757
f 466/557/751 467/558/752 475/566/760 474/565/759
f 467/558/752 468/559/753 476/567/761 475/566/760
f 468/559/753 469/560/754 477/568/762 476/567/761
f 469/560/754 470/561/755 478/569/763 477/568/762
f 470/561/755 471/562/756 479/570/764 478/569/763
f 471/562/756 464/556/750 472/564/758 479/570/764
f 472/564/758 473/616/757 481/615/765 480/572/766
f 473/563/757 474/565/759 482/573/767 481/571/765
f 474/565/759 475/566/760 483/574/768 482/573/767
f 475/566/760 476/567/761 484/575/769 483/574/768
f 476/567/761 477/568/762 485/576/770 484/575/769
f 477/568/762 478/569/763 486/577/771 485/576/770
f 478/569/763 479/570/764 487/578/772 486/577/771
f 479/570/764 472/564/758 480/572/766 487/578/772
f 480/572/766 481/615/765 489/614/773 488/580/774
f 481/571/765 482/573/767 490/581/775 489/579/773
f 482/573/767 483/574/768 491/582/776 490/581/775
f 483/574/768 484/575/769 492/583/777 491/582/776
f 484/575/769 485/576/770 493/584/778 492/583/777
f 485/576/770 486/577/771 494/585/779 493/584/778
f 486/577/771 487/578/772 495/586/780 494/585/779
f 487/578/772 480/572/766 488/580/774 495/586/780
f 488/580/774 489/614/773 497/613/781 496/588/782
f 489/579/773 490/581/775 498/589/783 497/587/781
f 490/581/775 491/582/776 499/590/784 498/589/783
f 491/582/776 492/583/777 500/591/785 499/590/784
f 492/583/777 493/584/778 501/592/786 500/591/785
f 493/584/778 494/585/779 502/593/787 501/592/786
f 494/585/779 495/586/780 503/594/788 502/593/787
f 495/586/780 488/580/774 496/588/782 503/594/788
f 496/588/782 497/613/781 505/611/789 504/596/790
f 497/587/781 498/589/783 506/597/791 505/595/789
f 498/589/783 499/590/784 507/598/792 506/597/791
f 499/590/784 500/591/785 508/599/793 507/598/792
f 500/591/785 501/592/786 509/600/794 508/599/793
f 501/592/786 502/593/787 510/601/795 509/600/794
f 502/593/787 503/594/788 511/602/796 510/601/795
f 503/594/788 496/588/782 504/596/790 511/602/796
f 504/596/790 505/611/789 513/612/797 512/604/798
f 505/595/789 506/597/791 514/605/799 513/603/797
f 506/597/791 507/598/792 515/606/800 514/605/799
f 507/598/792 508/599/793 516/607/801 515/606/800
f 508/599/793 509/600/794 517/608/802 516/607/801
f 509/600/794 510/601/795 518/609/803 517/608/802
f 510/601/795 511/602/796 519/610/804 518/609/803
f 511/602/796 504/596/790 512/604/798 519/610/804
g default
v -17.481001 8.398626 76.429024
v -5.784833 8.398626 76.429024
v -17.481001 42.651249 76.429024
v -5.784833 42.651249 76.429024
v -17.481001 42.651249 64.732857
v -5.784833 42.651249 64.732857
v -17.481001 8.398626 64.732857
v -5.784833 8.398626 64.732857
v -5.784833 34.277477 64.732857
v -5.784833 34.088097 65.185524
v -5.784833 34.088097 75.976357
v -5.784833 34.277477 76.429024
v -5.784833 25.714323 64.732857
v -5.784833 25.524937 65.185524
v -5.784833 25.524937 75.976357
v -5.784833 25.524937 76.429024
v -5.784833 17.151169 64.732857
v -5.784833 16.961782 65.185524
v -5.784833 16.961782 75.976357
v -5.784833 17.151169 76.429024
v -5.784833 34.277477 65.185524
v -5.784833 34.277477 75.976357
v -5.784833 25.714323 65.185524
v -5.784833 25.714323 75.976357
v -5.784833 17.151169 65.185524
v -5.784833 17.151169 75.976357
v -5.784833 42.388264 65.185524
v -5.784833 42.388264 75.976357
v -5.784833 8.756297 65.185524
v -5.784833 8.756297 75.976357
v -5.526558 34.277477 65.185524
v -5.526558 34.277477 75.976357
v -5.526558 42.388264 65.185524
v -5.526558 42.388264 75.976357
v -5.526558 25.714323 65.185524
v -5.526558 25.714323 75.976357
v -5.526558 34.088097 65.185524
v -5.526558 34.088097 75.976357
v -5.526558 17.151169 65.185524
v -5.526558 17.151169 75.976357
v -5.526558 25.524937 65.185524
v -5.526558 25.524937 75.976357
v -5.526558 8.756297 65.185524
v -5.526558 8.756297 75.976357
v -5.526558 16.961782 65.185524
v -5.526558 16.961782 75.976357
vt 0.328186 0.004976
vt 0.400730 0.004961
vt 0.707019 0.314319
vt 0.775550 0.315913
vt 0.328242 0.289968
vt 0.328228 0.217423
vt 0.400772 0.217409
vt 0.473316 0.217394
vt 0.990057 0.060098
vt 0.400762 0.165472
vt 0.991659 0.330053
vt 0.921526 0.058486
vt 0.923129 0.328452
vt 0.328218 0.165486
vt 0.073907 0.280102
vt 0.400751 0.112360
vt 0.991667 0.006559
vt 0.005376 0.278495
vt 0.923137 0.004947
vt 0.328207 0.111199
vt 0.708615 0.261823
vt 0.400741 0.059248
vt 0.075512 0.226563
vt 0.777146 0.263418
vt 0.006982 0.224957
vt 0.328197 0.059262
vt 0.990057 0.381961
vt 0.923129 0.330053
vt 0.990057 0.330053
vt 0.990057 0.380359
vt 0.923129 0.380360
vt 0.921527 0.380360
vt 0.473274 0.004948
vt 0.923136 0.006549
vt 0.990066 0.006559
vt 0.990057 0.058496
vt 0.923129 0.058486
vt 0.255642 0.004992
vt 0.006982 0.226558
vt 0.073911 0.226563
vt 0.073907 0.278500
vt 0.006979 0.278496
vt 0.775550 0.314312
vt 0.708621 0.314319
vt 0.708615 0.263425
vt 0.775544 0.263418
vt 0.397923 0.007179
vt 0.330994 0.007193
vt 0.397933 0.058073
vt 0.331004 0.058087
vt 0.775544 0.261816
vt 0.707013 0.263425
vt 0.331015 0.111199
vt 0.006978 0.280097
vt 0.397943 0.111186
vt 0.075509 0.278501
vt 0.331004 0.059262
vt 0.005380 0.226558
vt 0.397933 0.059249
vt 0.073911 0.224961
vt 0.331025 0.164311
vt 0.923128 0.060088
vt 0.397954 0.164298
vt 0.991659 0.058497
vt 0.921535 0.006548
vt 0.397943 0.112360
vt 0.331036 0.215792
vt 0.923129 0.381961
vt 0.397964 0.215778
vt 0.991660 0.380359
vt 0.331026 0.165486
vt 0.921526 0.330053
vt 0.397954 0.165472
vt 0.990057 0.328451
vt 0.400787 0.289953
vt 0.255684 0.217438
vt 0.990066 0.004957
vt 0.331015 0.112374
vt 0.777152 0.314311
vt 0.708621 0.315921
vn 0.076287 0.000000 0.997086
vn 0.076287 0.000000 -0.997086
vn 1.000000 0.000000 0.000000
vn 1.000000 0.000000 0.000000
vn 0.000000 1.000000 0.000000
vn 0.015490 0.941382 0.336987
vn 0.015490 0.941382 -0.336987
vn 0.000000 1.000000 0.000000
vn 1.000000 0.000000 0.000000
vn 0.012438 0.000000 -0.999923
vn 1.000000 0.000000 0.000000
vn 1.000000 0.000000 0.000000
vn 1.000000 0.000000 0.000000
vn 0.012472 0.000000 0.999922
vn 1.000000 0.000000 0.000000
vn 0.015786 0.000000 -0.999875
vn 1.000000 0.000000 0.000000
vn 1.000000 0.000000 0.000000
vn 1.000000 0.000000 0.000000
vn 0.015735 0.000000 0.999876
vn 1.000000 0.000000 0.000000
vn 0.066454 0.000000 -0.997790
vn 1.000000 0.000000 0.000000
vn 1.000000 0.000000 0.000000
vn 1.000000 0.000000 0.000000
vn 0.067064 0.000000 0.997749
vn -0.000001 0.000000 -1.000000
vn 1.000000 0.000000 0.000000
vn 0.999207 -0.031818 0.023916
vn 0.999207 -0.031818 -0.023916
vn 0.999207 0.031818 -0.023916
vn 0.999207 0.031818 0.023916
vn 1.000000 0.000000 0.000000
vn 0.000000 0.000000 1.000000
vn -0.000001 0.000000 -1.000000
vn 0.999239 -0.030820 0.023916
vn 0.999239 -0.030820 -0.023916
vn 0.999239 0.030820 -0.023916
vn 0.999239 0.030820 0.023916
vn -0.000000 0.000000 1.000000
vn 0.999239 -0.030820 0.023916
vn 0.999239 -0.030820 -0.023916
vn 0.999239 0.030820 -0.023916
vn 0.999239 0.030820 0.023916
vn 0.999219 -0.031451 0.023916
vn 0.999219 -0.031451 -0.023916
vn 0.999219 0.031451 -0.023916
vn 0.999219 0.031451 0.023916
vn 0.000000 -1.000000 0.000000
vn 0.000000 -1.000000 0.000000
vn 0.000000 0.000000 -1.000000
vn 0.000000 0.000000 -1.000000
vn 0.000000 1.000000 0.000000
vn 0.000000 1.000000 0.000000
vn 0.000000 0.000000 1.000000
vn 0.000000 0.000000 1.000000
vn 0.000000 -1.000000 0.000000
vn 0.000000 -1.000000 0.000000
vn 0.000000 0.000000 -1.000000
vn 0.000000 0.000000 -1.000000
vn 0.000000 1.000000 0.000000
vn 0.000000 1.000000 0.000000
vn 0.000000 0.000000 1.000000
vn 0.000000 0.000000 1.000000
vn 0.000000 -1.000000 0.000000
vn 0.000000 -1.000000 0.000000
vn 0.000000 0.000000 -1.000000
vn 0.000000 0.000000 -1.000000
vn 0.000000 1.000000 0.000000
vn 0.000000 1.000000 0.000000
vn 0.000000 0.000000 1.000000
vn 0.000000 0.000000 1.000000
vn 0.000000 -1.000000 0.000000
vn 0.000000 -1.000000 0.000000
vn 0.000000 0.000000 -1.000000
vn 0.000000 0.000000 -1.000000
vn 0.000000 1.000000 0.000000
vn 0.000000 1.000000 0.000000
vn 0.000000 0.000000 1.000000
vn 0.000000 0.000000 1.000000
s 1
g group1 pCube16 Gabinete
usemtl lambert2SG
f 521/620/805 527/621/806 548/666/807 549/667/808
f 522/624/809 523/625/810 525/626/811 524/694/812
f 529/682/813 528/629/814 540/692/815
f 530/680/816 529/682/813 540/692/815 541/690/817
f 531/633/818 530/680/816 541/690/817
f 533/674/819 532/635/820 542/685/821
f 534/672/822 533/674/819 542/685/821 543/697/823
f 535/639/824 534/672/822 543/697/823
f 537/668/825 536/641/826 544/678/827
f 538/669/828 537/668/825 544/678/827 545/676/829
f 539/645/830 538/669/828 545/676/829
f 524/627/831 525/626/811 528/629/814
f 528/629/814 525/626/811 546/688/832
f 540/692/815 528/629/814 546/688/832
s 6
f 551/647/833 550/648/834 552/649/835 553/650/836
s 1
f 531/633/818 541/690/817 547/686/837
f 531/633/818 547/686/837 523/625/810
f 522/695/838 531/633/818 523/625/810
f 524/627/831 528/629/814 532/635/820 526/652/839
f 542/685/821 532/635/820 528/629/814 529/682/813
s 7
f 555/653/840 554/654/841 556/655/842 557/656/843
s 1
f 535/639/824 543/697/823 530/680/816 531/633/818
f 520/657/844 535/639/824 531/633/818 522/695/838
f 526/652/839 532/635/820 536/641/826
f 544/678/827 536/641/826 532/635/820 533/674/819
s 8
f 559/658/845 558/659/846 560/660/847 561/661/848
s 1
f 539/645/830 545/676/829 534/672/822 535/639/824
f 520/657/844 539/645/830 535/639/824
f 547/686/837 546/688/832 525/626/811 523/625/810
f 526/652/839 536/641/826 527/621/806
f 548/666/807 527/621/806 536/641/826 537/668/825
s 9
f 563/662/849 562/663/850 564/664/851 565/665/852
s 1
f 521/620/805 549/667/808 538/669/828 539/645/830
f 520/657/844 521/620/805 539/645/830
s 6
f 541/632/853 540/693/854 550/648/834 551/647/833
f 540/630/855 546/689/856 552/649/835 550/648/834
f 546/646/857 547/687/858 553/650/836 552/649/835
f 547/651/859 541/691/860 551/647/833 553/650/836
s 7
f 543/638/861 542/696/862 554/654/841 555/653/840
f 542/636/863 529/683/864 556/655/842 554/654/841
f 529/628/865 530/681/866 557/656/843 556/655/842
f 530/631/867 543/684/868 555/653/840 557/656/843
s 8
f 545/644/869 544/679/870 558/659/846 559/658/845
f 544/642/871 533/675/872 560/660/847 558/659/846
f 533/634/873 534/673/874 561/661/848 560/660/847
f 534/637/875 545/677/876 559/658/845 561/661/848
s 9
f 549/623/877 548/699/878 562/663/850 563/662/849
f 548/622/879 537/671/880 564/664/851 562/663/850
f 537/640/881 538/670/882 565/665/852 564/664/851
f 538/643/883 549/698/884 563/662/849 565/665/852
g default
v -4.999574 40.970127 73.083084
v -4.838841 40.970127 73.083084
v -4.999574 41.399265 73.083084
v -4.838841 41.399265 73.083084
v -4.999574 41.399265 68.013672
v -4.838841 41.399265 68.013672
v -4.999574 40.970127 68.013672
v -4.838841 40.970127 68.013672
v -4.838841 41.399265 68.209221
v -4.999574 41.399265 68.209221
v -4.999574 40.970127 68.209221
v -4.838841 40.970127 68.209221
v -4.838841 41.399265 72.887535
v -4.999574 41.399265 72.887535
v -4.999574 40.970127 72.887535
v -4.838841 40.970127 72.887535
v -5.557983 40.970127 72.887535
v -5.557983 40.970127 73.083084
v -5.557983 41.399265 73.083084
v -5.557983 41.399265 72.887535
v -5.557983 40.970127 68.013672
v -5.557983 40.970127 68.209221
v -5.557983 41.399265 68.209221
v -5.557983 41.399265 68.013672
vt 0.332160 0.022388
vt 0.330385 0.022212
vt 0.329883 0.026722
vt 0.331659 0.026898
vt 0.329881 0.026101
vt 0.331657 0.026278
vt 0.331613 0.010701
vt 0.329825 0.010524
vt 0.330330 0.005984
vt 0.332118 0.006162
vt 0.332158 0.021767
vt 0.330383 0.021591
vt 0.331615 0.011331
vt 0.329827 0.011153
vt 0.330332 0.006614
vt 0.332120 0.006792
vt 0.338326 0.023001
vt 0.338326 0.022380
vt 0.337826 0.027510
vt 0.337826 0.026890
vt 0.338329 0.007410
vt 0.338329 0.006780
vt 0.337826 0.011948
vt 0.337826 0.011319
vn 0.000000 0.000000 1.000000
vn 0.000000 0.000000 1.000000
vn 0.000000 0.000000 1.000000
vn 0.000000 0.000000 1.000000
vn 0.000000 1.000000 0.000000
vn 0.000000 1.000000 0.000000
vn 0.000000 1.000000 0.000000
vn 0.000000 1.000000 0.000000
vn 0.000000 0.000000 -1.000000
vn 0.000000 0.000000 -1.000000
vn 0.000000 0.000000 -1.000000
vn 0.000000 0.000000 -1.000000
vn 0.000000 -1.000000 0.000000
vn 0.000000 -1.000000 0.000000
vn 0.000000 -1.000000 0.000000
vn 0.000000 -1.000000 0.000000
vn 1.000000 0.000000 0.000000
vn 1.000000 0.000000 0.000000
vn 1.000000 0.000000 0.000000
vn 1.000000 0.000000 0.000000
vn 0.000000 1.000000 0.000000
vn 0.000000 1.000000 0.000000
vn 0.000000 1.000000 0.000000
vn 0.000000 1.000000 0.000000
vn 0.000000 -1.000000 0.000000
vn 0.000000 -1.000000 0.000000
vn 0.000000 -1.000000 0.000000
vn 0.000000 -1.000000 0.000000
vn 1.000000 0.000000 0.000000
vn 1.000000 0.000000 0.000000
vn 1.000000 0.000000 0.000000
vn 1.000000 0.000000 0.000000
vn 0.000000 -1.000000 0.000000
vn 0.000000 -1.000000 0.000000
vn 0.000000 -1.000000 0.000000
vn 0.000000 -1.000000 0.000000
vn 0.000000 0.000000 1.000000
vn 0.000000 0.000000 1.000000
vn 0.000000 0.000000 1.000000
vn 0.000000 0.000000 1.000000
vn 0.000000 1.000000 0.000000
vn 0.000000 1.000000 0.000000
vn 0.000000 1.000000 0.000000
vn 0.000000 1.000000 0.000000
vn 0.000000 0.000000 -1.000000
vn 0.000000 0.000000 -1.000000
vn 0.000000 0.000000 -1.000000
vn 0.000000 0.000000 -1.000000
vn 0.000000 -1.000000 0.000000
vn 0.000000 -1.000000 0.000000
vn 0.000000 -1.000000 0.000000
vn 0.000000 -1.000000 0.000000
vn 0.000000 0.000000 1.000000
vn 0.000000 0.000000 1.000000
vn 0.000000 0.000000 1.000000
vn 0.000000 0.000000 1.000000
vn 0.000000 1.000000 0.000000
vn 0.000000 1.000000 0.000000
vn 0.000000 1.000000 0.000000
vn 0.000000 1.000000 0.000000
vn 0.000000 0.000000 -1.000000
vn 0.000000 0.000000 -1.000000
vn 0.000000 0.000000 -1.000000
vn 0.000000 0.000000 -1.000000
s off
g group1 Gabinete pCube17
usemtl lambert2SG
f 566/700/885 567/701/886 569/702/887 568/703/888
s 1
f 568/703/889 569/702/890 578/704/891 579/705/892
s off
f 570/706/893 571/707/894 573/708/895 572/709/896
s 2
f 580/710/897 581/711/898 567/701/899 566/700/900
s 3
f 567/701/901 581/711/902 578/704/903 569/702/904
s 1
f 575/712/905 574/713/906 571/707/907 570/706/908
s 2
f 572/709/909 573/708/910 577/714/911 576/715/912
s 3
f 574/713/913 577/714/914 573/708/915 571/707/916
s 1
f 579/705/892 578/704/891 574/713/906 575/712/905
s 2
f 576/715/912 577/714/911 581/711/898 580/710/897
s 3
f 578/704/903 581/711/902 577/714/914 574/713/913
s off
f 580/710/917 566/700/918 583/716/919 582/717/920
f 566/700/921 568/703/922 584/718/923 583/716/924
f 568/703/925 579/705/926 585/719/927 584/718/928
f 579/705/929 580/710/930 582/717/931 585/719/932
f 572/709/933 576/715/934 587/720/935 586/721/936
f 576/715/937 575/712/938 588/722/939 587/720/940
f 575/712/941 570/706/942 589/723/943 588/722/944
f 570/706/945 572/709/946 586/721/947 589/723/948
g default
v -75.141701 8.525114 81.038979
v -75.426201 8.525114 79.904907
v -76.308838 8.525114 79.354263
v -77.452499 8.525114 79.597374
v -78.420326 8.525114 80.541367
v -75.564018 8.525114 82.323288
v -75.141701 59.188194 81.038979
v -75.426201 59.188194 79.904907
v -76.308838 59.188194 79.354263
v -77.452499 59.188194 79.597374
v -78.420326 59.188194 80.541367
v -75.564018 59.188194 82.323288
vt 0.862894 0.004948
vt 0.870146 0.004948
vt 0.870128 0.319180
vt 0.862877 0.319178
vt 0.876598 0.004948
vt 0.876581 0.319180
vt 0.883850 0.004950
vt 0.883833 0.319180
vt 0.892235 0.004950
vt 0.892218 0.319180
vt 0.854508 0.004948
vt 0.854491 0.319178
vn 0.969945 0.000000 -0.243326
vn 0.969945 0.000000 -0.243326
vn 0.969945 0.000000 -0.243326
vn 0.969945 0.000000 -0.243326
vn 0.529303 0.000000 -0.848433
vn 0.529303 0.000000 -0.848433
vn 0.529303 0.000000 -0.848433
vn 0.529303 0.000000 -0.848433
vn -0.207925 0.000000 -0.978145
vn -0.207925 0.000000 -0.978145
vn -0.207925 0.000000 -0.978145
vn -0.207925 0.000000 -0.978145
vn -0.698238 0.000000 -0.715866
vn -0.698238 0.000000 -0.715866
vn -0.698238 0.000000 -0.715866
vn -0.698238 0.000000 -0.715866
vn 0.949959 0.000000 0.312374
vn 0.949959 0.000000 0.312374
vn 0.949959 0.000000 0.312374
vn 0.949959 0.000000 0.312374
s off
g group1 Cables pCylinder8
usemtl lambert2SG
f 590/724/949 591/725/950 597/726/951 596/727/952
f 591/725/953 592/728/954 598/729/955 597/726/956
f 592/728/957 593/730/958 599/731/959 598/729/960
f 593/730/961 594/732/962 600/733/963 599/731/964
f 595/734/965 590/724/966 596/727/967 601/735/968
g default
v 79.291534 148.621094 -36.732910
v 79.291534 148.621094 81.826691
v -77.376465 148.621094 -36.732910
v -77.376465 148.621094 81.826691
vt 0.286728 0.378204
vt 0.002552 0.378304
vt 0.002422 0.002785
vt 0.286598 0.002686
vn 0.000000 -1.000000 0.000000
vn 0.000000 -1.000000 0.000000
vn 0.000000 -1.000000 0.000000
vn 0.000000 -1.000000 0.000000
s off
g PlaneFBXASC032FBXASC04022FBXASC042 Paredes
usemtl lambert5SG
f 605/736/969 604/737/970 602/738/971 603/739/972
g default
v 42.208199 23.002127 68.093628
v 53.479362 23.002127 68.093628
v 42.208199 23.134830 68.091713
v 53.479362 23.134830 68.091713
v 42.208199 23.074333 63.912758
v 53.479362 23.074333 63.912758
v 42.208199 22.941629 63.914673
v 53.479362 22.941629 63.914673
vt 0.555117 0.194567
vt 0.484385 0.195389
vt 0.484385 0.194566
vt 0.554293 0.194567
vt 0.484385 0.168644
vt 0.554293 0.168644
vt 0.483562 0.168644
vt 0.554293 0.167821
vt 0.484385 0.167820
vt 0.555117 0.168644
vt 0.483562 0.194566
vt 0.554293 0.195390
vn 0.000000 0.014429 0.999896
vn 0.000000 0.014429 0.999896
vn 0.000000 0.014429 0.999896
vn 0.000000 0.014429 0.999896
vn 0.000000 0.999895 -0.014475
vn 0.000000 0.999895 -0.014475
vn 0.000000 0.999895 -0.014475
vn 0.000000 0.999895 -0.014475
vn 0.000000 -0.014429 -0.999896
vn 0.000000 -0.014429 -0.999896
vn 0.000000 -0.014429 -0.999896
vn 0.000000 -0.014429 -0.999896
vn 1.000000 0.000009 0.000000
vn 1.000000 0.000009 0.000000
vn 1.000000 0.000009 0.000000
vn 1.000000 0.000009 0.000000
vn -1.000000 -0.000004 0.000000
vn -1.000000 -0.000004 0.000000
vn -1.000000 -0.000004 0.000000
vn -1.000000 -0.000004 0.000000
s off
g group1 pCube8
usemtl lambert2SG
f 606/751/973 607/741/974 609/742/975 608/743/976
f 608/743/977 609/742/978 611/744/979 610/745/980
f 610/745/981 611/744/982 613/748/983 612/747/984
f 607/750/985 613/746/986 611/744/987 609/742/988
f 612/749/989 606/740/990 608/743/991 610/745/992
g default
v -77.376465 8.644165 -38.849854
v 79.291512 8.644165 -38.849854
v -77.376221 59.455315 -38.849854
v 79.291550 59.455315 -38.849854
v 79.291512 8.644165 -36.732666
v 79.291550 59.455315 -36.732422
v -77.376465 8.644165 -36.732910
v -77.376221 59.455315 -36.732910
vt 0.819534 0.500001
vt 0.819551 0.621788
vt 0.819599 0.997314
vt 0.819486 0.124481
vt 0.824674 0.997314
vt 0.571510 0.003777
vt 0.824625 0.621788
vt 0.824608 0.500000
vt 0.574860 0.379280
vt 0.824561 0.124481
vt 0.696646 0.378189
vt 0.824545 0.002686
vt 0.693296 0.002686
vt 0.319504 0.753756
vt 0.819470 0.002686
vt 0.319489 0.631964
vt 0.695007 0.631908
vt 0.695030 0.753698
vn 0.000001 0.000000 -1.000000
vn 0.000001 0.000000 -1.000000
vn 0.000001 0.000000 -1.000000
vn 0.000001 0.000000 -1.000000
vn 1.000000 -0.000001 -0.000005
vn 1.000000 -0.000001 -0.000005
vn 1.000000 -0.000001 -0.000005
vn 1.000000 -0.000001 -0.000005
vn -0.000002 -0.000000 1.000000
vn -0.000002 -0.000000 1.000000
vn -0.000002 -0.000000 1.000000
vn -0.000002 -0.000000 1.000000
vn -1.000000 0.000000 0.000004
vn -1.000000 0.000001 -0.000006
vn -1.000000 0.000001 -0.000015
vn -1.000000 0.000001 -0.000006
vn -0.000000 1.000000 0.000000
vn -0.000000 1.000000 0.000000
vn -0.000000 1.000000 0.000000
vn -0.000000 1.000000 0.000000
vn 0.000000 -1.000000 0.000000
vn 0.000000 -1.000000 0.000000
vn 0.000000 -1.000000 0.000000
vn 0.000000 -1.000000 0.000000
s off
g Paredes CubeFBXASC032FBXASC04065FBXASC041
usemtl lambert5SG
f 614/768/993 616/769/994 617/765/995 615/767/996
f 615/755/997 617/766/998 619/763/999 618/761/1000
f 618/757/1001 619/764/1002 621/762/1003 620/760/1004
f 620/759/1005 621/758/1006 616/753/1007 614/752/1008
f 616/753/1009 621/758/1010 619/756/1011 617/754/1012
f 620/759/1013 614/752/1014 615/755/1015 618/761/1016
g default
v -53.501976 138.840179 -9.961483
v 53.725533 138.840179 -9.961483
v -53.501976 140.335587 -9.961483
v 53.725533 140.335587 -9.961483
v -53.501976 140.335587 -13.732697
v 53.725533 140.335587 -13.732697
v -53.501976 138.840179 -13.732697
v 53.725533 138.840179 -13.732697
v -53.193302 138.840179 -13.332697
v 53.416866 138.840179 -13.332697
v 53.416866 138.840179 -10.361484
v -53.193302 138.840179 -10.361484
v -53.193302 139.078232 -13.332697
v 53.416866 139.078232 -13.332697
v 53.416866 139.078232 -10.361484
v -53.193302 139.078232 -10.361484
vt 0.681152 0.671138
vt 0.014793 0.671051
vt 0.005436 0.671305
vt 0.681133 0.661778
vt 0.690456 0.696963
vt 0.014763 0.706490
vt 0.014744 0.697129
vt 0.681103 0.697216
vt 0.678368 0.693460
vt 0.017452 0.693322
vt 0.017529 0.674807
vt 0.678448 0.674945
vt 0.016766 0.694632
vt 0.679146 0.694716
vt 0.016750 0.673551
vt 0.679131 0.673635
vt 0.005375 0.696791
vt 0.681126 0.706576
vt 0.014771 0.661691
vt 0.690517 0.671477
vn 0.000000 0.000000 1.000000
vn 0.000000 0.000000 1.000000
vn 0.000000 0.000000 1.000000
vn 0.000000 0.000000 1.000000
vn 0.000000 0.000000 -1.000000
vn 0.000000 0.000000 -1.000000
vn 0.000000 0.000000 -1.000000
vn 0.000000 0.000000 -1.000000
vn 0.000000 -1.000000 0.000000
vn 0.000000 -1.000000 0.000000
vn 0.000000 -1.000000 0.000000
vn 0.000000 -1.000000 0.000000
vn 1.000000 0.000000 0.000000
vn 1.000000 0.000000 0.000000
vn 1.000000 0.000000 0.000000
vn 1.000000 0.000000 0.000000
vn -1.000000 0.000000 0.000000
vn -1.000000 0.000000 0.000000
vn -1.000000 0.000000 0.000000
vn -1.000000 0.000000 0.000000
vn 0.000000 -1.000000 0.000020
vn 0.000000 -1.000000 0.000020
vn 0.000000 -1.000000 0.000020
vn 0.000000 -1.000000 0.000020
vn 0.000000 -1.000000 -0.000018
vn 0.000000 -1.000000 -0.000018
vn 0.000000 -1.000000 -0.000018
vn 0.000000 -1.000000 -0.000018
vn 0.000000 0.000000 1.000000
vn 0.000000 0.000000 1.000000
vn 0.000000 0.000000 1.000000
vn 0.000000 0.000000 1.000000
vn -1.000000 0.000000 0.000000
vn -1.000000 0.000000 0.000000
vn -1.000000 0.000000 0.000000
vn -1.000000 0.000000 0.000000
vn 0.000000 0.000000 -1.000000
vn 0.000000 0.000000 -1.000000
vn 0.000000 0.000000 -1.000000
vn 0.000000 0.000000 -1.000000
vn 1.000000 0.000000 0.000000
vn 1.000000 0.000000 0.000000
vn 1.000000 0.000000 0.000000
vn 1.000000 0.000000 0.000000
s off
g group1 Luz_techo pCube39
usemtl lambert2SG
f 622/770/1017 623/771/1018 625/788/1019 624/773/1020
f 626/787/1021 627/775/1022 629/776/1023 628/777/1024
f 634/778/1025 635/779/1026 636/780/1027 637/781/1028
f 623/771/1029 629/776/1030 627/786/1031 625/772/1032
f 628/777/1033 622/770/1034 624/789/1035 626/774/1036
s 1
f 628/777/1037 629/776/1038 631/782/1039 630/783/1040
f 629/776/1038 623/771/1041 632/784/1042 631/782/1039
f 623/771/1041 622/770/1043 633/785/1044 632/784/1042
f 622/770/1043 628/777/1037 630/783/1040 633/785/1044
s off
f 630/783/1045 631/782/1046 635/779/1047 634/778/1048
f 631/782/1049 632/784/1050 636/780/1051 635/779/1052
f 632/784/1053 633/785/1054 637/781/1055 636/780/1056
f 633/785/1057 630/783/1058 634/778/1059 637/781/1060
g default
v -76.715958 20.141136 69.292999
v -76.171066 20.141136 69.292999
v -76.715958 33.632431 69.292999
v -76.171066 33.632431 69.292999
v -76.715958 33.632431 52.217892
v -76.171066 33.632431 52.217892
v -76.715958 20.141136 52.217892
v -76.171066 20.141136 52.217892
vt 0.474629 0.477039
vt 0.478010 0.477040
vt 0.478004 0.560718
vt 0.478004 0.564097
vt 0.583910 0.560725
vt 0.587290 0.560725
vt 0.583916 0.477047
vt 0.583917 0.473668
vt 0.587296 0.477047
vt 0.583910 0.564105
vt 0.474624 0.560718
vt 0.478010 0.473660
vn 0.000000 0.000000 1.000000
vn 0.000000 0.000000 1.000000
vn 0.000000 0.000000 1.000000
vn 0.000000 0.000000 1.000000
vn 0.000000 1.000000 0.000000
vn 0.000000 1.000000 0.000000
vn 0.000000 1.000000 0.000000
vn 0.000000 1.000000 0.000000
vn 0.000000 0.000000 -1.000000
vn 0.000000 0.000000 -1.000000
vn 0.000000 0.000000 -1.000000
vn 0.000000 0.000000 -1.000000
vn 0.000000 -1.000000 0.000000
vn 0.000000 -1.000000 0.000000
vn 0.000000 -1.000000 0.000000
vn 0.000000 -1.000000 0.000000
vn 1.000000 0.000000 0.000000
vn 1.000000 0.000000 0.000000
vn 1.000000 0.000000 0.000000
vn 1.000000 0.000000 0.000000
s off
g group1 Pantallas pCube22
usemtl lambert2SG
f 638/790/1061 639/791/1062 641/792/1063 640/800/1064
f 640/793/1065 641/792/1066 643/794/1067 642/799/1068
f 642/795/1069 643/794/1070 645/796/1071 644/798/1072
f 644/797/1073 645/796/1074 639/791/1075 638/801/1076
f 639/791/1077 645/796/1078 643/794/1079 641/792/1080
g default
v 34.027824 25.239246 74.566490
v 54.014458 25.239246 74.566490
v 34.027824 38.089687 74.566490
v 54.014458 38.089687 74.566490
v 34.027824 38.089687 74.132530
v 54.014458 38.089687 74.132530
v 34.027824 25.239246 74.132530
v 54.014458 25.239246 74.132530
vt 0.087776 0.434249
vt 0.087771 0.558214
vt 0.008077 0.304897
vt 0.008073 0.434247
vt 0.008077 0.307590
vt 0.008073 0.431555
vt 0.087780 0.307592
vt 0.087776 0.431558
vt 0.008068 0.558212
vt 0.005376 0.558210
vt 0.087780 0.304901
vt 0.005381 0.434246
vn 0.000000 0.000000 1.000000
vn 0.000000 0.000000 1.000000
vn 0.000000 0.000000 1.000000
vn 0.000000 0.000000 1.000000
vn 0.000000 1.000000 0.000000
vn 0.000000 1.000000 0.000000
vn 0.000000 1.000000 0.000000
vn 0.000000 1.000000 0.000000
vn 0.000000 0.000000 -1.000000
vn 0.000000 0.000000 -1.000000
vn 0.000000 0.000000 -1.000000
vn 0.000000 0.000000 -1.000000
vn 1.000000 0.000000 0.000000
vn 1.000000 0.000000 0.000000
vn 1.000000 0.000000 0.000000
vn 1.000000 0.000000 0.000000
vn -1.000000 0.000000 0.000000
vn -1.000000 0.000000 0.000000
vn -1.000000 0.000000 0.000000
vn -1.000000 0.000000 0.000000
s off
g group1 Monitor pCube3
usemtl lambert2SG
f 646/802/1081 647/803/1082 649/810/1083 648/805/1084
f 648/805/1085 649/810/1086 651/811/1087 650/813/1088
f 650/807/1089 651/806/1090 653/808/1091 652/809/1092
f 647/812/1093 653/808/1094 651/806/1095 649/804/1096
f 652/809/1097 646/802/1098 648/805/1099 650/807/1100
g default
v -77.376465 8.644165 -36.732910
v -77.376465 8.644165 81.826660
v -77.376465 59.455315 -36.732910
v -77.376465 59.455315 81.826691
v -79.493652 8.644165 81.826660
v -79.493652 59.455315 81.826660
v -79.493408 8.644165 -36.732910
v -79.493408 59.455315 -36.732910
vt 0.827605 0.692833
vt 0.827600 0.814636
vt 0.827622 0.286865
vt 0.827617 0.408657
vt 0.832696 0.286865
vt 0.819393 0.286865
vt 0.832709 0.002686
vt 0.832679 0.692833
vt 0.819351 0.286919
vt 0.697523 0.571079
vt 0.697559 0.286900
vt 0.819313 0.002689
vt 0.832691 0.408658
vt 0.697603 0.286900
vt 0.697523 0.002724
vt 0.819313 0.571095
vt 0.832675 0.814636
vt 0.827635 0.002686
vn 1.000000 0.000000 0.000001
vn 1.000000 -0.000000 0.000001
vn 1.000000 -0.000001 0.000000
vn 1.000000 -0.000000 0.000001
vn -0.000002 -0.000000 1.000000
vn -0.000002 -0.000000 1.000000
vn -0.000002 -0.000000 1.000000
vn -0.000002 -0.000000 1.000000
vn -1.000000 0.000001 -0.000001
vn -1.000000 0.000000 -0.000001
vn -1.000000 -0.000000 -0.000001
vn -1.000000 0.000000 -0.000001
vn -0.000004 -0.000000 -1.000000
vn -0.000002 -0.000000 -1.000000
vn 0.000000 -0.000000 -1.000000
vn -0.000002 -0.000000 -1.000000
vn -0.000000 1.000000 0.000000
vn -0.000000 1.000000 0.000000
vn -0.000000 1.000000 0.000000
vn -0.000000 1.000000 0.000000
vn 0.000000 -1.000000 0.000000
vn 0.000000 -1.000000 0.000000
vn 0.000000 -1.000000 0.000000
vn 0.000000 -1.000000 0.000000
s off
g Paredes CubeFBXASC032FBXASC04066FBXASC041
usemtl lambert5SG
f 654/824/1101 656/822/1102 657/829/1103 655/823/1104
f 655/817/1105 657/816/1106 659/818/1107 658/826/1108
f 658/819/1109 659/827/1110 661/828/1111 660/825/1112
f 660/821/1113 661/830/1114 656/815/1115 654/814/1116
f 656/831/1117 661/820/1118 659/818/1119 657/816/1120
f 660/821/1121 654/814/1122 655/817/1123 658/826/1124
g default
v 34.027824 25.239246 74.566490
v 54.014458 25.239246 74.566490
v 34.027824 38.089687 74.566490
v 54.014458 38.089687 74.566490
v 34.027824 38.089687 74.132530
v 54.014458 38.089687 74.132530
v 34.027824 25.239246 74.132530
v 54.014458 25.239246 74.132530
vt 0.798351 0.728551
vt 0.798346 0.852516
vt 0.718652 0.599199
vt 0.718647 0.728548
vt 0.718652 0.601892
vt 0.718647 0.725856
vt 0.798355 0.601894
vt 0.798351 0.725859
vt 0.718643 0.852512
vt 0.715951 0.852512
vt 0.798356 0.599203
vt 0.715956 0.728548
vn 0.000000 0.000000 1.000000
vn 0.000000 0.000000 1.000000
vn 0.000000 0.000000 1.000000
vn 0.000000 0.000000 1.000000
vn 0.000000 1.000000 0.000000
vn 0.000000 1.000000 0.000000
vn 0.000000 1.000000 0.000000
vn 0.000000 1.000000 0.000000
vn 0.000000 0.000000 -1.000000
vn 0.000000 0.000000 -1.000000
vn 0.000000 0.000000 -1.000000
vn 0.000000 0.000000 -1.000000
vn 1.000000 0.000000 0.000000
vn 1.000000 0.000000 0.000000
vn 1.000000 0.000000 0.000000
vn 1.000000 0.000000 0.000000
vn -1.000000 0.000000 0.000000
vn -1.000000 0.000000 0.000000
vn -1.000000 0.000000 0.000000
vn -1.000000 0.000000 0.000000
s off
g group1 Monitor pCube38
usemtl lambert2SG
f 662/832/1125 663/833/1126 665/840/1127 664/835/1128
f 664/835/1129 665/840/1130 667/841/1131 666/843/1132
f 666/837/1133 667/836/1134 669/838/1135 668/839/1136
f 663/842/1137 669/838/1138 667/836/1139 665/834/1140
f 668/839/1141 662/832/1142 664/835/1143 666/837/1144
g default
v 56.882149 22.935251 78.505753
v 60.717438 22.935251 75.835976
v 52.843266 22.935251 72.703659
v 56.678555 22.935251 70.033882
vt 0.809803 0.109073
vt 0.809801 0.080089
vt 0.853648 0.080085
vt 0.853651 0.109069
vn 0.000000 1.000000 0.000000
vn 0.000000 1.000000 0.000000
vn 0.000000 1.000000 0.000000
vn 0.000000 1.000000 0.000000
s off
g group1 Accesorios_escritorio pPlane2
usemtl lambert2SG
f 670/844/1145 671/845/1146 673/846/1147 672/847/1148
g default
v 67.520859 8.671146 81.170486
v 67.520859 22.461815 81.170486
v 67.993988 22.461815 81.170486
v 67.520859 22.461815 59.934612
v 67.993988 22.461815 59.934612
v 67.520859 8.671146 59.934612
v 67.993988 8.671146 59.934612
v 67.993988 8.671146 81.171272
v 67.520859 22.461815 60.480705
v 67.520859 9.303419 60.480705
v 67.993988 9.303419 60.480705
v 67.993988 22.461815 60.480705
v 67.520859 22.461815 80.624390
v 67.520859 9.303419 80.624390
v 67.993988 9.303419 80.624390
v 67.993988 22.461815 80.624390
vt 0.935940 0.060091
vt 0.924909 0.060091
vt 0.924909 0.251218
vt 0.928764 0.251218
vt 0.928764 0.328451
vt 0.924909 0.328451
vt 0.932124 0.251218
vt 0.935940 0.251218
vt 0.935940 0.328451
vt 0.932124 0.328451
vt 0.924909 0.141502
vt 0.921527 0.141502
vt 0.932124 0.141502
vt 0.932124 0.060091
vt 0.928764 0.141502
vt 0.928764 0.060091
vt 0.921527 0.060091
vt 0.935940 0.141502
vn 0.000000 0.000000 -1.000000
vn 0.000000 0.000000 -1.000000
vn 0.000000 0.000000 -1.000000
vn 0.000000 0.000000 -1.000000
vn 1.000000 0.000000 0.000000
vn 1.000000 0.000000 0.000000
vn 1.000000 0.000000 0.000000
vn 1.000000 0.000000 0.000000
vn -1.000000 -0.000001 0.000000
vn -1.000000 -0.000001 0.000000
vn -1.000000 0.000000 0.000000
vn -1.000000 0.000000 0.000000
vn -1.000000 -0.000001 0.000000
vn -1.000000 0.000000 0.000000
vn -1.000000 0.000000 0.000000
vn -1.000000 -0.000001 0.000000
vn 1.000000 0.000006 0.000000
vn 1.000000 0.000000 0.000000
vn 1.000000 0.000000 0.000000
vn 1.000000 0.000006 0.000000
vn 1.000000 0.000009 0.000000
vn 1.000000 0.000009 0.000000
vn 0.000000 1.000000 0.000000
vn 0.000000 1.000000 0.000000
vn 0.000000 1.000000 0.000000
vn 0.000000 1.000000 0.000000
vn 0.000000 0.000000 1.000000
vn 0.000000 0.000000 1.000000
vn 0.000000 0.000000 1.000000
vn 0.000000 0.000000 1.000000
vn 0.000000 0.000000 -1.000000
vn 0.000000 0.000000 -1.000000
vn 0.000000 0.000000 -1.000000
vn 0.000000 0.000000 -1.000000
s off
g group1 pCube2 Escritorio
usemtl lambert2SG
f 679/859/1149 677/864/1150 678/849/1151 680/858/1152
f 681/850/1153 688/851/1154 689/852/1155 676/853/1156
s 1
f 687/854/1157 674/855/1158 675/856/1159 686/857/1160
f 683/860/1161 682/861/1162 677/848/1163 679/865/1164
s 2
f 680/858/1165 678/849/1166 685/863/1167 684/862/1168
s 1
f 679/865/1164 674/855/1158 687/854/1157 683/860/1161
s 2
f 688/851/1169 681/850/1170 680/858/1165 684/862/1168
s off
f 683/860/1171 687/854/1172 688/851/1173 684/862/1174
f 682/861/1175 683/860/1176 684/862/1177 685/863/1178
f 687/854/1179 686/857/1180 689/852/1181 688/851/1182
g default
v 39.157269 23.042833 69.232666
v 41.730270 23.042833 69.232666
v 39.157269 23.175537 69.230743
v 41.730270 23.175537 69.230743
v 39.157269 23.167650 68.685989
v 41.730270 23.167650 68.685989
v 39.157269 23.034946 68.687904
v 41.730270 23.034946 68.687904
vt 0.390493 0.056413
vt 0.367829 0.056412
vt 0.367792 0.057505
vt 0.390457 0.057505
vt 0.367330 0.055956
vt 0.390013 0.055956
vt 0.367367 0.054862
vt 0.390049 0.054864
vn 0.000000 0.014486 0.999895
vn 0.000000 0.014486 0.999895
vn 0.000000 0.014486 0.999895
vn 0.000000 0.014486 0.999895
vn 0.000000 0.999895 -0.014475
vn 0.000000 0.999895 -0.014475
vn 0.000000 0.999895 -0.014475
vn 0.000000 0.999895 -0.014475
vn 0.000000 -0.014429 -0.999896
vn 0.000000 -0.014429 -0.999896
vn 0.000000 -0.014429 -0.999896
vn 0.000000 -0.014429 -0.999896
vn 1.000000 -0.000003 0.000000
vn 1.000000 -0.000003 0.000000
vn 1.000000 -0.000003 0.000000
vn 1.000000 -0.000003 0.000000
vn -1.000000 0.000003 0.000000
vn -1.000000 0.000003 0.000000
vn -1.000000 0.000003 0.000000
vn -1.000000 0.000003 0.000000
s off
g group1 pCube11
usemtl lambert2SG
f 690/866/1183 691/867/1184 693/868/1185 692/869/1186
f 692/869/1187 693/868/1188 695/870/1189 694/871/1190
f 694/871/1191 695/870/1192 697/872/1193 696/873/1194
f 691/867/1195 697/872/1196 695/870/1197 693/868/1198
f 696/873/1199 690/866/1200 692/869/1201 694/871/1202
g default
v -52.538963 147.846786 -11.561237
v 52.538963 147.846786 -11.561237
v -52.538963 148.133682 -11.561237
v 52.538963 148.133682 -11.561237
v -52.538963 148.133682 -12.681037
v 52.538963 148.133682 -12.681037
v -52.538963 147.846786 -12.681037
v 52.538963 147.846786 -12.681037
vt 0.994110 0.910526
vt 0.006958 0.911522
vt 0.006805 0.914223
vt 0.994118 0.913185
vt 0.994621 0.911619
vt 0.005379 0.912635
vt 0.005524 0.909928
vt 0.994614 0.908956
vn 0.000000 0.000000 1.000000
vn 0.000000 0.000000 1.000000
vn 0.000000 0.000000 1.000000
vn 0.000000 0.000000 1.000000
vn 0.000000 0.000000 -1.000000
vn 0.000000 0.000000 -1.000000
vn 0.000000 0.000000 -1.000000
vn 0.000000 0.000000 -1.000000
vn 0.000000 -1.000000 0.000000
vn 0.000000 -1.000000 0.000000
vn 0.000000 -1.000000 0.000000
vn 0.000000 -1.000000 0.000000
vn 1.000000 0.000000 0.000000
vn 1.000000 0.000000 0.000000
vn 1.000000 0.000000 0.000000
vn 1.000000 0.000000 0.000000
vn -1.000000 0.000000 0.000000
vn -1.000000 0.000000 0.000000
vn -1.000000 0.000000 0.000000
vn -1.000000 0.000000 0.000000
s off
g group1 Luz_techo pCube31
usemtl lambert2SG
f 698/874/1203 699/875/1204 701/876/1205 700/877/1206
f 702/878/1207 703/879/1208 705/880/1209 704/881/1210
f 704/881/1211 705/880/1212 699/875/1213 698/874/1214
f 699/875/1215 705/880/1216 703/879/1217 701/876/1218
f 704/881/1219 698/874/1220 700/877/1221 702/878/1222
g default
v 34.695950 26.353680 74.724396
v 53.346336 26.353680 74.724396
v 34.695950 36.975254 74.724396
v 53.346336 36.975254 74.724396
v 34.695950 36.975254 74.532440
v 53.346336 36.975254 74.532440
v 34.695950 26.353680 74.532440
v 53.346336 26.353680 74.532440
v 48.683739 36.975254 75.046074
v 48.683739 36.975254 74.532440
v 48.683739 26.353680 75.046074
v 44.021141 36.975254 75.287521
v 44.021141 36.975254 74.532440
v 44.021141 26.353680 75.287521
v 39.358547 36.975254 75.046074
v 39.358547 36.975254 74.532440
v 39.358547 26.353680 75.046074
vt 0.440063 0.217844
vt 0.469078 0.217440
vt 0.469737 0.283413
vt 0.440780 0.283853
vt 0.469618 0.286596
vt 0.440722 0.285042
vt 0.556330 0.217309
vt 0.557520 0.217312
vt 0.557496 0.283250
vt 0.556305 0.283247
vt 0.438872 0.217859
vt 0.527344 0.283091
vt 0.527497 0.286272
vt 0.527313 0.217227
vt 0.498498 0.282900
vt 0.498526 0.287576
vt 0.498240 0.217206
vt 0.556376 0.284436
vt 0.439590 0.283868
vn -0.068828 0.000000 0.997629
vn -0.060278 0.000000 0.998182
vn -0.060278 0.000000 0.998182
vn -0.068828 0.000000 0.997629
vn 0.000000 1.000000 0.000000
vn 0.000000 1.000000 0.000000
vn 0.000000 1.000000 0.000000
vn 0.000000 1.000000 0.000000
vn 1.000000 0.000000 0.000000
vn 1.000000 0.000000 0.000000
vn 1.000000 0.000000 0.000000
vn 1.000000 0.000000 0.000000
vn -1.000000 0.000000 0.000000
vn -1.000000 0.000000 0.000000
vn -1.000000 0.000000 0.000000
vn -1.000000 0.000000 0.000000
vn 0.000000 1.000000 0.000000
vn 0.000000 1.000000 0.000000
vn 0.000000 1.000000 0.000000
vn 0.000000 1.000000 0.000000
vn 0.060278 0.000000 0.998182
vn 0.060278 0.000000 0.998182
vn 0.068828 0.000000 0.997629
vn 0.068828 0.000000 0.997629
vn 0.000000 1.000000 0.000000
vn 0.000000 1.000000 0.000000
vn -0.000000 0.000000 1.000000
vn -0.000000 0.000000 1.000000
s 1
g group1 Monitor pCube4
usemtl lambert2SG
f 706/882/1223 722/883/1224 720/884/1225 708/885/1226
s 2
f 708/885/1227 720/884/1228 721/886/1229 710/887/1230
s off
f 707/888/1231 713/889/1232 711/890/1233 709/891/1234
f 712/892/1235 706/882/1236 708/885/1237 710/900/1238
s 2
f 714/893/1239 709/891/1240 711/899/1241 715/894/1242
s 1
f 714/893/1243 716/895/1244 707/888/1245 709/891/1246
s 2
f 717/896/1247 714/893/1239 715/894/1242 718/897/1248
s 1
f 717/896/1249 719/898/1250 716/895/1244 714/893/1243
s 2
f 720/884/1228 717/896/1247 718/897/1248 721/886/1229
s 1
f 720/884/1225 722/883/1224 719/898/1250 717/896/1249
g default
v -49.794750 147.492889 -12.207543
v -49.912857 147.492889 -12.234500
v -50.007576 147.492889 -12.158967
v -50.007576 147.492889 -12.037820
v -49.912857 147.492889 -11.962287
v -49.794750 147.492889 -11.989244
v -49.742184 147.492889 -12.098393
v -49.885792 147.455750 -12.098393
v -49.934826 147.560303 -12.313227
v -49.748402 147.560303 -12.270676
v -49.665436 147.560303 -12.098393
v -49.748402 147.560303 -11.926111
v -49.934826 147.560303 -11.883560
v -50.084328 147.560303 -12.002784
v -50.084328 147.560303 -12.194003
v -49.748402 147.664337 -11.926111
v -49.934826 147.664337 -11.883560
v -50.084328 147.664337 -12.002784
v -50.084328 147.664337 -12.194003
v -49.934826 147.664337 -12.313227
v -49.748402 147.664337 -12.270676
v -49.665436 147.664337 -12.098393
v -49.740925 147.663162 -11.915930
v -49.938370 147.663162 -11.870864
v -49.740925 147.705093 -11.915930
v -49.938370 147.705093 -11.870864
v -50.096703 147.663162 -11.997133
v -50.096703 147.705093 -11.997133
v -50.096703 147.663162 -12.199654
v -50.096703 147.705093 -12.199654
v -49.938366 147.663162 -12.325922
v -49.938366 147.705093 -12.325922
v -49.740925 147.663162 -12.280857
v -49.740925 147.705093 -12.280857
v -49.653057 147.663162 -12.098393
v -49.653057 147.705093 -12.098393
vt 0.622102 0.006187
vt 0.622701 0.006666
vt 0.332647 0.036825
vt 0.333702 0.036825
vt 0.623450 0.006495
vt 0.331615 0.036825
vt 0.623783 0.005804
vt 0.337947 0.036825
vt 0.623450 0.005112
vt 0.336893 0.036825
vt 0.622702 0.004942
vt 0.335826 0.036825
vt 0.622102 0.005420
vt 0.334764 0.036825
vt 0.622920 0.005814
vt 0.028980 0.005282
vt 0.030216 0.005282
vt 0.031450 0.005282
vt 0.032683 0.005282
vt 0.033918 0.005282
vt 0.035155 0.005282
vt 0.036410 0.005282
vt 0.033918 0.005207
vt 0.032683 0.005207
vt 0.032683 0.004947
vt 0.033918 0.004947
vt 0.035155 0.005207
vt 0.035155 0.004947
vt 0.027721 0.005207
vt 0.036410 0.004947
vt 0.028980 0.005207
vt 0.028980 0.004947
vt 0.030216 0.005207
vt 0.030216 0.004947
vt 0.031450 0.005207
vt 0.031450 0.004947
vt 0.036410 0.005207
vt 0.027721 0.004947
vt 0.338969 0.036221
vt 0.331615 0.036221
vt 0.027721 0.005282
vt 0.334764 0.036221
vt 0.335826 0.036221
vt 0.333702 0.036221
vt 0.332647 0.036221
vt 0.337947 0.036221
vt 0.336893 0.036221
vt 0.338969 0.036825
vt 0.331615 0.037517
vt 0.338969 0.037517
vt 0.334764 0.037517
vt 0.333702 0.037517
vt 0.335826 0.037517
vt 0.336893 0.037517
vt 0.337947 0.037517
vt 0.332647 0.037517
vn 0.355265 -0.825405 -0.438742
vn -0.118714 -0.831253 -0.543070
vn -0.213407 -0.334550 -0.917896
vn 0.587597 -0.323127 -0.741835
vn -0.493585 -0.835870 -0.240197
vn -0.846906 -0.343378 -0.406008
vn -0.493583 -0.835875 0.240187
vn -0.846904 -0.343380 0.406009
vn -0.118710 -0.831257 0.543066
vn -0.213402 -0.334554 0.917896
vn 0.355262 -0.825400 0.438753
vn 0.587592 -0.323129 0.741838
vn 0.568399 -0.822753 0.000010
vn 0.948130 -0.317882 0.000006
vn -0.003800 -0.999993 -0.000010
vn -0.222530 0.000000 -0.974926
vn 0.623496 0.000000 -0.781826
vn 1.000000 0.000000 0.000000
vn 0.623494 0.000000 0.781828
vn -0.222527 0.000000 0.974927
vn -0.900977 0.000000 0.433867
vn -0.900978 0.000000 -0.433866
vn -0.222503 0.000000 0.974932
vn 0.623479 0.000000 0.781840
vn 0.623479 0.000000 0.781840
vn -0.222503 0.000000 0.974932
vn -0.900963 0.000000 0.433897
vn -0.900963 0.000000 0.433897
vn -0.900962 0.000000 -0.433897
vn -0.900962 0.000000 -0.433897
vn -0.222532 0.000000 -0.974925
vn -0.222532 0.000000 -0.974925
vn 0.623537 0.000000 -0.781794
vn 0.623537 0.000000 -0.781794
vn 1.000000 0.000000 0.000000
vn 1.000000 0.000000 0.000000
vn 0.018804 -0.996015 -0.087178
vn -0.058502 -0.995676 -0.072155
vn -0.056529 -0.995685 -0.073594
vn 0.021523 -0.996025 -0.086435
vn 0.077342 -0.996282 -0.037956
vn 0.077828 -0.996284 -0.036886
vn 0.077348 -0.996302 0.037411
vn 0.077834 -0.996303 0.036355
vn 0.018810 -0.996074 0.086508
vn 0.021515 -0.996085 0.085743
vn -0.058502 -0.995693 0.071917
vn -0.056529 -0.995703 0.073355
vn -0.094503 -0.995525 -0.000108
vn -0.094503 -0.995525 -0.000108
s 1
g group1 Luz_techo pCylinder4
usemtl lambert2SG
f 723/952/1251 724/956/1252 731/903/1253 732/904/1254
f 724/956/1252 725/949/1255 737/906/1256 731/903/1253
f 725/950/1255 726/955/1257 736/908/1258 737/948/1256
f 726/955/1257 727/954/1259 735/910/1260 736/908/1258
f 727/954/1259 728/953/1261 734/912/1262 735/910/1260
f 728/953/1261 729/951/1263 733/914/1264 734/912/1262
f 729/951/1263 723/952/1251 732/904/1254 733/914/1264
f 724/902/1252 723/901/1251 730/915/1265
f 725/905/1255 724/902/1252 730/915/1265
f 726/907/1257 725/905/1255 730/915/1265
f 727/909/1259 726/907/1257 730/915/1265
f 728/911/1261 727/909/1259 730/915/1265
f 729/913/1263 728/911/1261 730/915/1265
f 723/901/1251 729/913/1263 730/915/1265
f 732/904/1254 731/903/1253 742/945/1266 743/944/1267
f 733/914/1264 732/904/1254 743/944/1267 744/942/1268
f 734/912/1262 733/914/1264 744/942/1268 738/943/1269
f 735/910/1260 734/912/1262 738/943/1269 739/947/1270
f 736/908/1258 735/910/1260 739/947/1270 740/946/1271
f 737/948/1256 736/908/1258 740/946/1271 741/939/1272
f 731/903/1253 737/906/1256 741/940/1272 742/945/1266
s 2
f 746/923/1273 745/924/1274 747/925/1275 748/926/1276
f 749/927/1277 746/923/1273 748/926/1276 750/928/1278
f 751/937/1279 749/927/1277 750/928/1278 752/930/1280
f 753/931/1281 751/929/1279 752/938/1280 754/932/1282
f 755/933/1283 753/931/1281 754/932/1282 756/934/1284
f 757/935/1285 755/933/1283 756/934/1284 758/936/1286
f 745/924/1274 757/935/1285 758/936/1286 747/925/1275
s 3
f 739/920/1287 738/919/1288 745/924/1289 746/923/1290
f 740/921/1291 739/920/1287 746/923/1290 749/927/1292
f 741/922/1293 740/921/1291 749/927/1292 751/937/1294
f 742/916/1295 741/941/1293 751/929/1294 753/931/1296
f 743/917/1297 742/916/1295 753/931/1296 755/933/1298
f 744/918/1299 743/917/1297 755/933/1298 757/935/1300
f 738/919/1288 744/918/1299 757/935/1300 745/924/1289
g default
v -75.236969 30.119349 79.252846
v -75.031494 30.112717 79.198662
v -74.848320 30.096704 79.305382
v -74.794746 30.080692 79.510498
v -74.902161 30.074060 79.693863
v -75.107635 30.080692 79.748039
v -75.290810 30.096704 79.641312
v -75.344383 30.112717 79.436195
v -75.309212 28.167961 79.126495
v -75.103546 28.166500 79.072647
v -74.920204 28.155222 79.179688
v -74.866570 28.140738 79.384903
v -74.974083 28.131529 79.568085
v -75.179741 28.132990 79.621933
v -75.363091 28.144266 79.514908
v -75.416718 28.158752 79.309692
v -75.327614 26.214542 79.001747
v -75.121895 26.219152 78.948288
v -74.938492 26.213436 79.055672
v -74.884850 26.200743 79.261009
v -74.992378 26.188507 79.444000
v -75.198105 26.183897 79.497459
v -75.381500 26.189613 79.390068
v -75.435143 26.202307 79.184738
v -75.282204 24.259661 78.878929
v -75.076653 24.271519 78.825928
v -74.893410 24.272438 78.933731
v -74.839821 24.261881 79.139198
v -74.947266 24.246031 79.321960
v -75.152817 24.234173 79.374962
v -75.336052 24.233252 79.267159
v -75.389648 24.243811 79.061691
v -75.159897 22.307697 78.758720
v -74.954910 22.328362 78.706261
v -74.772179 22.337343 78.814560
v -74.718750 22.329380 79.020187
v -74.825920 22.309137 79.202682
v -75.030907 22.288471 79.255142
v -75.213638 22.279490 79.146843
v -75.267067 22.287453 78.941216
v -74.942924 20.361792 78.641861
v -74.739159 20.393394 78.590050
v -74.557564 20.412388 78.698952
v -74.504494 20.407642 78.904778
v -74.611046 20.381941 79.086937
v -74.814804 20.350336 79.138748
v -74.996407 20.331343 79.029846
v -75.049477 20.336088 78.824028
v -74.606598 18.429960 78.529587
v -74.405281 18.475479 78.478592
v -74.225922 18.507204 78.588226
v -74.173576 18.506548 78.794289
v -74.278908 18.473896 78.976051
v -74.480217 18.428377 79.027046
v -74.659584 18.396652 78.917412
v -74.711937 18.397308 78.711349
v -74.115982 16.527250 78.423882
v -73.919388 16.590897 78.373886
v -73.744339 16.639196 78.484444
v -73.693367 16.643856 78.690796
v -73.796349 16.602148 78.872055
v -73.992943 16.538504 78.922050
v -74.167992 16.490204 78.811493
v -74.218956 16.485542 78.605141
v -73.421700 14.683413 78.328003
v -73.234207 14.770993 78.279259
v -73.067474 14.841170 78.390953
v -73.019180 14.852835 78.597664
v -73.117599 14.799154 78.778305
v -73.305092 14.711573 78.827065
v -73.471817 14.641396 78.715355
v -73.520119 14.629731 78.508644
v -72.457718 12.955370 78.247299
v -72.287651 13.073851 78.199989
v -72.136833 13.172244 78.312996
v -72.093605 13.192913 78.520126
v -72.183304 13.123749 78.700050
v -72.353371 13.005269 78.747360
v -72.504189 12.906876 78.634354
v -72.547409 12.886207 78.427216
v -71.162781 11.448808 78.189560
v -71.022881 11.602143 78.143578
v -70.899551 11.732304 78.257797
v -70.865044 11.763041 78.465324
v -70.939560 11.676351 78.644569
v -71.079475 11.523015 78.690544
v -71.202805 11.392855 78.576324
v -71.237312 11.362118 78.368805
v -69.563118 10.277455 78.159050
v -69.456879 10.455956 78.113762
v -69.363991 10.608864 78.228607
v -69.338844 10.646605 78.436317
v -69.396187 10.547072 78.615219
v -69.502426 10.368570 78.660507
v -69.595322 10.215664 78.545662
v -69.620461 10.177922 78.337952
v -67.472900 9.308722 78.140472
v -67.418686 9.509338 78.095596
v -67.371490 9.681673 78.210800
v -67.358971 9.724777 78.418610
v -67.388443 9.613400 78.597290
v -67.442657 9.412785 78.642174
v -67.489853 9.240450 78.526962
v -67.502373 9.197346 78.319145
v -65.188034 9.076672 78.140366
v -65.177666 9.284238 78.095551
v -65.168877 9.462663 78.210815
v -65.166824 9.507427 78.418648
v -65.172707 9.392307 78.597282
v -65.183083 9.184741 78.642097
v -65.191864 9.006316 78.526825
v -65.193916 8.961552 78.319000
v -62.919472 9.000638 78.142250
v -62.915497 9.208425 78.097435
v -62.912205 9.387038 78.212700
v -62.911530 9.431849 78.420532
v -62.913864 9.316608 78.599174
v -62.917839 9.108822 78.643990
v -62.921131 8.930208 78.528725
v -62.921806 8.885397 78.320892
v -60.652264 8.979780 78.144150
v -60.651760 9.187604 78.099327
v -60.651463 9.366249 78.214592
v -60.651535 9.411068 78.422417
v -60.651939 9.295807 78.601059
v -60.652439 9.087983 78.645882
v -60.652740 8.909338 78.530617
v -60.652664 8.864519 78.322792
v -58.386871 8.978877 78.146042
v -58.386837 9.186701 78.101219
v -58.386932 9.365347 78.216476
v -58.387104 9.410166 78.424309
v -58.387257 9.294905 78.602943
v -58.387291 9.087081 78.647774
v -58.387196 8.908435 78.532509
v -58.387020 8.863615 78.324677
v -56.120453 8.978879 78.147934
v -56.120419 9.186703 78.103111
v -56.120518 9.365349 78.218369
v -56.120686 9.410168 78.426193
v -56.120838 9.294907 78.604836
v -56.120876 9.087082 78.649666
v -56.120777 8.908437 78.534401
v -56.120605 8.863617 78.326569
v -53.929745 8.978878 78.149757
v -53.929710 9.186702 78.104935
v -53.929806 9.365348 78.220200
v -53.929977 9.410167 78.428024
v -53.930130 9.294906 78.606674
v -53.930168 9.087082 78.651489
v -53.930069 8.908436 78.536224
v -53.929893 8.863616 78.328407
v -51.739048 8.978870 78.151581
v -51.739014 9.186694 78.106766
v -51.739109 9.365340 78.222031
v -51.739281 9.410159 78.429848
v -51.739433 9.294898 78.608498
v -51.739471 9.087073 78.653313
v -51.739372 8.908428 78.538055
v -51.739201 8.863608 78.330231
v -49.548054 8.978849 78.153412
v -49.548019 9.186674 78.108597
v -49.548111 9.365319 78.223854
v -49.548283 9.410139 78.431679
v -49.548435 9.294877 78.610329
v -49.548473 9.087053 78.655151
v -49.548382 8.908407 78.539879
v -49.548206 8.863588 78.332062
v -47.357822 8.978831 78.155243
v -47.357784 9.186655 78.110428
v -47.357876 9.365300 78.225685
v -47.358051 9.410120 78.433510
v -47.358200 9.294858 78.612152
v -47.358238 9.087034 78.656975
v -47.358147 8.908388 78.541710
v -47.357975 8.863569 78.333893
v -44.546955 8.978816 78.157593
v -44.546913 9.186640 78.112770
v -44.547009 9.365286 78.228027
v -44.547180 9.410106 78.435852
v -44.547329 9.294844 78.614502
v -44.547371 9.087020 78.659325
v -44.547276 8.908374 78.544060
v -44.547100 8.863555 78.336235
v -41.736061 8.978812 78.159935
v -41.736023 9.186637 78.115112
v -41.736118 9.365282 78.230377
v -41.736286 9.410102 78.438202
v -41.736439 9.294840 78.616852
v -41.736481 9.087016 78.661667
v -41.736385 8.908370 78.546410
v -41.736210 8.863551 78.338585
v -39.436287 8.978817 78.161858
v -39.436249 9.186641 78.117043
v -39.436348 9.365287 78.232300
v -39.436520 9.410106 78.440125
v -39.436665 9.294844 78.618767
v -39.436707 9.087020 78.663589
v -39.436607 8.908375 78.548325
v -39.436432 8.863555 78.340500
v -37.136440 8.978822 78.163773
v -37.136398 9.186646 78.118958
v -37.136497 9.365292 78.234222
v -37.136673 9.410110 78.442039
v -37.136818 9.294848 78.620689
v -37.136856 9.087025 78.665504
v -37.136757 8.908380 78.550247
v -37.136585 8.863560 78.342422
v -34.837128 8.978826 78.165688
v -34.837090 9.186649 78.120872
v -34.837189 9.365295 78.236137
v -34.837360 9.410115 78.443954
v -34.837509 9.294853 78.622604
v -34.837547 9.087029 78.667427
v -34.837452 8.908383 78.552162
v -34.837276 8.863564 78.344337
v -32.538273 8.978835 78.162674
v -32.538490 9.186659 78.117859
v -32.537930 9.365305 78.233116
v -32.536915 9.410124 78.440933
v -32.536037 9.294863 78.619576
v -32.535820 9.087039 78.664398
v -32.536381 8.908393 78.549141
v -32.537395 8.863573 78.341316
v -30.239937 8.978844 78.142921
v -30.240463 9.186667 78.098106
v -30.239111 9.365314 78.213356
v -30.236675 9.410133 78.421173
v -30.234579 9.294871 78.599808
v -30.234053 9.087048 78.644615
v -30.235403 8.908401 78.529366
v -30.237841 8.863583 78.321556
v -27.818327 8.978850 78.266876
v -27.810686 9.186674 78.222717
v -27.830339 9.365320 78.336281
v -27.865772 9.410139 78.541061
v -27.896231 9.294878 78.717102
v -27.903872 9.087053 78.761261
v -27.884220 8.908408 78.647682
v -27.848785 8.863588 78.442902
v -25.554001 8.978853 79.280945
v -25.524145 9.186678 79.247520
v -25.600924 9.365323 79.333488
v -25.739361 9.410142 79.488487
v -25.858360 9.294881 79.621735
v -25.888214 9.087056 79.655159
v -25.811436 8.908411 79.569191
v -25.673000 8.863592 79.414192
v -24.303837 8.978852 81.426781
v -24.260580 9.186676 81.415047
v -24.371824 9.365322 81.445221
v -24.572401 9.410141 81.499626
v -24.744818 9.294879 81.546387
v -24.788076 9.087055 81.558113
v -24.676832 8.908410 81.527939
v -24.476254 8.863590 81.473549
v -24.037678 8.978848 83.855804
v -23.992863 9.186672 83.856323
v -24.108116 9.365318 83.854973
v -24.315926 9.410137 83.852531
v -24.494558 9.294875 83.850433
v -24.539375 9.087051 83.849899
v -24.424122 8.908406 83.851257
v -24.216311 8.863586 83.853699
vt 0.917323 0.442471
vt 0.916000 0.442471
vt 0.916000 0.430302
vt 0.917323 0.430302
vt 0.914685 0.442471
vt 0.914685 0.430302
vt 0.913390 0.442471
vt 0.913390 0.430302
vt 0.912073 0.442471
vt 0.912073 0.430302
vt 0.910752 0.442471
vt 0.910752 0.430302
vt 0.909434 0.442471
vt 0.909434 0.430302
vt 0.908119 0.442471
vt 0.918625 0.430302
vt 0.916000 0.418137
vt 0.917323 0.418137
vt 0.914685 0.418137
vt 0.913390 0.418137
vt 0.912073 0.418137
vt 0.910752 0.418137
vt 0.909434 0.418137
vt 0.918625 0.418137
vt 0.916000 0.405970
vt 0.917323 0.405970
vt 0.914685 0.405970
vt 0.913390 0.405970
vt 0.912073 0.405970
vt 0.910752 0.405970
vt 0.909434 0.405970
vt 0.918625 0.405970
vt 0.916000 0.393806
vt 0.917323 0.393806
vt 0.914685 0.393806
vt 0.913390 0.393806
vt 0.912073 0.393806
vt 0.910752 0.393806
vt 0.909434 0.393806
vt 0.918625 0.393806
vt 0.916000 0.381645
vt 0.917323 0.381645
vt 0.914685 0.381645
vt 0.913390 0.381645
vt 0.912073 0.381645
vt 0.910752 0.381645
vt 0.909434 0.381645
vt 0.918625 0.381645
vt 0.916000 0.369486
vt 0.917323 0.369486
vt 0.914685 0.369486
vt 0.913390 0.369486
vt 0.912073 0.369486
vt 0.910752 0.369486
vt 0.909434 0.369486
vt 0.918625 0.369486
vt 0.916000 0.357336
vt 0.917323 0.357336
vt 0.914685 0.357336
vt 0.913390 0.357336
vt 0.912073 0.357336
vt 0.910752 0.357336
vt 0.909434 0.357336
vt 0.918625 0.357336
vt 0.916000 0.345198
vt 0.917323 0.345198
vt 0.914685 0.345198
vt 0.913390 0.345198
vt 0.912073 0.345198
vt 0.910752 0.345198
vt 0.909434 0.345198
vt 0.918625 0.345198
vt 0.916000 0.333078
vt 0.917323 0.333078
vt 0.914685 0.333078
vt 0.913390 0.333078
vt 0.912073 0.333078
vt 0.910752 0.333078
vt 0.909434 0.333078
vt 0.918625 0.333078
vt 0.916000 0.320984
vt 0.917323 0.320984
vt 0.914685 0.320984
vt 0.913390 0.320984
vt 0.912073 0.320984
vt 0.910752 0.320984
vt 0.909434 0.320984
vt 0.918625 0.320984
vt 0.916000 0.308898
vt 0.917323 0.308898
vt 0.914685 0.308898
vt 0.913390 0.308898
vt 0.912073 0.308898
vt 0.910752 0.308898
vt 0.909434 0.308898
vt 0.918625 0.308898
vt 0.916000 0.294905
vt 0.917323 0.294905
vt 0.914685 0.294905
vt 0.913390 0.294905
vt 0.912073 0.294905
vt 0.910752 0.294905
vt 0.909434 0.294905
vt 0.918625 0.294905
vt 0.916000 0.280876
vt 0.917323 0.280876
vt 0.914685 0.280876
vt 0.913390 0.280876
vt 0.912073 0.280876
vt 0.910752 0.280876
vt 0.909434 0.280876
vt 0.918625 0.280876
vt 0.916000 0.266767
vt 0.917323 0.266767
vt 0.914685 0.266767
vt 0.913390 0.266767
vt 0.912073 0.266767
vt 0.910752 0.266767
vt 0.909434 0.266767
vt 0.918625 0.266767
vt 0.916000 0.252656
vt 0.917323 0.252656
vt 0.914685 0.252656
vt 0.913390 0.252656
vt 0.912073 0.252656
vt 0.910752 0.252656
vt 0.909434 0.252656
vt 0.918625 0.252656
vt 0.916000 0.238541
vt 0.917323 0.238541
vt 0.914685 0.238541
vt 0.913390 0.238541
vt 0.912073 0.238541
vt 0.910752 0.238541
vt 0.909434 0.238541
vt 0.918625 0.238541
vt 0.916000 0.224418
vt 0.917323 0.224418
vt 0.914685 0.224418
vt 0.913390 0.224418
vt 0.912073 0.224418
vt 0.910752 0.224418
vt 0.909434 0.224418
vt 0.918625 0.224418
vt 0.916000 0.210766
vt 0.917323 0.210766
vt 0.914685 0.210766
vt 0.913390 0.210766
vt 0.912073 0.210766
vt 0.910752 0.210766
vt 0.909434 0.210766
vt 0.918625 0.210766
vt 0.916000 0.197114
vt 0.917323 0.197114
vt 0.914685 0.197114
vt 0.913390 0.197114
vt 0.912073 0.197114
vt 0.910752 0.197114
vt 0.909434 0.197114
vt 0.918625 0.197114
vt 0.916000 0.183461
vt 0.917323 0.183461
vt 0.914685 0.183461
vt 0.913390 0.183461
vt 0.912073 0.183461
vt 0.910752 0.183461
vt 0.909434 0.183461
vt 0.918625 0.183461
vt 0.916000 0.169813
vt 0.917323 0.169813
vt 0.914685 0.169813
vt 0.913390 0.169813
vt 0.912073 0.169813
vt 0.910752 0.169813
vt 0.909434 0.169813
vt 0.918625 0.169813
vt 0.916000 0.152296
vt 0.917323 0.152296
vt 0.914685 0.152296
vt 0.913390 0.152296
vt 0.912073 0.152296
vt 0.910752 0.152296
vt 0.909434 0.152296
vt 0.918625 0.152296
vt 0.916000 0.134780
vt 0.917323 0.134780
vt 0.914685 0.134780
vt 0.913390 0.134780
vt 0.912073 0.134780
vt 0.910752 0.134780
vt 0.909434 0.134780
vt 0.918625 0.134780
vt 0.916000 0.120449
vt 0.917323 0.120449
vt 0.914685 0.120449
vt 0.913390 0.120449
vt 0.912073 0.120449
vt 0.910752 0.120449
vt 0.909434 0.120449
vt 0.918625 0.120449
vt 0.916000 0.106117
vt 0.917323 0.106117
vt 0.914685 0.106117
vt 0.913390 0.106117
vt 0.912073 0.106117
vt 0.910752 0.106117
vt 0.909434 0.106117
vt 0.918625 0.106117
vt 0.916000 0.091789
vt 0.917323 0.091789
vt 0.914685 0.091789
vt 0.913390 0.091789
vt 0.912073 0.091789
vt 0.910752 0.091789
vt 0.909434 0.091789
vt 0.918625 0.091789
vt 0.916000 0.077456
vt 0.917323 0.077456
vt 0.914685 0.077456
vt 0.913390 0.077456
vt 0.912073 0.077456
vt 0.910752 0.077456
vt 0.909434 0.077456
vt 0.918625 0.077456
vt 0.916000 0.063122
vt 0.917323 0.063122
vt 0.914685 0.063122
vt 0.913390 0.063122
vt 0.912073 0.063122
vt 0.910752 0.063122
vt 0.909434 0.063122
vt 0.918625 0.063122
vt 0.916000 0.048338
vt 0.917323 0.048338
vt 0.914685 0.048338
vt 0.913390 0.048338
vt 0.912073 0.048338
vt 0.910752 0.048338
vt 0.909434 0.048338
vt 0.918625 0.048338
vt 0.916000 0.033998
vt 0.917323 0.033998
vt 0.914685 0.033998
vt 0.913390 0.033998
vt 0.912073 0.033998
vt 0.910752 0.033998
vt 0.909434 0.033998
vt 0.918625 0.033998
vt 0.916000 0.019695
vt 0.917323 0.019695
vt 0.914685 0.019695
vt 0.913390 0.019695
vt 0.912073 0.019695
vt 0.910752 0.019695
vt 0.909434 0.019695
vt 0.918625 0.019695
vt 0.916000 0.004944
vt 0.917323 0.004944
vt 0.914685 0.004944
vt 0.913390 0.004944
vt 0.912073 0.004944
vt 0.910752 0.004944
vt 0.909434 0.004944
vt 0.918625 0.004944
vt 0.908119 0.019695
vt 0.908119 0.004944
vt 0.908119 0.033998
vt 0.908119 0.048338
vt 0.908119 0.063122
vt 0.908119 0.077456
vt 0.908119 0.091789
vt 0.908119 0.106117
vt 0.908119 0.120449
vt 0.908119 0.134780
vt 0.908119 0.152296
vt 0.908119 0.169813
vt 0.908119 0.183461
vt 0.908119 0.197114
vt 0.908119 0.210766
vt 0.908119 0.224418
vt 0.908119 0.238541
vt 0.908119 0.252656
vt 0.908119 0.266767
vt 0.908119 0.280876
vt 0.908119 0.294905
vt 0.908119 0.308898
vt 0.908119 0.320984
vt 0.908119 0.333078
vt 0.908119 0.345198
vt 0.908119 0.357336
vt 0.908119 0.369486
vt 0.908119 0.381645
vt 0.908119 0.393806
vt 0.908119 0.405970
vt 0.908119 0.418137
vt 0.908119 0.430302
vt 0.918625 0.442471
vn -0.605233 0.073726 -0.792627
vn 0.133624 0.059107 -0.989268
vn 0.133282 0.060514 -0.989229
vn -0.605697 0.065056 -0.793032
vn 0.795568 0.009767 -0.605786
vn 0.795719 0.020448 -0.605321
vn 0.989817 -0.045386 0.134914
vn 0.990222 -0.031728 0.135843
vn 0.600816 -0.073784 0.795975
vn 0.600811 -0.065186 0.796729
vn -0.140631 -0.058783 0.988315
vn -0.141025 -0.060272 0.988170
vn -0.798261 -0.009438 0.602238
vn -0.798699 -0.020132 0.601394
vn -0.989920 0.045334 -0.134176
vn -0.990336 0.031672 -0.135022
vn 0.132603 0.063564 -0.989129
vn -0.606297 0.046100 -0.793901
vn 0.795641 0.043761 -0.604185
vn 0.990455 -0.001893 0.137823
vn 0.600515 -0.046423 0.798264
vn -0.141764 -0.063561 0.987858
vn -0.799168 -0.043503 0.599532
vn -0.990591 0.001824 -0.136844
vn 0.131570 0.067161 -0.989029
vn -0.606312 0.023416 -0.794882
vn 0.794585 0.071600 -0.602916
vn 0.989553 0.033744 0.140164
vn 0.599353 -0.024057 0.800123
vn -0.142619 -0.067555 0.987470
vn -0.798840 -0.071446 0.597286
vn -0.989717 -0.033838 -0.138977
vn 0.130004 0.071448 -0.988936
vn -0.605323 -0.004283 -0.795968
vn 0.791891 0.105489 -0.601482
vn 0.986714 0.077164 0.142973
vn 0.596790 0.003122 0.802391
vn -0.143542 -0.072536 0.986982
vn -0.797109 -0.105541 0.594540
vn -0.986914 -0.077290 -0.141516
vn 0.127605 0.076609 -0.988862
vn -0.602513 -0.038874 -0.797162
vn 0.786379 0.147608 -0.599850
vn 0.980486 0.131202 0.146399
vn 0.591799 0.036814 0.805244
vn -0.144613 -0.078944 0.986334
vn -0.792925 -0.148063 0.591057
vn -0.980735 -0.131384 -0.144559
vn 0.123819 0.082857 -0.988840
vn -0.596287 -0.083217 -0.798446
vn 0.775787 0.201216 -0.598052
vn 0.968118 0.200115 0.150672
vn 0.582460 0.079540 0.808959
vn -0.145771 -0.087498 0.985442
vn -0.784207 -0.202460 0.586540
vn -0.968430 -0.200400 -0.148266
vn 0.117791 0.090351 -0.988920
vn -0.583447 -0.141512 -0.799728
vn 0.755790 0.270930 -0.596137
vn 0.944207 0.290026 0.156071
vn 0.565245 0.134815 0.813832
vn -0.146631 -0.099418 0.984183
vn -0.766823 -0.273757 0.580551
vn -0.944600 -0.290482 -0.152811
vn 0.108341 0.098965 -0.989176
vn -0.557277 -0.219165 -0.800880
vn 0.718034 0.362366 -0.594237
vn 0.898116 0.408506 0.162821
vn 0.533425 0.206761 0.820187
vn -0.146091 -0.116582 0.982378
vn -0.732408 -0.368331 0.572635
vn -0.898585 -0.409258 -0.158284
vn 0.094734 0.108127 -0.989613
vn -0.505410 -0.318722 -0.801858
vn 0.648596 0.477758 -0.592512
vn 0.811542 0.558833 0.170600
vn 0.476288 0.296668 0.827731
vn -0.140648 -0.140484 0.980042
vn -0.665928 -0.489168 0.563254
vn -0.812065 -0.559933 -0.164395
vn 0.080075 0.119317 -0.989622
vn -0.416662 -0.423853 -0.804203
vn 0.538450 0.601856 -0.589781
vn 0.670985 0.719946 0.177362
vn 0.388699 0.393027 0.833332
vn -0.123407 -0.165525 0.978454
vn -0.554886 -0.618138 0.556783
vn -0.671986 -0.720779 -0.170040
vn 0.065439 0.134964 -0.988687
vn -0.304319 -0.506401 -0.806813
vn 0.402281 0.705699 -0.583231
vn 0.495943 0.849359 0.180639
vn 0.286170 0.473317 0.833113
vn -0.093320 -0.183696 0.978543
vn -0.411776 -0.722846 0.554918
vn -0.495835 -0.851072 -0.172698
vn 0.031435 0.131031 -0.990880
vn -0.161293 -0.574880 -0.802183
vn 0.210074 0.777805 -0.592358
vn 0.259731 0.947484 0.186583
vn 0.144948 0.517238 0.843478
vn -0.054976 -0.214903 0.975087
vn -0.219178 -0.806829 0.548623
vn -0.261454 -0.949639 -0.172707
vn 0.011433 0.169421 -0.985478
vn -0.038740 -0.575745 -0.816711
vn 0.054399 0.818190 -0.572369
vn 0.064849 0.981433 0.180509
vn 0.036840 0.562026 0.826299
vn -0.013416 -0.189458 0.981797
vn -0.056135 -0.824873 0.562524
vn -0.066509 -0.981930 -0.177174
vn 0.004570 0.175995 -0.984380
vn -0.011516 -0.571010 -0.820862
vn 0.018006 0.821164 -0.570409
vn 0.020846 0.983459 0.179929
vn 0.011399 0.566428 0.824032
vn -0.004731 -0.182555 0.983184
vn -0.018063 -0.823357 0.567237
vn -0.020860 -0.983676 -0.178736
vn 0.001671 0.178109 -0.984009
vn -0.002051 -0.569683 -0.821862
vn 0.004416 0.822037 -0.569416
vn 0.004569 0.983740 0.179539
vn 0.002036 0.568005 0.823022
vn -0.001691 -0.180514 0.983571
vn -0.004425 -0.822843 0.568252
vn -0.004572 -0.983820 -0.179099
vn 0.000856 0.179236 -0.983806
vn 0.000572 -0.568886 -0.822417
vn 0.000638 0.822423 -0.568877
vn 0.000046 0.983789 0.179331
vn -0.000573 0.568807 0.822471
vn -0.000856 -0.179368 0.983782
vn -0.000638 -0.822471 0.568806
vn -0.000047 -0.983793 -0.179307
vn 0.000823 0.179303 -0.983793
vn 0.000688 -0.568843 -0.822446
vn 0.000476 0.822443 -0.568847
vn -0.000150 0.983792 0.179315
vn -0.000686 0.568857 0.822436
vn -0.000820 -0.179307 0.983793
vn -0.000474 -0.822448 0.568841
vn 0.000150 -0.983791 -0.179319
vn 0.000822 0.179317 -0.983791
vn 0.000685 -0.568852 -0.822439
vn 0.000477 0.822442 -0.568848
vn -0.000147 0.983792 0.179315
vn -0.000684 0.568853 0.822439
vn -0.000821 -0.179320 0.983790
vn -0.000476 -0.822441 0.568850
vn 0.000147 -0.983791 -0.179316
vn 0.000822 0.179327 -0.983789
vn 0.000681 -0.568852 -0.822440
vn 0.000481 0.822442 -0.568849
vn -0.000143 0.983792 0.179316
vn -0.000683 0.568853 0.822439
vn -0.000823 -0.179325 0.983790
vn -0.000481 -0.822439 0.568852
vn 0.000143 -0.983791 -0.179317
vn 0.000824 0.179322 -0.983790
vn 0.000682 -0.568849 -0.822442
vn 0.000483 0.822439 -0.568853
vn -0.000141 0.983791 0.179316
vn -0.000682 0.568855 0.822438
vn -0.000823 -0.179326 0.983790
vn -0.000482 -0.822442 0.568849
vn 0.000141 -0.983791 -0.179318
vn 0.000821 0.179311 -0.983792
vn 0.000683 -0.568849 -0.822441
vn 0.000479 0.822439 -0.568854
vn -0.000143 0.983791 0.179316
vn -0.000682 0.568855 0.822438
vn -0.000822 -0.179321 0.983790
vn -0.000480 -0.822443 0.568848
vn 0.000144 -0.983791 -0.179319
vn 0.000820 0.179306 -0.983793
vn 0.000685 -0.568853 -0.822439
vn 0.000476 0.822440 -0.568852
vn -0.000147 0.983792 0.179315
vn -0.000685 0.568855 0.822437
vn -0.000822 -0.179317 0.983791
vn -0.000478 -0.822443 0.568848
vn 0.000147 -0.983791 -0.179318
vn 0.000822 0.179311 -0.983792
vn 0.000686 -0.568853 -0.822439
vn 0.000475 0.822442 -0.568849
vn -0.000150 0.983792 0.179314
vn -0.000686 0.568853 0.822439
vn -0.000821 -0.179317 0.983791
vn -0.000475 -0.822443 0.568848
vn 0.000150 -0.983792 -0.179316
vn 0.000822 0.179322 -0.983790
vn 0.000688 -0.568846 -0.822444
vn 0.000474 0.822440 -0.568852
vn -0.000151 0.983791 0.179318
vn -0.000688 0.568849 0.822442
vn -0.000823 -0.179317 0.983791
vn -0.000474 -0.822442 0.568848
vn 0.000151 -0.983792 -0.179316
vn 0.000821 0.179331 -0.983789
vn 0.000688 -0.568846 -0.822444
vn 0.000473 0.822439 -0.568853
vn -0.000151 0.983791 0.179321
vn -0.000689 0.568852 0.822440
vn -0.000822 -0.179317 0.983791
vn -0.000473 -0.822441 0.568850
vn 0.000151 -0.983792 -0.179315
vn -0.000236 0.179385 -0.983779
vn -0.000196 -0.568993 -0.822342
vn -0.000138 0.822583 -0.568645
vn 0.000040 0.983736 0.179620
vn 0.000198 0.568710 0.822538
vn 0.000239 -0.179257 0.983802
vn 0.000140 -0.822297 0.569059
vn -0.000040 -0.983847 -0.179014
vn -0.004873 0.179497 -0.983747
vn -0.004070 -0.569313 -0.822111
vn -0.002817 0.822904 -0.568173
vn 0.000890 0.983615 0.180279
vn 0.004076 0.568386 0.822752
vn 0.004876 -0.179135 0.983812
vn 0.002825 -0.821975 0.569517
vn -0.000879 -0.983967 -0.178348
vn 0.021508 0.177388 -0.983906
vn 0.018114 -0.563887 -0.825653
vn 0.012729 0.817700 -0.575504
vn -0.003361 0.985260 0.171030
vn -0.017353 0.572180 0.819945
vn -0.020869 -0.180520 0.983350
vn -0.011821 -0.826021 0.563516
vn 0.004394 -0.982115 -0.188232
vn 0.229935 0.169196 -0.958386
vn 0.197066 -0.542163 -0.816838
vn 0.143487 0.795910 -0.588166
vn -0.026934 0.991397 0.128088
vn -0.184966 0.589665 0.786183
vn -0.225708 -0.187014 0.956076
vn -0.121680 -0.843772 0.522727
vn 0.056905 -0.973236 -0.222653
vn 0.659298 0.164671 -0.733628
vn 0.567133 -0.529414 -0.630936
vn 0.417067 0.781638 -0.463787
vn -0.064215 0.995343 0.071891
vn -0.529574 0.609766 0.589692
vn -0.655335 -0.195262 0.729663
vn -0.339653 -0.861092 0.378361
vn 0.173877 -0.965659 -0.193055
vn 0.936526 0.168059 -0.307695
vn 0.799872 -0.539054 -0.263867
vn 0.578551 0.792629 -0.192398
vn -0.118969 0.992263 0.035518
vn -0.765939 0.593015 0.248336
vn -0.934021 -0.188316 0.303550
vn -0.506177 -0.846907 0.162889
vn 0.223422 -0.971696 -0.076749
vn 0.979316 0.171529 -0.107320
vn 0.831019 -0.548744 -0.091034
vn 0.592164 0.803205 -0.064835
vn -0.147012 0.989006 0.015948
vn -0.809443 0.580575 0.087955
vn -0.977285 -0.183438 0.106137
vn -0.546480 -0.835362 0.059414
vn 0.212983 -0.976777 -0.023343
s 1
g group1 Cables sweep12
usemtl lambert2SG
f 759/957/1301 760/958/1302 768/959/1303 767/960/1304
f 760/958/1302 761/961/1305 769/962/1306 768/959/1303
f 761/961/1305 762/963/1307 770/964/1308 769/962/1306
f 762/963/1307 763/965/1309 771/966/1310 770/964/1308
f 763/965/1309 764/967/1311 772/968/1312 771/966/1310
f 764/967/1311 765/969/1313 773/970/1314 772/968/1312
f 765/969/1313 766/971/1315 774/1252/1316 773/970/1314
f 766/1253/1315 759/957/1301 767/960/1304 774/972/1316
f 767/960/1304 768/959/1303 776/973/1317 775/974/1318
f 768/959/1303 769/962/1306 777/975/1319 776/973/1317
f 769/962/1306 770/964/1308 778/976/1320 777/975/1319
f 770/964/1308 771/966/1310 779/977/1321 778/976/1320
f 771/966/1310 772/968/1312 780/978/1322 779/977/1321
f 772/968/1312 773/970/1314 781/979/1323 780/978/1322
f 773/970/1314 774/1252/1316 782/1251/1324 781/979/1323
f 774/972/1316 767/960/1304 775/974/1318 782/980/1324
f 775/974/1318 776/973/1317 784/981/1325 783/982/1326
f 776/973/1317 777/975/1319 785/983/1327 784/981/1325
f 777/975/1319 778/976/1320 786/984/1328 785/983/1327
f 778/976/1320 779/977/1321 787/985/1329 786/984/1328
f 779/977/1321 780/978/1322 788/986/1330 787/985/1329
f 780/978/1322 781/979/1323 789/987/1331 788/986/1330
f 781/979/1323 782/1251/1324 790/1250/1332 789/987/1331
f 782/980/1324 775/974/1318 783/982/1326 790/988/1332
f 783/982/1326 784/981/1325 792/989/1333 791/990/1334
f 784/981/1325 785/983/1327 793/991/1335 792/989/1333
f 785/983/1327 786/984/1328 794/992/1336 793/991/1335
f 786/984/1328 787/985/1329 795/993/1337 794/992/1336
f 787/985/1329 788/986/1330 796/994/1338 795/993/1337
f 788/986/1330 789/987/1331 797/995/1339 796/994/1338
f 789/987/1331 790/1250/1332 798/1249/1340 797/995/1339
f 790/988/1332 783/982/1326 791/990/1334 798/996/1340
f 791/990/1334 792/989/1333 800/997/1341 799/998/1342
f 792/989/1333 793/991/1335 801/999/1343 800/997/1341
f 793/991/1335 794/992/1336 802/1000/1344 801/999/1343
f 794/992/1336 795/993/1337 803/1001/1345 802/1000/1344
f 795/993/1337 796/994/1338 804/1002/1346 803/1001/1345
f 796/994/1338 797/995/1339 805/1003/1347 804/1002/1346
f 797/995/1339 798/1249/1340 806/1248/1348 805/1003/1347
f 798/996/1340 791/990/1334 799/998/1342 806/1004/1348
f 799/998/1342 800/997/1341 808/1005/1349 807/1006/1350
f 800/997/1341 801/999/1343 809/1007/1351 808/1005/1349
f 801/999/1343 802/1000/1344 810/1008/1352 809/1007/1351
f 802/1000/1344 803/1001/1345 811/1009/1353 810/1008/1352
f 803/1001/1345 804/1002/1346 812/1010/1354 811/1009/1353
f 804/1002/1346 805/1003/1347 813/1011/1355 812/1010/1354
f 805/1003/1347 806/1248/1348 814/1247/1356 813/1011/1355
f 806/1004/1348 799/998/1342 807/1006/1350 814/1012/1356
f 807/1006/1350 808/1005/1349 816/1013/1357 815/1014/1358
f 808/1005/1349 809/1007/1351 817/1015/1359 816/1013/1357
f 809/1007/1351 810/1008/1352 818/1016/1360 817/1015/1359
f 810/1008/1352 811/1009/1353 819/1017/1361 818/1016/1360
f 811/1009/1353 812/1010/1354 820/1018/1362 819/1017/1361
f 812/1010/1354 813/1011/1355 821/1019/1363 820/1018/1362
f 813/1011/1355 814/1247/1356 822/1246/1364 821/1019/1363
f 814/1012/1356 807/1006/1350 815/1014/1358 822/1020/1364
f 815/1014/1358 816/1013/1357 824/1021/1365 823/1022/1366
f 816/1013/1357 817/1015/1359 825/1023/1367 824/1021/1365
f 817/1015/1359 818/1016/1360 826/1024/1368 825/1023/1367
f 818/1016/1360 819/1017/1361 827/1025/1369 826/1024/1368
f 819/1017/1361 820/1018/1362 828/1026/1370 827/1025/1369
f 820/1018/1362 821/1019/1363 829/1027/1371 828/1026/1370
f 821/1019/1363 822/1246/1364 830/1245/1372 829/1027/1371
f 822/1020/1364 815/1014/1358 823/1022/1366 830/1028/1372
f 823/1022/1366 824/1021/1365 832/1029/1373 831/1030/1374
f 824/1021/1365 825/1023/1367 833/1031/1375 832/1029/1373
f 825/1023/1367 826/1024/1368 834/1032/1376 833/1031/1375
f 826/1024/1368 827/1025/1369 835/1033/1377 834/1032/1376
f 827/1025/1369 828/1026/1370 836/1034/1378 835/1033/1377
f 828/1026/1370 829/1027/1371 837/1035/1379 836/1034/1378
f 829/1027/1371 830/1245/1372 838/1244/1380 837/1035/1379
f 830/1028/1372 823/1022/1366 831/1030/1374 838/1036/1380
f 831/1030/1374 832/1029/1373 840/1037/1381 839/1038/1382
f 832/1029/1373 833/1031/1375 841/1039/1383 840/1037/1381
f 833/1031/1375 834/1032/1376 842/1040/1384 841/1039/1383
f 834/1032/1376 835/1033/1377 843/1041/1385 842/1040/1384
f 835/1033/1377 836/1034/1378 844/1042/1386 843/1041/1385
f 836/1034/1378 837/1035/1379 845/1043/1387 844/1042/1386
f 837/1035/1379 838/1244/1380 846/1243/1388 845/1043/1387
f 838/1036/1380 831/1030/1374 839/1038/1382 846/1044/1388
f 839/1038/1382 840/1037/1381 848/1045/1389 847/1046/1390
f 840/1037/1381 841/1039/1383 849/1047/1391 848/1045/1389
f 841/1039/1383 842/1040/1384 850/1048/1392 849/1047/1391
f 842/1040/1384 843/1041/1385 851/1049/1393 850/1048/1392
f 843/1041/1385 844/1042/1386 852/1050/1394 851/1049/1393
f 844/1042/1386 845/1043/1387 853/1051/1395 852/1050/1394
f 845/1043/1387 846/1243/1388 854/1242/1396 853/1051/1395
f 846/1044/1388 839/1038/1382 847/1046/1390 854/1052/1396
f 847/1046/1390 848/1045/1389 856/1053/1397 855/1054/1398
f 848/1045/1389 849/1047/1391 857/1055/1399 856/1053/1397
f 849/1047/1391 850/1048/1392 858/1056/1400 857/1055/1399
f 850/1048/1392 851/1049/1393 859/1057/1401 858/1056/1400
f 851/1049/1393 852/1050/1394 860/1058/1402 859/1057/1401
f 852/1050/1394 853/1051/1395 861/1059/1403 860/1058/1402
f 853/1051/1395 854/1242/1396 862/1241/1404 861/1059/1403
f 854/1052/1396 847/1046/1390 855/1054/1398 862/1060/1404
f 855/1054/1398 856/1053/1397 864/1061/1405 863/1062/1406
f 856/1053/1397 857/1055/1399 865/1063/1407 864/1061/1405
f 857/1055/1399 858/1056/1400 866/1064/1408 865/1063/1407
f 858/1056/1400 859/1057/1401 867/1065/1409 866/1064/1408
f 859/1057/1401 860/1058/1402 868/1066/1410 867/1065/1409
f 860/1058/1402 861/1059/1403 869/1067/1411 868/1066/1410
f 861/1059/1403 862/1241/1404 870/1240/1412 869/1067/1411
f 862/1060/1404 855/1054/1398 863/1062/1406 870/1068/1412
f 863/1062/1406 864/1061/1405 872/1069/1413 871/1070/1414
f 864/1061/1405 865/1063/1407 873/1071/1415 872/1069/1413
f 865/1063/1407 866/1064/1408 874/1072/1416 873/1071/1415
f 866/1064/1408 867/1065/1409 875/1073/1417 874/1072/1416
f 867/1065/1409 868/1066/1410 876/1074/1418 875/1073/1417
f 868/1066/1410 869/1067/1411 877/1075/1419 876/1074/1418
f 869/1067/1411 870/1240/1412 878/1239/1420 877/1075/1419
f 870/1068/1412 863/1062/1406 871/1070/1414 878/1076/1420
f 871/1070/1414 872/1069/1413 880/1077/1421 879/1078/1422
f 872/1069/1413 873/1071/1415 881/1079/1423 880/1077/1421
f 873/1071/1415 874/1072/1416 882/1080/1424 881/1079/1423
f 874/1072/1416 875/1073/1417 883/1081/1425 882/1080/1424
f 875/1073/1417 876/1074/1418 884/1082/1426 883/1081/1425
f 876/1074/1418 877/1075/1419 885/1083/1427 884/1082/1426
f 877/1075/1419 878/1239/1420 886/1238/1428 885/1083/1427
f 878/1076/1420 871/1070/1414 879/1078/1422 886/1084/1428
f 879/1078/1422 880/1077/1421 888/1085/1429 887/1086/1430
f 880/1077/1421 881/1079/1423 889/1087/1431 888/1085/1429
f 881/1079/1423 882/1080/1424 890/1088/1432 889/1087/1431
f 882/1080/1424 883/1081/1425 891/1089/1433 890/1088/1432
f 883/1081/1425 884/1082/1426 892/1090/1434 891/1089/1433
f 884/1082/1426 885/1083/1427 893/1091/1435 892/1090/1434
f 885/1083/1427 886/1238/1428 894/1237/1436 893/1091/1435
f 886/1084/1428 879/1078/1422 887/1086/1430 894/1092/1436
f 887/1086/1430 888/1085/1429 896/1093/1437 895/1094/1438
f 888/1085/1429 889/1087/1431 897/1095/1439 896/1093/1437
f 889/1087/1431 890/1088/1432 898/1096/1440 897/1095/1439
f 890/1088/1432 891/1089/1433 899/1097/1441 898/1096/1440
f 891/1089/1433 892/1090/1434 900/1098/1442 899/1097/1441
f 892/1090/1434 893/1091/1435 901/1099/1443 900/1098/1442
f 893/1091/1435 894/1237/1436 902/1236/1444 901/1099/1443
f 894/1092/1436 887/1086/1430 895/1094/1438 902/1100/1444
f 895/1094/1438 896/1093/1437 904/1101/1445 903/1102/1446
f 896/1093/1437 897/1095/1439 905/1103/1447 904/1101/1445
f 897/1095/1439 898/1096/1440 906/1104/1448 905/1103/1447
f 898/1096/1440 899/1097/1441 907/1105/1449 906/1104/1448
f 899/1097/1441 900/1098/1442 908/1106/1450 907/1105/1449
f 900/1098/1442 901/1099/1443 909/1107/1451 908/1106/1450
f 901/1099/1443 902/1236/1444 910/1235/1452 909/1107/1451
f 902/1100/1444 895/1094/1438 903/1102/1446 910/1108/1452
f 903/1102/1446 904/1101/1445 912/1109/1453 911/1110/1454
f 904/1101/1445 905/1103/1447 913/1111/1455 912/1109/1453
f 905/1103/1447 906/1104/1448 914/1112/1456 913/1111/1455
f 906/1104/1448 907/1105/1449 915/1113/1457 914/1112/1456
f 907/1105/1449 908/1106/1450 916/1114/1458 915/1113/1457
f 908/1106/1450 909/1107/1451 917/1115/1459 916/1114/1458
f 909/1107/1451 910/1235/1452 918/1234/1460 917/1115/1459
f 910/1108/1452 903/1102/1446 911/1110/1454 918/1116/1460
f 911/1110/1454 912/1109/1453 920/1117/1461 919/1118/1462
f 912/1109/1453 913/1111/1455 921/1119/1463 920/1117/1461
f 913/1111/1455 914/1112/1456 922/1120/1464 921/1119/1463
f 914/1112/1456 915/1113/1457 923/1121/1465 922/1120/1464
f 915/1113/1457 916/1114/1458 924/1122/1466 923/1121/1465
f 916/1114/1458 917/1115/1459 925/1123/1467 924/1122/1466
f 917/1115/1459 918/1234/1460 926/1233/1468 925/1123/1467
f 918/1116/1460 911/1110/1454 919/1118/1462 926/1124/1468
f 919/1118/1462 920/1117/1461 928/1125/1469 927/1126/1470
f 920/1117/1461 921/1119/1463 929/1127/1471 928/1125/1469
f 921/1119/1463 922/1120/1464 930/1128/1472 929/1127/1471
f 922/1120/1464 923/1121/1465 931/1129/1473 930/1128/1472
f 923/1121/1465 924/1122/1466 932/1130/1474 931/1129/1473
f 924/1122/1466 925/1123/1467 933/1131/1475 932/1130/1474
f 925/1123/1467 926/1233/1468 934/1232/1476 933/1131/1475
f 926/1124/1468 919/1118/1462 927/1126/1470 934/1132/1476
f 927/1126/1470 928/1125/1469 936/1133/1477 935/1134/1478
f 928/1125/1469 929/1127/1471 937/1135/1479 936/1133/1477
f 929/1127/1471 930/1128/1472 938/1136/1480 937/1135/1479
f 930/1128/1472 931/1129/1473 939/1137/1481 938/1136/1480
f 931/1129/1473 932/1130/1474 940/1138/1482 939/1137/1481
f 932/1130/1474 933/1131/1475 941/1139/1483 940/1138/1482
f 933/1131/1475 934/1232/1476 942/1231/1484 941/1139/1483
f 934/1132/1476 927/1126/1470 935/1134/1478 942/1140/1484
f 935/1134/1478 936/1133/1477 944/1141/1485 943/1142/1486
f 936/1133/1477 937/1135/1479 945/1143/1487 944/1141/1485
f 937/1135/1479 938/1136/1480 946/1144/1488 945/1143/1487
f 938/1136/1480 939/1137/1481 947/1145/1489 946/1144/1488
f 939/1137/1481 940/1138/1482 948/1146/1490 947/1145/1489
f 940/1138/1482 941/1139/1483 949/1147/1491 948/1146/1490
f 941/1139/1483 942/1231/1484 950/1230/1492 949/1147/1491
f 942/1140/1484 935/1134/1478 943/1142/1486 950/1148/1492
f 943/1142/1486 944/1141/1485 952/1149/1493 951/1150/1494
f 944/1141/1485 945/1143/1487 953/1151/1495 952/1149/1493
f 945/1143/1487 946/1144/1488 954/1152/1496 953/1151/1495
f 946/1144/1488 947/1145/1489 955/1153/1497 954/1152/1496
f 947/1145/1489 948/1146/1490 956/1154/1498 955/1153/1497
f 948/1146/1490 949/1147/1491 957/1155/1499 956/1154/1498
f 949/1147/1491 950/1230/1492 958/1229/1500 957/1155/1499
f 950/1148/1492 943/1142/1486 951/1150/1494 958/1156/1500
f 951/1150/1494 952/1149/1493 960/1157/1501 959/1158/1502
f 952/1149/1493 953/1151/1495 961/1159/1503 960/1157/1501
f 953/1151/1495 954/1152/1496 962/1160/1504 961/1159/1503
f 954/1152/1496 955/1153/1497 963/1161/1505 962/1160/1504
f 955/1153/1497 956/1154/1498 964/1162/1506 963/1161/1505
f 956/1154/1498 957/1155/1499 965/1163/1507 964/1162/1506
f 957/1155/1499 958/1229/1500 966/1228/1508 965/1163/1507
f 958/1156/1500 951/1150/1494 959/1158/1502 966/1164/1508
f 959/1158/1502 960/1157/1501 968/1165/1509 967/1166/1510
f 960/1157/1501 961/1159/1503 969/1167/1511 968/1165/1509
f 961/1159/1503 962/1160/1504 970/1168/1512 969/1167/1511
f 962/1160/1504 963/1161/1505 971/1169/1513 970/1168/1512
f 963/1161/1505 964/1162/1506 972/1170/1514 971/1169/1513
f 964/1162/1506 965/1163/1507 973/1171/1515 972/1170/1514
f 965/1163/1507 966/1228/1508 974/1227/1516 973/1171/1515
f 966/1164/1508 959/1158/1502 967/1166/1510 974/1172/1516
f 967/1166/1510 968/1165/1509 976/1173/1517 975/1174/1518
f 968/1165/1509 969/1167/1511 977/1175/1519 976/1173/1517
f 969/1167/1511 970/1168/1512 978/1176/1520 977/1175/1519
f 970/1168/1512 971/1169/1513 979/1177/1521 978/1176/1520
f 971/1169/1513 972/1170/1514 980/1178/1522 979/1177/1521
f 972/1170/1514 973/1171/1515 981/1179/1523 980/1178/1522
f 973/1171/1515 974/1227/1516 982/1226/1524 981/1179/1523
f 974/1172/1516 967/1166/1510 975/1174/1518 982/1180/1524
f 975/1174/1518 976/1173/1517 984/1181/1525 983/1182/1526
f 976/1173/1517 977/1175/1519 985/1183/1527 984/1181/1525
f 977/1175/1519 978/1176/1520 986/1184/1528 985/1183/1527
f 978/1176/1520 979/1177/1521 987/1185/1529 986/1184/1528
f 979/1177/1521 980/1178/1522 988/1186/1530 987/1185/1529
f 980/1178/1522 981/1179/1523 989/1187/1531 988/1186/1530
f 981/1179/1523 982/1226/1524 990/1225/1532 989/1187/1531
f 982/1180/1524 975/1174/1518 983/1182/1526 990/1188/1532
f 983/1182/1526 984/1181/1525 992/1189/1533 991/1190/1534
f 984/1181/1525 985/1183/1527 993/1191/1535 992/1189/1533
f 985/1183/1527 986/1184/1528 994/1192/1536 993/1191/1535
f 986/1184/1528 987/1185/1529 995/1193/1537 994/1192/1536
f 987/1185/1529 988/1186/1530 996/1194/1538 995/1193/1537
f 988/1186/1530 989/1187/1531 997/1195/1539 996/1194/1538
f 989/1187/1531 990/1225/1532 998/1224/1540 997/1195/1539
f 990/1188/1532 983/1182/1526 991/1190/1534 998/1196/1540
f 991/1190/1534 992/1189/1533 1000/1197/1541 999/1198/1542
f 992/1189/1533 993/1191/1535 1001/1199/1543 1000/1197/1541
f 993/1191/1535 994/1192/1536 1002/1200/1544 1001/1199/1543
f 994/1192/1536 995/1193/1537 1003/1201/1545 1002/1200/1544
f 995/1193/1537 996/1194/1538 1004/1202/1546 1003/1201/1545
f 996/1194/1538 997/1195/1539 1005/1203/1547 1004/1202/1546
f 997/1195/1539 998/1224/1540 1006/1223/1548 1005/1203/1547
f 998/1196/1540 991/1190/1534 999/1198/1542 1006/1204/1548
f 999/1198/1542 1000/1197/1541 1008/1205/1549 1007/1206/1550
f 1000/1197/1541 1001/1199/1543 1009/1207/1551 1008/1205/1549
f 1001/1199/1543 1002/1200/1544 1010/1208/1552 1009/1207/1551
f 1002/1200/1544 1003/1201/1545 1011/1209/1553 1010/1208/1552
f 1003/1201/1545 1004/1202/1546 1012/1210/1554 1011/1209/1553
f 1004/1202/1546 1005/1203/1547 1013/1211/1555 1012/1210/1554
f 1005/1203/1547 1006/1223/1548 1014/1221/1556 1013/1211/1555
f 1006/1204/1548 999/1198/1542 1007/1206/1550 1014/1212/1556
f 1007/1206/1550 1008/1205/1549 1016/1213/1557 1015/1214/1558
f 1008/1205/1549 1009/1207/1551 1017/1215/1559 1016/1213/1557
f 1009/1207/1551 1010/1208/1552 1018/1216/1560 1017/1215/1559
f 1010/1208/1552 1011/1209/1553 1019/1217/1561 1018/1216/1560
f 1011/1209/1553 1012/1210/1554 1020/1218/1562 1019/1217/1561
f 1012/1210/1554 1013/1211/1555 1021/1219/1563 1020/1218/1562
f 1013/1211/1555 1014/1221/1556 1022/1222/1564 1021/1219/1563
f 1014/1212/1556 1007/1206/1550 1015/1214/1558 1022/1220/1564
g default
v 39.157269 23.016361 65.710632
v 41.730270 23.016361 65.710632
v 39.157269 23.138571 65.708862
v 41.730270 23.138571 65.708862
v 39.157269 23.112488 63.907112
v 41.730270 23.112488 63.907112
v 39.157269 22.990278 63.908875
v 41.730270 22.990278 63.908875
vt 0.390721 0.054858
vt 0.364667 0.054863
vt 0.364628 0.056019
vt 0.390683 0.056013
vt 0.362859 0.050089
vt 0.388982 0.050085
vt 0.362898 0.048931
vt 0.389020 0.048927
vn 0.000000 0.014482 0.999895
vn 0.000000 0.014482 0.999895
vn 0.000000 0.014482 0.999895
vn 0.000000 0.014482 0.999895
vn 0.000000 0.999895 -0.014475
vn 0.000000 0.999895 -0.014475
vn 0.000000 0.999895 -0.014475
vn 0.000000 0.999895 -0.014475
vn 0.000000 -0.014420 -0.999896
vn 0.000000 -0.014420 -0.999896
vn 0.000000 -0.014420 -0.999896
vn 0.000000 -0.014420 -0.999896
vn 1.000000 0.000020 0.000000
vn 1.000000 0.000020 0.000000
vn 1.000000 0.000020 0.000000
vn 1.000000 0.000020 0.000000
vn -1.000000 -0.000046 0.000000
vn -1.000000 -0.000046 0.000000
vn -1.000000 -0.000046 0.000000
vn -1.000000 -0.000046 0.000000
s off
g group1 pCube13
usemtl lambert2SG
f 1023/1254/1565 1024/1255/1566 1026/1256/1567 1025/1257/1568
f 1025/1257/1569 1026/1256/1570 1028/1258/1571 1027/1259/1572
f 1027/1259/1573 1028/1258/1574 1030/1260/1575 1029/1261/1576
f 1024/1255/1577 1030/1260/1578 1028/1258/1579 1026/1256/1580
f 1029/1261/1581 1023/1254/1582 1025/1257/1583 1027/1259/1584
g default
v 16.216780 25.710020 69.128990
v 16.259176 25.696373 69.123116
v 16.276739 25.663425 69.108932
v 16.259176 25.630478 69.094757
v 16.216780 25.616829 69.088875
v 16.174383 25.630478 69.094757
v 16.156822 25.663425 69.108932
v 16.174383 25.696373 69.123116
v 16.216780 25.793789 68.868248
v 16.259176 25.780291 68.861969
v 16.276739 25.747707 68.846809
v 16.259176 25.715122 68.831657
v 16.216780 25.701626 68.825371
v 16.174383 25.715122 68.831657
v 16.156822 25.747707 68.846809
v 16.174383 25.780291 68.861969
v 16.216780 26.196653 68.418518
v 16.259176 26.190233 68.404068
v 16.276739 26.174732 68.369179
v 16.259176 26.159233 68.334282
v 16.216780 26.152813 68.319832
v 16.174383 26.159233 68.334282
v 16.156822 26.174732 68.369179
v 16.174383 26.190233 68.404068
v 16.216780 26.780203 68.248093
v 16.259176 26.778627 68.232109
v 16.276739 26.774824 68.193535
v 16.259176 26.771021 68.154945
v 16.216780 26.769445 68.138962
v 16.174383 26.771021 68.154945
v 16.156822 26.774824 68.193535
v 16.174383 26.778627 68.232109
v 16.216780 27.387623 68.269493
v 16.259176 27.390173 68.253670
v 16.276739 27.396332 68.215454
v 16.259176 27.402491 68.177238
v 16.216780 27.405041 68.161407
v 16.174383 27.402491 68.177238
v 16.156822 27.396332 68.215454
v 16.174383 27.390173 68.253670
v 16.216780 27.959318 68.531517
v 16.259176 27.969345 68.519791
v 16.276739 27.993551 68.491470
v 16.259176 28.017759 68.463158
v 16.216780 28.027786 68.451431
v 16.174383 28.017759 68.463158
v 16.156822 27.993551 68.491470
v 16.174383 27.969345 68.519791
v 16.216780 28.251591 69.120361
v 16.259176 28.266190 69.118866
v 16.276739 28.301430 69.115227
v 16.259176 28.336672 69.111595
v 16.216780 28.351269 69.110085
v 16.174383 28.336672 69.111595
v 16.156822 28.301430 69.115227
v 16.174383 28.266190 69.118866
vt 0.393472 0.090370
vt 0.393472 0.088521
vt 0.391761 0.088521
vt 0.391761 0.088240
vt 0.393472 0.088774
vt 0.391761 0.088774
vt 0.393472 0.089023
vt 0.391761 0.089023
vt 0.393472 0.089304
vt 0.391761 0.089304
vt 0.393472 0.089588
vt 0.391761 0.089588
vt 0.393472 0.089836
vt 0.391761 0.089836
vt 0.393472 0.090089
vt 0.391761 0.090089
vt 0.387842 0.088521
vt 0.387842 0.088240
vt 0.387842 0.088774
vt 0.387842 0.089023
vt 0.387842 0.089304
vt 0.387842 0.089588
vt 0.387842 0.089836
vt 0.387842 0.090089
vt 0.383980 0.088521
vt 0.383980 0.088240
vt 0.383980 0.088774
vt 0.383980 0.089023
vt 0.383980 0.089304
vt 0.383980 0.089588
vt 0.383980 0.089836
vt 0.383980 0.090089
vt 0.380122 0.088521
vt 0.380122 0.088240
vt 0.380122 0.088774
vt 0.380122 0.089023
vt 0.380122 0.089304
vt 0.380122 0.089588
vt 0.380122 0.089836
vt 0.380122 0.090089
vt 0.376102 0.088521
vt 0.376102 0.088240
vt 0.376102 0.088774
vt 0.376102 0.089023
vt 0.376102 0.089304
vt 0.376102 0.089588
vt 0.376102 0.089836
vt 0.376102 0.090089
vt 0.371836 0.088521
vt 0.371836 0.088240
vt 0.371836 0.088774
vt 0.371836 0.089023
vt 0.371836 0.089304
vt 0.371836 0.089588
vt 0.371836 0.089836
vt 0.371836 0.090089
vt 0.371836 0.090370
vt 0.376102 0.090370
vt 0.380122 0.090370
vt 0.383980 0.090370
vt 0.387842 0.090370
vt 0.391761 0.090370
vt 0.393472 0.088240
vn -0.000001 0.952064 0.305899
vn 0.632430 0.737476 0.236984
vn 0.674149 0.608648 0.418415
vn 0.000000 0.822944 0.568123
vn 0.999666 0.024623 0.007880
vn 0.997108 -0.059597 -0.047155
vn 0.654909 -0.719395 -0.231441
vn 0.608314 -0.651763 -0.452945
vn -0.000006 -0.951934 -0.306302
vn -0.000001 -0.822536 -0.568713
vn -0.654926 -0.719379 -0.231442
vn -0.608327 -0.651754 -0.452942
vn -0.999666 0.024620 0.007880
vn -0.997110 -0.059572 -0.047138
vn -0.632439 0.737469 0.236982
vn -0.674157 0.608643 0.418409
vn 0.699129 0.382085 0.604343
vn 0.000001 0.539938 0.841705
vn 0.996588 -0.053812 -0.062581
vn 0.625578 -0.420668 -0.657032
vn 0.000001 -0.532148 -0.846652
vn -0.625589 -0.420660 -0.657026
vn -0.996590 -0.053796 -0.062567
vn -0.699139 0.382086 0.604330
vn 0.694694 0.089507 0.713715
vn 0.000000 0.125163 0.992136
vn 0.998938 -0.006971 -0.045553
vn 0.651761 -0.095025 -0.752448
vn -0.000000 -0.124424 -0.992229
vn -0.651772 -0.095020 -0.752439
vn -0.998938 -0.006972 -0.045549
vn -0.694707 0.089504 0.713703
vn 0.695141 -0.169041 0.698716
vn 0.000000 -0.237268 0.971444
vn 0.998265 0.018369 -0.055937
vn 0.641247 0.184090 -0.744925
vn -0.000000 0.237045 -0.971499
vn -0.641257 0.184094 -0.744916
vn -0.998266 0.018369 -0.055932
vn -0.695155 -0.169034 0.698704
vn 0.701773 -0.500962 0.506510
vn -0.000017 -0.705214 0.708995
vn 0.994974 0.075303 -0.065999
vn 0.611467 0.559405 -0.559620
vn 0.000000 0.703840 -0.710359
vn -0.611476 0.559400 -0.559615
vn -0.994975 0.075301 -0.065992
vn -0.701805 -0.500927 0.506500
vn 0.667338 -0.667351 0.330610
vn -0.000031 -0.895883 0.444290
vn 0.993469 0.102483 -0.050161
vn 0.571753 0.736226 -0.362036
vn 0.000001 0.897467 -0.441081
vn -0.571767 0.736215 -0.362036
vn -0.993469 0.102483 -0.050155
vn -0.667391 -0.667301 0.330604
s 1
g group1 Cables sweep4
usemtl lambert2SG
f 1031/1324/1585 1032/1263/1586 1040/1264/1587 1039/1265/1588
f 1032/1263/1586 1033/1266/1589 1041/1267/1590 1040/1264/1587
f 1033/1266/1589 1034/1268/1591 1042/1269/1592 1041/1267/1590
f 1034/1268/1591 1035/1270/1593 1043/1271/1594 1042/1269/1592
f 1035/1270/1593 1036/1272/1595 1044/1273/1596 1043/1271/1594
f 1036/1272/1595 1037/1274/1597 1045/1275/1598 1044/1273/1596
f 1037/1274/1597 1038/1276/1599 1046/1277/1600 1045/1275/1598
f 1038/1276/1599 1031/1262/1585 1039/1323/1588 1046/1277/1600
f 1039/1265/1588 1040/1264/1587 1048/1278/1601 1047/1279/1602
f 1040/1264/1587 1041/1267/1590 1049/1280/1603 1048/1278/1601
f 1041/1267/1590 1042/1269/1592 1050/1281/1604 1049/1280/1603
f 1042/1269/1592 1043/1271/1594 1051/1282/1605 1050/1281/1604
f 1043/1271/1594 1044/1273/1596 1052/1283/1606 1051/1282/1605
f 1044/1273/1596 1045/1275/1598 1053/1284/1607 1052/1283/1606
f 1045/1275/1598 1046/1277/1600 1054/1285/1608 1053/1284/1607
f 1046/1277/1600 1039/1323/1588 1047/1322/1602 1054/1285/1608
f 1047/1279/1602 1048/1278/1601 1056/1286/1609 1055/1287/1610
f 1048/1278/1601 1049/1280/1603 1057/1288/1611 1056/1286/1609
f 1049/1280/1603 1050/1281/1604 1058/1289/1612 1057/1288/1611
f 1050/1281/1604 1051/1282/1605 1059/1290/1613 1058/1289/1612
f 1051/1282/1605 1052/1283/1606 1060/1291/1614 1059/1290/1613
f 1052/1283/1606 1053/1284/1607 1061/1292/1615 1060/1291/1614
f 1053/1284/1607 1054/1285/1608 1062/1293/1616 1061/1292/1615
f 1054/1285/1608 1047/1322/1602 1055/1321/1610 1062/1293/1616
f 1055/1287/1610 1056/1286/1609 1064/1294/1617 1063/1295/1618
f 1056/1286/1609 1057/1288/1611 1065/1296/1619 1064/1294/1617
f 1057/1288/1611 1058/1289/1612 1066/1297/1620 1065/1296/1619
f 1058/1289/1612 1059/1290/1613 1067/1298/1621 1066/1297/1620
f 1059/1290/1613 1060/1291/1614 1068/1299/1622 1067/1298/1621
f 1060/1291/1614 1061/1292/1615 1069/1300/1623 1068/1299/1622
f 1061/1292/1615 1062/1293/1616 1070/1301/1624 1069/1300/1623
f 1062/1293/1616 1055/1321/1610 1063/1320/1618 1070/1301/1624
f 1063/1295/1618 1064/1294/1617 1072/1302/1625 1071/1303/1626
f 1064/1294/1617 1065/1296/1619 1073/1304/1627 1072/1302/1625
f 1065/1296/1619 1066/1297/1620 1074/1305/1628 1073/1304/1627
f 1066/1297/1620 1067/1298/1621 1075/1306/1629 1074/1305/1628
f 1067/1298/1621 1068/1299/1622 1076/1307/1630 1075/1306/1629
f 1068/1299/1622 1069/1300/1623 1077/1308/1631 1076/1307/1630
f 1069/1300/1623 1070/1301/1624 1078/1309/1632 1077/1308/1631
f 1070/1301/1624 1063/1320/1618 1071/1319/1626 1078/1309/1632
f 1071/1303/1626 1072/1302/1625 1080/1310/1633 1079/1311/1634
f 1072/1302/1625 1073/1304/1627 1081/1312/1635 1080/1310/1633
f 1073/1304/1627 1074/1305/1628 1082/1313/1636 1081/1312/1635
f 1074/1305/1628 1075/1306/1629 1083/1314/1637 1082/1313/1636
f 1075/1306/1629 1076/1307/1630 1084/1315/1638 1083/1314/1637
f 1076/1307/1630 1077/1308/1631 1085/1316/1639 1084/1315/1638
f 1077/1308/1631 1078/1309/1632 1086/1317/1640 1085/1316/1639
f 1078/1309/1632 1071/1319/1626 1079/1318/1634 1086/1317/1640
g default
v -24.024975 9.198504 81.730141
v -24.236185 9.198504 81.576691
v -24.497257 9.198504 81.576691
v -24.708467 9.198504 81.730141
v -24.789143 9.198504 81.978432
v -23.944300 9.198504 81.978439
v -24.024975 53.782509 81.730141
v -24.236185 53.782509 81.576691
v -24.497257 53.782509 81.576691
v -24.708467 53.782509 81.730141
v -24.789143 53.782509 81.978432
v -23.944300 53.782509 81.978439
v -24.366722 53.782509 81.978439
vt 0.091907 0.304926
vt 0.093526 0.304926
vt 0.333426 0.031236
vt 0.332116 0.032188
vt 0.095146 0.304926
vt 0.335045 0.031237
vt 0.096765 0.304926
vt 0.336355 0.032189
vt 0.098384 0.304926
vt 0.098417 0.581453
vt 0.090288 0.304926
vt 0.331615 0.033728
vt 0.334235 0.033728
vt 0.090321 0.581453
vt 0.091940 0.581453
vt 0.096798 0.581453
vt 0.336855 0.033729
vt 0.095179 0.581451
vt 0.093560 0.581451
vn 0.587785 0.000000 -0.809017
vn 0.587785 0.000000 -0.809017
vn 0.587785 0.000000 -0.809017
vn 0.587785 0.000000 -0.809017
vn 0.000000 0.000000 -1.000000
vn 0.000000 0.000000 -1.000000
vn 0.000000 0.000000 -1.000000
vn 0.000000 0.000000 -1.000000
vn -0.587785 0.000000 -0.809017
vn -0.587785 0.000000 -0.809017
vn -0.587785 0.000000 -0.809017
vn -0.587785 0.000000 -0.809017
vn -0.951056 0.000000 -0.309018
vn -0.951056 0.000000 -0.309018
vn -0.951056 0.000000 -0.309018
vn -0.951056 0.000000 -0.309018
vn 0.951058 0.000000 -0.309012
vn 0.951058 0.000000 -0.309012
vn 0.951058 0.000000 -0.309012
vn 0.951058 0.000000 -0.309012
vn 0.000000 1.000000 0.000000
vn 0.000000 1.000000 0.000005
vn 0.000000 1.000000 0.000004
vn 0.000000 1.000000 0.000009
vn 0.000000 1.000000 0.000005
vn 0.000000 1.000000 0.000000
vn 0.000000 1.000000 0.000000
s off
g group1 Cables pCylinder7
usemtl lambert2SG
f 1087/1325/1641 1088/1326/1642 1094/1343/1643 1093/1339/1644
f 1088/1326/1645 1089/1329/1646 1095/1342/1647 1094/1343/1648
f 1089/1329/1649 1090/1331/1650 1096/1340/1651 1095/1342/1652
f 1090/1331/1653 1091/1333/1654 1097/1334/1655 1096/1340/1656
f 1092/1335/1657 1087/1325/1658 1093/1339/1659 1098/1338/1660
s 1
f 1093/1328/1661 1094/1327/1662 1099/1337/1663
f 1094/1327/1662 1095/1330/1664 1099/1337/1663
f 1095/1330/1664 1096/1332/1665 1099/1337/1663
f 1096/1332/1665 1097/1341/1666 1099/1337/1663
f 1098/1336/1667 1093/1328/1661 1099/1337/1663
g default
v -12.723630 148.401184 81.425255
v 12.723630 148.401184 81.425255
v -12.723630 148.786926 81.425255
v 12.723630 148.786926 81.425255
v -12.723630 148.786926 -36.073013
v 12.723630 148.786926 -36.073013
v -12.723630 148.401184 -36.073013
v 12.723630 148.401184 -36.073013
v 12.723630 148.786926 57.925602
v 12.723630 148.401184 57.925602
v -12.723630 148.401184 57.925602
v -12.723630 148.786926 57.925602
v 12.723630 148.786926 34.425941
v 12.723630 148.401184 34.425941
v -12.723630 148.401184 34.425941
v -12.723630 148.786926 34.425941
v 12.723630 148.786926 10.926287
v 12.723630 148.401184 10.926287
v -12.723630 148.401184 10.926287
v -12.723630 148.786926 10.926287
v 12.723630 148.786926 -12.573366
v 12.723630 148.401184 -12.573366
v -12.723630 148.401184 -12.573366
v -12.723630 148.786926 -12.573366
v 12.723630 148.786926 58.312012
v 12.723630 148.401184 58.312012
v -12.723630 148.401184 58.312012
v -12.723630 148.786926 58.312012
v 12.723630 148.786926 34.812363
v 12.723630 148.401184 34.812363
v -12.723630 148.401184 34.812363
v -12.723630 148.786926 34.812363
v 12.723630 148.786926 11.312708
v 12.723630 148.401184 11.312708
v -12.723630 148.401184 11.312708
v -12.723630 148.786926 11.312708
v 12.723630 148.786926 -12.186944
v 12.723630 148.401184 -12.186944
v -12.723630 148.401184 -12.186944
v -12.723630 148.786926 -12.186944
v 12.623626 148.501190 57.925602
v 12.623626 148.501190 58.312012
v 12.623629 148.786926 57.925602
v 12.623629 148.786926 58.312012
v -12.623626 148.501190 57.925602
v -12.623626 148.501190 58.312012
v -12.623629 148.786926 57.925602
v -12.623629 148.786926 58.312012
v 12.623626 148.501190 34.425941
v 12.623626 148.501190 34.812363
v 12.623629 148.786926 34.425941
v 12.623629 148.786926 34.812363
v -12.623626 148.501190 34.425941
v -12.623626 148.501190 34.812363
v -12.623629 148.786926 34.425941
v -12.623629 148.786926 34.812363
v 12.623626 148.501190 10.926287
v 12.623626 148.501190 11.312708
v 12.623629 148.786926 10.926287
v 12.623629 148.786926 11.312708
v -12.623626 148.501190 10.926287
v -12.623626 148.501190 11.312708
v -12.623629 148.786926 10.926287
v -12.623629 148.786926 11.312708
v 12.623626 148.501190 -12.573366
v 12.623626 148.501190 -12.186944
v 12.623629 148.786926 -12.573366
v 12.623629 148.786926 -12.186944
v -12.623626 148.501190 -12.573366
v -12.623626 148.501190 -12.186944
v -12.623629 148.786926 -12.573366
v -12.623629 148.786926 -12.186944
vt 0.703191 0.327646
vt 0.702896 0.169813
vt 0.702892 0.167420
vt 0.705584 0.327641
vt 0.620378 0.004947
vt 0.623069 0.165169
vt 0.620677 0.165173
vt 0.620382 0.007339
vt 0.474923 0.165444
vt 0.474628 0.007610
vt 0.474928 0.167837
vt 0.474624 0.005219
vt 0.163742 0.598199
vt 0.163742 0.595802
vt 0.165513 0.595802
vt 0.165513 0.598199
vt 0.007149 0.595800
vt 0.007149 0.598197
vt 0.005376 0.595800
vt 0.005376 0.598197
vt 0.181617 0.593389
vt 0.181617 0.590992
vt 0.183390 0.590992
vt 0.183390 0.593389
vt 0.025025 0.591007
vt 0.025025 0.593403
vt 0.023252 0.591007
vt 0.023252 0.593404
vt 0.181618 0.590985
vt 0.181617 0.588588
vt 0.183390 0.588588
vt 0.183390 0.590985
vt 0.025025 0.588610
vt 0.025025 0.591006
vt 0.023252 0.588610
vt 0.023253 0.591007
vt 0.181618 0.595798
vt 0.181618 0.593401
vt 0.183390 0.593401
vt 0.183390 0.595798
vt 0.025025 0.593404
vt 0.025025 0.595800
vt 0.023252 0.593404
vt 0.023252 0.595800
vt 0.559540 0.170080
vt 0.559535 0.167687
vt 0.559834 0.327913
vt 0.559838 0.330305
vt 0.634850 0.473676
vt 0.634875 0.330318
vt 0.637267 0.330318
vt 0.637242 0.473676
vt 0.477042 0.330292
vt 0.477016 0.473648
vt 0.474649 0.330291
vt 0.474624 0.473648
vt 0.786810 0.148304
vt 0.786797 0.004948
vt 0.789189 0.004947
vt 0.789203 0.148304
vt 0.628963 0.004962
vt 0.628977 0.148319
vt 0.626571 0.004962
vt 0.626584 0.148319
vt 0.800203 0.473518
vt 0.800208 0.330161
vt 0.802601 0.330161
vt 0.802596 0.473518
vt 0.642375 0.330156
vt 0.642370 0.473513
vt 0.639983 0.330156
vt 0.639978 0.473513
vt 0.705289 0.169808
vt 0.703196 0.330038
vt 0.620681 0.167564
vt 0.622775 0.007335
vn 0.000000 0.000000 1.000000
vn 0.000000 0.000000 1.000000
vn 0.000000 0.000000 1.000000
vn 0.000000 0.000000 1.000000
vn 0.000000 0.000000 -1.000000
vn 0.000000 0.000000 -1.000000
vn 0.000000 0.000000 -1.000000
vn 0.000000 0.000000 -1.000000
vn 0.000000 -1.000000 0.000000
vn 0.000000 -1.000000 0.000000
vn 0.000000 -1.000000 0.000000
vn 0.000000 -1.000000 0.000000
vn 1.000000 0.000000 0.000000
vn 1.000000 0.000000 0.000000
vn 1.000000 0.000000 0.000000
vn 1.000000 0.000000 0.000000
vn -1.000000 0.000000 0.000000
vn -1.000000 0.000000 0.000000
vn -1.000000 0.000000 0.000000
vn -1.000000 0.000000 0.000000
vn 1.000000 -0.000013 0.000000
vn 1.000000 -0.000013 0.000000
vn 1.000000 -0.000013 0.000000
vn 1.000000 -0.000013 0.000000
vn 0.000000 -1.000000 0.000000
vn 0.000000 -1.000000 0.000000
vn 0.000000 -1.000000 0.000000
vn 0.000000 -1.000000 0.000000
vn -1.000000 -0.000013 0.000000
vn -1.000000 -0.000013 0.000000
vn -1.000000 -0.000013 0.000000
vn -1.000000 -0.000013 0.000000
vn 1.000000 -0.000013 0.000000
vn 1.000000 -0.000013 0.000000
vn 1.000000 -0.000013 0.000000
vn 1.000000 -0.000013 0.000000
vn 0.000000 -1.000000 0.000000
vn 0.000000 -1.000000 0.000000
vn 0.000000 -1.000000 0.000000
vn 0.000000 -1.000000 0.000000
vn -1.000000 -0.000013 0.000000
vn -1.000000 -0.000013 0.000000
vn -1.000000 -0.000013 0.000000
vn -1.000000 -0.000013 0.000000
vn 1.000000 -0.000013 0.000000
vn 1.000000 -0.000013 0.000000
vn 1.000000 -0.000013 0.000000
vn 1.000000 -0.000013 0.000000
vn 0.000000 -1.000000 0.000000
vn 0.000000 -1.000000 0.000000
vn 0.000000 -1.000000 0.000000
vn 0.000000 -1.000000 0.000000
vn -1.000000 -0.000013 0.000000
vn -1.000000 -0.000013 0.000000
vn -1.000000 -0.000013 0.000000
vn -1.000000 -0.000013 0.000000
vn 1.000000 -0.000009 0.000000
vn 1.000000 -0.000009 0.000000
vn 1.000000 -0.000009 0.000000
vn 1.000000 -0.000009 0.000000
vn 0.000000 -1.000000 0.000000
vn 0.000000 -1.000000 0.000000
vn 0.000000 -1.000000 0.000000
vn 0.000000 -1.000000 0.000000
vn -1.000000 -0.000009 0.000000
vn -1.000000 -0.000009 0.000000
vn -1.000000 -0.000009 0.000000
vn -1.000000 -0.000009 0.000000
vn 1.000000 0.000000 0.000000
vn 1.000000 0.000000 0.000000
vn 1.000000 0.000000 0.000000
vn 1.000000 0.000000 0.000000
vn 0.000000 -1.000000 0.000000
vn 0.000000 -1.000000 0.000000
vn 0.000000 -1.000000 0.000000
vn 0.000000 -1.000000 0.000000
vn -1.000000 0.000000 0.000000
vn -1.000000 0.000000 0.000000
vn -1.000000 0.000000 0.000000
vn -1.000000 0.000000 0.000000
vn 1.000000 0.000000 0.000000
vn 1.000000 0.000000 0.000000
vn 1.000000 0.000000 0.000000
vn 1.000000 0.000000 0.000000
vn 0.000000 -1.000000 0.000000
vn 0.000000 -1.000000 0.000000
vn 0.000000 -1.000000 0.000000
vn 0.000000 -1.000000 0.000000
vn -1.000000 0.000000 0.000000
vn -1.000000 0.000000 0.000000
vn -1.000000 0.000000 0.000000
vn -1.000000 0.000000 0.000000
vn 1.000000 0.000000 0.000000
vn 1.000000 0.000000 0.000000
vn 1.000000 0.000000 0.000000
vn 1.000000 0.000000 0.000000
vn 0.000000 -1.000000 0.000000
vn 0.000000 -1.000000 0.000000
vn 0.000000 -1.000000 0.000000
vn 0.000000 -1.000000 0.000000
vn -1.000000 0.000000 0.000000
vn -1.000000 0.000000 0.000000
vn -1.000000 0.000000 0.000000
vn -1.000000 0.000000 0.000000
vn 1.000000 0.000000 0.000000
vn 1.000000 0.000000 0.000000
vn 1.000000 0.000000 0.000000
vn 1.000000 0.000000 0.000000
vn 0.000000 -1.000000 0.000000
vn 0.000000 -1.000000 0.000000
vn 0.000000 -1.000000 0.000000
vn 0.000000 -1.000000 0.000000
vn -1.000000 0.000000 0.000000
vn -1.000000 0.000000 0.000000
vn -1.000000 0.000000 0.000000
vn -1.000000 0.000000 0.000000
s off
g group1 pCube32 Placas_techo
usemtl lambert2SG
f 1100/1344/1668 1101/1345/1669 1103/1416/1670 1102/1347/1671
f 1104/1419/1672 1105/1349/1673 1107/1350/1674 1106/1351/1675
f 1106/1351/1676 1107/1350/1677 1121/1352/1678 1122/1353/1679
f 1121/1352/1680 1107/1350/1681 1105/1418/1682 1120/1354/1683
f 1106/1351/1684 1122/1353/1685 1123/1355/1686 1104/1348/1687
f 1141/1356/1688 1140/1357/1689 1142/1358/1690 1143/1359/1691
f 1144/1360/1692 1140/1357/1693 1141/1356/1694 1145/1361/1695
f 1146/1362/1696 1144/1360/1697 1145/1361/1698 1147/1363/1699
f 1149/1364/1700 1148/1365/1701 1150/1366/1702 1151/1367/1703
f 1152/1368/1704 1148/1365/1705 1149/1364/1706 1153/1369/1707
f 1154/1370/1708 1152/1368/1709 1153/1369/1710 1155/1371/1711
f 1157/1372/1712 1156/1373/1713 1158/1374/1714 1159/1375/1715
f 1160/1376/1716 1156/1373/1717 1157/1372/1718 1161/1377/1719
f 1162/1378/1720 1160/1376/1721 1161/1377/1722 1163/1379/1723
f 1165/1380/1724 1164/1381/1725 1166/1382/1726 1167/1383/1727
f 1168/1384/1728 1164/1381/1729 1165/1380/1730 1169/1385/1731
f 1170/1386/1732 1168/1384/1733 1169/1385/1734 1171/1387/1735
f 1101/1345/1736 1125/1388/1737 1124/1389/1738 1103/1346/1739
f 1126/1390/1740 1125/1388/1741 1101/1345/1742 1100/1344/1743
f 1127/1391/1744 1126/1390/1745 1100/1344/1746 1102/1417/1747
f 1109/1392/1748 1129/1393/1749 1128/1394/1750 1108/1395/1751
f 1130/1396/1752 1129/1393/1753 1109/1392/1754 1110/1397/1755
f 1131/1398/1756 1130/1396/1757 1110/1397/1758 1111/1399/1759
f 1113/1400/1760 1133/1401/1761 1132/1402/1762 1112/1403/1763
f 1134/1404/1764 1133/1401/1765 1113/1400/1766 1114/1405/1767
f 1135/1406/1768 1134/1404/1769 1114/1405/1770 1115/1407/1771
f 1117/1408/1772 1137/1409/1773 1136/1410/1774 1116/1411/1775
f 1138/1412/1776 1137/1409/1777 1117/1408/1778 1118/1413/1779
f 1139/1414/1780 1138/1412/1781 1118/1413/1782 1119/1415/1783
g default
v 81.179703 8.644165 39.438660
v 81.179718 8.644165 81.781281
v 81.179718 59.455315 39.438721
v 81.179749 59.455315 81.781281
v 79.062538 8.644165 81.781372
v 79.062553 59.455315 81.781372
v 79.062561 8.644165 39.438660
v 79.062576 59.455315 39.438660
vt 0.494118 0.753759
vt 0.372330 0.753793
vt 0.717403 0.753693
vt 0.595612 0.753730
vt 0.717403 0.758767
vt 0.595749 0.601503
vt 0.818893 0.758733
vt 0.494122 0.758833
vt 0.473953 0.500017
vt 0.372330 0.758868
vt 0.486029 0.500015
vt 0.818893 0.753658
vt 0.595743 0.500013
vt 0.595614 0.758805
vt 0.473957 0.601509
vt 0.384523 0.378237
vt 0.486017 0.378225
vt 0.384539 0.500027
vn 1.000000 -0.000000 -0.000001
vn 1.000000 -0.000000 -0.000001
vn 1.000000 -0.000001 -0.000001
vn 1.000000 -0.000000 -0.000001
vn 0.000028 -0.000000 1.000000
vn 0.000028 -0.000000 1.000000
vn 0.000028 -0.000000 1.000000
vn 0.000028 -0.000000 1.000000
vn -1.000000 0.000001 -0.000001
vn -1.000000 0.000000 -0.000001
vn -1.000000 0.000000 -0.000001
vn -1.000000 0.000000 -0.000001
vn -0.000004 0.000000 -1.000000
vn -0.000002 0.000001 -1.000000
vn 0.000000 0.000001 -1.000000
vn -0.000002 0.000001 -1.000000
vn -0.000000 1.000000 0.000000
vn -0.000000 1.000000 0.000000
vn -0.000000 1.000000 0.000000
vn -0.000000 1.000000 0.000000
vn 0.000000 -1.000000 0.000000
vn 0.000000 -1.000000 0.000000
vn 0.000000 -1.000000 0.000000
vn 0.000000 -1.000000 0.000000
s off
g Paredes CubeFBXASC032FBXASC04067FBXASC041
usemtl lambert5SG
f 1172/1436/1784 1174/1430/1785 1175/1437/1786 1173/1435/1787
f 1173/1423/1788 1175/1422/1789 1177/1424/1790 1176/1433/1791
f 1176/1425/1792 1177/1434/1793 1179/1428/1794 1178/1432/1795
f 1178/1427/1796 1179/1429/1797 1174/1421/1798 1172/1420/1799
f 1174/1431/1800 1179/1426/1801 1177/1424/1802 1175/1422/1803
f 1178/1427/1804 1172/1420/1805 1173/1423/1806 1176/1433/1807
g default
v -77.001419 8.310193 50.627510
v -76.633827 8.310193 50.627510
v -77.001419 44.967964 50.627510
v -76.633827 44.967964 50.627510
v -77.001419 44.967964 49.947620
v -76.633827 44.967964 49.947620
v -77.001419 8.310193 49.947620
v -76.633827 8.310193 49.947620
vt 0.715395 0.599201
vt 0.715395 0.601480
vt 0.488031 0.601499
vt 0.488031 0.599219
vt 0.488031 0.607996
vt 0.488031 0.605716
vt 0.715399 0.605697
vt 0.715399 0.607977
vn 0.000000 0.000000 1.000000
vn 0.000000 0.000000 1.000000
vn 0.000000 0.000000 1.000000
vn 0.000000 0.000000 1.000000
vn 0.000000 0.000000 -1.000000
vn 0.000000 0.000000 -1.000000
vn 0.000000 0.000000 -1.000000
vn 0.000000 0.000000 -1.000000
vn 1.000000 0.000000 0.000000
vn 1.000000 0.000000 0.000000
vn 1.000000 0.000000 0.000000
vn 1.000000 0.000000 0.000000
s off
g Protectores group1 pCube25
usemtl lambert2SG
f 1180/1438/1808 1181/1439/1809 1183/1440/1810 1182/1441/1811
f 1184/1442/1812 1185/1443/1813 1187/1444/1814 1186/1445/1815
f 1181/1439/1816 1187/1444/1817 1185/1443/1818 1183/1440/1819
g default
v 13.658926 8.660112 69.025826
v 13.413067 8.603996 69.025826
v 13.215902 8.761230 69.025826
v 13.215902 9.013412 69.025826
v 13.413067 9.170647 69.025826
v 13.658926 9.114531 69.025826
v 13.768345 8.887321 69.025826
v 13.658926 8.660112 -29.477324
v 13.413067 8.603996 -29.477324
v 13.215902 8.761230 -29.477324
v 13.215902 9.013412 -29.477324
v 13.413067 9.170647 -29.477324
v 13.658926 9.114531 -29.477324
v 13.768345 8.887321 -29.477324
vt 0.820303 0.898060
vt 0.818739 0.898060
vt 0.829688 0.287102
vt 0.820303 0.287102
vt 0.828124 0.898060
vt 0.828124 0.287102
vt 0.826560 0.898060
vt 0.826560 0.287102
vt 0.824995 0.898060
vt 0.824995 0.287102
vt 0.823431 0.898060
vt 0.823431 0.287102
vt 0.821867 0.898060
vt 0.821867 0.287102
vt 0.829688 0.898060
vt 0.818739 0.287102
vn 0.222522 -0.974928 0.000000
vn 0.222522 -0.974928 0.000000
vn 0.222522 -0.974928 0.000000
vn 0.222522 -0.974928 0.000000
vn -0.623488 -0.781833 0.000000
vn -0.623488 -0.781833 0.000000
vn -0.623488 -0.781833 0.000000
vn -0.623488 -0.781833 0.000000
vn -1.000000 0.000000 0.000000
vn -1.000000 0.000000 0.000000
vn -1.000000 0.000000 0.000000
vn -1.000000 0.000000 0.000000
vn -0.623490 0.781831 0.000000
vn -0.623490 0.781831 0.000000
vn -0.623490 0.781831 0.000000
vn -0.623490 0.781831 0.000000
vn 0.222522 0.974928 0.000000
vn 0.222522 0.974928 0.000000
vn 0.222522 0.974928 0.000000
vn 0.222522 0.974928 0.000000
vn 0.900968 0.433885 0.000000
vn 0.900968 0.433885 0.000000
vn 0.900968 0.433885 0.000000
vn 0.900968 0.433885 0.000000
vn 0.900968 -0.433885 0.000000
vn 0.900968 -0.433885 0.000000
vn 0.900968 -0.433885 0.000000
vn 0.900968 -0.433885 0.000000
s off
g group1 Cables pCylinder5
usemtl lambert2SG
f 1188/1446/1820 1189/1447/1821 1196/1461/1822 1195/1449/1823
f 1189/1460/1824 1190/1450/1825 1197/1451/1826 1196/1448/1827
f 1190/1450/1828 1191/1452/1829 1198/1453/1830 1197/1451/1831
f 1191/1452/1832 1192/1454/1833 1199/1455/1834 1198/1453/1835
f 1192/1454/1836 1193/1456/1837 1200/1457/1838 1199/1455/1839
f 1193/1456/1840 1194/1458/1841 1201/1459/1842 1200/1457/1843
f 1194/1458/1844 1188/1446/1845 1195/1449/1846 1201/1459/1847
g default
v -77.001419 44.973724 49.907612
v -76.633827 44.973724 49.907612
v -77.001419 44.973724 61.383736
v -76.633827 44.973724 61.383736
v -77.001419 45.653614 61.383736
v -76.633827 45.653614 61.383736
v -77.001419 45.653614 49.907612
v -76.633827 45.653614 49.907612
vt 0.744720 0.155739
vt 0.744720 0.158019
vt 0.673541 0.158020
vt 0.671261 0.158020
vt 0.673541 0.162237
vt 0.673541 0.164517
vt 0.744720 0.162235
vt 0.744720 0.164515
vt 0.671261 0.162237
vt 0.673541 0.155740
vn 0.000000 -1.000000 0.000000
vn 0.000000 -1.000000 0.000000
vn 0.000000 -1.000000 0.000000
vn 0.000000 -1.000000 0.000000
vn 0.000000 0.000000 1.000000
vn 0.000000 0.000000 1.000000
vn 0.000000 0.000000 1.000000
vn 0.000000 0.000000 1.000000
vn 0.000000 1.000000 0.000000
vn 0.000000 1.000000 0.000000
vn 0.000000 1.000000 0.000000
vn 0.000000 1.000000 0.000000
vn 1.000000 0.000000 0.000000
vn 1.000000 0.000000 0.000000
vn 1.000000 0.000000 0.000000
vn 1.000000 0.000000 0.000000
s off
g Protectores group1 pCube26
usemtl lambert2SG
f 1202/1462/1848 1203/1463/1849 1205/1464/1850 1204/1471/1851
f 1204/1465/1852 1205/1464/1853 1207/1466/1854 1206/1470/1855
f 1206/1467/1856 1207/1466/1857 1209/1468/1858 1208/1469/1859
f 1203/1463/1860 1209/1468/1861 1207/1466/1862 1205/1464/1863
g default
v 78.894196 22.009140 70.184914
v 79.064194 22.009140 70.184914
v 78.894196 49.738960 70.184914
v 79.064194 49.738960 70.184914
v 78.894196 49.738960 50.285858
v 79.064194 49.738960 50.285858
v 78.894196 22.009140 50.285858
v 79.064194 22.009140 50.285858
vt 0.799626 0.598139
vt 0.800680 0.598139
vt 0.627635 0.599208
vt 0.627635 0.598153
vt 0.626571 0.474731
vt 0.627625 0.474731
vt 0.799616 0.473663
vt 0.799616 0.474718
vt 0.800671 0.474717
vt 0.627625 0.473677
vt 0.626580 0.598153
vt 0.799626 0.599194
vn 0.000000 0.000000 1.000000
vn 0.000000 0.000000 1.000000
vn 0.000000 0.000000 1.000000
vn 0.000000 0.000000 1.000000
vn 0.000000 1.000000 0.000000
vn 0.000000 1.000000 0.000000
vn 0.000000 1.000000 0.000000
vn 0.000000 1.000000 0.000000
vn 0.000000 0.000000 -1.000000
vn 0.000000 0.000000 -1.000000
vn 0.000000 0.000000 -1.000000
vn 0.000000 0.000000 -1.000000
vn 0.000000 -1.000000 0.000000
vn 0.000000 -1.000000 0.000000
vn 0.000000 -1.000000 0.000000
vn 0.000000 -1.000000 0.000000
vn -1.000000 0.000000 0.000000
vn -1.000000 0.000000 0.000000
vn -1.000000 0.000000 0.000000
vn -1.000000 0.000000 0.000000
s off
g group1 Pantallas pCube33
usemtl lambert2SG
f 1210/1472/1864 1211/1483/1865 1213/1474/1866 1212/1475/1867
f 1212/1475/1868 1213/1482/1869 1215/1476/1870 1214/1477/1871
f 1214/1477/1872 1215/1481/1873 1217/1478/1874 1216/1479/1875
f 1216/1479/1876 1217/1480/1877 1211/1473/1878 1210/1472/1879
f 1216/1479/1880 1210/1472/1881 1212/1475/1882 1214/1477/1883
g default
v -53.501976 138.840179 -9.961483
v 53.725533 138.840179 -9.961483
v -53.501976 140.335587 -9.961483
v 53.725533 140.335587 -9.961483
v -53.501976 140.335587 -13.732697
v 53.725533 140.335587 -13.732697
v -53.501976 138.840179 -13.732697
v 53.725533 138.840179 -13.732697
v -53.193302 138.840179 -13.332697
v 53.416866 138.840179 -13.332697
v 53.416866 138.840179 -10.361484
v -53.193302 138.840179 -10.361484
v -53.193302 139.078232 -13.332697
v 53.416866 139.078232 -13.332697
v 53.416866 139.078232 -10.361484
v -53.193302 139.078232 -10.361484
vt 0.681152 0.626340
vt 0.014793 0.626253
vt 0.005436 0.626506
vt 0.681133 0.616979
vt 0.690456 0.652164
vt 0.014763 0.661691
vt 0.014744 0.652331
vt 0.681103 0.652417
vt 0.678368 0.648661
vt 0.017452 0.648524
vt 0.017529 0.630009
vt 0.678448 0.630146
vt 0.016766 0.649834
vt 0.679146 0.649917
vt 0.016750 0.628753
vt 0.679131 0.628837
vt 0.005375 0.651992
vt 0.681126 0.661777
vt 0.014771 0.616893
vt 0.690517 0.626678
vn 0.000000 0.000000 1.000000
vn 0.000000 0.000000 1.000000
vn 0.000000 0.000000 1.000000
vn 0.000000 0.000000 1.000000
vn 0.000000 0.000000 -1.000000
vn 0.000000 0.000000 -1.000000
vn 0.000000 0.000000 -1.000000
vn 0.000000 0.000000 -1.000000
vn 0.000000 -1.000000 0.000000
vn 0.000000 -1.000000 0.000000
vn 0.000000 -1.000000 0.000000
vn 0.000000 -1.000000 0.000000
vn 1.000000 0.000000 0.000000
vn 1.000000 0.000000 0.000000
vn 1.000000 0.000000 0.000000
vn 1.000000 0.000000 0.000000
vn -1.000000 0.000000 0.000000
vn -1.000000 0.000000 0.000000
vn -1.000000 0.000000 0.000000
vn -1.000000 0.000000 0.000000
vn 0.000000 -1.000000 0.000020
vn 0.000000 -1.000000 0.000020
vn 0.000000 -1.000000 0.000020
vn 0.000000 -1.000000 0.000020
vn 0.000000 -1.000000 -0.000018
vn 0.000000 -1.000000 -0.000018
vn 0.000000 -1.000000 -0.000018
vn 0.000000 -1.000000 -0.000018
vn 0.000000 0.000000 1.000000
vn 0.000000 0.000000 1.000000
vn 0.000000 0.000000 1.000000
vn 0.000000 0.000000 1.000000
vn -1.000000 0.000000 0.000000
vn -1.000000 0.000000 0.000000
vn -1.000000 0.000000 0.000000
vn -1.000000 0.000000 0.000000
vn 0.000000 0.000000 -1.000000
vn 0.000000 0.000000 -1.000000
vn 0.000000 0.000000 -1.000000
vn 0.000000 0.000000 -1.000000
vn 1.000000 0.000000 0.000000
vn 1.000000 0.000000 0.000000
vn 1.000000 0.000000 0.000000
vn 1.000000 0.000000 0.000000
s off
g group1 Luz_techo pCube29
usemtl lambert2SG
f 1218/1484/1884 1219/1485/1885 1221/1502/1886 1220/1487/1887
f 1222/1501/1888 1223/1489/1889 1225/1490/1890 1224/1491/1891
f 1230/1492/1892 1231/1493/1893 1232/1494/1894 1233/1495/1895
f 1219/1485/1896 1225/1490/1897 1223/1500/1898 1221/1486/1899
f 1224/1491/1900 1218/1484/1901 1220/1503/1902 1222/1488/1903
s 1
f 1224/1491/1904 1225/1490/1905 1227/1496/1906 1226/1497/1907
f 1225/1490/1905 1219/1485/1908 1228/1498/1909 1227/1496/1906
f 1219/1485/1908 1218/1484/1910 1229/1499/1911 1228/1498/1909
f 1218/1484/1910 1224/1491/1904 1226/1497/1907 1229/1499/1911
s off
f 1226/1497/1912 1227/1496/1913 1231/1493/1914 1230/1492/1915
f 1227/1496/1916 1228/1498/1917 1232/1494/1918 1231/1493/1919
f 1228/1498/1920 1229/1499/1921 1233/1495/1922 1232/1494/1923
f 1229/1499/1924 1226/1497/1925 1230/1492/1926 1233/1495/1927
g default
v 39.157269 23.018793 68.108467
v 41.730270 23.018793 68.108467
v 39.157269 23.141003 68.106697
v 41.730270 23.141003 68.106697
v 39.157269 23.110056 65.968994
v 41.730270 23.110056 65.968994
v 39.157269 22.987846 65.970764
v 41.730270 22.987846 65.970764
vt 0.360161 0.056048
vt 0.333735 0.056046
vt 0.333695 0.057219
vt 0.360123 0.057220
vt 0.331575 0.050102
vt 0.358085 0.050106
vt 0.331615 0.048926
vt 0.358123 0.048931
vn 0.000000 0.014482 0.999895
vn 0.000000 0.014482 0.999895
vn 0.000000 0.014482 0.999895
vn 0.000000 0.014482 0.999895
vn 0.000000 0.999895 -0.014475
vn 0.000000 0.999895 -0.014475
vn 0.000000 0.999895 -0.014475
vn 0.000000 0.999895 -0.014475
vn 0.000000 -0.014482 -0.999895
vn 0.000000 -0.014482 -0.999895
vn 0.000000 -0.014482 -0.999895
vn 0.000000 -0.014482 -0.999895
vn 1.000000 -0.000012 0.000000
vn 1.000000 -0.000012 0.000000
vn 1.000000 -0.000012 0.000000
vn 1.000000 -0.000012 0.000000
vn -1.000000 -0.000014 0.000000
vn -1.000000 -0.000014 0.000000
vn -1.000000 -0.000014 0.000000
vn -1.000000 -0.000014 0.000000
s off
g group1 pCube12
usemtl lambert2SG
f 1234/1504/1928 1235/1505/1929 1237/1506/1930 1236/1507/1931
f 1236/1507/1932 1237/1506/1933 1239/1508/1934 1238/1509/1935
f 1238/1509/1936 1239/1508/1937 1241/1510/1938 1240/1511/1939
f 1235/1505/1940 1241/1510/1941 1239/1508/1942 1237/1506/1943
f 1240/1511/1944 1234/1504/1945 1236/1507/1946 1238/1509/1947
g default
v -76.798637 45.301205 74.580009
v -76.662155 45.245911 74.558495
v -76.607193 45.112411 74.522369
v -76.665947 44.978912 74.492798
v -76.803993 44.923618 74.487091
v -76.940475 44.978912 74.508606
v -76.995438 45.112411 74.544731
v -76.936691 45.245911 74.574310
v -76.873077 44.511162 73.287735
v -76.732857 44.486786 73.331215
v -76.668854 44.427937 73.451996
v -76.718559 44.369091 73.579330
v -76.852867 44.344715 73.638618
v -76.993095 44.369091 73.595139
v -77.057098 44.427937 73.474358
v -77.007385 44.486786 73.347023
v -76.895699 43.118813 72.895103
v -76.755203 43.109402 72.943268
v -76.690544 43.086685 73.075371
v -76.739601 43.063969 73.214027
v -76.873642 43.054562 73.278008
v -77.014137 43.063969 73.229843
v -77.078789 43.086685 73.097740
v -77.029732 43.109402 72.959084
v -76.904396 41.911476 72.744057
v -76.763870 41.905987 72.792747
v -76.699142 41.892738 72.926094
v -76.748131 41.879490 73.066002
v -76.882133 41.874001 73.130501
v -77.022659 41.879490 73.081810
v -77.087387 41.892738 72.948463
v -77.038399 41.905987 72.808556
v -76.910110 40.707298 72.644852
v -76.769577 40.703178 72.693657
v -76.704834 40.693222 72.827286
v -76.753807 40.683270 72.967461
v -76.887802 40.679146 73.032082
v -77.028336 40.683270 72.983276
v -77.093079 40.693222 72.849648
v -77.044106 40.703178 72.709465
v -76.915062 39.507282 72.558838
v -76.774536 39.502815 72.607613
v -76.709793 39.492035 72.741180
v -76.758766 39.481255 72.881302
v -76.892769 39.476791 72.945892
v -77.033302 39.481255 72.897110
v -77.098038 39.492035 72.763542
v -77.049065 39.502815 72.623428
v -76.922493 38.326473 72.429916
v -76.781990 38.317436 72.478149
v -76.717331 38.295620 72.610397
v -76.766380 38.273804 72.749199
v -76.900414 38.264763 72.813240
v -77.040909 38.273804 72.765015
v -77.105576 38.295620 72.632759
v -77.056526 38.317436 72.493958
v -76.936897 37.185726 72.179871
v -76.796532 37.167198 72.225723
v -76.732201 37.122459 72.352249
v -76.781578 37.077724 72.485321
v -76.915749 37.059193 72.546989
v -77.056107 37.077724 72.501129
v -77.120445 37.122459 72.374611
v -77.071060 37.167198 72.241539
v -76.969398 36.157570 71.615639
v -76.829536 36.122864 71.652809
v -76.766411 36.039066 71.758362
v -76.816994 35.955273 71.870461
v -76.951668 35.920563 71.923447
v -77.091530 35.955273 71.886276
v -77.154655 36.039066 71.780724
v -77.104065 36.122864 71.668625
v -77.019020 35.424259 70.754112
v -76.880417 35.372303 70.769493
v -76.820320 35.246868 70.822426
v -76.873940 35.121433 70.881920
v -77.009865 35.069477 70.913109
v -77.148468 35.121433 70.897728
v -77.208565 35.246868 70.844795
v -77.154945 35.372303 70.785301
v -77.126999 35.374050 68.879601
v -76.990944 35.321129 68.850685
v -76.937004 35.193367 68.796692
v -76.996788 35.065601 68.749245
v -77.135262 35.012680 68.736145
v -77.271317 35.065601 68.765060
v -77.325249 35.193367 68.819054
v -77.265472 35.321129 68.866501
v -77.184654 36.247429 67.878609
v -77.050308 36.221497 67.820084
v -77.000488 36.158890 67.694595
v -77.064384 36.096283 67.575661
v -77.204567 36.070351 67.532951
v -77.338921 36.096283 67.591476
v -77.388733 36.158890 67.716957
v -77.324837 36.221497 67.835892
v -77.211472 37.621128 67.413063
v -77.077400 37.608597 67.349693
v -77.028259 37.578342 67.212517
v -77.092827 37.548088 67.081886
v -77.233292 37.535557 67.034332
v -77.367363 37.548088 67.097702
v -77.416504 37.578342 67.234879
v -77.351936 37.608597 67.365509
v -77.220482 38.730839 67.256729
v -77.086472 38.725460 67.192223
v -77.037491 38.712475 67.052292
v -77.102219 38.699490 66.918915
v -77.242744 38.694107 66.870224
v -77.376747 38.699490 66.934731
v -77.425735 38.712475 67.074654
v -77.361008 38.725460 67.208031
v -77.226128 39.871029 67.158646
v -77.092125 39.866219 67.094086
v -77.043152 39.854607 66.954033
v -77.107887 39.842995 66.820534
v -77.248413 39.838188 66.771790
v -77.382416 39.842999 66.836349
v -77.431396 39.854607 66.976395
v -77.366661 39.866219 67.109901
v -77.232071 41.015537 67.055527
v -77.098061 41.009975 66.991035
v -77.049072 40.996555 66.851151
v -77.113800 40.983131 66.717819
v -77.254326 40.977573 66.669136
v -77.388329 40.983131 66.733627
v -77.437317 40.996555 66.873512
v -77.372597 41.009975 67.006851
v -77.239395 42.160595 66.928368
v -77.105377 42.153366 66.864059
v -77.056366 42.135914 66.724632
v -77.121063 42.118462 66.591751
v -77.261574 42.111233 66.543259
v -77.395592 42.118462 66.607567
v -77.444611 42.135914 66.746994
v -77.379906 42.153366 66.879875
v -77.249771 43.306747 66.748215
v -77.115715 43.295624 66.684547
v -77.066612 43.268764 66.546654
v -77.131226 43.241901 66.415306
v -77.271706 43.230778 66.367455
v -77.405754 43.241901 66.431122
v -77.454857 43.268764 66.569016
v -77.390251 43.295624 66.700363
v -77.269875 44.447716 66.399185
v -77.135551 44.422741 66.340179
v -77.085800 44.362446 66.213539
v -77.149765 44.302151 66.093452
v -77.289978 44.277176 66.050262
v -77.424294 44.302151 66.109268
v -77.474045 44.362446 66.235909
v -77.410088 44.422741 66.355995
v -77.329681 45.200489 65.360970
v -77.192390 45.143539 65.353416
v -77.135490 45.006046 65.351006
v -77.192291 44.868557 65.355141
v -77.329536 44.811607 65.363403
v -77.466827 44.868557 65.370949
v -77.523735 45.006046 65.373367
v -77.466927 45.143539 65.369232
vt 0.005377 0.586792
vt 0.005377 0.585844
vt 0.014046 0.585844
vt 0.014046 0.586792
vt 0.006160 0.584995
vt 0.014046 0.584995
vt 0.006943 0.584136
vt 0.014046 0.584136
vt 0.006943 0.583207
vt 0.014046 0.583207
vt 0.006943 0.582287
vt 0.014046 0.582287
vt 0.006139 0.581477
vt 0.014046 0.588591
vt 0.005377 0.587746
vt 0.014046 0.587746
vt 0.022850 0.585844
vt 0.022850 0.586792
vt 0.022850 0.584995
vt 0.022850 0.584136
vt 0.022850 0.583207
vt 0.022850 0.582287
vt 0.022850 0.588591
vt 0.022850 0.587746
vt 0.030559 0.585844
vt 0.030559 0.586792
vt 0.030559 0.584995
vt 0.030559 0.584136
vt 0.030559 0.583207
vt 0.030559 0.582287
vt 0.030559 0.588591
vt 0.030559 0.587746
vt 0.038275 0.585844
vt 0.038275 0.586792
vt 0.038275 0.584995
vt 0.038275 0.584136
vt 0.038275 0.583207
vt 0.038275 0.582287
vt 0.038275 0.588591
vt 0.038275 0.587746
vt 0.045996 0.585844
vt 0.045996 0.586792
vt 0.045996 0.584995
vt 0.045996 0.584136
vt 0.045996 0.583207
vt 0.045996 0.582287
vt 0.045996 0.588591
vt 0.045996 0.587746
vt 0.053708 0.585844
vt 0.053708 0.586792
vt 0.053708 0.584995
vt 0.053708 0.584136
vt 0.053708 0.583207
vt 0.053708 0.582287
vt 0.053708 0.588591
vt 0.053708 0.587746
vt 0.061383 0.585844
vt 0.061383 0.586792
vt 0.061383 0.584995
vt 0.061383 0.584136
vt 0.061383 0.583207
vt 0.061383 0.582287
vt 0.061383 0.588591
vt 0.061383 0.587746
vt 0.069233 0.585844
vt 0.069233 0.586792
vt 0.069233 0.584995
vt 0.069233 0.584136
vt 0.069233 0.583207
vt 0.069233 0.582287
vt 0.069233 0.588591
vt 0.069233 0.587746
vt 0.076897 0.585844
vt 0.076897 0.586792
vt 0.076897 0.584995
vt 0.076897 0.584136
vt 0.076897 0.583207
vt 0.076897 0.582287
vt 0.076897 0.588591
vt 0.076897 0.587746
vt 0.089408 0.585844
vt 0.089408 0.586792
vt 0.089408 0.584995
vt 0.089408 0.584136
vt 0.089408 0.583207
vt 0.089408 0.582287
vt 0.089408 0.588591
vt 0.089408 0.587746
vt 0.098440 0.585844
vt 0.098440 0.586792
vt 0.098440 0.584995
vt 0.098440 0.584136
vt 0.098440 0.583207
vt 0.098440 0.582287
vt 0.098440 0.588591
vt 0.098440 0.587746
vt 0.107969 0.585844
vt 0.107969 0.586792
vt 0.107969 0.584995
vt 0.107969 0.584136
vt 0.107969 0.583207
vt 0.107969 0.582287
vt 0.107969 0.588591
vt 0.107969 0.587746
vt 0.115301 0.585844
vt 0.115301 0.586792
vt 0.115301 0.584995
vt 0.115301 0.584136
vt 0.115301 0.583207
vt 0.115301 0.582287
vt 0.115301 0.588591
vt 0.115301 0.587746
vt 0.122651 0.585844
vt 0.122651 0.586792
vt 0.122651 0.584995
vt 0.122651 0.584136
vt 0.122651 0.583207
vt 0.122651 0.582287
vt 0.122651 0.588591
vt 0.122651 0.587746
vt 0.130002 0.585844
vt 0.130002 0.586792
vt 0.130002 0.584995
vt 0.130002 0.584136
vt 0.130002 0.583207
vt 0.130002 0.582287
vt 0.130002 0.588591
vt 0.130002 0.587746
vt 0.137350 0.585844
vt 0.137350 0.586792
vt 0.137350 0.584995
vt 0.137350 0.584136
vt 0.137350 0.583207
vt 0.137350 0.582287
vt 0.137350 0.588591
vt 0.137350 0.587746
vt 0.144698 0.585844
vt 0.144698 0.586792
vt 0.144698 0.584995
vt 0.144698 0.584136
vt 0.144698 0.583207
vt 0.144698 0.582287
vt 0.144698 0.588591
vt 0.144698 0.587746
vt 0.151945 0.585844
vt 0.151945 0.586792
vt 0.151945 0.584995
vt 0.151945 0.584136
vt 0.151945 0.583207
vt 0.151945 0.582287
vt 0.151945 0.588591
vt 0.151945 0.587746
vt 0.159352 0.585844
vt 0.159352 0.586792
vt 0.158683 0.584995
vt 0.158000 0.584136
vt 0.158000 0.583207
vt 0.158000 0.582287
vt 0.158753 0.588591
vt 0.159352 0.587746
vt 0.151945 0.581477
vt 0.158676 0.581477
vt 0.144698 0.581477
vt 0.137350 0.581477
vt 0.130002 0.581477
vt 0.122651 0.581477
vt 0.115301 0.581477
vt 0.107969 0.581477
vt 0.098440 0.581477
vt 0.089408 0.581477
vt 0.076897 0.581477
vt 0.069233 0.581477
vt 0.061383 0.581477
vt 0.053708 0.581477
vt 0.045996 0.581477
vt 0.038275 0.581477
vt 0.030559 0.581477
vt 0.022850 0.581477
vt 0.014046 0.581477
vt 0.006083 0.588591
vn -0.030084 0.852241 -0.522283
vn 0.453291 0.746738 -0.486734
vn 0.596294 0.468213 -0.652082
vn -0.046358 0.591650 -0.804861
vn 0.953454 0.228965 -0.196215
vn 0.988377 0.081639 -0.128243
vn 0.733634 -0.584703 0.346271
vn 0.762937 -0.380687 0.522499
vn 0.032129 -0.829410 0.557716
vn 0.047573 -0.561595 0.826043
vn -0.689010 -0.584710 0.428229
vn -0.697895 -0.380685 0.606648
vn -0.969695 0.228890 -0.085447
vn -0.996568 0.081602 -0.013903
vn -0.506181 0.746733 -0.431475
vn -0.667214 0.468215 -0.579311
vn 0.652894 0.147184 -0.743012
vn -0.056278 0.204179 -0.977315
vn 0.996823 0.005447 -0.079461
vn 0.755177 -0.140975 0.640182
vn 0.056294 -0.202583 0.977646
vn -0.676678 -0.140982 0.722655
vn -0.999354 0.005446 0.035528
vn -0.733885 0.147195 -0.663134
vn 0.662123 0.073412 -0.745791
vn -0.057168 0.103337 -0.993002
vn 0.997968 0.000697 -0.063708
vn 0.749263 -0.072646 0.658276
vn 0.057198 -0.103203 0.993014
vn -0.668716 -0.072648 0.739960
vn -0.998683 0.000697 0.051298
vn -0.743384 0.073408 -0.664824
vn 0.664585 0.054460 -0.745226
vn -0.057314 0.076931 -0.995388
vn 0.998258 0.000122 -0.059008
vn 0.747189 -0.054330 0.662387
vn 0.057348 -0.076918 0.995387
vn -0.666184 -0.054329 0.743806
vn -0.998431 0.000124 0.055998
vn -0.745764 0.054459 -0.663981
vn 0.668262 0.063477 -0.741213
vn -0.057273 0.090140 -0.994281
vn 0.998648 -0.000584 -0.051970
vn 0.743698 -0.064161 0.665430
vn 0.057269 -0.090339 0.994263
vn -0.662383 -0.064160 0.746413
vn -0.998011 -0.000580 0.063040
vn -0.748957 0.063480 -0.659571
vn 0.673802 0.113056 -0.730212
vn -0.056769 0.161541 -0.985232
vn 0.999129 -0.002786 -0.041626
vn 0.737994 -0.116512 0.664673
vn 0.056723 -0.162889 0.985013
vn -0.656797 -0.116510 0.745012
vn -0.997301 -0.002797 0.073371
vn -0.753196 0.113048 -0.648009
vn 0.689158 0.241976 -0.683015
vn -0.053801 0.353145 -0.934020
vn 0.999678 -0.015471 -0.020113
vn 0.724672 -0.258013 0.638969
vn 0.053778 -0.354213 0.933617
vn -0.646505 -0.258016 0.717955
vn -0.995375 -0.015479 0.094807
vn -0.763025 0.241963 -0.599372
vn 0.699380 0.430384 -0.570646
vn -0.044589 0.631189 -0.774347
vn 0.999223 -0.035634 -0.016836
vn 0.708690 -0.466974 0.528860
vn 0.044484 -0.633749 0.772259
vn -0.643271 -0.466981 0.606738
vn -0.994546 -0.035655 0.098015
vn -0.760282 0.430379 -0.486564
vn 0.736799 0.637680 -0.224703
vn -0.015577 0.962586 -0.270528
vn 0.994917 -0.094336 -0.035236
vn 0.662919 -0.729211 0.169677
vn 0.015999 -0.960485 0.277873
vn -0.639056 -0.729208 0.244669
vn -0.992379 -0.094369 0.079240
vn -0.757756 0.637647 -0.138611
vn 0.761200 0.633547 0.138538
vn 0.015692 0.962017 0.272538
vn 0.991467 -0.099821 -0.083842
vn 0.635062 -0.730198 -0.252006
vn -0.016443 -0.958283 -0.285348
vn -0.659789 -0.730208 -0.177411
vn -0.994534 -0.099846 0.030559
vn -0.740275 0.633530 0.225020
vn 0.771350 0.369529 0.518139
vn 0.047863 0.554095 0.831077
vn 0.992523 -0.047213 -0.112555
vn 0.631626 -0.415367 -0.654614
vn -0.047936 -0.552498 -0.832135
vn -0.702617 -0.415379 -0.577745
vn -0.998882 -0.047220 0.002162
vn -0.706741 0.369556 0.603279
vn 0.757544 0.169049 0.630516
vn 0.055776 0.243695 0.968247
vn 0.996458 -0.007079 -0.083799
vn 0.651357 -0.176711 -0.737907
vn -0.055766 -0.244856 -0.967955
vn -0.731793 -0.176693 -0.658224
vn -0.999489 -0.007079 0.031176
vn -0.680114 0.169055 0.713348
vn 0.749994 0.079246 0.656680
vn 0.057120 0.112735 0.991982
vn 0.997834 -0.001130 -0.065775
vn 0.660787 -0.080653 -0.746227
vn -0.057177 -0.113279 -0.991917
vn -0.742113 -0.080646 -0.665406
vn -0.998787 -0.001138 0.049231
vn -0.669621 0.079241 0.738464
vn 0.746194 0.062156 0.662820
vn 0.057291 0.087867 0.994483
vn 0.998375 0.000048 -0.056984
vn 0.665693 -0.062112 -0.743636
vn -0.057295 -0.087869 -0.994483
vn -0.746686 -0.062107 -0.662271
vn -0.998315 0.000050 0.058024
vn -0.665139 0.062159 0.744128
vn 0.744949 0.071025 0.663330
vn 0.057238 0.100228 0.993317
vn 0.998515 0.000317 -0.054478
vn 0.667081 -0.070700 -0.741623
vn -0.057195 -0.100208 -0.993321
vn -0.747832 -0.070700 -0.660113
vn -0.998166 0.000315 0.060534
vn -0.663848 0.071030 0.744487
vn 0.743008 0.094582 0.662566
vn 0.056966 0.133099 0.989464
vn 0.998706 0.000949 -0.050844
vn 0.669129 -0.093568 -0.737232
vn -0.057006 -0.132972 -0.989479
vn -0.749361 -0.093574 -0.655517
vn -0.997939 0.000945 0.064166
vn -0.662017 0.094583 0.743497
vn 0.734660 0.161871 0.658841
vn 0.056017 0.225017 0.972743
vn 0.999296 0.005476 -0.037123
vn 0.676355 -0.155412 -0.719994
vn -0.056074 -0.223018 -0.973200
vn -0.754560 -0.155418 -0.637561
vn -0.996950 0.005477 0.077855
vn -0.654149 0.161874 0.738841
vn 0.680394 0.447304 0.580503
vn 0.046965 0.577021 0.815378
vn 0.997640 0.067943 0.009877
vn 0.703259 -0.370606 -0.606695
vn -0.048013 -0.550387 -0.833528
vn -0.768283 -0.370609 -0.521911
vn -0.989910 0.067912 0.124361
vn -0.609237 0.447302 0.654791
vn 0.567421 0.680468 0.463677
vn 0.033788 0.809027 0.586800
vn 0.983568 0.168250 0.065465
vn 0.706359 -0.541913 -0.455398
vn -0.035120 -0.791893 -0.609649
vn -0.753985 -0.541910 -0.371269
vn -0.969559 0.168170 0.177974
vn -0.510439 0.680460 0.525762
s 1
g group1 Cables sweep7
usemtl lambert2SG
f 1242/1512/1948 1243/1513/1949 1251/1514/1950 1250/1515/1951
f 1243/1513/1949 1244/1516/1952 1252/1517/1953 1251/1514/1950
f 1244/1516/1952 1245/1518/1954 1253/1519/1955 1252/1517/1953
f 1245/1518/1954 1246/1520/1956 1254/1521/1957 1253/1519/1955
f 1246/1520/1956 1247/1522/1958 1255/1523/1959 1254/1521/1957
f 1247/1522/1958 1248/1524/1960 1256/1690/1961 1255/1523/1959
f 1248/1691/1960 1249/1526/1962 1257/1527/1963 1256/1525/1961
f 1249/1526/1962 1242/1512/1948 1250/1515/1951 1257/1527/1963
f 1250/1515/1951 1251/1514/1950 1259/1528/1964 1258/1529/1965
f 1251/1514/1950 1252/1517/1953 1260/1530/1966 1259/1528/1964
f 1252/1517/1953 1253/1519/1955 1261/1531/1967 1260/1530/1966
f 1253/1519/1955 1254/1521/1957 1262/1532/1968 1261/1531/1967
f 1254/1521/1957 1255/1523/1959 1263/1533/1969 1262/1532/1968
f 1255/1523/1959 1256/1690/1961 1264/1689/1970 1263/1533/1969
f 1256/1525/1961 1257/1527/1963 1265/1535/1971 1264/1534/1970
f 1257/1527/1963 1250/1515/1951 1258/1529/1965 1265/1535/1971
f 1258/1529/1965 1259/1528/1964 1267/1536/1972 1266/1537/1973
f 1259/1528/1964 1260/1530/1966 1268/1538/1974 1267/1536/1972
f 1260/1530/1966 1261/1531/1967 1269/1539/1975 1268/1538/1974
f 1261/1531/1967 1262/1532/1968 1270/1540/1976 1269/1539/1975
f 1262/1532/1968 1263/1533/1969 1271/1541/1977 1270/1540/1976
f 1263/1533/1969 1264/1689/1970 1272/1688/1978 1271/1541/1977
f 1264/1534/1970 1265/1535/1971 1273/1543/1979 1272/1542/1978
f 1265/1535/1971 1258/1529/1965 1266/1537/1973 1273/1543/1979
f 1266/1537/1973 1267/1536/1972 1275/1544/1980 1274/1545/1981
f 1267/1536/1972 1268/1538/1974 1276/1546/1982 1275/1544/1980
f 1268/1538/1974 1269/1539/1975 1277/1547/1983 1276/1546/1982
f 1269/1539/1975 1270/1540/1976 1278/1548/1984 1277/1547/1983
f 1270/1540/1976 1271/1541/1977 1279/1549/1985 1278/1548/1984
f 1271/1541/1977 1272/1688/1978 1280/1687/1986 1279/1549/1985
f 1272/1542/1978 1273/1543/1979 1281/1551/1987 1280/1550/1986
f 1273/1543/1979 1266/1537/1973 1274/1545/1981 1281/1551/1987
f 1274/1545/1981 1275/1544/1980 1283/1552/1988 1282/1553/1989
f 1275/1544/1980 1276/1546/1982 1284/1554/1990 1283/1552/1988
f 1276/1546/1982 1277/1547/1983 1285/1555/1991 1284/1554/1990
f 1277/1547/1983 1278/1548/1984 1286/1556/1992 1285/1555/1991
f 1278/1548/1984 1279/1549/1985 1287/1557/1993 1286/1556/1992
f 1279/1549/1985 1280/1687/1986 1288/1686/1994 1287/1557/1993
f 1280/1550/1986 1281/1551/1987 1289/1559/1995 1288/1558/1994
f 1281/1551/1987 1274/1545/1981 1282/1553/1989 1289/1559/1995
f 1282/1553/1989 1283/1552/1988 1291/1560/1996 1290/1561/1997
f 1283/1552/1988 1284/1554/1990 1292/1562/1998 1291/1560/1996
f 1284/1554/1990 1285/1555/1991 1293/1563/1999 1292/1562/1998
f 1285/1555/1991 1286/1556/1992 1294/1564/2000 1293/1563/1999
f 1286/1556/1992 1287/1557/1993 1295/1565/2001 1294/1564/2000
f 1287/1557/1993 1288/1686/1994 1296/1685/2002 1295/1565/2001
f 1288/1558/1994 1289/1559/1995 1297/1567/2003 1296/1566/2002
f 1289/1559/1995 1282/1553/1989 1290/1561/1997 1297/1567/2003
f 1290/1561/1997 1291/1560/1996 1299/1568/2004 1298/1569/2005
f 1291/1560/1996 1292/1562/1998 1300/1570/2006 1299/1568/2004
f 1292/1562/1998 1293/1563/1999 1301/1571/2007 1300/1570/2006
f 1293/1563/1999 1294/1564/2000 1302/1572/2008 1301/1571/2007
f 1294/1564/2000 1295/1565/2001 1303/1573/2009 1302/1572/2008
f 1295/1565/2001 1296/1685/2002 1304/1684/2010 1303/1573/2009
f 1296/1566/2002 1297/1567/2003 1305/1575/2011 1304/1574/2010
f 1297/1567/2003 1290/1561/1997 1298/1569/2005 1305/1575/2011
f 1298/1569/2005 1299/1568/2004 1307/1576/2012 1306/1577/2013
f 1299/1568/2004 1300/1570/2006 1308/1578/2014 1307/1576/2012
f 1300/1570/2006 1301/1571/2007 1309/1579/2015 1308/1578/2014
f 1301/1571/2007 1302/1572/2008 1310/1580/2016 1309/1579/2015
f 1302/1572/2008 1303/1573/2009 1311/1581/2017 1310/1580/2016
f 1303/1573/2009 1304/1684/2010 1312/1683/2018 1311/1581/2017
f 1304/1574/2010 1305/1575/2011 1313/1583/2019 1312/1582/2018
f 1305/1575/2011 1298/1569/2005 1306/1577/2013 1313/1583/2019
f 1306/1577/2013 1307/1576/2012 1315/1584/2020 1314/1585/2021
f 1307/1576/2012 1308/1578/2014 1316/1586/2022 1315/1584/2020
f 1308/1578/2014 1309/1579/2015 1317/1587/2023 1316/1586/2022
f 1309/1579/2015 1310/1580/2016 1318/1588/2024 1317/1587/2023
f 1310/1580/2016 1311/1581/2017 1319/1589/2025 1318/1588/2024
f 1311/1581/2017 1312/1683/2018 1320/1682/2026 1319/1589/2025
f 1312/1582/2018 1313/1583/2019 1321/1591/2027 1320/1590/2026
f 1313/1583/2019 1306/1577/2013 1314/1585/2021 1321/1591/2027
f 1314/1585/2021 1315/1584/2020 1323/1592/2028 1322/1593/2029
f 1315/1584/2020 1316/1586/2022 1324/1594/2030 1323/1592/2028
f 1316/1586/2022 1317/1587/2023 1325/1595/2031 1324/1594/2030
f 1317/1587/2023 1318/1588/2024 1326/1596/2032 1325/1595/2031
f 1318/1588/2024 1319/1589/2025 1327/1597/2033 1326/1596/2032
f 1319/1589/2025 1320/1682/2026 1328/1681/2034 1327/1597/2033
f 1320/1590/2026 1321/1591/2027 1329/1599/2035 1328/1598/2034
f 1321/1591/2027 1314/1585/2021 1322/1593/2029 1329/1599/2035
f 1322/1593/2029 1323/1592/2028 1331/1600/2036 1330/1601/2037
f 1323/1592/2028 1324/1594/2030 1332/1602/2038 1331/1600/2036
f 1324/1594/2030 1325/1595/2031 1333/1603/2039 1332/1602/2038
f 1325/1595/2031 1326/1596/2032 1334/1604/2040 1333/1603/2039
f 1326/1596/2032 1327/1597/2033 1335/1605/2041 1334/1604/2040
f 1327/1597/2033 1328/1681/2034 1336/1680/2042 1335/1605/2041
f 1328/1598/2034 1329/1599/2035 1337/1607/2043 1336/1606/2042
f 1329/1599/2035 1322/1593/2029 1330/1601/2037 1337/1607/2043
f 1330/1601/2037 1331/1600/2036 1339/1608/2044 1338/1609/2045
f 1331/1600/2036 1332/1602/2038 1340/1610/2046 1339/1608/2044
f 1332/1602/2038 1333/1603/2039 1341/1611/2047 1340/1610/2046
f 1333/1603/2039 1334/1604/2040 1342/1612/2048 1341/1611/2047
f 1334/1604/2040 1335/1605/2041 1343/1613/2049 1342/1612/2048
f 1335/1605/2041 1336/1680/2042 1344/1679/2050 1343/1613/2049
f 1336/1606/2042 1337/1607/2043 1345/1615/2051 1344/1614/2050
f 1337/1607/2043 1330/1601/2037 1338/1609/2045 1345/1615/2051
f 1338/1609/2045 1339/1608/2044 1347/1616/2052 1346/1617/2053
f 1339/1608/2044 1340/1610/2046 1348/1618/2054 1347/1616/2052
f 1340/1610/2046 1341/1611/2047 1349/1619/2055 1348/1618/2054
f 1341/1611/2047 1342/1612/2048 1350/1620/2056 1349/1619/2055
f 1342/1612/2048 1343/1613/2049 1351/1621/2057 1350/1620/2056
f 1343/1613/2049 1344/1679/2050 1352/1678/2058 1351/1621/2057
f 1344/1614/2050 1345/1615/2051 1353/1623/2059 1352/1622/2058
f 1345/1615/2051 1338/1609/2045 1346/1617/2053 1353/1623/2059
f 1346/1617/2053 1347/1616/2052 1355/1624/2060 1354/1625/2061
f 1347/1616/2052 1348/1618/2054 1356/1626/2062 1355/1624/2060
f 1348/1618/2054 1349/1619/2055 1357/1627/2063 1356/1626/2062
f 1349/1619/2055 1350/1620/2056 1358/1628/2064 1357/1627/2063
f 1350/1620/2056 1351/1621/2057 1359/1629/2065 1358/1628/2064
f 1351/1621/2057 1352/1678/2058 1360/1677/2066 1359/1629/2065
f 1352/1622/2058 1353/1623/2059 1361/1631/2067 1360/1630/2066
f 1353/1623/2059 1346/1617/2053 1354/1625/2061 1361/1631/2067
f 1354/1625/2061 1355/1624/2060 1363/1632/2068 1362/1633/2069
f 1355/1624/2060 1356/1626/2062 1364/1634/2070 1363/1632/2068
f 1356/1626/2062 1357/1627/2063 1365/1635/2071 1364/1634/2070
f 1357/1627/2063 1358/1628/2064 1366/1636/2072 1365/1635/2071
f 1358/1628/2064 1359/1629/2065 1367/1637/2073 1366/1636/2072
f 1359/1629/2065 1360/1677/2066 1368/1676/2074 1367/1637/2073
f 1360/1630/2066 1361/1631/2067 1369/1639/2075 1368/1638/2074
f 1361/1631/2067 1354/1625/2061 1362/1633/2069 1369/1639/2075
f 1362/1633/2069 1363/1632/2068 1371/1640/2076 1370/1641/2077
f 1363/1632/2068 1364/1634/2070 1372/1642/2078 1371/1640/2076
f 1364/1634/2070 1365/1635/2071 1373/1643/2079 1372/1642/2078
f 1365/1635/2071 1366/1636/2072 1374/1644/2080 1373/1643/2079
f 1366/1636/2072 1367/1637/2073 1375/1645/2081 1374/1644/2080
f 1367/1637/2073 1368/1676/2074 1376/1675/2082 1375/1645/2081
f 1368/1638/2074 1369/1639/2075 1377/1647/2083 1376/1646/2082
f 1369/1639/2075 1362/1633/2069 1370/1641/2077 1377/1647/2083
f 1370/1641/2077 1371/1640/2076 1379/1648/2084 1378/1649/2085
f 1371/1640/2076 1372/1642/2078 1380/1650/2086 1379/1648/2084
f 1372/1642/2078 1373/1643/2079 1381/1651/2087 1380/1650/2086
f 1373/1643/2079 1374/1644/2080 1382/1652/2088 1381/1651/2087
f 1374/1644/2080 1375/1645/2081 1383/1653/2089 1382/1652/2088
f 1375/1645/2081 1376/1675/2082 1384/1674/2090 1383/1653/2089
f 1376/1646/2082 1377/1647/2083 1385/1655/2091 1384/1654/2090
f 1377/1647/2083 1370/1641/2077 1378/1649/2085 1385/1655/2091
f 1378/1649/2085 1379/1648/2084 1387/1656/2092 1386/1657/2093
f 1379/1648/2084 1380/1650/2086 1388/1658/2094 1387/1656/2092
f 1380/1650/2086 1381/1651/2087 1389/1659/2095 1388/1658/2094
f 1381/1651/2087 1382/1652/2088 1390/1660/2096 1389/1659/2095
f 1382/1652/2088 1383/1653/2089 1391/1661/2097 1390/1660/2096
f 1383/1653/2089 1384/1674/2090 1392/1672/2098 1391/1661/2097
f 1384/1654/2090 1385/1655/2091 1393/1663/2099 1392/1662/2098
f 1385/1655/2091 1378/1649/2085 1386/1657/2093 1393/1663/2099
f 1386/1657/2093 1387/1656/2092 1395/1664/2100 1394/1665/2101
f 1387/1656/2092 1388/1658/2094 1396/1666/2102 1395/1664/2100
f 1388/1658/2094 1389/1659/2095 1397/1667/2103 1396/1666/2102
f 1389/1659/2095 1390/1660/2096 1398/1668/2104 1397/1667/2103
f 1390/1660/2096 1391/1661/2097 1399/1669/2105 1398/1668/2104
f 1391/1661/2097 1392/1672/2098 1400/1673/2106 1399/1669/2105
f 1392/1662/2098 1393/1663/2099 1401/1671/2107 1400/1670/2106
f 1393/1663/2099 1386/1657/2093 1394/1665/2101 1401/1671/2107
g default
v 22.887218 22.319111 81.878433
v 68.358452 22.319111 81.878433
v 22.887218 22.690315 81.878433
v 68.358452 22.690315 81.878433
v 22.887218 22.690315 59.226650
v 68.358452 22.690315 59.226650
v 22.887218 22.319111 59.226650
v 68.358452 22.319111 59.226650
vt 0.468487 0.616881
vt 0.186457 0.616915
vt 0.186440 0.476419
vt 0.468470 0.476386
vt 0.184137 0.476420
vt 0.468470 0.474085
vt 0.184155 0.616915
vt 0.470787 0.616881
vt 0.186440 0.474117
vt 0.470772 0.476386
vn 0.000000 1.000000 0.000000
vn 0.000000 1.000000 0.000000
vn 0.000000 1.000000 0.000000
vn 0.000000 1.000000 0.000000
vn 0.000000 0.000000 -1.000000
vn 0.000000 0.000000 -1.000000
vn 0.000000 0.000000 -1.000000
vn 0.000000 0.000000 -1.000000
vn 1.000000 0.000000 0.000000
vn 1.000000 0.000000 0.000000
vn 1.000000 0.000000 0.000000
vn 1.000000 0.000000 0.000000
vn -1.000000 0.000000 0.000000
vn -1.000000 0.000000 0.000000
vn -1.000000 0.000000 0.000000
vn -1.000000 0.000000 0.000000
s off
g group1 pCube1
usemtl lambert2SG
f 1404/1692/2108 1405/1693/2109 1407/1694/2110 1406/1695/2111
f 1406/1695/2112 1407/1694/2113 1409/1700/2114 1408/1697/2115
f 1403/1698/2116 1409/1696/2117 1407/1694/2118 1405/1693/2119
f 1408/1701/2120 1402/1699/2121 1404/1692/2122 1406/1695/2123
g default
v 19.119335 16.158457 80.578842
v 19.119335 16.312592 80.489845
v 19.119335 16.487867 80.520752
v 19.119335 16.602270 80.657097
v 19.119335 16.602270 80.835068
v 19.119335 16.487867 80.971413
v 19.119337 16.312592 81.002319
v 19.119335 16.158457 80.913322
v 19.119335 16.097584 80.746086
v 19.639713 16.158457 80.578842
v 19.639713 16.312592 80.489845
v 19.639713 16.487867 80.520752
v 19.639713 16.602272 80.657097
v 19.639713 16.602272 80.835068
v 19.639713 16.487867 80.971413
v 19.639713 16.312592 81.002319
v 19.639713 16.158457 80.913322
v 19.639713 16.097584 80.746086
v 19.639713 16.357773 80.746086
vt 0.853250 0.006051
vt 0.853250 0.007155
vt 0.339263 0.013397
vt 0.339071 0.012310
vt 0.853250 0.008259
vt 0.338711 0.014353
vt 0.853250 0.009363
vt 0.337674 0.014731
vt 0.853250 0.010466
vt 0.336636 0.014353
vt 0.853250 0.011570
vt 0.336084 0.013397
vt 0.853250 0.012674
vt 0.336276 0.012310
vt 0.853250 0.013778
vt 0.337121 0.011600
vt 0.853250 0.014882
vt 0.338225 0.011600
vt 0.337673 0.013117
vt 0.853250 0.004947
vt 0.850023 0.004947
vt 0.850022 0.014882
vt 0.850023 0.006051
vt 0.850022 0.013778
vt 0.850022 0.012674
vt 0.850022 0.011570
vt 0.850022 0.010466
vt 0.850022 0.009362
vt 0.850022 0.008258
vt 0.850022 0.007155
vn 0.000000 -0.500032 -0.866007
vn 0.000000 -0.500032 -0.866007
vn 0.000000 -0.500032 -0.866007
vn 0.000000 -0.500032 -0.866007
vn 0.000000 0.173651 -0.984807
vn 0.000000 0.173651 -0.984807
vn 0.000000 0.173651 -0.984807
vn 0.000000 0.173651 -0.984807
vn 0.000000 0.766054 -0.642776
vn 0.000000 0.766054 -0.642776
vn 0.000000 0.766054 -0.642776
vn 0.000000 0.766054 -0.642776
vn -0.000004 1.000000 0.000000
vn -0.000004 1.000000 0.000000
vn -0.000004 1.000000 0.000000
vn -0.000004 1.000000 0.000000
vn -0.000003 0.766054 0.642776
vn -0.000003 0.766054 0.642776
vn -0.000003 0.766054 0.642776
vn -0.000003 0.766054 0.642776
vn 0.000000 0.173653 0.984807
vn 0.000000 0.173653 0.984807
vn 0.000000 0.173653 0.984807
vn 0.000000 0.173653 0.984807
vn 0.000000 -0.500032 0.866007
vn 0.000000 -0.500032 0.866007
vn 0.000000 -0.500032 0.866007
vn 0.000000 -0.500032 0.866007
vn 0.000000 -0.939685 0.342042
vn 0.000000 -0.939685 0.342042
vn 0.000000 -0.939685 0.342042
vn 0.000000 -0.939685 0.342042
vn 0.000000 -0.939690 -0.342028
vn 0.000000 -0.939690 -0.342028
vn 0.000000 -0.939690 -0.342028
vn 0.000000 -0.939690 -0.342028
vn 1.000000 -0.000005 0.000000
vn 1.000000 -0.000005 0.000000
vn 1.000000 -0.000003 0.000000
vn 1.000000 0.000000 0.000000
vn 1.000000 -0.000003 0.000000
vn 1.000000 0.000003 0.000000
vn 1.000000 -0.000005 0.000000
vn 1.000000 -0.000011 0.000000
vn 1.000000 0.000000 0.000000
vn 1.000000 0.000000 0.000000
s off
g group1 Disco_duro pCylinder1
f 1410/1702/2124 1411/1703/2125 1420/1731/2126 1419/1724/2127
f 1411/1703/2128 1412/1706/2129 1421/1730/2130 1420/1731/2131
f 1412/1706/2132 1413/1708/2133 1422/1729/2134 1421/1730/2135
f 1413/1708/2136 1414/1710/2137 1423/1728/2138 1422/1729/2139
f 1414/1710/2140 1415/1712/2141 1424/1727/2142 1423/1728/2143
f 1415/1712/2144 1416/1714/2145 1425/1726/2146 1424/1727/2147
f 1416/1714/2148 1417/1716/2149 1426/1725/2150 1425/1726/2151
f 1417/1716/2152 1418/1718/2153 1427/1723/2154 1426/1725/2155
f 1418/1721/2156 1410/1702/2157 1419/1724/2158 1427/1722/2159
s 1
f 1419/1705/2160 1420/1704/2161 1428/1720/2162
f 1420/1704/2161 1421/1707/2163 1428/1720/2162
f 1421/1707/2163 1422/1709/2164 1428/1720/2162
f 1422/1709/2164 1423/1711/2165 1428/1720/2162
f 1423/1711/2165 1424/1713/2166 1428/1720/2162
f 1424/1713/2166 1425/1715/2167 1428/1720/2162
f 1425/1715/2167 1426/1717/2168 1428/1720/2162
f 1426/1717/2168 1427/1719/2169 1428/1720/2162
f 1427/1719/2169 1419/1705/2160 1428/1720/2162
g default
v -76.730881 40.233330 75.094055
v -76.573524 40.216000 75.156219
v -76.507881 40.174160 75.307449
v -76.572426 40.132320 75.459145
v -76.729332 40.114990 75.522453
v -76.886688 40.132320 75.460281
v -76.952324 40.174160 75.309059
v -76.887787 40.216000 75.157364
v -76.732460 38.517414 74.657227
v -76.575104 38.502590 74.720039
v -76.509460 38.466808 74.872803
v -76.573990 38.431026 75.026047
v -76.730896 38.416203 75.089996
v -76.888260 38.431023 75.027184
v -76.953903 38.466808 74.874413
v -76.889366 38.502590 74.721176
v -76.733810 36.786465 74.285400
v -76.576439 36.773907 74.348694
v -76.510796 36.743591 74.502640
v -76.575325 36.713276 74.657059
v -76.732224 36.700718 74.721489
v -76.889595 36.713276 74.658195
v -76.955238 36.743591 74.504250
v -76.890709 36.773907 74.349831
v -76.734940 35.044819 73.971962
v -76.577568 35.034279 74.035622
v -76.511925 35.008835 74.190445
v -76.576447 34.983391 74.345741
v -76.733345 34.972851 74.410538
v -76.890717 34.983391 74.346878
v -76.956367 35.008835 74.192055
v -76.891838 35.034279 74.036758
v -76.735863 33.343929 73.715935
v -76.578491 33.335022 73.779839
v -76.512840 33.313522 73.935257
v -76.577362 33.292019 74.091148
v -76.734268 33.283112 74.156189
v -76.891632 33.292019 74.092285
v -76.957283 33.313519 73.936867
v -76.892761 33.335022 73.780975
v -76.736656 31.641079 73.497887
v -76.579285 31.633381 73.561951
v -76.513634 31.614798 73.717743
v -76.578156 31.596214 73.874008
v -76.735054 31.588518 73.939209
v -76.892426 31.596216 73.875153
v -76.958076 31.614799 73.719353
v -76.893555 31.633383 73.563087
v -76.737373 29.934654 73.306091
v -76.580009 29.927736 73.370239
v -76.514351 29.911045 73.526253
v -76.578873 29.894356 73.682732
v -76.735771 29.887445 73.748024
v -76.893143 29.894363 73.683868
v -76.958794 29.911055 73.527863
v -76.894272 29.927744 73.371384
v -76.738075 28.230217 73.129745
v -76.580704 28.223673 73.193939
v -76.515053 28.207886 73.350037
v -76.579575 28.192104 73.506615
v -76.736473 28.185572 73.571945
v -76.893837 28.192118 73.507751
v -76.959496 28.207905 73.351654
v -76.894974 28.223686 73.195076
v -76.738762 26.523603 72.961357
v -76.581398 26.517359 73.025574
v -76.515739 26.502296 73.181747
v -76.580261 26.487240 73.338394
v -76.737160 26.481009 73.403748
v -76.894531 26.487253 73.339531
v -76.960182 26.502316 73.183357
v -76.895668 26.517372 73.026711
v -76.739410 24.816376 72.801422
v -76.582039 24.810476 72.865669
v -76.516388 24.796236 73.021919
v -76.580902 24.782000 73.178642
v -76.737801 24.776104 73.244034
v -76.895172 24.782005 73.179779
v -76.960823 24.796246 73.023529
v -76.896309 24.810482 72.866806
v -76.739952 23.107685 72.650894
v -76.582581 23.102169 72.715179
v -76.516930 23.088842 72.871506
v -76.581444 23.075512 73.028313
v -76.738350 23.069986 73.093735
v -76.895714 23.075502 73.029449
v -76.961372 23.088829 72.873116
v -76.896851 23.102160 72.716316
v -76.740410 21.400522 72.507431
v -76.583046 21.395039 72.571716
v -76.517387 21.381794 72.728058
v -76.581909 21.368547 72.884865
v -76.738808 21.363058 72.950287
v -76.896179 21.368542 72.886002
v -76.961830 21.381786 72.729668
v -76.897308 21.395033 72.572853
v -76.741035 19.695692 72.356552
v -76.583664 19.689573 72.420784
v -76.518013 19.674841 72.576988
v -76.582535 19.660126 72.733665
v -76.739433 19.654047 72.799042
v -76.896797 19.660166 72.734810
v -76.962456 19.674898 72.578606
v -76.897934 19.689613 72.421928
v -76.742119 17.995747 72.180962
v -76.584747 17.988285 72.245049
v -76.519096 17.970404 72.400932
v -76.583618 17.952576 72.557281
v -76.740517 17.945246 72.622528
v -76.897888 17.952707 72.558434
v -76.963539 17.970589 72.402557
v -76.899017 17.988417 72.246201
v -76.744179 16.167215 71.874939
v -76.586815 16.151550 71.937553
v -76.521187 16.113884 72.089874
v -76.585732 16.076283 72.242668
v -76.742638 16.060768 72.306442
v -76.900002 16.076433 72.243828
v -76.965630 16.114098 72.091507
v -76.901085 16.151701 71.938705
v -76.746460 14.484549 71.209389
v -76.589127 14.450703 71.264420
v -76.523560 14.368803 71.398293
v -76.588165 14.286826 71.532578
v -76.745102 14.252792 71.588623
v -76.902435 14.286638 71.533592
v -76.968002 14.368538 71.399727
v -76.903397 14.450515 71.265434
v -76.749123 13.269464 69.964424
v -76.591850 13.211637 69.993561
v -76.526428 13.071727 70.064781
v -76.591179 12.931692 70.136375
v -76.748169 12.873564 70.166397
v -76.905441 12.931391 70.137268
v -76.970871 13.071301 70.066040
v -76.906120 13.211336 69.994453
v -76.753220 13.053798 68.437813
v -76.596069 12.991325 68.419640
v -76.530960 12.840200 68.376640
v -76.596016 12.688950 68.334000
v -76.753143 12.626173 68.316704
v -76.910286 12.688645 68.334869
v -76.975403 12.839771 68.377869
v -76.910339 12.991022 68.420509
v -76.757362 14.037313 67.233749
v -76.600334 14.000999 67.179413
v -76.535515 13.913061 67.049057
v -76.600861 13.825012 66.919044
v -76.758110 13.788430 66.865524
v -76.915131 13.824744 66.919861
v -76.979958 13.912682 67.050217
v -76.914604 14.000731 67.180237
v -76.760284 15.553814 66.528778
v -76.603287 15.534365 66.466301
v -76.538544 15.487222 66.316261
v -76.603981 15.440001 66.166534
v -76.761253 15.420364 66.104843
v -76.918251 15.439814 66.167320
v -76.982986 15.486956 66.317368
v -76.917557 15.534177 66.467087
v -76.762039 17.222239 66.179039
v -76.605057 17.212967 66.114235
v -76.540344 17.190407 65.958572
v -76.605804 17.167770 65.803238
v -76.763092 17.158319 65.739212
v -76.920074 17.167591 65.804016
v -76.984787 17.190151 65.959679
v -76.919327 17.212788 66.115021
v -76.763893 19.192501 65.932083
v -76.606911 19.185699 65.866966
v -76.542206 19.169094 65.710556
v -76.607674 19.152411 65.554466
v -76.764961 19.145426 65.490135
v -76.921936 19.152227 65.555252
v -76.986649 19.168833 65.711662
v -76.921181 19.185514 65.867752
v -76.765114 21.173561 65.751183
v -76.608131 21.168154 65.685936
v -76.543427 21.155037 65.529198
v -76.608894 21.141891 65.372772
v -76.766190 21.136419 65.308296
v -76.923164 21.141827 65.373535
v -76.987869 21.154943 65.530281
v -76.922401 21.168089 65.686707
v -76.765900 23.166933 65.554436
v -76.608917 23.158901 65.489464
v -76.544212 23.139462 65.333382
v -76.609680 23.119999 65.177612
v -76.766968 23.111917 65.113411
v -76.923943 23.119949 65.178383
v -76.988655 23.139389 65.334465
v -76.923187 23.158852 65.490234
v -76.767166 25.154020 65.212997
v -76.610184 25.139473 65.149185
v -76.545464 25.104263 64.995888
v -76.610916 25.069017 64.842911
v -76.768204 25.054380 64.779869
v -76.925186 25.068928 64.843689
v -76.989906 25.104137 64.996986
v -76.924454 25.139383 65.149956
vt 0.175200 0.296252
vt 0.175200 0.295185
vt 0.186220 0.295185
vt 0.186220 0.296252
vt 0.175200 0.294135
vt 0.186220 0.294135
vt 0.175200 0.293106
vt 0.186220 0.293106
vt 0.175200 0.292049
vt 0.186220 0.292049
vt 0.175200 0.290993
vt 0.186220 0.290993
vt 0.175200 0.289967
vt 0.186220 0.298345
vt 0.175200 0.297316
vt 0.186220 0.297316
vt 0.197247 0.295185
vt 0.197247 0.296252
vt 0.197247 0.294135
vt 0.197247 0.293106
vt 0.197247 0.292049
vt 0.197247 0.290993
vt 0.197247 0.298345
vt 0.197247 0.297316
vt 0.208273 0.295185
vt 0.208273 0.296252
vt 0.208273 0.294135
vt 0.208273 0.293106
vt 0.208273 0.292049
vt 0.208273 0.290993
vt 0.208273 0.298345
vt 0.208273 0.297316
vt 0.218999 0.295185
vt 0.218999 0.296252
vt 0.218999 0.294135
vt 0.218999 0.293106
vt 0.218999 0.292049
vt 0.218999 0.290993
vt 0.218999 0.298345
vt 0.218999 0.297316
vt 0.229713 0.295185
vt 0.229713 0.296252
vt 0.229713 0.294135
vt 0.229713 0.293106
vt 0.229713 0.292049
vt 0.229713 0.290993
vt 0.229713 0.298345
vt 0.229713 0.297316
vt 0.240438 0.295185
vt 0.240438 0.296252
vt 0.240438 0.294135
vt 0.240438 0.293106
vt 0.240438 0.292049
vt 0.240438 0.290993
vt 0.240438 0.298345
vt 0.240438 0.297316
vt 0.251151 0.295185
vt 0.251151 0.296252
vt 0.251151 0.294135
vt 0.251151 0.293106
vt 0.251151 0.292049
vt 0.251151 0.290993
vt 0.251151 0.298345
vt 0.251151 0.297316
vt 0.261874 0.295185
vt 0.261874 0.296252
vt 0.261874 0.294135
vt 0.261874 0.293106
vt 0.261874 0.292049
vt 0.261874 0.290993
vt 0.261874 0.298345
vt 0.261874 0.297316
vt 0.272594 0.295185
vt 0.272594 0.296252
vt 0.272594 0.294135
vt 0.272594 0.293106
vt 0.272594 0.292049
vt 0.272594 0.290993
vt 0.272594 0.298345
vt 0.272594 0.297316
vt 0.283318 0.295185
vt 0.283318 0.296252
vt 0.283318 0.294135
vt 0.283318 0.293106
vt 0.283318 0.292049
vt 0.283318 0.290993
vt 0.283318 0.298345
vt 0.283318 0.297316
vt 0.294035 0.295185
vt 0.294035 0.296252
vt 0.294035 0.294135
vt 0.294035 0.293106
vt 0.294035 0.292049
vt 0.294035 0.290993
vt 0.294035 0.298345
vt 0.294035 0.297316
vt 0.304756 0.295185
vt 0.304756 0.296252
vt 0.304756 0.294135
vt 0.304756 0.293106
vt 0.304756 0.292049
vt 0.304756 0.290993
vt 0.304756 0.298345
vt 0.304756 0.297316
vt 0.315475 0.295185
vt 0.315475 0.296252
vt 0.315475 0.294135
vt 0.315475 0.293106
vt 0.315475 0.292049
vt 0.315475 0.290993
vt 0.315475 0.298345
vt 0.315475 0.297316
vt 0.327231 0.295185
vt 0.327231 0.296252
vt 0.327231 0.294135
vt 0.327231 0.293106
vt 0.327231 0.292049
vt 0.327231 0.290993
vt 0.327231 0.298345
vt 0.327231 0.297316
vt 0.338876 0.295185
vt 0.338876 0.296252
vt 0.338876 0.294135
vt 0.338876 0.293106
vt 0.338876 0.292049
vt 0.338876 0.290993
vt 0.338876 0.298345
vt 0.338876 0.297316
vt 0.350231 0.295185
vt 0.350231 0.296252
vt 0.350231 0.294135
vt 0.350231 0.293106
vt 0.350231 0.292049
vt 0.350231 0.290993
vt 0.350231 0.298345
vt 0.350231 0.297316
vt 0.360405 0.295185
vt 0.360405 0.296252
vt 0.360405 0.294135
vt 0.360405 0.293106
vt 0.360405 0.292049
vt 0.360405 0.290993
vt 0.360405 0.298345
vt 0.360405 0.297316
vt 0.370678 0.295185
vt 0.370678 0.296252
vt 0.370678 0.294135
vt 0.370678 0.293106
vt 0.370678 0.292049
vt 0.370678 0.290993
vt 0.370678 0.298345
vt 0.370678 0.297316
vt 0.381442 0.295185
vt 0.381442 0.296252
vt 0.381442 0.294135
vt 0.381442 0.293106
vt 0.381442 0.292049
vt 0.381442 0.290993
vt 0.381442 0.298345
vt 0.381442 0.297316
vt 0.392304 0.295185
vt 0.392304 0.296252
vt 0.392304 0.294135
vt 0.392304 0.293106
vt 0.392304 0.292049
vt 0.392304 0.290993
vt 0.392304 0.298345
vt 0.392304 0.297316
vt 0.404778 0.295185
vt 0.404778 0.296252
vt 0.404778 0.294135
vt 0.404778 0.293106
vt 0.404778 0.292049
vt 0.404778 0.290993
vt 0.404778 0.298345
vt 0.404778 0.297316
vt 0.417255 0.295185
vt 0.417255 0.296252
vt 0.417255 0.294135
vt 0.417255 0.293106
vt 0.417255 0.292049
vt 0.417255 0.290993
vt 0.417255 0.298345
vt 0.417255 0.297316
vt 0.429728 0.295185
vt 0.429728 0.296252
vt 0.429728 0.294135
vt 0.429728 0.293106
vt 0.429728 0.292049
vt 0.429728 0.290993
vt 0.429728 0.298345
vt 0.429728 0.297316
vt 0.442196 0.295185
vt 0.442196 0.296252
vt 0.442196 0.294135
vt 0.442196 0.293106
vt 0.442196 0.292049
vt 0.442196 0.290993
vt 0.442196 0.298345
vt 0.442196 0.297316
vt 0.429728 0.289967
vt 0.442196 0.289967
vt 0.417255 0.289967
vt 0.404778 0.289967
vt 0.392304 0.289967
vt 0.381442 0.289967
vt 0.370678 0.289967
vt 0.360405 0.289967
vt 0.350231 0.289967
vt 0.338876 0.289967
vt 0.327231 0.289967
vt 0.315475 0.289967
vt 0.304756 0.289967
vt 0.294035 0.289967
vt 0.283318 0.289967
vt 0.272594 0.289967
vt 0.261874 0.289967
vt 0.251151 0.289967
vt 0.240438 0.289967
vt 0.229713 0.289967
vt 0.218999 0.289967
vt 0.208273 0.289967
vt 0.197247 0.289967
vt 0.186220 0.289967
vt 0.175200 0.298345
vn -0.003542 0.246707 -0.969084
vn 0.701682 0.175162 -0.690624
vn 0.701937 0.162112 -0.693544
vn -0.003555 0.228400 -0.973561
vn 0.999957 0.001396 -0.009126
vn 0.999961 0.001210 -0.008768
vn 0.712341 -0.173758 0.679984
vn 0.712229 -0.160893 0.683260
vn 0.003488 -0.246689 0.969088
vn 0.003527 -0.228391 0.973563
vn -0.707395 -0.173742 0.685133
vn -0.707251 -0.160891 0.688411
vn -0.999997 0.001395 -0.001866
vn -0.999998 0.001208 -0.001528
vn -0.706670 0.175158 -0.685519
vn -0.706944 0.162105 -0.688442
vn 0.702223 0.137355 -0.698582
vn -0.003558 0.193597 -0.981075
vn 0.999966 0.000916 -0.008226
vn 0.711952 -0.136436 0.688847
vn 0.003552 -0.193597 0.981075
vn -0.706925 -0.136444 0.694004
vn -0.999999 0.000912 -0.001005
vn -0.707257 0.137349 -0.693486
vn 0.702547 0.115731 -0.702164
vn -0.003565 0.163198 -0.986587
vn 0.999971 0.000667 -0.007591
vn 0.711630 -0.115067 0.693067
vn 0.003558 -0.163197 0.986587
vn -0.706577 -0.115071 0.698218
vn -1.000000 0.000656 -0.000356
vn -0.707618 0.115729 -0.697054
vn 0.702996 0.097756 -0.704444
vn -0.003567 0.137945 -0.990433
vn 0.999977 0.000434 -0.006699
vn 0.711179 -0.097324 0.696242
vn 0.003593 -0.137943 0.990434
vn -0.706115 -0.097326 0.701376
vn -1.000000 0.000432 0.000548
vn -0.708088 0.097762 -0.699324
vn 0.703462 0.084519 -0.705690
vn -0.003578 0.119352 -0.992846
vn 0.999983 0.000255 -0.005781
vn 0.710719 -0.084267 0.698411
vn 0.003614 -0.119349 0.992846
vn -0.705636 -0.084257 0.703547
vn -0.999999 0.000272 0.001463
vn -0.708558 0.084532 -0.700571
vn 0.703919 0.075929 -0.706210
vn -0.003621 0.107309 -0.994219
vn 0.999988 0.000111 -0.004864
vn 0.710274 -0.075826 0.699829
vn 0.003613 -0.107306 0.994220
vn -0.705174 -0.075790 0.704972
vn -0.999997 0.000159 0.002382
vn -0.709031 0.075961 -0.701074
vn 0.704210 0.071106 -0.706422
vn -0.003610 0.100555 -0.994925
vn 0.999991 0.000027 -0.004300
vn 0.709993 -0.071097 0.700611
vn 0.003617 -0.100553 0.994925
vn -0.704894 -0.071038 0.705746
vn -0.999996 0.000108 0.002958
vn -0.709314 0.071167 -0.701291
vn 0.704197 0.067700 -0.706769
vn -0.003610 0.095734 -0.995400
vn 0.999991 0.000028 -0.004325
vn 0.709999 -0.067689 0.700942
vn 0.003621 -0.095734 0.995400
vn -0.704908 -0.067634 0.706067
vn -0.999996 0.000107 0.002942
vn -0.709299 0.067760 -0.701644
vn 0.704155 0.064026 -0.707154
vn -0.003635 0.090514 -0.995889
vn 0.999990 0.000054 -0.004412
vn 0.710046 -0.063978 0.701243
vn 0.003610 -0.090514 0.995889
vn -0.704955 -0.063953 0.706363
vn -0.999996 0.000090 0.002856
vn -0.709258 0.064052 -0.702033
vn 0.704275 0.060669 -0.707330
vn -0.003616 0.085748 -0.996310
vn 0.999991 0.000063 -0.004178
vn 0.709929 -0.060598 0.701661
vn 0.003594 -0.085750 0.996310
vn -0.704834 -0.060620 0.706778
vn -0.999995 0.000033 0.003072
vn -0.709376 0.060644 -0.702216
vn 0.704870 0.060743 -0.706731
vn -0.003605 0.085949 -0.996293
vn 0.999996 -0.000062 -0.003002
vn 0.709340 -0.060809 0.702239
vn 0.003607 -0.085949 0.996293
vn -0.704229 -0.060799 0.707364
vn -0.999991 -0.000049 0.004240
vn -0.709960 0.060752 -0.701617
vn 0.705610 0.067285 -0.705398
vn -0.003585 0.095454 -0.995427
vn 0.999999 -0.000353 -0.001574
vn 0.708628 -0.067705 0.702326
vn 0.003627 -0.095455 0.995427
vn -0.703493 -0.067492 0.707491
vn -0.999984 -0.000050 0.005693
vn -0.710677 0.067505 -0.700272
vn 0.708960 0.094820 -0.698846
vn -0.003557 0.135440 -0.990779
vn 0.999983 -0.001841 0.005493
vn 0.704760 -0.096912 0.702796
vn 0.003584 -0.135620 0.990754
vn -0.699633 -0.096373 0.707973
vn -0.999917 -0.001066 0.012815
vn -0.713966 0.095379 -0.693653
vn 0.718520 0.184989 -0.670453
vn -0.003503 0.267619 -0.963518
vn 0.999658 -0.009091 0.024519
vn 0.693897 -0.194675 0.693259
vn 0.003323 -0.268662 0.963229
vn -0.689039 -0.194325 0.698186
vn -0.999459 -0.008634 0.031744
vn -0.723346 0.185297 -0.665158
vn 0.731833 0.375075 -0.568981
vn -0.003151 0.552569 -0.833461
vn 0.998445 -0.034240 0.044001
vn 0.677499 -0.410185 0.610527
vn 0.002901 -0.555147 0.831747
vn -0.673197 -0.410760 0.614884
vn -0.998102 -0.035148 0.050571
vn -0.736049 0.374332 -0.564011
vn 0.745375 0.592492 -0.305566
vn -0.002174 0.889663 -0.456612
vn 0.996294 -0.078751 0.034594
vn 0.660037 -0.672744 0.334315
vn 0.002113 -0.894268 0.447527
vn -0.656853 -0.673945 0.338145
vn -0.995927 -0.080597 0.040421
vn -0.748257 0.591100 -0.301185
vn 0.764021 0.621828 0.172051
vn -0.000218 0.962843 0.270061
vn 0.994035 -0.104444 -0.031414
vn 0.652409 -0.729739 -0.204555
vn 0.000182 -0.963472 -0.267809
vn -0.652146 -0.730970 -0.200971
vn -0.993985 -0.106399 -0.025966
vn -0.764284 0.620330 0.176242
vn 0.734599 0.414804 0.536938
vn 0.001501 0.610756 0.791817
vn 0.997801 -0.042962 -0.050466
vn 0.668217 -0.459344 -0.585226
vn -0.001566 -0.616470 -0.787377
vn -0.670517 -0.460436 -0.581726
vn -0.997975 -0.044681 -0.045277
vn -0.732537 0.413535 0.540720
vn 0.724011 0.218094 0.654403
vn 0.002149 0.314982 0.949095
vn 0.999415 -0.010088 -0.032681
vn 0.688924 -0.228593 -0.687843
vn -0.002210 -0.316359 -0.948637
vn -0.692085 -0.229477 -0.684367
vn -0.999553 -0.011377 -0.027662
vn -0.721053 0.217157 0.657971
vn 0.714077 0.114087 0.690709
vn 0.002378 0.162111 0.986770
vn 0.999905 -0.001551 -0.013699
vn 0.699373 -0.115598 -0.705347
vn -0.002353 -0.162532 -0.986701
vn -0.702700 -0.116422 -0.701896
vn -0.999958 -0.002724 -0.008721
vn -0.710774 0.113248 0.694245
vn 0.711068 0.076246 0.698977
vn 0.002377 0.107667 0.994184
vn 0.999975 0.000004 -0.007050
vn 0.703082 -0.076039 -0.707032
vn -0.002444 -0.107686 -0.994182
vn -0.706532 -0.076752 -0.703507
vn -0.999997 -0.001016 -0.002084
vn -0.707716 0.075517 0.702450
vn 0.708226 0.067133 0.702786
vn 0.002392 0.094583 0.995514
vn 0.999999 0.000383 -0.001436
vn 0.705842 -0.066629 -0.705229
vn -0.002452 -0.094567 -0.995516
vn -0.709300 -0.067011 -0.701715
vn -0.999994 -0.000161 0.003481
vn -0.704847 0.066746 0.706213
vn 0.703772 0.095510 0.703976
vn 0.002429 0.133875 0.990995
vn 0.999972 0.001619 0.007345
vn 0.710279 -0.093764 -0.697647
vn -0.002396 -0.133774 -0.991009
vn -0.713646 -0.094026 -0.694168
vn -0.999924 0.001252 0.012246
vn -0.700349 0.095252 0.707416
vn 0.700588 0.121257 0.703188
vn 0.002430 0.169336 0.985555
vn 0.999916 0.002810 0.012649
vn 0.712537 -0.118316 -0.691587
vn -0.002368 -0.169240 -0.985572
vn -0.715859 -0.118619 -0.688096
vn -0.999843 0.002384 0.017560
vn -0.697160 0.120958 0.706638
s 1
g group1 Cables sweep8
usemtl lambert2SG
f 1429/1732/2170 1430/1733/2171 1438/1734/2172 1437/1735/2173
f 1430/1733/2171 1431/1736/2174 1439/1737/2175 1438/1734/2172
f 1431/1736/2174 1432/1738/2176 1440/1739/2177 1439/1737/2175
f 1432/1738/2176 1433/1740/2178 1441/1741/2179 1440/1739/2177
f 1433/1740/2178 1434/1742/2180 1442/1743/2181 1441/1741/2179
f 1434/1742/2180 1435/1744/2182 1443/1955/2183 1442/1743/2181
f 1435/1956/2182 1436/1746/2184 1444/1747/2185 1443/1745/2183
f 1436/1746/2184 1429/1732/2170 1437/1735/2173 1444/1747/2185
f 1437/1735/2173 1438/1734/2172 1446/1748/2186 1445/1749/2187
f 1438/1734/2172 1439/1737/2175 1447/1750/2188 1446/1748/2186
f 1439/1737/2175 1440/1739/2177 1448/1751/2189 1447/1750/2188
f 1440/1739/2177 1441/1741/2179 1449/1752/2190 1448/1751/2189
f 1441/1741/2179 1442/1743/2181 1450/1753/2191 1449/1752/2190
f 1442/1743/2181 1443/1955/2183 1451/1954/2192 1450/1753/2191
f 1443/1745/2183 1444/1747/2185 1452/1755/2193 1451/1754/2192
f 1444/1747/2185 1437/1735/2173 1445/1749/2187 1452/1755/2193
f 1445/1749/2187 1446/1748/2186 1454/1756/2194 1453/1757/2195
f 1446/1748/2186 1447/1750/2188 1455/1758/2196 1454/1756/2194
f 1447/1750/2188 1448/1751/2189 1456/1759/2197 1455/1758/2196
f 1448/1751/2189 1449/1752/2190 1457/1760/2198 1456/1759/2197
f 1449/1752/2190 1450/1753/2191 1458/1761/2199 1457/1760/2198
f 1450/1753/2191 1451/1954/2192 1459/1953/2200 1458/1761/2199
f 1451/1754/2192 1452/1755/2193 1460/1763/2201 1459/1762/2200
f 1452/1755/2193 1445/1749/2187 1453/1757/2195 1460/1763/2201
f 1453/1757/2195 1454/1756/2194 1462/1764/2202 1461/1765/2203
f 1454/1756/2194 1455/1758/2196 1463/1766/2204 1462/1764/2202
f 1455/1758/2196 1456/1759/2197 1464/1767/2205 1463/1766/2204
f 1456/1759/2197 1457/1760/2198 1465/1768/2206 1464/1767/2205
f 1457/1760/2198 1458/1761/2199 1466/1769/2207 1465/1768/2206
f 1458/1761/2199 1459/1953/2200 1467/1952/2208 1466/1769/2207
f 1459/1762/2200 1460/1763/2201 1468/1771/2209 1467/1770/2208
f 1460/1763/2201 1453/1757/2195 1461/1765/2203 1468/1771/2209
f 1461/1765/2203 1462/1764/2202 1470/1772/2210 1469/1773/2211
f 1462/1764/2202 1463/1766/2204 1471/1774/2212 1470/1772/2210
f 1463/1766/2204 1464/1767/2205 1472/1775/2213 1471/1774/2212
f 1464/1767/2205 1465/1768/2206 1473/1776/2214 1472/1775/2213
f 1465/1768/2206 1466/1769/2207 1474/1777/2215 1473/1776/2214
f 1466/1769/2207 1467/1952/2208 1475/1951/2216 1474/1777/2215
f 1467/1770/2208 1468/1771/2209 1476/1779/2217 1475/1778/2216
f 1468/1771/2209 1461/1765/2203 1469/1773/2211 1476/1779/2217
f 1469/1773/2211 1470/1772/2210 1478/1780/2218 1477/1781/2219
f 1470/1772/2210 1471/1774/2212 1479/1782/2220 1478/1780/2218
f 1471/1774/2212 1472/1775/2213 1480/1783/2221 1479/1782/2220
f 1472/1775/2213 1473/1776/2214 1481/1784/2222 1480/1783/2221
f 1473/1776/2214 1474/1777/2215 1482/1785/2223 1481/1784/2222
f 1474/1777/2215 1475/1951/2216 1483/1950/2224 1482/1785/2223
f 1475/1778/2216 1476/1779/2217 1484/1787/2225 1483/1786/2224
f 1476/1779/2217 1469/1773/2211 1477/1781/2219 1484/1787/2225
f 1477/1781/2219 1478/1780/2218 1486/1788/2226 1485/1789/2227
f 1478/1780/2218 1479/1782/2220 1487/1790/2228 1486/1788/2226
f 1479/1782/2220 1480/1783/2221 1488/1791/2229 1487/1790/2228
f 1480/1783/2221 1481/1784/2222 1489/1792/2230 1488/1791/2229
f 1481/1784/2222 1482/1785/2223 1490/1793/2231 1489/1792/2230
f 1482/1785/2223 1483/1950/2224 1491/1949/2232 1490/1793/2231
f 1483/1786/2224 1484/1787/2225 1492/1795/2233 1491/1794/2232
f 1484/1787/2225 1477/1781/2219 1485/1789/2227 1492/1795/2233
f 1485/1789/2227 1486/1788/2226 1494/1796/2234 1493/1797/2235
f 1486/1788/2226 1487/1790/2228 1495/1798/2236 1494/1796/2234
f 1487/1790/2228 1488/1791/2229 1496/1799/2237 1495/1798/2236
f 1488/1791/2229 1489/1792/2230 1497/1800/2238 1496/1799/2237
f 1489/1792/2230 1490/1793/2231 1498/1801/2239 1497/1800/2238
f 1490/1793/2231 1491/1949/2232 1499/1948/2240 1498/1801/2239
f 1491/1794/2232 1492/1795/2233 1500/1803/2241 1499/1802/2240
f 1492/1795/2233 1485/1789/2227 1493/1797/2235 1500/1803/2241
f 1493/1797/2235 1494/1796/2234 1502/1804/2242 1501/1805/2243
f 1494/1796/2234 1495/1798/2236 1503/1806/2244 1502/1804/2242
f 1495/1798/2236 1496/1799/2237 1504/1807/2245 1503/1806/2244
f 1496/1799/2237 1497/1800/2238 1505/1808/2246 1504/1807/2245
f 1497/1800/2238 1498/1801/2239 1506/1809/2247 1505/1808/2246
f 1498/1801/2239 1499/1948/2240 1507/1947/2248 1506/1809/2247
f 1499/1802/2240 1500/1803/2241 1508/1811/2249 1507/1810/2248
f 1500/1803/2241 1493/1797/2235 1501/1805/2243 1508/1811/2249
f 1501/1805/2243 1502/1804/2242 1510/1812/2250 1509/1813/2251
f 1502/1804/2242 1503/1806/2244 1511/1814/2252 1510/1812/2250
f 1503/1806/2244 1504/1807/2245 1512/1815/2253 1511/1814/2252
f 1504/1807/2245 1505/1808/2246 1513/1816/2254 1512/1815/2253
f 1505/1808/2246 1506/1809/2247 1514/1817/2255 1513/1816/2254
f 1506/1809/2247 1507/1947/2248 1515/1946/2256 1514/1817/2255
f 1507/1810/2248 1508/1811/2249 1516/1819/2257 1515/1818/2256
f 1508/1811/2249 1501/1805/2243 1509/1813/2251 1516/1819/2257
f 1509/1813/2251 1510/1812/2250 1518/1820/2258 1517/1821/2259
f 1510/1812/2250 1511/1814/2252 1519/1822/2260 1518/1820/2258
f 1511/1814/2252 1512/1815/2253 1520/1823/2261 1519/1822/2260
f 1512/1815/2253 1513/1816/2254 1521/1824/2262 1520/1823/2261
f 1513/1816/2254 1514/1817/2255 1522/1825/2263 1521/1824/2262
f 1514/1817/2255 1515/1946/2256 1523/1945/2264 1522/1825/2263
f 1515/1818/2256 1516/1819/2257 1524/1827/2265 1523/1826/2264
f 1516/1819/2257 1509/1813/2251 1517/1821/2259 1524/1827/2265
f 1517/1821/2259 1518/1820/2258 1526/1828/2266 1525/1829/2267
f 1518/1820/2258 1519/1822/2260 1527/1830/2268 1526/1828/2266
f 1519/1822/2260 1520/1823/2261 1528/1831/2269 1527/1830/2268
f 1520/1823/2261 1521/1824/2262 1529/1832/2270 1528/1831/2269
f 1521/1824/2262 1522/1825/2263 1530/1833/2271 1529/1832/2270
f 1522/1825/2263 1523/1945/2264 1531/1944/2272 1530/1833/2271
f 1523/1826/2264 1524/1827/2265 1532/1835/2273 1531/1834/2272
f 1524/1827/2265 1517/1821/2259 1525/1829/2267 1532/1835/2273
f 1525/1829/2267 1526/1828/2266 1534/1836/2274 1533/1837/2275
f 1526/1828/2266 1527/1830/2268 1535/1838/2276 1534/1836/2274
f 1527/1830/2268 1528/1831/2269 1536/1839/2277 1535/1838/2276
f 1528/1831/2269 1529/1832/2270 1537/1840/2278 1536/1839/2277
f 1529/1832/2270 1530/1833/2271 1538/1841/2279 1537/1840/2278
f 1530/1833/2271 1531/1944/2272 1539/1943/2280 1538/1841/2279
f 1531/1834/2272 1532/1835/2273 1540/1843/2281 1539/1842/2280
f 1532/1835/2273 1525/1829/2267 1533/1837/2275 1540/1843/2281
f 1533/1837/2275 1534/1836/2274 1542/1844/2282 1541/1845/2283
f 1534/1836/2274 1535/1838/2276 1543/1846/2284 1542/1844/2282
f 1535/1838/2276 1536/1839/2277 1544/1847/2285 1543/1846/2284
f 1536/1839/2277 1537/1840/2278 1545/1848/2286 1544/1847/2285
f 1537/1840/2278 1538/1841/2279 1546/1849/2287 1545/1848/2286
f 1538/1841/2279 1539/1943/2280 1547/1942/2288 1546/1849/2287
f 1539/1842/2280 1540/1843/2281 1548/1851/2289 1547/1850/2288
f 1540/1843/2281 1533/1837/2275 1541/1845/2283 1548/1851/2289
f 1541/1845/2283 1542/1844/2282 1550/1852/2290 1549/1853/2291
f 1542/1844/2282 1543/1846/2284 1551/1854/2292 1550/1852/2290
f 1543/1846/2284 1544/1847/2285 1552/1855/2293 1551/1854/2292
f 1544/1847/2285 1545/1848/2286 1553/1856/2294 1552/1855/2293
f 1545/1848/2286 1546/1849/2287 1554/1857/2295 1553/1856/2294
f 1546/1849/2287 1547/1942/2288 1555/1941/2296 1554/1857/2295
f 1547/1850/2288 1548/1851/2289 1556/1859/2297 1555/1858/2296
f 1548/1851/2289 1541/1845/2283 1549/1853/2291 1556/1859/2297
f 1549/1853/2291 1550/1852/2290 1558/1860/2298 1557/1861/2299
f 1550/1852/2290 1551/1854/2292 1559/1862/2300 1558/1860/2298
f 1551/1854/2292 1552/1855/2293 1560/1863/2301 1559/1862/2300
f 1552/1855/2293 1553/1856/2294 1561/1864/2302 1560/1863/2301
f 1553/1856/2294 1554/1857/2295 1562/1865/2303 1561/1864/2302
f 1554/1857/2295 1555/1941/2296 1563/1940/2304 1562/1865/2303
f 1555/1858/2296 1556/1859/2297 1564/1867/2305 1563/1866/2304
f 1556/1859/2297 1549/1853/2291 1557/1861/2299 1564/1867/2305
f 1557/1861/2299 1558/1860/2298 1566/1868/2306 1565/1869/2307
f 1558/1860/2298 1559/1862/2300 1567/1870/2308 1566/1868/2306
f 1559/1862/2300 1560/1863/2301 1568/1871/2309 1567/1870/2308
f 1560/1863/2301 1561/1864/2302 1569/1872/2310 1568/1871/2309
f 1561/1864/2302 1562/1865/2303 1570/1873/2311 1569/1872/2310
f 1562/1865/2303 1563/1940/2304 1571/1939/2312 1570/1873/2311
f 1563/1866/2304 1564/1867/2305 1572/1875/2313 1571/1874/2312
f 1564/1867/2305 1557/1861/2299 1565/1869/2307 1572/1875/2313
f 1565/1869/2307 1566/1868/2306 1574/1876/2314 1573/1877/2315
f 1566/1868/2306 1567/1870/2308 1575/1878/2316 1574/1876/2314
f 1567/1870/2308 1568/1871/2309 1576/1879/2317 1575/1878/2316
f 1568/1871/2309 1569/1872/2310 1577/1880/2318 1576/1879/2317
f 1569/1872/2310 1570/1873/2311 1578/1881/2319 1577/1880/2318
f 1570/1873/2311 1571/1939/2312 1579/1938/2320 1578/1881/2319
f 1571/1874/2312 1572/1875/2313 1580/1883/2321 1579/1882/2320
f 1572/1875/2313 1565/1869/2307 1573/1877/2315 1580/1883/2321
f 1573/1877/2315 1574/1876/2314 1582/1884/2322 1581/1885/2323
f 1574/1876/2314 1575/1878/2316 1583/1886/2324 1582/1884/2322
f 1575/1878/2316 1576/1879/2317 1584/1887/2325 1583/1886/2324
f 1576/1879/2317 1577/1880/2318 1585/1888/2326 1584/1887/2325
f 1577/1880/2318 1578/1881/2319 1586/1889/2327 1585/1888/2326
f 1578/1881/2319 1579/1938/2320 1587/1937/2328 1586/1889/2327
f 1579/1882/2320 1580/1883/2321 1588/1891/2329 1587/1890/2328
f 1580/1883/2321 1573/1877/2315 1581/1885/2323 1588/1891/2329
f 1581/1885/2323 1582/1884/2322 1590/1892/2330 1589/1893/2331
f 1582/1884/2322 1583/1886/2324 1591/1894/2332 1590/1892/2330
f 1583/1886/2324 1584/1887/2325 1592/1895/2333 1591/1894/2332
f 1584/1887/2325 1585/1888/2326 1593/1896/2334 1592/1895/2333
f 1585/1888/2326 1586/1889/2327 1594/1897/2335 1593/1896/2334
f 1586/1889/2327 1587/1937/2328 1595/1936/2336 1594/1897/2335
f 1587/1890/2328 1588/1891/2329 1596/1899/2337 1595/1898/2336
f 1588/1891/2329 1581/1885/2323 1589/1893/2331 1596/1899/2337
f 1589/1893/2331 1590/1892/2330 1598/1900/2338 1597/1901/2339
f 1590/1892/2330 1591/1894/2332 1599/1902/2340 1598/1900/2338
f 1591/1894/2332 1592/1895/2333 1600/1903/2341 1599/1902/2340
f 1592/1895/2333 1593/1896/2334 1601/1904/2342 1600/1903/2341
f 1593/1896/2334 1594/1897/2335 1602/1905/2343 1601/1904/2342
f 1594/1897/2335 1595/1936/2336 1603/1935/2344 1602/1905/2343
f 1595/1898/2336 1596/1899/2337 1604/1907/2345 1603/1906/2344
f 1596/1899/2337 1589/1893/2331 1597/1901/2339 1604/1907/2345
f 1597/1901/2339 1598/1900/2338 1606/1908/2346 1605/1909/2347
f 1598/1900/2338 1599/1902/2340 1607/1910/2348 1606/1908/2346
f 1599/1902/2340 1600/1903/2341 1608/1911/2349 1607/1910/2348
f 1600/1903/2341 1601/1904/2342 1609/1912/2350 1608/1911/2349
f 1601/1904/2342 1602/1905/2343 1610/1913/2351 1609/1912/2350
f 1602/1905/2343 1603/1935/2344 1611/1934/2352 1610/1913/2351
f 1603/1906/2344 1604/1907/2345 1612/1915/2353 1611/1914/2352
f 1604/1907/2345 1597/1901/2339 1605/1909/2347 1612/1915/2353
f 1605/1909/2347 1606/1908/2346 1614/1916/2354 1613/1917/2355
f 1606/1908/2346 1607/1910/2348 1615/1918/2356 1614/1916/2354
f 1607/1910/2348 1608/1911/2349 1616/1919/2357 1615/1918/2356
f 1608/1911/2349 1609/1912/2350 1617/1920/2358 1616/1919/2357
f 1609/1912/2350 1610/1913/2351 1618/1921/2359 1617/1920/2358
f 1610/1913/2351 1611/1934/2352 1619/1932/2360 1618/1921/2359
f 1611/1914/2352 1612/1915/2353 1620/1923/2361 1619/1922/2360
f 1612/1915/2353 1605/1909/2347 1613/1917/2355 1620/1923/2361
f 1613/1917/2355 1614/1916/2354 1622/1924/2362 1621/1925/2363
f 1614/1916/2354 1615/1918/2356 1623/1926/2364 1622/1924/2362
f 1615/1918/2356 1616/1919/2357 1624/1927/2365 1623/1926/2364
f 1616/1919/2357 1617/1920/2358 1625/1928/2366 1624/1927/2365
f 1617/1920/2358 1618/1921/2359 1626/1929/2367 1625/1928/2366
f 1618/1921/2359 1619/1932/2360 1627/1933/2368 1626/1929/2367
f 1619/1922/2360 1620/1923/2361 1628/1931/2369 1627/1930/2368
f 1620/1923/2361 1613/1917/2355 1621/1925/2363 1628/1931/2369
g default
v 25.363621 25.189938 70.199684
v 31.927319 25.420681 73.429733
v 24.847210 34.057869 70.615570
v 31.410908 34.288612 73.845619
v 24.927313 34.070210 70.451920
v 31.491011 34.300953 73.681961
v 25.443724 25.202276 70.036034
v 32.007420 25.433022 73.266075
vt 0.987065 0.116386
vt 0.940537 0.117520
vt 0.940537 0.116388
vt 0.985932 0.116386
vt 0.940535 0.061232
vt 0.985931 0.061230
vt 0.939403 0.061232
vt 0.985931 0.060098
vt 0.940535 0.060099
vt 0.987063 0.061231
vt 0.939404 0.116388
vt 0.985932 0.117519
vn -0.058074 0.997216 0.046765
vn -0.058074 0.997216 0.046765
vn -0.058074 0.997216 0.046765
vn -0.058074 0.997216 0.046765
vn 0.438616 0.067569 -0.896131
vn 0.438616 0.067569 -0.896131
vn 0.438616 0.067569 -0.896131
vn 0.438616 0.067569 -0.896131
vn 0.058072 -0.997216 -0.046772
vn 0.058072 -0.997216 -0.046772
vn 0.058072 -0.997216 -0.046772
vn 0.058072 -0.997216 -0.046772
vn 0.896812 0.031526 0.441288
vn 0.896812 0.031526 0.441288
vn 0.896812 0.031526 0.441288
vn 0.896812 0.031526 0.441288
vn -0.896788 -0.031526 -0.441337
vn -0.896788 -0.031526 -0.441337
vn -0.896788 -0.031526 -0.441337
vn -0.896788 -0.031526 -0.441337
s off
g group1 pCube36 Pantalla_holografica
usemtl lambert2SG
f 1631/1968/2370 1632/1958/2371 1634/1959/2372 1633/1960/2373
f 1633/1960/2374 1634/1959/2375 1636/1961/2376 1635/1962/2377
f 1635/1962/2378 1636/1961/2379 1630/1965/2380 1629/1964/2381
f 1630/1963/2382 1636/1961/2383 1634/1959/2384 1632/1967/2385
f 1635/1962/2386 1629/1966/2387 1631/1957/2388 1633/1960/2389
g default
v -76.635094 54.650982 74.402977
v -76.317574 54.653522 74.130188
v -76.579315 28.189373 74.221710
v -76.261795 28.191912 73.948921
v -70.063202 28.151154 81.805931
v -69.745682 28.153692 81.533142
v -70.118980 54.612766 81.987198
v -69.801460 54.615303 81.714409
vt 0.007978 0.773736
vt 0.007978 0.771140
vt 0.172108 0.771124
vt 0.174705 0.771124
vt 0.172102 0.709106
vt 0.172101 0.706510
vt 0.007973 0.709122
vt 0.005376 0.709122
vt 0.007973 0.706525
vt 0.174699 0.709106
vt 0.172108 0.773721
vt 0.005382 0.771140
vn -0.651681 0.003822 -0.758483
vn -0.651681 0.003822 -0.758483
vn -0.651681 0.003822 -0.758483
vn -0.651681 0.003822 -0.758483
vn 0.002109 -0.999974 -0.006850
vn 0.002109 -0.999974 -0.006850
vn 0.002109 -0.999974 -0.006850
vn 0.002109 -0.999974 -0.006850
vn 0.651650 -0.003822 0.758511
vn 0.651650 -0.003822 0.758511
vn 0.651650 -0.003822 0.758511
vn 0.651650 -0.003822 0.758511
vn -0.002109 0.999974 0.006846
vn -0.002109 0.999974 0.006846
vn -0.002109 0.999974 0.006846
vn -0.002109 0.999974 0.006846
vn 0.758499 0.006063 -0.651646
vn 0.758499 0.006063 -0.651646
vn 0.758499 0.006063 -0.651646
vn 0.758499 0.006063 -0.651646
s off
g group1 Pantallas pCube28
usemtl lambert2SG
f 1637/1969/2390 1638/1970/2391 1640/1971/2392 1639/1979/2393
f 1639/1972/2394 1640/1971/2395 1642/1973/2396 1641/1978/2397
f 1641/1974/2398 1642/1973/2399 1644/1975/2400 1643/1977/2401
f 1643/1976/2402 1644/1975/2403 1638/1970/2404 1637/1980/2405
f 1638/1970/2406 1644/1975/2407 1642/1973/2408 1640/1971/2409
g default
v 17.814968 9.091545 70.744774
v 18.031027 9.002050 70.744774
v 18.120523 8.785990 70.744774
v 18.031027 8.569929 70.744774
v 17.814968 8.480434 70.744774
v 17.598907 8.569929 70.744774
v 17.509411 8.785990 70.744774
v 17.598907 9.002050 70.744774
v 17.839741 9.091545 67.263046
v 18.055752 9.002050 67.267639
v 18.145227 8.785990 67.269547
v 18.055752 8.569929 67.267639
v 17.839741 8.480434 67.263046
v 17.623730 8.569929 67.258446
v 17.534254 8.785990 67.256538
v 17.623730 9.002050 67.258446
v 17.976482 9.091545 63.607010
v 18.192305 9.002050 63.617180
v 18.281700 8.785990 63.621391
v 18.192305 8.569929 63.617180
v 17.976482 8.480434 63.607010
v 17.760662 8.569929 63.596840
v 17.671267 8.785990 63.592625
v 17.760662 9.002050 63.596840
v 18.170044 9.091545 59.953659
v 18.385550 9.002050 59.969135
v 18.474813 8.785990 59.975548
v 18.385550 8.569929 59.969135
v 18.170044 8.480434 59.953659
v 17.954538 8.569929 59.938183
v 17.865273 8.785990 59.931770
v 17.954538 9.002050 59.938183
v 18.611891 9.091545 56.323658
v 18.824337 9.002050 56.363007
v 18.912334 8.785990 56.379307
v 18.824337 8.569929 56.363007
v 18.611891 8.480434 56.323658
v 18.399443 8.569929 56.284306
v 18.311445 8.785990 56.268005
v 18.399443 9.002050 56.284306
v 19.596104 9.091545 52.805943
v 19.796762 9.002050 52.886059
v 19.879877 8.785990 52.919243
v 19.796762 8.569929 52.886059
v 19.596104 8.480434 52.805943
v 19.395445 8.569929 52.725830
v 19.312328 8.785990 52.692646
v 19.395445 9.002050 52.725830
v 21.661083 9.091545 49.155216
v 21.835510 9.002050 49.282719
v 21.907759 8.785990 49.335533
v 21.835510 8.569929 49.282719
v 21.661081 8.480434 49.155216
v 21.486654 8.569929 49.027710
v 21.414406 8.785990 48.974895
v 21.486654 9.002050 49.027710
v 24.278549 9.091545 45.863651
v 24.449219 9.002050 45.996143
v 24.519913 8.785990 46.051022
v 24.449219 8.569929 45.996143
v 24.278547 8.480434 45.863651
v 24.107878 8.569929 45.731163
v 24.037184 8.785990 45.676285
v 24.107878 9.002050 45.731163
v 26.528339 9.091545 42.319096
v 26.722088 9.002050 42.414715
v 26.802341 8.785990 42.454323
v 26.722088 8.569929 42.414715
v 26.528339 8.480434 42.319096
v 26.334589 8.569929 42.223476
v 26.254335 8.785990 42.183868
v 26.334589 9.002050 42.223476
v 28.294041 9.091545 37.621552
v 28.499592 9.002050 37.688118
v 28.584732 8.785990 37.715691
v 28.499592 8.569929 37.688118
v 28.294041 8.480434 37.621552
v 28.088491 8.569929 37.554981
v 28.003349 8.785990 37.527409
v 28.088491 9.002050 37.554981
v 29.408815 9.091545 32.731613
v 29.622601 9.002050 32.762882
v 29.711155 8.785990 32.775837
v 29.622601 8.569929 32.762882
v 29.408815 8.480434 32.731613
v 29.195030 8.569929 32.700340
v 29.106478 8.785990 32.687389
v 29.195030 9.002050 32.700340
v 29.851223 9.091545 28.382040
v 30.067112 9.002050 28.390661
v 30.156536 8.785990 28.394232
v 30.067112 8.569929 28.390661
v 29.851223 8.480434 28.382040
v 29.635334 8.569929 28.373419
v 29.545912 8.785990 28.369848
v 29.635336 9.002050 28.373419
v 29.880005 9.091545 24.008327
v 30.095984 9.002050 24.002335
v 30.185444 8.785990 23.999853
v 30.095984 8.569929 24.002335
v 29.880005 8.480434 24.008327
v 29.664028 8.569929 24.014320
v 29.574568 8.785990 24.016802
v 29.664028 9.002050 24.014320
v 29.262650 9.091545 18.968443
v 29.472790 9.002050 18.918217
v 29.559834 8.785990 18.897413
v 29.472790 8.569929 18.918217
v 29.262650 8.480434 18.968443
v 29.052507 8.569929 19.018669
v 28.965464 8.785990 19.039474
v 29.052507 9.002050 19.018669
v 27.838629 9.091545 14.088405
v 28.041235 9.002050 14.013356
v 28.125158 8.785990 13.982270
v 28.041235 8.569929 14.013356
v 27.838629 8.480434 14.088405
v 27.636021 8.569929 14.163454
v 27.552097 8.785990 14.194540
v 27.636021 9.002050 14.163454
v 26.387550 9.091545 10.831820
v 26.579697 9.002050 10.733021
v 26.659288 8.785990 10.692097
v 26.579697 8.569929 10.733021
v 26.387550 8.480434 10.831820
v 26.195402 8.569929 10.930620
v 26.115812 8.785990 10.971544
v 26.195402 9.002050 10.930620
v 24.638031 9.091545 7.723287
v 24.822933 9.002050 7.611515
v 24.899523 8.785990 7.565217
v 24.822933 8.569929 7.611515
v 24.638031 8.480434 7.723287
v 24.453129 8.569929 7.835059
v 24.376539 8.785990 7.881356
v 24.453129 9.002050 7.835059
v 22.724617 9.091545 4.711692
v 22.905388 9.002050 4.593353
v 22.980265 8.785990 4.544335
v 22.905388 8.569929 4.593353
v 22.724617 8.480434 4.711692
v 22.543846 8.569929 4.830031
v 22.468969 8.785990 4.879049
v 22.543846 9.002050 4.830031
v 20.867426 9.091545 1.668218
v 21.058002 9.002050 1.566419
v 21.136942 8.785990 1.524253
v 21.058002 8.569929 1.566419
v 20.867426 8.480434 1.668218
v 20.676851 8.569929 1.770016
v 20.597912 8.785990 1.812182
v 20.676851 9.002050 1.770016
v 19.245518 9.091545 -2.438159
v 19.455297 9.002050 -2.489876
v 19.542191 8.785990 -2.511297
v 19.455297 8.569929 -2.489876
v 19.245518 8.480434 -2.438159
v 19.035738 8.569929 -2.386443
v 18.948845 8.785990 -2.365022
v 19.035738 9.002050 -2.386443
v 18.740936 9.091545 -6.826885
v 18.956924 9.002050 -6.832468
v 19.046391 8.785990 -6.834780
v 18.956924 8.569929 -6.832468
v 18.740936 8.480434 -6.826885
v 18.524948 8.569929 -6.821302
v 18.435484 8.785990 -6.818990
v 18.524948 9.002050 -6.821302
v 18.721722 9.091545 -11.253201
v 18.937782 9.002050 -11.253201
v 19.027277 8.785990 -11.253201
v 18.937782 8.569929 -11.253201
v 18.721722 8.480434 -11.253201
v 18.505661 8.569929 -11.253201
v 18.416166 8.785990 -11.253201
v 18.505661 9.002050 -11.253201
v 18.721718 9.091545 -15.679606
v 18.937778 9.002050 -15.679606
v 19.027273 8.785990 -15.679606
v 18.937778 8.569929 -15.679606
v 18.721718 8.480434 -15.679606
v 18.505657 8.569929 -15.679606
v 18.416162 8.785990 -15.679606
v 18.505657 9.002050 -15.679606
v 18.721716 9.091545 -20.104250
v 18.937777 9.002050 -20.104250
v 19.027271 8.785990 -20.104250
v 18.937777 8.569929 -20.104250
v 18.721716 8.480434 -20.104250
v 18.505655 8.569929 -20.104250
v 18.416161 8.785990 -20.104250
v 18.505655 9.002050 -20.104250
v 18.721712 9.091545 -24.528894
v 18.937773 9.002050 -24.528894
v 19.027269 8.785990 -24.528894
v 18.937773 8.569929 -24.528894
v 18.721712 8.480434 -24.528894
v 18.505653 8.569929 -24.528894
v 18.416157 8.785990 -24.528893
v 18.505653 9.002050 -24.528894
v 18.721708 9.091545 -28.953518
v 18.937769 9.002050 -28.953518
v 19.027264 8.785990 -28.953518
v 18.937769 8.569929 -28.953518
v 18.721708 8.480434 -28.953518
v 18.505648 8.569929 -28.953518
v 18.416153 8.785990 -28.953518
v 18.505648 9.002050 -28.953518
vt 0.811135 0.911797
vt 0.809684 0.911797
vt 0.809684 0.890194
vt 0.811135 0.890194
vt 0.808233 0.911797
vt 0.808233 0.890194
vt 0.806782 0.911797
vt 0.806782 0.890194
vt 0.805332 0.911797
vt 0.816931 0.890194
vt 0.815484 0.911797
vt 0.815484 0.890194
vt 0.814035 0.911797
vt 0.814035 0.890194
vt 0.812586 0.911797
vt 0.812586 0.890194
vt 0.809684 0.867489
vt 0.811135 0.867489
vt 0.808233 0.867489
vt 0.806782 0.867489
vt 0.816931 0.867489
vt 0.815484 0.867489
vt 0.814035 0.867489
vt 0.812586 0.867489
vt 0.809684 0.844788
vt 0.811135 0.844788
vt 0.808233 0.844788
vt 0.806782 0.844788
vt 0.816931 0.844788
vt 0.815484 0.844788
vt 0.814035 0.844788
vt 0.812586 0.844788
vt 0.809684 0.822121
vt 0.811135 0.822121
vt 0.808233 0.822121
vt 0.806782 0.822121
vt 0.816931 0.822121
vt 0.815484 0.822121
vt 0.814035 0.822121
vt 0.812586 0.822121
vt 0.809684 0.799522
vt 0.811135 0.799522
vt 0.808233 0.799522
vt 0.806782 0.799522
vt 0.816931 0.799522
vt 0.815484 0.799522
vt 0.814035 0.799522
vt 0.812586 0.799522
vt 0.809684 0.773596
vt 0.811135 0.773596
vt 0.808233 0.773596
vt 0.806782 0.773596
vt 0.816931 0.773596
vt 0.815484 0.773596
vt 0.814035 0.773596
vt 0.812586 0.773596
vt 0.809684 0.747517
vt 0.811135 0.747517
vt 0.808233 0.747517
vt 0.806782 0.747517
vt 0.816931 0.747517
vt 0.815484 0.747517
vt 0.814035 0.747517
vt 0.812586 0.747517
vt 0.809684 0.721531
vt 0.811135 0.721531
vt 0.808233 0.721531
vt 0.806782 0.721531
vt 0.816931 0.721531
vt 0.815484 0.721531
vt 0.814035 0.721531
vt 0.812586 0.721531
vt 0.809684 0.690451
vt 0.811135 0.690451
vt 0.808233 0.690451
vt 0.806782 0.690451
vt 0.816931 0.690451
vt 0.815484 0.690451
vt 0.814035 0.690451
vt 0.812586 0.690451
vt 0.809684 0.659378
vt 0.811135 0.659378
vt 0.808233 0.659378
vt 0.806782 0.659378
vt 0.816931 0.659378
vt 0.815484 0.659378
vt 0.814035 0.659378
vt 0.812586 0.659378
vt 0.809684 0.632271
vt 0.811135 0.632271
vt 0.808233 0.632271
vt 0.806782 0.632271
vt 0.816931 0.632271
vt 0.815484 0.632271
vt 0.814035 0.632271
vt 0.812586 0.632271
vt 0.809684 0.605147
vt 0.811135 0.605147
vt 0.808233 0.605147
vt 0.806782 0.605147
vt 0.816931 0.605147
vt 0.815484 0.605147
vt 0.814035 0.605147
vt 0.812586 0.605147
vt 0.809684 0.573707
vt 0.811135 0.573707
vt 0.808233 0.573707
vt 0.806782 0.573707
vt 0.816931 0.573707
vt 0.815484 0.573707
vt 0.814035 0.573707
vt 0.812586 0.573707
vt 0.809684 0.542202
vt 0.811135 0.542202
vt 0.808233 0.542202
vt 0.806782 0.542202
vt 0.816931 0.542202
vt 0.815484 0.542202
vt 0.814035 0.542202
vt 0.812586 0.542202
vt 0.809684 0.520103
vt 0.811135 0.520103
vt 0.808233 0.520103
vt 0.806782 0.520103
vt 0.816931 0.520103
vt 0.815484 0.520103
vt 0.814035 0.520103
vt 0.812586 0.520103
vt 0.809684 0.497976
vt 0.811135 0.497976
vt 0.808233 0.497976
vt 0.806782 0.497976
vt 0.816931 0.497976
vt 0.815484 0.497976
vt 0.814035 0.497976
vt 0.812586 0.497976
vt 0.809684 0.475836
vt 0.811135 0.475836
vt 0.808233 0.475836
vt 0.806782 0.475836
vt 0.816931 0.475836
vt 0.815484 0.475836
vt 0.814035 0.475836
vt 0.812586 0.475836
vt 0.809684 0.453730
vt 0.811135 0.453730
vt 0.808233 0.453730
vt 0.806782 0.453730
vt 0.816931 0.453730
vt 0.815484 0.453730
vt 0.814035 0.453730
vt 0.812586 0.453730
vt 0.809684 0.426447
vt 0.811135 0.426447
vt 0.808233 0.426447
vt 0.806782 0.426447
vt 0.816931 0.426447
vt 0.815484 0.426447
vt 0.814035 0.426447
vt 0.812586 0.426447
vt 0.809684 0.399124
vt 0.811135 0.399124
vt 0.808233 0.399124
vt 0.806782 0.399124
vt 0.816931 0.399124
vt 0.815484 0.399124
vt 0.814035 0.399124
vt 0.812586 0.399124
vt 0.809684 0.371662
vt 0.811135 0.371662
vt 0.808233 0.371662
vt 0.806782 0.371662
vt 0.816931 0.371662
vt 0.815484 0.371662
vt 0.814035 0.371662
vt 0.812586 0.371662
vt 0.809684 0.344193
vt 0.811135 0.344193
vt 0.808233 0.344193
vt 0.806782 0.344193
vt 0.816931 0.344193
vt 0.815484 0.344193
vt 0.814035 0.344193
vt 0.812586 0.344193
vt 0.809684 0.316734
vt 0.811135 0.316734
vt 0.808233 0.316734
vt 0.806782 0.316734
vt 0.816931 0.316734
vt 0.815484 0.316734
vt 0.814035 0.316734
vt 0.812586 0.316734
vt 0.809684 0.289272
vt 0.811135 0.289272
vt 0.808233 0.289272
vt 0.806782 0.289272
vt 0.816931 0.289272
vt 0.815484 0.289272
vt 0.814035 0.289272
vt 0.812586 0.289272
vt 0.809684 0.261818
vt 0.811135 0.261818
vt 0.808233 0.261818
vt 0.806782 0.261818
vt 0.816931 0.261818
vt 0.815484 0.261818
vt 0.814035 0.261818
vt 0.812586 0.261818
vt 0.805332 0.289272
vt 0.805332 0.261818
vt 0.805332 0.316734
vt 0.805332 0.344193
vt 0.805332 0.371662
vt 0.805332 0.399124
vt 0.805332 0.426447
vt 0.805332 0.453730
vt 0.805332 0.475836
vt 0.805332 0.497976
vt 0.805332 0.520103
vt 0.805332 0.542202
vt 0.805332 0.573707
vt 0.805332 0.605147
vt 0.805332 0.632271
vt 0.805332 0.659378
vt 0.805332 0.690451
vt 0.805332 0.721531
vt 0.805332 0.747517
vt 0.805332 0.773596
vt 0.805332 0.799522
vt 0.805332 0.822121
vt 0.805332 0.844788
vt 0.805332 0.867489
vt 0.805332 0.890194
vt 0.816931 0.911797
vn -0.002008 0.999998 -0.000015
vn 0.706109 0.708086 0.005021
vn 0.704921 0.709107 0.015950
vn -0.003986 0.999992 -0.000094
vn 0.999975 0.000000 0.007109
vn 0.999744 0.000000 0.022624
vn 0.706109 -0.708086 0.005021
vn 0.704921 -0.709107 0.015950
vn -0.002008 -0.999998 -0.000015
vn -0.003986 -0.999992 -0.000094
vn -0.708114 -0.706080 -0.005042
vn -0.708906 -0.705121 -0.016042
vn -0.999975 0.000000 -0.007121
vn -0.999744 0.000000 -0.022621
vn -0.708114 0.706080 -0.005042
vn -0.708906 0.705121 -0.016042
vn 0.705308 0.708184 0.031871
vn -0.002200 0.999998 -0.000096
vn 0.998981 0.000000 0.045137
vn 0.705308 -0.708184 0.031871
vn -0.002200 -0.999998 -0.000096
vn -0.707509 -0.705981 -0.031973
vn -0.998980 0.000000 -0.045149
vn -0.707509 0.705981 -0.031973
vn 0.699992 0.711542 0.060989
vn -0.009092 0.999958 -0.000945
vn 0.996217 0.000000 0.086900
vn 0.699992 -0.711541 0.060989
vn -0.009092 -0.999958 -0.000945
vn -0.709077 -0.702406 -0.061941
vn -0.996216 0.000000 -0.086918
vn -0.709077 0.702406 -0.061941
vn 0.683670 0.716966 0.136216
vn -0.019901 0.999793 -0.004287
vn 0.980687 -0.000000 0.195586
vn 0.683670 -0.716966 0.136216
vn -0.019901 -0.999793 -0.004287
vn -0.703541 -0.696616 -0.140558
vn -0.980662 0.000000 -0.195707
vn -0.703541 0.696616 -0.140558
vn 0.635715 0.723027 0.270367
vn -0.029462 0.999482 -0.012991
vn 0.920084 0.000000 0.391721
vn 0.635715 -0.723027 0.270367
vn -0.029462 -0.999481 -0.012990
vn -0.665340 -0.690796 -0.283060
vn -0.920346 -0.000000 -0.391105
vn -0.665340 0.690797 -0.283060
vn 0.577887 0.716784 0.390214
vn -0.017559 0.999787 -0.010834
vn 0.829085 0.000000 0.559123
vn 0.577886 -0.716786 0.390213
vn -0.017558 -0.999787 -0.010834
vn -0.595342 -0.696202 -0.401087
vn -0.828987 0.000000 -0.559269
vn -0.595341 0.696203 -0.401086
vn 0.582220 0.699586 0.414246
vn 0.011646 0.999904 0.007549
vn 0.814530 -0.000000 0.580121
vn 0.582218 -0.699589 0.414244
vn 0.011646 -0.999904 0.007548
vn -0.570695 -0.713425 -0.406610
vn -0.814692 0.000000 -0.579894
vn -0.570693 0.713427 -0.406609
vn 0.647237 0.693913 0.315547
vn 0.023872 0.999645 0.011806
vn 0.898889 0.000000 0.438176
vn 0.647236 -0.693914 0.315547
vn 0.023872 -0.999645 0.011806
vn -0.623413 -0.720579 -0.303515
vn -0.899087 0.000000 -0.437770
vn -0.623413 0.720580 -0.303515
vn 0.686115 0.697662 0.206187
vn 0.017235 0.999840 0.004824
vn 0.957584 0.000000 0.288154
vn 0.686115 -0.697662 0.206187
vn 0.017236 -0.999840 0.004825
vn -0.669031 -0.715552 -0.200954
vn -0.957834 0.000000 -0.287324
vn -0.669032 0.715552 -0.200955
vn 0.705692 0.698458 0.118978
vn 0.016278 0.999863 0.003021
vn 0.986126 0.000000 0.166002
vn 0.705692 -0.698457 0.118978
vn 0.016279 -0.999863 0.003021
vn -0.689400 -0.715009 -0.116146
vn -0.986063 0.000002 -0.166372
vn -0.689400 0.715009 -0.116146
vn 0.712255 0.700865 0.038487
vn 0.012398 0.999923 0.000837
vn 0.998552 0.000000 0.053798
vn 0.712255 -0.700865 0.038487
vn 0.012399 -0.999923 0.000837
vn -0.699846 -0.713294 -0.037788
vn -0.998537 0.000002 -0.054072
vn -0.699846 0.713294 -0.037788
vn 0.714869 0.697818 -0.044854
vn 0.017437 0.999847 -0.001603
vn 0.998064 0.000000 -0.062190
vn 0.714869 -0.697818 -0.044854
vn 0.017437 -0.999847 -0.001603
vn -0.697467 -0.715298 0.043457
vn -0.998039 0.000000 0.062593
vn -0.697467 0.715298 0.043457
vn 0.703134 0.696192 -0.144634
vn 0.020861 0.999776 -0.003636
vn 0.979367 0.000000 -0.202089
vn 0.703134 -0.696192 -0.144634
vn 0.020861 -0.999776 -0.003636
vn -0.682403 -0.717349 0.140484
vn -0.979580 0.000000 0.201056
vn -0.682403 0.717349 0.140484
vn 0.675009 0.698169 -0.238586
vn 0.016834 0.999841 -0.005914
vn 0.942815 -0.000000 -0.333316
vn 0.675009 -0.698169 -0.238585
vn 0.016834 -0.999841 -0.005914
vn -0.658216 -0.716023 0.232515
vn -0.942922 0.000000 0.333014
vn -0.658216 0.716023 0.232515
vn 0.637432 0.700710 -0.320446
vn 0.011283 0.999921 -0.005536
vn 0.893417 -0.000000 -0.449229
vn 0.637432 -0.700710 -0.320446
vn 0.011283 -0.999921 -0.005536
vn -0.626145 -0.713279 0.314922
vn -0.893406 -0.000000 0.449251
vn -0.626145 0.713279 0.314922
vn 0.609837 0.703494 -0.364959
vn 0.006161 0.999974 -0.003645
vn 0.858067 0.000000 -0.513538
vn 0.609836 -0.703494 -0.364960
vn 0.006161 -0.999974 -0.003645
vn -0.603667 -0.710653 0.361329
vn -0.858049 -0.000000 0.513568
vn -0.603666 0.710653 0.361330
vn 0.599326 0.708154 -0.373265
vn -0.002187 0.999997 0.001287
vn 0.848853 0.000000 -0.528629
vn 0.599326 -0.708153 -0.373266
vn -0.002188 -0.999997 0.001287
vn -0.601523 -0.705620 0.374526
vn -0.848882 -0.000000 0.528583
vn -0.601523 0.705620 0.374526
vn 0.625577 0.718200 -0.304700
vn -0.021484 0.999722 0.009706
vn 0.899241 0.000000 -0.437453
vn 0.625577 -0.718200 -0.304699
vn -0.021484 -0.999722 0.009707
vn -0.646944 -0.694664 0.314491
vn -0.899132 -0.000000 0.437677
vn -0.646944 0.694665 0.314491
vn 0.668918 0.724255 -0.167340
vn -0.033068 0.999418 0.008428
vn 0.970086 0.000000 -0.242760
vn 0.668918 -0.724255 -0.167340
vn -0.033068 -0.999418 0.008428
vn -0.702062 -0.690063 0.175850
vn -0.970056 -0.000000 0.242880
vn -0.702062 0.690063 0.175850
vn 0.699188 0.713744 -0.041294
vn -0.014586 0.999893 0.001394
vn 0.998239 0.000000 -0.059317
vn 0.699188 -0.713744 -0.041294
vn -0.014586 -0.999893 0.001394
vn -0.713721 -0.699129 0.042671
vn -0.998241 0.000000 0.059291
vn -0.713722 0.699128 0.042671
vn 0.706795 0.707417 -0.001530
vn -0.000659 1.000000 0.000004
vn 0.999998 0.000000 -0.002164
vn 0.706795 -0.707417 -0.001530
vn -0.000659 -1.000000 0.000004
vn -0.707456 -0.706756 0.001541
vn -0.999998 0.000000 0.002178
vn -0.707456 0.706756 0.001541
vn 0.707107 0.707107 -0.000000
vn -0.000000 1.000000 -0.000000
vn 1.000000 0.000000 -0.000001
vn 0.707107 -0.707107 -0.000000
vn -0.000000 -1.000000 -0.000000
vn -0.707106 -0.707107 0.000000
vn -1.000000 0.000000 0.000001
vn -0.707106 0.707107 0.000000
vn 0.707107 0.707107 -0.000000
vn 0.000000 1.000000 -0.000000
vn 1.000000 0.000000 -0.000001
vn 0.707107 -0.707107 -0.000000
vn 0.000000 -1.000000 -0.000000
vn -0.707106 -0.707108 0.000000
vn -1.000000 0.000000 0.000001
vn -0.707106 0.707108 0.000000
vn 0.707105 0.707109 -0.000001
vn 0.000000 1.000000 0.000000
vn 1.000000 0.000000 -0.000001
vn 0.707105 -0.707109 -0.000001
vn 0.000000 -1.000000 -0.000000
vn -0.707107 -0.707107 0.000001
vn -1.000000 0.000000 0.000001
vn -0.707107 0.707107 0.000001
vn 0.707105 0.707109 -0.000001
vn -0.000000 1.000000 -0.000000
vn 1.000000 0.000000 -0.000001
vn 0.707105 -0.707109 -0.000001
vn -0.000000 -1.000000 -0.000000
vn -0.707107 -0.707107 0.000001
vn -1.000000 0.000000 0.000001
vn -0.707107 0.707107 0.000001
s 1
g group1 Cables sweep10
usemtl lambert2SG
f 1645/1981/2410 1646/1982/2411 1654/1983/2412 1653/1984/2413
f 1646/1982/2411 1647/1985/2414 1655/1986/2415 1654/1983/2412
f 1647/1985/2414 1648/1987/2416 1656/1988/2417 1655/1986/2415
f 1648/1987/2416 1649/1989/2418 1657/2213/2419 1656/1988/2417
f 1649/2214/2418 1650/1991/2420 1658/1992/2421 1657/1990/2419
f 1650/1991/2420 1651/1993/2422 1659/1994/2423 1658/1992/2421
f 1651/1993/2422 1652/1995/2424 1660/1996/2425 1659/1994/2423
f 1652/1995/2424 1645/1981/2410 1653/1984/2413 1660/1996/2425
f 1653/1984/2413 1654/1983/2412 1662/1997/2426 1661/1998/2427
f 1654/1983/2412 1655/1986/2415 1663/1999/2428 1662/1997/2426
f 1655/1986/2415 1656/1988/2417 1664/2000/2429 1663/1999/2428
f 1656/1988/2417 1657/2213/2419 1665/2212/2430 1664/2000/2429
f 1657/1990/2419 1658/1992/2421 1666/2002/2431 1665/2001/2430
f 1658/1992/2421 1659/1994/2423 1667/2003/2432 1666/2002/2431
f 1659/1994/2423 1660/1996/2425 1668/2004/2433 1667/2003/2432
f 1660/1996/2425 1653/1984/2413 1661/1998/2427 1668/2004/2433
f 1661/1998/2427 1662/1997/2426 1670/2005/2434 1669/2006/2435
f 1662/1997/2426 1663/1999/2428 1671/2007/2436 1670/2005/2434
f 1663/1999/2428 1664/2000/2429 1672/2008/2437 1671/2007/2436
f 1664/2000/2429 1665/2212/2430 1673/2211/2438 1672/2008/2437
f 1665/2001/2430 1666/2002/2431 1674/2010/2439 1673/2009/2438
f 1666/2002/2431 1667/2003/2432 1675/2011/2440 1674/2010/2439
f 1667/2003/2432 1668/2004/2433 1676/2012/2441 1675/2011/2440
f 1668/2004/2433 1661/1998/2427 1669/2006/2435 1676/2012/2441
f 1669/2006/2435 1670/2005/2434 1678/2013/2442 1677/2014/2443
f 1670/2005/2434 1671/2007/2436 1679/2015/2444 1678/2013/2442
f 1671/2007/2436 1672/2008/2437 1680/2016/2445 1679/2015/2444
f 1672/2008/2437 1673/2211/2438 1681/2210/2446 1680/2016/2445
f 1673/2009/2438 1674/2010/2439 1682/2018/2447 1681/2017/2446
f 1674/2010/2439 1675/2011/2440 1683/2019/2448 1682/2018/2447
f 1675/2011/2440 1676/2012/2441 1684/2020/2449 1683/2019/2448
f 1676/2012/2441 1669/2006/2435 1677/2014/2443 1684/2020/2449
f 1677/2014/2443 1678/2013/2442 1686/2021/2450 1685/2022/2451
f 1678/2013/2442 1679/2015/2444 1687/2023/2452 1686/2021/2450
f 1679/2015/2444 1680/2016/2445 1688/2024/2453 1687/2023/2452
f 1680/2016/2445 1681/2210/2446 1689/2209/2454 1688/2024/2453
f 1681/2017/2446 1682/2018/2447 1690/2026/2455 1689/2025/2454
f 1682/2018/2447 1683/2019/2448 1691/2027/2456 1690/2026/2455
f 1683/2019/2448 1684/2020/2449 1692/2028/2457 1691/2027/2456
f 1684/2020/2449 1677/2014/2443 1685/2022/2451 1692/2028/2457
f 1685/2022/2451 1686/2021/2450 1694/2029/2458 1693/2030/2459
f 1686/2021/2450 1687/2023/2452 1695/2031/2460 1694/2029/2458
f 1687/2023/2452 1688/2024/2453 1696/2032/2461 1695/2031/2460
f 1688/2024/2453 1689/2209/2454 1697/2208/2462 1696/2032/2461
f 1689/2025/2454 1690/2026/2455 1698/2034/2463 1697/2033/2462
f 1690/2026/2455 1691/2027/2456 1699/2035/2464 1698/2034/2463
f 1691/2027/2456 1692/2028/2457 1700/2036/2465 1699/2035/2464
f 1692/2028/2457 1685/2022/2451 1693/2030/2459 1700/2036/2465
f 1693/2030/2459 1694/2029/2458 1702/2037/2466 1701/2038/2467
f 1694/2029/2458 1695/2031/2460 1703/2039/2468 1702/2037/2466
f 1695/2031/2460 1696/2032/2461 1704/2040/2469 1703/2039/2468
f 1696/2032/2461 1697/2208/2462 1705/2207/2470 1704/2040/2469
f 1697/2033/2462 1698/2034/2463 1706/2042/2471 1705/2041/2470
f 1698/2034/2463 1699/2035/2464 1707/2043/2472 1706/2042/2471
f 1699/2035/2464 1700/2036/2465 1708/2044/2473 1707/2043/2472
f 1700/2036/2465 1693/2030/2459 1701/2038/2467 1708/2044/2473
f 1701/2038/2467 1702/2037/2466 1710/2045/2474 1709/2046/2475
f 1702/2037/2466 1703/2039/2468 1711/2047/2476 1710/2045/2474
f 1703/2039/2468 1704/2040/2469 1712/2048/2477 1711/2047/2476
f 1704/2040/2469 1705/2207/2470 1713/2206/2478 1712/2048/2477
f 1705/2041/2470 1706/2042/2471 1714/2050/2479 1713/2049/2478
f 1706/2042/2471 1707/2043/2472 1715/2051/2480 1714/2050/2479
f 1707/2043/2472 1708/2044/2473 1716/2052/2481 1715/2051/2480
f 1708/2044/2473 1701/2038/2467 1709/2046/2475 1716/2052/2481
f 1709/2046/2475 1710/2045/2474 1718/2053/2482 1717/2054/2483
f 1710/2045/2474 1711/2047/2476 1719/2055/2484 1718/2053/2482
f 1711/2047/2476 1712/2048/2477 1720/2056/2485 1719/2055/2484
f 1712/2048/2477 1713/2206/2478 1721/2205/2486 1720/2056/2485
f 1713/2049/2478 1714/2050/2479 1722/2058/2487 1721/2057/2486
f 1714/2050/2479 1715/2051/2480 1723/2059/2488 1722/2058/2487
f 1715/2051/2480 1716/2052/2481 1724/2060/2489 1723/2059/2488
f 1716/2052/2481 1709/2046/2475 1717/2054/2483 1724/2060/2489
f 1717/2054/2483 1718/2053/2482 1726/2061/2490 1725/2062/2491
f 1718/2053/2482 1719/2055/2484 1727/2063/2492 1726/2061/2490
f 1719/2055/2484 1720/2056/2485 1728/2064/2493 1727/2063/2492
f 1720/2056/2485 1721/2205/2486 1729/2204/2494 1728/2064/2493
f 1721/2057/2486 1722/2058/2487 1730/2066/2495 1729/2065/2494
f 1722/2058/2487 1723/2059/2488 1731/2067/2496 1730/2066/2495
f 1723/2059/2488 1724/2060/2489 1732/2068/2497 1731/2067/2496
f 1724/2060/2489 1717/2054/2483 1725/2062/2491 1732/2068/2497
f 1725/2062/2491 1726/2061/2490 1734/2069/2498 1733/2070/2499
f 1726/2061/2490 1727/2063/2492 1735/2071/2500 1734/2069/2498
f 1727/2063/2492 1728/2064/2493 1736/2072/2501 1735/2071/2500
f 1728/2064/2493 1729/2204/2494 1737/2203/2502 1736/2072/2501
f 1729/2065/2494 1730/2066/2495 1738/2074/2503 1737/2073/2502
f 1730/2066/2495 1731/2067/2496 1739/2075/2504 1738/2074/2503
f 1731/2067/2496 1732/2068/2497 1740/2076/2505 1739/2075/2504
f 1732/2068/2497 1725/2062/2491 1733/2070/2499 1740/2076/2505
f 1733/2070/2499 1734/2069/2498 1742/2077/2506 1741/2078/2507
f 1734/2069/2498 1735/2071/2500 1743/2079/2508 1742/2077/2506
f 1735/2071/2500 1736/2072/2501 1744/2080/2509 1743/2079/2508
f 1736/2072/2501 1737/2203/2502 1745/2202/2510 1744/2080/2509
f 1737/2073/2502 1738/2074/2503 1746/2082/2511 1745/2081/2510
f 1738/2074/2503 1739/2075/2504 1747/2083/2512 1746/2082/2511
f 1739/2075/2504 1740/2076/2505 1748/2084/2513 1747/2083/2512
f 1740/2076/2505 1733/2070/2499 1741/2078/2507 1748/2084/2513
f 1741/2078/2507 1742/2077/2506 1750/2085/2514 1749/2086/2515
f 1742/2077/2506 1743/2079/2508 1751/2087/2516 1750/2085/2514
f 1743/2079/2508 1744/2080/2509 1752/2088/2517 1751/2087/2516
f 1744/2080/2509 1745/2202/2510 1753/2201/2518 1752/2088/2517
f 1745/2081/2510 1746/2082/2511 1754/2090/2519 1753/2089/2518
f 1746/2082/2511 1747/2083/2512 1755/2091/2520 1754/2090/2519
f 1747/2083/2512 1748/2084/2513 1756/2092/2521 1755/2091/2520
f 1748/2084/2513 1741/2078/2507 1749/2086/2515 1756/2092/2521
f 1749/2086/2515 1750/2085/2514 1758/2093/2522 1757/2094/2523
f 1750/2085/2514 1751/2087/2516 1759/2095/2524 1758/2093/2522
f 1751/2087/2516 1752/2088/2517 1760/2096/2525 1759/2095/2524
f 1752/2088/2517 1753/2201/2518 1761/2200/2526 1760/2096/2525
f 1753/2089/2518 1754/2090/2519 1762/2098/2527 1761/2097/2526
f 1754/2090/2519 1755/2091/2520 1763/2099/2528 1762/2098/2527
f 1755/2091/2520 1756/2092/2521 1764/2100/2529 1763/2099/2528
f 1756/2092/2521 1749/2086/2515 1757/2094/2523 1764/2100/2529
f 1757/2094/2523 1758/2093/2522 1766/2101/2530 1765/2102/2531
f 1758/2093/2522 1759/2095/2524 1767/2103/2532 1766/2101/2530
f 1759/2095/2524 1760/2096/2525 1768/2104/2533 1767/2103/2532
f 1760/2096/2525 1761/2200/2526 1769/2199/2534 1768/2104/2533
f 1761/2097/2526 1762/2098/2527 1770/2106/2535 1769/2105/2534
f 1762/2098/2527 1763/2099/2528 1771/2107/2536 1770/2106/2535
f 1763/2099/2528 1764/2100/2529 1772/2108/2537 1771/2107/2536
f 1764/2100/2529 1757/2094/2523 1765/2102/2531 1772/2108/2537
f 1765/2102/2531 1766/2101/2530 1774/2109/2538 1773/2110/2539
f 1766/2101/2530 1767/2103/2532 1775/2111/2540 1774/2109/2538
f 1767/2103/2532 1768/2104/2533 1776/2112/2541 1775/2111/2540
f 1768/2104/2533 1769/2199/2534 1777/2198/2542 1776/2112/2541
f 1769/2105/2534 1770/2106/2535 1778/2114/2543 1777/2113/2542
f 1770/2106/2535 1771/2107/2536 1779/2115/2544 1778/2114/2543
f 1771/2107/2536 1772/2108/2537 1780/2116/2545 1779/2115/2544
f 1772/2108/2537 1765/2102/2531 1773/2110/2539 1780/2116/2545
f 1773/2110/2539 1774/2109/2538 1782/2117/2546 1781/2118/2547
f 1774/2109/2538 1775/2111/2540 1783/2119/2548 1782/2117/2546
f 1775/2111/2540 1776/2112/2541 1784/2120/2549 1783/2119/2548
f 1776/2112/2541 1777/2198/2542 1785/2197/2550 1784/2120/2549
f 1777/2113/2542 1778/2114/2543 1786/2122/2551 1785/2121/2550
f 1778/2114/2543 1779/2115/2544 1787/2123/2552 1786/2122/2551
f 1779/2115/2544 1780/2116/2545 1788/2124/2553 1787/2123/2552
f 1780/2116/2545 1773/2110/2539 1781/2118/2547 1788/2124/2553
f 1781/2118/2547 1782/2117/2546 1790/2125/2554 1789/2126/2555
f 1782/2117/2546 1783/2119/2548 1791/2127/2556 1790/2125/2554
f 1783/2119/2548 1784/2120/2549 1792/2128/2557 1791/2127/2556
f 1784/2120/2549 1785/2197/2550 1793/2196/2558 1792/2128/2557
f 1785/2121/2550 1786/2122/2551 1794/2130/2559 1793/2129/2558
f 1786/2122/2551 1787/2123/2552 1795/2131/2560 1794/2130/2559
f 1787/2123/2552 1788/2124/2553 1796/2132/2561 1795/2131/2560
f 1788/2124/2553 1781/2118/2547 1789/2126/2555 1796/2132/2561
f 1789/2126/2555 1790/2125/2554 1798/2133/2562 1797/2134/2563
f 1790/2125/2554 1791/2127/2556 1799/2135/2564 1798/2133/2562
f 1791/2127/2556 1792/2128/2557 1800/2136/2565 1799/2135/2564
f 1792/2128/2557 1793/2196/2558 1801/2195/2566 1800/2136/2565
f 1793/2129/2558 1794/2130/2559 1802/2138/2567 1801/2137/2566
f 1794/2130/2559 1795/2131/2560 1803/2139/2568 1802/2138/2567
f 1795/2131/2560 1796/2132/2561 1804/2140/2569 1803/2139/2568
f 1796/2132/2561 1789/2126/2555 1797/2134/2563 1804/2140/2569
f 1797/2134/2563 1798/2133/2562 1806/2141/2570 1805/2142/2571
f 1798/2133/2562 1799/2135/2564 1807/2143/2572 1806/2141/2570
f 1799/2135/2564 1800/2136/2565 1808/2144/2573 1807/2143/2572
f 1800/2136/2565 1801/2195/2566 1809/2194/2574 1808/2144/2573
f 1801/2137/2566 1802/2138/2567 1810/2146/2575 1809/2145/2574
f 1802/2138/2567 1803/2139/2568 1811/2147/2576 1810/2146/2575
f 1803/2139/2568 1804/2140/2569 1812/2148/2577 1811/2147/2576
f 1804/2140/2569 1797/2134/2563 1805/2142/2571 1812/2148/2577
f 1805/2142/2571 1806/2141/2570 1814/2149/2578 1813/2150/2579
f 1806/2141/2570 1807/2143/2572 1815/2151/2580 1814/2149/2578
f 1807/2143/2572 1808/2144/2573 1816/2152/2581 1815/2151/2580
f 1808/2144/2573 1809/2194/2574 1817/2193/2582 1816/2152/2581
f 1809/2145/2574 1810/2146/2575 1818/2154/2583 1817/2153/2582
f 1810/2146/2575 1811/2147/2576 1819/2155/2584 1818/2154/2583
f 1811/2147/2576 1812/2148/2577 1820/2156/2585 1819/2155/2584
f 1812/2148/2577 1805/2142/2571 1813/2150/2579 1820/2156/2585
f 1813/2150/2579 1814/2149/2578 1822/2157/2586 1821/2158/2587
f 1814/2149/2578 1815/2151/2580 1823/2159/2588 1822/2157/2586
f 1815/2151/2580 1816/2152/2581 1824/2160/2589 1823/2159/2588
f 1816/2152/2581 1817/2193/2582 1825/2192/2590 1824/2160/2589
f 1817/2153/2582 1818/2154/2583 1826/2162/2591 1825/2161/2590
f 1818/2154/2583 1819/2155/2584 1827/2163/2592 1826/2162/2591
f 1819/2155/2584 1820/2156/2585 1828/2164/2593 1827/2163/2592
f 1820/2156/2585 1813/2150/2579 1821/2158/2587 1828/2164/2593
f 1821/2158/2587 1822/2157/2586 1830/2165/2594 1829/2166/2595
f 1822/2157/2586 1823/2159/2588 1831/2167/2596 1830/2165/2594
f 1823/2159/2588 1824/2160/2589 1832/2168/2597 1831/2167/2596
f 1824/2160/2589 1825/2192/2590 1833/2191/2598 1832/2168/2597
f 1825/2161/2590 1826/2162/2591 1834/2170/2599 1833/2169/2598
f 1826/2162/2591 1827/2163/2592 1835/2171/2600 1834/2170/2599
f 1827/2163/2592 1828/2164/2593 1836/2172/2601 1835/2171/2600
f 1828/2164/2593 1821/2158/2587 1829/2166/2595 1836/2172/2601
f 1829/2166/2595 1830/2165/2594 1838/2173/2602 1837/2174/2603
f 1830/2165/2594 1831/2167/2596 1839/2175/2604 1838/2173/2602
f 1831/2167/2596 1832/2168/2597 1840/2176/2605 1839/2175/2604
f 1832/2168/2597 1833/2191/2598 1841/2189/2606 1840/2176/2605
f 1833/2169/2598 1834/2170/2599 1842/2178/2607 1841/2177/2606
f 1834/2170/2599 1835/2171/2600 1843/2179/2608 1842/2178/2607
f 1835/2171/2600 1836/2172/2601 1844/2180/2609 1843/2179/2608
f 1836/2172/2601 1829/2166/2595 1837/2174/2603 1844/2180/2609
f 1837/2174/2603 1838/2173/2602 1846/2181/2610 1845/2182/2611
f 1838/2173/2602 1839/2175/2604 1847/2183/2612 1846/2181/2610
f 1839/2175/2604 1840/2176/2605 1848/2184/2613 1847/2183/2612
f 1840/2176/2605 1841/2189/2606 1849/2190/2614 1848/2184/2613
f 1841/2177/2606 1842/2178/2607 1850/2186/2615 1849/2185/2614
f 1842/2178/2607 1843/2179/2608 1851/2187/2616 1850/2186/2615
f 1843/2179/2608 1844/2180/2609 1852/2188/2617 1851/2187/2616
f 1844/2180/2609 1837/2174/2603 1845/2182/2611 1852/2188/2617
g default
v -76.871529 24.072832 47.982136
v -76.326637 24.072832 47.982136
v -76.871529 50.227604 47.982136
v -76.326637 50.227604 47.982136
v -76.871529 50.227604 -3.725578
v -76.326637 50.227604 -3.725578
v -76.871529 24.072832 -3.725578
v -76.326637 24.072832 -3.725578
vt 0.143915 0.308505
vt 0.147295 0.308505
vt 0.147306 0.470726
vt 0.147306 0.474106
vt 0.468018 0.470704
vt 0.471397 0.470704
vt 0.468006 0.308482
vt 0.468006 0.305103
vt 0.468018 0.474085
vt 0.143927 0.470727
vt 0.147295 0.305124
vt 0.471386 0.308482
vn 0.000000 0.000000 1.000000
vn 0.000000 0.000000 1.000000
vn 0.000000 0.000000 1.000000
vn 0.000000 0.000000 1.000000
vn 0.000000 1.000000 0.000000
vn 0.000000 1.000000 0.000000
vn 0.000000 1.000000 0.000000
vn 0.000000 1.000000 0.000000
vn 0.000000 0.000000 -1.000000
vn 0.000000 0.000000 -1.000000
vn 0.000000 0.000000 -1.000000
vn 0.000000 0.000000 -1.000000
vn 0.000000 -1.000000 0.000000
vn 0.000000 -1.000000 0.000000
vn 0.000000 -1.000000 0.000000
vn 0.000000 -1.000000 0.000000
vn 1.000000 0.000000 0.000000
vn 1.000000 0.000000 0.000000
vn 1.000000 0.000000 0.000000
vn 1.000000 0.000000 0.000000
s off
g group1 Pantallas pCube21
usemtl lambert2SG
f 1853/2215/2618 1854/2216/2619 1856/2217/2620 1855/2224/2621
f 1855/2218/2622 1856/2217/2623 1858/2219/2624 1857/2223/2625
f 1857/2220/2626 1858/2219/2627 1860/2221/2628 1859/2226/2629
f 1859/2222/2630 1860/2221/2631 1854/2216/2632 1853/2225/2633
f 1854/2216/2634 1860/2221/2635 1858/2219/2636 1856/2217/2637
g default
v 81.179825 46.752502 5.564575
v 81.179855 46.752502 39.438721
v 81.179825 59.455315 5.564575
v 81.179855 59.455315 39.438782
v 79.062721 46.752502 39.438660
v 79.062721 59.455315 39.438660
v 79.062691 46.752502 5.564575
v 79.062691 59.455315 5.564575
vt 0.419037 0.601505
vt 0.388592 0.601502
vt 0.530679 0.601516
vt 0.500231 0.601512
vt 0.530679 0.606591
vt 0.866197 0.083881
vt 0.611870 0.606604
vt 0.419037 0.606580
vt 0.868249 0.002691
vt 0.866178 0.002687
vt 0.835730 0.002695
vt 0.388592 0.606576
vt 0.898697 0.002687
vt 0.611870 0.601530
vt 0.500231 0.606587
vt 0.835750 0.083889
vt 0.868258 0.083885
vt 0.898705 0.083881
vn 1.000000 0.000000 -0.000001
vn 1.000000 0.000000 -0.000001
vn 1.000000 0.000000 -0.000001
vn 1.000000 0.000000 -0.000001
vn -0.000034 -0.000003 1.000000
vn -0.000041 -0.000001 1.000000
vn -0.000049 0.000000 1.000000
vn -0.000041 -0.000001 1.000000
vn -1.000000 0.000000 0.000001
vn -1.000000 0.000000 0.000001
vn -1.000000 0.000000 0.000001
vn -1.000000 0.000000 0.000001
vn 0.000015 0.000000 -1.000000
vn 0.000015 0.000000 -1.000000
vn 0.000015 0.000000 -1.000000
vn 0.000015 0.000000 -1.000000
vn -0.000000 1.000000 0.000000
vn -0.000000 1.000000 0.000000
vn -0.000000 1.000000 0.000000
vn -0.000000 1.000000 0.000000
vn 0.000000 -1.000000 0.000000
vn 0.000000 -1.000000 0.000000
vn 0.000000 -1.000000 0.000000
vn 0.000000 -1.000000 0.000000
s off
g Paredes CubeFBXASC032FBXASC04071FBXASC041
usemtl lambert5SG
f 1861/2235/2638 1863/2239/2639 1864/2244/2640 1862/2243/2641
f 1862/2230/2642 1864/2229/2643 1866/2231/2644 1865/2241/2645
f 1865/2232/2646 1866/2242/2647 1868/2237/2648 1867/2236/2649
f 1867/2234/2650 1868/2238/2651 1863/2228/2652 1861/2227/2653
f 1863/2240/2654 1868/2233/2655 1866/2231/2656 1864/2229/2657
f 1867/2234/2658 1861/2227/2659 1862/2230/2660 1865/2241/2661
g default
v 39.992878 22.969521 78.591972
v 48.049408 22.969521 78.591972
v 39.992878 22.969521 72.238426
v 48.049408 22.969521 72.238426
v 39.992878 22.781757 72.238426
v 48.049408 22.781757 72.238426
v 39.992878 22.781757 78.591972
v 48.049408 22.781757 78.591972
vt 0.391688 0.047763
vt 0.341718 0.047763
vt 0.341718 0.008356
vt 0.391687 0.008356
vt 0.340553 0.008356
vt 0.391687 0.007191
vt 0.392852 0.047763
vt 0.341718 0.048928
vt 0.340554 0.047763
vt 0.391688 0.048928
vt 0.341718 0.007192
vt 0.392852 0.008356
vn 0.000000 1.000000 0.000000
vn 0.000000 1.000000 0.000000
vn 0.000000 1.000000 0.000000
vn 0.000000 1.000000 0.000000
vn 0.000000 0.000000 -1.000000
vn 0.000000 0.000000 -1.000000
vn 0.000000 0.000000 -1.000000
vn 0.000000 0.000000 -1.000000
vn 0.000000 0.000000 1.000000
vn 0.000000 0.000000 1.000000
vn 0.000000 0.000000 1.000000
vn 0.000000 0.000000 1.000000
vn 1.000000 0.000000 0.000000
vn 1.000000 0.000000 0.000000
vn 1.000000 0.000000 0.000000
vn 1.000000 0.000000 0.000000
vn -1.000000 0.000000 0.000000
vn -1.000000 0.000000 0.000000
vn -1.000000 0.000000 0.000000
vn -1.000000 0.000000 0.000000
s off
g group1 Monitor pCube6
usemtl lambert2SG
f 1869/2245/2662 1870/2246/2663 1872/2247/2664 1871/2248/2665
f 1871/2248/2666 1872/2247/2667 1874/2255/2668 1873/2250/2669
f 1875/2254/2670 1876/2252/2671 1870/2246/2672 1869/2245/2673
f 1870/2246/2674 1876/2253/2675 1874/2249/2676 1872/2247/2677
f 1875/2251/2678 1869/2245/2679 1871/2248/2680 1873/2256/2681
g default
v -77.376221 8.644165 81.826691
v 79.291527 8.644165 81.826904
v -77.376221 59.455315 81.826691
v 79.291565 59.455315 81.826904
v 79.291550 8.644165 83.944092
v 79.291580 59.455315 83.944092
v -77.376221 8.644165 83.943817
v -77.376221 59.455315 83.943817
vt 0.383018 0.505083
vt 0.383049 0.626873
vt 0.007530 0.626965
vt 0.007500 0.505176
vt 0.007530 0.632042
vt 0.007500 0.500101
vt 0.383049 0.631947
vt 0.388092 0.505082
vt 0.382988 0.378220
vt 0.007469 0.378307
vt 0.383018 0.500008
vt 0.002426 0.505177
vt 0.388123 0.626873
vt 0.002449 0.626968
vn 0.000001 0.000000 -1.000000
vn 0.000001 0.000000 -1.000000
vn 0.000001 0.000000 -1.000000
vn 0.000001 0.000000 -1.000000
vn 1.000000 -0.000001 -0.000005
vn 1.000000 -0.000001 -0.000009
vn 1.000000 -0.000001 -0.000013
vn 1.000000 -0.000001 -0.000009
vn -0.000002 -0.000000 1.000000
vn -0.000002 -0.000000 1.000000
vn -0.000002 -0.000000 1.000000
vn -0.000002 -0.000000 1.000000
vn -1.000000 0.000000 0.000004
vn -1.000000 0.000001 -0.000006
vn -1.000000 0.000001 -0.000015
vn -1.000000 0.000001 -0.000006
vn -0.000000 1.000000 0.000000
vn -0.000000 1.000000 0.000000
vn -0.000000 1.000000 0.000000
vn -0.000000 1.000000 0.000000
vn 0.000000 -1.000000 0.000000
vn 0.000000 -1.000000 0.000000
vn 0.000000 -1.000000 0.000000
vn 0.000000 -1.000000 0.000000
s off
g Paredes CubeFBXASC032FBXASC04064FBXASC041
usemtl lambert5SG
f 1877/2257/2682 1879/2258/2683 1880/2259/2684 1878/2260/2685
f 1878/2260/2686 1880/2259/2687 1882/2270/2688 1881/2268/2689
f 1881/2262/2690 1882/2266/2691 1884/2265/2692 1883/2267/2693
f 1883/2264/2694 1884/2269/2695 1879/2258/2696 1877/2257/2697
f 1879/2258/2698 1884/2263/2699 1882/2261/2700 1880/2259/2701
f 1883/2267/2702 1877/2257/2703 1878/2260/2704 1881/2262/2705
g default
v 24.806831 22.649740 69.786263
v 32.794090 22.649740 73.695686
v 24.012325 35.799576 70.584984
v 31.999577 35.799576 74.494408
v 24.092609 35.799576 70.420952
v 32.079868 35.799576 74.330376
v 24.726547 22.825829 69.950294
v 24.806831 22.825829 69.786263
v 32.794090 22.825829 73.695686
v 32.713799 22.825829 73.859718
v 23.063086 22.649740 73.272148
v 31.050337 22.649740 77.181572
v 31.050337 22.825829 77.181572
v 23.063086 22.825829 73.272148
vt 0.828806 0.287105
vt 0.852590 0.203181
vt 0.851673 0.202701
vt 0.827935 0.287105
vt 0.747234 0.261816
vt 0.747234 0.202701
vt 0.747234 0.203181
vt 0.747234 0.260713
vt 0.827935 0.260713
vt 0.827935 0.203181
vt 0.828806 0.203181
vt 0.828806 0.260713
vt 0.827935 0.202701
vt 0.827935 0.261816
vt 0.827935 0.148308
vt 0.747234 0.148308
vt 0.747234 0.148308
vt 0.852590 0.148308
vt 0.851673 0.148308
vn -0.439622 0.000000 0.898183
vn -0.439622 0.000000 0.898183
vn -0.439622 0.000000 0.898183
vn -0.439622 0.000000 0.898183
vn 0.000000 1.000000 -0.000005
vn 0.000000 1.000000 -0.000005
vn 0.000000 1.000000 -0.000005
vn 0.000000 1.000000 -0.000005
vn 0.438632 0.067093 -0.896159
vn 0.438633 0.067062 -0.896161
vn 0.439622 0.000000 -0.898183
vn 0.439622 0.000000 -0.898183
vn 0.898179 0.000000 0.439630
vn 0.897827 0.027730 0.439475
vn 0.897824 0.027838 0.439474
vn -0.898197 0.000000 -0.439594
vn -0.897840 -0.027841 -0.439440
vn -0.897843 -0.027733 -0.439441
vn -0.897838 -0.027929 -0.439439
vn -0.897838 -0.027929 -0.439439
vn 0.438605 0.067984 -0.896105
vn 0.438605 0.067984 -0.896105
vn 0.897822 0.027927 0.439473
vn 0.897822 0.027927 0.439473
vn -0.438606 -0.067984 0.896105
vn -0.438606 -0.067984 0.896104
vn -0.438606 -0.067984 0.896105
vn -0.438606 -0.067984 0.896104
vn 0.894243 -0.004576 0.447559
vn 0.894243 -0.004576 0.447559
vn 0.894243 -0.004576 0.447559
vn 0.894243 -0.004576 0.447559
vn 0.000000 1.000000 0.000000
vn 0.000000 1.000000 0.000000
vn 0.000000 1.000000 0.000000
vn 0.000000 1.000000 0.000000
vn -0.894243 0.004599 -0.447559
vn -0.894243 0.004599 -0.447559
vn -0.894243 0.004599 -0.447559
vn -0.894243 0.004599 -0.447559
s off
g group1 Pantalla_holografica pCube37
usemtl lambert2SG
f 1895/2288/2706 1896/2272/2707 1897/2273/2708 1898/2289/2709
f 1887/2286/2710 1888/2276/2711 1890/2277/2712 1889/2287/2713
s 1
f 1892/2279/2714 1893/2280/2715 1886/2281/2716 1885/2282/2717
s 2
f 1886/2281/2718 1893/2280/2719 1894/2283/2720
s 3
f 1885/2282/2721 1891/2284/2722 1892/2279/2723
f 1892/2279/2723 1891/2284/2722 1887/2275/2724 1889/2278/2725
s 1
f 1889/2278/2726 1890/2277/2727 1893/2280/2715 1892/2279/2714
s 2
f 1894/2283/2720 1893/2280/2719 1890/2277/2728 1888/2276/2729
s off
f 1891/2285/2730 1894/2283/2731 1888/2276/2732 1887/2286/2733
f 1886/2281/2734 1894/2283/2735 1897/2273/2736 1896/2272/2737
f 1894/2283/2738 1891/2285/2739 1898/2289/2740 1897/2273/2741
f 1891/2284/2742 1885/2282/2743 1895/2271/2744 1898/2274/2745
g default
v -76.799309 48.981441 75.308624
v -76.662575 48.925735 75.289978
v -76.607109 48.791248 75.258606
v -76.665413 48.656757 75.232880
v -76.803322 48.601051 75.227875
v -76.940056 48.656757 75.246521
v -76.995522 48.791248 75.277893
v -76.937225 48.925735 75.303612
v -76.892212 48.330803 73.437454
v -76.752678 48.295341 73.475151
v -76.690460 48.209728 73.579781
v -76.742012 48.124115 73.690056
v -76.877121 48.088654 73.741386
v -77.016655 48.124115 73.703690
v -77.078873 48.209728 73.599060
v -77.027328 48.295341 73.488785
v -76.918243 46.916485 72.913109
v -76.778168 46.903717 72.961723
v -76.714645 46.872894 73.092728
v -76.764877 46.842072 73.229385
v -76.899452 46.829304 73.291634
v -77.039528 46.842072 73.243019
v -77.103050 46.872894 73.112015
v -77.052818 46.903717 72.975357
v -76.935280 45.556156 72.570061
v -76.795326 45.535046 72.616074
v -76.732117 45.484089 72.740799
v -76.782661 45.433128 72.871162
v -76.917366 45.412018 72.930809
v -77.057312 45.433128 72.884796
v -77.120529 45.484089 72.760078
v -77.069977 45.535046 72.629715
v -76.968811 44.505680 71.894539
v -76.829399 44.467457 71.929893
v -76.767464 44.375179 72.028870
v -76.819290 44.282902 72.133492
v -76.954521 44.244678 72.182480
v -77.093933 44.282902 72.147133
v -77.155869 44.375179 72.048149
v -77.104042 44.467457 71.943527
v -77.017921 43.789829 70.905418
v -76.879578 43.736717 70.919136
v -76.820236 43.608494 70.965881
v -76.874657 43.480270 71.018272
v -77.010963 43.427158 71.045624
v -77.149307 43.480270 71.031906
v -77.208649 43.608494 70.985161
v -77.154228 43.736717 70.932770
v -77.072746 43.566120 69.801132
v -76.935364 43.509178 69.795464
v -76.878349 43.371716 69.795418
v -76.935089 43.234249 69.801010
v -77.072357 43.177311 69.808975
v -77.209740 43.234249 69.814644
v -77.266762 43.371716 69.814697
v -77.210014 43.509178 69.809105
v -77.128006 43.738926 68.688217
v -76.991592 43.685051 68.662949
v -76.936928 43.554993 68.615585
v -76.996017 43.424931 68.573868
v -77.134254 43.371059 68.562241
v -77.270668 43.424931 68.587509
v -77.325333 43.554993 68.634872
v -77.266243 43.685051 68.676582
v -77.185005 44.576061 67.540100
v -77.050079 44.545937 67.485008
v -76.998985 44.473213 67.365639
v -77.061646 44.400486 67.251923
v -77.201370 44.370365 67.210464
v -77.336296 44.400486 67.265556
v -77.387390 44.473213 67.384926
v -77.324722 44.545937 67.498642
v -77.213051 45.989178 66.975128
v -77.078461 45.974766 66.913277
v -77.028175 45.939968 66.777603
v -77.091652 45.905174 66.647575
v -77.231712 45.890759 66.599358
v -77.366302 45.905174 66.661209
v -77.416588 45.939968 66.796883
v -77.353111 45.974766 66.926918
v -77.228691 47.242348 66.660149
v -77.094048 47.224133 66.599434
v -77.043625 47.180157 66.466499
v -77.106964 47.136181 66.339211
v -77.246964 47.117966 66.292137
v -77.381615 47.136181 66.352852
v -77.432030 47.180157 66.485786
v -77.368690 47.224133 66.613068
v -77.265175 48.396229 65.925278
v -77.129654 48.352360 65.882179
v -77.077118 48.246460 65.791779
v -77.138351 48.140560 65.707024
v -77.277473 48.096695 65.677559
v -77.412994 48.140560 65.720657
v -77.465530 48.246460 65.811058
v -77.404305 48.352360 65.895821
v -77.329659 48.879326 64.626442
v -77.192322 48.822372 64.619926
v -77.135406 48.684883 64.617844
v -77.192245 48.547390 64.621414
v -77.329559 48.490440 64.628540
v -77.466896 48.547390 64.635048
v -77.523811 48.684883 64.637131
v -77.466972 48.822372 64.633568
vt 0.639978 0.153667
vt 0.640177 0.152740
vt 0.651516 0.152835
vt 0.651553 0.153738
vt 0.640627 0.151922
vt 0.651387 0.152006
vt 0.641073 0.151118
vt 0.651253 0.151159
vt 0.641260 0.150227
vt 0.651212 0.150215
vt 0.641085 0.149337
vt 0.651263 0.149272
vt 0.640649 0.148534
vt 0.651363 0.155467
vt 0.640155 0.154597
vt 0.651505 0.154640
vt 0.660131 0.152922
vt 0.660169 0.153853
vt 0.660048 0.152001
vt 0.659967 0.151084
vt 0.659931 0.150163
vt 0.659956 0.149241
vt 0.660074 0.155707
vt 0.660143 0.154785
vt 0.669029 0.152942
vt 0.669047 0.153879
vt 0.668994 0.152016
vt 0.668961 0.151095
vt 0.668947 0.150168
vt 0.668955 0.149242
vt 0.669012 0.155744
vt 0.669039 0.154817
vt 0.677192 0.152932
vt 0.677202 0.153858
vt 0.677169 0.152026
vt 0.677146 0.151120
vt 0.677136 0.150194
vt 0.677143 0.149268
vt 0.677173 0.155690
vt 0.677194 0.154784
vt 0.685226 0.152928
vt 0.685210 0.153858
vt 0.685263 0.152018
vt 0.685297 0.151109
vt 0.685310 0.150182
vt 0.685291 0.149251
vt 0.685261 0.155704
vt 0.685226 0.154793
vt 0.692660 0.152936
vt 0.692658 0.153861
vt 0.692659 0.152022
vt 0.692658 0.151105
vt 0.692658 0.150173
vt 0.692655 0.149241
vt 0.692654 0.155714
vt 0.692656 0.154788
vt 0.700109 0.152937
vt 0.700132 0.153866
vt 0.700042 0.152034
vt 0.699977 0.151133
vt 0.699955 0.150207
vt 0.699982 0.149284
vt 0.700029 0.155682
vt 0.700101 0.154791
vt 0.709412 0.152940
vt 0.709373 0.153877
vt 0.709510 0.152037
vt 0.709603 0.151140
vt 0.709638 0.150216
vt 0.709608 0.149292
vt 0.709504 0.155716
vt 0.709409 0.154814
vt 0.719243 0.152957
vt 0.719212 0.153886
vt 0.719313 0.152036
vt 0.719380 0.151114
vt 0.719411 0.150187
vt 0.719392 0.149259
vt 0.719293 0.155739
vt 0.719234 0.154816
vt 0.727215 0.152940
vt 0.727178 0.153865
vt 0.727303 0.152030
vt 0.727391 0.151118
vt 0.727430 0.150190
vt 0.727400 0.149260
vt 0.727272 0.155700
vt 0.727200 0.154790
vt 0.735022 0.152929
vt 0.735023 0.153841
vt 0.735030 0.152049
vt 0.735038 0.151157
vt 0.735039 0.150212
vt 0.735030 0.149269
vt 0.735034 0.155631
vt 0.735023 0.154752
vt 0.743084 0.152901
vt 0.743222 0.153847
vt 0.742754 0.152006
vt 0.742418 0.151127
vt 0.742268 0.150222
vt 0.742396 0.149317
vt 0.742788 0.155687
vt 0.743100 0.154793
vt 0.735013 0.148379
vt 0.742712 0.148439
vt 0.727320 0.148346
vt 0.719335 0.148337
vt 0.709519 0.148396
vt 0.700048 0.148392
vt 0.692652 0.148313
vt 0.685249 0.148343
vt 0.677163 0.148361
vt 0.668982 0.148320
vt 0.660025 0.148321
vt 0.651406 0.148429
vt 0.640586 0.155419
vn -0.016244 0.944706 -0.327516
vn 0.547654 0.781564 -0.298720
vn 0.613110 0.581222 -0.535048
vn -0.032941 0.747210 -0.663771
vn 0.981593 0.159949 -0.104366
vn 0.987592 0.102474 -0.119004
vn 0.728103 -0.658269 0.191173
vn 0.782590 -0.480947 0.395277
vn 0.016139 -0.945455 0.325353
vn 0.032952 -0.747496 0.663448
vn -0.705576 -0.658283 0.262348
vn -0.739585 -0.480956 0.470846
vn -0.987108 0.159919 -0.006615
vn -0.994524 0.102461 -0.020588
vn -0.574536 0.781575 -0.243000
vn -0.663082 0.581236 -0.471685
vn 0.658473 0.214378 -0.721426
vn -0.047354 0.297149 -0.953656
vn 0.997948 0.006021 -0.063749
vn 0.741043 -0.205734 0.639162
vn 0.047425 -0.291571 0.955373
vn -0.674089 -0.205729 0.709422
vn -0.999355 0.006017 0.035417
vn -0.726696 0.214376 -0.652653
vn 0.697408 0.267055 -0.665059
vn -0.045666 0.391042 -0.919239
vn 0.999777 -0.018740 -0.009727
vn 0.717664 -0.287002 0.634499
vn 0.045566 -0.393273 0.918292
vn -0.651288 -0.286996 0.702465
vn -0.995824 -0.018748 0.089353
vn -0.759852 0.267056 -0.592711
vn 0.706219 0.468144 -0.531128
vn -0.036029 0.687238 -0.725538
vn 0.999202 -0.038417 -0.010954
vn 0.702864 -0.506763 0.499173
vn 0.035992 -0.688110 0.724713
vn -0.649967 -0.506766 0.566332
vn -0.995372 -0.038433 0.088073
vn -0.755331 0.468185 -0.458561
vn 0.722046 0.617024 -0.312939
vn -0.020382 0.911614 -0.410542
vn 0.998246 -0.054774 -0.022466
vn 0.689561 -0.672721 0.268239
vn 0.020230 -0.913151 0.407120
vn -0.659595 -0.672732 0.335211
vn -0.995562 -0.054775 0.076521
vn -0.749472 0.617049 -0.239878
vn 0.730199 0.681264 -0.051853
vn -0.001144 0.999735 -0.022974
vn 0.997526 -0.051094 -0.048281
vn 0.680618 -0.732436 -0.017209
vn 0.001118 -0.999747 0.022448
vn -0.678950 -0.732461 0.050288
vn -0.997403 -0.051099 0.050765
vn -0.731744 0.681264 0.020725
vn 0.748910 0.617623 0.240156
vn 0.020389 0.911545 0.410695
vn 0.994563 -0.063071 -0.082867
vn 0.649184 -0.678923 -0.342965
vn -0.020456 -0.910887 -0.412147
vn -0.679958 -0.678927 -0.276975
vn -0.997879 -0.063083 0.016049
vn -0.721445 0.617617 0.313156
vn 0.769222 0.406368 0.493116
vn 0.039216 0.612140 0.789777
vn 0.993172 -0.052251 -0.104305
vn 0.638225 -0.456785 -0.619691
vn -0.039314 -0.608706 -0.792421
vn -0.696469 -0.456776 -0.553432
vn -0.998620 -0.052237 -0.005424
vn -0.716605 0.406352 0.566882
vn 0.747221 0.219681 0.627216
vn 0.047077 0.314891 0.947960
vn 0.997622 -0.007601 -0.068507
vn 0.660235 -0.227842 -0.715666
vn -0.047034 -0.316173 -0.947535
vn -0.727871 -0.227852 -0.646752
vn -0.999502 -0.007596 0.030641
vn -0.681428 0.219671 0.698141
vn 0.713151 0.291873 0.637358
vn 0.045542 0.396214 0.917028
vn 0.999717 0.021908 -0.009236
vn 0.693768 -0.267078 -0.668846
vn -0.045690 -0.389762 -0.919782
vn -0.756613 -0.267068 -0.596835
vn -0.995716 0.021903 0.089836
vn -0.646505 0.291860 0.704875
vn 0.681261 0.585802 0.438998
vn 0.031144 0.778263 0.627166
vn 0.997374 0.072083 0.007008
vn 0.729434 -0.510457 -0.455369
vn -0.031489 -0.772778 -0.633895
vn -0.770955 -0.510455 -0.380873
vn -0.991777 0.072069 0.105757
vn -0.634421 0.585792 0.504339
vn 0.640782 0.729336 0.239723
vn 0.017284 0.937345 0.347975
vn 0.994732 0.101854 -0.011588
vn 0.721372 -0.635993 -0.274110
vn -0.017411 -0.936461 -0.350339
vn -0.744957 -0.636014 -0.201309
vn -0.990993 0.101816 0.086987
vn -0.613895 0.729325 0.302023
s 1
g group1 Cables sweep6
usemtl lambert2SG
f 1899/2290/2746 1900/2291/2747 1908/2292/2748 1907/2293/2749
f 1900/2291/2747 1901/2294/2750 1909/2295/2751 1908/2292/2748
f 1901/2294/2750 1902/2296/2752 1910/2297/2753 1909/2295/2751
f 1902/2296/2752 1903/2298/2754 1911/2299/2755 1910/2297/2753
f 1903/2298/2754 1904/2300/2756 1912/2301/2757 1911/2299/2755
f 1904/2300/2756 1905/2302/2758 1913/2405/2759 1912/2301/2757
f 1905/2406/2758 1906/2304/2760 1914/2305/2761 1913/2303/2759
f 1906/2304/2760 1899/2290/2746 1907/2293/2749 1914/2305/2761
f 1907/2293/2749 1908/2292/2748 1916/2306/2762 1915/2307/2763
f 1908/2292/2748 1909/2295/2751 1917/2308/2764 1916/2306/2762
f 1909/2295/2751 1910/2297/2753 1918/2309/2765 1917/2308/2764
f 1910/2297/2753 1911/2299/2755 1919/2310/2766 1918/2309/2765
f 1911/2299/2755 1912/2301/2757 1920/2311/2767 1919/2310/2766
f 1912/2301/2757 1913/2405/2759 1921/2404/2768 1920/2311/2767
f 1913/2303/2759 1914/2305/2761 1922/2313/2769 1921/2312/2768
f 1914/2305/2761 1907/2293/2749 1915/2307/2763 1922/2313/2769
f 1915/2307/2763 1916/2306/2762 1924/2314/2770 1923/2315/2771
f 1916/2306/2762 1917/2308/2764 1925/2316/2772 1924/2314/2770
f 1917/2308/2764 1918/2309/2765 1926/2317/2773 1925/2316/2772
f 1918/2309/2765 1919/2310/2766 1927/2318/2774 1926/2317/2773
f 1919/2310/2766 1920/2311/2767 1928/2319/2775 1927/2318/2774
f 1920/2311/2767 1921/2404/2768 1929/2403/2776 1928/2319/2775
f 1921/2312/2768 1922/2313/2769 1930/2321/2777 1929/2320/2776
f 1922/2313/2769 1915/2307/2763 1923/2315/2771 1930/2321/2777
f 1923/2315/2771 1924/2314/2770 1932/2322/2778 1931/2323/2779
f 1924/2314/2770 1925/2316/2772 1933/2324/2780 1932/2322/2778
f 1925/2316/2772 1926/2317/2773 1934/2325/2781 1933/2324/2780
f 1926/2317/2773 1927/2318/2774 1935/2326/2782 1934/2325/2781
f 1927/2318/2774 1928/2319/2775 1936/2327/2783 1935/2326/2782
f 1928/2319/2775 1929/2403/2776 1937/2402/2784 1936/2327/2783
f 1929/2320/2776 1930/2321/2777 1938/2329/2785 1937/2328/2784
f 1930/2321/2777 1923/2315/2771 1931/2323/2779 1938/2329/2785
f 1931/2323/2779 1932/2322/2778 1940/2330/2786 1939/2331/2787
f 1932/2322/2778 1933/2324/2780 1941/2332/2788 1940/2330/2786
f 1933/2324/2780 1934/2325/2781 1942/2333/2789 1941/2332/2788
f 1934/2325/2781 1935/2326/2782 1943/2334/2790 1942/2333/2789
f 1935/2326/2782 1936/2327/2783 1944/2335/2791 1943/2334/2790
f 1936/2327/2783 1937/2402/2784 1945/2401/2792 1944/2335/2791
f 1937/2328/2784 1938/2329/2785 1946/2337/2793 1945/2336/2792
f 1938/2329/2785 1931/2323/2779 1939/2331/2787 1946/2337/2793
f 1939/2331/2787 1940/2330/2786 1948/2338/2794 1947/2339/2795
f 1940/2330/2786 1941/2332/2788 1949/2340/2796 1948/2338/2794
f 1941/2332/2788 1942/2333/2789 1950/2341/2797 1949/2340/2796
f 1942/2333/2789 1943/2334/2790 1951/2342/2798 1950/2341/2797
f 1943/2334/2790 1944/2335/2791 1952/2343/2799 1951/2342/2798
f 1944/2335/2791 1945/2401/2792 1953/2400/2800 1952/2343/2799
f 1945/2336/2792 1946/2337/2793 1954/2345/2801 1953/2344/2800
f 1946/2337/2793 1939/2331/2787 1947/2339/2795 1954/2345/2801
f 1947/2339/2795 1948/2338/2794 1956/2346/2802 1955/2347/2803
f 1948/2338/2794 1949/2340/2796 1957/2348/2804 1956/2346/2802
f 1949/2340/2796 1950/2341/2797 1958/2349/2805 1957/2348/2804
f 1950/2341/2797 1951/2342/2798 1959/2350/2806 1958/2349/2805
f 1951/2342/2798 1952/2343/2799 1960/2351/2807 1959/2350/2806
f 1952/2343/2799 1953/2400/2800 1961/2399/2808 1960/2351/2807
f 1953/2344/2800 1954/2345/2801 1962/2353/2809 1961/2352/2808
f 1954/2345/2801 1947/2339/2795 1955/2347/2803 1962/2353/2809
f 1955/2347/2803 1956/2346/2802 1964/2354/2810 1963/2355/2811
f 1956/2346/2802 1957/2348/2804 1965/2356/2812 1964/2354/2810
f 1957/2348/2804 1958/2349/2805 1966/2357/2813 1965/2356/2812
f 1958/2349/2805 1959/2350/2806 1967/2358/2814 1966/2357/2813
f 1959/2350/2806 1960/2351/2807 1968/2359/2815 1967/2358/2814
f 1960/2351/2807 1961/2399/2808 1969/2398/2816 1968/2359/2815
f 1961/2352/2808 1962/2353/2809 1970/2361/2817 1969/2360/2816
f 1962/2353/2809 1955/2347/2803 1963/2355/2811 1970/2361/2817
f 1963/2355/2811 1964/2354/2810 1972/2362/2818 1971/2363/2819
f 1964/2354/2810 1965/2356/2812 1973/2364/2820 1972/2362/2818
f 1965/2356/2812 1966/2357/2813 1974/2365/2821 1973/2364/2820
f 1966/2357/2813 1967/2358/2814 1975/2366/2822 1974/2365/2821
f 1967/2358/2814 1968/2359/2815 1976/2367/2823 1975/2366/2822
f 1968/2359/2815 1969/2398/2816 1977/2397/2824 1976/2367/2823
f 1969/2360/2816 1970/2361/2817 1978/2369/2825 1977/2368/2824
f 1970/2361/2817 1963/2355/2811 1971/2363/2819 1978/2369/2825
f 1971/2363/2819 1972/2362/2818 1980/2370/2826 1979/2371/2827
f 1972/2362/2818 1973/2364/2820 1981/2372/2828 1980/2370/2826
f 1973/2364/2820 1974/2365/2821 1982/2373/2829 1981/2372/2828
f 1974/2365/2821 1975/2366/2822 1983/2374/2830 1982/2373/2829
f 1975/2366/2822 1976/2367/2823 1984/2375/2831 1983/2374/2830
f 1976/2367/2823 1977/2397/2824 1985/2396/2832 1984/2375/2831
f 1977/2368/2824 1978/2369/2825 1986/2377/2833 1985/2376/2832
f 1978/2369/2825 1971/2363/2819 1979/2371/2827 1986/2377/2833
f 1979/2371/2827 1980/2370/2826 1988/2378/2834 1987/2379/2835
f 1980/2370/2826 1981/2372/2828 1989/2380/2836 1988/2378/2834
f 1981/2372/2828 1982/2373/2829 1990/2381/2837 1989/2380/2836
f 1982/2373/2829 1983/2374/2830 1991/2382/2838 1990/2381/2837
f 1983/2374/2830 1984/2375/2831 1992/2383/2839 1991/2382/2838
f 1984/2375/2831 1985/2396/2832 1993/2394/2840 1992/2383/2839
f 1985/2376/2832 1986/2377/2833 1994/2385/2841 1993/2384/2840
f 1986/2377/2833 1979/2371/2827 1987/2379/2835 1994/2385/2841
f 1987/2379/2835 1988/2378/2834 1996/2386/2842 1995/2387/2843
f 1988/2378/2834 1989/2380/2836 1997/2388/2844 1996/2386/2842
f 1989/2380/2836 1990/2381/2837 1998/2389/2845 1997/2388/2844
f 1990/2381/2837 1991/2382/2838 1999/2390/2846 1998/2389/2845
f 1991/2382/2838 1992/2383/2839 2000/2391/2847 1999/2390/2846
f 1992/2383/2839 1993/2394/2840 2001/2395/2848 2000/2391/2847
f 1993/2384/2840 1994/2385/2841 2002/2393/2849 2001/2392/2848
f 1994/2385/2841 1987/2379/2835 1995/2387/2843 2002/2393/2849
g default
v 34.710144 22.619329 70.083191
v 54.131046 22.619329 70.083191
v 34.710144 23.088966 70.083191
v 54.131046 23.088966 70.083191
v 34.710144 22.945677 63.342487
v 54.131046 22.945677 63.342487
v 34.710144 22.619329 63.342487
v 54.131046 22.619329 63.342487
vt 0.301479 0.268366
vt 0.178112 0.271335
vt 0.178112 0.268422
vt 0.298568 0.268427
vt 0.178114 0.226604
vt 0.298570 0.226609
vt 0.176090 0.226561
vt 0.298570 0.224586
vt 0.178114 0.224580
vt 0.300593 0.226567
vt 0.175200 0.268360
vt 0.298567 0.271340
vn 0.000000 0.000000 1.000000
vn 0.000000 0.000000 1.000000
vn 0.000000 0.000000 1.000000
vn 0.000000 0.000000 1.000000
vn 0.000000 0.999774 -0.021253
vn 0.000000 0.999774 -0.021253
vn 0.000000 0.999774 -0.021253
vn 0.000000 0.999774 -0.021253
vn 0.000000 0.000000 -1.000000
vn 0.000000 0.000000 -1.000000
vn 0.000000 0.000000 -1.000000
vn 0.000000 0.000000 -1.000000
vn 1.000000 0.000000 0.000000
vn 1.000000 0.000000 0.000000
vn 1.000000 0.000000 0.000000
vn 1.000000 0.000000 0.000000
vn -1.000000 0.000000 0.000000
vn -1.000000 0.000000 0.000000
vn -1.000000 0.000000 0.000000
vn -1.000000 0.000000 0.000000
s off
g group1 pCube7
usemtl lambert2SG
f 2003/2418/2850 2004/2408/2851 2006/2409/2852 2005/2410/2853
f 2005/2410/2854 2006/2409/2855 2008/2411/2856 2007/2412/2857
f 2007/2412/2858 2008/2411/2859 2010/2415/2860 2009/2414/2861
f 2004/2417/2862 2010/2413/2863 2008/2411/2864 2006/2409/2865
f 2009/2416/2866 2003/2407/2867 2005/2410/2868 2007/2412/2869
g default
v 81.179840 8.644165 -36.778076
v 81.179871 8.644165 5.564453
v 81.179855 59.455315 -36.778076
v 81.179901 59.455315 5.564575
v 79.062675 8.644165 5.564575
v 79.062706 59.455315 5.564575
v 79.062706 8.644165 -36.778076
v 79.062721 59.455315 -36.778076
vt 0.494118 0.758863
vt 0.372330 0.758868
vt 0.717403 0.758852
vt 0.595613 0.758860
vt 0.717403 0.763927
vt 0.819317 0.672586
vt 0.818893 0.763918
vt 0.494118 0.763938
vt 0.697523 0.571096
vt 0.372330 0.763942
vt 0.697393 0.500891
vt 0.818893 0.758843
vt 0.819313 0.571095
vt 0.595613 0.763935
vt 0.697525 0.672590
vt 0.595909 0.379093
vt 0.697401 0.379101
vt 0.595900 0.500881
vn 1.000000 -0.000000 -0.000001
vn 1.000000 -0.000000 -0.000001
vn 1.000000 -0.000001 -0.000001
vn 1.000000 -0.000000 -0.000001
vn 0.000028 -0.000000 1.000000
vn 0.000028 -0.000000 1.000000
vn 0.000028 -0.000000 1.000000
vn 0.000028 -0.000000 1.000000
vn -1.000000 0.000001 -0.000001
vn -1.000000 0.000000 -0.000001
vn -1.000000 0.000000 -0.000001
vn -1.000000 0.000000 -0.000001
vn -0.000004 0.000000 -1.000000
vn -0.000002 0.000000 -1.000000
vn 0.000000 0.000000 -1.000000
vn -0.000002 0.000000 -1.000000
vn -0.000000 1.000000 0.000000
vn -0.000000 1.000000 0.000000
vn -0.000000 1.000000 0.000000
vn -0.000000 1.000000 0.000000
vn 0.000000 -1.000000 0.000000
vn 0.000000 -1.000000 0.000000
vn 0.000000 -1.000000 0.000000
vn 0.000000 -1.000000 0.000000
s off
g Paredes CubeFBXASC032FBXASC04068FBXASC041
usemtl lambert5SG
f 2011/2435/2870 2013/2429/2871 2014/2436/2872 2012/2434/2873
f 2012/2422/2874 2014/2421/2875 2016/2423/2876 2015/2432/2877
f 2015/2424/2878 2016/2433/2879 2018/2427/2880 2017/2431/2881
f 2017/2426/2882 2018/2428/2883 2013/2420/2884 2011/2419/2885
f 2013/2430/2886 2018/2425/2887 2016/2423/2888 2014/2421/2889
f 2017/2426/2890 2011/2419/2891 2012/2422/2892 2015/2432/2893
g default
v -77.001419 8.616669 61.355083
v -76.633827 8.616669 61.355083
v -77.001419 31.837465 61.355083
v -76.633827 31.837465 61.355083
v -77.001419 31.837465 60.675194
v -76.633827 31.837465 60.675194
v -77.001419 8.616669 60.675194
v -76.633827 8.616669 60.675194
vt 0.975155 0.117520
vt 0.977435 0.117520
vt 0.977435 0.261543
vt 0.977435 0.263824
vt 0.981652 0.261543
vt 0.983932 0.261543
vt 0.981652 0.117520
vt 0.983932 0.117520
vt 0.975155 0.261543
vt 0.981652 0.263824
vn 0.000000 0.000000 1.000000
vn 0.000000 0.000000 1.000000
vn 0.000000 0.000000 1.000000
vn 0.000000 0.000000 1.000000
vn 0.000000 1.000000 0.000000
vn 0.000000 1.000000 0.000000
vn 0.000000 1.000000 0.000000
vn 0.000000 1.000000 0.000000
vn 0.000000 0.000000 -1.000000
vn 0.000000 0.000000 -1.000000
vn 0.000000 0.000000 -1.000000
vn 0.000000 0.000000 -1.000000
vn 1.000000 0.000000 0.000000
vn 1.000000 0.000000 0.000000
vn 1.000000 0.000000 0.000000
vn 1.000000 0.000000 0.000000
s off
g Protectores group1 pCube24
usemtl lambert2SG
f 2019/2437/2894 2020/2438/2895 2022/2439/2896 2021/2445/2897
f 2021/2440/2898 2022/2439/2899 2024/2441/2900 2023/2446/2901
f 2023/2442/2902 2024/2441/2903 2026/2443/2904 2025/2444/2905
f 2020/2438/2906 2026/2443/2907 2024/2441/2908 2022/2439/2909
g default
v -77.376694 30.120096 31.385370
v -77.128784 30.113245 31.220785
v -76.837486 30.096704 31.279623
v -76.673431 30.080164 31.527420
v -76.732719 30.073313 31.819017
v -76.980621 30.080164 31.983603
v -77.271919 30.096704 31.924765
v -77.435982 30.113245 31.676968
v -77.464218 27.429577 31.295715
v -77.216034 27.431562 31.131424
v -76.924393 27.425581 31.190613
v -76.760147 27.415134 31.438612
v -76.819496 27.406345 31.730145
v -77.067680 27.404360 31.894436
v -77.359314 27.410341 31.835247
v -77.523567 27.420786 31.587248
v -77.442757 24.734791 31.207998
v -77.194664 24.747892 31.044067
v -76.903145 24.755190 31.103691
v -76.738968 24.752407 31.351938
v -76.798294 24.741177 31.643393
v -77.046379 24.728075 31.807322
v -77.337898 24.720778 31.747700
v -77.502083 24.723560 31.499451
v -77.281532 22.040363 31.122923
v -77.034332 22.067917 30.959448
v -76.743866 22.092474 31.019615
v -76.580292 22.099649 31.268177
v -76.639427 22.085239 31.559530
v -76.886627 22.057686 31.723005
v -77.177094 22.033129 31.662838
v -77.340668 22.025953 31.414276
v -76.934158 19.357491 31.041666
v -76.689537 19.404600 30.878784
v -76.402153 19.452503 30.939657
v -76.240349 19.473141 31.188627
v -76.298912 19.454424 31.479851
v -76.543541 19.407314 31.642733
v -76.830925 19.359411 31.581860
v -76.992729 19.338774 31.332890
v -76.326576 16.709187 30.966234
v -76.088417 16.783989 30.804140
v -75.808746 16.864943 30.865952
v -75.651390 16.904625 31.115463
v -75.708527 16.879791 31.406511
v -75.946686 16.804989 31.568607
v -76.226364 16.724035 31.506794
v -76.383720 16.684353 31.257284
v -75.338676 14.158958 30.900600
v -75.116478 14.274196 30.739542
v -74.855843 14.403367 30.802589
v -74.709450 14.470805 31.052811
v -74.763046 14.437006 31.343630
v -74.985245 14.321769 31.504690
v -75.245880 14.192597 31.441641
v -75.392273 14.125159 31.191420
v -73.796593 11.868514 30.852276
v -73.612114 12.038777 30.692371
v -73.396393 12.233466 30.756794
v -73.275787 12.338534 31.007805
v -73.320953 12.292435 31.298367
v -73.505432 12.122171 31.458271
v -73.721153 11.927483 31.393848
v -73.841759 11.822414 31.142838
v -71.638069 10.140035 30.828920
v -71.509682 10.356256 30.669687
v -71.360275 10.605285 30.734901
v -71.277374 10.741245 30.986364
v -71.309540 10.684493 31.276770
v -71.437927 10.468272 31.436005
v -71.587334 10.219243 31.370789
v -71.670235 10.083282 31.119328
v -69.138756 9.070979 30.812578
v -69.094856 9.318946 30.653906
v -69.042557 9.604459 30.719767
v -69.012482 9.760270 30.971581
v -69.022263 9.695107 31.261837
v -69.066162 9.447140 31.420509
v -69.118462 9.161627 31.354649
v -69.148529 9.005816 31.102835
v -66.484154 8.886273 30.793272
v -66.475456 9.138103 30.634853
v -66.463615 9.428061 30.701004
v -66.455582 9.586291 30.952976
v -66.456062 9.520106 31.243166
v -66.464760 9.268275 31.401587
v -66.476601 8.978318 31.335434
v -66.484634 8.820087 31.083462
v -63.857304 8.826962 30.774109
v -63.856178 9.078976 30.615746
v -63.853065 9.369143 30.681961
v -63.849796 9.527488 30.933968
v -63.848278 9.461255 31.224142
v -63.849403 9.209242 31.382507
v -63.852516 8.919074 31.316292
v -63.855785 8.760729 31.064285
v -61.236698 8.819730 30.754997
v -61.237839 9.071753 30.596649
v -61.237362 9.361932 30.662884
v -61.235550 9.520284 30.914902
v -61.233463 9.454048 31.205072
v -61.232323 9.202024 31.363420
v -61.232800 8.911845 31.297186
v -61.234612 8.753493 31.045170
v -58.615810 8.819733 30.747698
v -58.615597 9.071756 30.589346
v -58.615685 9.361936 30.655582
v -58.616028 9.520288 30.907604
v -58.616421 9.454051 31.197784
v -58.616634 9.202028 31.356136
v -58.616547 8.911849 31.289900
v -58.616203 8.753497 31.037876
v -55.996078 8.819733 30.756763
v -55.995289 9.071756 30.598413
v -55.995617 9.361936 30.664648
v -55.996876 9.520288 30.916670
v -55.998322 9.454052 31.206844
v -55.999111 9.202028 31.365194
v -55.998779 8.911849 31.298960
v -55.997524 8.753497 31.046940
v -53.265854 8.819734 30.777817
v -53.264015 9.071756 30.619476
v -53.264786 9.361936 30.685707
v -53.267708 9.520288 30.937714
v -53.271072 9.454052 31.227875
v -53.272911 9.202028 31.386215
v -53.272141 8.911849 31.319984
v -53.269218 8.753497 31.067978
v -50.534580 8.819733 30.825010
v -50.530807 9.071756 30.666704
v -50.532387 9.361936 30.732922
v -50.538391 9.520288 30.984873
v -50.545307 9.454052 31.274969
v -50.549080 9.202028 31.433277
v -50.547504 8.911849 31.367060
v -50.541496 8.753497 31.115107
v -47.802921 8.819733 30.913961
v -47.796165 9.071755 30.755754
v -47.798992 9.361935 30.821930
v -47.809742 9.520287 31.073723
v -47.822124 9.454051 31.363638
v -47.828880 9.202027 31.521847
v -47.826057 8.911848 31.455669
v -47.815304 8.753496 31.203876
v -45.071266 8.819731 31.069864
v -45.059471 9.071754 30.911951
v -45.064404 9.361934 30.978003
v -45.083176 9.520286 31.229326
v -45.104786 9.454050 31.518700
v -45.116581 9.202026 31.676613
v -45.111649 8.911847 31.610559
v -45.092876 8.753495 31.359236
v -42.341686 8.819729 31.355301
v -42.318687 9.071752 31.198627
v -42.328308 9.361931 31.264162
v -42.364906 9.520283 31.513514
v -42.407047 9.454047 31.800617
v -42.430042 9.202024 31.957289
v -42.420425 8.911844 31.891756
v -42.383823 8.753492 31.642405
v -39.644394 8.819722 32.008896
v -39.586304 9.071746 31.861586
v -39.610603 9.361925 31.923203
v -39.703053 9.520277 32.157658
v -39.809498 9.454041 32.427608
v -39.867588 9.202018 32.574921
v -39.843292 8.911839 32.513302
v -39.750843 8.753487 32.278847
v -37.620335 8.819704 33.973625
v -37.467491 9.071727 33.932205
v -37.531422 9.361906 33.949532
v -37.774670 9.520260 34.015453
v -38.054745 9.454026 34.091354
v -38.207588 9.202003 34.132774
v -38.143658 8.911824 34.115448
v -37.900410 8.753470 34.049526
v -37.416988 8.819691 36.744270
v -37.258640 9.071712 36.742832
v -37.324871 9.361893 36.743435
v -37.576881 9.520247 36.745728
v -37.867050 9.454013 36.748363
v -38.025398 9.201990 36.749802
v -37.959167 8.911811 36.749199
v -37.707153 8.753457 36.746910
v -37.405827 8.819686 39.475460
v -37.247471 9.071709 39.475193
v -37.313705 9.361888 39.475307
v -37.565727 9.520242 39.475735
v -37.855907 9.454008 39.476223
v -38.014259 9.201986 39.476494
v -37.948025 8.911807 39.476379
v -37.696003 8.753452 39.475952
v -37.402847 8.819683 42.204613
v -37.244492 9.071706 42.204487
v -37.310726 9.361885 42.204540
v -37.562748 9.520239 42.204739
v -37.852928 9.454006 42.204967
v -38.011284 9.201983 42.205093
v -37.945049 8.911804 42.205040
v -37.693027 8.753449 42.204842
v -37.400982 8.819681 44.801888
v -37.242630 9.071704 44.801781
v -37.308861 9.361883 44.801826
v -37.560886 9.520237 44.801994
v -37.851063 9.454003 44.802185
v -38.009418 9.201982 44.802292
v -37.943184 8.911801 44.802246
v -37.691162 8.753448 44.802078
v -37.399330 8.819679 47.397480
v -37.240978 9.071702 47.397381
v -37.307209 9.361881 47.397423
v -37.559231 9.520235 47.397579
v -37.849411 9.454001 47.397755
v -38.007767 9.201980 47.397854
v -37.941532 8.911799 47.397812
v -37.689510 8.753446 47.397655
v -37.397758 8.819677 49.993954
v -37.239403 9.071700 49.993862
v -37.305637 9.361879 49.993900
v -37.557659 9.520233 49.994053
v -37.847839 9.454000 49.994225
v -38.006191 9.201978 49.994320
v -37.939960 8.911798 49.994282
v -37.687939 8.753444 49.994129
v -37.396191 8.819675 52.590527
v -37.237835 9.071698 52.590431
v -37.304070 9.361877 52.590473
v -37.556091 9.520232 52.590626
v -37.846272 9.453999 52.590805
v -38.004623 9.201976 52.590900
v -37.938393 8.911797 52.590858
v -37.686371 8.753443 52.590706
v -37.394562 8.819674 55.186958
v -37.236206 9.071696 55.186855
v -37.302441 9.361876 55.186897
v -37.554462 9.520230 55.187061
v -37.844643 9.453997 55.187252
v -38.002995 9.201974 55.187355
v -37.936764 8.911795 55.187309
v -37.684738 8.753441 55.187145
v -37.392784 8.819673 57.783329
v -37.234432 9.071695 57.783211
v -37.300667 9.361875 57.783260
v -37.552689 9.520228 57.783443
v -37.842869 9.453995 57.783653
v -38.001221 9.201973 57.783772
v -37.934986 8.911793 57.783722
v -37.682964 8.753439 57.783539
v -37.390713 8.819672 60.379639
v -37.232361 9.071693 60.379498
v -37.298595 9.361874 60.379559
v -37.550617 9.520227 60.379784
v -37.840797 9.453994 60.380043
v -37.999149 9.201971 60.380184
v -37.932915 8.911792 60.380123
v -37.680893 8.753438 60.379898
v -37.387886 8.819670 62.976250
v -37.229530 9.071692 62.976025
v -37.295765 9.361872 62.976120
v -37.547787 9.520226 62.976479
v -37.837967 9.453992 62.976891
v -37.996319 9.201970 62.977112
v -37.930088 8.911790 62.977020
v -37.678062 8.753436 62.976662
v -37.379410 8.819669 65.571213
v -37.221062 9.071691 65.569984
v -37.287292 9.361871 65.570496
v -37.539307 9.520225 65.572449
v -37.829479 9.453991 65.574699
v -37.987827 9.201968 65.575928
v -37.921597 8.911789 65.575409
v -37.669579 8.753435 65.573456
v -37.359299 8.819665 68.166763
v -37.200951 9.071688 68.165535
v -37.267181 9.361867 68.166054
v -37.519199 9.520221 68.168007
v -37.809368 9.453987 68.170250
v -37.967716 9.201965 68.171478
v -37.901485 8.911785 68.170967
v -37.649471 8.753431 68.169014
v -37.337029 8.819671 71.041634
v -37.178677 9.071693 71.040405
v -37.244911 9.361873 71.040924
v -37.496925 9.520226 71.042877
v -37.787094 9.453993 71.045120
v -37.945446 9.201971 71.046349
v -37.879211 8.911791 71.045837
v -37.627197 8.753437 71.043884
v -37.314754 8.819675 73.916679
v -37.156403 9.071698 73.915451
v -37.222637 9.361877 73.915970
v -37.474651 9.520231 73.917923
v -37.764820 9.453999 73.920166
v -37.923172 9.201976 73.921394
v -37.856937 8.911797 73.920883
v -37.604923 8.753442 73.918930
v -37.290237 8.819685 76.789940
v -37.131893 9.071708 76.788132
v -37.198124 9.361887 76.788887
v -37.450130 9.520241 76.791756
v -37.740292 9.454007 76.795067
v -37.898632 9.201985 76.796867
v -37.832405 8.911805 76.796120
v -37.580399 8.753451 76.793243
v -37.243629 8.819696 79.662361
v -37.085308 9.071719 79.659142
v -37.151527 9.361898 79.660484
v -37.403496 9.520252 79.665604
v -37.693615 9.454019 79.671501
v -37.851936 9.201997 79.674713
v -37.785717 8.911817 79.673370
v -37.533749 8.753463 79.668251
v -37.535889 8.819704 82.890198
v -37.384880 9.071727 82.937866
v -37.448044 9.361906 82.917923
v -37.688374 9.520260 82.842056
v -37.965092 9.454026 82.754700
v -38.116100 9.202004 82.707031
v -38.052940 8.911824 82.726974
v -37.812607 8.753470 82.802841
vt 0.711975 0.775534
vt 0.711975 0.777392
vt 0.695244 0.777392
vt 0.695244 0.775534
vt 0.711975 0.779249
vt 0.695244 0.779249
vt 0.711975 0.781103
vt 0.695244 0.781103
vt 0.711975 0.782888
vt 0.695244 0.782888
vt 0.711975 0.784739
vt 0.695244 0.784739
vt 0.711975 0.786608
vt 0.695244 0.786608
vt 0.711975 0.788415
vt 0.695244 0.773731
vt 0.678509 0.777392
vt 0.678509 0.775534
vt 0.678509 0.779249
vt 0.678509 0.781103
vt 0.678509 0.782888
vt 0.678509 0.784739
vt 0.678509 0.786608
vt 0.678509 0.773731
vt 0.661785 0.777392
vt 0.661785 0.775534
vt 0.661785 0.779249
vt 0.661785 0.781103
vt 0.661785 0.782888
vt 0.661785 0.784739
vt 0.661785 0.786608
vt 0.661785 0.773731
vt 0.645077 0.777392
vt 0.645077 0.775534
vt 0.645077 0.779249
vt 0.645077 0.781103
vt 0.645077 0.782888
vt 0.645077 0.784739
vt 0.645077 0.786608
vt 0.645077 0.773731
vt 0.628372 0.777392
vt 0.628372 0.775534
vt 0.628372 0.779249
vt 0.628372 0.781103
vt 0.628372 0.782888
vt 0.628372 0.784739
vt 0.628372 0.786608
vt 0.628372 0.773731
vt 0.611717 0.777392
vt 0.611717 0.775534
vt 0.611717 0.779249
vt 0.611717 0.781103
vt 0.611717 0.782888
vt 0.611717 0.784739
vt 0.611717 0.786608
vt 0.611717 0.773731
vt 0.595135 0.777392
vt 0.595135 0.775534
vt 0.595135 0.779249
vt 0.595135 0.781103
vt 0.595135 0.782888
vt 0.595135 0.784739
vt 0.595135 0.786608
vt 0.595135 0.773731
vt 0.578590 0.777392
vt 0.578590 0.775534
vt 0.578590 0.779249
vt 0.578590 0.781103
vt 0.578590 0.782888
vt 0.578590 0.784739
vt 0.578590 0.786608
vt 0.578590 0.773731
vt 0.562479 0.777392
vt 0.562479 0.775534
vt 0.562479 0.779249
vt 0.562479 0.781103
vt 0.562479 0.782888
vt 0.562479 0.784739
vt 0.562479 0.786608
vt 0.562479 0.773731
vt 0.546209 0.777392
vt 0.546209 0.775534
vt 0.546209 0.779249
vt 0.546209 0.781103
vt 0.546209 0.782888
vt 0.546209 0.784739
vt 0.546209 0.786608
vt 0.546209 0.773731
vt 0.529881 0.777392
vt 0.529881 0.775534
vt 0.529881 0.779249
vt 0.529881 0.781103
vt 0.529881 0.782888
vt 0.529881 0.784739
vt 0.529881 0.786608
vt 0.529881 0.773731
vt 0.513548 0.777392
vt 0.513548 0.775534
vt 0.513548 0.779249
vt 0.513548 0.781103
vt 0.513548 0.782888
vt 0.513548 0.784739
vt 0.513548 0.786608
vt 0.513548 0.773731
vt 0.497208 0.777392
vt 0.497208 0.775534
vt 0.497208 0.779249
vt 0.497208 0.781103
vt 0.497208 0.782888
vt 0.497208 0.784739
vt 0.497208 0.786608
vt 0.497208 0.773731
vt 0.480865 0.777392
vt 0.480865 0.775534
vt 0.480865 0.779249
vt 0.480865 0.781103
vt 0.480865 0.782888
vt 0.480865 0.784739
vt 0.480865 0.786608
vt 0.480865 0.773731
vt 0.463839 0.777392
vt 0.463839 0.775534
vt 0.463839 0.779249
vt 0.463839 0.781103
vt 0.463839 0.782888
vt 0.463839 0.784739
vt 0.463839 0.786608
vt 0.463839 0.773731
vt 0.446811 0.777392
vt 0.446811 0.775534
vt 0.446811 0.779249
vt 0.446811 0.781103
vt 0.446811 0.782888
vt 0.446811 0.784739
vt 0.446811 0.786608
vt 0.446811 0.773731
vt 0.429785 0.777392
vt 0.429785 0.775534
vt 0.429785 0.779249
vt 0.429785 0.781103
vt 0.429785 0.782888
vt 0.429785 0.784739
vt 0.429785 0.786608
vt 0.429785 0.773731
vt 0.412759 0.777392
vt 0.412759 0.775534
vt 0.412759 0.779249
vt 0.412759 0.781103
vt 0.412759 0.782888
vt 0.412759 0.784739
vt 0.412759 0.786608
vt 0.412759 0.773731
vt 0.395747 0.777392
vt 0.395747 0.775534
vt 0.395747 0.779249
vt 0.395747 0.781103
vt 0.395747 0.782888
vt 0.395747 0.784739
vt 0.395747 0.786608
vt 0.395747 0.773731
vt 0.378895 0.777392
vt 0.378895 0.775534
vt 0.378895 0.779249
vt 0.378895 0.781103
vt 0.378895 0.782888
vt 0.378895 0.784739
vt 0.378895 0.786608
vt 0.378895 0.773731
vt 0.363308 0.777392
vt 0.363308 0.775534
vt 0.363308 0.779249
vt 0.363308 0.781103
vt 0.363308 0.782888
vt 0.363308 0.784739
vt 0.363308 0.786608
vt 0.363308 0.773731
vt 0.346566 0.777392
vt 0.346566 0.775534
vt 0.346566 0.779249
vt 0.346566 0.781103
vt 0.346566 0.782888
vt 0.346566 0.784739
vt 0.346566 0.786608
vt 0.346566 0.773731
vt 0.329539 0.777392
vt 0.329539 0.775534
vt 0.329539 0.779249
vt 0.329539 0.781103
vt 0.329539 0.782888
vt 0.329539 0.784739
vt 0.329539 0.786608
vt 0.329539 0.773731
vt 0.312510 0.777392
vt 0.312510 0.775534
vt 0.312510 0.779249
vt 0.312510 0.781103
vt 0.312510 0.782888
vt 0.312510 0.784739
vt 0.312510 0.786608
vt 0.312510 0.773731
vt 0.296305 0.777392
vt 0.296305 0.775534
vt 0.296305 0.779249
vt 0.296305 0.781103
vt 0.296305 0.782888
vt 0.296305 0.784739
vt 0.296305 0.786608
vt 0.296305 0.773731
vt 0.280109 0.777392
vt 0.280109 0.775534
vt 0.280109 0.779249
vt 0.280109 0.781103
vt 0.280109 0.782888
vt 0.280109 0.784739
vt 0.280109 0.786608
vt 0.280109 0.773731
vt 0.263906 0.777392
vt 0.263906 0.775534
vt 0.263906 0.779249
vt 0.263906 0.781103
vt 0.263906 0.782888
vt 0.263906 0.784739
vt 0.263906 0.786608
vt 0.263906 0.773731
vt 0.247705 0.777392
vt 0.247705 0.775534
vt 0.247705 0.779249
vt 0.247705 0.781103
vt 0.247705 0.782888
vt 0.247705 0.784739
vt 0.247705 0.786608
vt 0.247705 0.773731
vt 0.231504 0.777392
vt 0.231504 0.775534
vt 0.231504 0.779249
vt 0.231504 0.781103
vt 0.231504 0.782888
vt 0.231504 0.784739
vt 0.231504 0.786608
vt 0.231504 0.773731
vt 0.215303 0.777392
vt 0.215303 0.775534
vt 0.215303 0.779249
vt 0.215303 0.781103
vt 0.215303 0.782888
vt 0.215303 0.784739
vt 0.215303 0.786608
vt 0.215303 0.773731
vt 0.199104 0.777392
vt 0.199104 0.775534
vt 0.199104 0.779249
vt 0.199104 0.781103
vt 0.199104 0.782888
vt 0.199104 0.784739
vt 0.199104 0.786608
vt 0.199104 0.773731
vt 0.182903 0.777392
vt 0.182903 0.775534
vt 0.182903 0.779249
vt 0.182903 0.781103
vt 0.182903 0.782888
vt 0.182903 0.784739
vt 0.182903 0.786608
vt 0.182903 0.773731
vt 0.166698 0.777392
vt 0.166698 0.775534
vt 0.166698 0.779249
vt 0.166698 0.781103
vt 0.166698 0.782888
vt 0.166698 0.784739
vt 0.166698 0.786608
vt 0.166698 0.773731
vt 0.150505 0.777392
vt 0.150505 0.775534
vt 0.150505 0.779249
vt 0.150505 0.781103
vt 0.150505 0.782888
vt 0.150505 0.784739
vt 0.150505 0.786608
vt 0.150505 0.773731
vt 0.132565 0.777392
vt 0.132565 0.775534
vt 0.132565 0.779249
vt 0.132565 0.781103
vt 0.132565 0.782888
vt 0.132565 0.784739
vt 0.132565 0.786608
vt 0.132565 0.773731
vt 0.114624 0.777392
vt 0.114624 0.775534
vt 0.114624 0.779249
vt 0.114624 0.781103
vt 0.114624 0.782888
vt 0.114624 0.784739
vt 0.114624 0.786608
vt 0.114624 0.773731
vt 0.096691 0.777392
vt 0.096691 0.775534
vt 0.096691 0.779249
vt 0.096691 0.781103
vt 0.096691 0.782888
vt 0.096691 0.784739
vt 0.096691 0.786608
vt 0.096691 0.773731
vt 0.078754 0.777392
vt 0.078754 0.775534
vt 0.078754 0.779249
vt 0.078754 0.781103
vt 0.078754 0.782888
vt 0.078754 0.784739
vt 0.078754 0.786608
vt 0.078754 0.773731
vt 0.059006 0.777392
vt 0.059006 0.775534
vt 0.059006 0.779249
vt 0.059006 0.781103
vt 0.059006 0.782888
vt 0.059006 0.784739
vt 0.059006 0.786608
vt 0.059006 0.773731
vt 0.078754 0.788415
vt 0.059006 0.788415
vt 0.096691 0.788415
vt 0.114624 0.788415
vt 0.132565 0.788415
vt 0.150505 0.788415
vt 0.166698 0.788415
vt 0.182903 0.788415
vt 0.199104 0.788415
vt 0.215303 0.788415
vt 0.231504 0.788415
vt 0.247705 0.788415
vt 0.263906 0.788415
vt 0.280109 0.788415
vt 0.296305 0.788415
vt 0.312510 0.788415
vt 0.329539 0.788415
vt 0.346566 0.788415
vt 0.363308 0.788415
vt 0.378895 0.788415
vt 0.395747 0.788415
vt 0.412759 0.788415
vt 0.429785 0.788415
vt 0.446811 0.788415
vt 0.463839 0.788415
vt 0.480865 0.788415
vt 0.497208 0.788415
vt 0.513548 0.788415
vt 0.529881 0.788415
vt 0.546209 0.788415
vt 0.562479 0.788415
vt 0.578590 0.788415
vt 0.595135 0.788415
vt 0.611717 0.788415
vt 0.628372 0.788415
vt 0.645077 0.788415
vt 0.661785 0.788415
vt 0.678509 0.788415
vt 0.695244 0.788415
vt 0.711975 0.773731
vn -0.830127 0.045522 -0.555712
vn -0.195488 0.039013 -0.979930
vn -0.196310 0.034676 -0.979929
vn -0.830708 0.028505 -0.555979
vn 0.555526 0.009632 -0.831443
vn 0.555166 0.020558 -0.831485
vn 0.980928 -0.025496 -0.192695
vn 0.981333 -0.005730 -0.192230
vn 0.827090 -0.045580 0.560219
vn 0.827190 -0.028652 0.561191
vn 0.185878 -0.038765 0.981808
vn 0.185188 -0.034631 0.982093
vn -0.562492 -0.009251 0.826751
vn -0.563228 -0.020299 0.826052
vn -0.981325 0.025570 0.190650
vn -0.981794 0.005796 0.189863
vn -0.197758 0.024702 -0.979940
vn -0.830785 -0.010313 -0.556499
vn 0.553776 0.045396 -0.831427
vn 0.980784 0.039330 -0.191093
vn 0.826284 0.009913 0.563167
vn 0.183532 -0.025310 0.982688
vn -0.564088 -0.045557 0.824457
vn -0.981372 -0.039284 0.188058
vn -0.199282 0.011433 -0.979875
vn -0.828287 -0.061097 -0.556963
vn 0.549994 0.077670 -0.831549
vn 0.976914 0.098173 -0.189741
vn 0.822311 0.060186 0.565846
vn 0.180398 -0.013411 0.983502
vn -0.563679 -0.078751 0.822232
vn -0.977691 -0.098187 0.185687
vn -0.200609 -0.007206 -0.979645
vn -0.820060 -0.130479 -0.557205
vn 0.541289 0.121249 -0.832048
vn 0.965824 0.178313 -0.188120
vn 0.811782 0.128466 0.569655
vn 0.174432 0.002184 0.984667
vn -0.560243 -0.124435 0.818928
vn -0.966882 -0.178490 0.182428
vn -0.200569 -0.035158 -0.979049
vn -0.798228 -0.229773 -0.556809
vn 0.521805 0.182327 -0.833353
vn 0.938008 0.292350 -0.186206
vn 0.786320 0.225181 0.575322
vn 0.162799 0.022879 0.986394
vn -0.549090 -0.190636 0.813731
vn -0.939451 -0.292977 0.177756
vn -0.194248 -0.078955 -0.977770
vn -0.742561 -0.374768 -0.555114
vn 0.478288 0.268578 -0.836126
vn 0.869916 0.457531 -0.184154
vn 0.725704 0.364216 0.583695
vn 0.140452 0.049321 0.988858
vn -0.516988 -0.289273 0.805634
vn -0.871703 -0.459165 0.171176
vn -0.166402 -0.136138 -0.976615
vn -0.617277 -0.558363 -0.554256
vn 0.392722 0.376277 -0.839157
vn 0.721727 0.667768 -0.182199
vn 0.597672 0.539618 0.592959
vn 0.106056 0.079595 0.991169
vn -0.436122 -0.415944 0.797990
vn -0.724248 -0.669512 0.164982
vn -0.114500 -0.176763 -0.977571
vn -0.431810 -0.711104 -0.554861
vn 0.279693 0.475011 -0.834348
vn 0.508034 0.842970 -0.176926
vn 0.420609 0.687793 0.591633
vn 0.075200 0.110359 0.991043
vn -0.306360 -0.521135 0.796594
vn -0.506885 -0.846475 0.162937
vn -0.059051 -0.205320 -0.976912
vn -0.199245 -0.806858 -0.556131
vn 0.121124 0.531420 -0.838404
vn 0.230519 0.956797 -0.177202
vn 0.191403 0.776635 0.600169
vn 0.033063 0.119200 0.992320
vn -0.138832 -0.590607 0.794927
vn -0.230027 -0.959610 0.161977
vn -0.015301 -0.174829 -0.984480
vn -0.041917 -0.817600 -0.574259
vn 0.020010 0.573715 -0.818810
vn 0.043289 0.984701 -0.168788
vn 0.041007 0.812638 0.581324
vn 0.014380 0.160297 0.986964
vn -0.021013 -0.583623 0.811753
vn -0.044283 -0.985074 0.166340
vn -0.009355 -0.170238 -0.985359
vn -0.014560 -0.816440 -0.577246
vn 0.001335 0.576755 -0.816916
vn 0.011250 0.985715 -0.168044
vn 0.014537 0.814542 0.579923
vn 0.009269 0.164723 0.986296
vn -0.001424 -0.580532 0.814236
vn -0.011275 -0.985875 0.167104
vn -0.005199 -0.167808 -0.985806
vn -0.004041 -0.815396 -0.578890
vn -0.003315 0.578091 -0.815965
vn 0.000511 0.985754 -0.168195
vn 0.004038 0.815712 0.578444
vn 0.005197 0.167176 0.985913
vn 0.003309 -0.579275 0.815126
vn -0.000518 -0.985990 0.166802
vn 0.000333 -0.167344 -0.985898
vn 0.000195 -0.815131 -0.579277
vn 0.000274 0.578262 -0.815852
vn 0.000055 0.985725 -0.168361
vn -0.000197 0.815974 0.578089
vn -0.000333 0.167640 0.985848
vn -0.000276 -0.579104 0.815254
vn -0.000057 -0.986020 0.166625
vn 0.005550 -0.167388 -0.985875
vn 0.003261 -0.815255 -0.579093
vn 0.004592 0.578385 -0.815751
vn 0.000947 0.985769 -0.168103
vn -0.003255 0.815849 0.578256
vn -0.005550 0.167596 0.985840
vn -0.004590 -0.578979 0.815330
vn -0.000939 -0.985977 0.166879
vn 0.012319 -0.167267 -0.985835
vn 0.007242 -0.814909 -0.579544
vn 0.010196 0.578039 -0.815946
vn 0.002111 0.985647 -0.168804
vn -0.007217 0.816195 0.577732
vn -0.012316 0.167717 0.985758
vn -0.010182 -0.579324 0.815034
vn -0.002075 -0.986097 0.166156
vn 0.024563 -0.167129 -0.985629
vn 0.014454 -0.814518 -0.579958
vn 0.020337 0.577649 -0.816032
vn 0.004228 0.985510 -0.169566
vn -0.014377 0.816582 0.577050
vn -0.024555 0.167852 0.985506
vn -0.020296 -0.579712 0.814569
vn -0.004117 -0.986232 0.165318
vn 0.044143 -0.166909 -0.984984
vn 0.026017 -0.813888 -0.580440
vn 0.036567 0.577017 -0.815913
vn 0.007659 0.985287 -0.170734
vn -0.025791 0.817200 0.575776
vn -0.044119 0.168068 0.984788
vn -0.036447 -0.580331 0.813565
vn -0.007337 -0.986446 0.163921
vn 0.079421 -0.166343 -0.982864
vn 0.046998 -0.812282 -0.581368
vn 0.065883 0.575402 -0.815213
vn 0.014067 0.984721 -0.173570
vn -0.046169 0.818717 0.572338
vn -0.079289 0.168593 0.982492
vn -0.065415 -0.581841 0.810668
vn -0.012902 -0.986973 0.160367
vn 0.168096 -0.164001 -0.972033
vn 0.101164 -0.805799 -0.583484
vn 0.140265 0.568803 -0.810425
vn 0.032269 0.982438 -0.183776
vn -0.095653 0.824072 0.558352
vn -0.166750 0.170368 0.971169
vn -0.136919 -0.587039 0.797896
vn -0.024739 -0.988845 0.146883
vn 0.475902 -0.151170 -0.866409
vn 0.312893 -0.770335 -0.555591
vn 0.410383 0.532612 -0.740210
vn 0.127103 0.969278 -0.210582
vn -0.248710 0.842003 0.478722
vn -0.459595 0.174697 0.870777
vn -0.371885 -0.601913 0.706684
vn -0.037257 -0.995165 0.090881
vn 0.899424 -0.151433 -0.410006
vn 0.578333 -0.766639 -0.278918
vn 0.767771 0.531691 -0.357538
vn 0.230740 0.964840 -0.125867
vn -0.467594 0.859840 0.205015
vn -0.892498 0.184374 0.411648
vn -0.710328 -0.625324 0.323117
vn -0.071345 -0.997346 0.014512
vn 0.985552 -0.164904 -0.038640
vn 0.587389 -0.808976 -0.023079
vn 0.819901 0.571603 -0.032139
vn 0.178861 0.983847 -0.007320
vn -0.572896 0.819359 0.021001
vn -0.985043 0.168483 0.036101
vn -0.812703 -0.581915 0.029824
vn -0.157494 -0.987505 0.005460
vn 0.985882 -0.167420 -0.002554
vn 0.578976 -0.815343 -0.001501
vn 0.815704 0.578466 -0.002112
vn 0.167940 0.985797 -0.000434
vn -0.578375 0.815770 0.001498
vn -0.985856 0.167575 0.002551
vn -0.815403 -0.578890 0.002109
vn -0.167062 -0.985946 0.000430
vn 0.985873 -0.167491 -0.000897
vn 0.578716 -0.815529 -0.000527
vn 0.815574 0.578652 -0.000741
vn 0.167556 0.985863 -0.000151
vn -0.578638 0.815584 0.000527
vn -0.985871 0.167506 0.000896
vn -0.815536 -0.578705 0.000741
vn -0.167446 -0.985881 0.000151
vn 0.985872 -0.167501 -0.000668
vn 0.578686 -0.815551 -0.000392
vn 0.815561 0.578670 -0.000552
vn 0.167511 0.985870 -0.000113
vn -0.578667 0.815564 0.000393
vn -0.985871 0.167503 0.000668
vn -0.815554 -0.578681 0.000552
vn -0.167488 -0.985874 0.000113
vn 0.985872 -0.167499 -0.000613
vn 0.578677 -0.815557 -0.000360
vn 0.815557 0.578676 -0.000506
vn 0.167505 0.985871 -0.000103
vn -0.578671 0.815561 0.000360
vn -0.985870 0.167509 0.000613
vn -0.815556 -0.578678 0.000506
vn -0.167494 -0.985873 0.000103
vn 0.985872 -0.167500 -0.000596
vn 0.578673 -0.815560 -0.000350
vn 0.815556 0.578679 -0.000493
vn 0.167503 0.985872 -0.000101
vn -0.578675 0.815558 0.000350
vn -0.985871 0.167508 0.000597
vn -0.815557 -0.578676 0.000493
vn -0.167499 -0.985872 0.000101
vn 0.985872 -0.167502 -0.000607
vn 0.578674 -0.815559 -0.000357
vn 0.815557 0.578676 -0.000502
vn 0.167498 0.985872 -0.000103
vn -0.578679 0.815555 0.000357
vn -0.985871 0.167503 0.000607
vn -0.815561 -0.578671 0.000502
vn -0.167504 -0.985871 0.000103
vn 0.985871 -0.167504 -0.000646
vn 0.578671 -0.815561 -0.000380
vn 0.815556 0.578677 -0.000534
vn 0.167492 0.985874 -0.000109
vn -0.578683 0.815553 0.000380
vn -0.985873 0.167494 0.000646
vn -0.815562 -0.578669 0.000534
vn -0.167508 -0.985871 0.000109
vn 0.985872 -0.167501 -0.000730
vn 0.578664 -0.815566 -0.000429
vn 0.815554 0.578681 -0.000604
vn 0.167482 0.985875 -0.000123
vn -0.578689 0.815548 0.000429
vn -0.985873 0.167493 0.000730
vn -0.815566 -0.578664 0.000604
vn -0.167515 -0.985870 0.000124
vn 0.985871 -0.167502 -0.000931
vn 0.578650 -0.815576 -0.000547
vn 0.815545 0.578693 -0.000770
vn 0.167457 0.985879 -0.000157
vn -0.578705 0.815537 0.000547
vn -0.985873 0.167492 0.000930
vn -0.815574 -0.578653 0.000769
vn -0.167541 -0.985865 0.000157
vn 0.985860 -0.167555 -0.002147
vn 0.578451 -0.815716 -0.001260
vn 0.815441 0.578837 -0.001775
vn 0.167169 0.985928 -0.000363
vn -0.578902 0.815396 0.001262
vn -0.985879 0.167446 0.002148
vn -0.815668 -0.578517 0.001777
vn -0.167830 -0.985816 0.000365
vn 0.985839 -0.167604 -0.005428
vn 0.578261 -0.815846 -0.003186
vn 0.815338 0.578967 -0.004489
vn 0.166899 0.985974 -0.000920
vn -0.579077 0.815267 0.003189
vn -0.985874 0.167400 0.005430
vn -0.815748 -0.578390 0.004492
vn -0.168095 -0.985770 0.000924
vn 0.985843 -0.167498 -0.007638
vn 0.578659 -0.815557 -0.004483
vn 0.815530 0.578681 -0.006319
vn 0.167494 0.985872 -0.001298
vn -0.578659 0.815557 0.004483
vn -0.985843 0.167500 0.007638
vn -0.815532 -0.578677 0.006319
vn -0.167495 -0.985872 0.001298
vn 0.985842 -0.167501 -0.007637
vn 0.578659 -0.815557 -0.004482
vn 0.815530 0.578681 -0.006319
vn 0.167495 0.985872 -0.001299
vn -0.578658 0.815558 0.004481
vn -0.985843 0.167500 0.007637
vn -0.815531 -0.578680 0.006319
vn -0.167496 -0.985872 0.001299
vn 0.985835 -0.167525 -0.008024
vn 0.578572 -0.815618 -0.004707
vn 0.815486 0.578739 -0.006639
vn 0.167369 0.985893 -0.001365
vn -0.578743 0.815496 0.004709
vn -0.985843 0.167482 0.008025
vn -0.815570 -0.578620 0.006640
vn -0.167623 -0.985850 0.001367
vn 0.985767 -0.167675 -0.012202
vn 0.577925 -0.816058 -0.007151
vn 0.815138 0.579179 -0.010093
vn 0.166456 0.986047 -0.002063
vn -0.579338 0.815056 0.007170
vn -0.985826 0.167324 0.012204
vn -0.815851 -0.578174 0.010103
vn -0.168520 -0.985696 0.002091
vn 0.985718 -0.163695 0.039541
vn 0.591703 -0.805793 0.024197
vn 0.822174 0.568268 0.033181
vn 0.184508 0.982796 0.008269
vn -0.570007 0.821367 -0.021177
vn -0.984906 0.169041 -0.037210
vn -0.811409 -0.583681 -0.030522
vn -0.152461 -0.988297 -0.004902
vn 0.983802 -0.155248 0.089615
vn 0.620713 -0.782012 0.056334
vn 0.835442 0.544302 0.075970
vn 0.226512 0.973790 0.020621
vn -0.543584 0.837993 -0.047787
vn -0.980952 0.174283 -0.085779
vn -0.797354 -0.599449 -0.069908
vn -0.112060 -0.993654 -0.009676
s 1
g group1 Cables sweep13
usemtl lambert2SG
f 2027/2447/2910 2028/2448/2911 2036/2449/2912 2035/2450/2913
f 2028/2448/2911 2029/2451/2914 2037/2452/2915 2036/2449/2912
f 2029/2451/2914 2030/2453/2916 2038/2454/2917 2037/2452/2915
f 2030/2453/2916 2031/2455/2918 2039/2456/2919 2038/2454/2917
f 2031/2455/2918 2032/2457/2920 2040/2458/2921 2039/2456/2919
f 2032/2457/2920 2033/2459/2922 2041/2460/2923 2040/2458/2921
f 2033/2459/2922 2034/2461/2924 2042/2805/2925 2041/2460/2923
f 2034/2806/2924 2027/2447/2910 2035/2450/2913 2042/2462/2925
f 2035/2450/2913 2036/2449/2912 2044/2463/2926 2043/2464/2927
f 2036/2449/2912 2037/2452/2915 2045/2465/2928 2044/2463/2926
f 2037/2452/2915 2038/2454/2917 2046/2466/2929 2045/2465/2928
f 2038/2454/2917 2039/2456/2919 2047/2467/2930 2046/2466/2929
f 2039/2456/2919 2040/2458/2921 2048/2468/2931 2047/2467/2930
f 2040/2458/2921 2041/2460/2923 2049/2469/2932 2048/2468/2931
f 2041/2460/2923 2042/2805/2925 2050/2804/2933 2049/2469/2932
f 2042/2462/2925 2035/2450/2913 2043/2464/2927 2050/2470/2933
f 2043/2464/2927 2044/2463/2926 2052/2471/2934 2051/2472/2935
f 2044/2463/2926 2045/2465/2928 2053/2473/2936 2052/2471/2934
f 2045/2465/2928 2046/2466/2929 2054/2474/2937 2053/2473/2936
f 2046/2466/2929 2047/2467/2930 2055/2475/2938 2054/2474/2937
f 2047/2467/2930 2048/2468/2931 2056/2476/2939 2055/2475/2938
f 2048/2468/2931 2049/2469/2932 2057/2477/2940 2056/2476/2939
f 2049/2469/2932 2050/2804/2933 2058/2803/2941 2057/2477/2940
f 2050/2470/2933 2043/2464/2927 2051/2472/2935 2058/2478/2941
f 2051/2472/2935 2052/2471/2934 2060/2479/2942 2059/2480/2943
f 2052/2471/2934 2053/2473/2936 2061/2481/2944 2060/2479/2942
f 2053/2473/2936 2054/2474/2937 2062/2482/2945 2061/2481/2944
f 2054/2474/2937 2055/2475/2938 2063/2483/2946 2062/2482/2945
f 2055/2475/2938 2056/2476/2939 2064/2484/2947 2063/2483/2946
f 2056/2476/2939 2057/2477/2940 2065/2485/2948 2064/2484/2947
f 2057/2477/2940 2058/2803/2941 2066/2802/2949 2065/2485/2948
f 2058/2478/2941 2051/2472/2935 2059/2480/2943 2066/2486/2949
f 2059/2480/2943 2060/2479/2942 2068/2487/2950 2067/2488/2951
f 2060/2479/2942 2061/2481/2944 2069/2489/2952 2068/2487/2950
f 2061/2481/2944 2062/2482/2945 2070/2490/2953 2069/2489/2952
f 2062/2482/2945 2063/2483/2946 2071/2491/2954 2070/2490/2953
f 2063/2483/2946 2064/2484/2947 2072/2492/2955 2071/2491/2954
f 2064/2484/2947 2065/2485/2948 2073/2493/2956 2072/2492/2955
f 2065/2485/2948 2066/2802/2949 2074/2801/2957 2073/2493/2956
f 2066/2486/2949 2059/2480/2943 2067/2488/2951 2074/2494/2957
f 2067/2488/2951 2068/2487/2950 2076/2495/2958 2075/2496/2959
f 2068/2487/2950 2069/2489/2952 2077/2497/2960 2076/2495/2958
f 2069/2489/2952 2070/2490/2953 2078/2498/2961 2077/2497/2960
f 2070/2490/2953 2071/2491/2954 2079/2499/2962 2078/2498/2961
f 2071/2491/2954 2072/2492/2955 2080/2500/2963 2079/2499/2962
f 2072/2492/2955 2073/2493/2956 2081/2501/2964 2080/2500/2963
f 2073/2493/2956 2074/2801/2957 2082/2800/2965 2081/2501/2964
f 2074/2494/2957 2067/2488/2951 2075/2496/2959 2082/2502/2965
f 2075/2496/2959 2076/2495/2958 2084/2503/2966 2083/2504/2967
f 2076/2495/2958 2077/2497/2960 2085/2505/2968 2084/2503/2966
f 2077/2497/2960 2078/2498/2961 2086/2506/2969 2085/2505/2968
f 2078/2498/2961 2079/2499/2962 2087/2507/2970 2086/2506/2969
f 2079/2499/2962 2080/2500/2963 2088/2508/2971 2087/2507/2970
f 2080/2500/2963 2081/2501/2964 2089/2509/2972 2088/2508/2971
f 2081/2501/2964 2082/2800/2965 2090/2799/2973 2089/2509/2972
f 2082/2502/2965 2075/2496/2959 2083/2504/2967 2090/2510/2973
f 2083/2504/2967 2084/2503/2966 2092/2511/2974 2091/2512/2975
f 2084/2503/2966 2085/2505/2968 2093/2513/2976 2092/2511/2974
f 2085/2505/2968 2086/2506/2969 2094/2514/2977 2093/2513/2976
f 2086/2506/2969 2087/2507/2970 2095/2515/2978 2094/2514/2977
f 2087/2507/2970 2088/2508/2971 2096/2516/2979 2095/2515/2978
f 2088/2508/2971 2089/2509/2972 2097/2517/2980 2096/2516/2979
f 2089/2509/2972 2090/2799/2973 2098/2798/2981 2097/2517/2980
f 2090/2510/2973 2083/2504/2967 2091/2512/2975 2098/2518/2981
f 2091/2512/2975 2092/2511/2974 2100/2519/2982 2099/2520/2983
f 2092/2511/2974 2093/2513/2976 2101/2521/2984 2100/2519/2982
f 2093/2513/2976 2094/2514/2977 2102/2522/2985 2101/2521/2984
f 2094/2514/2977 2095/2515/2978 2103/2523/2986 2102/2522/2985
f 2095/2515/2978 2096/2516/2979 2104/2524/2987 2103/2523/2986
f 2096/2516/2979 2097/2517/2980 2105/2525/2988 2104/2524/2987
f 2097/2517/2980 2098/2798/2981 2106/2797/2989 2105/2525/2988
f 2098/2518/2981 2091/2512/2975 2099/2520/2983 2106/2526/2989
f 2099/2520/2983 2100/2519/2982 2108/2527/2990 2107/2528/2991
f 2100/2519/2982 2101/2521/2984 2109/2529/2992 2108/2527/2990
f 2101/2521/2984 2102/2522/2985 2110/2530/2993 2109/2529/2992
f 2102/2522/2985 2103/2523/2986 2111/2531/2994 2110/2530/2993
f 2103/2523/2986 2104/2524/2987 2112/2532/2995 2111/2531/2994
f 2104/2524/2987 2105/2525/2988 2113/2533/2996 2112/2532/2995
f 2105/2525/2988 2106/2797/2989 2114/2796/2997 2113/2533/2996
f 2106/2526/2989 2099/2520/2983 2107/2528/2991 2114/2534/2997
f 2107/2528/2991 2108/2527/2990 2116/2535/2998 2115/2536/2999
f 2108/2527/2990 2109/2529/2992 2117/2537/3000 2116/2535/2998
f 2109/2529/2992 2110/2530/2993 2118/2538/3001 2117/2537/3000
f 2110/2530/2993 2111/2531/2994 2119/2539/3002 2118/2538/3001
f 2111/2531/2994 2112/2532/2995 2120/2540/3003 2119/2539/3002
f 2112/2532/2995 2113/2533/2996 2121/2541/3004 2120/2540/3003
f 2113/2533/2996 2114/2796/2997 2122/2795/3005 2121/2541/3004
f 2114/2534/2997 2107/2528/2991 2115/2536/2999 2122/2542/3005
f 2115/2536/2999 2116/2535/2998 2124/2543/3006 2123/2544/3007
f 2116/2535/2998 2117/2537/3000 2125/2545/3008 2124/2543/3006
f 2117/2537/3000 2118/2538/3001 2126/2546/3009 2125/2545/3008
f 2118/2538/3001 2119/2539/3002 2127/2547/3010 2126/2546/3009
f 2119/2539/3002 2120/2540/3003 2128/2548/3011 2127/2547/3010
f 2120/2540/3003 2121/2541/3004 2129/2549/3012 2128/2548/3011
f 2121/2541/3004 2122/2795/3005 2130/2794/3013 2129/2549/3012
f 2122/2542/3005 2115/2536/2999 2123/2544/3007 2130/2550/3013
f 2123/2544/3007 2124/2543/3006 2132/2551/3014 2131/2552/3015
f 2124/2543/3006 2125/2545/3008 2133/2553/3016 2132/2551/3014
f 2125/2545/3008 2126/2546/3009 2134/2554/3017 2133/2553/3016
f 2126/2546/3009 2127/2547/3010 2135/2555/3018 2134/2554/3017
f 2127/2547/3010 2128/2548/3011 2136/2556/3019 2135/2555/3018
f 2128/2548/3011 2129/2549/3012 2137/2557/3020 2136/2556/3019
f 2129/2549/3012 2130/2794/3013 2138/2793/3021 2137/2557/3020
f 2130/2550/3013 2123/2544/3007 2131/2552/3015 2138/2558/3021
f 2131/2552/3015 2132/2551/3014 2140/2559/3022 2139/2560/3023
f 2132/2551/3014 2133/2553/3016 2141/2561/3024 2140/2559/3022
f 2133/2553/3016 2134/2554/3017 2142/2562/3025 2141/2561/3024
f 2134/2554/3017 2135/2555/3018 2143/2563/3026 2142/2562/3025
f 2135/2555/3018 2136/2556/3019 2144/2564/3027 2143/2563/3026
f 2136/2556/3019 2137/2557/3020 2145/2565/3028 2144/2564/3027
f 2137/2557/3020 2138/2793/3021 2146/2792/3029 2145/2565/3028
f 2138/2558/3021 2131/2552/3015 2139/2560/3023 2146/2566/3029
f 2139/2560/3023 2140/2559/3022 2148/2567/3030 2147/2568/3031
f 2140/2559/3022 2141/2561/3024 2149/2569/3032 2148/2567/3030
f 2141/2561/3024 2142/2562/3025 2150/2570/3033 2149/2569/3032
f 2142/2562/3025 2143/2563/3026 2151/2571/3034 2150/2570/3033
f 2143/2563/3026 2144/2564/3027 2152/2572/3035 2151/2571/3034
f 2144/2564/3027 2145/2565/3028 2153/2573/3036 2152/2572/3035
f 2145/2565/3028 2146/2792/3029 2154/2791/3037 2153/2573/3036
f 2146/2566/3029 2139/2560/3023 2147/2568/3031 2154/2574/3037
f 2147/2568/3031 2148/2567/3030 2156/2575/3038 2155/2576/3039
f 2148/2567/3030 2149/2569/3032 2157/2577/3040 2156/2575/3038
f 2149/2569/3032 2150/2570/3033 2158/2578/3041 2157/2577/3040
f 2150/2570/3033 2151/2571/3034 2159/2579/3042 2158/2578/3041
f 2151/2571/3034 2152/2572/3035 2160/2580/3043 2159/2579/3042
f 2152/2572/3035 2153/2573/3036 2161/2581/3044 2160/2580/3043
f 2153/2573/3036 2154/2791/3037 2162/2790/3045 2161/2581/3044
f 2154/2574/3037 2147/2568/3031 2155/2576/3039 2162/2582/3045
f 2155/2576/3039 2156/2575/3038 2164/2583/3046 2163/2584/3047
f 2156/2575/3038 2157/2577/3040 2165/2585/3048 2164/2583/3046
f 2157/2577/3040 2158/2578/3041 2166/2586/3049 2165/2585/3048
f 2158/2578/3041 2159/2579/3042 2167/2587/3050 2166/2586/3049
f 2159/2579/3042 2160/2580/3043 2168/2588/3051 2167/2587/3050
f 2160/2580/3043 2161/2581/3044 2169/2589/3052 2168/2588/3051
f 2161/2581/3044 2162/2790/3045 2170/2789/3053 2169/2589/3052
f 2162/2582/3045 2155/2576/3039 2163/2584/3047 2170/2590/3053
f 2163/2584/3047 2164/2583/3046 2172/2591/3054 2171/2592/3055
f 2164/2583/3046 2165/2585/3048 2173/2593/3056 2172/2591/3054
f 2165/2585/3048 2166/2586/3049 2174/2594/3057 2173/2593/3056
f 2166/2586/3049 2167/2587/3050 2175/2595/3058 2174/2594/3057
f 2167/2587/3050 2168/2588/3051 2176/2596/3059 2175/2595/3058
f 2168/2588/3051 2169/2589/3052 2177/2597/3060 2176/2596/3059
f 2169/2589/3052 2170/2789/3053 2178/2788/3061 2177/2597/3060
f 2170/2590/3053 2163/2584/3047 2171/2592/3055 2178/2598/3061
f 2171/2592/3055 2172/2591/3054 2180/2599/3062 2179/2600/3063
f 2172/2591/3054 2173/2593/3056 2181/2601/3064 2180/2599/3062
f 2173/2593/3056 2174/2594/3057 2182/2602/3065 2181/2601/3064
f 2174/2594/3057 2175/2595/3058 2183/2603/3066 2182/2602/3065
f 2175/2595/3058 2176/2596/3059 2184/2604/3067 2183/2603/3066
f 2176/2596/3059 2177/2597/3060 2185/2605/3068 2184/2604/3067
f 2177/2597/3060 2178/2788/3061 2186/2787/3069 2185/2605/3068
f 2178/2598/3061 2171/2592/3055 2179/2600/3063 2186/2606/3069
f 2179/2600/3063 2180/2599/3062 2188/2607/3070 2187/2608/3071
f 2180/2599/3062 2181/2601/3064 2189/2609/3072 2188/2607/3070
f 2181/2601/3064 2182/2602/3065 2190/2610/3073 2189/2609/3072
f 2182/2602/3065 2183/2603/3066 2191/2611/3074 2190/2610/3073
f 2183/2603/3066 2184/2604/3067 2192/2612/3075 2191/2611/3074
f 2184/2604/3067 2185/2605/3068 2193/2613/3076 2192/2612/3075
f 2185/2605/3068 2186/2787/3069 2194/2786/3077 2193/2613/3076
f 2186/2606/3069 2179/2600/3063 2187/2608/3071 2194/2614/3077
f 2187/2608/3071 2188/2607/3070 2196/2615/3078 2195/2616/3079
f 2188/2607/3070 2189/2609/3072 2197/2617/3080 2196/2615/3078
f 2189/2609/3072 2190/2610/3073 2198/2618/3081 2197/2617/3080
f 2190/2610/3073 2191/2611/3074 2199/2619/3082 2198/2618/3081
f 2191/2611/3074 2192/2612/3075 2200/2620/3083 2199/2619/3082
f 2192/2612/3075 2193/2613/3076 2201/2621/3084 2200/2620/3083
f 2193/2613/3076 2194/2786/3077 2202/2785/3085 2201/2621/3084
f 2194/2614/3077 2187/2608/3071 2195/2616/3079 2202/2622/3085
f 2195/2616/3079 2196/2615/3078 2204/2623/3086 2203/2624/3087
f 2196/2615/3078 2197/2617/3080 2205/2625/3088 2204/2623/3086
f 2197/2617/3080 2198/2618/3081 2206/2626/3089 2205/2625/3088
f 2198/2618/3081 2199/2619/3082 2207/2627/3090 2206/2626/3089
f 2199/2619/3082 2200/2620/3083 2208/2628/3091 2207/2627/3090
f 2200/2620/3083 2201/2621/3084 2209/2629/3092 2208/2628/3091
f 2201/2621/3084 2202/2785/3085 2210/2784/3093 2209/2629/3092
f 2202/2622/3085 2195/2616/3079 2203/2624/3087 2210/2630/3093
f 2203/2624/3087 2204/2623/3086 2212/2631/3094 2211/2632/3095
f 2204/2623/3086 2205/2625/3088 2213/2633/3096 2212/2631/3094
f 2205/2625/3088 2206/2626/3089 2214/2634/3097 2213/2633/3096
f 2206/2626/3089 2207/2627/3090 2215/2635/3098 2214/2634/3097
f 2207/2627/3090 2208/2628/3091 2216/2636/3099 2215/2635/3098
f 2208/2628/3091 2209/2629/3092 2217/2637/3100 2216/2636/3099
f 2209/2629/3092 2210/2784/3093 2218/2783/3101 2217/2637/3100
f 2210/2630/3093 2203/2624/3087 2211/2632/3095 2218/2638/3101
f 2211/2632/3095 2212/2631/3094 2220/2639/3102 2219/2640/3103
f 2212/2631/3094 2213/2633/3096 2221/2641/3104 2220/2639/3102
f 2213/2633/3096 2214/2634/3097 2222/2642/3105 2221/2641/3104
f 2214/2634/3097 2215/2635/3098 2223/2643/3106 2222/2642/3105
f 2215/2635/3098 2216/2636/3099 2224/2644/3107 2223/2643/3106
f 2216/2636/3099 2217/2637/3100 2225/2645/3108 2224/2644/3107
f 2217/2637/3100 2218/2783/3101 2226/2782/3109 2225/2645/3108
f 2218/2638/3101 2211/2632/3095 2219/2640/3103 2226/2646/3109
f 2219/2640/3103 2220/2639/3102 2228/2647/3110 2227/2648/3111
f 2220/2639/3102 2221/2641/3104 2229/2649/3112 2228/2647/3110
f 2221/2641/3104 2222/2642/3105 2230/2650/3113 2229/2649/3112
f 2222/2642/3105 2223/2643/3106 2231/2651/3114 2230/2650/3113
f 2223/2643/3106 2224/2644/3107 2232/2652/3115 2231/2651/3114
f 2224/2644/3107 2225/2645/3108 2233/2653/3116 2232/2652/3115
f 2225/2645/3108 2226/2782/3109 2234/2781/3117 2233/2653/3116
f 2226/2646/3109 2219/2640/3103 2227/2648/3111 2234/2654/3117
f 2227/2648/3111 2228/2647/3110 2236/2655/3118 2235/2656/3119
f 2228/2647/3110 2229/2649/3112 2237/2657/3120 2236/2655/3118
f 2229/2649/3112 2230/2650/3113 2238/2658/3121 2237/2657/3120
f 2230/2650/3113 2231/2651/3114 2239/2659/3122 2238/2658/3121
f 2231/2651/3114 2232/2652/3115 2240/2660/3123 2239/2659/3122
f 2232/2652/3115 2233/2653/3116 2241/2661/3124 2240/2660/3123
f 2233/2653/3116 2234/2781/3117 2242/2780/3125 2241/2661/3124
f 2234/2654/3117 2227/2648/3111 2235/2656/3119 2242/2662/3125
f 2235/2656/3119 2236/2655/3118 2244/2663/3126 2243/2664/3127
f 2236/2655/3118 2237/2657/3120 2245/2665/3128 2244/2663/3126
f 2237/2657/3120 2238/2658/3121 2246/2666/3129 2245/2665/3128
f 2238/2658/3121 2239/2659/3122 2247/2667/3130 2246/2666/3129
f 2239/2659/3122 2240/2660/3123 2248/2668/3131 2247/2667/3130
f 2240/2660/3123 2241/2661/3124 2249/2669/3132 2248/2668/3131
f 2241/2661/3124 2242/2780/3125 2250/2779/3133 2249/2669/3132
f 2242/2662/3125 2235/2656/3119 2243/2664/3127 2250/2670/3133
f 2243/2664/3127 2244/2663/3126 2252/2671/3134 2251/2672/3135
f 2244/2663/3126 2245/2665/3128 2253/2673/3136 2252/2671/3134
f 2245/2665/3128 2246/2666/3129 2254/2674/3137 2253/2673/3136
f 2246/2666/3129 2247/2667/3130 2255/2675/3138 2254/2674/3137
f 2247/2667/3130 2248/2668/3131 2256/2676/3139 2255/2675/3138
f 2248/2668/3131 2249/2669/3132 2257/2677/3140 2256/2676/3139
f 2249/2669/3132 2250/2779/3133 2258/2778/3141 2257/2677/3140
f 2250/2670/3133 2243/2664/3127 2251/2672/3135 2258/2678/3141
f 2251/2672/3135 2252/2671/3134 2260/2679/3142 2259/2680/3143
f 2252/2671/3134 2253/2673/3136 2261/2681/3144 2260/2679/3142
f 2253/2673/3136 2254/2674/3137 2262/2682/3145 2261/2681/3144
f 2254/2674/3137 2255/2675/3138 2263/2683/3146 2262/2682/3145
f 2255/2675/3138 2256/2676/3139 2264/2684/3147 2263/2683/3146
f 2256/2676/3139 2257/2677/3140 2265/2685/3148 2264/2684/3147
f 2257/2677/3140 2258/2778/3141 2266/2777/3149 2265/2685/3148
f 2258/2678/3141 2251/2672/3135 2259/2680/3143 2266/2686/3149
f 2259/2680/3143 2260/2679/3142 2268/2687/3150 2267/2688/3151
f 2260/2679/3142 2261/2681/3144 2269/2689/3152 2268/2687/3150
f 2261/2681/3144 2262/2682/3145 2270/2690/3153 2269/2689/3152
f 2262/2682/3145 2263/2683/3146 2271/2691/3154 2270/2690/3153
f 2263/2683/3146 2264/2684/3147 2272/2692/3155 2271/2691/3154
f 2264/2684/3147 2265/2685/3148 2273/2693/3156 2272/2692/3155
f 2265/2685/3148 2266/2777/3149 2274/2776/3157 2273/2693/3156
f 2266/2686/3149 2259/2680/3143 2267/2688/3151 2274/2694/3157
f 2267/2688/3151 2268/2687/3150 2276/2695/3158 2275/2696/3159
f 2268/2687/3150 2269/2689/3152 2277/2697/3160 2276/2695/3158
f 2269/2689/3152 2270/2690/3153 2278/2698/3161 2277/2697/3160
f 2270/2690/3153 2271/2691/3154 2279/2699/3162 2278/2698/3161
f 2271/2691/3154 2272/2692/3155 2280/2700/3163 2279/2699/3162
f 2272/2692/3155 2273/2693/3156 2281/2701/3164 2280/2700/3163
f 2273/2693/3156 2274/2776/3157 2282/2775/3165 2281/2701/3164
f 2274/2694/3157 2267/2688/3151 2275/2696/3159 2282/2702/3165
f 2275/2696/3159 2276/2695/3158 2284/2703/3166 2283/2704/3167
f 2276/2695/3158 2277/2697/3160 2285/2705/3168 2284/2703/3166
f 2277/2697/3160 2278/2698/3161 2286/2706/3169 2285/2705/3168
f 2278/2698/3161 2279/2699/3162 2287/2707/3170 2286/2706/3169
f 2279/2699/3162 2280/2700/3163 2288/2708/3171 2287/2707/3170
f 2280/2700/3163 2281/2701/3164 2289/2709/3172 2288/2708/3171
f 2281/2701/3164 2282/2775/3165 2290/2774/3173 2289/2709/3172
f 2282/2702/3165 2275/2696/3159 2283/2704/3167 2290/2710/3173
f 2283/2704/3167 2284/2703/3166 2292/2711/3174 2291/2712/3175
f 2284/2703/3166 2285/2705/3168 2293/2713/3176 2292/2711/3174
f 2285/2705/3168 2286/2706/3169 2294/2714/3177 2293/2713/3176
f 2286/2706/3169 2287/2707/3170 2295/2715/3178 2294/2714/3177
f 2287/2707/3170 2288/2708/3171 2296/2716/3179 2295/2715/3178
f 2288/2708/3171 2289/2709/3172 2297/2717/3180 2296/2716/3179
f 2289/2709/3172 2290/2774/3173 2298/2773/3181 2297/2717/3180
f 2290/2710/3173 2283/2704/3167 2291/2712/3175 2298/2718/3181
f 2291/2712/3175 2292/2711/3174 2300/2719/3182 2299/2720/3183
f 2292/2711/3174 2293/2713/3176 2301/2721/3184 2300/2719/3182
f 2293/2713/3176 2294/2714/3177 2302/2722/3185 2301/2721/3184
f 2294/2714/3177 2295/2715/3178 2303/2723/3186 2302/2722/3185
f 2295/2715/3178 2296/2716/3179 2304/2724/3187 2303/2723/3186
f 2296/2716/3179 2297/2717/3180 2305/2725/3188 2304/2724/3187
f 2297/2717/3180 2298/2773/3181 2306/2772/3189 2305/2725/3188
f 2298/2718/3181 2291/2712/3175 2299/2720/3183 2306/2726/3189
f 2299/2720/3183 2300/2719/3182 2308/2727/3190 2307/2728/3191
f 2300/2719/3182 2301/2721/3184 2309/2729/3192 2308/2727/3190
f 2301/2721/3184 2302/2722/3185 2310/2730/3193 2309/2729/3192
f 2302/2722/3185 2303/2723/3186 2311/2731/3194 2310/2730/3193
f 2303/2723/3186 2304/2724/3187 2312/2732/3195 2311/2731/3194
f 2304/2724/3187 2305/2725/3188 2313/2733/3196 2312/2732/3195
f 2305/2725/3188 2306/2772/3189 2314/2771/3197 2313/2733/3196
f 2306/2726/3189 2299/2720/3183 2307/2728/3191 2314/2734/3197
f 2307/2728/3191 2308/2727/3190 2316/2735/3198 2315/2736/3199
f 2308/2727/3190 2309/2729/3192 2317/2737/3200 2316/2735/3198
f 2309/2729/3192 2310/2730/3193 2318/2738/3201 2317/2737/3200
f 2310/2730/3193 2311/2731/3194 2319/2739/3202 2318/2738/3201
f 2311/2731/3194 2312/2732/3195 2320/2740/3203 2319/2739/3202
f 2312/2732/3195 2313/2733/3196 2321/2741/3204 2320/2740/3203
f 2313/2733/3196 2314/2771/3197 2322/2770/3205 2321/2741/3204
f 2314/2734/3197 2307/2728/3191 2315/2736/3199 2322/2742/3205
f 2315/2736/3199 2316/2735/3198 2324/2743/3206 2323/2744/3207
f 2316/2735/3198 2317/2737/3200 2325/2745/3208 2324/2743/3206
f 2317/2737/3200 2318/2738/3201 2326/2746/3209 2325/2745/3208
f 2318/2738/3201 2319/2739/3202 2327/2747/3210 2326/2746/3209
f 2319/2739/3202 2320/2740/3203 2328/2748/3211 2327/2747/3210
f 2320/2740/3203 2321/2741/3204 2329/2749/3212 2328/2748/3211
f 2321/2741/3204 2322/2770/3205 2330/2769/3213 2329/2749/3212
f 2322/2742/3205 2315/2736/3199 2323/2744/3207 2330/2750/3213
f 2323/2744/3207 2324/2743/3206 2332/2751/3214 2331/2752/3215
f 2324/2743/3206 2325/2745/3208 2333/2753/3216 2332/2751/3214
f 2325/2745/3208 2326/2746/3209 2334/2754/3217 2333/2753/3216
f 2326/2746/3209 2327/2747/3210 2335/2755/3218 2334/2754/3217
f 2327/2747/3210 2328/2748/3211 2336/2756/3219 2335/2755/3218
f 2328/2748/3211 2329/2749/3212 2337/2757/3220 2336/2756/3219
f 2329/2749/3212 2330/2769/3213 2338/2767/3221 2337/2757/3220
f 2330/2750/3213 2323/2744/3207 2331/2752/3215 2338/2758/3221
f 2331/2752/3215 2332/2751/3214 2340/2759/3222 2339/2760/3223
f 2332/2751/3214 2333/2753/3216 2341/2761/3224 2340/2759/3222
f 2333/2753/3216 2334/2754/3217 2342/2762/3225 2341/2761/3224
f 2334/2754/3217 2335/2755/3218 2343/2763/3226 2342/2762/3225
f 2335/2755/3218 2336/2756/3219 2344/2764/3227 2343/2763/3226
f 2336/2756/3219 2337/2757/3220 2345/2765/3228 2344/2764/3227
f 2337/2757/3220 2338/2767/3221 2346/2768/3229 2345/2765/3228
f 2338/2758/3221 2331/2752/3215 2339/2760/3223 2346/2766/3229
g default
v 7.097573 24.563904 72.299919
v 7.103294 24.523628 72.201714
v 7.117106 24.426395 72.161034
v 7.130919 24.329163 72.201714
v 7.136640 24.288887 72.299919
v 7.130918 24.329163 72.398132
v 7.117106 24.426395 72.438805
v 7.103294 24.523628 72.398132
v 6.088200 24.158499 72.299919
v 6.114560 24.127514 72.201714
v 6.178198 24.052713 72.161034
v 6.241838 23.977913 72.201714
v 6.268198 23.946930 72.299919
v 6.241838 23.977913 72.398132
v 6.178198 24.052713 72.438805
v 6.114560 24.127514 72.398132
v 5.591123 23.182035 72.299919
v 5.631261 23.175417 72.201714
v 5.728162 23.159439 72.161034
v 5.825063 23.143461 72.201714
v 5.865201 23.136845 72.299919
v 5.825063 23.143461 72.398132
v 5.728162 23.159439 72.438805
v 5.631261 23.175417 72.398132
v 5.478332 21.755138 72.299919
v 5.518551 21.749037 72.201714
v 5.615648 21.734301 72.161034
v 5.712746 21.719566 72.201714
v 5.752965 21.713463 72.299919
v 5.712746 21.719566 72.398132
v 5.615648 21.734301 72.438805
v 5.518550 21.749037 72.398132
v 5.019895 20.477427 72.299919
v 5.053436 20.454409 72.201714
v 5.134412 20.398840 72.161034
v 5.215389 20.343271 72.201714
v 5.248930 20.320253 72.299919
v 5.215389 20.343271 72.398132
v 5.134412 20.398840 72.438805
v 5.053436 20.454409 72.398132
v 4.247411 19.824774 72.299919
v 4.263723 19.787508 72.201714
v 4.303104 19.697540 72.161034
v 4.342485 19.607573 72.201714
v 4.358798 19.570307 72.299919
v 4.342485 19.607573 72.398132
v 4.303104 19.697540 72.438805
v 4.263723 19.787508 72.398132
v 3.262784 19.756035 72.299919
v 3.252227 19.716749 72.201714
v 3.226741 19.621904 72.161034
v 3.201255 19.527060 72.201714
v 3.190698 19.487774 72.299919
v 3.201255 19.527060 72.398132
v 3.226741 19.621904 72.438805
v 3.252227 19.716749 72.398132
v 2.379476 20.265005 72.299919
v 2.351030 20.235924 72.201714
v 2.282355 20.165718 72.161034
v 2.213681 20.095512 72.201714
v 2.185235 20.066433 72.299919
v 2.213681 20.095512 72.398132
v 2.282355 20.165718 72.438805
v 2.351030 20.235924 72.398132
v 1.873164 21.153700 72.299919
v 1.834513 21.141014 72.201714
v 1.741201 21.110390 72.161034
v 1.647888 21.079765 72.201714
v 1.609237 21.067080 72.299919
v 1.647889 21.079765 72.398132
v 1.741201 21.110390 72.438805
v 1.834513 21.141014 72.398132
v 1.561758 22.356701 72.299919
v 1.521936 22.348392 72.201714
v 1.425797 22.328335 72.161034
v 1.329658 22.308275 72.201714
v 1.289836 22.299967 72.299919
v 1.329658 22.308275 72.398132
v 1.425797 22.328335 72.438805
v 1.521936 22.348392 72.398132
v 1.215076 23.592882 72.299919
v 1.177443 23.577436 72.201714
v 1.086589 23.540146 72.161034
v 0.995735 23.502855 72.201714
v 0.958102 23.487410 72.299919
v 0.995735 23.502855 72.398132
v 1.086589 23.540146 72.438805
v 1.177443 23.577436 72.398132
v 0.553828 24.705353 72.299919
v 0.521859 24.680197 72.201714
v 0.444677 24.619467 72.161034
v 0.367496 24.558739 72.201714
v 0.335526 24.533583 72.299919
v 0.367496 24.558739 72.398132
v 0.444677 24.619467 72.438805
v 0.521859 24.680197 72.398132
vt 0.474624 0.205976
vt 0.474624 0.205309
vt 0.480829 0.205309
vt 0.480829 0.205976
vt 0.474624 0.204664
vt 0.480829 0.204664
vt 0.474624 0.204019
vt 0.480829 0.204019
vt 0.474624 0.203352
vt 0.480829 0.203352
vt 0.474624 0.202695
vt 0.480829 0.202695
vt 0.474624 0.202046
vt 0.480829 0.207284
vt 0.474624 0.206645
vt 0.480829 0.206645
vt 0.486883 0.205309
vt 0.486883 0.205976
vt 0.486883 0.204664
vt 0.486883 0.204019
vt 0.486883 0.203352
vt 0.486883 0.202695
vt 0.486883 0.207284
vt 0.486883 0.206645
vt 0.495791 0.205309
vt 0.495791 0.205976
vt 0.495791 0.204664
vt 0.495791 0.204019
vt 0.495791 0.203352
vt 0.495791 0.202695
vt 0.495791 0.207284
vt 0.495791 0.206645
vt 0.504551 0.205309
vt 0.504551 0.205976
vt 0.504551 0.204664
vt 0.504551 0.204019
vt 0.504551 0.203352
vt 0.504551 0.202695
vt 0.504551 0.207284
vt 0.504551 0.206645
vt 0.511175 0.205309
vt 0.511175 0.205976
vt 0.511175 0.204664
vt 0.511175 0.204019
vt 0.511175 0.203352
vt 0.511175 0.202695
vt 0.511175 0.207284
vt 0.511175 0.206645
vt 0.517701 0.205309
vt 0.517701 0.205976
vt 0.517701 0.204664
vt 0.517701 0.204019
vt 0.517701 0.203352
vt 0.517701 0.202695
vt 0.517701 0.207284
vt 0.517701 0.206645
vt 0.524360 0.205309
vt 0.524360 0.205976
vt 0.524360 0.204664
vt 0.524360 0.204019
vt 0.524360 0.203352
vt 0.524360 0.202695
vt 0.524360 0.207284
vt 0.524360 0.206645
vt 0.531060 0.205309
vt 0.531060 0.205976
vt 0.531060 0.204664
vt 0.531060 0.204019
vt 0.531060 0.203352
vt 0.531060 0.202695
vt 0.531060 0.207284
vt 0.531060 0.206645
vt 0.538927 0.205309
vt 0.538927 0.205976
vt 0.538927 0.204664
vt 0.538927 0.204019
vt 0.538927 0.203352
vt 0.538927 0.202695
vt 0.538927 0.207284
vt 0.538927 0.206645
vt 0.546787 0.205309
vt 0.546787 0.205976
vt 0.546787 0.204664
vt 0.546787 0.204019
vt 0.546787 0.203352
vt 0.546787 0.202695
vt 0.546787 0.207284
vt 0.546787 0.206645
vt 0.554627 0.205309
vt 0.554627 0.205976
vt 0.554627 0.204664
vt 0.554627 0.204019
vt 0.554627 0.203352
vt 0.554627 0.202695
vt 0.554627 0.207284
vt 0.554627 0.206645
vt 0.546787 0.202046
vt 0.554627 0.202046
vt 0.538927 0.202046
vt 0.531060 0.202046
vt 0.524360 0.202046
vt 0.517701 0.202046
vt 0.511175 0.202046
vt 0.504551 0.202046
vt 0.495791 0.202046
vt 0.486883 0.202046
vt 0.480829 0.202046
vt 0.474624 0.207284
vn -0.372308 0.928109 0.000001
vn -0.280967 0.701172 -0.655298
vn -0.508466 0.555073 -0.658298
vn -0.673191 0.739468 0.000005
vn -0.026896 0.066208 -0.997443
vn -0.068906 0.070068 -0.995160
vn 0.252916 -0.640054 -0.725510
vn 0.438293 -0.482405 -0.758409
vn 0.366912 -0.930256 -0.000001
vn 0.674069 -0.738668 0.000000
vn 0.252916 -0.640050 0.725514
vn 0.438286 -0.482401 0.758416
vn -0.026905 0.066198 0.997444
vn -0.068920 0.070056 0.995159
vn -0.280956 0.701179 0.655295
vn -0.508464 0.555081 0.658292
vn -0.712574 0.178718 -0.678453
vn -0.970954 0.239268 0.000004
vn -0.045391 0.017886 -0.998809
vn 0.669243 -0.157029 -0.726261
vn 0.972984 -0.230874 0.000001
vn 0.669219 -0.157032 0.726283
vn -0.045411 0.017883 0.998808
vn -0.712579 0.178722 0.678447
vn -0.676586 0.143728 -0.722201
vn -0.977903 0.209060 -0.000000
vn 0.034345 -0.010005 -0.999360
vn 0.710307 -0.154687 -0.686685
vn 0.977445 -0.211189 -0.000001
vn 0.710307 -0.154687 0.686684
vn 0.034341 -0.010003 0.999360
vn -0.676586 0.143728 0.722201
vn -0.565166 0.361649 -0.741484
vn -0.842595 0.538548 -0.000003
vn 0.059107 -0.039378 -0.997475
vn 0.622677 -0.404092 -0.670062
vn 0.838845 -0.544370 -0.000000
vn 0.622708 -0.404083 0.670039
vn 0.059117 -0.039371 0.997474
vn -0.565164 0.361647 0.741486
vn -0.251191 0.613679 -0.748533
vn -0.377616 0.925962 -0.000003
vn 0.030514 -0.081557 -0.996202
vn 0.281841 -0.695644 -0.660792
vn 0.377337 -0.926076 0.000001
vn 0.281858 -0.695645 0.660783
vn 0.030514 -0.081544 0.996203
vn -0.251192 0.613673 0.748537
vn 0.152008 0.649110 -0.745352
vn 0.226478 0.974016 -0.000003
vn -0.015501 -0.080931 -0.996599
vn -0.167264 -0.730052 -0.662606
vn -0.225714 -0.974194 0.000003
vn -0.167266 -0.730058 0.662599
vn -0.015492 -0.080918 0.996600
vn 0.152026 0.649101 0.745356
vn 0.474372 0.472214 -0.742957
vn 0.709508 0.704697 -0.000006
vn -0.051835 -0.050970 -0.997354
vn -0.524977 -0.525249 -0.669711
vn -0.706248 -0.707965 0.000001
vn -0.524992 -0.525249 0.669700
vn -0.051820 -0.050961 0.997355
vn 0.474396 0.472201 0.742950
vn 0.643534 0.252647 -0.722519
vn 0.930340 0.366700 -0.000002
vn -0.032801 -0.016109 -0.999332
vn -0.675372 -0.269875 -0.686323
vn -0.929291 -0.369349 -0.000003
vn -0.675381 -0.269871 0.686316
vn -0.032795 -0.016107 0.999332
vn 0.643543 0.252643 0.722513
vn 0.685227 0.184800 -0.704495
vn 0.965528 0.260299 -0.000002
vn 0.002798 0.000957 -0.999996
vn -0.682495 -0.183685 -0.707432
vn -0.965616 -0.259973 0.000002
vn -0.682480 -0.183689 0.707446
vn 0.002813 0.000957 0.999996
vn 0.685226 0.184800 0.704496
vn 0.665856 0.285585 -0.689258
vn 0.919193 0.393807 -0.000003
vn 0.032579 0.014617 -0.999362
vn -0.633256 -0.270750 -0.725039
vn -0.919348 -0.393446 0.000004
vn -0.633234 -0.270753 0.725057
vn 0.032604 0.014615 0.999362
vn 0.665856 0.285587 0.689258
vn 0.626277 0.372310 -0.684954
vn 0.859588 0.510988 -0.000001
vn 0.031356 0.018602 -0.999335
vn -0.595242 -0.354164 -0.721287
vn -0.859360 -0.511370 0.000001
vn -0.595233 -0.354161 0.721296
vn 0.031382 0.018600 0.999334
vn 0.626278 0.372311 0.684953
s 1
g group1 Cables sweep14
usemtl lambert2SG
f 2347/2807/3230 2348/2808/3231 2356/2809/3232 2355/2810/3233
f 2348/2808/3231 2349/2811/3234 2357/2812/3235 2356/2809/3232
f 2349/2811/3234 2350/2813/3236 2358/2814/3237 2357/2812/3235
f 2350/2813/3236 2351/2815/3238 2359/2816/3239 2358/2814/3237
f 2351/2815/3238 2352/2817/3240 2360/2818/3241 2359/2816/3239
f 2352/2817/3240 2353/2819/3242 2361/2913/3243 2360/2818/3241
f 2353/2914/3242 2354/2821/3244 2362/2822/3245 2361/2820/3243
f 2354/2821/3244 2347/2807/3230 2355/2810/3233 2362/2822/3245
f 2355/2810/3233 2356/2809/3232 2364/2823/3246 2363/2824/3247
f 2356/2809/3232 2357/2812/3235 2365/2825/3248 2364/2823/3246
f 2357/2812/3235 2358/2814/3237 2366/2826/3249 2365/2825/3248
f 2358/2814/3237 2359/2816/3239 2367/2827/3250 2366/2826/3249
f 2359/2816/3239 2360/2818/3241 2368/2828/3251 2367/2827/3250
f 2360/2818/3241 2361/2913/3243 2369/2912/3252 2368/2828/3251
f 2361/2820/3243 2362/2822/3245 2370/2830/3253 2369/2829/3252
f 2362/2822/3245 2355/2810/3233 2363/2824/3247 2370/2830/3253
f 2363/2824/3247 2364/2823/3246 2372/2831/3254 2371/2832/3255
f 2364/2823/3246 2365/2825/3248 2373/2833/3256 2372/2831/3254
f 2365/2825/3248 2366/2826/3249 2374/2834/3257 2373/2833/3256
f 2366/2826/3249 2367/2827/3250 2375/2835/3258 2374/2834/3257
f 2367/2827/3250 2368/2828/3251 2376/2836/3259 2375/2835/3258
f 2368/2828/3251 2369/2912/3252 2377/2911/3260 2376/2836/3259
f 2369/2829/3252 2370/2830/3253 2378/2838/3261 2377/2837/3260
f 2370/2830/3253 2363/2824/3247 2371/2832/3255 2378/2838/3261
f 2371/2832/3255 2372/2831/3254 2380/2839/3262 2379/2840/3263
f 2372/2831/3254 2373/2833/3256 2381/2841/3264 2380/2839/3262
f 2373/2833/3256 2374/2834/3257 2382/2842/3265 2381/2841/3264
f 2374/2834/3257 2375/2835/3258 2383/2843/3266 2382/2842/3265
f 2375/2835/3258 2376/2836/3259 2384/2844/3267 2383/2843/3266
f 2376/2836/3259 2377/2911/3260 2385/2910/3268 2384/2844/3267
f 2377/2837/3260 2378/2838/3261 2386/2846/3269 2385/2845/3268
f 2378/2838/3261 2371/2832/3255 2379/2840/3263 2386/2846/3269
f 2379/2840/3263 2380/2839/3262 2388/2847/3270 2387/2848/3271
f 2380/2839/3262 2381/2841/3264 2389/2849/3272 2388/2847/3270
f 2381/2841/3264 2382/2842/3265 2390/2850/3273 2389/2849/3272
f 2382/2842/3265 2383/2843/3266 2391/2851/3274 2390/2850/3273
f 2383/2843/3266 2384/2844/3267 2392/2852/3275 2391/2851/3274
f 2384/2844/3267 2385/2910/3268 2393/2909/3276 2392/2852/3275
f 2385/2845/3268 2386/2846/3269 2394/2854/3277 2393/2853/3276
f 2386/2846/3269 2379/2840/3263 2387/2848/3271 2394/2854/3277
f 2387/2848/3271 2388/2847/3270 2396/2855/3278 2395/2856/3279
f 2388/2847/3270 2389/2849/3272 2397/2857/3280 2396/2855/3278
f 2389/2849/3272 2390/2850/3273 2398/2858/3281 2397/2857/3280
f 2390/2850/3273 2391/2851/3274 2399/2859/3282 2398/2858/3281
f 2391/2851/3274 2392/2852/3275 2400/2860/3283 2399/2859/3282
f 2392/2852/3275 2393/2909/3276 2401/2908/3284 2400/2860/3283
f 2393/2853/3276 2394/2854/3277 2402/2862/3285 2401/2861/3284
f 2394/2854/3277 2387/2848/3271 2395/2856/3279 2402/2862/3285
f 2395/2856/3279 2396/2855/3278 2404/2863/3286 2403/2864/3287
f 2396/2855/3278 2397/2857/3280 2405/2865/3288 2404/2863/3286
f 2397/2857/3280 2398/2858/3281 2406/2866/3289 2405/2865/3288
f 2398/2858/3281 2399/2859/3282 2407/2867/3290 2406/2866/3289
f 2399/2859/3282 2400/2860/3283 2408/2868/3291 2407/2867/3290
f 2400/2860/3283 2401/2908/3284 2409/2907/3292 2408/2868/3291
f 2401/2861/3284 2402/2862/3285 2410/2870/3293 2409/2869/3292
f 2402/2862/3285 2395/2856/3279 2403/2864/3287 2410/2870/3293
f 2403/2864/3287 2404/2863/3286 2412/2871/3294 2411/2872/3295
f 2404/2863/3286 2405/2865/3288 2413/2873/3296 2412/2871/3294
f 2405/2865/3288 2406/2866/3289 2414/2874/3297 2413/2873/3296
f 2406/2866/3289 2407/2867/3290 2415/2875/3298 2414/2874/3297
f 2407/2867/3290 2408/2868/3291 2416/2876/3299 2415/2875/3298
f 2408/2868/3291 2409/2907/3292 2417/2906/3300 2416/2876/3299
f 2409/2869/3292 2410/2870/3293 2418/2878/3301 2417/2877/3300
f 2410/2870/3293 2403/2864/3287 2411/2872/3295 2418/2878/3301
f 2411/2872/3295 2412/2871/3294 2420/2879/3302 2419/2880/3303
f 2412/2871/3294 2413/2873/3296 2421/2881/3304 2420/2879/3302
f 2413/2873/3296 2414/2874/3297 2422/2882/3305 2421/2881/3304
f 2414/2874/3297 2415/2875/3298 2423/2883/3306 2422/2882/3305
f 2415/2875/3298 2416/2876/3299 2424/2884/3307 2423/2883/3306
f 2416/2876/3299 2417/2906/3300 2425/2905/3308 2424/2884/3307
f 2417/2877/3300 2418/2878/3301 2426/2886/3309 2425/2885/3308
f 2418/2878/3301 2411/2872/3295 2419/2880/3303 2426/2886/3309
f 2419/2880/3303 2420/2879/3302 2428/2887/3310 2427/2888/3311
f 2420/2879/3302 2421/2881/3304 2429/2889/3312 2428/2887/3310
f 2421/2881/3304 2422/2882/3305 2430/2890/3313 2429/2889/3312
f 2422/2882/3305 2423/2883/3306 2431/2891/3314 2430/2890/3313
f 2423/2883/3306 2424/2884/3307 2432/2892/3315 2431/2891/3314
f 2424/2884/3307 2425/2905/3308 2433/2903/3316 2432/2892/3315
f 2425/2885/3308 2426/2886/3309 2434/2894/3317 2433/2893/3316
f 2426/2886/3309 2419/2880/3303 2427/2888/3311 2434/2894/3317
f 2427/2888/3311 2428/2887/3310 2436/2895/3318 2435/2896/3319
f 2428/2887/3310 2429/2889/3312 2437/2897/3320 2436/2895/3318
f 2429/2889/3312 2430/2890/3313 2438/2898/3321 2437/2897/3320
f 2430/2890/3313 2431/2891/3314 2439/2899/3322 2438/2898/3321
f 2431/2891/3314 2432/2892/3315 2440/2900/3323 2439/2899/3322
f 2432/2892/3315 2433/2903/3316 2441/2904/3324 2440/2900/3323
f 2433/2893/3316 2434/2894/3317 2442/2902/3325 2441/2901/3324
f 2434/2894/3317 2427/2888/3311 2435/2896/3319 2442/2902/3325
g default
v 40.779846 29.231331 74.899254
v 40.682159 29.226700 74.857590
v 40.642727 29.215521 74.759514
v 40.684643 29.204340 74.662468
v 40.783360 29.199709 74.623306
v 40.881046 29.204340 74.664970
v 40.920479 29.215521 74.763054
v 40.878563 29.226700 74.860092
v 40.810013 27.128839 75.120697
v 40.712353 27.122185 75.079247
v 40.672913 27.111500 74.981117
v 40.714798 27.103048 74.883781
v 40.813473 27.101778 74.844261
v 40.911133 27.108435 74.885712
v 40.950573 27.119118 74.983841
v 40.908688 27.127571 75.081177
v 40.859463 25.901173 75.361061
v 40.762520 25.878723 75.323662
v 40.724472 25.837505 75.233368
v 40.767605 25.801666 75.143066
v 40.866653 25.792198 75.105652
v 40.963596 25.814650 75.143044
v 41.001644 25.855865 75.233337
v 40.958511 25.891706 75.323647
v 40.961048 25.076908 76.185738
v 40.867214 25.028452 76.173599
v 40.835396 24.935101 76.133942
v 40.884235 24.851538 76.089981
v 40.985119 24.826714 76.067482
v 41.078953 24.875170 76.079620
v 41.110767 24.968521 76.119286
v 41.061932 25.052084 76.163239
v 41.085869 24.769913 77.396568
v 40.993477 24.717375 77.398254
v 40.964581 24.615736 77.386658
v 41.016106 24.524534 77.368568
v 41.117878 24.497198 77.354584
v 41.210270 24.549736 77.352898
v 41.239166 24.651375 77.364487
v 41.187637 24.742575 77.382576
v 41.209705 24.636534 78.675537
v 41.117561 24.583702 78.679817
v 41.089218 24.481421 78.673904
v 41.141273 24.389605 78.661263
v 41.243237 24.362040 78.649300
v 41.335381 24.414871 78.645012
v 41.363728 24.517153 78.650925
v 41.311668 24.608969 78.663567
v 41.329197 24.518183 79.968575
v 41.236874 24.465548 79.970871
v 41.208237 24.363577 79.961815
v 41.260067 24.272005 79.946716
v 41.362000 24.244473 79.934410
v 41.454327 24.297108 79.932114
v 41.482964 24.399076 79.941170
v 41.431133 24.490650 79.956268
v 41.440376 24.267593 81.267296
v 41.347042 24.217638 81.257652
v 41.316582 24.120516 81.227005
v 41.366837 24.033121 81.193298
v 41.468372 24.006647 81.176285
v 41.561710 24.056602 81.185921
v 41.592171 24.153723 81.216576
v 41.541912 24.241119 81.250282
v 41.494640 23.341303 82.276642
v 41.399559 23.327702 82.231094
v 41.365925 23.296696 82.135139
v 41.413437 23.266449 82.044991
v 41.514267 23.254679 82.013451
v 41.609348 23.268280 82.058998
v 41.642982 23.299286 82.154953
v 41.595470 23.329533 82.245102
v 41.432148 21.996677 82.315468
v 41.338066 22.008080 82.267311
v 41.306202 22.021210 82.166748
v 41.355213 22.028376 82.072693
v 41.456394 22.025379 82.040237
v 41.550472 22.013977 82.088394
v 41.582340 22.000847 82.188957
v 41.533329 21.993681 82.283012
v 41.339783 20.713806 82.161240
v 41.245850 20.727238 82.113327
v 41.214130 20.742455 82.013016
v 41.263206 20.750542 81.919067
v 41.364334 20.746763 81.886520
v 41.458267 20.733332 81.934433
v 41.489986 20.718115 82.034744
v 41.440907 20.710028 82.128693
v 41.233711 19.435568 81.999878
v 41.139820 19.449530 81.952026
v 41.108078 19.464434 81.851677
v 41.157074 19.471550 81.757607
v 41.258114 19.466707 81.724930
v 41.352001 19.452745 81.772781
v 41.383747 19.437841 81.873131
v 41.334747 19.430725 81.967194
v 41.119751 18.162895 81.870872
v 41.025669 18.174713 81.822815
v 40.993477 18.184553 81.721985
v 41.042027 18.186649 81.627449
v 41.142883 18.179777 81.594574
v 41.236965 18.167959 81.642624
v 41.269157 18.158119 81.743454
v 41.220608 18.156023 81.837997
v 41.059570 16.877260 81.819862
v 40.965023 16.879408 81.771324
v 40.932518 16.882795 81.670174
v 40.981094 16.885441 81.575653
v 41.082302 16.885792 81.543144
v 41.176849 16.883646 81.591682
v 41.209358 16.880257 81.692833
v 41.160778 16.877613 81.787346
v 41.064976 15.584500 81.778397
v 40.970428 15.585270 81.729820
v 40.937920 15.588282 81.628654
v 40.986500 15.591772 81.534164
v 41.087704 15.593696 81.501701
v 41.182251 15.592926 81.550285
v 41.214756 15.589914 81.651451
v 41.166180 15.586424 81.745934
v 41.073532 14.292411 81.736023
v 40.978981 14.293797 81.687462
v 40.946472 14.297063 81.586304
v 40.995052 14.300297 81.491806
v 41.096260 14.301604 81.459328
v 41.190811 14.300219 81.507889
v 41.223316 14.296951 81.609039
v 41.174740 14.293717 81.703537
v 41.062862 13.001074 81.693062
v 40.968342 13.004983 81.644585
v 40.935844 13.009158 81.543465
v 40.984409 13.011153 81.448921
v 41.085587 13.009799 81.416351
v 41.180111 13.005890 81.464828
v 41.212608 13.001716 81.565956
v 41.164043 12.999721 81.660492
v 40.972858 11.717784 81.649689
v 40.879318 11.733216 81.601601
v 40.847164 11.741394 81.500610
v 40.895229 11.737529 81.405876
v 40.995358 11.723884 81.372887
v 41.088894 11.708451 81.420975
v 41.121052 11.700273 81.521965
v 41.072987 11.704139 81.616699
v 40.587620 10.501239 81.608505
v 40.504433 10.547800 81.561470
v 40.475826 10.566644 81.460838
v 40.518555 10.546731 81.365562
v 40.607586 10.499727 81.331451
v 40.690773 10.453166 81.378487
v 40.719379 10.434322 81.479118
v 40.676651 10.454235 81.574394
v 39.756245 9.534964 81.569069
v 39.701115 9.613566 81.523438
v 39.683014 9.644407 81.423332
v 39.712540 9.609419 81.327393
v 39.772400 9.529097 81.291824
v 39.827526 9.450494 81.337456
v 39.845627 9.419653 81.437561
v 39.816101 9.454641 81.533501
v 38.573719 9.062198 81.515892
v 38.560097 9.158113 81.472130
v 38.558605 9.195883 81.372780
v 38.570122 9.153381 81.276024
v 38.587894 9.055506 81.238556
v 38.601521 8.959590 81.282310
v 38.603012 8.921821 81.381660
v 38.591496 8.964322 81.478416
v 37.291481 8.987634 81.455910
v 37.293915 9.084814 81.412895
v 37.298607 9.123071 81.313828
v 37.302807 9.079993 81.216743
v 37.304058 8.980816 81.178497
v 37.301624 8.883636 81.221512
v 37.296932 8.845380 81.320580
v 37.292732 8.888457 81.417671
v 36.004871 9.010135 81.400505
v 36.008007 9.107308 81.357521
v 36.012554 9.145566 81.258446
v 36.015850 9.102497 81.161316
v 36.015965 9.003331 81.123032
v 36.012829 8.906158 81.166016
v 36.008282 8.867900 81.265083
v 36.004986 8.910969 81.362213
v 34.760933 9.038299 81.352730
v 34.767647 9.135352 81.309883
v 34.773354 9.173571 81.210854
v 34.774715 9.130568 81.113655
v 34.770931 9.031532 81.075211
v 34.764217 8.934479 81.118057
v 34.758511 8.896260 81.217087
v 34.757149 8.939263 81.314285
v 33.527958 9.196059 81.306343
v 33.551533 9.290732 81.264145
v 33.563988 9.327999 81.165375
v 33.558033 9.286028 81.067886
v 33.537151 9.189405 81.028801
v 33.513577 9.094731 81.071007
v 33.501118 9.057466 81.169777
v 33.507076 9.099437 81.267258
v 32.383644 9.666627 81.258743
v 32.439167 9.747546 81.217888
v 32.464672 9.779195 81.119667
v 32.445221 9.743032 81.021614
v 32.392208 9.660244 80.981171
v 32.336685 9.579326 81.022026
v 32.311180 9.547677 81.120255
v 32.330631 9.583838 81.218300
v 31.531851 10.560430 81.213104
v 31.615833 10.612374 81.173752
v 31.653015 10.632135 81.076141
v 31.621618 10.608136 80.977463
v 31.540033 10.554436 80.935509
v 31.456051 10.502491 80.974861
v 31.418869 10.482730 81.072472
v 31.450266 10.506729 81.171150
v 30.987215 11.677438 81.174515
v 31.080004 11.711924 81.135773
v 31.120735 11.724648 81.038414
v 31.085550 11.708159 80.939468
v 30.995060 11.672115 80.896896
v 30.902271 11.637630 80.935638
v 30.861540 11.624904 81.033005
v 30.896725 11.641394 81.131943
v 30.600262 12.859575 81.143227
v 30.695734 12.886045 81.104698
v 30.737473 12.895761 81.007416
v 30.701029 12.883033 80.908371
v 30.607752 12.855316 80.865585
v 30.512280 12.828848 80.904114
v 30.470541 12.819132 81.001396
v 30.506985 12.831860 81.100433
v 30.272085 14.060481 81.120132
v 30.367723 14.086356 81.081612
v 30.409359 14.096438 80.984329
v 30.372602 14.084823 80.885262
v 30.278986 14.058311 80.842453
v 30.183348 14.032436 80.880966
v 30.141712 14.022353 80.978256
v 30.178469 14.033970 81.077324
v 29.873915 15.235539 81.112671
v 29.964344 15.275949 81.074081
v 30.003222 15.293727 80.976753
v 29.967773 15.278461 80.877708
v 29.878765 15.239092 80.834961
v 29.788334 15.198682 80.873550
v 29.749456 15.180903 80.970879
v 29.784904 15.196170 81.069923
v 29.127676 16.209368 81.126625
v 29.180019 16.293242 81.087570
v 29.203775 16.328278 80.990059
v 29.185030 16.293949 80.891220
v 29.134764 16.210369 80.848938
v 29.082420 16.126495 80.887993
v 29.058664 16.091459 80.985504
v 29.077410 16.125788 81.084351
v 27.831966 16.426096 81.077042
v 27.833086 16.524387 81.036575
v 27.836079 16.565268 80.938492
v 27.839193 16.524786 80.840256
v 27.840603 16.426661 80.799400
v 27.839483 16.328369 80.839867
v 27.836491 16.287489 80.937943
v 27.833376 16.327971 81.036186
v 26.494102 16.427612 81.031784
v 26.496269 16.525902 80.991356
v 26.500114 16.566778 80.893303
v 26.503384 16.526297 80.795067
v 26.504162 16.428171 80.754196
v 26.501993 16.329884 80.794624
v 26.498150 16.289007 80.892677
v 26.494881 16.329489 80.990913
v 25.157202 16.446384 80.980934
v 25.160824 16.544653 80.940559
v 25.165548 16.585516 80.842545
v 25.168610 16.545038 80.744301
v 25.168213 16.446930 80.703377
v 25.164591 16.348661 80.743752
v 25.159864 16.307798 80.841774
v 25.156805 16.348276 80.940018
v 23.879210 16.475180 80.930321
v 23.882866 16.573448 80.889946
v 23.887510 16.614313 80.791924
v 23.890423 16.573839 80.693672
v 23.889898 16.475733 80.652748
v 23.886244 16.377466 80.693123
v 23.881599 16.336599 80.791145
v 23.878685 16.377075 80.889397
v 22.601030 16.494612 80.885071
v 22.602922 16.592905 80.844635
v 22.606251 16.633789 80.746567
v 22.609066 16.593315 80.648315
v 22.609718 16.495193 80.607430
v 22.607826 16.396900 80.647865
v 22.604498 16.356016 80.745934
v 22.601683 16.396490 80.844185
v 21.323450 16.481922 80.854324
v 21.320850 16.580156 80.813789
v 21.320932 16.620998 80.715645
v 21.323645 16.580523 80.617386
v 21.327400 16.482441 80.576576
v 21.330000 16.384207 80.617111
v 21.329918 16.343367 80.715256
v 21.327206 16.383841 80.813507
v 19.592014 16.462366 80.883904
v 19.589718 16.560606 80.843369
v 19.585758 16.601366 80.745270
v 19.582457 16.560768 80.647079
v 19.581747 16.462597 80.606316
v 19.584044 16.364357 80.646858
v 19.588003 16.323597 80.744957
v 19.591305 16.364193 80.843147
vt 0.175200 0.298345
vt 0.175200 0.302939
vt 0.188395 0.302939
vt 0.188395 0.303588
vt 0.175200 0.302285
vt 0.188395 0.302285
vt 0.175200 0.301626
vt 0.188395 0.301626
vt 0.175200 0.300970
vt 0.188395 0.300970
vt 0.175200 0.300305
vt 0.188395 0.300305
vt 0.175200 0.299659
vt 0.188395 0.299659
vt 0.175200 0.299008
vt 0.188395 0.299008
vt 0.196383 0.302939
vt 0.196383 0.303588
vt 0.196383 0.302285
vt 0.196383 0.301626
vt 0.196383 0.300970
vt 0.196383 0.300305
vt 0.196383 0.299659
vt 0.196383 0.299008
vt 0.204058 0.302939
vt 0.204058 0.303588
vt 0.204058 0.302285
vt 0.204058 0.301626
vt 0.204060 0.300970
vt 0.204060 0.300305
vt 0.204060 0.299659
vt 0.204058 0.299008
vt 0.212069 0.302939
vt 0.212069 0.303588
vt 0.212069 0.302285
vt 0.212069 0.301626
vt 0.212069 0.300970
vt 0.212069 0.300305
vt 0.212069 0.299659
vt 0.212069 0.299008
vt 0.220184 0.302939
vt 0.220184 0.303588
vt 0.220184 0.302285
vt 0.220184 0.301626
vt 0.220184 0.300970
vt 0.220184 0.300305
vt 0.220184 0.299659
vt 0.220184 0.299008
vt 0.228299 0.302939
vt 0.228299 0.303588
vt 0.228299 0.302285
vt 0.228299 0.301626
vt 0.228299 0.300970
vt 0.228299 0.300305
vt 0.228299 0.299659
vt 0.228299 0.299008
vt 0.236341 0.302939
vt 0.236341 0.303588
vt 0.236341 0.302285
vt 0.236341 0.301626
vt 0.236341 0.300970
vt 0.236341 0.300305
vt 0.236341 0.299659
vt 0.236341 0.299008
vt 0.243776 0.302939
vt 0.243776 0.303588
vt 0.243776 0.302285
vt 0.243776 0.301626
vt 0.243776 0.300970
vt 0.243776 0.300305
vt 0.243776 0.299659
vt 0.243776 0.299008
vt 0.251650 0.302939
vt 0.251650 0.303588
vt 0.251650 0.302285
vt 0.251650 0.301626
vt 0.251650 0.300970
vt 0.251650 0.300305
vt 0.251650 0.299659
vt 0.251650 0.299008
vt 0.259723 0.302939
vt 0.259723 0.303588
vt 0.259723 0.302285
vt 0.259723 0.301626
vt 0.259723 0.300970
vt 0.259723 0.300305
vt 0.259723 0.299659
vt 0.259723 0.299008
vt 0.267803 0.302939
vt 0.267803 0.303588
vt 0.267803 0.302285
vt 0.267803 0.301626
vt 0.267803 0.300970
vt 0.267803 0.300305
vt 0.267803 0.299659
vt 0.267803 0.299008
vt 0.275869 0.302939
vt 0.275869 0.303588
vt 0.275869 0.302285
vt 0.275869 0.301626
vt 0.275869 0.300970
vt 0.275869 0.300305
vt 0.275869 0.299659
vt 0.275869 0.299008
vt 0.283938 0.302939
vt 0.283938 0.303588
vt 0.283938 0.302285
vt 0.283938 0.301626
vt 0.283938 0.300970
vt 0.283938 0.300305
vt 0.283938 0.299659
vt 0.283938 0.299008
vt 0.292016 0.302939
vt 0.292016 0.303588
vt 0.292016 0.302285
vt 0.292016 0.301626
vt 0.292016 0.300970
vt 0.292016 0.300305
vt 0.292016 0.299659
vt 0.292016 0.299008
vt 0.300092 0.302939
vt 0.300092 0.303588
vt 0.300092 0.302285
vt 0.300092 0.301626
vt 0.300092 0.300970
vt 0.300092 0.300305
vt 0.300092 0.299659
vt 0.300092 0.299008
vt 0.308164 0.302939
vt 0.308164 0.303588
vt 0.308164 0.302285
vt 0.308164 0.301626
vt 0.308164 0.300970
vt 0.308164 0.300305
vt 0.308164 0.299659
vt 0.308164 0.299008
vt 0.316198 0.302939
vt 0.316198 0.303588
vt 0.316198 0.302285
vt 0.316198 0.301626
vt 0.316198 0.300970
vt 0.316198 0.300305
vt 0.316198 0.299659
vt 0.316198 0.299008
vt 0.324124 0.302939
vt 0.324124 0.303588
vt 0.324124 0.302285
vt 0.324124 0.301626
vt 0.324124 0.300970
vt 0.324124 0.300305
vt 0.324124 0.299659
vt 0.324124 0.299008
vt 0.331979 0.302939
vt 0.331979 0.303588
vt 0.331979 0.302285
vt 0.331979 0.301626
vt 0.331979 0.300970
vt 0.331979 0.300305
vt 0.331979 0.299659
vt 0.331979 0.299008
vt 0.339827 0.302939
vt 0.339827 0.303588
vt 0.339827 0.302285
vt 0.339827 0.301626
vt 0.339827 0.300970
vt 0.339827 0.300305
vt 0.339827 0.299659
vt 0.339827 0.299008
vt 0.347837 0.302939
vt 0.347837 0.303588
vt 0.347837 0.302285
vt 0.347837 0.301626
vt 0.347837 0.300970
vt 0.347837 0.300305
vt 0.347837 0.299659
vt 0.347837 0.299008
vt 0.355887 0.302939
vt 0.355887 0.303588
vt 0.355887 0.302285
vt 0.355887 0.301626
vt 0.355887 0.300970
vt 0.355887 0.300305
vt 0.355887 0.299659
vt 0.355887 0.299008
vt 0.363667 0.302939
vt 0.363667 0.303588
vt 0.363667 0.302285
vt 0.363667 0.301626
vt 0.363667 0.300970
vt 0.363667 0.300305
vt 0.363667 0.299659
vt 0.363667 0.299008
vt 0.371417 0.302939
vt 0.371417 0.303588
vt 0.371417 0.302285
vt 0.371417 0.301626
vt 0.371417 0.300970
vt 0.371417 0.300305
vt 0.371417 0.299659
vt 0.371417 0.299008
vt 0.379074 0.302939
vt 0.379074 0.303588
vt 0.379074 0.302285
vt 0.379074 0.301626
vt 0.379074 0.300970
vt 0.379074 0.300305
vt 0.379074 0.299659
vt 0.379074 0.299008
vt 0.386699 0.302939
vt 0.386699 0.303588
vt 0.386699 0.302285
vt 0.386699 0.301626
vt 0.386699 0.300970
vt 0.386699 0.300305
vt 0.386699 0.299659
vt 0.386699 0.299008
vt 0.394437 0.302939
vt 0.394437 0.303588
vt 0.394437 0.302285
vt 0.394437 0.301626
vt 0.394437 0.300970
vt 0.394437 0.300305
vt 0.394437 0.299659
vt 0.394437 0.299008
vt 0.402207 0.302939
vt 0.402207 0.303588
vt 0.402207 0.302285
vt 0.402207 0.301626
vt 0.402207 0.300970
vt 0.402207 0.300305
vt 0.402207 0.299659
vt 0.402207 0.299008
vt 0.409991 0.302939
vt 0.409991 0.303588
vt 0.409991 0.302285
vt 0.409991 0.301626
vt 0.409991 0.300970
vt 0.409991 0.300305
vt 0.409991 0.299659
vt 0.409991 0.299008
vt 0.417737 0.302939
vt 0.417737 0.303588
vt 0.417737 0.302285
vt 0.417737 0.301626
vt 0.417737 0.300970
vt 0.417737 0.300305
vt 0.417737 0.299659
vt 0.417737 0.299008
vt 0.425170 0.302939
vt 0.425170 0.303588
vt 0.425170 0.302285
vt 0.425170 0.301626
vt 0.425170 0.300970
vt 0.425170 0.300305
vt 0.425170 0.299659
vt 0.425170 0.299008
vt 0.433178 0.302939
vt 0.433178 0.303588
vt 0.433178 0.302285
vt 0.433178 0.301626
vt 0.433178 0.300970
vt 0.433178 0.300305
vt 0.433178 0.299659
vt 0.433178 0.299008
vt 0.441532 0.302939
vt 0.441532 0.303588
vt 0.441532 0.302285
vt 0.441532 0.301626
vt 0.441532 0.300970
vt 0.441532 0.300305
vt 0.441532 0.299659
vt 0.441532 0.299008
vt 0.449888 0.302939
vt 0.449888 0.303588
vt 0.449888 0.302285
vt 0.449888 0.301626
vt 0.449888 0.300970
vt 0.449888 0.300305
vt 0.449888 0.299659
vt 0.449888 0.299008
vt 0.457882 0.302939
vt 0.457882 0.303588
vt 0.457882 0.302285
vt 0.457882 0.301626
vt 0.457882 0.300970
vt 0.457882 0.300305
vt 0.457882 0.299659
vt 0.457882 0.299008
vt 0.465878 0.302939
vt 0.465878 0.303588
vt 0.465878 0.302285
vt 0.465878 0.301626
vt 0.465878 0.300970
vt 0.465878 0.300305
vt 0.465878 0.299659
vt 0.465878 0.299008
vt 0.473875 0.302939
vt 0.473875 0.303588
vt 0.473875 0.302285
vt 0.473875 0.301626
vt 0.473875 0.300970
vt 0.473875 0.300305
vt 0.473875 0.299659
vt 0.473875 0.299008
vt 0.484737 0.302939
vt 0.484737 0.303588
vt 0.484737 0.302285
vt 0.484737 0.301626
vt 0.484737 0.300970
vt 0.484737 0.300305
vt 0.484737 0.299659
vt 0.484737 0.299008
vt 0.484737 0.298345
vt 0.473875 0.298345
vt 0.465878 0.298345
vt 0.457882 0.298345
vt 0.449888 0.298345
vt 0.441532 0.298345
vt 0.433178 0.298345
vt 0.425170 0.298345
vt 0.417737 0.298345
vt 0.409991 0.298345
vt 0.402207 0.298345
vt 0.394437 0.298345
vt 0.386699 0.298345
vt 0.379074 0.298345
vt 0.371417 0.298345
vt 0.363667 0.298345
vt 0.355887 0.298345
vt 0.347837 0.298345
vt 0.339827 0.298345
vt 0.331979 0.298345
vt 0.324124 0.298345
vt 0.316198 0.298345
vt 0.308164 0.298345
vt 0.300092 0.298345
vt 0.292016 0.298345
vt 0.283938 0.298345
vt 0.275869 0.298345
vt 0.267803 0.298345
vt 0.259723 0.298345
vt 0.251650 0.298345
vt 0.243776 0.298345
vt 0.236341 0.298345
vt 0.228299 0.298345
vt 0.220184 0.298345
vt 0.212069 0.298345
vt 0.204060 0.298345
vt 0.196383 0.298345
vt 0.188395 0.298345
vt 0.175200 0.303588
vn -0.016747 0.104491 0.994385
vn -0.716718 0.062868 0.694523
vn -0.721250 0.078302 0.688235
vn -0.016607 0.137664 0.990340
vn -0.999847 -0.015245 -0.008545
vn -0.999421 -0.027683 -0.019800
vn -0.701401 -0.084602 -0.707728
vn -0.692719 -0.117144 -0.711631
vn 0.008648 -0.104614 -0.994475
vn 0.009557 -0.139173 -0.990222
vn 0.715123 -0.063054 -0.696149
vn 0.708317 -0.081912 -0.701125
vn 0.999786 0.015762 0.013387
vn 0.999723 0.023505 0.000913
vn 0.694827 0.085182 0.714115
vn 0.698811 0.115099 0.705986
vn -0.767441 0.250509 0.590152
vn -0.039963 0.463949 0.884960
vn -0.991355 -0.115276 -0.062669
vn -0.646030 -0.396455 -0.652280
vn 0.022108 -0.465699 -0.884667
vn 0.683546 -0.304998 -0.663129
vn 0.997158 0.029815 -0.069181
vn 0.718156 0.364067 0.593048
vn -0.790528 0.493337 0.362883
vn -0.085430 0.863750 0.496627
vn -0.984464 -0.175568 0.002442
vn -0.608484 -0.716305 -0.341547
vn 0.070565 -0.864424 -0.497787
vn 0.717055 -0.566480 -0.406119
vn 0.994653 0.057569 -0.085744
vn 0.676830 0.671616 0.301386
vn -0.786857 0.589369 0.183030
vn -0.113267 0.976227 0.184800
vn -0.986453 -0.147722 0.071338
vn -0.608667 -0.789301 -0.080796
vn 0.109638 -0.976444 -0.185841
vn 0.767364 -0.613357 -0.186936
vn 0.990844 0.108374 -0.080521
vn 0.628822 0.773968 0.074543
vn -0.783917 0.606339 0.133523
vn -0.119045 0.987009 0.107894
vn -0.988184 -0.130297 0.080714
vn -0.613133 -0.789743 -0.019341
vn 0.119773 -0.986911 -0.107985
vn 0.782648 -0.607958 -0.133603
vn 0.988612 0.126726 -0.081159
vn 0.615547 0.787874 0.018884
vn -0.773555 0.614167 0.156242
vn -0.112668 0.982332 0.149434
vn -0.990802 -0.114247 0.072514
vn -0.622940 -0.780366 -0.054534
vn 0.118066 -0.981761 -0.149017
vn 0.787916 -0.596191 -0.154094
vn 0.987709 0.140958 -0.067549
vn 0.610941 0.789567 0.057744
vn -0.719190 0.596286 0.356662
vn -0.075608 0.891132 0.447400
vn -0.996907 -0.053251 0.057804
vn -0.660117 -0.693513 -0.288591
vn 0.100161 -0.891128 -0.442559
vn 0.798353 -0.518874 -0.305619
vn 0.984066 0.175513 0.028442
vn 0.596585 0.733732 0.325152
vn -0.696639 0.304637 0.649531
vn -0.051878 0.407244 0.911845
vn -0.999225 0.029514 0.026025
vn -0.704086 -0.286040 -0.649957
vn 0.091156 -0.408943 -0.907996
vn 0.811581 -0.236867 -0.534070
vn 0.985092 0.078249 0.153206
vn 0.611300 0.324505 0.721809
vn -0.746845 0.014777 0.664834
vn -0.076193 -0.040792 0.996258
vn -0.996057 0.063678 -0.061773
vn -0.648501 0.076004 -0.757410
vn 0.086624 0.043740 -0.995280
vn 0.770748 -0.014070 -0.636985
vn 0.992690 -0.062179 0.103441
vn 0.632275 -0.072266 0.771367
vn -0.763555 -0.020359 0.645422
vn -0.086561 -0.115233 0.989560
vn -0.993214 0.086542 -0.077695
vn -0.639472 0.142648 -0.755465
vn 0.089668 0.114964 -0.989314
vn 0.765564 0.019922 -0.643052
vn 0.993096 -0.086688 0.079032
vn 0.640444 -0.142620 0.754646
vn -0.764787 -0.007354 0.644241
vn -0.086628 -0.105266 0.990664
vn -0.992210 0.094764 -0.080868
vn -0.637849 0.141145 -0.757117
vn 0.087846 0.105111 -0.990573
vn 0.762151 0.007884 -0.647351
vn 0.992816 -0.094083 0.073929
vn 0.642309 -0.141145 0.753338
vn -0.768644 0.007159 0.639637
vn -0.090157 -0.063969 0.993871
vn -0.993528 0.073806 -0.086340
vn -0.643303 0.097353 -0.759397
vn 0.077401 0.064636 -0.994903
vn 0.755804 -0.005514 -0.654775
vn 0.994813 -0.072679 0.071162
vn 0.644661 -0.097200 0.758264
vn -0.765952 -0.006711 0.642863
vn -0.088610 -0.033720 0.995495
vn -0.996359 0.024150 -0.081761
vn -0.650244 0.041147 -0.758610
vn 0.074629 0.034311 -0.996621
vn 0.758916 0.007271 -0.651148
vn 0.996463 -0.024097 0.080500
vn 0.643344 -0.041061 0.764476
vn -0.762678 -0.025081 0.646291
vn -0.082160 -0.032750 0.996081
vn -0.996644 -0.002729 -0.081814
vn -0.647160 0.021224 -0.762058
vn 0.081494 0.032751 -0.996136
vn 0.762510 0.025088 -0.646490
vn 0.996622 0.002722 0.082087
vn 0.646597 -0.021239 0.762536
vn -0.761697 -0.020775 0.647600
vn -0.079747 -0.032851 0.996274
vn -0.996639 0.003513 -0.081850
vn -0.645725 0.025729 -0.763136
vn 0.083884 0.032822 -0.995935
vn 0.763504 0.020692 -0.645472
vn 0.996655 -0.003516 0.081648
vn 0.648058 -0.025679 0.761158
vn -0.758550 0.007701 0.651569
vn -0.073184 -0.030714 0.996845
vn -0.995842 0.041564 -0.081068
vn -0.641601 0.050633 -0.765366
vn 0.090424 0.029690 -0.995461
vn 0.765855 -0.008534 -0.642957
vn 0.995937 -0.041749 0.079792
vn 0.651615 -0.051007 0.756833
vn -0.736645 0.116817 0.666115
vn -0.049123 -0.025911 0.998457
vn -0.978982 0.188464 -0.077942
vn -0.617885 0.142735 -0.773204
vn 0.112008 0.010785 -0.993649
vn 0.762938 -0.124558 -0.634358
vn 0.979272 -0.189072 0.072647
vn 0.654523 -0.150657 0.740879
vn -0.647083 0.334352 0.685195
vn -0.025099 -0.023971 0.999398
vn -0.870722 0.486892 -0.069137
vn -0.536922 0.327196 -0.777597
vn 0.120152 -0.031257 -0.992263
vn 0.687258 -0.360657 -0.630558
vn 0.870605 -0.488118 0.061551
vn 0.591747 -0.357347 0.722592
vn -0.435229 0.563495 0.702175
vn -0.022756 -0.033387 0.999183
vn -0.578803 0.813755 -0.052823
vn -0.345184 0.532678 -0.772724
vn 0.097350 -0.073047 -0.992566
vn 0.468066 -0.614044 -0.635503
vn 0.579642 -0.813392 0.049083
vn 0.388209 -0.588761 0.708981
vn -0.183501 0.688052 0.702077
vn -0.039025 -0.018301 0.999071
vn -0.214479 0.976089 -0.035342
vn -0.108822 0.652126 -0.750260
vn 0.063308 -0.066598 -0.995770
vn 0.193584 -0.728266 -0.657384
vn 0.215498 -0.975923 0.033676
vn 0.123853 -0.696154 0.707128
vn -0.045460 0.719773 0.692720
vn -0.044844 0.014002 0.998896
vn -0.018881 0.999480 -0.026159
vn 0.019138 0.684057 -0.729178
vn 0.045859 -0.035121 -0.998330
vn 0.045700 -0.729294 -0.682672
vn 0.019355 -0.999509 0.024657
vn -0.017888 -0.695643 0.718165
vn -0.013636 0.723972 0.689694
vn -0.040265 0.023527 0.998912
vn 0.020987 0.999484 -0.024307
vn 0.043285 0.688647 -0.723803
vn 0.040209 -0.025480 -0.998866
vn 0.013598 -0.724272 -0.689380
vn -0.020965 -0.999516 0.022987
vn -0.043281 -0.690328 0.722201
vn 0.026916 0.715651 0.697939
vn -0.037602 0.009968 0.999243
vn 0.075475 0.996904 -0.022052
vn 0.078498 0.680377 -0.728646
vn 0.034690 -0.038782 -0.998645
vn -0.029027 -0.729206 -0.683678
vn -0.075808 -0.996899 0.021111
vn -0.079630 -0.695562 0.714040
vn 0.151785 0.684301 0.713227
vn -0.043642 -0.010808 0.998989
vn 0.255445 0.966706 -0.015074
vn 0.199714 0.649231 -0.733903
vn 0.022644 -0.058736 -0.998017
vn -0.163866 -0.717623 -0.676879
vn -0.256484 -0.966443 0.014296
vn -0.209587 -0.684977 0.697768
vn 0.359514 0.576646 0.733641
vn -0.063707 -0.023540 0.997691
vn 0.564411 0.825492 -0.001877
vn 0.404808 0.542502 -0.736086
vn -0.001947 -0.069565 -0.997576
vn -0.393968 -0.622011 -0.676677
vn -0.564163 -0.825662 0.001283
vn -0.436081 -0.590961 0.678674
vn 0.543297 0.406665 0.734474
vn -0.063121 -0.004300 0.997997
vn 0.821461 0.570147 0.011591
vn 0.585741 0.375284 -0.718380
vn -0.004418 -0.047169 -0.998877
vn -0.577645 -0.431652 -0.692823
vn -0.820842 -0.571025 -0.012185
vn -0.618101 -0.402441 0.675272
vn 0.626693 0.275751 0.728846
vn -0.045709 0.011414 0.998890
vn 0.926545 0.375727 0.018527
vn 0.666617 0.248413 -0.702789
vn 0.010632 -0.026497 -0.999592
vn -0.644237 -0.282962 -0.710557
vn -0.926356 -0.376149 -0.019425
vn -0.683916 -0.256686 0.682913
vn 0.655198 0.213077 0.724786
vn -0.033320 0.012701 0.999364
vn 0.957484 0.287749 0.020632
vn 0.692512 0.191871 -0.695423
vn 0.020293 -0.016828 -0.999652
vn -0.661114 -0.214878 -0.718857
vn -0.957416 -0.287858 -0.022173
vn -0.699565 -0.194310 0.687643
vn 0.664273 0.212562 0.716630
vn -0.016295 0.008137 0.999834
vn 0.956002 0.292714 0.019457
vn 0.696392 0.204272 -0.687976
vn 0.032233 -0.002724 -0.999477
vn -0.654296 -0.209168 -0.726736
vn -0.956000 -0.292439 -0.023291
vn -0.690485 -0.201995 0.694571
vn 0.635898 0.340976 0.692365
vn 0.023246 0.014392 0.999626
vn 0.881603 0.471621 0.018714
vn 0.656801 0.354428 -0.665577
vn 0.054408 0.035688 -0.997881
vn -0.596389 -0.311533 -0.739775
vn -0.884033 -0.466767 -0.024784
vn -0.623091 -0.330131 0.709064
vn 0.362155 0.640139 0.677543
vn 0.025253 0.075113 0.996855
vn 0.506019 0.862275 0.020669
vn 0.394787 0.652914 -0.646411
vn 0.071946 0.093239 -0.993041
vn -0.309164 -0.556320 -0.771314
vn -0.500309 -0.865779 -0.010844
vn -0.340406 -0.564387 0.752058
vn 0.038117 0.722185 0.690649
vn -0.031332 0.023338 0.999237
vn 0.085115 0.996361 0.004400
vn 0.087081 0.723501 -0.684809
vn 0.040413 0.024656 -0.998879
vn -0.029319 -0.699117 -0.714406
vn -0.079122 -0.996852 -0.005119
vn -0.080995 -0.701295 0.708255
vn -0.020146 0.704493 0.709425
vn -0.035934 -0.003738 0.999347
vn 0.007480 0.999968 0.002861
vn 0.030721 0.707919 -0.705625
vn 0.035909 0.000274 -0.999355
vn 0.020044 -0.706820 -0.707110
vn -0.007525 -0.999970 -0.001699
vn -0.030688 -0.709077 0.704463
vn -0.014691 0.704896 0.709159
vn -0.038829 -0.003120 0.999241
vn 0.018077 0.999833 0.002890
vn 0.040241 0.707917 -0.705149
vn 0.038793 0.000829 -0.999247
vn 0.014619 -0.706286 -0.707776
vn -0.018093 -0.999833 -0.002462
vn -0.040221 -0.708852 0.704210
vn -0.013219 0.706355 0.707735
vn -0.037500 -0.000998 0.999296
vn 0.018781 0.999821 0.002125
vn 0.039787 0.708614 -0.704473
vn 0.037530 0.003015 -0.999291
vn 0.013302 -0.704774 -0.709307
vn -0.018741 -0.999819 -0.003296
vn -0.039800 -0.708188 0.704901
vn -0.019137 0.708164 0.705788
vn -0.029727 0.001366 0.999557
vn 0.002599 0.999997 0.000573
vn 0.022791 0.709544 -0.704292
vn 0.029714 0.005594 -0.999543
vn 0.019269 -0.703091 -0.710839
vn -0.002529 -0.999990 -0.003734
vn -0.022866 -0.707646 0.706197
vn -0.007787 0.708685 0.705482
vn -0.000306 -0.002001 0.999998
vn -0.010794 0.999933 -0.004273
vn -0.007405 0.704975 -0.709193
vn 0.000415 0.000898 -1.000000
vn 0.007917 -0.703358 -0.710791
vn 0.010694 -0.999915 -0.007474
vn 0.007284 -0.711377 0.702773
vn 0.004050 0.708376 0.705823
vn 0.017102 -0.001995 0.999852
vn -0.011380 0.999927 -0.003976
vn -0.020082 0.704487 -0.709432
vn -0.017033 -0.000165 -0.999855
vn -0.004100 -0.704003 -0.710186
vn 0.011232 -0.999913 -0.006947
vn 0.020054 -0.710988 0.702919
s 1
g group1 Cables sweep1
usemtl lambert2SG
f 2443/3265/3326 2444/2916/3327 2452/2917/3328 2451/2918/3329
f 2444/2916/3327 2445/2919/3330 2453/2920/3331 2452/2917/3328
f 2445/2919/3330 2446/2921/3332 2454/2922/3333 2453/2920/3331
f 2446/2921/3332 2447/2923/3334 2455/2924/3335 2454/2922/3333
f 2447/2923/3334 2448/2925/3336 2456/2926/3337 2455/2924/3335
f 2448/2925/3336 2449/2927/3338 2457/2928/3339 2456/2926/3337
f 2449/2927/3338 2450/2929/3340 2458/2930/3341 2457/2928/3339
f 2450/2929/3340 2443/2915/3326 2451/3264/3329 2458/2930/3341
f 2451/2918/3329 2452/2917/3328 2460/2931/3342 2459/2932/3343
f 2452/2917/3328 2453/2920/3331 2461/2933/3344 2460/2931/3342
f 2453/2920/3331 2454/2922/3333 2462/2934/3345 2461/2933/3344
f 2454/2922/3333 2455/2924/3335 2463/2935/3346 2462/2934/3345
f 2455/2924/3335 2456/2926/3337 2464/2936/3347 2463/2935/3346
f 2456/2926/3337 2457/2928/3339 2465/2937/3348 2464/2936/3347
f 2457/2928/3339 2458/2930/3341 2466/2938/3349 2465/2937/3348
f 2458/2930/3341 2451/3264/3329 2459/3263/3343 2466/2938/3349
f 2459/2932/3343 2460/2931/3342 2468/2939/3350 2467/2940/3351
f 2460/2931/3342 2461/2933/3344 2469/2941/3352 2468/2939/3350
f 2461/2933/3344 2462/2934/3345 2470/2942/3353 2469/2941/3352
f 2462/2934/3345 2463/2935/3346 2471/2943/3354 2470/2942/3353
f 2463/2935/3346 2464/2936/3347 2472/2944/3355 2471/2943/3354
f 2464/2936/3347 2465/2937/3348 2473/2945/3356 2472/2944/3355
f 2465/2937/3348 2466/2938/3349 2474/2946/3357 2473/2945/3356
f 2466/2938/3349 2459/3263/3343 2467/3262/3351 2474/2946/3357
f 2467/2940/3351 2468/2939/3350 2476/2947/3358 2475/2948/3359
f 2468/2939/3350 2469/2941/3352 2477/2949/3360 2476/2947/3358
f 2469/2941/3352 2470/2942/3353 2478/2950/3361 2477/2949/3360
f 2470/2942/3353 2471/2943/3354 2479/2951/3362 2478/2950/3361
f 2471/2943/3354 2472/2944/3355 2480/2952/3363 2479/2951/3362
f 2472/2944/3355 2473/2945/3356 2481/2953/3364 2480/2952/3363
f 2473/2945/3356 2474/2946/3357 2482/2954/3365 2481/2953/3364
f 2474/2946/3357 2467/3262/3351 2475/3261/3359 2482/2954/3365
f 2475/2948/3359 2476/2947/3358 2484/2955/3366 2483/2956/3367
f 2476/2947/3358 2477/2949/3360 2485/2957/3368 2484/2955/3366
f 2477/2949/3360 2478/2950/3361 2486/2958/3369 2485/2957/3368
f 2478/2950/3361 2479/2951/3362 2487/2959/3370 2486/2958/3369
f 2479/2951/3362 2480/2952/3363 2488/2960/3371 2487/2959/3370
f 2480/2952/3363 2481/2953/3364 2489/2961/3372 2488/2960/3371
f 2481/2953/3364 2482/2954/3365 2490/2962/3373 2489/2961/3372
f 2482/2954/3365 2475/3261/3359 2483/3260/3367 2490/2962/3373
f 2483/2956/3367 2484/2955/3366 2492/2963/3374 2491/2964/3375
f 2484/2955/3366 2485/2957/3368 2493/2965/3376 2492/2963/3374
f 2485/2957/3368 2486/2958/3369 2494/2966/3377 2493/2965/3376
f 2486/2958/3369 2487/2959/3370 2495/2967/3378 2494/2966/3377
f 2487/2959/3370 2488/2960/3371 2496/2968/3379 2495/2967/3378
f 2488/2960/3371 2489/2961/3372 2497/2969/3380 2496/2968/3379
f 2489/2961/3372 2490/2962/3373 2498/2970/3381 2497/2969/3380
f 2490/2962/3373 2483/3260/3367 2491/3259/3375 2498/2970/3381
f 2491/2964/3375 2492/2963/3374 2500/2971/3382 2499/2972/3383
f 2492/2963/3374 2493/2965/3376 2501/2973/3384 2500/2971/3382
f 2493/2965/3376 2494/2966/3377 2502/2974/3385 2501/2973/3384
f 2494/2966/3377 2495/2967/3378 2503/2975/3386 2502/2974/3385
f 2495/2967/3378 2496/2968/3379 2504/2976/3387 2503/2975/3386
f 2496/2968/3379 2497/2969/3380 2505/2977/3388 2504/2976/3387
f 2497/2969/3380 2498/2970/3381 2506/2978/3389 2505/2977/3388
f 2498/2970/3381 2491/3259/3375 2499/3258/3383 2506/2978/3389
f 2499/2972/3383 2500/2971/3382 2508/2979/3390 2507/2980/3391
f 2500/2971/3382 2501/2973/3384 2509/2981/3392 2508/2979/3390
f 2501/2973/3384 2502/2974/3385 2510/2982/3393 2509/2981/3392
f 2502/2974/3385 2503/2975/3386 2511/2983/3394 2510/2982/3393
f 2503/2975/3386 2504/2976/3387 2512/2984/3395 2511/2983/3394
f 2504/2976/3387 2505/2977/3388 2513/2985/3396 2512/2984/3395
f 2505/2977/3388 2506/2978/3389 2514/2986/3397 2513/2985/3396
f 2506/2978/3389 2499/3258/3383 2507/3257/3391 2514/2986/3397
f 2507/2980/3391 2508/2979/3390 2516/2987/3398 2515/2988/3399
f 2508/2979/3390 2509/2981/3392 2517/2989/3400 2516/2987/3398
f 2509/2981/3392 2510/2982/3393 2518/2990/3401 2517/2989/3400
f 2510/2982/3393 2511/2983/3394 2519/2991/3402 2518/2990/3401
f 2511/2983/3394 2512/2984/3395 2520/2992/3403 2519/2991/3402
f 2512/2984/3395 2513/2985/3396 2521/2993/3404 2520/2992/3403
f 2513/2985/3396 2514/2986/3397 2522/2994/3405 2521/2993/3404
f 2514/2986/3397 2507/3257/3391 2515/3256/3399 2522/2994/3405
f 2515/2988/3399 2516/2987/3398 2524/2995/3406 2523/2996/3407
f 2516/2987/3398 2517/2989/3400 2525/2997/3408 2524/2995/3406
f 2517/2989/3400 2518/2990/3401 2526/2998/3409 2525/2997/3408
f 2518/2990/3401 2519/2991/3402 2527/2999/3410 2526/2998/3409
f 2519/2991/3402 2520/2992/3403 2528/3000/3411 2527/2999/3410
f 2520/2992/3403 2521/2993/3404 2529/3001/3412 2528/3000/3411
f 2521/2993/3404 2522/2994/3405 2530/3002/3413 2529/3001/3412
f 2522/2994/3405 2515/3256/3399 2523/3255/3407 2530/3002/3413
f 2523/2996/3407 2524/2995/3406 2532/3003/3414 2531/3004/3415
f 2524/2995/3406 2525/2997/3408 2533/3005/3416 2532/3003/3414
f 2525/2997/3408 2526/2998/3409 2534/3006/3417 2533/3005/3416
f 2526/2998/3409 2527/2999/3410 2535/3007/3418 2534/3006/3417
f 2527/2999/3410 2528/3000/3411 2536/3008/3419 2535/3007/3418
f 2528/3000/3411 2529/3001/3412 2537/3009/3420 2536/3008/3419
f 2529/3001/3412 2530/3002/3413 2538/3010/3421 2537/3009/3420
f 2530/3002/3413 2523/3255/3407 2531/3254/3415 2538/3010/3421
f 2531/3004/3415 2532/3003/3414 2540/3011/3422 2539/3012/3423
f 2532/3003/3414 2533/3005/3416 2541/3013/3424 2540/3011/3422
f 2533/3005/3416 2534/3006/3417 2542/3014/3425 2541/3013/3424
f 2534/3006/3417 2535/3007/3418 2543/3015/3426 2542/3014/3425
f 2535/3007/3418 2536/3008/3419 2544/3016/3427 2543/3015/3426
f 2536/3008/3419 2537/3009/3420 2545/3017/3428 2544/3016/3427
f 2537/3009/3420 2538/3010/3421 2546/3018/3429 2545/3017/3428
f 2538/3010/3421 2531/3254/3415 2539/3253/3423 2546/3018/3429
f 2539/3012/3423 2540/3011/3422 2548/3019/3430 2547/3020/3431
f 2540/3011/3422 2541/3013/3424 2549/3021/3432 2548/3019/3430
f 2541/3013/3424 2542/3014/3425 2550/3022/3433 2549/3021/3432
f 2542/3014/3425 2543/3015/3426 2551/3023/3434 2550/3022/3433
f 2543/3015/3426 2544/3016/3427 2552/3024/3435 2551/3023/3434
f 2544/3016/3427 2545/3017/3428 2553/3025/3436 2552/3024/3435
f 2545/3017/3428 2546/3018/3429 2554/3026/3437 2553/3025/3436
f 2546/3018/3429 2539/3253/3423 2547/3252/3431 2554/3026/3437
f 2547/3020/3431 2548/3019/3430 2556/3027/3438 2555/3028/3439
f 2548/3019/3430 2549/3021/3432 2557/3029/3440 2556/3027/3438
f 2549/3021/3432 2550/3022/3433 2558/3030/3441 2557/3029/3440
f 2550/3022/3433 2551/3023/3434 2559/3031/3442 2558/3030/3441
f 2551/3023/3434 2552/3024/3435 2560/3032/3443 2559/3031/3442
f 2552/3024/3435 2553/3025/3436 2561/3033/3444 2560/3032/3443
f 2553/3025/3436 2554/3026/3437 2562/3034/3445 2561/3033/3444
f 2554/3026/3437 2547/3252/3431 2555/3251/3439 2562/3034/3445
f 2555/3028/3439 2556/3027/3438 2564/3035/3446 2563/3036/3447
f 2556/3027/3438 2557/3029/3440 2565/3037/3448 2564/3035/3446
f 2557/3029/3440 2558/3030/3441 2566/3038/3449 2565/3037/3448
f 2558/3030/3441 2559/3031/3442 2567/3039/3450 2566/3038/3449
f 2559/3031/3442 2560/3032/3443 2568/3040/3451 2567/3039/3450
f 2560/3032/3443 2561/3033/3444 2569/3041/3452 2568/3040/3451
f 2561/3033/3444 2562/3034/3445 2570/3042/3453 2569/3041/3452
f 2562/3034/3445 2555/3251/3439 2563/3250/3447 2570/3042/3453
f 2563/3036/3447 2564/3035/3446 2572/3043/3454 2571/3044/3455
f 2564/3035/3446 2565/3037/3448 2573/3045/3456 2572/3043/3454
f 2565/3037/3448 2566/3038/3449 2574/3046/3457 2573/3045/3456
f 2566/3038/3449 2567/3039/3450 2575/3047/3458 2574/3046/3457
f 2567/3039/3450 2568/3040/3451 2576/3048/3459 2575/3047/3458
f 2568/3040/3451 2569/3041/3452 2577/3049/3460 2576/3048/3459
f 2569/3041/3452 2570/3042/3453 2578/3050/3461 2577/3049/3460
f 2570/3042/3453 2563/3250/3447 2571/3249/3455 2578/3050/3461
f 2571/3044/3455 2572/3043/3454 2580/3051/3462 2579/3052/3463
f 2572/3043/3454 2573/3045/3456 2581/3053/3464 2580/3051/3462
f 2573/3045/3456 2574/3046/3457 2582/3054/3465 2581/3053/3464
f 2574/3046/3457 2575/3047/3458 2583/3055/3466 2582/3054/3465
f 2575/3047/3458 2576/3048/3459 2584/3056/3467 2583/3055/3466
f 2576/3048/3459 2577/3049/3460 2585/3057/3468 2584/3056/3467
f 2577/3049/3460 2578/3050/3461 2586/3058/3469 2585/3057/3468
f 2578/3050/3461 2571/3249/3455 2579/3248/3463 2586/3058/3469
f 2579/3052/3463 2580/3051/3462 2588/3059/3470 2587/3060/3471
f 2580/3051/3462 2581/3053/3464 2589/3061/3472 2588/3059/3470
f 2581/3053/3464 2582/3054/3465 2590/3062/3473 2589/3061/3472
f 2582/3054/3465 2583/3055/3466 2591/3063/3474 2590/3062/3473
f 2583/3055/3466 2584/3056/3467 2592/3064/3475 2591/3063/3474
f 2584/3056/3467 2585/3057/3468 2593/3065/3476 2592/3064/3475
f 2585/3057/3468 2586/3058/3469 2594/3066/3477 2593/3065/3476
f 2586/3058/3469 2579/3248/3463 2587/3247/3471 2594/3066/3477
f 2587/3060/3471 2588/3059/3470 2596/3067/3478 2595/3068/3479
f 2588/3059/3470 2589/3061/3472 2597/3069/3480 2596/3067/3478
f 2589/3061/3472 2590/3062/3473 2598/3070/3481 2597/3069/3480
f 2590/3062/3473 2591/3063/3474 2599/3071/3482 2598/3070/3481
f 2591/3063/3474 2592/3064/3475 2600/3072/3483 2599/3071/3482
f 2592/3064/3475 2593/3065/3476 2601/3073/3484 2600/3072/3483
f 2593/3065/3476 2594/3066/3477 2602/3074/3485 2601/3073/3484
f 2594/3066/3477 2587/3247/3471 2595/3246/3479 2602/3074/3485
f 2595/3068/3479 2596/3067/3478 2604/3075/3486 2603/3076/3487
f 2596/3067/3478 2597/3069/3480 2605/3077/3488 2604/3075/3486
f 2597/3069/3480 2598/3070/3481 2606/3078/3489 2605/3077/3488
f 2598/3070/3481 2599/3071/3482 2607/3079/3490 2606/3078/3489
f 2599/3071/3482 2600/3072/3483 2608/3080/3491 2607/3079/3490
f 2600/3072/3483 2601/3073/3484 2609/3081/3492 2608/3080/3491
f 2601/3073/3484 2602/3074/3485 2610/3082/3493 2609/3081/3492
f 2602/3074/3485 2595/3246/3479 2603/3245/3487 2610/3082/3493
f 2603/3076/3487 2604/3075/3486 2612/3083/3494 2611/3084/3495
f 2604/3075/3486 2605/3077/3488 2613/3085/3496 2612/3083/3494
f 2605/3077/3488 2606/3078/3489 2614/3086/3497 2613/3085/3496
f 2606/3078/3489 2607/3079/3490 2615/3087/3498 2614/3086/3497
f 2607/3079/3490 2608/3080/3491 2616/3088/3499 2615/3087/3498
f 2608/3080/3491 2609/3081/3492 2617/3089/3500 2616/3088/3499
f 2609/3081/3492 2610/3082/3493 2618/3090/3501 2617/3089/3500
f 2610/3082/3493 2603/3245/3487 2611/3244/3495 2618/3090/3501
f 2611/3084/3495 2612/3083/3494 2620/3091/3502 2619/3092/3503
f 2612/3083/3494 2613/3085/3496 2621/3093/3504 2620/3091/3502
f 2613/3085/3496 2614/3086/3497 2622/3094/3505 2621/3093/3504
f 2614/3086/3497 2615/3087/3498 2623/3095/3506 2622/3094/3505
f 2615/3087/3498 2616/3088/3499 2624/3096/3507 2623/3095/3506
f 2616/3088/3499 2617/3089/3500 2625/3097/3508 2624/3096/3507
f 2617/3089/3500 2618/3090/3501 2626/3098/3509 2625/3097/3508
f 2618/3090/3501 2611/3244/3495 2619/3243/3503 2626/3098/3509
f 2619/3092/3503 2620/3091/3502 2628/3099/3510 2627/3100/3511
f 2620/3091/3502 2621/3093/3504 2629/3101/3512 2628/3099/3510
f 2621/3093/3504 2622/3094/3505 2630/3102/3513 2629/3101/3512
f 2622/3094/3505 2623/3095/3506 2631/3103/3514 2630/3102/3513
f 2623/3095/3506 2624/3096/3507 2632/3104/3515 2631/3103/3514
f 2624/3096/3507 2625/3097/3508 2633/3105/3516 2632/3104/3515
f 2625/3097/3508 2626/3098/3509 2634/3106/3517 2633/3105/3516
f 2626/3098/3509 2619/3243/3503 2627/3242/3511 2634/3106/3517
f 2627/3100/3511 2628/3099/3510 2636/3107/3518 2635/3108/3519
f 2628/3099/3510 2629/3101/3512 2637/3109/3520 2636/3107/3518
f 2629/3101/3512 2630/3102/3513 2638/3110/3521 2637/3109/3520
f 2630/3102/3513 2631/3103/3514 2639/3111/3522 2638/3110/3521
f 2631/3103/3514 2632/3104/3515 2640/3112/3523 2639/3111/3522
f 2632/3104/3515 2633/3105/3516 2641/3113/3524 2640/3112/3523
f 2633/3105/3516 2634/3106/3517 2642/3114/3525 2641/3113/3524
f 2634/3106/3517 2627/3242/3511 2635/3241/3519 2642/3114/3525
f 2635/3108/3519 2636/3107/3518 2644/3115/3526 2643/3116/3527
f 2636/3107/3518 2637/3109/3520 2645/3117/3528 2644/3115/3526
f 2637/3109/3520 2638/3110/3521 2646/3118/3529 2645/3117/3528
f 2638/3110/3521 2639/3111/3522 2647/3119/3530 2646/3118/3529
f 2639/3111/3522 2640/3112/3523 2648/3120/3531 2647/3119/3530
f 2640/3112/3523 2641/3113/3524 2649/3121/3532 2648/3120/3531
f 2641/3113/3524 2642/3114/3525 2650/3122/3533 2649/3121/3532
f 2642/3114/3525 2635/3241/3519 2643/3240/3527 2650/3122/3533
f 2643/3116/3527 2644/3115/3526 2652/3123/3534 2651/3124/3535
f 2644/3115/3526 2645/3117/3528 2653/3125/3536 2652/3123/3534
f 2645/3117/3528 2646/3118/3529 2654/3126/3537 2653/3125/3536
f 2646/3118/3529 2647/3119/3530 2655/3127/3538 2654/3126/3537
f 2647/3119/3530 2648/3120/3531 2656/3128/3539 2655/3127/3538
f 2648/3120/3531 2649/3121/3532 2657/3129/3540 2656/3128/3539
f 2649/3121/3532 2650/3122/3533 2658/3130/3541 2657/3129/3540
f 2650/3122/3533 2643/3240/3527 2651/3239/3535 2658/3130/3541
f 2651/3124/3535 2652/3123/3534 2660/3131/3542 2659/3132/3543
f 2652/3123/3534 2653/3125/3536 2661/3133/3544 2660/3131/3542
f 2653/3125/3536 2654/3126/3537 2662/3134/3545 2661/3133/3544
f 2654/3126/3537 2655/3127/3538 2663/3135/3546 2662/3134/3545
f 2655/3127/3538 2656/3128/3539 2664/3136/3547 2663/3135/3546
f 2656/3128/3539 2657/3129/3540 2665/3137/3548 2664/3136/3547
f 2657/3129/3540 2658/3130/3541 2666/3138/3549 2665/3137/3548
f 2658/3130/3541 2651/3239/3535 2659/3238/3543 2666/3138/3549
f 2659/3132/3543 2660/3131/3542 2668/3139/3550 2667/3140/3551
f 2660/3131/3542 2661/3133/3544 2669/3141/3552 2668/3139/3550
f 2661/3133/3544 2662/3134/3545 2670/3142/3553 2669/3141/3552
f 2662/3134/3545 2663/3135/3546 2671/3143/3554 2670/3142/3553
f 2663/3135/3546 2664/3136/3547 2672/3144/3555 2671/3143/3554
f 2664/3136/3547 2665/3137/3548 2673/3145/3556 2672/3144/3555
f 2665/3137/3548 2666/3138/3549 2674/3146/3557 2673/3145/3556
f 2666/3138/3549 2659/3238/3543 2667/3237/3551 2674/3146/3557
f 2667/3140/3551 2668/3139/3550 2676/3147/3558 2675/3148/3559
f 2668/3139/3550 2669/3141/3552 2677/3149/3560 2676/3147/3558
f 2669/3141/3552 2670/3142/3553 2678/3150/3561 2677/3149/3560
f 2670/3142/3553 2671/3143/3554 2679/3151/3562 2678/3150/3561
f 2671/3143/3554 2672/3144/3555 2680/3152/3563 2679/3151/3562
f 2672/3144/3555 2673/3145/3556 2681/3153/3564 2680/3152/3563
f 2673/3145/3556 2674/3146/3557 2682/3154/3565 2681/3153/3564
f 2674/3146/3557 2667/3237/3551 2675/3236/3559 2682/3154/3565
f 2675/3148/3559 2676/3147/3558 2684/3155/3566 2683/3156/3567
f 2676/3147/3558 2677/3149/3560 2685/3157/3568 2684/3155/3566
f 2677/3149/3560 2678/3150/3561 2686/3158/3569 2685/3157/3568
f 2678/3150/3561 2679/3151/3562 2687/3159/3570 2686/3158/3569
f 2679/3151/3562 2680/3152/3563 2688/3160/3571 2687/3159/3570
f 2680/3152/3563 2681/3153/3564 2689/3161/3572 2688/3160/3571
f 2681/3153/3564 2682/3154/3565 2690/3162/3573 2689/3161/3572
f 2682/3154/3565 2675/3236/3559 2683/3235/3567 2690/3162/3573
f 2683/3156/3567 2684/3155/3566 2692/3163/3574 2691/3164/3575
f 2684/3155/3566 2685/3157/3568 2693/3165/3576 2692/3163/3574
f 2685/3157/3568 2686/3158/3569 2694/3166/3577 2693/3165/3576
f 2686/3158/3569 2687/3159/3570 2695/3167/3578 2694/3166/3577
f 2687/3159/3570 2688/3160/3571 2696/3168/3579 2695/3167/3578
f 2688/3160/3571 2689/3161/3572 2697/3169/3580 2696/3168/3579
f 2689/3161/3572 2690/3162/3573 2698/3170/3581 2697/3169/3580
f 2690/3162/3573 2683/3235/3567 2691/3234/3575 2698/3170/3581
f 2691/3164/3575 2692/3163/3574 2700/3171/3582 2699/3172/3583
f 2692/3163/3574 2693/3165/3576 2701/3173/3584 2700/3171/3582
f 2693/3165/3576 2694/3166/3577 2702/3174/3585 2701/3173/3584
f 2694/3166/3577 2695/3167/3578 2703/3175/3586 2702/3174/3585
f 2695/3167/3578 2696/3168/3579 2704/3176/3587 2703/3175/3586
f 2696/3168/3579 2697/3169/3580 2705/3177/3588 2704/3176/3587
f 2697/3169/3580 2698/3170/3581 2706/3178/3589 2705/3177/3588
f 2698/3170/3581 2691/3234/3575 2699/3233/3583 2706/3178/3589
f 2699/3172/3583 2700/3171/3582 2708/3179/3590 2707/3180/3591
f 2700/3171/3582 2701/3173/3584 2709/3181/3592 2708/3179/3590
f 2701/3173/3584 2702/3174/3585 2710/3182/3593 2709/3181/3592
f 2702/3174/3585 2703/3175/3586 2711/3183/3594 2710/3182/3593
f 2703/3175/3586 2704/3176/3587 2712/3184/3595 2711/3183/3594
f 2704/3176/3587 2705/3177/3588 2713/3185/3596 2712/3184/3595
f 2705/3177/3588 2706/3178/3589 2714/3186/3597 2713/3185/3596
f 2706/3178/3589 2699/3233/3583 2707/3232/3591 2714/3186/3597
f 2707/3180/3591 2708/3179/3590 2716/3187/3598 2715/3188/3599
f 2708/3179/3590 2709/3181/3592 2717/3189/3600 2716/3187/3598
f 2709/3181/3592 2710/3182/3593 2718/3190/3601 2717/3189/3600
f 2710/3182/3593 2711/3183/3594 2719/3191/3602 2718/3190/3601
f 2711/3183/3594 2712/3184/3595 2720/3192/3603 2719/3191/3602
f 2712/3184/3595 2713/3185/3596 2721/3193/3604 2720/3192/3603
f 2713/3185/3596 2714/3186/3597 2722/3194/3605 2721/3193/3604
f 2714/3186/3597 2707/3232/3591 2715/3231/3599 2722/3194/3605
f 2715/3188/3599 2716/3187/3598 2724/3195/3606 2723/3196/3607
f 2716/3187/3598 2717/3189/3600 2725/3197/3608 2724/3195/3606
f 2717/3189/3600 2718/3190/3601 2726/3198/3609 2725/3197/3608
f 2718/3190/3601 2719/3191/3602 2727/3199/3610 2726/3198/3609
f 2719/3191/3602 2720/3192/3603 2728/3200/3611 2727/3199/3610
f 2720/3192/3603 2721/3193/3604 2729/3201/3612 2728/3200/3611
f 2721/3193/3604 2722/3194/3605 2730/3202/3613 2729/3201/3612
f 2722/3194/3605 2715/3231/3599 2723/3230/3607 2730/3202/3613
f 2723/3196/3607 2724/3195/3606 2732/3203/3614 2731/3204/3615
f 2724/3195/3606 2725/3197/3608 2733/3205/3616 2732/3203/3614
f 2725/3197/3608 2726/3198/3609 2734/3206/3617 2733/3205/3616
f 2726/3198/3609 2727/3199/3610 2735/3207/3618 2734/3206/3617
f 2727/3199/3610 2728/3200/3611 2736/3208/3619 2735/3207/3618
f 2728/3200/3611 2729/3201/3612 2737/3209/3620 2736/3208/3619
f 2729/3201/3612 2730/3202/3613 2738/3210/3621 2737/3209/3620
f 2730/3202/3613 2723/3230/3607 2731/3229/3615 2738/3210/3621
f 2731/3204/3615 2732/3203/3614 2740/3211/3622 2739/3212/3623
f 2732/3203/3614 2733/3205/3616 2741/3213/3624 2740/3211/3622
f 2733/3205/3616 2734/3206/3617 2742/3214/3625 2741/3213/3624
f 2734/3206/3617 2735/3207/3618 2743/3215/3626 2742/3214/3625
f 2735/3207/3618 2736/3208/3619 2744/3216/3627 2743/3215/3626
f 2736/3208/3619 2737/3209/3620 2745/3217/3628 2744/3216/3627
f 2737/3209/3620 2738/3210/3621 2746/3218/3629 2745/3217/3628
f 2738/3210/3621 2731/3229/3615 2739/3228/3623 2746/3218/3629
f 2739/3212/3623 2740/3211/3622 2748/3219/3630 2747/3220/3631
f 2740/3211/3622 2741/3213/3624 2749/3221/3632 2748/3219/3630
f 2741/3213/3624 2742/3214/3625 2750/3222/3633 2749/3221/3632
f 2742/3214/3625 2743/3215/3626 2751/3223/3634 2750/3222/3633
f 2743/3215/3626 2744/3216/3627 2752/3224/3635 2751/3223/3634
f 2744/3216/3627 2745/3217/3628 2753/3225/3636 2752/3224/3635
f 2745/3217/3628 2746/3218/3629 2754/3226/3637 2753/3225/3636
f 2746/3218/3629 2739/3228/3623 2747/3227/3631 2754/3226/3637
g default
v 79.291542 8.644165 -36.732910
v 79.291542 8.644165 81.826660
v -77.376465 8.644165 -36.732910
v -77.376465 8.644165 81.826660
vt 0.286968 0.378204
vt 0.286995 0.002686
vt 0.571175 0.002708
vt 0.571144 0.378227
vn 0.000000 1.000000 0.000000
vn 0.000000 1.000000 0.000000
vn 0.000000 1.000000 0.000000
vn 0.000000 1.000000 0.000000
s off
g Paredes PlaneFBXASC032FBXASC04022FBXASC041
usemtl lambert5SG
f 2758/3266/3638 2756/3267/3639 2755/3268/3640 2757/3269/3641
g default
v 47.516415 148.255020 -36.673992
v 47.516415 148.255020 81.691284
v 47.516415 148.655197 -36.673992
v 47.516415 148.655197 81.691284
v 48.499115 148.655197 -36.673992
v 48.499115 148.655197 81.691284
v 48.499115 148.255020 -36.673992
v 48.499115 148.255020 81.691284
vt 0.897268 0.004944
vt 0.897194 0.739094
vt 0.894712 0.739094
vt 0.894786 0.004944
vt 0.905845 0.004948
vt 0.905771 0.739094
vt 0.903289 0.739094
vt 0.903363 0.004948
vn -1.000000 0.000000 0.000000
vn -1.000000 0.000000 0.000000
vn -1.000000 0.000000 0.000000
vn -1.000000 0.000000 0.000000
vn 1.000000 0.000000 0.000000
vn 1.000000 0.000000 0.000000
vn 1.000000 0.000000 0.000000
vn 1.000000 0.000000 0.000000
vn 0.000000 -1.000000 0.000000
vn 0.000000 -1.000000 0.000000
vn 0.000000 -1.000000 0.000000
vn 0.000000 -1.000000 0.000000
s off
g group1 Placas_techo pCube35
usemtl lambert2SG
f 2759/3270/3642 2760/3271/3643 2762/3272/3644 2761/3273/3645
f 2763/3274/3646 2764/3275/3647 2766/3276/3648 2765/3277/3649
f 2765/3277/3650 2766/3276/3651 2760/3271/3652 2759/3270/3653
